~o
<STREAMINFO> 1 6
<VECSIZE> 6<NULLD><USER><DIAGC>
~h "SegundoPRIMARIA"
<BEGINHMM>
<NUMSTATES> 14
<STATE> 2
<NUMMIXES> 12
<MIXTURE> 1 6.693816e-02
<MEAN> 6
 3.578804e+01 1.160561e+02 8.335412e+00 2.738781e+02 -2.005357e+02 -4.571688e+03
<VARIANCE> 6
 7.330249e+02 9.321780e+04 1.319263e+05 7.753739e+03 2.872938e+05 1.251362e+08
<GCONST> 8.102624e+01
<MIXTURE> 2 5.079026e-02
<MEAN> 6
 4.086762e+01 1.374639e+01 1.446820e+02 -2.801525e+01 -2.585371e+02 1.089082e+03
<VARIANCE> 6
 4.224157e+03 5.052727e+05 9.939681e+05 7.012157e+04 6.308444e+06 3.104782e+09
<GCONST> 9.498975e+01
<MIXTURE> 3 6.377198e-02
<MEAN> 6
 8.895370e+01 -2.947496e+01 9.000198e+01 -3.213472e+00 -4.725720e+01 -4.049060e+02
<VARIANCE> 6
 1.942613e+02 2.151206e+05 9.790527e+04 3.003832e+02 4.056576e+04 5.205853e+07
<GCONST> 7.415079e+01
<MIXTURE> 4 6.251254e-02
<MEAN> 6
 -4.007712e+01 1.300142e+02 2.515987e+01 5.706064e+01 1.243984e+03 -1.996690e+03
<VARIANCE> 6
 2.812793e+02 9.241761e+04 6.651412e+04 3.576011e+04 4.162740e+05 1.990329e+08
<GCONST> 8.173852e+01
<MIXTURE> 5 1.071011e-01
<MEAN> 6
 9.230804e+01 -1.253531e+01 4.741081e+01 2.524302e+01 -9.083108e+02 -2.179526e+03
<VARIANCE> 6
 2.954278e+02 1.727275e+05 8.068509e+04 2.123615e+04 1.037833e+06 4.706783e+08
<GCONST> 8.385925e+01
<MIXTURE> 6 1.002847e-01
<MEAN> 6
 7.705722e+00 2.478563e+01 7.900053e+01 -3.072680e+02 1.188231e+02 1.188704e+04
<VARIANCE> 6
 8.214876e+02 6.174591e+04 1.020000e+05 1.057377e+04 1.438272e+06 4.278951e+08
<GCONST> 8.362137e+01
<MIXTURE> 7 8.996876e-02
<MEAN> 6
 6.638576e+01 -1.120660e+02 -2.432203e+02 1.095437e+00 -3.102594e+00 -1.039344e+02
<VARIANCE> 6
 6.214877e+01 1.918179e+05 1.072237e+05 3.003832e+02 4.056576e+04 5.205853e+07
<GCONST> 7.298738e+01
<MIXTURE> 8 1.154028e-01
<MEAN> 6
 -5.263329e+01 8.445448e+01 2.990103e+00 2.033757e+01 3.781349e+02 6.018267e+02
<VARIANCE> 6
 2.411023e+02 7.870588e+04 1.168689e+05 3.418441e+03 1.293511e+05 5.205853e+07
<GCONST> 7.712987e+01
<MIXTURE> 9 1.273264e-01
<MEAN> 6
 7.539053e+01 -4.866257e+00 9.441631e+01 -8.168805e+01 -7.177777e+02 -4.580240e+02
<VARIANCE> 6
 4.307507e+02 6.825784e+04 1.414375e+05 2.260712e+04 2.392716e+05 5.429374e+07
<GCONST> 8.030475e+01
<MIXTURE> 10 7.568672e-02
<MEAN> 6
 8.379025e+01 -8.671247e+01 -1.321436e+02 -2.018215e+00 -2.209252e+01 -3.525020e+02
<VARIANCE> 6
 1.654515e+02 7.586736e+04 1.191735e+05 3.003832e+02 4.056576e+04 5.205853e+07
<GCONST> 7.314464e+01
<MIXTURE> 11 7.701500e-02
<MEAN> 6
 1.328671e+01 6.591938e+01 1.782364e+01 2.233270e+02 1.622156e+02 -2.528529e+03
<VARIANCE> 6
 8.453541e+02 9.788018e+04 2.902804e+04 5.223583e+03 2.052600e+05 5.205853e+07
<GCONST> 7.809538e+01
<MIXTURE> 12 6.267604e-02
<MEAN> 6
 -4.818755e+01 1.756982e+01 -5.323381e+01 -5.893696e+00 1.192700e+03 -5.685251e+03
<VARIANCE> 6
 3.485838e+02 9.563612e+04 8.407486e+04 2.725584e+04 4.842867e+05 2.766278e+08
<GCONST> 8.243055e+01
<STATE> 3
<NUMMIXES> 12
<MIXTURE> 1 1.158001e-01
<MEAN> 6
 9.947156e+01 1.516806e+02 6.212958e+00 -4.274317e+00 -4.414153e+00 4.628776e+02
<VARIANCE> 6
 3.171015e+01 1.281363e+04 1.155935e+04 3.003832e+02 4.056576e+04 5.205853e+07
<GCONST> 6.738103e+01
<MIXTURE> 2 1.052091e-01
<MEAN> 6
 9.793604e+01 5.126276e+02 -2.162028e+02 7.213761e-01 -6.453920e+01 5.292027e+02
<VARIANCE> 6
 3.171015e+01 2.261254e+04 1.155935e+04 6.548892e+02 4.056576e+04 5.205853e+07
<GCONST> 6.872844e+01
<MIXTURE> 3 1.134340e-01
<MEAN> 6
 9.268417e+01 2.744766e+02 -4.275230e+02 1.011314e+00 1.799051e+01 -1.222124e+02
<VARIANCE> 6
 3.171015e+01 1.281363e+04 1.723580e+04 3.003832e+02 4.056576e+04 5.205853e+07
<GCONST> 6.778053e+01
<MIXTURE> 4 9.425423e-02
<MEAN> 6
 1.061667e+02 -2.938887e+00 -2.861239e+02 -1.064904e+00 -2.475271e+01 -2.546494e+02
<VARIANCE> 6
 3.171015e+01 1.281363e+04 1.155935e+04 3.003832e+02 4.056576e+04 5.205853e+07
<GCONST> 6.738103e+01
<MIXTURE> 5 4.005520e-02
<MEAN> 6
 9.455775e+01 2.448107e+02 -3.844472e+02 -2.201708e-01 1.943927e+00 -3.066315e+01
<VARIANCE> 6
 3.171015e+01 1.281363e+04 4.691929e+04 3.003832e+02 4.056576e+04 5.205853e+07
<GCONST> 6.878197e+01
<MIXTURE> 6 7.975065e-02
<MEAN> 6
 9.768143e+01 1.079897e+01 -4.661362e+02 -1.115667e+00 -5.763475e+00 -1.066826e+02
<VARIANCE> 6
 3.171015e+01 1.281363e+04 1.155935e+04 3.003832e+02 4.056576e+04 5.205853e+07
<GCONST> 6.738103e+01
<MIXTURE> 7 9.651505e-02
<MEAN> 6
 9.406660e+01 -5.043139e+01 -4.243612e+02 -2.210636e+00 -3.841126e+00 -1.656743e+02
<VARIANCE> 6
 3.171015e+01 1.281363e+04 1.155935e+04 3.003832e+02 4.056576e+04 5.205853e+07
<GCONST> 6.738103e+01
<MIXTURE> 8 5.667378e-02
<MEAN> 6
 9.503468e+01 2.633956e+02 -5.646834e+02 -1.645678e+00 2.290928e+00 1.965248e+01
<VARIANCE> 6
 3.171015e+01 1.281363e+04 1.648873e+04 3.003832e+02 4.056576e+04 5.205853e+07
<GCONST> 6.773621e+01
<MIXTURE> 9 7.663806e-02
<MEAN> 6
 9.354606e+01 1.503906e+02 -1.755606e+02 -2.463573e+00 3.341100e+01 -7.775800e+01
<VARIANCE> 6
 3.171015e+01 1.281363e+04 1.155935e+04 3.003832e+02 4.056576e+04 5.205853e+07
<GCONST> 6.738103e+01
<MIXTURE> 10 8.707155e-02
<MEAN> 6
 1.007172e+02 1.807296e+02 -2.095659e+02 6.281328e-01 7.638107e+01 3.649653e+03
<VARIANCE> 6
 1.264865e+02 5.512339e+05 6.255364e+04 1.642396e+03 7.598461e+05 6.222616e+08
<GCONST> 8.132475e+01
<MIXTURE> 11 7.641039e-02
<MEAN> 6
 9.372736e+01 9.172137e+01 -1.701977e+02 -4.401662e+00 1.117852e+01 7.929806e+01
<VARIANCE> 6
 3.171015e+01 1.469003e+04 1.155935e+04 3.003832e+02 4.056576e+04 5.205853e+07
<GCONST> 6.751769e+01
<MIXTURE> 12 5.817101e-02
<MEAN> 6
 9.481948e+01 2.585422e+02 -6.139635e+02 -2.496740e+00 4.077541e+00 2.348754e+01
<VARIANCE> 6
 3.171015e+01 1.281363e+04 1.362395e+04 3.003832e+02 4.056576e+04 5.205853e+07
<GCONST> 6.754536e+01
<STATE> 4
<NUMMIXES> 12
<MIXTURE> 1 5.878152e-02
<MEAN> 6
 9.820430e+01 7.927437e+02 2.712630e+02 -4.623117e+00 -3.511645e+00 7.528894e+01
<VARIANCE> 6
 3.171015e+01 1.281363e+04 1.155935e+04 3.003832e+02 4.056576e+04 5.205853e+07
<GCONST> 6.738103e+01
<MIXTURE> 2 9.004176e-02
<MEAN> 6
 1.069567e+02 -2.764043e+02 2.086380e+02 -1.068390e+01 -4.540619e+01 7.025411e+02
<VARIANCE> 6
 5.248148e+01 3.162801e+04 4.473219e+04 3.003832e+02 4.056576e+04 5.205853e+07
<GCONST> 7.014159e+01
<MIXTURE> 3 6.942818e-02
<MEAN> 6
 9.400995e+01 1.298603e+02 1.900402e+02 -3.056436e+00 -3.955169e-01 1.512473e+01
<VARIANCE> 6
 3.171015e+01 1.281363e+04 1.155935e+04 3.003832e+02 4.056576e+04 5.205853e+07
<GCONST> 6.738103e+01
<MIXTURE> 4 1.007662e-01
<MEAN> 6
 8.973834e+01 4.410716e+02 2.201437e+02 -1.858595e+00 -9.832723e+00 1.297866e+02
<VARIANCE> 6
 3.171015e+01 5.272180e+04 1.155935e+04 3.003832e+02 4.056576e+04 5.205853e+07
<GCONST> 6.879556e+01
<MIXTURE> 5 1.131855e-01
<MEAN> 6
 9.710954e+01 -4.450518e+02 1.184373e+02 -2.191879e+00 -1.201461e+01 5.661219e+01
<VARIANCE> 6
 5.944632e+01 1.680557e+04 1.155935e+04 3.003832e+02 4.056576e+04 5.205853e+07
<GCONST> 6.828067e+01
<MIXTURE> 6 8.779583e-02
<MEAN> 6
 9.503568e+01 -1.201028e+02 8.835451e+01 -2.496494e+00 8.454466e-01 -1.840729e+01
<VARIANCE> 6
 3.171015e+01 2.092529e+04 1.155935e+04 3.003832e+02 4.056576e+04 5.205853e+07
<GCONST> 6.787148e+01
<MIXTURE> 7 6.611235e-02
<MEAN> 6
 9.630411e+01 -6.676260e+02 1.370252e+01 1.935390e+00 -1.566115e+01 5.178410e+01
<VARIANCE> 6
 3.171015e+01 1.069878e+05 1.155935e+04 3.003832e+02 4.056576e+04 5.205853e+07
<GCONST> 6.950323e+01
<MIXTURE> 8 8.377357e-02
<MEAN> 6
 9.803127e+01 -6.382072e+01 7.960472e+01 -3.026570e+00 -2.491193e+00 -2.566048e+00
<VARIANCE> 6
 3.313765e+01 1.281363e+04 1.155935e+04 3.003832e+02 4.056576e+04 5.205853e+07
<GCONST> 6.742506e+01
<MIXTURE> 9 7.914503e-02
<MEAN> 6
 9.207230e+01 -2.767646e+02 8.033281e+01 -3.430922e+00 6.969159e+00 4.182158e+01
<VARIANCE> 6
 3.171015e+01 2.112394e+04 1.155935e+04 3.003832e+02 4.056576e+04 5.205853e+07
<GCONST> 6.788093e+01
<MIXTURE> 10 9.965388e-02
<MEAN> 6
 9.190589e+01 8.092843e+02 1.833609e+02 -2.479260e+00 1.861001e+00 5.154380e+01
<VARIANCE> 6
 3.171015e+01 1.281363e+04 1.155935e+04 3.003832e+02 4.056576e+04 5.205853e+07
<GCONST> 6.738103e+01
<MIXTURE> 11 8.393156e-02
<MEAN> 6
 9.640891e+01 -8.463340e+01 6.818557e+01 -2.426548e+00 -1.571258e+00 -1.651124e+01
<VARIANCE> 6
 3.171015e+01 1.281363e+04 1.155935e+04 3.003832e+02 4.056576e+04 5.205853e+07
<GCONST> 6.738103e+01
<MIXTURE> 12 6.737014e-02
<MEAN> 6
 9.411145e+01 9.858016e+01 1.494799e+02 -2.837698e+00 3.798475e-01 -8.466492e+00
<VARIANCE> 6
 3.171015e+01 1.281363e+04 1.155935e+04 3.003832e+02 4.056576e+04 5.205853e+07
<GCONST> 6.738103e+01
<STATE> 5
<NUMMIXES> 12
<MIXTURE> 1 9.504119e-02
<MEAN> 6
 9.278692e+01 1.011426e+03 1.184921e+03 -3.962528e+00 -1.255450e+00 8.821225e+01
<VARIANCE> 6
 3.171015e+01 2.477466e+04 1.155935e+04 3.003832e+02 4.056576e+04 5.205853e+07
<GCONST> 6.804034e+01
<MIXTURE> 2 6.582753e-02
<MEAN> 6
 1.007685e+02 -3.433675e+02 1.044276e+03 1.163776e+00 5.315840e+00 -3.183452e+02
<VARIANCE> 6
 3.171015e+01 1.281363e+04 1.156167e+04 3.003832e+02 4.056576e+04 5.205853e+07
<GCONST> 6.738123e+01
<MIXTURE> 3 9.245356e-02
<MEAN> 6
 9.054148e+01 -1.351537e+03 7.962606e+02 -1.833257e-01 6.977916e-01 -2.424884e+02
<VARIANCE> 6
 3.171015e+01 1.281363e+04 1.155935e+04 3.003832e+02 4.056576e+04 5.205853e+07
<GCONST> 6.738103e+01
<MIXTURE> 4 1.391421e-01
<MEAN> 6
 9.697964e+01 -3.536932e+02 7.050224e+02 -9.578263e+00 3.722198e+00 2.105081e+02
<VARIANCE> 6
 5.395845e+01 1.281363e+04 1.155935e+04 3.003832e+02 4.056576e+04 5.205853e+07
<GCONST> 6.791261e+01
<MIXTURE> 5 6.674489e-02
<MEAN> 6
 9.286163e+01 -9.522717e+01 4.501837e+02 5.676564e-01 7.602662e+00 1.319751e+02
<VARIANCE> 6
 3.171015e+01 3.202455e+04 1.155935e+04 3.003832e+02 4.056576e+04 5.205853e+07
<GCONST> 6.829703e+01
<MIXTURE> 6 1.180626e-01
<MEAN> 6
 9.749555e+01 -6.264050e+02 5.868231e+02 -6.076947e-01 1.975599e+00 -2.080098e+02
<VARIANCE> 6
 3.171015e+01 1.281363e+04 1.155935e+04 3.003832e+02 4.056576e+04 5.205853e+07
<GCONST> 6.738103e+01
<MIXTURE> 7 8.171268e-02
<MEAN> 6
 8.579722e+01 -3.525621e+02 3.128229e+02 -7.435517e+00 1.950089e+01 1.418955e+02
<VARIANCE> 6
 3.171015e+01 1.281363e+04 1.155935e+04 3.003832e+02 4.056576e+04 5.205853e+07
<GCONST> 6.738103e+01
<MIXTURE> 8 1.090238e-01
<MEAN> 6
 9.021006e+01 -1.448479e+03 8.534656e+02 -1.347751e-01 2.326378e+00 6.098225e+01
<VARIANCE> 6
 3.171015e+01 1.281363e+04 1.155935e+04 3.003832e+02 4.056576e+04 5.205853e+07
<GCONST> 6.738103e+01
<MIXTURE> 9 9.986114e-02
<MEAN> 6
 9.738382e+01 -5.949860e+02 5.073236e+02 -8.678547e-01 -7.868218e-01 -1.419036e+02
<VARIANCE> 6
 3.171015e+01 1.281363e+04 1.488595e+04 3.003832e+02 4.056576e+04 5.205853e+07
<GCONST> 6.763396e+01
<MIXTURE> 10 5.047185e-03
<MEAN> 6
 9.180352e+01 -3.853398e+02 -3.941308e+02 -8.313590e+00 2.696794e+02 -3.533020e+03
<VARIANCE> 6
 4.285499e+02 1.314078e+06 1.001047e+06 7.693024e+02 3.209030e+05 8.849806e+07
<GCONST> 8.261575e+01
<MIXTURE> 11 6.115065e-02
<MEAN> 6
 8.367416e+01 -5.656540e+02 3.688601e+02 -1.133437e+01 -2.862720e-01 3.705772e+02
<VARIANCE> 6
 3.171015e+01 2.608981e+04 1.155935e+04 3.003832e+02 4.056576e+04 5.205853e+07
<GCONST> 6.809207e+01
<MIXTURE> 12 6.591386e-02
<MEAN> 6
 9.200136e+01 -1.550635e+02 4.385220e+02 1.506389e+00 -5.287808e+01 -4.934551e+02
<VARIANCE> 6
 3.171015e+01 2.985153e+04 1.155935e+04 3.003832e+02 4.360616e+04 5.205853e+07
<GCONST> 6.829903e+01
<STATE> 6
<NUMMIXES> 12
<MIXTURE> 1 6.585053e-02
<MEAN> 6
 7.570889e+01 2.043907e+02 -1.351673e+03 3.819723e+00 3.297747e+01 -3.819594e+01
<VARIANCE> 6
 3.171015e+01 1.281363e+04 1.155935e+04 3.003832e+02 4.056576e+04 5.205853e+07
<GCONST> 6.738103e+01
<MIXTURE> 2 1.256098e-01
<MEAN> 6
 7.741855e+01 4.222497e+02 -2.069256e+03 1.768577e+00 -8.818552e+00 -1.938476e+02
<VARIANCE> 6
 3.171015e+01 1.281363e+04 1.155935e+04 3.003832e+02 4.056576e+04 5.205853e+07
<GCONST> 6.738103e+01
<MIXTURE> 3 2.350197e-02
<MEAN> 6
 7.658955e+01 1.194244e+01 -1.861553e+03 4.779736e+01 -3.297084e+02 -6.540524e+02
<VARIANCE> 6
 1.365034e+02 3.830202e+05 1.364447e+06 2.457979e+03 9.485751e+04 5.205853e+07
<GCONST> 7.996082e+01
<MIXTURE> 4 1.127523e-01
<MEAN> 6
 8.173154e+01 1.838605e+02 -2.380184e+03 5.977549e-01 -4.008861e+00 5.048624e+01
<VARIANCE> 6
 3.171015e+01 1.281363e+04 1.155935e+04 3.003832e+02 4.056576e+04 5.205853e+07
<GCONST> 6.738103e+01
<MIXTURE> 5 9.944746e-02
<MEAN> 6
 7.464211e+01 3.734146e+01 -1.777532e+03 -3.403774e-01 1.699046e+01 -1.147305e+02
<VARIANCE> 6
 3.171015e+01 1.281363e+04 1.976247e+04 3.003832e+02 4.056576e+04 5.205853e+07
<GCONST> 6.791733e+01
<MIXTURE> 6 7.616931e-02
<MEAN> 6
 8.078767e+01 5.549649e+01 -2.163468e+03 -1.715456e+00 -1.948940e+01 -2.026732e+02
<VARIANCE> 6
 3.171015e+01 1.281363e+04 1.155935e+04 3.003832e+02 4.056576e+04 5.205853e+07
<GCONST> 6.738103e+01
<MIXTURE> 7 9.314889e-02
<MEAN> 6
 7.551981e+01 1.769483e+02 -1.386831e+03 2.074805e+00 1.260666e+01 -8.391969e+01
<VARIANCE> 6
 3.171015e+01 1.281363e+04 1.155935e+04 3.003832e+02 4.056576e+04 5.205853e+07
<GCONST> 6.738103e+01
<MIXTURE> 8 7.437100e-02
<MEAN> 6
 7.516547e+01 4.442364e+02 -2.123136e+03 2.326119e+00 -1.910021e+00 -1.547485e+01
<VARIANCE> 6
 3.171015e+01 1.281363e+04 1.155935e+04 3.003832e+02 4.056576e+04 5.205853e+07
<GCONST> 6.738103e+01
<MIXTURE> 9 1.123545e-01
<MEAN> 6
 8.171378e+01 1.782813e+02 -2.378478e+03 5.945623e-01 -4.321270e+00 5.558797e+01
<VARIANCE> 6
 3.171015e+01 1.281363e+04 1.155935e+04 3.003832e+02 4.056576e+04 5.205853e+07
<GCONST> 6.738103e+01
<MIXTURE> 10 7.523603e-02
<MEAN> 6
 8.086678e+01 5.698054e+01 -2.169052e+03 -1.582446e+00 -1.819060e+01 -1.884841e+02
<VARIANCE> 6
 3.171015e+01 1.281363e+04 1.155935e+04 3.003832e+02 4.056576e+04 5.205853e+07
<GCONST> 6.738103e+01
<MIXTURE> 11 7.501528e-02
<MEAN> 6
 7.504043e+01 4.459175e+02 -2.128807e+03 2.380922e+00 -1.396421e+00 -8.412895e+00
<VARIANCE> 6
 3.171015e+01 1.281363e+04 1.155935e+04 3.003832e+02 4.056576e+04 5.205853e+07
<GCONST> 6.738103e+01
<MIXTURE> 12 6.653509e-02
<MEAN> 6
 7.546360e+01 1.662508e+02 -1.398707e+03 1.862069e+00 6.066378e+00 -1.378428e+02
<VARIANCE> 6
 3.171015e+01 1.281363e+04 1.155935e+04 3.003832e+02 4.056576e+04 5.205853e+07
<GCONST> 6.738103e+01
<STATE> 7
<NUMMIXES> 12
<MIXTURE> 1 7.202287e-02
<MEAN> 6
 1.259026e+02 1.885830e+02 2.376314e+02 -4.895092e+00 -1.574278e+01 3.239355e+02
<VARIANCE> 6
 3.171015e+01 1.627589e+04 1.155935e+04 3.003832e+02 4.056576e+04 5.205853e+07
<GCONST> 6.762021e+01
<MIXTURE> 2 7.095291e-02
<MEAN> 6
 9.740417e+01 -4.079424e+02 -5.249313e+02 8.914101e-01 -3.650587e+00 -6.200956e+01
<VARIANCE> 6
 3.171015e+01 1.281363e+04 1.155935e+04 3.003832e+02 4.056576e+04 5.205853e+07
<GCONST> 6.738103e+01
<MIXTURE> 3 6.560332e-02
<MEAN> 6
 1.124662e+02 -6.499105e+02 1.279119e+01 -3.748325e+00 -1.866057e+00 1.581995e+01
<VARIANCE> 6
 3.171015e+01 1.281363e+04 4.888941e+04 3.003832e+02 4.056576e+04 5.205853e+07
<GCONST> 6.882310e+01
<MIXTURE> 4 8.999976e-02
<MEAN> 6
 9.560474e+01 -6.705651e+02 -1.622336e+02 -3.213196e+00 -3.218304e+00 1.029440e+02
<VARIANCE> 6
 3.171015e+01 1.281363e+04 1.155935e+04 3.003832e+02 4.056576e+04 5.205853e+07
<GCONST> 6.738103e+01
<MIXTURE> 5 9.772519e-02
<MEAN> 6
 1.127119e+02 1.275553e+02 -4.227531e+02 -5.324574e+00 -9.359582e+00 -3.393549e+02
<VARIANCE> 6
 3.171015e+01 2.556944e+05 1.155935e+04 3.003832e+02 4.056576e+04 5.205853e+07
<GCONST> 7.037450e+01
<MIXTURE> 6 8.728846e-02
<MEAN> 6
 1.085599e+02 -1.126770e+03 -5.644923e+02 -3.293836e+00 -2.390594e+01 -4.343130e+02
<VARIANCE> 6
 3.171015e+01 2.713142e+04 2.087030e+05 3.003832e+02 4.056576e+04 5.205853e+07
<GCONST> 7.102464e+01
<MIXTURE> 7 1.043928e-01
<MEAN> 6
 1.096278e+02 6.110245e+00 3.763635e+02 2.276533e-01 -1.256986e+00 -5.383555e+00
<VARIANCE> 6
 3.171015e+01 1.702026e+04 1.155935e+04 3.003832e+02 4.056576e+04 5.205853e+07
<GCONST> 6.766492e+01
<MIXTURE> 8 5.823954e-02
<MEAN> 6
 8.542710e+01 -5.220295e+02 -3.860421e+02 -4.299566e-01 1.865029e+01 -1.544894e+02
<VARIANCE> 6
 3.171015e+01 1.281363e+04 1.155935e+04 3.003832e+02 4.056576e+04 5.205853e+07
<GCONST> 6.738103e+01
<MIXTURE> 9 1.148974e-01
<MEAN> 6
 1.122201e+02 -2.331474e+01 2.632955e+02 -3.697141e+00 8.343534e+00 3.731476e+01
<VARIANCE> 6
 3.171015e+01 1.281363e+04 1.155935e+04 3.003832e+02 4.056576e+04 5.205853e+07
<GCONST> 6.738103e+01
<MIXTURE> 10 1.007431e-01
<MEAN> 6
 1.028830e+02 -9.076794e+02 2.915627e+00 -3.560954e+00 -5.897719e+00 -9.300061e+01
<VARIANCE> 6
 3.171015e+01 1.281363e+04 4.172465e+04 3.003832e+02 4.056576e+04 5.205853e+07
<GCONST> 6.866463e+01
<MIXTURE> 11 7.066365e-02
<MEAN> 6
 9.741083e+01 -4.110873e+02 -5.251422e+02 1.090912e+00 -4.120371e+00 -7.675822e+01
<VARIANCE> 6
 3.171015e+01 1.281363e+04 1.155935e+04 3.003832e+02 4.056576e+04 5.205853e+07
<GCONST> 6.738103e+01
<MIXTURE> 12 6.745613e-02
<MEAN> 6
 1.100592e+02 -6.997109e+02 -1.195816e+02 -4.165137e+00 -2.597511e+00 5.318315e+01
<VARIANCE> 6
 3.171015e+01 1.281363e+04 5.001966e+04 3.003832e+02 4.056576e+04 5.205853e+07
<GCONST> 6.884595e+01
<STATE> 8
<NUMMIXES> 12
<MIXTURE> 1 1.165890e-01
<MEAN> 6
 7.039847e+01 1.545946e+02 -2.444129e+02 -7.613838e-01 -2.031742e+01 -9.178913e+01
<VARIANCE> 6
 3.171015e+01 1.281363e+04 1.155935e+04 3.003832e+02 4.056576e+04 5.205853e+07
<GCONST> 6.738103e+01
<MIXTURE> 2 8.515029e-02
<MEAN> 6
 7.641949e+01 -2.272498e+02 -5.029477e+02 -6.190406e-02 -8.064343e+00 -3.999312e+01
<VARIANCE> 6
 3.171015e+01 1.281363e+04 1.155935e+04 3.003832e+02 4.056576e+04 5.205853e+07
<GCONST> 6.738103e+01
<MIXTURE> 3 7.807094e-03
<MEAN> 6
 7.704128e+01 -2.223386e+02 2.167105e+01 1.729540e+00 6.714277e+01 1.639971e+02
<VARIANCE> 6
 1.312954e+02 5.259963e+05 2.793539e+05 3.003832e+02 6.505904e+04 5.205853e+07
<GCONST> 7.617398e+01
<MIXTURE> 4 8.465119e-02
<MEAN> 6
 6.873212e+01 2.933962e+01 -8.327285e+02 -3.888953e-01 -6.634743e+00 -2.285462e+02
<VARIANCE> 6
 3.171015e+01 1.281363e+04 1.672301e+04 3.003832e+02 4.056576e+04 5.205853e+07
<GCONST> 6.775032e+01
<MIXTURE> 5 1.259180e-01
<MEAN> 6
 7.099433e+01 8.657529e+01 -4.892634e+02 9.068413e-01 4.762398e-01 -7.923331e+01
<VARIANCE> 6
 3.171015e+01 1.281363e+04 1.155935e+04 3.003832e+02 4.056576e+04 5.205853e+07
<GCONST> 6.738103e+01
<MIXTURE> 6 1.106692e-02
<MEAN> 6
 7.547590e+01 -1.393384e+02 -1.040789e+03 -1.985343e+00 -2.101242e+00 -1.071608e+02
<VARIANCE> 6
 3.171015e+01 2.721539e+04 1.155935e+04 3.003832e+02 4.056576e+04 5.205853e+07
<GCONST> 6.813431e+01
<MIXTURE> 7 1.042284e-01
<MEAN> 6
 7.202787e+01 -4.316221e+02 -7.631734e+02 -1.033964e+00 -7.182587e+00 -7.727962e+00
<VARIANCE> 6
 3.171015e+01 1.281363e+04 1.155935e+04 3.003832e+02 4.056576e+04 5.205853e+07
<GCONST> 6.738103e+01
<MIXTURE> 8 1.116307e-01
<MEAN> 6
 7.638912e+01 -2.825215e+02 -1.025656e+03 -7.229770e-01 7.505980e-01 -8.958339e+01
<VARIANCE> 6
 3.171015e+01 1.281363e+04 1.155935e+04 3.003832e+02 4.056576e+04 5.205853e+07
<GCONST> 6.738103e+01
<MIXTURE> 9 7.727566e-02
<MEAN> 6
 7.040141e+01 2.310920e+01 -9.988813e+02 -1.775253e+00 3.760479e-01 -5.803275e+01
<VARIANCE> 6
 3.171015e+01 1.281363e+04 1.333036e+04 3.003832e+02 4.056576e+04 5.205853e+07
<GCONST> 6.752358e+01
<MIXTURE> 10 1.040775e-01
<MEAN> 6
 7.201974e+01 -4.326054e+02 -7.644886e+02 -1.033083e+00 -7.236034e+00 -1.115042e+01
<VARIANCE> 6
 3.171015e+01 1.281363e+04 1.155935e+04 3.003832e+02 4.056576e+04 5.205853e+07
<GCONST> 6.738103e+01
<MIXTURE> 11 8.851823e-02
<MEAN> 6
 7.162477e+01 2.921659e+01 -1.051767e+03 -2.745974e+00 -5.870295e-01 -2.198089e+01
<VARIANCE> 6
 3.171015e+01 1.281363e+04 1.155935e+04 3.003832e+02 4.056576e+04 5.205853e+07
<GCONST> 6.738103e+01
<MIXTURE> 12 8.306714e-02
<MEAN> 6
 6.899948e+01 2.236450e+01 -8.771830e+02 -7.429895e-01 -5.982596e+00 -2.060132e+02
<VARIANCE> 6
 3.171015e+01 1.281363e+04 1.597279e+04 3.003832e+02 4.056576e+04 5.205853e+07
<GCONST> 6.770442e+01
<STATE> 9
<NUMMIXES> 12
<MIXTURE> 1 1.243754e-01
<MEAN> 6
 8.225494e+01 6.243189e+02 1.045015e+03 -5.531633e+00 3.490276e+00 6.860636e+00
<VARIANCE> 6
 3.171015e+01 1.281363e+04 1.155935e+04 3.003832e+02 4.056576e+04 5.205853e+07
<GCONST> 6.738103e+01
<MIXTURE> 2 5.426944e-03
<MEAN> 6
 8.614787e+01 -1.997177e+02 1.272374e+01 -4.100231e+00 -1.544131e+02 -3.517807e+03
<VARIANCE> 6
 2.703610e+02 1.314780e+06 7.050298e+05 3.691140e+02 8.832934e+04 5.496072e+07
<GCONST> 7.930426e+01
<MIXTURE> 3 9.785692e-02
<MEAN> 6
 5.871213e+01 1.671464e+02 9.833533e+02 7.472800e-02 -1.599622e+00 -1.082677e+02
<VARIANCE> 6
 3.171015e+01 1.281363e+04 1.155935e+04 3.003832e+02 4.056576e+04 5.205853e+07
<GCONST> 6.738103e+01
<MIXTURE> 4 7.432121e-02
<MEAN> 6
 6.196707e+01 2.007831e+02 7.401935e+02 1.642328e+00 1.808915e+01 1.176205e+00
<VARIANCE> 6
 3.171015e+01 1.281363e+04 1.155935e+04 3.003832e+02 4.056576e+04 5.205853e+07
<GCONST> 6.738103e+01
<MIXTURE> 5 1.175086e-01
<MEAN> 6
 7.488239e+01 4.133899e+02 8.394421e+02 -1.795529e+00 1.372033e-01 3.956451e+01
<VARIANCE> 6
 3.171015e+01 1.281363e+04 1.155935e+04 3.003832e+02 4.056576e+04 5.205853e+07
<GCONST> 6.738103e+01
<MIXTURE> 6 9.792247e-02
<MEAN> 6
 5.871001e+01 1.670757e+02 9.835289e+02 7.471396e-02 -1.603796e+00 -1.084781e+02
<VARIANCE> 6
 3.171015e+01 1.281363e+04 1.155935e+04 3.003832e+02 4.056576e+04 5.205853e+07
<GCONST> 6.738103e+01
<MIXTURE> 7 5.298942e-02
<MEAN> 6
 7.312095e+01 -3.271888e+01 6.201251e+02 2.604204e+00 1.578774e+01 -3.598427e+02
<VARIANCE> 6
 3.171015e+01 1.281363e+04 1.155935e+04 3.003832e+02 4.056576e+04 5.205853e+07
<GCONST> 6.738103e+01
<MIXTURE> 8 9.809595e-02
<MEAN> 6
 5.871233e+01 1.671528e+02 9.833369e+02 7.473032e-02 -1.599241e+00 -1.082485e+02
<VARIANCE> 6
 3.171015e+01 1.281363e+04 1.155935e+04 3.003832e+02 4.056576e+04 5.205853e+07
<GCONST> 6.738103e+01
<MIXTURE> 9 8.076298e-02
<MEAN> 6
 7.215043e+01 3.226898e+02 6.794496e+02 -1.588372e+00 -7.333503e+00 9.653068e+01
<VARIANCE> 6
 3.171015e+01 1.281363e+04 1.155935e+04 3.003832e+02 4.056576e+04 5.205853e+07
<GCONST> 6.738103e+01
<MIXTURE> 10 9.788059e-02
<MEAN> 6
 5.871536e+01 1.672539e+02 9.830851e+02 7.475123e-02 -1.593208e+00 -1.079473e+02
<VARIANCE> 6
 3.171015e+01 1.281363e+04 1.155935e+04 3.003832e+02 4.056576e+04 5.205853e+07
<GCONST> 6.738103e+01
<MIXTURE> 11 7.493918e-02
<MEAN> 6
 6.204627e+01 2.004464e+02 7.359197e+02 1.821734e+00 2.003385e+01 -1.341463e+01
<VARIANCE> 6
 3.171015e+01 1.281363e+04 1.155935e+04 3.003832e+02 4.056576e+04 5.205853e+07
<GCONST> 6.738103e+01
<MIXTURE> 12 7.789356e-02
<MEAN> 6
 7.129353e+01 2.986782e+02 6.313083e+02 -3.208646e+00 -2.564957e+01 -9.674242e+01
<VARIANCE> 6
 3.171015e+01 1.281363e+04 1.155935e+04 3.003832e+02 4.056576e+04 5.205853e+07
<GCONST> 6.738103e+01
<STATE> 10
<NUMMIXES> 12
<MIXTURE> 1 8.515013e-02
<MEAN> 6
 7.931753e+01 8.632336e+01 1.499543e+02 -2.499867e+00 -5.249429e+01 -4.952618e+01
<VARIANCE> 6
 3.171015e+01 1.281363e+04 1.155935e+04 3.003832e+02 4.056576e+04 5.205853e+07
<GCONST> 6.738103e+01
<MIXTURE> 2 1.467668e-01
<MEAN> 6
 7.213059e+01 -2.218288e+01 1.678985e+02 -2.541562e+00 -5.203803e+00 -7.828472e+01
<VARIANCE> 6
 3.171015e+01 1.281363e+04 1.155935e+04 3.003832e+02 4.056576e+04 5.205853e+07
<GCONST> 6.738103e+01
<MIXTURE> 3 7.123524e-03
<MEAN> 6
 7.697708e+01 9.251382e+01 5.766424e+01 1.441803e+01 3.320574e+02 -3.300756e+03
<VARIANCE> 6
 1.452216e+02 6.106040e+05 3.079576e+05 8.154312e+02 2.695480e+05 9.239269e+07
<GCONST> 7.951522e+01
<MIXTURE> 4 1.047216e-01
<MEAN> 6
 7.372222e+01 8.474898e+01 -4.765217e+01 -3.459435e+00 1.430521e+01 5.794968e+01
<VARIANCE> 6
 4.598971e+01 1.281363e+04 1.155935e+04 3.003832e+02 4.056576e+04 5.205853e+07
<GCONST> 6.775282e+01
<MIXTURE> 5 7.848968e-02
<MEAN> 6
 7.254597e+01 -1.805879e+01 1.680284e+02 -2.546064e+00 -5.685732e+00 -7.054335e+01
<VARIANCE> 6
 3.171015e+01 1.281363e+04 1.155935e+04 3.003832e+02 4.056576e+04 5.205853e+07
<GCONST> 6.738103e+01
<MIXTURE> 6 7.405376e-02
<MEAN> 6
 7.574171e+01 -2.031823e+00 1.577436e+02 -2.868957e+00 -1.312680e+01 -1.547967e+01
<VARIANCE> 6
 3.171015e+01 1.281363e+04 1.155935e+04 3.003832e+02 4.056576e+04 5.205853e+07
<GCONST> 6.738103e+01
<MIXTURE> 7 1.327710e-01
<MEAN> 6
 7.493724e+01 -1.920726e+02 1.002407e+02 -3.967743e+00 2.918366e+00 2.410220e+01
<VARIANCE> 6
 3.719751e+01 1.281363e+04 1.155935e+04 3.003832e+02 4.056576e+04 5.205853e+07
<GCONST> 6.754063e+01
<MIXTURE> 8 6.965625e-02
<MEAN> 6
 7.262061e+01 -9.912571e+00 1.746899e+02 -2.234339e+00 -1.652195e+00 -5.538780e+01
<VARIANCE> 6
 3.171015e+01 1.281363e+04 1.155935e+04 3.003832e+02 4.056576e+04 5.205853e+07
<GCONST> 6.738103e+01
<MIXTURE> 9 7.716201e-02
<MEAN> 6
 7.901308e+01 8.401532e+00 1.203024e+02 -3.272840e+00 -3.339032e+01 -2.414536e+01
<VARIANCE> 6
 3.171015e+01 1.281363e+04 1.155935e+04 3.003832e+02 4.056576e+04 5.205853e+07
<GCONST> 6.738103e+01
<MIXTURE> 10 7.582801e-02
<MEAN> 6
 7.306997e+01 -2.075904e+01 1.668077e+02 -2.497439e+00 -6.276276e+00 -7.117914e+01
<VARIANCE> 6
 3.171015e+01 1.281363e+04 1.155935e+04 3.003832e+02 4.056576e+04 5.205853e+07
<GCONST> 6.738103e+01
<MIXTURE> 11 7.877136e-02
<MEAN> 6
 7.112594e+01 -2.760117e+01 1.664734e+02 -2.676031e+00 -4.614998e+00 -8.641998e+01
<VARIANCE> 6
 3.171015e+01 1.281363e+04 1.155935e+04 3.003832e+02 4.056576e+04 5.205853e+07
<GCONST> 6.738103e+01
<MIXTURE> 12 6.949288e-02
<MEAN> 6
 7.055123e+01 -3.730389e+01 1.571032e+02 -3.337904e+00 -7.954552e+00 -9.007809e+01
<VARIANCE> 6
 3.171015e+01 1.281363e+04 1.155935e+04 3.003832e+02 4.056576e+04 5.205853e+07
<GCONST> 6.738103e+01
<STATE> 11
<NUMMIXES> 12
<MIXTURE> 1 9.980515e-02
<MEAN> 6
 7.141983e+01 1.313668e+03 -1.119798e+03 6.419253e-01 -5.406099e+00 -1.435753e+02
<VARIANCE> 6
 3.171015e+01 1.281363e+04 1.155935e+04 3.003832e+02 4.056576e+04 5.205853e+07
<GCONST> 6.738103e+01
<MIXTURE> 2 1.103201e-01
<MEAN> 6
 7.927647e+01 1.491120e+03 4.558265e+02 -1.579495e+00 -7.072473e+00 -2.259779e+02
<VARIANCE> 6
 3.171015e+01 1.450254e+04 1.155935e+04 3.003832e+02 4.056576e+04 5.205853e+07
<GCONST> 6.750484e+01
<MIXTURE> 3 8.876670e-02
<MEAN> 6
 6.529850e+01 9.500328e+02 -1.423836e+02 -3.031711e-02 3.446440e-01 -1.497244e+02
<VARIANCE> 6
 3.171015e+01 1.281363e+04 1.155935e+04 3.003832e+02 4.056576e+04 5.205853e+07
<GCONST> 6.738103e+01
<MIXTURE> 4 6.358274e-02
<MEAN> 6
 4.662231e+01 4.461735e+02 -8.756609e+01 5.210052e+00 4.073302e+01 -2.160744e+02
<VARIANCE> 6
 3.171015e+01 1.281363e+04 1.155935e+04 3.003832e+02 4.056576e+04 5.205853e+07
<GCONST> 6.738103e+01
<MIXTURE> 5 5.761121e-02
<MEAN> 6
 8.239041e+01 1.320130e+03 -2.120627e+02 9.231017e-01 -3.846725e+00 -3.488746e+02
<VARIANCE> 6
 3.171015e+01 2.607510e+05 9.062159e+04 3.003832e+02 4.056576e+04 5.205853e+07
<GCONST> 7.245329e+01
<MIXTURE> 6 6.566558e-02
<MEAN> 6
 6.526892e+01 8.813723e+02 -1.542003e+02 -3.409641e-01 -2.565037e+00 -1.501327e+02
<VARIANCE> 6
 3.171015e+01 1.493896e+04 1.155935e+04 3.003832e+02 4.056576e+04 5.205853e+07
<GCONST> 6.753449e+01
<MIXTURE> 7 8.383938e-02
<MEAN> 6
 8.334828e+01 1.040559e+03 3.194684e+02 -1.440189e+00 -4.993187e+00 -1.857382e+02
<VARIANCE> 6
 3.171015e+01 1.281363e+04 1.155935e+04 3.003832e+02 4.056576e+04 5.205853e+07
<GCONST> 6.738103e+01
<MIXTURE> 8 9.956174e-02
<MEAN> 6
 7.141983e+01 1.313668e+03 -1.119798e+03 6.419246e-01 -5.406096e+00 -1.435743e+02
<VARIANCE> 6
 3.171015e+01 1.281363e+04 1.155935e+04 3.003832e+02 4.056576e+04 5.205853e+07
<GCONST> 6.738103e+01
<MIXTURE> 9 8.428237e-02
<MEAN> 6
 8.351643e+01 1.052209e+03 3.023623e+02 -1.225838e+00 -6.386791e+00 -2.392486e+02
<VARIANCE> 6
 3.171015e+01 1.281363e+04 1.155935e+04 3.003832e+02 4.056576e+04 5.205853e+07
<GCONST> 6.738103e+01
<MIXTURE> 10 8.895869e-02
<MEAN> 6
 6.532075e+01 9.379622e+02 -1.465833e+02 -7.782059e-02 -2.455548e-01 -1.392789e+02
<VARIANCE> 6
 3.171015e+01 1.281363e+04 1.155935e+04 3.003832e+02 4.056576e+04 5.205853e+07
<GCONST> 6.738103e+01
<MIXTURE> 11 9.163537e-02
<MEAN> 6
 8.533793e+01 6.786422e+02 -6.323807e+02 3.577191e+00 1.276591e+01 -1.873096e+02
<VARIANCE> 6
 3.171015e+01 6.522188e+04 1.155935e+04 3.003832e+02 4.056576e+04 5.205853e+07
<GCONST> 6.900832e+01
<MIXTURE> 12 6.595682e-02
<MEAN> 6
 6.514865e+01 8.215781e+02 -1.608490e+02 -6.745214e-01 -1.017125e+01 -2.628643e+02
<VARIANCE> 6
 3.171015e+01 1.486919e+04 1.155935e+04 3.003832e+02 4.056576e+04 5.205853e+07
<GCONST> 6.752982e+01
<STATE> 12
<NUMMIXES> 12
<MIXTURE> 1 9.177577e-02
<MEAN> 6
 7.913936e+01 -8.239297e+02 4.048632e+03 -1.489256e+00 -5.334220e+00 -3.349773e+01
<VARIANCE> 6
 3.171015e+01 1.437385e+05 4.677272e+05 3.003832e+02 4.056576e+04 5.205853e+07
<GCONST> 7.349891e+01
<MIXTURE> 2 9.194035e-02
<MEAN> 6
 7.521764e+01 -8.923810e+03 1.475827e+03 -2.585136e+00 -5.560667e+00 -5.212442e+01
<VARIANCE> 6
 3.171015e+01 1.961685e+04 1.767052e+05 3.003832e+02 4.056576e+04 5.205853e+07
<GCONST> 7.053391e+01
<MIXTURE> 3 1.038274e-01
<MEAN> 6
 6.420776e+01 2.664962e+02 1.325585e+02 -1.930060e+00 3.738471e+00 5.259104e+01
<VARIANCE> 6
 3.171015e+01 1.352736e+04 5.451794e+05 3.003832e+02 4.056576e+04 5.205853e+07
<GCONST> 7.128886e+01
<MIXTURE> 4 5.833906e-02
<MEAN> 6
 7.444817e+01 -9.964123e+02 1.889780e+02 2.632443e-01 1.696179e+01 1.644102e+01
<VARIANCE> 6
 3.171015e+01 1.731816e+04 1.056539e+05 3.003832e+02 4.056576e+04 5.205853e+07
<GCONST> 6.989496e+01
<MIXTURE> 5 9.322412e-02
<MEAN> 6
 7.244583e+01 -7.732170e+02 1.855942e+03 -2.041759e+00 -3.206317e+00 -1.191937e+02
<VARIANCE> 6
 3.171015e+01 3.409096e+04 2.851632e+04 3.196514e+02 4.092574e+04 5.205853e+07
<GCONST> 6.933354e+01
<MIXTURE> 6 9.647628e-02
<MEAN> 6
 6.351091e+01 -8.791874e+02 1.123074e+03 -1.782536e+00 -3.595894e+00 -1.285434e+02
<VARIANCE> 6
 3.171015e+01 1.281363e+04 1.155935e+04 3.003832e+02 4.056576e+04 5.205853e+07
<GCONST> 6.738103e+01
<MIXTURE> 7 9.300519e-02
<MEAN> 6
 5.337381e+01 -4.740521e+02 2.577143e+03 2.680425e-01 -7.447907e+00 -1.101522e+02
<VARIANCE> 6
 3.171015e+01 1.281363e+04 2.450016e+04 3.003832e+02 4.056576e+04 5.205853e+07
<GCONST> 6.813222e+01
<MIXTURE> 8 7.433970e-02
<MEAN> 6
 7.577843e+01 2.861139e+03 4.590859e+02 -2.330657e+00 -1.564925e+01 -5.092358e+01
<VARIANCE> 6
 3.171015e+01 1.281363e+04 1.155935e+04 3.003832e+02 4.056576e+04 5.205853e+07
<GCONST> 6.738103e+01
<MIXTURE> 9 8.756446e-02
<MEAN> 6
 8.104148e+01 -1.518000e+03 -6.276711e+02 -1.045943e+00 -7.078031e+00 -6.321457e+01
<VARIANCE> 6
 3.171015e+01 1.407202e+05 3.634254e+04 3.003832e+02 4.056576e+04 5.205853e+07
<GCONST> 7.092279e+01
<MIXTURE> 10 7.114938e-02
<MEAN> 6
 6.444063e+01 -9.731361e+02 1.171463e+03 4.315924e-01 2.412351e+00 -1.884874e+02
<VARIANCE> 6
 3.171015e+01 1.281363e+04 7.208293e+04 3.003832e+02 4.056576e+04 5.205853e+07
<GCONST> 6.921136e+01
<MIXTURE> 11 7.924353e-02
<MEAN> 6
 6.643186e+01 -5.733723e+02 1.503331e+03 -4.570583e-01 -4.959262e+00 -1.576092e+02
<VARIANCE> 6
 3.171015e+01 1.744409e+04 1.155935e+04 3.003832e+02 4.056576e+04 5.205853e+07
<GCONST> 6.768952e+01
<MIXTURE> 12 5.911105e-02
<MEAN> 6
 7.439751e+01 -1.024113e+03 1.346546e+02 8.001292e-02 5.013916e+00 -5.819093e+01
<VARIANCE> 6
 3.171015e+01 1.491067e+04 1.013895e+05 3.003832e+02 4.056576e+04 5.205853e+07
<GCONST> 6.970407e+01
<STATE> 13
<NUMMIXES> 12
<MIXTURE> 1 8.760430e-03
<MEAN> 6
 4.641812e+00 -4.561099e+02 1.111828e+01 2.443442e+01 -3.167701e+02 8.051220e+03
<VARIANCE> 6
 9.629390e+03 8.162499e+05 1.285284e+06 1.545734e+06 8.474006e+08 1.227821e+12
<GCONST> 1.105238e+02
<MIXTURE> 2 8.516786e-02
<MEAN> 6
 1.107785e+02 2.341965e+02 4.755954e+02 -7.542781e+00 -3.833876e+01 -2.865334e+02
<VARIANCE> 6
 2.295587e+02 1.421997e+06 8.134149e+05 3.003832e+02 4.056576e+04 5.205853e+07
<GCONST> 7.832361e+01
<MIXTURE> 3 7.450537e-02
<MEAN> 6
 4.274019e+01 -5.132602e+01 1.164258e+00 -6.313975e+01 -1.412773e+02 4.051833e+03
<VARIANCE> 6
 5.078461e+03 5.422602e+05 3.256481e+05 7.839785e+04 5.265416e+06 2.802045e+09
<GCONST> 9.395694e+01
<MIXTURE> 4 8.444321e-02
<MEAN> 6
 -3.930386e+01 -8.471035e+00 1.289079e+02 3.925402e+01 1.011003e+03 -1.138989e+01
<VARIANCE> 6
 4.608611e+02 3.383450e+05 5.411812e+05 4.215755e+04 4.041330e+05 1.786712e+08
<GCONST> 8.565341e+01
<MIXTURE> 5 4.400426e-02
<MEAN> 6
 1.066922e+01 7.478432e+02 -2.720311e+02 -7.360927e+01 2.390302e+02 1.893117e+03
<VARIANCE> 6
 5.273991e+03 1.899736e+07 3.020390e+06 5.662282e+04 2.575341e+06 1.426672e+09
<GCONST> 9.806277e+01
<MIXTURE> 6 9.128164e-02
<MEAN> 6
 2.771613e+01 -4.129644e+01 5.168012e+01 2.325120e+02 -4.849496e+01 -3.409403e+03
<VARIANCE> 6
 1.157420e+03 3.344765e+05 8.888080e+05 1.027112e+04 1.800734e+05 5.310664e+07
<GCONST> 8.362519e+01
<MIXTURE> 7 1.324967e-01
<MEAN> 6
 8.155010e+01 2.070644e+02 -4.683289e+02 -7.105506e-01 -3.376536e+01 -2.530234e+02
<VARIANCE> 6
 1.897582e+02 5.659581e+05 1.127202e+06 3.003832e+02 4.056576e+04 5.205853e+07
<GCONST> 7.753815e+01
<MIXTURE> 8 9.876285e-02
<MEAN> 6
 9.681280e+01 -1.860580e+01 4.805011e+01 -1.738476e+01 -6.724091e+02 -5.752361e+02
<VARIANCE> 6
 4.230065e+02 6.708318e+05 4.944649e+05 1.551974e+04 5.321102e+05 2.101197e+08
<GCONST> 8.559982e+01
<MIXTURE> 9 1.132307e-01
<MEAN> 6
 -6.402029e+01 8.039898e+00 -1.427787e+02 4.190382e+00 2.320863e+02 4.567496e+02
<VARIANCE> 6
 3.365742e+02 3.322166e+05 9.448161e+05 1.470905e+03 9.433233e+04 5.205853e+07
<GCONST> 7.983446e+01
<MIXTURE> 10 1.028320e-01
<MEAN> 6
 4.738430e+01 -9.101706e+01 -6.087257e+00 -5.914394e+01 -2.902083e+02 1.341413e+03
<VARIANCE> 6
 1.336266e+03 1.819883e+05 2.296742e+05 4.802630e+04 1.868783e+05 6.095935e+07
<GCONST> 8.352444e+01
<MIXTURE> 11 7.881165e-02
<MEAN> 6
 6.131311e+01 -6.516090e+01 4.886729e+01 -1.154193e+02 -9.870141e+02 5.734908e+02
<VARIANCE> 6
 7.153282e+02 3.075572e+05 1.796124e+06 4.832693e+04 3.338788e+05 1.590534e+08
<GCONST> 8.702659e+01
<MIXTURE> 12 8.515698e-02
<MEAN> 6
 -4.648347e+01 -1.434715e+02 -1.065828e+02 6.803469e+00 9.145090e+02 -2.855112e+03
<VARIANCE> 6
 4.992658e+02 3.108131e+05 5.969669e+05 3.259538e+04 4.010326e+05 2.098580e+08
<GCONST> 8.564263e+01
<TRANSP> 14
 0.000000e+00 1.000000e+00 0.000000e+00 0.000000e+00 0.000000e+00 0.000000e+00 0.000000e+00 0.000000e+00 0.000000e+00 0.000000e+00 0.000000e+00 0.000000e+00 0.000000e+00 0.000000e+00
 0.000000e+00 9.999231e-01 7.696276e-05 0.000000e+00 0.000000e+00 0.000000e+00 0.000000e+00 0.000000e+00 0.000000e+00 0.000000e+00 0.000000e+00 0.000000e+00 0.000000e+00 0.000000e+00
 0.000000e+00 0.000000e+00 9.973089e-01 2.691102e-03 0.000000e+00 0.000000e+00 0.000000e+00 0.000000e+00 0.000000e+00 0.000000e+00 0.000000e+00 0.000000e+00 0.000000e+00 0.000000e+00
 0.000000e+00 0.000000e+00 0.000000e+00 9.978786e-01 2.121503e-03 0.000000e+00 0.000000e+00 0.000000e+00 0.000000e+00 0.000000e+00 0.000000e+00 0.000000e+00 0.000000e+00 0.000000e+00
 0.000000e+00 0.000000e+00 0.000000e+00 0.000000e+00 9.949982e-01 5.001839e-03 0.000000e+00 0.000000e+00 0.000000e+00 0.000000e+00 0.000000e+00 0.000000e+00 0.000000e+00 0.000000e+00
 0.000000e+00 0.000000e+00 0.000000e+00 0.000000e+00 0.000000e+00 9.950102e-01 4.989851e-03 0.000000e+00 0.000000e+00 0.000000e+00 0.000000e+00 0.000000e+00 0.000000e+00 0.000000e+00
 0.000000e+00 0.000000e+00 0.000000e+00 0.000000e+00 0.000000e+00 0.000000e+00 9.976404e-01 2.359527e-03 0.000000e+00 0.000000e+00 0.000000e+00 0.000000e+00 0.000000e+00 0.000000e+00
 0.000000e+00 0.000000e+00 0.000000e+00 0.000000e+00 0.000000e+00 0.000000e+00 0.000000e+00 9.971336e-01 2.866404e-03 0.000000e+00 0.000000e+00 0.000000e+00 0.000000e+00 0.000000e+00
 0.000000e+00 0.000000e+00 0.000000e+00 0.000000e+00 0.000000e+00 0.000000e+00 0.000000e+00 0.000000e+00 9.942610e-01 5.738967e-03 0.000000e+00 0.000000e+00 0.000000e+00 0.000000e+00
 0.000000e+00 0.000000e+00 0.000000e+00 0.000000e+00 0.000000e+00 0.000000e+00 0.000000e+00 0.000000e+00 0.000000e+00 9.968276e-01 3.172393e-03 0.000000e+00 0.000000e+00 0.000000e+00
 0.000000e+00 0.000000e+00 0.000000e+00 0.000000e+00 0.000000e+00 0.000000e+00 0.000000e+00 0.000000e+00 0.000000e+00 0.000000e+00 9.964216e-01 3.578371e-03 0.000000e+00 0.000000e+00
 0.000000e+00 0.000000e+00 0.000000e+00 0.000000e+00 0.000000e+00 0.000000e+00 0.000000e+00 0.000000e+00 0.000000e+00 0.000000e+00 0.000000e+00 9.983842e-01 1.615802e-03 0.000000e+00
 0.000000e+00 0.000000e+00 0.000000e+00 0.000000e+00 0.000000e+00 0.000000e+00 0.000000e+00 0.000000e+00 0.000000e+00 0.000000e+00 0.000000e+00 0.000000e+00 9.999039e-01 9.605319e-05
 0.000000e+00 0.000000e+00 0.000000e+00 0.000000e+00 0.000000e+00 0.000000e+00 0.000000e+00 0.000000e+00 0.000000e+00 0.000000e+00 0.000000e+00 0.000000e+00 0.000000e+00 0.000000e+00
<ENDHMM>
~h "SegundoESO"
<BEGINHMM>
<NUMSTATES> 14
<STATE> 2
<NUMMIXES> 12
<MIXTURE> 1 5.489401e-02
<MEAN> 6
 7.174856e+01 1.320490e+04 -1.200227e+03 -6.893789e-01 -3.640496e+00 -1.662755e+02
<VARIANCE> 6
 3.171015e+01 1.281363e+04 1.157330e+04 3.003832e+02 4.056576e+04 5.205853e+07
<GCONST> 6.738224e+01
<MIXTURE> 2 7.202755e-02
<MEAN> 6
 7.219653e+01 -2.058118e+03 3.036366e+03 6.096106e-01 1.204359e+00 -1.202991e+02
<VARIANCE> 6
 3.171015e+01 1.797094e+05 9.806919e+06 3.003832e+02 4.056576e+04 5.205853e+07
<GCONST> 7.676521e+01
<MIXTURE> 3 6.362586e-02
<MEAN> 6
 6.518530e+01 2.316512e+03 -1.273969e+03 -1.352047e-01 -1.091248e+01 -1.351705e+02
<VARIANCE> 6
 3.171015e+01 1.320717e+06 1.155935e+04 3.003832e+02 4.056576e+04 5.205853e+07
<GCONST> 7.201645e+01
<MIXTURE> 4 1.402816e-01
<MEAN> 6
 7.822760e+01 8.089030e+02 2.118239e+03 2.444248e-03 2.216454e-01 -5.758979e+01
<VARIANCE> 6
 3.171015e+01 1.440447e+06 7.727377e+05 3.003832e+02 4.056576e+04 5.205853e+07
<GCONST> 7.630568e+01
<MIXTURE> 5 1.040430e-01
<MEAN> 6
 5.700714e+01 6.465011e+02 -3.901609e+03 1.956903e+00 -3.126976e-01 -5.406798e+01
<VARIANCE> 6
 3.171015e+01 1.281363e+04 1.313911e+06 3.003832e+02 4.056576e+04 5.205853e+07
<GCONST> 7.211430e+01
<MIXTURE> 6 1.095677e-01
<MEAN> 6
 7.387880e+01 7.346821e+02 -2.547428e+03 3.907389e-01 -3.624392e+00 -5.780902e+01
<VARIANCE> 6
 3.171015e+01 5.214078e+05 2.398082e+05 3.003832e+02 4.056576e+04 5.205853e+07
<GCONST> 7.411940e+01
<MIXTURE> 7 1.313393e-01
<MEAN> 6
 6.274202e+01 6.449283e+01 -1.718583e+03 2.302379e-01 -1.373362e+00 -1.429897e+02
<VARIANCE> 6
 3.171015e+01 5.229358e+04 5.355789e+04 3.003832e+02 4.056576e+04 5.205853e+07
<GCONST> 7.032066e+01
<MIXTURE> 8 7.824945e-02
<MEAN> 6
 6.190775e+01 1.128574e+03 -1.020579e+03 7.270113e-01 -1.419309e+00 -3.727798e+01
<VARIANCE> 6
 3.171015e+01 4.075326e+05 1.435059e+05 3.003832e+02 4.056576e+04 5.205853e+07
<GCONST> 7.335953e+01
<MIXTURE> 9 4.556977e-02
<MEAN> 6
 7.792762e+01 -2.332026e+03 4.129458e+01 -1.371930e+00 -1.504432e+01 -1.478184e+02
<VARIANCE> 6
 3.171015e+01 1.591740e+07 8.418997e+05 3.003832e+02 4.056576e+04 5.205853e+07
<GCONST> 7.879385e+01
<MIXTURE> 10 4.749481e-02
<MEAN> 6
 5.514847e+01 1.142249e+02 -3.534967e+03 1.663815e-02 1.948154e+00 -2.791762e+01
<VARIANCE> 6
 3.171015e+01 1.281363e+04 1.026155e+06 3.003832e+02 4.056576e+04 5.205853e+07
<GCONST> 7.186711e+01
<MIXTURE> 11 7.909861e-02
<MEAN> 6
 6.265781e+01 6.910244e+02 -1.008429e+03 2.018254e-02 -6.928980e-01 -4.693927e+01
<VARIANCE> 6
 3.171015e+01 4.011205e+05 5.763511e+04 3.003832e+02 4.056576e+04 5.205853e+07
<GCONST> 7.243143e+01
<MIXTURE> 12 7.379432e-02
<MEAN> 6
 7.050915e+01 -2.174450e+03 1.015891e+03 -3.797671e-01 1.759112e+00 -3.506364e+01
<VARIANCE> 6
 3.171015e+01 1.002254e+05 3.479563e+06 3.003832e+02 4.056576e+04 5.205853e+07
<GCONST> 7.514511e+01
<STATE> 3
<NUMMIXES> 12
<MIXTURE> 1 2.028433e-02
<MEAN> 6
 7.466335e+01 -1.291608e+02 3.389683e+02 -2.208797e+00 -1.425653e+01 6.741974e+01
<VARIANCE> 6
 3.208440e+01 9.031611e+05 1.653369e+06 3.003832e+02 4.056576e+04 5.205853e+07
<GCONST> 7.661124e+01
<MIXTURE> 2 1.001682e-01
<MEAN> 6
 7.334866e+01 -1.613360e+02 7.187739e+02 1.131089e-01 7.092694e+00 -9.707032e+01
<VARIANCE> 6
 3.906901e+01 1.949232e+05 6.574567e+04 3.003832e+02 4.056576e+04 5.205853e+07
<GCONST> 7.205013e+01
<MIXTURE> 3 1.319652e-01
<MEAN> 6
 7.599164e+01 5.005142e+02 3.912104e+02 -1.144789e+00 3.858157e-01 -8.557893e+01
<VARIANCE> 6
 3.171015e+01 4.653988e+04 1.155935e+04 3.003832e+02 4.056576e+04 5.205853e+07
<GCONST> 6.867083e+01
<MIXTURE> 4 8.959748e-02
<MEAN> 6
 7.409429e+01 6.833423e+02 5.779083e+02 7.621558e-01 -7.287575e+00 -1.076621e+02
<VARIANCE> 6
 3.171015e+01 1.281363e+04 5.176818e+05 3.003832e+02 4.056576e+04 5.205853e+07
<GCONST> 7.118290e+01
<MIXTURE> 5 7.769717e-02
<MEAN> 6
 6.671867e+01 8.290392e+01 2.668318e+02 -5.514795e-01 -7.555626e+00 -1.793372e+02
<VARIANCE> 6
 3.171015e+01 1.281363e+04 1.270981e+04 3.003832e+02 4.056576e+04 5.205853e+07
<GCONST> 6.747591e+01
<MIXTURE> 6 6.562038e-02
<MEAN> 6
 7.684784e+01 2.838188e+02 -1.443764e+02 -9.869413e-01 -1.155772e+01 -9.872194e+01
<VARIANCE> 6
 3.171015e+01 1.281363e+04 5.646891e+04 3.003832e+02 4.056576e+04 5.205853e+07
<GCONST> 6.896722e+01
<MIXTURE> 7 1.200256e-01
<MEAN> 6
 7.723257e+01 -7.213313e+01 1.057590e+03 -9.585583e-01 -2.678556e+00 -1.080149e+02
<VARIANCE> 6
 3.171015e+01 1.075959e+05 4.254306e+05 3.003832e+02 4.056576e+04 5.205853e+07
<GCONST> 7.311452e+01
<MIXTURE> 8 5.130501e-02
<MEAN> 6
 6.900112e+01 -3.094215e+02 3.160655e+02 -8.937164e-02 -1.766541e+00 -9.462210e+01
<VARIANCE> 6
 3.210551e+01 4.706640e+04 1.155935e+04 3.003832e+02 4.056576e+04 5.205853e+07
<GCONST> 6.869447e+01
<MIXTURE> 9 7.861587e-02
<MEAN> 6
 6.068567e+01 -3.292831e+02 1.605674e+02 -2.634318e-01 5.308875e-01 -1.037827e+02
<VARIANCE> 6
 3.171015e+01 2.652261e+04 1.155935e+04 3.003832e+02 4.056576e+04 5.205853e+07
<GCONST> 6.810852e+01
<MIXTURE> 10 9.771878e-02
<MEAN> 6
 7.618686e+01 2.785054e+02 -7.709213e+02 -7.392353e-02 -3.575890e+00 -1.051909e+02
<VARIANCE> 6
 3.171015e+01 4.016421e+04 1.155935e+04 3.003832e+02 4.056576e+04 5.205853e+07
<GCONST> 6.852350e+01
<MIXTURE> 11 8.962034e-02
<MEAN> 6
 6.835697e+01 -3.811218e+02 3.520176e+02 -1.867251e-01 -2.539793e+00 -6.460677e+01
<VARIANCE> 6
 3.171015e+01 1.281363e+04 1.155935e+04 3.003832e+02 4.056576e+04 5.205853e+07
<GCONST> 6.738103e+01
<MIXTURE> 12 7.733940e-02
<MEAN> 6
 6.657590e+01 2.688919e+01 2.268414e+02 -5.660861e-01 -8.922181e+00 -1.972995e+02
<VARIANCE> 6
 3.171015e+01 1.281363e+04 1.155935e+04 3.003832e+02 4.056576e+04 5.205853e+07
<GCONST> 6.738103e+01
<STATE> 4
<NUMMIXES> 12
<MIXTURE> 1 1.161098e-01
<MEAN> 6
 5.384213e+01 4.475327e+03 1.835029e+02 -3.620655e+01 -6.785693e+02 7.355900e+02
<VARIANCE> 6
 2.575853e+03 4.438772e+07 3.282908e+06 3.519261e+04 1.017139e+06 3.449154e+08
<GCONST> 9.545381e+01
<MIXTURE> 2 7.223307e-02
<MEAN> 6
 9.250330e+00 1.309073e+03 2.012963e+02 -2.825200e+01 9.082734e+01 2.412850e+02
<VARIANCE> 6
 5.170514e+02 2.472035e+06 5.187577e+06 5.249608e+04 1.090849e+05 6.044827e+07
<GCONST> 8.784341e+01
<MIXTURE> 3 9.787399e-02
<MEAN> 6
 9.429274e+01 -4.765547e+02 5.097204e+02 -8.917578e+00 -1.275952e+01 -2.495358e+02
<VARIANCE> 6
 8.605388e+01 1.839349e+07 2.420272e+06 3.003832e+02 4.056576e+04 5.205853e+07
<GCONST> 8.099275e+01
<MIXTURE> 4 4.243687e-02
<MEAN> 6
 -3.731094e+01 6.586967e+02 8.551118e+02 -2.118260e+02 1.240302e+03 9.038759e+03
<VARIANCE> 6
 2.918004e+02 6.145398e+06 4.911003e+06 9.616601e+03 8.051029e+05 5.121108e+08
<GCONST> 9.056557e+01
<MIXTURE> 5 1.140366e-01
<MEAN> 6
 1.356745e+01 -5.649352e+03 4.015513e+02 1.309091e+01 1.434332e+01 -4.722009e+01
<VARIANCE> 6
 2.728591e+03 2.230941e+05 1.433628e+05 2.126438e+04 1.538908e+05 5.205853e+07
<GCONST> 8.280396e+01
<MIXTURE> 6 9.657359e-02
<MEAN> 6
 8.497614e+01 -4.464985e+02 1.541309e+03 1.629585e+01 -3.031709e+02 -3.195271e+01
<VARIANCE> 6
 1.596801e+02 1.645652e+06 2.078808e+06 6.263384e+03 1.487660e+05 5.205853e+07
<GCONST> 8.338188e+01
<MIXTURE> 7 1.086472e-01
<MEAN> 6
 -5.635184e+01 -6.286222e+01 5.740124e+02 1.385913e+01 9.422671e+01 -1.394424e+01
<VARIANCE> 6
 1.230499e+02 4.619672e+06 3.446430e+06 4.560613e+02 4.056576e+04 5.205853e+07
<GCONST> 8.073972e+01
<MIXTURE> 8 4.079162e-02
<MEAN> 6
 9.853242e+01 -7.189819e+03 1.412554e+02 -1.224723e+01 -2.066682e+02 -6.771124e+01
<VARIANCE> 6
 3.171015e+01 1.517248e+05 1.223254e+05 9.835195e+02 5.946498e+04 5.205853e+07
<GCONST> 7.378032e+01
<MIXTURE> 9 9.935485e-02
<MEAN> 6
 -4.383409e+01 -3.508039e+02 7.901661e+02 6.399329e+01 1.107424e+03 -2.527802e+03
<VARIANCE> 6
 1.983051e+02 6.373728e+06 3.887340e+06 1.701126e+04 1.960285e+05 1.121979e+08
<GCONST> 8.762142e+01
<MIXTURE> 10 7.049264e-02
<MEAN> 6
 6.072829e+01 9.019780e+02 5.327277e+02 5.611992e+01 -4.874773e+02 1.104615e+03
<VARIANCE> 6
 3.211542e+02 4.753815e+06 5.496201e+06 3.785301e+04 1.367049e+05 5.205853e+07
<GCONST> 8.782814e+01
<MIXTURE> 11 7.229871e-02
<MEAN> 6
 -6.879287e+00 -2.061982e+02 -6.531336e+02 6.194210e+01 1.719353e+02 -2.822123e+03
<VARIANCE> 6
 2.385714e+02 4.381104e+06 4.965286e+06 4.670173e+04 1.051949e+05 1.068707e+08
<GCONST> 8.801496e+01
<MIXTURE> 12 6.911109e-02
<MEAN> 6
 5.563270e+01 -1.428729e+02 2.360405e+01 -5.889112e+00 -6.342709e+02 -9.967517e+02
<VARIANCE> 6
 3.342521e+02 4.125811e+06 4.464008e+06 4.485768e+04 1.492240e+05 5.205853e+07
<GCONST> 8.777582e+01
<STATE> 5
<NUMMIXES> 12
<MIXTURE> 1 9.553087e-02
<MEAN> 6
 6.879179e+01 1.095438e+03 9.219306e+01 -1.005471e+00 -5.405987e+00 -1.451247e+02
<VARIANCE> 6
 3.171015e+01 4.455004e+04 1.155935e+04 3.003832e+02 4.056576e+04 5.205853e+07
<GCONST> 6.862714e+01
<MIXTURE> 2 7.685321e-02
<MEAN> 6
 6.840662e+01 -3.609222e+02 1.658257e+03 -2.210350e+00 -7.298382e+00 -1.234172e+02
<VARIANCE> 6
 4.507458e+01 1.017923e+05 1.764450e+05 3.003832e+02 4.056576e+04 5.205853e+07
<GCONST> 7.253065e+01
<MIXTURE> 3 1.077153e-01
<MEAN> 6
 5.921761e+01 2.277365e+03 -2.856325e+02 3.501475e-01 -4.558664e+00 -1.877165e+02
<VARIANCE> 6
 3.171015e+01 1.698119e+05 1.155935e+04 3.003832e+02 4.056576e+04 5.205853e+07
<GCONST> 6.996521e+01
<MIXTURE> 4 4.142513e-02
<MEAN> 6
 7.407693e+01 1.122405e+03 -7.270342e+02 -1.433500e+00 -7.281168e+00 -7.070241e+01
<VARIANCE> 6
 3.171015e+01 8.194426e+04 1.155935e+04 3.003832e+02 4.056576e+04 5.205853e+07
<GCONST> 6.923656e+01
<MIXTURE> 5 7.966477e-02
<MEAN> 6
 6.162139e+01 -1.379366e+03 -5.151201e+02 -2.117180e-02 -4.264512e+00 -1.445607e+02
<VARIANCE> 6
 3.171015e+01 6.892596e+05 2.578869e+04 3.003832e+02 4.056576e+04 5.205853e+07
<GCONST> 7.216858e+01
<MIXTURE> 6 7.913378e-02
<MEAN> 6
 6.702368e+01 2.981070e+01 -1.925326e+02 5.847540e-01 -7.460845e+00 -1.939328e+02
<VARIANCE> 6
 3.171015e+01 1.956360e+05 1.155935e+04 3.003832e+02 4.056576e+04 5.205853e+07
<GCONST> 7.010678e+01
<MIXTURE> 7 8.596543e-02
<MEAN> 6
 6.616042e+01 4.631227e+02 -2.316573e+02 4.408247e-01 -1.711596e+00 -1.259609e+02
<VARIANCE> 6
 3.171015e+01 1.551111e+04 1.155935e+04 3.003832e+02 4.056576e+04 5.205853e+07
<GCONST> 6.757208e+01
<MIXTURE> 8 1.371736e-01
<MEAN> 6
 6.563887e+01 -7.740344e+02 7.903967e+00 -1.860238e-01 -5.908783e+00 -6.293399e+01
<VARIANCE> 6
 3.171015e+01 1.076853e+05 1.155935e+04 3.003832e+02 4.056576e+04 5.205853e+07
<GCONST> 6.950974e+01
<MIXTURE> 9 9.245349e-02
<MEAN> 6
 6.675644e+01 3.820959e+01 -4.997852e+02 -4.024220e-01 -1.026500e+00 -1.269099e+02
<VARIANCE> 6
 4.667386e+01 3.478246e+04 1.155935e+04 3.003832e+02 4.056576e+04 5.205853e+07
<GCONST> 6.876618e+01
<MIXTURE> 10 3.259935e-02
<MEAN> 6
 6.846913e+01 1.558534e+03 4.704402e+00 -1.122626e+00 -4.882242e+00 -3.889615e+01
<VARIANCE> 6
 3.171015e+01 1.945709e+05 1.155935e+04 3.003832e+02 4.056576e+04 5.205853e+07
<GCONST> 7.010132e+01
<MIXTURE> 11 9.150396e-02
<MEAN> 6
 6.580207e+01 4.137325e+02 -2.134993e+02 5.643870e-01 -3.553051e+00 -1.304476e+02
<VARIANCE> 6
 3.171015e+01 1.281363e+04 1.155935e+04 3.003832e+02 4.056576e+04 5.205853e+07
<GCONST> 6.738103e+01
<MIXTURE> 12 7.991668e-02
<MEAN> 6
 6.568335e+01 -1.351782e+02 -2.222666e+02 5.822515e-01 -5.876805e+00 -1.874636e+02
<VARIANCE> 6
 3.171015e+01 1.887263e+05 1.155935e+04 3.003832e+02 4.056576e+04 5.205853e+07
<GCONST> 7.007082e+01
<STATE> 6
<NUMMIXES> 12
<MIXTURE> 1 9.643736e-02
<MEAN> 6
 8.504119e+01 -7.704147e+02 4.119294e+02 -1.202966e+00 -9.708797e+00 -2.277806e+01
<VARIANCE> 6
 6.434705e+01 2.304350e+04 1.155935e+04 3.003832e+02 4.056576e+04 5.205853e+07
<GCONST> 6.867556e+01
<MIXTURE> 2 9.827275e-02
<MEAN> 6
 6.806494e+01 2.491308e+01 -1.199697e+02 -6.654226e+01 -1.257211e+03 -1.401589e+04
<VARIANCE> 6
 7.126161e+01 7.357714e+05 7.429128e+05 1.515034e+03 2.463562e+05 1.052577e+08
<GCONST> 8.053028e+01
<MIXTURE> 3 6.585843e-02
<MEAN> 6
 9.070916e+01 -2.756776e+03 7.088338e+01 -3.855373e+00 2.347694e+00 -5.596822e+01
<VARIANCE> 6
 3.171015e+01 5.136843e+05 1.388617e+04 3.003832e+02 4.056576e+04 5.205853e+07
<GCONST> 7.125553e+01
<MIXTURE> 4 9.767164e-02
<MEAN> 6
 8.798061e+01 -1.627779e+03 4.431095e+02 5.705930e-01 -6.484180e+00 -2.436925e+02
<VARIANCE> 6
 3.171015e+01 1.281363e+04 1.953891e+04 3.003832e+02 4.056576e+04 5.205853e+07
<GCONST> 6.790594e+01
<MIXTURE> 5 8.857511e-02
<MEAN> 6
 8.295950e+01 -7.767614e+02 1.298823e+02 -4.624302e-02 -3.646374e+00 -1.544381e+02
<VARIANCE> 6
 3.171015e+01 1.281363e+04 1.155935e+04 3.003832e+02 4.056576e+04 5.205853e+07
<GCONST> 6.738103e+01
<MIXTURE> 6 9.251577e-02
<MEAN> 6
 7.929608e+01 -1.510354e+03 -7.062086e+01 -2.589111e+00 -9.634068e+00 -2.323238e+02
<VARIANCE> 6
 3.171015e+01 6.282657e+04 1.155935e+04 3.003832e+02 4.056576e+04 5.205853e+07
<GCONST> 6.897090e+01
<MIXTURE> 7 8.273229e-02
<MEAN> 6
 8.289279e+01 -7.884243e+02 1.434734e+02 -4.422405e-02 -3.600002e+00 -1.602040e+02
<VARIANCE> 6
 3.171015e+01 1.281363e+04 1.155935e+04 3.003832e+02 4.056576e+04 5.205853e+07
<GCONST> 6.738103e+01
<MIXTURE> 8 5.405585e-02
<MEAN> 6
 8.490385e+01 -8.269420e+02 3.766780e-01 -1.800873e+00 -1.022726e+01 -6.253149e+01
<VARIANCE> 6
 3.171015e+01 4.029829e+04 1.598614e+05 3.003832e+02 4.056576e+04 5.205853e+07
<GCONST> 7.115364e+01
<MIXTURE> 9 9.825798e-02
<MEAN> 6
 8.970686e+01 -3.947781e+03 -5.609758e+02 -4.038898e+00 -3.469812e-01 -3.287933e+02
<VARIANCE> 6
 3.636708e+01 6.282022e+06 2.484979e+04 3.003832e+02 4.056576e+04 5.205853e+07
<GCONST> 7.447835e+01
<MIXTURE> 10 8.818289e-02
<MEAN> 6
 8.295224e+01 -7.819272e+02 1.329746e+02 -5.709591e-02 -3.635240e+00 -1.539604e+02
<VARIANCE> 6
 3.171015e+01 1.281363e+04 1.155935e+04 3.003832e+02 4.056576e+04 5.205853e+07
<GCONST> 6.738103e+01
<MIXTURE> 11 8.206722e-02
<MEAN> 6
 8.281747e+01 -8.080386e+02 1.455537e+02 -8.691745e-02 -3.397550e+00 -1.534543e+02
<VARIANCE> 6
 3.171015e+01 1.281363e+04 1.155935e+04 3.003832e+02 4.056576e+04 5.205853e+07
<GCONST> 6.738103e+01
<MIXTURE> 12 5.535140e-02
<MEAN> 6
 8.424275e+01 -9.094366e+02 -1.198497e+02 -2.931498e+00 -4.811913e+00 -1.226955e+02
<VARIANCE> 6
 3.171015e+01 4.733871e+04 7.990338e+04 3.003832e+02 4.056576e+04 5.205853e+07
<GCONST> 7.062117e+01
<STATE> 7
<NUMMIXES> 12
<MIXTURE> 1 6.510301e-02
<MEAN> 6
 9.846717e+01 -3.497418e+03 1.073929e+04 -2.485250e+00 -1.727186e+01 1.637764e+02
<VARIANCE> 6
 3.171015e+01 4.829337e+05 6.955502e+06 3.003832e+02 4.056576e+04 5.205853e+07
<GCONST> 7.741020e+01
<MIXTURE> 2 1.250691e-01
<MEAN> 6
 8.906825e+01 -4.393834e+03 4.281834e+03 -1.412589e+00 -1.610480e+01 -2.661562e+02
<VARIANCE> 6
 3.171015e+01 1.297723e+04 2.539482e+06 3.003832e+02 4.056576e+04 5.205853e+07
<GCONST> 7.278594e+01
<MIXTURE> 3 3.007986e-02
<MEAN> 6
 7.125315e+01 -3.103127e+03 2.786247e+03 -1.619773e+00 -1.111144e+00 1.541496e+02
<VARIANCE> 6
 3.171015e+01 2.293979e+05 1.502553e+05 3.003832e+02 4.056576e+04 5.205853e+07
<GCONST> 7.283083e+01
<MIXTURE> 4 4.543393e-02
<MEAN> 6
 7.011629e+01 -6.472513e+03 1.282798e+04 -6.738439e+01 -4.563385e+02 -5.663026e+02
<VARIANCE> 6
 2.347918e+02 7.410785e+06 9.949828e+07 1.213847e+04 6.423662e+05 8.937226e+07
<GCONST> 9.180544e+01
<MIXTURE> 5 7.592932e-02
<MEAN> 6
 6.796793e+01 -4.055111e+03 3.465479e+03 -8.414084e-01 -2.913175e+00 -9.330019e+01
<VARIANCE> 6
 3.171015e+01 2.512523e+04 1.155935e+04 3.003832e+02 4.056576e+04 5.205853e+07
<GCONST> 6.805440e+01
<MIXTURE> 6 5.827958e-02
<MEAN> 6
 8.275820e+01 -4.842395e+03 1.152213e+04 -3.251348e-02 1.702890e+00 6.221218e+01
<VARIANCE> 6
 3.171015e+01 2.668448e+04 6.908742e+06 3.003832e+02 4.056576e+04 5.205853e+07
<GCONST> 7.450765e+01
<MIXTURE> 7 5.008458e-02
<MEAN> 6
 6.715259e+01 -4.275098e+03 3.360628e+03 -4.596087e-01 -9.258298e+00 -1.908104e+02
<VARIANCE> 6
 3.171015e+01 1.281363e+04 1.155935e+04 3.003832e+02 4.056576e+04 5.205853e+07
<GCONST> 6.738103e+01
<MIXTURE> 8 1.790809e-01
<MEAN> 6
 5.123882e+01 -1.019729e+01 -4.760468e+01 -2.333658e+02 -1.561999e+03 5.677201e+03
<VARIANCE> 6
 1.404708e+02 8.994821e+05 4.876079e+05 4.188772e+03 4.156272e+05 1.442071e+08
<GCONST> 8.284357e+01
<MIXTURE> 9 1.030132e-01
<MEAN> 6
 -2.855741e+01 4.498384e+02 3.267388e-01 -3.704641e+02 1.525251e+03 3.480648e+04
<VARIANCE> 6
 2.516434e+02 2.671047e+06 8.845608e+05 7.375419e+03 1.646134e+06 8.087583e+08
<GCONST> 8.877696e+01
<MIXTURE> 10 9.244160e-02
<MEAN> 6
 1.873198e+01 -1.446617e+02 5.143853e+02 -3.354026e+02 -4.490993e+02 1.185012e+04
<VARIANCE> 6
 2.886740e+02 2.900670e+06 4.977845e+06 2.566992e+03 3.715850e+05 1.642408e+08
<GCONST> 8.658640e+01
<MIXTURE> 11 8.069649e-02
<MEAN> 6
 -5.370484e+01 -2.058233e+02 -3.957604e+02 -1.421716e+02 2.616587e+03 -1.983772e+04
<VARIANCE> 6
 2.087621e+02 3.477334e+06 9.921894e+05 1.128756e+04 1.390908e+06 9.835674e+08
<GCONST> 8.942152e+01
<MIXTURE> 12 9.478061e-02
<MEAN> 6
 1.374450e+01 -1.129872e+02 -1.369157e+02 -3.750278e+02 -6.549136e+02 8.333029e+03
<VARIANCE> 6
 2.367775e+02 3.549494e+06 1.598872e+06 3.812462e+03 4.430620e+05 1.920199e+08
<GCONST> 8.618211e+01
<STATE> 8
<NUMMIXES> 12
<MIXTURE> 1 8.256869e-02
<MEAN> 6
 -3.004423e+01 -2.763742e+01 3.027759e+01 1.870929e+02 7.531437e+02 -3.937328e+03
<VARIANCE> 6
 1.824027e+02 5.261644e+05 2.752976e+05 6.354554e+03 1.380331e+05 5.817476e+07
<GCONST> 8.040359e+01
<MIXTURE> 2 8.917768e-02
<MEAN> 6
 -2.132911e+01 2.406471e+02 1.946673e+02 -2.357177e+02 6.028621e+02 9.546533e+03
<VARIANCE> 6
 4.446211e+02 8.605134e+05 9.071470e+05 6.143744e+03 6.998282e+05 2.953650e+08
<GCONST> 8.619333e+01
<MIXTURE> 3 7.826907e-02
<MEAN> 6
 8.270463e+01 -2.491073e+02 2.368249e+02 -8.000766e+00 -7.481696e+01 -4.188520e+02
<VARIANCE> 6
 1.270289e+02 6.099601e+05 5.838535e+05 3.003832e+02 4.056576e+04 5.205853e+07
<GCONST> 7.655385e+01
<MIXTURE> 4 5.126914e-02
<MEAN> 6
 8.740905e+01 -1.390862e+02 2.172572e+02 4.229060e+01 -1.075914e+03 -1.239933e+03
<VARIANCE> 6
 2.516206e+02 2.546010e+06 1.430890e+06 1.580360e+04 1.021789e+06 7.168484e+08
<GCONST> 8.937446e+01
<MIXTURE> 5 7.373547e-02
<MEAN> 6
 1.436821e+01 1.821042e+02 8.715785e+01 9.556509e+00 -4.173450e+01 -3.573608e-01
<VARIANCE> 6
 5.469132e+02 3.704519e+05 2.577106e+05 4.211294e+04 5.856766e+04 5.205853e+07
<GCONST> 8.200755e+01
<MIXTURE> 6 1.182678e-01
<MEAN> 6
 -5.478675e+01 -1.117285e+01 1.010218e+02 1.626398e+01 2.829055e+02 1.358705e+02
<VARIANCE> 6
 1.385596e+02 4.695558e+05 9.081259e+05 1.078974e+03 8.586505e+04 5.205853e+07
<GCONST> 7.884942e+01
<MIXTURE> 7 7.884638e-02
<MEAN> 6
 2.401657e+01 -3.903926e+02 -1.004357e+02 -2.694139e+01 -1.574805e+02 8.588810e+02
<VARIANCE> 6
 5.395571e+02 2.786202e+06 1.961224e+06 4.827300e+04 1.132549e+05 5.673214e+07
<GCONST> 8.692316e+01
<MIXTURE> 8 7.171686e-02
<MEAN> 6
 6.698071e+01 1.309493e+02 1.836797e+02 8.485989e+01 -3.930702e+02 -3.678775e+01
<VARIANCE> 6
 2.765479e+02 7.744952e+05 6.734690e+05 1.267330e+04 8.611909e+04 5.205853e+07
<GCONST> 8.220844e+01
<MIXTURE> 9 9.745783e-02
<MEAN> 6
 -5.304532e+01 -1.621216e+00 6.341053e+01 -3.736859e+00 1.161555e+03 -3.327309e+03
<VARIANCE> 6
 1.285650e+02 7.989209e+05 5.987664e+05 1.260937e+04 3.131557e+05 1.758726e+08
<GCONST> 8.385927e+01
<MIXTURE> 10 1.167534e-01
<MEAN> 6
 6.787667e+01 8.808797e+01 9.793152e+01 -9.296593e+01 -8.249636e+02 1.556856e+03
<VARIANCE> 6
 3.606152e+02 8.271606e+05 2.579579e+05 2.214301e+04 1.331081e+05 7.107131e+07
<GCONST> 8.288477e+01
<MIXTURE> 11 6.935209e-02
<MEAN> 6
 5.975626e+00 -8.853345e+01 -7.655813e+01 7.226496e+01 -2.591919e+01 -4.124755e+03
<VARIANCE> 6
 3.354553e+02 6.158232e+05 1.951683e+05 4.869671e+04 1.248459e+05 9.313562e+07
<GCONST> 8.323285e+01
<MIXTURE> 12 7.201554e-02
<MEAN> 6
 6.377474e+01 -1.508139e+02 -5.319430e+01 5.863644e+01 -5.165707e+02 -1.713102e+03
<VARIANCE> 6
 2.725390e+02 6.970634e+05 6.773126e+05 2.112258e+04 8.456482e+04 5.205853e+07
<GCONST> 8.258682e+01
<STATE> 9
<NUMMIXES> 12
<MIXTURE> 1 7.999030e-02
<MEAN> 6
 2.598572e+01 7.659033e+02 -2.455134e+02 1.890214e+02 -4.915897e+01 -9.755909e+00
<VARIANCE> 6
 4.523216e+02 1.942312e+06 4.067798e+05 1.448118e+03 5.753459e+04 5.205853e+07
<GCONST> 8.054311e+01
<MIXTURE> 2 7.891652e-02
<MEAN> 6
 8.448611e+01 -3.649657e+02 2.667905e+02 9.344056e+01 -9.330164e+02 3.534388e+02
<VARIANCE> 6
 3.083255e+02 3.810483e+06 9.942496e+05 1.403629e+04 1.321941e+06 9.650444e+08
<GCONST> 9.005312e+01
<MIXTURE> 3 1.029611e-01
<MEAN> 6
 2.063799e+01 6.309098e+02 1.097761e+03 7.879137e+01 -1.305950e+00 -3.093679e+02
<VARIANCE> 6
 6.183416e+02 1.752442e+05 8.676941e+05 3.003832e+02 4.056576e+04 5.205853e+07
<GCONST> 7.728545e+01
<MIXTURE> 4 1.149004e-01
<MEAN> 6
 3.366620e+01 9.401329e+00 4.222105e+01 2.441161e+02 -4.104414e+02 -3.058420e+03
<VARIANCE> 6
 2.752406e+02 3.546213e+05 1.260575e+06 2.658515e+03 1.069317e+05 5.205853e+07
<GCONST> 8.070414e+01
<MIXTURE> 5 9.119638e-02
<MEAN> 6
 6.110677e+01 5.370901e+02 1.609083e+02 1.610624e+02 -5.098786e+02 -1.121074e+03
<VARIANCE> 6
 1.689929e+02 2.598966e+06 1.009862e+06 3.713683e+03 4.469154e+04 5.205853e+07
<GCONST> 8.144827e+01
<MIXTURE> 6 1.106128e-01
<MEAN> 6
 -3.241196e+00 -3.814245e+01 9.566517e+01 2.426788e+02 1.909282e+02 -5.092389e+03
<VARIANCE> 6
 1.624095e+02 7.611313e+05 7.984921e+05 3.817726e+03 6.712307e+04 5.517673e+07
<GCONST> 8.043817e+01
<MIXTURE> 7 6.907453e-02
<MEAN> 6
 8.806617e+01 4.801751e+02 -3.857267e+02 9.400841e+01 -7.131944e+02 7.474388e+02
<VARIANCE> 6
 2.514247e+02 7.746002e+05 4.333421e+05 3.627172e+03 1.914249e+05 7.113306e+07
<GCONST> 8.153231e+01
<MIXTURE> 8 6.996082e-02
<MEAN> 6
 -8.915318e+00 -1.293842e+02 9.746367e+02 5.589209e-01 1.889280e+02 1.361555e+03
<VARIANCE> 6
 1.842704e+02 6.334769e+04 5.464673e+05 4.903067e+03 1.026253e+05 5.205853e+07
<GCONST> 7.831563e+01
<MIXTURE> 9 6.546458e-02
<MEAN> 6
 -1.898108e+01 2.986203e+02 -3.693840e+02 8.131744e+00 3.045078e+01 2.057474e+02
<VARIANCE> 6
 3.171015e+01 1.281363e+04 9.854358e+04 3.743562e+02 4.056576e+04 5.205853e+07
<GCONST> 6.974419e+01
<MIXTURE> 10 7.228437e-02
<MEAN> 6
 4.709062e+01 6.062897e+02 1.065738e+03 4.526065e+00 -1.741503e+02 -1.232760e+02
<VARIANCE> 6
 5.032231e+01 1.432512e+05 4.581353e+05 3.183192e+03 4.056576e+04 5.205853e+07
<GCONST> 7.629718e+01
<MIXTURE> 11 7.366130e-02
<MEAN> 6
 7.743870e+01 -2.672417e+02 3.134597e+02 9.585795e+01 -6.874338e+02 -1.626442e+02
<VARIANCE> 6
 1.319347e+02 5.110382e+05 5.523648e+05 2.570357e+03 1.794412e+05 5.205853e+07
<GCONST> 7.999301e+01
<MIXTURE> 12 7.094762e-02
<MEAN> 6
 -9.820499e+00 -2.943817e+02 6.351105e+02 -1.173154e+01 9.372487e+01 -4.610139e+02
<VARIANCE> 6
 2.000773e+02 6.492209e+04 4.823209e+05 4.042640e+03 8.828162e+04 5.205853e+07
<GCONST> 7.795409e+01
<STATE> 10
<NUMMIXES> 12
<MIXTURE> 1 1.430046e-01
<MEAN> 6
 9.720580e+01 3.128080e+02 -3.670064e+02 -5.029532e+00 -3.084393e+00 1.255850e+02
<VARIANCE> 6
 6.333119e+01 4.068293e+04 4.422083e+04 3.003832e+02 4.056576e+04 5.205853e+07
<GCONST> 7.056977e+01
<MIXTURE> 2 1.008637e-01
<MEAN> 6
 6.157851e+01 7.891416e+02 6.292592e+02 -1.797201e+00 -5.325308e+00 2.941167e+02
<VARIANCE> 6
 3.171015e+01 3.266123e+06 5.515961e+05 3.003832e+02 4.056576e+04 5.205853e+07
<GCONST> 7.678720e+01
<MIXTURE> 3 1.013926e-01
<MEAN> 6
 9.045519e+01 5.358898e+02 1.095263e+03 -3.709036e+00 -3.884235e+00 2.866114e+02
<VARIANCE> 6
 3.171015e+01 2.658378e+05 1.079198e+06 3.003832e+02 4.056576e+04 5.205853e+07
<GCONST> 7.494989e+01
<MIXTURE> 4 2.466279e-02
<MEAN> 6
 6.773004e+01 -3.837856e+02 2.972907e+03 -1.379414e+00 -1.257289e+01 1.450183e+02
<VARIANCE> 6
 3.171015e+01 1.639830e+04 1.155935e+04 3.003832e+02 4.056576e+04 5.205853e+07
<GCONST> 6.762770e+01
<MIXTURE> 5 7.467473e-02
<MEAN> 6
 9.950223e+01 1.474161e+03 -8.874339e+02 -6.192647e+00 -6.352043e-01 3.346463e+02
<VARIANCE> 6
 1.763429e+02 3.950188e+05 1.805563e+05 3.003832e+02 4.056576e+04 5.205853e+07
<GCONST> 7.527380e+01
<MIXTURE> 6 1.138915e-01
<MEAN> 6
 8.891552e+01 -2.440711e+02 2.138971e+02 -3.223630e+00 -8.001098e+00 1.272233e+02
<VARIANCE> 6
 5.093974e+01 2.075007e+04 9.591527e+04 3.003832e+02 4.056576e+04 5.205853e+07
<GCONST> 7.045305e+01
<MIXTURE> 7 8.760229e-02
<MEAN> 6
 8.535094e+01 -8.407975e+02 1.157445e+03 -5.056445e+00 -9.521165e+00 2.399130e+02
<VARIANCE> 6
 3.171015e+01 2.818871e+04 1.687819e+06 3.003832e+02 4.056576e+04 5.205853e+07
<GCONST> 7.315314e+01
<MIXTURE> 8 7.540984e-02
<MEAN> 6
 9.242915e+01 -5.230972e+02 -1.332046e+03 -4.453088e+00 -1.972020e+00 7.184278e+01
<VARIANCE> 6
 7.765102e+01 4.596058e+04 1.754012e+05 3.003832e+02 4.056576e+04 5.205853e+07
<GCONST> 7.227348e+01
<MIXTURE> 9 4.613929e-02
<MEAN> 6
 8.102817e+01 -3.720599e+03 6.449996e+02 -7.475567e+00 1.930940e+01 -1.174896e+02
<VARIANCE> 6
 3.171015e+01 1.709192e+06 3.591449e+05 3.003832e+02 4.056576e+04 5.205853e+07
<GCONST> 7.571053e+01
<MIXTURE> 10 5.904283e-02
<MEAN> 6
 8.260616e+01 -1.118381e+02 -1.255421e+02 -3.003480e+00 -8.863734e+00 1.511026e+02
<VARIANCE> 6
 3.171015e+01 1.810205e+04 6.384508e+05 3.003832e+02 4.056576e+04 5.205853e+07
<GCONST> 7.173810e+01
<MIXTURE> 11 9.748543e-02
<MEAN> 6
 8.084915e+01 -1.099756e+03 2.041234e+02 -3.839849e+00 -6.734909e+00 2.490880e+02
<VARIANCE> 6
 5.121564e+01 8.215669e+04 9.123953e+05 3.003832e+02 4.056576e+04 5.205853e+07
<GCONST> 7.408714e+01
<MIXTURE> 12 7.575417e-02
<MEAN> 6
 9.593068e+01 1.439607e+03 -1.081310e+03 -5.530014e+00 -1.004864e+01 1.925311e+02
<VARIANCE> 6
 1.617494e+02 4.669288e+05 1.181146e+05 3.003832e+02 4.056576e+04 5.205853e+07
<GCONST> 7.493027e+01
<STATE> 11
<NUMMIXES> 12
<MIXTURE> 1 8.844609e-02
<MEAN> 6
 7.575426e+01 8.382277e+02 2.137701e+01 -3.064638e+00 1.039231e+00 1.448523e+02
<VARIANCE> 6
 3.171015e+01 3.902917e+04 1.124404e+05 3.003832e+02 4.056576e+04 5.205853e+07
<GCONST> 7.076976e+01
<MIXTURE> 2 1.162210e-01
<MEAN> 6
 6.741129e+01 4.468282e+02 1.363791e+02 -6.542284e-01 -9.096307e+00 -1.308232e+02
<VARIANCE> 6
 3.631725e+01 1.281363e+04 1.155935e+04 3.003832e+02 4.056576e+04 5.205853e+07
<GCONST> 6.751669e+01
<MIXTURE> 3 7.315227e-02
<MEAN> 6
 6.356960e+01 5.381633e+01 2.080047e+01 6.750255e-01 -1.017899e+01 -9.599061e+01
<VARIANCE> 6
 3.171015e+01 1.434950e+04 1.155935e+04 3.003832e+02 4.056576e+04 5.205853e+07
<GCONST> 6.749424e+01
<MIXTURE> 4 7.586306e-02
<MEAN> 6
 7.442631e+01 4.085693e+02 6.172725e+02 -4.298190e+00 -8.214575e+00 5.876860e+01
<VARIANCE> 6
 3.171015e+01 3.118701e+04 1.636901e+04 3.003832e+02 4.056576e+04 5.205853e+07
<GCONST> 6.861842e+01
<MIXTURE> 5 3.978917e-02
<MEAN> 6
 7.032529e+01 -5.584084e+02 -1.965225e+02 -4.641526e+00 7.811006e-01 -1.731401e+01
<VARIANCE> 6
 3.171015e+01 6.572122e+04 1.155935e+04 3.003832e+02 4.056576e+04 5.205853e+07
<GCONST> 6.901595e+01
<MIXTURE> 6 6.393542e-02
<MEAN> 6
 5.455428e+01 8.358128e+02 -1.865195e+00 1.392863e+00 5.105565e+00 -1.205133e+02
<VARIANCE> 6
 3.171015e+01 1.281363e+04 1.155935e+04 3.003832e+02 4.056576e+04 5.205853e+07
<GCONST> 6.738103e+01
<MIXTURE> 7 9.743605e-02
<MEAN> 6
 5.839779e+01 2.804654e+01 -1.205098e+02 1.759444e-01 -4.208179e+00 -1.440063e+02
<VARIANCE> 6
 3.171015e+01 1.281363e+04 1.155935e+04 3.003832e+02 4.056576e+04 5.205853e+07
<GCONST> 6.738103e+01
<MIXTURE> 8 7.004848e-02
<MEAN> 6
 7.479808e+01 8.636614e+02 -5.416235e+02 -2.248087e+00 -4.231241e+00 1.322969e+02
<VARIANCE> 6
 3.171015e+01 3.016536e+05 7.248451e+04 3.003832e+02 4.056576e+04 5.205853e+07
<GCONST> 7.237568e+01
<MIXTURE> 9 1.385813e-01
<MEAN> 6
 6.021883e+01 4.831191e+02 1.060885e+02 -2.447308e-01 1.133731e-01 -1.186720e+02
<VARIANCE> 6
 3.171015e+01 1.281363e+04 1.155935e+04 3.003832e+02 4.056576e+04 5.205853e+07
<GCONST> 6.738103e+01
<MIXTURE> 10 9.778859e-02
<MEAN> 6
 5.818002e+01 2.607961e+01 -1.260051e+02 2.106556e-01 -4.060996e+00 -1.431935e+02
<VARIANCE> 6
 3.171015e+01 1.281363e+04 1.155935e+04 3.003832e+02 4.056576e+04 5.205853e+07
<GCONST> 6.738103e+01
<MIXTURE> 11 6.971063e-02
<MEAN> 6
 6.148528e+01 3.720943e+01 -5.278625e+01 -3.112047e-03 -5.993782e+00 -1.306088e+02
<VARIANCE> 6
 3.171015e+01 1.281363e+04 1.155935e+04 3.003832e+02 4.056576e+04 5.205853e+07
<GCONST> 6.738103e+01
<MIXTURE> 12 6.896640e-02
<MEAN> 6
 7.502203e+01 5.651829e+02 -6.802690e+02 -3.477936e+00 -8.488955e-01 7.456409e+01
<VARIANCE> 6
 3.171015e+01 3.116841e+05 8.183540e+04 3.003832e+02 4.056576e+04 5.205853e+07
<GCONST> 7.252972e+01
<STATE> 12
<NUMMIXES> 12
<MIXTURE> 1 1.113377e-01
<MEAN> 6
 -3.592658e+01 1.776416e+03 -1.997259e+03 5.845881e+00 7.254915e+02 -9.546328e+01
<VARIANCE> 6
 1.195046e+02 2.102703e+06 1.667772e+06 1.652310e+04 1.804509e+05 8.351268e+07
<GCONST> 8.475259e+01
<MIXTURE> 2 7.630642e-02
<MEAN> 6
 9.481235e+01 8.431252e+02 -2.318198e+03 -3.199675e+00 -2.205851e+01 -1.471404e+01
<VARIANCE> 6
 1.059793e+02 1.042422e+06 2.004940e+05 3.003832e+02 4.056576e+04 5.205853e+07
<GCONST> 7.583972e+01
<MIXTURE> 3 1.185614e-01
<MEAN> 6
 3.502315e+01 2.815849e+03 -3.830555e+03 1.345226e+02 -9.938829e+01 -6.674217e+02
<VARIANCE> 6
 8.347699e+02 1.702650e+06 1.293210e+06 2.148804e+03 4.056576e+04 5.205853e+07
<GCONST> 8.222598e+01
<MIXTURE> 4 4.794761e-02
<MEAN> 6
 8.834649e+01 -2.474571e+03 -1.264750e+03 -3.549553e+01 -6.059407e+02 8.008292e+02
<VARIANCE> 6
 3.850542e+02 1.758030e+07 5.761766e+06 1.453365e+04 5.040782e+05 1.540045e+08
<GCONST> 9.079689e+01
<MIXTURE> 5 1.071470e-01
<MEAN> 6
 1.099025e+01 1.844443e+03 -2.298423e+03 -1.623496e+02 1.200346e+02 1.575349e+03
<VARIANCE> 6
 5.107546e+02 2.645816e+06 1.814225e+06 2.314338e+03 6.523374e+04 5.205853e+07
<GCONST> 8.306331e+01
<MIXTURE> 6 5.043956e-02
<MEAN> 6
 1.060129e+02 -9.336691e+02 -6.761481e+03 -6.136064e+00 6.156506e+00 1.085563e+02
<VARIANCE> 6
 4.976350e+01 1.046588e+05 1.788483e+05 3.003832e+02 4.056576e+04 5.205853e+07
<GCONST> 7.267091e+01
<MIXTURE> 7 1.020985e-01
<MEAN> 6
 8.023273e+01 1.814899e+03 -3.298153e+03 -1.804640e+00 -3.558633e+02 -1.754057e+02
<VARIANCE> 6
 1.375725e+02 2.025910e+06 1.333478e+06 7.656921e+03 7.816965e+04 5.205853e+07
<GCONST> 8.255412e+01
<MIXTURE> 8 8.492061e-02
<MEAN> 6
 7.432019e+01 3.681514e+02 -3.045354e+03 2.166771e+00 -4.493592e+00 -3.152481e+02
<VARIANCE> 6
 3.171015e+01 1.364932e+05 1.164494e+06 3.003832e+02 4.056576e+04 5.205853e+07
<GCONST> 7.435934e+01
<MIXTURE> 9 6.838746e-02
<MEAN> 6
 -6.192894e+00 -2.927683e+02 -1.573677e+03 7.067800e+01 1.684800e+02 -1.658189e+03
<VARIANCE> 6
 2.520400e+02 3.007614e+06 1.942972e+06 2.137011e+04 4.056576e+04 5.205853e+07
<GCONST> 8.430154e+01
<MIXTURE> 10 5.660406e-02
<MEAN> 6
 -6.119722e+01 4.906699e+02 -2.203845e+03 -8.369325e-01 2.246781e+02 1.181579e+02
<VARIANCE> 6
 3.171015e+01 8.261408e+05 2.349813e+06 9.826236e+02 6.346362e+04 5.205853e+07
<GCONST> 7.849460e+01
<MIXTURE> 11 1.002595e-01
<MEAN> 6
 6.938290e+01 -2.354252e+02 -2.123405e+03 -2.778149e+01 -3.838312e+02 8.532971e+02
<VARIANCE> 6
 5.079763e+02 1.719705e+06 2.515648e+06 2.509912e+04 9.154749e+04 5.205853e+07
<GCONST> 8.567648e+01
<MIXTURE> 12 7.595649e-02
<MEAN> 6
 9.047571e+01 2.895434e+02 -2.229578e+03 -3.001009e+00 -2.221497e+01 -6.558714e+01
<VARIANCE> 6
 7.645504e+01 1.477979e+06 1.692324e+05 3.003832e+02 4.056576e+04 5.205853e+07
<GCONST> 7.569279e+01
<STATE> 13
<NUMMIXES> 12
<MIXTURE> 1 7.657350e-02
<MEAN> 6
 5.265910e+00 1.103786e+02 1.476032e+02 -1.758557e+02 1.600298e+02 6.252985e+03
<VARIANCE> 6
 6.549308e+02 1.465041e+05 2.519897e+05 1.454598e+04 3.026045e+05 2.022192e+08
<GCONST> 8.317386e+01
<MIXTURE> 2 7.058120e-02
<MEAN> 6
 -4.387077e+01 1.472019e+01 -3.159272e+01 -9.216480e+00 1.209293e+03 -7.085691e+02
<VARIANCE> 6
 1.518154e+02 9.851676e+04 5.187410e+04 2.321226e+04 3.065924e+05 2.639900e+08
<GCONST> 8.048162e+01
<MIXTURE> 3 1.204837e-01
<MEAN> 6
 7.004768e+01 -1.385423e+02 -2.284251e+01 -5.735395e+00 -5.649005e+01 5.440026e+01
<VARIANCE> 6
 6.647163e+01 1.726716e+05 5.841784e+04 3.003832e+02 4.056576e+04 5.205853e+07
<GCONST> 7.234218e+01
<MIXTURE> 4 7.332160e-02
<MEAN> 6
 7.991873e+01 -3.439445e+02 -3.771746e+01 1.789697e+01 -8.191495e+02 -1.748386e+03
<VARIANCE> 6
 1.783566e+02 6.231327e+05 7.662022e+04 9.366713e+03 5.522890e+05 2.420381e+08
<GCONST> 8.247153e+01
<MIXTURE> 5 8.410571e-02
<MEAN> 6
 3.573508e+01 2.750127e+01 4.470970e+01 1.496935e+02 -1.926618e+02 -8.857179e+02
<VARIANCE> 6
 4.508009e+02 5.479057e+04 6.180966e+04 2.455957e+03 5.664483e+04 5.205853e+07
<GCONST> 7.560008e+01
<MIXTURE> 6 1.188410e-01
<MEAN> 6
 -7.282719e+00 -1.526580e+01 3.839900e+01 -3.656952e+01 1.147746e+02 -9.095795e+02
<VARIANCE> 6
 3.486847e+02 4.643187e+04 1.600269e+04 3.172638e+04 1.510862e+05 1.007432e+08
<GCONST> 7.802628e+01
<MIXTURE> 7 6.511408e-02
<MEAN> 6
 -4.167240e+01 7.028653e+01 -3.575646e+01 3.171786e+01 5.759578e+02 3.596617e+02
<VARIANCE> 6
 1.241521e+02 6.284667e+04 5.152030e+04 6.875887e+03 1.125478e+05 5.205853e+07
<GCONST> 7.598175e+01
<MIXTURE> 8 1.026122e-01
<MEAN> 6
 6.030875e+01 3.410772e+01 4.370936e+01 2.825748e+00 -4.586618e+02 -6.101144e+02
<VARIANCE> 6
 1.452472e+02 1.336826e+05 3.571046e+04 1.338200e+04 8.770993e+04 5.205853e+07
<GCONST> 7.694346e+01
<MIXTURE> 9 8.403528e-02
<MEAN> 6
 -1.196721e+01 -1.113810e+02 -2.485699e+01 7.114069e+01 1.611006e+02 -1.814275e+03
<VARIANCE> 6
 2.337000e+02 1.079717e+05 6.675688e+04 1.672240e+04 5.276873e+04 5.205853e+07
<GCONST> 7.754579e+01
<MIXTURE> 10 6.171371e-02
<MEAN> 6
 3.708570e+01 -2.036280e+02 -1.310286e+02 1.404377e+02 -1.457965e+02 -1.112136e+03
<VARIANCE> 6
 4.543311e+02 1.618048e+05 7.453336e+04 3.179134e+03 5.805347e+04 5.205853e+07
<GCONST> 7.716060e+01
<MIXTURE> 11 7.713492e-02
<MEAN> 6
 5.277560e+01 5.218474e+01 2.366736e+01 -1.507308e+02 -6.592150e+02 2.482181e+03
<VARIANCE> 6
 2.853275e+02 9.507651e+04 1.476813e+04 6.238488e+03 2.049435e+05 7.067196e+07
<GCONST> 7.678610e+01
<MIXTURE> 12 6.516407e-02
<MEAN> 6
 -4.370475e+01 5.202903e+00 -1.104403e+02 1.345881e+00 4.372476e+02 -3.773268e+02
<VARIANCE> 6
 1.355950e+02 6.000396e+04 7.520875e+04 4.680833e+03 1.068882e+05 5.205853e+07
<GCONST> 7.596577e+01
<TRANSP> 14
 0.000000e+00 1.000000e+00 0.000000e+00 0.000000e+00 0.000000e+00 0.000000e+00 0.000000e+00 0.000000e+00 0.000000e+00 0.000000e+00 0.000000e+00 0.000000e+00 0.000000e+00 0.000000e+00
 0.000000e+00 9.989159e-01 1.084145e-03 0.000000e+00 0.000000e+00 0.000000e+00 0.000000e+00 0.000000e+00 0.000000e+00 0.000000e+00 0.000000e+00 0.000000e+00 0.000000e+00 0.000000e+00
 0.000000e+00 0.000000e+00 9.992068e-01 7.931475e-04 0.000000e+00 0.000000e+00 0.000000e+00 0.000000e+00 0.000000e+00 0.000000e+00 0.000000e+00 0.000000e+00 0.000000e+00 0.000000e+00
 0.000000e+00 0.000000e+00 0.000000e+00 9.991362e-01 8.638272e-04 0.000000e+00 0.000000e+00 0.000000e+00 0.000000e+00 0.000000e+00 0.000000e+00 0.000000e+00 0.000000e+00 0.000000e+00
 0.000000e+00 0.000000e+00 0.000000e+00 0.000000e+00 9.992613e-01 7.387677e-04 0.000000e+00 0.000000e+00 0.000000e+00 0.000000e+00 0.000000e+00 0.000000e+00 0.000000e+00 0.000000e+00
 0.000000e+00 0.000000e+00 0.000000e+00 0.000000e+00 0.000000e+00 9.982626e-01 1.737359e-03 0.000000e+00 0.000000e+00 0.000000e+00 0.000000e+00 0.000000e+00 0.000000e+00 0.000000e+00
 0.000000e+00 0.000000e+00 0.000000e+00 0.000000e+00 0.000000e+00 0.000000e+00 9.975291e-01 2.470949e-03 0.000000e+00 0.000000e+00 0.000000e+00 0.000000e+00 0.000000e+00 0.000000e+00
 0.000000e+00 0.000000e+00 0.000000e+00 0.000000e+00 0.000000e+00 0.000000e+00 0.000000e+00 9.999158e-01 8.414453e-05 0.000000e+00 0.000000e+00 0.000000e+00 0.000000e+00 0.000000e+00
 0.000000e+00 0.000000e+00 0.000000e+00 0.000000e+00 0.000000e+00 0.000000e+00 0.000000e+00 0.000000e+00 9.984996e-01 1.500437e-03 0.000000e+00 0.000000e+00 0.000000e+00 0.000000e+00
 0.000000e+00 0.000000e+00 0.000000e+00 0.000000e+00 0.000000e+00 0.000000e+00 0.000000e+00 0.000000e+00 0.000000e+00 9.991601e-01 8.399032e-04 0.000000e+00 0.000000e+00 0.000000e+00
 0.000000e+00 0.000000e+00 0.000000e+00 0.000000e+00 0.000000e+00 0.000000e+00 0.000000e+00 0.000000e+00 0.000000e+00 0.000000e+00 9.989009e-01 1.099113e-03 0.000000e+00 0.000000e+00
 0.000000e+00 0.000000e+00 0.000000e+00 0.000000e+00 0.000000e+00 0.000000e+00 0.000000e+00 0.000000e+00 0.000000e+00 0.000000e+00 0.000000e+00 9.989583e-01 1.041736e-03 0.000000e+00
 0.000000e+00 0.000000e+00 0.000000e+00 0.000000e+00 0.000000e+00 0.000000e+00 0.000000e+00 0.000000e+00 0.000000e+00 0.000000e+00 0.000000e+00 0.000000e+00 9.998242e-01 1.758063e-04
 0.000000e+00 0.000000e+00 0.000000e+00 0.000000e+00 0.000000e+00 0.000000e+00 0.000000e+00 0.000000e+00 0.000000e+00 0.000000e+00 0.000000e+00 0.000000e+00 0.000000e+00 0.000000e+00
<ENDHMM>
~h "QuintoPRIMARIA"
<BEGINHMM>
<NUMSTATES> 14
<STATE> 2
<NUMMIXES> 12
<MIXTURE> 1 8.842078e-02
<MEAN> 6
 -4.489697e+01 -2.361911e+02 1.080058e+02 -4.981639e+01 1.291709e+03 -1.667769e+02
<VARIANCE> 6
 3.218958e+02 5.992436e+05 2.797958e+05 3.403606e+04 7.271072e+05 4.533938e+08
<GCONST> 8.651101e+01
<MIXTURE> 2 3.177333e-02
<MEAN> 6
 3.230530e+01 1.057128e+02 -2.348598e+01 -6.350544e+01 -3.928916e+02 6.114191e+03
<VARIANCE> 6
 2.196329e+03 3.265304e+06 1.742498e+06 6.717576e+04 2.767986e+06 1.986762e+09
<GCONST> 9.544997e+01
<MIXTURE> 3 9.674679e-02
<MEAN> 6
 7.381214e+01 1.485181e+02 -1.732057e+02 -3.837741e+00 -2.334245e+01 -2.951017e+02
<VARIANCE> 6
 2.003744e+02 6.330144e+05 1.181461e+05 3.003832e+02 4.056576e+04 5.205853e+07
<GCONST> 7.544899e+01
<MIXTURE> 4 7.007175e-02
<MEAN> 6
 7.087569e+01 7.512132e+01 1.529668e+01 8.755257e+00 -4.385128e+02 2.612855e+02
<VARIANCE> 6
 3.581040e+02 5.803323e+04 3.786922e+04 1.651630e+04 1.540899e+05 5.205853e+07
<GCONST> 7.784402e+01
<MIXTURE> 5 1.108245e-01
<MEAN> 6
 -3.887987e+01 -1.569100e+01 3.237603e+01 7.085039e+01 7.597145e+02 -1.174878e+03
<VARIANCE> 6
 3.310559e+02 6.406203e+04 6.364014e+04 1.665814e+04 1.448946e+05 5.759229e+07
<GCONST> 7.843147e+01
<MIXTURE> 6 1.008860e-01
<MEAN> 6
 2.311676e+01 -6.959584e+01 6.056940e+01 2.238636e+02 -1.471292e+02 -3.565709e+03
<VARIANCE> 6
 5.424484e+02 1.995520e+05 1.792550e+05 5.578542e+03 2.188312e+05 8.137973e+07
<GCONST> 8.076112e+01
<MIXTURE> 7 7.395759e-02
<MEAN> 6
 7.238795e+01 1.028111e+01 1.082919e+02 -3.562080e+00 -3.920982e+01 -3.450786e+02
<VARIANCE> 6
 1.398035e+02 2.446662e+04 8.870434e+04 3.003832e+02 4.056576e+04 5.205853e+07
<GCONST> 7.154925e+01
<MIXTURE> 8 1.064090e-01
<MEAN> 6
 1.048375e+01 8.425070e+00 -8.691928e+00 -2.415482e+02 -1.281268e+02 5.017830e+03
<VARIANCE> 6
 5.975521e+02 7.050546e+04 1.295479e+05 6.044968e+03 3.978428e+05 1.994852e+08
<GCONST> 8.106740e+01
<MIXTURE> 9 9.055622e-02
<MEAN> 6
 7.921992e+01 3.422929e+01 -1.835045e+01 4.269335e-01 -9.511670e+02 -5.834846e+02
<VARIANCE> 6
 3.142180e+02 5.347412e+05 1.394158e+05 2.109423e+04 7.308859e+05 3.323837e+08
<GCONST> 8.489268e+01
<MIXTURE> 10 7.989687e-02
<MEAN> 6
 -5.013176e+01 -7.138424e+00 -3.226680e+00 1.703589e+01 2.142448e+02 1.250721e+02
<VARIANCE> 6
 2.291756e+02 7.595312e+04 9.363120e+04 7.654363e+02 6.126752e+04 5.205853e+07
<GCONST> 7.457808e+01
<MIXTURE> 11 8.009908e-02
<MEAN> 6
 6.022926e+01 -9.400226e+01 -5.199522e+01 -5.742666e-02 -1.498466e+01 -1.647300e+02
<VARIANCE> 6
 3.171015e+01 3.081675e+04 1.489611e+05 3.003832e+02 4.056576e+04 5.205853e+07
<GCONST> 7.081477e+01
<MIXTURE> 12 6.991171e-02
<MEAN> 6
 6.542233e+01 -1.818613e+01 -3.469558e+01 -4.468037e+01 -6.342690e+02 -1.368591e+03
<VARIANCE> 6
 3.153600e+02 5.875121e+04 4.819757e+04 1.871705e+04 1.772691e+05 5.205853e+07
<GCONST> 7.823560e+01
<STATE> 3
<NUMMIXES> 12
<MIXTURE> 1 7.664963e-02
<MEAN> 6
 9.636362e+01 1.573495e+02 2.376686e+01 -3.612310e+01 -8.164147e+01 1.347105e+04
<VARIANCE> 6
 1.150671e+02 1.358765e+05 1.195134e+05 1.004870e+03 7.898088e+05 7.217574e+08
<GCONST> 8.017282e+01
<MIXTURE> 2 9.453992e-02
<MEAN> 6
 5.728806e+01 -6.052097e+03 -1.885224e+03 -4.684359e-01 -1.227371e+01 -1.584755e+02
<VARIANCE> 6
 3.171015e+01 3.477171e+06 1.424241e+04 3.003832e+02 4.056576e+04 5.205853e+07
<GCONST> 7.319322e+01
<MIXTURE> 3 1.170542e-01
<MEAN> 6
 4.200916e+01 5.013662e+01 2.457134e+01 1.575809e+02 -8.280241e+01 -8.511015e+02
<VARIANCE> 6
 6.775914e+02 2.485617e+04 1.155935e+04 4.252244e+03 1.007619e+05 5.205853e+07
<GCONST> 7.466551e+01
<MIXTURE> 4 9.538863e-02
<MEAN> 6
 2.558523e+01 1.198467e+02 1.807945e+02 3.157835e+02 -9.360448e+01 -1.350834e+04
<VARIANCE> 6
 9.051044e+02 2.451234e+05 1.353596e+05 4.504672e+03 8.600156e+05 2.922330e+08
<GCONST> 8.363115e+01
<MIXTURE> 5 5.702141e-02
<MEAN> 6
 9.127244e+01 -4.364267e+01 6.676086e+01 1.317110e+02 -2.062165e+03 -8.028787e+03
<VARIANCE> 6
 1.542477e+02 3.002406e+05 2.594632e+05 9.382795e+03 9.366978e+05 1.060243e+09
<GCONST> 8.482304e+01
<MIXTURE> 6 1.179621e-01
<MEAN> 6
 3.003141e+01 -2.518387e+02 1.392767e+02 2.248878e+02 -2.962184e+02 -1.350021e+03
<VARIANCE> 6
 4.542840e+02 1.860872e+05 2.859875e+05 1.995022e+03 1.548530e+05 5.547516e+07
<GCONST> 7.922375e+01
<MIXTURE> 7 7.829902e-02
<MEAN> 6
 8.849651e+01 3.046094e+02 -5.423313e+01 6.939523e+01 -8.119633e+02 7.285829e+02
<VARIANCE> 6
 1.927657e+02 1.479846e+05 2.875452e+04 2.072548e+03 1.636618e+05 6.207462e+07
<GCONST> 7.604610e+01
<MIXTURE> 8 6.543346e-02
<MEAN> 6
 -1.627821e+01 -1.370238e+01 2.969892e+02 2.063128e+02 5.862311e+02 -2.778268e+03
<VARIANCE> 6
 1.947558e+02 1.478666e+05 2.493117e+05 2.507912e+03 1.073115e+05 5.205853e+07
<GCONST> 7.780811e+01
<MIXTURE> 9 1.107529e-01
<MEAN> 6
 6.078477e+01 3.184560e+01 -1.907665e+02 1.413198e+02 -4.497787e+02 -8.158455e+02
<VARIANCE> 6
 2.276268e+02 6.769970e+04 1.464393e+05 3.076141e+03 1.566951e+05 5.205853e+07
<GCONST> 7.723354e+01
<MIXTURE> 10 6.660649e-02
<MEAN> 6
 2.373045e+01 -7.001150e+01 -4.544272e+02 1.203368e+02 5.325417e+00 1.408865e+02
<VARIANCE> 6
 7.352933e+02 1.580938e+05 4.293932e+05 1.371723e+03 5.222501e+04 5.205853e+07
<GCONST> 7.842362e+01
<MIXTURE> 11 5.298503e-02
<MEAN> 6
 5.685207e+01 -1.373916e+04 -2.175773e+03 -7.036725e-01 5.364892e+00 5.902190e+01
<VARIANCE> 6
 3.171015e+01 1.368313e+07 1.155935e+04 3.003832e+02 4.056576e+04 5.205853e+07
<GCONST> 7.435445e+01
<MIXTURE> 12 6.729741e-02
<MEAN> 6
 -1.968431e+01 -1.658302e+02 1.135820e+02 1.787619e+02 4.957547e+02 -3.510713e+03
<VARIANCE> 6
 1.751826e+02 1.305080e+05 2.276811e+05 2.785929e+03 7.806815e+04 5.205853e+07
<GCONST> 7.727353e+01
<STATE> 4
<NUMMIXES> 12
<MIXTURE> 1 1.035356e-01
<MEAN> 6
 8.120077e+01 -3.490188e+02 2.607077e+03 -6.221066e-01 -9.297168e+00 -1.752488e+02
<VARIANCE> 6
 3.171015e+01 1.281363e+04 1.155935e+04 3.003832e+02 4.056576e+04 5.205853e+07
<GCONST> 6.738103e+01
<MIXTURE> 2 1.014084e-01
<MEAN> 6
 1.196440e+02 -2.380078e+03 2.675647e+01 -1.612313e+00 -1.206548e+00 3.309114e+01
<VARIANCE> 6
 3.171015e+01 7.433723e+04 1.155935e+04 3.003832e+02 4.056576e+04 5.205853e+07
<GCONST> 6.913914e+01
<MIXTURE> 3 7.350241e-02
<MEAN> 6
 4.728432e+01 3.837527e+02 1.860229e+03 4.995759e-01 -3.144163e+00 -4.674050e+01
<VARIANCE> 6
 3.171015e+01 1.281363e+04 1.696326e+04 3.003832e+02 4.056576e+04 5.205853e+07
<GCONST> 6.776459e+01
<MIXTURE> 4 8.799183e-02
<MEAN> 6
 7.327038e+01 -4.330522e+02 1.114426e+03 -1.422623e+00 4.388395e+00 -1.398057e+02
<VARIANCE> 6
 3.171015e+01 1.281363e+04 1.155935e+04 3.003832e+02 4.056576e+04 5.205853e+07
<GCONST> 6.738103e+01
<MIXTURE> 5 1.359150e-01
<MEAN> 6
 7.332626e+01 -4.184404e+02 8.957475e+02 -1.313145e+00 -6.049547e+00 -8.107684e+01
<VARIANCE> 6
 3.171015e+01 1.281363e+04 1.155935e+04 3.003832e+02 4.056576e+04 5.205853e+07
<GCONST> 6.738103e+01
<MIXTURE> 6 7.624436e-02
<MEAN> 6
 8.183216e+01 -7.304771e+02 1.568921e+03 -1.415324e-01 1.327975e-02 -6.486364e+00
<VARIANCE> 6
 3.171015e+01 1.281363e+04 1.320174e+04 3.003832e+02 4.056576e+04 5.205853e+07
<GCONST> 6.751389e+01
<MIXTURE> 7 1.366764e-01
<MEAN> 6
 7.333362e+01 -4.187394e+02 8.946871e+02 -1.321823e+00 -6.217087e+00 -8.257597e+01
<VARIANCE> 6
 3.171015e+01 1.281363e+04 1.155935e+04 3.003832e+02 4.056576e+04 5.205853e+07
<GCONST> 6.738103e+01
<MIXTURE> 8 7.932243e-02
<MEAN> 6
 7.297379e+01 -4.076114e+02 9.640020e+02 -1.233325e+00 -1.025972e+00 -4.895451e+01
<VARIANCE> 6
 3.171015e+01 1.281363e+04 1.339130e+04 3.003832e+02 4.056576e+04 5.205853e+07
<GCONST> 6.752814e+01
<MIXTURE> 9 8.746518e-03
<MEAN> 6
 6.969201e+01 -3.057582e+02 -1.877202e+02 -1.153349e+01 -2.093942e+02 1.036562e+04
<VARIANCE> 6
 3.753800e+02 7.545569e+05 1.072516e+06 4.170760e+02 1.765334e+05 1.596916e+08
<GCONST> 8.137790e+01
<MIXTURE> 10 7.551795e-02
<MEAN> 6
 8.150896e+01 -6.940766e+02 1.436743e+03 -2.656274e-01 -5.232785e+00 -1.821504e+02
<VARIANCE> 6
 3.171015e+01 1.281363e+04 1.954371e+04 3.003832e+02 4.056576e+04 5.205853e+07
<GCONST> 6.790619e+01
<MIXTURE> 11 4.815646e-02
<MEAN> 6
 8.076266e+01 -4.873690e+02 2.280467e+03 1.108453e-01 -1.157338e+00 3.973735e+01
<VARIANCE> 6
 3.171015e+01 1.281363e+04 2.305246e+04 3.003832e+02 4.056576e+04 5.205853e+07
<GCONST> 6.807131e+01
<MIXTURE> 12 7.297273e-02
<MEAN> 6
 4.764022e+01 3.539357e+02 1.799465e+03 3.382778e-01 -1.127457e+01 -1.843981e+02
<VARIANCE> 6
 3.171015e+01 1.281363e+04 1.599813e+04 3.003832e+02 4.056576e+04 5.205853e+07
<GCONST> 6.770601e+01
<STATE> 5
<NUMMIXES> 12
<MIXTURE> 1 1.241877e-01
<MEAN> 6
 7.108217e+01 -7.760285e+02 -1.462180e+03 -3.634527e-01 -7.048331e-01 3.933900e+01
<VARIANCE> 6
 3.171015e+01 1.281363e+04 1.155935e+04 3.003832e+02 4.056576e+04 5.205853e+07
<GCONST> 6.738103e+01
<MIXTURE> 2 1.056051e-01
<MEAN> 6
 5.902586e+01 -3.306440e+02 -1.207853e+03 1.332970e+00 -4.599847e+00 -2.383132e+02
<VARIANCE> 6
 3.171015e+01 1.281363e+04 1.894275e+04 3.003832e+02 4.056576e+04 5.205853e+07
<GCONST> 6.787496e+01
<MIXTURE> 3 3.665547e-02
<MEAN> 6
 6.098701e+01 7.561087e+01 -2.681097e+03 -3.291873e+00 2.029834e+01 2.112859e+01
<VARIANCE> 6
 3.171015e+01 1.281363e+04 2.245909e+04 3.003832e+02 5.495343e+04 5.205853e+07
<GCONST> 6.834880e+01
<MIXTURE> 4 7.662527e-02
<MEAN> 6
 7.142760e+01 -1.643266e+03 -1.113459e+03 3.595923e+00 -1.167516e+01 -1.013511e+01
<VARIANCE> 6
 3.171015e+01 6.263406e+05 1.931380e+05 3.003832e+02 4.056576e+04 5.205853e+07
<GCONST> 7.408633e+01
<MIXTURE> 5 8.799583e-02
<MEAN> 6
 6.150100e+01 2.034123e+02 -3.216251e+03 9.845662e-01 -1.187385e+01 -1.626802e+02
<VARIANCE> 6
 3.171015e+01 1.281363e+04 1.155935e+04 3.003832e+02 4.056576e+04 5.205853e+07
<GCONST> 6.738103e+01
<MIXTURE> 6 8.226202e-02
<MEAN> 6
 5.703467e+01 -3.984980e+02 -1.555718e+03 4.489096e+00 1.222078e+00 -1.319573e+02
<VARIANCE> 6
 3.171015e+01 1.281363e+04 1.302531e+04 3.003832e+02 4.056576e+04 5.205853e+07
<GCONST> 6.750043e+01
<MIXTURE> 7 7.429616e-02
<MEAN> 6
 6.969541e+01 -6.605914e+02 -1.704329e+03 -8.194996e-01 -1.098082e+01 -1.196252e+02
<VARIANCE> 6
 3.171015e+01 1.281363e+04 1.155935e+04 3.003832e+02 4.056576e+04 5.205853e+07
<GCONST> 6.738103e+01
<MIXTURE> 8 6.837145e-02
<MEAN> 6
 6.194677e+01 1.258526e+02 -2.915145e+03 1.584583e-01 -2.567000e+00 -1.364747e+02
<VARIANCE> 6
 3.171015e+01 1.281363e+04 1.155935e+04 3.003832e+02 4.056576e+04 5.205853e+07
<GCONST> 6.738103e+01
<MIXTURE> 9 1.143382e-01
<MEAN> 6
 6.017351e+01 -3.418245e+02 -1.334430e+03 2.337887e+00 -1.283008e+00 1.227754e+01
<VARIANCE> 6
 3.171015e+01 1.281363e+04 1.155935e+04 3.003832e+02 4.056576e+04 5.205853e+07
<GCONST> 6.738103e+01
<MIXTURE> 10 8.830558e-02
<MEAN> 6
 6.150147e+01 2.035060e+02 -3.216368e+03 9.852012e-01 -1.187343e+01 -1.627329e+02
<VARIANCE> 6
 3.171015e+01 1.281363e+04 1.155935e+04 3.003832e+02 4.056576e+04 5.205853e+07
<GCONST> 6.738103e+01
<MIXTURE> 11 7.346902e-02
<MEAN> 6
 6.959951e+01 -6.518395e+02 -1.731305e+03 -1.210586e+00 -1.852324e+01 -1.945981e+02
<VARIANCE> 6
 3.171015e+01 1.281363e+04 1.155935e+04 3.003832e+02 4.056576e+04 5.205853e+07
<GCONST> 6.738103e+01
<MIXTURE> 12 6.788301e-02
<MEAN> 6
 6.198213e+01 1.247648e+02 -2.939522e+03 3.998662e-01 -5.991897e+00 -1.622000e+02
<VARIANCE> 6
 3.171015e+01 1.281363e+04 1.155935e+04 3.003832e+02 4.056576e+04 5.205853e+07
<GCONST> 6.738103e+01
<STATE> 6
<NUMMIXES> 12
<MIXTURE> 1 9.869213e-02
<MEAN> 6
 6.815080e+01 4.499220e+03 -6.597250e+02 -1.339477e+00 8.108975e-01 -2.018261e+00
<VARIANCE> 6
 3.171015e+01 2.890626e+05 1.155935e+04 3.003832e+02 4.056576e+04 5.205853e+07
<GCONST> 7.049717e+01
<MIXTURE> 2 8.088259e-02
<MEAN> 6
 6.917621e+01 2.232043e+03 1.248906e+03 -9.806120e-01 -5.123162e+00 -2.432296e+02
<VARIANCE> 6
 3.171015e+01 1.281363e+04 1.231817e+04 3.003832e+02 4.056576e+04 5.205853e+07
<GCONST> 6.744461e+01
<MIXTURE> 3 1.067688e-01
<MEAN> 6
 5.604611e+01 -1.106817e+03 8.223410e+02 -6.322869e-01 -6.687145e+00 -1.797732e+02
<VARIANCE> 6
 3.171015e+01 1.281363e+04 1.155935e+04 3.003832e+02 4.056576e+04 5.205853e+07
<GCONST> 6.738103e+01
<MIXTURE> 4 8.693367e-02
<MEAN> 6
 6.557301e+01 1.243601e+03 -5.042583e+02 5.047542e-01 -1.475311e+01 -5.983472e+01
<VARIANCE> 6
 3.171015e+01 1.281363e+04 1.155935e+04 3.003832e+02 4.056576e+04 5.205853e+07
<GCONST> 6.738103e+01
<MIXTURE> 5 1.004653e-01
<MEAN> 6
 7.100175e+01 1.126698e+03 -1.662401e+03 1.473906e+00 2.373455e+00 -1.677634e+02
<VARIANCE> 6
 3.171015e+01 2.085184e+04 3.347527e+04 3.003832e+02 4.056576e+04 5.205853e+07
<GCONST> 6.893127e+01
<MIXTURE> 6 1.074149e-01
<MEAN> 6
 7.352431e+01 1.335893e+03 1.214006e+03 6.512860e-01 -4.904950e+00 -1.345759e+02
<VARIANCE> 6
 3.171015e+01 1.281363e+04 1.190530e+04 3.003832e+02 4.056576e+04 5.205853e+07
<GCONST> 6.741052e+01
<MIXTURE> 7 7.267687e-02
<MEAN> 6
 6.628744e+01 1.356447e+03 -6.850659e+02 -1.103175e+00 -6.229787e-01 -1.833114e+01
<VARIANCE> 6
 3.171015e+01 1.281363e+04 1.155935e+04 3.003832e+02 4.056576e+04 5.205853e+07
<GCONST> 6.738103e+01
<MIXTURE> 8 1.126197e-01
<MEAN> 6
 5.827970e+01 1.032621e+03 -1.068344e+03 -7.155531e-01 -1.380835e+01 -1.248242e+02
<VARIANCE> 6
 3.171015e+01 1.469417e+04 1.155935e+04 3.003832e+02 4.056576e+04 5.205853e+07
<GCONST> 6.751797e+01
<MIXTURE> 9 7.488617e-02
<MEAN> 6
 5.687721e+01 1.374986e+03 1.135920e+03 2.028706e+00 -1.047565e+01 -7.278404e-01
<VARIANCE> 6
 3.171015e+01 1.894468e+04 1.155935e+04 3.003832e+02 4.056576e+04 5.205853e+07
<GCONST> 6.777205e+01
<MIXTURE> 10 3.753469e-02
<MEAN> 6
 7.207451e+01 1.929958e+03 -2.979640e+02 -1.956840e+00 7.100954e+00 1.200628e+02
<VARIANCE> 6
 3.171015e+01 3.369720e+05 8.343926e+05 3.003832e+02 4.056576e+04 5.205853e+07
<GCONST> 7.492973e+01
<MIXTURE> 11 7.337604e-02
<MEAN> 6
 6.628458e+01 1.356301e+03 -6.850579e+02 -1.102046e+00 -6.142713e-01 -1.831735e+01
<VARIANCE> 6
 3.171015e+01 1.281363e+04 1.155935e+04 3.003832e+02 4.056576e+04 5.205853e+07
<GCONST> 6.738103e+01
<MIXTURE> 12 4.774693e-02
<MEAN> 6
 6.999114e+01 1.649065e+03 -5.621738e+02 5.393137e-01 -1.974433e+01 6.048441e+02
<VARIANCE> 6
 1.171718e+02 3.611419e+05 3.479970e+05 3.003832e+02 4.056576e+04 5.205853e+07
<GCONST> 7.543150e+01
<STATE> 7
<NUMMIXES> 12
<MIXTURE> 1 4.593967e-02
<MEAN> 6
 6.175425e+01 4.480082e+02 3.822826e+02 2.670055e+00 -4.520450e+00 -3.852701e-02
<VARIANCE> 6
 3.537804e+01 2.558346e+04 1.895731e+04 3.003832e+02 4.056576e+04 5.205853e+07
<GCONST> 6.867662e+01
<MIXTURE> 2 7.331473e-02
<MEAN> 6
 7.371649e+01 1.712761e+02 4.717479e+01 -4.417839e+00 -6.864128e+00 4.887200e+01
<VARIANCE> 6
 3.210854e+01 1.334339e+04 1.155935e+04 3.003832e+02 4.056576e+04 5.205853e+07
<GCONST> 6.743403e+01
<MIXTURE> 3 1.249363e-01
<MEAN> 6
 6.213005e+01 1.316623e+01 -5.239408e+02 -1.557299e+00 -5.443834e+00 -1.284780e+01
<VARIANCE> 6
 3.171015e+01 1.281363e+04 2.890146e+04 3.003832e+02 4.056576e+04 5.205853e+07
<GCONST> 6.829743e+01
<MIXTURE> 4 1.095541e-02
<MEAN> 6
 7.271174e+01 9.157877e-01 4.352776e+02 -1.906538e+00 -7.255228e-01 -3.817004e+01
<VARIANCE> 6
 3.171015e+01 1.281363e+04 1.155935e+04 3.003832e+02 4.056576e+04 5.205853e+07
<GCONST> 6.738103e+01
<MIXTURE> 5 1.583780e-01
<MEAN> 6
 6.405229e+01 9.134342e+01 -2.375443e+02 -1.728612e+00 -2.660045e+00 -5.362526e+00
<VARIANCE> 6
 3.171015e+01 1.281363e+04 1.206756e+04 3.003832e+02 4.056576e+04 5.205853e+07
<GCONST> 6.742406e+01
<MIXTURE> 6 6.205665e-02
<MEAN> 6
 6.080891e+01 -3.066915e+01 -1.571447e+02 -1.368561e+00 -5.104533e+00 -1.238689e+02
<VARIANCE> 6
 3.171015e+01 1.281363e+04 2.013978e+05 3.003832e+02 4.056576e+04 5.205853e+07
<GCONST> 7.023882e+01
<MIXTURE> 7 7.240648e-02
<MEAN> 6
 6.814120e+01 2.216598e+02 1.169021e+02 -2.193691e+00 6.011808e-01 2.074356e+00
<VARIANCE> 6
 3.171015e+01 1.281363e+04 1.155935e+04 3.003832e+02 4.056576e+04 5.205853e+07
<GCONST> 6.738103e+01
<MIXTURE> 8 1.592754e-01
<MEAN> 6
 6.404414e+01 9.050618e+01 -2.379979e+02 -1.726622e+00 -2.673349e+00 -5.931290e+00
<VARIANCE> 6
 3.171015e+01 1.281363e+04 1.206718e+04 3.003832e+02 4.056576e+04 5.205853e+07
<GCONST> 6.742403e+01
<MIXTURE> 9 1.102568e-01
<MEAN> 6
 6.270891e+01 7.335700e+01 1.446986e+02 -1.753510e+00 1.153430e+00 9.659367e+00
<VARIANCE> 6
 3.171015e+01 1.281363e+04 1.155935e+04 3.003832e+02 4.056576e+04 5.205853e+07
<GCONST> 6.738103e+01
<MIXTURE> 10 6.771678e-02
<MEAN> 6
 7.298811e+01 -1.478044e+01 4.212991e+02 -1.893718e+00 -4.561447e-01 -1.327888e+01
<VARIANCE> 6
 3.171015e+01 1.281363e+04 1.155935e+04 3.003832e+02 4.056576e+04 5.205853e+07
<GCONST> 6.738103e+01
<MIXTURE> 11 4.738199e-02
<MEAN> 6
 7.201396e+01 4.399328e+02 1.363336e+02 -6.004769e+00 1.232951e+01 3.426583e+02
<VARIANCE> 6
 1.446441e+02 1.311983e+05 3.089580e+04 3.003832e+02 4.056576e+04 5.205853e+07
<GCONST> 7.220799e+01
<MIXTURE> 12 6.734058e-02
<MEAN> 6
 6.657418e+01 1.709883e+02 1.021556e+02 -2.353661e+00 1.030661e-01 8.772937e+00
<VARIANCE> 6
 3.171015e+01 1.281363e+04 1.155935e+04 3.003832e+02 4.056576e+04 5.205853e+07
<GCONST> 6.738103e+01
<STATE> 8
<NUMMIXES> 12
<MIXTURE> 1 4.139678e-03
<MEAN> 6
 9.482130e+01 1.003637e+03 -3.596407e+01 -9.142762e+00 2.789978e+01 3.205467e+03
<VARIANCE> 6
 3.171015e+01 1.849770e+04 3.031617e+04 3.003832e+02 4.519986e+04 5.205853e+07
<GCONST> 6.882053e+01
<MIXTURE> 2 7.952947e-02
<MEAN> 6
 9.506105e+01 8.857423e+01 1.121736e+01 -7.633658e+00 -8.016485e-01 4.535426e+02
<VARIANCE> 6
 3.880248e+01 1.281363e+04 1.155935e+04 3.003832e+02 4.056576e+04 5.205853e+07
<GCONST> 6.758288e+01
<MIXTURE> 3 5.603771e-02
<MEAN> 6
 7.816012e+01 8.147835e+01 -6.797433e+02 -1.819247e+00 -1.551367e+01 -9.267342e+01
<VARIANCE> 6
 3.171015e+01 1.281363e+04 9.621721e+04 3.003832e+02 4.056576e+04 5.205853e+07
<GCONST> 6.950014e+01
<MIXTURE> 4 1.303112e-01
<MEAN> 6
 8.962341e+01 5.525471e+01 -1.954095e+02 -1.446589e+00 -6.902990e+00 2.316505e+01
<VARIANCE> 6
 4.424803e+01 1.281363e+04 1.155935e+04 3.003832e+02 4.056576e+04 5.205853e+07
<GCONST> 6.771420e+01
<MIXTURE> 5 7.858822e-02
<MEAN> 6
 8.727122e+01 6.025380e+02 -2.215912e+02 -2.484158e+00 -1.271014e+00 -6.862885e+01
<VARIANCE> 6
 3.171015e+01 1.152739e+05 1.155935e+04 3.003832e+02 4.056576e+04 5.205853e+07
<GCONST> 6.957784e+01
<MIXTURE> 6 3.981587e-02
<MEAN> 6
 1.033009e+02 -4.168370e+02 1.291625e+01 -5.947896e+00 1.441786e+01 3.900072e+01
<VARIANCE> 6
 3.171015e+01 1.281363e+04 1.155935e+04 3.003832e+02 4.056576e+04 5.205853e+07
<GCONST> 6.738103e+01
<MIXTURE> 7 1.410707e-01
<MEAN> 6
 8.764169e+01 -2.503915e+02 -3.366829e+02 -2.393203e+00 3.628595e+00 6.605062e+01
<VARIANCE> 6
 3.719212e+01 1.281363e+04 1.155935e+04 3.003832e+02 4.056576e+04 5.205853e+07
<GCONST> 6.754049e+01
<MIXTURE> 8 3.702654e-02
<MEAN> 6
 9.379006e+01 5.003884e+02 -4.088159e+02 -7.887809e+00 -3.698346e+00 1.535042e+02
<VARIANCE> 6
 9.972749e+01 1.281363e+04 1.155935e+04 3.003832e+02 4.056576e+04 5.205853e+07
<GCONST> 6.852683e+01
<MIXTURE> 9 1.005233e-01
<MEAN> 6
 8.880626e+01 -1.651440e+02 3.606352e+01 -2.939070e+00 2.604295e+00 -1.207602e+01
<VARIANCE> 6
 3.171015e+01 1.281363e+04 1.155935e+04 3.003832e+02 4.056576e+04 5.205853e+07
<GCONST> 6.738103e+01
<MIXTURE> 10 9.674483e-02
<MEAN> 6
 8.897406e+01 3.417529e+00 5.405602e+01 -4.022875e+00 3.566433e+00 2.773232e+01
<VARIANCE> 6
 3.171015e+01 1.281363e+04 1.155935e+04 3.003832e+02 4.056576e+04 5.205853e+07
<GCONST> 6.738103e+01
<MIXTURE> 11 1.368171e-01
<MEAN> 6
 8.475574e+01 3.149316e+01 -2.474252e+02 2.699274e-01 -1.322467e+00 -2.379527e+01
<VARIANCE> 6
 3.171015e+01 1.281363e+04 1.155935e+04 3.003832e+02 4.056576e+04 5.205853e+07
<GCONST> 6.738103e+01
<MIXTURE> 12 9.935848e-02
<MEAN> 6
 8.835183e+01 -2.022783e+02 1.896510e+01 -2.682504e+00 -4.666383e-01 -1.121668e+01
<VARIANCE> 6
 3.171015e+01 1.281363e+04 1.155935e+04 3.003832e+02 4.056576e+04 5.205853e+07
<GCONST> 6.738103e+01
<STATE> 9
<NUMMIXES> 12
<MIXTURE> 1 1.332451e-01
<MEAN> 6
 8.962295e+01 2.145316e+02 3.733165e+03 -5.261688e-02 -5.593776e+00 -1.549473e+02
<VARIANCE> 6
 3.171015e+01 1.281363e+04 1.155935e+04 3.003832e+02 4.056576e+04 5.205853e+07
<GCONST> 6.738103e+01
<MIXTURE> 2 6.745299e-02
<MEAN> 6
 6.867254e+01 6.591994e+02 4.312578e+03 -9.478976e-02 -5.279303e-02 -5.575268e+01
<VARIANCE> 6
 3.171015e+01 1.281363e+04 1.155935e+04 3.003832e+02 4.056576e+04 5.205853e+07
<GCONST> 6.738103e+01
<MIXTURE> 3 7.386886e-02
<MEAN> 6
 8.896516e+01 5.359054e+02 -1.353052e+03 7.885215e-01 -1.056176e+01 -1.948239e+02
<VARIANCE> 6
 3.171015e+01 1.759540e+04 1.155935e+04 3.003832e+02 4.056576e+04 5.205853e+07
<GCONST> 6.769816e+01
<MIXTURE> 4 7.604325e-02
<MEAN> 6
 5.334984e+01 3.862664e+02 -5.948775e+03 4.441189e+00 -2.714964e+01 -1.945575e+02
<VARIANCE> 6
 4.629053e+01 4.776927e+04 4.923887e+06 5.206473e+02 4.056576e+04 5.205853e+07
<GCONST> 7.567958e+01
<MIXTURE> 5 1.141296e-01
<MEAN> 6
 7.163585e+01 -3.544420e+01 3.324771e+03 3.207993e-01 -2.841064e+00 -9.135207e+01
<VARIANCE> 6
 3.171015e+01 1.281363e+04 1.155935e+04 3.003832e+02 4.056576e+04 5.205853e+07
<GCONST> 6.738103e+01
<MIXTURE> 6 6.979365e-02
<MEAN> 6
 6.362626e+01 7.274658e+02 -2.958883e+03 5.054117e-01 -1.274691e+01 -9.651888e+01
<VARIANCE> 6
 3.171015e+01 1.281363e+04 7.250941e+04 3.003832e+02 4.056576e+04 5.205853e+07
<GCONST> 6.921725e+01
<MIXTURE> 7 8.693201e-02
<MEAN> 6
 7.411172e+01 6.151833e+02 1.973989e+03 -7.315500e-01 -8.039092e+00 -1.779807e+02
<VARIANCE> 6
 3.171015e+01 1.281363e+04 3.155320e+04 3.003832e+02 4.056576e+04 5.205853e+07
<GCONST> 6.838522e+01
<MIXTURE> 8 1.212366e-01
<MEAN> 6
 5.287362e+01 5.559471e+02 -1.732597e+03 8.889166e-01 5.432605e-01 -1.644309e+02
<VARIANCE> 6
 3.171015e+01 1.281363e+04 2.113970e+05 3.003832e+02 4.056576e+04 5.205853e+07
<GCONST> 7.028728e+01
<MIXTURE> 9 4.374649e-02
<MEAN> 6
 9.444900e+01 2.296090e+02 4.504362e+02 -2.638901e+00 2.057308e+01 -2.662863e+02
<VARIANCE> 6
 3.171015e+01 1.281363e+04 1.155935e+04 3.003832e+02 4.056576e+04 5.205853e+07
<GCONST> 6.738103e+01
<MIXTURE> 10 7.561581e-02
<MEAN> 6
 8.853389e+01 3.565766e+02 -1.321372e+03 -2.281335e+00 1.718540e+00 2.548663e+01
<VARIANCE> 6
 3.171015e+01 1.715740e+04 1.155935e+04 3.003832e+02 4.056576e+04 5.205853e+07
<GCONST> 6.767295e+01
<MIXTURE> 11 7.083743e-02
<MEAN> 6
 6.237186e+01 7.892149e+02 -3.276026e+03 3.547611e-01 -4.825246e-01 4.094783e+01
<VARIANCE> 6
 3.171015e+01 1.281363e+04 5.009380e+04 3.003832e+02 4.056576e+04 5.205853e+07
<GCONST> 6.884743e+01
<MIXTURE> 12 6.709860e-02
<MEAN> 6
 6.879015e+01 6.342666e+02 4.297535e+03 -4.323941e-02 -4.924610e+00 -1.388548e+02
<VARIANCE> 6
 3.171015e+01 1.281363e+04 1.155935e+04 3.003832e+02 4.056576e+04 5.205853e+07
<GCONST> 6.738103e+01
<STATE> 10
<NUMMIXES> 12
<MIXTURE> 1 1.153178e-01
<MEAN> 6
 7.879463e+01 -2.571448e+02 4.256922e+02 -2.855331e-01 -1.971768e+01 9.205974e+01
<VARIANCE> 6
 3.171015e+01 1.281363e+04 1.155935e+04 3.003832e+02 4.056576e+04 5.205853e+07
<GCONST> 6.738103e+01
<MIXTURE> 2 7.799371e-02
<MEAN> 6
 7.813326e+01 -1.329326e+01 1.193116e+02 -4.465639e+00 7.254595e+00 2.228020e+00
<VARIANCE> 6
 3.171015e+01 1.737074e+04 1.155935e+04 3.003832e+02 4.056576e+04 5.205853e+07
<GCONST> 6.768531e+01
<MIXTURE> 3 7.003343e-03
<MEAN> 6
 7.887746e+01 -9.145987e+01 8.646424e+02 -5.304956e+00 -7.836259e+01 -3.215924e+01
<VARIANCE> 6
 1.836837e+02 2.665034e+05 3.989699e+06 3.003832e+02 4.056576e+04 5.205853e+07
<GCONST> 7.801646e+01
<MIXTURE> 4 7.451899e-02
<MEAN> 6
 7.339449e+01 -5.587576e+02 1.758060e+02 -1.619062e+00 -1.189987e+00 -1.343859e+02
<VARIANCE> 6
 3.171015e+01 1.281363e+04 1.155935e+04 3.003832e+02 4.056576e+04 5.205853e+07
<GCONST> 6.738103e+01
<MIXTURE> 5 1.216147e-01
<MEAN> 6
 7.799619e+01 -3.522552e+02 1.368373e+02 -3.381526e+00 2.782114e+00 -7.032901e+00
<VARIANCE> 6
 3.171015e+01 9.879685e+04 1.155935e+04 3.003832e+02 4.056576e+04 5.205853e+07
<GCONST> 6.942359e+01
<MIXTURE> 6 2.663643e-02
<MEAN> 6
 7.570663e+01 -3.456939e+02 -1.949753e+02 -4.260868e+00 2.685206e+00 1.787259e+02
<VARIANCE> 6
 3.171015e+01 2.457001e+04 1.155935e+04 3.003832e+02 4.056576e+04 5.205853e+07
<GCONST> 6.803205e+01
<MIXTURE> 7 1.241951e-01
<MEAN> 6
 7.568878e+01 -7.897103e+02 -2.890487e+01 6.898071e-02 1.842893e+00 -1.462732e+02
<VARIANCE> 6
 3.171015e+01 1.281363e+04 1.640960e+04 3.003832e+02 4.056576e+04 5.205853e+07
<GCONST> 6.773141e+01
<MIXTURE> 8 7.462084e-02
<MEAN> 6
 7.785455e+01 -2.379820e+02 1.093982e+02 -4.452194e+00 4.240556e+00 1.831423e+00
<VARIANCE> 6
 3.171015e+01 4.467904e+04 1.155935e+04 3.003832e+02 4.056576e+04 5.205853e+07
<GCONST> 6.863003e+01
<MIXTURE> 9 1.457190e-01
<MEAN> 6
 7.857653e+01 -3.978160e+02 7.618997e+01 -4.472306e+00 3.784464e+00 -5.209452e+01
<VARIANCE> 6
 3.171015e+01 1.447933e+04 1.298729e+04 3.003832e+02 4.056576e+04 5.205853e+07
<GCONST> 6.761972e+01
<MIXTURE> 10 8.093531e-02
<MEAN> 6
 7.275567e+01 -5.757232e+02 1.822219e+02 -1.386717e+00 -2.236958e+00 -1.276702e+02
<VARIANCE> 6
 3.171015e+01 1.281363e+04 1.155935e+04 3.003832e+02 4.056576e+04 5.205853e+07
<GCONST> 6.738103e+01
<MIXTURE> 11 7.716341e-02
<MEAN> 6
 7.800025e+01 -3.594533e+02 7.615634e+01 -4.559013e+00 3.498312e+00 -2.552369e+01
<VARIANCE> 6
 3.171015e+01 2.355385e+04 1.155935e+04 3.003832e+02 4.056576e+04 5.205853e+07
<GCONST> 6.798981e+01
<MIXTURE> 12 7.426468e-02
<MEAN> 6
 7.701906e+01 -7.825495e+01 1.000048e+02 -4.986721e+00 7.758176e+00 5.848883e+01
<VARIANCE> 6
 3.171015e+01 2.331180e+04 1.155935e+04 3.003832e+02 4.056576e+04 5.205853e+07
<GCONST> 6.797948e+01
<STATE> 11
<NUMMIXES> 12
<MIXTURE> 1 6.048148e-02
<MEAN> 6
 1.001536e+02 -9.682429e+02 -2.626409e+02 -1.200810e+01 1.683332e+01 1.357207e+02
<VARIANCE> 6
 5.193687e+01 7.175734e+04 1.593401e+04 3.003832e+02 4.056576e+04 5.205853e+07
<GCONST> 6.991817e+01
<MIXTURE> 2 4.160001e-02
<MEAN> 6
 8.666176e+01 -7.354877e+02 -2.258691e+02 -2.798954e+01 -4.939924e+02 -8.848617e+03
<VARIANCE> 6
 3.036598e+02 3.689033e+05 5.736582e+05 4.945318e+02 4.160945e+05 3.424022e+08
<GCONST> 8.161503e+01
<MIXTURE> 3 4.485709e-02
<MEAN> 6
 8.595235e+01 -1.094287e+03 -1.519542e+02 -9.627909e+00 6.864596e+00 4.840876e+01
<VARIANCE> 6
 3.171015e+01 1.281363e+04 1.155935e+04 3.003832e+02 4.056576e+04 5.205853e+07
<GCONST> 6.738103e+01
<MIXTURE> 4 6.674850e-03
<MEAN> 6
 7.157996e+01 -4.707428e+02 -5.119210e+02 5.799686e+01 -1.623706e+02 1.565017e+02
<VARIANCE> 6
 3.171015e+01 1.638779e+04 1.155935e+04 3.003832e+02 4.056576e+04 5.205853e+07
<GCONST> 6.762706e+01
<MIXTURE> 5 2.742414e-02
<MEAN> 6
 7.086462e+01 -9.905924e+02 -4.219265e+02 -2.112192e-01 -4.271406e-01 -7.795891e+01
<VARIANCE> 6
 3.171015e+01 1.281363e+04 1.155935e+04 3.003832e+02 4.056576e+04 5.205853e+07
<GCONST> 6.738103e+01
<MIXTURE> 6 9.969479e-02
<MEAN> 6
 7.620535e+01 -2.913197e+02 -5.874163e+02 -3.676595e+00 -9.318772e+00 -1.715170e+02
<VARIANCE> 6
 3.299720e+01 1.281363e+04 1.155935e+04 3.003832e+02 4.056576e+04 5.205853e+07
<GCONST> 6.742081e+01
<MIXTURE> 7 6.646557e-02
<MEAN> 6
 7.101046e+01 -1.053435e+03 -3.839435e+02 2.173319e-01 -5.353067e+00 -2.737652e+02
<VARIANCE> 6
 3.171015e+01 1.281363e+04 1.155935e+04 3.003832e+02 4.056576e+04 5.205853e+07
<GCONST> 6.738103e+01
<MIXTURE> 8 2.124510e-01
<MEAN> 6
 9.866648e+01 -4.971151e+02 -5.360115e+02 -1.348236e+00 -1.991892e+00 -7.554659e+01
<VARIANCE> 6
 3.234076e+01 1.281363e+04 1.155935e+04 3.003832e+02 4.056576e+04 5.205853e+07
<GCONST> 6.740073e+01
<MIXTURE> 9 1.302027e-01
<MEAN> 6
 7.166203e+01 -1.180922e+03 -6.709204e+02 -2.044146e+00 -6.427500e-01 1.786745e+01
<VARIANCE> 6
 3.171015e+01 1.618532e+05 1.155935e+04 3.003832e+02 4.056576e+04 5.205853e+07
<GCONST> 6.991721e+01
<MIXTURE> 10 2.493296e-02
<MEAN> 6
 7.084104e+01 -9.532076e+02 -4.498051e+02 -6.137086e-01 1.051485e+00 -1.600624e+01
<VARIANCE> 6
 3.171015e+01 1.281363e+04 1.155935e+04 3.003832e+02 4.056576e+04 5.205853e+07
<GCONST> 6.738103e+01
<MIXTURE> 11 7.276927e-02
<MEAN> 6
 7.285743e+01 -6.297260e+02 -6.368554e+02 -2.082534e+00 -1.719444e+01 8.274342e+01
<VARIANCE> 6
 3.171015e+01 5.732037e+04 1.155935e+04 3.003832e+02 4.056576e+04 5.205853e+07
<GCONST> 6.887918e+01
<MIXTURE> 12 2.124278e-01
<MEAN> 6
 9.644858e+01 -5.038324e+02 -5.460056e+02 -8.794331e-01 -2.346404e+00 -8.602959e+01
<VARIANCE> 6
 3.171015e+01 1.281363e+04 1.155935e+04 3.003832e+02 4.056576e+04 5.205853e+07
<GCONST> 6.738103e+01
<STATE> 12
<NUMMIXES> 12
<MIXTURE> 1 9.005120e-02
<MEAN> 6
 8.970436e+01 2.269621e+02 -1.702883e+02 2.852208e+00 -3.221794e+02 -3.281917e+01
<VARIANCE> 6
 1.543695e+02 4.904467e+05 1.185621e+06 6.124064e+03 1.746305e+05 5.205853e+07
<GCONST> 8.171375e+01
<MIXTURE> 2 1.008967e-01
<MEAN> 6
 7.641914e+01 1.047439e+02 -1.336280e+02 4.634129e+01 -9.527678e+02 -5.705425e+02
<VARIANCE> 6
 3.409276e+02 1.807425e+06 1.866980e+06 2.796558e+04 4.822332e+05 2.781369e+08
<GCONST> 8.847472e+01
<MIXTURE> 3 5.086530e-02
<MEAN> 6
 -1.017803e+01 -1.049423e-02 -2.307315e+03 -3.751711e+02 2.978540e+02 2.080855e+04
<VARIANCE> 6
 6.071816e+02 8.456934e+05 1.064517e+07 5.617542e+03 1.065116e+06 6.330547e+08
<GCONST> 9.004293e+01
<MIXTURE> 4 1.590884e-01
<MEAN> 6
 1.455810e+01 -2.112181e+02 -7.591867e-01 3.009535e+02 -1.745987e+01 -6.142907e+03
<VARIANCE> 6
 9.517663e+02 4.937599e+05 7.555809e+05 3.954364e+03 5.509104e+05 1.054753e+08
<GCONST> 8.450652e+01
<MIXTURE> 5 6.422798e-02
<MEAN> 6
 4.769487e+01 -1.349527e+01 -3.971353e+02 -2.894162e+02 -1.018107e+03 6.684336e+03
<VARIANCE> 6
 3.178430e+02 4.952037e+05 4.796298e+06 5.291660e+03 4.524346e+05 1.431965e+08
<GCONST> 8.566092e+01
<MIXTURE> 6 6.863763e-02
<MEAN> 6
 -7.437900e+01 1.665678e+01 -3.056603e+02 3.268056e+00 1.402506e+02 6.375179e+02
<VARIANCE> 6
 4.904586e+01 2.360189e+05 7.643749e+05 3.621439e+02 7.222270e+04 5.205853e+07
<GCONST> 7.568593e+01
<MIXTURE> 7 1.359304e-01
<MEAN> 6
 -5.420040e+01 -8.850925e+01 -7.518604e+01 1.140444e+02 9.141094e+02 8.376536e+02
<VARIANCE> 6
 1.590232e+02 2.709222e+05 5.898325e+05 1.107319e+04 2.064830e+05 5.729992e+07
<GCONST> 8.130756e+01
<MIXTURE> 8 6.479616e-02
<MEAN> 6
 -5.696419e+01 -1.783171e+02 -5.988778e+02 -1.798334e+02 1.908900e+03 -1.839126e+02
<VARIANCE> 6
 1.563390e+02 5.335389e+05 2.213644e+06 1.072941e+04 1.187115e+06 8.575973e+08
<GCONST> 8.771416e+01
<MIXTURE> 9 7.829014e-02
<MEAN> 6
 -2.096404e-01 -2.120979e+00 -6.040942e+02 -2.624416e+02 3.271124e+01 1.912208e+02
<VARIANCE> 6
 7.114249e+02 9.790306e+05 1.556407e+06 5.385466e+03 3.556005e+05 1.447424e+08
<GCONST> 8.581023e+01
<MIXTURE> 10 5.096966e-02
<MEAN> 6
 -7.370878e+01 -1.610208e+02 -5.480673e+02 4.117087e+00 8.650961e+02 -6.263171e+03
<VARIANCE> 6
 5.621363e+01 3.223477e+05 2.801600e+06 4.020540e+03 3.175054e+05 2.558001e+08
<GCONST> 8.291284e+01
<MIXTURE> 11 4.499513e-02
<MEAN> 6
 9.217558e+01 -3.794189e+02 -1.550301e+03 5.465583e+01 -1.548388e+03 -7.245656e+02
<VARIANCE> 6
 1.266989e+02 7.499966e+05 4.905458e+06 1.876395e+04 2.574171e+06 1.939263e+09
<GCONST> 9.078906e+01
<MIXTURE> 12 9.115924e-02
<MEAN> 6
 8.158550e+01 -6.563216e+01 -4.868041e+02 -3.317871e+01 -5.682621e+02 -2.282090e+03
<VARIANCE> 6
 1.738895e+02 3.969083e+05 1.381325e+06 1.180593e+04 2.411740e+05 5.205853e+07
<GCONST> 8.275320e+01
<STATE> 13
<NUMMIXES> 12
<MIXTURE> 1 3.039352e-02
<MEAN> 6
 -7.458233e+00 1.603565e+02 1.134567e+02 -2.656877e+01 9.152730e+01 4.448387e+03
<VARIANCE> 6
 1.148719e+04 1.971162e+05 4.048720e+05 1.930383e+06 1.054119e+09 1.549945e+12
<GCONST> 1.087976e+02
<MIXTURE> 2 1.155022e-01
<MEAN> 6
 8.293268e+01 3.287759e+02 1.284905e+03 -3.047638e+00 -2.087852e+01 7.894174e+01
<VARIANCE> 6
 2.237795e+02 1.137539e+06 2.012324e+06 3.003832e+02 4.056576e+04 5.205853e+07
<GCONST> 7.898072e+01
<MIXTURE> 3 6.430101e-02
<MEAN> 6
 -2.945320e+00 1.825666e+02 2.645697e+02 -3.371128e+01 -1.393923e+02 3.524058e+02
<VARIANCE> 6
 5.944728e+03 4.735872e+05 1.484506e+06 4.331462e+04 2.118979e+06 1.852162e+09
<GCONST> 9.357852e+01
<MIXTURE> 4 8.348789e-02
<MEAN> 6
 -3.905441e+01 -5.919696e+01 4.549533e+02 1.027977e+02 5.172300e+02 -1.632668e+03
<VARIANCE> 6
 3.785131e+02 1.087892e+06 1.629567e+06 1.403671e+04 9.917002e+04 5.205853e+07
<GCONST> 8.398900e+01
<MIXTURE> 5 1.232353e-01
<MEAN> 6
 4.899852e+01 4.577218e+02 3.867500e+02 4.382132e+01 -4.138593e+02 -2.658588e+02
<VARIANCE> 6
 7.551808e+02 1.946449e+06 2.625421e+06 2.339395e+04 1.585257e+05 5.205853e+07
<GCONST> 8.671828e+01
<MIXTURE> 6 7.745526e-02
<MEAN> 6
 8.787464e+01 3.603470e+02 -6.025811e+01 -4.519981e+00 3.477364e-01 -9.848518e+01
<VARIANCE> 6
 9.336694e+01 3.027847e+05 3.202361e+05 3.003832e+02 4.056576e+04 5.205853e+07
<GCONST> 7.494501e+01
<MIXTURE> 7 8.423821e-02
<MEAN> 6
 7.497830e+01 1.239018e+02 9.404581e+01 -2.383843e+01 -4.664639e+02 -1.053695e+02
<VARIANCE> 6
 2.637257e+02 2.167786e+05 2.577270e+05 1.355374e+04 3.394906e+05 1.009938e+08
<GCONST> 8.202865e+01
<MIXTURE> 8 8.048937e-02
<MEAN> 6
 -6.074912e+01 9.709929e+01 2.051670e+02 7.011298e+00 1.280431e+02 2.783882e+02
<VARIANCE> 6
 1.093222e+02 3.941204e+05 1.292387e+06 5.007862e+02 4.569802e+04 5.205853e+07
<GCONST> 7.739185e+01
<MIXTURE> 9 8.996902e-02
<MEAN> 6
 1.239314e+01 -1.707094e+02 4.322778e+02 -3.909890e+01 -1.302246e+02 -1.488792e+02
<VARIANCE> 6
 5.991318e+02 3.530314e+05 1.089435e+06 3.823724e+04 1.162269e+05 5.730492e+07
<GCONST> 8.417699e+01
<MIXTURE> 10 5.802147e-02
<MEAN> 6
 -5.244369e+01 -7.771049e+01 7.893798e+01 -5.238470e+01 1.043216e+03 9.600017e+02
<VARIANCE> 6
 1.868097e+02 1.196658e+06 5.615415e+05 2.128536e+04 4.273812e+05 2.525318e+08
<GCONST> 8.576909e+01
<MIXTURE> 11 1.138910e-01
<MEAN> 6
 7.453523e+01 -1.650031e+02 3.382881e+02 3.865241e-01 -2.553232e+01 -3.850883e+01
<VARIANCE> 6
 2.433103e+02 6.489011e+05 1.893061e+06 3.003832e+02 4.056576e+04 5.205853e+07
<GCONST> 7.844196e+01
<MIXTURE> 12 7.871760e-02
<MEAN> 6
 8.396790e+01 1.119454e+02 -2.464158e+02 -4.632767e+00 -1.293571e+01 -2.101584e+02
<VARIANCE> 6
 7.410420e+01 3.127253e+05 3.415131e+05 3.003832e+02 4.056576e+04 5.205853e+07
<GCONST> 7.481058e+01
<TRANSP> 14
 0.000000e+00 1.000000e+00 0.000000e+00 0.000000e+00 0.000000e+00 0.000000e+00 0.000000e+00 0.000000e+00 0.000000e+00 0.000000e+00 0.000000e+00 0.000000e+00 0.000000e+00 0.000000e+00
 0.000000e+00 9.999191e-01 8.086376e-05 0.000000e+00 0.000000e+00 0.000000e+00 0.000000e+00 0.000000e+00 0.000000e+00 0.000000e+00 0.000000e+00 0.000000e+00 0.000000e+00 0.000000e+00
 0.000000e+00 0.000000e+00 9.974420e-01 2.558013e-03 0.000000e+00 0.000000e+00 0.000000e+00 0.000000e+00 0.000000e+00 0.000000e+00 0.000000e+00 0.000000e+00 0.000000e+00 0.000000e+00
 0.000000e+00 0.000000e+00 0.000000e+00 9.973181e-01 2.681796e-03 0.000000e+00 0.000000e+00 0.000000e+00 0.000000e+00 0.000000e+00 0.000000e+00 0.000000e+00 0.000000e+00 0.000000e+00
 0.000000e+00 0.000000e+00 0.000000e+00 0.000000e+00 9.961053e-01 3.894686e-03 0.000000e+00 0.000000e+00 0.000000e+00 0.000000e+00 0.000000e+00 0.000000e+00 0.000000e+00 0.000000e+00
 0.000000e+00 0.000000e+00 0.000000e+00 0.000000e+00 0.000000e+00 9.973280e-01 2.671898e-03 0.000000e+00 0.000000e+00 0.000000e+00 0.000000e+00 0.000000e+00 0.000000e+00 0.000000e+00
 0.000000e+00 0.000000e+00 0.000000e+00 0.000000e+00 0.000000e+00 0.000000e+00 9.985712e-01 1.428815e-03 0.000000e+00 0.000000e+00 0.000000e+00 0.000000e+00 0.000000e+00 0.000000e+00
 0.000000e+00 0.000000e+00 0.000000e+00 0.000000e+00 0.000000e+00 0.000000e+00 0.000000e+00 9.985508e-01 1.449208e-03 0.000000e+00 0.000000e+00 0.000000e+00 0.000000e+00 0.000000e+00
 0.000000e+00 0.000000e+00 0.000000e+00 0.000000e+00 0.000000e+00 0.000000e+00 0.000000e+00 0.000000e+00 9.978518e-01 2.148198e-03 0.000000e+00 0.000000e+00 0.000000e+00 0.000000e+00
 0.000000e+00 0.000000e+00 0.000000e+00 0.000000e+00 0.000000e+00 0.000000e+00 0.000000e+00 0.000000e+00 0.000000e+00 9.982634e-01 1.736655e-03 0.000000e+00 0.000000e+00 0.000000e+00
 0.000000e+00 0.000000e+00 0.000000e+00 0.000000e+00 0.000000e+00 0.000000e+00 0.000000e+00 0.000000e+00 0.000000e+00 0.000000e+00 9.967824e-01 3.217517e-03 0.000000e+00 0.000000e+00
 0.000000e+00 0.000000e+00 0.000000e+00 0.000000e+00 0.000000e+00 0.000000e+00 0.000000e+00 0.000000e+00 0.000000e+00 0.000000e+00 0.000000e+00 9.997834e-01 2.165748e-04 0.000000e+00
 0.000000e+00 0.000000e+00 0.000000e+00 0.000000e+00 0.000000e+00 0.000000e+00 0.000000e+00 0.000000e+00 0.000000e+00 0.000000e+00 0.000000e+00 0.000000e+00 9.998493e-01 1.507565e-04
 0.000000e+00 0.000000e+00 0.000000e+00 0.000000e+00 0.000000e+00 0.000000e+00 0.000000e+00 0.000000e+00 0.000000e+00 0.000000e+00 0.000000e+00 0.000000e+00 0.000000e+00 0.000000e+00
<ENDHMM>
