~o
<STREAMINFO> 1 6
<VECSIZE> 6<NULLD><USER><DIAGC>
~h "SegundoPRIMARIA"
<BEGINHMM>
<NUMSTATES> 14
<STATE> 2
<NUMMIXES> 12
<MIXTURE> 1 1.079018e-01
<MEAN> 6
 8.872849e+01 2.254734e+02 -1.324882e+02 -1.531252e+00 -5.028403e+01 -3.628886e+02
<VARIANCE> 6
 2.973402e+02 7.289031e+05 1.338686e+06 2.961554e+02 4.050157e+04 5.219723e+07
<GCONST> 7.839915e+01
<MIXTURE> 2 7.716608e-02
<MEAN> 6
 1.433115e+01 -8.322734e+01 -5.006335e+01 -1.441404e+02 1.875658e+02 8.344584e+03
<VARIANCE> 6
 3.417193e+03 6.973929e+05 2.320338e+06 5.731630e+04 2.611068e+06 1.121796e+09
<GCONST> 9.384597e+01
<MIXTURE> 3 7.744822e-02
<MEAN> 6
 -3.290856e+01 2.466438e+01 8.134279e+01 2.365309e+01 6.819017e+02 -2.774670e+02
<VARIANCE> 6
 3.379493e+02 1.438373e+05 3.705006e+05 3.432823e+04 1.881978e+05 6.986647e+07
<GCONST> 8.220027e+01
<MIXTURE> 4 9.944938e-02
<MEAN> 6
 2.439594e+01 -3.579982e+01 -3.585470e+01 2.313930e+02 -5.144926e+01 -3.398890e+03
<VARIANCE> 6
 9.297044e+02 2.153424e+05 1.003259e+06 5.768212e+03 1.582608e+05 5.219723e+07
<GCONST> 8.236353e+01
<MIXTURE> 5 1.177467e-01
<MEAN> 6
 7.035126e+01 9.395486e+01 -4.448105e+02 2.426501e-02 -1.337561e+01 -1.264582e+02
<VARIANCE> 6
 6.490923e+01 6.024992e+04 8.790703e+05 2.961554e+02 4.050157e+04 5.219723e+07
<GCONST> 7.396365e+01
<MIXTURE> 6 8.417712e-02
<MEAN> 6
 1.003521e+02 -6.152694e+01 1.666515e+02 -4.243723e+00 -5.853726e+02 -9.295832e+02
<VARIANCE> 6
 2.737209e+02 1.202000e+05 3.659024e+05 1.066025e+04 4.634398e+05 1.700926e+08
<GCONST> 8.241897e+01
<MIXTURE> 7 1.147758e-01
<MEAN> 6
 -5.783183e+01 4.977485e+00 -8.293870e+01 1.033198e+01 3.113735e+02 2.824575e+02
<VARIANCE> 6
 2.039265e+02 1.861922e+05 1.266534e+06 2.708914e+03 8.545123e+04 5.219723e+07
<GCONST> 7.956190e+01
<MIXTURE> 8 6.042400e-02
<MEAN> 6
 5.216299e+01 5.849390e+01 2.666569e+02 -5.083819e+01 -3.025149e+02 2.441524e+03
<VARIANCE> 6
 8.582734e+02 9.433278e+04 5.172015e+05 3.578808e+04 1.935034e+05 5.219723e+07
<GCONST> 8.282191e+01
<MIXTURE> 9 5.050452e-02
<MEAN> 6
 7.112969e+01 -7.186274e+02 1.911781e+03 -5.720575e-01 -6.666186e+00 -5.935228e+01
<VARIANCE> 6
 1.735763e+02 8.102795e+04 1.578929e+06 2.961554e+02 4.050157e+04 5.219723e+07
<GCONST> 7.582921e+01
<MIXTURE> 10 7.907163e-02
<MEAN> 6
 7.148185e+01 -1.450313e+02 -5.168986e+01 -3.311764e+01 -1.019313e+03 -1.952019e+03
<VARIANCE> 6
 4.868810e+02 5.440784e+05 1.903217e+06 3.708705e+04 3.746860e+05 1.819883e+08
<GCONST> 8.725551e+01
<MIXTURE> 11 7.125995e-02
<MEAN> 6
 -4.742491e+01 -1.315213e+02 -3.197005e+01 -8.625721e+00 1.219051e+03 -3.043610e+03
<VARIANCE> 6
 4.131211e+02 2.131995e+05 5.313966e+05 3.704687e+04 4.934888e+05 2.802092e+08
<GCONST> 8.558450e+01
<MIXTURE> 12 5.970965e-02
<MEAN> 6
 4.171895e+01 -5.966578e+01 -7.320025e+00 -1.265374e+02 -4.735974e+02 4.606788e+02
<VARIANCE> 6
 8.668993e+02 9.848030e+04 5.058822e+05 3.420316e+04 2.305143e+05 5.219723e+07
<GCONST> 8.298254e+01
<STATE> 3
<NUMMIXES> 12
<MIXTURE> 1 1.117929e-02
<MEAN> 6
 9.820947e+01 2.199140e+02 1.054095e+02 -1.188263e+01 -1.132590e+02 2.778746e+03
<VARIANCE> 6
 3.128982e+01 1.293270e+04 8.077654e+04 2.961554e+02 6.746498e+04 5.219723e+07
<GCONST> 6.981830e+01
<MIXTURE> 2 9.333497e-02
<MEAN> 6
 7.984943e+01 2.880571e+02 3.006685e+01 1.853568e+00 -1.032590e+01 1.265323e+02
<VARIANCE> 6
 3.128982e+01 1.293270e+04 1.353773e+04 2.961554e+02 4.050157e+04 5.219723e+07
<GCONST> 6.752183e+01
<MIXTURE> 3 1.091344e-01
<MEAN> 6
 9.537406e+01 2.677677e+02 -6.467975e+02 -3.454029e+00 2.048258e-01 6.765544e+01
<VARIANCE> 6
 3.128982e+01 1.293270e+04 1.353773e+04 2.961554e+02 4.050157e+04 5.219723e+07
<GCONST> 6.752183e+01
<MIXTURE> 4 1.070691e-01
<MEAN> 6
 8.626659e+01 8.478008e+01 -1.061385e+02 -4.208666e-01 -1.641065e+00 -4.139310e+01
<VARIANCE> 6
 3.128982e+01 1.293270e+04 1.353773e+04 2.961554e+02 4.050157e+04 5.219723e+07
<GCONST> 6.752183e+01
<MIXTURE> 5 1.365571e-01
<MEAN> 6
 7.992058e+01 2.786364e+02 3.306123e+01 1.824044e+00 -1.241649e+01 1.192187e+02
<VARIANCE> 6
 3.128982e+01 1.293270e+04 1.353773e+04 2.961554e+02 4.050157e+04 5.219723e+07
<GCONST> 6.752183e+01
<MIXTURE> 6 7.896746e-02
<MEAN> 6
 8.348103e+01 -3.090814e+02 -7.822739e+01 -3.374548e+00 -4.043302e+00 -1.863791e+02
<VARIANCE> 6
 3.128982e+01 2.716732e+04 1.353773e+04 2.961554e+02 4.050157e+04 5.219723e+07
<GCONST> 6.826408e+01
<MIXTURE> 7 7.515909e-02
<MEAN> 6
 9.496431e+01 2.631672e+02 -4.121706e+02 2.350425e+00 -7.543728e+00 4.312805e+01
<VARIANCE> 6
 3.128982e+01 1.293270e+04 1.757536e+04 2.961554e+02 4.050157e+04 5.219723e+07
<GCONST> 6.778284e+01
<MIXTURE> 8 1.091669e-01
<MEAN> 6
 8.382181e+01 -2.641644e+02 -8.383852e+01 -3.023575e+00 -3.671489e+00 -1.727828e+02
<VARIANCE> 6
 3.128982e+01 3.364991e+04 1.353773e+04 2.961554e+02 4.050157e+04 5.219723e+07
<GCONST> 6.847808e+01
<MIXTURE> 9 9.469581e-02
<MEAN> 6
 7.989062e+01 2.830286e+02 3.153626e+01 1.832315e+00 -1.134430e+01 1.227193e+02
<VARIANCE> 6
 3.128982e+01 1.293270e+04 1.353773e+04 2.961554e+02 4.050157e+04 5.219723e+07
<GCONST> 6.752183e+01
<MIXTURE> 10 2.285587e-03
<MEAN> 6
 8.209830e+01 -1.427158e+02 -1.428910e+02 1.122212e+01 -1.959659e+02 1.710460e+03
<VARIANCE> 6
 4.844683e+02 2.357825e+06 7.879682e+05 6.977567e+02 1.195306e+05 7.501734e+07
<GCONST> 8.183321e+01
<MIXTURE> 11 1.076099e-01
<MEAN> 6
 8.642735e+01 3.057746e+01 -1.175366e+02 -7.239171e-01 -2.260385e+00 -6.754565e+01
<VARIANCE> 6
 3.128982e+01 1.298331e+04 1.353773e+04 2.961554e+02 4.050157e+04 5.219723e+07
<GCONST> 6.752573e+01
<MIXTURE> 12 7.480276e-02
<MEAN> 6
 9.427058e+01 2.513500e+02 -4.670423e+02 -9.775344e-01 -6.624153e+00 6.506348e-02
<VARIANCE> 6
 3.128982e+01 1.293270e+04 1.792154e+04 2.961554e+02 4.050157e+04 5.219723e+07
<GCONST> 6.780235e+01
<STATE> 4
<NUMMIXES> 12
<MIXTURE> 1 1.113976e-01
<MEAN> 6
 8.608774e+01 -1.697972e+02 -2.984544e+03 -5.424069e+00 -5.183738e-01 1.312511e+02
<VARIANCE> 6
 8.594164e+01 1.997263e+04 5.140359e+04 2.961554e+02 4.050157e+04 5.219723e+07
<GCONST> 7.030103e+01
<MIXTURE> 2 1.127740e-01
<MEAN> 6
 6.778339e+01 -3.857461e+00 -8.342523e+02 -8.578985e-01 -2.843399e+00 -1.279329e+02
<VARIANCE> 6
 3.128982e+01 1.293270e+04 1.377291e+04 2.961554e+02 4.050157e+04 5.219723e+07
<GCONST> 6.753905e+01
<MIXTURE> 3 8.810451e-02
<MEAN> 6
 7.401688e+01 -4.039402e+02 -6.632068e+02 -2.020281e+00 -2.144932e+00 -9.837349e+01
<VARIANCE> 6
 3.128982e+01 5.187427e+04 1.384065e+04 2.961554e+02 4.050157e+04 5.219723e+07
<GCONST> 6.893302e+01
<MIXTURE> 4 4.196215e-02
<MEAN> 6
 7.864001e+01 -3.472890e+02 -7.813534e+02 -4.997784e+00 -3.121930e+01 1.786672e+02
<VARIANCE> 6
 6.744099e+01 1.299675e+05 7.000838e+04 2.961554e+02 4.050157e+04 5.219723e+07
<GCONST> 7.224045e+01
<MIXTURE> 5 6.127592e-02
<MEAN> 6
 5.700290e+01 -1.197934e+03 -5.169112e+02 3.221035e+00 8.464172e+00 7.155322e+01
<VARIANCE> 6
 3.128982e+01 5.856695e+04 2.196459e+04 2.961554e+02 4.050157e+04 5.219723e+07
<GCONST> 6.951619e+01
<MIXTURE> 6 7.419283e-02
<MEAN> 6
 6.592591e+01 -2.639424e+02 -1.281208e+03 3.268328e+00 -1.292752e+01 5.080177e+01
<VARIANCE> 6
 3.128982e+01 1.293270e+04 1.353773e+04 2.961554e+02 4.050157e+04 5.219723e+07
<GCONST> 6.752183e+01
<MIXTURE> 7 1.190396e-01
<MEAN> 6
 6.556503e+01 -4.902850e+02 -5.660760e+02 -6.529636e-01 5.676304e-01 -3.131987e+01
<VARIANCE> 6
 3.128982e+01 1.293270e+04 1.353773e+04 2.961554e+02 4.050157e+04 5.219723e+07
<GCONST> 6.752183e+01
<MIXTURE> 8 1.208348e-01
<MEAN> 6
 6.852208e+01 9.486782e+00 -1.019951e+03 3.466492e-02 -5.354651e+00 -7.050201e+01
<VARIANCE> 6
 3.128982e+01 1.293270e+04 3.071828e+04 2.961554e+02 4.050157e+04 5.219723e+07
<GCONST> 6.834120e+01
<MIXTURE> 9 7.866360e-02
<MEAN> 6
 7.067522e+01 -7.637866e+02 -5.978376e+02 -3.268647e+00 1.255378e+00 -9.565482e+01
<VARIANCE> 6
 3.128982e+01 2.150195e+04 1.353773e+04 2.961554e+02 4.050157e+04 5.219723e+07
<GCONST> 6.803021e+01
<MIXTURE> 10 6.804420e-02
<MEAN> 6
 7.236768e+01 -6.551371e+02 -6.309694e+02 -2.970109e+00 8.387907e-01 -3.827422e+01
<VARIANCE> 6
 3.128982e+01 4.654659e+04 1.353773e+04 2.961554e+02 4.050157e+04 5.219723e+07
<GCONST> 6.880252e+01
<MIXTURE> 11 6.147685e-02
<MEAN> 6
 6.920787e+01 -7.220033e+02 -1.009517e+03 -1.420777e+00 -5.947235e+00 1.139189e+02
<VARIANCE> 6
 3.128982e+01 2.515355e+04 3.396960e+04 2.961554e+02 4.050157e+04 5.219723e+07
<GCONST> 6.910705e+01
<MIXTURE> 12 6.221681e-02
<MEAN> 6
 5.721465e+01 -1.338410e+03 -6.028519e+02 4.273442e+00 -2.159286e+01 1.030273e+00
<VARIANCE> 6
 3.128982e+01 3.271456e+04 1.638156e+04 2.961554e+02 4.050157e+04 5.219723e+07
<GCONST> 6.864056e+01
<STATE> 5
<NUMMIXES> 12
<MIXTURE> 1 8.489564e-02
<MEAN> 6
 7.946032e+01 2.844996e+03 -2.460581e+02 -3.084257e+00 1.129168e+00 1.652003e+02
<VARIANCE> 6
 3.128982e+01 1.293270e+04 1.353773e+04 2.961554e+02 4.050157e+04 5.219723e+07
<GCONST> 6.752183e+01
<MIXTURE> 2 9.196492e-02
<MEAN> 6
 9.083092e+01 1.048665e+03 -9.087234e+02 -3.892196e+00 -2.009285e+00 3.922490e+01
<VARIANCE> 6
 3.128982e+01 1.293270e+04 2.113955e+04 2.961554e+02 4.050157e+04 5.219723e+07
<GCONST> 6.796749e+01
<MIXTURE> 3 1.163730e-01
<MEAN> 6
 7.207054e+01 5.717921e+02 -9.909417e+02 2.389876e+00 -1.507716e+01 1.815356e+02
<VARIANCE> 6
 3.128982e+01 4.733636e+04 1.353773e+04 2.961554e+02 4.050157e+04 5.219723e+07
<GCONST> 6.881934e+01
<MIXTURE> 4 7.011922e-02
<MEAN> 6
 8.897122e+01 1.438217e+03 -3.568875e+02 -3.392896e+00 4.300823e+00 6.531990e+02
<VARIANCE> 6
 5.209196e+01 2.370479e+05 4.710063e+04 2.961554e+02 4.050157e+04 5.219723e+07
<GCONST> 7.218685e+01
<MIXTURE> 5 1.075976e-01
<MEAN> 6
 8.868406e+01 1.014113e+03 -2.165399e+03 -2.224817e+00 -5.288128e-01 2.024037e+01
<VARIANCE> 6
 3.128982e+01 1.293270e+04 1.353773e+04 2.961554e+02 4.050157e+04 5.219723e+07
<GCONST> 6.752183e+01
<MIXTURE> 6 3.058144e-02
<MEAN> 6
 6.953754e+01 1.303363e+03 -1.816617e+03 3.279824e+01 -8.632401e+01 1.059481e+03
<VARIANCE> 6
 3.570112e+01 4.324779e+04 5.292754e+04 7.324181e+02 4.360734e+04 5.219723e+07
<GCONST> 7.120370e+01
<MIXTURE> 7 7.998697e-02
<MEAN> 6
 7.779303e+01 1.262010e+03 -9.930547e+02 -2.899680e+00 -9.635544e-01 2.050845e+01
<VARIANCE> 6
 3.128982e+01 1.293270e+04 1.353773e+04 2.961554e+02 4.050157e+04 5.219723e+07
<GCONST> 6.752183e+01
<MIXTURE> 8 1.155960e-01
<MEAN> 6
 8.002026e+01 4.449591e+02 -5.979312e+02 -2.338517e+00 1.010865e+00 1.521664e+02
<VARIANCE> 6
 3.128982e+01 5.846950e+04 1.353773e+04 2.961554e+02 4.050157e+04 5.219723e+07
<GCONST> 6.903057e+01
<MIXTURE> 9 1.220111e-01
<MEAN> 6
 8.341457e+01 1.149986e+03 -1.257771e+03 -1.850405e+00 -3.646376e+00 3.981931e+01
<VARIANCE> 6
 3.128982e+01 1.293270e+04 1.353773e+04 2.961554e+02 4.050157e+04 5.219723e+07
<GCONST> 6.752183e+01
<MIXTURE> 10 7.453757e-02
<MEAN> 6
 7.844248e+01 2.349155e+03 -1.767952e+02 1.071017e+00 -9.732663e+00 -2.406386e+02
<VARIANCE> 6
 3.128982e+01 3.205855e+04 1.353773e+04 2.961554e+02 4.050157e+04 5.219723e+07
<GCONST> 6.842963e+01
<MIXTURE> 11 3.577919e-02
<MEAN> 6
 8.926103e+01 1.004594e+03 -2.354470e+03 7.009846e+00 -5.897918e+01 -2.495055e+00
<VARIANCE> 6
 3.128982e+01 1.293270e+04 4.052474e+04 2.961554e+02 4.050157e+04 5.219723e+07
<GCONST> 6.861826e+01
<MIXTURE> 12 7.054717e-02
<MEAN> 6
 8.693248e+01 1.257351e+03 -4.059931e+02 -3.370570e+00 -4.118715e+01 2.129177e+02
<VARIANCE> 6
 5.044797e+01 3.340281e+05 4.775172e+04 2.961554e+02 4.050157e+04 5.219723e+07
<GCONST> 7.251147e+01
<STATE> 6
<NUMMIXES> 12
<MIXTURE> 1 9.035869e-02
<MEAN> 6
 7.050068e+01 9.664638e+02 6.844987e+02 5.562973e-01 2.058302e+00 -4.692804e+01
<VARIANCE> 6
 3.128982e+01 3.711675e+04 1.353773e+04 2.961554e+02 4.050157e+04 5.219723e+07
<GCONST> 6.857613e+01
<MIXTURE> 2 7.969321e-02
<MEAN> 6
 7.505684e+01 -1.048299e+03 2.784308e+02 1.672564e+00 1.687895e+01 -3.554131e+02
<VARIANCE> 6
 3.128982e+01 1.756099e+04 8.476802e+04 2.961554e+02 4.050157e+04 5.219723e+07
<GCONST> 6.966219e+01
<MIXTURE> 3 7.077573e-02
<MEAN> 6
 6.596349e+01 9.298484e+02 -1.436733e+02 -5.280053e-01 1.779735e+00 -1.111950e+02
<VARIANCE> 6
 3.128982e+01 1.293270e+04 1.353773e+04 2.961554e+02 4.050157e+04 5.219723e+07
<GCONST> 6.752183e+01
<MIXTURE> 4 7.337473e-02
<MEAN> 6
 8.010139e+01 1.377982e+03 4.578739e+02 -2.023490e+00 -3.481054e+00 -1.238969e+02
<VARIANCE> 6
 3.128982e+01 4.933835e+04 1.353773e+04 2.961554e+02 4.050157e+04 5.219723e+07
<GCONST> 6.886077e+01
<MIXTURE> 5 5.987579e-02
<MEAN> 6
 5.565879e+01 4.512713e+02 -1.614932e+02 3.909497e-01 7.128361e+00 -5.642175e+01
<VARIANCE> 6
 3.128982e+01 1.293270e+04 1.427466e+04 2.961554e+02 4.050157e+04 5.219723e+07
<GCONST> 6.757483e+01
<MIXTURE> 6 1.077801e-01
<MEAN> 6
 8.236118e+01 6.002251e+02 4.543683e+02 -6.343742e-01 -2.749852e+00 -6.066140e+01
<VARIANCE> 6
 3.128982e+01 1.293270e+04 1.353773e+04 2.961554e+02 4.050157e+04 5.219723e+07
<GCONST> 6.752183e+01
<MIXTURE> 7 1.104476e-01
<MEAN> 6
 6.846797e+01 5.631074e+02 -1.369623e+02 -1.495589e+00 -2.171328e+00 -1.111361e+02
<VARIANCE> 6
 3.128982e+01 1.293270e+04 1.353773e+04 2.961554e+02 4.050157e+04 5.219723e+07
<GCONST> 6.752183e+01
<MIXTURE> 8 6.185017e-02
<MEAN> 6
 6.251021e+01 2.905492e+02 -3.174724e+02 5.545913e+00 -9.648126e+00 -8.598513e+01
<VARIANCE> 6
 5.322549e+01 1.293270e+04 1.353773e+04 2.961554e+02 4.050157e+04 5.219723e+07
<GCONST> 6.805307e+01
<MIXTURE> 9 9.771195e-02
<MEAN> 6
 8.686347e+01 3.228786e+02 4.344261e+02 1.075891e+00 8.689594e-01 -4.941458e+01
<VARIANCE> 6
 3.128982e+01 1.945123e+04 1.353773e+04 2.961554e+02 4.050157e+04 5.219723e+07
<GCONST> 6.792998e+01
<MIXTURE> 10 1.127413e-01
<MEAN> 6
 7.254459e+01 -7.533513e+02 -1.916519e+02 -3.425154e+00 -1.869100e+01 2.602794e+02
<VARIANCE> 6
 3.128982e+01 3.866335e+04 1.353773e+04 2.961554e+02 4.050157e+04 5.219723e+07
<GCONST> 6.861696e+01
<MIXTURE> 11 7.282423e-02
<MEAN> 6
 6.607410e+01 9.124134e+02 -1.459548e+02 -6.770033e-01 8.760855e-01 -1.065457e+02
<VARIANCE> 6
 3.128982e+01 1.293270e+04 1.353773e+04 2.961554e+02 4.050157e+04 5.219723e+07
<GCONST> 6.752183e+01
<MIXTURE> 12 6.256005e-02
<MEAN> 6
 5.378185e+01 4.210765e+02 -2.221164e+02 6.192760e-01 -8.510181e+00 -1.908584e+02
<VARIANCE> 6
 3.128982e+01 1.293270e+04 1.353773e+04 2.961554e+02 4.050157e+04 5.219723e+07
<GCONST> 6.752183e+01
<STATE> 7
<NUMMIXES> 12
<MIXTURE> 1 8.022560e-02
<MEAN> 6
 1.053727e+02 2.621538e+02 1.263863e+03 -1.225078e-01 -3.313871e+01 1.832235e+02
<VARIANCE> 6
 3.128982e+01 1.486615e+04 1.353773e+04 2.961554e+02 4.050157e+04 5.219723e+07
<GCONST> 6.766116e+01
<MIXTURE> 2 1.180902e-01
<MEAN> 6
 8.285734e+01 -1.641697e+02 4.360733e+02 -2.196959e+00 1.022602e+01 -9.813228e+01
<VARIANCE> 6
 3.128982e+01 1.293270e+04 1.353773e+04 2.961554e+02 4.050157e+04 5.219723e+07
<GCONST> 6.752183e+01
<MIXTURE> 3 7.935514e-02
<MEAN> 6
 9.056966e+01 -1.354724e+03 7.975516e+02 2.995181e-02 -8.316336e-01 -2.556839e+02
<VARIANCE> 6
 3.128982e+01 1.293270e+04 1.353773e+04 2.961554e+02 4.050157e+04 5.219723e+07
<GCONST> 6.752183e+01
<MIXTURE> 4 5.896749e-02
<MEAN> 6
 9.811739e+01 -6.795645e+02 -3.316436e+01 -1.024780e+00 2.471938e+01 2.498105e+02
<VARIANCE> 6
 3.128982e+01 5.763033e+04 1.353773e+04 2.961554e+02 4.050157e+04 5.219723e+07
<GCONST> 6.901611e+01
<MIXTURE> 5 5.278323e-02
<MEAN> 6
 9.975534e+01 -5.128142e+02 3.664585e+02 2.027386e+00 -2.917335e+01 -5.961386e+02
<VARIANCE> 6
 1.119469e+02 2.789049e+05 1.181844e+05 2.961554e+02 4.050157e+04 5.219723e+07
<GCONST> 7.403443e+01
<MIXTURE> 6 9.524716e-02
<MEAN> 6
 9.473932e+01 -1.017358e+02 1.130675e+03 -4.626241e-01 -1.304840e+01 1.589530e+02
<VARIANCE> 6
 3.128982e+01 1.293270e+04 1.353773e+04 2.961554e+02 4.050157e+04 5.219723e+07
<GCONST> 6.752183e+01
<MIXTURE> 7 7.986569e-02
<MEAN> 6
 9.910997e+01 -3.347965e+02 8.567894e+02 -1.448051e+00 1.109110e+00 -1.403871e+02
<VARIANCE> 6
 3.128982e+01 1.293270e+04 4.622293e+04 2.961554e+02 4.050157e+04 5.219723e+07
<GCONST> 6.874982e+01
<MIXTURE> 8 9.084842e-02
<MEAN> 6
 9.022132e+01 -1.445024e+03 8.504001e+02 -1.435264e-01 2.661744e+00 4.860967e+01
<VARIANCE> 6
 3.128982e+01 1.293270e+04 1.353773e+04 2.961554e+02 4.050157e+04 5.219723e+07
<GCONST> 6.752183e+01
<MIXTURE> 9 1.131831e-01
<MEAN> 6
 8.824121e+01 -5.612308e+02 3.324098e+02 -2.307101e+00 -3.785336e+00 2.508811e+02
<VARIANCE> 6
 3.128982e+01 3.934765e+04 1.353773e+04 2.961554e+02 4.050157e+04 5.219723e+07
<GCONST> 6.863451e+01
<MIXTURE> 10 9.196524e-02
<MEAN> 6
 9.617902e+01 3.101985e+02 1.048681e+03 -2.838521e+00 -9.594525e+00 8.500861e+01
<VARIANCE> 6
 3.128982e+01 1.293270e+04 1.353773e+04 2.961554e+02 4.050157e+04 5.219723e+07
<GCONST> 6.752183e+01
<MIXTURE> 11 8.000823e-02
<MEAN> 6
 9.922074e+01 -3.357647e+02 7.476633e+02 -1.414434e+00 -1.460226e+00 -2.769282e+02
<VARIANCE> 6
 3.128982e+01 1.293270e+04 5.530411e+04 2.961554e+02 4.050157e+04 5.219723e+07
<GCONST> 6.892919e+01
<MIXTURE> 12 5.945261e-02
<MEAN> 6
 9.628690e+01 -7.832689e+02 -3.265342e+01 2.221830e-01 -5.635963e+00 -1.026052e+02
<VARIANCE> 6
 3.128982e+01 5.470627e+04 1.353773e+04 2.961554e+02 4.050157e+04 5.219723e+07
<GCONST> 6.896404e+01
<STATE> 8
<NUMMIXES> 12
<MIXTURE> 1 7.299452e-02
<MEAN> 6
 1.003904e+02 8.122303e+02 3.253066e+02 -5.322330e+00 -1.732105e+00 -1.439679e+02
<VARIANCE> 6
 3.128982e+01 1.293270e+04 1.353773e+04 2.961554e+02 4.050157e+04 5.219723e+07
<GCONST> 6.752183e+01
<MIXTURE> 2 1.232640e-01
<MEAN> 6
 9.455081e+01 1.557057e+02 1.402956e+02 -1.600263e+00 -6.796831e+00 -8.023495e+01
<VARIANCE> 6
 3.128982e+01 1.293270e+04 1.353773e+04 2.961554e+02 4.050157e+04 5.219723e+07
<GCONST> 6.752183e+01
<MIXTURE> 3 7.905639e-02
<MEAN> 6
 9.370413e+01 -7.228505e+01 8.471082e+01 -2.723030e-01 1.393091e+00 -1.335056e+02
<VARIANCE> 6
 3.128982e+01 1.293270e+04 1.353773e+04 2.961554e+02 4.050157e+04 5.219723e+07
<GCONST> 6.752183e+01
<MIXTURE> 4 7.422252e-02
<MEAN> 6
 9.889774e+01 -9.348888e+01 -7.868245e+01 -2.526266e+00 1.781828e+00 2.014185e+02
<VARIANCE> 6
 3.128982e+01 1.293270e+04 1.353773e+04 2.961554e+02 4.050157e+04 5.219723e+07
<GCONST> 6.752183e+01
<MIXTURE> 5 7.023858e-02
<MEAN> 6
 9.412531e+01 6.207365e+01 1.180206e+02 -1.268008e+00 1.336346e+00 -1.382606e+02
<VARIANCE> 6
 3.128982e+01 1.485569e+04 1.353773e+04 2.961554e+02 4.050157e+04 5.219723e+07
<GCONST> 6.766045e+01
<MIXTURE> 6 2.740268e-03
<MEAN> 6
 7.776607e+01 -1.254447e+02 -1.330602e+02 -3.396809e+00 -1.469583e+02 -5.723123e+03
<VARIANCE> 6
 3.781842e+02 1.829629e+06 6.280573e+05 2.961554e+02 7.576144e+04 9.835562e+07
<GCONST> 8.006298e+01
<MIXTURE> 7 7.975689e-02
<MEAN> 6
 9.398739e+01 -6.956619e+01 8.909273e+01 1.962504e-01 9.444614e+00 -7.158911e+01
<VARIANCE> 6
 3.128982e+01 1.293270e+04 1.353773e+04 2.961554e+02 4.050157e+04 5.219723e+07
<GCONST> 6.752183e+01
<MIXTURE> 8 1.236968e-01
<MEAN> 6
 9.454429e+01 1.540640e+02 1.395814e+02 -1.610484e+00 -6.216373e+00 -7.946207e+01
<VARIANCE> 6
 3.128982e+01 1.293270e+04 1.353773e+04 2.961554e+02 4.050157e+04 5.219723e+07
<GCONST> 6.752183e+01
<MIXTURE> 9 1.388936e-01
<MEAN> 6
 8.998657e+01 9.247126e+02 1.694308e+02 -1.339944e+00 4.557028e+00 -8.379778e+01
<VARIANCE> 6
 3.128982e+01 1.933904e+04 1.353773e+04 2.961554e+02 4.050157e+04 5.219723e+07
<GCONST> 6.792419e+01
<MIXTURE> 10 7.617916e-02
<MEAN> 6
 9.376854e+01 -2.984513e+01 9.783358e+01 -6.930295e-01 5.990629e-01 -1.391697e+02
<VARIANCE> 6
 3.128982e+01 1.293270e+04 1.353773e+04 2.961554e+02 4.050157e+04 5.219723e+07
<GCONST> 6.752183e+01
<MIXTURE> 11 7.927398e-02
<MEAN> 6
 9.374453e+01 -9.944318e+01 7.455161e+01 3.702478e-02 2.393132e+00 -1.337335e+02
<VARIANCE> 6
 3.128982e+01 1.293270e+04 1.353773e+04 2.961554e+02 4.050157e+04 5.219723e+07
<GCONST> 6.752183e+01
<MIXTURE> 12 7.966819e-02
<MEAN> 6
 9.355597e+01 -1.128959e+02 6.611140e+01 -2.118866e-01 -4.629925e+00 -2.416949e+02
<VARIANCE> 6
 3.128982e+01 1.293270e+04 1.353773e+04 2.961554e+02 4.050157e+04 5.219723e+07
<GCONST> 6.752183e+01
<STATE> 9
<NUMMIXES> 12
<MIXTURE> 1 1.039218e-01
<MEAN> 6
 1.103613e+02 1.155029e+02 -4.030965e+02 -2.424835e+00 -5.271507e-01 -1.917655e+02
<VARIANCE> 6
 3.128982e+01 1.304371e+04 1.353773e+04 2.961554e+02 4.050157e+04 5.219723e+07
<GCONST> 6.753037e+01
<MIXTURE> 2 6.094056e-02
<MEAN> 6
 8.678342e+01 1.021215e+01 -5.047880e+02 -3.380735e-01 3.151834e+01 -4.970361e+02
<VARIANCE> 6
 3.128982e+01 1.293270e+04 1.353773e+04 2.961554e+02 4.050157e+04 5.219723e+07
<GCONST> 6.752183e+01
<MIXTURE> 3 5.332977e-02
<MEAN> 6
 7.489547e+01 3.650078e+01 -1.582262e+02 -2.364830e+01 -9.510794e+02 -2.081443e+04
<VARIANCE> 6
 1.325119e+02 4.871774e+05 2.040208e+05 6.508160e+02 1.603251e+05 6.321696e+07
<GCONST> 7.766157e+01
<MIXTURE> 4 8.891946e-02
<MEAN> 6
 9.290781e+01 -5.731708e+02 -5.305579e+02 -1.106317e+00 -6.034709e+00 -1.055799e+02
<VARIANCE> 6
 3.128982e+01 1.293270e+04 1.353773e+04 2.961554e+02 4.050157e+04 5.219723e+07
<GCONST> 6.752183e+01
<MIXTURE> 5 9.030596e-02
<MEAN> 6
 9.290540e+01 -5.731429e+02 -5.305991e+02 -1.106746e+00 -6.043558e+00 -1.056475e+02
<VARIANCE> 6
 3.128982e+01 1.293270e+04 1.353773e+04 2.961554e+02 4.050157e+04 5.219723e+07
<GCONST> 6.752183e+01
<MIXTURE> 6 6.926954e-02
<MEAN> 6
 1.128434e+02 -5.990472e+02 -3.729122e+02 -3.436295e+00 -6.257420e-01 -9.708252e-01
<VARIANCE> 6
 4.362209e+01 3.044666e+04 1.353773e+04 2.961554e+02 4.050157e+04 5.219723e+07
<GCONST> 6.871031e+01
<MIXTURE> 7 8.193516e-02
<MEAN> 6
 9.103772e+01 -2.629775e+02 -5.626545e+02 -6.125461e-01 1.113360e+01 1.683857e+02
<VARIANCE> 6
 3.128982e+01 1.293270e+04 1.353773e+04 2.961554e+02 4.050157e+04 5.219723e+07
<GCONST> 6.752183e+01
<MIXTURE> 8 1.210625e-01
<MEAN> 6
 1.106410e+02 8.955888e+00 -3.709174e+02 -1.977324e+00 7.497571e-01 -5.947602e+01
<VARIANCE> 6
 3.128982e+01 1.293270e+04 1.353773e+04 2.961554e+02 4.050157e+04 5.219723e+07
<GCONST> 6.752183e+01
<MIXTURE> 9 9.005682e-02
<MEAN> 6
 9.290495e+01 -5.731372e+02 -5.306068e+02 -1.106832e+00 -6.045245e+00 -1.056604e+02
<VARIANCE> 6
 3.128982e+01 1.293270e+04 1.353773e+04 2.961554e+02 4.050157e+04 5.219723e+07
<GCONST> 6.752183e+01
<MIXTURE> 10 8.869019e-02
<MEAN> 6
 9.290176e+01 -5.730988e+02 -5.306619e+02 -1.107434e+00 -6.057370e+00 -1.057503e+02
<VARIANCE> 6
 3.128982e+01 1.293270e+04 1.353773e+04 2.961554e+02 4.050157e+04 5.219723e+07
<GCONST> 6.752183e+01
<MIXTURE> 11 8.251137e-02
<MEAN> 6
 9.131141e+01 -2.791884e+02 -5.664869e+02 -1.673972e+00 -6.866811e+00 1.334198e+02
<VARIANCE> 6
 3.128982e+01 1.293270e+04 1.353773e+04 2.961554e+02 4.050157e+04 5.219723e+07
<GCONST> 6.752183e+01
<MIXTURE> 12 6.903979e-02
<MEAN> 6
 1.104848e+02 -6.613863e+02 -3.834787e+02 -4.140962e+00 -2.160837e+01 -4.356787e+01
<VARIANCE> 6
 4.338847e+01 2.375999e+04 1.353773e+04 2.961554e+02 4.050157e+04 5.219723e+07
<GCONST> 6.845697e+01
<STATE> 10
<NUMMIXES> 12
<MIXTURE> 1 7.320588e-02
<MEAN> 6
 7.374673e+01 7.896733e+01 -2.651707e+02 -6.153853e-01 -4.085125e+00 -1.132970e+02
<VARIANCE> 6
 3.128982e+01 1.293270e+04 1.353773e+04 2.961554e+02 4.050157e+04 5.219723e+07
<GCONST> 6.752183e+01
<MIXTURE> 2 1.340171e-03
<MEAN> 6
 8.262603e+01 -2.561993e+01 -3.792179e+01 -1.771415e+01 -5.765196e+02 -8.892452e+03
<VARIANCE> 6
 3.471691e+02 1.958718e+06 6.316244e+05 9.645026e+02 4.817861e+05 1.216538e+08
<GCONST> 8.329449e+01
<MIXTURE> 3 1.260166e-01
<MEAN> 6
 7.140141e+01 5.323407e+01 -1.846076e+02 -7.145315e-01 -5.751168e+00 -1.251642e+02
<VARIANCE> 6
 3.128982e+01 1.293270e+04 1.353773e+04 2.961554e+02 4.050157e+04 5.219723e+07
<GCONST> 6.752183e+01
<MIXTURE> 4 1.325177e-01
<MEAN> 6
 6.684508e+01 -6.110334e+01 -2.097472e+02 5.018753e-01 2.393068e+00 -1.583844e+02
<VARIANCE> 6
 3.128982e+01 1.293270e+04 1.353773e+04 2.961554e+02 4.050157e+04 5.219723e+07
<GCONST> 6.752183e+01
<MIXTURE> 5 9.935579e-02
<MEAN> 6
 7.327202e+01 9.936671e+01 -2.830107e+02 -4.918636e-01 -2.982644e+00 -1.153088e+02
<VARIANCE> 6
 3.128982e+01 1.293270e+04 1.353773e+04 2.961554e+02 4.050157e+04 5.219723e+07
<GCONST> 6.752183e+01
<MIXTURE> 6 8.260661e-02
<MEAN> 6
 7.039912e+01 1.074005e+02 -3.576995e+02 7.611085e-01 3.578918e+00 -1.888468e+02
<VARIANCE> 6
 3.128982e+01 1.293270e+04 1.353773e+04 2.961554e+02 4.050157e+04 5.219723e+07
<GCONST> 6.752183e+01
<MIXTURE> 7 7.138308e-02
<MEAN> 6
 7.410741e+01 7.632999e+01 -2.707298e+02 -6.294013e-01 -4.060071e+00 -1.140203e+02
<VARIANCE> 6
 3.128982e+01 1.293270e+04 1.353773e+04 2.961554e+02 4.050157e+04 5.219723e+07
<GCONST> 6.752183e+01
<MIXTURE> 8 6.796611e-02
<MEAN> 6
 6.812814e+01 -2.225917e+01 -1.899829e+02 5.912652e-01 8.381638e+00 -8.835352e+01
<VARIANCE> 6
 3.128982e+01 1.293270e+04 1.353773e+04 2.961554e+02 4.050157e+04 5.219723e+07
<GCONST> 6.752183e+01
<MIXTURE> 9 1.319647e-01
<MEAN> 6
 6.628863e+01 -1.014040e+02 -2.113632e+02 5.930648e-01 4.582259e+00 -1.468357e+02
<VARIANCE> 6
 3.128982e+01 1.293270e+04 1.353773e+04 2.961554e+02 4.050157e+04 5.219723e+07
<GCONST> 6.752183e+01
<MIXTURE> 10 7.400470e-02
<MEAN> 6
 7.407346e+01 7.093993e+01 -2.776426e+02 -5.522724e-01 -3.541137e+00 -1.211203e+02
<VARIANCE> 6
 3.128982e+01 1.293270e+04 1.353773e+04 2.961554e+02 4.050157e+04 5.219723e+07
<GCONST> 6.752183e+01
<MIXTURE> 11 7.149966e-02
<MEAN> 6
 7.410548e+01 6.663993e+01 -2.847152e+02 -4.959745e-01 -3.094166e+00 -1.271996e+02
<VARIANCE> 6
 3.128982e+01 1.293270e+04 1.353773e+04 2.961554e+02 4.050157e+04 5.219723e+07
<GCONST> 6.752183e+01
<MIXTURE> 12 6.813700e-02
<MEAN> 6
 6.638489e+01 -6.778999e+01 -2.247853e+02 2.061682e-01 -7.571093e+00 -3.038292e+02
<VARIANCE> 6
 3.128982e+01 1.293270e+04 1.353773e+04 2.961554e+02 4.050157e+04 5.219723e+07
<GCONST> 6.752183e+01
<STATE> 11
<NUMMIXES> 12
<MIXTURE> 1 6.676687e-02
<MEAN> 6
 7.211396e+01 2.217570e+02 2.181493e+02 6.829191e-01 1.589635e+00 -4.141518e+01
<VARIANCE> 6
 3.128982e+01 1.169251e+05 1.353773e+04 2.961554e+02 4.050157e+04 5.219723e+07
<GCONST> 6.972360e+01
<MIXTURE> 2 8.041587e-02
<MEAN> 6
 6.449476e+01 -5.123361e+02 2.878789e+02 -9.380515e-01 -8.332304e+00 -1.798097e+02
<VARIANCE> 6
 3.128982e+01 1.293270e+04 1.353773e+04 2.961554e+02 4.050157e+04 5.219723e+07
<GCONST> 6.752183e+01
<MIXTURE> 3 3.833766e-02
<MEAN> 6
 6.608044e+01 -2.087922e+01 4.343391e+02 2.167582e+00 -1.096674e+01 1.228898e+02
<VARIANCE> 6
 3.128982e+01 1.293270e+04 1.353773e+04 2.961554e+02 4.050157e+04 5.219723e+07
<GCONST> 6.752183e+01
<MIXTURE> 4 8.983874e-02
<MEAN> 6
 5.801009e+01 -4.124260e+02 -1.737275e+02 1.039155e+00 3.229786e+00 -1.226461e+02
<VARIANCE> 6
 3.128982e+01 1.293270e+04 3.271584e+04 2.961554e+02 4.050157e+04 5.219723e+07
<GCONST> 6.840421e+01
<MIXTURE> 5 9.479512e-02
<MEAN> 6
 7.139227e+01 -2.215697e+02 8.139401e+01 1.552913e-02 -6.681079e+00 -2.316770e+02
<VARIANCE> 6
 3.128982e+01 1.293270e+04 1.353773e+04 2.961554e+02 4.050157e+04 5.219723e+07
<GCONST> 6.752183e+01
<MIXTURE> 6 1.395831e-01
<MEAN> 6
 5.803011e+01 -4.263800e+02 -2.505033e+02 4.069369e-01 -6.226260e+00 -1.696301e+02
<VARIANCE> 6
 3.128982e+01 1.293270e+04 1.524069e+04 2.961554e+02 4.050157e+04 5.219723e+07
<GCONST> 6.764031e+01
<MIXTURE> 7 7.920459e-02
<MEAN> 6
 7.455235e+01 2.187325e+01 1.806665e+02 -2.566044e-01 3.636483e+00 -1.233236e+02
<VARIANCE> 6
 3.128982e+01 1.293270e+04 1.353773e+04 2.961554e+02 4.050157e+04 5.219723e+07
<GCONST> 6.752183e+01
<MIXTURE> 8 7.852896e-02
<MEAN> 6
 7.466751e+01 3.415334e+01 1.868300e+02 -2.006245e-01 1.253310e+01 5.002844e+01
<VARIANCE> 6
 3.128982e+01 1.293270e+04 1.353773e+04 2.961554e+02 4.050157e+04 5.219723e+07
<GCONST> 6.752183e+01
<MIXTURE> 9 9.344933e-02
<MEAN> 6
 7.133651e+01 -2.248698e+02 7.857164e+01 -1.380935e-02 -6.991667e+00 -2.367503e+02
<VARIANCE> 6
 3.128982e+01 1.293270e+04 1.353773e+04 2.961554e+02 4.050157e+04 5.219723e+07
<GCONST> 6.752183e+01
<MIXTURE> 10 8.058815e-02
<MEAN> 6
 6.467132e+01 -5.179075e+02 2.857560e+02 -8.810095e-01 -1.170702e+01 -1.969405e+02
<VARIANCE> 6
 3.128982e+01 1.293270e+04 1.353773e+04 2.961554e+02 4.050157e+04 5.219723e+07
<GCONST> 6.752183e+01
<MIXTURE> 11 7.962938e-02
<MEAN> 6
 7.453097e+01 8.141461e+00 1.800504e+02 -2.016257e-01 2.815117e+00 -1.404040e+02
<VARIANCE> 6
 3.128982e+01 1.293270e+04 1.353773e+04 2.961554e+02 4.050157e+04 5.219723e+07
<GCONST> 6.752183e+01
<MIXTURE> 12 7.883928e-02
<MEAN> 6
 7.434354e+01 -6.160812e+00 1.710956e+02 -2.854574e-01 -9.756969e+00 -3.934526e+02
<VARIANCE> 6
 3.128982e+01 1.293270e+04 1.353773e+04 2.961554e+02 4.050157e+04 5.219723e+07
<GCONST> 6.752183e+01
<STATE> 12
<NUMMIXES> 12
<MIXTURE> 1 1.282699e-01
<MEAN> 6
 1.298517e+02 2.975494e+02 1.435338e+03 -4.734100e+00 2.279085e+00 5.479430e+01
<VARIANCE> 6
 3.128982e+01 3.228393e+04 1.497886e+05 2.961554e+02 4.050157e+04 5.219723e+07
<GCONST> 7.084038e+01
<MIXTURE> 2 4.531491e-02
<MEAN> 6
 8.273920e+01 -8.781244e+03 2.067087e+03 -1.114592e+01 -1.147508e+01 5.221671e+02
<VARIANCE> 6
 3.128982e+01 1.293270e+04 1.407198e+04 2.961554e+02 4.050157e+04 5.219723e+07
<GCONST> 6.756053e+01
<MIXTURE> 3 6.810901e-02
<MEAN> 6
 9.914197e+01 -3.773271e+03 5.034973e+00 -3.795273e+00 1.774279e+01 -4.547363e+00
<VARIANCE> 6
 3.128982e+01 9.615937e+04 1.353773e+04 2.961554e+02 4.050157e+04 5.219723e+07
<GCONST> 6.952808e+01
<MIXTURE> 4 8.993535e-02
<MEAN> 6
 7.577522e+01 2.861475e+03 4.592805e+02 -2.368833e+00 -1.547443e+01 -6.233360e+01
<VARIANCE> 6
 3.128982e+01 1.293270e+04 1.353773e+04 2.961554e+02 4.050157e+04 5.219723e+07
<GCONST> 6.752183e+01
<MIXTURE> 5 6.750557e-02
<MEAN> 6
 9.674386e+01 -2.030354e+03 -2.294048e+02 -4.903317e+00 -1.223875e+01 -4.997888e+02
<VARIANCE> 6
 3.128982e+01 1.444217e+05 1.353773e+04 2.961554e+02 4.050157e+04 5.219723e+07
<GCONST> 6.993481e+01
<MIXTURE> 6 4.768677e-02
<MEAN> 6
 1.264159e+02 -2.046983e+03 5.026536e+01 -4.311931e+01 -1.336081e+02 -7.909336e+02
<VARIANCE> 6
 4.521147e+02 7.627588e+05 1.353773e+04 2.961554e+02 1.140029e+05 5.219723e+07
<GCONST> 7.530453e+01
<MIXTURE> 7 1.267402e-01
<MEAN> 6
 1.217069e+02 1.815297e+03 1.105329e+03 -3.318191e+00 -1.605168e-03 6.174656e+01
<VARIANCE> 6
 3.128982e+01 8.031848e+04 8.194020e+04 2.961554e+02 4.050157e+04 5.219723e+07
<GCONST> 7.114857e+01
<MIXTURE> 8 8.809100e-02
<MEAN> 6
 7.313859e+01 -9.002273e+03 1.446449e+03 -8.780010e-01 2.929669e+00 -1.973515e+01
<VARIANCE> 6
 3.128982e+01 1.293270e+04 9.075594e+04 2.961554e+02 4.050157e+04 5.219723e+07
<GCONST> 6.942451e+01
<MIXTURE> 9 8.364061e-02
<MEAN> 6
 7.575710e+01 2.859747e+03 4.587140e+02 -2.499733e+00 -1.660562e+01 -6.281034e+01
<VARIANCE> 6
 3.128982e+01 1.293270e+04 1.353773e+04 2.961554e+02 4.050157e+04 5.219723e+07
<GCONST> 6.752183e+01
<MIXTURE> 10 1.048290e-01
<MEAN> 6
 1.024486e+02 -2.941179e+03 -2.240368e+02 -1.079451e+00 -1.007617e+01 -2.327529e+02
<VARIANCE> 6
 3.128982e+01 6.198633e+04 1.353773e+04 2.961554e+02 4.050157e+04 5.219723e+07
<GCONST> 6.908898e+01
<MIXTURE> 11 8.127867e-02
<MEAN> 6
 7.327528e+01 -8.916826e+03 1.176445e+03 2.378708e-01 -1.536078e+01 -4.973885e+02
<VARIANCE> 6
 3.128982e+01 1.851132e+04 7.500428e+04 2.961554e+02 4.050157e+04 5.219723e+07
<GCONST> 6.959251e+01
<MIXTURE> 12 6.859532e-02
<MEAN> 6
 9.888273e+01 -3.868607e+03 3.702585e+00 -2.731193e+00 5.924097e+00 -4.906055e+01
<VARIANCE> 6
 3.128982e+01 7.643977e+04 1.353773e+04 2.961554e+02 4.050157e+04 5.219723e+07
<GCONST> 6.929857e+01
<STATE> 13
<NUMMIXES> 12
<MIXTURE> 1 1.257322e-02
<MEAN> 6
 2.015990e+01 4.508214e+02 -1.682430e+02 -2.151718e+01 -3.586730e+02 7.038960e+03
<VARIANCE> 6
 7.724877e+03 3.706321e+07 1.092871e+06 7.640591e+05 4.041137e+08 5.838522e+11
<GCONST> 1.117684e+02
<MIXTURE> 2 1.150177e-01
<MEAN> 6
 2.353553e+01 8.387232e+01 2.510104e+01 2.472524e+02 1.697351e+01 -3.388717e+03
<VARIANCE> 6
 6.850359e+02 2.007352e+05 5.237772e+04 6.679528e+03 2.073066e+05 6.809065e+07
<GCONST> 7.971782e+01
<MIXTURE> 3 7.508557e-02
<MEAN> 6
 3.966373e+01 2.472389e+02 1.675450e+01 -2.075628e+01 -3.235578e+02 1.623333e+03
<VARIANCE> 6
 5.219682e+03 1.961935e+06 1.015925e+06 6.286105e+04 4.643217e+06 2.700414e+09
<GCONST> 9.602448e+01
<MIXTURE> 4 6.400755e-02
<MEAN> 6
 9.761385e+01 1.833951e+02 -1.390724e+02 -5.554498e+00 -1.700491e+01 -2.775414e+02
<VARIANCE> 6
 5.574929e+02 1.551124e+06 1.795502e+05 2.961554e+02 4.050157e+04 5.219723e+07
<GCONST> 7.777393e+01
<MIXTURE> 5 1.111990e-01
<MEAN> 6
 -3.290832e+01 2.521427e+01 2.646462e+01 -1.207109e+02 1.240292e+03 1.785730e+03
<VARIANCE> 6
 5.992908e+02 1.497998e+05 7.773899e+04 4.189296e+04 9.335659e+05 5.918090e+08
<GCONST> 8.518951e+01
<MIXTURE> 6 7.023955e-02
<MEAN> 6
 8.518536e+01 7.002805e+01 1.057965e+02 1.371015e+01 -5.749525e+02 4.459286e+02
<VARIANCE> 6
 3.035182e+02 1.546186e+05 1.203063e+05 2.035043e+04 2.011521e+05 5.747154e+07
<GCONST> 8.038869e+01
<MIXTURE> 7 1.139803e-01
<MEAN> 6
 -4.104731e+01 7.312479e+01 3.415141e+01 7.411690e+01 8.260466e+02 -8.358759e+02
<VARIANCE> 6
 2.710458e+02 1.752214e+05 6.421014e+04 1.535761e+04 2.036480e+05 5.655802e+07
<GCONST> 7.948756e+01
<MIXTURE> 8 8.412965e-02
<MEAN> 6
 8.863665e+01 3.656447e+01 8.908749e+00 5.758015e+01 -8.763345e+02 -3.751474e+03
<VARIANCE> 6
 7.366940e+02 2.539188e+05 4.670366e+04 3.375805e+04 1.435119e+06 6.527747e+08
<GCONST> 8.572626e+01
<MIXTURE> 9 1.148087e-01
<MEAN> 6
 9.228448e+01 -1.607879e+02 -3.727866e+01 -4.782368e+00 -2.877374e+01 -2.290801e+02
<VARIANCE> 6
 1.968470e+02 1.496882e+05 7.393005e+04 2.961554e+02 4.050157e+04 5.219723e+07
<GCONST> 7.350739e+01
<MIXTURE> 10 7.872266e-02
<MEAN> 6
 -5.389487e+01 8.943191e+01 2.471163e+01 5.600239e+00 1.735494e+02 3.330412e+02
<VARIANCE> 6
 2.881410e+02 2.833022e+05 9.497255e+04 7.072062e+02 8.672736e+04 5.219723e+07
<GCONST> 7.640871e+01
<MIXTURE> 11 8.972596e-02
<MEAN> 6
 3.851770e+01 -2.960291e+01 4.926263e+01 -2.613930e+02 -5.184747e+02 6.483647e+03
<VARIANCE> 6
 9.291451e+02 1.224529e+05 6.592455e+04 1.327101e+04 5.828237e+05 1.982491e+08
<GCONST> 8.254729e+01
<MIXTURE> 12 6.969086e-02
<MEAN> 6
 7.986771e+01 -9.384279e+01 -1.475849e+01 -4.389772e+01 -7.555225e+02 -2.467557e+03
<VARIANCE> 6
 2.993372e+02 1.698935e+05 1.106330e+05 2.217407e+04 2.024486e+05 5.813586e+07
<GCONST> 8.048895e+01
<TRANSP> 14
 0.000000e+00 1.000000e+00 0.000000e+00 0.000000e+00 0.000000e+00 0.000000e+00 0.000000e+00 0.000000e+00 0.000000e+00 0.000000e+00 0.000000e+00 0.000000e+00 0.000000e+00 0.000000e+00
 0.000000e+00 9.998661e-01 1.338845e-04 0.000000e+00 0.000000e+00 0.000000e+00 0.000000e+00 0.000000e+00 0.000000e+00 0.000000e+00 0.000000e+00 0.000000e+00 0.000000e+00 0.000000e+00
 0.000000e+00 0.000000e+00 9.965290e-01 3.471045e-03 0.000000e+00 0.000000e+00 0.000000e+00 0.000000e+00 0.000000e+00 0.000000e+00 0.000000e+00 0.000000e+00 0.000000e+00 0.000000e+00
 0.000000e+00 0.000000e+00 0.000000e+00 9.977403e-01 2.259653e-03 0.000000e+00 0.000000e+00 0.000000e+00 0.000000e+00 0.000000e+00 0.000000e+00 0.000000e+00 0.000000e+00 0.000000e+00
 0.000000e+00 0.000000e+00 0.000000e+00 0.000000e+00 9.961057e-01 3.894298e-03 0.000000e+00 0.000000e+00 0.000000e+00 0.000000e+00 0.000000e+00 0.000000e+00 0.000000e+00 0.000000e+00
 0.000000e+00 0.000000e+00 0.000000e+00 0.000000e+00 0.000000e+00 9.983312e-01 1.668793e-03 0.000000e+00 0.000000e+00 0.000000e+00 0.000000e+00 0.000000e+00 0.000000e+00 0.000000e+00
 0.000000e+00 0.000000e+00 0.000000e+00 0.000000e+00 0.000000e+00 0.000000e+00 9.959200e-01 4.080004e-03 0.000000e+00 0.000000e+00 0.000000e+00 0.000000e+00 0.000000e+00 0.000000e+00
 0.000000e+00 0.000000e+00 0.000000e+00 0.000000e+00 0.000000e+00 0.000000e+00 0.000000e+00 9.962652e-01 3.734753e-03 0.000000e+00 0.000000e+00 0.000000e+00 0.000000e+00 0.000000e+00
 0.000000e+00 0.000000e+00 0.000000e+00 0.000000e+00 0.000000e+00 0.000000e+00 0.000000e+00 0.000000e+00 9.948197e-01 5.180251e-03 0.000000e+00 0.000000e+00 0.000000e+00 0.000000e+00
 0.000000e+00 0.000000e+00 0.000000e+00 0.000000e+00 0.000000e+00 0.000000e+00 0.000000e+00 0.000000e+00 0.000000e+00 9.981116e-01 1.888375e-03 0.000000e+00 0.000000e+00 0.000000e+00
 0.000000e+00 0.000000e+00 0.000000e+00 0.000000e+00 0.000000e+00 0.000000e+00 0.000000e+00 0.000000e+00 0.000000e+00 0.000000e+00 9.981025e-01 1.897510e-03 0.000000e+00 0.000000e+00
 0.000000e+00 0.000000e+00 0.000000e+00 0.000000e+00 0.000000e+00 0.000000e+00 0.000000e+00 0.000000e+00 0.000000e+00 0.000000e+00 0.000000e+00 9.963541e-01 3.645836e-03 0.000000e+00
 0.000000e+00 0.000000e+00 0.000000e+00 0.000000e+00 0.000000e+00 0.000000e+00 0.000000e+00 0.000000e+00 0.000000e+00 0.000000e+00 0.000000e+00 0.000000e+00 9.999368e-01 6.318539e-05
 0.000000e+00 0.000000e+00 0.000000e+00 0.000000e+00 0.000000e+00 0.000000e+00 0.000000e+00 0.000000e+00 0.000000e+00 0.000000e+00 0.000000e+00 0.000000e+00 0.000000e+00 0.000000e+00
<ENDHMM>
~h "SegundoESO"
<BEGINHMM>
<NUMSTATES> 14
<STATE> 2
<NUMMIXES> 12
<MIXTURE> 1 7.529168e-02
<MEAN> 6
 7.001390e+01 9.761229e+03 -1.191226e+03 4.469271e-01 -8.936272e-01 -7.643408e+01
<VARIANCE> 6
 3.128982e+01 2.463193e+07 1.353773e+04 2.961554e+02 4.050157e+04 5.219723e+07
<GCONST> 7.507387e+01
<MIXTURE> 2 6.663184e-02
<MEAN> 6
 7.213097e+01 1.526775e+03 -2.394261e+03 2.454820e-02 -4.744792e+00 -1.764709e+02
<VARIANCE> 6
 3.128982e+01 1.293270e+04 1.777508e+05 2.961554e+02 4.050157e+04 5.219723e+07
<GCONST> 7.009673e+01
<MIXTURE> 3 5.804718e-02
<MEAN> 6
 7.194349e+01 6.963701e+02 -6.635649e+03 -7.369822e-02 -2.449137e+00 5.021407e+01
<VARIANCE> 6
 3.128982e+01 1.293270e+04 5.628310e+06 2.961554e+02 4.050157e+04 5.219723e+07
<GCONST> 7.355191e+01
<MIXTURE> 4 1.301016e-01
<MEAN> 6
 7.633511e+01 -7.214737e+01 -3.243060e+03 -4.657539e-01 -8.286209e+00 -1.147870e+02
<VARIANCE> 6
 3.128982e+01 1.293270e+04 1.335378e+06 2.961554e+02 4.050157e+04 5.219723e+07
<GCONST> 7.211331e+01
<MIXTURE> 5 5.700191e-02
<MEAN> 6
 6.682837e+01 3.593791e+02 -2.842373e+03 1.883529e+00 -1.744161e+00 -8.154592e+01
<VARIANCE> 6
 9.353509e+01 7.529091e+04 1.229929e+06 2.961554e+02 4.050157e+04 5.219723e+07
<GCONST> 7.488770e+01
<MIXTURE> 6 9.088022e-02
<MEAN> 6
 6.806844e+01 6.694390e+02 -6.350408e+02 1.742348e+00 -4.502994e+00 1.853949e+01
<VARIANCE> 6
 3.128982e+01 8.071892e+04 5.810204e+04 2.961554e+02 4.050157e+04 5.219723e+07
<GCONST> 7.080976e+01
<MIXTURE> 7 1.012876e-01
<MEAN> 6
 6.386133e+01 -1.166973e+02 -1.529472e+03 1.094198e+00 9.718863e-01 -1.899824e+02
<VARIANCE> 6
 3.128982e+01 2.300052e+04 1.574484e+04 2.961554e+02 4.050157e+04 5.219723e+07
<GCONST> 6.824862e+01
<MIXTURE> 8 1.356944e-01
<MEAN> 6
 7.419329e+01 -3.258944e+02 -8.196101e+03 -4.403038e-02 -2.380605e+00 -8.245050e+01
<VARIANCE> 6
 3.128982e+01 1.366692e+04 1.364362e+06 2.961554e+02 4.050157e+04 5.219723e+07
<GCONST> 7.219001e+01
<MIXTURE> 9 2.411952e-02
<MEAN> 6
 7.873096e+01 -3.349423e+03 -8.466979e+02 -3.970969e-01 -9.666400e-02 -6.542558e+01
<VARIANCE> 6
 3.128982e+01 2.416832e+07 3.033465e+05 2.961554e+02 4.050157e+04 5.219723e+07
<GCONST> 7.816426e+01
<MIXTURE> 10 8.887099e-02
<MEAN> 6
 6.638950e+01 8.257402e+02 -1.218922e+03 2.896966e-01 -5.364717e+00 -1.099742e+02
<VARIANCE> 6
 3.128982e+01 1.293270e+04 1.353773e+04 2.961554e+02 4.050157e+04 5.219723e+07
<GCONST> 6.752183e+01
<MIXTURE> 11 9.736497e-02
<MEAN> 6
 5.449920e+01 2.728390e+02 -3.391237e+03 2.780362e+00 1.151142e+01 1.253326e+01
<VARIANCE> 6
 3.128982e+01 9.220520e+04 2.805794e+06 2.961554e+02 4.050157e+04 5.219723e+07
<GCONST> 7.482005e+01
<MIXTURE> 12 7.469275e-02
<MEAN> 6
 6.801164e+01 6.615872e+03 -1.241326e+03 -1.565817e+00 -1.448893e+01 -1.980071e+02
<VARIANCE> 6
 3.128982e+01 2.613044e+07 1.353773e+04 2.961554e+02 4.050157e+04 5.219723e+07
<GCONST> 7.513293e+01
<STATE> 3
<NUMMIXES> 12
<MIXTURE> 1 8.332384e-02
<MEAN> 6
 7.757451e+01 1.160458e+03 1.400259e+03 -8.212194e-01 7.969738e-01 -7.121454e+01
<VARIANCE> 6
 3.128982e+01 1.059576e+06 5.743056e+05 2.961554e+02 4.050157e+04 5.219723e+07
<GCONST> 7.567537e+01
<MIXTURE> 2 8.918617e-02
<MEAN> 6
 7.298151e+01 6.519868e+02 1.021978e+03 4.108006e-01 -5.461024e+00 -9.240771e+01
<VARIANCE> 6
 3.128982e+01 1.293270e+04 3.664566e+05 2.961554e+02 4.050157e+04 5.219723e+07
<GCONST> 7.082022e+01
<MIXTURE> 3 7.880199e-02
<MEAN> 6
 8.050592e+01 -1.793146e+03 3.577639e+02 1.464065e-01 -1.992695e+00 -1.210592e+02
<VARIANCE> 6
 9.807674e+01 1.602577e+05 4.869486e+04 2.961554e+02 4.050157e+04 5.219723e+07
<GCONST> 7.246140e+01
<MIXTURE> 4 7.219195e-02
<MEAN> 6
 6.941958e+01 2.943158e-02 2.269183e+02 -2.683415e-01 -6.820335e-01 -6.995813e+01
<VARIANCE> 6
 3.128982e+01 1.759512e+04 1.353773e+04 2.961554e+02 4.050157e+04 5.219723e+07
<GCONST> 6.782969e+01
<MIXTURE> 5 6.209192e-02
<MEAN> 6
 6.992268e+01 -1.050124e+02 1.565538e+03 -1.341670e+00 -2.511874e+00 -1.131587e+02
<VARIANCE> 6
 6.545078e+01 4.312442e+04 8.431936e+04 2.961554e+02 4.050157e+04 5.219723e+07
<GCONST> 7.129329e+01
<MIXTURE> 6 1.270793e-01
<MEAN> 6
 7.371823e+01 5.547773e+02 3.122319e+02 -3.735920e-01 -1.663899e+00 -1.062919e+02
<VARIANCE> 6
 3.128982e+01 4.000083e+04 1.353773e+04 2.961554e+02 4.050157e+04 5.219723e+07
<GCONST> 6.865097e+01
<MIXTURE> 7 1.051167e-01
<MEAN> 6
 6.733687e+01 -3.878484e+02 3.396326e+02 -1.152207e-01 -4.030713e+00 -9.208854e+01
<VARIANCE> 6
 3.128982e+01 1.293270e+04 1.353773e+04 2.961554e+02 4.050157e+04 5.219723e+07
<GCONST> 6.752183e+01
<MIXTURE> 8 6.787243e-02
<MEAN> 6
 7.533595e+01 -8.020994e+02 2.503818e+03 -4.509051e-01 5.844761e-01 -4.136452e+01
<VARIANCE> 6
 3.128982e+01 1.012677e+06 6.817194e+05 2.961554e+02 4.050157e+04 5.219723e+07
<GCONST> 7.580156e+01
<MIXTURE> 9 1.102379e-01
<MEAN> 6
 7.716678e+01 2.910829e+02 4.060946e+02 -1.174969e+00 -1.404551e+00 -9.761807e+01
<VARIANCE> 6
 3.128982e+01 2.346949e+04 1.433786e+05 2.961554e+02 4.050157e+04 5.219723e+07
<GCONST> 7.047778e+01
<MIXTURE> 10 6.168110e-02
<MEAN> 6
 6.134423e+01 -3.523436e+02 1.728926e+02 -2.775402e-01 9.604568e-01 -9.497467e+01
<VARIANCE> 6
 3.128982e+01 2.667304e+04 1.353773e+04 2.961554e+02 4.050157e+04 5.219723e+07
<GCONST> 6.824572e+01
<MIXTURE> 11 7.147095e-02
<MEAN> 6
 8.012209e+01 -2.900729e+03 -5.087560e+01 -1.709911e+00 1.042853e+00 -1.517959e+02
<VARIANCE> 6
 9.858745e+01 9.856421e+05 2.507679e+05 2.961554e+02 4.050157e+04 5.219723e+07
<GCONST> 7.592206e+01
<MIXTURE> 12 7.088393e-02
<MEAN> 6
 6.726276e+01 -4.573550e+01 2.029589e+02 -4.626892e-01 -1.079430e+01 -2.400736e+02
<VARIANCE> 6
 3.434856e+01 1.752897e+04 1.353773e+04 2.961554e+02 4.050157e+04 5.219723e+07
<GCONST> 6.791919e+01
<STATE> 4
<NUMMIXES> 12
<MIXTURE> 1 6.978440e-02
<MEAN> 6
 9.018996e+01 -2.163276e+03 5.944227e+03 -3.285857e+00 -1.318295e+01 7.050330e+01
<VARIANCE> 6
 9.347670e+01 5.919670e+06 2.810566e+07 2.961554e+02 4.050157e+04 5.219723e+07
<GCONST> 8.238077e+01
<MIXTURE> 2 5.315234e-02
<MEAN> 6
 3.411502e+01 8.677262e+03 1.829425e+03 -4.258951e+00 -4.432949e+01 1.709565e+02
<VARIANCE> 6
 2.973675e+03 4.817905e+07 3.714966e+07 2.604678e+04 4.243037e+05 7.043803e+07
<GCONST> 9.534182e+01
<MIXTURE> 3 1.257473e-01
<MEAN> 6
 -2.568447e+01 5.441273e+02 3.435111e+03 6.734757e+00 7.127084e+02 1.380545e+02
<VARIANCE> 6
 5.071601e+02 6.463722e+05 2.709655e+06 8.093166e+04 2.557991e+05 1.302057e+08
<GCONST> 8.788568e+01
<MIXTURE> 4 7.178241e-02
<MEAN> 6
 9.008644e+01 -1.914641e+02 3.546744e+03 5.005032e+01 -3.610386e+02 -1.478386e+02
<VARIANCE> 6
 9.739182e+01 6.730169e+05 1.684745e+06 5.091648e+03 6.475486e+04 5.219723e+07
<GCONST> 8.074692e+01
<MIXTURE> 5 8.653399e-02
<MEAN> 6
 -6.668910e+01 7.767518e+02 3.309010e+03 3.963897e+01 3.469787e+02 -4.446567e+02
<VARIANCE> 6
 7.699960e+01 6.876409e+05 1.544874e+06 1.857997e+03 1.578049e+05 5.219723e+07
<GCONST> 8.032944e+01
<MIXTURE> 6 1.057073e-01
<MEAN> 6
 5.167108e+01 6.938421e+02 2.282736e+03 7.822908e+01 -6.821341e+02 -1.486350e+03
<VARIANCE> 6
 9.392372e+02 4.880192e+06 4.948776e+06 5.557137e+04 4.866310e+05 2.418718e+08
<GCONST> 9.201228e+01
<MIXTURE> 7 7.063121e-02
<MEAN> 6
 -1.787837e+01 2.148261e+03 -2.271390e+03 1.106662e+01 1.838145e+02 1.650196e+02
<VARIANCE> 6
 3.115194e+02 4.066090e+06 2.469014e+06 6.498628e+03 6.184819e+04 5.219723e+07
<GCONST> 8.428857e+01
<MIXTURE> 8 9.465956e-02
<MEAN> 6
 -5.365294e+01 -2.124391e+02 1.837867e+03 -5.911361e+01 1.271574e+03 5.063732e+02
<VARIANCE> 6
 3.250363e+02 6.102732e+06 2.652141e+06 2.795971e+04 5.950720e+05 3.001094e+08
<GCONST> 9.028094e+01
<MIXTURE> 9 1.053825e-01
<MEAN> 6
 5.147397e+01 9.401686e+01 2.205013e+03 -1.030452e+02 -9.036417e+02 2.027299e+03
<VARIANCE> 6
 4.538426e+02 1.211791e+05 5.803830e+06 5.735870e+04 2.538244e+05 7.754251e+07
<GCONST> 8.599188e+01
<MIXTURE> 10 7.269304e-02
<MEAN> 6
 5.333491e+01 2.950582e+03 -4.043294e+03 1.269920e+01 -1.403300e+02 2.931140e+01
<VARIANCE> 6
 7.865463e+02 1.862631e+06 1.502495e+06 1.076071e+04 4.050157e+04 5.219723e+07
<GCONST> 8.401834e+01
<MIXTURE> 11 7.383845e-02
<MEAN> 6
 8.901698e+01 -8.142448e+02 8.784507e+02 -1.538063e+01 -6.586044e+02 -8.869309e+02
<VARIANCE> 6
 1.581936e+02 1.020484e+06 1.766474e+06 8.428171e+03 1.832674e+05 5.219723e+07
<GCONST> 8.323994e+01
<MIXTURE> 12 7.004599e-02
<MEAN> 6
 8.653517e+01 -2.518963e+03 5.037113e+03 -4.989362e+00 -3.078190e+01 -2.394805e+02
<VARIANCE> 6
 7.294332e+01 4.805400e+06 2.599847e+07 2.961554e+02 4.050157e+04 5.219723e+07
<GCONST> 8.184626e+01
<STATE> 5
<NUMMIXES> 12
<MIXTURE> 1 6.230310e-02
<MEAN> 6
 7.049555e+01 1.018362e+03 1.283084e+02 -6.795788e-01 -3.476704e+00 -3.333533e+01
<VARIANCE> 6
 3.128982e+01 2.497912e+05 1.747007e+04 2.961554e+02 4.050157e+04 5.219723e+07
<GCONST> 7.073770e+01
<MIXTURE> 2 1.016539e-01
<MEAN> 6
 7.570024e+01 6.040057e+02 -7.847367e+02 -6.582769e-01 -4.394153e+00 -1.018981e+02
<VARIANCE> 6
 3.128982e+01 2.025877e+05 1.353773e+04 2.961554e+02 4.050157e+04 5.219723e+07
<GCONST> 7.027324e+01
<MIXTURE> 3 2.979553e-02
<MEAN> 6
 5.039002e+01 1.539651e+02 2.519420e+02 -6.720591e-01 2.225531e+00 -1.122187e+02
<VARIANCE> 6
 3.128982e+01 1.293270e+04 1.780831e+05 2.961554e+02 4.050157e+04 5.219723e+07
<GCONST> 7.009859e+01
<MIXTURE> 4 9.314044e-02
<MEAN> 6
 5.933941e+01 2.269437e+03 -2.816589e+02 3.129281e-01 -5.018298e+00 -1.918680e+02
<VARIANCE> 6
 3.128982e+01 1.700997e+05 1.353773e+04 2.961554e+02 4.050157e+04 5.219723e+07
<GCONST> 7.009845e+01
<MIXTURE> 5 1.027829e-01
<MEAN> 6
 6.060074e+01 -2.907164e+02 -3.736219e+02 -1.210485e-01 -1.354197e+00 -9.416742e+01
<VARIANCE> 6
 3.128982e+01 7.313817e+04 4.288612e+04 2.961554e+02 4.050157e+04 5.219723e+07
<GCONST> 7.040749e+01
<MIXTURE> 6 9.496683e-02
<MEAN> 6
 6.728814e+01 4.113784e+02 -2.290019e+02 -1.240624e-01 -5.387724e+00 -1.597743e+02
<VARIANCE> 6
 3.128982e+01 6.441152e+04 1.353773e+04 2.961554e+02 4.050157e+04 5.219723e+07
<GCONST> 6.912736e+01
<MIXTURE> 7 7.405783e-02
<MEAN> 6
 7.295436e+01 -5.095985e+02 -5.908113e+01 -2.991418e-01 -1.361870e+01 -9.353761e+01
<VARIANCE> 6
 5.721926e+01 3.517461e+04 1.353773e+04 2.961554e+02 4.050157e+04 5.219723e+07
<GCONST> 6.912599e+01
<MIXTURE> 8 1.057417e-01
<MEAN> 6
 7.219920e+01 3.273176e+01 -5.237068e+02 -8.025333e-01 -6.490211e+00 -1.775390e+02
<VARIANCE> 6
 3.128982e+01 2.246830e+04 2.493253e+04 2.961554e+02 4.050157e+04 5.219723e+07
<GCONST> 6.868487e+01
<MIXTURE> 9 9.988126e-02
<MEAN> 6
 6.250782e+01 -4.867617e+02 -5.349033e+02 7.374037e-02 -2.044007e+00 -8.438911e+01
<VARIANCE> 6
 3.128982e+01 6.823320e+04 6.913106e+04 2.961554e+02 4.050157e+04 5.219723e+07
<GCONST> 7.081552e+01
<MIXTURE> 10 9.630116e-02
<MEAN> 6
 6.729150e+01 4.145840e+02 -2.334107e+02 -8.514380e-02 -2.995496e+00 -9.119282e+01
<VARIANCE> 6
 3.128982e+01 1.293270e+04 1.353773e+04 2.961554e+02 4.050157e+04 5.219723e+07
<GCONST> 6.752183e+01
<MIXTURE> 11 8.009017e-02
<MEAN> 6
 6.504438e+01 -8.773151e+02 1.351979e+01 2.192632e-01 1.344352e+00 -5.321645e+01
<VARIANCE> 6
 3.128982e+01 8.557793e+04 1.353773e+04 2.961554e+02 4.050157e+04 5.219723e+07
<GCONST> 6.941149e+01
<MIXTURE> 12 5.919977e-02
<MEAN> 6
 6.987701e+01 9.110392e+02 8.354039e+01 -1.216638e+00 -1.263154e+01 -2.165042e+02
<VARIANCE> 6
 3.128982e+01 2.822005e+05 1.772643e+04 2.961554e+02 4.050157e+04 5.219723e+07
<GCONST> 7.087426e+01
<STATE> 6
<NUMMIXES> 12
<MIXTURE> 1 2.423976e-02
<MEAN> 6
 5.285056e+01 2.571896e+02 -1.148226e+02 -2.371565e+01 -8.901279e+02 4.062101e+03
<VARIANCE> 6
 2.389968e+03 1.839493e+06 3.445374e+05 6.696941e+04 2.729038e+06 1.631878e+09
<GCONST> 9.312570e+01
<MIXTURE> 2 1.129604e-01
<MEAN> 6
 -4.085151e+01 -1.925113e+01 3.426959e+01 1.400646e+02 8.490266e+02 -1.432222e+03
<VARIANCE> 6
 1.639995e+02 2.909037e+05 2.117397e+05 7.705778e+03 1.398187e+05 5.219723e+07
<GCONST> 7.953935e+01
<MIXTURE> 3 7.614236e-02
<MEAN> 6
 8.297520e+01 -4.805402e+01 2.735387e+02 -6.916778e+00 -9.217818e+01 -2.902679e+02
<VARIANCE> 6
 7.530399e+01 4.756651e+05 3.231435e+05 2.961554e+02 4.050157e+04 5.219723e+07
<GCONST> 7.517764e+01
<MIXTURE> 4 7.504826e-02
<MEAN> 6
 3.058302e+00 2.290948e+02 2.738989e+02 -2.349464e+02 5.790485e+01 2.656393e+03
<VARIANCE> 6
 6.762888e+02 2.935342e+05 5.198906e+05 2.534917e+03 1.738784e+05 8.716858e+07
<GCONST> 8.148239e+01
<MIXTURE> 5 1.098946e-01
<MEAN> 6
 -5.913988e+01 -1.592349e+01 1.129985e+02 1.436177e+01 2.734713e+02 -2.922985e+02
<VARIANCE> 6
 7.696819e+01 3.385792e+05 3.822908e+05 7.763327e+02 9.124014e+04 5.219723e+07
<GCONST> 7.680347e+01
<MIXTURE> 6 8.440450e-02
<MEAN> 6
 3.827489e+00 1.472376e+01 5.961436e+01 2.624575e+02 3.193198e+01 -6.280431e+03
<VARIANCE> 6
 2.920843e+02 4.150920e+05 2.190253e+05 3.043374e+03 1.493903e+05 6.195426e+07
<GCONST> 7.981445e+01
<MIXTURE> 7 1.052778e-01
<MEAN> 6
 8.164178e+01 -2.175739e+02 2.628371e+02 3.391599e+01 -7.993435e+02 -1.311747e+03
<VARIANCE> 6
 2.115413e+02 1.203136e+06 3.450406e+05 1.278402e+04 3.910954e+05 1.943943e+08
<GCONST> 8.455161e+01
<MIXTURE> 8 9.867198e-02
<MEAN> 6
 -4.973561e+01 1.233981e+02 9.462747e+01 -1.168505e+02 1.393956e+03 2.040843e+03
<VARIANCE> 6
 1.572272e+02 6.014120e+05 5.014928e+05 1.550295e+04 5.403197e+05 3.969027e+08
<GCONST> 8.516524e+01
<MIXTURE> 9 7.545757e-02
<MEAN> 6
 7.145853e+01 1.049704e+02 1.646490e+02 -1.798524e+01 -6.127333e+02 1.061142e+03
<VARIANCE> 6
 1.731064e+02 3.272444e+05 1.975335e+05 1.871494e+04 1.139671e+05 5.219723e+07
<GCONST> 8.032458e+01
<MIXTURE> 10 8.434051e-02
<MEAN> 6
 4.091910e+01 -1.881984e+02 -4.535069e+01 2.023865e+02 -3.711678e+02 -6.088508e+02
<VARIANCE> 6
 2.916456e+02 3.312745e+05 5.301813e+05 1.959245e+03 8.622320e+04 5.219723e+07
<GCONST> 7.931003e+01
<MIXTURE> 11 7.978678e-02
<MEAN> 6
 1.508814e+01 1.580979e+02 4.948274e+00 -2.727607e+02 -2.350718e+02 5.194171e+03
<VARIANCE> 6
 5.785837e+02 5.399976e+05 1.666440e+05 3.887967e+03 2.450182e+05 1.240978e+08
<GCONST> 8.192209e+01
<MIXTURE> 12 7.362752e-02
<MEAN> 6
 6.633195e+01 -8.501300e+01 1.368755e+01 -7.909976e+01 -7.674254e+02 -7.682382e+02
<VARIANCE> 6
 1.661063e+02 3.552401e+05 1.742005e+05 1.837976e+04 1.295095e+05 5.219723e+07
<GCONST> 8.034946e+01
<STATE> 7
<NUMMIXES> 12
<MIXTURE> 1 9.068261e-02
<MEAN> 6
 8.983515e+01 -5.295298e+02 1.511820e+02 -3.889772e+00 -1.439145e+01 1.767487e+02
<VARIANCE> 6
 3.128982e+01 7.058207e+04 3.097753e+05 2.961554e+02 4.050157e+04 5.219723e+07
<GCONST> 7.234921e+01
<MIXTURE> 2 8.202974e-02
<MEAN> 6
 7.484715e+01 -4.161120e+03 3.245440e+03 -9.389026e-01 -6.067683e+00 -1.491608e+02
<VARIANCE> 6
 1.136703e+02 1.015275e+05 2.344630e+05 2.961554e+02 4.050157e+04 5.219723e+07
<GCONST> 7.372422e+01
<MIXTURE> 3 6.235034e-02
<MEAN> 6
 7.254659e+01 -9.946828e+02 1.386100e+03 -1.108009e+00 1.308960e+00 -5.165820e+01
<VARIANCE> 6
 3.128982e+01 2.583131e+05 4.939988e+05 2.961554e+02 4.050157e+04 5.219723e+07
<GCONST> 7.411329e+01
<MIXTURE> 4 7.094591e-02
<MEAN> 6
 8.470770e+01 -7.918896e+02 3.514073e+02 -2.124798e+00 -9.400025e+00 1.568017e+00
<VARIANCE> 6
 4.640441e+01 1.293270e+04 1.792551e+04 2.961554e+02 4.050157e+04 5.219723e+07
<GCONST> 6.819667e+01
<MIXTURE> 5 1.231760e-01
<MEAN> 6
 8.148841e+01 -1.372030e+03 -9.938745e+01 -3.439597e+00 -4.686858e+00 -3.353568e+01
<VARIANCE> 6
 3.128982e+01 7.103062e+04 1.353773e+04 2.961554e+02 4.050157e+04 5.219723e+07
<GCONST> 6.922518e+01
<MIXTURE> 6 8.897365e-02
<MEAN> 6
 7.839990e+01 -2.200382e+02 -1.384141e+00 -1.079831e+00 -1.636262e+01 -5.670558e+01
<VARIANCE> 6
 3.128982e+01 2.096975e+04 4.369697e+04 2.961554e+02 4.050157e+04 5.219723e+07
<GCONST> 6.917694e+01
<MIXTURE> 7 9.953863e-02
<MEAN> 6
 8.379582e+01 -7.690013e+02 1.215846e+02 -1.215288e+00 -3.619757e+00 -8.085743e+01
<VARIANCE> 6
 3.128982e+01 1.293270e+04 1.353773e+04 2.961554e+02 4.050157e+04 5.219723e+07
<GCONST> 6.752183e+01
<MIXTURE> 8 8.110205e-02
<MEAN> 6
 7.717484e+01 -4.120260e+02 6.157685e+02 -4.239941e-01 -6.116027e+00 -3.215126e+01
<VARIANCE> 6
 3.128982e+01 1.293270e+04 2.254871e+05 2.961554e+02 4.050157e+04 5.219723e+07
<GCONST> 7.033461e+01
<MIXTURE> 9 7.409476e-02
<MEAN> 6
 8.114215e+01 -8.265845e+02 3.061569e+02 -1.781344e+00 -6.987449e+00 -3.487214e+01
<VARIANCE> 6
 3.128982e+01 1.293270e+04 3.270853e+04 2.961554e+02 4.050157e+04 5.219723e+07
<GCONST> 6.840398e+01
<MIXTURE> 10 8.649754e-02
<MEAN> 6
 8.266709e+01 -8.617453e+02 1.357330e+02 -1.824740e+00 -7.898373e-01 -6.436094e+01
<VARIANCE> 6
 3.128982e+01 1.841528e+04 1.353773e+04 2.961554e+02 4.050157e+04 5.219723e+07
<GCONST> 6.787525e+01
<MIXTURE> 11 7.950842e-02
<MEAN> 6
 7.684782e+01 -4.047154e+02 4.371245e+02 -8.033227e-03 -6.419247e+00 -3.579913e+01
<VARIANCE> 6
 3.128982e+01 1.293270e+04 3.185412e+05 2.961554e+02 4.050157e+04 5.219723e+07
<GCONST> 7.068009e+01
<MIXTURE> 12 6.102196e-02
<MEAN> 6
 7.171524e+01 -1.246077e+03 1.069885e+03 -1.946789e+00 -1.659262e+01 -2.675635e+02
<VARIANCE> 6
 3.128982e+01 3.263187e+05 7.469158e+05 2.961554e+02 4.050157e+04 5.219723e+07
<GCONST> 7.476041e+01
<STATE> 8
<NUMMIXES> 12
<MIXTURE> 1 7.226737e-02
<MEAN> 6
 9.082225e+00 -1.434356e+02 1.250122e+02 -2.939141e+02 -8.944414e+01 8.249504e+03
<VARIANCE> 6
 5.743331e+02 5.716488e+06 8.536979e+05 5.198218e+03 4.057802e+05 2.288668e+08
<GCONST> 8.731496e+01
<MIXTURE> 2 1.053699e-01
<MEAN> 6
 -4.695407e+01 -1.295572e+02 9.018444e+01 1.168373e+02 9.493537e+02 -8.522228e+02
<VARIANCE> 6
 1.933285e+02 1.039467e+06 4.338666e+05 1.215344e+04 1.244019e+05 5.219723e+07
<GCONST> 8.203354e+01
<MIXTURE> 3 6.954999e-02
<MEAN> 6
 9.198344e+01 -1.286427e+01 -9.666463e+01 -7.845585e-01 -2.088000e+02 5.550234e+02
<VARIANCE> 6
 1.473409e+02 1.013966e+06 1.673770e+06 1.777344e+03 1.089355e+05 5.219723e+07
<GCONST> 8.103191e+01
<MIXTURE> 4 5.506717e-02
<MEAN> 6
 -1.789376e+01 5.411940e+02 -5.698370e+02 -2.398878e+01 3.439575e+02 -1.444747e+03
<VARIANCE> 6
 2.933045e+02 1.125837e+06 1.667855e+06 4.499620e+04 9.790822e+04 7.163017e+07
<GCONST> 8.526270e+01
<MIXTURE> 5 9.861512e-02
<MEAN> 6
 8.848125e+01 -1.779716e+02 -2.351130e+02 2.004917e+01 -1.085380e+03 -1.639011e+03
<VARIANCE> 6
 2.288884e+02 4.500330e+06 1.603949e+06 1.601328e+04 9.064576e+05 6.187682e+08
<GCONST> 8.970985e+01
<MIXTURE> 6 9.703237e-02
<MEAN> 6
 6.415906e+01 5.271364e+02 -5.539710e+02 1.681174e+02 -4.368752e+02 4.628396e+02
<VARIANCE> 6
 2.540842e+02 2.118358e+06 2.184694e+06 2.567795e+03 9.409565e+04 5.219723e+07
<GCONST> 8.280148e+01
<MIXTURE> 7 1.075458e-01
<MEAN> 6
 -6.116199e+01 -5.133978e+01 -4.375670e+02 9.829271e+00 2.600207e+02 -2.043238e+00
<VARIANCE> 6
 6.825684e+01 8.863176e+05 2.026816e+06 9.978635e+02 8.945048e+04 5.219723e+07
<GCONST> 7.954494e+01
<MIXTURE> 8 9.897871e-02
<MEAN> 6
 5.646973e+01 3.533231e+02 -5.405339e+02 -2.180220e+02 -6.708045e+02 2.690024e+03
<VARIANCE> 6
 3.887193e+02 1.215689e+06 2.567990e+06 4.435953e+03 2.608718e+05 6.217643e+07
<GCONST> 8.457435e+01
<MIXTURE> 9 7.679468e-02
<MEAN> 6
 -5.021131e+01 1.917692e+02 -8.606071e+01 -1.282656e+02 1.488589e+03 2.083521e+03
<VARIANCE> 6
 1.659711e+02 1.633370e+06 1.850569e+06 1.854174e+04 6.316811e+05 5.200221e+08
<GCONST> 8.812954e+01
<MIXTURE> 10 9.372883e-02
<MEAN> 6
 2.070104e+01 1.517114e+02 -4.309272e+02 2.610960e+02 -2.563969e+02 -4.080742e+03
<VARIANCE> 6
 3.571749e+02 2.343751e+06 1.772328e+06 3.086425e+03 1.436201e+05 5.219723e+07
<GCONST> 8.364079e+01
<MIXTURE> 11 5.476495e-02
<MEAN> 6
 -1.679078e+01 2.300566e+02 -8.749435e+02 5.765484e+00 3.813665e+02 -4.304805e+03
<VARIANCE> 6
 2.798216e+02 1.731889e+06 3.094598e+06 5.429374e+04 1.442868e+05 1.455933e+08
<GCONST> 8.754935e+01
<MIXTURE> 12 7.019301e-02
<MEAN> 6
 8.752864e+01 -2.791292e+02 -4.695849e+02 -1.915031e+01 -3.449103e+02 -1.666188e+03
<VARIANCE> 6
 1.329959e+02 9.093549e+05 2.084076e+06 2.360285e+03 1.297875e+05 5.219723e+07
<GCONST> 8.149864e+01
<STATE> 9
<NUMMIXES> 12
<MIXTURE> 1 1.207052e-01
<MEAN> 6
 7.723363e+01 3.580797e+01 -9.729064e+02 -4.255989e+00 -9.982015e+00 -8.051116e+01
<VARIANCE> 6
 3.128982e+01 2.206188e+04 1.353773e+04 2.961554e+02 4.050157e+04 5.219723e+07
<GCONST> 6.805592e+01
<MIXTURE> 2 1.086323e-01
<MEAN> 6
 7.109692e+01 6.274213e+01 -2.094384e+03 -1.527982e+00 7.711170e-01 -3.730858e+01
<VARIANCE> 6
 3.128982e+01 1.293270e+04 4.044415e+04 2.961554e+02 4.050157e+04 5.219723e+07
<GCONST> 6.861626e+01
<MIXTURE> 3 8.609004e-02
<MEAN> 6
 6.159845e+01 3.113803e+02 -1.858544e+03 9.102045e-01 -1.647862e+01 -1.404875e+02
<VARIANCE> 6
 3.128982e+01 1.293270e+04 1.373173e+04 2.961554e+02 4.050157e+04 5.219723e+07
<GCONST> 6.753606e+01
<MIXTURE> 4 6.266714e-02
<MEAN> 6
 7.487404e+01 7.994374e+02 -4.150817e+03 7.352433e-01 -2.270212e+01 2.297952e+02
<VARIANCE> 6
 3.128982e+01 1.874321e+05 3.049974e+04 2.961554e+02 4.050157e+04 5.219723e+07
<GCONST> 7.100772e+01
<MIXTURE> 5 8.118752e-02
<MEAN> 6
 7.998109e+01 -7.660115e+02 -1.346195e+03 -3.944044e+00 5.347714e+00 2.582266e+02
<VARIANCE> 6
 3.128982e+01 1.987479e+05 1.353773e+04 2.961554e+02 4.050157e+04 5.219723e+07
<GCONST> 7.025410e+01
<MIXTURE> 6 9.306616e-02
<MEAN> 6
 8.260719e+01 -9.129861e+02 -3.069479e+00 -3.887022e+00 1.097126e+01 -3.176960e+02
<VARIANCE> 6
 3.128982e+01 2.126436e+05 4.238994e+05 2.961554e+02 4.050157e+04 5.219723e+07
<GCONST> 7.376570e+01
<MIXTURE> 7 8.024535e-02
<MEAN> 6
 8.349619e+01 -4.092141e+02 -1.740395e+03 -5.208742e+00 -1.575470e+01 6.072144e+01
<VARIANCE> 6
 3.128982e+01 1.413409e+04 1.353773e+04 2.961554e+02 4.050157e+04 5.219723e+07
<GCONST> 6.761066e+01
<MIXTURE> 8 3.071788e-02
<MEAN> 6
 7.024878e+01 3.609581e+02 -9.780660e+02 5.439931e-01 -1.609370e+02 1.276542e+03
<VARIANCE> 6
 1.970473e+02 1.021144e+05 3.470336e+04 4.208811e+02 4.169408e+04 5.219723e+07
<GCONST> 7.275015e+01
<MIXTURE> 9 9.601004e-02
<MEAN> 6
 6.159038e+01 2.892426e+02 -1.920504e+03 7.701935e-01 -6.336430e+00 -5.454992e+01
<VARIANCE> 6
 3.128982e+01 1.293270e+04 1.353773e+04 2.961554e+02 4.050157e+04 5.219723e+07
<GCONST> 6.752183e+01
<MIXTURE> 10 1.128353e-01
<MEAN> 6
 8.625505e+01 -7.140879e+02 -9.172873e+02 -4.541556e+00 -2.538421e+00 1.761363e+02
<VARIANCE> 6
 3.128982e+01 9.092869e+04 4.175880e+04 2.961554e+02 4.050157e+04 5.219723e+07
<GCONST> 7.059857e+01
<MIXTURE> 11 6.279854e-02
<MEAN> 6
 7.376006e+01 -8.285605e+02 -1.888523e+03 -4.463083e+00 2.752541e+00 4.445904e+01
<VARIANCE> 6
 3.128982e+01 1.422400e+04 1.353773e+04 2.961554e+02 4.050157e+04 5.219723e+07
<GCONST> 6.761700e+01
<MIXTURE> 12 6.503748e-02
<MEAN> 6
 7.284299e+01 6.147858e+02 -4.274094e+03 -1.976332e+00 -8.068127e+00 1.905945e+01
<VARIANCE> 6
 3.128982e+01 3.644788e+04 3.053352e+04 2.961554e+02 4.050157e+04 5.219723e+07
<GCONST> 6.937129e+01
<STATE> 10
<NUMMIXES> 12
<MIXTURE> 1 1.057284e-01
<MEAN> 6
 1.088652e+02 1.002137e+03 -7.305546e+02 -7.389342e+00 1.556940e+00 4.029232e+02
<VARIANCE> 6
 3.249635e+01 3.497868e+05 9.012542e+04 2.961554e+02 4.050157e+04 5.219723e+07
<GCONST> 7.275294e+01
<MIXTURE> 2 9.929736e-02
<MEAN> 6
 9.635088e+01 -8.938629e+02 -7.827507e+03 -5.590960e+00 3.711720e+00 1.414290e+02
<VARIANCE> 6
 1.733462e+02 7.245929e+04 4.470620e+06 2.961554e+02 4.050157e+04 5.219723e+07
<GCONST> 7.675689e+01
<MIXTURE> 3 1.108186e-01
<MEAN> 6
 9.624460e+01 -3.484007e+02 -1.591007e+03 -4.588219e+00 3.344244e+00 1.624332e+01
<VARIANCE> 6
 3.128982e+01 1.076391e+05 2.251527e+05 2.961554e+02 4.050157e+04 5.219723e+07
<GCONST> 7.245215e+01
<MIXTURE> 4 1.166061e-01
<MEAN> 6
 8.808067e+01 -2.395704e+02 2.186641e+03 -3.781919e+00 -1.059308e+00 1.782139e+02
<VARIANCE> 6
 3.128982e+01 4.321429e+05 4.249481e+05 2.961554e+02 4.050157e+04 5.219723e+07
<GCONST> 7.447731e+01
<MIXTURE> 5 1.174504e-01
<MEAN> 6
 9.236668e+01 2.030318e+03 -1.730301e+03 -4.482697e+00 3.234452e-01 1.472312e+02
<VARIANCE> 6
 1.501593e+02 1.392444e+05 7.485026e+05 2.961554e+02 4.050157e+04 5.219723e+07
<GCONST> 7.547929e+01
<MIXTURE> 6 1.045711e-01
<MEAN> 6
 9.280267e+01 1.066505e+03 -4.749807e+02 -4.402363e+00 1.762507e+00 1.295510e+02
<VARIANCE> 6
 3.158074e+01 4.154027e+04 1.180821e+06 2.961554e+02 4.050157e+04 5.219723e+07
<GCONST> 7.316647e+01
<MIXTURE> 7 7.304582e-02
<MEAN> 6
 9.660103e+01 3.420653e+02 -3.666373e+02 -4.435598e+00 2.921459e+00 6.228223e+01
<VARIANCE> 6
 4.515386e+01 2.830579e+04 2.473260e+04 2.961554e+02 4.050157e+04 5.219723e+07
<GCONST> 6.927456e+01
<MIXTURE> 8 7.358682e-02
<MEAN> 6
 8.985771e+01 4.002898e+02 -2.885466e+03 -2.051099e+00 -1.560033e+00 -1.078471e+02
<VARIANCE> 6
 3.128982e+01 2.239766e+04 5.115878e+05 2.961554e+02 4.050157e+04 5.219723e+07
<GCONST> 7.170306e+01
<MIXTURE> 9 7.140344e-02
<MEAN> 6
 9.526415e+01 -1.222661e+02 3.536556e+01 -4.427710e+00 2.122814e+00 3.750640e+01
<VARIANCE> 6
 3.259580e+01 4.896941e+04 1.353773e+04 2.961554e+02 4.050157e+04 5.219723e+07
<GCONST> 6.889416e+01
<MIXTURE> 10 1.108770e-02
<MEAN> 6
 8.466893e+01 -1.951868e+03 -2.151178e+03 -1.969600e+00 5.715885e+00 1.272626e+01
<VARIANCE> 6
 3.128982e+01 8.585261e+05 2.612011e+04 2.961554e+02 4.050157e+04 5.219723e+07
<GCONST> 7.237451e+01
<MIXTURE> 11 4.283807e-02
<MEAN> 6
 9.349426e+01 -1.992831e+01 3.976981e+00 -4.111892e+00 -6.092904e-01 8.072836e+01
<VARIANCE> 6
 3.128982e+01 7.946008e+04 2.850464e+04 2.961554e+02 4.050157e+04 5.219723e+07
<GCONST> 7.008191e+01
<MIXTURE> 12 7.353911e-02
<MEAN> 6
 9.434741e+01 2.649979e+02 -4.207832e+02 -4.533423e+00 -1.211624e-01 2.741687e+01
<VARIANCE> 6
 3.665920e+01 2.306657e+04 2.087959e+04 2.961554e+02 4.050157e+04 5.219723e+07
<GCONST> 6.869212e+01
<STATE> 11
<NUMMIXES> 12
<MIXTURE> 1 8.833755e-02
<MEAN> 6
 7.444065e+01 1.181224e+03 -1.939107e+02 -1.966647e+00 2.615187e+00 1.700517e+01
<VARIANCE> 6
 3.128982e+01 7.763274e+04 7.029263e+04 2.961554e+02 4.050157e+04 5.219723e+07
<GCONST> 7.096124e+01
<MIXTURE> 2 4.987939e-02
<MEAN> 6
 6.174669e+01 1.573405e+02 3.922525e+02 -1.021415e+00 -1.103956e+01 -1.711420e+02
<VARIANCE> 6
 3.128982e+01 1.293270e+04 1.353773e+04 2.961554e+02 4.050157e+04 5.219723e+07
<GCONST> 6.752183e+01
<MIXTURE> 3 6.502858e-02
<MEAN> 6
 5.902241e+01 8.026497e+01 -6.231036e+01 1.110978e-01 -1.301361e+00 -1.099817e+02
<VARIANCE> 6
 3.128982e+01 1.293270e+04 1.353773e+04 2.961554e+02 4.050157e+04 5.219723e+07
<GCONST> 6.752183e+01
<MIXTURE> 4 1.206653e-01
<MEAN> 6
 7.692638e+01 5.953856e+02 4.225464e+02 -3.373919e+00 1.165307e+00 -6.107286e+01
<VARIANCE> 6
 4.254949e+01 4.194902e+04 4.662316e+04 2.961554e+02 4.050157e+04 5.219723e+07
<GCONST> 7.024252e+01
<MIXTURE> 5 7.885046e-02
<MEAN> 6
 6.007375e+01 1.050909e+02 -1.343051e+01 -3.834280e-01 -7.309029e+00 -1.961990e+02
<VARIANCE> 6
 3.128982e+01 1.293270e+04 1.353773e+04 2.961554e+02 4.050157e+04 5.219723e+07
<GCONST> 6.752183e+01
<MIXTURE> 6 7.813516e-02
<MEAN> 6
 8.026895e+01 1.450818e+02 4.628399e+02 -3.772256e+00 -1.279065e+01 -5.261761e+01
<VARIANCE> 6
 3.128982e+01 2.602564e+04 2.268114e+05 2.961554e+02 4.050157e+04 5.219723e+07
<GCONST> 7.103979e+01
<MIXTURE> 7 7.477285e-02
<MEAN> 6
 7.951190e+01 3.409578e+02 -2.391406e+02 -3.047152e+00 -4.070163e+00 -1.231284e+02
<VARIANCE> 6
 3.128982e+01 1.149054e+05 3.939743e+04 2.961554e+02 4.050157e+04 5.219723e+07
<GCONST> 7.077440e+01
<MIXTURE> 8 1.054267e-01
<MEAN> 6
 6.110785e+01 4.638333e+02 1.462656e+02 -8.674078e-01 -1.592231e+00 -1.326158e+02
<VARIANCE> 6
 3.128982e+01 1.293270e+04 1.353773e+04 2.961554e+02 4.050157e+04 5.219723e+07
<GCONST> 6.752183e+01
<MIXTURE> 9 9.926241e-02
<MEAN> 6
 5.700602e+01 2.003059e+01 -1.567027e+02 6.062708e-01 -1.050460e+00 -1.333800e+02
<VARIANCE> 6
 3.128982e+01 1.293270e+04 1.353773e+04 2.961554e+02 4.050157e+04 5.219723e+07
<GCONST> 6.752183e+01
<MIXTURE> 10 8.312631e-02
<MEAN> 6
 7.993139e+01 3.206158e+02 -2.525192e+02 -2.947955e+00 -2.824767e+00 -1.262981e+02
<VARIANCE> 6
 3.128982e+01 5.181251e+04 2.427643e+04 2.961554e+02 4.050157e+04 5.219723e+07
<GCONST> 6.949372e+01
<MIXTURE> 11 9.002096e-02
<MEAN> 6
 7.587328e+01 9.922913e+02 -3.099973e+02 -2.710284e+00 1.033791e+00 4.526673e+01
<VARIANCE> 6
 3.128982e+01 6.216878e+04 1.247460e+05 2.961554e+02 4.050157e+04 5.219723e+07
<GCONST> 7.131272e+01
<MIXTURE> 12 6.642693e-02
<MEAN> 6
 5.740908e+01 3.818032e+01 -1.229943e+02 7.398367e-03 -9.165874e+00 -2.835686e+02
<VARIANCE> 6
 3.128982e+01 1.293270e+04 1.353773e+04 2.961554e+02 4.050157e+04 5.219723e+07
<GCONST> 6.752183e+01
<STATE> 12
<NUMMIXES> 12
<MIXTURE> 1 9.934607e-02
<MEAN> 6
 6.946872e+01 1.286040e+02 4.330241e+02 -7.807289e+00 -3.384091e+01 -6.531110e+01
<VARIANCE> 6
 1.083094e+02 2.462251e+06 1.006057e+06 2.961554e+02 4.050157e+04 5.219723e+07
<GCONST> 7.832092e+01
<MIXTURE> 2 7.971035e-02
<MEAN> 6
 4.479441e+01 -5.894978e+03 2.591238e+02 -1.154900e+01 -2.546619e+01 3.149956e+02
<VARIANCE> 6
 3.019927e+03 1.921243e+06 5.065178e+05 1.328237e+04 1.487123e+05 5.219723e+07
<GCONST> 8.581855e+01
<MIXTURE> 3 1.068911e-01
<MEAN> 6
 2.082285e+01 1.059697e+02 -2.347392e+01 1.395545e+02 -1.790953e+01 -1.429918e+03
<VARIANCE> 6
 3.617460e+02 4.061929e+05 2.314927e+05 1.450909e+03 5.127795e+04 5.219723e+07
<GCONST> 7.808060e+01
<MIXTURE> 4 4.519403e-02
<MEAN> 6
 7.841034e+01 -2.610547e+02 9.400342e+02 2.385537e+01 -7.024164e+02 -4.574825e+02
<VARIANCE> 6
 8.974111e+01 1.676233e+06 3.114574e+06 5.232674e+03 3.317550e+05 1.738648e+08
<GCONST> 8.505647e+01
<MIXTURE> 5 6.729373e-02
<MEAN> 6
 6.695564e+00 -2.524643e+02 1.733468e+02 -1.514665e+02 1.980068e+02 4.700873e+03
<VARIANCE> 6
 4.645581e+02 8.356713e+05 5.220464e+05 1.964390e+03 2.237195e+05 1.291426e+08
<GCONST> 8.254736e+01
<MIXTURE> 6 7.916578e-02
<MEAN> 6
 -1.605343e+01 2.392326e+02 7.825117e+01 6.448902e+01 2.318255e+02 -1.454445e+03
<VARIANCE> 6
 1.629905e+02 2.572320e+05 2.669239e+05 5.235024e+03 1.143704e+05 5.219723e+07
<GCONST> 7.905428e+01
<MIXTURE> 7 1.172519e-01
<MEAN> 6
 5.971596e+01 3.686630e+02 3.263837e+01 6.277836e+01 -2.314844e+02 -7.109973e+02
<VARIANCE> 6
 1.067721e+02 5.744042e+05 3.957904e+05 3.020844e+03 6.312160e+04 5.219723e+07
<GCONST> 7.868434e+01
<MIXTURE> 8 1.179748e-01
<MEAN> 6
 -3.821301e+01 1.330594e+01 1.767395e+02 1.424792e+00 5.400217e+02 -9.228379e+02
<VARIANCE> 6
 6.921650e+01 6.497599e+05 7.649820e+05 4.225707e+03 1.868414e+05 5.219723e+07
<GCONST> 8.045396e+01
<MIXTURE> 9 4.188491e-02
<MEAN> 6
 1.753076e+01 -5.608839e+01 -1.865572e+02 9.844634e+01 -7.860009e+00 7.355085e+01
<VARIANCE> 6
 3.407057e+02 9.382099e+05 3.053083e+06 6.954830e+02 4.050157e+04 5.219723e+07
<GCONST> 8.046592e+01
<MIXTURE> 10 9.374411e-02
<MEAN> 6
 5.759681e+01 -3.368971e+02 -3.153339e+02 -1.051514e+02 -4.380739e+02 7.876252e+02
<VARIANCE> 6
 1.563136e+02 8.998893e+05 5.987277e+05 2.280653e+03 6.646573e+04 5.219723e+07
<GCONST> 7.969891e+01
<MIXTURE> 11 8.400543e-02
<MEAN> 6
 -2.012196e+01 1.176672e+02 1.453987e+02 8.895020e+00 1.137279e+02 -3.200091e+02
<VARIANCE> 6
 1.139324e+02 3.657094e+05 4.516707e+05 5.508341e+03 4.050157e+04 5.219723e+07
<GCONST> 7.858682e+01
<MIXTURE> 12 6.741670e-02
<MEAN> 6
 5.862659e+00 -6.269581e+02 -6.526255e+01 -1.614693e+02 6.064820e+01 1.722266e+03
<VARIANCE> 6
 4.091679e+02 8.128532e+05 3.755392e+05 1.951881e+03 1.906432e+05 1.298654e+08
<GCONST> 8.190253e+01
<STATE> 13
<NUMMIXES> 12
<MIXTURE> 1 5.762556e-02
<MEAN> 6
 -2.517072e+00 4.432069e+01 8.044524e+01 2.164185e+02 2.113648e+01 -6.809359e+03
<VARIANCE> 6
 3.689359e+02 7.413224e+04 9.178602e+04 3.198844e+03 2.550280e+05 1.498906e+08
<GCONST> 7.892380e+01
<MIXTURE> 2 8.043427e-02
<MEAN> 6
 2.277470e+01 1.408875e+02 1.324154e+02 -2.054867e+02 -1.837010e+02 5.057304e+03
<VARIANCE> 6
 3.292475e+02 1.264686e+05 6.176760e+04 4.478876e+03 2.148419e+05 1.037829e+08
<GCONST> 7.874555e+01
<MIXTURE> 3 2.195875e-02
<MEAN> 6
 -3.826805e+01 4.773102e+01 1.724451e+02 -8.248013e+01 1.254440e+03 3.538648e+03
<VARIANCE> 6
 2.883560e+02 1.887521e+05 7.121830e+05 2.229670e+04 6.468772e+05 4.708594e+08
<GCONST> 8.567792e+01
<MIXTURE> 4 1.473267e-01
<MEAN> 6
 6.783878e+01 -1.432865e+02 -3.972497e+01 -3.387332e+00 -4.610634e+01 6.368793e+01
<VARIANCE> 6
 3.180228e+01 2.051275e+05 6.169735e+04 2.961554e+02 4.050157e+04 5.219723e+07
<GCONST> 7.181870e+01
<MIXTURE> 5 1.171192e-01
<MEAN> 6
 -4.588510e+01 8.552168e+01 -7.226502e+01 1.925932e+01 8.663799e+02 -5.217299e+02
<VARIANCE> 6
 9.416425e+01 5.662430e+04 4.365562e+04 9.832960e+03 1.988996e+05 8.059714e+07
<GCONST> 7.679961e+01
<MIXTURE> 6 9.258813e-02
<MEAN> 6
 5.869802e+01 4.130511e+01 5.737911e+01 2.274541e+00 -3.963597e+02 -4.220594e+02
<VARIANCE> 6
 1.385243e+02 1.667249e+05 3.412560e+04 1.095092e+04 6.661244e+04 5.219723e+07
<GCONST> 7.659858e+01
<MIXTURE> 7 7.528424e-02
<MEAN> 6
 2.784909e+01 -7.872894e+01 -1.428959e+01 1.446534e+02 -7.204790e+01 2.087238e+02
<VARIANCE> 6
 4.889178e+02 1.062360e+05 7.025374e+04 1.674754e+03 6.020644e+04 5.219723e+07
<GCONST> 7.615224e+01
<MIXTURE> 8 1.161913e-01
<MEAN> 6
 -2.978458e+01 -4.428098e+00 -1.394704e+02 1.095690e+01 1.967139e+02 -2.192390e+01
<VARIANCE> 6
 1.297275e+02 8.033825e+04 6.228974e+04 5.897859e+03 6.100637e+04 5.219723e+07
<GCONST> 7.569787e+01
<MIXTURE> 9 5.051110e-02
<MEAN> 6
 7.287150e+01 -3.724731e+02 -7.180604e+01 2.211814e+01 -8.516657e+02 -1.951414e+03
<VARIANCE> 6
 6.960116e+01 7.113406e+05 1.173164e+05 7.632436e+03 4.806879e+05 2.111778e+08
<GCONST> 8.160892e+01
<MIXTURE> 10 7.737218e-02
<MEAN> 6
 -1.070255e+01 -1.466196e+00 1.040203e+02 -1.822996e+02 3.058122e+02 2.086641e+03
<VARIANCE> 6
 2.872543e+02 5.991601e+04 3.433678e+04 2.938318e+03 2.290620e+05 1.809789e+08
<GCONST> 7.747353e+01
<MIXTURE> 11 8.840453e-02
<MEAN> 6
 6.023432e+01 -1.810947e+01 7.616797e+00 -4.906960e+01 -6.936564e+02 3.177219e+02
<VARIANCE> 6
 1.803343e+02 3.961871e+04 1.840685e+04 1.439388e+04 1.763580e+05 5.219723e+07
<GCONST> 7.605498e+01
<MIXTURE> 12 7.503799e-02
<MEAN> 6
 2.367604e+01 -2.180480e+02 -1.280311e+02 1.311785e+02 -1.132190e+02 -1.045716e+03
<VARIANCE> 6
 5.678270e+02 1.116321e+05 6.881740e+04 1.701907e+03 5.899391e+04 5.219723e+07
<GCONST> 7.632649e+01
<TRANSP> 14
 0.000000e+00 1.000000e+00 0.000000e+00 0.000000e+00 0.000000e+00 0.000000e+00 0.000000e+00 0.000000e+00 0.000000e+00 0.000000e+00 0.000000e+00 0.000000e+00 0.000000e+00 0.000000e+00
 0.000000e+00 9.984122e-01 1.587837e-03 0.000000e+00 0.000000e+00 0.000000e+00 0.000000e+00 0.000000e+00 0.000000e+00 0.000000e+00 0.000000e+00 0.000000e+00 0.000000e+00 0.000000e+00
 0.000000e+00 0.000000e+00 9.993094e-01 6.906134e-04 0.000000e+00 0.000000e+00 0.000000e+00 0.000000e+00 0.000000e+00 0.000000e+00 0.000000e+00 0.000000e+00 0.000000e+00 0.000000e+00
 0.000000e+00 0.000000e+00 0.000000e+00 9.992529e-01 7.470995e-04 0.000000e+00 0.000000e+00 0.000000e+00 0.000000e+00 0.000000e+00 0.000000e+00 0.000000e+00 0.000000e+00 0.000000e+00
 0.000000e+00 0.000000e+00 0.000000e+00 0.000000e+00 9.993565e-01 6.434981e-04 0.000000e+00 0.000000e+00 0.000000e+00 0.000000e+00 0.000000e+00 0.000000e+00 0.000000e+00 0.000000e+00
 0.000000e+00 0.000000e+00 0.000000e+00 0.000000e+00 0.000000e+00 9.998579e-01 1.421488e-04 0.000000e+00 0.000000e+00 0.000000e+00 0.000000e+00 0.000000e+00 0.000000e+00 0.000000e+00
 0.000000e+00 0.000000e+00 0.000000e+00 0.000000e+00 0.000000e+00 0.000000e+00 9.989946e-01 1.005447e-03 0.000000e+00 0.000000e+00 0.000000e+00 0.000000e+00 0.000000e+00 0.000000e+00
 0.000000e+00 0.000000e+00 0.000000e+00 0.000000e+00 0.000000e+00 0.000000e+00 0.000000e+00 9.997866e-01 2.133822e-04 0.000000e+00 0.000000e+00 0.000000e+00 0.000000e+00 0.000000e+00
 0.000000e+00 0.000000e+00 0.000000e+00 0.000000e+00 0.000000e+00 0.000000e+00 0.000000e+00 0.000000e+00 9.962480e-01 3.752033e-03 0.000000e+00 0.000000e+00 0.000000e+00 0.000000e+00
 0.000000e+00 0.000000e+00 0.000000e+00 0.000000e+00 0.000000e+00 0.000000e+00 0.000000e+00 0.000000e+00 0.000000e+00 9.987879e-01 1.212108e-03 0.000000e+00 0.000000e+00 0.000000e+00
 0.000000e+00 0.000000e+00 0.000000e+00 0.000000e+00 0.000000e+00 0.000000e+00 0.000000e+00 0.000000e+00 0.000000e+00 0.000000e+00 9.987384e-01 1.261609e-03 0.000000e+00 0.000000e+00
 0.000000e+00 0.000000e+00 0.000000e+00 0.000000e+00 0.000000e+00 0.000000e+00 0.000000e+00 0.000000e+00 0.000000e+00 0.000000e+00 0.000000e+00 9.997166e-01 2.833546e-04 0.000000e+00
 0.000000e+00 0.000000e+00 0.000000e+00 0.000000e+00 0.000000e+00 0.000000e+00 0.000000e+00 0.000000e+00 0.000000e+00 0.000000e+00 0.000000e+00 0.000000e+00 9.997612e-01 2.388053e-04
 0.000000e+00 0.000000e+00 0.000000e+00 0.000000e+00 0.000000e+00 0.000000e+00 0.000000e+00 0.000000e+00 0.000000e+00 0.000000e+00 0.000000e+00 0.000000e+00 0.000000e+00 0.000000e+00
<ENDHMM>
~h "QuintoPRIMARIA"
<BEGINHMM>
<NUMSTATES> 14
<STATE> 2
<NUMMIXES> 12
<MIXTURE> 1 9.393823e-02
<MEAN> 6
 -4.247406e+01 -2.120245e+01 7.021455e+01 -9.726630e+01 1.303634e+03 2.134284e+03
<VARIANCE> 6
 3.272169e+02 1.041765e+05 2.315416e+05 2.685344e+04 5.988039e+05 4.671437e+08
<GCONST> 8.418723e+01
<MIXTURE> 2 2.258570e-02
<MEAN> 6
 4.297584e+01 -2.460882e+02 -5.882281e+02 -2.054937e+01 -6.448914e+02 5.595058e+03
<VARIANCE> 6
 3.022700e+03 1.129992e+06 2.804522e+06 4.162190e+04 2.190712e+06 1.090489e+09
<GCONST> 9.387164e+01
<MIXTURE> 3 1.220296e-01
<MEAN> 6
 7.518639e+01 6.396973e+01 2.523892e+01 -3.921322e+00 -4.430788e+01 -2.871061e+02
<VARIANCE> 6
 9.269347e+01 3.995781e+04 9.373250e+04 2.961554e+02 4.050157e+04 5.219723e+07
<GCONST> 7.167086e+01
<MIXTURE> 4 9.520040e-02
<MEAN> 6
 -1.628448e+01 -2.965855e+01 1.255836e+02 1.981383e+02 5.523672e+02 -4.300891e+03
<VARIANCE> 6
 4.283199e+02 1.036048e+05 1.346282e+05 6.549816e+03 2.173278e+05 5.701902e+07
<GCONST> 7.938100e+01
<MIXTURE> 5 1.156362e-01
<MEAN> 6
 7.305737e+01 6.933714e+01 -5.245990e+01 -2.247050e+01 -6.026053e+02 -8.866366e+02
<VARIANCE> 6
 2.203174e+02 2.266417e+05 5.755177e+04 1.503041e+04 1.992161e+05 5.219723e+07
<GCONST> 7.930441e+01
<MIXTURE> 6 7.383000e-02
<MEAN> 6
 6.535239e+01 4.906311e+01 -5.648529e+00 2.542858e+01 -9.333466e+02 -2.493117e+03
<VARIANCE> 6
 7.987133e+02 4.629291e+04 2.988317e+04 3.817264e+04 6.891744e+05 3.700875e+08
<GCONST> 8.248043e+01
<MIXTURE> 7 1.003609e-01
<MEAN> 6
 5.968725e+01 -7.850014e+01 7.971735e+00 -1.918000e-01 -1.657585e+01 -1.868432e+02
<VARIANCE> 6
 3.128982e+01 2.586664e+04 1.638314e+05 2.961554e+02 4.050157e+04 5.219723e+07
<GCONST> 7.070837e+01
<MIXTURE> 8 6.390804e-02
<MEAN> 6
 -4.584812e+01 1.293680e+01 5.748254e+01 3.616607e+01 4.538212e+02 1.216704e+03
<VARIANCE> 6
 2.436071e+02 3.938021e+04 7.118570e+04 2.465944e+03 1.266136e+05 5.219723e+07
<GCONST> 7.560665e+01
<MIXTURE> 9 9.045000e-02
<MEAN> 6
 4.174643e+01 -2.088191e+01 7.125287e+00 1.266937e+02 -2.615345e+02 -7.008870e+02
<VARIANCE> 6
 4.384928e+02 6.105468e+04 8.240044e+04 1.658098e+04 9.799293e+04 5.219723e+07
<GCONST> 7.842868e+01
<MIXTURE> 10 9.384906e-02
<MEAN> 6
 7.504168e+00 7.635936e+00 -3.379939e+01 -2.285237e+02 -3.765380e+01 4.434676e+03
<VARIANCE> 6
 5.463402e+02 2.906679e+04 7.714477e+04 5.562955e+03 2.945152e+05 1.727604e+08
<GCONST> 7.904568e+01
<MIXTURE> 11 6.471600e-02
<MEAN> 6
 4.614478e+01 -5.941508e+00 -1.608534e+02 -6.246103e+00 -5.338771e+02 3.449445e+02
<VARIANCE> 6
 6.629134e+02 1.164430e+05 3.726333e+05 3.935115e+04 2.490282e+05 5.219723e+07
<GCONST> 8.279356e+01
<MIXTURE> 12 6.305921e-02
<MEAN> 6
 -5.046741e+01 -5.885871e+01 -3.169098e+01 1.318781e+01 3.337338e+02 -1.169176e+03
<VARIANCE> 6
 2.146126e+02 3.927702e+04 8.093716e+04 1.957295e+03 1.164176e+05 5.219723e+07
<GCONST> 7.529072e+01
<STATE> 3
<NUMMIXES> 12
<MIXTURE> 1 8.054919e-02
<MEAN> 6
 9.810901e+01 1.980518e+02 -9.791216e+01 1.263440e+01 -9.214921e+02 1.147539e+04
<VARIANCE> 6
 5.502293e+01 1.085975e+05 1.145500e+05 4.491956e+03 1.598207e+06 6.384419e+08
<GCONST> 8.124816e+01
<MIXTURE> 2 6.470507e-02
<MEAN> 6
 6.133803e+01 -1.211012e+03 -4.405388e+02 8.707205e+00 3.271428e+01 1.258782e+03
<VARIANCE> 6
 2.995224e+02 1.557035e+06 1.524156e+05 8.282413e+03 8.801731e+05 1.830258e+08
<GCONST> 8.465701e+01
<MIXTURE> 3 5.991516e-02
<MEAN> 6
 9.983247e+01 1.243877e+02 8.015408e+00 -1.106230e+01 1.511489e+01 7.472399e+02
<VARIANCE> 6
 3.128982e+01 1.293270e+04 1.353773e+04 2.961554e+02 4.050157e+04 5.219723e+07
<GCONST> 6.752183e+01
<MIXTURE> 4 6.236232e-02
<MEAN> 6
 9.408099e+01 -2.758030e+02 -3.078241e+02 -5.271289e+00 1.280564e+01 7.740981e+01
<VARIANCE> 6
 3.128982e+01 1.293270e+04 1.353773e+04 2.961554e+02 4.050157e+04 5.219723e+07
<GCONST> 6.752183e+01
<MIXTURE> 5 9.857170e-02
<MEAN> 6
 1.001446e+02 -4.995304e+02 -5.404268e+02 -1.785832e+00 -9.488956e-01 -4.067524e+01
<VARIANCE> 6
 3.284888e+01 1.293270e+04 1.353773e+04 2.961554e+02 4.050157e+04 5.219723e+07
<GCONST> 6.757045e+01
<MIXTURE> 6 1.080728e-01
<MEAN> 6
 9.586754e+01 -4.866017e+02 -5.334814e+02 -1.016186e+00 -1.160609e+00 -1.142126e+02
<VARIANCE> 6
 3.128982e+01 1.293270e+04 1.353773e+04 2.961554e+02 4.050157e+04 5.219723e+07
<GCONST> 6.752183e+01
<MIXTURE> 7 1.229642e-01
<MEAN> 6
 9.873251e+01 5.247174e+01 -1.758694e+02 -4.394300e+00 -2.697616e+01 3.564742e+02
<VARIANCE> 6
 3.128982e+01 1.293270e+04 1.353773e+04 2.961554e+02 4.050157e+04 5.219723e+07
<GCONST> 6.752183e+01
<MIXTURE> 8 1.081408e-01
<MEAN> 6
 9.582035e+01 -4.864742e+02 -5.335081e+02 -1.010493e+00 -1.174112e+00 -1.150630e+02
<VARIANCE> 6
 3.128982e+01 1.293270e+04 1.353773e+04 2.961554e+02 4.050157e+04 5.219723e+07
<GCONST> 6.752183e+01
<MIXTURE> 9 9.668393e-02
<MEAN> 6
 9.734714e+01 -4.906140e+02 -5.338724e+02 -1.220925e+00 -8.897091e-01 -8.864069e+01
<VARIANCE> 6
 3.128982e+01 1.293270e+04 1.353773e+04 2.961554e+02 4.050157e+04 5.219723e+07
<GCONST> 6.752183e+01
<MIXTURE> 10 5.889587e-02
<MEAN> 6
 8.557851e+01 -1.053053e+03 -1.995188e+02 -6.366757e+00 -2.310571e+01 -6.543935e+01
<VARIANCE> 6
 5.074476e+01 3.641083e+04 1.353773e+04 2.961554e+02 4.050157e+04 5.219723e+07
<GCONST> 6.904045e+01
<MIXTURE> 11 7.935303e-02
<MEAN> 6
 9.352715e+01 -2.895758e+02 -3.284306e+02 -4.782279e+00 1.230339e+01 -1.879810e+01
<VARIANCE> 6
 3.128982e+01 1.293270e+04 1.353773e+04 2.961554e+02 4.050157e+04 5.219723e+07
<GCONST> 6.752183e+01
<MIXTURE> 12 5.976272e-02
<MEAN> 6
 9.879356e+01 8.880331e+01 -1.460706e+01 -1.172521e+01 -3.375399e+01 4.233432e+02
<VARIANCE> 6
 3.128982e+01 1.293270e+04 1.353773e+04 2.961554e+02 4.050157e+04 5.219723e+07
<GCONST> 6.752183e+01
<STATE> 4
<NUMMIXES> 12
<MIXTURE> 1 7.594828e-02
<MEAN> 6
 7.205019e+01 2.474123e+01 6.581960e+02 -2.964598e+00 -3.092698e-01 1.030238e+01
<VARIANCE> 6
 3.128982e+01 1.293270e+04 1.536688e+04 2.961554e+02 4.050157e+04 5.219723e+07
<GCONST> 6.764856e+01
<MIXTURE> 2 3.385741e-02
<MEAN> 6
 8.109513e+01 -5.511787e+02 8.418474e+01 5.743528e+00 -3.937754e+01 4.477864e+02
<VARIANCE> 6
 3.128982e+01 1.753614e+05 3.083295e+05 2.961554e+02 4.050157e+04 5.219723e+07
<GCONST> 7.325460e+01
<MIXTURE> 3 1.086984e-01
<MEAN> 6
 7.021919e+01 -3.480670e+02 -5.751592e+02 9.251720e-01 -1.796812e+01 -6.621624e+01
<VARIANCE> 6
 3.128982e+01 1.383688e+04 1.353773e+04 2.961554e+02 4.050157e+04 5.219723e+07
<GCONST> 6.758940e+01
<MIXTURE> 4 4.559957e-02
<MEAN> 6
 9.098488e+01 -1.554337e+03 -1.568719e+03 9.584172e+00 -5.221966e+01 2.177560e+02
<VARIANCE> 6
 9.423678e+01 1.293270e+04 8.256944e+04 8.681728e+02 4.050157e+04 5.219723e+07
<GCONST> 7.150801e+01
<MIXTURE> 5 7.991194e-02
<MEAN> 6
 5.937148e+01 -3.348236e+02 -1.311249e+03 2.922041e+00 -1.317284e+00 -6.091699e+01
<VARIANCE> 6
 3.128982e+01 1.293270e+04 2.833394e+04 2.961554e+02 4.050157e+04 5.219723e+07
<GCONST> 6.826041e+01
<MIXTURE> 6 1.491379e-01
<MEAN> 6
 7.056555e+01 -7.034782e+02 -1.602484e+03 -6.192298e-01 -5.119071e+00 -4.813473e+01
<VARIANCE> 6
 3.128982e+01 1.293270e+04 3.045495e+04 2.961554e+02 4.050157e+04 5.219723e+07
<GCONST> 6.833260e+01
<MIXTURE> 7 1.118907e-01
<MEAN> 6
 7.449551e+01 -1.463103e+03 -8.289365e+02 -1.268607e+00 5.162116e-01 -1.259070e+02
<VARIANCE> 6
 3.128982e+01 2.624120e+04 4.894629e+04 2.961554e+02 4.050157e+04 5.219723e+07
<GCONST> 6.951464e+01
<MIXTURE> 8 9.381228e-02
<MEAN> 6
 7.517590e+01 -5.534155e+01 4.503759e+02 -2.202631e+00 -6.628834e+00 8.825106e+01
<VARIANCE> 6
 3.128982e+01 1.293270e+04 1.353773e+04 2.961554e+02 4.050157e+04 5.219723e+07
<GCONST> 6.752183e+01
<MIXTURE> 9 8.296425e-02
<MEAN> 6
 7.219679e+01 -8.485812e+02 -6.599930e+02 -2.775151e+00 -1.495117e+01 6.053935e+01
<VARIANCE> 6
 3.128982e+01 5.237918e+04 1.353773e+04 2.961554e+02 4.050157e+04 5.219723e+07
<GCONST> 6.892058e+01
<MIXTURE> 10 4.647958e-02
<MEAN> 6
 7.209878e+01 -1.696988e+03 -1.051489e+03 1.385501e+00 -1.314394e+01 1.537674e+02
<VARIANCE> 6
 3.128982e+01 6.810509e+05 6.988910e+04 2.961554e+02 4.050157e+04 5.219723e+07
<GCONST> 7.312713e+01
<MIXTURE> 11 9.203577e-02
<MEAN> 6
 7.606406e+01 -8.522102e+01 4.490666e+02 -2.020987e+00 -1.034553e+01 1.248562e+02
<VARIANCE> 6
 3.128982e+01 1.293270e+04 1.353773e+04 2.961554e+02 4.050157e+04 5.219723e+07
<GCONST> 6.752183e+01
<MIXTURE> 12 7.965119e-02
<MEAN> 6
 5.852279e+01 -3.704945e+02 -1.393281e+03 2.273804e+00 -1.109436e+00 -1.636315e+02
<VARIANCE> 6
 3.128982e+01 1.293270e+04 3.422220e+04 2.961554e+02 4.050157e+04 5.219723e+07
<GCONST> 6.844922e+01
<STATE> 5
<NUMMIXES> 12
<MIXTURE> 1 3.005601e-02
<MEAN> 6
 8.962166e+01 2.144748e+02 3.732764e+03 -3.355953e-02 -4.376714e+00 -1.435195e+02
<VARIANCE> 6
 3.128982e+01 1.293270e+04 1.353773e+04 2.961554e+02 4.050157e+04 5.219723e+07
<GCONST> 6.752183e+01
<MIXTURE> 2 1.386910e-01
<MEAN> 6
 8.962166e+01 2.144749e+02 3.732764e+03 -3.355930e-02 -4.376683e+00 -1.435199e+02
<VARIANCE> 6
 3.128982e+01 1.293270e+04 1.353773e+04 2.961554e+02 4.050157e+04 5.219723e+07
<GCONST> 6.752183e+01
<MIXTURE> 3 8.130713e-02
<MEAN> 6
 8.118163e+01 -3.518013e+02 2.600666e+03 -6.725858e-01 -1.005721e+01 -1.852491e+02
<VARIANCE> 6
 3.128982e+01 1.293270e+04 1.353773e+04 2.961554e+02 4.050157e+04 5.219723e+07
<GCONST> 6.752183e+01
<MIXTURE> 4 4.428649e-02
<MEAN> 6
 4.678269e+01 6.969723e+02 -2.923431e+02 3.010312e+01 -1.227741e+02 1.377244e+03
<VARIANCE> 6
 1.559522e+02 1.507228e+06 1.136723e+06 3.374027e+02 4.050157e+04 5.219723e+07
<GCONST> 7.844717e+01
<MIXTURE> 5 2.258061e-02
<MEAN> 6
 9.329916e+01 -9.192473e+02 1.755921e+03 -2.518921e+01 -9.095964e+01 3.712608e+03
<VARIANCE> 6
 3.128982e+01 1.461267e+05 2.364325e+06 2.961554e+02 1.434860e+05 1.022061e+08
<GCONST> 7.704617e+01
<MIXTURE> 6 1.178891e-01
<MEAN> 6
 8.074059e+01 -4.964326e+02 2.245501e+03 1.245295e-01 -1.282650e+00 4.859110e+01
<VARIANCE> 6
 3.128982e+01 1.293270e+04 1.859011e+04 2.961554e+02 4.050157e+04 5.219723e+07
<GCONST> 6.783897e+01
<MIXTURE> 7 7.605684e-02
<MEAN> 6
 8.957390e+01 2.194307e+02 3.742147e+03 1.728547e-01 1.832912e+00 -5.700220e+01
<VARIANCE> 6
 3.128982e+01 1.293270e+04 1.353773e+04 2.961554e+02 4.050157e+04 5.219723e+07
<GCONST> 6.752183e+01
<MIXTURE> 8 8.244116e-02
<MEAN> 6
 8.117808e+01 -3.540738e+02 2.598131e+03 -6.306686e-01 -9.524127e+00 -1.752624e+02
<VARIANCE> 6
 3.128982e+01 1.293270e+04 1.353773e+04 2.961554e+02 4.050157e+04 5.219723e+07
<GCONST> 6.752183e+01
<MIXTURE> 9 1.675615e-01
<MEAN> 6
 8.962166e+01 2.144750e+02 3.732764e+03 -3.355910e-02 -4.376693e+00 -1.435192e+02
<VARIANCE> 6
 3.128982e+01 1.293270e+04 1.353773e+04 2.961554e+02 4.050157e+04 5.219723e+07
<GCONST> 6.752183e+01
<MIXTURE> 10 8.196938e-02
<MEAN> 6
 8.117437e+01 -3.562165e+02 2.595689e+03 -5.932783e-01 -9.055587e+00 -1.664384e+02
<VARIANCE> 6
 3.128982e+01 1.293270e+04 1.353773e+04 2.961554e+02 4.050157e+04 5.219723e+07
<GCONST> 6.752183e+01
<MIXTURE> 11 8.106308e-02
<MEAN> 6
 8.116734e+01 -3.598609e+02 2.591418e+03 -5.338778e-01 -8.322618e+00 -1.525610e+02
<VARIANCE> 6
 3.128982e+01 1.293270e+04 1.353773e+04 2.961554e+02 4.050157e+04 5.219723e+07
<GCONST> 6.752183e+01
<MIXTURE> 12 7.609189e-02
<MEAN> 6
 8.968939e+01 2.090751e+02 3.720073e+03 -4.665544e-01 -1.836345e+01 -2.969351e+02
<VARIANCE> 6
 3.128982e+01 1.293270e+04 1.353773e+04 2.961554e+02 4.050157e+04 5.219723e+07
<GCONST> 6.752183e+01
<STATE> 6
<NUMMIXES> 12
<MIXTURE> 1 1.380435e-02
<MEAN> 6
 7.558630e+01 -5.651292e+02 -3.296087e+03 2.604818e+01 -1.397416e+01 4.870482e+02
<VARIANCE> 6
 1.721268e+02 1.190414e+06 4.787641e+04 2.961554e+02 4.050157e+04 5.219723e+07
<GCONST> 7.501221e+01
<MIXTURE> 2 7.795674e-02
<MEAN> 6
 9.209229e+01 5.801975e+02 1.239946e+03 -3.921435e-01 -4.592981e+00 -1.664932e+02
<VARIANCE> 6
 3.128982e+01 1.293270e+04 4.637668e+05 2.961554e+02 4.050157e+04 5.219723e+07
<GCONST> 7.105573e+01
<MIXTURE> 3 1.359982e-01
<MEAN> 6
 9.610091e+01 9.491456e+02 2.280010e+03 -2.637828e-01 2.176951e+00 1.250191e+01
<VARIANCE> 6
 3.128982e+01 1.293270e+04 1.379973e+05 2.961554e+02 4.050157e+04 5.219723e+07
<GCONST> 6.984357e+01
<MIXTURE> 4 1.162480e-01
<MEAN> 6
 8.465536e+01 5.598734e+02 -2.533829e+02 -1.659877e+00 -1.267771e+01 -1.494303e+02
<VARIANCE> 6
 3.128982e+01 1.293270e+04 1.353773e+04 2.961554e+02 4.050157e+04 5.219723e+07
<GCONST> 6.752183e+01
<MIXTURE> 5 9.823113e-02
<MEAN> 6
 8.974973e+01 5.766497e+02 -1.358684e+03 9.880022e-01 -1.958742e+01 -2.447983e+02
<VARIANCE> 6
 3.128982e+01 1.293270e+04 1.353773e+04 2.961554e+02 4.050157e+04 5.219723e+07
<GCONST> 6.752183e+01
<MIXTURE> 6 1.546982e-02
<MEAN> 6
 1.022823e+02 3.269617e+02 -2.028628e+03 -1.210476e+01 2.921631e+01 4.251562e+02
<VARIANCE> 6
 3.128982e+01 1.653027e+04 2.223948e+05 2.961554e+02 4.050157e+04 5.219723e+07
<GCONST> 7.056623e+01
<MIXTURE> 7 9.809982e-02
<MEAN> 6
 8.568422e+01 5.231176e+01 -1.211505e+03 8.435761e-01 -1.545530e+01 1.485002e+02
<VARIANCE> 6
 3.128982e+01 8.447364e+04 9.579609e+05 2.961554e+02 4.050157e+04 5.219723e+07
<GCONST> 7.365783e+01
<MIXTURE> 8 6.931705e-02
<MEAN> 6
 8.852147e+01 3.353970e+02 -1.291613e+03 -2.673540e+00 1.220528e+01 7.898816e+01
<VARIANCE> 6
 3.128982e+01 1.293270e+04 1.353773e+04 2.961554e+02 4.050157e+04 5.219723e+07
<GCONST> 6.752183e+01
<MIXTURE> 9 1.180304e-01
<MEAN> 6
 8.440756e+01 5.379143e+02 -2.719053e+02 -1.417570e+00 -1.119186e+01 -1.134869e+02
<VARIANCE> 6
 3.128982e+01 1.293270e+04 1.353773e+04 2.961554e+02 4.050157e+04 5.219723e+07
<GCONST> 6.752183e+01
<MIXTURE> 10 9.464774e-02
<MEAN> 6
 9.638767e+01 9.349435e+02 1.387186e+02 -4.948247e+00 -1.386244e+01 1.780008e+02
<VARIANCE> 6
 3.128982e+01 1.447906e+04 3.479389e+05 2.961554e+02 4.050157e+04 5.219723e+07
<GCONST> 7.088132e+01
<MIXTURE> 11 9.275063e-02
<MEAN> 6
 9.279723e+01 2.859978e+02 1.711199e+02 -2.567611e+00 1.387691e+01 -1.403865e+02
<VARIANCE> 6
 3.128982e+01 1.298331e+04 2.308176e+05 2.961554e+02 4.050157e+04 5.219723e+07
<GCONST> 7.036188e+01
<MIXTURE> 12 6.943230e-02
<MEAN> 6
 8.824256e+01 3.074465e+02 -1.316181e+03 -3.318539e+00 1.356339e+00 2.972864e+01
<VARIANCE> 6
 3.128982e+01 1.293270e+04 1.353773e+04 2.961554e+02 4.050157e+04 5.219723e+07
<GCONST> 6.752183e+01
<STATE> 7
<NUMMIXES> 12
<MIXTURE> 1 4.847392e-02
<MEAN> 6
 6.919518e+01 2.234556e+03 1.251635e+03 -9.742627e-01 -5.442807e+00 -2.365235e+02
<VARIANCE> 6
 3.128982e+01 1.293270e+04 1.353773e+04 2.961554e+02 4.050157e+04 5.219723e+07
<GCONST> 6.752183e+01
<MIXTURE> 2 9.073307e-02
<MEAN> 6
 5.709606e+01 -8.802004e+03 -1.989451e+03 -5.683630e-01 -5.884481e+00 -7.160442e+01
<VARIANCE> 6
 3.128982e+01 2.062814e+07 3.212942e+04 2.961554e+02 4.050157e+04 5.219723e+07
<GCONST> 7.576077e+01
<MIXTURE> 3 1.175938e-01
<MEAN> 6
 7.944118e+01 1.917831e+03 -3.815548e+02 -2.201869e+00 -6.740602e+00 -2.517967e+02
<VARIANCE> 6
 3.128982e+01 3.538718e+05 9.643996e+04 2.961554e+02 4.050157e+04 5.219723e+07
<GCONST> 7.279444e+01
<MIXTURE> 4 6.442289e-02
<MEAN> 6
 6.671127e+01 1.336340e+03 -6.158011e+02 -6.275156e-01 4.526642e+00 1.554749e+01
<VARIANCE> 6
 3.128982e+01 1.293270e+04 1.405191e+04 2.961554e+02 4.050157e+04 5.219723e+07
<GCONST> 6.755910e+01
<MIXTURE> 5 8.636422e-02
<MEAN> 6
 4.747413e+01 3.689310e+02 1.829961e+03 3.298909e-01 -8.618877e+00 -1.176480e+02
<VARIANCE> 6
 3.128982e+01 1.293270e+04 1.805027e+04 2.961554e+02 4.050157e+04 5.219723e+07
<GCONST> 6.780950e+01
<MIXTURE> 6 8.060552e-02
<MEAN> 6
 6.886523e+01 1.127098e+03 -3.077311e+02 1.090832e-01 -1.430337e+00 -1.382782e+02
<VARIANCE> 6
 3.128982e+01 9.445191e+04 1.353773e+04 2.961554e+02 4.050157e+04 5.219723e+07
<GCONST> 6.951015e+01
<MIXTURE> 7 6.069937e-02
<MEAN> 6
 7.099429e+01 1.131112e+03 -1.657953e+03 1.483562e+00 1.860990e+00 -1.802158e+02
<VARIANCE> 6
 3.128982e+01 2.165807e+04 3.467369e+04 2.961554e+02 4.050157e+04 5.219723e+07
<GCONST> 6.897794e+01
<MIXTURE> 8 9.180629e-02
<MEAN> 6
 6.430477e+01 7.711974e+02 -3.127151e+03 6.963046e-01 -5.331652e+00 -9.290833e+01
<VARIANCE> 6
 3.128982e+01 1.293270e+04 8.144288e+04 2.961554e+02 4.050157e+04 5.219723e+07
<GCONST> 6.931625e+01
<MIXTURE> 9 1.038878e-01
<MEAN> 6
 6.108727e+01 9.624780e+02 -1.029882e+03 -6.997440e-01 -6.860596e+00 -7.013251e+01
<VARIANCE> 6
 3.128982e+01 1.037070e+05 1.353773e+04 2.961554e+02 4.050157e+04 5.219723e+07
<GCONST> 6.960364e+01
<MIXTURE> 10 1.092993e-01
<MEAN> 6
 6.702427e+01 1.358858e+03 1.198602e+03 7.917207e-01 -3.846211e+00 -6.786079e+01
<VARIANCE> 6
 7.038895e+01 1.568525e+04 1.455487e+04 2.961554e+02 4.050157e+04 5.219723e+07
<GCONST> 6.859798e+01
<MIXTURE> 11 8.128517e-02
<MEAN> 6
 6.996655e+01 9.908997e+02 -2.940069e+02 -3.361441e-01 -8.542378e-02 -8.119907e+01
<VARIANCE> 6
 3.128982e+01 4.489122e+04 1.353773e+04 2.961554e+02 4.050157e+04 5.219723e+07
<GCONST> 6.876631e+01
<MIXTURE> 12 6.482330e-02
<MEAN> 6
 6.601321e+01 1.315553e+03 -6.430054e+02 -1.011718e+00 -7.023544e+00 -1.694375e+02
<VARIANCE> 6
 3.128982e+01 1.293270e+04 1.353773e+04 2.961554e+02 4.050157e+04 5.219723e+07
<GCONST> 6.752183e+01
<STATE> 8
<NUMMIXES> 12
<MIXTURE> 1 1.319698e-01
<MEAN> 6
 8.272810e+01 4.122916e+01 5.431446e+01 -2.981312e+00 4.376616e+00 8.823191e+01
<VARIANCE> 6
 3.128982e+01 1.293270e+04 1.353773e+04 2.961554e+02 4.050157e+04 5.219723e+07
<GCONST> 6.752183e+01
<MIXTURE> 2 5.583680e-02
<MEAN> 6
 8.003773e+01 6.945586e+01 -5.436023e+02 -4.948638e-02 -2.743696e+01 -5.148460e+01
<VARIANCE> 6
 3.128982e+01 3.233025e+04 1.186272e+05 2.961554e+02 4.050157e+04 5.219723e+07
<GCONST> 7.060857e+01
<MIXTURE> 3 1.270565e-01
<MEAN> 6
 8.472047e+01 6.086777e+01 -2.064325e+02 2.262052e-01 -5.052049e+00 -1.054426e+01
<VARIANCE> 6
 3.128982e+01 1.293270e+04 1.353773e+04 2.961554e+02 4.050157e+04 5.219723e+07
<GCONST> 6.752183e+01
<MIXTURE> 4 6.552328e-02
<MEAN> 6
 8.721984e+01 -1.262728e+02 5.143972e+01 -3.029139e+00 8.934097e+00 6.984094e+01
<VARIANCE> 6
 3.128982e+01 1.293270e+04 1.353773e+04 2.961554e+02 4.050157e+04 5.219723e+07
<GCONST> 6.752183e+01
<MIXTURE> 5 8.417294e-02
<MEAN> 6
 8.072828e+01 -2.030684e+02 -3.365428e+02 -1.065145e+00 -4.547451e-03 5.643192e+01
<VARIANCE> 6
 3.128982e+01 1.293270e+04 1.353773e+04 2.961554e+02 4.050157e+04 5.219723e+07
<GCONST> 6.752183e+01
<MIXTURE> 6 6.831627e-02
<MEAN> 6
 8.480783e+01 6.327689e+01 -2.011036e+02 1.946119e-01 -5.292612e+00 -1.385852e+01
<VARIANCE> 6
 3.128982e+01 1.293270e+04 1.353773e+04 2.961554e+02 4.050157e+04 5.219723e+07
<GCONST> 6.752183e+01
<MIXTURE> 7 6.885160e-02
<MEAN> 6
 8.654816e+01 -1.470167e+02 3.917060e+01 -3.373431e+00 2.057265e+00 1.639606e+01
<VARIANCE> 6
 3.128982e+01 1.293270e+04 1.353773e+04 2.961554e+02 4.050157e+04 5.219723e+07
<GCONST> 6.752183e+01
<MIXTURE> 8 1.296368e-01
<MEAN> 6
 8.305063e+01 3.188412e+01 5.252072e+01 -3.029016e+00 3.999609e+00 8.921246e+01
<VARIANCE> 6
 3.128982e+01 1.293270e+04 1.353773e+04 2.961554e+02 4.050157e+04 5.219723e+07
<GCONST> 6.752183e+01
<MIXTURE> 9 6.735060e-02
<MEAN> 6
 8.015601e+01 -2.841603e+02 -3.229562e+02 -2.240817e+00 -8.822232e-02 8.238651e+01
<VARIANCE> 6
 3.128982e+01 2.259286e+04 1.353773e+04 2.961554e+02 4.050157e+04 5.219723e+07
<GCONST> 6.807970e+01
<MIXTURE> 10 6.708098e-02
<MEAN> 6
 8.453326e+01 5.546767e+01 -2.169929e+02 2.819519e-01 -4.600892e+00 -3.939705e+00
<VARIANCE> 6
 3.128982e+01 1.293270e+04 1.353773e+04 2.961554e+02 4.050157e+04 5.219723e+07
<GCONST> 6.752183e+01
<MIXTURE> 11 6.854543e-02
<MEAN> 6
 8.658242e+01 -1.760170e+02 3.848488e+01 -3.632067e+00 2.028864e+00 2.681963e+01
<VARIANCE> 6
 3.128982e+01 1.293270e+04 1.353773e+04 2.961554e+02 4.050157e+04 5.219723e+07
<GCONST> 6.752183e+01
<MIXTURE> 12 6.564227e-02
<MEAN> 6
 8.589744e+01 -1.700687e+02 2.916492e+01 -3.850444e+00 -4.627522e+00 -4.497437e+01
<VARIANCE> 6
 3.128982e+01 1.293270e+04 1.353773e+04 2.961554e+02 4.050157e+04 5.219723e+07
<GCONST> 6.752183e+01
<STATE> 9
<NUMMIXES> 12
<MIXTURE> 1 1.200059e-01
<MEAN> 6
 7.148502e+01 4.799860e+02 -2.214427e+02 -1.929541e+00 -8.845205e+00 -6.061119e+01
<VARIANCE> 6
 3.128982e+01 1.293270e+04 1.353773e+04 2.961554e+02 4.050157e+04 5.219723e+07
<GCONST> 6.752183e+01
<MIXTURE> 2 9.331950e-02
<MEAN> 6
 6.824118e+01 2.733398e+02 1.900685e+02 -3.126160e+00 3.227158e+00 -2.153205e+01
<VARIANCE> 6
 3.128982e+01 1.293270e+04 1.353773e+04 2.961554e+02 4.050157e+04 5.219723e+07
<GCONST> 6.752183e+01
<MIXTURE> 3 9.070852e-02
<MEAN> 6
 6.303246e+01 3.204560e+01 -2.941211e+02 -9.692566e-01 -9.595380e-01 -2.868046e+01
<VARIANCE> 6
 3.128982e+01 1.293270e+04 1.353773e+04 2.961554e+02 4.050157e+04 5.219723e+07
<GCONST> 6.752183e+01
<MIXTURE> 4 5.271057e-02
<MEAN> 6
 6.103429e+01 4.435511e+02 4.283191e+02 3.145541e+00 -1.017349e+01 4.257817e+01
<VARIANCE> 6
 6.469989e+01 1.293270e+04 3.230828e+04 2.961554e+02 4.050157e+04 5.219723e+07
<GCONST> 6.911813e+01
<MIXTURE> 5 7.482045e-02
<MEAN> 6
 6.544177e+01 2.548027e+02 -6.513893e+02 -2.052673e+00 -8.879114e+00 -1.332525e+02
<VARIANCE> 6
 3.128982e+01 4.288696e+04 3.038749e+04 2.961554e+02 4.050157e+04 5.219723e+07
<GCONST> 6.952918e+01
<MIXTURE> 6 8.518871e-02
<MEAN> 6
 6.317263e+01 3.058906e+01 -3.187545e+02 -8.629234e-01 -1.465931e+00 -3.951965e+01
<VARIANCE> 6
 3.128982e+01 1.293270e+04 1.353773e+04 2.961554e+02 4.050157e+04 5.219723e+07
<GCONST> 6.752183e+01
<MIXTURE> 7 5.802726e-02
<MEAN> 6
 6.398909e+01 1.814643e+01 -4.231398e+02 -6.106834e-01 -6.999588e-01 -1.005444e+01
<VARIANCE> 6
 3.128982e+01 1.293270e+04 1.353773e+04 2.961554e+02 4.050157e+04 5.219723e+07
<GCONST> 6.752183e+01
<MIXTURE> 8 8.186913e-02
<MEAN> 6
 6.574329e+01 1.623430e+02 1.321879e+02 -2.441328e+00 -2.920417e-01 -4.261486e+01
<VARIANCE> 6
 3.128982e+01 1.293270e+04 1.353773e+04 2.961554e+02 4.050157e+04 5.219723e+07
<GCONST> 6.752183e+01
<MIXTURE> 9 1.135642e-01
<MEAN> 6
 6.183725e+01 -2.672268e+01 -5.799065e+02 -1.667592e+00 -4.640999e+00 -4.188319e+01
<VARIANCE> 6
 3.128982e+01 1.293270e+04 1.752466e+04 2.961554e+02 4.050157e+04 5.219723e+07
<GCONST> 6.777995e+01
<MIXTURE> 10 8.976334e-02
<MEAN> 6
 6.312756e+01 3.075245e+01 -3.118490e+02 -8.879882e-01 -1.315437e+00 -3.670681e+01
<VARIANCE> 6
 3.128982e+01 1.293270e+04 1.353773e+04 2.961554e+02 4.050157e+04 5.219723e+07
<GCONST> 6.752183e+01
<MIXTURE> 11 8.235614e-02
<MEAN> 6
 6.552705e+01 1.492322e+02 1.278068e+02 -2.394544e+00 -9.745787e-01 -3.964766e+01
<VARIANCE> 6
 3.128982e+01 1.293270e+04 1.353773e+04 2.961554e+02 4.050157e+04 5.219723e+07
<GCONST> 6.752183e+01
<MIXTURE> 12 5.762761e-02
<MEAN> 6
 6.322863e+01 -2.674340e+01 -4.710576e+02 -1.283852e+00 -1.158846e+01 -1.496464e+02
<VARIANCE> 6
 3.128982e+01 1.293270e+04 1.353773e+04 2.961554e+02 4.050157e+04 5.219723e+07
<GCONST> 6.752183e+01
<STATE> 10
<NUMMIXES> 12
<MIXTURE> 1 1.422454e-03
<MEAN> 6
 6.903503e+01 2.722253e+02 1.095561e+02 -1.969556e+01 -4.734309e+02 -1.035108e+04
<VARIANCE> 6
 1.128220e+03 1.005725e+06 2.180993e+06 4.883471e+02 9.896548e+04 2.100317e+08
<GCONST> 8.332849e+01
<MIXTURE> 2 1.010608e-01
<MEAN> 6
 7.211163e+01 -5.460618e+02 1.011990e+02 -2.350493e+00 3.985397e+00 -1.705170e+01
<VARIANCE> 6
 3.128982e+01 9.152671e+04 1.353773e+04 2.961554e+02 4.050157e+04 5.219723e+07
<GCONST> 6.947870e+01
<MIXTURE> 3 1.265161e-01
<MEAN> 6
 7.441858e+01 -7.608961e+02 -6.322922e+01 -1.893083e-01 -1.729524e+00 -7.740402e+01
<VARIANCE> 6
 3.128982e+01 1.293270e+04 1.353773e+04 2.961554e+02 4.050157e+04 5.219723e+07
<GCONST> 6.752183e+01
<MIXTURE> 4 1.112367e-01
<MEAN> 6
 7.240705e+01 -5.865594e+02 1.585969e+02 -1.618681e+00 -4.066441e+00 -1.007070e+02
<VARIANCE> 6
 3.128982e+01 1.293270e+04 1.353773e+04 2.961554e+02 4.050157e+04 5.219723e+07
<GCONST> 6.752183e+01
<MIXTURE> 5 7.394286e-02
<MEAN> 6
 8.007380e+01 -3.726363e+02 2.858915e+02 -1.608859e+00 9.523461e-01 -4.199625e+01
<VARIANCE> 6
 3.128982e+01 1.293270e+04 1.909417e+04 2.961554e+02 4.050157e+04 5.219723e+07
<GCONST> 6.786573e+01
<MIXTURE> 6 5.993720e-02
<MEAN> 6
 7.315547e+01 -8.335173e+02 1.913186e+01 6.309460e-01 1.888237e+00 -1.544820e+02
<VARIANCE> 6
 3.128982e+01 1.293270e+04 1.353773e+04 2.961554e+02 4.050157e+04 5.219723e+07
<GCONST> 6.752183e+01
<MIXTURE> 7 1.328159e-01
<MEAN> 6
 7.942847e+01 -4.700368e+02 -7.376647e+01 -4.452239e+00 2.589830e+00 -4.761183e+01
<VARIANCE> 6
 3.128982e+01 1.293270e+04 1.353773e+04 2.961554e+02 4.050157e+04 5.219723e+07
<GCONST> 6.752183e+01
<MIXTURE> 8 1.108827e-01
<MEAN> 6
 7.240682e+01 -5.865645e+02 1.586004e+02 -1.618579e+00 -4.066739e+00 -1.007056e+02
<VARIANCE> 6
 3.128982e+01 1.293270e+04 1.353773e+04 2.961554e+02 4.050157e+04 5.219723e+07
<GCONST> 6.752183e+01
<MIXTURE> 9 7.307759e-02
<MEAN> 6
 7.999490e+01 -3.461755e+02 1.867875e+02 -2.962707e+00 7.259758e+00 -3.751465e+00
<VARIANCE> 6
 3.128982e+01 1.293270e+04 1.353773e+04 2.961554e+02 4.050157e+04 5.219723e+07
<GCONST> 6.752183e+01
<MIXTURE> 10 6.626980e-02
<MEAN> 6
 7.244009e+01 -8.953959e+02 6.564433e+01 9.211131e-01 4.291119e+00 -1.034486e+02
<VARIANCE> 6
 3.128982e+01 1.293270e+04 1.353773e+04 2.961554e+02 4.050157e+04 5.219723e+07
<GCONST> 6.752183e+01
<MIXTURE> 11 6.909380e-02
<MEAN> 6
 7.974142e+01 -3.709359e+02 2.036622e+02 -2.750870e+00 2.464113e+00 -7.316163e+01
<VARIANCE> 6
 3.128982e+01 1.293270e+04 1.590779e+04 2.961554e+02 4.050157e+04 5.219723e+07
<GCONST> 6.768315e+01
<MIXTURE> 12 7.372775e-02
<MEAN> 6
 7.868768e+01 -3.784688e+02 1.417280e+02 -3.949294e+00 -3.646152e+00 -2.017476e+02
<VARIANCE> 6
 3.128982e+01 1.293270e+04 1.353773e+04 2.961554e+02 4.050157e+04 5.219723e+07
<GCONST> 6.752183e+01
<STATE> 11
<NUMMIXES> 12
<MIXTURE> 1 6.119771e-02
<MEAN> 6
 8.127017e+01 -6.667486e+02 1.358524e+03 -4.405808e-01 -1.570994e+01 -3.439362e+02
<VARIANCE> 6
 3.128982e+01 1.293270e+04 1.353773e+04 2.961554e+02 4.050157e+04 5.219723e+07
<GCONST> 6.752183e+01
<MIXTURE> 2 3.682774e-02
<MEAN> 6
 8.050327e+01 3.235194e+02 1.007636e+03 -6.079165e+01 -1.528259e+03 -2.498539e+04
<VARIANCE> 6
 1.718293e+02 8.419841e+05 2.177133e+06 1.637320e+03 4.614372e+05 1.837742e+08
<GCONST> 8.388293e+01
<MIXTURE> 3 1.239988e-01
<MEAN> 6
 7.408649e+01 -4.345425e+02 1.070734e+03 1.138727e-01 -1.306942e+00 -3.085085e+01
<VARIANCE> 6
 3.128982e+01 1.293270e+04 1.506919e+04 2.961554e+02 4.050157e+04 5.219723e+07
<GCONST> 6.762900e+01
<MIXTURE> 4 1.093539e-01
<MEAN> 6
 7.341777e+01 -1.306204e+03 3.527958e+01 -9.435751e-01 -1.481250e+01 -3.514344e+02
<VARIANCE> 6
 3.128982e+01 1.293270e+04 2.423973e+04 2.961554e+02 4.050157e+04 5.219723e+07
<GCONST> 6.810434e+01
<MIXTURE> 5 7.295574e-02
<MEAN> 6
 7.406982e+01 -4.190772e+02 8.995404e+02 -2.456193e-01 -2.503700e+00 -2.828345e+01
<VARIANCE> 6
 3.128982e+01 1.293270e+04 1.353773e+04 2.961554e+02 4.050157e+04 5.219723e+07
<GCONST> 6.752183e+01
<MIXTURE> 6 7.704699e-02
<MEAN> 6
 7.066660e+01 -1.037737e+03 -3.836262e+02 4.283850e-01 -9.815640e+00 -6.949860e+01
<VARIANCE> 6
 3.128982e+01 1.344067e+04 1.353773e+04 2.961554e+02 4.050157e+04 5.219723e+07
<GCONST> 6.756036e+01
<MIXTURE> 7 1.157615e-01
<MEAN> 6
 8.185140e+01 -7.337778e+02 1.575320e+03 -1.330202e-01 2.304882e-01 1.654252e+00
<VARIANCE> 6
 3.128982e+01 1.293270e+04 1.353773e+04 2.961554e+02 4.050157e+04 5.219723e+07
<GCONST> 6.752183e+01
<MIXTURE> 8 7.403469e-02
<MEAN> 6
 7.401100e+01 -4.254449e+02 8.839406e+02 -6.606275e-01 -8.030253e+00 -7.597813e+01
<VARIANCE> 6
 3.128982e+01 1.293270e+04 1.353773e+04 2.961554e+02 4.050157e+04 5.219723e+07
<GCONST> 6.752183e+01
<MIXTURE> 9 1.203951e-01
<MEAN> 6
 7.438041e+01 -1.326291e+03 -1.923379e+02 3.018204e-02 -5.938735e+00 -8.010950e+01
<VARIANCE> 6
 3.128982e+01 1.293270e+04 1.353773e+04 2.961554e+02 4.050157e+04 5.219723e+07
<GCONST> 6.752183e+01
<MIXTURE> 10 6.241248e-02
<MEAN> 6
 7.069817e+01 -1.052622e+03 -3.760818e+02 5.538326e-01 -1.085593e+01 -7.022330e+01
<VARIANCE> 6
 3.128982e+01 1.686259e+04 1.353773e+04 2.961554e+02 4.050157e+04 5.219723e+07
<GCONST> 6.778716e+01
<MIXTURE> 11 7.312476e-02
<MEAN> 6
 7.400983e+01 -4.262984e+02 8.756634e+02 -7.985884e-01 -9.712751e+00 -8.963251e+01
<VARIANCE> 6
 3.128982e+01 1.293270e+04 1.353773e+04 2.961554e+02 4.050157e+04 5.219723e+07
<GCONST> 6.752183e+01
<MIXTURE> 12 7.288241e-02
<MEAN> 6
 7.386451e+01 -4.338908e+02 8.572706e+02 -2.526057e+00 -2.794222e+01 -2.051351e+02
<VARIANCE> 6
 3.128982e+01 1.293270e+04 1.353773e+04 2.961554e+02 4.050157e+04 5.219723e+07
<GCONST> 6.752183e+01
<STATE> 12
<NUMMIXES> 12
<MIXTURE> 1 1.017389e-01
<MEAN> 6
 6.434801e+01 3.248587e+02 -4.456315e+02 -9.620309e+01 -9.204426e+02 -4.488860e+03
<VARIANCE> 6
 9.134967e+01 1.166843e+06 8.589619e+05 1.854737e+03 1.659323e+05 6.213028e+07
<GCONST> 8.066483e+01
<MIXTURE> 2 3.938358e-02
<MEAN> 6
 6.044944e+01 -6.887047e+02 -8.913638e+01 -2.609953e+02 -2.305537e+03 5.925973e+03
<VARIANCE> 6
 1.670941e+02 3.859219e+05 9.818505e+04 9.016669e+03 4.120056e+05 3.173432e+08
<GCONST> 8.211494e+01
<MIXTURE> 3 5.427102e-02
<MEAN> 6
 -3.056018e+01 3.893428e+02 -2.213797e+02 -4.104824e+02 1.676773e+03 5.142930e+04
<VARIANCE> 6
 2.441299e+02 2.395880e+06 1.315689e+06 5.075182e+03 1.559558e+06 6.837342e+08
<GCONST> 8.843920e+01
<MIXTURE> 4 9.346361e-02
<MEAN> 6
 4.428882e+01 4.943972e+02 6.614000e+02 -2.419453e+02 -1.215792e+03 1.993047e+03
<VARIANCE> 6
 2.968347e+02 5.738605e+05 3.370424e+06 4.100400e+03 4.982584e+05 2.154371e+08
<GCONST> 8.563702e+01
<MIXTURE> 5 6.845135e-02
<MEAN> 6
 -5.754404e+01 -1.054161e+02 4.216172e+02 9.128730e+01 1.402478e+03 2.295270e+03
<VARIANCE> 6
 1.126819e+02 3.371786e+05 3.618381e+06 2.099520e+04 4.903421e+05 1.143690e+08
<GCONST> 8.519158e+01
<MIXTURE> 6 5.917680e-02
<MEAN> 6
 1.199355e+01 2.069306e+02 -8.733507e+02 -2.310449e+02 7.478373e+00 6.369873e+03
<VARIANCE> 6
 8.272805e+02 5.231554e+06 4.994193e+05 3.392888e+03 7.946265e+05 1.582759e+08
<GCONST> 8.693174e+01
<MIXTURE> 7 1.181240e-01
<MEAN> 6
 -5.487352e+01 2.872924e+02 -1.558367e+02 -1.629811e+02 2.243504e+03 -1.472618e+04
<VARIANCE> 6
 2.496250e+02 1.189684e+06 2.158212e+06 9.245555e+03 1.576096e+06 7.609759e+08
<GCONST> 8.897369e+01
<MIXTURE> 8 1.031411e-01
<MEAN> 6
 1.003263e+01 -8.785558e+01 -1.689620e+02 -4.013041e+02 -7.114653e+02 1.253927e+04
<VARIANCE> 6
 3.305882e+02 1.074640e+06 1.420727e+06 5.075884e+03 4.497439e+05 2.873729e+08
<GCONST> 8.590729e+01
<MIXTURE> 9 5.464342e-02
<MEAN> 6
 -2.824953e+01 -8.502064e+02 -2.772076e+03 -4.363220e+01 5.246038e+02 -1.786284e+03
<VARIANCE> 6
 6.010574e+02 1.126937e+06 1.826451e+07 1.012584e+05 8.018017e+05 4.132259e+08
<GCONST> 9.304099e+01
<MIXTURE> 10 1.212582e-01
<MEAN> 6
 -6.907756e+01 3.624398e+02 -5.907968e+02 2.539542e+01 6.831325e+02 -7.112682e+02
<VARIANCE> 6
 3.148697e+01 1.117415e+06 8.390937e+05 4.605743e+03 1.461925e+05 7.573407e+07
<GCONST> 8.051392e+01
<MIXTURE> 11 1.167793e-01
<MEAN> 6
 -7.541157e+01 -2.682907e+02 -9.140765e+02 -1.696417e+00 1.339589e+02 1.094123e+03
<VARIANCE> 6
 3.495474e+01 4.556247e+05 2.075624e+06 5.440784e+02 1.106416e+05 6.518179e+07
<GCONST> 7.806235e+01
<MIXTURE> 12 6.955985e-02
<MEAN> 6
 -6.221290e+01 -2.658277e+02 -4.232857e+01 2.422521e+01 1.091055e+03 -2.863892e+02
<VARIANCE> 6
 1.127428e+02 2.999016e+05 4.206212e+06 1.894632e+04 4.716001e+05 1.160712e+08
<GCONST> 8.509862e+01
<STATE> 13
<NUMMIXES> 12
<MIXTURE> 1 6.965251e-02
<MEAN> 6
 8.871478e+01 2.759144e+02 8.998888e+02 -1.904838e+00 -6.407295e+00 2.656317e+02
<VARIANCE> 6
 1.851220e+02 9.451889e+05 3.684164e+06 2.961554e+02 4.050157e+04 5.219723e+07
<GCONST> 7.919749e+01
<MIXTURE> 2 1.554564e-02
<MEAN> 6
 -7.831455e+00 1.605491e+02 1.115979e+02 -2.131429e+01 7.814692e+01 3.986857e+03
<VARIANCE> 6
 1.159426e+04 2.001073e+05 4.080035e+05 1.939142e+06 1.060046e+09 1.558939e+12
<GCONST> 1.088455e+02
<MIXTURE> 3 7.455159e-02
<MEAN> 6
 2.251466e+01 -4.920760e+01 -9.827553e+02 -8.894591e+01 -2.991007e+02 3.951327e+03
<VARIANCE> 6
 4.512913e+03 6.893678e+05 7.724290e+06 5.604515e+04 2.969488e+06 1.926292e+09
<GCONST> 9.596204e+01
<MIXTURE> 4 1.061910e-01
<MEAN> 6
 -4.031011e+01 -1.442643e+02 1.090051e+02 1.209566e+02 7.184135e+02 -1.532921e+03
<VARIANCE> 6
 4.086356e+02 3.834047e+05 8.333394e+05 1.757646e+04 1.480359e+05 5.219723e+07
<GCONST> 8.298019e+01
<MIXTURE> 5 7.076450e-02
<MEAN> 6
 4.966300e+01 4.273854e+02 3.906108e+02 9.762834e+01 -3.616102e+02 -8.611812e+02
<VARIANCE> 6
 8.359747e+02 2.050260e+06 2.257500e+06 2.684215e+04 1.323885e+05 5.219723e+07
<GCONST> 8.668087e+01
<MIXTURE> 6 1.219900e-01
<MEAN> 6
 8.627828e+01 1.091795e+02 -4.021806e+01 -5.265364e+00 -1.976128e+01 -3.096633e+02
<VARIANCE> 6
 1.377314e+02 3.051797e+05 1.008056e+05 2.961554e+02 4.050157e+04 5.219723e+07
<GCONST> 7.417269e+01
<MIXTURE> 7 1.182214e-01
<MEAN> 6
 8.474154e+01 1.068065e+02 4.337749e+01 -1.417104e+01 -7.042311e+02 -4.985684e+02
<VARIANCE> 6
 2.073340e+02 5.648808e+05 2.748646e+05 1.846307e+04 5.539738e+05 2.341375e+08
<GCONST> 8.444981e+01
<MIXTURE> 8 8.931790e-02
<MEAN> 6
 -6.342479e+01 1.407330e+02 -2.864552e+01 8.896626e+00 1.566805e+02 2.953477e+02
<VARIANCE> 6
 2.426704e+02 4.958141e+05 1.149201e+06 5.495275e+02 7.284711e+04 5.219723e+07
<GCONST> 7.886322e+01
<MIXTURE> 9 1.088661e-01
<MEAN> 6
 1.978270e+01 -1.692110e+02 1.245908e+02 -1.366867e+01 -1.195690e+02 -8.921231e+02
<VARIANCE> 6
 6.902769e+02 4.438802e+05 2.484928e+05 6.721470e+04 2.349662e+05 1.296825e+08
<GCONST> 8.515428e+01
<MIXTURE> 10 7.853872e-02
<MEAN> 6
 -4.754303e+01 1.392222e+01 -1.426429e-01 -6.326608e+01 1.236642e+03 4.055200e+01
<VARIANCE> 6
 3.176052e+02 2.067160e+06 4.785300e+05 3.340979e+04 7.220401e+05 4.402448e+08
<GCONST> 8.821751e+01
<MIXTURE> 11 7.607018e-02
<MEAN> 6
 5.424915e+01 -2.233189e+02 -1.801923e+02 1.694002e-01 -5.875947e+02 -2.468893e+01
<VARIANCE> 6
 7.384086e+02 1.025468e+06 1.825595e+06 4.484650e+04 2.528064e+05 5.219723e+07
<GCONST> 8.681175e+01
<MIXTURE> 12 6.963876e-02
<MEAN> 6
 8.558578e+01 -2.614048e+01 2.777709e+02 -3.730458e+00 -4.074680e+01 -2.975460e+02
<VARIANCE> 6
 1.992759e+02 9.622444e+05 3.403862e+06 2.961554e+02 4.050157e+04 5.219723e+07
<GCONST> 7.920992e+01
<TRANSP> 14
 0.000000e+00 1.000000e+00 0.000000e+00 0.000000e+00 0.000000e+00 0.000000e+00 0.000000e+00 0.000000e+00 0.000000e+00 0.000000e+00 0.000000e+00 0.000000e+00 0.000000e+00 0.000000e+00
 0.000000e+00 9.999016e-01 9.841705e-05 0.000000e+00 0.000000e+00 0.000000e+00 0.000000e+00 0.000000e+00 0.000000e+00 0.000000e+00 0.000000e+00 0.000000e+00 0.000000e+00 0.000000e+00
 0.000000e+00 0.000000e+00 9.970895e-01 2.910472e-03 0.000000e+00 0.000000e+00 0.000000e+00 0.000000e+00 0.000000e+00 0.000000e+00 0.000000e+00 0.000000e+00 0.000000e+00 0.000000e+00
 0.000000e+00 0.000000e+00 0.000000e+00 9.980155e-01 1.984530e-03 0.000000e+00 0.000000e+00 0.000000e+00 0.000000e+00 0.000000e+00 0.000000e+00 0.000000e+00 0.000000e+00 0.000000e+00
 0.000000e+00 0.000000e+00 0.000000e+00 0.000000e+00 9.923978e-01 7.602211e-03 0.000000e+00 0.000000e+00 0.000000e+00 0.000000e+00 0.000000e+00 0.000000e+00 0.000000e+00 0.000000e+00
 0.000000e+00 0.000000e+00 0.000000e+00 0.000000e+00 0.000000e+00 9.971577e-01 2.842279e-03 0.000000e+00 0.000000e+00 0.000000e+00 0.000000e+00 0.000000e+00 0.000000e+00 0.000000e+00
 0.000000e+00 0.000000e+00 0.000000e+00 0.000000e+00 0.000000e+00 0.000000e+00 9.984763e-01 1.523628e-03 0.000000e+00 0.000000e+00 0.000000e+00 0.000000e+00 0.000000e+00 0.000000e+00
 0.000000e+00 0.000000e+00 0.000000e+00 0.000000e+00 0.000000e+00 0.000000e+00 0.000000e+00 9.982973e-01 1.702660e-03 0.000000e+00 0.000000e+00 0.000000e+00 0.000000e+00 0.000000e+00
 0.000000e+00 0.000000e+00 0.000000e+00 0.000000e+00 0.000000e+00 0.000000e+00 0.000000e+00 0.000000e+00 9.984348e-01 1.565266e-03 0.000000e+00 0.000000e+00 0.000000e+00 0.000000e+00
 0.000000e+00 0.000000e+00 0.000000e+00 0.000000e+00 0.000000e+00 0.000000e+00 0.000000e+00 0.000000e+00 0.000000e+00 9.975155e-01 2.484447e-03 0.000000e+00 0.000000e+00 0.000000e+00
 0.000000e+00 0.000000e+00 0.000000e+00 0.000000e+00 0.000000e+00 0.000000e+00 0.000000e+00 0.000000e+00 0.000000e+00 0.000000e+00 9.969987e-01 3.001314e-03 0.000000e+00 0.000000e+00
 0.000000e+00 0.000000e+00 0.000000e+00 0.000000e+00 0.000000e+00 0.000000e+00 0.000000e+00 0.000000e+00 0.000000e+00 0.000000e+00 0.000000e+00 9.974835e-01 2.516538e-03 0.000000e+00
 0.000000e+00 0.000000e+00 0.000000e+00 0.000000e+00 0.000000e+00 0.000000e+00 0.000000e+00 0.000000e+00 0.000000e+00 0.000000e+00 0.000000e+00 0.000000e+00 9.999250e-01 7.505441e-05
 0.000000e+00 0.000000e+00 0.000000e+00 0.000000e+00 0.000000e+00 0.000000e+00 0.000000e+00 0.000000e+00 0.000000e+00 0.000000e+00 0.000000e+00 0.000000e+00 0.000000e+00 0.000000e+00
<ENDHMM>
