~o
<STREAMINFO> 1 6
<VECSIZE> 6<NULLD><USER><DIAGC>
~h "SegundoPRIMARIA"
<BEGINHMM>
<NUMSTATES> 15
<STATE> 2
<NUMMIXES> 15
<MIXTURE> 1 8.521794e-02
<MEAN> 6
 -2.752774e+01 4.814433e+01 8.502451e+00 1.036623e+02 7.823788e+02 -2.651292e+03
<VARIANCE> 6
 2.243504e+02 1.166430e+05 3.569443e+04 2.805997e+04 2.360272e+05 5.232337e+07
<GCONST> 7.897685e+01
<MIXTURE> 2 2.047888e-02
<MEAN> 6
 5.906767e+01 7.989034e+01 -9.397230e+01 -6.089917e+01 -8.204460e+02 1.181306e+04
<VARIANCE> 6
 4.571143e+03 7.941641e+05 6.309576e+05 1.055749e+05 1.071788e+07 7.376162e+09
<GCONST> 9.687094e+01
<MIXTURE> 3 8.637295e-02
<MEAN> 6
 8.357944e+01 7.779330e+01 6.466171e+01 -4.255043e-01 -2.295133e+01 -3.232898e+02
<VARIANCE> 6
 1.293159e+02 1.115454e+05 5.374716e+04 2.998198e+02 4.022584e+04 5.158639e+07
<GCONST> 7.246797e+01
<MIXTURE> 4 7.118519e-02
<MEAN> 6
 3.336898e+01 1.081983e+02 2.059149e+01 2.196009e+02 -1.296397e+02 -8.289652e+02
<VARIANCE> 6
 6.003146e+02 8.761175e+04 3.062018e+04 4.418010e+03 1.532408e+05 5.158639e+07
<GCONST> 7.722678e+01
<MIXTURE> 5 8.349676e-02
<MEAN> 6
 -4.690201e+01 -1.691166e+00 3.168790e+00 -7.677499e+01 1.704115e+03 -1.045267e+03
<VARIANCE> 6
 2.864270e+02 1.678428e+05 9.805647e+04 4.019334e+04 8.727844e+05 6.749455e+08
<GCONST> 8.481987e+01
<MIXTURE> 6 6.911714e-02
<MEAN> 6
 9.881328e+01 2.954244e+01 1.374295e+01 4.221873e+01 -1.116078e+03 -2.228794e+03
<VARIANCE> 6
 4.565966e+02 3.530417e+05 6.770962e+04 2.835073e+04 2.264605e+06 1.130156e+09
<GCONST> 8.677932e+01
<MIXTURE> 7 7.407343e-02
<MEAN> 6
 6.433776e+01 -1.667619e+02 -2.300913e+02 1.141979e+00 -3.547664e+00 -1.092540e+02
<VARIANCE> 6
 4.602184e+01 2.170082e+05 6.948545e+04 2.998198e+02 4.022584e+04 5.158639e+07
<GCONST> 7.235715e+01
<MIXTURE> 8 8.369497e-02
<MEAN> 6
 -5.220312e+01 8.465697e+01 4.171775e+01 1.796988e+01 4.272451e+02 1.012155e+03
<VARIANCE> 6
 1.313261e+02 9.948730e+04 3.476294e+04 3.843402e+03 1.613598e+05 5.158639e+07
<GCONST> 7.587331e+01
<MIXTURE> 9 9.017454e-02
<MEAN> 6
 1.504633e+01 1.080404e+01 4.573673e+01 -3.088468e+02 -9.618145e+01 1.024574e+04
<VARIANCE> 6
 6.275561e+02 7.097640e+04 5.724114e+04 9.953379e+03 7.536670e+05 3.281900e+08
<GCONST> 8.194171e+01
<MIXTURE> 10 5.958967e-02
<MEAN> 6
 8.688797e+01 4.748082e+01 5.043689e+01 -4.623351e+00 -6.784047e+02 -3.587399e+01
<VARIANCE> 6
 2.181685e+02 6.669003e+04 4.434154e+04 1.793129e+04 1.837925e+05 6.838538e+07
<GCONST> 7.817656e+01
<MIXTURE> 11 6.897147e-02
<MEAN> 6
 8.821865e+01 -2.367857e+02 -3.432068e+01 -3.677459e+00 -2.570821e+01 -3.249506e+02
<VARIANCE> 6
 2.767699e+02 1.582006e+05 1.558761e+05 2.998198e+02 4.022584e+04 5.158639e+07
<GCONST> 7.464310e+01
<MIXTURE> 12 5.730298e-02
<MEAN> 6
 6.823092e+01 -1.738526e+01 2.159468e+02 -9.483490e+01 -9.106315e+02 -8.302704e+02
<VARIANCE> 6
 4.909421e+02 1.287622e+05 4.339880e+05 4.050243e+04 7.220241e+05 1.775766e+08
<GCONST> 8.506393e+01
<MIXTURE> 13 3.601281e-02
<MEAN> 6
 -6.641252e+01 1.071518e+01 -1.748606e+02 1.825329e+01 5.203771e+02 -9.589161e+02
<VARIANCE> 6
 2.185908e+02 8.752213e+04 3.216184e+05 3.399999e+03 2.411283e+05 1.038311e+08
<GCONST> 7.945812e+01
<MIXTURE> 14 5.328837e-02
<MEAN> 6
 2.787520e+01 -2.956095e+01 -1.380657e+01 3.383305e+02 -4.363461e+00 -9.593240e+03
<VARIANCE> 6
 8.597293e+02 1.812353e+05 7.356333e+04 5.130846e+03 5.457990e+05 2.013796e+08
<GCONST> 8.197107e+01
<MIXTURE> 15 6.054439e-02
<MEAN> 6
 8.056573e+01 -4.157581e+01 -5.910864e-01 -8.670905e+01 -8.737128e+02 -2.068704e+03
<VARIANCE> 6
 3.065655e+02 7.836642e+04 3.695547e+04 2.082661e+04 2.176137e+05 6.841388e+07
<GCONST> 7.881487e+01
<STATE> 3
<NUMMIXES> 15
<MIXTURE> 1 9.305460e-02
<MEAN> 6
 9.591375e+01 1.126132e+02 1.036113e+02 -3.160557e+00 -3.026818e+00 5.290752e+01
<VARIANCE> 6
 3.185104e+01 1.195217e+04 1.387160e+04 2.998198e+02 4.022584e+04 5.158639e+07
<GCONST> 6.747881e+01
<MIXTURE> 2 3.733735e-02
<MEAN> 6
 9.585182e+01 1.406629e+02 -2.413818e+02 2.449977e+01 1.276171e+02 -7.041420e+03
<VARIANCE> 6
 3.185104e+01 1.851355e+04 1.387160e+04 3.099733e+02 1.572041e+05 5.158639e+07
<GCONST> 6.931274e+01
<MIXTURE> 3 5.745678e-02
<MEAN> 6
 1.044346e+02 8.576212e+02 -2.517878e+02 5.588456e+00 -6.600743e+01 -1.490972e+02
<VARIANCE> 6
 8.114880e+01 2.052133e+04 1.387160e+04 6.609432e+02 4.731878e+04 5.158639e+07
<GCONST> 6.990746e+01
<MIXTURE> 4 9.256585e-02
<MEAN> 6
 1.012627e+02 -8.717558e+01 -9.838188e+00 -3.528485e+00 -3.088739e+01 3.643297e+02
<VARIANCE> 6
 3.185104e+01 1.195217e+04 1.387160e+04 2.998198e+02 4.022584e+04 5.158639e+07
<GCONST> 6.747881e+01
<MIXTURE> 5 1.981788e-02
<MEAN> 6
 1.065054e+02 -2.618279e+02 -1.590447e+02 3.037109e+00 1.971510e+02 -7.610935e+03
<VARIANCE> 6
 1.300655e+02 5.561874e+04 1.387160e+04 2.998198e+02 2.804742e+05 1.240107e+08
<GCONST> 7.324247e+01
<MIXTURE> 6 8.310877e-02
<MEAN> 6
 1.018832e+02 6.970473e+01 -2.023014e+01 3.271181e+01 -4.236516e+02 -1.410853e+03
<VARIANCE> 6
 3.977465e+01 2.310374e+05 1.078971e+05 1.167044e+03 8.980001e+05 6.317716e+08
<GCONST> 7.968395e+01
<MIXTURE> 7 4.435867e-02
<MEAN> 6
 9.590994e+01 1.212300e+02 1.071655e+02 -3.200037e+00 -2.477844e+00 5.523575e+01
<VARIANCE> 6
 3.185104e+01 1.195217e+04 1.387160e+04 2.998198e+02 4.022584e+04 5.158639e+07
<GCONST> 6.747881e+01
<MIXTURE> 8 1.030183e-01
<MEAN> 6
 9.934020e+01 5.139238e+02 -2.193968e+02 1.636372e-01 -2.663113e+01 2.976046e+02
<VARIANCE> 6
 3.185104e+01 1.195217e+04 1.387160e+04 2.998198e+02 4.022584e+04 5.158639e+07
<GCONST> 6.747881e+01
<MIXTURE> 9 9.180093e-02
<MEAN> 6
 9.624412e+01 8.936988e+01 8.952527e+01 -3.085259e+00 -6.069906e+00 5.823913e+01
<VARIANCE> 6
 3.185104e+01 1.195217e+04 1.387160e+04 2.998198e+02 4.022584e+04 5.158639e+07
<GCONST> 6.747881e+01
<MIXTURE> 10 9.321392e-02
<MEAN> 6
 9.610523e+01 1.011673e+02 9.582346e+01 -3.115917e+00 -4.683265e+00 5.638022e+01
<VARIANCE> 6
 3.185104e+01 1.195217e+04 1.387160e+04 2.998198e+02 4.022584e+04 5.158639e+07
<GCONST> 6.747881e+01
<MIXTURE> 11 6.018974e-02
<MEAN> 6
 1.089059e+02 -1.748814e+02 -1.320826e+02 -3.863279e+01 -1.756036e+02 2.950145e+04
<VARIANCE> 6
 2.359140e+02 7.905152e+05 2.632645e+05 1.513713e+03 1.236754e+06 5.374234e+08
<GCONST> 8.400470e+01
<MIXTURE> 12 7.124350e-02
<MEAN> 6
 9.308536e+01 1.608109e+02 -1.644469e+02 -4.462630e+00 1.459553e+01 7.814232e+02
<VARIANCE> 6
 3.185104e+01 1.195217e+04 1.387160e+04 2.998198e+02 4.022584e+04 5.158639e+07
<GCONST> 6.747881e+01
<MIXTURE> 13 3.797402e-02
<MEAN> 6
 9.950121e+01 4.166569e+02 -2.767587e+02 -1.368714e+01 -1.955266e+02 3.077844e+03
<VARIANCE> 6
 4.498463e+01 1.238906e+04 1.387160e+04 9.737598e+02 7.183299e+04 5.158639e+07
<GCONST> 6.961778e+01
<MIXTURE> 14 7.044526e-02
<MEAN> 6
 9.330491e+01 1.393523e+02 -1.586629e+02 -5.311562e+00 7.725411e+00 8.409416e+02
<VARIANCE> 6
 3.185104e+01 1.195217e+04 1.387160e+04 2.998198e+02 4.022584e+04 5.158639e+07
<GCONST> 6.747881e+01
<MIXTURE> 15 4.439224e-02
<MEAN> 6
 9.603214e+01 8.571965e+01 8.840579e+01 -3.064544e+00 -5.707716e+00 5.772019e+01
<VARIANCE> 6
 3.185104e+01 1.195217e+04 1.387160e+04 2.998198e+02 4.022584e+04 5.158639e+07
<GCONST> 6.747881e+01
<STATE> 4
<NUMMIXES> 15
<MIXTURE> 1 2.796232e-02
<MEAN> 6
 5.993595e+01 -1.291385e+02 -1.211614e+03 -1.957488e+01 -3.639606e+01 4.077223e+03
<VARIANCE> 6
 3.023089e+02 2.083857e+05 8.836592e+05 6.541393e+03 9.575153e+05 3.130216e+08
<GCONST> 8.479747e+01
<MIXTURE> 2 8.307635e-02
<MEAN> 6
 7.569094e+01 1.917523e+02 -1.347143e+03 1.628844e+00 1.671853e+01 2.542707e+01
<VARIANCE> 6
 3.185104e+01 1.195217e+04 1.387160e+04 2.998198e+02 4.022584e+04 5.158639e+07
<GCONST> 6.747881e+01
<MIXTURE> 3 5.982286e-02
<MEAN> 6
 6.836919e+01 3.380201e+01 -7.550250e+02 -5.988844e-02 -1.362434e+01 -3.742511e+02
<VARIANCE> 6
 3.185104e+01 1.195217e+04 1.387160e+04 2.998198e+02 4.022584e+04 5.158639e+07
<GCONST> 6.747881e+01
<MIXTURE> 4 5.754209e-02
<MEAN> 6
 7.431285e+01 -2.820149e+02 -5.702297e+02 3.394051e+00 -3.398933e+00 -3.031240e+01
<VARIANCE> 6
 3.185104e+01 1.195217e+04 1.387160e+04 2.998198e+02 4.022584e+04 5.158639e+07
<GCONST> 6.747881e+01
<MIXTURE> 5 9.803280e-02
<MEAN> 6
 7.138406e+01 3.974187e+01 -1.071180e+03 -3.037590e+00 -1.723011e+00 3.201006e+01
<VARIANCE> 6
 3.185104e+01 1.195217e+04 1.387160e+04 2.998198e+02 4.022584e+04 5.158639e+07
<GCONST> 6.747881e+01
<MIXTURE> 6 5.354280e-02
<MEAN> 6
 7.170656e+01 -4.288883e+02 -7.618023e+02 -8.779541e-01 -8.099568e+00 -3.185597e+01
<VARIANCE> 6
 3.185104e+01 1.195217e+04 1.387160e+04 2.998198e+02 4.022584e+04 5.158639e+07
<GCONST> 6.747881e+01
<MIXTURE> 7 2.106873e-02
<MEAN> 6
 4.852147e+01 -2.145364e+02 -9.737417e+02 4.578387e+01 8.640221e-01 -3.700634e+03
<VARIANCE> 6
 3.185104e+01 1.961238e+04 1.387160e+04 2.998198e+02 6.746377e+04 5.158639e+07
<GCONST> 6.849114e+01
<MIXTURE> 8 8.844355e-02
<MEAN> 6
 6.772601e+01 4.668266e+00 -9.471544e+02 -7.469413e-01 -4.896575e+00 -1.134916e+02
<VARIANCE> 6
 3.185104e+01 1.195217e+04 1.387160e+04 2.998198e+02 4.022584e+04 5.158639e+07
<GCONST> 6.747881e+01
<MIXTURE> 9 1.171586e-01
<MEAN> 6
 7.163170e+01 -4.349849e+02 -7.687631e+02 -8.266081e-01 -8.817053e+00 -4.847814e+01
<VARIANCE> 6
 3.185104e+01 1.195217e+04 1.387160e+04 2.998198e+02 4.022584e+04 5.158639e+07
<GCONST> 6.747881e+01
<MIXTURE> 10 3.596184e-02
<MEAN> 6
 6.907961e+01 -2.279745e+02 -1.416764e+03 -8.463820e+00 -1.741970e+01 -7.150688e+02
<VARIANCE> 6
 3.185104e+01 1.195217e+04 1.387160e+04 2.998198e+02 4.022584e+04 5.158639e+07
<GCONST> 6.747881e+01
<MIXTURE> 11 1.153063e-01
<MEAN> 6
 6.774810e+01 4.537314e+00 -9.513376e+02 -7.756100e-01 -4.633451e+00 -1.090052e+02
<VARIANCE> 6
 3.185104e+01 1.195217e+04 1.387160e+04 2.998198e+02 4.022584e+04 5.158639e+07
<GCONST> 6.747881e+01
<MIXTURE> 12 7.215491e-02
<MEAN> 6
 7.524110e+01 1.536438e+02 -1.400704e+03 1.658461e+00 1.908661e+01 -6.279951e+01
<VARIANCE> 6
 3.185104e+01 1.195217e+04 1.387160e+04 2.998198e+02 4.022584e+04 5.158639e+07
<GCONST> 6.747881e+01
<MIXTURE> 13 5.820056e-02
<MEAN> 6
 6.378588e+01 -1.187195e+02 -9.789961e+02 5.260113e-01 -1.499803e+01 -1.493881e+02
<VARIANCE> 6
 3.185104e+01 1.195217e+04 1.387160e+04 2.998198e+02 4.022584e+04 5.158639e+07
<GCONST> 6.747881e+01
<MIXTURE> 14 5.804250e-02
<MEAN> 6
 6.807109e+01 2.435744e+01 -8.297231e+02 -3.597288e-01 -1.014770e+01 -2.515649e+02
<VARIANCE> 6
 3.185104e+01 1.195217e+04 1.609806e+04 2.998198e+02 4.022584e+04 5.158639e+07
<GCONST> 6.762767e+01
<MIXTURE> 15 5.363932e-02
<MEAN> 6
 7.159738e+01 -4.385297e+02 -7.724421e+02 -7.908027e-01 -9.437430e+00 -5.863667e+01
<VARIANCE> 6
 3.185104e+01 1.195217e+04 1.387160e+04 2.998198e+02 4.022584e+04 5.158639e+07
<GCONST> 6.747881e+01
<STATE> 5
<NUMMIXES> 15
<MIXTURE> 1 3.736783e-03
<MEAN> 6
 8.802121e+01 -1.762235e+02 -1.928998e+01 -4.625606e+00 -8.711080e+01 1.130750e+03
<VARIANCE> 6
 5.449979e+02 1.976382e+06 9.389391e+05 7.775181e+02 1.413129e+05 7.456297e+07
<GCONST> 8.221933e+01
<MIXTURE> 2 6.948118e-02
<MEAN> 6
 7.592681e+01 -9.375142e+02 -2.503403e+01 -2.142034e+00 -3.006422e+00 6.687510e+02
<VARIANCE> 6
 3.185104e+01 1.383240e+04 7.936984e+04 2.998198e+02 4.022584e+04 5.158639e+07
<GCONST> 6.936919e+01
<MIXTURE> 3 4.853780e-02
<MEAN> 6
 9.721813e+01 -5.479252e+02 2.016652e+02 -6.236195e+00 -7.441119e+01 1.176321e+03
<VARIANCE> 6
 3.185104e+01 1.258873e+04 1.387160e+04 2.998198e+02 4.022584e+04 5.158639e+07
<GCONST> 6.753070e+01
<MIXTURE> 4 4.431240e-02
<MEAN> 6
 7.815693e+01 -1.446180e+03 -7.187595e+02 -8.554711e-01 3.330668e+00 -1.008914e+01
<VARIANCE> 6
 3.185104e+01 3.444722e+04 1.387160e+04 2.998198e+02 4.022584e+04 5.158639e+07
<GCONST> 6.853733e+01
<MIXTURE> 5 9.858771e-02
<MEAN> 6
 8.863773e+01 -3.027470e+02 1.320127e+02 -4.597024e+00 8.075995e+00 8.374651e+01
<VARIANCE> 6
 3.185104e+01 1.195217e+04 1.387160e+04 2.998198e+02 4.022584e+04 5.158639e+07
<GCONST> 6.747881e+01
<MIXTURE> 6 1.118103e-01
<MEAN> 6
 7.522593e+01 -1.066161e+03 4.339979e+02 2.132141e+00 3.498324e+01 -7.862117e+02
<VARIANCE> 6
 3.185104e+01 1.599814e+04 3.925837e+04 2.998198e+02 4.022584e+04 5.158639e+07
<GCONST> 6.881069e+01
<MIXTURE> 7 5.801239e-02
<MEAN> 6
 8.986559e+01 -2.208752e+02 1.275593e+02 -1.567402e+00 9.606748e+00 -4.091641e+01
<VARIANCE> 6
 3.185104e+01 1.195217e+04 1.387160e+04 2.998198e+02 4.022584e+04 5.158639e+07
<GCONST> 6.747881e+01
<MIXTURE> 8 6.117202e-02
<MEAN> 6
 8.324430e+01 -5.594579e+02 3.787719e+02 -8.881321e+00 4.242427e+00 4.727189e+02
<VARIANCE> 6
 3.185104e+01 3.067432e+04 1.387160e+04 2.998198e+02 4.022584e+04 5.158639e+07
<GCONST> 6.842133e+01
<MIXTURE> 9 6.196555e-02
<MEAN> 6
 7.561975e+01 -1.078730e+03 -5.705532e+01 -1.553153e+00 3.240359e+01 -1.582548e+02
<VARIANCE> 6
 3.185104e+01 1.636103e+04 8.871155e+04 2.998198e+02 4.022584e+04 5.158639e+07
<GCONST> 6.964835e+01
<MIXTURE> 10 5.319839e-02
<MEAN> 6
 8.906691e+01 -2.739745e+02 1.350876e+02 -3.541609e+00 8.196519e+00 3.994128e+01
<VARIANCE> 6
 3.185104e+01 1.195217e+04 1.387160e+04 2.998198e+02 4.022584e+04 5.158639e+07
<GCONST> 6.747881e+01
<MIXTURE> 11 1.099913e-01
<MEAN> 6
 8.773878e+01 -4.079699e+02 1.282567e+02 -2.600337e+00 1.352434e+01 -4.720650e+01
<VARIANCE> 6
 3.185104e+01 1.274049e+04 1.387160e+04 2.998198e+02 4.022584e+04 5.158639e+07
<GCONST> 6.754269e+01
<MIXTURE> 12 7.393975e-02
<MEAN> 6
 7.593050e+01 -9.675027e+02 -1.332117e+02 -1.937745e+00 -1.551536e+00 5.201113e+02
<VARIANCE> 6
 3.185104e+01 1.195217e+04 6.243045e+04 2.998198e+02 4.022584e+04 5.158639e+07
<GCONST> 6.898302e+01
<MIXTURE> 13 9.345006e-02
<MEAN> 6
 7.778464e+01 -1.901210e+03 -8.096644e+02 1.307945e+00 -2.919867e+00 -2.849613e+02
<VARIANCE> 6
 3.185104e+01 1.195217e+04 1.387160e+04 2.998198e+02 4.022584e+04 5.158639e+07
<GCONST> 6.747881e+01
<MIXTURE> 14 5.873533e-02
<MEAN> 6
 8.943623e+01 -2.509073e+02 1.288361e+02 -2.814488e+00 8.581756e+00 1.601834e+01
<VARIANCE> 6
 3.185104e+01 1.195217e+04 1.387160e+04 2.998198e+02 4.022584e+04 5.158639e+07
<GCONST> 6.747881e+01
<MIXTURE> 15 5.305377e-02
<MEAN> 6
 8.820192e+01 -3.261156e+02 1.290883e+02 -5.195961e+00 9.234363e+00 1.013153e+02
<VARIANCE> 6
 3.185104e+01 1.195217e+04 1.387160e+04 2.998198e+02 4.022584e+04 5.158639e+07
<GCONST> 6.747881e+01
<STATE> 6
<NUMMIXES> 15
<MIXTURE> 1 8.638063e-02
<MEAN> 6
 9.288409e+01 1.039408e+03 1.185927e+03 -3.642750e+00 9.793998e-01 1.012853e+02
<VARIANCE> 6
 3.185104e+01 1.873849e+04 1.387160e+04 2.998198e+02 4.022584e+04 5.158639e+07
<GCONST> 6.792848e+01
<MIXTURE> 2 8.914070e-02
<MEAN> 6
 9.007414e+01 3.720047e+02 3.975493e+02 1.006888e+00 -4.732588e+01 5.926899e+02
<VARIANCE> 6
 3.185104e+01 3.616714e+04 1.387160e+04 2.998198e+02 4.022584e+04 5.158639e+07
<GCONST> 6.858605e+01
<MIXTURE> 3 8.024862e-02
<MEAN> 6
 9.057912e+01 -1.339844e+03 7.922327e+02 -1.748375e-01 -1.228329e+00 -3.202398e+02
<VARIANCE> 6
 3.185104e+01 1.195217e+04 1.387160e+04 2.998198e+02 4.022584e+04 5.158639e+07
<GCONST> 6.747881e+01
<MIXTURE> 4 5.415962e-02
<MEAN> 6
 1.052521e+02 -3.545925e+02 5.975023e+02 -1.283082e+01 -3.070534e+01 -4.457673e+01
<VARIANCE> 6
 3.833165e+01 1.195217e+04 1.437361e+04 2.998198e+02 4.022584e+04 5.158639e+07
<GCONST> 6.769957e+01
<MIXTURE> 5 4.999111e-02
<MEAN> 6
 8.528222e+01 6.822571e+02 1.084062e+03 -6.216377e+00 4.748412e-01 9.550498e+00
<VARIANCE> 6
 3.185104e+01 1.195217e+04 1.387160e+04 2.998198e+02 4.022584e+04 5.158639e+07
<GCONST> 6.747881e+01
<MIXTURE> 6 8.412376e-02
<MEAN> 6
 7.627472e+01 4.632352e+02 9.037155e+02 -2.450600e+00 1.707938e+00 1.422122e+01
<VARIANCE> 6
 3.185104e+01 1.195217e+04 1.387160e+04 2.998198e+02 4.022584e+04 5.158639e+07
<GCONST> 6.747881e+01
<MIXTURE> 7 4.775646e-02
<MEAN> 6
 7.352566e+01 -3.549034e+01 6.223153e+02 1.569646e+00 1.299098e+01 -1.129799e+02
<VARIANCE> 6
 3.185104e+01 1.195217e+04 1.387160e+04 2.998198e+02 4.022584e+04 5.158639e+07
<GCONST> 6.747881e+01
<MIXTURE> 8 6.109127e-02
<MEAN> 6
 9.022125e+01 -1.445285e+03 8.498027e+02 -1.382985e-01 2.856613e+00 5.430227e+01
<VARIANCE> 6
 3.185104e+01 1.195217e+04 1.387160e+04 2.998198e+02 4.022584e+04 5.158639e+07
<GCONST> 6.747881e+01
<MIXTURE> 9 9.159572e-02
<MEAN> 6
 7.292766e+01 3.304989e+02 6.887792e+02 -2.250923e+00 -1.166889e+01 8.621768e+01
<VARIANCE> 6
 3.185104e+01 1.195217e+04 1.387160e+04 2.998198e+02 4.022584e+04 5.158639e+07
<GCONST> 6.747881e+01
<MIXTURE> 10 2.993495e-02
<MEAN> 6
 1.086716e+02 -4.124480e+02 2.243137e+02 -1.011566e+01 -3.151105e+01 1.160236e+03
<VARIANCE> 6
 1.657518e+02 3.508608e+05 1.558144e+05 2.998198e+02 4.684686e+04 5.158639e+07
<GCONST> 7.507891e+01
<MIXTURE> 11 7.326313e-02
<MEAN> 6
 9.242884e+01 -1.018221e+02 4.747339e+02 -3.285256e+00 1.618359e+01 1.708996e+02
<VARIANCE> 6
 3.185104e+01 1.195217e+04 1.387160e+04 2.998198e+02 4.022584e+04 5.158639e+07
<GCONST> 6.747881e+01
<MIXTURE> 12 8.476333e-02
<MEAN> 6
 7.281539e+01 3.263156e+02 6.771891e+02 -2.491776e+00 -1.417889e+01 7.005361e+01
<VARIANCE> 6
 3.185104e+01 1.195217e+04 1.387160e+04 2.998198e+02 4.022584e+04 5.158639e+07
<GCONST> 6.747881e+01
<MIXTURE> 13 6.104756e-02
<MEAN> 6
 9.021729e+01 -1.446302e+03 8.504153e+02 -1.413249e-01 2.849278e+00 5.599162e+01
<VARIANCE> 6
 3.185104e+01 1.195217e+04 1.387160e+04 2.998198e+02 4.022584e+04 5.158639e+07
<GCONST> 6.747881e+01
<MIXTURE> 14 5.744063e-02
<MEAN> 6
 9.015310e+01 -3.989850e+02 7.621088e+02 -1.301011e+01 1.174912e+01 5.682602e+02
<VARIANCE> 6
 3.566863e+01 1.195217e+04 1.387160e+04 2.998198e+02 5.313199e+04 5.158639e+07
<GCONST> 6.787029e+01
<MIXTURE> 15 4.904587e-02
<MEAN> 6
 8.245393e+01 6.205853e+02 1.049182e+03 -5.609993e+00 1.767058e+00 -2.427250e+00
<VARIANCE> 6
 3.185104e+01 1.195217e+04 1.387160e+04 2.998198e+02 4.022584e+04 5.158639e+07
<GCONST> 6.747881e+01
<STATE> 7
<NUMMIXES> 15
<MIXTURE> 1 2.834821e-02
<MEAN> 6
 1.270675e+02 2.773757e+03 2.478613e+02 -2.336143e+01 2.442134e+01 2.373263e+02
<VARIANCE> 6
 3.185104e+01 1.195217e+04 1.387160e+04 2.998198e+02 4.022584e+04 5.158639e+07
<GCONST> 6.747881e+01
<MIXTURE> 2 7.901083e-02
<MEAN> 6
 9.688673e+01 -1.626832e+03 1.215387e+02 -3.793165e+00 1.691530e-01 -2.886683e+02
<VARIANCE> 6
 3.185104e+01 3.489516e+04 5.874819e+04 2.998198e+02 4.022584e+04 5.158639e+07
<GCONST> 6.999367e+01
<MIXTURE> 3 5.972231e-02
<MEAN> 6
 9.734568e+01 -2.098700e+03 -2.336677e+02 -5.571136e+00 -4.968095e+00 -1.805129e+02
<VARIANCE> 6
 3.185104e+01 7.702369e+04 1.387160e+04 2.998198e+02 4.022584e+04 5.158639e+07
<GCONST> 6.934201e+01
<MIXTURE> 4 6.002793e-02
<MEAN> 6
 1.302562e+02 -1.846995e+03 6.804515e+01 -3.744247e+01 -2.052757e+01 8.595250e+02
<VARIANCE> 6
 3.036933e+02 9.004604e+05 1.756622e+04 2.998198e+02 4.022584e+04 5.158639e+07
<GCONST> 7.429189e+01
<MIXTURE> 5 6.976667e-02
<MEAN> 6
 1.309905e+02 9.445773e+02 1.530007e+02 -4.714143e+00 -2.565803e+01 1.576926e+02
<VARIANCE> 6
 4.268095e+01 3.964023e+04 1.387160e+04 2.998198e+02 4.022584e+04 5.158639e+07
<GCONST> 6.897043e+01
<MIXTURE> 6 9.515526e-02
<MEAN> 6
 9.880051e+01 -3.509746e+03 -1.482507e+01 -3.384627e+00 2.068283e+01 -6.899460e+01
<VARIANCE> 6
 3.185104e+01 8.948185e+04 1.387160e+04 2.998198e+02 4.022584e+04 5.158639e+07
<GCONST> 6.949194e+01
<MIXTURE> 7 7.478735e-02
<MEAN> 6
 1.230471e+02 -1.078719e+03 6.908146e+01 -7.554449e+00 2.444479e+01 -6.505422e+02
<VARIANCE> 6
 3.185104e+01 4.145743e+04 1.387160e+04 2.998198e+02 4.022584e+04 5.158639e+07
<GCONST> 6.872256e+01
<MIXTURE> 8 4.970919e-02
<MEAN> 6
 1.341442e+02 1.399128e+03 1.640281e+02 -1.389707e+01 5.596725e+01 2.671354e+02
<VARIANCE> 6
 5.659678e+01 1.601305e+05 1.387160e+04 1.921827e+03 3.045097e+05 1.109844e+08
<GCONST> 7.529694e+01
<MIXTURE> 9 6.941911e-02
<MEAN> 6
 1.291447e+02 1.224955e+02 2.214252e+02 -4.663177e+00 -3.990042e+01 6.041487e+02
<VARIANCE> 6
 3.185104e+01 1.195217e+04 1.387160e+04 2.998198e+02 4.650929e+04 5.158639e+07
<GCONST> 6.762395e+01
<MIXTURE> 10 6.105203e-02
<MEAN> 6
 1.024097e+02 -2.807442e+03 -2.298890e+02 -2.312321e+00 -3.223527e+01 -4.841293e+02
<VARIANCE> 6
 3.185104e+01 6.112870e+04 1.387160e+04 2.998198e+02 4.022584e+04 5.158639e+07
<GCONST> 6.911089e+01
<MIXTURE> 11 8.269819e-02
<MEAN> 6
 9.910909e+01 -4.046375e+03 1.563913e+01 -2.638942e+00 2.481318e+00 1.830895e+01
<VARIANCE> 6
 3.185104e+01 1.195217e+04 1.387160e+04 2.998198e+02 4.022584e+04 5.158639e+07
<GCONST> 6.747881e+01
<MIXTURE> 12 5.026843e-02
<MEAN> 6
 1.221753e+02 2.417650e+03 1.882813e+02 -2.727321e+00 4.703457e+00 -2.026373e+01
<VARIANCE> 6
 3.185104e+01 1.408130e+04 1.387160e+04 2.998198e+02 4.022584e+04 5.158639e+07
<GCONST> 6.764275e+01
<MIXTURE> 13 1.157491e-01
<MEAN> 6
 1.216974e+02 3.641667e+02 2.417872e+02 -4.829400e+00 -9.877249e-01 -2.397588e+01
<VARIANCE> 6
 3.185104e+01 1.569084e+04 1.387160e+04 2.998198e+02 4.022584e+04 5.158639e+07
<GCONST> 6.775098e+01
<MIXTURE> 14 5.414216e-02
<MEAN> 6
 1.035736e+02 -3.027454e+03 -2.596605e+02 -8.400849e-01 -5.372705e+00 -1.379868e+02
<VARIANCE> 6
 3.185104e+01 4.333466e+04 1.387160e+04 2.998198e+02 4.022584e+04 5.158639e+07
<GCONST> 6.876685e+01
<MIXTURE> 15 5.013550e-02
<MEAN> 6
 1.228909e+02 2.361596e+03 1.833506e+02 -1.051638e+00 -5.875955e+00 -1.052152e+02
<VARIANCE> 6
 3.185104e+01 1.227474e+04 1.387160e+04 2.998198e+02 4.022584e+04 5.158639e+07
<GCONST> 6.750545e+01
<STATE> 8
<NUMMIXES> 15
<MIXTURE> 1 5.034791e-02
<MEAN> 6
 1.096172e+02 2.599470e+01 3.734497e+02 1.550352e+00 -1.859715e+01 -1.362642e+02
<VARIANCE> 6
 3.185104e+01 2.434241e+04 1.387160e+04 2.998198e+02 4.022584e+04 5.158639e+07
<GCONST> 6.819012e+01
<MIXTURE> 2 7.242110e-02
<MEAN> 6
 1.136745e+02 -6.652125e+02 1.452691e+02 -2.604185e+00 -1.918336e+01 4.422343e+01
<VARIANCE> 6
 3.185104e+01 1.195217e+04 1.472109e+04 2.998198e+02 4.022584e+04 5.158639e+07
<GCONST> 6.753825e+01
<MIXTURE> 3 8.227686e-02
<MEAN> 6
 1.095895e+02 -1.195984e+03 -8.677690e+02 -2.371205e+00 -3.472732e+01 -6.592997e+02
<VARIANCE> 6
 3.185104e+01 1.195217e+04 1.387160e+04 2.998198e+02 4.022584e+04 5.158639e+07
<GCONST> 6.747881e+01
<MIXTURE> 4 6.263418e-02
<MEAN> 6
 1.159810e+02 -3.927638e+01 1.647783e+02 -9.128780e+00 1.967232e+01 5.097566e+02
<VARIANCE> 6
 3.185104e+01 1.195217e+04 1.387160e+04 2.998198e+02 4.022584e+04 5.158639e+07
<GCONST> 6.747881e+01
<MIXTURE> 5 6.662489e-02
<MEAN> 6
 1.092691e+02 -7.175772e+02 -1.479601e+02 -5.193395e+00 4.514332e+00 -1.568398e+01
<VARIANCE> 6
 3.185104e+01 1.195217e+04 1.387160e+04 2.998198e+02 4.022584e+04 5.158639e+07
<GCONST> 6.747881e+01
<MIXTURE> 6 5.624115e-02
<MEAN> 6
 1.050569e+02 -9.552828e+02 1.637174e+02 -5.805545e+00 -1.897153e+01 -2.151100e+02
<VARIANCE> 6
 3.185104e+01 1.195217e+04 3.563497e+04 2.998198e+02 4.022584e+04 5.158639e+07
<GCONST> 6.842230e+01
<MIXTURE> 7 7.846244e-02
<MEAN> 6
 1.102483e+02 -8.673826e+00 3.298006e+02 -1.333769e+00 8.649918e-01 1.276561e+02
<VARIANCE> 6
 3.185104e+01 1.195217e+04 1.387160e+04 2.998198e+02 4.022584e+04 5.158639e+07
<GCONST> 6.747881e+01
<MIXTURE> 8 8.820033e-02
<MEAN> 6
 9.284406e+01 -6.064714e+02 -1.951179e+02 -3.851718e+00 -9.555873e-01 1.061839e+02
<VARIANCE> 6
 3.185104e+01 1.195217e+04 1.387160e+04 2.998198e+02 4.022584e+04 5.158639e+07
<GCONST> 6.747881e+01
<MIXTURE> 9 3.184036e-03
<MEAN> 6
 8.656239e+01 -1.203980e+02 -1.116224e+02 -3.717318e-01 -9.836226e+01 -1.945141e+03
<VARIANCE> 6
 3.558118e+02 1.719754e+06 8.678420e+05 5.657646e+02 9.317864e+04 5.158639e+07
<GCONST> 8.047234e+01
<MIXTURE> 10 9.196678e-02
<MEAN> 6
 1.006296e+02 -7.568960e+02 -9.247568e+00 -1.329024e+00 -3.084318e+00 -1.338966e+02
<VARIANCE> 6
 3.185104e+01 1.195217e+04 1.387160e+04 2.998198e+02 4.022584e+04 5.158639e+07
<GCONST> 6.747881e+01
<MIXTURE> 11 6.308039e-02
<MEAN> 6
 1.057440e+02 -4.277880e+02 1.268705e+02 -2.291282e+00 -9.431689e+00 3.316044e+02
<VARIANCE> 6
 3.185104e+01 1.195217e+04 1.387160e+04 2.998198e+02 4.022584e+04 5.158639e+07
<GCONST> 6.747881e+01
<MIXTURE> 12 7.995065e-02
<MEAN> 6
 1.102718e+02 -9.912699e+00 3.288961e+02 -1.327010e+00 8.023617e-01 1.257430e+02
<VARIANCE> 6
 3.185104e+01 1.195217e+04 1.387160e+04 2.998198e+02 4.022584e+04 5.158639e+07
<GCONST> 6.747881e+01
<MIXTURE> 13 8.965515e-02
<MEAN> 6
 8.454997e+01 -5.117352e+02 -4.131522e+02 3.163163e+00 4.457198e+00 -4.086138e+02
<VARIANCE> 6
 3.185104e+01 1.195217e+04 1.387160e+04 2.998198e+02 4.022584e+04 5.158639e+07
<GCONST> 6.747881e+01
<MIXTURE> 14 6.171885e-02
<MEAN> 6
 1.102102e+02 -7.192170e+00 3.314958e+02 -1.311388e+00 8.878878e-01 1.289659e+02
<VARIANCE> 6
 3.185104e+01 1.195217e+04 1.387160e+04 2.998198e+02 4.022584e+04 5.158639e+07
<GCONST> 6.747881e+01
<MIXTURE> 15 5.321554e-02
<MEAN> 6
 1.061193e+02 -9.929240e+02 3.941617e+01 -6.885287e+00 -1.124881e+01 2.564599e+01
<VARIANCE> 6
 3.185104e+01 1.972234e+04 5.748273e+04 2.998198e+02 4.022584e+04 5.158639e+07
<GCONST> 6.940130e+01
<STATE> 9
<NUMMIXES> 15
<MIXTURE> 1 9.938265e-02
<MEAN> 6
 7.933106e+01 2.498735e+03 -2.018798e+02 -1.435778e+00 -7.094216e-01 -1.135385e+02
<VARIANCE> 6
 3.185104e+01 1.709385e+05 1.387160e+04 2.998198e+02 4.022584e+04 5.158639e+07
<GCONST> 7.013921e+01
<MIXTURE> 2 6.173122e-02
<MEAN> 6
 7.141830e+01 1.313722e+03 -1.119828e+03 6.454164e-01 -5.305729e+00 -1.416165e+02
<VARIANCE> 6
 3.185104e+01 1.195217e+04 1.387160e+04 2.998198e+02 4.022584e+04 5.158639e+07
<GCONST> 6.747881e+01
<MIXTURE> 3 7.247238e-02
<MEAN> 6
 9.519099e+01 1.003728e+02 -4.565715e+02 -7.207789e-02 -4.484036e+00 -2.262893e+02
<VARIANCE> 6
 3.185104e+01 1.991225e+04 1.387160e+04 2.998198e+02 4.022584e+04 5.158639e+07
<GCONST> 6.798923e+01
<MIXTURE> 4 4.664184e-02
<MEAN> 6
 8.674751e+01 -1.252897e+03 -4.100432e+02 -3.490933e+00 -1.807166e+01 1.074589e+02
<VARIANCE> 6
 3.185104e+01 5.326614e+04 1.387160e+04 2.998198e+02 4.022584e+04 5.158639e+07
<GCONST> 6.897320e+01
<MIXTURE> 5 4.514742e-02
<MEAN> 6
 9.768745e+01 1.657876e+03 -2.356450e+02 -3.991418e+00 6.622731e+00 -2.799705e+01
<VARIANCE> 6
 3.185104e+01 1.109787e+05 1.387160e+04 2.998198e+02 4.022584e+04 5.158639e+07
<GCONST> 6.970724e+01
<MIXTURE> 6 6.817176e-02
<MEAN> 6
 8.466661e+01 8.497426e+02 -5.172801e+02 1.561034e+00 8.083111e+00 -1.131011e+01
<VARIANCE> 6
 3.185104e+01 1.817703e+05 5.040729e+04 2.998198e+02 4.022584e+04 5.158639e+07
<GCONST> 7.149094e+01
<MIXTURE> 7 9.413345e-02
<MEAN> 6
 9.505013e+01 -3.440904e+02 -5.473618e+02 -6.387210e-01 -4.593771e+00 7.969164e+01
<VARIANCE> 6
 3.185104e+01 1.195217e+04 1.387160e+04 2.998198e+02 4.022584e+04 5.158639e+07
<GCONST> 6.747881e+01
<MIXTURE> 8 6.258103e-02
<MEAN> 6
 7.141830e+01 1.313722e+03 -1.119828e+03 6.454165e-01 -5.305745e+00 -1.416182e+02
<VARIANCE> 6
 3.185104e+01 1.195217e+04 1.387160e+04 2.998198e+02 4.022584e+04 5.158639e+07
<GCONST> 6.747881e+01
<MIXTURE> 9 4.580935e-02
<MEAN> 6
 1.025160e+02 1.094506e+03 -4.608354e+02 -1.737160e+00 7.148422e+00 6.798277e+01
<VARIANCE> 6
 3.185104e+01 1.195217e+04 1.387160e+04 2.998198e+02 4.022584e+04 5.158639e+07
<GCONST> 6.747881e+01
<MIXTURE> 10 9.276068e-02
<MEAN> 6
 9.285236e+01 -5.220558e+01 -4.743842e+02 -1.775661e+00 8.333762e-01 -2.850846e+01
<VARIANCE> 6
 3.185104e+01 1.195217e+04 1.387160e+04 2.998198e+02 4.022584e+04 5.158639e+07
<GCONST> 6.747881e+01
<MIXTURE> 11 5.662192e-02
<MEAN> 6
 8.198894e+01 2.400469e+02 -6.883302e+02 3.186107e+00 2.474609e+01 -2.965606e+02
<VARIANCE> 6
 3.185104e+01 1.705020e+04 1.387160e+04 2.998198e+02 4.022584e+04 5.158639e+07
<GCONST> 6.783406e+01
<MIXTURE> 12 9.346478e-02
<MEAN> 6
 9.521353e+01 -3.508354e+02 -5.486669e+02 -3.312338e-01 -5.986234e+00 5.353067e+01
<VARIANCE> 6
 3.185104e+01 1.195217e+04 1.387160e+04 2.998198e+02 4.022584e+04 5.158639e+07
<GCONST> 6.747881e+01
<MIXTURE> 13 4.019679e-02
<MEAN> 6
 8.826606e+01 -1.033487e+02 -8.571618e+02 -2.601947e+00 -2.816349e+00 -2.183771e+02
<VARIANCE> 6
 3.185104e+01 1.195217e+04 1.387160e+04 2.998198e+02 4.022584e+04 5.158639e+07
<GCONST> 6.747881e+01
<MIXTURE> 14 5.705531e-02
<MEAN> 6
 9.877718e+01 1.481990e+03 -2.447744e+02 -5.432980e+00 9.516614e+00 3.208080e+01
<VARIANCE> 6
 3.185104e+01 3.359869e+04 1.387160e+04 2.998198e+02 4.022584e+04 5.158639e+07
<GCONST> 6.851239e+01
<MIXTURE> 15 6.381615e-02
<MEAN> 6
 8.114964e+01 1.818057e+02 -7.055363e+02 2.373174e+00 9.570705e+00 -2.454421e+02
<VARIANCE> 6
 3.185104e+01 1.195217e+04 1.387160e+04 2.998198e+02 4.022584e+04 5.158639e+07
<GCONST> 6.747881e+01
<STATE> 10
<NUMMIXES> 15
<MIXTURE> 1 4.989501e-03
<MEAN> 6
 8.021774e+01 -4.459308e+02 -2.684544e+02 -4.721168e+00 -1.382159e+02 -4.023130e+02
<VARIANCE> 6
 2.103578e+02 1.052167e+06 5.862768e+05 2.998198e+02 5.676704e+04 5.158639e+07
<GCONST> 7.793265e+01
<MIXTURE> 2 9.028779e-02
<MEAN> 6
 6.533004e+01 9.485549e+02 -1.443396e+02 -3.114901e-02 5.186483e-01 -1.329143e+02
<VARIANCE> 6
 3.185104e+01 1.195217e+04 1.387160e+04 2.998198e+02 4.022584e+04 5.158639e+07
<GCONST> 6.747881e+01
<MIXTURE> 3 1.144891e-01
<MEAN> 6
 7.317442e+01 1.338647e+02 -3.569339e+02 -7.242070e-01 -3.506309e+00 -3.703963e+01
<VARIANCE> 6
 3.185104e+01 1.195217e+04 1.387160e+04 2.998198e+02 4.022584e+04 5.158639e+07
<GCONST> 6.747881e+01
<MIXTURE> 4 5.406189e-02
<MEAN> 6
 7.317767e+01 1.413316e+02 -3.438220e+02 -7.354859e-01 -4.764427e+00 -3.174226e+01
<VARIANCE> 6
 3.185104e+01 1.195217e+04 1.387160e+04 2.998198e+02 4.022584e+04 5.158639e+07
<GCONST> 6.747881e+01
<MIXTURE> 5 5.694155e-02
<MEAN> 6
 4.659673e+01 4.470014e+02 -8.801438e+01 5.309673e+00 4.066616e+01 -2.169971e+02
<VARIANCE> 6
 3.185104e+01 1.195217e+04 1.387160e+04 2.998198e+02 4.022584e+04 5.158639e+07
<GCONST> 6.747881e+01
<MIXTURE> 6 2.247655e-02
<MEAN> 6
 7.260733e+01 1.290844e+02 -1.785500e+02 -1.083138e+00 3.124311e+01 -1.875856e+02
<VARIANCE> 6
 3.185104e+01 1.195217e+04 4.494406e+04 2.998198e+02 4.022584e+04 5.158639e+07
<GCONST> 6.865439e+01
<MIXTURE> 7 4.879890e-02
<MEAN> 6
 6.532671e+01 8.540142e+02 -1.583870e+02 -4.260377e-01 -4.714209e+00 -1.680920e+02
<VARIANCE> 6
 3.185104e+01 1.551647e+04 1.387160e+04 2.998198e+02 4.022584e+04 5.158639e+07
<GCONST> 6.773980e+01
<MIXTURE> 8 5.797923e-02
<MEAN> 6
 7.934103e+01 -1.501765e+02 -4.263233e+02 -5.628162e+00 -1.937093e+00 -4.912663e+01
<VARIANCE> 6
 3.185104e+01 1.195217e+04 1.387160e+04 2.998198e+02 4.022584e+04 5.158639e+07
<GCONST> 6.747881e+01
<MIXTURE> 9 7.339770e-02
<MEAN> 6
 7.317385e+01 1.334923e+02 -3.576042e+02 -7.224028e-01 -3.445229e+00 -3.740778e+01
<VARIANCE> 6
 3.185104e+01 1.195217e+04 1.387160e+04 2.998198e+02 4.022584e+04 5.158639e+07
<GCONST> 6.747881e+01
<MIXTURE> 10 1.127348e-01
<MEAN> 6
 7.315453e+01 1.290825e+02 -3.658525e+02 -6.801622e-01 -2.738814e+00 -4.361189e+01
<VARIANCE> 6
 3.185104e+01 1.195217e+04 1.387160e+04 2.998198e+02 4.022584e+04 5.158639e+07
<GCONST> 6.747881e+01
<MIXTURE> 11 9.682565e-02
<MEAN> 6
 7.315746e+01 1.294815e+02 -3.650753e+02 -6.859364e-01 -2.801427e+00 -4.288019e+01
<VARIANCE> 6
 3.185104e+01 1.195217e+04 1.387160e+04 2.998198e+02 4.022584e+04 5.158639e+07
<GCONST> 6.747881e+01
<MIXTURE> 12 9.048008e-02
<MEAN> 6
 6.533597e+01 9.458879e+02 -1.452318e+02 -4.187291e-02 3.947192e-01 -1.304821e+02
<VARIANCE> 6
 3.185104e+01 1.195217e+04 1.387160e+04 2.998198e+02 4.022584e+04 5.158639e+07
<GCONST> 6.747881e+01
<MIXTURE> 13 7.253166e-02
<MEAN> 6
 7.314143e+01 1.276406e+02 -3.687278e+02 -6.551009e-01 -2.515357e+00 -4.661705e+01
<VARIANCE> 6
 3.185104e+01 1.195217e+04 1.387160e+04 2.998198e+02 4.022584e+04 5.158639e+07
<GCONST> 6.747881e+01
<MIXTURE> 14 5.047374e-02
<MEAN> 6
 6.530389e+01 7.906968e+02 -1.608319e+02 -7.050542e-01 -9.600848e+00 -2.383185e+02
<VARIANCE> 6
 3.185104e+01 1.412210e+04 1.387160e+04 2.998198e+02 4.022584e+04 5.158639e+07
<GCONST> 6.764565e+01
<MIXTURE> 15 5.351644e-02
<MEAN> 6
 7.305128e+01 1.212596e+02 -3.814319e+02 -4.800183e-01 -1.747840e+00 -6.561871e+01
<VARIANCE> 6
 3.185104e+01 1.195217e+04 1.387160e+04 2.998198e+02 4.022584e+04 5.158639e+07
<GCONST> 6.747881e+01
<STATE> 11
<NUMMIXES> 15
<MIXTURE> 1 7.477711e-02
<MEAN> 6
 7.896002e+01 6.248739e+01 1.430745e+02 -4.638042e-01 -4.930170e+01 -1.451559e+02
<VARIANCE> 6
 3.185104e+01 1.612897e+04 1.387160e+04 2.998198e+02 4.022584e+04 5.158639e+07
<GCONST> 6.777852e+01
<MIXTURE> 2 8.351418e-03
<MEAN> 6
 7.898737e+01 7.672585e+01 -2.359555e+01 1.994768e+01 3.334475e+02 -3.767422e+03
<VARIANCE> 6
 1.589902e+02 6.645331e+05 3.353515e+05 8.458428e+02 2.829980e+05 8.203126e+07
<GCONST> 7.974202e+01
<MIXTURE> 3 7.023678e-02
<MEAN> 6
 7.614073e+01 -1.275521e+01 1.419442e+02 -2.863522e+00 -1.279411e+01 1.742686e+00
<VARIANCE> 6
 3.185104e+01 1.195217e+04 1.387160e+04 2.998198e+02 4.022584e+04 5.158639e+07
<GCONST> 6.747881e+01
<MIXTURE> 4 8.614501e-02
<MEAN> 6
 7.311160e+01 -2.224387e+01 1.551403e+02 -2.641385e+00 -5.731248e+00 -5.016441e+01
<VARIANCE> 6
 3.208949e+01 1.195217e+04 1.387160e+04 2.998198e+02 4.022584e+04 5.158639e+07
<GCONST> 6.748627e+01
<MIXTURE> 5 7.028650e-02
<MEAN> 6
 7.798461e+01 -3.112351e+00 1.268738e+02 -3.016621e+00 -2.234637e+01 2.327203e+01
<VARIANCE> 6
 3.185104e+01 1.195217e+04 1.387160e+04 2.998198e+02 4.022584e+04 5.158639e+07
<GCONST> 6.747881e+01
<MIXTURE> 6 5.727155e-02
<MEAN> 6
 7.244200e+01 -3.353064e+01 1.564830e+02 -2.542843e+00 -4.618373e+00 -7.209505e+01
<VARIANCE> 6
 3.185104e+01 1.195217e+04 1.387160e+04 2.998198e+02 4.022584e+04 5.158639e+07
<GCONST> 6.747881e+01
<MIXTURE> 7 7.115173e-02
<MEAN> 6
 7.208430e+01 -2.299762e+01 1.569978e+02 -2.690623e+00 -4.618503e+00 -6.084350e+01
<VARIANCE> 6
 3.185104e+01 1.195217e+04 1.387160e+04 2.998198e+02 4.022584e+04 5.158639e+07
<GCONST> 6.747881e+01
<MIXTURE> 8 6.306028e-02
<MEAN> 6
 7.309638e+01 -1.380196e+01 1.579137e+02 -2.646023e+00 -5.765552e+00 -4.175567e+01
<VARIANCE> 6
 3.185104e+01 1.195217e+04 1.387160e+04 2.998198e+02 4.022584e+04 5.158639e+07
<GCONST> 6.747881e+01
<MIXTURE> 9 7.926419e-02
<MEAN> 6
 7.306004e+01 1.183117e+02 -3.459274e+01 -5.120629e+00 2.339889e+01 3.309085e+02
<VARIANCE> 6
 4.659110e+01 1.195217e+04 1.387160e+04 2.998198e+02 4.022584e+04 5.158639e+07
<GCONST> 6.785915e+01
<MIXTURE> 10 8.803792e-02
<MEAN> 6
 7.160767e+01 -2.374869e+01 1.570585e+02 -2.758573e+00 -4.347793e+00 -6.482246e+01
<VARIANCE> 6
 3.185104e+01 1.195217e+04 1.387160e+04 2.998198e+02 4.022584e+04 5.158639e+07
<GCONST> 6.747881e+01
<MIXTURE> 11 5.949899e-02
<MEAN> 6
 7.053028e+01 -2.321465e+02 1.103998e+02 -4.185144e+00 5.909786e+00 3.715618e+01
<VARIANCE> 6
 3.185104e+01 1.195217e+04 1.387160e+04 2.998198e+02 4.022584e+04 5.158639e+07
<GCONST> 6.747881e+01
<MIXTURE> 12 7.088581e-02
<MEAN> 6
 7.144285e+01 -2.344117e+01 1.569087e+02 -2.798824e+00 -4.300110e+00 -6.509500e+01
<VARIANCE> 6
 3.185104e+01 1.195217e+04 1.387160e+04 2.998198e+02 4.022584e+04 5.158639e+07
<GCONST> 6.747881e+01
<MIXTURE> 13 6.986741e-02
<MEAN> 6
 7.332970e+01 -2.427139e+01 1.542595e+02 -2.637566e+00 -6.035068e+00 -5.000479e+01
<VARIANCE> 6
 3.257469e+01 1.195217e+04 1.387160e+04 2.998198e+02 4.022584e+04 5.158639e+07
<GCONST> 6.750128e+01
<MIXTURE> 14 6.754202e-02
<MEAN> 6
 7.677740e+01 -2.850468e+01 1.343316e+02 -2.900019e+00 -1.342814e+01 -2.813608e+00
<VARIANCE> 6
 3.185104e+01 1.195217e+04 1.387160e+04 2.998198e+02 4.022584e+04 5.158639e+07
<GCONST> 6.747881e+01
<MIXTURE> 15 6.361023e-02
<MEAN> 6
 7.128568e+01 -3.212468e+01 1.540778e+02 -2.814502e+00 -4.126357e+00 -7.095496e+01
<VARIANCE> 6
 3.185104e+01 1.195217e+04 1.387160e+04 2.998198e+02 4.022584e+04 5.158639e+07
<GCONST> 6.747881e+01
<STATE> 12
<NUMMIXES> 15
<MIXTURE> 1 8.325652e-02
<MEAN> 6
 1.006077e+02 8.134050e+02 3.306525e+02 -5.528231e+00 -2.855704e+00 2.598284e+01
<VARIANCE> 6
 3.185104e+01 1.195217e+04 1.387160e+04 2.998198e+02 4.022584e+04 5.158639e+07
<GCONST> 6.747881e+01
<MIXTURE> 2 6.138871e-02
<MEAN> 6
 7.892759e+01 1.528972e+03 4.534106e+02 -1.633836e+00 -9.359588e+00 -2.930836e+02
<VARIANCE> 6
 3.185104e+01 1.195217e+04 1.387160e+04 2.998198e+02 4.022584e+04 5.158639e+07
<GCONST> 6.747881e+01
<MIXTURE> 3 3.997122e-02
<MEAN> 6
 8.768473e+01 1.100105e+03 1.786443e+02 -2.911816e-01 1.807634e+00 -5.550803e+02
<VARIANCE> 6
 3.185104e+01 2.665206e+04 1.387160e+04 2.998198e+02 4.022584e+04 5.158639e+07
<GCONST> 6.828077e+01
<MIXTURE> 4 8.892491e-02
<MEAN> 6
 9.199678e+01 7.141383e+02 -6.420747e+01 -8.739610e-01 -5.684504e+00 1.645924e+02
<VARIANCE> 6
 3.185104e+01 1.195217e+04 1.387160e+04 2.998198e+02 4.022584e+04 5.158639e+07
<GCONST> 6.747881e+01
<MIXTURE> 5 4.624236e-03
<MEAN> 6
 8.352177e+01 -1.918398e+02 -1.882654e+01 -5.455397e+00 -2.493418e+02 -5.196567e+03
<VARIANCE> 6
 3.212531e+02 1.646707e+06 8.142924e+05 5.323884e+02 1.352095e+05 6.965930e+07
<GCONST> 8.087494e+01
<MIXTURE> 6 6.779215e-02
<MEAN> 6
 6.902452e+01 1.224694e+03 7.345023e+02 5.300348e-01 1.053433e+01 -4.588227e+01
<VARIANCE> 6
 3.185104e+01 1.195217e+04 1.387160e+04 2.998198e+02 4.022584e+04 5.158639e+07
<GCONST> 6.747881e+01
<MIXTURE> 7 5.779039e-02
<MEAN> 6
 7.060262e+01 9.386222e+02 6.910582e+02 5.820991e-01 4.108046e-01 -7.105409e+01
<VARIANCE> 6
 3.185104e+01 1.195217e+04 1.387160e+04 2.998198e+02 4.022584e+04 5.158639e+07
<GCONST> 6.747881e+01
<MIXTURE> 8 1.001045e-01
<MEAN> 6
 8.523740e+01 9.789514e+02 2.706542e+02 -1.379941e+00 -3.033297e+00 -8.787926e+01
<VARIANCE> 6
 3.185104e+01 1.195217e+04 1.387160e+04 2.998198e+02 4.022584e+04 5.158639e+07
<GCONST> 6.747881e+01
<MIXTURE> 9 4.489781e-02
<MEAN> 6
 8.095041e+01 1.278557e+03 4.634645e+02 -1.606853e+00 3.751976e-01 -2.154025e+01
<VARIANCE> 6
 3.185104e+01 1.195217e+04 1.387160e+04 2.998198e+02 4.022584e+04 5.158639e+07
<GCONST> 6.747881e+01
<MIXTURE> 10 6.733212e-02
<MEAN> 6
 8.907317e+01 8.830151e+02 2.169868e+02 -1.953367e+00 -8.626407e-01 -1.045604e+01
<VARIANCE> 6
 3.185104e+01 1.195217e+04 1.387160e+04 2.998198e+02 4.022584e+04 5.158639e+07
<GCONST> 6.747881e+01
<MIXTURE> 11 9.111084e-02
<MEAN> 6
 7.149030e+01 7.782394e+02 6.376743e+02 5.718142e-01 -1.386523e+01 -2.630023e+02
<VARIANCE> 6
 3.185104e+01 1.195217e+04 1.387160e+04 2.998198e+02 4.022584e+04 5.158639e+07
<GCONST> 6.747881e+01
<MIXTURE> 12 1.082273e-01
<MEAN> 6
 8.386059e+01 1.028398e+03 2.957912e+02 -1.294959e+00 -5.048294e+00 -1.660367e+02
<VARIANCE> 6
 3.185104e+01 1.195217e+04 1.387160e+04 2.998198e+02 4.022584e+04 5.158639e+07
<GCONST> 6.747881e+01
<MIXTURE> 13 6.783012e-02
<MEAN> 6
 8.910558e+01 8.823015e+02 2.167039e+02 -1.962389e+00 -8.616269e-01 -1.011552e+01
<VARIANCE> 6
 3.185104e+01 1.195217e+04 1.387160e+04 2.998198e+02 4.022584e+04 5.158639e+07
<GCONST> 6.747881e+01
<MIXTURE> 14 6.102550e-02
<MEAN> 6
 7.894619e+01 1.527108e+03 4.537150e+02 -1.621749e+00 -9.039314e+00 -2.840381e+02
<VARIANCE> 6
 3.185104e+01 1.195217e+04 1.387160e+04 2.998198e+02 4.022584e+04 5.158639e+07
<GCONST> 6.747881e+01
<MIXTURE> 15 5.568445e-02
<MEAN> 6
 7.078795e+01 8.878752e+02 6.747185e+02 5.258982e-01 5.034044e-01 -7.218139e+01
<VARIANCE> 6
 3.185104e+01 1.195217e+04 1.387160e+04 2.998198e+02 4.022584e+04 5.158639e+07
<GCONST> 6.747881e+01
<STATE> 13
<NUMMIXES> 15
<MIXTURE> 1 9.077903e-02
<MEAN> 6
 7.926579e+01 -8.327214e+02 4.018796e+03 -1.495106e+00 -6.754904e+00 -6.404856e+01
<VARIANCE> 6
 3.185104e+01 1.420771e+05 5.726807e+05 2.998198e+02 4.022584e+04 5.158639e+07
<GCONST> 7.367476e+01
<MIXTURE> 2 9.019197e-02
<MEAN> 6
 7.521510e+01 -8.923928e+03 1.475810e+03 -2.580176e+00 -5.158329e+00 -4.565334e+01
<VARIANCE> 6
 3.185104e+01 1.958485e+04 1.766301e+05 2.998198e+02 4.022584e+04 5.158639e+07
<GCONST> 7.051688e+01
<MIXTURE> 3 4.546551e-02
<MEAN> 6
 5.325650e+01 -4.500283e+02 2.654567e+03 3.376722e-02 -2.384483e+00 -4.733708e+01
<VARIANCE> 6
 3.185104e+01 1.195217e+04 2.042121e+04 2.998198e+02 4.022584e+04 5.158639e+07
<GCONST> 6.786555e+01
<MIXTURE> 4 3.730297e-02
<MEAN> 6
 6.733748e+01 3.039031e+02 8.459092e+02 -2.608821e+00 -4.725260e+00 -9.083268e+01
<VARIANCE> 6
 3.185104e+01 1.195217e+04 6.471104e+05 2.998198e+02 4.022584e+04 5.158639e+07
<GCONST> 7.132149e+01
<MIXTURE> 5 8.789888e-02
<MEAN> 6
 7.613554e+01 4.396158e+02 -2.100585e+03 2.078722e+00 -5.498490e+00 -8.833257e+01
<VARIANCE> 6
 3.185104e+01 1.195217e+04 1.387160e+04 2.998198e+02 4.022584e+04 5.158639e+07
<GCONST> 6.747881e+01
<MIXTURE> 6 6.129463e-02
<MEAN> 6
 6.206496e+01 2.262429e+02 -3.264534e+02 -1.153253e+00 9.493765e+00 1.684642e+02
<VARIANCE> 6
 3.185104e+01 1.304390e+04 1.387160e+04 2.998198e+02 4.022584e+04 5.158639e+07
<GCONST> 6.756622e+01
<MIXTURE> 7 8.757243e-02
<MEAN> 6
 8.187086e+01 1.645992e+02 -2.337585e+03 3.924097e-01 -2.787938e+00 -2.716525e+00
<VARIANCE> 6
 3.185104e+01 1.195217e+04 1.387160e+04 2.998198e+02 4.022584e+04 5.158639e+07
<GCONST> 6.747881e+01
<MIXTURE> 8 9.103025e-02
<MEAN> 6
 7.249007e+01 -7.418664e+02 1.845693e+03 1.422230e+00 -7.540798e+00 -1.653705e+02
<VARIANCE> 6
 3.185104e+01 1.752503e+04 2.411461e+04 2.998198e+02 4.022584e+04 5.158639e+07
<GCONST> 6.841451e+01
<MIXTURE> 9 7.299601e-02
<MEAN> 6
 7.579366e+01 2.860789e+03 4.587408e+02 -2.330823e+00 -1.580142e+01 -5.449814e+01
<VARIANCE> 6
 3.185104e+01 1.195217e+04 1.387160e+04 2.998198e+02 4.022584e+04 5.158639e+07
<GCONST> 6.747881e+01
<MIXTURE> 10 6.563444e-02
<MEAN> 6
 6.534097e+01 -5.191352e+02 1.473605e+03 -9.559669e-01 -6.177151e+00 -1.977146e+02
<VARIANCE> 6
 3.185104e+01 1.195217e+04 1.387160e+04 2.998198e+02 4.022584e+04 5.158639e+07
<GCONST> 6.747881e+01
<MIXTURE> 11 9.087805e-02
<MEAN> 6
 5.877903e+01 1.674237e+02 9.903027e+02 -2.050029e-02 -2.985173e-01 -9.576463e+01
<VARIANCE> 6
 3.185104e+01 1.195217e+04 1.387160e+04 2.998198e+02 4.022584e+04 5.158639e+07
<GCONST> 6.747881e+01
<MIXTURE> 12 6.320056e-02
<MEAN> 6
 7.750969e+01 3.390502e+01 -1.997375e+03 -4.979878e-01 -1.790995e+01 -2.576582e+02
<VARIANCE> 6
 3.185104e+01 1.195217e+04 6.446189e+04 2.998198e+02 4.022584e+04 5.158639e+07
<GCONST> 6.901505e+01
<MIXTURE> 13 6.123884e-02
<MEAN> 6
 6.062181e+01 2.064778e+02 8.063083e+02 6.045651e-01 1.355160e+01 1.247514e+02
<VARIANCE> 6
 3.185104e+01 1.195217e+04 1.814389e+04 2.998198e+02 4.022584e+04 5.158639e+07
<GCONST> 6.774731e+01
<MIXTURE> 14 8.729931e-03
<MEAN> 6
 7.432783e+01 -1.113126e+03 1.904723e+03 -3.398788e+01 5.674080e+01 4.828739e+02
<VARIANCE> 6
 5.916991e+01 2.660360e+04 2.295595e+04 1.752650e+03 3.943900e+05 1.378350e+08
<GCONST> 7.443336e+01
<MIXTURE> 15 4.578194e-02
<MEAN> 6
 5.349244e+01 -4.980471e+02 2.500236e+03 5.312299e-01 -1.209734e+01 -1.695330e+02
<VARIANCE> 6
 3.185104e+01 1.195217e+04 1.666196e+04 2.998198e+02 4.022584e+04 5.158639e+07
<GCONST> 6.766210e+01
<STATE> 14
<NUMMIXES> 15
<MIXTURE> 1 7.883366e-03
<MEAN> 6
 -3.283825e+00 -4.466570e+02 1.793204e+01 1.662000e+01 1.469199e+01 5.581748e+03
<VARIANCE> 6
 8.884648e+03 7.092467e+05 1.217221e+06 1.635374e+06 8.921804e+08 1.292975e+12
<GCONST> 1.104079e+02
<MIXTURE> 2 9.503355e-02
<MEAN> 6
 2.961977e+01 1.214608e+02 2.630834e+01 2.324849e+02 -7.947726e+01 -2.568884e+03
<VARIANCE> 6
 7.114930e+02 3.830511e+05 2.864401e+05 6.256936e+03 1.597517e+05 6.077878e+07
<GCONST> 8.166141e+01
<MIXTURE> 3 3.303271e-02
<MEAN> 6
 2.516137e+01 9.867064e+02 -3.821397e+02 -6.627342e+01 -2.934595e+01 4.525822e+03
<VARIANCE> 6
 5.957461e+03 2.343232e+07 1.529646e+06 6.307754e+04 4.977675e+06 3.665479e+09
<GCONST> 9.942465e+01
<MIXTURE> 4 5.045925e-02
<MEAN> 6
 1.126991e+02 2.653387e+02 7.614250e+02 -5.291432e+00 -1.898242e+01 -4.244883e+02
<VARIANCE> 6
 2.796392e+02 7.043477e+05 1.080255e+06 2.998198e+02 4.022584e+04 5.158639e+07
<GCONST> 7.808271e+01
<MIXTURE> 5 5.011893e-02
<MEAN> 6
 -2.236751e+01 9.280672e+01 -1.648665e+02 6.286302e+01 5.637348e+02 -5.871007e+03
<VARIANCE> 6
 2.628068e+03 3.112160e+05 3.698562e+06 5.548265e+04 9.809563e+05 4.123862e+08
<GCONST> 9.123054e+01
<MIXTURE> 6 1.036555e-01
<MEAN> 6
 -3.538087e+01 1.098949e+02 1.027374e+02 7.252188e+01 6.138858e+02 -9.586813e+02
<VARIANCE> 6
 3.732634e+02 2.896453e+05 2.741922e+05 1.858553e+04 1.338945e+05 5.158639e+07
<GCONST> 8.144125e+01
<MIXTURE> 7 6.589062e-02
<MEAN> 6
 1.022119e+02 -2.700575e+01 1.175919e+02 4.170406e+01 -8.534620e+02 -1.314140e+03
<VARIANCE> 6
 5.667186e+02 6.405428e+05 4.608403e+05 2.121549e+04 1.896546e+06 1.008626e+09
<GCONST> 8.892789e+01
<MIXTURE> 8 7.235121e-02
<MEAN> 6
 6.103458e+00 -8.763851e+01 1.512938e+01 -3.088314e+02 1.507463e+02 1.255052e+04
<VARIANCE> 6
 7.352967e+02 3.227943e+05 3.950778e+05 9.110670e+03 1.281705e+06 4.211699e+08
<GCONST> 8.623860e+01
<MIXTURE> 9 1.040679e-01
<MEAN> 6
 -6.046069e+01 5.282462e+01 -9.383490e+01 2.559070e+00 1.658161e+02 3.780807e+02
<VARIANCE> 6
 3.958855e+02 3.770629e+05 6.179842e+05 8.938935e+02 7.011665e+04 5.158639e+07
<GCONST> 7.889504e+01
<MIXTURE> 10 8.608487e-02
<MEAN> 6
 7.486386e+01 1.188565e+02 -5.440130e+02 1.344719e+00 -2.380981e+01 -2.249625e+02
<VARIANCE> 6
 1.380609e+02 5.460262e+05 1.071905e+06 2.998198e+02 4.022584e+04 5.158639e+07
<GCONST> 7.711454e+01
<MIXTURE> 11 7.481001e-02
<MEAN> 6
 8.464061e+01 3.622616e+01 1.689781e+02 -1.472643e+01 -4.351458e+02 -3.487945e+02
<VARIANCE> 6
 5.314473e+02 1.481528e+05 3.046761e+05 1.675355e+04 9.380102e+04 5.158639e+07
<GCONST> 8.076993e+01
<MIXTURE> 12 6.899559e-02
<MEAN> 6
 8.192361e+01 -1.946790e+02 -9.909747e+01 -6.208706e+01 -8.411743e+02 -8.524659e+02
<VARIANCE> 6
 4.573592e+02 6.870803e+05 1.768366e+05 2.519362e+04 4.202938e+05 1.393094e+08
<GCONST> 8.451118e+01
<MIXTURE> 13 6.541944e-02
<MEAN> 6
 -5.265048e+01 -8.022250e+01 -5.028396e+01 -1.427656e+01 1.287228e+03 -3.894025e+03
<VARIANCE> 6
 2.659679e+02 3.929654e+05 2.643149e+05 2.491369e+04 6.622006e+05 3.628980e+08
<GCONST> 8.521314e+01
<MIXTURE> 14 5.912687e-02
<MEAN> 6
 6.124096e+01 -3.028966e+01 9.232352e+01 -6.743245e+01 -7.292781e+02 -8.167812e+01
<VARIANCE> 6
 6.853378e+02 2.039345e+05 1.997246e+06 4.185338e+04 3.281579e+05 5.863016e+07
<GCONST> 8.551994e+01
<MIXTURE> 15 6.262583e-02
<MEAN> 6
 1.030054e+02 -3.741291e+02 -2.063810e+00 -1.080295e+01 -3.889352e+01 -1.922595e+02
<VARIANCE> 6
 1.029195e+02 1.034369e+06 2.372622e+05 2.998198e+02 4.022584e+04 5.158639e+07
<GCONST> 7.595164e+01
<TRANSP> 15
 0.000000e+00 1.000000e+00 0.000000e+00 0.000000e+00 0.000000e+00 0.000000e+00 0.000000e+00 0.000000e+00 0.000000e+00 0.000000e+00 0.000000e+00 0.000000e+00 0.000000e+00 0.000000e+00 0.000000e+00
 0.000000e+00 9.999187e-01 8.127151e-05 0.000000e+00 0.000000e+00 0.000000e+00 0.000000e+00 0.000000e+00 0.000000e+00 0.000000e+00 0.000000e+00 0.000000e+00 0.000000e+00 0.000000e+00 0.000000e+00
 0.000000e+00 0.000000e+00 9.971237e-01 2.876275e-03 0.000000e+00 0.000000e+00 0.000000e+00 0.000000e+00 0.000000e+00 0.000000e+00 0.000000e+00 0.000000e+00 0.000000e+00 0.000000e+00 0.000000e+00
 0.000000e+00 0.000000e+00 0.000000e+00 9.967666e-01 3.233408e-03 0.000000e+00 0.000000e+00 0.000000e+00 0.000000e+00 0.000000e+00 0.000000e+00 0.000000e+00 0.000000e+00 0.000000e+00 0.000000e+00
 0.000000e+00 0.000000e+00 0.000000e+00 0.000000e+00 9.955144e-01 4.485639e-03 0.000000e+00 0.000000e+00 0.000000e+00 0.000000e+00 0.000000e+00 0.000000e+00 0.000000e+00 0.000000e+00 0.000000e+00
 0.000000e+00 0.000000e+00 0.000000e+00 0.000000e+00 0.000000e+00 9.949769e-01 5.023040e-03 0.000000e+00 0.000000e+00 0.000000e+00 0.000000e+00 0.000000e+00 0.000000e+00 0.000000e+00 0.000000e+00
 0.000000e+00 0.000000e+00 0.000000e+00 0.000000e+00 0.000000e+00 0.000000e+00 9.955187e-01 4.481256e-03 0.000000e+00 0.000000e+00 0.000000e+00 0.000000e+00 0.000000e+00 0.000000e+00 0.000000e+00
 0.000000e+00 0.000000e+00 0.000000e+00 0.000000e+00 0.000000e+00 0.000000e+00 0.000000e+00 9.964955e-01 3.504509e-03 0.000000e+00 0.000000e+00 0.000000e+00 0.000000e+00 0.000000e+00 0.000000e+00
 0.000000e+00 0.000000e+00 0.000000e+00 0.000000e+00 0.000000e+00 0.000000e+00 0.000000e+00 0.000000e+00 9.977690e-01 2.230991e-03 0.000000e+00 0.000000e+00 0.000000e+00 0.000000e+00 0.000000e+00
 0.000000e+00 0.000000e+00 0.000000e+00 0.000000e+00 0.000000e+00 0.000000e+00 0.000000e+00 0.000000e+00 0.000000e+00 9.967784e-01 3.221516e-03 0.000000e+00 0.000000e+00 0.000000e+00 0.000000e+00
 0.000000e+00 0.000000e+00 0.000000e+00 0.000000e+00 0.000000e+00 0.000000e+00 0.000000e+00 0.000000e+00 0.000000e+00 0.000000e+00 9.967093e-01 3.290692e-03 0.000000e+00 0.000000e+00 0.000000e+00
 0.000000e+00 0.000000e+00 0.000000e+00 0.000000e+00 0.000000e+00 0.000000e+00 0.000000e+00 0.000000e+00 0.000000e+00 0.000000e+00 0.000000e+00 9.951291e-01 4.870839e-03 0.000000e+00 0.000000e+00
 0.000000e+00 0.000000e+00 0.000000e+00 0.000000e+00 0.000000e+00 0.000000e+00 0.000000e+00 0.000000e+00 0.000000e+00 0.000000e+00 0.000000e+00 0.000000e+00 9.984141e-01 1.585903e-03 0.000000e+00
 0.000000e+00 0.000000e+00 0.000000e+00 0.000000e+00 0.000000e+00 0.000000e+00 0.000000e+00 0.000000e+00 0.000000e+00 0.000000e+00 0.000000e+00 0.000000e+00 0.000000e+00 9.999087e-01 9.126253e-05
 0.000000e+00 0.000000e+00 0.000000e+00 0.000000e+00 0.000000e+00 0.000000e+00 0.000000e+00 0.000000e+00 0.000000e+00 0.000000e+00 0.000000e+00 0.000000e+00 0.000000e+00 0.000000e+00 0.000000e+00
<ENDHMM>
~h "SegundoESO"
<BEGINHMM>
<NUMSTATES> 15
<STATE> 2
<NUMMIXES> 15
<MIXTURE> 1 7.180886e-02
<MEAN> 6
 7.174785e+01 1.320492e+04 -1.200271e+03 -6.753481e-01 -3.162554e+00 -1.588232e+02
<VARIANCE> 6
 3.185104e+01 1.195217e+04 1.387160e+04 2.998198e+02 4.022584e+04 5.158639e+07
<GCONST> 6.747881e+01
<MIXTURE> 2 9.975783e-02
<MEAN> 6
 6.598257e+01 7.401870e+02 -5.991781e+02 1.229557e+00 -5.282547e+00 -7.678977e+01
<VARIANCE> 6
 3.425177e+01 9.873957e+04 4.274418e+04 2.998198e+02 4.022584e+04 5.158639e+07
<GCONST> 7.078844e+01
<MIXTURE> 3 7.045358e-02
<MEAN> 6
 7.623681e+01 7.465672e-01 -2.626537e+03 -7.632697e-01 -7.039297e+00 -1.084448e+02
<VARIANCE> 6
 3.185104e+01 2.292234e+04 2.350280e+05 2.998198e+02 4.022584e+04 5.158639e+07
<GCONST> 7.095988e+01
<MIXTURE> 4 8.040927e-02
<MEAN> 6
 5.901662e+01 6.773591e+02 -3.116129e+03 2.463870e+00 -3.419551e+00 -1.005171e+02
<VARIANCE> 6
 3.185104e+01 1.195217e+04 2.884753e+05 2.998198e+02 4.022584e+04 5.158639e+07
<GCONST> 7.051358e+01
<MIXTURE> 5 5.621931e-02
<MEAN> 6
 7.395609e+01 -2.400136e+02 -7.383372e+03 -1.808064e-01 -2.929965e+00 -1.397629e+02
<VARIANCE> 6
 3.185104e+01 1.195217e+04 5.902077e+04 2.998198e+02 4.022584e+04 5.158639e+07
<GCONST> 6.892686e+01
<MIXTURE> 6 6.083813e-02
<MEAN> 6
 7.217030e+01 1.526653e+03 -2.403072e+03 5.553247e-02 -3.676937e+00 -1.519084e+02
<VARIANCE> 6
 3.185104e+01 1.195217e+04 1.675631e+05 2.998198e+02 4.022584e+04 5.158639e+07
<GCONST> 6.997033e+01
<MIXTURE> 7 5.087309e-02
<MEAN> 6
 5.480354e+01 1.884299e+02 -1.410303e+03 -8.245000e-01 1.654791e+01 -1.965021e+01
<VARIANCE> 6
 3.185104e+01 1.195217e+04 1.854427e+06 2.998198e+02 4.022584e+04 5.158639e+07
<GCONST> 7.237431e+01
<MIXTURE> 8 6.568065e-02
<MEAN> 6
 7.231446e+01 6.572048e+02 -5.929864e+03 -2.838984e-01 -3.716934e+00 8.008129e+00
<VARIANCE> 6
 3.185104e+01 5.304451e+04 7.179784e+06 2.998198e+02 4.022584e+04 5.158639e+07
<GCONST> 7.521822e+01
<MIXTURE> 9 5.217841e-02
<MEAN> 6
 6.618919e+01 3.168824e+03 -1.270420e+03 -4.179857e-01 -1.787232e+01 -1.056100e+02
<VARIANCE> 6
 3.185104e+01 4.272680e+05 1.387160e+04 2.998198e+02 4.022584e+04 5.158639e+07
<GCONST> 7.105531e+01
<MIXTURE> 10 6.233786e-02
<MEAN> 6
 5.578686e+01 6.148508e+02 -4.918074e+03 1.569439e+00 1.386589e-01 1.907018e+01
<VARIANCE> 6
 3.185104e+01 1.195217e+04 6.253009e+05 2.998198e+02 4.022584e+04 5.158639e+07
<GCONST> 7.128720e+01
<MIXTURE> 11 8.491900e-02
<MEAN> 6
 6.648805e+01 8.266035e+02 -1.214838e+03 5.007620e-01 -4.418507e+00 -1.077577e+02
<VARIANCE> 6
 3.185104e+01 1.195217e+04 1.387160e+04 2.998198e+02 4.022584e+04 5.158639e+07
<GCONST> 6.747881e+01
<MIXTURE> 12 6.260650e-02
<MEAN> 6
 5.922810e+01 1.799739e+03 -1.144748e+03 3.122642e-01 6.313350e-01 -9.603601e+00
<VARIANCE> 6
 3.185104e+01 4.115611e+04 1.068683e+05 2.998198e+02 4.022584e+04 5.158639e+07
<GCONST> 7.075703e+01
<MIXTURE> 13 6.269972e-02
<MEAN> 6
 7.420956e+01 -4.204617e+02 -9.104653e+03 6.973141e-02 -2.258618e+00 -1.183699e+01
<VARIANCE> 6
 3.185104e+01 1.195217e+04 8.759508e+05 2.998198e+02 4.022584e+04 5.158639e+07
<GCONST> 7.162428e+01
<MIXTURE> 14 6.433146e-02
<MEAN> 6
 7.667940e+01 -1.078588e+02 -4.226698e+03 -2.720786e-01 -3.749207e+00 -5.538820e+01
<VARIANCE> 6
 3.185104e+01 1.195217e+04 1.624160e+06 2.998198e+02 4.022584e+04 5.158639e+07
<GCONST> 7.224171e+01
<MIXTURE> 15 5.486522e-02
<MEAN> 6
 5.506796e+01 1.123652e+02 -3.319753e+03 -3.044353e-01 2.691733e+00 -7.199805e+01
<VARIANCE> 6
 3.185104e+01 1.195217e+04 1.745607e+06 2.998198e+02 4.022584e+04 5.158639e+07
<GCONST> 7.231383e+01
<STATE> 3
<NUMMIXES> 15
<MIXTURE> 1 7.119520e-02
<MEAN> 6
 7.749986e+01 1.740095e+03 1.187088e+03 -1.354502e+00 1.035816e+01 -1.228953e+02
<VARIANCE> 6
 3.185104e+01 1.133970e+06 7.450613e+05 2.998198e+02 4.022584e+04 5.158639e+07
<GCONST> 7.601501e+01
<MIXTURE> 2 1.103854e-01
<MEAN> 6
 7.274136e+01 6.541616e+02 1.049440e+03 5.103133e-01 -4.948836e+00 -9.777505e+01
<VARIANCE> 6
 3.185104e+01 1.195217e+04 3.808570e+05 2.998198e+02 4.022584e+04 5.158639e+07
<GCONST> 7.079140e+01
<MIXTURE> 3 8.020435e-02
<MEAN> 6
 6.990682e+01 -2.080914e+03 9.993188e+01 3.958804e-02 -1.975744e+00 -6.620869e+01
<VARIANCE> 6
 3.185104e+01 2.000781e+05 1.796666e+05 2.998198e+02 4.022584e+04 5.158639e+07
<GCONST> 7.285787e+01
<MIXTURE> 4 1.050279e-01
<MEAN> 6
 7.200914e+01 3.144692e+02 1.494556e+02 -2.558936e-01 -7.600422e+00 -1.804431e+02
<VARIANCE> 6
 3.185104e+01 2.864020e+04 1.387160e+04 2.998198e+02 4.022584e+04 5.158639e+07
<GCONST> 6.835271e+01
<MIXTURE> 5 2.871467e-02
<MEAN> 6
 6.124521e+01 -9.089291e+01 1.608487e+03 -2.057406e+00 -3.552797e+00 -1.826563e+02
<VARIANCE> 6
 3.185104e+01 1.278649e+04 1.387160e+04 2.998198e+02 4.022584e+04 5.158639e+07
<GCONST> 6.754629e+01
<MIXTURE> 6 6.687737e-02
<MEAN> 6
 7.232664e+01 -3.924433e+02 8.852567e+02 -1.624302e+00 -1.561302e+00 -7.453091e+01
<VARIANCE> 6
 3.185104e+01 1.195217e+04 5.768495e+04 2.998198e+02 4.022584e+04 5.158639e+07
<GCONST> 6.890397e+01
<MIXTURE> 7 7.678020e-02
<MEAN> 6
 7.349950e+01 6.326563e+02 3.458990e+02 -4.014405e-01 -1.978393e+00 -9.169821e+01
<VARIANCE> 6
 3.185104e+01 1.982276e+04 1.387160e+04 2.998198e+02 4.022584e+04 5.158639e+07
<GCONST> 6.798473e+01
<MIXTURE> 8 7.170273e-02
<MEAN> 6
 6.976729e+01 -3.786555e+02 3.276092e+02 -2.654411e-01 -3.142398e+00 -5.537093e+01
<VARIANCE> 6
 3.185104e+01 1.195217e+04 1.387160e+04 2.998198e+02 4.022584e+04 5.158639e+07
<GCONST> 6.747881e+01
<MIXTURE> 9 6.092988e-02
<MEAN> 6
 7.065173e+01 6.760098e+00 2.235039e+02 -5.484728e-01 -7.311469e+00 -1.417152e+02
<VARIANCE> 6
 3.185104e+01 1.680361e+04 1.387160e+04 2.998198e+02 4.022584e+04 5.158639e+07
<GCONST> 6.781950e+01
<MIXTURE> 10 4.064059e-02
<MEAN> 6
 7.349493e+01 6.228440e+02 3.215792e+02 -4.070645e-01 -1.690043e+00 -8.955454e+01
<VARIANCE> 6
 3.185104e+01 2.600607e+04 1.387160e+04 2.998198e+02 4.022584e+04 5.158639e+07
<GCONST> 6.825623e+01
<MIXTURE> 11 5.984177e-02
<MEAN> 6
 8.020722e+01 3.659028e+02 4.919094e+02 -2.509065e+00 4.398252e+00 -2.911445e+01
<VARIANCE> 6
 3.185104e+01 1.195217e+04 2.690971e+04 2.998198e+02 4.022584e+04 5.158639e+07
<GCONST> 6.814146e+01
<MIXTURE> 12 7.182432e-02
<MEAN> 6
 6.976016e+01 -3.789141e+02 3.279454e+02 -2.642893e-01 -3.147830e+00 -5.562083e+01
<VARIANCE> 6
 3.185104e+01 1.195217e+04 1.387160e+04 2.998198e+02 4.022584e+04 5.158639e+07
<GCONST> 6.747881e+01
<MIXTURE> 13 3.939294e-02
<MEAN> 6
 7.529993e+01 -3.839809e+02 2.963310e+02 -7.693512e-01 -2.264532e+00 -1.402086e+01
<VARIANCE> 6
 3.185104e+01 1.195217e+04 1.659575e+05 2.998198e+02 4.022584e+04 5.158639e+07
<GCONST> 6.996070e+01
<MIXTURE> 14 5.525056e-02
<MEAN> 6
 7.357148e+01 2.569622e+02 5.743295e+02 -9.499173e-01 -4.831159e+00 -1.730761e+02
<VARIANCE> 6
 3.185104e+01 1.195217e+04 5.013996e+05 2.998198e+02 4.022584e+04 5.158639e+07
<GCONST> 7.106638e+01
<MIXTURE> 15 6.119394e-02
<MEAN> 6
 7.105835e+01 -2.494442e+01 2.147988e+02 -3.865350e-01 -6.843072e+00 -1.294725e+02
<VARIANCE> 6
 3.185104e+01 1.745605e+04 1.387160e+04 2.998198e+02 4.022584e+04 5.158639e+07
<GCONST> 6.785759e+01
<STATE> 4
<NUMMIXES> 15
<MIXTURE> 1 5.367691e-02
<MEAN> 6
 9.864899e+01 -3.535187e+03 1.085077e+04 -2.955605e+00 -1.258972e+01 1.514107e+02
<VARIANCE> 6
 3.185104e+01 3.216970e+05 6.114323e+06 2.998198e+02 4.022584e+04 5.158639e+07
<GCONST> 7.686005e+01
<MIXTURE> 2 6.219283e-02
<MEAN> 6
 5.612621e+01 -3.578739e+03 9.970915e+03 -2.496728e+01 -4.002977e+01 7.540049e+02
<VARIANCE> 6
 9.390046e+02 1.703875e+07 8.500817e+07 1.670895e+04 7.101018e+05 9.890710e+07
<GCONST> 9.438790e+01
<MIXTURE> 3 5.695765e-02
<MEAN> 6
 8.918493e+01 -4.320286e+03 5.193436e+03 -1.356640e+00 -8.723077e+00 -1.304117e+02
<VARIANCE> 6
 3.185104e+01 1.591886e+04 1.593211e+06 2.998198e+02 4.022584e+04 5.158639e+07
<GCONST> 7.250907e+01
<MIXTURE> 4 5.212699e-02
<MEAN> 6
 6.827235e+01 -3.980694e+03 3.424131e+03 -1.197713e+00 -2.338195e+00 -1.276487e+02
<VARIANCE> 6
 3.185104e+01 3.908357e+04 1.387160e+04 2.998198e+02 4.022584e+04 5.158639e+07
<GCONST> 6.866360e+01
<MIXTURE> 5 6.714503e-02
<MEAN> 6
 7.444933e+01 -2.085675e+03 6.362366e+03 -2.464005e-01 -8.084991e+00 -2.142642e+02
<VARIANCE> 6
 3.185104e+01 2.372105e+05 4.191836e+06 2.998198e+02 4.022584e+04 5.158639e+07
<GCONST> 7.617790e+01
<MIXTURE> 6 9.789928e-02
<MEAN> 6
 2.327489e+01 1.343598e+04 -9.302339e+01 5.738317e+00 3.015519e+00 1.903890e+02
<VARIANCE> 6
 3.499391e+03 2.512216e+05 7.806256e+05 2.472546e+04 4.070333e+05 7.141293e+07
<GCONST> 8.630578e+01
<MIXTURE> 7 8.525102e-02
<MEAN> 6
 9.054249e+01 -3.407619e+03 -1.794259e+02 -3.835483e+00 -6.876220e-01 -1.245787e+02
<VARIANCE> 6
 3.185104e+01 5.504223e+05 1.009238e+05 2.998198e+02 4.022584e+04 5.158639e+07
<GCONST> 7.329311e+01
<MIXTURE> 8 3.949538e-02
<MEAN> 6
 7.644861e+01 -1.305895e+03 2.890403e+03 9.336569e-01 -2.516925e+00 2.980729e+00
<VARIANCE> 6
 3.185104e+01 7.672911e+04 1.601071e+04 2.998198e+02 4.022584e+04 5.158639e+07
<GCONST> 6.948160e+01
<MIXTURE> 9 7.186987e-02
<MEAN> 6
 2.666666e+01 5.166700e+03 -1.096437e+03 2.311661e+01 -1.067639e+02 -1.015551e+03
<VARIANCE> 6
 3.308814e+03 3.895916e+06 5.885913e+05 2.859268e+04 7.376279e+05 1.616686e+08
<GCONST> 9.026569e+01
<MIXTURE> 10 6.711689e-02
<MEAN> 6
 8.072581e+01 1.394886e+02 3.211051e+03 3.916977e-01 -4.063958e+00 -1.858701e+02
<VARIANCE> 6
 3.185104e+01 2.454738e+05 1.387160e+04 2.998198e+02 4.022584e+04 5.158639e+07
<GCONST> 7.050109e+01
<MIXTURE> 11 7.747035e-02
<MEAN> 6
 8.160410e+01 -4.714318e+03 -2.362266e+02 -2.885952e+00 -1.711713e+01 -2.391809e+02
<VARIANCE> 6
 3.185104e+01 2.840422e+06 7.475269e+05 2.998198e+02 4.022584e+04 5.158639e+07
<GCONST> 7.693654e+01
<MIXTURE> 12 5.302700e-02
<MEAN> 6
 8.276644e+01 -4.838933e+03 1.148296e+04 -3.163060e-02 1.515603e+00 6.487820e+01
<VARIANCE> 6
 3.185104e+01 2.743908e+04 7.049071e+06 2.998198e+02 4.022584e+04 5.158639e+07
<GCONST> 7.454068e+01
<MIXTURE> 13 8.939014e-02
<MEAN> 6
 7.121638e+01 -1.928296e+03 2.543105e+03 3.546677e+00 -1.860947e+01 -2.092597e+02
<VARIANCE> 6
 3.185104e+01 7.257324e+05 2.100518e+05 2.998198e+02 4.022584e+04 5.158639e+07
<GCONST> 7.430259e+01
<MIXTURE> 14 6.568173e-02
<MEAN> 6
 6.729451e+01 -4.234030e+03 3.409225e+03 -4.470641e-01 -6.368637e+00 -1.218371e+02
<VARIANCE> 6
 3.185104e+01 1.195217e+04 1.387160e+04 2.998198e+02 4.022584e+04 5.158639e+07
<GCONST> 6.747881e+01
<MIXTURE> 15 6.067578e-02
<MEAN> 6
 8.907980e+01 -4.445027e+03 3.371831e+03 -1.540024e+00 -2.100551e+01 -3.548117e+02
<VARIANCE> 6
 3.185104e+01 1.195217e+04 2.557165e+06 2.998198e+02 4.022584e+04 5.158639e+07
<GCONST> 7.269563e+01
<STATE> 5
<NUMMIXES> 15
<MIXTURE> 1 6.226533e-02
<MEAN> 6
 6.578146e+01 1.853272e+03 -1.169830e+02 -3.668743e-01 -3.638312e+00 -1.182183e+02
<VARIANCE> 6
 3.185104e+01 1.435788e+04 1.391966e+04 2.998198e+02 4.022584e+04 5.158639e+07
<GCONST> 6.766566e+01
<MIXTURE> 2 2.976435e-02
<MEAN> 6
 5.501156e+01 2.768034e+03 -2.751161e+02 -8.013082e-02 -6.561504e+00 -2.872115e+02
<VARIANCE> 6
 3.185104e+01 1.195217e+04 1.387160e+04 2.998198e+02 4.022584e+04 5.158639e+07
<GCONST> 6.747881e+01
<MIXTURE> 3 8.677632e-02
<MEAN> 6
 5.545004e+01 1.457728e+02 4.273995e+02 -5.248823e-01 -3.844075e+00 -3.654775e+02
<VARIANCE> 6
 3.767981e+01 1.195217e+04 2.368142e+04 2.998198e+02 4.022584e+04 5.158639e+07
<GCONST> 6.818172e+01
<MIXTURE> 4 6.485926e-02
<MEAN> 6
 6.183454e+01 -2.066374e+03 -4.811469e+02 1.120616e-02 -6.650293e+00 -2.193217e+02
<VARIANCE> 6
 3.185104e+01 1.999574e+05 2.405744e+04 2.998198e+02 4.022584e+04 5.158639e+07
<GCONST> 7.084660e+01
<MIXTURE> 5 7.707721e-02
<MEAN> 6
 5.929847e+01 -1.689506e+02 1.964839e+02 -2.051602e-01 -3.254431e+00 -1.914903e+02
<VARIANCE> 6
 3.185104e+01 2.593274e+04 1.387160e+04 2.998198e+02 4.022584e+04 5.158639e+07
<GCONST> 6.825341e+01
<MIXTURE> 6 8.010884e-02
<MEAN> 6
 6.255220e+01 -5.613625e+02 1.394088e+01 -3.714307e-01 -3.089671e+00 -1.455959e+02
<VARIANCE> 6
 3.185104e+01 1.374592e+04 1.387160e+04 2.998198e+02 4.022584e+04 5.158639e+07
<GCONST> 6.761864e+01
<MIXTURE> 7 9.304247e-02
<MEAN> 6
 6.494614e+01 -6.945611e+02 -6.536192e+02 9.967453e-02 -7.249851e+00 -1.456572e+02
<VARIANCE> 6
 3.185104e+01 1.195217e+04 2.822605e+04 2.998198e+02 4.022584e+04 5.158639e+07
<GCONST> 6.818922e+01
<MIXTURE> 8 7.326123e-02
<MEAN> 6
 5.934731e+01 -2.472336e+02 -2.175008e+02 -2.661046e-01 -7.532931e+00 -1.395075e+02
<VARIANCE> 6
 3.185104e+01 1.203038e+04 1.387160e+04 2.998198e+02 4.022584e+04 5.158639e+07
<GCONST> 6.748534e+01
<MIXTURE> 9 7.360018e-02
<MEAN> 6
 6.497849e+01 -1.104725e+03 5.912232e+01 3.879783e-01 -1.643201e+00 3.946555e+01
<VARIANCE> 6
 3.185104e+01 4.499310e+04 1.387160e+04 2.998198e+02 4.022584e+04 5.158639e+07
<GCONST> 6.880441e+01
<MIXTURE> 10 4.538450e-02
<MEAN> 6
 5.777242e+01 -2.970699e+02 -4.979934e+02 -3.468205e-01 -4.719211e+00 -1.265210e+02
<VARIANCE> 6
 3.185104e+01 1.331962e+04 1.321409e+05 2.998198e+02 4.022584e+04 5.158639e+07
<GCONST> 6.984116e+01
<MIXTURE> 11 6.465896e-02
<MEAN> 6
 6.824390e+01 1.264115e+03 8.355369e+01 -1.409852e+00 -4.682122e+00 -1.422746e+02
<VARIANCE> 6
 3.185104e+01 1.984600e+04 1.387160e+04 2.998198e+02 4.022584e+04 5.158639e+07
<GCONST> 6.798590e+01
<MIXTURE> 12 6.270692e-02
<MEAN> 6
 5.975803e+01 -3.739309e+02 1.688754e+02 -4.617103e-01 -3.956508e+00 -1.973482e+02
<VARIANCE> 6
 3.185104e+01 2.580685e+04 1.434907e+04 2.998198e+02 4.022584e+04 5.158639e+07
<GCONST> 6.828239e+01
<MIXTURE> 13 7.100432e-02
<MEAN> 6
 6.983145e+01 1.104068e+03 1.481064e+02 -4.329655e-01 -6.919829e+00 -2.567384e+02
<VARIANCE> 6
 3.185104e+01 1.195217e+04 1.387160e+04 2.998198e+02 4.022584e+04 5.158639e+07
<GCONST> 6.747881e+01
<MIXTURE> 14 6.385157e-02
<MEAN> 6
 6.571989e+01 -7.922422e+02 -1.171744e+02 1.118403e+00 -7.926395e+00 -2.348445e+02
<VARIANCE> 6
 3.185104e+01 1.482582e+04 1.394868e+04 2.998198e+02 4.022584e+04 5.158639e+07
<GCONST> 6.769981e+01
<MIXTURE> 15 5.160954e-02
<MEAN> 6
 5.690828e+01 -3.129336e+02 -5.736854e+02 -1.109322e-01 -1.876460e+00 -5.475750e+01
<VARIANCE> 6
 3.185104e+01 1.195217e+04 5.646419e+04 2.998198e+02 4.022584e+04 5.158639e+07
<GCONST> 6.888258e+01
<STATE> 6
<NUMMIXES> 15
<MIXTURE> 1 5.200733e-02
<MEAN> 6
 7.646088e+01 -2.835039e+01 1.816693e+02 -5.269939e+01 -1.122903e+03 7.001808e+02
<VARIANCE> 6
 7.049587e+02 1.014731e+07 7.207292e+06 3.722175e+04 6.884507e+05 3.732927e+08
<GCONST> 9.321344e+01
<MIXTURE> 2 6.912486e-02
<MEAN> 6
 9.004161e+01 -3.653076e+02 5.789944e+02 -1.146817e+01 -6.565150e+01 5.052746e+01
<VARIANCE> 6
 1.615210e+02 1.448252e+06 4.128054e+06 2.998198e+02 4.022584e+04 5.158639e+07
<GCONST> 7.959530e+01
<MIXTURE> 3 5.177663e-02
<MEAN> 6
 6.688548e+01 2.719030e+03 -3.246768e+03 7.151842e+01 -2.414132e+02 -1.763614e+02
<VARIANCE> 6
 2.943465e+02 1.731028e+06 2.193428e+06 9.667624e+03 4.117508e+04 5.158639e+07
<GCONST> 8.323811e+01
<MIXTURE> 4 4.162261e-02
<MEAN> 6
 -5.056406e+01 7.861820e+02 3.647528e+03 1.530095e+02 8.698307e+02 -1.049578e+03
<VARIANCE> 6
 3.961694e+02 3.589333e+05 2.453421e+06 1.238434e+04 1.684818e+05 5.491332e+07
<GCONST> 8.379303e+01
<MIXTURE> 5 6.311817e-02
<MEAN> 6
 3.881656e+01 7.467574e+01 1.352968e+03 2.286028e+02 -5.095674e+02 -2.625174e+03
<VARIANCE> 6
 3.877622e+02 1.340142e+06 7.673405e+06 4.896169e+03 1.708044e+05 5.158639e+07
<GCONST> 8.525246e+01
<MIXTURE> 6 9.458226e-02
<MEAN> 6
 -6.032616e+01 1.470723e+02 7.682643e+02 9.894461e+00 1.256230e+02 -7.322855e+00
<VARIANCE> 6
 7.748283e+01 7.965592e+05 4.331531e+06 5.615667e+02 4.033912e+04 5.158639e+07
<GCONST> 7.894138e+01
<MIXTURE> 7 6.153857e-02
<MEAN> 6
 6.059063e+00 1.558625e+03 -1.974818e+03 -7.233538e+00 1.020838e+02 1.281063e+02
<VARIANCE> 6
 5.270510e+02 3.592201e+06 3.241095e+06 2.803762e+04 5.920755e+04 5.158639e+07
<GCONST> 8.636913e+01
<MIXTURE> 8 4.388559e-02
<MEAN> 6
 4.141512e+01 3.382010e+01 9.069265e+02 -2.705080e+02 -7.249833e+02 5.782441e+03
<VARIANCE> 6
 3.609618e+02 2.669495e+05 5.482759e+06 5.633135e+03 3.119517e+05 7.618407e+07
<GCONST> 8.436366e+01
<MIXTURE> 9 7.689540e-02
<MEAN> 6
 -5.119786e+01 -1.328603e+02 1.033648e+03 -9.096904e+01 1.310118e+03 1.299172e+03
<VARIANCE> 6
 2.512139e+02 4.340658e+06 5.020072e+06 2.618354e+04 4.410448e+05 2.965053e+08
<GCONST> 8.994342e+01
<MIXTURE> 10 7.827850e-02
<MEAN> 6
 -8.450665e+00 -9.534441e+01 9.169638e+02 -6.060034e+01 2.808625e+02 -5.635074e+02
<VARIANCE> 6
 2.151488e+02 2.124306e+06 5.689780e+06 6.714290e+04 1.684828e+05 1.742267e+08
<GCONST> 8.864677e+01
<MIXTURE> 11 7.427949e-02
<MEAN> 6
 7.977534e+01 -3.068375e+02 1.546323e+03 7.911101e+01 -4.463308e+02 1.340074e+02
<VARIANCE> 6
 2.573624e+02 8.725562e+05 5.573136e+06 4.554422e+03 7.829303e+04 5.158639e+07
<GCONST> 8.324123e+01
<MIXTURE> 12 4.734762e-02
<MEAN> 6
 7.610214e+01 -4.120789e+00 2.803465e+02 3.273264e+00 -6.340594e+01 -2.425809e+02
<VARIANCE> 6
 5.555841e+01 7.970146e+04 1.668090e+06 3.000606e+02 4.022584e+04 5.158639e+07
<GCONST> 7.472295e+01
<MIXTURE> 13 8.967331e-02
<MEAN> 6
 -3.931650e+01 4.750820e+02 -8.735432e+01 2.332170e+01 5.675795e+02 -6.346203e+01
<VARIANCE> 6
 1.526933e+02 1.322636e+06 2.890425e+06 1.328918e+04 1.076790e+05 5.158639e+07
<GCONST> 8.386813e+01
<MIXTURE> 14 9.336156e-02
<MEAN> 6
 7.350593e+01 -7.850833e+01 -5.526051e+02 -7.207224e+01 -5.774072e+02 -7.605900e+02
<VARIANCE> 6
 2.721714e+02 1.040584e+06 3.575282e+06 7.475464e+03 1.483199e+05 5.158639e+07
<GCONST> 8.416381e+01
<MIXTURE> 15 6.239848e-02
<MEAN> 6
 5.885571e+00 1.042831e+03 -1.926304e+03 4.396344e+00 5.395821e+01 -1.945798e+02
<VARIANCE> 6
 4.437277e+02 3.105512e+06 3.119052e+06 2.724006e+04 4.498803e+04 5.158639e+07
<GCONST> 8.570956e+01
<STATE> 7
<NUMMIXES> 15
<MIXTURE> 1 7.733665e-02
<MEAN> 6
 8.482851e+01 -7.587348e+02 1.563431e+02 -5.461618e-01 -3.010229e+00 -1.409007e+02
<VARIANCE> 6
 3.185104e+01 1.195217e+04 1.387160e+04 2.998198e+02 4.022584e+04 5.158639e+07
<GCONST> 6.747881e+01
<MIXTURE> 2 6.933468e-02
<MEAN> 6
 6.920127e+01 -5.427010e+02 2.293205e+03 -2.362932e+00 -4.523281e+00 -5.373910e+01
<VARIANCE> 6
 3.185104e+01 2.384057e+04 3.228082e+05 2.998198e+02 4.022584e+04 5.158639e+07
<GCONST> 7.131651e+01
<MIXTURE> 3 4.736360e-02
<MEAN> 6
 7.406081e+01 1.155804e+03 -7.355807e+02 -1.537173e+00 -7.755636e+00 -8.240719e+01
<VARIANCE> 6
 3.185104e+01 6.729249e+04 1.387160e+04 2.998198e+02 4.022584e+04 5.158639e+07
<GCONST> 6.920695e+01
<MIXTURE> 4 9.688701e-02
<MEAN> 6
 8.884970e+01 -1.460855e+03 4.050628e+02 -9.395062e-01 -4.952741e+00 -1.314228e+02
<VARIANCE> 6
 3.185104e+01 2.417306e+05 2.573896e+04 2.998198e+02 4.022584e+04 5.158639e+07
<GCONST> 7.110389e+01
<MIXTURE> 5 5.825979e-02
<MEAN> 6
 6.760008e+01 5.285096e+02 -2.490298e+02 -1.857795e-01 -2.479399e+00 -1.264066e+02
<VARIANCE> 6
 3.185104e+01 1.677000e+04 1.387160e+04 2.998198e+02 4.022584e+04 5.158639e+07
<GCONST> 6.781749e+01
<MIXTURE> 6 5.610024e-02
<MEAN> 6
 7.744211e+01 4.126479e+02 -8.253616e+02 -3.134995e-01 -5.180904e+00 -1.197481e+02
<VARIANCE> 6
 3.185104e+01 1.195217e+04 1.387160e+04 2.998198e+02 4.022584e+04 5.158639e+07
<GCONST> 6.747881e+01
<MIXTURE> 7 6.756137e-02
<MEAN> 6
 7.074651e+01 5.645078e+02 1.366251e+02 -1.553991e+00 -1.831971e+01 3.774009e+01
<VARIANCE> 6
 3.185104e+01 9.239223e+04 2.235885e+04 2.998198e+02 4.022584e+04 5.158639e+07
<GCONST> 7.000132e+01
<MIXTURE> 8 5.980282e-02
<MEAN> 6
 8.136452e+01 -8.543810e+02 -1.266041e+02 -2.387834e+00 -6.903526e+00 -6.218151e+01
<VARIANCE> 6
 3.185104e+01 2.499330e+05 3.939061e+04 2.998198e+02 4.022584e+04 5.158639e+07
<GCONST> 7.156278e+01
<MIXTURE> 9 7.715043e-02
<MEAN> 6
 7.307059e+01 2.741309e+01 -5.432355e+02 -1.241336e+00 -8.550731e+00 -1.873633e+02
<VARIANCE> 6
 3.185104e+01 2.756100e+04 1.387160e+04 2.998198e+02 4.022584e+04 5.158639e+07
<GCONST> 6.831430e+01
<MIXTURE> 10 5.240433e-02
<MEAN> 6
 6.838216e+01 6.055159e+02 -1.777154e+02 -3.306614e-01 -1.094376e+01 -2.646192e+02
<VARIANCE> 6
 3.185104e+01 1.059329e+05 1.387160e+04 2.998198e+02 4.022584e+04 5.158639e+07
<GCONST> 6.966071e+01
<MIXTURE> 11 6.457865e-02
<MEAN> 6
 8.286232e+01 -7.008124e+02 6.567336e+01 -1.359418e-01 -5.232945e+00 -4.785579e+01
<VARIANCE> 6
 3.185104e+01 1.195217e+04 1.387160e+04 2.998198e+02 4.022584e+04 5.158639e+07
<GCONST> 6.747881e+01
<MIXTURE> 12 6.915378e-02
<MEAN> 6
 7.513498e+01 7.690649e+01 -6.758513e+02 -7.756011e-01 -6.414896e+00 -1.943925e+02
<VARIANCE> 6
 3.185104e+01 1.195217e+04 1.387160e+04 2.998198e+02 4.022584e+04 5.158639e+07
<GCONST> 6.747881e+01
<MIXTURE> 13 6.487264e-02
<MEAN> 6
 6.958869e+01 2.624379e+01 -2.254777e+02 -5.364591e-01 -1.176384e+01 -2.590477e+02
<VARIANCE> 6
 3.185104e+01 1.195217e+04 1.387160e+04 2.998198e+02 4.022584e+04 5.158639e+07
<GCONST> 6.747881e+01
<MIXTURE> 14 7.861110e-02
<MEAN> 6
 6.813562e+01 4.603140e+02 -2.592963e+02 -3.153571e-01 -3.029800e+00 -8.341527e+01
<VARIANCE> 6
 3.185104e+01 1.195217e+04 1.387160e+04 2.998198e+02 4.022584e+04 5.158639e+07
<GCONST> 6.747881e+01
<MIXTURE> 15 6.053620e-02
<MEAN> 6
 8.007948e+01 -1.121063e+03 -9.367554e+01 -1.940618e+00 -5.138175e+00 -1.531139e+02
<VARIANCE> 6
 3.185104e+01 2.884374e+05 1.769237e+04 2.998198e+02 4.022584e+04 5.158639e+07
<GCONST> 7.090567e+01
<STATE> 8
<NUMMIXES> 15
<MIXTURE> 1 5.954386e-02
<MEAN> 6
 8.453437e+01 2.522946e+02 1.394398e+02 2.008458e+01 -1.120461e+03 -2.733662e+02
<VARIANCE> 6
 3.240732e+02 1.866809e+06 1.289612e+06 2.044595e+04 8.428128e+05 5.740482e+08
<GCONST> 8.905609e+01
<MIXTURE> 2 4.299140e-02
<MEAN> 6
 -2.547923e+01 -8.006897e+01 9.297494e+01 2.379244e+02 7.991035e+02 -7.675627e+03
<VARIANCE> 6
 1.043208e+02 6.802828e+05 2.067390e+05 3.959357e+03 1.553003e+05 6.543584e+07
<GCONST> 7.957774e+01
<MIXTURE> 3 7.280102e-02
<MEAN> 6
 8.218082e+01 -1.042186e+02 2.464266e+02 -6.952551e+00 -7.877571e+01 -3.236985e+02
<VARIANCE> 6
 1.123936e+02 6.012786e+05 3.606669e+05 2.998198e+02 4.022584e+04 5.158639e+07
<GCONST> 7.591601e+01
<MIXTURE> 4 7.792783e-02
<MEAN> 6
 4.755719e+01 1.897501e+02 -8.441103e+01 1.746009e+02 -3.605569e+02 -3.200318e+02
<VARIANCE> 6
 2.628402e+02 7.207761e+05 2.660277e+05 2.634415e+03 8.875120e+04 5.158639e+07
<GCONST> 7.960703e+01
<MIXTURE> 5 7.278790e-02
<MEAN> 6
 -5.838684e+01 -5.789158e+01 6.837678e+01 1.320580e+01 1.529225e+02 1.137168e+01
<VARIANCE> 6
 1.116678e+02 5.677419e+05 4.414863e+05 4.451730e+02 5.130848e+04 5.158639e+07
<GCONST> 7.669296e+01
<MIXTURE> 6 7.830075e-02
<MEAN> 6
 -7.608068e+00 1.295876e+02 2.312209e+01 4.479506e+01 1.312005e+02 -1.744724e+03
<VARIANCE> 6
 2.100853e+02 3.939468e+05 1.369116e+05 2.989239e+04 5.677735e+04 5.158639e+07
<GCONST> 8.009686e+01
<MIXTURE> 7 5.527280e-02
<MEAN> 6
 7.604016e+01 -2.668523e+01 2.122840e+02 4.421711e+01 -4.808096e+02 1.382282e+02
<VARIANCE> 6
 1.553273e+02 7.555039e+05 4.440321e+05 6.361869e+03 1.213102e+05 5.158639e+07
<GCONST> 8.083454e+01
<MIXTURE> 8 5.029285e-02
<MEAN> 6
 -4.996011e+01 1.668485e+02 1.464750e+02 -1.578515e+02 1.684300e+03 4.163262e+03
<VARIANCE> 6
 1.736818e+02 8.827031e+05 7.010968e+05 1.359750e+04 6.607827e+05 6.714496e+08
<GCONST> 8.657941e+01
<MIXTURE> 9 1.009409e-01
<MEAN> 6
 -4.489160e+00 2.285460e+02 -3.327325e+01 -2.523812e+02 1.405475e+02 5.332810e+03
<VARIANCE> 6
 4.807917e+02 7.100607e+05 8.486558e+05 5.668959e+03 2.584437e+05 1.766662e+08
<GCONST> 8.442218e+01
<MIXTURE> 10 6.798376e-02
<MEAN> 6
 3.840686e+01 -2.190244e+02 4.376927e+00 -2.343641e+02 -4.669969e+02 4.462945e+03
<VARIANCE> 6
 2.026543e+02 2.203324e+06 2.506315e+05 4.243436e+03 1.540848e+05 5.946158e+07
<GCONST> 8.157521e+01
<MIXTURE> 11 6.558965e-02
<MEAN> 6
 6.963515e+01 4.854655e+01 2.358793e+01 -1.333064e+02 -8.470089e+02 -4.724569e+02
<VARIANCE> 6
 1.550608e+02 3.865008e+05 2.072808e+05 3.993102e+03 1.380158e+05 5.158639e+07
<GCONST> 7.906401e+01
<MIXTURE> 12 8.330812e-02
<MEAN> 6
 -4.374210e+01 1.824404e+02 1.403297e+02 4.925720e+01 8.035453e+02 1.501974e+03
<VARIANCE> 6
 8.170856e+01 4.203880e+05 1.740674e+05 1.246853e+04 1.547238e+05 5.158639e+07
<GCONST> 7.958569e+01
<MIXTURE> 13 5.505926e-02
<MEAN> 6
 1.958582e+01 8.812536e+00 -8.543312e+01 2.669934e+02 -2.878766e+02 -5.276841e+03
<VARIANCE> 6
 2.943814e+02 9.224128e+05 5.935294e+05 3.598572e+03 1.549920e+05 5.634372e+07
<GCONST> 8.172713e+01
<MIXTURE> 14 6.168858e-02
<MEAN> 6
 -5.905492e+01 -1.318291e+02 8.051920e+01 2.972662e+01 8.501242e+02 -2.875156e+03
<VARIANCE> 6
 7.587698e+01 6.445465e+05 4.253493e+05 5.571983e+03 1.308280e+05 9.118627e+07
<GCONST> 8.042891e+01
<MIXTURE> 15 5.516342e-02
<MEAN> 6
 7.450177e+01 -4.637494e+02 1.283014e+02 1.778911e+01 -5.502783e+02 -1.814711e+03
<VARIANCE> 6
 1.327669e+02 1.334776e+06 5.308972e+05 9.073978e+03 1.365075e+05 5.158639e+07
<GCONST> 8.189852e+01
<STATE> 9
<NUMMIXES> 15
<MIXTURE> 1 2.603157e-02
<MEAN> 6
 5.462614e+01 2.900616e+03 1.278039e+03 4.448594e+00 -3.176013e+01 9.347377e+01
<VARIANCE> 6
 3.185104e+01 5.111172e+04 1.387160e+04 2.998198e+02 4.022584e+04 5.158639e+07
<GCONST> 6.893192e+01
<MIXTURE> 2 1.056604e-01
<MEAN> 6
 8.253692e+01 4.251562e+02 -7.514009e+01 1.275191e+02 -7.631329e+02 -2.243063e+03
<VARIANCE> 6
 5.083374e+02 1.267199e+06 3.796925e+05 1.254830e+04 9.439128e+05 6.021117e+08
<GCONST> 8.756892e+01
<MIXTURE> 3 4.034672e-02
<MEAN> 6
 5.736427e+01 -3.490679e+02 9.755511e+02 1.358122e+02 -4.438100e+02 -4.022794e+02
<VARIANCE> 6
 1.062984e+02 3.315720e+06 5.543577e+05 9.969782e+03 2.103020e+05 5.158639e+07
<GCONST> 8.315565e+01
<MIXTURE> 4 7.494047e-02
<MEAN> 6
 -1.972952e+01 -8.055266e+01 -5.126053e+01 2.215905e+02 4.873918e+02 -6.230425e+03
<VARIANCE> 6
 7.587674e+01 7.225941e+05 6.049695e+05 1.904219e+03 4.276196e+04 5.158639e+07
<GCONST> 7.813390e+01
<MIXTURE> 5 5.666209e-02
<MEAN> 6
 6.865520e+01 1.585436e+02 -2.313801e+01 1.503494e+02 -5.268230e+02 -1.370836e+02
<VARIANCE> 6
 1.446510e+02 1.073633e+05 3.536849e+05 1.894088e+03 8.210901e+04 5.158639e+07
<GCONST> 7.698279e+01
<MIXTURE> 6 6.379604e-02
<MEAN> 6
 1.043423e+00 2.244803e+02 1.579429e+02 2.105590e+02 5.066612e+00 -2.008414e+03
<VARIANCE> 6
 1.236056e+02 1.331605e+05 1.137232e+05 3.599387e+03 8.835885e+04 8.532778e+07
<GCONST> 7.712489e+01
<MIXTURE> 7 7.099640e-02
<MEAN> 6
 3.526572e+01 -1.156122e+01 -2.093965e+02 2.418530e+02 -4.281632e+02 -2.704773e+03
<VARIANCE> 6
 1.468642e+02 2.178040e+05 7.696076e+05 1.673849e+03 5.629507e+04 5.158639e+07
<GCONST> 7.798177e+01
<MIXTURE> 8 9.220157e-02
<MEAN> 6
 5.249502e+01 1.432395e+02 6.280736e+01 7.766160e+01 -7.023647e+01 8.374236e+01
<VARIANCE> 6
 3.161240e+02 9.154094e+05 3.889012e+05 3.285361e+02 4.022584e+04 5.158639e+07
<GCONST> 7.753728e+01
<MIXTURE> 9 8.446915e-02
<MEAN> 6
 1.303561e+01 3.309650e+02 -1.471043e+02 2.149693e+02 -3.902913e+01 -2.862056e+03
<VARIANCE> 6
 1.778974e+02 1.142303e+06 3.983365e+05 3.248206e+03 4.022584e+04 5.158639e+07
<GCONST> 7.949897e+01
<MIXTURE> 10 5.270145e-02
<MEAN> 6
 -4.347252e+01 -7.991067e+01 -7.560894e+02 1.222193e+02 5.917249e+02 7.799208e+02
<VARIANCE> 6
 7.582761e+01 1.935567e+05 9.116683e+04 1.495105e+03 7.313005e+04 5.158639e+07
<GCONST> 7.521821e+01
<MIXTURE> 11 1.008514e-01
<MEAN> 6
 8.505078e+01 -4.014375e+02 -1.549325e+02 6.112283e+01 -6.045267e+02 1.306072e+03
<VARIANCE> 6
 6.730539e+01 1.104868e+06 1.489441e+06 1.200484e+03 1.099737e+05 5.926520e+07
<GCONST> 7.996167e+01
<MIXTURE> 12 8.697596e-02
<MEAN> 6
 4.580201e+01 4.161169e+02 -2.795260e+02 1.834329e+02 -3.753558e+02 -1.031106e+03
<VARIANCE> 6
 1.214751e+02 1.600657e+06 3.323199e+05 1.733984e+03 4.228809e+04 5.158639e+07
<GCONST> 7.869595e+01
<MIXTURE> 13 2.125075e-02
<MEAN> 6
 8.919709e+01 -2.376151e+03 6.078768e+02 1.580587e+01 -1.182227e+03 1.585184e+04
<VARIANCE> 6
 9.460583e+01 7.263524e+06 1.831762e+06 6.380959e+03 1.356115e+06 1.017342e+09
<GCONST> 8.941782e+01
<MIXTURE> 14 6.720626e-02
<MEAN> 6
 5.438131e+00 -5.316699e+02 -6.293980e+01 1.727790e+02 5.229713e+01 -1.866474e+03
<VARIANCE> 6
 2.000840e+02 1.393578e+06 1.101059e+06 5.751357e+03 5.312518e+04 5.158639e+07
<GCONST> 8.168153e+01
<MIXTURE> 15 5.588534e-02
<MEAN> 6
 6.693236e+01 -1.804843e+01 -4.776479e+01 1.425667e+02 -6.940571e+02 -1.831040e+03
<VARIANCE> 6
 6.765242e+01 2.352002e+05 2.587471e+05 2.427096e+03 1.734703e+05 5.158639e+07
<GCONST> 7.769043e+01
<STATE> 10
<NUMMIXES> 15
<MIXTURE> 1 8.483449e-02
<MEAN> 6
 1.033730e+02 4.272405e+02 -4.718979e+02 -6.183789e+00 9.752142e+00 1.205137e+02
<VARIANCE> 6
 4.327655e+01 7.855508e+04 3.704123e+04 2.998198e+02 4.022584e+04 5.158639e+07
<GCONST> 7.065043e+01
<MIXTURE> 2 9.181145e-02
<MEAN> 6
 9.628681e+01 -8.928201e+02 -7.818569e+03 -5.547071e+00 5.009572e+00 1.136341e+02
<VARIANCE> 6
 1.629180e+02 7.151695e+04 4.505429e+06 2.998198e+02 4.022584e+04 5.158639e+07
<GCONST> 7.668320e+01
<MIXTURE> 3 5.723698e-02
<MEAN> 6
 8.886014e+01 2.315035e+02 1.947960e+03 -5.223011e+00 5.022772e+00 3.420199e+02
<VARIANCE> 6
 3.308097e+01 5.933030e+04 2.782120e+05 2.998198e+02 4.022584e+04 5.158639e+07
<GCONST> 7.211745e+01
<MIXTURE> 4 4.844854e-02
<MEAN> 6
 9.606848e+01 4.506494e+01 3.308348e+01 -3.832934e+00 -4.332552e+00 -7.364278e+01
<VARIANCE> 6
 3.185104e+01 1.856553e+05 1.387160e+04 2.998198e+02 4.022584e+04 5.158639e+07
<GCONST> 7.022179e+01
<MIXTURE> 5 1.743690e-02
<MEAN> 6
 8.570460e+01 -7.999676e+02 -1.294974e+02 -1.652927e+00 -2.632991e+01 5.076609e+02
<VARIANCE> 6
 3.185104e+01 1.736980e+05 1.591592e+06 2.998198e+02 4.022584e+04 5.158639e+07
<GCONST> 7.489787e+01
<MIXTURE> 6 1.009834e-01
<MEAN> 6
 9.065820e+01 2.464230e+02 -2.036425e+03 -4.204165e+00 -4.233050e+00 8.616211e+01
<VARIANCE> 6
 3.185104e+01 3.329954e+05 7.147116e+04 2.998198e+02 4.022584e+04 5.158639e+07
<GCONST> 7.244548e+01
<MIXTURE> 7 6.989582e-02
<MEAN> 6
 8.519981e+01 -8.490833e+02 1.960323e+03 -5.190228e+00 -8.420225e+00 1.812453e+02
<VARIANCE> 6
 3.185104e+01 2.643461e+04 1.002107e+06 2.998198e+02 4.022584e+04 5.158639e+07
<GCONST> 7.255259e+01
<MIXTURE> 8 9.010449e-02
<MEAN> 6
 9.334073e+01 -5.850809e+02 -1.212240e+03 -4.587706e+00 -2.611524e+00 5.769366e+01
<VARIANCE> 6
 4.930314e+01 4.956664e+04 8.821433e+04 2.998198e+02 4.022584e+04 5.158639e+07
<GCONST> 7.118806e+01
<MIXTURE> 9 9.978788e-02
<MEAN> 6
 1.027749e+02 1.222200e+03 -1.173767e+03 -7.218139e+00 -6.390644e+00 4.248400e+02
<VARIANCE> 6
 5.462504e+01 3.079077e+05 9.336094e+04 2.998198e+02 4.022584e+04 5.158639e+07
<GCONST> 7.317375e+01
<MIXTURE> 10 5.942513e-02
<MEAN> 6
 8.823399e+01 -2.385021e+02 7.063976e+02 -4.039827e+00 -2.282812e+01 3.291483e+02
<VARIANCE> 6
 3.185104e+01 3.482546e+04 1.676703e+04 2.998198e+02 4.022584e+04 5.158639e+07
<GCONST> 6.873782e+01
<MIXTURE> 11 4.293388e-02
<MEAN> 6
 7.787339e+01 -8.761817e+02 -1.629651e+03 -3.011375e+00 1.106364e+00 9.936782e+01
<VARIANCE> 6
 3.185104e+01 4.218732e+04 9.466915e+04 2.998198e+02 4.022584e+04 5.158639e+07
<GCONST> 7.066057e+01
<MIXTURE> 12 9.147319e-02
<MEAN> 6
 9.218351e+01 2.499175e+02 -3.709785e+02 -3.800868e+00 1.853675e+00 1.696355e+01
<VARIANCE> 6
 3.185104e+01 1.195217e+04 2.032270e+04 2.998198e+02 4.022584e+04 5.158639e+07
<GCONST> 6.786071e+01
<MIXTURE> 13 4.120526e-02
<MEAN> 6
 9.005784e+01 4.173313e+02 -3.329069e+03 -2.257723e+00 4.153677e+00 4.246971e+01
<VARIANCE> 6
 3.185104e+01 1.758062e+04 3.197103e+05 2.998198e+02 4.022584e+04 5.158639e+07
<GCONST> 7.100227e+01
<MIXTURE> 14 5.033527e-02
<MEAN> 6
 8.759266e+01 -7.833063e+02 3.745703e+02 -3.320641e+00 -9.600244e+00 1.455406e+02
<VARIANCE> 6
 3.185104e+01 2.681817e+04 1.630834e+04 2.998198e+02 4.022584e+04 5.158639e+07
<GCONST> 6.844881e+01
<MIXTURE> 15 5.405039e-02
<MEAN> 6
 9.554890e+01 -1.701201e+02 3.934726e+01 -4.168272e+00 -5.828317e+00 -5.133507e-01
<VARIANCE> 6
 3.185104e+01 4.903298e+04 1.387160e+04 2.998198e+02 4.022584e+04 5.158639e+07
<GCONST> 6.889040e+01
<STATE> 11
<NUMMIXES> 15
<MIXTURE> 1 7.584392e-02
<MEAN> 6
 7.483670e+01 4.312794e+02 6.080002e+02 -4.106147e+00 -6.027216e+00 5.011762e+01
<VARIANCE> 6
 3.185104e+01 3.202305e+04 1.710371e+04 2.998198e+02 4.022584e+04 5.158639e+07
<GCONST> 6.867381e+01
<MIXTURE> 2 6.572611e-02
<MEAN> 6
 7.256180e+01 3.582042e+02 -3.134977e+03 -2.809545e+00 2.405859e-01 1.985950e+01
<VARIANCE> 6
 3.185104e+01 8.750148e+04 1.428293e+06 2.998198e+02 4.022584e+04 5.158639e+07
<GCONST> 7.410395e+01
<MIXTURE> 3 3.346767e-02
<MEAN> 6
 7.916051e+01 2.269884e+03 -1.170416e+03 -1.205791e+00 6.883965e-01 1.105045e+00
<VARIANCE> 6
 3.185104e+01 1.128710e+05 1.387160e+04 2.998198e+02 4.022584e+04 5.158639e+07
<GCONST> 6.972414e+01
<MIXTURE> 4 5.904656e-02
<MEAN> 6
 8.010209e+01 5.851121e+02 2.960629e+00 -2.835670e+00 -6.337849e+00 7.211671e+01
<VARIANCE> 6
 3.185104e+01 9.473564e+04 1.153999e+05 2.998198e+02 4.022584e+04 5.158639e+07
<GCONST> 7.166755e+01
<MIXTURE> 5 7.840291e-02
<MEAN> 6
 6.286541e+01 2.018610e+02 3.542320e+02 -8.349875e-01 6.051679e-01 2.268925e+02
<VARIANCE> 6
 3.185104e+01 3.291464e+06 3.771253e+05 2.998198e+02 4.022584e+04 5.158639e+07
<GCONST> 7.639973e+01
<MIXTURE> 6 5.460419e-02
<MEAN> 6
 7.436327e+01 -1.250892e+03 8.927991e+02 -5.088316e+00 9.148199e+00 7.383606e+01
<VARIANCE> 6
 3.185104e+01 7.752928e+04 9.368230e+04 2.998198e+02 4.022584e+04 5.158639e+07
<GCONST> 7.125862e+01
<MIXTURE> 7 5.706978e-02
<MEAN> 6
 7.650203e+01 -4.734501e+02 6.766600e+01 -3.434581e+00 4.930263e+00 3.387262e+00
<VARIANCE> 6
 3.185104e+01 6.192128e+05 3.728978e+04 2.998198e+02 4.022584e+04 5.158639e+07
<GCONST> 7.241523e+01
<MIXTURE> 8 9.932724e-02
<MEAN> 6
 7.521204e+01 1.023236e+03 -1.587528e+02 -2.872290e+00 9.521459e-01 1.016897e+02
<VARIANCE> 6
 3.185104e+01 6.212269e+04 1.007283e+05 2.998198e+02 4.022584e+04 5.158639e+07
<GCONST> 7.110960e+01
<MIXTURE> 9 6.070501e-02
<MEAN> 6
 8.332497e+01 -1.319467e+03 -8.183141e+01 -4.579433e+00 -3.760543e+00 1.182402e+02
<VARIANCE> 6
 3.185104e+01 5.150923e+04 1.387160e+04 2.998198e+02 4.022584e+04 5.158639e+07
<GCONST> 6.893966e+01
<MIXTURE> 10 5.481793e-02
<MEAN> 6
 7.872295e+01 1.102889e+02 2.855450e+01 -2.139626e+00 -7.255193e+00 8.489205e+01
<VARIANCE> 6
 3.185104e+01 2.721231e+05 6.158027e+04 2.998198e+02 4.022584e+04 5.158639e+07
<GCONST> 7.209466e+01
<MIXTURE> 11 5.477250e-02
<MEAN> 6
 7.905327e+01 3.094671e+02 -2.325011e+02 -2.032945e+00 -7.862751e+00 5.482140e+01
<VARIANCE> 6
 3.185104e+01 1.366461e+05 8.339650e+04 2.998198e+02 4.022584e+04 5.158639e+07
<GCONST> 7.170906e+01
<MIXTURE> 12 9.080455e-02
<MEAN> 6
 7.471430e+01 1.233921e+03 -5.485929e+02 -3.148897e+00 -3.123604e+00 1.149508e+02
<VARIANCE> 6
 3.185104e+01 3.144878e+05 5.837635e+04 2.998198e+02 4.022584e+04 5.158639e+07
<GCONST> 7.218591e+01
<MIXTURE> 13 7.909016e-02
<MEAN> 6
 7.856543e+01 -6.920383e+01 -5.694988e+02 -2.837417e+00 -1.252675e+00 1.257683e+01
<VARIANCE> 6
 3.185104e+01 3.552071e+04 2.096728e+05 2.998198e+02 4.022584e+04 5.158639e+07
<GCONST> 7.128372e+01
<MIXTURE> 14 8.225434e-02
<MEAN> 6
 7.710380e+01 -2.761825e+02 1.838815e+00 -1.775912e+00 -6.251855e+00 9.009602e+01
<VARIANCE> 6
 3.185104e+01 6.536290e+04 3.925640e+04 2.998198e+02 4.022584e+04 5.158639e+07
<GCONST> 7.021812e+01
<MIXTURE> 15 5.402178e-02
<MEAN> 6
 7.878499e+01 4.095731e+02 -2.184627e+02 -2.134566e+00 -7.717235e+00 6.465945e+01
<VARIANCE> 6
 3.185104e+01 1.517285e+05 8.746066e+04 2.998198e+02 4.022584e+04 5.158639e+07
<GCONST> 7.186134e+01
<STATE> 12
<NUMMIXES> 15
<MIXTURE> 1 5.643371e-02
<MEAN> 6
 5.932056e+01 4.870121e+02 9.754513e+01 8.615492e-02 -9.905101e-01 -1.315479e+02
<VARIANCE> 6
 3.185104e+01 1.195217e+04 1.387160e+04 2.998198e+02 4.022584e+04 5.158639e+07
<GCONST> 6.747881e+01
<MIXTURE> 2 8.257732e-02
<MEAN> 6
 6.343328e+01 3.544388e+02 -1.735568e+02 6.753941e-01 -1.074158e+01 -1.515382e+02
<VARIANCE> 6
 3.185104e+01 1.195217e+04 1.387160e+04 2.998198e+02 4.022584e+04 5.158639e+07
<GCONST> 6.747881e+01
<MIXTURE> 3 6.615318e-02
<MEAN> 6
 5.713641e+01 1.034825e+02 -3.114355e+02 1.716679e-01 -3.577832e+00 -9.452555e+00
<VARIANCE> 6
 3.185104e+01 1.195217e+04 1.265347e+05 2.998198e+02 4.022584e+04 5.158639e+07
<GCONST> 6.968949e+01
<MIXTURE> 4 5.128051e-02
<MEAN> 6
 6.581464e+01 -8.461976e+02 -1.535403e+02 -3.744791e+00 3.898825e+00 1.191628e+00
<VARIANCE> 6
 3.185104e+01 3.865584e+04 1.387160e+04 2.998198e+02 4.022584e+04 5.158639e+07
<GCONST> 6.865260e+01
<MIXTURE> 5 7.906885e-02
<MEAN> 6
 6.122693e+01 1.164427e+02 2.588297e+01 3.321529e-02 -9.142453e+00 -1.693227e+02
<VARIANCE> 6
 3.185104e+01 1.195217e+04 1.387160e+04 2.998198e+02 4.022584e+04 5.158639e+07
<GCONST> 6.747881e+01
<MIXTURE> 6 8.249858e-02
<MEAN> 6
 6.035246e+01 1.426933e+01 -8.541276e+01 -9.515241e-02 -3.854825e+00 -1.531454e+02
<VARIANCE> 6
 3.185104e+01 1.195217e+04 1.387160e+04 2.998198e+02 4.022584e+04 5.158639e+07
<GCONST> 6.747881e+01
<MIXTURE> 7 7.754126e-02
<MEAN> 6
 5.444858e+01 8.510763e+02 2.157379e-01 1.361395e+00 1.394370e+00 -1.338968e+02
<VARIANCE> 6
 3.185104e+01 1.195217e+04 1.387160e+04 2.998198e+02 4.022584e+04 5.158639e+07
<GCONST> 6.747881e+01
<MIXTURE> 8 4.119205e-02
<MEAN> 6
 6.007420e+01 2.803462e+01 -8.528750e+01 -6.843018e-02 -4.172021e+00 -1.547570e+02
<VARIANCE> 6
 3.185104e+01 1.195217e+04 1.387160e+04 2.998198e+02 4.022584e+04 5.158639e+07
<GCONST> 6.747881e+01
<MIXTURE> 9 5.636267e-02
<MEAN> 6
 5.932210e+01 4.869322e+02 9.767310e+01 8.493046e-02 -9.979447e-01 -1.315852e+02
<VARIANCE> 6
 3.185104e+01 1.195217e+04 1.387160e+04 2.998198e+02 4.022584e+04 5.158639e+07
<GCONST> 6.747881e+01
<MIXTURE> 10 8.278245e-02
<MEAN> 6
 6.343328e+01 3.544388e+02 -1.735568e+02 6.753951e-01 -1.074156e+01 -1.515380e+02
<VARIANCE> 6
 3.185104e+01 1.195217e+04 1.387160e+04 2.998198e+02 4.022584e+04 5.158639e+07
<GCONST> 6.747881e+01
<MIXTURE> 11 8.654659e-02
<MEAN> 6
 5.858691e+01 2.276055e+01 -1.270077e+02 1.641990e-01 -3.375365e+00 -1.464002e+02
<VARIANCE> 6
 3.185104e+01 1.195217e+04 1.387160e+04 2.998198e+02 4.022584e+04 5.158639e+07
<GCONST> 6.747881e+01
<MIXTURE> 12 8.378980e-02
<MEAN> 6
 5.909144e+01 2.134540e+01 -1.139776e+02 8.024745e-02 -3.607562e+00 -1.498204e+02
<VARIANCE> 6
 3.185104e+01 1.195217e+04 1.387160e+04 2.998198e+02 4.022584e+04 5.158639e+07
<GCONST> 6.747881e+01
<MIXTURE> 13 5.635420e-02
<MEAN> 6
 5.931903e+01 4.871246e+02 9.741150e+01 8.768881e-02 -9.836301e-01 -1.315206e+02
<VARIANCE> 6
 3.185104e+01 1.195217e+04 1.387160e+04 2.998198e+02 4.022584e+04 5.158639e+07
<GCONST> 6.747881e+01
<MIXTURE> 14 5.629300e-02
<MEAN> 6
 5.931583e+01 4.873181e+02 9.713844e+01 9.053332e-02 -9.685211e-01 -1.314526e+02
<VARIANCE> 6
 3.185104e+01 1.195217e+04 1.387160e+04 2.998198e+02 4.022584e+04 5.158639e+07
<GCONST> 6.747881e+01
<MIXTURE> 15 4.109529e-02
<MEAN> 6
 5.857899e+01 1.924207e+01 -1.295170e+02 1.735762e-01 -3.282775e+00 -1.452267e+02
<VARIANCE> 6
 3.185104e+01 1.195217e+04 1.387160e+04 2.998198e+02 4.022584e+04 5.158639e+07
<GCONST> 6.747881e+01
<STATE> 13
<NUMMIXES> 15
<MIXTURE> 1 6.783600e-02
<MEAN> 6
 2.054057e+01 -2.272607e+03 2.973854e+02 -1.518068e+01 1.137628e+02 7.117579e+02
<VARIANCE> 6
 1.321599e+03 4.132965e+05 3.309259e+05 8.741907e+03 4.054428e+04 5.158639e+07
<GCONST> 8.130023e+01
<MIXTURE> 2 4.542314e-02
<MEAN> 6
 8.163565e+01 -3.880658e+03 1.493617e+03 -3.552876e+00 1.372249e+01 -3.347795e+02
<VARIANCE> 6
 3.185104e+01 6.982081e+04 2.094813e+04 2.998198e+02 4.022584e+04 5.158639e+07
<GCONST> 6.965604e+01
<MIXTURE> 3 3.239895e-02
<MEAN> 6
 9.856942e+01 -6.421197e+03 7.217817e+02 4.401674e+01 -5.138663e+02 2.546464e+02
<VARIANCE> 6
 3.185104e+01 1.007454e+06 3.714602e+04 7.434234e+02 4.022584e+04 5.158639e+07
<GCONST> 7.380618e+01
<MIXTURE> 4 9.094807e-02
<MEAN> 6
 5.589851e+00 -5.480721e+03 6.756190e+02 -1.912819e+02 1.084060e+02 2.099271e+03
<VARIANCE> 6
 6.725137e+02 8.711906e+04 5.927559e+05 9.295228e+02 8.145724e+04 7.872122e+07
<GCONST> 7.852979e+01
<MIXTURE> 5 1.099081e-01
<MEAN> 6
 5.979148e+01 -5.538438e+03 4.990835e+02 1.449908e+02 -2.565007e+02 -4.696392e+02
<VARIANCE> 6
 5.882087e+02 1.355590e+05 1.126227e+05 2.621196e+03 4.022584e+04 5.158639e+07
<GCONST> 7.708572e+01
<MIXTURE> 6 5.245309e-02
<MEAN> 6
 -1.504634e+01 -5.959077e+03 4.041815e+02 1.880910e+02 3.164911e+02 -2.382093e+03
<VARIANCE> 6
 2.517298e+02 4.359005e+05 4.237795e+04 1.109344e+03 4.200784e+04 5.158639e+07
<GCONST> 7.561108e+01
<MIXTURE> 7 8.809401e-02
<MEAN> 6
 9.190070e+01 -6.435979e+03 -6.526387e+02 -7.611601e+00 -1.464999e+00 2.504593e+02
<VARIANCE> 6
 3.956721e+01 9.911886e+06 3.133030e+06 2.998198e+02 4.022584e+04 5.158639e+07
<GCONST> 7.983624e+01
<MIXTURE> 8 6.151205e-02
<MEAN> 6
 7.698225e+01 -6.224943e+03 -1.226505e+02 -1.351822e+02 -5.251402e+02 8.497621e+02
<VARIANCE> 6
 1.803018e+02 1.615564e+05 2.020993e+04 3.041843e+03 4.958975e+04 5.158639e+07
<GCONST> 7.471896e+01
<MIXTURE> 9 5.767157e-02
<MEAN> 6
 9.104427e+01 -6.783934e+03 -5.224602e+02 -5.230659e+00 1.378317e+00 -2.987478e+00
<VARIANCE> 6
 3.185104e+01 1.195217e+04 1.387160e+04 2.998198e+02 4.022584e+04 5.158639e+07
<GCONST> 6.747881e+01
<MIXTURE> 10 6.292000e-02
<MEAN> 6
 -4.691600e+01 -5.322568e+03 5.717945e+02 -1.881137e+00 7.958992e+02 -6.894219e+02
<VARIANCE> 6
 3.185104e+01 1.607985e+05 1.571605e+05 9.656262e+03 1.000332e+05 8.242681e+07
<GCONST> 7.735730e+01
<MIXTURE> 11 7.400052e-02
<MEAN> 6
 1.000996e+02 -7.303000e+03 3.230984e+02 -5.532875e+00 -6.625500e+01 8.646295e+02
<VARIANCE> 6
 3.185104e+01 1.963389e+05 7.445704e+04 2.998198e+02 4.022584e+04 5.158639e+07
<GCONST> 7.195812e+01
<MIXTURE> 12 7.972721e-02
<MEAN> 6
 8.002007e+01 -4.393088e+03 2.432961e+02 -5.777162e+00 3.446783e+01 -2.976526e+02
<VARIANCE> 6
 3.185104e+01 1.220402e+06 1.387160e+04 2.998198e+02 4.022584e+04 5.158639e+07
<GCONST> 7.210484e+01
<MIXTURE> 13 7.376651e-02
<MEAN> 6
 -5.275890e+01 -5.577421e+03 4.093968e+02 -3.230160e+00 1.503684e+02 2.031123e+02
<VARIANCE> 6
 3.185104e+01 3.509888e+05 6.152139e+04 2.998198e+02 4.022584e+04 5.158639e+07
<GCONST> 7.234820e+01
<MIXTURE> 14 5.098663e-02
<MEAN> 6
 9.813750e+01 -7.173154e+03 -1.191437e+02 -1.917085e+01 -1.678115e+02 -1.307076e+03
<VARIANCE> 6
 3.185104e+01 2.270267e+04 2.833915e+04 3.071257e+02 4.022584e+04 5.158639e+07
<GCONST> 6.885886e+01
<MIXTURE> 15 5.234520e-02
<MEAN> 6
 5.353004e+01 -2.654404e+03 -2.233359e+01 -5.210728e+01 -2.413682e+02 -6.914973e+02
<VARIANCE> 6
 9.469939e+02 1.320451e+06 2.161141e+05 9.803233e+03 1.307980e+05 7.754334e+07
<GCONST> 8.339583e+01
<STATE> 14
<NUMMIXES> 15
<MIXTURE> 1 1.904943e-02
<MEAN> 6
 -4.344855e+01 5.411127e+01 1.209327e+02 -7.843507e+01 1.380693e+03 2.649088e+03
<VARIANCE> 6
 2.813341e+02 1.562648e+05 6.446126e+05 2.056367e+04 6.466563e+05 4.546208e+08
<GCONST> 8.524834e+01
<MIXTURE> 2 6.929440e-02
<MEAN> 6
 8.042882e+01 -3.508932e+02 -3.192656e+01 2.231989e+01 -8.279758e+02 -1.695432e+03
<VARIANCE> 6
 1.788706e+02 6.428053e+05 6.950055e+04 9.287973e+03 5.911126e+05 2.544265e+08
<GCONST> 8.251736e+01
<MIXTURE> 3 7.763235e-02
<MEAN> 6
 4.460140e+00 2.544179e+01 1.303235e+02 -1.727540e+02 1.554992e+02 1.124016e+03
<VARIANCE> 6
 5.175142e+02 1.565807e+05 8.774834e+04 3.344556e+03 1.723768e+05 8.457804e+07
<GCONST> 7.904556e+01
<MIXTURE> 4 5.384048e-02
<MEAN> 6
 7.312286e+01 -1.718720e+02 4.640393e+01 -1.020042e+01 -4.568076e+01 2.105924e+02
<VARIANCE> 6
 9.004283e+01 2.604876e+05 3.679951e+04 2.998198e+02 4.022584e+04 5.158639e+07
<GCONST> 7.257532e+01
<MIXTURE> 5 6.980342e-02
<MEAN> 6
 -1.683959e+01 -5.358746e+01 2.540050e+01 2.144218e+01 1.314736e+02 -1.679198e+02
<VARIANCE> 6
 1.420713e+02 5.089720e+04 1.446205e+04 1.505416e+04 7.303305e+04 5.158639e+07
<GCONST> 7.497728e+01
<MIXTURE> 6 6.996717e-02
<MEAN> 6
 6.017510e+01 -1.287547e+01 3.170683e+01 8.897178e+01 -3.223037e+02 -5.317145e+02
<VARIANCE> 6
 1.340218e+02 1.092019e+05 3.024676e+04 3.988377e+03 7.549322e+04 5.158639e+07
<GCONST> 7.512506e+01
<MIXTURE> 7 5.125991e-02
<MEAN> 6
 1.782569e+01 7.046289e+01 4.247852e+01 2.245393e+02 -2.548695e+02 -3.605802e+03
<VARIANCE> 6
 5.115736e+02 7.484205e+04 7.766038e+04 3.011605e+03 1.678677e+05 9.175515e+07
<GCONST> 7.812378e+01
<MIXTURE> 8 9.320055e-02
<MEAN> 6
 -4.660600e+01 3.293136e+01 -5.049134e+01 1.253261e+01 9.838212e+02 -3.263169e+01
<VARIANCE> 6
 9.444569e+01 6.997065e+04 4.423409e+04 1.290723e+04 1.807002e+05 9.442538e+07
<GCONST> 7.736183e+01
<MIXTURE> 9 9.383767e-02
<MEAN> 6
 5.845569e+01 6.736437e+01 3.567367e+01 -1.258114e+02 -6.617583e+02 6.806617e+02
<VARIANCE> 6
 2.142309e+02 1.359398e+05 1.677793e+04 5.166600e+03 1.667807e+05 5.158639e+07
<GCONST> 7.627528e+01
<MIXTURE> 10 1.030208e-01
<MEAN> 6
 1.909407e+01 -1.301182e+02 -3.348266e+01 1.406520e+02 -1.804946e+01 -4.040534e+02
<VARIANCE> 6
 3.575215e+02 1.317466e+05 7.403043e+04 1.457546e+03 4.879982e+04 5.158639e+07
<GCONST> 7.574609e+01
<MIXTURE> 11 3.653015e-02
<MEAN> 6
 -2.507220e+01 -1.478582e+01 -1.459121e+01 9.928880e+01 4.461504e+02 -9.767699e+03
<VARIANCE> 6
 5.261484e+01 7.938528e+04 4.176159e+04 2.212027e+04 1.594754e+05 1.172285e+08
<GCONST> 7.747559e+01
<MIXTURE> 12 8.087125e-02
<MEAN> 6
 -3.976217e+01 1.252803e+01 -9.762555e+01 1.705396e+01 2.851985e+02 -8.032832e+01
<VARIANCE> 6
 1.480060e+02 7.422378e+04 7.824723e+04 1.690847e+03 5.813480e+04 5.158639e+07
<GCONST> 7.466926e+01
<MIXTURE> 13 6.911661e-02
<MEAN> 6
 7.193799e+00 4.573158e+01 5.865469e+01 -2.277147e+02 3.551769e+01 8.503358e+03
<VARIANCE> 6
 6.293844e+02 7.364771e+04 2.111066e+04 4.194226e+03 3.662759e+05 2.198720e+08
<GCONST> 7.899775e+01
<MIXTURE> 14 5.666824e-02
<MEAN> 6
 5.872323e+01 -1.199690e+02 -1.230050e+02 3.697777e+01 -3.051098e+02 -1.943313e+02
<VARIANCE> 6
 8.813232e+01 5.635874e+04 9.979186e+04 7.257826e+03 6.352693e+04 5.158639e+07
<GCONST> 7.566426e+01
<MIXTURE> 15 5.571227e-02
<MEAN> 6
 6.777973e+01 -1.717864e+02 -3.349202e+01 -4.911259e+00 -5.657738e+01 -1.431038e+00
<VARIANCE> 6
 3.185104e+01 1.517608e+05 4.795286e+04 2.998198e+02 4.022584e+04 5.158639e+07
<GCONST> 7.126058e+01
<TRANSP> 15
 0.000000e+00 1.000000e+00 0.000000e+00 0.000000e+00 0.000000e+00 0.000000e+00 0.000000e+00 0.000000e+00 0.000000e+00 0.000000e+00 0.000000e+00 0.000000e+00 0.000000e+00 0.000000e+00 0.000000e+00
 0.000000e+00 9.985811e-01 1.418902e-03 0.000000e+00 0.000000e+00 0.000000e+00 0.000000e+00 0.000000e+00 0.000000e+00 0.000000e+00 0.000000e+00 0.000000e+00 0.000000e+00 0.000000e+00 0.000000e+00
 0.000000e+00 0.000000e+00 9.991532e-01 8.468587e-04 0.000000e+00 0.000000e+00 0.000000e+00 0.000000e+00 0.000000e+00 0.000000e+00 0.000000e+00 0.000000e+00 0.000000e+00 0.000000e+00 0.000000e+00
 0.000000e+00 0.000000e+00 0.000000e+00 9.977800e-01 2.219985e-03 0.000000e+00 0.000000e+00 0.000000e+00 0.000000e+00 0.000000e+00 0.000000e+00 0.000000e+00 0.000000e+00 0.000000e+00 0.000000e+00
 0.000000e+00 0.000000e+00 0.000000e+00 0.000000e+00 9.988586e-01 1.141416e-03 0.000000e+00 0.000000e+00 0.000000e+00 0.000000e+00 0.000000e+00 0.000000e+00 0.000000e+00 0.000000e+00 0.000000e+00
 0.000000e+00 0.000000e+00 0.000000e+00 0.000000e+00 0.000000e+00 9.996629e-01 3.370544e-04 0.000000e+00 0.000000e+00 0.000000e+00 0.000000e+00 0.000000e+00 0.000000e+00 0.000000e+00 0.000000e+00
 0.000000e+00 0.000000e+00 0.000000e+00 0.000000e+00 0.000000e+00 0.000000e+00 9.991040e-01 8.960471e-04 0.000000e+00 0.000000e+00 0.000000e+00 0.000000e+00 0.000000e+00 0.000000e+00 0.000000e+00
 0.000000e+00 0.000000e+00 0.000000e+00 0.000000e+00 0.000000e+00 0.000000e+00 0.000000e+00 9.999105e-01 8.957835e-05 0.000000e+00 0.000000e+00 0.000000e+00 0.000000e+00 0.000000e+00 0.000000e+00
 0.000000e+00 0.000000e+00 0.000000e+00 0.000000e+00 0.000000e+00 0.000000e+00 0.000000e+00 0.000000e+00 9.980494e-01 1.950599e-03 0.000000e+00 0.000000e+00 0.000000e+00 0.000000e+00 0.000000e+00
 0.000000e+00 0.000000e+00 0.000000e+00 0.000000e+00 0.000000e+00 0.000000e+00 0.000000e+00 0.000000e+00 0.000000e+00 9.989111e-01 1.088890e-03 0.000000e+00 0.000000e+00 0.000000e+00 0.000000e+00
 0.000000e+00 0.000000e+00 0.000000e+00 0.000000e+00 0.000000e+00 0.000000e+00 0.000000e+00 0.000000e+00 0.000000e+00 0.000000e+00 9.989398e-01 1.060226e-03 0.000000e+00 0.000000e+00 0.000000e+00
 0.000000e+00 0.000000e+00 0.000000e+00 0.000000e+00 0.000000e+00 0.000000e+00 0.000000e+00 0.000000e+00 0.000000e+00 0.000000e+00 0.000000e+00 9.985696e-01 1.430353e-03 0.000000e+00 0.000000e+00
 0.000000e+00 0.000000e+00 0.000000e+00 0.000000e+00 0.000000e+00 0.000000e+00 0.000000e+00 0.000000e+00 0.000000e+00 0.000000e+00 0.000000e+00 0.000000e+00 9.969429e-01 3.057060e-03 0.000000e+00
 0.000000e+00 0.000000e+00 0.000000e+00 0.000000e+00 0.000000e+00 0.000000e+00 0.000000e+00 0.000000e+00 0.000000e+00 0.000000e+00 0.000000e+00 0.000000e+00 0.000000e+00 9.998190e-01 1.810105e-04
 0.000000e+00 0.000000e+00 0.000000e+00 0.000000e+00 0.000000e+00 0.000000e+00 0.000000e+00 0.000000e+00 0.000000e+00 0.000000e+00 0.000000e+00 0.000000e+00 0.000000e+00 0.000000e+00 0.000000e+00
<ENDHMM>
~h "QuintoPRIMARIA"
<BEGINHMM>
<NUMSTATES> 15
<STATE> 2
<NUMMIXES> 15
<MIXTURE> 1 6.038547e-02
<MEAN> 6
 9.373940e+01 4.233549e+02 4.229444e+02 -3.977573e+00 -3.744221e+01 -1.516809e+02
<VARIANCE> 6
 6.010921e+01 1.553310e+05 3.814272e+06 2.998198e+02 4.022584e+04 5.158639e+07
<GCONST> 7.629522e+01
<MIXTURE> 2 6.046138e-02
<MEAN> 6
 5.251189e+01 -7.753094e+01 4.806390e+02 8.564628e+01 -4.100173e+02 -2.306251e+02
<VARIANCE> 6
 4.049940e+02 6.501880e+05 3.295524e+06 1.950529e+04 7.073240e+04 5.158639e+07
<GCONST> 8.422810e+01
<MIXTURE> 3 6.278284e-02
<MEAN> 6
 -6.374156e+00 -2.893505e+02 4.498770e+02 2.657159e+02 2.441582e+02 -6.368978e+03
<VARIANCE> 6
 3.658395e+02 3.582540e+05 2.374888e+06 3.985447e+03 2.293278e+05 5.158639e+07
<GCONST> 8.279099e+01
<MIXTURE> 4 4.262352e-02
<MEAN> 6
 3.256867e+01 4.114635e+02 -1.343191e+03 -4.444507e+01 -4.468642e+02 2.375187e+03
<VARIANCE> 6
 3.395059e+03 3.735194e+06 1.134075e+07 6.212940e+04 3.788881e+06 1.872121e+09
<GCONST> 9.806946e+01
<MIXTURE> 5 7.298066e-02
<MEAN> 6
 -6.882249e+01 1.537946e+02 -2.176602e+02 -9.649898e-01 1.416319e+02 1.296546e+02
<VARIANCE> 6
 8.737468e+01 6.259022e+05 2.200901e+06 4.953905e+02 5.971993e+04 5.158639e+07
<GCONST> 7.841033e+01
<MIXTURE> 6 5.860773e-02
<MEAN> 6
 -5.052198e+01 -8.971847e+01 1.171189e+02 1.272207e+02 7.800491e+02 3.112206e+01
<VARIANCE> 6
 2.371637e+02 3.850382e+05 1.521669e+06 8.575088e+03 1.890440e+05 5.158639e+07
<GCONST> 8.255755e+01
<MIXTURE> 7 4.085551e-02
<MEAN> 6
 7.864282e+01 4.966110e+00 -1.889760e+02 -8.817402e-01 -3.691912e+01 -2.212206e+02
<VARIANCE> 6
 1.406205e+02 1.882227e+06 1.115754e+06 2.998198e+02 4.022584e+04 5.158639e+07
<GCONST> 7.841055e+01
<MIXTURE> 8 8.436555e-02
<MEAN> 6
 1.036247e+00 -1.404847e+02 -6.468968e+02 -2.632523e+02 -7.683586e+01 4.907138e+03
<VARIANCE> 6
 6.504895e+02 4.314733e+05 7.123328e+06 7.577830e+03 3.860415e+05 1.854187e+08
<GCONST> 8.709364e+01
<MIXTURE> 9 9.215830e-02
<MEAN> 6
 6.173317e+01 -5.472040e+02 -4.088404e+02 2.011759e+00 -2.110045e+01 -1.141331e+02
<VARIANCE> 6
 1.266772e+02 1.913906e+05 1.303228e+06 2.998198e+02 4.022584e+04 5.158639e+07
<GCONST> 7.617554e+01
<MIXTURE> 10 6.146012e-02
<MEAN> 6
 5.832853e+01 4.076848e+02 -1.164097e+03 1.409429e+00 -2.037424e+01 -9.585630e+01
<VARIANCE> 6
 5.545593e+01 9.807380e+04 7.749608e+06 2.998198e+02 4.022584e+04 5.158639e+07
<GCONST> 7.646369e+01
<MIXTURE> 11 9.966774e-02
<MEAN> 6
 7.672711e+01 1.364366e+01 -3.282562e+02 -4.264616e+01 -9.021426e+02 -5.237705e+02
<VARIANCE> 6
 3.655156e+02 6.361723e+05 4.376216e+06 2.503152e+04 4.362948e+05 2.123597e+08
<GCONST> 8.787125e+01
<MIXTURE> 12 5.116649e-02
<MEAN> 6
 -5.639048e+01 -2.428071e+02 -8.219912e+02 -1.369882e+02 1.504436e+03 9.677332e+02
<VARIANCE> 6
 2.372626e+02 2.690991e+05 3.355352e+06 1.774738e+04 7.664499e+05 6.097957e+08
<GCONST> 8.758748e+01
<MIXTURE> 13 6.558611e-02
<MEAN> 6
 7.996000e+01 2.541447e+00 2.089467e+03 2.451591e-01 -3.092896e+01 -2.461307e+02
<VARIANCE> 6
 6.352989e+01 2.394985e+05 2.228259e+06 2.998198e+02 4.022584e+04 5.158639e+07
<GCONST> 7.624602e+01
<MIXTURE> 14 7.835619e-02
<MEAN> 6
 4.334501e+01 -2.161967e+02 3.849532e+02 6.026964e+01 -4.406382e+02 -5.474348e+02
<VARIANCE> 6
 5.335784e+02 8.387197e+04 1.539415e+06 2.627995e+04 1.143894e+05 5.158639e+07
<GCONST> 8.247352e+01
<MIXTURE> 15 6.823337e-02
<MEAN> 6
 -5.854452e+01 -2.195331e+02 -2.114360e+02 2.780872e+01 5.211744e+02 -2.788192e+02
<VARIANCE> 6
 2.228558e+02 9.945182e+04 2.392560e+06 8.105269e+03 1.375509e+05 5.158639e+07
<GCONST> 8.121988e+01
<STATE> 3
<NUMMIXES> 15
<MIXTURE> 1 6.809515e-02
<MEAN> 6
 5.370906e+01 2.780109e+02 -1.807977e+02 -1.085780e-01 -1.078436e-01 4.892074e+00
<VARIANCE> 6
 3.185104e+01 1.195217e+04 1.387160e+04 2.998198e+02 4.022584e+04 5.158639e+07
<GCONST> 6.747881e+01
<MIXTURE> 2 7.283254e-02
<MEAN> 6
 6.380374e+01 1.397928e+02 -6.015597e+02 -3.838072e-01 -4.985590e+00 -9.495750e+01
<VARIANCE> 6
 3.185104e+01 1.195217e+04 4.618283e+04 2.998198e+02 4.022584e+04 5.158639e+07
<GCONST> 6.868158e+01
<MIXTURE> 3 6.405057e-02
<MEAN> 6
 7.129940e+01 -1.558916e+02 -1.703918e+02 -7.477850e-01 -5.919309e+00 8.810779e+00
<VARIANCE> 6
 3.185104e+01 1.195217e+04 1.387160e+04 2.998198e+02 4.022584e+04 5.158639e+07
<GCONST> 6.747881e+01
<MIXTURE> 4 6.606636e-02
<MEAN> 6
 6.357774e+01 -5.199064e+01 -4.003575e+02 6.515701e-02 -2.689552e+00 -8.274609e+01
<VARIANCE> 6
 3.185104e+01 1.195217e+04 1.387160e+04 2.998198e+02 4.022584e+04 5.158639e+07
<GCONST> 6.747881e+01
<MIXTURE> 5 8.665027e-02
<MEAN> 6
 6.193564e+01 -2.168519e+02 -2.655963e+02 1.279199e-01 -3.560729e+00 -1.110949e+02
<VARIANCE> 6
 3.185104e+01 1.195217e+04 1.387160e+04 2.998198e+02 4.022584e+04 5.158639e+07
<GCONST> 6.747881e+01
<MIXTURE> 6 6.865628e-02
<MEAN> 6
 6.170910e+01 -1.708404e+02 -6.792541e+02 -6.358102e-01 -3.597937e+00 -1.371385e+02
<VARIANCE> 6
 3.185104e+01 1.195217e+04 1.387160e+04 2.998198e+02 4.022584e+04 5.158639e+07
<GCONST> 6.747881e+01
<MIXTURE> 7 4.600845e-02
<MEAN> 6
 5.518601e+01 -3.447594e+01 -7.530473e+01 1.953534e-02 -6.677556e+00 -1.991090e+02
<VARIANCE> 6
 3.185104e+01 1.195217e+04 1.387160e+04 2.998198e+02 4.022584e+04 5.158639e+07
<GCONST> 6.747881e+01
<MIXTURE> 8 9.207618e-02
<MEAN> 6
 6.189500e+01 -2.177054e+02 -2.650983e+02 1.252016e-01 -3.558071e+00 -1.108009e+02
<VARIANCE> 6
 3.185104e+01 1.195217e+04 1.387160e+04 2.998198e+02 4.022584e+04 5.158639e+07
<GCONST> 6.747881e+01
<MIXTURE> 9 6.380569e-02
<MEAN> 6
 6.355918e+01 -5.396946e+01 -3.998450e+02 6.988276e-02 -2.689166e+00 -8.291018e+01
<VARIANCE> 6
 3.185104e+01 1.195217e+04 1.387160e+04 2.998198e+02 4.022584e+04 5.158639e+07
<GCONST> 6.747881e+01
<MIXTURE> 10 6.908796e-02
<MEAN> 6
 6.170909e+01 -1.708404e+02 -6.792542e+02 -6.358120e-01 -3.597924e+00 -1.371384e+02
<VARIANCE> 6
 3.185104e+01 1.195217e+04 1.387160e+04 2.998198e+02 4.022584e+04 5.158639e+07
<GCONST> 6.747881e+01
<MIXTURE> 11 9.543028e-02
<MEAN> 6
 5.638110e+01 -1.018874e+02 -8.967516e+01 2.440529e-01 -4.612306e+00 -1.478558e+02
<VARIANCE> 6
 3.185104e+01 1.195217e+04 1.387160e+04 2.998198e+02 4.022584e+04 5.158639e+07
<GCONST> 6.747881e+01
<MIXTURE> 12 6.718410e-02
<MEAN> 6
 6.344815e+01 -6.567423e+01 -3.987116e+02 8.706889e-02 -2.698777e+00 -8.319314e+01
<VARIANCE> 6
 3.185104e+01 1.195217e+04 1.387160e+04 2.998198e+02 4.022584e+04 5.158639e+07
<GCONST> 6.747881e+01
<MIXTURE> 13 6.362480e-02
<MEAN> 6
 6.340055e+01 -7.058817e+01 -3.983939e+02 9.147888e-02 -2.709443e+00 -8.322414e+01
<VARIANCE> 6
 3.185104e+01 1.195217e+04 1.387160e+04 2.998198e+02 4.022584e+04 5.158639e+07
<GCONST> 6.747881e+01
<MIXTURE> 14 3.047581e-02
<MEAN> 6
 6.954478e+01 -1.959637e+02 -1.843889e+02 5.398074e-01 -5.760694e+00 -1.804048e+01
<VARIANCE> 6
 1.259634e+02 2.270826e+04 1.387160e+04 2.998198e+02 4.022584e+04 5.158639e+07
<GCONST> 6.949555e+01
<MIXTURE> 15 4.591981e-02
<MEAN> 6
 5.560901e+01 -5.694705e+01 -7.860184e+01 8.835574e-02 -6.187651e+00 -1.858094e+02
<VARIANCE> 6
 3.185104e+01 1.195217e+04 1.387160e+04 2.998198e+02 4.022584e+04 5.158639e+07
<GCONST> 6.747881e+01
<STATE> 4
<NUMMIXES> 15
<MIXTURE> 1 1.309502e-02
<MEAN> 6
 9.548237e+01 2.890552e+02 1.510848e+03 1.556018e+01 2.615898e+02 -4.565039e+03
<VARIANCE> 6
 4.901035e+02 1.126354e+05 3.645555e+06 1.262739e+03 5.409259e+05 3.802681e+08
<GCONST> 8.406127e+01
<MIXTURE> 2 7.588316e-02
<MEAN> 6
 8.465542e+01 -4.274317e+02 1.436737e+03 -3.944700e+00 1.255915e+00 8.523128e+00
<VARIANCE> 6
 3.185104e+01 1.195217e+04 1.387160e+04 2.998198e+02 4.022584e+04 5.158639e+07
<GCONST> 6.747881e+01
<MIXTURE> 3 5.039996e-02
<MEAN> 6
 8.212806e+01 -6.009191e+02 2.912378e+03 -1.816124e+00 -1.938927e+00 -6.658284e+01
<VARIANCE> 6
 3.185104e+01 1.195217e+04 1.387160e+04 2.998198e+02 4.022584e+04 5.158639e+07
<GCONST> 6.747881e+01
<MIXTURE> 4 5.256543e-02
<MEAN> 6
 7.457774e+01 -4.383054e+02 1.113404e+03 7.185610e-02 -8.261910e-02 -7.018284e+00
<VARIANCE> 6
 3.185104e+01 1.195217e+04 1.387160e+04 2.998198e+02 4.022584e+04 5.158639e+07
<GCONST> 6.747881e+01
<MIXTURE> 5 6.284179e-02
<MEAN> 6
 1.001044e+02 -4.320232e+01 3.392074e+03 -4.773322e+00 8.395362e-01 3.080616e+00
<VARIANCE> 6
 3.185104e+01 1.195217e+04 1.387160e+04 2.998198e+02 4.022584e+04 5.158639e+07
<GCONST> 6.747881e+01
<MIXTURE> 6 6.306976e-02
<MEAN> 6
 5.956937e+01 -2.296003e+02 8.758771e+02 -2.907695e-01 -5.514781e+00 -7.899836e+01
<VARIANCE> 6
 3.185104e+01 1.195217e+04 1.387160e+04 2.998198e+02 4.022584e+04 5.158639e+07
<GCONST> 6.747881e+01
<MIXTURE> 7 5.268959e-02
<MEAN> 6
 7.435574e+01 -4.189155e+02 8.957101e+02 -6.301181e-01 -6.810509e+00 -7.284368e+01
<VARIANCE> 6
 3.185104e+01 1.195217e+04 1.387160e+04 2.998198e+02 4.022584e+04 5.158639e+07
<GCONST> 6.747881e+01
<MIXTURE> 8 1.087437e-01
<MEAN> 6
 9.140974e+01 4.894443e+02 2.054662e+03 -1.335095e-02 -3.662545e+00 -6.249622e+01
<VARIANCE> 6
 3.185104e+01 1.714406e+04 2.480989e+04 2.998198e+02 4.022584e+04 5.158639e+07
<GCONST> 6.842095e+01
<MIXTURE> 9 1.074280e-01
<MEAN> 6
 6.895767e+01 -9.489476e-01 2.996062e+03 -7.584595e+00 8.502604e+00 3.805677e+02
<VARIANCE> 6
 4.143059e+02 2.136121e+04 1.391523e+05 2.998198e+02 4.022584e+04 5.158639e+07
<GCONST> 7.293074e+01
<MIXTURE> 10 1.147248e-01
<MEAN> 6
 7.435754e+01 -4.199380e+02 8.878687e+02 -7.214183e-01 -7.885321e+00 -8.438327e+01
<VARIANCE> 6
 3.185104e+01 1.195217e+04 1.387160e+04 2.998198e+02 4.022584e+04 5.158639e+07
<GCONST> 6.747881e+01
<MIXTURE> 11 7.434762e-02
<MEAN> 6
 9.261053e+01 3.041035e+02 3.064679e+03 -5.139340e+00 -1.114403e+01 5.485124e+02
<VARIANCE> 6
 3.185104e+01 1.195217e+04 1.400495e+05 2.998198e+02 4.022584e+04 5.158639e+07
<GCONST> 6.979097e+01
<MIXTURE> 12 4.113190e-02
<MEAN> 6
 7.446912e+01 -4.226492e+02 9.629393e+02 -3.406458e-01 -3.444330e+00 -3.815264e+01
<VARIANCE> 6
 3.185104e+01 1.195217e+04 1.746785e+04 2.998198e+02 4.022584e+04 5.158639e+07
<GCONST> 6.770934e+01
<MIXTURE> 13 6.380495e-02
<MEAN> 6
 5.956922e+01 -2.296021e+02 8.758780e+02 -2.907752e-01 -5.514814e+00 -7.899904e+01
<VARIANCE> 6
 3.185104e+01 1.195217e+04 1.387160e+04 2.998198e+02 4.022584e+04 5.158639e+07
<GCONST> 6.747881e+01
<MIXTURE> 14 6.690250e-02
<MEAN> 6
 7.527454e+01 -8.226074e+02 3.286051e+03 -1.425434e+00 1.017823e+00 8.692680e-02
<VARIANCE> 6
 3.185104e+01 1.195217e+04 1.452081e+04 2.998198e+02 4.022584e+04 5.158639e+07
<GCONST> 6.752455e+01
<MIXTURE> 15 5.236442e-02
<MEAN> 6
 7.436378e+01 -4.213137e+02 8.802006e+02 -8.347610e-01 -9.182998e+00 -9.798460e+01
<VARIANCE> 6
 3.185104e+01 1.195217e+04 1.387160e+04 2.998198e+02 4.022584e+04 5.158639e+07
<GCONST> 6.747881e+01
<STATE> 5
<NUMMIXES> 15
<MIXTURE> 1 2.238273e-02
<MEAN> 6
 4.366848e+01 -1.019392e+03 6.379389e+02 2.491185e+01 -3.556399e+01 5.966810e+01
<VARIANCE> 6
 3.667968e+01 1.195217e+04 1.387160e+04 2.998198e+02 4.022584e+04 5.158639e+07
<GCONST> 6.761996e+01
<MIXTURE> 2 4.937924e-02
<MEAN> 6
 7.280979e+01 -8.466036e+02 2.873913e+01 9.325024e-01 1.050197e+00 -8.600552e+01
<VARIANCE> 6
 3.185104e+01 1.195217e+04 1.387160e+04 2.998198e+02 4.022584e+04 5.158639e+07
<GCONST> 6.747881e+01
<MIXTURE> 3 7.600970e-02
<MEAN> 6
 3.461747e+01 -4.985126e+02 7.583872e+01 9.974321e+00 2.521723e+00 -2.485165e+02
<VARIANCE> 6
 9.140379e+01 2.369683e+04 8.055721e+04 2.998198e+02 4.022584e+04 5.158639e+07
<GCONST> 7.097659e+01
<MIXTURE> 4 6.598427e-02
<MEAN> 6
 7.055811e+01 -9.709613e+02 -4.540717e+02 1.492699e-01 -9.284186e+00 -6.497837e+01
<VARIANCE> 6
 3.185104e+01 1.195217e+04 1.387160e+04 2.998198e+02 4.022584e+04 5.158639e+07
<GCONST> 6.747881e+01
<MIXTURE> 5 6.103940e-02
<MEAN> 6
 7.027469e+01 -3.355664e+02 -5.867784e+02 -3.671716e-01 -2.185239e+01 -8.413811e+01
<VARIANCE> 6
 3.185104e+01 1.195217e+04 1.387160e+04 2.998198e+02 4.022584e+04 5.158639e+07
<GCONST> 6.747881e+01
<MIXTURE> 6 5.751607e-02
<MEAN> 6
 7.135877e+01 -1.313282e+03 -4.568734e+01 7.112899e-01 -8.349753e+00 -3.173546e+02
<VARIANCE> 6
 3.185104e+01 1.195217e+04 1.387160e+04 2.998198e+02 4.022584e+04 5.158639e+07
<GCONST> 6.747881e+01
<MIXTURE> 7 5.616784e-02
<MEAN> 6
 7.139038e+01 -1.548805e+03 -6.912148e+02 -1.047685e+00 1.664708e+00 -4.795555e+01
<VARIANCE> 6
 3.185104e+01 3.013897e+04 1.387160e+04 2.998198e+02 4.022584e+04 5.158639e+07
<GCONST> 6.840372e+01
<MIXTURE> 8 5.098398e-02
<MEAN> 6
 7.337769e+01 -7.821256e+02 -4.224260e+01 4.244739e-01 -1.239690e+00 -7.296684e+01
<VARIANCE> 6
 3.185104e+01 1.195217e+04 1.387160e+04 2.998198e+02 4.022584e+04 5.158639e+07
<GCONST> 6.747881e+01
<MIXTURE> 9 7.822498e-02
<MEAN> 6
 7.038561e+01 -6.331213e+02 -5.838087e+02 -5.230690e-01 -2.385865e+01 7.939638e+01
<VARIANCE> 6
 3.185104e+01 1.062001e+05 1.387160e+04 2.998198e+02 4.022584e+04 5.158639e+07
<GCONST> 6.966322e+01
<MIXTURE> 10 1.118965e-01
<MEAN> 6
 7.340347e+01 -7.830842e+02 -4.338456e+01 4.278289e-01 -1.330375e+00 -7.387052e+01
<VARIANCE> 6
 3.185104e+01 1.195217e+04 1.387160e+04 2.998198e+02 4.022584e+04 5.158639e+07
<GCONST> 6.747881e+01
<MIXTURE> 11 5.754646e-02
<MEAN> 6
 7.175100e+01 -9.645597e+02 1.176823e+02 8.646554e-01 4.104620e+00 1.322262e+02
<VARIANCE> 6
 3.185104e+01 1.195217e+04 1.387160e+04 2.998198e+02 4.022584e+04 5.158639e+07
<GCONST> 6.747881e+01
<MIXTURE> 12 9.252715e-02
<MEAN> 6
 7.052258e+01 -1.135497e+03 -3.422916e+02 1.693828e+00 -1.636617e+01 -5.138576e+01
<VARIANCE> 6
 3.185104e+01 1.195217e+04 1.387160e+04 2.998198e+02 4.022584e+04 5.158639e+07
<GCONST> 6.747881e+01
<MIXTURE> 13 1.077385e-01
<MEAN> 6
 6.122224e+01 -1.121284e+03 4.551437e+02 2.771854e+00 -4.904396e+00 1.513845e+01
<VARIANCE> 6
 3.185104e+01 1.195217e+04 1.387160e+04 2.998198e+02 4.022584e+04 5.158639e+07
<GCONST> 6.747881e+01
<MIXTURE> 14 6.150964e-02
<MEAN> 6
 7.024102e+01 -3.565488e+02 -5.832570e+02 -4.255349e-01 -2.013910e+01 -3.004555e+01
<VARIANCE> 6
 3.185104e+01 1.195217e+04 1.387160e+04 2.998198e+02 4.022584e+04 5.158639e+07
<GCONST> 6.747881e+01
<MIXTURE> 15 5.106949e-02
<MEAN> 6
 7.342777e+01 -7.832383e+02 -4.486696e+01 4.264866e-01 -1.439191e+00 -7.370280e+01
<VARIANCE> 6
 3.185104e+01 1.195217e+04 1.387160e+04 2.998198e+02 4.022584e+04 5.158639e+07
<GCONST> 6.747881e+01
<STATE> 6
<NUMMIXES> 15
<MIXTURE> 1 7.400575e-02
<MEAN> 6
 7.419821e+01 2.033359e+02 7.214149e+02 1.921678e+00 -2.559465e+00 -1.465184e+02
<VARIANCE> 6
 3.185104e+01 1.195217e+04 1.387160e+04 2.998198e+02 4.022584e+04 5.158639e+07
<GCONST> 6.747881e+01
<MIXTURE> 2 6.331406e-02
<MEAN> 6
 7.338535e+01 1.823494e+02 4.684111e+01 1.566206e+00 -2.944533e+00 -2.282527e+02
<VARIANCE> 6
 3.185104e+01 1.195217e+04 1.387160e+04 2.998198e+02 4.022584e+04 5.158639e+07
<GCONST> 6.747881e+01
<MIXTURE> 3 8.469483e-02
<MEAN> 6
 5.512877e+01 3.797716e+00 4.284232e+02 -1.009220e-01 -1.399722e+00 -1.142617e+02
<VARIANCE> 6
 3.185104e+01 1.195217e+04 1.387160e+04 2.998198e+02 4.022584e+04 5.158639e+07
<GCONST> 6.747881e+01
<MIXTURE> 4 4.803164e-02
<MEAN> 6
 6.112679e+01 1.597192e+02 7.332802e+01 9.902247e-01 -1.150216e+00 -2.316606e+02
<VARIANCE> 6
 3.185104e+01 1.195217e+04 1.387160e+04 2.998198e+02 4.022584e+04 5.158639e+07
<GCONST> 6.747881e+01
<MIXTURE> 5 1.614451e-02
<MEAN> 6
 7.324227e+01 1.481046e+02 -8.315159e-01 -5.145786e+01 -3.966063e+01 5.090186e+03
<VARIANCE> 6
 2.840910e+02 1.068068e+05 1.898064e+05 1.586894e+03 6.380867e+05 2.107255e+08
<GCONST> 8.031092e+01
<MIXTURE> 6 9.921364e-02
<MEAN> 6
 5.693718e+01 4.134475e+01 2.962977e+02 4.005796e-01 -1.619596e+00 -1.488582e+02
<VARIANCE> 6
 3.185104e+01 1.195217e+04 1.387160e+04 2.998198e+02 4.022584e+04 5.158639e+07
<GCONST> 6.747881e+01
<MIXTURE> 7 7.414045e-02
<MEAN> 6
 6.270834e+01 -1.043140e+02 1.708278e+02 -6.422450e-01 -1.119349e+01 -1.627805e+02
<VARIANCE> 6
 3.185104e+01 1.195217e+04 1.387160e+04 2.998198e+02 4.022584e+04 5.158639e+07
<GCONST> 6.747881e+01
<MIXTURE> 8 6.313823e-02
<MEAN> 6
 7.336031e+01 1.831219e+02 4.679655e+01 1.558746e+00 -2.843563e+00 -2.269028e+02
<VARIANCE> 6
 3.185104e+01 1.195217e+04 1.387160e+04 2.998198e+02 4.022584e+04 5.158639e+07
<GCONST> 6.747881e+01
<MIXTURE> 9 8.185088e-02
<MEAN> 6
 5.566145e+01 1.511292e+01 3.969174e+02 -3.921086e-02 -1.176058e+00 -1.142262e+02
<VARIANCE> 6
 3.185104e+01 1.195217e+04 1.387160e+04 2.998198e+02 4.022584e+04 5.158639e+07
<GCONST> 6.747881e+01
<MIXTURE> 10 7.265096e-02
<MEAN> 6
 6.042326e+01 -6.208451e+01 1.567132e+02 4.434700e-03 -1.011601e+01 -2.300900e+02
<VARIANCE> 6
 3.185104e+01 1.195217e+04 1.387160e+04 2.998198e+02 4.022584e+04 5.158639e+07
<GCONST> 6.747881e+01
<MIXTURE> 11 8.965633e-02
<MEAN> 6
 5.747772e+01 3.937058e+00 2.004973e+02 9.501634e-01 -5.124804e+00 -2.440048e+02
<VARIANCE> 6
 3.185104e+01 1.195217e+04 1.387160e+04 2.998198e+02 4.022584e+04 5.158639e+07
<GCONST> 6.747881e+01
<MIXTURE> 12 5.785228e-02
<MEAN> 6
 7.871699e+01 4.463583e+00 4.992069e+02 -1.457650e+00 8.113306e-01 -1.995719e+02
<VARIANCE> 6
 3.185104e+01 1.195217e+04 1.387160e+04 2.998198e+02 4.022584e+04 5.158639e+07
<GCONST> 6.747881e+01
<MIXTURE> 13 6.336495e-02
<MEAN> 6
 7.342439e+01 1.813002e+02 4.689328e+01 1.577115e+00 -3.083982e+00 -2.304127e+02
<VARIANCE> 6
 3.185104e+01 1.195217e+04 1.387160e+04 2.998198e+02 4.022584e+04 5.158639e+07
<GCONST> 6.747881e+01
<MIXTURE> 14 6.319718e-02
<MEAN> 6
 7.343336e+01 1.809472e+02 4.692011e+01 1.580344e+00 -3.129414e+00 -2.309449e+02
<VARIANCE> 6
 3.185104e+01 1.195217e+04 1.387160e+04 2.998198e+02 4.022584e+04 5.158639e+07
<GCONST> 6.747881e+01
<MIXTURE> 15 4.866588e-02
<MEAN> 6
 6.059539e+01 1.376978e+02 6.983374e+01 9.470408e-01 -2.464786e+00 -2.277669e+02
<VARIANCE> 6
 3.185104e+01 1.195217e+04 1.387160e+04 2.998198e+02 4.022584e+04 5.158639e+07
<GCONST> 6.747881e+01
<STATE> 7
<NUMMIXES> 15
<MIXTURE> 1 7.301745e-02
<MEAN> 6
 9.957083e+01 -5.006376e+02 -5.429963e+02 -1.438445e+00 -2.053067e+00 -5.354671e+01
<VARIANCE> 6
 3.283860e+01 1.195217e+04 1.387160e+04 2.998198e+02 4.022584e+04 5.158639e+07
<GCONST> 6.750935e+01
<MIXTURE> 2 1.010000e-01
<MEAN> 6
 6.975932e+01 4.678861e+02 -2.253522e+02 -9.897041e-01 -7.202680e+00 -9.306907e+01
<VARIANCE> 6
 3.185104e+01 1.195217e+04 1.387160e+04 2.998198e+02 4.022584e+04 5.158639e+07
<GCONST> 6.747881e+01
<MIXTURE> 3 6.954972e-02
<MEAN> 6
 7.801762e+01 6.495945e+02 -8.615697e+02 -9.401143e-01 -2.290635e+00 1.255575e+00
<VARIANCE> 6
 3.185104e+01 1.195217e+04 1.387160e+04 2.998198e+02 4.022584e+04 5.158639e+07
<GCONST> 6.747881e+01
<MIXTURE> 4 5.917300e-02
<MEAN> 6
 6.703773e+01 2.444294e+02 -2.291165e+02 -6.163006e-01 -3.127060e+00 -3.257564e+02
<VARIANCE> 6
 3.185104e+01 1.195217e+04 1.387160e+04 2.998198e+02 4.022584e+04 5.158639e+07
<GCONST> 6.747881e+01
<MIXTURE> 5 6.953357e-02
<MEAN> 6
 6.473032e+01 4.803772e+02 -8.626595e+02 -8.507483e-01 -2.292457e+00 -7.642145e-01
<VARIANCE> 6
 3.185104e+01 1.195217e+04 1.387160e+04 2.998198e+02 4.022584e+04 5.158639e+07
<GCONST> 6.747881e+01
<MIXTURE> 6 1.841009e-03
<MEAN> 6
 7.356372e+01 -7.813650e+01 1.199962e+02 -6.102408e+00 -2.339525e+02 -1.896422e+03
<VARIANCE> 6
 1.046675e+03 4.706911e+05 1.488066e+06 1.028337e+03 1.038266e+05 1.100854e+08
<GCONST> 8.225853e+01
<MIXTURE> 7 5.785467e-02
<MEAN> 6
 6.603651e+01 4.345028e+02 -3.358438e+02 -3.488350e-01 -3.899022e+00 -1.272260e+02
<VARIANCE> 6
 3.185104e+01 1.195217e+04 1.387160e+04 2.998198e+02 4.022584e+04 5.158639e+07
<GCONST> 6.747881e+01
<MIXTURE> 8 7.527456e-02
<MEAN> 6
 9.704203e+01 -4.987422e+02 -5.426570e+02 -8.414852e-01 -2.480784e+00 -8.206261e+01
<VARIANCE> 6
 3.185104e+01 1.195217e+04 1.387160e+04 2.998198e+02 4.022584e+04 5.158639e+07
<GCONST> 6.747881e+01
<MIXTURE> 9 6.033819e-02
<MEAN> 6
 7.923465e+01 3.422503e+02 -5.874800e+02 7.205525e-01 -4.183128e+00 -4.559561e+02
<VARIANCE> 6
 3.185104e+01 1.195217e+04 1.387160e+04 2.998198e+02 4.022584e+04 5.158639e+07
<GCONST> 6.747881e+01
<MIXTURE> 10 7.513415e-02
<MEAN> 6
 9.694836e+01 -4.987921e+02 -5.428003e+02 -8.229315e-01 -2.497501e+00 -8.270401e+01
<VARIANCE> 6
 3.185104e+01 1.195217e+04 1.387160e+04 2.998198e+02 4.022584e+04 5.158639e+07
<GCONST> 6.747881e+01
<MIXTURE> 11 7.496577e-02
<MEAN> 6
 9.661845e+01 -4.990482e+02 -5.433971e+02 -7.590010e-01 -2.553273e+00 -8.470685e+01
<VARIANCE> 6
 3.185104e+01 1.195217e+04 1.387160e+04 2.998198e+02 4.022584e+04 5.158639e+07
<GCONST> 6.747881e+01
<MIXTURE> 12 1.009962e-01
<MEAN> 6
 6.969888e+01 4.674603e+02 -2.266165e+02 -9.801676e-01 -7.088277e+00 -9.404797e+01
<VARIANCE> 6
 3.185104e+01 1.195217e+04 1.387160e+04 2.998198e+02 4.022584e+04 5.158639e+07
<GCONST> 6.747881e+01
<MIXTURE> 13 6.943348e-02
<MEAN> 6
 7.801760e+01 6.495944e+02 -8.615709e+02 -9.400826e-01 -2.290600e+00 1.254110e+00
<VARIANCE> 6
 3.185104e+01 1.195217e+04 1.387160e+04 2.998198e+02 4.022584e+04 5.158639e+07
<GCONST> 6.747881e+01
<MIXTURE> 14 6.167926e-02
<MEAN> 6
 6.532687e+01 4.218714e+02 -3.995262e+02 -4.144769e-01 -4.211145e+00 -1.188286e+02
<VARIANCE> 6
 3.185104e+01 1.195217e+04 1.387160e+04 2.998198e+02 4.022584e+04 5.158639e+07
<GCONST> 6.747881e+01
<MIXTURE> 15 5.019341e-02
<MEAN> 6
 7.103506e+01 3.140176e+02 -6.595329e+02 -6.124686e-01 -3.730026e+00 -3.659398e+02
<VARIANCE> 6
 5.624308e+01 1.195217e+04 1.615781e+04 2.998198e+02 4.022584e+04 5.158639e+07
<GCONST> 6.819999e+01
<STATE> 8
<NUMMIXES> 15
<MIXTURE> 1 6.636291e-02
<MEAN> 6
 8.316184e+01 1.814527e+03 -2.002260e+02 -1.828417e+00 -1.440207e+01 -3.699276e+02
<VARIANCE> 6
 3.185104e+01 5.186238e+04 2.974728e+04 2.998198e+02 4.022584e+04 5.158639e+07
<GCONST> 6.970939e+01
<MIXTURE> 2 6.387773e-02
<MEAN> 6
 5.637602e+01 1.374153e+03 1.134972e+03 2.638809e+00 -1.409034e+01 8.810923e+01
<VARIANCE> 6
 3.185104e+01 1.893350e+04 1.387160e+04 2.998198e+02 4.022584e+04 5.158639e+07
<GCONST> 6.793884e+01
<MIXTURE> 3 7.857182e-02
<MEAN> 6
 6.457034e+01 1.451190e+03 -2.199987e+02 -6.734105e-01 -1.025855e+01 2.549667e+01
<VARIANCE> 6
 3.185104e+01 3.008157e+04 1.533023e+04 2.998198e+02 4.022584e+04 5.158639e+07
<GCONST> 6.850179e+01
<MIXTURE> 4 5.560249e-02
<MEAN> 6
 6.901092e+01 1.187014e+03 -4.141073e+02 -8.514687e-01 -1.571878e+00 -1.368459e+02
<VARIANCE> 6
 3.185104e+01 1.195217e+04 1.387160e+04 2.998198e+02 4.022584e+04 5.158639e+07
<GCONST> 6.747881e+01
<MIXTURE> 5 7.460787e-02
<MEAN> 6
 7.607351e+01 8.603298e+02 1.094000e+03 -5.101203e-01 -2.391970e+01 5.613558e+02
<VARIANCE> 6
 3.185104e+01 2.151087e+04 1.420321e+05 2.998198e+02 4.022584e+04 5.158639e+07
<GCONST> 7.039267e+01
<MIXTURE> 6 6.204765e-02
<MEAN> 6
 6.963712e+01 9.186128e+02 -2.455767e+02 -1.770589e+00 2.444728e-01 -7.976249e+01
<VARIANCE> 6
 3.185104e+01 1.195217e+04 1.387160e+04 2.998198e+02 4.022584e+04 5.158639e+07
<GCONST> 6.747881e+01
<MIXTURE> 7 5.146732e-02
<MEAN> 6
 7.866319e+01 1.904373e+03 5.517278e+02 -5.640737e+00 3.287340e+00 1.494459e+02
<VARIANCE> 6
 3.185104e+01 1.419435e+05 1.387160e+04 2.998198e+02 4.022584e+04 5.158639e+07
<GCONST> 6.995333e+01
<MIXTURE> 8 6.913400e-02
<MEAN> 6
 6.657426e+01 1.349379e+03 -6.660216e+02 -1.045349e+00 -2.948171e-01 -4.089082e+01
<VARIANCE> 6
 3.185104e+01 1.195217e+04 1.387160e+04 2.998198e+02 4.022584e+04 5.158639e+07
<GCONST> 6.747881e+01
<MIXTURE> 9 4.532444e-02
<MEAN> 6
 5.699825e+01 5.554676e+02 -1.635592e+01 2.293162e+00 1.219652e+01 -2.938521e+02
<VARIANCE> 6
 4.938772e+01 3.602537e+04 5.759654e+04 2.998198e+02 4.022584e+04 5.158639e+07
<GCONST> 7.044437e+01
<MIXTURE> 10 1.020743e-01
<MEAN> 6
 8.001006e+01 1.097188e+03 1.333930e+02 -2.900223e+00 -6.991033e+00 2.191392e+01
<VARIANCE> 6
 4.645644e+01 1.195217e+04 3.810586e+04 2.998198e+02 4.022584e+04 5.158639e+07
<GCONST> 6.886678e+01
<MIXTURE> 11 7.052962e-02
<MEAN> 6
 6.657419e+01 1.349376e+03 -6.660167e+02 -1.045304e+00 -2.946817e-01 -4.089152e+01
<VARIANCE> 6
 3.185104e+01 1.195217e+04 1.387160e+04 2.998198e+02 4.022584e+04 5.158639e+07
<GCONST> 6.747881e+01
<MIXTURE> 12 9.500321e-02
<MEAN> 6
 6.773302e+01 3.319609e+02 6.513023e+02 -1.329995e+00 -3.384389e+00 -1.077718e+02
<VARIANCE> 6
 3.185104e+01 7.472178e+04 4.961810e+04 2.998198e+02 4.022584e+04 5.158639e+07
<GCONST> 7.058619e+01
<MIXTURE> 13 6.155305e-02
<MEAN> 6
 6.957362e+01 9.154213e+02 -2.435393e+02 -1.790907e+00 2.960921e-01 -8.329831e+01
<VARIANCE> 6
 3.185104e+01 1.195217e+04 1.387160e+04 2.998198e+02 4.022584e+04 5.158639e+07
<GCONST> 6.747881e+01
<MIXTURE> 14 4.851007e-02
<MEAN> 6
 7.700005e+01 1.979175e+03 -6.665278e+02 -6.510186e-01 -1.204026e+01 -4.983631e+02
<VARIANCE> 6
 3.185104e+01 1.470571e+05 1.387160e+04 2.998198e+02 4.022584e+04 5.158639e+07
<GCONST> 6.998872e+01
<MIXTURE> 15 5.531015e-02
<MEAN> 6
 6.744237e+01 1.198406e+03 -4.377483e+02 -4.134810e-01 -2.721716e+00 -1.581314e+02
<VARIANCE> 6
 3.185104e+01 1.195217e+04 1.387160e+04 2.998198e+02 4.022584e+04 5.158639e+07
<GCONST> 6.747881e+01
<STATE> 9
<NUMMIXES> 15
<MIXTURE> 1 9.724988e-02
<MEAN> 6
 5.165858e+01 2.296903e+03 2.609931e+03 1.485708e-01 -5.460272e+00 4.695030e+01
<VARIANCE> 6
 3.185104e+01 2.217556e+04 2.377155e+04 2.998198e+02 4.022584e+04 5.158639e+07
<GCONST> 6.863554e+01
<MIXTURE> 2 2.641249e-02
<MEAN> 6
 8.754250e+01 9.157612e+02 -1.288370e+03 -3.684406e+00 -6.600294e+00 -1.747344e+02
<VARIANCE> 6
 3.185104e+01 9.433680e+04 1.760299e+04 2.998198e+02 4.022584e+04 5.158639e+07
<GCONST> 6.978300e+01
<MIXTURE> 3 7.583874e-02
<MEAN> 6
 9.900193e+01 5.050073e+02 -4.535861e+02 -7.625454e+00 1.691765e+00 -1.109639e+01
<VARIANCE> 6
 3.185104e+01 1.575392e+04 6.705025e+04 2.998198e+02 4.022584e+04 5.158639e+07
<GCONST> 6.933059e+01
<MIXTURE> 4 8.660299e-02
<MEAN> 6
 7.964054e+01 1.255380e+03 -1.740278e+03 -4.203654e+00 1.338705e-01 -1.615735e+01
<VARIANCE> 6
 3.185104e+01 1.195217e+04 1.387160e+04 2.998198e+02 4.022584e+04 5.158639e+07
<GCONST> 6.747881e+01
<MIXTURE> 5 6.022825e-02
<MEAN> 6
 9.867160e+01 6.817899e+02 -1.877737e+03 1.666574e+00 3.718422e-01 2.945177e+01
<VARIANCE> 6
 3.185104e+01 1.195217e+04 1.387160e+04 2.998198e+02 4.022584e+04 5.158639e+07
<GCONST> 6.747881e+01
<MIXTURE> 6 9.338826e-03
<MEAN> 6
 5.334526e+01 1.152198e+03 1.394409e+03 8.204246e+00 -1.152334e+02 -2.152820e+03
<VARIANCE> 6
 3.151284e+02 7.359152e+05 1.018502e+06 4.847946e+02 5.321988e+04 5.158639e+07
<GCONST> 7.894763e+01
<MIXTURE> 7 8.085369e-02
<MEAN> 6
 7.138136e+01 3.980380e+02 -1.269830e+03 -2.007346e+00 3.372439e+00 -7.983572e+00
<VARIANCE> 6
 3.185104e+01 1.195217e+04 1.387160e+04 2.998198e+02 4.022584e+04 5.158639e+07
<GCONST> 6.747881e+01
<MIXTURE> 8 5.787724e-02
<MEAN> 6
 1.049572e+02 4.557334e+02 -1.716627e+03 -7.818672e+00 1.135521e+01 3.722593e+02
<VARIANCE> 6
 3.185104e+01 1.195217e+04 1.387160e+04 2.998198e+02 4.022584e+04 5.158639e+07
<GCONST> 6.747881e+01
<MIXTURE> 9 8.938607e-02
<MEAN> 6
 8.953819e+01 7.447649e+02 -2.558816e+03 -2.315032e+00 2.115937e+00 -1.002276e+01
<VARIANCE> 6
 3.185104e+01 1.195217e+04 1.387160e+04 2.998198e+02 4.022584e+04 5.158639e+07
<GCONST> 6.747881e+01
<MIXTURE> 10 6.453455e-02
<MEAN> 6
 8.964931e+01 5.797668e+02 -1.359408e+03 1.440484e+00 -1.458284e+01 -2.319129e+02
<VARIANCE> 6
 3.185104e+01 1.195217e+04 1.387160e+04 2.998198e+02 4.022584e+04 5.158639e+07
<GCONST> 6.747881e+01
<MIXTURE> 11 1.048795e-01
<MEAN> 6
 9.783443e+01 4.754449e+02 -9.970164e+02 -2.152959e+00 -1.624296e+00 4.201025e+00
<VARIANCE> 6
 3.185104e+01 1.195217e+04 1.387160e+04 2.998198e+02 4.022584e+04 5.158639e+07
<GCONST> 6.747881e+01
<MIXTURE> 12 5.869307e-02
<MEAN> 6
 9.849706e+01 6.757092e+02 -1.872939e+03 1.301574e+00 1.168823e+00 2.834690e+01
<VARIANCE> 6
 3.185104e+01 1.195217e+04 1.387160e+04 2.998198e+02 4.022584e+04 5.158639e+07
<GCONST> 6.747881e+01
<MIXTURE> 13 1.021541e-01
<MEAN> 6
 8.889111e+01 3.177682e+02 -1.306970e+03 -3.181104e+00 2.001022e+00 3.753420e+01
<VARIANCE> 6
 3.185104e+01 1.195217e+04 1.387160e+04 2.998198e+02 4.022584e+04 5.158639e+07
<GCONST> 6.747881e+01
<MIXTURE> 14 3.385686e-02
<MEAN> 6
 9.796013e+01 7.592144e+02 -3.529219e+03 -6.797471e+00 3.781126e+00 -3.579709e+02
<VARIANCE> 6
 3.185104e+01 1.379073e+04 4.017861e+05 2.998198e+02 4.022584e+04 5.158639e+07
<GCONST> 7.098798e+01
<MIXTURE> 15 5.207416e-02
<MEAN> 6
 8.827926e+01 5.068849e+02 -1.341064e+03 1.079286e+00 -4.540656e+00 -1.295970e+02
<VARIANCE> 6
 3.185104e+01 1.413254e+04 1.387160e+04 2.998198e+02 4.022584e+04 5.158639e+07
<GCONST> 6.764638e+01
<STATE> 10
<NUMMIXES> 15
<MIXTURE> 1 1.497353e-03
<MEAN> 6
 6.511490e+01 1.281461e+02 9.995943e+01 -1.588076e+01 -3.443287e+02 -6.044122e+03
<VARIANCE> 6
 9.387093e+02 6.195616e+05 1.475917e+06 9.829459e+02 9.903375e+04 1.352120e+08
<GCONST> 8.252945e+01
<MIXTURE> 2 8.952434e-02
<MEAN> 6
 8.475433e+01 2.993426e+01 -2.060587e+02 2.632333e-01 -5.035162e+00 -3.273391e+01
<VARIANCE> 6
 3.185104e+01 1.195217e+04 1.387160e+04 2.998198e+02 4.022584e+04 5.158639e+07
<GCONST> 6.747881e+01
<MIXTURE> 3 7.677166e-02
<MEAN> 6
 8.495670e+01 -1.015482e+02 -1.885489e+01 3.164752e-02 1.049990e+00 -5.390140e+01
<VARIANCE> 6
 3.185104e+01 1.195217e+04 1.387160e+04 2.998198e+02 4.022584e+04 5.158639e+07
<GCONST> 6.747881e+01
<MIXTURE> 4 5.126641e-02
<MEAN> 6
 8.148759e+01 -1.655031e+02 -2.825957e+02 1.331477e-01 -3.194323e+00 -5.427335e+01
<VARIANCE> 6
 3.185104e+01 1.195217e+04 1.387160e+04 2.998198e+02 4.022584e+04 5.158639e+07
<GCONST> 6.747881e+01
<MIXTURE> 5 1.008127e-01
<MEAN> 6
 8.475107e+01 2.983601e+01 -2.061658e+02 2.633467e-01 -5.027663e+00 -3.271784e+01
<VARIANCE> 6
 3.185104e+01 1.195217e+04 1.387160e+04 2.998198e+02 4.022584e+04 5.158639e+07
<GCONST> 6.747881e+01
<MIXTURE> 6 7.712397e-02
<MEAN> 6
 8.493446e+01 -1.088667e+02 -1.910109e+01 3.744443e-02 1.002601e+00 -5.371195e+01
<VARIANCE> 6
 3.185104e+01 1.195217e+04 1.387160e+04 2.998198e+02 4.022584e+04 5.158639e+07
<GCONST> 6.747881e+01
<MIXTURE> 7 4.196934e-02
<MEAN> 6
 8.148026e+01 -1.755955e+02 -2.867292e+02 1.495810e-01 -2.973601e+00 -4.950504e+01
<VARIANCE> 6
 3.185104e+01 1.195217e+04 1.387160e+04 2.998198e+02 4.022584e+04 5.158639e+07
<GCONST> 6.747881e+01
<MIXTURE> 8 4.667687e-02
<MEAN> 6
 8.515058e+01 4.040062e+01 -1.919066e+02 2.446858e-01 -6.086728e+00 -3.620025e+01
<VARIANCE> 6
 3.185104e+01 1.195217e+04 1.387160e+04 2.998198e+02 4.022584e+04 5.158639e+07
<GCONST> 6.747881e+01
<MIXTURE> 9 9.039280e-02
<MEAN> 6
 8.474062e+01 2.951588e+01 -2.065062e+02 2.636862e-01 -5.003151e+00 -3.266627e+01
<VARIANCE> 6
 3.185104e+01 1.195217e+04 1.387160e+04 2.998198e+02 4.022584e+04 5.158639e+07
<GCONST> 6.747881e+01
<MIXTURE> 10 6.952250e-02
<MEAN> 6
 8.530759e+01 4.334804e+02 2.031419e+02 -2.005892e+00 2.558450e+00 4.062159e+01
<VARIANCE> 6
 3.185104e+01 1.195217e+04 1.387160e+04 2.998198e+02 4.022584e+04 5.158639e+07
<GCONST> 6.747881e+01
<MIXTURE> 11 7.849805e-02
<MEAN> 6
 8.490934e+01 -1.252066e+02 -1.891054e+01 5.129364e-02 9.003239e-01 -5.337703e+01
<VARIANCE> 6
 3.185104e+01 1.195217e+04 1.387160e+04 2.998198e+02 4.022584e+04 5.158639e+07
<GCONST> 6.747881e+01
<MIXTURE> 12 1.006310e-01
<MEAN> 6
 8.179820e+01 3.037486e+02 2.401705e+02 -9.244587e-01 -2.876745e+00 -1.037548e+02
<VARIANCE> 6
 3.185104e+01 1.195217e+04 1.387160e+04 2.998198e+02 4.022584e+04 5.158639e+07
<GCONST> 6.747881e+01
<MIXTURE> 13 7.722420e-02
<MEAN> 6
 8.490997e+01 -1.293404e+02 -1.867067e+01 5.487277e-02 8.761110e-01 -5.325818e+01
<VARIANCE> 6
 3.185104e+01 1.195217e+04 1.387160e+04 2.998198e+02 4.022584e+04 5.158639e+07
<GCONST> 6.747881e+01
<MIXTURE> 14 5.141519e-02
<MEAN> 6
 8.149475e+01 -1.897138e+02 -2.919716e+02 1.772600e-01 -2.619635e+00 -4.188029e+01
<VARIANCE> 6
 3.185104e+01 1.195217e+04 1.387160e+04 2.998198e+02 4.022584e+04 5.158639e+07
<GCONST> 6.747881e+01
<MIXTURE> 15 4.665123e-02
<MEAN> 6
 8.427143e+01 1.292936e+01 -2.204801e+02 2.690069e-01 -4.104794e+00 -3.247826e+01
<VARIANCE> 6
 3.185104e+01 1.195217e+04 1.387160e+04 2.998198e+02 4.022584e+04 5.158639e+07
<GCONST> 6.747881e+01
<STATE> 11
<NUMMIXES> 15
<MIXTURE> 1 2.289878e-02
<MEAN> 6
 9.860797e+01 7.880485e+02 8.060104e+01 -3.339599e+00 -5.659607e-02 1.430367e+01
<VARIANCE> 6
 3.185104e+01 1.195217e+04 1.387160e+04 2.998198e+02 4.022584e+04 5.158639e+07
<GCONST> 6.747881e+01
<MIXTURE> 2 7.378087e-02
<MEAN> 6
 7.472068e+01 1.898096e+02 -1.193259e+02 -5.051260e+01 -7.368811e+02 -5.430296e+03
<VARIANCE> 6
 5.667295e+01 1.803594e+05 4.805118e+05 7.296863e+02 4.022584e+04 5.158639e+07
<GCONST> 7.520352e+01
<MIXTURE> 3 8.717096e-02
<MEAN> 6
 9.860841e+01 7.880338e+02 8.061015e+01 -3.339632e+00 -5.629012e-02 1.430602e+01
<VARIANCE> 6
 3.185104e+01 1.195217e+04 1.387160e+04 2.998198e+02 4.022584e+04 5.158639e+07
<GCONST> 6.747881e+01
<MIXTURE> 4 2.620369e-02
<MEAN> 6
 1.220120e+02 4.397555e+02 -8.566167e+01 -3.716020e+00 -5.275752e+01 1.696299e+03
<VARIANCE> 6
 3.185104e+01 3.565507e+04 3.542628e+04 2.998198e+02 8.012795e+04 5.403753e+07
<GCONST> 7.024494e+01
<MIXTURE> 5 2.968531e-02
<MEAN> 6
 9.857775e+01 7.859421e+02 8.122675e+01 -3.339170e+00 -3.586790e-02 1.448824e+01
<VARIANCE> 6
 3.185104e+01 1.195217e+04 1.387160e+04 2.998198e+02 4.022584e+04 5.158639e+07
<GCONST> 6.747881e+01
<MIXTURE> 6 2.855111e-02
<MEAN> 6
 9.860809e+01 7.880442e+02 8.060380e+01 -3.339608e+00 -5.647767e-02 1.430226e+01
<VARIANCE> 6
 3.185104e+01 1.195217e+04 1.387160e+04 2.998198e+02 4.022584e+04 5.158639e+07
<GCONST> 6.747881e+01
<MIXTURE> 7 8.106998e-02
<MEAN> 6
 1.153754e+02 6.091561e+02 4.330798e+02 -8.090740e+00 -1.507258e+00 5.641154e+01
<VARIANCE> 6
 3.185104e+01 1.195217e+04 1.387160e+04 2.998198e+02 4.022584e+04 5.158639e+07
<GCONST> 6.747881e+01
<MIXTURE> 8 6.083367e-02
<MEAN> 6
 1.010126e+02 5.692303e+02 6.256794e+01 -2.005495e+00 -2.108818e+00 9.185848e+01
<VARIANCE> 6
 3.185104e+01 1.195217e+04 1.387160e+04 2.998198e+02 4.022584e+04 5.158639e+07
<GCONST> 6.747881e+01
<MIXTURE> 9 8.696982e-02
<MEAN> 6
 9.860837e+01 7.880305e+02 8.061112e+01 -3.339632e+00 -5.625753e-02 1.430626e+01
<VARIANCE> 6
 3.185104e+01 1.195217e+04 1.387160e+04 2.998198e+02 4.022584e+04 5.158639e+07
<GCONST> 6.747881e+01
<MIXTURE> 10 1.039506e-01
<MEAN> 6
 1.054037e+02 6.453852e+02 3.401789e+02 -3.633393e+00 9.148269e+00 -1.491275e+02
<VARIANCE> 6
 3.185104e+01 1.195217e+04 1.387160e+04 2.998198e+02 4.022584e+04 5.158639e+07
<GCONST> 6.747881e+01
<MIXTURE> 11 8.297958e-02
<MEAN> 6
 7.489779e+01 -2.732136e+02 -1.527811e+02 -8.549078e+01 -1.857359e+03 -2.353100e+04
<VARIANCE> 6
 1.798476e+02 2.777294e+05 6.062604e+04 2.560124e+03 5.925964e+05 2.212988e+08
<GCONST> 8.012136e+01
<MIXTURE> 12 6.800980e-02
<MEAN> 6
 5.220630e+01 -3.075540e+01 3.124160e+02 -7.015510e+01 -5.438282e+02 -1.980255e+03
<VARIANCE> 6
 3.185104e+01 3.542677e+04 1.736782e+05 1.051370e+03 6.985695e+04 5.158639e+07
<GCONST> 7.289934e+01
<MIXTURE> 13 8.418602e-02
<MEAN> 6
 6.051264e+01 5.040799e+01 -1.605854e+02 -5.395462e+01 -1.171801e+03 -1.683149e+04
<VARIANCE> 6
 3.185104e+01 3.917032e+04 8.269548e+04 1.160104e+03 1.830392e+05 5.158639e+07
<GCONST> 7.331941e+01
<MIXTURE> 14 8.169388e-02
<MEAN> 6
 6.444294e+01 4.335767e+02 -2.245009e+02 -1.199909e+02 -1.058695e+03 -2.676492e+03
<VARIANCE> 6
 4.656844e+01 1.260954e+05 3.325601e+05 1.557975e+03 7.082655e+04 5.158639e+07
<GCONST> 7.560545e+01
<MIXTURE> 15 8.200655e-02
<MEAN> 6
 4.389883e+01 -6.303925e+01 1.373983e+01 -1.344708e+02 -7.994757e+02 -1.508184e+03
<VARIANCE> 6
 8.033783e+01 1.450734e+04 8.560181e+04 1.117719e+03 1.413388e+05 5.158639e+07
<GCONST> 7.299010e+01
<STATE> 12
<NUMMIXES> 15
<MIXTURE> 1 6.016808e-02
<MEAN> 6
 6.302983e+01 -4.117239e+02 6.305162e+00 1.074234e+00 -1.106750e+01 -1.525036e+02
<VARIANCE> 6
 3.185104e+01 1.195217e+04 1.387160e+04 2.998198e+02 4.022584e+04 5.158639e+07
<GCONST> 6.747881e+01
<MIXTURE> 2 2.259214e-02
<MEAN> 6
 6.723086e+01 8.780798e+02 1.788957e+01 -7.704699e+01 -6.608541e+02 -7.172774e+03
<VARIANCE> 6
 4.399480e+01 9.512188e+05 1.417768e+05 1.238236e+03 6.652012e+05 2.794790e+08
<GCONST> 8.041657e+01
<MIXTURE> 3 1.078991e-01
<MEAN> 6
 7.096136e+01 -5.881560e+02 1.783558e+02 -8.206238e-01 -5.070863e+00 -1.637497e+02
<VARIANCE> 6
 3.185104e+01 1.195217e+04 1.387160e+04 2.998198e+02 4.022584e+04 5.158639e+07
<GCONST> 6.747881e+01
<MIXTURE> 4 5.541285e-02
<MEAN> 6
 7.096136e+01 -5.881561e+02 1.783559e+02 -8.206201e-01 -5.070799e+00 -1.637486e+02
<VARIANCE> 6
 3.185104e+01 1.195217e+04 1.387160e+04 2.998198e+02 4.022584e+04 5.158639e+07
<GCONST> 6.747881e+01
<MIXTURE> 5 5.410067e-02
<MEAN> 6
 7.096136e+01 -5.881561e+02 1.783559e+02 -8.206210e-01 -5.070793e+00 -1.637486e+02
<VARIANCE> 6
 3.185104e+01 1.195217e+04 1.387160e+04 2.998198e+02 4.022584e+04 5.158639e+07
<GCONST> 6.747881e+01
<MIXTURE> 6 6.030590e-02
<MEAN> 6
 6.304684e+01 -4.128778e+02 5.419390e+00 1.028563e+00 -1.105036e+01 -1.544808e+02
<VARIANCE> 6
 3.185104e+01 1.195217e+04 1.387160e+04 2.998198e+02 4.022584e+04 5.158639e+07
<GCONST> 6.747881e+01
<MIXTURE> 7 7.019443e-02
<MEAN> 6
 5.488322e+01 2.421038e+02 -1.534198e+02 -1.994458e+02 -1.868579e+03 -2.152562e+03
<VARIANCE> 6
 7.252170e+01 8.796034e+05 9.205982e+04 1.741727e+03 3.710471e+05 1.015480e+08
<GCONST> 7.915133e+01
<MIXTURE> 8 5.578200e-02
<MEAN> 6
 4.684453e+01 -1.856629e+02 -1.434588e+02 -3.239640e+02 -2.067362e+03 1.695501e+04
<VARIANCE> 6
 1.616774e+02 5.592046e+05 1.660290e+05 4.019490e+03 4.091752e+05 2.181720e+08
<GCONST> 8.178865e+01
<MIXTURE> 9 3.870901e-02
<MEAN> 6
 3.300059e+01 -5.774736e+01 3.857211e+02 -2.047812e+02 -7.165767e+02 1.270475e+02
<VARIANCE> 6
 1.319507e+02 2.539107e+05 4.077951e+05 2.227691e+03 1.122236e+05 5.158639e+07
<GCONST> 7.836868e+01
<MIXTURE> 10 1.085706e-01
<MEAN> 6
 -5.090118e+01 -1.833002e+00 -2.039524e+02 -2.437243e+02 3.018165e+03 3.126931e+03
<VARIANCE> 6
 4.204017e+02 1.709849e+06 4.287766e+05 2.095113e+04 1.365788e+06 2.405919e+09
<GCONST> 9.006747e+01
<MIXTURE> 11 7.527032e-02
<MEAN> 6
 -1.759471e+01 2.673584e+02 -2.244729e+02 -3.867105e+02 8.233546e+02 3.091118e+04
<VARIANCE> 6
 2.962960e+02 4.591928e+05 3.930089e+05 3.039768e+03 7.660732e+05 4.382902e+08
<GCONST> 8.410440e+01
<MIXTURE> 12 1.064683e-01
<MEAN> 6
 1.961689e+01 2.229372e+02 -2.195856e+02 -3.408411e+02 -9.370024e+02 5.431500e+03
<VARIANCE> 6
 2.077797e+02 6.329498e+05 1.996524e+05 2.928190e+03 2.017220e+05 1.538340e+08
<GCONST> 8.097439e+01
<MIXTURE> 13 6.410689e-02
<MEAN> 6
 -1.628921e+00 -4.575558e+02 -2.728871e+02 -4.565576e+02 -6.107472e+02 2.291422e+04
<VARIANCE> 6
 3.939673e+02 9.369120e+05 9.186399e+05 3.612661e+03 6.948798e+05 7.651481e+08
<GCONST> 8.658380e+01
<MIXTURE> 14 6.027349e-02
<MEAN> 6
 6.304789e+01 -4.129432e+02 5.376965e+00 1.026385e+00 -1.104970e+01 -1.546057e+02
<VARIANCE> 6
 3.185104e+01 1.195217e+04 1.387160e+04 2.998198e+02 4.022584e+04 5.158639e+07
<GCONST> 6.747881e+01
<MIXTURE> 15 6.013864e-02
<MEAN> 6
 6.306144e+01 -4.138737e+02 4.580024e+00 9.872235e-01 -1.108460e+01 -1.567347e+02
<VARIANCE> 6
 3.185104e+01 1.195217e+04 1.387160e+04 2.998198e+02 4.022584e+04 5.158639e+07
<GCONST> 6.747881e+01
<STATE> 13
<NUMMIXES> 15
<MIXTURE> 1 8.785506e-02
<MEAN> 6
 9.137992e+01 2.552108e+02 6.082521e+01 3.273126e+01 -1.069438e+03 -6.905119e+01
<VARIANCE> 6
 1.487469e+02 8.490336e+05 5.184525e+05 1.367043e+04 1.335396e+06 7.382227e+08
<GCONST> 8.688745e+01
<MIXTURE> 2 7.793810e-02
<MEAN> 6
 4.810527e+01 -4.574664e+01 2.652219e+00 2.260130e+02 -4.548983e+02 -1.136368e+03
<VARIANCE> 6
 4.659424e+02 1.332844e+05 8.214146e+04 5.552186e+03 2.898059e+05 9.783231e+07
<GCONST> 7.988544e+01
<MIXTURE> 3 2.794953e-02
<MEAN> 6
 9.347785e+00 3.206544e+02 1.094084e+02 -1.173638e+02 1.548547e+02 8.323632e+03
<VARIANCE> 6
 2.553639e+03 4.661857e+06 2.358606e+06 7.572064e+04 3.140086e+06 2.069531e+09
<GCONST> 9.654620e+01
<MIXTURE> 4 6.213978e-02
<MEAN> 6
 3.586029e+01 -2.664677e+01 4.958733e+01 -2.839911e+02 -6.292680e+02 5.711139e+03
<VARIANCE> 6
 3.386175e+02 4.210721e+05 3.233408e+05 3.943167e+03 3.256218e+05 1.182732e+08
<GCONST> 8.205090e+01
<MIXTURE> 5 7.041072e-02
<MEAN> 6
 -4.400295e+01 -4.711154e+01 9.375906e+01 1.729829e+02 1.076387e+03 5.472162e+02
<VARIANCE> 6
 1.852463e+02 2.312243e+05 2.002181e+05 4.670869e+03 1.833004e+05 5.479188e+07
<GCONST> 7.919429e+01
<MIXTURE> 6 5.589065e-02
<MEAN> 6
 -6.290386e+01 1.458516e+02 1.231640e+02 3.760226e+01 5.069215e+02 1.726032e+03
<VARIANCE> 6
 6.076243e+01 2.507362e+05 3.228302e+05 2.040833e+03 1.427568e+05 5.158639e+07
<GCONST> 7.750005e+01
<MIXTURE> 7 6.823654e-02
<MEAN> 6
 -2.892470e+00 -1.786995e+02 1.452277e+02 3.112621e+02 2.989857e+02 -1.141473e+04
<VARIANCE> 6
 2.824647e+02 5.463516e+05 2.581013e+05 3.933442e+03 4.065758e+05 9.496583e+07
<GCONST> 8.190476e+01
<MIXTURE> 8 7.324171e-02
<MEAN> 6
 8.719580e+01 -1.046944e+01 -6.822442e+01 -1.232936e+01 -5.853336e+01 -8.026367e+02
<VARIANCE> 6
 1.060107e+02 5.002998e+05 2.006216e+05 3.357960e+02 4.729047e+04 5.158639e+07
<GCONST> 7.536228e+01
<MIXTURE> 9 8.549710e-02
<MEAN> 6
 -5.496389e+01 -1.221792e+02 9.173780e+01 -1.207583e+02 1.554949e+03 -2.040520e+03
<VARIANCE> 6
 1.861728e+02 4.156459e+05 2.751633e+05 1.374884e+04 6.323362e+05 4.857426e+08
<GCONST> 8.460372e+01
<MIXTURE> 10 8.047267e-02
<MEAN> 6
 8.342391e+01 5.012986e+01 -3.321033e+01 -2.855732e+01 -6.559383e+02 -8.010764e+02
<VARIANCE> 6
 1.264656e+02 2.959610e+05 7.657258e+04 7.580586e+03 1.733465e+05 8.037195e+07
<GCONST> 7.890977e+01
<MIXTURE> 11 8.606591e-02
<MEAN> 6
 -8.032396e+00 -1.392466e+02 5.400761e+01 -2.747435e+02 2.359384e+02 6.143935e+03
<VARIANCE> 6
 4.250388e+02 2.426882e+05 1.562496e+05 6.713501e+03 3.651143e+05 2.804470e+08
<GCONST> 8.250993e+01
<MIXTURE> 12 4.620390e-02
<MEAN> 6
 -3.297042e+01 -6.399492e+02 -1.090301e+01 9.210009e+01 5.233529e+02 -8.564214e+02
<VARIANCE> 6
 2.491809e+02 1.577054e+06 8.875852e+04 1.239143e+04 1.311254e+05 5.158639e+07
<GCONST> 8.117763e+01
<MIXTURE> 13 6.823513e-02
<MEAN> 6
 5.182402e+01 -7.217719e+01 -6.945971e+01 1.898697e+02 -5.466262e+02 -2.803221e+02
<VARIANCE> 6
 3.947617e+02 9.919924e+05 5.414612e+05 6.277508e+03 1.526883e+05 5.158639e+07
<GCONST> 8.245469e+01
<MIXTURE> 14 5.452460e-02
<MEAN> 6
 6.489931e+01 3.789902e+01 2.836685e+01 -1.721473e+02 -8.821299e+02 -6.382347e+02
<VARIANCE> 6
 1.404922e+02 3.625085e+05 9.431512e+04 3.181918e+03 2.318950e+05 5.158639e+07
<GCONST> 7.840566e+01
<MIXTURE> 15 5.503134e-02
<MEAN> 6
 -6.796830e+01 7.584379e+01 -2.864308e+01 6.987687e+00 3.157561e+02 -1.448838e+03
<VARIANCE> 6
 5.421051e+01 3.927525e+05 2.020613e+05 7.845341e+02 1.173779e+05 5.879558e+07
<GCONST> 7.634522e+01
<STATE> 14
<NUMMIXES> 15
<MIXTURE> 1 3.791325e-02
<MEAN> 6
 8.968602e+01 -3.068782e+01 5.480867e+02 -4.479409e+00 -1.063639e+01 2.903884e+01
<VARIANCE> 6
 2.749208e+02 5.154094e+06 1.502313e+06 2.998198e+02 4.022584e+04 5.158639e+07
<GCONST> 8.038578e+01
<MIXTURE> 2 2.650562e-02
<MEAN> 6
 -7.492159e+00 1.607753e+02 1.168623e+02 -2.831807e+01 8.800487e+01 4.280110e+03
<VARIANCE> 6
 1.149275e+04 1.975762e+05 4.112072e+05 1.949691e+06 1.064542e+09 1.565102e+12
<GCONST> 1.088454e+02
<MIXTURE> 3 8.780777e-02
<MEAN> 6
 -1.421261e+01 -6.070936e+00 1.264629e+02 3.763357e+01 3.106602e+02 -1.329168e+03
<VARIANCE> 6
 3.941142e+02 1.136662e+05 2.024692e+05 2.140299e+04 8.978221e+04 5.158639e+07
<GCONST> 7.999846e+01
<MIXTURE> 4 5.676406e-02
<MEAN> 6
 7.179078e+00 4.486069e+01 8.506174e+01 8.043116e+00 -1.770200e+02 -1.212682e+03
<VARIANCE> 6
 6.837360e+03 4.459928e+05 5.704975e+05 3.350074e+04 1.997231e+06 1.774354e+09
<GCONST> 9.234304e+01
<MIXTURE> 5 9.888057e-02
<MEAN> 6
 7.295876e+01 9.629214e+01 9.449648e+00 -2.758811e+00 -5.067157e+02 -4.756880e+02
<VARIANCE> 6
 2.854920e+02 8.850788e+04 6.520022e+04 1.195329e+04 1.971578e+05 5.158639e+07
<GCONST> 7.849683e+01
<MIXTURE> 6 5.096858e-02
<MEAN> 6
 7.765625e+01 9.626868e+01 1.137015e+02 -5.540585e+00 -2.181792e+01 -1.426371e+02
<VARIANCE> 6
 1.424327e+02 1.565153e+04 4.168757e+04 2.998198e+02 4.022584e+04 5.158639e+07
<GCONST> 7.034663e+01
<MIXTURE> 7 6.847292e-02
<MEAN> 6
 -4.750697e+01 -1.486860e+01 1.300927e+01 1.369727e+01 1.569216e+02 4.251996e+01
<VARIANCE> 6
 1.691015e+02 5.031902e+04 1.021295e+05 4.650796e+02 4.623031e+04 5.158639e+07
<GCONST> 7.316026e+01
<MIXTURE> 8 5.647766e-02
<MEAN> 6
 9.321937e+01 4.755485e+02 -1.127640e+01 -1.036149e+01 -6.869267e+00 1.163164e+02
<VARIANCE> 6
 7.559099e+01 2.624016e+05 7.539774e+04 2.998198e+02 4.022584e+04 5.158639e+07
<GCONST> 7.312498e+01
<MIXTURE> 9 7.511035e-02
<MEAN> 6
 2.668575e+01 1.017469e+01 1.861953e+01 -5.805195e+01 -2.290616e+02 1.592846e+03
<VARIANCE> 6
 1.008335e+03 1.287137e+04 2.900831e+04 3.331042e+04 4.487784e+05 1.956496e+08
<GCONST> 8.020116e+01
<MIXTURE> 10 7.295188e-02
<MEAN> 6
 7.948636e+01 -2.880168e+02 1.078949e+02 -3.842227e+00 -7.751024e-01 -8.070406e+01
<VARIANCE> 6
 8.439371e+01 1.294598e+05 1.387160e+04 2.998198e+02 4.022584e+04 5.158639e+07
<GCONST> 7.083569e+01
<MIXTURE> 11 9.079436e-02
<MEAN> 6
 7.675428e+01 -1.212038e+02 -2.858145e+01 -3.244030e+00 -1.724296e+01 -2.996367e+01
<VARIANCE> 6
 1.110214e+02 4.934339e+04 2.572454e+05 2.998198e+02 4.022584e+04 5.158639e+07
<GCONST> 7.306554e+01
<MIXTURE> 12 9.821033e-02
<MEAN> 6
 4.320609e+01 3.713998e+01 -4.640174e+01 5.538460e+01 -1.969686e+02 -2.474786e+02
<VARIANCE> 6
 5.310904e+02 1.013310e+05 2.079934e+05 1.934044e+04 6.603882e+04 5.158639e+07
<GCONST> 7.980032e+01
<MIXTURE> 13 6.784592e-02
<MEAN> 6
 -3.847151e+01 -3.560909e+01 6.985921e+00 -6.171278e+00 9.023487e+02 5.032497e+02
<VARIANCE> 6
 2.026123e+02 4.216517e+04 7.063432e+04 1.797565e+04 2.888656e+05 1.639089e+08
<GCONST> 7.943849e+01
<MIXTURE> 14 6.021621e-02
<MEAN> 6
 8.120384e+01 8.843903e+01 -5.646592e+02 -3.687751e+00 -8.947230e+00 3.928138e+01
<VARIANCE> 6
 4.523501e+01 6.974352e+05 1.830614e+05 2.998198e+02 4.022584e+04 5.158639e+07
<GCONST> 7.447609e+01
<MIXTURE> 15 5.079186e-02
<MEAN> 6
 7.138139e+01 3.299453e+01 -4.797967e+01 -4.388069e+00 -3.097894e+01 -1.752993e+02
<VARIANCE> 6
 1.207873e+02 1.195217e+04 4.042272e+04 2.998198e+02 4.022584e+04 5.158639e+07
<GCONST> 6.988132e+01
<TRANSP> 15
 0.000000e+00 1.000000e+00 0.000000e+00 0.000000e+00 0.000000e+00 0.000000e+00 0.000000e+00 0.000000e+00 0.000000e+00 0.000000e+00 0.000000e+00 0.000000e+00 0.000000e+00 0.000000e+00 0.000000e+00
 0.000000e+00 9.998541e-01 1.458023e-04 0.000000e+00 0.000000e+00 0.000000e+00 0.000000e+00 0.000000e+00 0.000000e+00 0.000000e+00 0.000000e+00 0.000000e+00 0.000000e+00 0.000000e+00 0.000000e+00
 0.000000e+00 0.000000e+00 9.985358e-01 1.464230e-03 0.000000e+00 0.000000e+00 0.000000e+00 0.000000e+00 0.000000e+00 0.000000e+00 0.000000e+00 0.000000e+00 0.000000e+00 0.000000e+00 0.000000e+00
 0.000000e+00 0.000000e+00 0.000000e+00 9.977553e-01 2.244754e-03 0.000000e+00 0.000000e+00 0.000000e+00 0.000000e+00 0.000000e+00 0.000000e+00 0.000000e+00 0.000000e+00 0.000000e+00 0.000000e+00
 0.000000e+00 0.000000e+00 0.000000e+00 0.000000e+00 9.970572e-01 2.942773e-03 0.000000e+00 0.000000e+00 0.000000e+00 0.000000e+00 0.000000e+00 0.000000e+00 0.000000e+00 0.000000e+00 0.000000e+00
 0.000000e+00 0.000000e+00 0.000000e+00 0.000000e+00 0.000000e+00 9.984252e-01 1.574838e-03 0.000000e+00 0.000000e+00 0.000000e+00 0.000000e+00 0.000000e+00 0.000000e+00 0.000000e+00 0.000000e+00
 0.000000e+00 0.000000e+00 0.000000e+00 0.000000e+00 0.000000e+00 0.000000e+00 9.977053e-01 2.294742e-03 0.000000e+00 0.000000e+00 0.000000e+00 0.000000e+00 0.000000e+00 0.000000e+00 0.000000e+00
 0.000000e+00 0.000000e+00 0.000000e+00 0.000000e+00 0.000000e+00 0.000000e+00 0.000000e+00 9.978269e-01 2.173132e-03 0.000000e+00 0.000000e+00 0.000000e+00 0.000000e+00 0.000000e+00 0.000000e+00
 0.000000e+00 0.000000e+00 0.000000e+00 0.000000e+00 0.000000e+00 0.000000e+00 0.000000e+00 0.000000e+00 9.967538e-01 3.246227e-03 0.000000e+00 0.000000e+00 0.000000e+00 0.000000e+00 0.000000e+00
 0.000000e+00 0.000000e+00 0.000000e+00 0.000000e+00 0.000000e+00 0.000000e+00 0.000000e+00 0.000000e+00 0.000000e+00 9.979823e-01 2.017714e-03 0.000000e+00 0.000000e+00 0.000000e+00 0.000000e+00
 0.000000e+00 0.000000e+00 0.000000e+00 0.000000e+00 0.000000e+00 0.000000e+00 0.000000e+00 0.000000e+00 0.000000e+00 0.000000e+00 9.940460e-01 5.954002e-03 0.000000e+00 0.000000e+00 0.000000e+00
 0.000000e+00 0.000000e+00 0.000000e+00 0.000000e+00 0.000000e+00 0.000000e+00 0.000000e+00 0.000000e+00 0.000000e+00 0.000000e+00 0.000000e+00 9.972962e-01 2.703775e-03 0.000000e+00 0.000000e+00
 0.000000e+00 0.000000e+00 0.000000e+00 0.000000e+00 0.000000e+00 0.000000e+00 0.000000e+00 0.000000e+00 0.000000e+00 0.000000e+00 0.000000e+00 0.000000e+00 9.998928e-01 1.072193e-04 0.000000e+00
 0.000000e+00 0.000000e+00 0.000000e+00 0.000000e+00 0.000000e+00 0.000000e+00 0.000000e+00 0.000000e+00 0.000000e+00 0.000000e+00 0.000000e+00 0.000000e+00 0.000000e+00 9.998672e-01 1.327806e-04
 0.000000e+00 0.000000e+00 0.000000e+00 0.000000e+00 0.000000e+00 0.000000e+00 0.000000e+00 0.000000e+00 0.000000e+00 0.000000e+00 0.000000e+00 0.000000e+00 0.000000e+00 0.000000e+00 0.000000e+00
<ENDHMM>
