~o
<STREAMINFO> 1 6
<VECSIZE> 6<NULLD><USER><DIAGC>
~h "SegundoPRIMARIA"
<BEGINHMM>
<NUMSTATES> 13
<STATE> 2
<NUMMIXES> 14
<MIXTURE> 1 6.772505e-02
<MEAN> 6
 9.032035e+01 3.320660e+02 -1.643165e+02 1.594705e+00 -5.332666e+01 -3.800888e+02
<VARIANCE> 6
 5.011562e+02 5.928308e+05 1.030797e+06 2.998198e+02 4.022584e+04 5.158639e+07
<GCONST> 7.844691e+01
<MIXTURE> 2 6.496058e-02
<MEAN> 6
 -3.297484e+01 7.473904e+01 2.657161e+00 -1.850062e+02 1.376975e+03 5.005475e+03
<VARIANCE> 6
 7.865681e+02 2.443153e+05 2.067980e+06 5.757176e+04 1.353502e+06 1.151877e+09
<GCONST> 9.058690e+01
<MIXTURE> 3 5.421986e-02
<MEAN> 6
 1.552180e+01 9.791077e+01 1.648384e+02 -9.329802e+00 4.331016e+01 1.255599e+02
<VARIANCE> 6
 9.039912e+02 5.911347e+04 3.259560e+05 4.321707e+04 1.075168e+05 5.158639e+07
<GCONST> 8.153397e+01
<MIXTURE> 4 7.436270e-02
<MEAN> 6
 -4.411725e+01 3.274932e-01 6.128610e+01 8.081570e+01 6.091792e+02 -3.653202e+02
<VARIANCE> 6
 3.672235e+02 2.127962e+05 1.505141e+06 1.519793e+04 8.710920e+04 5.158639e+07
<GCONST> 8.218832e+01
<MIXTURE> 5 5.831443e-02
<MEAN> 6
 9.619759e+01 -1.487890e+02 -1.902487e+01 6.653030e+01 -1.148612e+03 5.820808e+00
<VARIANCE> 6
 6.737098e+02 6.125728e+05 1.627020e+06 2.440299e+04 1.842000e+06 1.035667e+09
<GCONST> 9.045488e+01
<MIXTURE> 6 7.138043e-02
<MEAN> 6
 7.557881e+01 2.112642e+02 -1.145920e+03 1.246796e+00 -1.845683e+01 -8.138939e+01
<VARIANCE> 6
 1.062186e+02 3.351026e+04 1.225485e+06 2.998198e+02 4.022584e+04 5.158639e+07
<GCONST> 7.419543e+01
<MIXTURE> 7 6.760619e-02
<MEAN> 6
 9.507537e+01 3.151916e+01 3.938970e+02 -2.847390e+00 -4.064415e+02 4.742394e+01
<VARIANCE> 6
 4.585857e+02 8.417518e+04 6.097067e+05 9.271020e+03 2.054555e+05 6.825078e+07
<GCONST> 8.122313e+01
<MIXTURE> 8 9.784640e-02
<MEAN> 6
 -6.463471e+01 -1.247510e+01 -2.557109e+02 -2.868421e+00 1.946835e+02 1.321678e+02
<VARIANCE> 6
 3.570703e+02 1.438242e+05 1.198808e+06 1.100431e+03 6.020707e+04 5.158639e+07
<GCONST> 7.854615e+01
<MIXTURE> 9 9.695426e-02
<MEAN> 6
 3.608714e+01 -5.830527e+01 -1.326497e+02 2.486105e+02 -2.856924e+02 -4.182045e+03
<VARIANCE> 6
 7.851754e+02 2.229566e+05 1.200241e+06 8.787713e+03 2.870380e+05 1.038889e+08
<GCONST> 8.411324e+01
<MIXTURE> 10 6.620257e-02
<MEAN> 6
 4.223893e+01 2.928908e+01 1.237140e+02 -2.996876e+02 -9.489836e+02 6.598434e+03
<VARIANCE> 6
 6.372373e+02 1.905230e+05 1.541661e+06 9.960408e+03 7.223656e+05 2.265786e+08
<GCONST> 8.582557e+01
<MIXTURE> 11 8.825486e-02
<MEAN> 6
 -4.929121e+01 -3.646780e+01 -2.064934e+02 3.349616e+01 9.905116e+02 -1.383961e+03
<VARIANCE> 6
 5.782426e+02 1.163374e+05 1.756536e+05 3.227275e+04 2.848274e+05 1.584144e+08
<GCONST> 8.295012e+01
<MIXTURE> 12 4.808290e-02
<MEAN> 6
 7.300648e+01 -5.324333e+02 2.268818e+03 -1.241554e+00 -9.171288e+00 -2.074669e+01
<VARIANCE> 6
 2.620433e+02 1.246831e+05 1.521507e+06 2.998198e+02 4.022584e+04 5.158639e+07
<GCONST> 7.662873e+01
<MIXTURE> 13 7.413088e-02
<MEAN> 6
 6.722459e+01 1.176412e+01 -2.946200e+02 1.022550e+00 -1.848156e+01 -1.084768e+02
<VARIANCE> 6
 3.913238e+01 1.111802e+05 5.415760e+05 2.998198e+02 4.022584e+04 5.158639e+07
<GCONST> 7.357957e+01
<MIXTURE> 14 6.971125e-02
<MEAN> 6
 8.358612e+01 -6.778956e+01 2.413676e+01 -5.186670e+01 -7.262850e+02 -3.130926e+03
<VARIANCE> 6
 4.639929e+02 1.263940e+05 7.108922e+05 1.313877e+04 2.452216e+05 6.169284e+07
<GCONST> 8.221948e+01
<STATE> 3
<NUMMIXES> 14
<MIXTURE> 1 4.826412e-02
<MEAN> 6
 1.021034e+02 3.457478e+00 -3.934618e+01 -5.491282e-01 -2.902686e+00 2.464815e+02
<VARIANCE> 6
 3.185104e+01 1.207497e+04 3.003913e+04 2.998198e+02 4.022584e+04 5.158639e+07
<GCONST> 6.826170e+01
<MIXTURE> 2 8.593713e-02
<MEAN> 6
 9.460553e+01 -3.479338e+02 -5.483066e+02 -1.119249e+00 -1.365849e+00 -1.750582e+01
<VARIANCE> 6
 3.185104e+01 1.195217e+04 1.387160e+04 2.998198e+02 4.022584e+04 5.158639e+07
<GCONST> 6.747881e+01
<MIXTURE> 3 9.576685e-02
<MEAN> 6
 8.732517e+01 -1.317578e+02 -8.559671e+02 -3.394491e+00 -6.099941e+00 -1.943407e+02
<VARIANCE> 6
 3.185104e+01 1.195217e+04 1.387160e+04 2.998198e+02 4.022584e+04 5.158639e+07
<GCONST> 6.747881e+01
<MIXTURE> 4 7.013400e-02
<MEAN> 6
 9.279293e+01 -5.638462e+02 -5.402401e+02 1.535750e+00 -2.018672e+00 -2.065578e+02
<VARIANCE> 6
 3.185104e+01 1.195217e+04 1.387160e+04 2.998198e+02 4.022584e+04 5.158639e+07
<GCONST> 6.747881e+01
<MIXTURE> 5 9.151287e-02
<MEAN> 6
 9.031909e+01 -4.235207e-01 -5.060764e+02 -3.835013e+00 1.194838e+01 -1.120357e+02
<VARIANCE> 6
 3.185104e+01 1.195217e+04 1.387160e+04 2.998198e+02 4.022584e+04 5.158639e+07
<GCONST> 6.747881e+01
<MIXTURE> 6 7.056308e-02
<MEAN> 6
 9.460269e+01 -3.477633e+02 -5.483096e+02 -1.120851e+00 -1.334606e+00 -1.701679e+01
<VARIANCE> 6
 3.185104e+01 1.195217e+04 1.387160e+04 2.998198e+02 4.022584e+04 5.158639e+07
<GCONST> 6.747881e+01
<MIXTURE> 7 7.265605e-02
<MEAN> 6
 9.275773e+01 -5.651966e+02 -5.402473e+02 1.543938e+00 -1.791689e+00 -2.049707e+02
<VARIANCE> 6
 3.185104e+01 1.195217e+04 1.387160e+04 2.998198e+02 4.022584e+04 5.158639e+07
<GCONST> 6.747881e+01
<MIXTURE> 8 8.670562e-02
<MEAN> 6
 9.460901e+01 -3.481453e+02 -5.483037e+02 -1.117261e+00 -1.404394e+00 -1.810606e+01
<VARIANCE> 6
 3.185104e+01 1.195217e+04 1.387160e+04 2.998198e+02 4.022584e+04 5.158639e+07
<GCONST> 6.747881e+01
<MIXTURE> 9 3.597707e-02
<MEAN> 6
 1.017162e+02 -9.288926e+02 -2.156712e+00 -8.123401e+00 -1.943691e+02 1.016869e+04
<VARIANCE> 6
 1.847295e+02 1.058426e+06 1.602926e+05 1.439665e+03 8.448886e+05 4.962469e+08
<GCONST> 8.304491e+01
<MIXTURE> 10 7.010005e-02
<MEAN> 6
 9.461862e+01 -3.487337e+02 -5.482963e+02 -1.111696e+00 -1.511230e+00 -1.976697e+01
<VARIANCE> 6
 3.185104e+01 1.195217e+04 1.387160e+04 2.998198e+02 4.022584e+04 5.158639e+07
<GCONST> 6.747881e+01
<MIXTURE> 11 7.438856e-02
<MEAN> 6
 7.825347e+01 -3.158299e+02 -8.683900e+02 -1.019411e+01 2.159895e+00 2.348714e+02
<VARIANCE> 6
 3.908491e+01 1.195217e+04 1.387160e+04 2.998198e+02 4.022584e+04 5.158639e+07
<GCONST> 6.768348e+01
<MIXTURE> 12 7.258579e-02
<MEAN> 6
 9.274882e+01 -5.655330e+02 -5.402514e+02 1.545934e+00 -1.733896e+00 -2.045700e+02
<VARIANCE> 6
 3.185104e+01 1.195217e+04 1.387160e+04 2.998198e+02 4.022584e+04 5.158639e+07
<GCONST> 6.747881e+01
<MIXTURE> 13 6.994422e-02
<MEAN> 6
 9.272562e+01 -5.663633e+02 -5.402833e+02 1.549582e+00 -1.588434e+00 -2.034426e+02
<VARIANCE> 6
 3.185104e+01 1.195217e+04 1.387160e+04 2.998198e+02 4.022584e+04 5.158639e+07
<GCONST> 6.747881e+01
<MIXTURE> 14 5.543577e-02
<MEAN> 6
 1.018604e+02 -4.697449e+01 -1.329532e+02 -2.959542e+00 1.505935e+01 2.092112e+02
<VARIANCE> 6
 3.185104e+01 1.195217e+04 1.387160e+04 2.998198e+02 4.022584e+04 5.158639e+07
<GCONST> 6.747881e+01
<STATE> 4
<NUMMIXES> 14
<MIXTURE> 1 1.064446e-01
<MEAN> 6
 9.552937e+01 7.919407e+02 2.246917e+02 -3.802872e+00 -2.011305e+00 4.780867e+01
<VARIANCE> 6
 3.185104e+01 1.195217e+04 1.387160e+04 2.998198e+02 4.022584e+04 5.158639e+07
<GCONST> 6.747881e+01
<MIXTURE> 2 9.912739e-02
<MEAN> 6
 9.003005e+01 2.409293e+02 2.213192e+02 -1.066898e+00 -9.864266e+00 2.395819e+01
<VARIANCE> 6
 3.185104e+01 1.195217e+04 1.457606e+04 2.998198e+02 4.022584e+04 5.158639e+07
<GCONST> 6.752835e+01
<MIXTURE> 3 3.373662e-02
<MEAN> 6
 9.580942e+01 -8.545233e+02 -2.948705e+01 1.589536e+00 -1.537734e+01 -1.942904e+02
<VARIANCE> 6
 3.185104e+01 3.493476e+04 1.387160e+04 2.998198e+02 4.022584e+04 5.158639e+07
<GCONST> 6.855138e+01
<MIXTURE> 4 7.178430e-02
<MEAN> 6
 8.386322e+01 5.486646e+02 4.355942e+02 -6.024774e-01 2.692287e-01 -2.292017e+01
<VARIANCE> 6
 3.185104e+01 1.195217e+04 1.387160e+04 2.998198e+02 4.022584e+04 5.158639e+07
<GCONST> 6.747881e+01
<MIXTURE> 5 1.183931e-01
<MEAN> 6
 9.192160e+01 -1.389486e+01 9.564960e+01 -1.287976e+00 2.287526e+00 -7.349898e+01
<VARIANCE> 6
 3.185104e+01 1.829384e+04 1.387160e+04 2.998198e+02 4.022584e+04 5.158639e+07
<GCONST> 6.790446e+01
<MIXTURE> 6 7.635622e-02
<MEAN> 6
 8.385504e+01 2.285875e+02 -1.771418e+01 1.782010e+00 -1.277455e+01 2.344958e+01
<VARIANCE> 6
 3.185104e+01 1.195217e+04 1.387160e+04 2.998198e+02 4.022584e+04 5.158639e+07
<GCONST> 6.747881e+01
<MIXTURE> 7 8.116522e-02
<MEAN> 6
 9.212637e+01 8.379970e+01 1.388734e+02 -2.950047e+00 -3.507984e+00 -3.168676e+01
<VARIANCE> 6
 3.185104e+01 1.195217e+04 1.387160e+04 2.998198e+02 4.022584e+04 5.158639e+07
<GCONST> 6.747881e+01
<MIXTURE> 8 1.016470e-03
<MEAN> 6
 8.144376e+01 -2.197092e+02 -8.171364e+01 9.393446e+00 -1.525661e+02 2.346294e+02
<VARIANCE> 6
 6.321168e+02 2.499918e+06 9.490046e+05 6.464904e+02 1.615546e+05 1.622344e+08
<GCONST> 8.333998e+01
<MIXTURE> 9 6.562236e-02
<MEAN> 6
 8.746517e+01 -2.259612e+02 -5.788002e+01 -1.847803e+00 1.064348e+00 -7.850667e+01
<VARIANCE> 6
 3.185104e+01 3.115107e+04 1.387160e+04 2.998198e+02 4.022584e+04 5.158639e+07
<GCONST> 6.843675e+01
<MIXTURE> 10 6.978343e-02
<MEAN> 6
 9.054781e+01 7.980616e+02 1.565199e+02 -1.857521e+00 2.709635e+00 -6.377693e+01
<VARIANCE> 6
 3.185104e+01 5.830240e+04 1.387160e+04 2.998198e+02 4.022584e+04 5.158639e+07
<GCONST> 6.906355e+01
<MIXTURE> 11 7.112809e-02
<MEAN> 6
 8.403645e+01 5.431992e+02 4.348524e+02 -6.061759e-01 8.204976e-02 -1.833477e+01
<VARIANCE> 6
 3.185104e+01 1.195217e+04 1.387160e+04 2.998198e+02 4.022584e+04 5.158639e+07
<GCONST> 6.747881e+01
<MIXTURE> 12 7.499746e-02
<MEAN> 6
 9.196081e+01 7.148390e+00 1.041750e+02 -1.643694e+00 1.214591e+00 -6.580812e+01
<VARIANCE> 6
 3.185104e+01 1.748982e+04 1.387160e+04 2.998198e+02 4.022584e+04 5.158639e+07
<GCONST> 6.785952e+01
<MIXTURE> 13 6.503396e-02
<MEAN> 6
 8.667899e+01 7.562038e+01 -6.862475e+01 -5.225915e-01 -3.238773e-01 -9.033801e+01
<VARIANCE> 6
 3.185104e+01 1.661487e+04 1.387160e+04 2.998198e+02 4.022584e+04 5.158639e+07
<GCONST> 6.780820e+01
<MIXTURE> 14 6.538735e-02
<MEAN> 6
 8.520747e+01 -3.117962e+02 -6.600587e+01 -3.146802e+00 -1.985273e+00 -1.450630e+02
<VARIANCE> 6
 3.185104e+01 2.629909e+04 1.387160e+04 2.998198e+02 4.022584e+04 5.158639e+07
<GCONST> 6.826743e+01
<STATE> 5
<NUMMIXES> 14
<MIXTURE> 1 9.107899e-02
<MEAN> 6
 1.206891e+02 1.814854e+03 1.288467e+03 -9.570287e-01 -1.079315e+00 1.642713e+01
<VARIANCE> 6
 3.185104e+01 4.956341e+04 1.387160e+04 2.998198e+02 4.022584e+04 5.158639e+07
<GCONST> 6.890115e+01
<MIXTURE> 2 8.309265e-02
<MEAN> 6
 9.256435e+01 9.962748e+02 1.182218e+03 -4.241000e+00 4.589149e-01 1.116905e+02
<VARIANCE> 6
 3.185104e+01 2.790911e+04 1.387160e+04 2.998198e+02 4.022584e+04 5.158639e+07
<GCONST> 6.832685e+01
<MIXTURE> 3 7.070539e-02
<MEAN> 6
 9.210090e+01 -5.629362e+00 6.347329e+02 -1.516528e+00 -4.894574e+00 -1.806628e+02
<VARIANCE> 6
 3.185104e+01 1.195217e+04 1.387160e+04 2.998198e+02 4.022584e+04 5.158639e+07
<GCONST> 6.747881e+01
<MIXTURE> 4 6.815878e-02
<MEAN> 6
 8.645287e+01 -3.847804e+02 3.561178e+02 -6.499795e-01 8.326593e+00 -1.703603e+02
<VARIANCE> 6
 3.185104e+01 1.195217e+04 1.387160e+04 2.998198e+02 4.022584e+04 5.158639e+07
<GCONST> 6.747881e+01
<MIXTURE> 5 7.325557e-02
<MEAN> 6
 9.061851e+01 -1.341607e+03 7.913472e+02 -4.068022e-03 -2.313358e+00 -3.164892e+02
<VARIANCE> 6
 3.185104e+01 1.195217e+04 1.387160e+04 2.998198e+02 4.022584e+04 5.158639e+07
<GCONST> 6.747881e+01
<MIXTURE> 6 8.912837e-02
<MEAN> 6
 8.371738e+01 -6.207305e+01 4.779566e+02 -3.509493e+00 5.394312e+00 -1.195667e+02
<VARIANCE> 6
 3.185104e+01 1.195217e+04 1.387160e+04 2.998198e+02 4.022584e+04 5.158639e+07
<GCONST> 6.747881e+01
<MIXTURE> 7 8.287644e-02
<MEAN> 6
 9.561259e+01 3.312083e+02 1.054576e+03 -3.785062e+00 2.425483e-01 3.648305e+01
<VARIANCE> 6
 3.185104e+01 1.195217e+04 1.387160e+04 2.998198e+02 4.022584e+04 5.158639e+07
<GCONST> 6.747881e+01
<MIXTURE> 8 3.050295e-03
<MEAN> 6
 8.002020e+01 -8.312468e+01 -1.949611e+02 4.813167e+00 -1.173399e+02 -2.014413e+03
<VARIANCE> 6
 4.762687e+02 1.884926e+06 6.182152e+05 4.746069e+02 1.416843e+05 1.502496e+08
<GCONST> 8.182889e+01
<MIXTURE> 9 8.906922e-02
<MEAN> 6
 8.373064e+01 -6.327005e+01 4.775789e+02 -3.494241e+00 5.433728e+00 -1.185357e+02
<VARIANCE> 6
 3.185104e+01 1.195217e+04 1.387160e+04 2.998198e+02 4.022584e+04 5.158639e+07
<GCONST> 6.747881e+01
<MIXTURE> 10 7.178337e-02
<MEAN> 6
 9.020243e+01 -7.413431e+02 3.363816e+02 -5.524790e-01 -3.282092e+01 5.243033e+02
<VARIANCE> 6
 3.185104e+01 5.692797e+04 1.387160e+04 2.998198e+02 4.022584e+04 5.158639e+07
<GCONST> 6.903969e+01
<MIXTURE> 11 9.398904e-02
<MEAN> 6
 9.020274e+01 -1.450292e+03 8.529070e+02 -1.376191e-01 2.645070e+00 6.326270e+01
<VARIANCE> 6
 3.185104e+01 1.195217e+04 1.387160e+04 2.998198e+02 4.022584e+04 5.158639e+07
<GCONST> 6.747881e+01
<MIXTURE> 12 7.096401e-02
<MEAN> 6
 9.195282e+01 -1.109883e+01 6.297374e+02 -1.548715e+00 -4.131605e+00 -1.854603e+02
<VARIANCE> 6
 3.185104e+01 1.195217e+04 1.387160e+04 2.998198e+02 4.022584e+04 5.158639e+07
<GCONST> 6.747881e+01
<MIXTURE> 13 4.939233e-02
<MEAN> 6
 1.239247e+02 1.786674e+03 7.431606e+02 -7.421120e+00 -1.079998e+01 5.799641e+02
<VARIANCE> 6
 3.185104e+01 1.607989e+05 3.243439e+04 2.998198e+02 4.022584e+04 5.158639e+07
<GCONST> 7.092743e+01
<MIXTURE> 14 6.344078e-02
<MEAN> 6
 8.185536e+01 -4.740547e+02 2.796254e+02 -2.371206e+00 -3.460304e+01 -1.692507e+02
<VARIANCE> 6
 4.073272e+01 1.195217e+04 1.387160e+04 2.998198e+02 4.022584e+04 5.158639e+07
<GCONST> 6.772478e+01
<STATE> 6
<NUMMIXES> 14
<MIXTURE> 1 5.475435e-02
<MEAN> 6
 1.279625e+02 4.017253e+02 1.674837e+03 -3.430184e+00 6.497582e-01 2.623597e+01
<VARIANCE> 6
 3.185104e+01 1.277609e+04 1.387160e+04 2.998198e+02 4.022584e+04 5.158639e+07
<GCONST> 6.754548e+01
<MIXTURE> 2 7.707828e-02
<MEAN> 6
 1.162639e+02 -4.860481e+02 2.601075e+03 -1.060613e+00 8.328840e-01 -2.205372e+01
<VARIANCE> 6
 3.185104e+01 1.195217e+04 1.387160e+04 2.998198e+02 4.022584e+04 5.158639e+07
<GCONST> 6.747881e+01
<MIXTURE> 3 9.000757e-02
<MEAN> 6
 1.057466e+02 2.588436e+02 1.269631e+03 9.500051e-02 -3.462027e+01 1.911167e+02
<VARIANCE> 6
 3.185104e+01 1.470583e+04 1.387160e+04 2.998198e+02 4.022584e+04 5.158639e+07
<GCONST> 6.768614e+01
<MIXTURE> 4 1.067031e-01
<MEAN> 6
 9.900259e+01 -3.364298e+02 9.004876e+02 -2.601748e+00 2.779885e+00 -2.357286e+02
<VARIANCE> 6
 3.185104e+01 1.195217e+04 3.929968e+04 2.998198e+02 4.022584e+04 5.158639e+07
<GCONST> 6.852019e+01
<MIXTURE> 5 5.558441e-02
<MEAN> 6
 8.691396e+01 -4.413844e+02 2.026205e+03 -4.721979e+00 -3.827061e+01 5.299282e+02
<VARIANCE> 6
 3.185104e+01 2.217454e+04 1.387160e+04 2.998198e+02 4.022584e+04 5.158639e+07
<GCONST> 6.809685e+01
<MIXTURE> 6 1.766861e-02
<MEAN> 6
 1.197910e+02 -2.107447e+02 2.243012e+02 5.589665e+00 -2.561347e+02 -2.763202e+03
<VARIANCE> 6
 7.722384e+02 4.355106e+05 1.821924e+05 4.257935e+02 1.877606e+05 2.727843e+08
<GCONST> 8.039472e+01
<MIXTURE> 7 6.044066e-02
<MEAN> 6
 9.225129e+01 -4.295327e+02 7.729421e+02 -1.031573e+01 3.638165e+01 4.386193e+02
<VARIANCE> 6
 4.677972e+01 1.917623e+04 1.387160e+04 2.998198e+02 4.022584e+04 5.158639e+07
<GCONST> 6.833595e+01
<MIXTURE> 8 1.057114e-01
<MEAN> 6
 9.459587e+01 -9.734518e+01 1.136263e+03 -2.241616e-01 -1.600668e+01 1.786576e+02
<VARIANCE> 6
 3.185104e+01 1.195217e+04 1.387160e+04 2.998198e+02 4.022584e+04 5.158639e+07
<GCONST> 6.747881e+01
<MIXTURE> 9 5.630808e-02
<MEAN> 6
 1.125155e+02 -3.564716e+02 2.827340e+02 -1.071382e+01 -1.045479e+01 6.450717e+02
<VARIANCE> 6
 3.185104e+01 4.963363e+04 2.865304e+04 2.998198e+02 4.022584e+04 5.158639e+07
<GCONST> 6.962798e+01
<MIXTURE> 10 8.928003e-02
<MEAN> 6
 1.185604e+02 -4.604886e+02 2.264597e+03 -1.389836e+00 5.575395e+00 -4.996377e+02
<VARIANCE> 6
 3.185104e+01 1.195217e+04 1.387160e+04 2.998198e+02 4.022584e+04 5.158639e+07
<GCONST> 6.747881e+01
<MIXTURE> 11 5.377305e-02
<MEAN> 6
 1.343609e+02 1.118053e+02 9.306827e+02 -8.274107e+00 1.071204e+01 5.808340e+02
<VARIANCE> 6
 3.185104e+01 2.059356e+04 6.959660e+04 2.998198e+02 4.022584e+04 5.158639e+07
<GCONST> 6.963575e+01
<MIXTURE> 12 1.069164e-01
<MEAN> 6
 1.003496e+02 -3.437499e+02 6.593452e+02 -5.492884e+00 -2.148177e+01 -3.317550e+02
<VARIANCE> 6
 3.185104e+01 1.195217e+04 2.433974e+04 2.998198e+02 4.022584e+04 5.158639e+07
<GCONST> 6.804108e+01
<MIXTURE> 13 7.128929e-02
<MEAN> 6
 8.452384e+01 -5.453268e+02 2.048463e+03 -3.738752e+00 5.468637e+00 2.344457e+01
<VARIANCE> 6
 3.185104e+01 1.195217e+04 1.387160e+04 2.998198e+02 4.022584e+04 5.158639e+07
<GCONST> 6.747881e+01
<MIXTURE> 14 5.447895e-02
<MEAN> 6
 1.281770e+02 3.553439e+02 1.659309e+03 -3.605409e+00 3.371582e-01 4.447322e+01
<VARIANCE> 6
 3.185104e+01 1.649020e+04 1.387160e+04 2.998198e+02 4.022584e+04 5.158639e+07
<GCONST> 6.780067e+01
<STATE> 7
<NUMMIXES> 14
<MIXTURE> 1 8.689939e-02
<MEAN> 6
 7.141666e+01 1.311816e+03 -1.123175e+03 6.275249e-01 -6.972757e+00 -1.620676e+02
<VARIANCE> 6
 3.185104e+01 1.195217e+04 1.387160e+04 2.998198e+02 4.022584e+04 5.158639e+07
<GCONST> 6.747881e+01
<MIXTURE> 2 6.482378e-02
<MEAN> 6
 6.939722e+01 1.155047e+03 7.290654e+02 5.562014e-01 7.256786e+00 -3.956138e+01
<VARIANCE> 6
 3.185104e+01 2.025505e+04 1.387160e+04 2.998198e+02 4.022584e+04 5.158639e+07
<GCONST> 6.800630e+01
<MIXTURE> 3 7.764337e-02
<MEAN> 6
 6.532121e+01 9.523936e+02 -1.409767e+02 -3.442056e-02 -8.811894e-02 -1.127129e+02
<VARIANCE> 6
 3.185104e+01 1.195217e+04 1.387160e+04 2.998198e+02 4.022584e+04 5.158639e+07
<GCONST> 6.747881e+01
<MIXTURE> 4 8.636451e-02
<MEAN> 6
 5.901925e+01 4.935132e+02 -4.664691e+01 -1.512058e+00 -7.690283e+00 -2.446847e+02
<VARIANCE> 6
 3.185104e+01 1.195217e+04 1.387160e+04 2.998198e+02 4.022584e+04 5.158639e+07
<GCONST> 6.747881e+01
<MIXTURE> 5 2.536680e-03
<MEAN> 6
 8.321095e+01 -2.349678e+02 9.339017e+01 -2.632611e+00 -1.729872e+02 -3.483910e+03
<VARIANCE> 6
 3.388340e+02 1.571189e+06 6.616257e+05 3.642355e+02 1.067485e+05 1.052522e+08
<GCONST> 8.047047e+01
<MIXTURE> 6 1.069162e-01
<MEAN> 6
 5.336783e+01 4.254394e+02 -2.436992e+02 1.112315e+00 -2.696898e+00 -1.345285e+02
<VARIANCE> 6
 3.185104e+01 1.195217e+04 1.387160e+04 2.998198e+02 4.022584e+04 5.158639e+07
<GCONST> 6.747881e+01
<MIXTURE> 7 5.801639e-02
<MEAN> 6
 6.981439e+01 9.243379e+02 -1.341686e+03 3.810034e+00 -1.140882e+01 2.589789e+02
<VARIANCE> 6
 3.185104e+01 1.453033e+05 7.774487e+04 2.998198e+02 4.022584e+04 5.158639e+07
<GCONST> 7.170032e+01
<MIXTURE> 8 6.610969e-02
<MEAN> 6
 6.529155e+01 8.658523e+02 -1.435470e+02 -6.635770e-01 -5.031446e+00 -1.531111e+02
<VARIANCE> 6
 3.185104e+01 1.525460e+04 1.387160e+04 2.998198e+02 4.022584e+04 5.158639e+07
<GCONST> 6.772278e+01
<MIXTURE> 9 8.695348e-02
<MEAN> 6
 7.141666e+01 1.311816e+03 -1.123175e+03 6.275271e-01 -6.972751e+00 -1.620679e+02
<VARIANCE> 6
 3.185104e+01 1.195217e+04 1.387160e+04 2.998198e+02 4.022584e+04 5.158639e+07
<GCONST> 6.747881e+01
<MIXTURE> 10 1.079844e-01
<MEAN> 6
 5.442176e+01 3.756221e+02 -2.527971e+02 1.447456e+00 -4.193645e+00 -1.801202e+02
<VARIANCE> 6
 3.185104e+01 1.195217e+04 1.387160e+04 2.998198e+02 4.022584e+04 5.158639e+07
<GCONST> 6.747881e+01
<MIXTURE> 11 5.594013e-02
<MEAN> 6
 7.092381e+01 8.514461e+02 6.638815e+02 5.441967e-01 -4.383841e-01 -7.156834e+01
<VARIANCE> 6
 3.185104e+01 1.195217e+04 1.387160e+04 2.998198e+02 4.022584e+04 5.158639e+07
<GCONST> 6.747881e+01
<MIXTURE> 12 7.760645e-02
<MEAN> 6
 6.534042e+01 9.445372e+02 -1.428809e+02 -7.739017e-02 -5.270867e-01 -1.074870e+02
<VARIANCE> 6
 3.185104e+01 1.195217e+04 1.387160e+04 2.998198e+02 4.022584e+04 5.158639e+07
<GCONST> 6.747881e+01
<MIXTURE> 13 6.763799e-02
<MEAN> 6
 6.515447e+01 7.994464e+02 -1.370011e+02 -1.294547e+00 -9.785989e+00 -2.433336e+02
<VARIANCE> 6
 3.185104e+01 1.339309e+04 1.387160e+04 2.998198e+02 4.022584e+04 5.158639e+07
<GCONST> 6.759264e+01
<MIXTURE> 14 5.455095e-02
<MEAN> 6
 7.132594e+01 7.954265e+02 6.446308e+02 6.203566e-01 -1.221020e+01 -2.501402e+02
<VARIANCE> 6
 3.185104e+01 1.195217e+04 1.387160e+04 2.998198e+02 4.022584e+04 5.158639e+07
<GCONST> 6.747881e+01
<STATE> 8
<NUMMIXES> 14
<MIXTURE> 1 9.025015e-02
<MEAN> 6
 1.104261e+02 1.435513e+02 -4.169243e+02 -2.726728e+00 -8.560728e-01 -1.744033e+02
<VARIANCE> 6
 3.185104e+01 1.195217e+04 1.387160e+04 2.998198e+02 4.022584e+04 5.158639e+07
<GCONST> 6.747881e+01
<MIXTURE> 2 6.600925e-02
<MEAN> 6
 9.854686e+01 -3.410739e+03 -2.392743e+01 -2.446899e+00 1.811008e+01 -1.160698e+02
<VARIANCE> 6
 3.185104e+01 1.019487e+05 1.387160e+04 2.998198e+02 4.022584e+04 5.158639e+07
<GCONST> 6.962237e+01
<MIXTURE> 3 7.035812e-02
<MEAN> 6
 9.506207e+01 -1.855772e+03 -2.225034e+02 -4.749855e+00 -1.244693e+01 -6.462418e+02
<VARIANCE> 6
 3.185104e+01 4.813988e+04 1.387160e+04 2.998198e+02 4.022584e+04 5.158639e+07
<GCONST> 6.887201e+01
<MIXTURE> 4 6.843614e-02
<MEAN> 6
 1.293197e+02 -1.958539e+03 7.278541e+01 -3.909127e+01 -3.683904e+01 7.619847e+00
<VARIANCE> 6
 4.155678e+02 8.733736e+05 5.102946e+04 2.998198e+02 4.022584e+04 5.158639e+07
<GCONST> 7.564140e+01
<MIXTURE> 5 2.842156e-02
<MEAN> 6
 1.089248e+02 -5.980411e+02 -1.575249e+02 -1.168774e+00 1.599556e+01 -2.305276e+02
<VARIANCE> 6
 3.185104e+01 3.290789e+04 1.387160e+04 2.998198e+02 4.022584e+04 5.158639e+07
<GCONST> 6.849162e+01
<MIXTURE> 6 9.324855e-02
<MEAN> 6
 1.014765e+02 -2.585091e+03 -2.316006e+02 -5.062583e+00 -4.765900e+01 -3.935865e+02
<VARIANCE> 6
 3.185104e+01 5.288126e+04 1.387160e+04 2.998198e+02 4.022584e+04 5.158639e+07
<GCONST> 6.896595e+01
<MIXTURE> 7 6.470518e-02
<MEAN> 6
 1.189117e+02 -4.886522e+02 -4.544431e+02 -4.406356e+00 -3.710273e+00 -1.515190e+02
<VARIANCE> 6
 3.185104e+01 4.795170e+04 1.387160e+04 2.998198e+02 4.022584e+04 5.158639e+07
<GCONST> 6.886810e+01
<MIXTURE> 8 5.455079e-02
<MEAN> 6
 9.910571e+01 -4.034818e+03 1.529719e+01 -2.669596e+00 1.927371e+00 2.033562e+01
<VARIANCE> 6
 3.185104e+01 1.195217e+04 1.387160e+04 2.998198e+02 4.022584e+04 5.158639e+07
<GCONST> 6.747881e+01
<MIXTURE> 9 7.330433e-02
<MEAN> 6
 1.101922e+02 2.058270e+01 -3.673651e+02 -1.655860e+00 -5.317965e-01 -4.086326e+00
<VARIANCE> 6
 3.185104e+01 1.195217e+04 1.387160e+04 2.998198e+02 4.022584e+04 5.158639e+07
<GCONST> 6.747881e+01
<MIXTURE> 10 8.586543e-02
<MEAN> 6
 1.037594e+02 -3.066763e+03 -2.630526e+02 -5.337324e-01 -1.078577e+00 -1.075081e+02
<VARIANCE> 6
 3.185104e+01 2.683446e+04 1.387160e+04 2.998198e+02 4.022584e+04 5.158639e+07
<GCONST> 6.828759e+01
<MIXTURE> 11 1.111436e-01
<MEAN> 6
 1.060492e+02 -6.525479e+02 -3.809235e+02 -4.698981e+00 -3.794816e+00 3.391198e+01
<VARIANCE> 6
 3.185104e+01 1.542351e+04 1.387160e+04 2.998198e+02 4.022584e+04 5.158639e+07
<GCONST> 6.773380e+01
<MIXTURE> 12 7.367618e-02
<MEAN> 6
 1.102001e+02 1.983088e+01 -3.673776e+02 -1.662025e+00 -4.999858e-01 -3.479679e+00
<VARIANCE> 6
 3.185104e+01 1.195217e+04 1.387160e+04 2.998198e+02 4.022584e+04 5.158639e+07
<GCONST> 6.747881e+01
<MIXTURE> 13 6.517906e-02
<MEAN> 6
 9.916822e+01 -3.575842e+03 -8.438772e+00 -4.386514e+00 2.320576e+01 -6.843282e+01
<VARIANCE> 6
 3.185104e+01 7.503809e+04 1.387160e+04 2.998198e+02 4.022584e+04 5.158639e+07
<GCONST> 6.931590e+01
<MIXTURE> 14 5.484475e-02
<MEAN> 6
 9.910748e+01 -4.057943e+03 1.587903e+01 -2.596512e+00 3.066408e+00 1.506510e+01
<VARIANCE> 6
 3.185104e+01 1.195217e+04 1.387160e+04 2.998198e+02 4.022584e+04 5.158639e+07
<GCONST> 6.747881e+01
<STATE> 9
<NUMMIXES> 14
<MIXTURE> 1 6.405980e-02
<MEAN> 6
 7.501248e+01 -1.059169e+03 2.711149e+02 1.637114e+00 2.040931e+01 -3.932663e+02
<VARIANCE> 6
 3.185104e+01 1.490447e+04 8.551434e+04 2.998198e+02 4.022584e+04 5.158639e+07
<GCONST> 6.951840e+01
<MIXTURE> 2 6.978980e-02
<MEAN> 6
 6.789300e+01 2.882927e+01 -9.024706e+02 -1.846198e-01 -7.223742e+00 -4.923220e+01
<VARIANCE> 6
 3.185104e+01 1.195217e+04 3.948995e+04 2.998198e+02 4.022584e+04 5.158639e+07
<GCONST> 6.852502e+01
<MIXTURE> 3 8.618022e-02
<MEAN> 6
 7.338627e+01 -5.607639e+02 -6.173635e+02 -1.753074e+00 -4.320853e+00 -5.182785e+01
<VARIANCE> 6
 3.185104e+01 1.185262e+05 1.387160e+04 2.998198e+02 4.022584e+04 5.158639e+07
<GCONST> 6.977303e+01
<MIXTURE> 4 5.389860e-02
<MEAN> 6
 6.317980e+01 -4.970966e+02 2.954753e+02 -3.864384e-01 1.834245e+00 -1.371810e+02
<VARIANCE> 6
 3.185104e+01 1.195217e+04 1.387160e+04 2.998198e+02 4.022584e+04 5.158639e+07
<GCONST> 6.747881e+01
<MIXTURE> 5 8.701958e-02
<MEAN> 6
 5.926679e+01 -4.079402e+02 -1.873304e+02 1.428320e+00 3.345923e-02 -1.072593e+02
<VARIANCE> 6
 3.185104e+01 1.195217e+04 2.236845e+04 2.998198e+02 4.022584e+04 5.158639e+07
<GCONST> 6.795662e+01
<MIXTURE> 6 4.599570e-02
<MEAN> 6
 6.592219e+01 -2.740786e+02 -1.277819e+03 3.213370e+00 -1.508492e+01 1.034066e+02
<VARIANCE> 6
 3.185104e+01 1.195217e+04 1.387160e+04 2.998198e+02 4.022584e+04 5.158639e+07
<GCONST> 6.747881e+01
<MIXTURE> 7 8.539362e-02
<MEAN> 6
 7.275918e+01 -7.968566e+02 -2.590277e+02 -3.065403e+00 -1.247549e+01 1.316232e+02
<VARIANCE> 6
 3.185104e+01 1.858007e+04 3.882409e+04 2.998198e+02 4.022584e+04 5.158639e+07
<GCONST> 6.894919e+01
<MIXTURE> 8 3.991657e-02
<MEAN> 6
 7.774091e+01 -1.794922e+03 -7.908598e+02 7.573890e-01 -4.193404e+00 -2.458847e+02
<VARIANCE> 6
 3.185104e+01 4.434450e+04 1.387160e+04 2.998198e+02 4.022584e+04 5.158639e+07
<GCONST> 6.878989e+01
<MIXTURE> 9 9.230185e-02
<MEAN> 6
 6.454003e+01 -4.831583e+02 -5.517440e+02 -4.167195e-01 9.985309e-01 -6.462692e+01
<VARIANCE> 6
 3.185104e+01 1.195217e+04 1.387160e+04 2.998198e+02 4.022584e+04 5.158639e+07
<GCONST> 6.747881e+01
<MIXTURE> 10 6.907874e-02
<MEAN> 6
 5.706813e+01 -1.296052e+03 -5.717780e+02 3.892480e+00 -1.165944e+01 -2.584597e+01
<VARIANCE> 6
 3.185104e+01 3.993606e+04 1.941531e+04 2.998198e+02 4.022584e+04 5.158639e+07
<GCONST> 6.902140e+01
<MIXTURE> 11 8.205079e-02
<MEAN> 6
 7.042990e+01 -7.880656e+02 -6.938752e+02 -2.234180e+00 -3.778672e+00 -4.760479e+01
<VARIANCE> 6
 3.185104e+01 1.195217e+04 1.165128e+05 2.998198e+02 4.022584e+04 5.158639e+07
<GCONST> 6.960697e+01
<MIXTURE> 12 9.777307e-02
<MEAN> 6
 5.991603e+01 -4.275012e+02 -2.370515e+02 6.155266e-01 -7.411730e+00 -1.802180e+02
<VARIANCE> 6
 3.185104e+01 1.195217e+04 1.387160e+04 2.998198e+02 4.022584e+04 5.158639e+07
<GCONST> 6.747881e+01
<MIXTURE> 13 7.274329e-02
<MEAN> 6
 6.782777e+01 2.213257e+01 -9.510042e+02 -4.767132e-01 -5.431035e+00 -9.436289e+01
<VARIANCE> 6
 3.185104e+01 1.195217e+04 2.566526e+04 2.998198e+02 4.022584e+04 5.158639e+07
<GCONST> 6.809411e+01
<MIXTURE> 14 5.376001e-02
<MEAN> 6
 6.355079e+01 -5.307151e+02 2.825750e+02 -2.948432e-01 -1.063464e+01 -1.623690e+02
<VARIANCE> 6
 3.185104e+01 1.195217e+04 1.387160e+04 2.998198e+02 4.022584e+04 5.158639e+07
<GCONST> 6.747881e+01
<STATE> 10
<NUMMIXES> 14
<MIXTURE> 1 5.473559e-02
<MEAN> 6
 7.396650e+01 7.203920e+01 1.682532e+02 -1.117190e+00 -1.925197e+00 1.644404e+01
<VARIANCE> 6
 3.185104e+01 1.195217e+04 1.387160e+04 2.998198e+02 4.022584e+04 5.158639e+07
<GCONST> 6.747881e+01
<MIXTURE> 2 9.833579e-02
<MEAN> 6
 7.369501e+01 4.173528e+02 -4.802264e+01 4.614755e-01 7.446586e+00 4.031311e+01
<VARIANCE> 6
 3.185104e+01 1.195217e+04 3.098214e+04 2.998198e+02 4.022584e+04 5.158639e+07
<GCONST> 6.828238e+01
<MIXTURE> 3 9.091227e-02
<MEAN> 6
 7.432070e+01 7.452065e+01 -2.573975e+02 -7.977346e-01 -6.279583e+00 -8.020217e+01
<VARIANCE> 6
 3.185104e+01 1.195217e+04 1.387160e+04 2.998198e+02 4.022584e+04 5.158639e+07
<GCONST> 6.747881e+01
<MIXTURE> 4 6.217223e-02
<MEAN> 6
 6.779175e+01 -6.217999e+01 1.932960e+02 1.009902e+00 1.312764e+00 -6.041087e+01
<VARIANCE> 6
 3.185104e+01 1.195217e+04 3.843031e+04 2.998198e+02 4.022584e+04 5.158639e+07
<GCONST> 6.849782e+01
<MIXTURE> 5 6.005524e-02
<MEAN> 6
 7.064371e+01 1.281864e+02 -3.737858e+02 1.912345e+00 -2.260529e+00 -1.593261e+02
<VARIANCE> 6
 3.185104e+01 1.195217e+04 1.387160e+04 2.998198e+02 4.022584e+04 5.158639e+07
<GCONST> 6.747881e+01
<MIXTURE> 6 8.398709e-02
<MEAN> 6
 6.902934e+01 -1.494428e+02 1.485645e+02 1.158849e+00 2.887265e+00 -1.564624e+02
<VARIANCE> 6
 3.185104e+01 1.195217e+04 1.387160e+04 2.998198e+02 4.022584e+04 5.158639e+07
<GCONST> 6.747881e+01
<MIXTURE> 7 2.399964e-03
<MEAN> 6
 7.551292e+01 -4.204680e+02 -3.435314e+02 -5.079492e+00 -9.428102e+01 -5.552367e+02
<VARIANCE> 6
 8.212023e+01 6.369131e+05 3.275118e+05 2.998198e+02 6.158214e+04 5.158639e+07
<GCONST> 7.598919e+01
<MIXTURE> 8 1.090441e-01
<MEAN> 6
 7.291065e+01 2.235065e+01 1.648032e+02 -5.192897e-01 -1.472043e+00 -8.218465e+01
<VARIANCE> 6
 3.185104e+01 1.195217e+04 1.387160e+04 2.998198e+02 4.022584e+04 5.158639e+07
<GCONST> 6.747881e+01
<MIXTURE> 9 7.288695e-02
<MEAN> 6
 6.923201e+01 -3.386241e+01 -2.007032e+02 1.499273e-01 1.477748e+00 -1.330686e+02
<VARIANCE> 6
 3.185104e+01 1.195217e+04 1.387160e+04 2.998198e+02 4.022584e+04 5.158639e+07
<GCONST> 6.747881e+01
<MIXTURE> 10 6.164746e-02
<MEAN> 6
 6.841307e+01 9.481564e+01 -4.097927e+02 4.362783e+00 6.562942e-02 -3.133180e+02
<VARIANCE> 6
 3.185104e+01 1.195217e+04 1.387160e+04 2.998198e+02 4.022584e+04 5.158639e+07
<GCONST> 6.747881e+01
<MIXTURE> 11 9.239605e-02
<MEAN> 6
 7.449570e+01 6.097461e+01 -2.664678e+02 -6.730418e-01 -6.206609e+00 -8.926403e+01
<VARIANCE> 6
 3.185104e+01 1.195217e+04 1.387160e+04 2.998198e+02 4.022584e+04 5.158639e+07
<GCONST> 6.747881e+01
<MIXTURE> 12 7.745442e-02
<MEAN> 6
 6.861495e+01 -4.767703e+01 -1.985490e+02 1.974717e-01 2.525448e+00 -1.217088e+02
<VARIANCE> 6
 3.185104e+01 1.195217e+04 1.387160e+04 2.998198e+02 4.022584e+04 5.158639e+07
<GCONST> 6.747881e+01
<MIXTURE> 13 7.894401e-02
<MEAN> 6
 6.998147e+01 -1.981207e+02 8.019741e+01 6.322623e-01 -1.233603e+00 -2.236929e+02
<VARIANCE> 6
 3.185104e+01 1.195217e+04 1.387160e+04 2.998198e+02 4.022584e+04 5.158639e+07
<GCONST> 6.747881e+01
<MIXTURE> 14 5.496236e-02
<MEAN> 6
 7.308862e+01 2.904141e+01 1.550450e+02 -7.091666e-01 -1.913778e+00 -6.153619e+01
<VARIANCE> 6
 3.185104e+01 1.195217e+04 1.387160e+04 2.998198e+02 4.022584e+04 5.158639e+07
<GCONST> 6.747881e+01
<STATE> 11
<NUMMIXES> 14
<MIXTURE> 1 9.890846e-02
<MEAN> 6
 9.040193e+01 -9.496109e+01 -3.122143e+03 -7.472528e+00 -2.758880e-01 2.939962e+02
<VARIANCE> 6
 6.307450e+01 1.195217e+04 1.387160e+04 2.998198e+02 4.022584e+04 5.158639e+07
<GCONST> 6.816206e+01
<MIXTURE> 2 7.199440e-02
<MEAN> 6
 7.577261e+01 2.861238e+03 4.592182e+02 -2.393833e+00 -1.563814e+01 -6.360958e+01
<VARIANCE> 6
 3.185104e+01 1.195217e+04 1.387160e+04 2.998198e+02 4.022584e+04 5.158639e+07
<GCONST> 6.747881e+01
<MIXTURE> 3 3.787210e-02
<MEAN> 6
 8.244985e+01 -8.785767e+03 2.062191e+03 -1.094136e+01 -1.050881e+01 4.901924e+02
<VARIANCE> 6
 3.185104e+01 1.195217e+04 1.414870e+04 2.998198e+02 4.022584e+04 5.158639e+07
<GCONST> 6.749860e+01
<MIXTURE> 4 9.115402e-02
<MEAN> 6
 7.922897e+01 1.496177e+03 4.564165e+02 -1.609054e+00 -8.070505e+00 -2.526295e+02
<VARIANCE> 6
 3.185104e+01 1.351128e+04 1.387160e+04 2.998198e+02 4.022584e+04 5.158639e+07
<GCONST> 6.760143e+01
<MIXTURE> 5 1.186917e-01
<MEAN> 6
 7.891354e+01 2.576539e+03 -2.115913e+02 -1.496903e+00 -7.099336e+00 -3.049809e+02
<VARIANCE> 6
 3.185104e+01 1.954877e+05 1.387160e+04 2.998198e+02 4.022584e+04 5.158639e+07
<GCONST> 7.027340e+01
<MIXTURE> 6 7.001709e-02
<MEAN> 6
 8.133892e+01 6.026851e+02 1.029602e+03 -4.961915e+00 2.045943e+00 -1.356139e+01
<VARIANCE> 6
 3.185104e+01 1.195217e+04 1.387160e+04 2.998198e+02 4.022584e+04 5.158639e+07
<GCONST> 6.747881e+01
<MIXTURE> 7 7.135614e-02
<MEAN> 6
 7.417507e+01 3.808464e+02 7.872013e+02 -1.469076e+00 -6.756649e-01 -2.149392e+01
<VARIANCE> 6
 3.185104e+01 1.195217e+04 1.387160e+04 2.998198e+02 4.022584e+04 5.158639e+07
<GCONST> 6.747881e+01
<MIXTURE> 8 8.184485e-02
<MEAN> 6
 7.306741e+01 -9.029817e+03 1.501490e+03 -1.109768e+00 2.136093e+00 -3.497724e+00
<VARIANCE> 6
 3.185104e+01 1.195217e+04 5.547707e+04 2.998198e+02 4.022584e+04 5.158639e+07
<GCONST> 6.886494e+01
<MIXTURE> 9 4.462444e-02
<MEAN> 6
 7.649393e+01 -3.361137e+02 -2.676791e+03 -9.740855e-01 -4.681265e+00 -2.004971e+02
<VARIANCE> 6
 3.185104e+01 1.195217e+04 1.387160e+04 2.998198e+02 4.022584e+04 5.158639e+07
<GCONST> 6.747881e+01
<MIXTURE> 10 6.628672e-02
<MEAN> 6
 7.575809e+01 2.859836e+03 4.587610e+02 -2.497470e+00 -1.653074e+01 -6.419096e+01
<VARIANCE> 6
 3.185104e+01 1.195217e+04 1.387160e+04 2.998198e+02 4.022584e+04 5.158639e+07
<GCONST> 6.747881e+01
<MIXTURE> 11 5.103756e-02
<MEAN> 6
 7.330794e+01 -8.856124e+03 9.999631e+02 1.250559e+00 -1.484354e+01 -5.347134e+02
<VARIANCE> 6
 3.185104e+01 1.195217e+04 1.387160e+04 2.998198e+02 4.022584e+04 5.158639e+07
<GCONST> 6.747881e+01
<MIXTURE> 12 6.648025e-02
<MEAN> 6
 8.271470e+01 1.048353e+03 3.341089e+02 -1.418016e+00 -5.975895e+00 -1.938255e+02
<VARIANCE> 6
 3.185104e+01 1.195217e+04 1.387160e+04 2.998198e+02 4.022584e+04 5.158639e+07
<GCONST> 6.747881e+01
<MIXTURE> 13 6.352033e-02
<MEAN> 6
 7.260477e+01 3.197586e+02 6.470026e+02 -2.975356e+00 -2.470525e+01 -3.755002e+02
<VARIANCE> 6
 3.185104e+01 1.195217e+04 1.462881e+04 2.998198e+02 4.022584e+04 5.158639e+07
<GCONST> 6.753197e+01
<MIXTURE> 14 6.620967e-02
<MEAN> 6
 8.281721e+01 1.032573e+03 3.231284e+02 -1.329936e+00 -6.626949e+00 -2.074077e+02
<VARIANCE> 6
 3.185104e+01 1.195217e+04 1.387160e+04 2.998198e+02 4.022584e+04 5.158639e+07
<GCONST> 6.747881e+01
<STATE> 12
<NUMMIXES> 14
<MIXTURE> 1 6.106877e-03
<MEAN> 6
 1.352070e+01 -4.031692e+02 1.580985e+01 3.328604e+01 -6.091650e+02 1.444492e+03
<VARIANCE> 6
 9.496082e+03 6.512251e+05 1.015537e+06 1.391610e+06 7.527985e+08 1.087072e+12
<GCONST> 1.097032e+02
<MIXTURE> 2 6.559908e-02
<MEAN> 6
 3.026393e+01 1.981667e+02 6.475195e+01 2.148580e+02 -6.112435e+01 -9.222860e+02
<VARIANCE> 6
 7.682900e+02 3.295269e+05 1.778100e+05 6.101310e+03 1.441249e+05 5.158639e+07
<GCONST> 8.081878e+01
<MIXTURE> 3 3.788458e-02
<MEAN> 6
 2.739532e+01 5.623403e+02 -1.285177e+02 -6.773592e+01 -1.923960e+02 6.750087e+03
<VARIANCE> 6
 5.730478e+03 1.406258e+07 1.651354e+06 6.838741e+04 4.345702e+06 3.370916e+09
<GCONST> 9.881305e+01
<MIXTURE> 4 7.713187e-02
<MEAN> 6
 9.696926e+01 6.941234e+01 -1.057775e+02 -6.228410e+00 -2.398941e+01 -2.998623e+02
<VARIANCE> 6
 4.686141e+02 1.392004e+06 2.370647e+05 2.998198e+02 4.022584e+04 5.158639e+07
<GCONST> 7.776360e+01
<MIXTURE> 5 8.427654e-02
<MEAN> 6
 1.044856e+01 -1.118626e+01 3.126763e+01 -3.107610e+02 1.386405e+01 1.072836e+04
<VARIANCE> 6
 5.754813e+02 1.362634e+05 1.241703e+05 9.998771e+03 8.225678e+05 3.820850e+08
<GCONST> 8.352578e+01
<MIXTURE> 6 6.123641e-02
<MEAN> 6
 -3.487811e+01 1.571115e+02 6.413651e+01 1.033495e+02 8.093653e+02 -6.850104e+02
<VARIANCE> 6
 2.867585e+02 1.915315e+05 5.090465e+04 1.737161e+04 2.195068e+05 5.493764e+07
<GCONST> 7.956986e+01
<MIXTURE> 7 9.905186e-02
<MEAN> 6
 9.679528e+01 -2.403838e+01 2.138630e+01 4.023520e+01 -9.900647e+02 -2.183640e+03
<VARIANCE> 6
 5.451158e+02 5.165699e+05 1.547451e+05 2.806011e+04 2.217997e+06 1.092779e+09
<GCONST> 8.809897e+01
<MIXTURE> 8 7.805229e-02
<MEAN> 6
 -5.639324e+01 9.061514e+01 3.871447e+00 6.988463e+00 1.774841e+02 5.029922e+02
<VARIANCE> 6
 2.796344e+02 3.217246e+05 1.395269e+05 7.042485e+02 8.570595e+04 5.158639e+07
<GCONST> 7.686279e+01
<MIXTURE> 9 9.787672e-02
<MEAN> 6
 8.499942e+01 2.198136e+01 5.971746e+01 2.002739e+01 -6.256993e+02 -1.312250e+03
<VARIANCE> 6
 2.473217e+02 1.114811e+05 1.216367e+05 1.713521e+04 1.937374e+05 6.707448e+07
<GCONST> 7.981282e+01
<MIXTURE> 10 1.028799e-01
<MEAN> 6
 9.270432e+01 -1.386423e+02 -1.158393e+01 -4.550081e+00 -3.028476e+01 -2.359315e+02
<VARIANCE> 6
 2.107714e+02 1.598675e+05 6.592176e+04 2.998198e+02 4.022584e+04 5.158639e+07
<GCONST> 7.352058e+01
<MIXTURE> 11 8.646983e-02
<MEAN> 6
 -4.872015e+01 -3.472114e+01 3.898818e+00 -4.812750e+01 1.564196e+03 -2.592028e+03
<VARIANCE> 6
 3.230046e+02 2.946033e+05 2.262406e+05 3.674687e+04 1.000616e+06 6.223626e+08
<GCONST> 8.630463e+01
<MIXTURE> 12 7.191738e-02
<MEAN> 6
 6.848724e+01 -2.552948e+01 2.612605e+01 -2.012678e+02 -8.728625e+02 6.019476e+02
<VARIANCE> 6
 5.302880e+02 1.949340e+05 7.148485e+04 8.451313e+03 3.574548e+05 8.174145e+07
<GCONST> 8.070625e+01
<MIXTURE> 13 6.763551e-02
<MEAN> 6
 2.669057e+01 -4.305843e+00 6.295438e+00 2.912776e+02 -1.389865e+01 -6.468824e+03
<VARIANCE> 6
 7.615287e+02 1.525344e+05 3.396522e+04 6.737784e+03 4.021005e+05 1.395998e+08
<GCONST> 8.050507e+01
<MIXTURE> 14 6.319688e-02
<MEAN> 6
 -4.057863e+01 1.528091e+01 7.407668e-01 3.095649e+01 6.923548e+02 -1.189345e+03
<VARIANCE> 6
 3.445162e+02 1.202971e+05 4.315627e+04 1.707758e+04 1.866090e+05 5.983145e+07
<GCONST> 7.902905e+01
<TRANSP> 13
 0.000000e+00 1.000000e+00 0.000000e+00 0.000000e+00 0.000000e+00 0.000000e+00 0.000000e+00 0.000000e+00 0.000000e+00 0.000000e+00 0.000000e+00 0.000000e+00 0.000000e+00
 0.000000e+00 9.998347e-01 1.652589e-04 0.000000e+00 0.000000e+00 0.000000e+00 0.000000e+00 0.000000e+00 0.000000e+00 0.000000e+00 0.000000e+00 0.000000e+00 0.000000e+00
 0.000000e+00 0.000000e+00 9.959248e-01 4.075111e-03 0.000000e+00 0.000000e+00 0.000000e+00 0.000000e+00 0.000000e+00 0.000000e+00 0.000000e+00 0.000000e+00 0.000000e+00
 0.000000e+00 0.000000e+00 0.000000e+00 9.981425e-01 1.857497e-03 0.000000e+00 0.000000e+00 0.000000e+00 0.000000e+00 0.000000e+00 0.000000e+00 0.000000e+00 0.000000e+00
 0.000000e+00 0.000000e+00 0.000000e+00 0.000000e+00 9.958692e-01 4.130749e-03 0.000000e+00 0.000000e+00 0.000000e+00 0.000000e+00 0.000000e+00 0.000000e+00 0.000000e+00
 0.000000e+00 0.000000e+00 0.000000e+00 0.000000e+00 0.000000e+00 9.952837e-01 4.716236e-03 0.000000e+00 0.000000e+00 0.000000e+00 0.000000e+00 0.000000e+00 0.000000e+00
 0.000000e+00 0.000000e+00 0.000000e+00 0.000000e+00 0.000000e+00 0.000000e+00 9.968569e-01 3.143041e-03 0.000000e+00 0.000000e+00 0.000000e+00 0.000000e+00 0.000000e+00
 0.000000e+00 0.000000e+00 0.000000e+00 0.000000e+00 0.000000e+00 0.000000e+00 0.000000e+00 9.940692e-01 5.930719e-03 0.000000e+00 0.000000e+00 0.000000e+00 0.000000e+00
 0.000000e+00 0.000000e+00 0.000000e+00 0.000000e+00 0.000000e+00 0.000000e+00 0.000000e+00 0.000000e+00 9.986086e-01 1.391404e-03 0.000000e+00 0.000000e+00 0.000000e+00
 0.000000e+00 0.000000e+00 0.000000e+00 0.000000e+00 0.000000e+00 0.000000e+00 0.000000e+00 0.000000e+00 0.000000e+00 9.990098e-01 9.902116e-04 0.000000e+00 0.000000e+00
 0.000000e+00 0.000000e+00 0.000000e+00 0.000000e+00 0.000000e+00 0.000000e+00 0.000000e+00 0.000000e+00 0.000000e+00 0.000000e+00 9.969999e-01 3.000117e-03 0.000000e+00
 0.000000e+00 0.000000e+00 0.000000e+00 0.000000e+00 0.000000e+00 0.000000e+00 0.000000e+00 0.000000e+00 0.000000e+00 0.000000e+00 0.000000e+00 9.999409e-01 5.913660e-05
 0.000000e+00 0.000000e+00 0.000000e+00 0.000000e+00 0.000000e+00 0.000000e+00 0.000000e+00 0.000000e+00 0.000000e+00 0.000000e+00 0.000000e+00 0.000000e+00 0.000000e+00
<ENDHMM>
~h "SegundoESO"
<BEGINHMM>
<NUMSTATES> 13
<STATE> 2
<NUMMIXES> 14
<MIXTURE> 1 1.068096e-01
<MEAN> 6
 7.175163e+01 1.320465e+04 -1.200072e+03 -7.716335e-01 -6.052275e+00 -1.915500e+02
<VARIANCE> 6
 3.185104e+01 1.195217e+04 1.387160e+04 2.998198e+02 4.022584e+04 5.158639e+07
<GCONST> 6.747881e+01
<MIXTURE> 2 9.041766e-02
<MEAN> 6
 7.217211e+01 1.526523e+03 -2.402410e+03 2.872055e-02 -4.952581e+00 -1.834870e+02
<VARIANCE> 6
 3.185104e+01 1.195217e+04 1.670456e+05 2.998198e+02 4.022584e+04 5.158639e+07
<GCONST> 6.996724e+01
<MIXTURE> 3 7.349569e-02
<MEAN> 6
 7.199281e+01 6.962238e+02 -6.895935e+03 -4.471608e-01 -8.193737e-01 3.558314e+01
<VARIANCE> 6
 3.185104e+01 1.195217e+04 5.071968e+06 2.998198e+02 4.022584e+04 5.158639e+07
<GCONST> 7.338046e+01
<MIXTURE> 4 6.391710e-02
<MEAN> 6
 5.990663e+01 7.090851e+02 -2.696486e+03 2.849223e+00 -1.702002e+01 -2.169675e+02
<VARIANCE> 6
 3.185104e+01 1.195217e+04 6.956351e+04 2.998198e+02 4.022584e+04 5.158639e+07
<GCONST> 6.909121e+01
<MIXTURE> 5 5.197230e-02
<MEAN> 6
 7.572652e+01 2.220546e+02 -3.182040e+03 -8.054564e-01 -6.807991e+00 -6.960910e+01
<VARIANCE> 6
 3.185104e+01 4.063905e+04 1.470840e+05 2.998198e+02 4.022584e+04 5.158639e+07
<GCONST> 7.106379e+01
<MIXTURE> 6 5.426734e-02
<MEAN> 6
 5.510810e+01 1.383738e+02 -2.919363e+03 3.433394e-01 -3.160615e+00 -2.114219e+02
<VARIANCE> 6
 3.185104e+01 1.195217e+04 1.011831e+06 2.998198e+02 4.022584e+04 5.158639e+07
<GCONST> 7.176849e+01
<MIXTURE> 7 7.968038e-02
<MEAN> 6
 7.393112e+01 -2.359584e+02 -7.364876e+03 -1.467510e-01 -3.027306e+00 -1.531144e+02
<VARIANCE> 6
 3.185104e+01 1.195217e+04 4.999205e+04 2.998198e+02 4.022584e+04 5.158639e+07
<GCONST> 6.876083e+01
<MIXTURE> 8 6.772824e-02
<MEAN> 6
 5.506121e+01 6.028729e+02 -5.217205e+03 1.743837e+00 -1.652926e+00 2.286186e+01
<VARIANCE> 6
 3.185104e+01 1.276646e+04 4.444349e+05 2.998198e+02 4.022584e+04 5.158639e+07
<GCONST> 7.101168e+01
<MIXTURE> 9 1.053433e-01
<MEAN> 6
 7.663303e+01 -1.072959e+02 -4.061102e+03 -4.347240e-01 -5.297506e+00 -8.563621e+01
<VARIANCE> 6
 3.185104e+01 1.195217e+04 1.797916e+06 2.998198e+02 4.022584e+04 5.158639e+07
<GCONST> 7.234335e+01
<MIXTURE> 10 9.652559e-02
<MEAN> 6
 7.421683e+01 -4.173061e+02 -9.057569e+03 3.448122e-02 -2.342318e+00 -9.823331e+00
<VARIANCE> 6
 3.185104e+01 1.195217e+04 9.035313e+05 2.998198e+02 4.022584e+04 5.158639e+07
<GCONST> 7.165528e+01
<MIXTURE> 11 8.465883e-02
<MEAN> 6
 5.844326e+01 6.547591e+02 -3.703562e+03 1.777690e+00 6.048409e+00 2.542880e-01
<VARIANCE> 6
 3.185104e+01 1.195217e+04 2.183341e+05 2.998198e+02 4.022584e+04 5.158639e+07
<GCONST> 7.023500e+01
<MIXTURE> 12 1.070308e-02
<MEAN> 6
 7.717474e+01 -2.625956e+02 7.452703e+02 1.104155e+02 -2.129414e+02 -2.212806e+03
<VARIANCE> 6
 4.465255e+02 8.974529e+05 1.946518e+06 3.856931e+03 1.072340e+05 5.158639e+07
<GCONST> 8.291679e+01
<MIXTURE> 13 6.002241e-02
<MEAN> 6
 7.628585e+01 -5.795800e+01 -2.409187e+03 -1.009529e+00 -8.508474e+00 -1.743173e+02
<VARIANCE> 6
 3.185104e+01 1.195217e+04 1.427443e+05 2.998198e+02 4.022584e+04 5.158639e+07
<GCONST> 6.981003e+01
<MIXTURE> 14 5.443877e-02
<MEAN> 6
 5.499579e+01 1.087379e+02 -3.649576e+03 1.258722e-01 1.381586e+00 -9.054684e+01
<VARIANCE> 6
 3.185104e+01 1.195217e+04 1.120304e+06 2.998198e+02 4.022584e+04 5.158639e+07
<GCONST> 7.187032e+01
<STATE> 3
<NUMMIXES> 14
<MIXTURE> 1 8.859660e-02
<MEAN> 6
 7.147551e+01 6.752506e+02 7.877952e+02 8.101796e-01 -4.822624e+00 -1.029763e+02
<VARIANCE> 6
 3.185104e+01 1.195217e+04 9.405654e+05 2.998198e+02 4.022584e+04 5.158639e+07
<GCONST> 7.169545e+01
<MIXTURE> 2 1.006085e-01
<MEAN> 6
 8.778620e+01 -1.390750e+03 2.731201e+02 -1.829656e+00 -3.758327e+00 -1.126488e+02
<VARIANCE> 6
 3.185104e+01 2.626669e+05 8.319048e+04 2.998198e+02 4.022584e+04 5.158639e+07
<GCONST> 7.236008e+01
<MIXTURE> 3 4.547122e-02
<MEAN> 6
 7.626621e+01 4.128273e+02 -8.246316e+02 -1.406498e-01 -1.753538e+00 -1.025002e+02
<VARIANCE> 6
 3.185104e+01 1.195217e+04 1.387160e+04 2.998198e+02 4.022584e+04 5.158639e+07
<GCONST> 6.747881e+01
<MIXTURE> 4 9.888709e-02
<MEAN> 6
 8.272342e+01 -1.824111e+03 -1.172509e+02 -3.145863e+00 -9.037809e-01 -1.222562e+02
<VARIANCE> 6
 9.056315e+01 7.600782e+06 4.927874e+05 2.998198e+02 4.022584e+04 5.158639e+07
<GCONST> 7.854912e+01
<MIXTURE> 5 8.969692e-02
<MEAN> 6
 7.193161e+01 -3.795968e+02 7.701460e+02 -1.263612e+00 -1.552673e+00 -8.893614e+00
<VARIANCE> 6
 3.185104e+01 1.195217e+04 1.203604e+05 2.998198e+02 4.022584e+04 5.158639e+07
<GCONST> 6.963947e+01
<MIXTURE> 6 2.869718e-02
<MEAN> 6
 6.215575e+01 -2.572620e+01 1.594835e+03 2.073254e+00 1.265932e+01 -1.960197e+02
<VARIANCE> 6
 3.185104e+01 2.818212e+04 1.829739e+05 2.998198e+02 4.022584e+04 5.158639e+07
<GCONST> 7.091609e+01
<MIXTURE> 7 5.880672e-02
<MEAN> 6
 6.966100e+01 -3.657882e+02 3.336813e+02 -3.867495e-01 -3.673533e+00 1.271785e+00
<VARIANCE> 6
 3.185104e+01 1.195217e+04 1.387160e+04 2.998198e+02 4.022584e+04 5.158639e+07
<GCONST> 6.747881e+01
<MIXTURE> 8 6.981427e-02
<MEAN> 6
 7.279685e+01 8.843166e+01 -4.996509e+02 -1.187345e+00 -7.140292e+00 -1.270979e+02
<VARIANCE> 6
 3.185104e+01 4.356668e+04 1.713074e+04 2.998198e+02 4.022584e+04 5.158639e+07
<GCONST> 6.898322e+01
<MIXTURE> 9 1.074083e-01
<MEAN> 6
 8.437224e+01 -7.580066e+02 1.435424e+02 -2.276777e-01 -1.360353e+00 -1.046614e+02
<VARIANCE> 6
 3.185104e+01 1.195217e+04 1.387160e+04 2.998198e+02 4.022584e+04 5.158639e+07
<GCONST> 6.747881e+01
<MIXTURE> 10 5.449349e-02
<MEAN> 6
 7.285635e+01 4.141239e+02 9.204528e+02 -1.410869e+00 2.854466e+00 -1.075502e+01
<VARIANCE> 6
 3.185104e+01 5.984415e+04 3.554181e+05 2.998198e+02 4.022584e+04 5.158639e+07
<GCONST> 7.233310e+01
<MIXTURE> 11 4.745995e-02
<MEAN> 6
 7.906405e+01 -4.894982e+02 -7.153323e+01 -7.063075e-01 -9.084002e+00 2.846997e+01
<VARIANCE> 6
 3.185104e+01 1.195217e+04 1.387160e+04 2.998198e+02 4.022584e+04 5.158639e+07
<GCONST> 6.747881e+01
<MIXTURE> 12 8.467354e-02
<MEAN> 6
 7.380223e+01 6.143552e+02 3.739562e+02 -1.021504e+00 1.002837e+00 -8.617109e+01
<VARIANCE> 6
 3.185104e+01 2.841510e+04 1.387160e+04 2.998198e+02 4.022584e+04 5.158639e+07
<GCONST> 6.834482e+01
<MIXTURE> 13 6.632326e-02
<MEAN> 6
 7.395458e+01 5.119474e+01 -6.390753e+02 -5.693281e-01 -4.770205e+00 -1.545964e+02
<VARIANCE> 6
 3.185104e+01 1.197220e+04 1.387160e+04 2.998198e+02 4.022584e+04 5.158639e+07
<GCONST> 6.748049e+01
<MIXTURE> 14 5.903737e-02
<MEAN> 6
 6.944939e+01 -3.806652e+02 3.185809e+02 -4.775263e-01 -4.081923e+00 -7.605128e-01
<VARIANCE> 6
 3.185104e+01 1.195217e+04 1.387160e+04 2.998198e+02 4.022584e+04 5.158639e+07
<GCONST> 6.747881e+01
<STATE> 4
<NUMMIXES> 14
<MIXTURE> 1 6.160988e-02
<MEAN> 6
 9.823927e+01 -3.527254e+03 1.071971e+04 -2.512968e+00 -1.798035e+01 1.723223e+02
<VARIANCE> 6
 3.185104e+01 4.212251e+05 7.176188e+06 2.998198e+02 4.022584e+04 5.158639e+07
<GCONST> 7.728975e+01
<MIXTURE> 2 7.296545e-02
<MEAN> 6
 5.423574e+01 -3.207222e+03 8.533526e+03 -5.698083e+01 -3.200612e+02 -6.791943e+01
<VARIANCE> 6
 8.629277e+02 1.556369e+07 9.139013e+07 2.272664e+04 1.145492e+06 1.834118e+08
<GCONST> 9.568858e+01
<MIXTURE> 3 6.955080e-02
<MEAN> 6
 7.445757e+01 -2.086046e+03 6.385975e+03 -2.696040e-01 -8.372204e+00 -2.180490e+02
<VARIANCE> 6
 3.185104e+01 2.396599e+05 4.176053e+06 2.998198e+02 4.022584e+04 5.158639e+07
<GCONST> 7.618440e+01
<MIXTURE> 4 6.099091e-02
<MEAN> 6
 6.791242e+01 -4.071904e+03 3.432864e+03 -8.521563e-01 -3.231448e+00 -1.050141e+02
<VARIANCE> 6
 3.185104e+01 3.912223e+04 1.387160e+04 2.998198e+02 4.022584e+04 5.158639e+07
<GCONST> 6.866459e+01
<MIXTURE> 5 1.167698e-01
<MEAN> 6
 8.905339e+01 -4.395103e+03 4.275174e+03 -1.398275e+00 -1.601268e+01 -2.610102e+02
<VARIANCE> 6
 3.185104e+01 1.265637e+04 2.496734e+06 2.998198e+02 4.022584e+04 5.158639e+07
<GCONST> 7.272896e+01
<MIXTURE> 6 1.201832e-01
<MEAN> 6
 6.892783e+01 -2.213207e+03 3.364460e+02 3.873607e-01 -3.743798e-01 -7.889779e+00
<VARIANCE> 6
 3.185104e+01 1.164694e+05 9.530823e+04 2.998198e+02 4.022584e+04 5.158639e+07
<GCONST> 7.168280e+01
<MIXTURE> 7 3.485923e-02
<MEAN> 6
 6.070370e+01 -1.677756e+03 -3.172820e+02 -2.823150e-01 -1.377787e+01 -3.883838e+02
<VARIANCE> 6
 3.185104e+01 2.026027e+04 1.387160e+04 2.998198e+02 4.022584e+04 5.158639e+07
<GCONST> 6.800656e+01
<MIXTURE> 8 6.990267e-02
<MEAN> 6
 8.072803e+01 1.435506e+02 3.211224e+03 3.693289e-01 -5.103825e+00 -2.302641e+02
<VARIANCE> 6
 3.185104e+01 2.454274e+05 1.387160e+04 2.998198e+02 4.022584e+04 5.158639e+07
<GCONST> 7.050090e+01
<MIXTURE> 9 4.876046e-02
<MEAN> 6
 6.132226e+01 -2.518618e+03 -6.251889e+02 -4.449361e-01 -3.296191e+00 -5.407983e+01
<VARIANCE> 6
 3.185104e+01 1.422456e+04 1.387160e+04 2.998198e+02 4.022584e+04 5.158639e+07
<GCONST> 6.765287e+01
<MIXTURE> 10 6.132526e-02
<MEAN> 6
 7.544898e+01 -1.359585e+03 2.817967e+03 1.971506e+00 -4.247875e+00 -1.764118e+01
<VARIANCE> 6
 3.185104e+01 1.395708e+05 4.772203e+04 2.998198e+02 4.022584e+04 5.158639e+07
<GCONST> 7.117202e+01
<MIXTURE> 11 5.475031e-02
<MEAN> 6
 8.275884e+01 -4.842235e+03 1.151612e+04 -3.076530e-02 1.734156e+00 6.128771e+01
<VARIANCE> 6
 3.185104e+01 2.666422e+04 6.917040e+06 2.998198e+02 4.022584e+04 5.158639e+07
<GCONST> 7.449313e+01
<MIXTURE> 12 9.525832e-02
<MEAN> 6
 6.923003e+01 -2.187376e+03 -3.790187e+02 4.504529e-02 2.610731e-01 -7.394911e+01
<VARIANCE> 6
 3.185104e+01 2.145176e+04 1.387160e+04 2.998198e+02 4.022584e+04 5.158639e+07
<GCONST> 6.806371e+01
<MIXTURE> 13 7.323505e-02
<MEAN> 6
 7.057212e+01 -2.190650e+03 2.559485e+03 3.188441e+00 -2.268637e+01 -2.835821e+02
<VARIANCE> 6
 3.185104e+01 6.737816e+05 2.653112e+05 2.998198e+02 4.022584e+04 5.158639e+07
<GCONST> 7.446187e+01
<MIXTURE> 14 5.982377e-02
<MEAN> 6
 6.744801e+01 -4.193482e+03 3.406636e+03 -6.656018e-01 -8.235750e+00 -1.820974e+02
<VARIANCE> 6
 3.185104e+01 2.036961e+04 1.387160e+04 2.998198e+02 4.022584e+04 5.158639e+07
<GCONST> 6.801195e+01
<STATE> 5
<NUMMIXES> 14
<MIXTURE> 1 9.281383e-02
<MEAN> 6
 6.785764e+01 1.310924e+03 6.490891e+01 -8.953237e-01 -4.027489e+00 -1.457338e+02
<VARIANCE> 6
 3.185104e+01 1.254107e+05 1.387160e+04 2.998198e+02 4.022584e+04 5.158639e+07
<GCONST> 6.982949e+01
<MIXTURE> 2 5.842060e-02
<MEAN> 6
 5.963838e+01 2.013338e+03 -5.506436e+02 2.075551e-01 -2.249270e+00 -1.422523e+02
<VARIANCE> 6
 3.185104e+01 4.262029e+05 2.064021e+05 2.998198e+02 4.022584e+04 5.158639e+07
<GCONST> 7.375280e+01
<MIXTURE> 3 4.281652e-02
<MEAN> 6
 5.504429e+01 1.537857e+02 4.250038e+02 -1.833838e+00 2.845373e+00 -2.252979e+02
<VARIANCE> 6
 5.385477e+01 1.195217e+04 3.478841e+04 2.998198e+02 4.022584e+04 5.158639e+07
<GCONST> 6.892348e+01
<MIXTURE> 4 5.577459e-02
<MEAN> 6
 6.071329e+01 -2.980646e+02 9.889100e+01 -2.758452e-01 -5.443001e+00 -2.062554e+02
<VARIANCE> 6
 3.185104e+01 2.871120e+04 2.756759e+04 2.998198e+02 4.022584e+04 5.158639e+07
<GCONST> 6.904198e+01
<MIXTURE> 5 6.507775e-02
<MEAN> 6
 6.577737e+01 4.221071e+02 -2.162284e+02 5.325052e-01 -2.537283e+00 -1.338748e+02
<VARIANCE> 6
 3.185104e+01 1.195217e+04 1.387160e+04 2.998198e+02 4.022584e+04 5.158639e+07
<GCONST> 6.747881e+01
<MIXTURE> 6 1.164634e-01
<MEAN> 6
 6.600942e+01 3.370058e+02 -2.272407e+02 1.047427e-01 -8.421188e+00 -2.099963e+02
<VARIANCE> 6
 3.185104e+01 8.825284e+04 1.387160e+04 2.998198e+02 4.022584e+04 5.158639e+07
<GCONST> 6.947810e+01
<MIXTURE> 7 5.984850e-02
<MEAN> 6
 6.501465e+01 -7.187540e+02 -5.575751e+02 7.568694e-01 -6.699754e+00 -1.754741e+02
<VARIANCE> 6
 3.185104e+01 1.195217e+04 4.753246e+04 2.998198e+02 4.022584e+04 5.158639e+07
<GCONST> 6.871038e+01
<MIXTURE> 8 4.257549e-02
<MEAN> 6
 6.344141e+01 -8.111639e+02 5.412569e+01 1.764867e-01 -2.733627e+00 -6.582552e+01
<VARIANCE> 6
 3.185104e+01 1.235246e+05 1.387160e+04 2.998198e+02 4.022584e+04 5.158639e+07
<GCONST> 6.981434e+01
<MIXTURE> 9 9.808039e-02
<MEAN> 6
 6.430421e+01 1.203547e+03 -1.084927e+03 -2.127538e-01 -5.301865e+00 -9.172669e+01
<VARIANCE> 6
 3.185104e+01 1.737018e+06 8.504763e+04 2.998198e+02 4.022584e+04 5.158639e+07
<GCONST> 7.427119e+01
<MIXTURE> 10 9.500531e-02
<MEAN> 6
 5.714515e+01 -1.630046e+02 -4.966553e+02 -6.160994e-01 -9.824940e-01 -4.310311e+01
<VARIANCE> 6
 3.185104e+01 5.158976e+04 5.301453e+04 2.998198e+02 4.022584e+04 5.158639e+07
<GCONST> 7.028195e+01
<MIXTURE> 11 6.508452e-02
<MEAN> 6
 6.574970e+01 4.194902e+02 -2.147762e+02 5.363576e-01 -2.659388e+00 -1.346097e+02
<VARIANCE> 6
 3.185104e+01 1.195217e+04 1.387160e+04 2.998198e+02 4.022584e+04 5.158639e+07
<GCONST> 6.747881e+01
<MIXTURE> 12 6.212415e-02
<MEAN> 6
 6.486189e+01 -8.439814e+02 -1.645525e+01 3.589443e-01 -4.992261e+00 -9.998926e+01
<VARIANCE> 6
 3.185104e+01 6.425214e+04 1.387160e+04 2.998198e+02 4.022584e+04 5.158639e+07
<GCONST> 6.916071e+01
<MIXTURE> 13 8.828935e-02
<MEAN> 6
 6.515264e+01 6.757825e+01 2.704151e+02 -1.111742e+00 -1.213140e+01 -1.692954e+02
<VARIANCE> 6
 3.185104e+01 1.440418e+04 1.387160e+04 2.998198e+02 4.022584e+04 5.158639e+07
<GCONST> 6.766542e+01
<MIXTURE> 14 5.749197e-02
<MEAN> 6
 6.047099e+01 -3.505316e+02 2.445912e+01 -4.533876e-01 -6.398280e+00 -2.102257e+02
<VARIANCE> 6
 3.185104e+01 2.539434e+04 3.934826e+04 2.998198e+02 4.022584e+04 5.158639e+07
<GCONST> 6.927504e+01
<STATE> 6
<NUMMIXES> 14
<MIXTURE> 1 6.226204e-02
<MEAN> 6
 -3.996769e+01 4.785951e+02 2.275264e+03 -1.200659e+00 7.216796e+02 -9.699642e+02
<VARIANCE> 6
 7.070869e+02 4.449826e+05 6.138176e+06 4.739917e+04 4.135926e+05 1.537061e+08
<GCONST> 8.877380e+01
<MIXTURE> 2 5.453422e-02
<MEAN> 6
 7.502454e+01 -1.252080e+02 2.220371e+03 5.952873e+01 -6.939141e+02 4.210032e+02
<VARIANCE> 6
 4.385086e+02 7.079258e+05 5.170108e+06 2.659974e+04 2.712958e+05 8.007258e+07
<GCONST> 8.693721e+01
<MIXTURE> 3 7.494452e-02
<MEAN> 6
 -4.438034e+01 -6.698953e+01 1.566205e+02 1.642655e+02 1.061200e+03 1.834169e+02
<VARIANCE> 6
 9.403799e+01 7.068281e+05 1.766694e+05 3.759077e+03 1.409397e+05 5.217869e+07
<GCONST> 7.897974e+01
<MIXTURE> 4 7.973940e-02
<MEAN> 6
 6.361924e+01 9.501548e+01 4.233148e+01 -7.371642e+01 -7.927427e+02 1.561570e+03
<VARIANCE> 6
 1.328147e+02 6.648920e+05 1.215950e+05 2.818567e+04 1.060835e+05 5.158639e+07
<GCONST> 8.060937e+01
<MIXTURE> 5 1.086227e-01
<MEAN> 6
 -6.272140e+01 -6.557655e+01 1.257640e+02 2.176889e+01 5.500660e+02 -8.834935e+02
<VARIANCE> 6
 6.372140e+01 5.432538e+05 3.129301e+05 1.818515e+03 2.048765e+05 7.393118e+07
<GCONST> 7.889543e+01
<MIXTURE> 6 6.882953e-02
<MEAN> 6
 8.327193e+01 1.144333e+02 -7.720958e+01 2.131340e+01 -1.192901e+03 -7.248032e+02
<VARIANCE> 6
 4.758697e+02 3.590606e+06 3.511104e+05 2.468372e+04 9.672501e+05 6.881061e+08
<GCONST> 8.930066e+01
<MIXTURE> 7 5.845408e-02
<MEAN> 6
 -1.241298e+01 -6.545956e+01 1.364095e+02 2.856558e+02 4.662052e+02 -1.000094e+04
<VARIANCE> 6
 1.487090e+02 6.790459e+05 2.438922e+05 2.833046e+03 1.869732e+05 6.645984e+07
<GCONST> 7.996212e+01
<MIXTURE> 8 5.626708e-02
<MEAN> 6
 3.580767e+01 2.446577e+02 4.178310e+01 2.411293e+02 -3.431973e+02 -1.148545e+03
<VARIANCE> 6
 4.652236e+02 9.972663e+05 2.989280e+05 2.220201e+03 1.247006e+05 5.158639e+07
<GCONST> 8.078830e+01
<MIXTURE> 9 6.165146e-02
<MEAN> 6
 9.071645e+01 -1.232128e+00 2.873449e+02 -1.600302e+01 -2.615232e+02 -1.686315e+01
<VARIANCE> 6
 1.012257e+02 9.601251e+05 4.848027e+05 1.078460e+03 9.940270e+04 5.158639e+07
<GCONST> 7.875993e+01
<MIXTURE> 10 8.728811e-02
<MEAN> 6
 1.121047e+01 2.681367e+02 5.048951e+01 -2.680137e+02 -1.173264e+02 2.386227e+03
<VARIANCE> 6
 6.262752e+02 4.993269e+05 1.655488e+05 2.299097e+03 2.368222e+05 9.676263e+07
<GCONST> 8.110820e+01
<MIXTURE> 11 8.774161e-02
<MEAN> 6
 -5.007796e+01 2.037974e+02 1.785358e+02 -1.665606e+02 1.600974e+03 3.714313e+03
<VARIANCE> 6
 1.831894e+02 9.166428e+05 6.364414e+05 1.219551e+04 7.297199e+05 6.476799e+08
<GCONST> 8.652805e+01
<MIXTURE> 12 8.547363e-02
<MEAN> 6
 7.999172e+01 -1.310144e+02 2.498432e+02 -2.085301e+01 -9.080425e+02 -2.617659e+03
<VARIANCE> 6
 1.162167e+02 4.616005e+05 3.491782e+05 1.628635e+04 2.032992e+05 9.011306e+07
<GCONST> 8.182561e+01
<MIXTURE> 13 5.959805e-02
<MEAN> 6
 1.090338e+01 2.752913e+02 9.729279e+00 -3.263850e+02 -2.339373e+02 1.090058e+04
<VARIANCE> 6
 6.576093e+02 1.501944e+06 1.906981e+06 4.393259e+03 4.582006e+05 2.186923e+08
<GCONST> 8.682525e+01
<MIXTURE> 14 5.441761e-02
<MEAN> 6
 3.285623e+01 -1.418394e+02 -1.074602e+02 2.665145e+02 -4.672518e+02 -4.125262e+03
<VARIANCE> 6
 3.658220e+02 9.931782e+05 6.210867e+05 3.350203e+03 1.259557e+05 5.281392e+07
<GCONST> 8.172005e+01
<STATE> 7
<NUMMIXES> 14
<MIXTURE> 1 4.288323e-02
<MEAN> 6
 9.065956e+01 2.288800e+02 2.155197e+03 -7.023207e+00 -1.576521e+01 2.544281e+02
<VARIANCE> 6
 3.185104e+01 1.680881e+04 1.615936e+05 2.998198e+02 4.022584e+04 5.158639e+07
<GCONST> 7.027505e+01
<MIXTURE> 2 4.870296e-02
<MEAN> 6
 6.951703e+01 -6.360491e+02 1.900472e+03 -2.657675e+00 -5.489558e+00 1.539943e+01
<VARIANCE> 6
 7.307503e+01 1.195217e+04 5.281762e+04 2.998198e+02 4.022584e+04 5.158639e+07
<GCONST> 6.964623e+01
<MIXTURE> 3 1.042147e-01
<MEAN> 6
 8.058710e+01 3.243534e+02 6.565746e+02 -1.576207e+00 9.671357e-01 1.615909e+01
<VARIANCE> 6
 3.185104e+01 3.909912e+04 2.537184e+04 2.998198e+02 4.022584e+04 5.158639e+07
<GCONST> 6.926780e+01
<MIXTURE> 4 7.079613e-02
<MEAN> 6
 7.475885e+01 4.685668e+02 2.308827e+02 -3.788597e-01 -1.460352e+01 2.772864e+01
<VARIANCE> 6
 3.185104e+01 1.392115e+05 1.387160e+04 2.998198e+02 4.022584e+04 5.158639e+07
<GCONST> 6.993390e+01
<MIXTURE> 5 6.865518e-02
<MEAN> 6
 7.288602e+01 9.673677e+02 2.009786e+01 -5.869508e-01 -7.735860e+00 -5.972804e+01
<VARIANCE> 6
 3.185104e+01 1.467134e+04 1.387160e+04 2.998198e+02 4.022584e+04 5.158639e+07
<GCONST> 6.768380e+01
<MIXTURE> 6 5.883631e-02
<MEAN> 6
 7.903812e+01 -1.579266e+03 -1.083901e+02 -2.075255e+00 -2.397191e+00 -8.359459e+01
<VARIANCE> 6
 3.185104e+01 4.953071e+04 1.387160e+04 2.998198e+02 4.022584e+04 5.158639e+07
<GCONST> 6.890050e+01
<MIXTURE> 7 9.548241e-02
<MEAN> 6
 8.092550e+01 1.143197e+03 1.082636e+03 -1.165403e+00 -7.471155e+00 1.513877e+02
<VARIANCE> 6
 3.185104e+01 1.539928e+06 6.885741e+05 2.998198e+02 4.022584e+04 5.158639e+07
<GCONST> 7.624217e+01
<MIXTURE> 8 1.038145e-01
<MEAN> 6
 7.837971e+01 1.731466e+02 -2.142647e+02 -1.307115e+00 -1.405144e+01 3.719861e+00
<VARIANCE> 6
 3.185104e+01 1.519357e+05 6.055652e+04 2.998198e+02 4.022584e+04 5.158639e+07
<GCONST> 7.149509e+01
<MIXTURE> 9 9.257219e-02
<MEAN> 6
 7.528638e+01 1.009003e+03 -7.169520e+02 -1.528112e+00 -6.321608e+00 1.389871e+01
<VARIANCE> 6
 3.185104e+01 8.892930e+04 1.387160e+04 2.998198e+02 4.022584e+04 5.158639e+07
<GCONST> 6.948574e+01
<MIXTURE> 10 6.204766e-02
<MEAN> 6
 7.760048e+01 -8.394372e+01 2.012810e+02 -1.321459e+00 -1.425937e+01 -1.746174e+01
<VARIANCE> 6
 3.185104e+01 1.127307e+05 1.387160e+04 2.998198e+02 4.022584e+04 5.158639e+07
<GCONST> 6.972290e+01
<MIXTURE> 11 6.526183e-02
<MEAN> 6
 7.735593e+01 4.091250e+01 -1.232475e+02 -1.364570e+00 -1.065244e+01 -8.034097e+01
<VARIANCE> 6
 3.185104e+01 1.519794e+05 1.387160e+04 2.998198e+02 4.022584e+04 5.158639e+07
<GCONST> 7.002164e+01
<MIXTURE> 12 6.345858e-02
<MEAN> 6
 7.762735e+01 -1.884456e+02 -1.584804e+02 -2.428151e+00 -1.049503e+01 -4.932423e+01
<VARIANCE> 6
 3.185104e+01 1.559141e+05 1.387160e+04 2.998198e+02 4.022584e+04 5.158639e+07
<GCONST> 7.004720e+01
<MIXTURE> 13 6.025046e-02
<MEAN> 6
 7.582475e+01 1.570408e+02 1.913747e+02 -8.151419e-01 -1.292354e+01 -1.662009e+01
<VARIANCE> 6
 3.185104e+01 1.907145e+05 1.387160e+04 2.998198e+02 4.022584e+04 5.158639e+07
<GCONST> 7.024868e+01
<MIXTURE> 14 6.299909e-02
<MEAN> 6
 7.719624e+01 -2.149726e+02 1.760529e+02 -1.759008e+00 -1.490147e+01 -1.593459e+01
<VARIANCE> 6
 3.185104e+01 1.293682e+05 1.387160e+04 2.998198e+02 4.022584e+04 5.158639e+07
<GCONST> 6.986057e+01
<STATE> 8
<NUMMIXES> 14
<MIXTURE> 1 3.276707e-02
<MEAN> 6
 6.083972e+01 2.754104e+03 3.788195e+02 -3.321352e+01 -7.325901e+02 1.381540e+03
<VARIANCE> 6
 1.858991e+03 3.360281e+07 4.460544e+06 3.002019e+04 8.239066e+05 3.633849e+08
<GCONST> 9.483836e+01
<MIXTURE> 2 5.062001e-02
<MEAN> 6
 -1.465374e+01 2.688890e+02 2.683620e-01 9.663898e+01 2.538831e+02 -2.272301e+03
<VARIANCE> 6
 1.826399e+02 3.100657e+05 1.798397e+05 1.152234e+04 8.965559e+04 5.158639e+07
<GCONST> 7.949368e+01
<MIXTURE> 3 1.079824e-01
<MEAN> 6
 7.994205e+01 -2.211182e+02 3.157380e+02 -4.425971e+00 -6.256741e+01 -1.586037e+02
<VARIANCE> 6
 1.042846e+02 7.277610e+05 9.691658e+05 2.998198e+02 4.022584e+04 5.158639e+07
<GCONST> 7.702052e+01
<MIXTURE> 4 1.026260e-01
<MEAN> 6
 3.325660e+01 6.935036e+01 -1.609686e+02 1.591837e+02 -1.918334e+02 -1.288984e+03
<VARIANCE> 6
 4.626792e+02 6.015848e+05 3.858980e+05 2.552893e+03 6.635619e+04 5.158639e+07
<GCONST> 8.004149e+01
<MIXTURE> 5 6.875111e-02
<MEAN> 6
 -4.118850e+01 2.858111e+02 -1.702172e+01 -6.481676e+01 9.900285e+02 1.167494e+03
<VARIANCE> 6
 2.118098e+02 3.197250e+06 2.987815e+06 1.940827e+04 3.154501e+05 2.067028e+08
<GCONST> 8.795280e+01
<MIXTURE> 6 9.249765e-02
<MEAN> 6
 3.799801e+01 1.335634e+03 -1.966046e+03 2.317976e+01 -1.346172e+02 -8.072201e+01
<VARIANCE> 6
 1.330212e+03 3.672448e+06 4.830150e+06 2.697127e+04 1.054606e+05 5.158639e+07
<GCONST> 8.825450e+01
<MIXTURE> 7 9.278063e-02
<MEAN> 6
 -5.636798e+01 3.789726e+01 1.647518e+02 9.135170e+00 1.219429e+02 -1.366103e+02
<VARIANCE> 6
 9.910220e+01 6.293025e+05 1.465348e+06 4.297077e+02 4.022584e+04 5.158639e+07
<GCONST> 7.759753e+01
<MIXTURE> 8 6.452495e-02
<MEAN> 6
 7.238346e+01 -5.871334e+01 1.882755e+02 2.839585e+01 -4.040762e+02 1.067096e+02
<VARIANCE> 6
 1.382913e+02 1.008807e+06 8.031947e+05 5.416059e+03 1.108365e+05 5.158639e+07
<GCONST> 8.134896e+01
<MIXTURE> 9 9.768570e-02
<MEAN> 6
 4.181040e+00 -1.571755e+02 2.494590e+01 -1.982283e+02 8.553865e+01 3.273740e+03
<VARIANCE> 6
 4.496612e+02 8.722558e+05 5.374949e+05 3.240442e+03 1.426813e+05 9.053379e+07
<GCONST> 8.228234e+01
<MIXTURE> 10 3.089201e-02
<MEAN> 6
 3.080492e+01 -5.532590e+03 3.277064e+02 -7.004702e+00 -5.737721e+01 7.283921e+01
<VARIANCE> 6
 3.254961e+03 1.234103e+06 2.242380e+05 1.639515e+04 1.498381e+05 5.158639e+07
<GCONST> 8.484234e+01
<MIXTURE> 11 9.467908e-02
<MEAN> 6
 -4.500268e+01 8.058870e+01 8.497600e+01 3.423665e+01 6.321652e+02 -3.139644e+02
<VARIANCE> 6
 1.272688e+02 4.974490e+05 3.922143e+05 8.296812e+03 7.779540e+04 5.158639e+07
<GCONST> 7.991461e+01
<MIXTURE> 12 5.343755e-02
<MEAN> 6
 5.355265e+01 -1.333937e+02 -1.739827e+02 -1.637009e+02 -6.107349e+02 2.198017e+03
<VARIANCE> 6
 1.336895e+02 8.092596e+05 6.131362e+05 2.746567e+03 1.243204e+05 5.158639e+07
<GCONST> 8.026049e+01
<MIXTURE> 13 4.548176e-02
<MEAN> 6
 -1.764818e+01 8.827567e+01 8.244683e+01 3.583606e+01 1.801241e+02 -2.048980e+03
<VARIANCE> 6
 1.401457e+02 7.728467e+05 4.476604e+05 1.844828e+04 5.586187e+04 5.158639e+07
<GCONST> 8.105170e+01
<MIXTURE> 14 6.498276e-02
<MEAN> 6
 7.250053e+01 -2.992176e+02 1.583250e+00 -9.200572e+00 -5.467703e+02 -1.742299e+03
<VARIANCE> 6
 1.047204e+02 9.226455e+05 6.333728e+05 6.747946e+03 1.248551e+05 5.158639e+07
<GCONST> 8.108304e+01
<STATE> 9
<NUMMIXES> 14
<MIXTURE> 1 8.029535e-02
<MEAN> 6
 6.870474e+01 1.109744e+03 -1.923742e+03 1.177456e+02 -4.071246e+02 4.877244e+02
<VARIANCE> 6
 1.817682e+02 1.833962e+06 4.995310e+06 5.777733e+03 1.106606e+05 5.158639e+07
<GCONST> 8.411075e+01
<MIXTURE> 2 8.701959e-02
<MEAN> 6
 8.006378e+01 -1.330800e+02 1.595600e+02 1.126620e+02 -7.024323e+02 -1.663797e+03
<VARIANCE> 6
 4.346328e+02 3.071964e+06 3.189908e+05 1.147649e+04 1.424430e+06 9.888867e+08
<GCONST> 8.894194e+01
<MIXTURE> 3 9.684746e-02
<MEAN> 6
 3.463409e+01 5.438709e+02 -2.296823e+02 1.723688e+02 -2.053753e+02 -8.126542e+02
<VARIANCE> 6
 1.903784e+02 1.622274e+06 3.307325e+05 2.553552e+03 4.022584e+04 5.158639e+07
<GCONST> 7.949095e+01
<MIXTURE> 4 4.641310e-02
<MEAN> 6
 3.887284e+01 1.975484e+02 2.226474e+02 2.214267e+02 -4.585126e+02 -2.244393e+03
<VARIANCE> 6
 1.288707e+02 1.098964e+05 1.690556e+05 1.304224e+03 4.022584e+04 5.158639e+07
<GCONST> 7.506574e+01
<MIXTURE> 5 9.324400e-02
<MEAN> 6
 9.317215e-01 2.603446e+02 -1.609541e+02 2.286085e+02 1.505154e+02 -3.395187e+03
<VARIANCE> 6
 1.528532e+02 8.730898e+05 4.351997e+05 1.702468e+03 4.629074e+04 5.158639e+07
<GCONST> 7.866139e+01
<MIXTURE> 6 9.518592e-02
<MEAN> 6
 5.755656e+01 -3.150146e+02 2.236856e+02 7.599788e+01 -7.647276e+01 -2.388062e+02
<VARIANCE> 6
 2.581634e+02 2.394903e+06 5.750684e+05 3.004977e+02 4.022584e+04 5.158639e+07
<GCONST> 7.859843e+01
<MIXTURE> 7 8.023201e-02
<MEAN> 6
 -3.004100e+01 6.670780e+00 -6.147086e+01 1.911375e+02 7.589241e+02 -5.236866e+03
<VARIANCE> 6
 5.029963e+01 5.546403e+05 5.983679e+05 1.377606e+03 9.712148e+04 5.158639e+07
<GCONST> 7.794389e+01
<MIXTURE> 8 5.543344e-02
<MEAN> 6
 6.998094e+01 1.817938e+02 -2.387967e+02 1.503539e+02 -5.143521e+02 -1.750380e+02
<VARIANCE> 6
 2.003307e+02 2.235079e+05 3.074112e+05 1.987063e+03 6.146430e+04 5.158639e+07
<GCONST> 7.765977e+01
<MIXTURE> 9 8.177543e-02
<MEAN> 6
 2.210407e+01 -4.412981e+02 -3.867990e+02 2.303848e+02 -1.377991e+02 -2.914429e+03
<VARIANCE> 6
 3.206391e+02 3.795558e+05 3.462399e+06 1.800991e+03 6.968906e+04 5.158639e+07
<GCONST> 8.110847e+01
<MIXTURE> 10 3.475035e-02
<MEAN> 6
 1.083469e+02 -1.009540e+03 -1.141014e+03 4.949406e+01 -1.172040e+03 5.806866e+03
<VARIANCE> 6
 8.148549e+01 7.050514e+06 7.124418e+06 5.139433e+03 1.792490e+05 2.026025e+08
<GCONST> 8.674332e+01
<MIXTURE> 11 4.865793e-02
<MEAN> 6
 -9.808525e+00 -3.006130e+00 3.148916e+01 2.058808e+02 1.031363e+02 -3.704512e+03
<VARIANCE> 6
 7.438604e+01 4.174793e+05 1.804367e+05 1.714848e+03 1.310465e+05 1.313969e+08
<GCONST> 7.830578e+01
<MIXTURE> 12 8.295288e-02
<MEAN> 6
 8.126443e+01 -2.614460e+02 -3.499162e+02 5.221347e+01 -5.438800e+02 1.141753e+03
<VARIANCE> 6
 1.344757e+02 1.243805e+06 1.651358e+06 6.922593e+02 8.779727e+04 5.158639e+07
<GCONST> 7.996096e+01
<MIXTURE> 13 6.097259e-02
<MEAN> 6
 -4.720855e+01 -4.777469e+01 -6.266688e+02 1.027756e+02 5.445909e+02 1.395922e+03
<VARIANCE> 6
 4.610216e+01 1.542291e+05 1.581649e+05 9.267606e+02 6.472748e+04 5.158639e+07
<GCONST> 7.444411e+01
<MIXTURE> 14 5.620651e-02
<MEAN> 6
 6.429228e+01 -8.233749e+01 -2.479301e+02 1.388822e+02 -6.097245e+02 -7.913839e+02
<VARIANCE> 6
 1.509548e+02 3.093409e+05 3.040748e+05 1.683818e+03 8.424930e+04 5.158639e+07
<GCONST> 7.784059e+01
<STATE> 10
<NUMMIXES> 14
<MIXTURE> 1 8.959046e-02
<MEAN> 6
 1.051478e+02 6.824030e+02 -6.400267e+02 -7.656831e+00 9.629580e+00 2.976443e+02
<VARIANCE> 6
 5.181227e+01 1.799231e+05 1.406728e+05 2.998198e+02 4.022584e+04 5.158639e+07
<GCONST> 7.299358e+01
<MIXTURE> 2 7.033685e-02
<MEAN> 6
 9.627496e+01 -8.915418e+02 -7.833513e+03 -5.532677e+00 5.722649e+00 8.301812e+01
<VARIANCE> 6
 1.636574e+02 7.016936e+04 4.462542e+06 2.998198e+02 4.022584e+04 5.158639e+07
<GCONST> 7.665915e+01
<MIXTURE> 3 7.285745e-02
<MEAN> 6
 9.456075e+01 -2.032290e+02 8.377037e+01 -3.491170e+00 -1.031071e+01 8.432533e+01
<VARIANCE> 6
 3.185104e+01 3.561210e+04 4.724385e+04 2.998198e+02 4.022584e+04 5.158639e+07
<GCONST> 6.979607e+01
<MIXTURE> 4 8.013986e-02
<MEAN> 6
 9.056672e+01 1.716217e+03 -1.280894e+03 -3.798488e+00 -3.224302e+00 1.054495e+02
<VARIANCE> 6
 1.116697e+02 3.413724e+05 7.130613e+04 2.998198e+02 4.022584e+04 5.158639e+07
<GCONST> 7.372249e+01
<MIXTURE> 5 4.755092e-02
<MEAN> 6
 8.095149e+01 5.301005e+02 -3.967548e+03 -2.123539e+00 3.821041e-01 1.579364e+01
<VARIANCE> 6
 7.601278e+01 2.377261e+04 1.657719e+05 2.998198e+02 4.022584e+04 5.158639e+07
<GCONST> 7.151704e+01
<MIXTURE> 6 2.437853e-02
<MEAN> 6
 6.766700e+01 -3.867684e+02 2.972282e+03 -1.549830e+00 -1.052189e+01 1.336477e+02
<VARIANCE> 6
 3.185104e+01 1.550100e+04 1.387160e+04 2.998198e+02 4.022584e+04 5.158639e+07
<GCONST> 6.773881e+01
<MIXTURE> 7 8.594985e-02
<MEAN> 6
 8.831994e+01 -5.593360e+03 1.126103e+02 -6.958614e+00 1.269163e+01 1.319420e+02
<VARIANCE> 6
 7.258289e+01 5.458789e+06 1.238005e+06 2.998198e+02 4.022584e+04 5.158639e+07
<GCONST> 7.891795e+01
<MIXTURE> 8 6.189174e-02
<MEAN> 6
 8.539162e+01 -8.441086e+02 1.095960e+03 -4.269562e+00 -8.128615e+00 6.002143e+01
<VARIANCE> 6
 3.185104e+01 2.749726e+04 1.941420e+06 2.998198e+02 4.022584e+04 5.158639e+07
<GCONST> 7.325332e+01
<MIXTURE> 9 8.216196e-02
<MEAN> 6
 8.367621e+01 5.973096e+01 -1.731073e+03 -3.843552e+00 4.843280e-01 8.075791e+01
<VARIANCE> 6
 9.281316e+01 4.265470e+04 5.002382e+05 2.998198e+02 4.022584e+04 5.158639e+07
<GCONST> 7.340580e+01
<MIXTURE> 10 1.008388e-01
<MEAN> 6
 9.317686e+01 2.913661e+02 -3.198577e+02 -3.967067e+00 1.154598e+00 1.530401e+01
<VARIANCE> 6
 3.185104e+01 2.147903e+04 3.928568e+04 2.998198e+02 4.022584e+04 5.158639e+07
<GCONST> 6.910600e+01
<MIXTURE> 11 6.382712e-02
<MEAN> 6
 7.801831e+01 -1.224798e+03 6.023732e+02 -4.248734e+00 1.683002e+00 7.345139e+01
<VARIANCE> 6
 3.325682e+01 6.329740e+04 2.648134e+05 2.998198e+02 4.022584e+04 5.158639e+07
<GCONST> 7.213811e+01
<MIXTURE> 12 7.154831e-02
<MEAN> 6
 8.426313e+01 -1.192319e+02 -2.024340e+03 -4.122527e+00 -3.450943e-01 9.059479e+01
<VARIANCE> 6
 7.304846e+01 6.311431e+05 5.788105e+04 2.998198e+02 4.022584e+04 5.158639e+07
<GCONST> 7.370403e+01
<MIXTURE> 13 8.749908e-02
<MEAN> 6
 9.228307e+01 -5.363495e+02 -1.043163e+03 -4.680255e+00 -6.678089e+00 8.901532e+01
<VARIANCE> 6
 5.540073e+01 6.642766e+04 3.269728e+05 2.998198e+02 4.022584e+04 5.158639e+07
<GCONST> 7.290757e+01
<MIXTURE> 14 6.138199e-02
<MEAN> 6
 8.470946e+01 -9.326732e+02 3.115073e+02 -4.274944e+00 -7.076311e+00 1.139897e+02
<VARIANCE> 6
 3.185104e+01 3.338148e+04 1.782813e+06 2.998198e+02 4.022584e+04 5.158639e+07
<GCONST> 7.336201e+01
<STATE> 11
<NUMMIXES> 14
<MIXTURE> 1 5.177266e-02
<MEAN> 6
 6.112945e+01 2.095271e+03 8.978382e+02 -8.262848e-01 5.490053e+00 9.342943e+01
<VARIANCE> 6
 3.185104e+01 3.436962e+05 4.230062e+05 2.998198e+02 4.022584e+04 5.158639e+07
<GCONST> 7.425520e+01
<MIXTURE> 2 8.110374e-02
<MEAN> 6
 6.773613e+01 4.452859e+02 1.390669e+02 -5.749660e-01 -1.160176e+01 -1.488599e+02
<VARIANCE> 6
 3.185104e+01 1.195217e+04 1.387160e+04 2.998198e+02 4.022584e+04 5.158639e+07
<GCONST> 6.747881e+01
<MIXTURE> 3 6.007914e-02
<MEAN> 6
 6.468498e+01 1.046369e+02 6.974101e+01 2.831105e-01 -9.172071e+00 -1.259927e+02
<VARIANCE> 6
 3.185104e+01 1.195217e+04 1.387160e+04 2.998198e+02 4.022584e+04 5.158639e+07
<GCONST> 6.747881e+01
<MIXTURE> 4 8.376602e-02
<MEAN> 6
 6.377029e+01 -1.183182e+03 -5.728084e+01 -1.218701e+00 -3.878552e+00 1.361033e+02
<VARIANCE> 6
 3.185104e+01 4.256287e+05 4.564493e+04 2.998198e+02 4.022584e+04 5.158639e+07
<GCONST> 7.224252e+01
<MIXTURE> 5 5.733789e-02
<MEAN> 6
 5.445753e+01 8.430790e+02 8.497301e-02 1.292415e+00 4.093953e+00 -1.301756e+02
<VARIANCE> 6
 3.185104e+01 1.195217e+04 1.387160e+04 2.998198e+02 4.022584e+04 5.158639e+07
<GCONST> 6.747881e+01
<MIXTURE> 6 8.067276e-02
<MEAN> 6
 7.682816e+01 6.059543e+02 4.551631e+02 -4.151721e+00 -5.181490e+00 7.036459e+01
<VARIANCE> 6
 5.283472e+01 2.606079e+04 2.471315e+04 2.998198e+02 4.022584e+04 5.158639e+07
<GCONST> 6.934193e+01
<MIXTURE> 7 5.742908e-02
<MEAN> 6
 5.981628e+01 3.293042e+01 -9.103853e+01 6.702896e-04 -4.356459e+00 -1.497235e+02
<VARIANCE> 6
 3.185104e+01 1.195217e+04 1.387160e+04 2.998198e+02 4.022584e+04 5.158639e+07
<GCONST> 6.747881e+01
<MIXTURE> 8 7.333466e-02
<MEAN> 6
 6.049139e+01 4.859836e+02 1.078100e+02 -1.909415e-01 -1.428299e+00 -1.242075e+02
<VARIANCE> 6
 3.185104e+01 1.195217e+04 1.387160e+04 2.998198e+02 4.022584e+04 5.158639e+07
<GCONST> 6.747881e+01
<MIXTURE> 9 7.004959e-02
<MEAN> 6
 7.522157e+01 1.106896e+03 -1.098603e+02 -3.420669e+00 5.214451e-01 1.521119e+02
<VARIANCE> 6
 3.185104e+01 6.793518e+04 6.021755e+04 2.998198e+02 4.022584e+04 5.158639e+07
<GCONST> 7.068458e+01
<MIXTURE> 10 1.218408e-01
<MEAN> 6
 5.886161e+01 2.287059e+01 -1.135021e+02 1.304911e-01 -3.943686e+00 -1.500639e+02
<VARIANCE> 6
 3.185104e+01 1.195217e+04 1.387160e+04 2.998198e+02 4.022584e+04 5.158639e+07
<GCONST> 6.747881e+01
<MIXTURE> 11 5.226029e-02
<MEAN> 6
 6.426817e+01 9.004086e+01 4.508002e+01 1.176768e-01 -7.819049e+00 -1.190263e+02
<VARIANCE> 6
 3.185104e+01 1.195217e+04 1.387160e+04 2.998198e+02 4.022584e+04 5.158639e+07
<GCONST> 6.747881e+01
<MIXTURE> 12 7.342444e-02
<MEAN> 6
 6.028597e+01 4.890882e+02 1.043129e+02 -1.673062e-01 -8.859562e-01 -1.211686e+02
<VARIANCE> 6
 3.185104e+01 1.195217e+04 1.387160e+04 2.998198e+02 4.022584e+04 5.158639e+07
<GCONST> 6.747881e+01
<MIXTURE> 13 7.928888e-02
<MEAN> 6
 7.231287e+01 1.151323e+03 -4.829503e+02 -4.310175e+00 -1.416128e+00 1.324412e+02
<VARIANCE> 6
 3.185104e+01 4.461989e+05 4.285790e+04 2.998198e+02 4.022584e+04 5.158639e+07
<GCONST> 7.222672e+01
<MIXTURE> 14 5.758553e-02
<MEAN> 6
 5.838486e+01 1.677695e+01 -1.259205e+02 2.100112e-01 -3.718999e+00 -1.487100e+02
<VARIANCE> 6
 3.185104e+01 1.195217e+04 1.387160e+04 2.998198e+02 4.022584e+04 5.158639e+07
<GCONST> 6.747881e+01
<STATE> 12
<NUMMIXES> 14
<MIXTURE> 1 3.618895e-02
<MEAN> 6
 -4.178552e+01 4.937406e+01 4.437788e+01 -5.151125e+01 1.245793e+03 1.154743e+03
<VARIANCE> 6
 2.334723e+02 1.206098e+05 3.844812e+05 2.586610e+04 5.012335e+05 4.242813e+08
<GCONST> 8.419171e+01
<MIXTURE> 2 6.581561e-02
<MEAN> 6
 7.913969e+01 -2.772894e+02 -1.946786e+01 2.259586e+01 -8.998298e+02 -1.856898e+03
<VARIANCE> 6
 1.629975e+02 5.980902e+05 7.589615e+04 1.016333e+04 5.562356e+05 2.656968e+08
<GCONST> 8.251297e+01
<MIXTURE> 3 7.025706e-02
<MEAN> 6
 1.902482e+01 7.651174e+01 7.588200e+01 2.087659e+02 -2.144462e+02 -2.792658e+03
<VARIANCE> 6
 4.589615e+02 7.180140e+04 8.852080e+04 3.014030e+03 1.351376e+05 6.566689e+07
<GCONST> 7.755407e+01
<MIXTURE> 4 5.686593e-02
<MEAN> 6
 7.531880e+01 -2.266122e+02 6.848022e+01 -6.564678e+00 -3.273929e+01 1.846336e+02
<VARIANCE> 6
 1.247249e+02 2.568892e+05 9.573595e+04 2.998198e+02 4.022584e+04 5.158639e+07
<GCONST> 7.384334e+01
<MIXTURE> 5 8.444537e-02
<MEAN> 6
 -1.966712e+01 -4.441214e+01 1.833970e+01 5.440200e+01 2.202617e+02 -3.362666e+03
<VARIANCE> 6
 1.066577e+02 5.929939e+04 1.685313e+04 1.953094e+04 1.142465e+05 8.293278e+07
<GCONST> 7.617894e+01
<MIXTURE> 6 6.788043e-02
<MEAN> 6
 6.163515e+01 -2.864566e+00 3.763941e+01 8.277576e+01 -3.424068e+02 -6.322332e+02
<VARIANCE> 6
 1.389460e+02 8.806687e+04 3.037609e+04 4.517724e+03 8.402317e+04 5.158639e+07
<GCONST> 7.518199e+01
<MIXTURE> 7 6.024593e-02
<MEAN> 6
 1.848107e+01 8.545298e+01 1.053059e+02 -2.444053e+02 -1.226925e+02 9.474890e+03
<VARIANCE> 6
 4.415078e+02 1.443948e+05 3.417327e+04 3.402703e+03 3.387477e+05 1.735943e+08
<GCONST> 7.927453e+01
<MIXTURE> 8 9.710619e-02
<MEAN> 6
 -4.575461e+01 3.356704e+01 -2.540096e+01 2.503448e+01 8.917034e+02 -4.809185e+02
<VARIANCE> 6
 9.587092e+01 6.587385e+04 3.725759e+04 1.146404e+04 1.527253e+05 6.655304e+07
<GCONST> 7.650825e+01
<MIXTURE> 9 9.132370e-02
<MEAN> 6
 5.824468e+01 6.940998e+01 2.694149e+01 -1.272054e+02 -6.313623e+02 5.022476e+02
<VARIANCE> 6
 2.262990e+02 1.314423e+05 1.804963e+04 4.103079e+03 1.657277e+05 5.158639e+07
<GCONST> 7.613268e+01
<MIXTURE> 10 8.554569e-02
<MEAN> 6
 1.790783e+01 -1.689795e+02 -6.536507e+01 1.360916e+02 7.892789e-01 -2.026175e+02
<VARIANCE> 6
 3.759106e+02 1.260620e+05 5.779666e+04 1.469092e+03 4.515459e+04 5.158639e+07
<GCONST> 7.543484e+01
<MIXTURE> 11 7.055932e-02
<MEAN> 6
 -3.990601e+01 4.028592e+00 -8.426936e+01 1.934754e+01 2.522601e+02 -2.800354e+01
<VARIANCE> 6
 1.576384e+02 7.243552e+04 8.377730e+04 1.158101e+03 5.035556e+04 5.158639e+07
<GCONST> 7.425410e+01
<MIXTURE> 12 9.178764e-02
<MEAN> 6
 -4.116351e+00 2.870888e+01 3.858701e+01 -1.677644e+02 2.104684e+02 8.518857e+02
<VARIANCE> 6
 4.991750e+02 8.357269e+04 9.330763e+04 2.584024e+03 1.533258e+05 8.990996e+07
<GCONST> 7.812909e+01
<MIXTURE> 13 6.110252e-02
<MEAN> 6
 5.930357e+01 -1.326632e+02 -7.964739e+01 4.579703e+01 -3.147720e+02 -2.436103e+02
<VARIANCE> 6
 8.337340e+01 6.890662e+04 9.355512e+04 7.044764e+03 5.822202e+04 5.158639e+07
<GCONST> 7.562823e+01
<MIXTURE> 14 6.067627e-02
<MEAN> 6
 7.047693e+01 -1.790133e+02 -2.933092e+01 -6.611953e+00 -5.315132e+01 8.557191e+01
<VARIANCE> 6
 7.012502e+01 2.061744e+05 4.875021e+04 2.998198e+02 4.022584e+04 5.158639e+07
<GCONST> 7.237270e+01
<TRANSP> 13
 0.000000e+00 1.000000e+00 0.000000e+00 0.000000e+00 0.000000e+00 0.000000e+00 0.000000e+00 0.000000e+00 0.000000e+00 0.000000e+00 0.000000e+00 0.000000e+00 0.000000e+00
 0.000000e+00 9.978958e-01 2.104149e-03 0.000000e+00 0.000000e+00 0.000000e+00 0.000000e+00 0.000000e+00 0.000000e+00 0.000000e+00 0.000000e+00 0.000000e+00 0.000000e+00
 0.000000e+00 0.000000e+00 9.992534e-01 7.466212e-04 0.000000e+00 0.000000e+00 0.000000e+00 0.000000e+00 0.000000e+00 0.000000e+00 0.000000e+00 0.000000e+00 0.000000e+00
 0.000000e+00 0.000000e+00 0.000000e+00 9.976811e-01 2.318862e-03 0.000000e+00 0.000000e+00 0.000000e+00 0.000000e+00 0.000000e+00 0.000000e+00 0.000000e+00 0.000000e+00
 0.000000e+00 0.000000e+00 0.000000e+00 0.000000e+00 9.993297e-01 6.703024e-04 0.000000e+00 0.000000e+00 0.000000e+00 0.000000e+00 0.000000e+00 0.000000e+00 0.000000e+00
 0.000000e+00 0.000000e+00 0.000000e+00 0.000000e+00 0.000000e+00 9.998489e-01 1.511450e-04 0.000000e+00 0.000000e+00 0.000000e+00 0.000000e+00 0.000000e+00 0.000000e+00
 0.000000e+00 0.000000e+00 0.000000e+00 0.000000e+00 0.000000e+00 0.000000e+00 9.989910e-01 1.008963e-03 0.000000e+00 0.000000e+00 0.000000e+00 0.000000e+00 0.000000e+00
 0.000000e+00 0.000000e+00 0.000000e+00 0.000000e+00 0.000000e+00 0.000000e+00 0.000000e+00 9.998680e-01 1.320068e-04 0.000000e+00 0.000000e+00 0.000000e+00 0.000000e+00
 0.000000e+00 0.000000e+00 0.000000e+00 0.000000e+00 0.000000e+00 0.000000e+00 0.000000e+00 0.000000e+00 9.976501e-01 2.349873e-03 0.000000e+00 0.000000e+00 0.000000e+00
 0.000000e+00 0.000000e+00 0.000000e+00 0.000000e+00 0.000000e+00 0.000000e+00 0.000000e+00 0.000000e+00 0.000000e+00 9.991632e-01 8.368288e-04 0.000000e+00 0.000000e+00
 0.000000e+00 0.000000e+00 0.000000e+00 0.000000e+00 0.000000e+00 0.000000e+00 0.000000e+00 0.000000e+00 0.000000e+00 0.000000e+00 9.989728e-01 1.027212e-03 0.000000e+00
 0.000000e+00 0.000000e+00 0.000000e+00 0.000000e+00 0.000000e+00 0.000000e+00 0.000000e+00 0.000000e+00 0.000000e+00 0.000000e+00 0.000000e+00 9.998296e-01 1.703832e-04
 0.000000e+00 0.000000e+00 0.000000e+00 0.000000e+00 0.000000e+00 0.000000e+00 0.000000e+00 0.000000e+00 0.000000e+00 0.000000e+00 0.000000e+00 0.000000e+00 0.000000e+00
<ENDHMM>
~h "QuintoPRIMARIA"
<BEGINHMM>
<NUMSTATES> 13
<STATE> 2
<NUMMIXES> 14
<MIXTURE> 1 8.570011e-02
<MEAN> 6
 8.672009e+01 3.782923e+02 1.184430e+03 -2.812494e+00 -3.718032e+01 -1.393149e+02
<VARIANCE> 6
 1.324143e+02 1.337289e+05 4.773595e+06 2.998198e+02 4.022584e+04 5.158639e+07
<GCONST> 7.715959e+01
<MIXTURE> 2 4.699563e-02
<MEAN> 6
 3.810266e+01 1.039137e+02 -1.926749e+03 -7.067778e+01 -4.795629e+02 3.696390e+03
<VARIANCE> 6
 3.158068e+03 2.380109e+06 1.326291e+07 7.029736e+04 3.551284e+06 1.753082e+09
<GCONST> 9.769606e+01
<MIXTURE> 3 6.967115e-02
<MEAN> 6
 -2.704526e+01 -3.407856e+02 2.471734e+02 2.410092e+02 6.391544e+02 -4.427900e+03
<VARIANCE> 6
 3.317499e+02 3.624889e+05 1.291592e+06 4.741966e+03 2.129964e+05 5.158639e+07
<GCONST> 8.219578e+01
<MIXTURE> 4 9.047081e-02
<MEAN> 6
 -6.446511e+01 -1.246579e+02 2.901957e+01 4.307772e+01 6.349653e+02 3.246727e+02
<VARIANCE> 6
 9.668921e+01 4.649748e+05 1.931486e+06 5.967842e+03 1.350918e+05 5.802125e+07
<GCONST> 8.150647e+01
<MIXTURE> 5 6.093092e-02
<MEAN> 6
 4.847672e+01 -1.684159e+02 5.390297e+02 1.275658e+02 -4.033669e+02 -4.397162e+02
<VARIANCE> 6
 4.881677e+02 1.801445e+05 2.252730e+06 1.705972e+04 9.348701e+04 5.158639e+07
<GCONST> 8.289591e+01
<MIXTURE> 6 1.095699e-01
<MEAN> 6
 7.123345e+01 -4.209575e+02 -2.710029e+02 1.945630e+00 -2.268555e+01 -1.264935e+02
<VARIANCE> 6
 3.047971e+02 3.939048e+04 1.368266e+06 2.998198e+02 4.022584e+04 5.158639e+07
<GCONST> 7.552146e+01
<MIXTURE> 7 6.442467e-02
<MEAN> 6
 8.921989e+01 2.256794e+02 -2.181398e+02 -1.762093e+01 -8.633376e+02 -1.808891e+03
<VARIANCE> 6
 2.181571e+02 3.836203e+05 5.793676e+05 1.868587e+04 3.892045e+05 2.066619e+08
<GCONST> 8.439355e+01
<MIXTURE> 8 6.730299e-02
<MEAN> 6
 -5.608894e+01 -3.265229e+02 -5.468901e+02 -1.362591e+02 1.427806e+03 1.869741e+03
<VARIANCE> 6
 2.570903e+02 3.191433e+05 2.958459e+06 2.115333e+04 7.687499e+05 5.517837e+08
<GCONST> 8.779100e+01
<MIXTURE> 9 5.568526e-02
<MEAN> 6
 5.801345e+01 3.694937e+02 -1.518640e+03 1.143902e+00 -1.973713e+01 -8.910363e+01
<VARIANCE> 6
 4.246169e+01 8.418059e+04 5.217202e+06 2.998198e+02 4.022584e+04 5.158639e+07
<GCONST> 7.564827e+01
<MIXTURE> 10 9.302048e-02
<MEAN> 6
 -2.345717e+00 -1.741340e+02 -1.506825e+02 -1.447409e+02 8.620476e+00 1.029319e+03
<VARIANCE> 6
 5.525162e+02 2.222476e+05 4.201283e+06 4.719070e+04 2.237995e+05 1.513030e+08
<GCONST> 8.681944e+01
<MIXTURE> 11 7.562271e-02
<MEAN> 6
 5.683910e+01 -4.296987e+00 -1.165429e+02 -1.199228e+02 -8.259303e+02 2.456944e+03
<VARIANCE> 6
 4.534046e+02 1.100368e+06 5.306326e+06 3.083131e+04 3.268609e+05 1.060935e+08
<GCONST> 8.805302e+01
<MIXTURE> 12 6.060758e-02
<MEAN> 6
 -6.629969e+01 -1.311321e+02 -1.848642e+02 3.369780e+00 1.026826e+02 4.185373e+02
<VARIANCE> 6
 1.899747e+02 8.585853e+04 2.120358e+06 3.417029e+02 5.111468e+04 5.158639e+07
<GCONST> 7.663625e+01
<MIXTURE> 13 5.783121e-02
<MEAN> 6
 7.454258e+01 1.344037e+02 7.748293e+02 -1.512655e+00 -2.695260e+01 -1.241907e+02
<VARIANCE> 6
 2.230085e+02 9.307278e+05 3.007118e+06 2.998198e+02 4.022584e+04 5.158639e+07
<GCONST> 7.915891e+01
<MIXTURE> 14 6.174499e-02
<MEAN> 6
 4.145003e+01 -3.637975e+02 2.281940e+02 1.317502e+02 -5.034252e+02 -2.475169e+03
<VARIANCE> 6
 4.794850e+02 2.361018e+05 1.531122e+06 2.819645e+04 1.111719e+05 5.158639e+07
<GCONST> 8.343806e+01
<STATE> 3
<NUMMIXES> 14
<MIXTURE> 1 8.081936e-02
<MEAN> 6
 5.808198e+01 2.589528e+02 -1.713547e+02 -7.971960e-02 -5.901846e-01 -4.183255e+01
<VARIANCE> 6
 3.185104e+01 1.195217e+04 1.387160e+04 2.998198e+02 4.022584e+04 5.158639e+07
<GCONST> 6.747881e+01
<MIXTURE> 2 9.184159e-02
<MEAN> 6
 6.370489e+01 -5.885540e+01 -3.867252e+02 -1.957409e-02 -2.193532e+00 -8.623696e+01
<VARIANCE> 6
 3.185104e+01 1.195217e+04 1.387160e+04 2.998198e+02 4.022584e+04 5.158639e+07
<GCONST> 6.747881e+01
<MIXTURE> 3 7.625175e-02
<MEAN> 6
 6.954738e+01 9.046266e+01 -7.986150e+01 -2.626943e+00 -3.165682e+00 2.585107e+01
<VARIANCE> 6
 8.220296e+01 1.457182e+04 1.387160e+04 2.998198e+02 4.022584e+04 5.158639e+07
<GCONST> 6.862511e+01
<MIXTURE> 4 9.658947e-02
<MEAN> 6
 6.424124e+01 1.379587e+02 -4.812603e+02 -4.019011e-01 -3.902495e+00 -1.050041e+02
<VARIANCE> 6
 3.185104e+01 1.195217e+04 6.186189e+04 2.998198e+02 4.022584e+04 5.158639e+07
<GCONST> 6.897388e+01
<MIXTURE> 5 1.097829e-01
<MEAN> 6
 6.364297e+01 -1.867190e+02 -2.561503e+02 -8.233923e-03 -3.648211e+00 -1.106246e+02
<VARIANCE> 6
 3.185104e+01 1.195217e+04 1.387160e+04 2.998198e+02 4.022584e+04 5.158639e+07
<GCONST> 6.747881e+01
<MIXTURE> 6 7.444285e-02
<MEAN> 6
 5.640499e+01 2.437375e+00 -6.447054e+01 -1.116052e-01 -6.680708e+00 -1.932854e+02
<VARIANCE> 6
 3.185104e+01 1.412195e+04 1.387160e+04 2.998198e+02 4.022584e+04 5.158639e+07
<GCONST> 6.764563e+01
<MIXTURE> 7 6.135147e-02
<MEAN> 6
 6.730502e+01 -1.599256e+02 -2.038086e+02 -5.286601e-01 -4.461884e+00 -7.783733e+01
<VARIANCE> 6
 3.185104e+01 1.195217e+04 1.387160e+04 2.998198e+02 4.022584e+04 5.158639e+07
<GCONST> 6.747881e+01
<MIXTURE> 8 5.989220e-02
<MEAN> 6
 6.174810e+01 -1.681610e+02 -6.740557e+02 -6.414427e-01 -3.946972e+00 -1.381984e+02
<VARIANCE> 6
 3.185104e+01 1.195217e+04 1.387160e+04 2.998198e+02 4.022584e+04 5.158639e+07
<GCONST> 6.747881e+01
<MIXTURE> 9 5.560308e-02
<MEAN> 6
 6.386401e+01 -5.083881e+01 -3.733207e+02 -1.451811e-02 -2.312352e+00 -9.131921e+01
<VARIANCE> 6
 3.185104e+01 1.195217e+04 1.387160e+04 2.998198e+02 4.022584e+04 5.158639e+07
<GCONST> 6.747881e+01
<MIXTURE> 10 6.532429e-02
<MEAN> 6
 6.138377e+01 -2.247137e+02 -2.680869e+02 5.362306e-03 -3.578600e+00 -1.010990e+02
<VARIANCE> 6
 3.185104e+01 1.195217e+04 1.387160e+04 2.998198e+02 4.022584e+04 5.158639e+07
<GCONST> 6.747881e+01
<MIXTURE> 11 7.699179e-02
<MEAN> 6
 5.614662e+01 -7.579340e+01 -8.006876e+01 5.675572e-02 -4.972739e+00 -1.503633e+02
<VARIANCE> 6
 3.185104e+01 1.773315e+04 1.387160e+04 2.998198e+02 4.022584e+04 5.158639e+07
<GCONST> 6.787334e+01
<MIXTURE> 12 3.551307e-02
<MEAN> 6
 5.709108e+01 1.895527e+01 -1.019153e+02 -4.784754e-03 -1.921839e+00 -9.080276e+01
<VARIANCE> 6
 3.185104e+01 4.711159e+04 1.387160e+04 2.998198e+02 4.022584e+04 5.158639e+07
<GCONST> 6.885042e+01
<MIXTURE> 13 6.022964e-02
<MEAN> 6
 6.171593e+01 -1.698590e+02 -6.775862e+02 -6.422220e-01 -3.538696e+00 -1.364655e+02
<VARIANCE> 6
 3.185104e+01 1.195217e+04 1.387160e+04 2.998198e+02 4.022584e+04 5.158639e+07
<GCONST> 6.747881e+01
<MIXTURE> 14 5.531894e-02
<MEAN> 6
 6.326546e+01 -9.194811e+01 -4.063912e+02 -7.307379e-02 -2.306162e+00 -7.766833e+01
<VARIANCE> 6
 3.185104e+01 1.195217e+04 1.387160e+04 2.998198e+02 4.022584e+04 5.158639e+07
<GCONST> 6.747881e+01
<STATE> 4
<NUMMIXES> 14
<MIXTURE> 1 1.505509e-02
<MEAN> 6
 7.794934e+01 3.835695e+02 2.726889e+03 2.061936e+01 -6.862265e+01 -1.598535e+03
<VARIANCE> 6
 3.069340e+02 1.400628e+05 1.440266e+06 9.436143e+02 5.018065e+05 2.702669e+08
<GCONST> 8.217468e+01
<MIXTURE> 2 7.650629e-02
<MEAN> 6
 8.463856e+01 -4.271744e+02 1.436615e+03 -3.919034e+00 1.364583e+00 7.955606e+00
<VARIANCE> 6
 3.185104e+01 1.195217e+04 1.387160e+04 2.998198e+02 4.022584e+04 5.158639e+07
<GCONST> 6.747881e+01
<MIXTURE> 3 5.685708e-02
<MEAN> 6
 8.052660e+01 -6.498934e+02 2.996863e+03 -1.528407e+00 -1.445894e+00 -4.283357e+01
<VARIANCE> 6
 3.185104e+01 1.509557e+04 3.609771e+04 2.998198e+02 4.022584e+04 5.158639e+07
<GCONST> 6.866869e+01
<MIXTURE> 4 6.378234e-02
<MEAN> 6
 1.000949e+02 -4.194409e+01 3.390875e+03 -4.790965e+00 6.932961e-01 6.586198e+00
<VARIANCE> 6
 3.185104e+01 1.195217e+04 1.387160e+04 2.998198e+02 4.022584e+04 5.158639e+07
<GCONST> 6.747881e+01
<MIXTURE> 5 3.746464e-02
<MEAN> 6
 5.955580e+01 -2.293798e+02 8.754106e+02 -5.028642e-01 -8.415299e+00 -9.627516e+01
<VARIANCE> 6
 3.185104e+01 1.195217e+04 1.387160e+04 2.998198e+02 4.022584e+04 5.158639e+07
<GCONST> 6.747881e+01
<MIXTURE> 6 5.496966e-02
<MEAN> 6
 7.455420e+01 -4.341613e+02 1.086239e+03 2.936297e-02 -5.105462e-02 -5.478605e+00
<VARIANCE> 6
 3.185104e+01 1.195217e+04 1.387160e+04 2.998198e+02 4.022584e+04 5.158639e+07
<GCONST> 6.747881e+01
<MIXTURE> 7 9.033927e-02
<MEAN> 6
 5.955590e+01 -2.293817e+02 8.754130e+02 -5.028462e-01 -8.415028e+00 -9.627071e+01
<VARIANCE> 6
 3.185104e+01 1.195217e+04 1.387160e+04 2.998198e+02 4.022584e+04 5.158639e+07
<GCONST> 6.747881e+01
<MIXTURE> 8 1.039206e-01
<MEAN> 6
 7.396626e+01 -4.194434e+02 8.829818e+02 -9.622748e-01 -1.112511e+01 -8.641138e+01
<VARIANCE> 6
 3.185104e+01 1.195217e+04 1.387160e+04 2.998198e+02 4.022584e+04 5.158639e+07
<GCONST> 6.747881e+01
<MIXTURE> 9 9.753420e-02
<MEAN> 6
 9.187516e+01 5.082551e+02 2.070589e+03 -3.130676e-03 -4.631206e+00 -5.712158e+01
<VARIANCE> 6
 3.185104e+01 1.480584e+04 2.130373e+04 2.998198e+02 4.022584e+04 5.158639e+07
<GCONST> 6.812196e+01
<MIXTURE> 10 1.020131e-01
<MEAN> 6
 6.775453e+01 -3.507131e+00 3.055982e+03 -6.177788e+00 5.210065e+00 3.515757e+02
<VARIANCE> 6
 3.675377e+02 2.244816e+04 9.407838e+04 2.998198e+02 4.022584e+04 5.158639e+07
<GCONST> 7.246915e+01
<MIXTURE> 11 8.734731e-02
<MEAN> 6
 9.205631e+01 3.031610e+02 2.877803e+03 -4.589069e+00 -7.033565e+00 3.924777e+02
<VARIANCE> 6
 3.185104e+01 1.195217e+04 3.047895e+05 2.998198e+02 4.022584e+04 5.158639e+07
<GCONST> 7.056860e+01
<MIXTURE> 12 1.020963e-01
<MEAN> 6
 7.396297e+01 -4.196808e+02 8.816087e+02 -9.917488e-01 -1.147034e+01 -8.909241e+01
<VARIANCE> 6
 3.185104e+01 1.195217e+04 1.387160e+04 2.998198e+02 4.022584e+04 5.158639e+07
<GCONST> 6.747881e+01
<MIXTURE> 13 5.148007e-02
<MEAN> 6
 7.430263e+01 -4.252668e+02 9.895771e+02 -2.776305e-01 -3.094897e+00 -2.550295e+01
<VARIANCE> 6
 3.185104e+01 1.195217e+04 1.898723e+04 2.998198e+02 4.022584e+04 5.158639e+07
<GCONST> 6.779274e+01
<MIXTURE> 14 6.062774e-02
<MEAN> 6
 7.601660e+01 -8.014175e+02 3.247919e+03 -1.685025e+00 7.520674e-01 -5.395754e+00
<VARIANCE> 6
 3.185104e+01 1.195217e+04 2.740067e+04 2.998198e+02 4.022584e+04 5.158639e+07
<GCONST> 6.815954e+01
<STATE> 5
<NUMMIXES> 14
<MIXTURE> 1 7.738199e-02
<MEAN> 6
 5.929800e+01 -1.111735e+03 4.784834e+02 5.104696e+00 -7.037989e+00 3.838810e+00
<VARIANCE> 6
 3.409994e+01 1.195217e+04 1.387160e+04 2.998198e+02 4.022584e+04 5.158639e+07
<GCONST> 6.754704e+01
<MIXTURE> 2 8.433699e-02
<MEAN> 6
 7.152305e+01 -6.025750e+02 1.607947e+02 -4.929141e-01 -3.165127e+00 -6.664869e+01
<VARIANCE> 6
 3.185104e+01 1.195217e+04 1.387160e+04 2.998198e+02 4.022584e+04 5.158639e+07
<GCONST> 6.747881e+01
<MIXTURE> 3 1.098398e-01
<MEAN> 6
 7.149976e+01 -1.094620e+03 -3.435493e+02 4.826074e-01 -6.169933e+00 -4.807807e+00
<VARIANCE> 6
 3.185104e+01 4.443888e+04 6.181479e+04 2.998198e+02 4.022584e+04 5.158639e+07
<GCONST> 7.028632e+01
<MIXTURE> 4 3.628609e-02
<MEAN> 6
 9.231180e+01 -1.558137e+03 -1.597077e+03 9.289224e+00 -5.191452e+01 1.730915e+02
<VARIANCE> 6
 8.307693e+01 1.195217e+04 6.922830e+04 7.666804e+02 4.022584e+04 5.158639e+07
<GCONST> 7.098396e+01
<MIXTURE> 5 9.998044e-02
<MEAN> 6
 7.390265e+01 -7.732345e+02 -6.013377e+01 1.062421e+00 -3.015899e+00 -1.451653e+02
<VARIANCE> 6
 3.185104e+01 1.195217e+04 1.387160e+04 2.998198e+02 4.022584e+04 5.158639e+07
<GCONST> 6.747881e+01
<MIXTURE> 6 6.291773e-02
<MEAN> 6
 7.300094e+01 -1.289677e+03 1.604704e+01 -2.303157e-01 -1.121356e+01 -2.355701e+02
<VARIANCE> 6
 3.185104e+01 1.195217e+04 3.221042e+04 2.998198e+02 4.022584e+04 5.158639e+07
<GCONST> 6.832126e+01
<MIXTURE> 7 6.400589e-02
<MEAN> 6
 4.898784e+01 -1.045963e+03 1.997420e+01 -1.748631e-01 -1.551940e+00 -9.265466e+01
<VARIANCE> 6
 3.185104e+01 1.195217e+04 1.387160e+04 2.998198e+02 4.022584e+04 5.158639e+07
<GCONST> 6.747881e+01
<MIXTURE> 8 4.897516e-02
<MEAN> 6
 7.788129e+01 -1.394511e+03 -1.020696e+03 -3.658513e+00 1.098685e+01 8.496025e+01
<VARIANCE> 6
 3.414120e+01 1.195217e+04 1.480375e+04 2.998198e+02 4.022584e+04 5.158639e+07
<GCONST> 6.761329e+01
<MIXTURE> 9 6.408979e-02
<MEAN> 6
 7.118231e+01 -8.950705e+02 -6.176793e+02 -3.846689e-01 -1.231678e+01 -1.709491e+02
<VARIANCE> 6
 3.185104e+01 3.274329e+05 1.387160e+04 2.998198e+02 4.022584e+04 5.158639e+07
<GCONST> 7.078918e+01
<MIXTURE> 10 7.755426e-02
<MEAN> 6
 7.255734e+01 -8.792263e+02 5.706832e+01 1.218724e+00 3.258014e+00 -9.951296e+01
<VARIANCE> 6
 3.185104e+01 1.195217e+04 1.387160e+04 2.998198e+02 4.022584e+04 5.158639e+07
<GCONST> 6.747881e+01
<MIXTURE> 11 8.388267e-02
<MEAN> 6
 7.152306e+01 -6.025750e+02 1.607935e+02 -4.929021e-01 -3.165131e+00 -6.665083e+01
<VARIANCE> 6
 3.185104e+01 1.195217e+04 1.387160e+04 2.998198e+02 4.022584e+04 5.158639e+07
<GCONST> 6.747881e+01
<MIXTURE> 12 6.259834e-02
<MEAN> 6
 7.372975e+01 -1.330111e+03 -1.701880e+02 6.246529e-01 -4.792693e+00 -8.470492e+01
<VARIANCE> 6
 3.185104e+01 1.195217e+04 2.208480e+04 2.998198e+02 4.022584e+04 5.158639e+07
<GCONST> 6.794386e+01
<MIXTURE> 13 6.389023e-02
<MEAN> 6
 4.898695e+01 -1.045913e+03 1.986367e+01 -1.744879e-01 -1.537580e+00 -9.248611e+01
<VARIANCE> 6
 3.185104e+01 1.195217e+04 1.387160e+04 2.998198e+02 4.022584e+04 5.158639e+07
<GCONST> 6.747881e+01
<MIXTURE> 14 6.423832e-02
<MEAN> 6
 7.153738e+01 -1.111873e+03 -6.426992e+02 -2.803009e-01 -1.186760e+01 -1.711145e+02
<VARIANCE> 6
 3.185104e+01 2.985978e+05 1.387160e+04 2.998198e+02 4.022584e+04 5.158639e+07
<GCONST> 7.069700e+01
<STATE> 6
<NUMMIXES> 14
<MIXTURE> 1 7.659795e-02
<MEAN> 6
 7.433129e+01 2.033214e+02 7.196384e+02 1.900515e+00 -4.721673e+00 -2.001023e+02
<VARIANCE> 6
 3.185104e+01 1.195217e+04 1.387160e+04 2.998198e+02 4.022584e+04 5.158639e+07
<GCONST> 6.747881e+01
<MIXTURE> 2 1.232600e-01
<MEAN> 6
 7.446799e+01 1.742651e+02 5.013474e+01 1.817929e+00 -3.734935e+00 -1.906414e+02
<VARIANCE> 6
 3.185104e+01 1.195217e+04 1.387160e+04 2.998198e+02 4.022584e+04 5.158639e+07
<GCONST> 6.747881e+01
<MIXTURE> 3 1.871118e-02
<MEAN> 6
 7.210934e+01 1.915966e+02 1.462557e+02 -5.555729e+01 8.113443e+00 5.561281e+03
<VARIANCE> 6
 2.424151e+02 1.011821e+05 1.873629e+05 1.473372e+03 6.268318e+05 2.292024e+08
<GCONST> 8.007726e+01
<MIXTURE> 4 7.768920e-02
<MEAN> 6
 5.498277e+01 2.475019e-01 4.356002e+02 -1.483001e-01 -2.827431e+00 -1.378427e+02
<VARIANCE> 6
 3.185104e+01 1.195217e+04 1.387160e+04 2.998198e+02 4.022584e+04 5.158639e+07
<GCONST> 6.747881e+01
<MIXTURE> 5 3.660029e-02
<MEAN> 6
 7.194332e+01 2.693625e+02 5.225298e+01 1.124310e+00 3.790003e+00 -1.945001e+02
<VARIANCE> 6
 3.185104e+01 1.517593e+04 1.387160e+04 2.998198e+02 4.022584e+04 5.158639e+07
<GCONST> 6.771761e+01
<MIXTURE> 6 6.048949e-02
<MEAN> 6
 7.891341e+01 9.288627e+00 4.981938e+02 -1.011753e+00 -1.217982e+00 -2.689790e+02
<VARIANCE> 6
 3.185104e+01 1.195217e+04 1.387160e+04 2.998198e+02 4.022584e+04 5.158639e+07
<GCONST> 6.747881e+01
<MIXTURE> 7 5.449467e-02
<MEAN> 6
 6.241445e+01 -1.084870e+02 1.294539e+02 1.285003e+00 -1.700462e+00 -2.978251e+02
<VARIANCE> 6
 3.185104e+01 5.238906e+04 1.387160e+04 2.998198e+02 4.022584e+04 5.158639e+07
<GCONST> 6.895660e+01
<MIXTURE> 8 1.150995e-01
<MEAN> 6
 5.711867e+01 4.612421e+01 2.695728e+02 6.135535e-01 -4.363953e+00 -2.164313e+02
<VARIANCE> 6
 3.185104e+01 1.195217e+04 1.387160e+04 2.998198e+02 4.022584e+04 5.158639e+07
<GCONST> 6.747881e+01
<MIXTURE> 9 6.589622e-02
<MEAN> 6
 6.188982e+01 -1.084910e+02 1.513232e+02 -2.836572e-01 -9.689206e+00 -2.222351e+02
<VARIANCE> 6
 3.185104e+01 1.195217e+04 1.387160e+04 2.998198e+02 4.022584e+04 5.158639e+07
<GCONST> 6.747881e+01
<MIXTURE> 10 5.630968e-02
<MEAN> 6
 7.474841e+01 1.785846e+02 4.948685e+01 1.882245e+00 -3.229035e+00 -1.976259e+02
<VARIANCE> 6
 3.185104e+01 1.195217e+04 1.387160e+04 2.998198e+02 4.022584e+04 5.158639e+07
<GCONST> 6.747881e+01
<MIXTURE> 11 7.502173e-02
<MEAN> 6
 5.539814e+01 8.744908e+00 4.111528e+02 -9.917524e-02 -2.608143e+00 -1.377836e+02
<VARIANCE> 6
 3.185104e+01 1.195217e+04 1.387160e+04 2.998198e+02 4.022584e+04 5.158639e+07
<GCONST> 6.747881e+01
<MIXTURE> 12 1.180192e-01
<MEAN> 6
 5.712926e+01 3.119920e+01 2.479904e+02 8.097264e-01 -5.199436e+00 -2.475570e+02
<VARIANCE> 6
 3.185104e+01 1.195217e+04 1.387160e+04 2.998198e+02 4.022584e+04 5.158639e+07
<GCONST> 6.747881e+01
<MIXTURE> 13 6.517232e-02
<MEAN> 6
 6.206711e+01 -1.136741e+02 1.486877e+02 -3.034578e-01 -9.574545e+00 -2.188997e+02
<VARIANCE> 6
 3.185104e+01 1.195217e+04 1.387160e+04 2.998198e+02 4.022584e+04 5.158639e+07
<GCONST> 6.747881e+01
<MIXTURE> 14 5.656734e-02
<MEAN> 6
 7.431710e+01 1.699460e+02 5.090506e+01 1.809437e+00 -4.306153e+00 -1.922074e+02
<VARIANCE> 6
 3.185104e+01 1.195217e+04 1.387160e+04 2.998198e+02 4.022584e+04 5.158639e+07
<GCONST> 6.747881e+01
<STATE> 7
<NUMMIXES> 14
<MIXTURE> 1 5.585926e-02
<MEAN> 6
 1.124226e+02 5.865501e+02 3.149298e+02 -6.187746e+00 5.713300e+00 2.734868e+02
<VARIANCE> 6
 1.040501e+02 2.100714e+04 8.035142e+04 2.998198e+02 4.022584e+04 5.158639e+07
<GCONST> 7.098313e+01
<MIXTURE> 2 9.443773e-02
<MEAN> 6
 8.517759e+01 5.944547e+01 -2.218290e+02 6.711159e-01 -9.688463e+00 -4.146090e+01
<VARIANCE> 6
 3.185104e+01 1.195217e+04 1.387160e+04 2.998198e+02 4.022584e+04 5.158639e+07
<GCONST> 6.747881e+01
<MIXTURE> 3 6.747759e-02
<MEAN> 6
 8.303300e+01 3.378372e+02 -5.685660e+02 2.525818e-01 -1.532805e+01 -3.459229e+02
<VARIANCE> 6
 3.185104e+01 1.195217e+04 1.933088e+04 2.998198e+02 4.022584e+04 5.158639e+07
<GCONST> 6.781068e+01
<MIXTURE> 4 8.685182e-02
<MEAN> 6
 8.223533e+01 -1.743962e+02 -3.184496e+02 9.409132e-01 -8.203352e+00 1.833983e+01
<VARIANCE> 6
 3.185104e+01 1.195217e+04 1.387160e+04 2.998198e+02 4.022584e+04 5.158639e+07
<GCONST> 6.747881e+01
<MIXTURE> 5 1.010170e-01
<MEAN> 6
 1.012004e+02 9.909520e+02 2.234782e+02 -3.138505e+00 8.744643e-01 1.554939e+02
<VARIANCE> 6
 3.185104e+01 1.195217e+04 1.387160e+04 2.998198e+02 4.022584e+04 5.158639e+07
<GCONST> 6.747881e+01
<MIXTURE> 6 5.060410e-02
<MEAN> 6
 8.529634e+01 6.459091e+01 -2.201405e+02 7.027513e-01 -1.040704e+01 -4.062779e+01
<VARIANCE> 6
 3.185104e+01 1.195217e+04 1.387160e+04 2.998198e+02 4.022584e+04 5.158639e+07
<GCONST> 6.747881e+01
<MIXTURE> 7 6.458458e-02
<MEAN> 6
 1.016826e+02 7.369874e+02 1.821678e+02 -3.322637e+00 -3.149581e+00 1.020427e+02
<VARIANCE> 6
 3.185104e+01 2.405188e+04 1.617545e+04 2.998198e+02 4.022584e+04 5.158639e+07
<GCONST> 6.833176e+01
<MIXTURE> 8 4.948337e-02
<MEAN> 6
 8.507950e+01 5.334848e+01 -2.217872e+02 6.116117e-01 -8.612397e+00 -4.468981e+01
<VARIANCE> 6
 3.185104e+01 1.195217e+04 1.387160e+04 2.998198e+02 4.022584e+04 5.158639e+07
<GCONST> 6.747881e+01
<MIXTURE> 9 1.015461e-01
<MEAN> 6
 8.469158e+01 3.754945e+01 -2.294737e+02 5.824643e-01 -7.372640e+00 -4.591645e+01
<VARIANCE> 6
 3.185104e+01 1.195217e+04 1.387160e+04 2.998198e+02 4.022584e+04 5.158639e+07
<GCONST> 6.747881e+01
<MIXTURE> 10 9.204370e-02
<MEAN> 6
 8.201090e+01 3.038909e+02 -7.780649e+02 -2.549262e+00 2.487819e+00 -1.889895e+01
<VARIANCE> 6
 3.185104e+01 1.195217e+04 1.387160e+04 2.998198e+02 4.022584e+04 5.158639e+07
<GCONST> 6.747881e+01
<MIXTURE> 11 6.085062e-02
<MEAN> 6
 8.237291e+01 -1.987684e+02 -2.872324e+02 1.204263e+00 -9.890617e+00 -9.081589e+00
<VARIANCE> 6
 3.185104e+01 2.477888e+04 1.387160e+04 2.998198e+02 4.022584e+04 5.158639e+07
<GCONST> 6.820789e+01
<MIXTURE> 12 7.511798e-02
<MEAN> 6
 9.921645e+01 7.513354e+02 1.054725e+02 -3.487688e+00 -3.349110e-01 7.674413e+01
<VARIANCE> 6
 3.185104e+01 1.570781e+04 1.387160e+04 2.998198e+02 4.022584e+04 5.158639e+07
<GCONST> 6.775206e+01
<MIXTURE> 13 5.094709e-02
<MEAN> 6
 8.436085e+01 2.165387e+01 -2.356535e+02 5.581281e-01 -6.363770e+00 -4.895435e+01
<VARIANCE> 6
 3.185104e+01 1.195217e+04 1.387160e+04 2.998198e+02 4.022584e+04 5.158639e+07
<GCONST> 6.747881e+01
<MIXTURE> 14 4.916679e-02
<MEAN> 6
 8.395339e+01 1.533419e+00 -2.458820e+02 5.710604e-01 -5.907722e+00 -4.869535e+01
<VARIANCE> 6
 3.185104e+01 1.195217e+04 1.387160e+04 2.998198e+02 4.022584e+04 5.158639e+07
<GCONST> 6.747881e+01
<STATE> 8
<NUMMIXES> 14
<MIXTURE> 1 6.978908e-02
<MEAN> 6
 8.277087e+01 1.986748e+03 -2.515801e+02 -2.928616e+00 -9.309573e+00 -3.244577e+02
<VARIANCE> 6
 3.185104e+01 4.253189e+05 1.871157e+04 2.998198e+02 4.022584e+04 5.158639e+07
<GCONST> 7.135004e+01
<MIXTURE> 2 9.886321e-02
<MEAN> 6
 6.993356e+01 9.304567e+02 -2.392827e+02 -1.707639e+00 -5.816789e-01 -7.381766e-01
<VARIANCE> 6
 3.185104e+01 1.195217e+04 1.387160e+04 2.998198e+02 4.022584e+04 5.158639e+07
<GCONST> 6.747881e+01
<MIXTURE> 3 4.640666e-02
<MEAN> 6
 5.655105e+01 1.379222e+03 1.137925e+03 2.328408e+00 -1.378326e+01 8.488962e+01
<VARIANCE> 6
 3.185104e+01 1.807869e+04 1.387160e+04 2.998198e+02 4.022584e+04 5.158639e+07
<GCONST> 6.789263e+01
<MIXTURE> 4 5.512089e-02
<MEAN> 6
 7.849376e+01 7.062919e+02 -8.270712e+02 -2.388316e+00 -1.777259e+00 -3.569597e+01
<VARIANCE> 6
 3.185104e+01 1.195217e+04 1.387160e+04 2.998198e+02 4.022584e+04 5.158639e+07
<GCONST> 6.747881e+01
<MIXTURE> 5 4.915335e-02
<MEAN> 6
 6.642950e+01 1.435339e+03 -1.794052e+02 -5.274621e-01 -1.092517e+01 -6.804271e+01
<VARIANCE> 6
 3.185104e+01 2.280145e+04 1.387160e+04 2.998198e+02 4.022584e+04 5.158639e+07
<GCONST> 6.812473e+01
<MIXTURE> 6 8.300408e-02
<MEAN> 6
 7.258231e+01 7.954929e+02 -1.189137e+03 -1.921967e+00 5.028725e-01 -8.213837e+00
<VARIANCE> 6
 3.185104e+01 1.891156e+05 1.796949e+04 2.998198e+02 4.022584e+04 5.158639e+07
<GCONST> 7.049909e+01
<MIXTURE> 7 6.939201e-02
<MEAN> 6
 6.967386e+01 4.970360e+02 -2.252115e+02 -1.820669e+00 -2.620136e+00 -7.713988e+01
<VARIANCE> 6
 3.185104e+01 1.195217e+04 1.387160e+04 2.998198e+02 4.022584e+04 5.158639e+07
<GCONST> 6.747881e+01
<MIXTURE> 8 8.355943e-02
<MEAN> 6
 6.845750e+01 1.206305e+03 -4.426338e+02 -5.021833e-01 -5.241479e+00 -9.507244e+01
<VARIANCE> 6
 3.185104e+01 1.195217e+04 1.387160e+04 2.998198e+02 4.022584e+04 5.158639e+07
<GCONST> 6.747881e+01
<MIXTURE> 9 7.816477e-02
<MEAN> 6
 6.538876e+01 4.414422e+02 -3.949077e+02 -6.982280e-01 -5.887282e+00 -1.246665e+02
<VARIANCE> 6
 3.185104e+01 1.195217e+04 1.387160e+04 2.998198e+02 4.022584e+04 5.158639e+07
<GCONST> 6.747881e+01
<MIXTURE> 10 9.714730e-02
<MEAN> 6
 6.804464e+01 6.106186e+02 7.581631e+02 -7.050066e-01 -4.831908e+00 -1.548695e+02
<VARIANCE> 6
 7.785745e+01 9.902702e+04 1.758525e+05 2.998198e+02 4.022584e+04 5.158639e+07
<GCONST> 7.302691e+01
<MIXTURE> 11 9.943454e-02
<MEAN> 6
 6.659834e+01 1.354014e+03 -6.729729e+02 -1.084969e+00 4.792616e-02 -3.705244e+01
<VARIANCE> 6
 3.185104e+01 1.195217e+04 1.387160e+04 2.998198e+02 4.022584e+04 5.158639e+07
<GCONST> 6.747881e+01
<MIXTURE> 12 6.872769e-02
<MEAN> 6
 6.960755e+01 4.967040e+02 -2.265640e+02 -1.803627e+00 -2.597064e+00 -7.940191e+01
<VARIANCE> 6
 3.185104e+01 1.195217e+04 1.387160e+04 2.998198e+02 4.022584e+04 5.158639e+07
<GCONST> 6.747881e+01
<MIXTURE> 13 4.581517e-02
<MEAN> 6
 7.642786e+01 2.085952e+03 -5.699882e+02 -1.312543e+00 -9.377540e+00 -3.108346e+02
<VARIANCE> 6
 3.185104e+01 1.450469e+05 2.916944e+04 2.998198e+02 4.022584e+04 5.158639e+07
<GCONST> 7.071824e+01
<MIXTURE> 14 5.538328e-02
<MEAN> 6
 7.832733e+01 6.743047e+02 -8.594926e+02 -1.416665e+00 -5.156541e+00 -8.335044e+01
<VARIANCE> 6
 3.185104e+01 1.195217e+04 1.387160e+04 2.998198e+02 4.022584e+04 5.158639e+07
<GCONST> 6.747881e+01
<STATE> 9
<NUMMIXES> 14
<MIXTURE> 1 8.481860e-02
<MEAN> 6
 6.699039e+01 4.831011e+03 -7.086334e+02 -3.717283e-01 1.998480e+00 4.511657e+00
<VARIANCE> 6
 3.185104e+01 2.487431e+04 1.387160e+04 2.998198e+02 4.022584e+04 5.158639e+07
<GCONST> 6.821174e+01
<MIXTURE> 2 7.091133e-02
<MEAN> 6
 9.947791e+01 5.081394e+02 -5.095530e+02 -8.587118e+00 2.965143e+00 7.758784e+01
<VARIANCE> 6
 3.185104e+01 1.483815e+04 4.725092e+04 2.998198e+02 4.022584e+04 5.158639e+07
<GCONST> 6.892073e+01
<MIXTURE> 3 6.432522e-02
<MEAN> 6
 9.870559e+01 6.815492e+02 -1.878532e+03 1.659357e+00 -6.200521e-02 1.976040e+01
<VARIANCE> 6
 3.185104e+01 1.195217e+04 1.387160e+04 2.998198e+02 4.022584e+04 5.158639e+07
<GCONST> 6.747881e+01
<MIXTURE> 4 5.633404e-02
<MEAN> 6
 8.995226e+01 5.943468e+02 -1.363030e+03 3.830321e-01 -2.777558e+01 -2.556976e+02
<VARIANCE> 6
 3.185104e+01 1.195217e+04 1.387160e+04 2.998198e+02 4.022584e+04 5.158639e+07
<GCONST> 6.747881e+01
<MIXTURE> 5 6.342487e-02
<MEAN> 6
 1.049968e+02 4.533653e+02 -1.722321e+03 -7.747500e+00 9.072953e+00 3.185896e+02
<VARIANCE> 6
 3.185104e+01 1.195217e+04 1.387160e+04 2.998198e+02 4.022584e+04 5.158639e+07
<GCONST> 6.747881e+01
<MIXTURE> 6 1.117976e-01
<MEAN> 6
 9.030396e+01 7.477921e+02 -2.614255e+03 -2.917551e+00 2.218200e+00 -1.039200e+01
<VARIANCE> 6
 3.185104e+01 1.195217e+04 3.060822e+04 2.998198e+02 4.022584e+04 5.158639e+07
<GCONST> 6.827024e+01
<MIXTURE> 7 1.050511e-01
<MEAN> 6
 5.166750e+01 2.298728e+03 2.612191e+03 7.913738e-02 -5.135117e+00 4.247117e+01
<VARIANCE> 6
 3.185104e+01 2.154769e+04 2.300934e+04 2.998198e+02 4.022584e+04 5.158639e+07
<GCONST> 6.857423e+01
<MIXTURE> 8 7.352094e-02
<MEAN> 6
 8.717480e+01 3.832682e+02 -1.317450e+03 -1.252786e+00 7.684951e+00 8.117727e+00
<VARIANCE> 6
 3.185104e+01 1.195217e+04 1.387160e+04 2.998198e+02 4.022584e+04 5.158639e+07
<GCONST> 6.747881e+01
<MIXTURE> 9 1.145053e-01
<MEAN> 6
 9.779513e+01 4.748771e+02 -9.984553e+02 -2.110947e+00 -1.559867e+00 6.870203e+00
<VARIANCE> 6
 3.185104e+01 1.195217e+04 1.387160e+04 2.998198e+02 4.022584e+04 5.158639e+07
<GCONST> 6.747881e+01
<MIXTURE> 10 1.688533e-02
<MEAN> 6
 5.184249e+01 8.113018e+02 1.777591e+03 -2.989443e+00 -3.891588e+01 1.998270e+02
<VARIANCE> 6
 1.554583e+02 7.281796e+05 7.150000e+05 4.616763e+02 6.123820e+04 5.158639e+07
<GCONST> 7.796814e+01
<MIXTURE> 11 6.523054e-02
<MEAN> 6
 9.853262e+01 6.757273e+02 -1.873881e+03 1.310017e+00 7.409678e-01 1.931462e+01
<VARIANCE> 6
 3.185104e+01 1.195217e+04 1.387160e+04 2.998198e+02 4.022584e+04 5.158639e+07
<GCONST> 6.747881e+01
<MIXTURE> 12 6.821699e-02
<MEAN> 6
 8.988983e+01 2.925690e+02 -1.304510e+03 -3.769616e+00 9.321252e-01 3.032468e+01
<VARIANCE> 6
 3.185104e+01 1.195217e+04 1.387160e+04 2.998198e+02 4.022584e+04 5.158639e+07
<GCONST> 6.747881e+01
<MIXTURE> 13 4.977582e-02
<MEAN> 6
 7.050407e+01 3.816451e+03 -5.602728e+02 -3.190272e+00 -2.346158e+00 -3.348132e+01
<VARIANCE> 6
 3.185104e+01 2.266277e+05 1.387160e+04 2.998198e+02 4.022584e+04 5.158639e+07
<GCONST> 7.042121e+01
<MIXTURE> 14 5.518539e-02
<MEAN> 6
 8.940479e+01 5.724199e+02 -1.356629e+03 4.751168e-01 -2.689366e+01 -2.047805e+02
<VARIANCE> 6
 3.185104e+01 1.195217e+04 1.387160e+04 2.998198e+02 4.022584e+04 5.158639e+07
<GCONST> 6.747881e+01
<STATE> 10
<NUMMIXES> 14
<MIXTURE> 1 8.644653e-02
<MEAN> 6
 8.272532e+01 3.904711e+02 2.349378e+02 -1.010694e+00 -2.597961e+00 -5.567104e+01
<VARIANCE> 6
 3.185104e+01 1.195217e+04 1.387160e+04 2.998198e+02 4.022584e+04 5.158639e+07
<GCONST> 6.747881e+01
<MIXTURE> 2 1.602838e-02
<MEAN> 6
 7.961028e+01 -2.102245e+02 7.027809e+02 -3.031301e+00 -1.171046e+01 7.845802e+01
<VARIANCE> 6
 1.242775e+02 1.530466e+05 3.072648e+06 2.998198e+02 4.022584e+04 5.158639e+07
<GCONST> 7.679054e+01
<MIXTURE> 3 5.431340e-02
<MEAN> 6
 8.486827e+01 -1.226448e+02 4.564947e+00 -3.101368e-01 -1.480547e+00 -2.187536e+01
<VARIANCE> 6
 3.185104e+01 1.195217e+04 1.387160e+04 2.998198e+02 4.022584e+04 5.158639e+07
<GCONST> 6.747881e+01
<MIXTURE> 4 7.592145e-02
<MEAN> 6
 6.730306e+01 5.479268e+01 -8.841083e+01 -3.945464e+01 -8.767573e+02 -1.340952e+04
<VARIANCE> 6
 8.150320e+01 4.524825e+05 1.147310e+05 3.093055e+02 5.269366e+04 5.511434e+07
<GCONST> 7.453226e+01
<MIXTURE> 5 5.549775e-02
<MEAN> 6
 8.458357e+01 -1.343440e+02 -1.675423e+00 -3.473768e-01 -2.013458e+00 -3.719072e+01
<VARIANCE> 6
 3.185104e+01 1.195217e+04 1.387160e+04 2.998198e+02 4.022584e+04 5.158639e+07
<GCONST> 6.747881e+01
<MIXTURE> 6 5.490553e-02
<MEAN> 6
 9.100472e+01 4.350519e+02 9.901440e+01 -5.130950e+00 3.137323e+00 -1.511938e+02
<VARIANCE> 6
 3.185104e+01 1.195217e+04 1.387160e+04 2.998198e+02 4.022584e+04 5.158639e+07
<GCONST> 6.747881e+01
<MIXTURE> 7 6.517777e-02
<MEAN> 6
 8.447530e+01 -1.392201e+02 -3.907868e+00 -3.604482e-01 -2.213798e+00 -4.319472e+01
<VARIANCE> 6
 3.185104e+01 1.195217e+04 1.387160e+04 2.998198e+02 4.022584e+04 5.158639e+07
<GCONST> 6.747881e+01
<MIXTURE> 8 1.102142e-01
<MEAN> 6
 8.429677e+01 -1.449234e+02 -7.085715e+00 -3.844743e-01 -2.513015e+00 -5.166026e+01
<VARIANCE> 6
 3.185104e+01 1.195217e+04 1.387160e+04 2.998198e+02 4.022584e+04 5.158639e+07
<GCONST> 6.747881e+01
<MIXTURE> 9 9.945080e-02
<MEAN> 6
 8.614339e+01 1.152796e+02 1.348354e+02 -9.824321e-01 -1.365091e+00 -1.052620e+02
<VARIANCE> 6
 3.185104e+01 1.195217e+04 1.387160e+04 2.998198e+02 4.022584e+04 5.158639e+07
<GCONST> 6.747881e+01
<MIXTURE> 10 1.065892e-01
<MEAN> 6
 8.232530e+01 3.286393e+02 2.366482e+02 -1.007542e+00 -5.060139e+00 -9.770000e+01
<VARIANCE> 6
 3.185104e+01 1.195217e+04 1.387160e+04 2.998198e+02 4.022584e+04 5.158639e+07
<GCONST> 6.747881e+01
<MIXTURE> 11 1.020659e-01
<MEAN> 6
 8.615247e+01 1.106988e+02 1.324921e+02 -9.506890e-01 -1.254407e+00 -1.006860e+02
<VARIANCE> 6
 3.185104e+01 1.195217e+04 1.387160e+04 2.998198e+02 4.022584e+04 5.158639e+07
<GCONST> 6.747881e+01
<MIXTURE> 12 6.344760e-02
<MEAN> 6
 8.391370e+01 -1.506434e+02 -1.295760e+01 -4.399374e-01 -3.074473e+00 -6.541429e+01
<VARIANCE> 6
 3.185104e+01 1.195217e+04 1.387160e+04 2.998198e+02 4.022584e+04 5.158639e+07
<GCONST> 6.747881e+01
<MIXTURE> 13 5.517203e-02
<MEAN> 6
 8.363765e+01 -1.533430e+02 -1.698767e+01 -4.791107e-01 -3.470066e+00 -7.421681e+01
<VARIANCE> 6
 3.185104e+01 1.195217e+04 1.387160e+04 2.998198e+02 4.022584e+04 5.158639e+07
<GCONST> 6.747881e+01
<MIXTURE> 14 5.475865e-02
<MEAN> 6
 8.327073e+01 -1.573695e+02 -2.239317e+01 -5.334592e-01 -4.145469e+00 -8.731919e+01
<VARIANCE> 6
 3.185104e+01 1.195217e+04 1.387160e+04 2.998198e+02 4.022584e+04 5.158639e+07
<GCONST> 6.747881e+01
<STATE> 11
<NUMMIXES> 14
<MIXTURE> 1 7.894290e-02
<MEAN> 6
 5.564225e+01 1.230732e+02 5.077698e+01 -1.293111e+02 -9.009483e+02 -1.423526e+03
<VARIANCE> 6
 1.494857e+02 1.096866e+05 4.038918e+05 2.086914e+03 1.479987e+05 5.158639e+07
<GCONST> 7.785591e+01
<MIXTURE> 2 7.629589e-02
<MEAN> 6
 6.468049e+01 3.135376e+02 -9.313229e+01 -1.218611e+02 -1.753140e+03 -1.311279e+04
<VARIANCE> 6
 9.510067e+01 1.022006e+06 6.183781e+04 2.303500e+03 5.314349e+05 2.318659e+08
<GCONST> 8.063893e+01
<MIXTURE> 3 5.511525e-02
<MEAN> 6
 -3.408911e+01 8.945267e+01 5.416428e+01 -3.982382e+02 2.077961e+03 5.195680e+04
<VARIANCE> 6
 2.916859e+02 1.686168e+06 6.329819e+05 7.952577e+03 2.633184e+06 8.858734e+08
<GCONST> 8.876614e+01
<MIXTURE> 4 9.401272e-02
<MEAN> 6
 4.613684e+01 2.247478e+02 -2.160730e+02 -2.664120e+02 -1.627544e+03 8.470062e+03
<VARIANCE> 6
 1.130672e+02 1.224723e+06 1.771650e+05 2.815802e+03 5.220036e+05 1.200139e+08
<GCONST> 8.156985e+01
<MIXTURE> 5 1.916263e-02
<MEAN> 6
 6.744835e+00 -1.065601e+03 -9.563495e+02 -3.593743e+02 -6.691391e+02 9.634055e+03
<VARIANCE> 6
 3.063987e+02 1.283596e+06 9.657501e+06 4.192547e+03 9.152442e+05 2.895538e+08
<GCONST> 8.845244e+01
<MIXTURE> 6 5.307876e-02
<MEAN> 6
 -6.907362e+01 1.508153e+02 5.479436e+02 4.669905e+01 1.619849e+03 -8.388170e+02
<VARIANCE> 6
 9.497982e+01 4.769414e+05 4.861060e+05 2.168924e+04 6.349588e+04 8.274935e+07
<GCONST> 8.102489e+01
<MIXTURE> 7 8.286265e-02
<MEAN> 6
 -5.841112e+01 -8.628899e+01 -2.812720e+02 1.236289e+02 8.025328e+02 1.148187e+03
<VARIANCE> 6
 7.193149e+01 2.165247e+05 1.015614e+05 2.267864e+03 8.493030e+04 5.158639e+07
<GCONST> 7.595181e+01
<MIXTURE> 8 8.551399e-02
<MEAN> 6
 -6.260835e+01 -3.028853e+02 -4.258808e+02 2.467709e+00 8.358765e+01 9.679680e+02
<VARIANCE> 6
 1.170923e+02 6.718175e+05 1.971812e+05 2.998198e+02 5.068366e+04 5.158639e+07
<GCONST> 7.569515e+01
<MIXTURE> 9 5.359485e-02
<MEAN> 6
 -5.709150e+01 3.056521e+02 -8.529272e+01 -1.306922e+02 2.037505e+03 -1.745512e+04
<VARIANCE> 6
 1.944605e+02 1.024358e+06 4.222869e+05 7.710501e+03 1.751497e+06 5.342338e+08
<GCONST> 8.651318e+01
<MIXTURE> 10 8.034179e-02
<MEAN> 6
 1.679271e+01 4.367113e+01 8.222176e+01 -3.164598e+02 -6.741217e+02 5.179131e+03
<VARIANCE> 6
 1.917234e+02 1.078355e+05 3.299133e+05 4.319643e+03 1.960083e+05 1.237863e+08
<GCONST> 7.976918e+01
<MIXTURE> 11 1.022690e-01
<MEAN> 6
 -7.053487e+01 1.338697e+02 -3.211391e+02 1.141146e+01 6.003693e+02 -2.938045e+02
<VARIANCE> 6
 4.356204e+01 6.806278e+05 4.605542e+05 2.989744e+03 4.022584e+04 5.158639e+07
<GCONST> 7.763638e+01
<MIXTURE> 12 8.162665e-02
<MEAN> 6
 6.895851e+00 1.006247e+02 -2.810531e+02 -4.072390e+02 -6.640911e+02 1.863047e+04
<VARIANCE> 6
 3.895396e+02 8.612387e+05 2.081884e+05 3.671679e+03 7.512950e+05 3.841661e+08
<GCONST> 8.440910e+01
<MIXTURE> 13 8.390193e-02
<MEAN> 6
 -2.976265e+01 -3.501524e+01 -2.066763e+02 -2.746394e+02 1.451254e+03 1.052428e+04
<VARIANCE> 6
 3.385761e+02 1.895570e+05 4.322370e+05 5.090391e+03 6.496742e+05 2.910111e+08
<GCONST> 8.338940e+01
<MIXTURE> 14 5.326886e-02
<MEAN> 6
 -6.364879e+01 -6.595499e+01 -1.936847e+02 -9.232535e+01 1.775128e+03 -2.171963e+04
<VARIANCE> 6
 1.277274e+02 6.773759e+05 3.800223e+05 6.617899e+03 1.438340e+06 5.428449e+08
<GCONST> 8.524000e+01
<STATE> 12
<NUMMIXES> 14
<MIXTURE> 1 6.881697e-02
<MEAN> 6
 8.687706e+01 3.263237e+01 1.762162e+01 -5.408244e+00 -1.765005e+01 2.372754e+01
<VARIANCE> 6
 1.421382e+02 1.381610e+06 7.870704e+05 2.998198e+02 4.022584e+04 5.158639e+07
<GCONST> 7.776311e+01
<MIXTURE> 2 1.137376e-02
<MEAN> 6
 -7.138497e+00 1.598063e+02 1.105008e+02 -1.787072e+01 6.371848e+01 4.502817e+03
<VARIANCE> 6
 1.183525e+04 1.991191e+05 4.206215e+05 2.113283e+06 1.158604e+09 1.704044e+12
<GCONST> 1.091555e+02
<MIXTURE> 3 8.595783e-02
<MEAN> 6
 -3.862558e+01 -1.475631e+00 1.336516e+02 1.011135e+02 7.645880e+02 -1.343493e+03
<VARIANCE> 6
 3.172679e+02 1.891550e+05 2.188273e+05 1.696441e+04 1.324415e+05 5.158639e+07
<GCONST> 8.052491e+01
<MIXTURE> 4 4.834937e-02
<MEAN> 6
 1.851164e+01 6.235772e+01 3.708067e+01 -5.400863e+01 -6.408510e+01 3.866880e+03
<VARIANCE> 6
 4.808041e+03 7.283698e+05 5.439584e+05 5.705091e+04 4.152443e+06 2.765586e+09
<GCONST> 9.414191e+01
<MIXTURE> 5 7.027822e-02
<MEAN> 6
 7.212887e+00 1.446843e-01 1.795179e+02 4.334736e+01 3.847408e-02 -1.685738e+03
<VARIANCE> 6
 2.816047e+03 2.900866e+06 1.582775e+06 4.763634e+04 7.556828e+05 1.474535e+08
<GCONST> 9.124131e+01
<MIXTURE> 6 9.937321e-02
<MEAN> 6
 7.034564e+01 7.104784e+01 -4.606949e+01 4.212451e+00 -6.374189e+02 -5.777441e+01
<VARIANCE> 6
 2.825239e+02 5.793605e+05 3.599894e+05 2.314778e+04 1.561010e+05 5.158639e+07
<GCONST> 8.250121e+01
<MIXTURE> 7 8.708825e-02
<MEAN> 6
 8.136036e+01 -6.117587e+01 4.726975e+01 -8.531017e+00 -2.436025e+01 -3.267997e+02
<VARIANCE> 6
 1.341768e+02 1.826522e+05 3.928277e+04 2.998198e+02 4.022584e+04 5.158639e+07
<GCONST> 7.268452e+01
<MIXTURE> 8 1.053953e-01
<MEAN> 6
 4.626894e+01 1.152171e+01 -2.201052e+01 5.167730e+01 -3.185793e+02 -1.520712e+02
<VARIANCE> 6
 5.088091e+02 5.637784e+04 7.296676e+04 3.234800e+04 1.299886e+05 5.158639e+07
<GCONST> 7.931520e+01
<MIXTURE> 9 7.643416e-02
<MEAN> 6
 -5.648960e+01 8.803804e+01 -2.855374e+00 1.542298e+01 2.048212e+02 1.951752e+02
<VARIANCE> 6
 2.060313e+02 2.446589e+05 1.456845e+05 6.658878e+02 6.478374e+04 5.158639e+07
<GCONST> 7.599081e+01
<MIXTURE> 10 5.346940e-02
<MEAN> 6
 5.346138e+00 -2.483314e+01 1.294552e+02 -2.906482e+01 1.221635e+02 3.534262e+01
<VARIANCE> 6
 3.517048e+02 1.381344e+05 1.513477e+05 6.030832e+04 1.914761e+05 1.551562e+08
<GCONST> 8.268306e+01
<MIXTURE> 11 8.813652e-02
<MEAN> 6
 7.583828e+01 6.009608e+01 1.756517e+01 -1.822057e+01 -8.518401e+02 -2.424343e+02
<VARIANCE> 6
 3.895394e+02 1.549608e+05 5.222732e+04 2.548339e+04 6.337586e+05 2.603066e+08
<GCONST> 8.268909e+01
<MIXTURE> 12 7.794712e-02
<MEAN> 6
 7.724027e+01 -4.544778e+01 -7.113564e+01 -4.253153e+00 -2.860797e+01 -2.281354e+02
<VARIANCE> 6
 1.264498e+02 4.973453e+04 1.695064e+05 2.998198e+02 4.022584e+04 5.158639e+07
<GCONST> 7.278642e+01
<MIXTURE> 13 7.272352e-02
<MEAN> 6
 -4.699995e+01 -7.074289e+01 1.692178e+01 -4.797323e+01 1.222833e+03 9.506419e+02
<VARIANCE> 6
 2.436580e+02 1.440042e+05 9.499216e+04 2.789589e+04 4.439614e+05 2.985701e+08
<GCONST> 8.261642e+01
<MIXTURE> 14 5.383359e-02
<MEAN> 6
 1.439292e-02 -1.330365e+02 -1.283858e+00 -6.107499e+01 1.232031e+01 -9.733427e+02
<VARIANCE> 6
 3.264343e+02 1.560810e+05 9.895198e+04 5.645432e+04 2.409437e+05 1.598824e+08
<GCONST> 8.249947e+01
<TRANSP> 13
 0.000000e+00 1.000000e+00 0.000000e+00 0.000000e+00 0.000000e+00 0.000000e+00 0.000000e+00 0.000000e+00 0.000000e+00 0.000000e+00 0.000000e+00 0.000000e+00 0.000000e+00
 0.000000e+00 9.998646e-01 1.353377e-04 0.000000e+00 0.000000e+00 0.000000e+00 0.000000e+00 0.000000e+00 0.000000e+00 0.000000e+00 0.000000e+00 0.000000e+00 0.000000e+00
 0.000000e+00 0.000000e+00 9.987615e-01 1.238555e-03 0.000000e+00 0.000000e+00 0.000000e+00 0.000000e+00 0.000000e+00 0.000000e+00 0.000000e+00 0.000000e+00 0.000000e+00
 0.000000e+00 0.000000e+00 0.000000e+00 9.977481e-01 2.251897e-03 0.000000e+00 0.000000e+00 0.000000e+00 0.000000e+00 0.000000e+00 0.000000e+00 0.000000e+00 0.000000e+00
 0.000000e+00 0.000000e+00 0.000000e+00 0.000000e+00 9.981505e-01 1.849514e-03 0.000000e+00 0.000000e+00 0.000000e+00 0.000000e+00 0.000000e+00 0.000000e+00 0.000000e+00
 0.000000e+00 0.000000e+00 0.000000e+00 0.000000e+00 0.000000e+00 9.983899e-01 1.610122e-03 0.000000e+00 0.000000e+00 0.000000e+00 0.000000e+00 0.000000e+00 0.000000e+00
 0.000000e+00 0.000000e+00 0.000000e+00 0.000000e+00 0.000000e+00 0.000000e+00 9.979312e-01 2.068804e-03 0.000000e+00 0.000000e+00 0.000000e+00 0.000000e+00 0.000000e+00
 0.000000e+00 0.000000e+00 0.000000e+00 0.000000e+00 0.000000e+00 0.000000e+00 0.000000e+00 9.983743e-01 1.625684e-03 0.000000e+00 0.000000e+00 0.000000e+00 0.000000e+00
 0.000000e+00 0.000000e+00 0.000000e+00 0.000000e+00 0.000000e+00 0.000000e+00 0.000000e+00 0.000000e+00 9.964765e-01 3.523477e-03 0.000000e+00 0.000000e+00 0.000000e+00
 0.000000e+00 0.000000e+00 0.000000e+00 0.000000e+00 0.000000e+00 0.000000e+00 0.000000e+00 0.000000e+00 0.000000e+00 9.970476e-01 2.952405e-03 0.000000e+00 0.000000e+00
 0.000000e+00 0.000000e+00 0.000000e+00 0.000000e+00 0.000000e+00 0.000000e+00 0.000000e+00 0.000000e+00 0.000000e+00 0.000000e+00 9.976777e-01 2.322235e-03 0.000000e+00
 0.000000e+00 0.000000e+00 0.000000e+00 0.000000e+00 0.000000e+00 0.000000e+00 0.000000e+00 0.000000e+00 0.000000e+00 0.000000e+00 0.000000e+00 9.999379e-01 6.209881e-05
 0.000000e+00 0.000000e+00 0.000000e+00 0.000000e+00 0.000000e+00 0.000000e+00 0.000000e+00 0.000000e+00 0.000000e+00 0.000000e+00 0.000000e+00 0.000000e+00 0.000000e+00
<ENDHMM>
