~o
<STREAMINFO> 1 6
<VECSIZE> 6<NULLD><USER><DIAGC>
~h "SegundoPRIMARIA"
<BEGINHMM>
<NUMSTATES> 14
<STATE> 2
<NUMMIXES> 15
<MIXTURE> 1 6.338570e-02
<MEAN> 6
 9.199708e+01 1.258283e+02 5.913935e+01 -3.252525e+00 -3.155288e+01 -3.713985e+02
<VARIANCE> 6
 3.116161e+02 2.698927e+05 2.118604e+06 2.961554e+02 4.050157e+04 5.219723e+07
<GCONST> 7.791161e+01
<MIXTURE> 2 3.019837e-02
<MEAN> 6
 5.903014e+01 -2.415009e+02 -8.854826e+01 -1.936211e+01 -7.211393e+02 7.413324e+03
<VARIANCE> 6
 2.577698e+03 1.168515e+06 1.797798e+06 6.696158e+04 2.848248e+06 1.753107e+09
<GCONST> 9.451398e+01
<MIXTURE> 3 1.116614e-01
<MEAN> 6
 -3.831887e+01 6.622350e+00 7.161945e+01 5.969280e+01 6.086158e+02 -8.740266e+02
<VARIANCE> 6
 3.189415e+02 1.317187e+05 3.309972e+05 2.017114e+04 1.450467e+05 5.219723e+07
<GCONST> 8.085792e+01
<MIXTURE> 4 5.426002e-02
<MEAN> 6
 2.952253e+01 4.479903e+01 1.550220e+02 2.281335e+02 -9.137579e+01 -1.623718e+03
<VARIANCE> 6
 6.692413e+02 1.727732e+05 8.420956e+05 5.922287e+03 1.703572e+05 5.219723e+07
<GCONST> 8.173946e+01
<MIXTURE> 5 5.505905e-02
<MEAN> 6
 6.604445e+01 2.031127e+02 1.729313e+02 2.219012e-01 -1.039406e+01 -4.954111e+01
<VARIANCE> 6
 4.475135e+01 3.322211e+04 4.904291e+05 2.961554e+02 4.050157e+04 5.219723e+07
<GCONST> 7.241291e+01
<MIXTURE> 6 4.965129e-02
<MEAN> 6
 1.071884e+02 -1.001404e+02 2.165023e+02 -8.043831e+00 -5.856035e+02 7.276812e+02
<VARIANCE> 6
 2.243552e+02 1.313279e+05 3.528034e+05 7.723707e+03 7.230017e+05 2.413794e+08
<GCONST> 8.274471e+01
<MIXTURE> 7 8.693548e-02
<MEAN> 6
 -6.037011e+01 -1.122597e+01 -1.184908e+02 2.849792e+00 2.559070e+02 2.920795e+02
<VARIANCE> 6
 1.745939e+02 2.022164e+05 1.375233e+06 1.503636e+03 7.477951e+04 5.219723e+07
<GCONST> 7.884943e+01
<MIXTURE> 8 9.541737e-02
<MEAN> 6
 7.651275e+01 8.465989e+00 9.677340e+01 -1.910356e+01 -4.576137e+02 -7.855839e+02
<VARIANCE> 6
 3.775054e+02 9.579866e+04 4.813418e+05 1.855028e+04 1.126085e+05 5.219723e+07
<GCONST> 8.074564e+01
<MIXTURE> 9 4.417194e-02
<MEAN> 6
 6.847861e+01 -7.690407e+02 1.998468e+03 -6.244202e-02 -5.192455e+00 -3.433481e+01
<VARIANCE> 6
 1.197216e+02 5.797447e+04 1.395672e+06 2.961554e+02 4.050157e+04 5.219723e+07
<GCONST> 7.499960e+01
<MIXTURE> 10 7.134924e-02
<MEAN> 6
 7.662229e+01 -1.415270e+02 -8.124964e+01 -4.067063e-02 -9.783937e+02 -3.308425e+03
<VARIANCE> 6
 3.818613e+02 5.271572e+05 1.990429e+06 3.041684e+04 4.562908e+05 2.002254e+08
<GCONST> 8.712003e+01
<MIXTURE> 11 8.951032e-02
<MEAN> 6
 -4.750470e+01 -6.433926e+01 -7.270860e+01 -6.682273e+01 1.359647e+03 -4.621604e+02
<VARIANCE> 6
 4.678478e+02 3.557747e+05 1.661218e+06 4.343773e+04 6.656339e+05 5.133660e+08
<GCONST> 8.842461e+01
<MIXTURE> 12 8.239412e-02
<MEAN> 6
 2.170667e+01 -2.615364e+01 1.379379e+02 -2.739482e+02 -3.325534e+02 6.020933e+03
<VARIANCE> 6
 6.408755e+02 1.591822e+05 8.414189e+05 8.477634e+03 5.448583e+05 1.629083e+08
<GCONST> 8.427292e+01
<MIXTURE> 13 5.191631e-02
<MEAN> 6
 7.249501e+01 -8.222980e+01 -8.382603e+02 -1.213933e-01 -7.385725e+00 -1.355269e+02
<VARIANCE> 6
 3.773208e+01 5.595671e+04 2.517894e+05 2.961554e+02 4.050157e+04 5.219723e+07
<GCONST> 7.209698e+01
<MIXTURE> 14 6.022166e-02
<MEAN> 6
 8.461159e+01 3.072575e+02 -4.543753e+02 5.058439e-01 -5.050927e+01 -2.769549e+02
<VARIANCE> 6
 2.272063e+02 1.019943e+06 1.248942e+06 2.961554e+02 4.050157e+04 5.219723e+07
<GCONST> 7.839671e+01
<MIXTURE> 15 5.363235e-02
<MEAN> 6
 2.405335e+01 -1.283825e+02 -1.976582e+02 2.373111e+02 -1.437394e+02 -3.974705e+03
<VARIANCE> 6
 7.095757e+02 2.348499e+05 9.447531e+05 6.319009e+03 2.094443e+05 6.695810e+07
<GCONST> 8.274042e+01
<STATE> 3
<NUMMIXES> 15
<MIXTURE> 1 6.224129e-03
<MEAN> 6
 9.993119e+01 2.263694e+02 3.418683e+02 -1.074042e+01 -3.395297e+02 4.510378e+03
<VARIANCE> 6
 3.128982e+01 1.293270e+04 1.353773e+04 3.340113e+02 4.515352e+04 5.219723e+07
<GCONST> 6.775085e+01
<MIXTURE> 2 9.416651e-02
<MEAN> 6
 7.986913e+01 2.855496e+02 3.362164e+01 1.967436e+00 -8.523413e+00 6.319174e+01
<VARIANCE> 6
 3.128982e+01 1.293270e+04 1.353773e+04 2.961554e+02 4.050157e+04 5.219723e+07
<GCONST> 6.752183e+01
<MIXTURE> 3 6.281273e-02
<MEAN> 6
 9.522346e+01 2.697860e+02 -6.262875e+02 -3.283369e+00 -4.657954e-01 6.862347e+01
<VARIANCE> 6
 3.128982e+01 1.293270e+04 1.353773e+04 2.961554e+02 4.050157e+04 5.219723e+07
<GCONST> 6.752183e+01
<MIXTURE> 4 1.275113e-01
<MEAN> 6
 8.612785e+01 9.841612e+01 -9.697828e+01 -5.056148e-01 8.270910e-01 -3.782450e+01
<VARIANCE> 6
 3.128982e+01 1.293270e+04 1.353773e+04 2.961554e+02 4.050157e+04 5.219723e+07
<GCONST> 6.752183e+01
<MIXTURE> 5 6.281603e-02
<MEAN> 6
 7.985694e+01 2.863693e+02 3.356773e+01 1.970530e+00 -8.376910e+00 6.492369e+01
<VARIANCE> 6
 3.128982e+01 1.293270e+04 1.353773e+04 2.961554e+02 4.050157e+04 5.219723e+07
<GCONST> 6.752183e+01
<MIXTURE> 6 8.150005e-02
<MEAN> 6
 8.243967e+01 -3.999211e+02 -6.168277e+01 -4.527123e+00 -3.055284e+00 -2.124635e+02
<VARIANCE> 6
 3.128982e+01 1.293270e+04 1.353773e+04 2.961554e+02 4.050157e+04 5.219723e+07
<GCONST> 6.752183e+01
<MIXTURE> 7 7.281161e-02
<MEAN> 6
 9.512291e+01 2.329433e+02 -3.568996e+02 3.190044e+00 -9.713461e+00 8.233160e+00
<VARIANCE> 6
 3.128982e+01 1.293270e+04 1.353773e+04 2.961554e+02 4.050157e+04 5.219723e+07
<GCONST> 6.752183e+01
<MIXTURE> 8 5.477617e-02
<MEAN> 6
 8.295531e+01 -3.016412e+02 -7.672462e+01 -4.228613e+00 2.604748e+00 -1.580202e+02
<VARIANCE> 6
 3.128982e+01 1.656451e+04 1.353773e+04 2.961554e+02 4.050157e+04 5.219723e+07
<GCONST> 6.776933e+01
<MIXTURE> 9 9.557930e-02
<MEAN> 6
 7.987483e+01 2.829454e+02 3.520529e+01 2.014282e+00 -8.928378e+00 5.153931e+01
<VARIANCE> 6
 3.128982e+01 1.293270e+04 1.353773e+04 2.961554e+02 4.050157e+04 5.219723e+07
<GCONST> 6.752183e+01
<MIXTURE> 10 1.383135e-02
<MEAN> 6
 9.055855e+01 5.790033e+02 -3.225071e+02 2.526518e+01 -7.739434e+02 1.413492e+04
<VARIANCE> 6
 4.191834e+02 1.170672e+06 5.923357e+05 3.448868e+02 1.161152e+05 5.219723e+07
<GCONST> 7.960658e+01
<MIXTURE> 11 6.758875e-02
<MEAN> 6
 8.612791e+01 3.525500e+00 -1.134247e+02 -9.589950e-01 -1.251196e+00 -1.091788e+02
<VARIANCE> 6
 3.128982e+01 1.467116e+04 1.353773e+04 2.961554e+02 4.050157e+04 5.219723e+07
<GCONST> 6.764795e+01
<MIXTURE> 12 5.864007e-02
<MEAN> 6
 9.397533e+01 2.749434e+02 -4.822916e+02 -1.335487e+00 -4.401819e+00 3.109933e+01
<VARIANCE> 6
 3.128982e+01 1.293270e+04 1.353773e+04 2.961554e+02 4.050157e+04 5.219723e+07
<GCONST> 6.752183e+01
<MIXTURE> 13 6.312388e-02
<MEAN> 6
 7.984735e+01 2.640053e+02 5.020739e+01 2.630888e+00 -1.312330e+01 -7.122421e+01
<VARIANCE> 6
 3.128982e+01 1.293270e+04 1.353773e+04 2.961554e+02 4.050157e+04 5.219723e+07
<GCONST> 6.752183e+01
<MIXTURE> 14 7.559116e-02
<MEAN> 6
 8.595131e+01 -5.406919e+01 -1.189387e+02 -1.266675e+00 -1.756158e+00 -1.466628e+02
<VARIANCE> 6
 3.128982e+01 1.293270e+04 1.353773e+04 2.961554e+02 4.050157e+04 5.219723e+07
<GCONST> 6.752183e+01
<MIXTURE> 15 6.300554e-02
<MEAN> 6
 9.535818e+01 2.669222e+02 -6.485954e+02 -3.452909e+00 3.436528e-01 6.658411e+01
<VARIANCE> 6
 3.128982e+01 1.293270e+04 1.353773e+04 2.961554e+02 4.050157e+04 5.219723e+07
<GCONST> 6.752183e+01
<STATE> 4
<NUMMIXES> 15
<MIXTURE> 1 1.114751e-01
<MEAN> 6
 8.608769e+01 -1.697986e+02 -2.984544e+03 -5.424051e+00 -5.147780e-01 1.311792e+02
<VARIANCE> 6
 8.594160e+01 1.997218e+04 5.140366e+04 2.961554e+02 4.050157e+04 5.219723e+07
<GCONST> 7.030101e+01
<MIXTURE> 2 1.194826e-01
<MEAN> 6
 6.784808e+01 1.413001e+01 -8.096954e+02 -2.553257e-01 -4.068449e+00 -1.535174e+02
<VARIANCE> 6
 3.128982e+01 1.293270e+04 1.464887e+04 2.961554e+02 4.050157e+04 5.219723e+07
<GCONST> 6.760071e+01
<MIXTURE> 3 1.082368e-01
<MEAN> 6
 7.592336e+01 -2.974513e+02 -7.541716e+02 -4.491795e+00 -6.327419e+00 1.603224e+01
<VARIANCE> 6
 3.882653e+01 1.293270e+04 1.783661e+04 2.961554e+02 4.050157e+04 5.219723e+07
<GCONST> 6.801341e+01
<MIXTURE> 4 1.590798e-03
<MEAN> 6
 8.560825e+01 -6.078416e+01 9.619630e+01 1.104282e+00 -1.060919e+02 1.682940e+03
<VARIANCE> 6
 3.906447e+02 2.161935e+06 4.387078e+05 4.720616e+02 8.712309e+04 5.336769e+07
<GCONST> 7.989807e+01
<MIXTURE> 5 4.866602e-02
<MEAN> 6
 5.590545e+01 -1.019472e+03 -4.008417e+02 1.298608e+00 1.780657e+01 -6.306830e+01
<VARIANCE> 6
 3.128982e+01 2.496786e+04 1.353773e+04 2.961554e+02 4.050157e+04 5.219723e+07
<GCONST> 6.817966e+01
<MIXTURE> 6 7.618625e-02
<MEAN> 6
 6.594570e+01 -2.700139e+02 -1.280411e+03 3.261642e+00 -1.438105e+01 7.608134e+01
<VARIANCE> 6
 3.128982e+01 1.293270e+04 1.353773e+04 2.961554e+02 4.050157e+04 5.219723e+07
<GCONST> 6.752183e+01
<MIXTURE> 7 8.124455e-02
<MEAN> 6
 6.625327e+01 -4.948352e+02 -5.709708e+02 -8.747089e-01 4.519312e-01 -7.766343e+00
<VARIANCE> 6
 3.128982e+01 1.293270e+04 1.353773e+04 2.961554e+02 4.050157e+04 5.219723e+07
<GCONST> 6.752183e+01
<MIXTURE> 8 5.429073e-02
<MEAN> 6
 6.836467e+01 1.287355e+01 -1.016354e+03 -5.389286e-02 -5.596645e+00 -4.059050e+01
<VARIANCE> 6
 3.128982e+01 1.293270e+04 2.496977e+04 2.961554e+02 4.050157e+04 5.219723e+07
<GCONST> 6.813401e+01
<MIXTURE> 9 5.874638e-02
<MEAN> 6
 7.300043e+01 -7.870060e+02 -6.331707e+02 -3.473964e+00 2.847287e+00 -6.568475e+01
<VARIANCE> 6
 3.128982e+01 1.293270e+04 1.353773e+04 2.961554e+02 4.050157e+04 5.219723e+07
<GCONST> 6.752183e+01
<MIXTURE> 10 1.899101e-02
<MEAN> 6
 7.316874e+01 -7.581577e+02 -6.354756e+02 -3.350387e+00 3.437772e+00 -5.283057e+01
<VARIANCE> 6
 3.128982e+01 1.293270e+04 1.353773e+04 2.961554e+02 4.050157e+04 5.219723e+07
<GCONST> 6.752183e+01
<MIXTURE> 11 4.742241e-02
<MEAN> 6
 6.876421e+01 -7.685944e+02 -1.069613e+03 -1.034177e+00 -5.895501e+00 1.093164e+02
<VARIANCE> 6
 3.128982e+01 1.293270e+04 1.922412e+04 2.961554e+02 4.050157e+04 5.219723e+07
<GCONST> 6.787251e+01
<MIXTURE> 12 7.645547e-02
<MEAN> 6
 5.772585e+01 -1.420888e+03 -6.569133e+02 5.797600e+00 -2.285372e+01 2.785352e+01
<VARIANCE> 6
 3.128982e+01 1.293270e+04 1.353773e+04 2.961554e+02 4.050157e+04 5.219723e+07
<GCONST> 6.752183e+01
<MIXTURE> 13 8.171597e-02
<MEAN> 6
 6.625219e+01 -4.949481e+02 -5.709958e+02 -8.771192e-01 4.492652e-01 -7.735860e+00
<VARIANCE> 6
 3.128982e+01 1.293270e+04 1.353773e+04 2.961554e+02 4.050157e+04 5.219723e+07
<GCONST> 6.752183e+01
<MIXTURE> 14 5.639115e-02
<MEAN> 6
 6.870370e+01 1.476457e+01 -1.080425e+03 2.551588e-01 -8.230010e+00 -1.739613e+01
<VARIANCE> 6
 3.128982e+01 1.293270e+04 1.909512e+04 2.961554e+02 4.050157e+04 5.219723e+07
<GCONST> 6.786578e+01
<MIXTURE> 15 5.907809e-02
<MEAN> 6
 7.197245e+01 -8.224247e+02 -6.253340e+02 -3.621505e+00 2.800824e-01 -7.990948e+01
<VARIANCE> 6
 3.128982e+01 1.293270e+04 1.353773e+04 2.961554e+02 4.050157e+04 5.219723e+07
<GCONST> 6.752183e+01
<STATE> 5
<NUMMIXES> 15
<MIXTURE> 1 8.873007e-02
<MEAN> 6
 7.941580e+01 2.838319e+03 -2.449334e+02 -2.984444e+00 9.079970e-01 1.710389e+02
<VARIANCE> 6
 3.128982e+01 1.293270e+04 1.353773e+04 2.961554e+02 4.050157e+04 5.219723e+07
<GCONST> 6.752183e+01
<MIXTURE> 2 9.252012e-02
<MEAN> 6
 9.100756e+01 1.050734e+03 -9.107564e+02 -3.961271e+00 -6.755051e-01 2.067375e+01
<VARIANCE> 6
 3.128982e+01 1.293270e+04 2.136237e+04 2.961554e+02 4.050157e+04 5.219723e+07
<GCONST> 6.797797e+01
<MIXTURE> 3 1.189065e-01
<MEAN> 6
 7.220788e+01 5.750493e+02 -9.878955e+02 2.516946e+00 -1.573620e+01 1.694410e+02
<VARIANCE> 6
 3.128982e+01 4.679198e+04 1.353773e+04 2.961554e+02 4.050157e+04 5.219723e+07
<GCONST> 6.880778e+01
<MIXTURE> 4 6.139588e-02
<MEAN> 6
 8.899037e+01 1.498394e+03 -3.754867e+02 -3.683089e+00 -2.933485e+00 4.608144e+02
<VARIANCE> 6
 4.229535e+01 1.687271e+05 2.878032e+04 2.961554e+02 4.050157e+04 5.219723e+07
<GCONST> 7.114594e+01
<MIXTURE> 5 6.477103e-02
<MEAN> 6
 8.862939e+01 1.013537e+03 -2.173433e+03 -1.931520e+00 -1.821937e+00 2.056919e+01
<VARIANCE> 6
 3.128982e+01 1.293270e+04 1.353773e+04 2.961554e+02 4.050157e+04 5.219723e+07
<GCONST> 6.752183e+01
<MIXTURE> 6 2.989971e-02
<MEAN> 6
 6.975110e+01 1.298734e+03 -1.822813e+03 3.334478e+01 -7.954882e+01 5.506249e+02
<VARIANCE> 6
 3.584124e+01 3.575975e+04 5.183453e+04 7.221855e+02 4.256400e+04 5.219723e+07
<GCONST> 7.095834e+01
<MIXTURE> 7 8.076490e-02
<MEAN> 6
 7.782123e+01 1.260726e+03 -9.931463e+02 -2.933866e+00 4.352584e-02 8.124748e+00
<VARIANCE> 6
 3.128982e+01 1.293270e+04 1.353773e+04 2.961554e+02 4.050157e+04 5.219723e+07
<GCONST> 6.752183e+01
<MIXTURE> 8 6.027890e-02
<MEAN> 6
 8.364224e+01 7.048353e+02 -5.829528e+02 -1.592067e+00 -9.027052e+00 -4.238214e+01
<VARIANCE> 6
 3.128982e+01 3.218779e+04 1.353773e+04 2.961554e+02 4.050157e+04 5.219723e+07
<GCONST> 6.843365e+01
<MIXTURE> 9 1.214968e-01
<MEAN> 6
 8.336491e+01 1.149899e+03 -1.259142e+03 -1.829123e+00 -3.598788e+00 3.771257e+01
<VARIANCE> 6
 3.128982e+01 1.293270e+04 1.353773e+04 2.961554e+02 4.050157e+04 5.219723e+07
<GCONST> 6.752183e+01
<MIXTURE> 10 7.143001e-02
<MEAN> 6
 7.845766e+01 2.336257e+03 -1.745942e+02 1.132244e+00 -9.321251e+00 -2.638435e+02
<VARIANCE> 6
 3.128982e+01 2.660221e+04 1.353773e+04 2.961554e+02 4.050157e+04 5.219723e+07
<GCONST> 6.824306e+01
<MIXTURE> 11 1.420415e-02
<MEAN> 6
 9.070641e+01 9.943719e+02 -2.568394e+03 1.801216e+01 -1.362260e+02 -4.992817e+01
<VARIANCE> 6
 3.128982e+01 1.961592e+04 1.353773e+04 2.961554e+02 4.050157e+04 5.219723e+07
<GCONST> 6.793841e+01
<MIXTURE> 12 3.515100e-03
<MEAN> 6
 8.235645e+01 -1.957012e+02 -1.412881e+01 1.101471e-01 -8.123521e+01 8.606347e+01
<VARIANCE> 6
 3.787441e+02 1.612057e+06 4.110473e+05 2.961554e+02 6.516580e+04 5.219723e+07
<GCONST> 7.872972e+01
<MIXTURE> 13 6.467390e-02
<MEAN> 6
 8.862242e+01 1.013363e+03 -2.173643e+03 -1.932182e+00 -1.824256e+00 2.078949e+01
<VARIANCE> 6
 3.128982e+01 1.293270e+04 1.353773e+04 2.961554e+02 4.050157e+04 5.219723e+07
<GCONST> 6.752183e+01
<MIXTURE> 14 6.548721e-02
<MEAN> 6
 7.784292e+01 2.742112e+02 -6.026440e+02 -3.858528e+00 1.085796e+01 3.260043e+02
<VARIANCE> 6
 3.128982e+01 1.293270e+04 1.353773e+04 2.961554e+02 4.050157e+04 5.219723e+07
<GCONST> 6.752183e+01
<MIXTURE> 15 6.190968e-02
<MEAN> 6
 8.739535e+01 1.368253e+03 -3.603774e+02 -3.348537e+00 -1.986565e+01 3.250824e+02
<VARIANCE> 6
 4.565697e+01 1.843799e+05 3.499634e+04 2.961554e+02 4.050157e+04 5.219723e+07
<GCONST> 7.150669e+01
<STATE> 6
<NUMMIXES> 15
<MIXTURE> 1 9.063182e-02
<MEAN> 6
 7.050179e+01 9.662068e+02 6.844222e+02 5.582044e-01 2.065094e+00 -4.595155e+01
<VARIANCE> 6
 3.128982e+01 3.712386e+04 1.353773e+04 2.961554e+02 4.050157e+04 5.219723e+07
<GCONST> 6.857632e+01
<MIXTURE> 2 8.319888e-02
<MEAN> 6
 7.504700e+01 -1.046191e+03 2.603571e+02 1.540740e+00 1.624410e+01 -3.116852e+02
<VARIANCE> 6
 3.128982e+01 1.706878e+04 9.036514e+04 2.961554e+02 4.050157e+04 5.219723e+07
<GCONST> 6.969769e+01
<MIXTURE> 3 7.396664e-02
<MEAN> 6
 6.602660e+01 9.172414e+02 -1.434853e+02 -6.453615e-01 1.140862e+00 -1.161884e+02
<VARIANCE> 6
 3.128982e+01 1.293270e+04 1.353773e+04 2.961554e+02 4.050157e+04 5.219723e+07
<GCONST> 6.752183e+01
<MIXTURE> 4 7.354736e-02
<MEAN> 6
 8.010378e+01 1.377720e+03 4.578646e+02 -2.025415e+00 -3.445443e+00 -1.232770e+02
<VARIANCE> 6
 3.128982e+01 4.940588e+04 1.353773e+04 2.961554e+02 4.050157e+04 5.219723e+07
<GCONST> 6.886214e+01
<MIXTURE> 5 4.143837e-02
<MEAN> 6
 5.915833e+01 4.787590e+02 -5.959441e+01 -1.252976e+00 -3.152891e+00 -1.864917e+02
<VARIANCE> 6
 3.128982e+01 1.293270e+04 1.353773e+04 2.961554e+02 4.050157e+04 5.219723e+07
<GCONST> 6.752183e+01
<MIXTURE> 6 5.987159e-02
<MEAN> 6
 8.265903e+01 5.929995e+02 4.539135e+02 -6.094229e-01 -2.753085e+00 -5.263462e+01
<VARIANCE> 6
 3.128982e+01 1.293270e+04 1.353773e+04 2.961554e+02 4.050157e+04 5.219723e+07
<GCONST> 6.752183e+01
<MIXTURE> 7 5.333088e-02
<MEAN> 6
 6.911160e+01 5.655083e+02 -1.400759e+02 -1.456220e+00 -1.707862e+00 -1.197064e+02
<VARIANCE> 6
 3.128982e+01 1.293270e+04 1.353773e+04 2.961554e+02 4.050157e+04 5.219723e+07
<GCONST> 6.752183e+01
<MIXTURE> 8 3.469341e-02
<MEAN> 6
 6.264630e+01 2.245336e+02 -3.579485e+02 1.138881e+01 -2.830890e+01 -2.896231e+02
<VARIANCE> 6
 4.338145e+01 1.293270e+04 1.353773e+04 2.961554e+02 4.050157e+04 5.219723e+07
<GCONST> 6.784856e+01
<MIXTURE> 9 8.343150e-02
<MEAN> 6
 8.719048e+01 3.016512e+02 4.336574e+02 1.028814e+00 3.370175e+00 -4.097868e+01
<VARIANCE> 6
 3.128982e+01 1.293270e+04 1.353773e+04 2.961554e+02 4.050157e+04 5.219723e+07
<GCONST> 6.752183e+01
<MIXTURE> 10 7.989200e-02
<MEAN> 6
 7.240283e+01 -7.329614e+02 -1.938411e+02 -3.893281e+00 -2.319962e+01 2.248617e+02
<VARIANCE> 6
 3.128982e+01 1.802811e+04 1.353773e+04 2.961554e+02 4.050157e+04 5.219723e+07
<GCONST> 6.785400e+01
<MIXTURE> 11 7.670175e-02
<MEAN> 6
 6.607890e+01 9.083799e+02 -1.440827e+02 -7.246616e-01 6.674497e-01 -1.160560e+02
<VARIANCE> 6
 3.128982e+01 1.293270e+04 1.353773e+04 2.961554e+02 4.050157e+04 5.219723e+07
<GCONST> 6.752183e+01
<MIXTURE> 12 1.057510e-01
<MEAN> 6
 5.360800e+01 4.121898e+02 -2.452185e+02 1.037833e+00 3.967231e-01 -1.011271e+02
<VARIANCE> 6
 3.128982e+01 1.293270e+04 1.353773e+04 2.961554e+02 4.050157e+04 5.219723e+07
<GCONST> 6.752183e+01
<MIXTURE> 13 6.016815e-02
<MEAN> 6
 8.266793e+01 5.927247e+02 4.538842e+02 -6.079783e-01 -2.749619e+00 -5.236225e+01
<VARIANCE> 6
 3.128982e+01 1.293270e+04 1.353773e+04 2.961554e+02 4.050157e+04 5.219723e+07
<GCONST> 6.752183e+01
<MIXTURE> 14 2.896131e-02
<MEAN> 6
 7.289722e+01 -7.882162e+02 -1.882858e+02 -2.821208e+00 -1.052232e+01 3.799591e+02
<VARIANCE> 6
 3.128982e+01 8.995302e+04 1.383842e+04 2.961554e+02 4.050157e+04 5.219723e+07
<GCONST> 6.948332e+01
<MIXTURE> 15 5.440105e-02
<MEAN> 6
 6.951506e+01 5.015693e+02 -1.830028e+02 -9.273347e-01 -1.979417e-01 -4.380723e+01
<VARIANCE> 6
 3.128982e+01 1.293270e+04 1.353773e+04 2.961554e+02 4.050157e+04 5.219723e+07
<GCONST> 6.752183e+01
<STATE> 7
<NUMMIXES> 15
<MIXTURE> 1 7.955511e-02
<MEAN> 6
 1.053792e+02 2.622420e+02 1.263944e+03 -1.442262e-01 -3.303866e+01 1.825402e+02
<VARIANCE> 6
 3.128982e+01 1.482414e+04 1.353773e+04 2.961554e+02 4.050157e+04 5.219723e+07
<GCONST> 6.765833e+01
<MIXTURE> 2 5.952660e-02
<MEAN> 6
 8.203195e+01 -1.296335e+02 4.439230e+02 -2.523529e+00 8.782082e+00 -1.301697e+02
<VARIANCE> 6
 3.128982e+01 1.293270e+04 1.353773e+04 2.961554e+02 4.050157e+04 5.219723e+07
<GCONST> 6.752183e+01
<MIXTURE> 3 7.052783e-02
<MEAN> 6
 9.061138e+01 -1.345131e+03 7.919930e+02 6.313913e-02 -1.790202e+00 -3.019952e+02
<VARIANCE> 6
 3.128982e+01 1.293270e+04 1.353773e+04 2.961554e+02 4.050157e+04 5.219723e+07
<GCONST> 6.752183e+01
<MIXTURE> 4 6.730315e-02
<MEAN> 6
 1.001186e+02 -5.049144e+02 -5.518880e+01 -9.572477e-01 2.216008e+01 -3.227675e+02
<VARIANCE> 6
 3.996287e+01 1.657454e+04 1.353773e+04 2.961554e+02 4.050157e+04 5.219723e+07
<GCONST> 6.801460e+01
<MIXTURE> 5 4.247009e-02
<MEAN> 6
 9.898359e+01 -5.038710e+02 4.092222e+02 2.585220e+00 -3.731274e+01 -5.597167e+02
<VARIANCE> 6
 1.182975e+02 3.201982e+05 1.262503e+05 2.961554e+02 4.050157e+04 5.219723e+07
<GCONST> 7.429370e+01
<MIXTURE> 6 9.273007e-02
<MEAN> 6
 9.469701e+01 -9.794571e+01 1.132794e+03 -4.589609e-01 -1.348911e+01 1.623846e+02
<VARIANCE> 6
 3.128982e+01 1.293270e+04 1.353773e+04 2.961554e+02 4.050157e+04 5.219723e+07
<GCONST> 6.752183e+01
<MIXTURE> 7 7.706525e-02
<MEAN> 6
 9.900824e+01 -3.344452e+02 9.647877e+02 -1.224500e+00 2.800368e+00 -1.038439e+02
<VARIANCE> 6
 3.128982e+01 1.293270e+04 2.226121e+04 2.961554e+02 4.050157e+04 5.219723e+07
<GCONST> 6.801919e+01
<MIXTURE> 8 4.932135e-02
<MEAN> 6
 9.024757e+01 -1.439080e+03 8.474475e+02 -1.103406e-01 2.467473e+00 4.124350e+01
<VARIANCE> 6
 3.128982e+01 1.293270e+04 1.353773e+04 2.961554e+02 4.050157e+04 5.219723e+07
<GCONST> 6.752183e+01
<MIXTURE> 9 5.818490e-02
<MEAN> 6
 8.772881e+01 -4.539130e+02 3.450774e+02 -1.014562e+00 1.893417e-01 -1.855914e+02
<VARIANCE> 6
 3.128982e+01 1.737922e+04 1.353773e+04 2.961554e+02 4.050157e+04 5.219723e+07
<GCONST> 6.781734e+01
<MIXTURE> 10 9.129318e-02
<MEAN> 6
 9.618362e+01 3.103049e+02 1.048498e+03 -2.877720e+00 -9.244109e+00 8.264991e+01
<VARIANCE> 6
 3.128982e+01 1.293270e+04 1.353773e+04 2.961554e+02 4.050157e+04 5.219723e+07
<GCONST> 6.752183e+01
<MIXTURE> 11 8.581603e-02
<MEAN> 6
 9.942871e+01 -3.323916e+02 6.530071e+02 -1.700007e+00 -5.400813e+00 -3.157814e+02
<VARIANCE> 6
 3.128982e+01 1.293270e+04 3.832467e+04 2.961554e+02 4.050157e+04 5.219723e+07
<GCONST> 6.856244e+01
<MIXTURE> 12 6.207285e-02
<MEAN> 6
 9.565881e+01 -9.409000e+02 -8.872025e+00 -1.086964e-01 -1.122050e+01 4.399143e+02
<VARIANCE> 6
 3.128982e+01 1.293270e+04 1.353773e+04 2.961554e+02 4.050157e+04 5.219723e+07
<GCONST> 6.752183e+01
<MIXTURE> 13 5.655912e-02
<MEAN> 6
 8.366888e+01 -1.956922e+02 4.288601e+02 -1.860680e+00 1.163238e+01 -6.376943e+01
<VARIANCE> 6
 3.128982e+01 1.293270e+04 1.353773e+04 2.961554e+02 4.050157e+04 5.219723e+07
<GCONST> 6.752183e+01
<MIXTURE> 14 5.821671e-02
<MEAN> 6
 8.889700e+01 -6.698848e+02 3.202718e+02 -3.101053e+00 -7.915972e+00 6.682014e+02
<VARIANCE> 6
 3.128982e+01 4.067976e+04 1.353773e+04 2.961554e+02 4.050157e+04 5.219723e+07
<GCONST> 6.866780e+01
<MIXTURE> 15 4.934892e-02
<MEAN> 6
 9.020615e+01 -1.448551e+03 8.517267e+02 -1.574762e-01 2.926242e+00 5.511463e+01
<VARIANCE> 6
 3.128982e+01 1.293270e+04 1.353773e+04 2.961554e+02 4.050157e+04 5.219723e+07
<GCONST> 6.752183e+01
<STATE> 8
<NUMMIXES> 15
<MIXTURE> 1 6.748340e-02
<MEAN> 6
 1.007903e+02 8.094978e+02 3.303070e+02 -5.298202e+00 -1.649135e+00 -1.581682e+02
<VARIANCE> 6
 3.128982e+01 1.293270e+04 1.353773e+04 2.961554e+02 4.050157e+04 5.219723e+07
<GCONST> 6.752183e+01
<MIXTURE> 2 6.300963e-02
<MEAN> 6
 9.452583e+01 1.679389e+02 1.480354e+02 -1.193154e+00 -3.443985e+00 -1.049309e+02
<VARIANCE> 6
 3.128982e+01 1.293270e+04 1.353773e+04 2.961554e+02 4.050157e+04 5.219723e+07
<GCONST> 6.752183e+01
<MIXTURE> 3 8.317824e-02
<MEAN> 6
 9.378096e+01 -7.869532e+01 8.042345e+01 -1.991767e-01 1.683515e+00 -1.364590e+02
<VARIANCE> 6
 3.128982e+01 1.293270e+04 1.353773e+04 2.961554e+02 4.050157e+04 5.219723e+07
<GCONST> 6.752183e+01
<MIXTURE> 4 6.443024e-02
<MEAN> 6
 9.925683e+01 -9.314952e+01 -8.291490e+01 -2.823210e+00 8.283719e-01 2.600883e+02
<VARIANCE> 6
 3.128982e+01 1.293270e+04 1.353773e+04 2.961554e+02 4.050157e+04 5.219723e+07
<GCONST> 6.752183e+01
<MIXTURE> 5 6.030972e-02
<MEAN> 6
 9.425239e+01 8.851868e+01 1.241972e+02 -1.420000e+00 1.343188e+00 -1.235148e+02
<VARIANCE> 6
 3.128982e+01 1.362437e+04 1.353773e+04 2.961554e+02 4.050157e+04 5.219723e+07
<GCONST> 6.757393e+01
<MIXTURE> 6 2.736267e-03
<MEAN> 6
 7.767118e+01 -1.490513e+02 -1.373509e+02 -3.804044e+00 -1.582082e+02 -4.997286e+03
<VARIANCE> 6
 3.855832e+02 1.810324e+06 6.279956e+05 2.961554e+02 7.920938e+04 1.011542e+08
<GCONST> 8.014421e+01
<MIXTURE> 7 8.355668e-02
<MEAN> 6
 9.377961e+01 -7.777033e+01 8.078263e+01 -2.091815e-01 1.654371e+00 -1.365286e+02
<VARIANCE> 6
 3.128982e+01 1.293270e+04 1.353773e+04 2.961554e+02 4.050157e+04 5.219723e+07
<GCONST> 6.752183e+01
<MIXTURE> 8 6.291685e-02
<MEAN> 6
 9.459286e+01 1.592734e+02 1.414326e+02 -1.626322e+00 -8.138011e+00 -7.117985e+01
<VARIANCE> 6
 3.128982e+01 1.293270e+04 1.353773e+04 2.961554e+02 4.050157e+04 5.219723e+07
<GCONST> 6.752183e+01
<MIXTURE> 9 2.132460e-02
<MEAN> 6
 9.049398e+01 1.154859e+03 1.257639e+02 -1.218685e-01 1.421616e+01 -5.061996e+02
<VARIANCE> 6
 3.128982e+01 2.809883e+04 1.353773e+04 2.961554e+02 4.050157e+04 5.219723e+07
<GCONST> 6.829780e+01
<MIXTURE> 10 7.546710e-02
<MEAN> 6
 9.377120e+01 -6.167398e+01 8.668581e+01 -3.786454e-01 1.207550e+00 -1.383338e+02
<VARIANCE> 6
 3.128982e+01 1.293270e+04 1.353773e+04 2.961554e+02 4.050157e+04 5.219723e+07
<GCONST> 6.752183e+01
<MIXTURE> 11 8.316239e-02
<MEAN> 6
 9.379247e+01 -8.432354e+01 7.815160e+01 -1.380417e-01 1.867214e+00 -1.360943e+02
<VARIANCE> 6
 3.128982e+01 1.293270e+04 1.353773e+04 2.961554e+02 4.050157e+04 5.219723e+07
<GCONST> 6.752183e+01
<MIXTURE> 12 8.229369e-02
<MEAN> 6
 9.379874e+01 -8.643411e+01 7.724663e+01 -1.151302e-01 1.938339e+00 -1.359700e+02
<VARIANCE> 6
 3.128982e+01 1.293270e+04 1.353773e+04 2.961554e+02 4.050157e+04 5.219723e+07
<GCONST> 6.752183e+01
<MIXTURE> 13 1.240389e-01
<MEAN> 6
 9.017123e+01 8.815429e+02 1.814404e+02 -1.744112e+00 2.557542e+00 -1.237509e+01
<VARIANCE> 6
 3.128982e+01 1.293270e+04 1.353773e+04 2.961554e+02 4.050157e+04 5.219723e+07
<GCONST> 6.752183e+01
<MIXTURE> 14 6.294713e-02
<MEAN> 6
 9.454007e+01 1.446322e+02 1.353950e+02 -1.689648e+00 -3.896715e+00 -7.058726e+01
<VARIANCE> 6
 3.128982e+01 1.293270e+04 1.353773e+04 2.961554e+02 4.050157e+04 5.219723e+07
<GCONST> 6.752183e+01
<MIXTURE> 15 6.313082e-02
<MEAN> 6
 9.458634e+01 1.362661e+02 1.298857e+02 -1.883370e+00 -7.654125e+00 -7.503650e+01
<VARIANCE> 6
 3.128982e+01 1.293270e+04 1.353773e+04 2.961554e+02 4.050157e+04 5.219723e+07
<GCONST> 6.752183e+01
<STATE> 9
<NUMMIXES> 15
<MIXTURE> 1 4.181099e-02
<MEAN> 6
 1.104333e+02 1.472255e+02 -4.181184e+02 -2.766433e+00 -8.970370e-01 -2.617014e+02
<VARIANCE> 6
 3.128982e+01 1.293270e+04 1.353773e+04 2.961554e+02 4.050157e+04 5.219723e+07
<GCONST> 6.752183e+01
<MIXTURE> 2 6.202171e-02
<MEAN> 6
 8.679365e+01 9.772076e+00 -5.052253e+02 -3.612774e-01 3.154327e+01 -4.959180e+02
<VARIANCE> 6
 3.128982e+01 1.293270e+04 1.353773e+04 2.961554e+02 4.050157e+04 5.219723e+07
<GCONST> 6.752183e+01
<MIXTURE> 3 4.877057e-02
<MEAN> 6
 7.329731e+01 5.706489e+01 -1.558431e+02 -2.305108e+01 -9.326116e+02 -2.084720e+04
<VARIANCE> 6
 1.027958e+02 5.253090e+05 2.172215e+05 6.452321e+02 1.584390e+05 6.876880e+07
<GCONST> 7.760942e+01
<MIXTURE> 4 9.253004e-02
<MEAN> 6
 9.294411e+01 -5.713536e+02 -5.303539e+02 -1.168174e+00 -7.826623e+00 -1.135691e+02
<VARIANCE> 6
 3.128982e+01 1.293270e+04 1.353773e+04 2.961554e+02 4.050157e+04 5.219723e+07
<GCONST> 6.752183e+01
<MIXTURE> 5 4.289747e-02
<MEAN> 6
 9.325500e+01 -5.699885e+02 -5.268890e+02 -1.180129e+00 -6.964446e+00 -1.053196e+02
<VARIANCE> 6
 3.128982e+01 1.293270e+04 1.353773e+04 2.961554e+02 4.050157e+04 5.219723e+07
<GCONST> 6.752183e+01
<MIXTURE> 6 5.877114e-02
<MEAN> 6
 1.189917e+02 -4.840382e+02 -4.529700e+02 -4.436096e+00 -3.701896e+00 -1.326604e+02
<VARIANCE> 6
 3.128982e+01 4.673380e+04 1.353773e+04 2.961554e+02 4.050157e+04 5.219723e+07
<GCONST> 6.880653e+01
<MIXTURE> 7 8.206917e-02
<MEAN> 6
 9.119451e+01 -2.713510e+02 -5.641626e+02 -1.310466e+00 -1.121093e-01 1.533931e+02
<VARIANCE> 6
 3.128982e+01 1.293270e+04 1.353773e+04 2.961554e+02 4.050157e+04 5.219723e+07
<GCONST> 6.752183e+01
<MIXTURE> 8 6.895112e-02
<MEAN> 6
 1.101709e+02 3.003347e+01 -3.660215e+02 -1.600105e+00 1.286927e+00 -8.738039e+01
<VARIANCE> 6
 3.128982e+01 1.293270e+04 1.353773e+04 2.961554e+02 4.050157e+04 5.219723e+07
<GCONST> 6.752183e+01
<MIXTURE> 9 9.371351e-02
<MEAN> 6
 9.294411e+01 -5.713537e+02 -5.303539e+02 -1.168173e+00 -7.826646e+00 -1.135689e+02
<VARIANCE> 6
 3.128982e+01 1.293270e+04 1.353773e+04 2.961554e+02 4.050157e+04 5.219723e+07
<GCONST> 6.752183e+01
<MIXTURE> 10 9.229132e-02
<MEAN> 6
 9.294411e+01 -5.713537e+02 -5.303539e+02 -1.168172e+00 -7.826612e+00 -1.135689e+02
<VARIANCE> 6
 3.128982e+01 1.293270e+04 1.353773e+04 2.961554e+02 4.050157e+04 5.219723e+07
<GCONST> 6.752183e+01
<MIXTURE> 11 8.277633e-02
<MEAN> 6
 9.121275e+01 -2.724001e+02 -5.643949e+02 -1.364516e+00 -1.086093e+00 1.509280e+02
<VARIANCE> 6
 3.128982e+01 1.293270e+04 1.353773e+04 2.961554e+02 4.050157e+04 5.219723e+07
<GCONST> 6.752183e+01
<MIXTURE> 12 8.194561e-02
<MEAN> 6
 1.073116e+02 -7.002792e+02 -3.458541e+02 -3.790862e+00 -7.911191e+00 6.780597e+01
<VARIANCE> 6
 3.128982e+01 1.293270e+04 1.353773e+04 2.961554e+02 4.050157e+04 5.219723e+07
<GCONST> 6.752183e+01
<MIXTURE> 13 6.783501e-02
<MEAN> 6
 1.101742e+02 2.941053e+01 -3.659163e+02 -1.600614e+00 1.298414e+00 -8.683324e+01
<VARIANCE> 6
 3.128982e+01 1.293270e+04 1.353773e+04 2.961554e+02 4.050157e+04 5.219723e+07
<GCONST> 6.752183e+01
<MIXTURE> 14 4.073172e-02
<MEAN> 6
 1.103978e+02 1.118988e+02 -4.030806e+02 -2.440838e+00 -1.703341e-01 -1.754406e+02
<VARIANCE> 6
 3.128982e+01 1.293270e+04 1.353773e+04 2.961554e+02 4.050157e+04 5.219723e+07
<GCONST> 6.752183e+01
<MIXTURE> 15 4.286896e-02
<MEAN> 6
 9.259944e+01 -5.715851e+02 -5.350585e+02 -1.239597e+00 -9.017690e+00 -1.213529e+02
<VARIANCE> 6
 3.128982e+01 1.293270e+04 1.353773e+04 2.961554e+02 4.050157e+04 5.219723e+07
<GCONST> 6.752183e+01
<STATE> 10
<NUMMIXES> 15
<MIXTURE> 1 7.507123e-02
<MEAN> 6
 7.377039e+01 7.873540e+01 -2.737926e+02 -5.464333e-01 -3.629474e+00 -1.202645e+02
<VARIANCE> 6
 3.128982e+01 1.293270e+04 1.353773e+04 2.961554e+02 4.050157e+04 5.219723e+07
<GCONST> 6.752183e+01
<MIXTURE> 2 1.331727e-03
<MEAN> 6
 8.270763e+01 -2.469523e+01 -4.188752e+01 -1.662916e+01 -5.601754e+02 -8.446411e+03
<VARIANCE> 6
 3.530756e+02 1.964710e+06 6.335557e+05 8.879355e+02 4.455438e+05 1.301858e+08
<GCONST> 8.322433e+01
<MIXTURE> 3 5.724542e-02
<MEAN> 6
 7.238168e+01 8.407726e+01 -1.674342e+02 -1.243123e+00 -7.989447e+00 -9.106350e+01
<VARIANCE> 6
 3.128982e+01 1.293270e+04 1.353773e+04 2.961554e+02 4.050157e+04 5.219723e+07
<GCONST> 6.752183e+01
<MIXTURE> 4 6.689373e-02
<MEAN> 6
 6.719018e+01 -4.688219e+01 -2.069353e+02 4.229652e-01 1.320626e+00 -1.684576e+02
<VARIANCE> 6
 3.128982e+01 1.293270e+04 1.353773e+04 2.961554e+02 4.050157e+04 5.219723e+07
<GCONST> 6.752183e+01
<MIXTURE> 5 1.010072e-01
<MEAN> 6
 7.362508e+01 8.521754e+01 -2.784302e+02 -5.198380e-01 -3.371431e+00 -1.209159e+02
<VARIANCE> 6
 3.128982e+01 1.293270e+04 1.353773e+04 2.961554e+02 4.050157e+04 5.219723e+07
<GCONST> 6.752183e+01
<MIXTURE> 6 7.513217e-02
<MEAN> 6
 7.001630e+01 1.084198e+02 -3.640416e+02 9.297276e-01 4.041799e+00 -2.006676e+02
<VARIANCE> 6
 3.128982e+01 1.293270e+04 1.353773e+04 2.961554e+02 4.050157e+04 5.219723e+07
<GCONST> 6.752183e+01
<MIXTURE> 7 7.330990e-02
<MEAN> 6
 7.386429e+01 7.708671e+01 -2.761580e+02 -5.405436e-01 -3.563940e+00 -1.217032e+02
<VARIANCE> 6
 3.128982e+01 1.293270e+04 1.353773e+04 2.961554e+02 4.050157e+04 5.219723e+07
<GCONST> 6.752183e+01
<MIXTURE> 8 7.085843e-02
<MEAN> 6
 6.730722e+01 -4.216938e+01 -2.065045e+02 4.016273e-01 1.129415e+00 -1.695683e+02
<VARIANCE> 6
 3.128982e+01 1.293270e+04 1.353773e+04 2.961554e+02 4.050157e+04 5.219723e+07
<GCONST> 6.752183e+01
<MIXTURE> 9 6.654485e-02
<MEAN> 6
 6.686077e+01 -6.303602e+01 -2.076020e+02 4.767641e-01 1.869833e+00 -1.638505e+02
<VARIANCE> 6
 3.128982e+01 1.293270e+04 1.353773e+04 2.961554e+02 4.050157e+04 5.219723e+07
<GCONST> 6.752183e+01
<MIXTURE> 10 7.601650e-02
<MEAN> 6
 7.392234e+01 7.600989e+01 -2.774920e+02 -5.376733e-01 -3.529162e+00 -1.225628e+02
<VARIANCE> 6
 3.128982e+01 1.293270e+04 1.353773e+04 2.961554e+02 4.050157e+04 5.219723e+07
<GCONST> 6.752183e+01
<MIXTURE> 11 7.326892e-02
<MEAN> 6
 7.397198e+01 7.513151e+01 -2.785584e+02 -5.360589e-01 -3.504085e+00 -1.232320e+02
<VARIANCE> 6
 3.128982e+01 1.293270e+04 1.353773e+04 2.961554e+02 4.050157e+04 5.219723e+07
<GCONST> 6.752183e+01
<MIXTURE> 12 7.437747e-02
<MEAN> 6
 6.677879e+01 -6.667474e+01 -2.093469e+02 4.998489e-01 2.185199e+00 -1.626833e+02
<VARIANCE> 6
 3.128982e+01 1.293270e+04 1.353773e+04 2.961554e+02 4.050157e+04 5.219723e+07
<GCONST> 6.752183e+01
<MIXTURE> 13 6.723471e-02
<MEAN> 6
 6.660914e+01 -7.742823e+01 -2.100162e+02 5.271474e-01 2.626111e+00 -1.593070e+02
<VARIANCE> 6
 3.128982e+01 1.293270e+04 1.353773e+04 2.961554e+02 4.050157e+04 5.219723e+07
<GCONST> 6.752183e+01
<MIXTURE> 14 6.482203e-02
<MEAN> 6
 6.622112e+01 -1.162859e+02 -2.113165e+02 5.581298e-01 5.749079e+00 -1.532864e+02
<VARIANCE> 6
 3.128982e+01 1.460969e+04 1.353773e+04 2.961554e+02 4.050157e+04 5.219723e+07
<GCONST> 6.764375e+01
<MIXTURE> 15 5.688515e-02
<MEAN> 6
 7.092771e+01 4.300114e+01 -2.002189e+02 -4.443346e-01 -4.702219e+00 -1.427926e+02
<VARIANCE> 6
 3.128982e+01 1.293270e+04 1.353773e+04 2.961554e+02 4.050157e+04 5.219723e+07
<GCONST> 6.752183e+01
<STATE> 11
<NUMMIXES> 15
<MIXTURE> 1 6.575113e-02
<MEAN> 6
 7.204023e+01 2.274750e+02 2.189507e+02 7.245266e-01 1.288707e+00 -4.059831e+01
<VARIANCE> 6
 3.128982e+01 1.173636e+05 1.353773e+04 2.961554e+02 4.050157e+04 5.219723e+07
<GCONST> 6.972734e+01
<MIXTURE> 2 8.100340e-02
<MEAN> 6
 6.459029e+01 -5.148506e+02 2.868837e+02 -9.967095e-01 -1.087775e+01 -1.873923e+02
<VARIANCE> 6
 3.128982e+01 1.293270e+04 1.353773e+04 2.961554e+02 4.050157e+04 5.219723e+07
<GCONST> 6.752183e+01
<MIXTURE> 3 3.509632e-02
<MEAN> 6
 6.578238e+01 -1.886810e+01 4.469165e+02 1.963246e+00 -1.049903e+01 1.387997e+02
<VARIANCE> 6
 3.128982e+01 1.293270e+04 1.353773e+04 2.961554e+02 4.050157e+04 5.219723e+07
<GCONST> 6.752183e+01
<MIXTURE> 4 7.854784e-02
<MEAN> 6
 5.801352e+01 -4.111804e+02 -1.613672e+02 1.182370e+00 5.386859e+00 -1.022559e+02
<VARIANCE> 6
 3.128982e+01 1.293270e+04 3.528496e+04 2.961554e+02 4.050157e+04 5.219723e+07
<GCONST> 6.847980e+01
<MIXTURE> 5 4.599097e-02
<MEAN> 6
 7.136829e+01 -2.136178e+02 8.979472e+01 2.536597e-01 -6.364467e+00 -2.341544e+02
<VARIANCE> 6
 3.128982e+01 1.293270e+04 1.353773e+04 2.961554e+02 4.050157e+04 5.219723e+07
<GCONST> 6.752183e+01
<MIXTURE> 6 7.660995e-02
<MEAN> 6
 5.823801e+01 -4.226626e+02 -2.136955e+02 3.543715e-01 -6.400838e+00 -1.747208e+02
<VARIANCE> 6
 3.128982e+01 1.293270e+04 1.353773e+04 2.961554e+02 4.050157e+04 5.219723e+07
<GCONST> 6.752183e+01
<MIXTURE> 7 8.134928e-02
<MEAN> 6
 7.448168e+01 1.358436e+01 1.807040e+02 -2.012203e-01 2.803623e+00 -1.354120e+02
<VARIANCE> 6
 3.128982e+01 1.293270e+04 1.353773e+04 2.961554e+02 4.050157e+04 5.219723e+07
<GCONST> 6.752183e+01
<MIXTURE> 8 7.986687e-02
<MEAN> 6
 7.448299e+01 1.408983e+01 1.807228e+02 -2.033812e-01 2.835261e+00 -1.347912e+02
<VARIANCE> 6
 3.128982e+01 1.293270e+04 1.353773e+04 2.961554e+02 4.050157e+04 5.219723e+07
<GCONST> 6.752183e+01
<MIXTURE> 9 4.586161e-02
<MEAN> 6
 7.158914e+01 -2.028678e+02 9.832905e+01 2.917143e-01 -4.666871e+00 -2.117209e+02
<VARIANCE> 6
 3.128982e+01 1.293270e+04 1.353773e+04 2.961554e+02 4.050157e+04 5.219723e+07
<GCONST> 6.752183e+01
<MIXTURE> 10 8.119048e-02
<MEAN> 6
 6.463116e+01 -5.157679e+02 2.865447e+02 -1.014531e+00 -1.161626e+01 -1.905182e+02
<VARIANCE> 6
 3.128982e+01 1.293270e+04 1.353773e+04 2.961554e+02 4.050157e+04 5.219723e+07
<GCONST> 6.752183e+01
<MIXTURE> 11 8.187158e-02
<MEAN> 6
 7.448004e+01 1.297201e+01 1.806809e+02 -1.986042e-01 2.765376e+00 -1.361579e+02
<VARIANCE> 6
 3.128982e+01 1.293270e+04 1.353773e+04 2.961554e+02 4.050157e+04 5.219723e+07
<GCONST> 6.752183e+01
<MIXTURE> 12 8.007365e-02
<MEAN> 6
 7.447781e+01 1.217447e+01 1.806502e+02 -1.951915e-01 2.715727e+00 -1.371202e+02
<VARIANCE> 6
 3.128982e+01 1.293270e+04 1.353773e+04 2.961554e+02 4.050157e+04 5.219723e+07
<GCONST> 6.752183e+01
<MIXTURE> 13 7.511438e-02
<MEAN> 6
 5.781485e+01 -4.289462e+02 -2.843837e+02 4.978218e-01 -6.481118e+00 -1.678884e+02
<VARIANCE> 6
 3.128982e+01 1.293270e+04 1.475190e+04 2.961554e+02 4.050157e+04 5.219723e+07
<GCONST> 6.760772e+01
<MIXTURE> 14 4.593676e-02
<MEAN> 6
 7.108331e+01 -2.274312e+02 7.809441e+01 1.769797e-01 -7.415387e+00 -2.545371e+02
<VARIANCE> 6
 3.128982e+01 1.293270e+04 1.353773e+04 2.961554e+02 4.050157e+04 5.219723e+07
<GCONST> 6.752183e+01
<MIXTURE> 15 4.570824e-02
<MEAN> 6
 7.087760e+01 -2.384281e+02 6.853912e+01 6.085806e-02 -1.105690e+01 -3.026258e+02
<VARIANCE> 6
 3.128982e+01 1.293270e+04 1.353773e+04 2.961554e+02 4.050157e+04 5.219723e+07
<GCONST> 6.752183e+01
<STATE> 12
<NUMMIXES> 15
<MIXTURE> 1 8.715095e-02
<MEAN> 6
 1.280989e+02 3.793188e+02 1.665093e+03 -3.461704e+00 -2.404762e-01 2.448780e+01
<VARIANCE> 6
 3.128982e+01 1.468594e+04 1.353773e+04 2.961554e+02 4.050157e+04 5.219723e+07
<GCONST> 6.764896e+01
<MIXTURE> 2 4.731207e-02
<MEAN> 6
 8.244489e+01 -8.786102e+03 2.062073e+03 -1.096135e+01 -9.989079e+00 4.840626e+02
<VARIANCE> 6
 3.128982e+01 1.293270e+04 1.409597e+04 2.961554e+02 4.050157e+04 5.219723e+07
<GCONST> 6.756223e+01
<MIXTURE> 3 7.924842e-02
<MEAN> 6
 9.879727e+01 -3.491287e+03 -1.535064e+01 -3.399666e+00 2.091189e+01 -7.573488e+01
<VARIANCE> 6
 3.128982e+01 9.164437e+04 1.353773e+04 2.961554e+02 4.050157e+04 5.219723e+07
<GCONST> 6.947998e+01
<MIXTURE> 4 8.956227e-02
<MEAN> 6
 7.576311e+01 2.860523e+03 4.590007e+02 -2.460464e+00 -1.612244e+01 -6.609040e+01
<VARIANCE> 6
 3.128982e+01 1.293270e+04 1.353773e+04 2.961554e+02 4.050157e+04 5.219723e+07
<GCONST> 6.752183e+01
<MIXTURE> 5 5.100230e-02
<MEAN> 6
 9.560255e+01 -1.908523e+03 -2.248739e+02 -4.956428e+00 -1.107796e+01 -5.480931e+02
<VARIANCE> 6
 3.128982e+01 6.280585e+04 1.353773e+04 2.961554e+02 4.050157e+04 5.219723e+07
<GCONST> 6.910212e+01
<MIXTURE> 6 4.724278e-02
<MEAN> 6
 1.262745e+02 -2.010987e+03 4.276859e+01 -4.235245e+01 -1.322435e+02 -8.864234e+02
<VARIANCE> 6
 4.672204e+02 7.829151e+05 1.733421e+04 2.961554e+02 1.113186e+05 5.219723e+07
<GCONST> 7.558686e+01
<MIXTURE> 7 7.977376e-02
<MEAN> 6
 1.206903e+02 1.806321e+03 1.293099e+03 -1.027072e+00 -1.468171e+00 2.332687e+01
<VARIANCE> 6
 3.128982e+01 4.801539e+04 1.353773e+04 2.961554e+02 4.050157e+04 5.219723e+07
<GCONST> 6.883359e+01
<MIXTURE> 8 1.021734e-01
<MEAN> 6
 7.306548e+01 -9.029303e+03 1.501877e+03 -1.108504e+00 2.188301e+00 -2.979651e+00
<VARIANCE> 6
 3.128982e+01 1.293270e+04 5.528787e+04 2.961554e+02 4.050157e+04 5.219723e+07
<GCONST> 6.892889e+01
<MIXTURE> 9 8.329329e-02
<MEAN> 6
 7.576231e+01 2.860448e+03 4.589765e+02 -2.466220e+00 -1.617144e+01 -6.612775e+01
<VARIANCE> 6
 3.128982e+01 1.293270e+04 1.353773e+04 2.961554e+02 4.050157e+04 5.219723e+07
<GCONST> 6.752183e+01
<MIXTURE> 10 5.337353e-02
<MEAN> 6
 1.025297e+02 -2.805092e+03 -2.416338e+02 -2.226047e+00 -1.443425e+01 -2.376689e+02
<VARIANCE> 6
 3.128982e+01 8.878219e+04 1.353773e+04 2.961554e+02 4.050157e+04 5.219723e+07
<GCONST> 6.944825e+01
<MIXTURE> 11 6.391278e-02
<MEAN> 6
 7.330795e+01 -8.857021e+03 1.000111e+03 1.249834e+00 -1.488029e+01 -5.329772e+02
<VARIANCE> 6
 3.128982e+01 1.293270e+04 1.353773e+04 2.961554e+02 4.050157e+04 5.219723e+07
<GCONST> 6.752183e+01
<MIXTURE> 12 7.096110e-02
<MEAN> 6
 9.910945e+01 -4.042097e+03 1.550700e+01 -2.638190e+00 2.388102e+00 1.410401e+01
<VARIANCE> 6
 3.128982e+01 1.293270e+04 1.353773e+04 2.961554e+02 4.050157e+04 5.219723e+07
<GCONST> 6.752183e+01
<MIXTURE> 13 4.432312e-02
<MEAN> 6
 1.346158e+02 1.006754e+02 9.138320e+02 -8.793315e+00 2.185772e+01 4.016701e+02
<VARIANCE> 6
 3.128982e+01 2.232074e+04 7.003248e+04 2.961554e+02 4.384307e+04 6.740914e+07
<GCONST> 7.004609e+01
<MIXTURE> 14 4.755629e-02
<MEAN> 6
 1.233941e+02 1.804986e+03 7.727253e+02 -7.101402e+00 -7.161561e-01 3.029773e+02
<VARIANCE> 6
 3.128982e+01 1.631078e+05 6.517971e+04 2.961554e+02 4.050157e+04 5.219723e+07
<GCONST> 7.162814e+01
<MIXTURE> 15 5.311029e-02
<MEAN> 6
 1.030831e+02 -2.909618e+03 -2.517964e+02 -1.591154e+00 -1.218748e+01 -2.313817e+02
<VARIANCE> 6
 3.128982e+01 7.893744e+04 1.353773e+04 2.961554e+02 4.050157e+04 5.219723e+07
<GCONST> 6.933073e+01
<STATE> 13
<NUMMIXES> 15
<MIXTURE> 1 7.453620e-03
<MEAN> 6
 1.035580e+01 -3.280625e+02 6.910964e+00 -6.912966e-01 -4.328342e+02 9.059860e+03
<VARIANCE> 6
 9.183589e+03 8.228411e+05 1.088142e+06 1.275293e+06 6.825585e+08 9.858926e+11
<GCONST> 1.096898e+02
<MIXTURE> 2 6.570300e-02
<MEAN> 6
 3.170093e+01 1.575218e+02 3.225053e+01 2.101604e+02 -6.695580e+01 -5.228107e+02
<VARIANCE> 6
 6.358295e+02 2.171221e+05 4.695045e+04 4.708178e+03 1.284279e+05 5.219723e+07
<GCONST> 7.851797e+01
<MIXTURE> 3 3.597229e-02
<MEAN> 6
 1.367421e+01 6.969186e+02 -1.074214e+02 -5.595259e+01 -5.282235e+01 2.594286e+03
<VARIANCE> 6
 5.554767e+03 1.607312e+07 1.688172e+06 6.225082e+04 2.401290e+06 1.754738e+09
<GCONST> 9.759752e+01
<MIXTURE> 4 7.086430e-02
<MEAN> 6
 9.688971e+01 1.613603e+02 -1.554059e+02 -5.243816e+00 -1.858647e+01 -3.000353e+02
<VARIANCE> 6
 5.525234e+02 1.146239e+06 1.486863e+05 2.961554e+02 4.050157e+04 5.219723e+07
<GCONST> 7.727387e+01
<MIXTURE> 5 6.829177e-02
<MEAN> 6
 -4.180732e+01 -3.164520e+01 1.477927e+01 -9.633302e+01 1.745496e+03 5.552365e+02
<VARIANCE> 6
 3.438979e+02 2.710407e+05 8.606654e+04 4.527678e+04 1.073606e+06 9.317521e+08
<GCONST> 8.600017e+01
<MIXTURE> 6 6.510586e-02
<MEAN> 6
 7.323881e+01 -2.621777e+01 1.830490e+02 -7.019207e+00 -5.383615e+02 -8.668838e+02
<VARIANCE> 6
 4.995752e+02 1.400070e+05 3.580431e+05 3.223393e+04 3.555428e+05 8.079715e+07
<GCONST> 8.324850e+01
<MIXTURE> 7 8.435177e-02
<MEAN> 6
 -2.951335e+01 1.174216e+02 3.371822e+01 9.081560e+01 7.295160e+02 -1.840056e+03
<VARIANCE> 6
 2.220363e+02 1.672063e+05 2.864777e+04 2.085376e+04 2.200956e+05 5.219723e+07
<GCONST> 7.873756e+01
<MIXTURE> 8 7.749889e-02
<MEAN> 6
 9.880389e+01 5.927047e+01 -7.576382e+00 4.407654e+01 -1.097075e+03 -1.744347e+03
<VARIANCE> 6
 6.561984e+02 6.214649e+05 1.186853e+05 3.305476e+04 3.306661e+06 2.036893e+09
<GCONST> 8.938985e+01
<MIXTURE> 9 1.075744e-01
<MEAN> 6
 9.234836e+01 -1.652292e+02 -2.456931e+01 -4.846737e+00 -3.025239e+01 -2.371041e+02
<VARIANCE> 6
 1.894187e+02 1.364292e+05 7.304788e+04 2.961554e+02 4.050157e+04 5.219723e+07
<GCONST> 7.336417e+01
<MIXTURE> 10 6.766092e-02
<MEAN> 6
 -5.315513e+01 1.035117e+02 3.328296e+01 5.521991e+00 1.313788e+02 4.322456e+02
<VARIANCE> 6
 2.786092e+02 2.805371e+05 6.648702e+04 5.174279e+02 7.073206e+04 5.219723e+07
<GCONST> 7.549236e+01
<MIXTURE> 11 9.535280e-02
<MEAN> 6
 1.872589e+01 -8.093198e+00 6.046192e+01 -2.954470e+02 -1.737216e+02 8.326264e+03
<VARIANCE> 6
 6.697290e+02 1.202786e+05 8.049355e+04 8.997024e+03 7.572718e+05 3.000231e+08
<GCONST> 8.268913e+01
<MIXTURE> 12 6.365555e-02
<MEAN> 6
 8.861862e+01 7.265730e+01 2.355311e+01 -6.946620e+00 -6.659445e+02 7.462022e+02
<VARIANCE> 6
 2.791270e+02 1.370686e+05 3.441034e+04 1.803069e+04 2.258582e+05 8.933776e+07
<GCONST> 7.936871e+01
<MIXTURE> 13 7.354765e-02
<MEAN> 6
 -5.381258e+01 3.009787e+01 1.670693e+01 2.014477e+01 8.114856e+02 -2.197154e+02
<VARIANCE> 6
 2.427099e+02 1.482469e+05 1.725419e+05 1.057477e+04 2.183041e+05 1.199487e+08
<GCONST> 8.064661e+01
<MIXTURE> 14 5.565711e-02
<MEAN> 6
 2.392400e+01 -2.463266e+01 7.807065e+00 3.054824e+02 1.704960e+01 -8.041931e+03
<VARIANCE> 6
 7.582307e+02 1.959494e+05 5.725568e+04 5.821506e+03 4.247107e+05 1.502619e+08
<GCONST> 8.125552e+01
<MIXTURE> 15 6.066721e-02
<MEAN> 6
 8.136753e+01 -8.035668e+01 -2.999778e+01 -7.818582e+01 -9.239144e+02 -2.422978e+03
<VARIANCE> 6
 2.879651e+02 1.569185e+05 3.559504e+04 2.178426e+04 2.856779e+05 9.014970e+07
<GCONST> 8.000209e+01
<TRANSP> 14
 0.000000e+00 1.000000e+00 0.000000e+00 0.000000e+00 0.000000e+00 0.000000e+00 0.000000e+00 0.000000e+00 0.000000e+00 0.000000e+00 0.000000e+00 0.000000e+00 0.000000e+00 0.000000e+00
 0.000000e+00 9.998661e-01 1.339539e-04 0.000000e+00 0.000000e+00 0.000000e+00 0.000000e+00 0.000000e+00 0.000000e+00 0.000000e+00 0.000000e+00 0.000000e+00 0.000000e+00 0.000000e+00
 0.000000e+00 0.000000e+00 9.966161e-01 3.383929e-03 0.000000e+00 0.000000e+00 0.000000e+00 0.000000e+00 0.000000e+00 0.000000e+00 0.000000e+00 0.000000e+00 0.000000e+00 0.000000e+00
 0.000000e+00 0.000000e+00 0.000000e+00 9.977387e-01 2.261238e-03 0.000000e+00 0.000000e+00 0.000000e+00 0.000000e+00 0.000000e+00 0.000000e+00 0.000000e+00 0.000000e+00 0.000000e+00
 0.000000e+00 0.000000e+00 0.000000e+00 0.000000e+00 9.960954e-01 3.904643e-03 0.000000e+00 0.000000e+00 0.000000e+00 0.000000e+00 0.000000e+00 0.000000e+00 0.000000e+00 0.000000e+00
 0.000000e+00 0.000000e+00 0.000000e+00 0.000000e+00 0.000000e+00 9.983283e-01 1.671730e-03 0.000000e+00 0.000000e+00 0.000000e+00 0.000000e+00 0.000000e+00 0.000000e+00 0.000000e+00
 0.000000e+00 0.000000e+00 0.000000e+00 0.000000e+00 0.000000e+00 0.000000e+00 9.959465e-01 4.053430e-03 0.000000e+00 0.000000e+00 0.000000e+00 0.000000e+00 0.000000e+00 0.000000e+00
 0.000000e+00 0.000000e+00 0.000000e+00 0.000000e+00 0.000000e+00 0.000000e+00 0.000000e+00 9.962496e-01 3.750389e-03 0.000000e+00 0.000000e+00 0.000000e+00 0.000000e+00 0.000000e+00
 0.000000e+00 0.000000e+00 0.000000e+00 0.000000e+00 0.000000e+00 0.000000e+00 0.000000e+00 0.000000e+00 9.947685e-01 5.231556e-03 0.000000e+00 0.000000e+00 0.000000e+00 0.000000e+00
 0.000000e+00 0.000000e+00 0.000000e+00 0.000000e+00 0.000000e+00 0.000000e+00 0.000000e+00 0.000000e+00 0.000000e+00 9.981139e-01 1.886106e-03 0.000000e+00 0.000000e+00 0.000000e+00
 0.000000e+00 0.000000e+00 0.000000e+00 0.000000e+00 0.000000e+00 0.000000e+00 0.000000e+00 0.000000e+00 0.000000e+00 0.000000e+00 9.980925e-01 1.907514e-03 0.000000e+00 0.000000e+00
 0.000000e+00 0.000000e+00 0.000000e+00 0.000000e+00 0.000000e+00 0.000000e+00 0.000000e+00 0.000000e+00 0.000000e+00 0.000000e+00 0.000000e+00 9.963709e-01 3.629124e-03 0.000000e+00
 0.000000e+00 0.000000e+00 0.000000e+00 0.000000e+00 0.000000e+00 0.000000e+00 0.000000e+00 0.000000e+00 0.000000e+00 0.000000e+00 0.000000e+00 0.000000e+00 9.999368e-01 6.318232e-05
 0.000000e+00 0.000000e+00 0.000000e+00 0.000000e+00 0.000000e+00 0.000000e+00 0.000000e+00 0.000000e+00 0.000000e+00 0.000000e+00 0.000000e+00 0.000000e+00 0.000000e+00 0.000000e+00
<ENDHMM>
~h "SegundoESO"
<BEGINHMM>
<NUMSTATES> 14
<STATE> 2
<NUMMIXES> 15
<MIXTURE> 1 7.806793e-02
<MEAN> 6
 7.175151e+01 1.320475e+04 -1.200128e+03 -7.940192e-01 -6.600476e+00 -1.937810e+02
<VARIANCE> 6
 3.128982e+01 1.293270e+04 1.353773e+04 2.961554e+02 4.050157e+04 5.219723e+07
<GCONST> 6.752183e+01
<MIXTURE> 2 6.664363e-02
<MEAN> 6
 7.210435e+01 1.526958e+03 -2.389609e+03 2.860830e-02 -4.477122e+00 -1.687852e+02
<VARIANCE> 6
 3.128982e+01 1.293270e+04 1.837980e+05 2.961554e+02 4.050157e+04 5.219723e+07
<GCONST> 7.013018e+01
<MIXTURE> 3 6.345061e-02
<MEAN> 6
 7.147787e+01 7.165058e+02 -6.294263e+03 6.656784e-01 -6.632252e+00 5.397787e+01
<VARIANCE> 6
 3.128982e+01 1.293270e+04 6.471858e+06 2.961554e+02 4.050157e+04 5.219723e+07
<GCONST> 7.369156e+01
<MIXTURE> 4 7.306348e-02
<MEAN> 6
 7.621471e+01 -5.531470e+01 -2.545749e+03 -7.862031e-01 -1.187044e+01 -1.987945e+02
<VARIANCE> 6
 3.128982e+01 1.293270e+04 2.644193e+05 2.961554e+02 4.050157e+04 5.219723e+07
<GCONST> 7.049388e+01
<MIXTURE> 5 2.610738e-02
<MEAN> 6
 7.508790e+01 3.640445e+02 -3.342789e+03 -5.413197e-01 -1.136466e+00 -3.793369e+01
<VARIANCE> 6
 3.128982e+01 1.521823e+04 7.407942e+04 2.961554e+02 4.050157e+04 5.219723e+07
<GCONST> 6.938422e+01
<MIXTURE> 6 9.492167e-02
<MEAN> 6
 6.780046e+01 6.727278e+02 -6.574927e+02 1.702086e+00 -3.966034e+00 -2.699612e+00
<VARIANCE> 6
 3.128982e+01 9.227876e+04 6.472216e+04 2.961554e+02 4.050157e+04 5.219723e+07
<GCONST> 7.105151e+01
<MIXTURE> 7 1.068527e-01
<MEAN> 6
 6.391458e+01 -1.065852e+02 -1.516504e+03 1.042413e+00 4.100985e-01 -1.972892e+02
<VARIANCE> 6
 3.128982e+01 2.412823e+04 1.975517e+04 2.961554e+02 4.050157e+04 5.219723e+07
<GCONST> 6.852338e+01
<MIXTURE> 8 6.210928e-02
<MEAN> 6
 7.396773e+01 -2.420721e+02 -7.392869e+03 -1.905958e-01 -3.164983e+00 -1.451780e+02
<VARIANCE> 6
 3.128982e+01 1.293270e+04 6.378040e+04 2.961554e+02 4.050157e+04 5.219723e+07
<GCONST> 6.907179e+01
<MIXTURE> 9 3.171782e-02
<MEAN> 6
 7.796186e+01 -2.233667e+03 -7.460168e+02 -3.767047e-01 -7.534764e+00 -5.499707e+00
<VARIANCE> 6
 3.128982e+01 2.688389e+07 3.331406e+05 2.961554e+02 4.050157e+04 5.219723e+07
<GCONST> 7.836443e+01
<MIXTURE> 10 8.857860e-02
<MEAN> 6
 6.638619e+01 8.257945e+02 -1.221992e+03 2.880479e-01 -5.213383e+00 -1.100079e+02
<VARIANCE> 6
 3.128982e+01 1.293270e+04 1.353773e+04 2.961554e+02 4.050157e+04 5.219723e+07
<GCONST> 6.752183e+01
<MIXTURE> 11 5.769314e-02
<MEAN> 6
 5.535511e+01 2.477857e+02 -2.751380e+03 3.967778e+00 1.961771e+01 -2.489516e+01
<VARIANCE> 6
 3.128982e+01 5.099495e+04 2.891744e+06 2.961554e+02 4.050157e+04 5.219723e+07
<GCONST> 7.425793e+01
<MIXTURE> 12 6.175676e-02
<MEAN> 6
 6.572695e+01 2.938301e+03 -1.251515e+03 -4.138816e-01 -1.305665e+01 -1.300903e+02
<VARIANCE> 6
 3.128982e+01 3.032361e+05 1.353773e+04 2.961554e+02 4.050157e+04 5.219723e+07
<GCONST> 7.067658e+01
<MIXTURE> 13 6.674566e-02
<MEAN> 6
 7.420486e+01 -4.217288e+02 -9.126275e+03 7.740508e-02 -2.181513e+00 -1.279058e+01
<VARIANCE> 6
 3.128982e+01 1.293270e+04 8.648429e+05 2.961554e+02 4.050157e+04 5.219723e+07
<GCONST> 7.167889e+01
<MIXTURE> 14 6.289296e-02
<MEAN> 6
 7.666074e+01 -1.059434e+02 -4.386826e+03 -1.388621e-01 -3.538990e+00 -5.911354e+01
<VARIANCE> 6
 3.128982e+01 1.293270e+04 1.501537e+06 2.961554e+02 4.050157e+04 5.219723e+07
<GCONST> 7.223059e+01
<MIXTURE> 15 5.938566e-02
<MEAN> 6
 5.413176e+01 2.954675e+02 -3.731859e+03 2.580368e+00 5.346141e+00 -3.508884e+01
<VARIANCE> 6
 3.128982e+01 1.208815e+05 2.183112e+06 2.961554e+02 4.050157e+04 5.219723e+07
<GCONST> 7.483990e+01
<STATE> 3
<NUMMIXES> 15
<MIXTURE> 1 6.173218e-02
<MEAN> 6
 7.749802e+01 1.447962e+03 1.215749e+03 -7.187990e-01 2.979678e+00 -4.329390e+01
<VARIANCE> 6
 3.128982e+01 8.405313e+05 1.981849e+05 2.961554e+02 4.050157e+04 5.219723e+07
<GCONST> 7.437982e+01
<MIXTURE> 2 9.006338e-02
<MEAN> 6
 7.306766e+01 6.507314e+02 1.050317e+03 2.425751e-01 -5.686437e+00 -8.872926e+01
<VARIANCE> 6
 3.128982e+01 1.293270e+04 3.870613e+05 2.961554e+02 4.050157e+04 5.219723e+07
<GCONST> 7.087492e+01
<MIXTURE> 3 3.783753e-02
<MEAN> 6
 8.800851e+01 -1.633779e+03 4.343098e+02 5.859813e-01 -4.685863e+00 -1.974710e+02
<VARIANCE> 6
 3.128982e+01 1.293270e+04 2.075650e+04 2.961554e+02 4.050157e+04 5.219723e+07
<GCONST> 6.794920e+01
<MIXTURE> 4 7.832123e-02
<MEAN> 6
 6.948752e+01 8.470285e+00 2.145086e+02 -4.318726e-01 -6.375253e+00 -1.669832e+02
<VARIANCE> 6
 3.128982e+01 1.984098e+04 1.353773e+04 2.961554e+02 4.050157e+04 5.219723e+07
<GCONST> 6.794981e+01
<MIXTURE> 5 8.082667e-02
<MEAN> 6
 7.094785e+01 -1.005829e+02 1.504851e+03 -1.357482e+00 -3.132647e+00 -1.045691e+02
<VARIANCE> 6
 6.094942e+01 5.348804e+04 1.327437e+05 2.961554e+02 4.050157e+04 5.219723e+07
<GCONST> 7.189122e+01
<MIXTURE> 6 5.894602e-02
<MEAN> 6
 7.347733e+01 6.654849e+02 3.526424e+02 -4.460765e-01 -2.132782e+00 -9.161796e+01
<VARIANCE> 6
 3.128982e+01 2.024986e+04 1.353773e+04 2.961554e+02 4.050157e+04 5.219723e+07
<GCONST> 6.797021e+01
<MIXTURE> 7 1.132437e-01
<MEAN> 6
 6.711299e+01 -3.924974e+02 3.296146e+02 -1.385304e-01 -3.909154e+00 -9.512069e+01
<VARIANCE> 6
 3.128982e+01 1.293270e+04 1.353773e+04 2.961554e+02 4.050157e+04 5.219723e+07
<GCONST> 6.752183e+01
<MIXTURE> 8 6.620244e-02
<MEAN> 6
 7.644602e+01 -5.867006e+02 2.792893e+03 1.290890e+00 -2.262417e+00 -8.364724e+01
<VARIANCE> 6
 3.128982e+01 1.097489e+06 3.067440e+05 2.961554e+02 4.050157e+04 5.219723e+07
<GCONST> 7.508338e+01
<MIXTURE> 9 6.040336e-02
<MEAN> 6
 7.998977e+01 3.188975e+02 4.779223e+02 -2.155179e+00 9.492624e-01 -6.301949e+01
<VARIANCE> 6
 3.128982e+01 2.103533e+04 3.331705e+04 2.961554e+02 4.050157e+04 5.219723e+07
<GCONST> 6.890886e+01
<MIXTURE> 10 5.942101e-02
<MEAN> 6
 6.077641e+01 -3.189801e+02 1.612831e+02 -1.932199e-01 2.560221e-01 -1.259826e+02
<VARIANCE> 6
 3.128982e+01 3.016622e+04 1.353773e+04 2.961554e+02 4.050157e+04 5.219723e+07
<GCONST> 6.836879e+01
<MIXTURE> 11 5.962461e-02
<MEAN> 6
 7.586990e+01 -2.256073e+03 2.086210e+02 -2.157397e+00 7.351750e+00 -1.014111e+02
<VARIANCE> 6
 9.314695e+01 7.876495e+05 2.365953e+05 2.961554e+02 4.050157e+04 5.219723e+07
<GCONST> 7.558288e+01
<MIXTURE> 12 6.926747e-02
<MEAN> 6
 6.833014e+01 -2.842062e+01 2.171505e+02 -3.419518e-01 -5.666545e+00 -1.449728e+02
<VARIANCE> 6
 3.320876e+01 1.722764e+04 1.353773e+04 2.961554e+02 4.050157e+04 5.219723e+07
<GCONST> 6.786810e+01
<MIXTURE> 13 5.202554e-02
<MEAN> 6
 7.267194e+01 5.276490e+02 2.607081e+02 2.877617e-01 -1.568529e+00 -1.437236e+02
<VARIANCE> 6
 3.128982e+01 1.293270e+04 1.353773e+04 2.961554e+02 4.050157e+04 5.219723e+07
<GCONST> 6.752183e+01
<MIXTURE> 14 5.362784e-02
<MEAN> 6
 7.500559e+01 2.588976e+02 2.682920e+02 -6.139203e-01 -3.854129e+00 -1.153797e+02
<VARIANCE> 6
 3.128982e+01 1.293270e+04 1.901554e+05 2.961554e+02 4.050157e+04 5.219723e+07
<GCONST> 7.016418e+01
<MIXTURE> 15 5.841732e-02
<MEAN> 6
 7.940797e+01 -2.703195e+03 3.107153e+01 -2.037379e+00 -2.797681e+00 -1.274424e+02
<VARIANCE> 6
 1.068312e+02 1.045547e+06 2.823253e+05 2.961554e+02 4.050157e+04 5.219723e+07
<GCONST> 7.617990e+01
<STATE> 4
<NUMMIXES> 15
<MIXTURE> 1 3.664606e-02
<MEAN> 6
 9.818069e+01 1.811487e+03 3.950767e+03 -6.397460e+00 -6.166198e+01 -1.282864e+02
<VARIANCE> 6
 3.670857e+01 3.210992e+07 4.062197e+07 2.961554e+02 4.050157e+04 5.219723e+07
<GCONST> 8.350529e+01
<MIXTURE> 2 4.543822e-02
<MEAN> 6
 2.032808e+01 8.272798e+03 2.210530e+03 -6.615468e+00 1.122501e+01 1.880474e+02
<VARIANCE> 6
 2.636090e+03 5.587677e+07 4.282617e+07 3.094498e+04 4.690853e+05 7.826074e+07
<GCONST> 9.588969e+01
<MIXTURE> 3 6.516165e-02
<MEAN> 6
 -2.491347e+01 8.665760e+02 3.797418e+03 2.664709e+02 8.290702e+02 -4.873221e+03
<VARIANCE> 6
 4.283311e+02 4.504026e+05 3.128764e+06 7.246891e+03 2.452144e+05 8.939564e+07
<GCONST> 8.466800e+01
<MIXTURE> 4 6.450537e-02
<MEAN> 6
 9.059135e+01 -2.932457e+02 3.660776e+03 5.535967e+01 -3.711682e+02 3.082405e+01
<VARIANCE> 6
 8.211625e+01 3.297236e+05 1.519666e+06 4.800515e+03 6.952402e+04 5.219723e+07
<GCONST> 7.977185e+01
<MIXTURE> 5 9.365095e-02
<MEAN> 6
 -6.595234e+01 7.825688e+02 3.324282e+03 4.375779e+01 3.656483e+02 -3.109858e+02
<VARIANCE> 6
 8.908945e+01 6.092170e+05 1.567169e+06 2.134005e+03 1.619600e+05 5.219723e+07
<GCONST> 8.053302e+01
<MIXTURE> 6 5.152919e-02
<MEAN> 6
 5.918215e+01 1.505803e+03 1.954226e+03 3.396777e+01 -5.823030e+02 5.688115e+02
<VARIANCE> 6
 9.213079e+02 5.237798e+06 3.978073e+06 4.528609e+04 4.530068e+05 2.030908e+08
<GCONST> 9.139436e+01
<MIXTURE> 7 6.018138e-02
<MEAN> 6
 -2.275777e+01 1.848522e+03 -1.905847e+03 1.251289e+01 2.069426e+02 3.099497e+02
<VARIANCE> 6
 2.517953e+02 4.531852e+06 1.947347e+06 4.011705e+03 7.047055e+04 5.219723e+07
<GCONST> 8.359496e+01
<MIXTURE> 8 9.795672e-02
<MEAN> 6
 -5.281240e+01 -3.037250e+01 1.986147e+03 -6.725862e+01 1.245273e+03 -1.061337e+03
<VARIANCE> 6
 3.770965e+02 5.986494e+06 2.740838e+06 2.263033e+04 5.881869e+05 2.456056e+08
<GCONST> 9.001964e+01
<MIXTURE> 9 5.004044e-02
<MEAN> 6
 4.826710e+01 -6.461228e+01 4.163969e+03 2.464242e+02 -8.401149e+02 -1.758680e+03
<VARIANCE> 6
 3.727444e+02 2.448288e+05 2.920966e+06 8.808251e+03 2.427477e+05 9.513532e+07
<GCONST> 8.409793e+01
<MIXTURE> 10 7.972554e-02
<MEAN> 6
 4.514539e+01 3.032972e+03 -4.205299e+03 1.090669e+01 -9.917739e+01 -4.528653e+00
<VARIANCE> 6
 1.057544e+03 1.760005e+06 1.115462e+06 1.101229e+04 4.252070e+04 5.219723e+07
<GCONST> 8.403163e+01
<MIXTURE> 11 9.482496e-02
<MEAN> 6
 8.867282e+01 -6.362754e+02 7.401467e+02 -1.401980e+01 -4.461576e+02 -4.537293e+02
<VARIANCE> 6
 1.379328e+02 1.068402e+06 1.956438e+06 4.235544e+03 1.986054e+05 5.219723e+07
<GCONST> 8.264322e+01
<MIXTURE> 12 8.948762e-02
<MEAN> 6
 8.528755e+01 -3.345987e+03 6.972933e+03 -2.248072e+00 -1.044292e+01 -9.408873e+01
<VARIANCE> 6
 7.243941e+01 1.876766e+06 1.913408e+07 2.961554e+02 4.050157e+04 5.219723e+07
<GCONST> 8.059258e+01
<MIXTURE> 13 6.094534e-02
<MEAN> 6
 -1.047204e+01 9.410086e+00 2.959503e+03 -3.484811e+02 3.335331e+02 1.093363e+04
<VARIANCE> 6
 7.336625e+02 1.483640e+05 2.349649e+06 3.249086e+03 5.000037e+05 1.755513e+08
<GCONST> 8.439445e+01
<MIXTURE> 14 5.887759e-02
<MEAN> 6
 5.886425e+01 1.391328e+02 1.365107e+03 -2.310308e+02 -1.089070e+03 3.499867e+02
<VARIANCE> 6
 3.687011e+02 8.693035e+04 3.848044e+06 7.124024e+03 1.511195e+05 5.219723e+07
<GCONST> 8.204078e+01
<MIXTURE> 15 5.098351e-02
<MEAN> 6
 5.497857e+01 8.268928e+02 1.031003e+03 3.271080e+01 -7.456210e+02 -2.540408e+03
<VARIANCE> 6
 1.039773e+03 6.057486e+06 6.637171e+06 4.819596e+04 6.669554e+05 2.523711e+08
<GCONST> 9.283894e+01
<STATE> 5
<NUMMIXES> 15
<MIXTURE> 1 5.507287e-02
<MEAN> 6
 7.159849e+01 7.090714e+02 2.043598e+02 -1.171180e+00 -1.183959e+01 -7.965677e+01
<VARIANCE> 6
 3.128982e+01 1.560147e+05 1.353773e+04 2.961554e+02 4.050157e+04 5.219723e+07
<GCONST> 7.001202e+01
<MIXTURE> 2 9.714324e-02
<MEAN> 6
 7.575843e+01 6.245864e+02 -7.905817e+02 -6.538161e-01 -4.130574e+00 -9.637881e+01
<VARIANCE> 6
 3.128982e+01 1.988160e+05 1.353773e+04 2.961554e+02 4.050157e+04 5.219723e+07
<GCONST> 7.025445e+01
<MIXTURE> 3 2.292716e-02
<MEAN> 6
 4.934931e+01 1.558551e+02 4.355862e+02 -3.453039e-02 -4.238795e+00 -1.445844e+02
<VARIANCE> 6
 3.128982e+01 1.293270e+04 6.397199e+04 2.961554e+02 4.050157e+04 5.219723e+07
<GCONST> 6.907479e+01
<MIXTURE> 4 9.127790e-02
<MEAN> 6
 5.925718e+01 2.276223e+03 -2.844699e+02 3.115694e-01 -5.162878e+00 -1.976245e+02
<VARIANCE> 6
 3.128982e+01 1.691394e+05 1.353773e+04 2.961554e+02 4.050157e+04 5.219723e+07
<GCONST> 7.009279e+01
<MIXTURE> 5 5.349020e-02
<MEAN> 6
 5.902014e+01 -1.505388e+02 -3.662314e+02 -4.027656e-01 1.978339e+00 -7.987040e+01
<VARIANCE> 6
 3.128982e+01 4.670965e+04 2.997462e+04 2.961554e+02 4.050157e+04 5.219723e+07
<GCONST> 6.960089e+01
<MIXTURE> 6 6.048329e-02
<MEAN> 6
 6.733087e+01 3.191864e+02 -2.192994e+02 -1.268817e-01 -7.093136e+00 -1.900353e+02
<VARIANCE> 6
 3.128982e+01 1.114952e+05 1.353773e+04 2.961554e+02 4.050157e+04 5.219723e+07
<GCONST> 6.967605e+01
<MIXTURE> 7 6.266276e-02
<MEAN> 6
 7.347581e+01 -5.073018e+02 -5.114847e+01 -6.644347e-01 -1.384925e+01 -8.603117e+01
<VARIANCE> 6
 5.904567e+01 1.656838e+04 1.353773e+04 2.961554e+02 4.050157e+04 5.219723e+07
<GCONST> 6.840458e+01
<MIXTURE> 8 9.419993e-02
<MEAN> 6
 7.291055e+01 3.891906e+01 -5.763032e+02 -9.000283e-01 -6.123991e+00 -1.653976e+02
<VARIANCE> 6
 3.128982e+01 2.597893e+04 1.353773e+04 2.961554e+02 4.050157e+04 5.219723e+07
<GCONST> 6.821935e+01
<MIXTURE> 9 8.981761e-02
<MEAN> 6
 6.409129e+01 -6.324229e+02 -4.992697e+02 3.846148e-01 -3.728100e+00 -8.708317e+01
<VARIANCE> 6
 3.128982e+01 3.170177e+04 7.419950e+04 2.961554e+02 4.050157e+04 5.219723e+07
<GCONST> 7.011971e+01
<MIXTURE> 10 5.349594e-02
<MEAN> 6
 6.729294e+01 4.343773e+02 -2.375014e+02 -1.138579e-01 -2.244998e+00 -8.633033e+01
<VARIANCE> 6
 3.128982e+01 1.293270e+04 1.353773e+04 2.961554e+02 4.050157e+04 5.219723e+07
<GCONST> 6.752183e+01
<MIXTURE> 11 8.330963e-02
<MEAN> 6
 6.522068e+01 -8.971449e+02 1.429235e+01 2.558265e-01 1.253940e+00 -5.527763e+01
<VARIANCE> 6
 3.128982e+01 8.294426e+04 1.353773e+04 2.961554e+02 4.050157e+04 5.219723e+07
<GCONST> 6.938023e+01
<MIXTURE> 12 6.312424e-02
<MEAN> 6
 6.931824e+01 1.278148e+03 4.327884e+01 -6.563967e-01 -3.364547e+00 -1.274664e+02
<VARIANCE> 6
 3.128982e+01 1.673388e+05 1.353773e+04 2.961554e+02 4.050157e+04 5.219723e+07
<GCONST> 7.008208e+01
<MIXTURE> 13 6.553231e-02
<MEAN> 6
 6.741775e+01 1.890988e+02 -2.149333e+02 -1.990648e-01 -7.426380e+00 -1.778321e+02
<VARIANCE> 6
 3.128982e+01 9.967261e+04 1.353773e+04 2.961554e+02 4.050157e+04 5.219723e+07
<GCONST> 6.956396e+01
<MIXTURE> 14 5.317180e-02
<MEAN> 6
 6.727669e+01 4.272992e+02 -2.365217e+02 -1.070713e-01 -2.615840e+00 -8.867722e+01
<VARIANCE> 6
 3.128982e+01 1.293270e+04 1.353773e+04 2.961554e+02 4.050157e+04 5.219723e+07
<GCONST> 6.752183e+01
<MIXTURE> 15 5.420146e-02
<MEAN> 6
 5.799067e+01 -2.099208e+02 -5.021143e+02 -5.442166e-01 1.895339e+00 -5.558700e+01
<VARIANCE> 6
 3.128982e+01 4.032111e+04 6.130730e+04 2.961554e+02 4.050157e+04 5.219723e+07
<GCONST> 7.016936e+01
<STATE> 6
<NUMMIXES> 15
<MIXTURE> 1 1.114770e-02
<MEAN> 6
 2.343477e+01 3.877121e+02 -2.540453e+02 -2.728081e+01 -1.341423e+02 3.981585e+03
<VARIANCE> 6
 3.363109e+03 1.982768e+06 4.892451e+05 9.076988e+04 5.309662e+06 2.645725e+09
<GCONST> 9.534584e+01
<MIXTURE> 2 6.641282e-02
<MEAN> 6
 -3.768419e+01 -4.428328e+01 2.147606e+01 1.759780e+02 9.418187e+02 -1.327370e+03
<VARIANCE> 6
 8.324150e+01 3.718200e+05 2.086613e+05 3.231538e+03 1.596724e+05 5.219723e+07
<GCONST> 7.835577e+01
<MIXTURE> 3 7.052195e-02
<MEAN> 6
 8.336212e+01 -1.533984e+01 2.743926e+02 -7.631613e+00 -7.743552e+01 -2.553521e+02
<VARIANCE> 6
 7.551912e+01 5.085462e+05 3.116189e+05 2.961554e+02 4.050157e+04 5.219723e+07
<GCONST> 7.521101e+01
<MIXTURE> 4 8.310640e-02
<MEAN> 6
 4.299024e+00 1.425989e+02 1.521711e+02 -2.295928e+02 2.774537e+01 1.111569e+03
<VARIANCE> 6
 5.594366e+02 2.613570e+05 4.316624e+05 2.118273e+03 1.109693e+05 5.690452e+07
<GCONST> 7.993549e+01
<MIXTURE> 5 9.317892e-02
<MEAN> 6
 -5.584557e+01 -6.561092e+00 5.652202e+01 3.494979e+01 6.675598e+02 -4.485779e+02
<VARIANCE> 6
 6.664047e+01 3.065592e+05 2.774419e+05 3.618696e+03 1.035675e+05 5.799196e+07
<GCONST> 7.801077e+01
<MIXTURE> 6 6.823408e-02
<MEAN> 6
 -6.162794e+00 -8.368955e+00 5.820097e+01 2.600079e+02 2.389711e+02 -7.417198e+03
<VARIANCE> 6
 1.640243e+02 3.854254e+05 2.090920e+05 3.435379e+03 1.366213e+05 6.681044e+07
<GCONST> 7.922414e+01
<MIXTURE> 7 8.037972e-02
<MEAN> 6
 8.529565e+01 -2.433294e+01 1.476079e+02 2.948646e+01 -9.822982e+02 -9.317433e+02
<VARIANCE> 6
 2.689700e+02 1.399931e+06 2.891542e+05 1.439337e+04 6.082367e+05 3.625893e+08
<GCONST> 8.595013e+01
<MIXTURE> 8 9.026498e-02
<MEAN> 6
 -4.806777e+01 1.341972e+02 1.421866e+02 -1.360752e+02 1.396785e+03 2.195473e+03
<VARIANCE> 6
 1.841979e+02 6.014149e+05 5.361629e+05 1.244370e+04 5.533728e+05 3.980022e+08
<GCONST> 8.519724e+01
<MIXTURE> 9 5.900779e-02
<MEAN> 6
 7.685347e+01 -1.251592e+02 3.272468e+02 4.090820e+01 -4.848705e+02 3.089297e+02
<VARIANCE> 6
 1.164601e+02 4.438866e+05 3.653841e+05 8.152751e+03 8.559862e+04 5.219723e+07
<GCONST> 7.973092e+01
<MIXTURE> 10 6.643151e-02
<MEAN> 6
 4.379289e+01 -2.230611e+01 8.603668e+01 2.220742e+02 -4.828847e+02 -1.649675e+03
<VARIANCE> 6
 2.640973e+02 5.943884e+05 2.232807e+05 3.660381e+03 1.380873e+05 5.219723e+07
<GCONST> 8.002656e+01
<MIXTURE> 11 5.897289e-02
<MEAN> 6
 1.075765e+01 2.859157e+02 1.146476e+02 -3.079360e+02 -2.280641e+02 9.265991e+03
<VARIANCE> 6
 5.949760e+02 7.003353e+05 2.607500e+05 3.002116e+03 3.835440e+05 1.934953e+08
<GCONST> 8.329146e+01
<MIXTURE> 12 7.444568e-02
<MEAN> 6
 5.936294e+01 9.640730e+01 6.792043e+01 -1.833580e+02 -7.963712e+02 1.846245e+03
<VARIANCE> 6
 1.861686e+02 4.028060e+05 1.617950e+05 3.211362e+03 1.478875e+05 5.219723e+07
<GCONST> 7.890341e+01
<MIXTURE> 13 6.411790e-02
<MEAN> 6
 -6.026392e+01 -3.983752e+01 1.336248e+02 9.576131e+00 1.046634e+02 -8.859322e+01
<VARIANCE> 6
 8.745473e+01 3.501817e+05 4.368911e+05 2.961554e+02 4.050157e+04 5.219723e+07
<GCONST> 7.532255e+01
<MIXTURE> 14 5.313962e-02
<MEAN> 6
 3.069137e+01 -2.517562e+02 -1.406082e+02 2.139351e+02 -2.731347e+02 -1.129080e+03
<VARIANCE> 6
 3.285455e+02 2.434369e+05 6.647438e+05 2.269691e+03 6.736623e+04 5.219723e+07
<GCONST> 7.924754e+01
<MIXTURE> 15 6.045404e-02
<MEAN> 6
 7.520174e+01 -2.594512e+02 1.288231e+02 8.209764e+00 -6.210946e+02 -2.018249e+03
<VARIANCE> 6
 1.012038e+02 4.618844e+05 2.669320e+05 9.937662e+03 9.071195e+04 5.219723e+07
<GCONST> 7.957229e+01
<STATE> 7
<NUMMIXES> 15
<MIXTURE> 1 7.525191e-02
<MEAN> 6
 9.037308e+01 -5.055474e+02 1.260270e+02 -4.250687e+00 -1.351563e+01 1.816188e+02
<VARIANCE> 6
 3.128982e+01 6.636370e+04 3.307194e+05 2.961554e+02 4.050157e+04 5.219723e+07
<GCONST> 7.235300e+01
<MIXTURE> 2 8.260176e-02
<MEAN> 6
 7.471893e+01 -4.145988e+03 3.234240e+03 -9.137461e-01 -6.077108e+00 -1.532183e+02
<VARIANCE> 6
 1.187187e+02 1.265748e+05 2.399700e+05 2.961554e+02 4.050157e+04 5.219723e+07
<GCONST> 7.401140e+01
<MIXTURE> 3 4.325826e-02
<MEAN> 6
 6.956937e+01 -6.436360e+02 1.937504e+03 -2.314085e+00 -3.433860e+00 -1.586731e+02
<VARIANCE> 6
 3.128982e+01 1.293270e+04 2.577867e+04 2.961554e+02 4.050157e+04 5.219723e+07
<GCONST> 6.816589e+01
<MIXTURE> 4 4.235443e-02
<MEAN> 6
 8.949372e+01 -7.664532e+02 3.868384e+02 -2.722458e+00 -1.273713e+01 8.426404e+01
<VARIANCE> 6
 3.715670e+01 1.749607e+04 1.353773e+04 2.961554e+02 4.050157e+04 5.219723e+07
<GCONST> 6.799590e+01
<MIXTURE> 5 6.620359e-02
<MEAN> 6
 8.446937e+01 -1.197519e+03 -1.302129e+02 -4.594404e+00 -6.242608e+00 8.224722e+01
<VARIANCE> 6
 3.128982e+01 2.214429e+04 1.553529e+04 2.961554e+02 4.050157e+04 5.219723e+07
<GCONST> 6.819728e+01
<MIXTURE> 6 5.144852e-02
<MEAN> 6
 7.948849e+01 -1.646900e+02 9.252818e+01 -5.097391e-01 -1.868959e+01 5.202169e+01
<VARIANCE> 6
 3.128982e+01 2.320715e+04 3.895549e+04 2.961554e+02 4.050157e+04 5.219723e+07
<GCONST> 6.916347e+01
<MIXTURE> 7 7.528294e-02
<MEAN> 6
 8.354161e+01 -7.686990e+02 1.317789e+02 -1.214077e+00 -3.538158e+00 -9.052663e+01
<VARIANCE> 6
 3.128982e+01 1.293270e+04 1.353773e+04 2.961554e+02 4.050157e+04 5.219723e+07
<GCONST> 6.752183e+01
<MIXTURE> 8 8.496915e-02
<MEAN> 6
 7.778745e+01 -4.152129e+02 8.059109e+02 -4.795894e-01 -8.404805e+00 -4.633357e+00
<VARIANCE> 6
 3.128982e+01 1.293270e+04 1.017719e+05 2.961554e+02 4.050157e+04 5.219723e+07
<GCONST> 6.953908e+01
<MIXTURE> 9 5.203750e-02
<MEAN> 6
 7.890183e+01 -8.233315e+02 4.568435e+02 -2.418564e+00 -1.187603e+01 4.617111e+01
<VARIANCE> 6
 3.128982e+01 1.293270e+04 1.353773e+04 2.961554e+02 4.050157e+04 5.219723e+07
<GCONST> 6.752183e+01
<MIXTURE> 10 9.822575e-02
<MEAN> 6
 8.216773e+01 -8.739002e+02 1.547375e+02 -1.770998e+00 9.793059e-03 -9.940096e+01
<VARIANCE> 6
 3.128982e+01 1.685349e+04 1.353773e+04 2.961554e+02 4.050157e+04 5.219723e+07
<GCONST> 6.778663e+01
<MIXTURE> 11 6.731588e-02
<MEAN> 6
 7.691971e+01 -3.969060e+02 2.630891e+02 2.943344e-01 -4.556346e+00 -2.043729e+01
<VARIANCE> 6
 3.128982e+01 1.293270e+04 2.654358e+05 2.961554e+02 4.050157e+04 5.219723e+07
<GCONST> 7.049772e+01
<MIXTURE> 12 7.532746e-02
<MEAN> 6
 7.364437e+01 -1.435846e+03 8.403347e+02 -2.245602e+00 -3.071529e+00 -1.833281e+02
<VARIANCE> 6
 3.128982e+01 2.063712e+05 5.416958e+05 2.961554e+02 4.050157e+04 5.219723e+07
<GCONST> 7.398097e+01
<MIXTURE> 13 5.535141e-02
<MEAN> 6
 7.869924e+01 -1.584868e+03 -7.865910e+01 -2.194206e+00 -4.084909e+00 -1.250238e+02
<VARIANCE> 6
 3.128982e+01 3.736508e+04 1.353773e+04 2.961554e+02 4.050157e+04 5.219723e+07
<GCONST> 6.858280e+01
<MIXTURE> 14 7.514887e-02
<MEAN> 6
 8.353097e+01 -7.717618e+02 1.276527e+02 -1.245530e+00 -3.312915e+00 -9.031989e+01
<VARIANCE> 6
 3.128982e+01 1.293270e+04 1.353773e+04 2.961554e+02 4.050157e+04 5.219723e+07
<GCONST> 6.752183e+01
<MIXTURE> 15 5.515733e-02
<MEAN> 6
 7.678479e+01 -3.066849e+02 -9.316220e+01 -1.390082e+00 -7.844519e+00 -6.880189e+01
<VARIANCE> 6
 3.128982e+01 1.565565e+04 3.048938e+04 2.961554e+02 4.050157e+04 5.219723e+07
<GCONST> 6.852480e+01
<STATE> 8
<NUMMIXES> 15
<MIXTURE> 1 6.904619e-02
<MEAN> 6
 1.197807e+01 -2.696486e+02 1.399761e+02 -2.931138e+02 -1.356784e+02 7.264909e+03
<VARIANCE> 6
 5.589999e+02 5.969010e+06 1.044873e+06 5.285051e+03 3.966903e+05 2.381054e+08
<GCONST> 8.756668e+01
<MIXTURE> 2 4.627676e-02
<MEAN> 6
 -4.059498e+01 -4.375636e+01 -1.518999e+02 1.789832e+02 1.043800e+03 -7.077327e+02
<VARIANCE> 6
 7.406144e+01 1.277796e+06 8.236602e+05 3.319638e+03 1.670437e+05 5.219723e+07
<GCONST> 8.091847e+01
<MIXTURE> 3 7.165766e-02
<MEAN> 6
 9.176943e+01 -3.116722e+02 -2.933659e+02 -3.542256e+00 -7.123523e+01 -4.964210e+02
<VARIANCE> 6
 1.366654e+02 1.119918e+06 2.082757e+06 2.961554e+02 4.050157e+04 5.219723e+07
<GCONST> 7.849329e+01
<MIXTURE> 4 7.611338e-02
<MEAN> 6
 -1.227190e+01 5.098400e+02 -7.112079e+02 -2.062107e+02 2.986505e+02 1.329677e+03
<VARIANCE> 6
 4.726506e+02 1.329394e+06 2.686901e+06 6.223088e+03 1.143536e+05 7.832250e+07
<GCONST> 8.464917e+01
<MIXTURE> 5 6.645703e-02
<MEAN> 6
 8.936261e+01 -3.363143e+02 -4.508662e+02 3.959816e+01 -1.104998e+03 -1.810865e+03
<VARIANCE> 6
 2.375949e+02 5.680002e+06 2.301038e+06 1.689646e+04 1.250853e+06 8.581626e+08
<GCONST> 9.104366e+01
<MIXTURE> 6 5.101126e-02
<MEAN> 6
 6.146129e+01 5.746967e+02 -3.992076e+02 1.781311e+02 -3.858270e+02 1.239679e+03
<VARIANCE> 6
 2.395697e+02 2.100244e+06 1.677342e+06 2.801826e+03 9.719395e+04 5.219723e+07
<GCONST> 8.258942e+01
<MIXTURE> 7 8.909381e-02
<MEAN> 6
 -6.027152e+01 -5.259314e+01 -5.598895e+02 9.091429e+00 1.759520e+02 -1.434776e+01
<VARIANCE> 6
 7.931336e+01 9.822828e+05 2.334969e+06 7.298728e+02 6.307679e+04 5.219723e+07
<GCONST> 7.927733e+01
<MIXTURE> 8 6.295587e-02
<MEAN> 6
 5.365021e+01 4.113311e+02 -5.411978e+02 -2.383885e+02 -7.069106e+02 4.242090e+03
<VARIANCE> 6
 1.948541e+02 1.422018e+06 2.618353e+06 3.311783e+03 2.354574e+05 6.641346e+07
<GCONST> 8.373109e+01
<MIXTURE> 9 7.084776e-02
<MEAN> 6
 -4.863175e+01 1.962035e+02 -1.009828e+02 -1.433047e+02 1.491994e+03 2.379567e+03
<VARIANCE> 6
 1.774076e+02 1.720630e+06 1.966513e+06 1.525348e+04 6.349976e+05 5.351550e+08
<GCONST> 8.814769e+01
<MIXTURE> 10 8.809595e-02
<MEAN> 6
 1.516684e+01 2.252050e+02 -5.572104e+02 2.564532e+02 -1.726980e+02 -3.606997e+03
<VARIANCE> 6
 2.662628e+02 2.252269e+06 1.964376e+06 3.742955e+03 1.265700e+05 5.462078e+07
<GCONST> 8.352199e+01
<MIXTURE> 11 4.272674e-02
<MEAN> 6
 -1.924221e+01 -7.935841e+01 -2.935785e+02 2.564484e+02 5.609100e+02 -9.721094e+03
<VARIANCE> 6
 8.697378e+01 1.375507e+06 1.535532e+06 4.125032e+03 1.403365e+05 8.255946e+07
<GCONST> 8.227724e+01
<MIXTURE> 12 6.877195e-02
<MEAN> 6
 9.123619e+01 1.417586e+02 -8.504982e+01 5.773366e+00 -6.248430e+02 -3.241537e+02
<VARIANCE> 6
 1.522950e+02 1.350448e+06 9.122052e+05 8.413382e+03 1.646538e+05 7.426768e+07
<GCONST> 8.306502e+01
<MIXTURE> 13 8.184674e-02
<MEAN> 6
 -5.753370e+01 -2.458837e+00 1.010979e+02 3.221527e+01 8.088693e+02 1.273783e+02
<VARIANCE> 6
 1.035643e+02 9.140907e+05 6.305588e+05 5.958433e+03 1.235429e+05 5.724081e+07
<GCONST> 8.102718e+01
<MIXTURE> 14 6.301979e-02
<MEAN> 6
 7.889720e+01 -1.706236e+02 -3.177920e+02 -7.940411e+01 -7.594932e+02 -1.688191e+03
<VARIANCE> 6
 1.020708e+02 6.771922e+05 1.940154e+06 7.626735e+03 2.139553e+05 5.809024e+07
<GCONST> 8.264737e+01
<MIXTURE> 15 5.195074e-02
<MEAN> 6
 5.813950e+01 5.190581e+02 -6.911942e+02 1.857473e+02 -4.974347e+02 -5.521578e+02
<VARIANCE> 6
 2.426281e+02 2.508159e+06 2.646163e+06 3.623777e+03 9.875088e+04 5.219723e+07
<GCONST> 8.350864e+01
<STATE> 9
<NUMMIXES> 15
<MIXTURE> 1 9.138870e-02
<MEAN> 6
 7.760913e+01 3.150201e+01 -9.695178e+02 -4.990806e+00 -4.365653e+00 -8.716399e+01
<VARIANCE> 6
 3.128982e+01 1.877610e+04 1.353773e+04 2.961554e+02 4.050157e+04 5.219723e+07
<GCONST> 6.789465e+01
<MIXTURE> 2 5.196024e-02
<MEAN> 6
 7.556196e+01 -2.213822e+01 -1.721518e+03 -5.689145e+00 4.889147e+00 4.653748e+01
<VARIANCE> 6
 3.128982e+01 1.293270e+04 7.340516e+04 2.961554e+02 4.050157e+04 5.219723e+07
<GCONST> 6.921234e+01
<MIXTURE> 3 7.720421e-02
<MEAN> 6
 6.146762e+01 3.039961e+02 -1.855127e+03 -2.664404e-01 -1.656744e+01 -1.678471e+02
<VARIANCE> 6
 3.128982e+01 1.293270e+04 1.376219e+04 2.961554e+02 4.050157e+04 5.219723e+07
<GCONST> 6.753827e+01
<MIXTURE> 4 2.262586e-02
<MEAN> 6
 7.650401e+01 1.299933e+03 -4.010584e+03 1.124992e+01 -8.942766e+01 5.627281e+02
<VARIANCE> 6
 3.128982e+01 2.032950e+05 1.353773e+04 2.961554e+02 4.226608e+04 5.219723e+07
<GCONST> 7.031937e+01
<MIXTURE> 5 7.207288e-02
<MEAN> 6
 8.124603e+01 -1.029555e+03 -1.296255e+03 -1.714506e+00 -8.878130e+00 2.108577e+02
<VARIANCE> 6
 3.128982e+01 1.293270e+04 1.353773e+04 2.961554e+02 4.050157e+04 5.219723e+07
<GCONST> 6.752183e+01
<MIXTURE> 6 6.445061e-02
<MEAN> 6
 8.362312e+01 -9.939698e+02 2.499148e+01 -2.049525e+00 2.609927e+01 2.814519e+01
<VARIANCE> 6
 3.128982e+01 1.834178e+05 3.232831e+05 2.961554e+02 4.050157e+04 5.219723e+07
<GCONST> 7.334688e+01
<MIXTURE> 7 8.341063e-02
<MEAN> 6
 8.357281e+01 -4.253643e+02 -1.722276e+03 -4.654386e+00 -1.378904e+01 7.242506e+01
<VARIANCE> 6
 3.128982e+01 1.293270e+04 1.602011e+04 2.961554e+02 4.050157e+04 5.219723e+07
<GCONST> 6.769019e+01
<MIXTURE> 8 3.951829e-02
<MEAN> 6
 7.086417e+01 3.028083e+02 -2.389203e+03 5.134143e+01 -1.908198e+02 6.044489e+01
<VARIANCE> 6
 3.064238e+02 1.746234e+05 6.814296e+05 6.437888e+02 4.050157e+04 5.219723e+07
<GCONST> 7.710158e+01
<MIXTURE> 9 1.000979e-01
<MEAN> 6
 6.158734e+01 2.849689e+02 -1.920709e+03 3.090966e-01 -5.413529e+00 -5.323600e+01
<VARIANCE> 6
 3.128982e+01 1.293270e+04 1.353773e+04 2.961554e+02 4.050157e+04 5.219723e+07
<GCONST> 6.752183e+01
<MIXTURE> 10 5.633659e-02
<MEAN> 6
 8.631219e+01 -5.886924e+02 -8.538453e+02 -5.282481e+00 -4.370716e+00 4.302375e+02
<VARIANCE> 6
 3.128982e+01 1.400943e+05 2.988603e+04 2.961554e+02 4.050157e+04 5.219723e+07
<GCONST> 7.069629e+01
<MIXTURE> 11 6.048977e-02
<MEAN> 6
 7.365181e+01 -8.341824e+02 -1.889036e+03 -4.411499e+00 2.284427e+00 4.512469e+01
<VARIANCE> 6
 3.128982e+01 1.320170e+04 1.353773e+04 2.961554e+02 4.050157e+04 5.219723e+07
<GCONST> 6.754241e+01
<MIXTURE> 12 1.035325e-01
<MEAN> 6
 7.324180e+01 5.776201e+02 -4.256651e+03 -2.972278e+00 -3.932015e-01 1.049300e+01
<VARIANCE> 6
 3.128982e+01 1.293270e+04 2.836768e+04 2.961554e+02 4.050157e+04 5.219723e+07
<GCONST> 6.826160e+01
<MIXTURE> 13 4.616977e-02
<MEAN> 6
 7.146073e+01 2.338771e+02 -1.005278e+03 -1.224776e+00 -9.631027e+01 3.880221e+02
<VARIANCE> 6
 4.590752e+01 6.887057e+04 1.353773e+04 2.961554e+02 4.050157e+04 5.219723e+07
<GCONST> 6.957763e+01
<MIXTURE> 14 7.469119e-02
<MEAN> 6
 6.975311e+01 8.905869e+01 -2.185697e+03 -1.846404e+00 -1.538734e+00 -3.462729e+01
<VARIANCE> 6
 3.128982e+01 1.293270e+04 2.491911e+04 2.961554e+02 4.050157e+04 5.219723e+07
<GCONST> 6.813198e+01
<MIXTURE> 15 5.604098e-02
<MEAN> 6
 8.646077e+01 -6.572454e+02 -9.085500e+02 -4.771772e+00 -2.655796e+00 2.517106e+02
<VARIANCE> 6
 3.128982e+01 1.074545e+05 3.843603e+04 2.961554e+02 4.050157e+04 5.219723e+07
<GCONST> 7.068265e+01
<STATE> 10
<NUMMIXES> 15
<MIXTURE> 1 8.401103e-02
<MEAN> 6
 1.099821e+02 1.150001e+03 -7.481764e+02 -7.773625e+00 -2.658484e+00 5.291392e+02
<VARIANCE> 6
 3.128982e+01 3.302920e+05 8.532959e+04 2.961554e+02 4.050157e+04 5.219723e+07
<GCONST> 7.260308e+01
<MIXTURE> 2 9.970316e-02
<MEAN> 6
 9.616515e+01 -8.920563e+02 -7.806645e+03 -5.584404e+00 5.005117e+00 1.221804e+02
<VARIANCE> 6
 1.892269e+02 7.356191e+04 4.609576e+06 2.961554e+02 4.050157e+04 5.219723e+07
<GCONST> 7.689026e+01
<MIXTURE> 3 5.816014e-02
<MEAN> 6
 9.722870e+01 -3.856927e+02 -1.447509e+03 -4.718427e+00 1.236474e+00 4.863934e+01
<VARIANCE> 6
 3.128982e+01 1.141940e+05 2.235962e+05 2.961554e+02 4.050157e+04 5.219723e+07
<GCONST> 7.250433e+01
<MIXTURE> 4 7.363805e-02
<MEAN> 6
 9.044740e+01 4.241547e+02 1.946374e+03 -3.131023e+00 -3.976511e+00 2.969828e+02
<VARIANCE> 6
 3.128982e+01 2.329735e+05 2.144410e+05 2.961554e+02 4.050157e+04 5.219723e+07
<GCONST> 7.317554e+01
<MIXTURE> 5 4.758848e-02
<MEAN> 6
 7.955647e+01 2.195047e+03 -1.090245e+03 -2.388468e+00 8.198301e+00 -1.044416e+02
<VARIANCE> 6
 3.128982e+01 1.712476e+05 8.314005e+04 2.961554e+02 4.050157e+04 5.219723e+07
<GCONST> 7.192022e+01
<MIXTURE> 6 9.829380e-02
<MEAN> 6
 9.305007e+01 1.080318e+03 -7.902962e+02 -4.564005e+00 2.083979e+00 1.193385e+02
<VARIANCE> 6
 3.634194e+01 3.023928e+04 6.996998e+05 2.961554e+02 4.050157e+04 5.219723e+07
<GCONST> 7.246606e+01
<MIXTURE> 7 7.185854e-02
<MEAN> 6
 1.015567e+02 4.147329e+02 -4.666195e+02 -5.685466e+00 2.008837e+00 1.034226e+02
<VARIANCE> 6
 4.432232e+01 5.428291e+04 2.152843e+04 2.961554e+02 4.050157e+04 5.219723e+07
<GCONST> 6.976836e+01
<MIXTURE> 8 7.194658e-02
<MEAN> 6
 9.003355e+01 4.062219e+02 -2.899867e+03 -2.864108e+00 3.855126e+00 -1.665638e+01
<VARIANCE> 6
 3.128982e+01 2.213658e+04 5.164201e+05 2.961554e+02 4.050157e+04 5.219723e+07
<GCONST> 7.170074e+01
<MIXTURE> 9 6.988234e-02
<MEAN> 6
 9.336796e+01 -2.271174e+02 3.825574e+01 -3.956829e+00 2.466077e+00 2.384422e+01
<VARIANCE> 6
 3.128982e+01 1.293270e+04 1.353773e+04 2.961554e+02 4.050157e+04 5.219723e+07
<GCONST> 6.752183e+01
<MIXTURE> 10 9.212025e-03
<MEAN> 6
 8.407110e+01 -2.273858e+03 -2.118843e+03 -1.608124e+00 5.596770e+00 5.658366e+01
<VARIANCE> 6
 3.128982e+01 3.540295e+05 2.168877e+04 2.961554e+02 4.050157e+04 5.219723e+07
<GCONST> 7.130276e+01
<MIXTURE> 11 4.255959e-02
<MEAN> 6
 9.761469e+01 1.956344e+02 6.829227e+00 -4.311005e+00 -1.328216e+00 -1.455919e+01
<VARIANCE> 6
 4.119534e+01 6.731182e+04 1.353773e+04 2.961554e+02 4.050157e+04 5.219723e+07
<GCONST> 6.944643e+01
<MIXTURE> 12 9.598211e-02
<MEAN> 6
 9.211985e+01 2.481768e+02 -3.644138e+02 -3.815000e+00 2.100325e+00 1.836542e+01
<VARIANCE> 6
 3.128982e+01 1.293270e+04 2.047866e+04 2.961554e+02 4.050157e+04 5.219723e+07
<GCONST> 6.793573e+01
<MIXTURE> 13 5.517850e-02
<MEAN> 6
 8.540620e+01 -8.636357e+02 2.402981e+03 -4.612041e+00 -2.586443e+00 1.253227e+02
<VARIANCE> 6
 3.128982e+01 2.557991e+04 5.679272e+05 2.961554e+02 4.050157e+04 5.219723e+07
<GCONST> 7.194038e+01
<MIXTURE> 14 6.358115e-02
<MEAN> 6
 1.019127e+02 1.960138e+03 -2.240461e+03 -5.832801e+00 -3.117089e+00 1.973273e+02
<VARIANCE> 6
 3.760511e+01 5.641947e+04 6.729972e+05 2.961554e+02 4.050157e+04 5.219723e+07
<GCONST> 7.308499e+01
<MIXTURE> 15 5.837017e-02
<MEAN> 6
 9.531784e+01 -2.927615e+02 -1.715372e+03 -4.352025e+00 3.648295e+00 -9.928049e+00
<VARIANCE> 6
 3.128982e+01 1.068498e+05 2.289302e+05 2.961554e+02 4.050157e+04 5.219723e+07
<GCONST> 7.246143e+01
<STATE> 11
<NUMMIXES> 15
<MIXTURE> 1 5.799687e-02
<MEAN> 6
 7.373702e+01 1.379725e+03 -2.949804e+02 -6.850585e-01 -2.234585e+00 7.064977e+01
<VARIANCE> 6
 3.128982e+01 4.226517e+04 3.399993e+04 2.961554e+02 4.050157e+04 5.219723e+07
<GCONST> 6.962691e+01
<MIXTURE> 2 4.818217e-02
<MEAN> 6
 6.157029e+01 1.572359e+02 3.969206e+02 -8.514466e-01 -8.092522e+00 -1.962703e+02
<VARIANCE> 6
 3.128982e+01 1.293270e+04 1.353773e+04 2.961554e+02 4.050157e+04 5.219723e+07
<GCONST> 6.752183e+01
<MIXTURE> 3 4.845363e-02
<MEAN> 6
 5.796301e+01 5.734326e+01 -9.805627e+01 1.797045e-01 -4.563413e+00 -1.774705e+02
<VARIANCE> 6
 3.128982e+01 1.293270e+04 1.353773e+04 2.961554e+02 4.050157e+04 5.219723e+07
<GCONST> 6.752183e+01
<MIXTURE> 4 6.187385e-02
<MEAN> 6
 7.308141e+01 4.862330e+02 5.603597e+02 -3.977114e+00 -5.530042e+00 6.397188e+01
<VARIANCE> 6
 3.128982e+01 1.293270e+04 1.353773e+04 2.961554e+02 4.050157e+04 5.219723e+07
<GCONST> 6.752183e+01
<MIXTURE> 5 8.134851e-02
<MEAN> 6
 6.102991e+01 1.285610e+02 2.721954e+01 -5.204250e-01 -9.019495e+00 -1.738052e+02
<VARIANCE> 6
 3.128982e+01 1.293270e+04 1.353773e+04 2.961554e+02 4.050157e+04 5.219723e+07
<GCONST> 6.752183e+01
<MIXTURE> 6 4.748657e-02
<MEAN> 6
 8.100923e+01 1.134225e+02 7.481724e+02 -4.531350e+00 4.389447e+00 2.552259e+01
<VARIANCE> 6
 3.128982e+01 1.841594e+04 1.987657e+04 2.961554e+02 4.050157e+04 5.219723e+07
<GCONST> 6.825935e+01
<MIXTURE> 7 7.511032e-02
<MEAN> 6
 7.944822e+01 2.152236e+02 -3.297252e+02 -3.807317e+00 -3.757873e+00 -1.759214e+02
<VARIANCE> 6
 3.128982e+01 1.109320e+05 3.231943e+04 2.961554e+02 4.050157e+04 5.219723e+07
<GCONST> 7.054117e+01
<MIXTURE> 8 1.038226e-01
<MEAN> 6
 6.114425e+01 4.696695e+02 1.470125e+02 -8.723991e-01 -1.910192e+00 -1.305917e+02
<VARIANCE> 6
 3.128982e+01 1.293270e+04 1.353773e+04 2.961554e+02 4.050157e+04 5.219723e+07
<GCONST> 6.752183e+01
<MIXTURE> 9 5.322422e-02
<MEAN> 6
 5.762409e+01 4.416874e+01 -1.155022e+02 2.753896e-01 -4.176570e+00 -1.728829e+02
<VARIANCE> 6
 3.128982e+01 1.293270e+04 1.353773e+04 2.961554e+02 4.050157e+04 5.219723e+07
<GCONST> 6.752183e+01
<MIXTURE> 10 1.087639e-01
<MEAN> 6
 7.990210e+01 3.569879e+02 -1.283746e+02 -2.603452e+00 -1.748952e+00 -1.005823e+02
<VARIANCE> 6
 3.128982e+01 2.783067e+04 2.967029e+04 2.961554e+02 4.050157e+04 5.219723e+07
<GCONST> 6.907287e+01
<MIXTURE> 11 8.438840e-02
<MEAN> 6
 7.601585e+01 9.748132e+02 -1.661250e+01 -3.569671e+00 8.456952e+00 -4.376111e+01
<VARIANCE> 6
 3.128982e+01 2.254766e+04 9.827095e+04 2.961554e+02 4.050157e+04 5.219723e+07
<GCONST> 7.005994e+01
<MIXTURE> 12 7.653670e-02
<MEAN> 6
 5.728815e+01 3.043232e+01 -1.333696e+02 3.772053e-01 -3.771161e+00 -1.668117e+02
<VARIANCE> 6
 3.128982e+01 1.293270e+04 1.353773e+04 2.961554e+02 4.050157e+04 5.219723e+07
<GCONST> 6.752183e+01
<MIXTURE> 13 2.818795e-02
<MEAN> 6
 8.299229e+01 6.514277e+02 3.206400e+02 -4.556851e+00 3.190938e+00 -7.270736e+01
<VARIANCE> 6
 1.157402e+02 2.636658e+04 2.171898e+04 2.961554e+02 4.050157e+04 5.219723e+07
<GCONST> 7.001492e+01
<MIXTURE> 14 7.151288e-02
<MEAN> 6
 7.728436e+01 8.723314e+02 -2.762807e+02 -3.283745e+00 1.825584e-01 7.002402e+01
<VARIANCE> 6
 3.128982e+01 3.922901e+04 2.456675e+05 2.961554e+02 4.050157e+04 5.219723e+07
<GCONST> 7.152998e+01
<MIXTURE> 15 5.305681e-02
<MEAN> 6
 5.712312e+01 2.218305e+01 -1.437079e+02 4.397339e-01 -3.528536e+00 -1.629295e+02
<VARIANCE> 6
 3.128982e+01 1.293270e+04 1.353773e+04 2.961554e+02 4.050157e+04 5.219723e+07
<GCONST> 6.752183e+01
<STATE> 12
<NUMMIXES> 15
<MIXTURE> 1 5.259535e-02
<MEAN> 6
 6.653236e+01 4.266123e+02 6.487317e+02 -5.691503e+00 -2.716132e+01 -4.984621e+01
<VARIANCE> 6
 8.768226e+01 2.428294e+06 8.820208e+05 2.961554e+02 4.050157e+04 5.219723e+07
<GCONST> 7.796417e+01
<MIXTURE> 2 7.966092e-02
<MEAN> 6
 4.512260e+01 -5.902035e+03 2.703237e+02 -8.947358e+00 -2.482508e+01 2.770135e+02
<VARIANCE> 6
 3.037072e+03 1.913070e+06 5.104098e+05 1.307103e+04 1.493558e+05 5.219723e+07
<GCONST> 8.581588e+01
<MIXTURE> 3 7.782297e-02
<MEAN> 6
 2.079414e+01 4.672393e+01 -5.927168e+01 1.486754e+02 5.495584e+00 -1.619630e+03
<VARIANCE> 6
 2.604427e+02 4.061537e+05 1.972103e+05 1.421473e+03 4.465364e+04 5.219723e+07
<GCONST> 7.743284e+01
<MIXTURE> 4 3.361924e-02
<MEAN> 6
 8.214076e+01 -2.521049e+02 1.184293e+03 2.117109e+01 -7.604050e+02 -1.479510e+02
<VARIANCE> 6
 4.237896e+01 1.810882e+06 3.589052e+06 4.905200e+03 3.751209e+05 2.099287e+08
<GCONST> 8.477197e+01
<MIXTURE> 5 5.833621e-02
<MEAN> 6
 -1.404253e+01 -4.224538e+01 3.481531e+02 -1.373542e+02 4.819752e+02 3.779056e+03
<VARIANCE> 6
 4.548710e+02 6.129461e+05 1.145727e+06 3.051656e+03 4.332456e+05 2.146590e+08
<GCONST> 8.461192e+01
<MIXTURE> 6 7.053771e-02
<MEAN> 6
 -1.433757e+01 2.358282e+02 -7.985876e+01 1.018249e+02 2.366305e+02 -2.139442e+03
<VARIANCE> 6
 1.505994e+02 2.956486e+05 1.013981e+05 2.410951e+03 1.485532e+05 5.704082e+07
<GCONST> 7.772137e+01
<MIXTURE> 7 7.055640e-02
<MEAN> 6
 4.990277e+01 4.445444e+02 2.452881e+02 9.119703e+01 -1.659638e+02 -5.018027e+02
<VARIANCE> 6
 1.358533e+02 4.596697e+05 6.621652e+05 1.511931e+03 4.050157e+04 5.219723e+07
<GCONST> 7.808115e+01
<MIXTURE> 8 6.477413e-02
<MEAN> 6
 -3.510005e+01 2.260155e+02 2.336471e+01 5.854216e+00 5.921558e+02 -6.355836e+02
<VARIANCE> 6
 4.980009e+01 5.777579e+05 2.573099e+05 5.064604e+03 1.125294e+05 5.219723e+07
<GCONST> 7.859177e+01
<MIXTURE> 9 3.760449e-02
<MEAN> 6
 1.160509e+01 -1.095926e+02 -3.414105e+02 1.008436e+02 2.867029e+01 1.898646e+02
<VARIANCE> 6
 2.115410e+02 8.438956e+05 2.994181e+06 6.279738e+02 4.050157e+04 5.219723e+07
<GCONST> 7.976178e+01
<MIXTURE> 10 7.719003e-02
<MEAN> 6
 5.651078e+01 -3.078048e+02 -3.430121e+02 -1.114205e+02 -4.311406e+02 9.533837e+02
<VARIANCE> 6
 1.407205e+02 9.962356e+05 7.606215e+05 1.681590e+03 6.940700e+04 5.219723e+07
<GCONST> 7.967345e+01
<MIXTURE> 11 8.798524e-02
<MEAN> 6
 -1.597959e+01 1.278277e+02 2.793986e+02 -1.378922e+01 7.482787e+01 -6.574685e+01
<VARIANCE> 6
 8.707810e+01 3.863743e+05 5.733821e+05 7.054583e+03 4.050157e+04 5.219723e+07
<GCONST> 7.885901e+01
<MIXTURE> 12 8.386041e-02
<MEAN> 6
 1.718136e+01 -7.691987e+02 -1.248522e+02 -1.597786e+02 7.579060e+00 2.255960e+03
<VARIANCE> 6
 2.690378e+02 8.999181e+05 1.938784e+05 1.744291e+03 1.221149e+05 8.255931e+07
<GCONST> 7.991300e+01
<MIXTURE> 13 9.252176e-02
<MEAN> 6
 6.490211e+01 1.410242e+02 -8.508240e+01 3.648153e+01 -3.316823e+02 -1.002085e+03
<VARIANCE> 6
 8.154655e+01 7.406219e+05 2.381721e+05 4.937131e+03 1.059366e+05 5.219723e+07
<GCONST> 7.917010e+01
<MIXTURE> 14 6.131275e-02
<MEAN> 6
 -4.053595e+01 -1.410175e+02 2.108426e+02 2.134246e+01 2.712981e+02 -8.059530e+02
<VARIANCE> 6
 6.203583e+01 5.288586e+05 7.288529e+05 7.043504e+02 7.147173e+04 5.219723e+07
<GCONST> 7.733755e+01
<MIXTURE> 15 5.150660e-02
<MEAN> 6
 7.224653e+01 -1.337607e+02 2.129578e+02 -1.045984e+01 -5.817521e+01 -1.540937e+01
<VARIANCE> 6
 1.168814e+02 2.054891e+06 1.028524e+06 2.961554e+02 4.050157e+04 5.219723e+07
<GCONST> 7.823831e+01
<STATE> 13
<NUMMIXES> 15
<MIXTURE> 1 4.428734e-02
<MEAN> 6
 -1.021568e+01 3.249112e+01 8.746622e+01 2.178264e+02 1.036755e+02 -8.465370e+03
<VARIANCE> 6
 2.481587e+02 7.229045e+04 1.124670e+05 3.663310e+03 3.200892e+05 1.747891e+08
<GCONST> 7.922176e+01
<MIXTURE> 2 8.249524e-02
<MEAN> 6
 3.454581e+01 1.844887e+02 1.172048e+02 -1.913832e+02 -3.692872e+02 3.866471e+03
<VARIANCE> 6
 2.049874e+02 1.143999e+05 3.470160e+04 4.307269e+03 1.483811e+05 8.186040e+07
<GCONST> 7.694833e+01
<MIXTURE> 3 1.511735e-02
<MEAN> 6
 -4.316698e+01 1.399860e+00 1.546967e+02 -8.857379e+01 1.445803e+03 5.432303e+03
<VARIANCE> 6
 1.736323e+02 1.886016e+05 8.985314e+05 1.964354e+04 6.382224e+05 5.112293e+08
<GCONST> 8.534438e+01
<MIXTURE> 4 7.074795e-02
<MEAN> 6
 6.986091e+01 -2.654878e+02 1.037965e+02 -6.928916e+00 -4.909359e+01 3.226978e+02
<VARIANCE> 6
 3.698210e+01 3.075802e+05 3.357288e+04 2.961554e+02 4.050157e+04 5.219723e+07
<GCONST> 7.176618e+01
<MIXTURE> 5 6.439889e-02
<MEAN> 6
 -4.059323e+01 7.006745e+01 -5.856058e+01 4.858582e+01 9.043506e+02 -6.309684e+02
<VARIANCE> 6
 5.674895e+01 1.053879e+05 3.317697e+04 1.156404e+04 1.608421e+05 5.219723e+07
<GCONST> 7.615529e+01
<MIXTURE> 6 5.813155e-02
<MEAN> 6
 5.834006e+01 -5.573222e+01 2.699883e+01 5.169195e+01 -2.463711e+02 1.104436e+01
<VARIANCE> 6
 7.382439e+01 1.406853e+05 5.760471e+04 5.665723e+03 6.008357e+04 5.219723e+07
<GCONST> 7.556081e+01
<MIXTURE> 7 7.631849e-02
<MEAN> 6
 2.955184e+01 3.362271e+01 1.902877e+01 1.668449e+02 -2.439552e+02 -1.395942e+03
<VARIANCE> 6
 3.032380e+02 6.050726e+04 5.856344e+04 2.042888e+03 5.985655e+04 5.219723e+07
<GCONST> 7.512254e+01
<MIXTURE> 8 9.855509e-02
<MEAN> 6
 -2.958772e+01 -9.373120e+00 -1.399748e+02 1.700150e+01 1.743067e+02 4.152176e+00
<VARIANCE> 6
 8.921523e+01 7.773074e+04 6.554383e+04 4.244204e+03 6.128255e+04 5.219723e+07
<GCONST> 7.501689e+01
<MIXTURE> 9 4.171522e-02
<MEAN> 6
 7.280936e+01 -3.851982e+02 -5.566594e+01 2.923288e+01 -8.584061e+02 -2.276950e+03
<VARIANCE> 6
 6.108257e+01 7.918729e+05 1.199545e+05 8.138677e+03 5.424536e+05 2.473078e+08
<GCONST> 8.195090e+01
<MIXTURE> 10 1.116064e-01
<MEAN> 6
 -1.002471e+01 1.972396e+01 1.098164e+02 -1.834536e+02 3.006045e+02 2.935815e+03
<VARIANCE> 6
 2.942195e+02 8.502013e+04 6.118896e+04 3.694416e+03 2.247755e+05 1.701114e+08
<GCONST> 7.857335e+01
<MIXTURE> 11 7.459558e-02
<MEAN> 6
 6.733853e+01 -3.362001e+01 3.200632e+01 -4.723196e+01 -8.220845e+02 -1.969020e+02
<VARIANCE> 6
 1.479552e+02 6.490298e+04 1.360186e+04 1.097719e+04 1.379052e+05 5.219723e+07
<GCONST> 7.553121e+01
<MIXTURE> 12 7.158857e-02
<MEAN> 6
 8.139942e+00 -2.454731e+02 -8.460664e+01 1.345998e+02 8.262865e+01 -2.103946e+02
<VARIANCE> 6
 2.896951e+02 1.281708e+05 6.369784e+04 1.580629e+03 4.238154e+04 5.219723e+07
<GCONST> 7.530970e+01
<MIXTURE> 13 7.402215e-02
<MEAN> 6
 6.679904e+01 -2.187331e+01 -1.494777e+02 -1.691865e+00 -4.701542e+01 -8.636657e+01
<VARIANCE> 6
 3.128982e+01 1.295187e+05 5.572854e+04 2.961554e+02 4.050157e+04 5.219723e+07
<GCONST> 7.124091e+01
<MIXTURE> 14 5.889099e-02
<MEAN> 6
 -5.270368e+01 9.523495e+01 -7.758221e+01 -9.230631e+00 7.636821e+02 -7.696981e+02
<VARIANCE> 6
 5.446209e+01 2.284429e+04 6.417372e+04 4.593809e+03 2.423389e+05 1.045370e+08
<GCONST> 7.542618e+01
<MIXTURE> 15 5.738650e-02
<MEAN> 6
 5.606195e+01 -1.317346e+02 -1.014165e+02 3.633595e+01 -3.199489e+02 -4.121044e+02
<VARIANCE> 6
 8.030299e+01 9.068793e+04 8.223311e+04 8.530174e+03 6.070161e+04 5.219723e+07
<GCONST> 7.598119e+01
<TRANSP> 14
 0.000000e+00 1.000000e+00 0.000000e+00 0.000000e+00 0.000000e+00 0.000000e+00 0.000000e+00 0.000000e+00 0.000000e+00 0.000000e+00 0.000000e+00 0.000000e+00 0.000000e+00 0.000000e+00
 0.000000e+00 9.984171e-01 1.582852e-03 0.000000e+00 0.000000e+00 0.000000e+00 0.000000e+00 0.000000e+00 0.000000e+00 0.000000e+00 0.000000e+00 0.000000e+00 0.000000e+00 0.000000e+00
 0.000000e+00 0.000000e+00 9.993060e-01 6.940328e-04 0.000000e+00 0.000000e+00 0.000000e+00 0.000000e+00 0.000000e+00 0.000000e+00 0.000000e+00 0.000000e+00 0.000000e+00 0.000000e+00
 0.000000e+00 0.000000e+00 0.000000e+00 9.992409e-01 7.591369e-04 0.000000e+00 0.000000e+00 0.000000e+00 0.000000e+00 0.000000e+00 0.000000e+00 0.000000e+00 0.000000e+00 0.000000e+00
 0.000000e+00 0.000000e+00 0.000000e+00 0.000000e+00 9.993600e-01 6.399648e-04 0.000000e+00 0.000000e+00 0.000000e+00 0.000000e+00 0.000000e+00 0.000000e+00 0.000000e+00 0.000000e+00
 0.000000e+00 0.000000e+00 0.000000e+00 0.000000e+00 0.000000e+00 9.998593e-01 1.406929e-04 0.000000e+00 0.000000e+00 0.000000e+00 0.000000e+00 0.000000e+00 0.000000e+00 0.000000e+00
 0.000000e+00 0.000000e+00 0.000000e+00 0.000000e+00 0.000000e+00 0.000000e+00 9.989957e-01 1.004290e-03 0.000000e+00 0.000000e+00 0.000000e+00 0.000000e+00 0.000000e+00 0.000000e+00
 0.000000e+00 0.000000e+00 0.000000e+00 0.000000e+00 0.000000e+00 0.000000e+00 0.000000e+00 9.997817e-01 2.183122e-04 0.000000e+00 0.000000e+00 0.000000e+00 0.000000e+00 0.000000e+00
 0.000000e+00 0.000000e+00 0.000000e+00 0.000000e+00 0.000000e+00 0.000000e+00 0.000000e+00 0.000000e+00 9.963046e-01 3.695321e-03 0.000000e+00 0.000000e+00 0.000000e+00 0.000000e+00
 0.000000e+00 0.000000e+00 0.000000e+00 0.000000e+00 0.000000e+00 0.000000e+00 0.000000e+00 0.000000e+00 0.000000e+00 9.987859e-01 1.214091e-03 0.000000e+00 0.000000e+00 0.000000e+00
 0.000000e+00 0.000000e+00 0.000000e+00 0.000000e+00 0.000000e+00 0.000000e+00 0.000000e+00 0.000000e+00 0.000000e+00 0.000000e+00 9.987274e-01 1.272633e-03 0.000000e+00 0.000000e+00
 0.000000e+00 0.000000e+00 0.000000e+00 0.000000e+00 0.000000e+00 0.000000e+00 0.000000e+00 0.000000e+00 0.000000e+00 0.000000e+00 0.000000e+00 9.997160e-01 2.839598e-04 0.000000e+00
 0.000000e+00 0.000000e+00 0.000000e+00 0.000000e+00 0.000000e+00 0.000000e+00 0.000000e+00 0.000000e+00 0.000000e+00 0.000000e+00 0.000000e+00 0.000000e+00 9.997647e-01 2.353269e-04
 0.000000e+00 0.000000e+00 0.000000e+00 0.000000e+00 0.000000e+00 0.000000e+00 0.000000e+00 0.000000e+00 0.000000e+00 0.000000e+00 0.000000e+00 0.000000e+00 0.000000e+00 0.000000e+00
<ENDHMM>
~h "QuintoPRIMARIA"
<BEGINHMM>
<NUMSTATES> 14
<STATE> 2
<NUMMIXES> 15
<MIXTURE> 1 6.960699e-02
<MEAN> 6
 -4.355464e+01 3.109729e+00 7.730713e+01 -1.130423e+02 1.439008e+03 2.707902e+03
<VARIANCE> 6
 3.007985e+02 8.127389e+04 2.889474e+05 2.542816e+04 6.695047e+05 5.792526e+08
<GCONST> 8.434843e+01
<MIXTURE> 2 1.510298e-02
<MEAN> 6
 2.667394e+01 -4.120251e+02 -7.479279e+02 -8.031416e+01 -4.352443e+02 1.113297e+04
<VARIANCE> 6
 3.267036e+03 1.175453e+06 3.782640e+06 4.220767e+04 2.320243e+06 1.028581e+09
<GCONST> 9.430098e+01
<MIXTURE> 3 6.227788e-02
<MEAN> 6
 7.377676e+01 1.378472e+02 4.627254e+01 -7.066391e-01 -3.405417e+01 -1.811486e+02
<VARIANCE> 6
 7.259769e+01 5.015946e+04 1.645433e+05 2.961554e+02 4.050157e+04 5.219723e+07
<GCONST> 7.221661e+01
<MIXTURE> 4 5.340989e-02
<MEAN> 6
 -5.264233e+00 9.771713e+00 1.873110e+02 2.580170e+02 3.564184e+02 -9.491066e+03
<VARIANCE> 6
 2.490279e+02 1.110519e+05 2.003846e+05 5.448075e+03 3.323431e+05 1.060314e+08
<GCONST> 8.016676e+01
<MIXTURE> 5 5.064463e-02
<MEAN> 6
 7.662614e+01 4.804817e+01 -1.313977e+02 3.176801e+00 -4.599757e+02 -3.250293e+02
<VARIANCE> 6
 1.936806e+02 5.177769e+05 6.654620e+04 1.015859e+04 1.900269e+05 5.219723e+07
<GCONST> 7.970795e+01
<MIXTURE> 6 5.217185e-02
<MEAN> 6
 8.082645e+01 8.405627e+01 -4.321866e+01 5.609641e+01 -1.093496e+03 -3.143373e+03
<VARIANCE> 6
 3.878086e+02 7.731720e+04 4.135003e+04 2.348555e+04 8.992374e+05 5.196090e+08
<GCONST> 8.271530e+01
<MIXTURE> 7 1.024143e-01
<MEAN> 6
 5.960157e+01 -8.189367e+01 1.269036e+01 -1.805986e-02 -1.731416e+01 -1.778339e+02
<VARIANCE> 6
 3.128982e+01 2.798074e+04 1.604363e+05 2.961554e+02 4.050157e+04 5.219723e+07
<GCONST> 7.076600e+01
<MIXTURE> 8 6.241770e-02
<MEAN> 6
 -4.007264e+01 6.696676e+00 9.074611e+01 9.419404e+01 7.927548e+02 5.744205e+02
<VARIANCE> 6
 2.901084e+02 8.004660e+04 7.842408e+04 9.516185e+03 1.348027e+05 5.219723e+07
<GCONST> 7.800063e+01
<MIXTURE> 9 1.010712e-01
<MEAN> 6
 3.764936e+01 -3.033215e+01 2.800620e+01 1.762881e+02 -2.426647e+02 -6.305079e+02
<VARIANCE> 6
 4.737961e+02 6.124498e+04 5.790086e+04 5.277470e+03 1.433795e+05 5.219723e+07
<GCONST> 7.739216e+01
<MIXTURE> 10 1.142730e-01
<MEAN> 6
 1.019404e+01 1.870427e+00 -2.327386e+01 -2.321350e+02 -9.940258e+01 4.449824e+03
<VARIANCE> 6
 5.437902e+02 4.786958e+04 9.335772e+04 6.338850e+03 3.355814e+05 1.741544e+08
<GCONST> 7.999979e+01
<MIXTURE> 11 5.230108e-02
<MEAN> 6
 5.667096e+01 6.703557e+01 -3.066995e+02 2.986727e+01 -6.220341e+02 -7.613776e+01
<VARIANCE> 6
 5.019762e+02 1.440917e+05 3.959701e+05 3.066131e+04 2.773472e+05 5.252710e+07
<GCONST> 8.265374e+01
<MIXTURE> 12 6.598324e-02
<MEAN> 6
 -4.650306e+01 -2.498734e+01 1.207432e+01 1.622937e+01 1.525404e+02 9.267527e+01
<VARIANCE> 6
 2.553299e+02 3.242072e+04 8.365145e+04 4.869066e+02 4.543704e+04 5.219723e+07
<GCONST> 7.297348e+01
<MIXTURE> 13 6.275711e-02
<MEAN> 6
 7.692912e+01 -1.055815e+00 -1.944804e+00 -8.103300e+00 -5.961609e+01 -3.738575e+02
<VARIANCE> 6
 1.196802e+02 1.749566e+04 2.234006e+04 2.961554e+02 4.050157e+04 5.219723e+07
<GCONST> 6.966645e+01
<MIXTURE> 14 7.341676e-02
<MEAN> 6
 6.720699e+01 1.918935e+01 3.191149e+01 -1.054235e+02 -7.443937e+02 -7.002806e+02
<VARIANCE> 6
 2.330720e+02 4.700915e+04 4.919422e+04 8.470130e+03 1.598007e+05 5.219723e+07
<GCONST> 7.683676e+01
<MIXTURE> 15 6.172149e-02
<MEAN> 6
 -4.504536e+01 -9.251070e+01 -8.948036e+00 2.405856e+01 6.768564e+02 -1.415505e+03
<VARIANCE> 6
 3.007293e+02 8.200222e+04 7.560146e+04 1.059986e+04 1.142614e+05 5.219723e+07
<GCONST> 7.796658e+01
<STATE> 3
<NUMMIXES> 15
<MIXTURE> 1 6.518126e-02
<MEAN> 6
 9.533886e+01 1.793297e+02 -2.955372e+02 1.650931e+01 -1.073652e+03 1.289333e+04
<VARIANCE> 6
 8.139314e+01 1.716965e+05 3.827536e+05 7.219460e+03 2.109253e+06 9.326899e+08
<GCONST> 8.443515e+01
<MIXTURE> 2 5.098920e-02
<MEAN> 6
 5.749045e+01 -1.471578e+03 -3.991660e+02 1.498093e+01 1.476984e+02 -1.260575e+03
<VARIANCE> 6
 2.652353e+02 1.172116e+06 2.881074e+04 7.504776e+03 7.901856e+05 1.245462e+08
<GCONST> 8.199420e+01
<MIXTURE> 3 4.265864e-02
<MEAN> 6
 1.005744e+02 1.108942e+02 5.457479e+01 -2.633500e+01 -1.130908e+02 4.942991e+03
<VARIANCE> 6
 3.263729e+01 1.293270e+04 1.353773e+04 5.144701e+02 1.846112e+05 5.643001e+07
<GCONST> 6.971113e+01
<MIXTURE> 4 6.301568e-02
<MEAN> 6
 9.329226e+01 -3.271674e+02 -2.863111e+02 -5.410419e+00 9.890973e+00 2.463632e+02
<VARIANCE> 6
 3.128982e+01 1.293270e+04 1.353773e+04 2.961554e+02 4.050157e+04 5.219723e+07
<GCONST> 6.752183e+01
<MIXTURE> 5 9.769870e-02
<MEAN> 6
 1.010070e+02 -5.016452e+02 -5.414828e+02 -1.948355e+00 -1.006025e+00 -3.109104e+01
<VARIANCE> 6
 3.128982e+01 1.293270e+04 1.353773e+04 2.961554e+02 4.050157e+04 5.219723e+07
<GCONST> 6.752183e+01
<MIXTURE> 6 5.370479e-02
<MEAN> 6
 9.670068e+01 -4.838325e+02 -5.281682e+02 -1.159768e+00 -1.066471e+00 -1.104798e+02
<VARIANCE> 6
 3.128982e+01 1.293270e+04 1.353773e+04 2.961554e+02 4.050157e+04 5.219723e+07
<GCONST> 6.752183e+01
<MIXTURE> 7 6.460132e-02
<MEAN> 6
 9.911271e+01 8.245392e+01 -1.405670e+02 -4.470971e+00 -3.480796e+01 3.457322e+02
<VARIANCE> 6
 3.128982e+01 1.293270e+04 1.353773e+04 2.961554e+02 4.050157e+04 5.219723e+07
<GCONST> 6.752183e+01
<MIXTURE> 8 5.353351e-02
<MEAN> 6
 9.637580e+01 -4.883900e+02 -5.328141e+02 -1.057077e+00 -1.066385e+00 -1.099040e+02
<VARIANCE> 6
 3.128982e+01 1.293270e+04 1.353773e+04 2.961554e+02 4.050157e+04 5.219723e+07
<GCONST> 6.752183e+01
<MIXTURE> 9 1.032163e-01
<MEAN> 6
 9.627489e+01 -4.884882e+02 -5.331331e+02 -1.040332e+00 -1.081317e+00 -1.111653e+02
<VARIANCE> 6
 3.128982e+01 1.293270e+04 1.353773e+04 2.961554e+02 4.050157e+04 5.219723e+07
<GCONST> 6.752183e+01
<MIXTURE> 10 6.296105e-02
<MEAN> 6
 8.507056e+01 -1.076253e+03 -1.945854e+02 -6.710934e+00 -2.743736e+01 -5.502397e+01
<VARIANCE> 6
 4.663318e+01 2.957925e+04 1.353773e+04 2.961554e+02 4.050157e+04 5.219723e+07
<GCONST> 6.874816e+01
<MIXTURE> 11 8.158858e-02
<MEAN> 6
 9.386955e+01 -2.646502e+02 -3.507355e+02 -4.837725e+00 1.406911e+01 -3.350695e+01
<VARIANCE> 6
 3.128982e+01 1.293270e+04 1.353773e+04 2.961554e+02 4.050157e+04 5.219723e+07
<GCONST> 6.752183e+01
<MIXTURE> 12 8.639225e-02
<MEAN> 6
 9.911242e+01 1.116865e+02 -2.578634e+01 -6.655744e+00 -9.229037e+00 -1.843785e+02
<VARIANCE> 6
 3.128982e+01 1.293270e+04 1.353773e+04 2.961554e+02 4.050157e+04 5.219723e+07
<GCONST> 6.752183e+01
<MIXTURE> 13 6.741820e-02
<MEAN> 6
 9.850413e+01 2.578433e+01 -2.011397e+02 -4.561673e+00 -1.673449e+01 1.714998e+02
<VARIANCE> 6
 3.128982e+01 1.293270e+04 1.353773e+04 2.961554e+02 4.050157e+04 5.219723e+07
<GCONST> 6.752183e+01
<MIXTURE> 14 5.337402e-02
<MEAN> 6
 9.569423e+01 -4.882844e+02 -5.345139e+02 -9.553884e-01 -1.200251e+00 -1.194181e+02
<VARIANCE> 6
 3.128982e+01 1.293270e+04 1.353773e+04 2.961554e+02 4.050157e+04 5.219723e+07
<GCONST> 6.752183e+01
<MIXTURE> 15 5.365079e-02
<MEAN> 6
 9.526375e+01 -4.932914e+02 -5.398954e+02 -8.392989e-01 -1.224939e+00 -1.180661e+02
<VARIANCE> 6
 3.128982e+01 1.293270e+04 1.353773e+04 2.961554e+02 4.050157e+04 5.219723e+07
<GCONST> 6.752183e+01
<STATE> 4
<NUMMIXES> 15
<MIXTURE> 1 5.976001e-02
<MEAN> 6
 7.174163e+01 2.737259e+01 7.066195e+02 -3.241642e+00 9.556969e-02 1.710191e+01
<VARIANCE> 6
 3.128982e+01 1.293270e+04 1.353773e+04 2.961554e+02 4.050157e+04 5.219723e+07
<GCONST> 6.752183e+01
<MIXTURE> 2 3.310655e-02
<MEAN> 6
 8.076989e+01 -5.947424e+02 3.743526e+01 5.997653e+00 -4.289567e+01 6.613148e+02
<VARIANCE> 6
 3.128982e+01 2.144234e+05 4.162711e+05 2.961554e+02 4.050157e+04 5.219723e+07
<GCONST> 7.375587e+01
<MIXTURE> 3 5.904663e-02
<MEAN> 6
 7.021989e+01 -3.375110e+02 -5.774993e+02 8.026761e-01 -1.725508e+01 -1.038001e+02
<VARIANCE> 6
 3.128982e+01 1.356049e+04 1.353773e+04 2.961554e+02 4.050157e+04 5.219723e+07
<GCONST> 6.756923e+01
<MIXTURE> 4 4.634422e-02
<MEAN> 6
 9.083466e+01 -1.554242e+03 -1.565433e+03 9.589600e+00 -5.177159e+01 2.176272e+02
<VARIANCE> 6
 9.573877e+01 1.293270e+04 8.364935e+04 8.786013e+02 4.050157e+04 5.219723e+07
<GCONST> 7.154876e+01
<MIXTURE> 5 9.553931e-02
<MEAN> 6
 5.965014e+01 -3.353633e+02 -1.257866e+03 1.561751e+00 -2.867526e+00 -1.117963e+02
<VARIANCE> 6
 3.128982e+01 1.293270e+04 1.910757e+04 2.961554e+02 4.050157e+04 5.219723e+07
<GCONST> 6.786642e+01
<MIXTURE> 6 7.015640e-02
<MEAN> 6
 7.123170e+01 -7.640916e+02 -1.469207e+03 -4.902749e-01 -5.090587e-01 2.375785e+01
<VARIANCE> 6
 3.128982e+01 1.293270e+04 1.353773e+04 2.961554e+02 4.050157e+04 5.219723e+07
<GCONST> 6.752183e+01
<MIXTURE> 7 6.598265e-02
<MEAN> 6
 7.562858e+01 -1.369198e+03 -9.378309e+02 -2.539205e+00 1.329107e+00 -7.246060e+01
<VARIANCE> 6
 3.128982e+01 1.293270e+04 3.543474e+04 2.961554e+02 4.050157e+04 5.219723e+07
<GCONST> 6.848404e+01
<MIXTURE> 8 1.086380e-01
<MEAN> 6
 7.410086e+01 -2.012264e+01 4.534417e+02 -2.298553e+00 -2.773938e+00 4.529402e+01
<VARIANCE> 6
 3.128982e+01 1.293270e+04 1.353773e+04 2.961554e+02 4.050157e+04 5.219723e+07
<GCONST> 6.752183e+01
<MIXTURE> 9 6.393978e-02
<MEAN> 6
 7.251054e+01 -8.292580e+02 -6.629925e+02 -3.102685e+00 -8.483232e+00 1.210563e+02
<VARIANCE> 6
 3.128982e+01 1.838418e+04 1.353773e+04 2.961554e+02 4.050157e+04 5.219723e+07
<GCONST> 6.787356e+01
<MIXTURE> 10 3.789263e-02
<MEAN> 6
 7.142541e+01 -1.724890e+03 -1.144169e+03 1.761837e+00 -2.708088e+00 9.103928e+01
<VARIANCE> 6
 3.128982e+01 7.931329e+05 3.497493e+04 2.961554e+02 4.050157e+04 5.219723e+07
<GCONST> 7.258721e+01
<MIXTURE> 11 9.508974e-02
<MEAN> 6
 7.697052e+01 -1.153766e+02 4.496653e+02 -1.747629e+00 -1.465743e+01 1.699593e+02
<VARIANCE> 6
 3.128982e+01 1.293270e+04 1.353773e+04 2.961554e+02 4.050157e+04 5.219723e+07
<GCONST> 6.752183e+01
<MIXTURE> 12 6.404553e-02
<MEAN> 6
 5.798524e+01 -3.799286e+02 -1.488949e+03 4.108665e+00 1.572571e+00 -1.157860e+02
<VARIANCE> 6
 3.128982e+01 1.293270e+04 2.064651e+04 2.961554e+02 4.050157e+04 5.219723e+07
<GCONST> 6.794389e+01
<MIXTURE> 13 7.925412e-02
<MEAN> 6
 6.987530e+01 -6.545390e+02 -1.720265e+03 -9.391065e-01 -1.097910e+01 -1.063601e+02
<VARIANCE> 6
 3.128982e+01 1.293270e+04 1.353773e+04 2.961554e+02 4.050157e+04 5.219723e+07
<GCONST> 6.752183e+01
<MIXTURE> 14 6.183292e-02
<MEAN> 6
 7.275291e+01 -1.553269e+03 -6.698004e+02 1.656021e-02 -1.230751e+01 -1.743113e+02
<VARIANCE> 6
 3.128982e+01 4.819042e+04 1.428112e+04 2.961554e+02 4.050157e+04 5.219723e+07
<GCONST> 6.889069e+01
<MIXTURE> 15 5.936340e-02
<MEAN> 6
 7.032823e+01 -3.793729e+02 -5.751873e+02 9.506568e-01 -2.510707e+01 8.158551e+00
<VARIANCE> 6
 3.128982e+01 1.685721e+04 1.353773e+04 2.961554e+02 4.050157e+04 5.219723e+07
<GCONST> 6.778684e+01
<STATE> 5
<NUMMIXES> 15
<MIXTURE> 1 3.205178e-02
<MEAN> 6
 8.962447e+01 2.144056e+02 3.732246e+03 -6.474250e-02 -5.482855e+00 -1.536991e+02
<VARIANCE> 6
 3.128982e+01 1.293270e+04 1.353773e+04 2.961554e+02 4.050157e+04 5.219723e+07
<GCONST> 6.752183e+01
<MIXTURE> 2 6.668630e-02
<MEAN> 6
 8.962442e+01 2.144099e+02 3.732260e+03 -6.461997e-02 -5.484024e+00 -1.537156e+02
<VARIANCE> 6
 3.128982e+01 1.293270e+04 1.353773e+04 2.961554e+02 4.050157e+04 5.219723e+07
<GCONST> 6.752183e+01
<MIXTURE> 3 8.110490e-02
<MEAN> 6
 8.117562e+01 -3.553430e+02 2.596745e+03 -6.111380e-01 -9.294840e+00 -1.706924e+02
<VARIANCE> 6
 3.128982e+01 1.293270e+04 1.353773e+04 2.961554e+02 4.050157e+04 5.219723e+07
<GCONST> 6.752183e+01
<MIXTURE> 4 4.234656e-02
<MEAN> 6
 4.595358e+01 6.081666e+02 -4.116983e+02 3.111211e+01 -1.406618e+02 1.775592e+03
<VARIANCE> 6
 1.551952e+02 1.577259e+06 1.070739e+06 3.924077e+02 4.050157e+04 5.219723e+07
<GCONST> 7.857894e+01
<MIXTURE> 5 2.598480e-02
<MEAN> 6
 9.282047e+01 -8.407922e+02 1.580464e+03 -2.466400e+01 -5.652639e+01 3.808423e+03
<VARIANCE> 6
 3.128982e+01 1.743529e+05 2.289446e+06 2.961554e+02 1.379731e+05 9.107040e+07
<GCONST> 7.703605e+01
<MIXTURE> 6 5.910819e-02
<MEAN> 6
 8.076534e+01 -4.863477e+02 2.285269e+03 1.050159e-01 -9.616039e-01 2.101720e+01
<VARIANCE> 6
 3.128982e+01 1.293270e+04 1.574715e+04 2.961554e+02 4.050157e+04 5.219723e+07
<GCONST> 6.767300e+01
<MIXTURE> 7 8.080242e-02
<MEAN> 6
 8.962447e+01 2.144057e+02 3.732247e+03 -6.474181e-02 -5.482949e+00 -1.536984e+02
<VARIANCE> 6
 3.128982e+01 1.293270e+04 1.353773e+04 2.961554e+02 4.050157e+04 5.219723e+07
<GCONST> 6.752183e+01
<MIXTURE> 8 8.227907e-02
<MEAN> 6
 8.117557e+01 -3.553720e+02 2.596712e+03 -6.106324e-01 -9.288507e+00 -1.705728e+02
<VARIANCE> 6
 3.128982e+01 1.293270e+04 1.353773e+04 2.961554e+02 4.050157e+04 5.219723e+07
<GCONST> 6.752183e+01
<MIXTURE> 9 8.059437e-02
<MEAN> 6
 8.962447e+01 2.144057e+02 3.732246e+03 -6.474172e-02 -5.482939e+00 -1.536987e+02
<VARIANCE> 6
 3.128982e+01 1.293270e+04 1.353773e+04 2.961554e+02 4.050157e+04 5.219723e+07
<GCONST> 6.752183e+01
<MIXTURE> 10 8.181107e-02
<MEAN> 6
 8.117551e+01 -3.554018e+02 2.596678e+03 -6.101107e-01 -9.281959e+00 -1.704506e+02
<VARIANCE> 6
 3.128982e+01 1.293270e+04 1.353773e+04 2.961554e+02 4.050157e+04 5.219723e+07
<GCONST> 6.752183e+01
<MIXTURE> 11 8.082376e-02
<MEAN> 6
 8.117542e+01 -3.554597e+02 2.596612e+03 -6.091039e-01 -9.269311e+00 -1.702132e+02
<VARIANCE> 6
 3.128982e+01 1.293270e+04 1.353773e+04 2.961554e+02 4.050157e+04 5.219723e+07
<GCONST> 6.752183e+01
<MIXTURE> 12 8.059950e-02
<MEAN> 6
 8.962447e+01 2.144057e+02 3.732246e+03 -6.474216e-02 -5.482946e+00 -1.536987e+02
<VARIANCE> 6
 3.128982e+01 1.293270e+04 1.353773e+04 2.961554e+02 4.050157e+04 5.219723e+07
<GCONST> 6.752183e+01
<MIXTURE> 13 8.038639e-02
<MEAN> 6
 8.962447e+01 2.144056e+02 3.732246e+03 -6.474338e-02 -5.482864e+00 -1.536953e+02
<VARIANCE> 6
 3.128982e+01 1.293270e+04 1.353773e+04 2.961554e+02 4.050157e+04 5.219723e+07
<GCONST> 6.752183e+01
<MIXTURE> 14 6.655337e-02
<MEAN> 6
 8.962455e+01 2.143986e+02 3.732222e+03 -6.494724e-02 -5.480929e+00 -1.536699e+02
<VARIANCE> 6
 3.128982e+01 1.293270e+04 1.353773e+04 2.961554e+02 4.050157e+04 5.219723e+07
<GCONST> 6.752183e+01
<MIXTURE> 15 5.887690e-02
<MEAN> 6
 8.071598e+01 -5.063132e+02 2.206190e+03 1.434669e-01 -1.606817e+00 7.611500e+01
<VARIANCE> 6
 3.128982e+01 1.293270e+04 1.827725e+04 2.961554e+02 4.050157e+04 5.219723e+07
<GCONST> 6.782200e+01
<STATE> 6
<NUMMIXES> 15
<MIXTURE> 1 1.137429e-02
<MEAN> 6
 7.366733e+01 -6.411789e+02 -3.329000e+03 2.778486e+01 2.322747e-01 -6.747065e+01
<VARIANCE> 6
 1.658978e+02 1.387200e+06 4.410104e+04 2.961554e+02 4.050157e+04 5.219723e+07
<GCONST> 7.504619e+01
<MIXTURE> 2 7.586060e-02
<MEAN> 6
 9.197659e+01 5.754697e+02 1.275635e+03 -2.688793e-01 -1.040989e+00 -1.431324e+02
<VARIANCE> 6
 3.128982e+01 1.293270e+04 3.939672e+05 2.961554e+02 4.050157e+04 5.219723e+07
<GCONST> 7.089261e+01
<MIXTURE> 3 1.054864e-01
<MEAN> 6
 9.577879e+01 9.679608e+02 2.382443e+03 -6.407898e-02 2.549764e+00 -1.627065e+01
<VARIANCE> 6
 3.128982e+01 1.293270e+04 1.004340e+05 2.961554e+02 4.050157e+04 5.219723e+07
<GCONST> 6.952584e+01
<MIXTURE> 4 1.165937e-01
<MEAN> 6
 8.463560e+01 5.466247e+02 -2.522437e+02 -1.460145e+00 -1.220053e+01 -1.676267e+02
<VARIANCE> 6
 3.128982e+01 1.293270e+04 1.353773e+04 2.961554e+02 4.050157e+04 5.219723e+07
<GCONST> 6.752183e+01
<MIXTURE> 5 9.235912e-02
<MEAN> 6
 8.974664e+01 5.820458e+02 -1.360810e+03 1.028708e+00 -2.037370e+01 -2.550827e+02
<VARIANCE> 6
 3.128982e+01 1.293270e+04 1.353773e+04 2.961554e+02 4.050157e+04 5.219723e+07
<GCONST> 6.752183e+01
<MIXTURE> 6 2.288111e-02
<MEAN> 6
 1.023484e+02 4.223264e+02 -1.709750e+03 -9.549643e+00 3.835412e+00 7.535346e+02
<VARIANCE> 6
 3.128982e+01 4.526216e+04 5.676231e+05 2.961554e+02 4.050157e+04 5.219723e+07
<GCONST> 7.251051e+01
<MIXTURE> 7 7.360403e-02
<MEAN> 6
 8.618922e+01 3.165000e+02 -5.703339e+02 -2.643679e+00 -1.064000e+01 4.723660e+01
<VARIANCE> 6
 3.128982e+01 8.529925e+04 1.009213e+05 2.961554e+02 4.050157e+04 5.219723e+07
<GCONST> 7.141709e+01
<MIXTURE> 8 7.219894e-02
<MEAN> 6
 8.794228e+01 3.384646e+02 -1.310021e+03 -2.503068e+00 6.938968e+00 4.250780e+01
<VARIANCE> 6
 3.128982e+01 1.293270e+04 1.353773e+04 2.961554e+02 4.050157e+04 5.219723e+07
<GCONST> 6.752183e+01
<MIXTURE> 9 5.511878e-02
<MEAN> 6
 8.476672e+01 5.548271e+02 -2.457863e+02 -1.573914e+00 -1.280756e+01 -1.843714e+02
<VARIANCE> 6
 3.128982e+01 1.293270e+04 1.353773e+04 2.961554e+02 4.050157e+04 5.219723e+07
<GCONST> 6.752183e+01
<MIXTURE> 10 6.207135e-02
<MEAN> 6
 9.357829e+01 9.821968e+02 -1.451955e+02 -5.559321e+00 -1.635848e+01 1.116646e+02
<VARIANCE> 6
 3.128982e+01 1.293270e+04 1.353773e+04 2.961554e+02 4.050157e+04 5.219723e+07
<GCONST> 6.752183e+01
<MIXTURE> 11 6.388318e-02
<MEAN> 6
 9.444854e+01 2.477341e+02 4.502753e+02 -3.993999e+00 2.434667e+01 2.120246e+02
<VARIANCE> 6
 3.128982e+01 1.293270e+04 1.353773e+04 2.961554e+02 4.050157e+04 5.219723e+07
<GCONST> 6.752183e+01
<MIXTURE> 12 7.195301e-02
<MEAN> 6
 8.871591e+01 3.106481e+02 -1.308914e+03 -3.305129e+00 5.794835e+00 5.376625e+01
<VARIANCE> 6
 3.128982e+01 1.293270e+04 1.353773e+04 2.961554e+02 4.050157e+04 5.219723e+07
<GCONST> 6.752183e+01
<MIXTURE> 13 6.317479e-02
<MEAN> 6
 9.864982e+01 8.649597e+02 1.335819e+03 -2.083057e+00 -1.262191e+00 1.039358e+02
<VARIANCE> 6
 3.128982e+01 1.293270e+04 5.096718e+05 2.961554e+02 4.050157e+04 5.219723e+07
<GCONST> 7.115011e+01
<MIXTURE> 14 5.978062e-02
<MEAN> 6
 8.529705e+01 -7.214051e+01 -1.661314e+03 3.852257e+00 -2.419292e+01 6.117686e+01
<VARIANCE> 6
 3.128982e+01 4.250484e+04 1.079507e+06 2.961554e+02 4.050157e+04 5.219723e+07
<GCONST> 7.309046e+01
<MIXTURE> 15 5.364857e-02
<MEAN> 6
 8.442934e+01 5.249737e+02 -2.760476e+02 -1.185826e+00 -1.050914e+01 -1.344188e+02
<VARIANCE> 6
 3.128982e+01 1.293270e+04 1.353773e+04 2.961554e+02 4.050157e+04 5.219723e+07
<GCONST> 6.752183e+01
<STATE> 7
<NUMMIXES> 15
<MIXTURE> 1 4.950174e-02
<MEAN> 6
 6.919516e+01 2.234555e+03 1.251633e+03 -9.744403e-01 -5.458406e+00 -2.368448e+02
<VARIANCE> 6
 3.128982e+01 1.293270e+04 1.353773e+04 2.961554e+02 4.050157e+04 5.219723e+07
<GCONST> 6.752183e+01
<MIXTURE> 2 9.268481e-02
<MEAN> 6
 5.709618e+01 -8.799607e+03 -1.989254e+03 -5.749961e-01 -6.037715e+00 -7.514374e+01
<VARIANCE> 6
 3.128982e+01 2.064043e+07 3.229921e+04 2.961554e+02 4.050157e+04 5.219723e+07
<GCONST> 7.576663e+01
<MIXTURE> 3 7.337468e-02
<MEAN> 6
 8.266522e+01 1.937977e+03 -2.037755e+02 -2.593988e+00 -7.615514e+00 -3.104913e+02
<VARIANCE> 6
 3.128982e+01 4.573993e+05 4.206536e+04 2.961554e+02 4.050157e+04 5.219723e+07
<GCONST> 7.222137e+01
<MIXTURE> 4 7.672975e-02
<MEAN> 6
 6.784425e+01 1.223995e+03 -4.616801e+02 -5.138576e-01 -2.344653e+00 -1.485184e+02
<VARIANCE> 6
 3.128982e+01 1.293270e+04 1.353773e+04 2.961554e+02 4.050157e+04 5.219723e+07
<GCONST> 6.752183e+01
<MIXTURE> 5 8.830786e-02
<MEAN> 6
 4.750559e+01 3.693709e+02 1.831145e+03 3.130557e-01 -8.974108e+00 -1.227141e+02
<VARIANCE> 6
 3.128982e+01 1.293270e+04 2.041426e+04 2.961554e+02 4.050157e+04 5.219723e+07
<GCONST> 6.793258e+01
<MIXTURE> 6 6.740068e-02
<MEAN> 6
 6.662076e+01 1.050262e+03 -2.931395e+02 1.136821e+00 -3.158344e+00 -1.587676e+02
<VARIANCE> 6
 3.128982e+01 2.091430e+05 1.353773e+04 2.961554e+02 4.050157e+04 5.219723e+07
<GCONST> 7.030508e+01
<MIXTURE> 7 6.430243e-02
<MEAN> 6
 7.097615e+01 1.142347e+03 -1.643573e+03 1.369668e+00 1.570347e+00 -1.678438e+02
<VARIANCE> 6
 3.128982e+01 2.455700e+04 3.925151e+04 2.961554e+02 4.050157e+04 5.219723e+07
<GCONST> 6.922757e+01
<MIXTURE> 8 4.677017e-02
<MEAN> 6
 6.472726e+01 7.560770e+02 -3.057362e+03 6.770886e-01 -8.800735e+00 -1.449554e+02
<VARIANCE> 6
 3.128982e+01 1.293270e+04 8.342421e+04 2.961554e+02 4.050157e+04 5.219723e+07
<GCONST> 6.934028e+01
<MIXTURE> 9 6.740221e-02
<MEAN> 6
 5.838025e+01 1.033386e+03 -1.068842e+03 -7.634152e-01 -1.030259e+01 -1.172939e+02
<VARIANCE> 6
 3.128982e+01 1.497505e+04 1.353773e+04 2.961554e+02 4.050157e+04 5.219723e+07
<GCONST> 6.766845e+01
<MIXTURE> 10 4.819533e-02
<MEAN> 6
 7.323860e+01 1.372272e+03 1.259356e+03 1.025668e+00 5.492251e+00 -2.252262e+02
<VARIANCE> 6
 3.128982e+01 1.318849e+04 1.786148e+04 2.961554e+02 4.050157e+04 5.219723e+07
<GCONST> 6.781857e+01
<MIXTURE> 11 7.189808e-02
<MEAN> 6
 7.101083e+01 9.260306e+02 -2.566629e+02 -7.796604e-01 -1.580295e+00 -1.061565e+02
<VARIANCE> 6
 3.128982e+01 1.293270e+04 1.353773e+04 2.961554e+02 4.050157e+04 5.219723e+07
<GCONST> 6.752183e+01
<MIXTURE> 12 9.209450e-02
<MEAN> 6
 6.660606e+01 1.353825e+03 -6.798637e+02 -1.112827e+00 -6.230390e-02 -3.927239e+01
<VARIANCE> 6
 3.128982e+01 1.293270e+04 1.353773e+04 2.961554e+02 4.050157e+04 5.219723e+07
<GCONST> 6.752183e+01
<MIXTURE> 13 5.022669e-02
<MEAN> 6
 7.352905e+01 1.935340e+03 -7.509748e+02 -2.040498e-02 -3.718414e+00 -1.152315e+02
<VARIANCE> 6
 3.128982e+01 8.488045e+04 3.118143e+04 2.961554e+02 4.050157e+04 5.219723e+07
<GCONST> 7.023765e+01
<MIXTURE> 14 6.411171e-02
<MEAN> 6
 6.217178e+01 1.348330e+03 1.148828e+03 9.409313e-01 -1.137702e+01 3.891098e+01
<VARIANCE> 6
 6.702999e+01 1.714836e+04 1.353773e+04 2.961554e+02 4.050157e+04 5.219723e+07
<GCONST> 6.856582e+01
<MIXTURE> 15 4.699193e-02
<MEAN> 6
 6.388482e+01 7.862265e+02 -3.196472e+03 7.075183e-01 -2.004845e+00 -4.323595e+01
<VARIANCE> 6
 3.128982e+01 1.293270e+04 6.988421e+04 2.961554e+02 4.050157e+04 5.219723e+07
<GCONST> 6.916319e+01
<STATE> 8
<NUMMIXES> 15
<MIXTURE> 1 6.433224e-02
<MEAN> 6
 8.244654e+01 7.287756e+01 5.197577e+01 -2.753787e+00 3.426606e+00 7.426389e+01
<VARIANCE> 6
 3.128982e+01 1.886963e+04 1.353773e+04 2.961554e+02 4.050157e+04 5.219723e+07
<GCONST> 6.789962e+01
<MIXTURE> 2 5.429437e-02
<MEAN> 6
 7.988119e+01 6.690011e+01 -5.637794e+02 -4.040528e-01 -2.829370e+01 -1.476982e+01
<VARIANCE> 6
 3.128982e+01 2.995070e+04 1.101042e+05 2.961554e+02 4.050157e+04 5.219723e+07
<GCONST> 7.045757e+01
<MIXTURE> 3 6.117225e-02
<MEAN> 6
 8.505737e+01 6.904823e+01 -1.895685e+02 1.154023e-01 -5.958961e+00 -3.330996e+01
<VARIANCE> 6
 3.128982e+01 1.293270e+04 1.353773e+04 2.961554e+02 4.050157e+04 5.219723e+07
<GCONST> 6.752183e+01
<MIXTURE> 4 6.537635e-02
<MEAN> 6
 8.664658e+01 -1.355480e+02 3.873931e+01 -3.271084e+00 2.226571e+00 -1.277644e+01
<VARIANCE> 6
 3.128982e+01 1.293270e+04 1.353773e+04 2.961554e+02 4.050157e+04 5.219723e+07
<GCONST> 6.752183e+01
<MIXTURE> 5 9.885500e-02
<MEAN> 6
 8.062680e+01 -2.126481e+02 -3.350528e+02 -1.152377e+00 -2.886372e-02 5.597589e+01
<VARIANCE> 6
 3.128982e+01 1.293270e+04 1.353773e+04 2.961554e+02 4.050157e+04 5.219723e+07
<GCONST> 6.752183e+01
<MIXTURE> 6 7.129804e-02
<MEAN> 6
 8.472871e+01 5.988148e+01 -2.077493e+02 2.151455e-01 -4.829520e+00 -1.961079e+01
<VARIANCE> 6
 3.128982e+01 1.293270e+04 1.353773e+04 2.961554e+02 4.050157e+04 5.219723e+07
<GCONST> 6.752183e+01
<MIXTURE> 7 6.995442e-02
<MEAN> 6
 8.673090e+01 -1.502411e+02 3.860721e+01 -3.374702e+00 2.246034e+00 -2.182720e+01
<VARIANCE> 6
 3.128982e+01 1.293270e+04 1.353773e+04 2.961554e+02 4.050157e+04 5.219723e+07
<GCONST> 6.752183e+01
<MIXTURE> 8 6.470297e-02
<MEAN> 6
 8.297765e+01 3.402872e+01 5.441268e+01 -2.975295e+00 4.165121e+00 8.044817e+01
<VARIANCE> 6
 3.128982e+01 1.293270e+04 1.353773e+04 2.961554e+02 4.050157e+04 5.219723e+07
<GCONST> 6.752183e+01
<MIXTURE> 9 5.171817e-02
<MEAN> 6
 8.016837e+01 -2.967961e+02 -3.197659e+02 -2.502165e+00 -6.747280e-01 8.127962e+01
<VARIANCE> 6
 3.128982e+01 2.566214e+04 1.353773e+04 2.961554e+02 4.050157e+04 5.219723e+07
<GCONST> 6.820708e+01
<MIXTURE> 10 6.993215e-02
<MEAN> 6
 8.469593e+01 5.906236e+01 -2.095979e+02 2.264522e-01 -4.759626e+00 -1.824093e+01
<VARIANCE> 6
 3.128982e+01 1.293270e+04 1.353773e+04 2.961554e+02 4.050157e+04 5.219723e+07
<GCONST> 6.752183e+01
<MIXTURE> 11 6.928783e-02
<MEAN> 6
 8.680464e+01 -1.655597e+02 3.857685e+01 -3.526777e+00 2.375319e+00 -3.185491e+01
<VARIANCE> 6
 3.128982e+01 1.293270e+04 1.353773e+04 2.961554e+02 4.050157e+04 5.219723e+07
<GCONST> 6.752183e+01
<MIXTURE> 12 6.600051e-02
<MEAN> 6
 8.678947e+01 -1.622001e+02 3.857285e+01 -3.489010e+00 2.334494e+00 -2.955914e+01
<VARIANCE> 6
 3.128982e+01 1.293270e+04 1.353773e+04 2.961554e+02 4.050157e+04 5.219723e+07
<GCONST> 6.752183e+01
<MIXTURE> 13 6.630065e-02
<MEAN> 6
 8.286552e+01 3.014739e+01 5.502552e+01 -2.992290e+00 4.673794e+00 8.158268e+01
<VARIANCE> 6
 3.128982e+01 1.293270e+04 1.353773e+04 2.961554e+02 4.050157e+04 5.219723e+07
<GCONST> 6.752183e+01
<MIXTURE> 14 6.536123e-02
<MEAN> 6
 8.308988e+01 2.352055e+01 5.329347e+01 -3.009488e+00 4.335063e+00 8.116743e+01
<VARIANCE> 6
 3.128982e+01 1.293270e+04 1.353773e+04 2.961554e+02 4.050157e+04 5.219723e+07
<GCONST> 6.752183e+01
<MIXTURE> 15 6.139633e-02
<MEAN> 6
 8.429211e+01 4.647477e+01 -2.292858e+02 3.025594e-01 -3.908869e+00 -4.130573e+00
<VARIANCE> 6
 3.128982e+01 1.293270e+04 1.353773e+04 2.961554e+02 4.050157e+04 5.219723e+07
<GCONST> 6.752183e+01
<STATE> 9
<NUMMIXES> 15
<MIXTURE> 1 6.484415e-02
<MEAN> 6
 7.151487e+01 4.786667e+02 -2.180799e+02 -1.890375e+00 -8.203301e+00 -6.002434e+01
<VARIANCE> 6
 3.128982e+01 1.293270e+04 1.353773e+04 2.961554e+02 4.050157e+04 5.219723e+07
<GCONST> 6.752183e+01
<MIXTURE> 2 4.824527e-02
<MEAN> 6
 6.994624e+01 3.610946e+02 2.364645e+02 -3.960312e+00 6.020761e+00 -9.220997e+00
<VARIANCE> 6
 3.128982e+01 1.293270e+04 1.353773e+04 2.961554e+02 4.050157e+04 5.219723e+07
<GCONST> 6.752183e+01
<MIXTURE> 3 9.163431e-02
<MEAN> 6
 6.307528e+01 3.087890e+01 -3.026297e+02 -9.423136e-01 -1.229771e+00 -3.329359e+01
<VARIANCE> 6
 3.128982e+01 1.293270e+04 1.353773e+04 2.961554e+02 4.050157e+04 5.219723e+07
<GCONST> 6.752183e+01
<MIXTURE> 4 4.462953e-02
<MEAN> 6
 5.961123e+01 4.402293e+02 4.499245e+02 4.279149e+00 -1.373402e+01 6.859029e+01
<VARIANCE> 6
 5.339135e+01 1.293270e+04 3.230428e+04 2.961554e+02 4.050157e+04 5.219723e+07
<GCONST> 6.892590e+01
<MIXTURE> 5 6.556527e-02
<MEAN> 6
 6.471178e+01 4.132992e+02 -8.341921e+02 -1.739138e+00 -1.949079e+00 -6.065392e+01
<VARIANCE> 6
 3.128982e+01 3.279707e+04 1.353773e+04 2.961554e+02 4.050157e+04 5.219723e+07
<GCONST> 6.845241e+01
<MIXTURE> 6 8.665421e-02
<MEAN> 6
 6.321117e+01 3.040167e+01 -3.236205e+02 -8.782563e-01 -1.738343e+00 -4.202587e+01
<VARIANCE> 6
 3.128982e+01 1.293270e+04 1.373524e+04 2.961554e+02 4.050157e+04 5.219723e+07
<GCONST> 6.753631e+01
<MIXTURE> 7 7.527728e-02
<MEAN> 6
 6.383426e+01 1.253703e+01 -4.463307e+02 -9.542394e-01 -5.531686e+00 -6.701381e+01
<VARIANCE> 6
 3.128982e+01 1.293270e+04 1.353773e+04 2.961554e+02 4.050157e+04 5.219723e+07
<GCONST> 6.752183e+01
<MIXTURE> 8 1.091401e-01
<MEAN> 6
 6.591411e+01 1.691617e+02 1.358788e+02 -2.443973e+00 -3.887430e-03 -4.401080e+01
<VARIANCE> 6
 3.128982e+01 1.293270e+04 1.353773e+04 2.961554e+02 4.050157e+04 5.219723e+07
<GCONST> 6.752183e+01
<MIXTURE> 9 4.014798e-02
<MEAN> 6
 6.224174e+01 -1.291089e+01 -5.892608e+02 -2.006161e+00 -6.478334e+00 -5.405892e+01
<VARIANCE> 6
 3.128982e+01 1.293270e+04 1.353773e+04 2.961554e+02 4.050157e+04 5.219723e+07
<GCONST> 6.752183e+01
<MIXTURE> 10 9.120813e-02
<MEAN> 6
 6.314829e+01 3.068678e+01 -3.145228e+02 -9.005440e-01 -1.505684e+00 -3.853408e+01
<VARIANCE> 6
 3.128982e+01 1.293270e+04 1.353773e+04 2.961554e+02 4.050157e+04 5.219723e+07
<GCONST> 6.752183e+01
<MIXTURE> 11 5.061315e-02
<MEAN> 6
 6.633813e+01 1.881889e+02 1.453570e+02 -2.531613e+00 8.002459e-01 -4.299754e+01
<VARIANCE> 6
 3.128982e+01 1.293270e+04 1.353773e+04 2.961554e+02 4.050157e+04 5.219723e+07
<GCONST> 6.752183e+01
<MIXTURE> 12 7.509168e-02
<MEAN> 6
 6.366251e+01 -1.332922e+01 -4.639502e+02 -1.025813e+00 -6.093548e+00 -6.302126e+01
<VARIANCE> 6
 3.128982e+01 1.293270e+04 1.353773e+04 2.961554e+02 4.050157e+04 5.219723e+07
<GCONST> 6.752183e+01
<MIXTURE> 13 6.146623e-02
<MEAN> 6
 7.104072e+01 4.685573e+02 -2.588589e+02 -1.898915e+00 -1.096076e+01 -7.851778e+01
<VARIANCE> 6
 3.128982e+01 1.293270e+04 1.450624e+04 2.961554e+02 4.050157e+04 5.219723e+07
<GCONST> 6.759092e+01
<MIXTURE> 14 4.536153e-02
<MEAN> 6
 6.017002e+01 -2.488592e+01 -6.685098e+02 -1.943026e+00 -1.933202e+00 -6.214787e+01
<VARIANCE> 6
 3.128982e+01 1.293270e+04 1.353773e+04 2.961554e+02 4.050157e+04 5.219723e+07
<GCONST> 6.752183e+01
<MIXTURE> 15 5.007558e-02
<MEAN> 6
 6.558172e+01 1.535159e+02 1.290167e+02 -2.359437e+00 -8.247813e-01 -4.431629e+01
<VARIANCE> 6
 3.128982e+01 1.293270e+04 1.353773e+04 2.961554e+02 4.050157e+04 5.219723e+07
<GCONST> 6.752183e+01
<STATE> 10
<NUMMIXES> 15
<MIXTURE> 1 1.477384e-03
<MEAN> 6
 6.937439e+01 2.684081e+02 9.855795e+01 -1.911647e+01 -4.547450e+02 -9.915596e+03
<VARIANCE> 6
 1.093943e+03 1.041306e+06 2.100277e+06 4.898197e+02 1.004595e+05 2.011907e+08
<GCONST> 8.326969e+01
<MIXTURE> 2 5.965961e-02
<MEAN> 6
 7.245125e+01 -2.965812e+02 8.996478e+01 -4.526869e+00 7.942257e+00 -7.460876e+00
<VARIANCE> 6
 3.128982e+01 2.661791e+04 1.353773e+04 2.961554e+02 4.050157e+04 5.219723e+07
<GCONST> 6.824365e+01
<MIXTURE> 3 7.662018e-02
<MEAN> 6
 7.403388e+01 -7.763802e+02 -3.749812e+01 4.634555e-02 -6.545529e-01 -1.123226e+02
<VARIANCE> 6
 3.128982e+01 1.293270e+04 1.353773e+04 2.961554e+02 4.050157e+04 5.219723e+07
<GCONST> 6.752183e+01
<MIXTURE> 4 5.737170e-02
<MEAN> 6
 7.260360e+01 -5.814907e+02 1.618851e+02 -1.675668e+00 -4.263364e+00 -1.001430e+02
<VARIANCE> 6
 3.128982e+01 1.293270e+04 1.353773e+04 2.961554e+02 4.050157e+04 5.219723e+07
<GCONST> 6.752183e+01
<MIXTURE> 5 6.882512e-02
<MEAN> 6
 8.020202e+01 -3.738938e+02 3.356968e+02 -8.732858e-01 -8.666464e-02 -2.511425e+01
<VARIANCE> 6
 3.128982e+01 1.293270e+04 1.405704e+04 2.961554e+02 4.050157e+04 5.219723e+07
<GCONST> 6.755946e+01
<MIXTURE> 6 7.093797e-02
<MEAN> 6
 7.364256e+01 -7.967304e+02 -1.136551e+01 3.179240e-01 3.918509e-01 -1.428920e+02
<VARIANCE> 6
 3.128982e+01 1.293270e+04 1.353773e+04 2.961554e+02 4.050157e+04 5.219723e+07
<GCONST> 6.752183e+01
<MIXTURE> 7 6.319203e-02
<MEAN> 6
 7.951105e+01 -4.716726e+02 -7.688992e+01 -4.487789e+00 2.517173e+00 -6.496185e+01
<VARIANCE> 6
 3.128982e+01 1.293270e+04 1.353773e+04 2.961554e+02 4.050157e+04 5.219723e+07
<GCONST> 6.752183e+01
<MIXTURE> 8 1.254199e-01
<MEAN> 6
 7.232028e+01 -5.896501e+02 1.599764e+02 -1.579123e+00 -4.585964e+00 -1.012204e+02
<VARIANCE> 6
 3.128982e+01 1.293270e+04 1.353773e+04 2.961554e+02 4.050157e+04 5.219723e+07
<GCONST> 6.752183e+01
<MIXTURE> 9 7.559923e-02
<MEAN> 6
 7.961131e+01 -3.666688e+02 1.611993e+02 -3.475207e+00 2.869337e+00 -8.654071e+01
<VARIANCE> 6
 3.128982e+01 1.293270e+04 1.353773e+04 2.961554e+02 4.050157e+04 5.219723e+07
<GCONST> 6.752183e+01
<MIXTURE> 10 5.805506e-02
<MEAN> 6
 7.166065e+01 -9.747162e+02 1.144457e+02 7.944415e-01 6.664879e+00 6.324466e+01
<VARIANCE> 6
 3.128982e+01 1.293270e+04 1.353773e+04 2.961554e+02 4.050157e+04 5.219723e+07
<GCONST> 6.752183e+01
<MIXTURE> 11 6.793460e-02
<MEAN> 6
 7.968282e+01 -3.697043e+02 1.686537e+02 -3.346343e+00 2.571393e+00 -8.776520e+01
<VARIANCE> 6
 3.128982e+01 1.293270e+04 1.353773e+04 2.961554e+02 4.050157e+04 5.219723e+07
<GCONST> 6.752183e+01
<MIXTURE> 12 7.703448e-02
<MEAN> 6
 7.954513e+01 -3.637618e+02 1.559602e+02 -3.563757e+00 3.091511e+00 -8.500450e+01
<VARIANCE> 6
 3.128982e+01 1.293270e+04 1.353773e+04 2.961554e+02 4.050157e+04 5.219723e+07
<GCONST> 6.752183e+01
<MIXTURE> 13 7.678231e-02
<MEAN> 6
 7.404461e+01 -7.758885e+02 -3.823215e+01 3.951030e-02 -6.823896e-01 -1.113937e+02
<VARIANCE> 6
 3.128982e+01 1.293270e+04 1.353773e+04 2.961554e+02 4.050157e+04 5.219723e+07
<GCONST> 6.752183e+01
<MIXTURE> 14 6.372872e-02
<MEAN> 6
 7.912219e+01 -4.767923e+02 -7.869970e+01 -4.336648e+00 2.151187e+00 -6.898940e+01
<VARIANCE> 6
 3.128982e+01 1.293270e+04 1.353773e+04 2.961554e+02 4.050157e+04 5.219723e+07
<GCONST> 6.752183e+01
<MIXTURE> 15 5.734193e-02
<MEAN> 6
 7.219942e+01 -5.962547e+02 1.561594e+02 -1.517866e+00 -4.980698e+00 -1.059697e+02
<VARIANCE> 6
 3.128982e+01 1.293270e+04 1.353773e+04 2.961554e+02 4.050157e+04 5.219723e+07
<GCONST> 6.752183e+01
<STATE> 11
<NUMMIXES> 15
<MIXTURE> 1 6.047260e-02
<MEAN> 6
 8.129384e+01 -6.684678e+02 1.361286e+03 -4.343664e-01 -1.508312e+01 -3.300042e+02
<VARIANCE> 6
 3.128982e+01 1.293270e+04 1.353773e+04 2.961554e+02 4.050157e+04 5.219723e+07
<GCONST> 6.752183e+01
<MIXTURE> 2 3.875375e-02
<MEAN> 6
 8.035265e+01 3.323829e+02 1.005207e+03 -6.463057e+01 -1.575037e+03 -2.477666e+04
<VARIANCE> 6
 1.681600e+02 8.488144e+05 2.181286e+06 1.934183e+03 5.089543e+05 1.825570e+08
<GCONST> 8.412933e+01
<MIXTURE> 3 9.014922e-02
<MEAN> 6
 7.420325e+01 -4.422228e+02 1.121581e+03 2.063700e-01 -1.978683e+00 -5.016376e+01
<VARIANCE> 6
 3.128982e+01 1.293270e+04 1.353773e+04 2.961554e+02 4.050157e+04 5.219723e+07
<GCONST> 6.752183e+01
<MIXTURE> 4 4.838752e-02
<MEAN> 6
 7.319139e+01 -1.300274e+03 1.053320e+02 -1.082904e+00 -2.029377e+01 -4.747177e+02
<VARIANCE> 6
 3.128982e+01 1.293270e+04 1.484339e+04 2.961554e+02 4.050157e+04 5.219723e+07
<GCONST> 6.761390e+01
<MIXTURE> 5 8.163808e-02
<MEAN> 6
 7.399767e+01 -4.253772e+02 8.866484e+02 -8.725868e-01 -1.026885e+01 -8.878870e+01
<VARIANCE> 6
 3.128982e+01 1.293270e+04 1.353773e+04 2.961554e+02 4.050157e+04 5.219723e+07
<GCONST> 6.752183e+01
<MIXTURE> 6 7.178634e-02
<MEAN> 6
 7.061288e+01 -9.815901e+02 -4.068643e+02 -3.685302e-01 -6.079697e+00 -1.016450e+02
<VARIANCE> 6
 3.128982e+01 1.293270e+04 1.353773e+04 2.961554e+02 4.050157e+04 5.219723e+07
<GCONST> 6.752183e+01
<MIXTURE> 7 5.787458e-02
<MEAN> 6
 8.185725e+01 -7.337973e+02 1.579598e+03 -1.315335e-01 2.793785e-01 2.636338e+00
<VARIANCE> 6
 3.128982e+01 1.293270e+04 1.353773e+04 2.961554e+02 4.050157e+04 5.219723e+07
<GCONST> 6.752183e+01
<MIXTURE> 8 8.353067e-02
<MEAN> 6
 7.399764e+01 -4.253854e+02 8.865694e+02 -8.740605e-01 -1.028634e+01 -8.892291e+01
<VARIANCE> 6
 3.128982e+01 1.293270e+04 1.353773e+04 2.961554e+02 4.050157e+04 5.219723e+07
<GCONST> 6.752183e+01
<MIXTURE> 9 6.519682e-02
<MEAN> 6
 7.416883e+01 -1.327582e+03 -1.955788e+02 2.335327e-01 -4.532122e+00 -7.114571e+01
<VARIANCE> 6
 3.128982e+01 1.293270e+04 1.353773e+04 2.961554e+02 4.050157e+04 5.219723e+07
<GCONST> 6.752183e+01
<MIXTURE> 10 6.853022e-02
<MEAN> 6
 7.076584e+01 -1.112001e+03 -3.490029e+02 1.320357e+00 -1.562468e+01 -5.416638e+01
<VARIANCE> 6
 3.128982e+01 1.293270e+04 1.353773e+04 2.961554e+02 4.050157e+04 5.219723e+07
<GCONST> 6.752183e+01
<MIXTURE> 11 8.243733e-02
<MEAN> 6
 7.399763e+01 -4.253890e+02 8.865352e+02 -8.746991e-01 -1.029394e+01 -8.898115e+01
<VARIANCE> 6
 3.128982e+01 1.293270e+04 1.353773e+04 2.961554e+02 4.050157e+04 5.219723e+07
<GCONST> 6.752183e+01
<MIXTURE> 12 8.050121e-02
<MEAN> 6
 7.399760e+01 -4.253978e+02 8.864507e+02 -8.762760e-01 -1.031266e+01 -8.912516e+01
<VARIANCE> 6
 3.128982e+01 1.293270e+04 1.353773e+04 2.961554e+02 4.050157e+04 5.219723e+07
<GCONST> 6.752183e+01
<MIXTURE> 13 6.534997e-02
<MEAN> 6
 7.416499e+01 -1.333566e+03 -2.146754e+02 4.714242e-01 -4.122560e+00 -6.323373e+01
<VARIANCE> 6
 3.128982e+01 1.293270e+04 1.353773e+04 2.961554e+02 4.050157e+04 5.219723e+07
<GCONST> 6.752183e+01
<MIXTURE> 14 5.771408e-02
<MEAN> 6
 8.184577e+01 -7.336699e+02 1.571224e+03 -1.354305e-01 1.781329e-01 6.386113e-01
<VARIANCE> 6
 3.128982e+01 1.293270e+04 1.353773e+04 2.961554e+02 4.050157e+04 5.219723e+07
<GCONST> 6.752183e+01
<MIXTURE> 15 4.767007e-02
<MEAN> 6
 7.306904e+01 -1.318484e+03 4.216002e+01 -6.701522e-01 -9.458586e+00 -3.174108e+02
<VARIANCE> 6
 3.128982e+01 1.293270e+04 1.513788e+04 2.961554e+02 4.050157e+04 5.219723e+07
<GCONST> 6.763354e+01
<STATE> 12
<NUMMIXES> 15
<MIXTURE> 1 9.983731e-02
<MEAN> 6
 6.440200e+01 3.236602e+02 -4.368309e+02 -9.611883e+01 -9.205620e+02 -4.511249e+03
<VARIANCE> 6
 9.106444e+01 1.149082e+06 8.524918e+05 1.856876e+03 1.670612e+05 6.210805e+07
<GCONST> 8.064638e+01
<MIXTURE> 2 3.879132e-02
<MEAN> 6
 5.953368e+01 -6.986640e+02 -8.827135e+01 -2.663736e+02 -2.277690e+03 6.914509e+03
<VARIANCE> 6
 1.646361e+02 3.971664e+05 1.004719e+05 9.006372e+03 4.160768e+05 2.983432e+08
<GCONST> 8.209882e+01
<MIXTURE> 3 4.407676e-02
<MEAN> 6
 -3.094410e+01 3.327308e+02 -2.678646e+02 -4.239810e+02 1.665547e+03 5.874228e+04
<VARIANCE> 6
 2.606682e+02 2.581298e+06 1.301418e+06 4.209578e+03 1.593616e+06 4.668678e+08
<GCONST> 8.802147e+01
<MIXTURE> 4 9.223568e-02
<MEAN> 6
 4.378057e+01 4.934051e+02 6.353538e+02 -2.444667e+02 -1.199330e+03 2.276547e+03
<VARIANCE> 6
 2.896691e+02 5.705625e+05 3.312942e+06 4.195505e+03 4.844240e+05 2.139512e+08
<GCONST> 8.557748e+01
<MIXTURE> 5 5.962852e-02
<MEAN> 6
 -4.181760e+01 -2.184328e+02 1.823779e+02 2.731820e+02 1.603575e+03 -7.522825e+03
<VARIANCE> 6
 2.026856e+02 4.677255e+05 2.382239e+06 6.041804e+03 3.228063e+05 1.330973e+08
<GCONST> 8.417596e+01
<MIXTURE> 6 5.060583e-02
<MEAN> 6
 1.549553e+01 2.471981e+02 -9.651262e+02 -2.246110e+02 -2.247005e+01 6.097571e+03
<VARIANCE> 6
 7.608410e+02 5.862894e+06 4.516113e+05 3.827629e+03 8.315761e+05 1.595825e+08
<GCONST> 8.703557e+01
<MIXTURE> 7 8.683833e-02
<MEAN> 6
 -4.302271e+01 4.471205e+02 3.860192e+01 -2.279010e+02 1.894509e+03 6.701613e+02
<VARIANCE> 6
 1.802754e+02 8.856447e+05 2.811362e+06 5.940713e+03 1.534097e+06 2.923997e+08
<GCONST> 8.719167e+01
<MIXTURE> 8 1.040411e-01
<MEAN> 6
 8.814759e+00 -9.195123e+01 -1.706544e+02 -3.993878e+02 -6.555622e+02 1.251340e+04
<VARIANCE> 6
 3.335498e+02 1.116149e+06 1.394209e+06 5.292925e+03 4.712564e+05 2.882717e+08
<GCONST> 8.602699e+01
<MIXTURE> 9 3.931511e-02
<MEAN> 6
 -2.302773e+01 -1.096618e+03 -4.016795e+03 -4.296612e+01 4.490679e+02 -1.584920e+03
<VARIANCE> 6
 6.783622e+02 1.277242e+06 1.373675e+07 1.137380e+05 9.786835e+05 5.341875e+08
<GCONST> 9.357462e+01
<MIXTURE> 10 8.224051e-02
<MEAN> 6
 -6.686827e+01 -5.514481e+01 -5.015562e+02 9.758807e+01 1.135632e+03 3.148875e+03
<VARIANCE> 6
 5.044519e+01 3.582642e+05 1.071447e+06 3.025086e+03 2.002830e+05 8.680960e+07
<GCONST> 8.012311e+01
<MIXTURE> 11 6.160909e-02
<MEAN> 6
 -7.397421e+01 -1.671518e+02 -4.703094e+02 1.458480e-01 2.246298e+02 1.553272e+03
<VARIANCE> 6
 3.128982e+01 6.901348e+05 1.377780e+06 5.484558e+02 1.149638e+05 5.219723e+07
<GCONST> 7.778120e+01
<MIXTURE> 12 4.403197e-02
<MEAN> 6
 -6.135315e+01 -4.846458e+02 9.012175e+02 -4.284967e+01 5.888298e+02 2.423881e+03
<VARIANCE> 6
 5.496239e+01 8.045388e+04 9.050068e+06 5.300581e+03 4.344330e+05 1.222966e+08
<GCONST> 8.252696e+01
<MIXTURE> 13 6.441161e-02
<MEAN> 6
 -6.603220e+01 -1.122780e+01 -4.520403e+02 -9.792051e+01 2.237962e+03 -2.501592e+04
<VARIANCE> 6
 1.566926e+02 1.199329e+06 2.279148e+06 6.951390e+03 1.447499e+06 8.163134e+08
<GCONST> 8.827048e+01
<MIXTURE> 14 7.370912e-02
<MEAN> 6
 -6.939474e+01 5.621917e+02 -6.721600e+02 -1.209635e+00 6.225712e+02 -3.839083e+03
<VARIANCE> 6
 4.223258e+01 1.315359e+06 9.321676e+05 4.455191e+03 9.554120e+04 9.443007e+07
<GCONST> 8.083785e+01
<MIXTURE> 15 5.861247e-02
<MEAN> 6
 -7.601411e+01 -2.292028e+02 -1.236363e+03 -4.601052e+00 5.568500e+01 7.824281e+02
<VARIANCE> 6
 4.232688e+01 4.639541e+05 2.052104e+06 4.638632e+02 9.170009e+04 5.219723e+07
<GCONST> 7.769101e+01
<STATE> 13
<NUMMIXES> 15
<MIXTURE> 1 8.369820e-02
<MEAN> 6
 8.818400e+01 2.731587e+02 6.214721e+02 -3.022179e+00 -1.870588e+01 -1.325269e+01
<VARIANCE> 6
 1.338872e+02 3.461729e+05 4.452684e+06 2.961554e+02 4.050157e+04 5.219723e+07
<GCONST> 7.805849e+01
<MIXTURE> 2 1.568061e-02
<MEAN> 6
 -7.793465e+00 1.602650e+02 1.118926e+02 -2.136878e+01 8.931272e+01 3.758594e+03
<VARIANCE> 6
 1.155728e+04 2.008971e+05 4.078015e+05 1.924813e+06 1.051846e+09 1.546714e+12
<GCONST> 1.088227e+02
<MIXTURE> 3 5.814710e-02
<MEAN> 6
 1.998979e+01 -4.153278e+01 -1.254134e+03 -9.671774e+01 -4.091093e+02 4.656165e+03
<VARIANCE> 6
 4.669372e+03 5.027188e+05 8.846617e+06 5.786311e+04 2.767563e+06 1.962564e+09
<GCONST> 9.579620e+01
<MIXTURE> 4 5.466374e-02
<MEAN> 6
 -4.065715e+01 -8.821075e+01 2.578092e+02 1.580901e+02 8.731959e+02 -7.991586e+02
<VARIANCE> 6
 3.171152e+02 5.082459e+05 5.679650e+05 1.223807e+04 1.918394e+05 5.226343e+07
<GCONST> 8.252359e+01
<MIXTURE> 5 7.333371e-02
<MEAN> 6
 2.869019e+01 3.243512e+02 2.329004e+02 7.542469e+01 -1.747136e+02 -1.754134e+03
<VARIANCE> 6
 1.023258e+03 1.962949e+06 3.254419e+06 4.161425e+04 1.501564e+05 5.219723e+07
<GCONST> 8.776966e+01
<MIXTURE> 6 5.492223e-02
<MEAN> 6
 9.064669e+01 3.418626e+02 1.245157e+02 -8.044900e+00 -2.374308e+01 -3.318418e+02
<VARIANCE> 6
 1.170880e+02 3.994117e+05 2.808597e+04 2.961554e+02 4.050157e+04 5.219723e+07
<GCONST> 7.300148e+01
<MIXTURE> 7 6.990489e-02
<MEAN> 6
 9.113087e+01 1.216257e+02 7.227547e+01 1.654943e+01 -7.095974e+02 -1.172692e+03
<VARIANCE> 6
 1.626495e+02 8.454129e+05 3.201279e+05 1.494056e+04 1.093588e+06 6.097369e+08
<GCONST> 8.618826e+01
<MIXTURE> 8 8.712815e-02
<MEAN> 6
 -6.335871e+01 1.585381e+02 -1.919106e+01 8.593056e+00 1.418424e+02 2.684185e+02
<VARIANCE> 6
 2.503946e+02 5.348272e+05 1.138663e+06 5.096526e+02 6.692168e+04 5.219723e+07
<GCONST> 7.880091e+01
<MIXTURE> 9 1.017996e-01
<MEAN> 6
 8.143554e+00 -1.926924e+02 1.287792e+02 -6.668191e+00 3.974924e+01 -1.671779e+03
<VARIANCE> 6
 5.446325e+02 5.107109e+05 2.677576e+05 7.203389e+04 2.439502e+05 1.526516e+08
<GCONST> 8.540205e+01
<MIXTURE> 10 5.948244e-02
<MEAN> 6
 -5.038264e+01 9.170334e+00 -3.287273e+01 -1.104691e+02 1.447023e+03 8.663390e+02
<VARIANCE> 6
 2.534694e+02 2.088899e+06 6.405967e+05 2.538673e+04 8.713322e+05 6.441774e+08
<GCONST> 8.858806e+01
<MIXTURE> 11 9.368531e-02
<MEAN> 6
 7.014736e+01 -4.095715e+01 7.176754e+01 2.706509e+01 -4.911246e+02 -2.465218e+02
<VARIANCE> 6
 3.517229e+02 3.372651e+05 8.636701e+05 2.292248e+04 1.015620e+05 5.219723e+07
<GCONST> 8.262652e+01
<MIXTURE> 12 6.119994e-02
<MEAN> 6
 8.639379e+01 -2.910345e+01 5.092562e+02 -3.136518e+00 -2.527892e+01 7.169685e-01
<VARIANCE> 6
 2.794288e+02 1.808516e+06 2.247533e+06 2.961554e+02 4.050157e+04 5.219723e+07
<GCONST> 7.976389e+01
<MIXTURE> 13 6.280059e-02
<MEAN> 6
 8.176817e+01 -1.093197e+02 -1.856658e+02 -2.747780e+00 -1.287153e+01 -3.086875e+02
<VARIANCE> 6
 1.203647e+02 1.343401e+05 1.149110e+05 2.961554e+02 4.050157e+04 5.219723e+07
<GCONST> 7.334835e+01
<MIXTURE> 14 6.688181e-02
<MEAN> 6
 6.294953e+01 -6.963912e+01 -1.016057e+02 -5.301078e+01 -9.116281e+02 1.668670e+03
<VARIANCE> 6
 3.900148e+02 1.475704e+06 7.178447e+05 4.623311e+04 2.369459e+05 8.848274e+07
<GCONST> 8.609746e+01
<MIXTURE> 15 5.595835e-02
<MEAN> 6
 -4.955499e+01 -2.012055e+02 -9.475943e+01 6.060269e+01 7.110894e+02 -9.815853e+02
<VARIANCE> 6
 2.988328e+02 4.356000e+05 8.331187e+05 1.483058e+04 1.200888e+05 5.404919e+07
<GCONST> 8.245039e+01
<TRANSP> 14
 0.000000e+00 1.000000e+00 0.000000e+00 0.000000e+00 0.000000e+00 0.000000e+00 0.000000e+00 0.000000e+00 0.000000e+00 0.000000e+00 0.000000e+00 0.000000e+00 0.000000e+00 0.000000e+00
 0.000000e+00 9.999016e-01 9.841828e-05 0.000000e+00 0.000000e+00 0.000000e+00 0.000000e+00 0.000000e+00 0.000000e+00 0.000000e+00 0.000000e+00 0.000000e+00 0.000000e+00 0.000000e+00
 0.000000e+00 0.000000e+00 9.970490e-01 2.950984e-03 0.000000e+00 0.000000e+00 0.000000e+00 0.000000e+00 0.000000e+00 0.000000e+00 0.000000e+00 0.000000e+00 0.000000e+00 0.000000e+00
 0.000000e+00 0.000000e+00 0.000000e+00 9.980118e-01 1.988206e-03 0.000000e+00 0.000000e+00 0.000000e+00 0.000000e+00 0.000000e+00 0.000000e+00 0.000000e+00 0.000000e+00 0.000000e+00
 0.000000e+00 0.000000e+00 0.000000e+00 0.000000e+00 9.924093e-01 7.590679e-03 0.000000e+00 0.000000e+00 0.000000e+00 0.000000e+00 0.000000e+00 0.000000e+00 0.000000e+00 0.000000e+00
 0.000000e+00 0.000000e+00 0.000000e+00 0.000000e+00 0.000000e+00 9.971744e-01 2.825579e-03 0.000000e+00 0.000000e+00 0.000000e+00 0.000000e+00 0.000000e+00 0.000000e+00 0.000000e+00
 0.000000e+00 0.000000e+00 0.000000e+00 0.000000e+00 0.000000e+00 0.000000e+00 9.984441e-01 1.555906e-03 0.000000e+00 0.000000e+00 0.000000e+00 0.000000e+00 0.000000e+00 0.000000e+00
 0.000000e+00 0.000000e+00 0.000000e+00 0.000000e+00 0.000000e+00 0.000000e+00 0.000000e+00 9.982964e-01 1.703591e-03 0.000000e+00 0.000000e+00 0.000000e+00 0.000000e+00 0.000000e+00
 0.000000e+00 0.000000e+00 0.000000e+00 0.000000e+00 0.000000e+00 0.000000e+00 0.000000e+00 0.000000e+00 9.984742e-01 1.525699e-03 0.000000e+00 0.000000e+00 0.000000e+00 0.000000e+00
 0.000000e+00 0.000000e+00 0.000000e+00 0.000000e+00 0.000000e+00 0.000000e+00 0.000000e+00 0.000000e+00 0.000000e+00 9.975256e-01 2.474426e-03 0.000000e+00 0.000000e+00 0.000000e+00
 0.000000e+00 0.000000e+00 0.000000e+00 0.000000e+00 0.000000e+00 0.000000e+00 0.000000e+00 0.000000e+00 0.000000e+00 0.000000e+00 9.969946e-01 3.005454e-03 0.000000e+00 0.000000e+00
 0.000000e+00 0.000000e+00 0.000000e+00 0.000000e+00 0.000000e+00 0.000000e+00 0.000000e+00 0.000000e+00 0.000000e+00 0.000000e+00 0.000000e+00 9.975407e-01 2.459340e-03 0.000000e+00
 0.000000e+00 0.000000e+00 0.000000e+00 0.000000e+00 0.000000e+00 0.000000e+00 0.000000e+00 0.000000e+00 0.000000e+00 0.000000e+00 0.000000e+00 0.000000e+00 9.999249e-01 7.510831e-05
 0.000000e+00 0.000000e+00 0.000000e+00 0.000000e+00 0.000000e+00 0.000000e+00 0.000000e+00 0.000000e+00 0.000000e+00 0.000000e+00 0.000000e+00 0.000000e+00 0.000000e+00 0.000000e+00
<ENDHMM>
