~o
<STREAMINFO> 1 6
<VECSIZE> 6<NULLD><USER><DIAGC>
~h "SegundoPRIMARIA"
<BEGINHMM>
<NUMSTATES> 15
<STATE> 2
<NUMMIXES> 15
<MIXTURE> 1 5.114028e-02
<MEAN> 6
 -1.145793e+01 3.771263e-01 7.151062e+00 2.593737e+02 5.946438e+02 -7.450837e+03
<VARIANCE> 6
 2.004675e+02 1.858202e+05 6.194189e+04 8.283299e+03 2.148857e+05 8.071622e+07
<GCONST> 7.900071e+01
<MIXTURE> 2 3.598914e-02
<MEAN> 6
 1.015945e+02 9.432136e+00 1.912761e+01 7.468861e+01 -1.655251e+03 -8.124353e+02
<VARIANCE> 6
 9.752421e+02 7.560124e+05 2.803560e+05 5.420023e+04 6.056247e+06 4.962544e+09
<GCONST> 9.283180e+01
<MIXTURE> 3 5.759929e-02
<MEAN> 6
 8.865003e+01 1.550522e+02 6.451331e+01 -1.576167e+00 -2.738983e+01 -3.471138e+02
<VARIANCE> 6
 9.962889e+01 2.919771e+05 1.062926e+05 3.005907e+02 4.044402e+04 5.187610e+07
<GCONST> 7.386489e+01
<MIXTURE> 4 1.016642e-01
<MEAN> 6
 4.004123e+01 5.097260e+01 1.579877e+01 2.574481e+02 -2.019349e+02 -2.477255e+03
<VARIANCE> 6
 5.447976e+02 1.028268e+05 7.342477e+04 7.574240e+03 2.537018e+05 8.576281e+07
<GCONST> 7.971602e+01
<MIXTURE> 5 7.707729e-02
<MEAN> 6
 -4.584657e+01 -4.870148e+01 -9.030236e+00 -1.013974e+02 1.782015e+03 8.317802e+01
<VARIANCE> 6
 4.420613e+02 2.189256e+05 2.209514e+05 4.824486e+04 1.264568e+06 1.107426e+09
<GCONST> 8.738049e+01
<MIXTURE> 6 8.359723e-02
<MEAN> 6
 9.565890e+01 -3.484761e+01 6.854824e+01 3.291532e+01 -9.207287e+02 -2.480495e+03
<VARIANCE> 6
 3.488445e+02 1.802073e+05 1.125575e+05 2.507367e+04 1.126040e+06 5.042625e+08
<GCONST> 8.471737e+01
<MIXTURE> 7 1.001276e-01
<MEAN> 6
 6.946008e+01 -9.607381e+01 -1.917784e+02 5.951325e-01 -3.638996e+00 -1.015898e+02
<VARIANCE> 6
 5.939881e+01 1.040716e+05 1.154934e+05 3.005907e+02 4.044402e+04 5.187610e+07
<GCONST> 7.239913e+01
<MIXTURE> 8 5.375267e-02
<MEAN> 6
 -4.002787e+01 1.210961e+02 4.616220e+01 5.744127e+01 9.588138e+02 1.453568e+03
<VARIANCE> 6
 2.249218e+02 6.964705e+04 5.142683e+04 2.074686e+04 2.667219e+05 7.096048e+07
<GCONST> 7.895387e+01
<MIXTURE> 9 8.573130e-02
<MEAN> 6
 1.798650e+01 1.224673e+00 5.538395e+01 -3.256035e+02 -2.097326e+02 1.119362e+04
<VARIANCE> 6
 6.859903e+02 7.877974e+04 9.106814e+04 9.517334e+03 9.644476e+05 3.743162e+08
<GCONST> 8.293269e+01
<MIXTURE> 10 4.637528e-02
<MEAN> 6
 4.935850e+01 -6.782920e+01 2.989323e+02 -6.570377e+01 -3.643151e+02 -3.775808e+02
<VARIANCE> 6
 1.482610e+03 1.687414e+05 9.832716e+05 4.933070e+04 5.956721e+05 1.150709e+08
<GCONST> 8.682839e+01
<MIXTURE> 11 7.456587e-02
<MEAN> 6
 -5.676308e+01 2.038004e+01 -3.233881e+01 1.478711e+01 3.301106e+02 3.943506e+02
<VARIANCE> 6
 2.308241e+02 1.010854e+05 1.347956e+05 1.678903e+03 1.219810e+05 5.187610e+07
<GCONST> 7.670604e+01
<MIXTURE> 12 6.229976e-02
<MEAN> 6
 9.036771e+01 4.033966e+01 6.100927e+01 2.035224e-01 -6.285565e+02 -2.024826e+02
<VARIANCE> 6
 1.904126e+02 5.515321e+04 5.081205e+04 1.508408e+04 1.459574e+05 5.187610e+07
<GCONST> 7.730704e+01
<MIXTURE> 13 6.043290e-02
<MEAN> 6
 9.282165e+01 -1.840824e+02 -9.018884e+01 -4.678927e+00 -2.704114e+01 -4.096753e+02
<VARIANCE> 6
 1.933704e+02 1.219243e+05 1.720812e+05 3.005907e+02 4.044402e+04 5.187610e+07
<GCONST> 7.413654e+01
<MIXTURE> 14 5.472013e-02
<MEAN> 6
 7.642048e+01 -4.251583e+01 -2.160371e+01 -1.708598e+02 -9.450715e+02 -1.719189e+03
<VARIANCE> 6
 3.459109e+02 9.922399e+04 5.014557e+04 1.046182e+04 2.757103e+05 6.472440e+07
<GCONST> 7.896951e+01
<MIXTURE> 15 5.425838e-02
<MEAN> 6
 -4.510564e+01 1.923812e+01 -3.009748e+01 4.758140e+00 8.096088e+02 -1.520239e+03
<VARIANCE> 6
 2.576188e+02 7.312962e+04 4.872104e+04 1.877609e+04 2.503046e+05 7.605469e+07
<GCONST> 7.899033e+01
<STATE> 3
<NUMMIXES> 15
<MIXTURE> 1 4.588553e-02
<MEAN> 6
 9.531338e+01 4.540781e+02 -1.911374e+02 3.943619e+01 -1.507180e+02 -2.749641e+03
<VARIANCE> 6
 4.963696e+01 1.356896e+05 1.445127e+04 3.005907e+02 1.730278e+05 1.394535e+08
<GCONST> 7.284886e+01
<MIXTURE> 2 8.718644e-02
<MEAN> 6
 1.101203e+02 1.266621e+01 -1.504126e+02 -1.801849e+01 -2.508460e+02 2.016569e+04
<VARIANCE> 6
 2.044537e+02 6.361621e+05 1.786110e+05 2.293253e+03 1.519107e+06 1.274423e+09
<GCONST> 8.474090e+01
<MIXTURE> 3 5.351530e-02
<MEAN> 6
 1.054516e+02 -5.329890e+00 -2.564317e+02 -1.533255e+00 -1.753918e+01 6.578284e+01
<VARIANCE> 6
 3.175529e+01 1.324029e+04 1.445127e+04 3.005907e+02 4.044402e+04 5.187610e+07
<GCONST> 6.763267e+01
<MIXTURE> 4 7.198072e-02
<MEAN> 6
 9.687850e+01 -3.950616e+02 -5.371536e+02 1.792815e+00 -7.841355e-01 -1.372462e+02
<VARIANCE> 6
 3.175529e+01 1.324029e+04 1.445127e+04 3.005907e+02 4.044402e+04 5.187610e+07
<GCONST> 6.763267e+01
<MIXTURE> 5 5.452380e-02
<MEAN> 6
 9.361456e+01 2.042533e+02 -2.701281e+02 1.227034e+00 8.229412e+00 -1.649697e+02
<VARIANCE> 6
 3.175529e+01 1.324029e+04 1.751753e+04 3.005907e+02 4.044402e+04 5.187610e+07
<GCONST> 6.782509e+01
<MIXTURE> 6 6.097439e-02
<MEAN> 6
 9.734784e+01 2.949212e+01 -4.668024e+02 -5.882133e-01 -3.152261e+00 -1.232006e+02
<VARIANCE> 6
 3.175529e+01 1.324029e+04 1.445127e+04 3.005907e+02 4.044402e+04 5.187610e+07
<GCONST> 6.763267e+01
<MIXTURE> 7 9.898811e-02
<MEAN> 6
 9.182769e+01 2.742625e+02 -4.675379e+02 -1.049404e+00 2.100126e+01 3.441132e+01
<VARIANCE> 6
 3.175529e+01 1.324029e+04 1.445127e+04 3.005907e+02 4.044402e+04 5.187610e+07
<GCONST> 6.763267e+01
<MIXTURE> 8 5.269131e-02
<MEAN> 6
 9.493054e+01 1.777361e+02 -1.292845e+02 -3.549432e+00 6.602567e+01 1.114139e+03
<VARIANCE> 6
 3.175529e+01 1.324029e+04 1.445127e+04 3.005907e+02 4.044402e+04 5.187610e+07
<GCONST> 6.763267e+01
<MIXTURE> 9 8.902515e-02
<MEAN> 6
 9.545081e+01 2.562162e+02 -6.266256e+02 -2.743659e+00 9.121861e-01 4.983944e+01
<VARIANCE> 6
 3.175529e+01 1.324029e+04 1.445127e+04 3.005907e+02 4.044402e+04 5.187610e+07
<GCONST> 6.763267e+01
<MIXTURE> 10 5.586278e-02
<MEAN> 6
 9.361181e+01 2.159001e+02 -3.287784e+02 2.028380e+00 2.227706e+00 -2.372721e+02
<VARIANCE> 6
 3.175529e+01 1.324029e+04 1.954021e+04 3.005907e+02 4.044402e+04 5.187610e+07
<GCONST> 6.793436e+01
<MIXTURE> 11 6.986400e-02
<MEAN> 6
 9.666603e+01 -4.081089e+02 -5.400082e+02 2.938087e+00 3.929570e-01 -2.140474e+02
<VARIANCE> 6
 3.175529e+01 1.324029e+04 1.445127e+04 3.005907e+02 4.044402e+04 5.187610e+07
<GCONST> 6.763267e+01
<MIXTURE> 12 9.238002e-02
<MEAN> 6
 9.895856e+01 5.169088e+02 -2.091086e+02 -3.225755e+00 -5.138908e+01 8.640465e+02
<VARIANCE> 6
 3.175529e+01 1.469031e+04 1.445127e+04 3.047239e+02 4.044402e+04 5.187610e+07
<GCONST> 6.775025e+01
<MIXTURE> 13 6.113042e-02
<MEAN> 6
 9.736015e+01 2.665984e+01 -4.696473e+02 -6.690339e-01 -2.960307e+00 -1.138403e+02
<VARIANCE> 6
 3.175529e+01 1.324029e+04 1.445127e+04 3.005907e+02 4.044402e+04 5.187610e+07
<GCONST> 6.763267e+01
<MIXTURE> 14 5.311096e-02
<MEAN> 6
 1.051214e+02 -1.070544e+00 -2.751169e+02 -1.573688e+00 -1.456817e+01 1.082175e+02
<VARIANCE> 6
 3.175529e+01 1.324029e+04 1.445127e+04 3.005907e+02 4.044402e+04 5.187610e+07
<GCONST> 6.763267e+01
<MIXTURE> 15 5.284280e-02
<MEAN> 6
 9.380621e+01 1.368404e+02 -1.767157e+02 -5.609962e+00 6.219586e+00 5.323444e+02
<VARIANCE> 6
 3.175529e+01 1.324029e+04 1.445127e+04 3.005907e+02 4.044402e+04 5.187610e+07
<GCONST> 6.763267e+01
<STATE> 4
<NUMMIXES> 15
<MIXTURE> 1 2.932330e-03
<MEAN> 6
 9.215926e+01 -3.463187e+02 -8.889344e+01 4.357420e+00 -1.058671e+02 2.759587e+03
<VARIANCE> 6
 5.482373e+02 1.588110e+06 8.868902e+05 7.959184e+02 2.037324e+05 1.988105e+08
<GCONST> 8.331943e+01
<MIXTURE> 2 6.934188e-02
<MEAN> 6
 9.264648e+01 1.020533e+03 1.182385e+03 -3.877715e+00 2.015404e-01 9.994482e+01
<VARIANCE> 6
 3.175529e+01 2.216034e+04 1.445127e+04 3.005907e+02 4.044402e+04 5.187610e+07
<GCONST> 6.814771e+01
<MIXTURE> 3 5.217813e-02
<MEAN> 6
 9.723452e+01 8.011258e+02 3.379196e+02 -4.871202e+00 -2.220459e-01 2.432141e+01
<VARIANCE> 6
 4.901818e+01 1.324029e+04 1.445127e+04 3.005907e+02 4.044402e+04 5.187610e+07
<GCONST> 6.806680e+01
<MIXTURE> 4 7.078139e-02
<MEAN> 6
 9.225614e+01 7.256142e+02 -6.175061e+01 -8.597595e-01 -2.845839e+00 1.259253e+02
<VARIANCE> 6
 3.175529e+01 1.324029e+04 1.445127e+04 3.005907e+02 4.044402e+04 5.187610e+07
<GCONST> 6.763267e+01
<MIXTURE> 5 1.021120e-01
<MEAN> 6
 7.907545e+01 1.513871e+03 4.546274e+02 -1.578553e+00 -7.359768e+00 -2.314173e+02
<VARIANCE> 6
 3.175529e+01 1.324029e+04 1.445127e+04 3.005907e+02 4.044402e+04 5.187610e+07
<GCONST> 6.763267e+01
<MIXTURE> 6 8.733477e-02
<MEAN> 6
 1.030423e+02 1.089216e+03 -4.336229e+02 -2.469489e+00 7.062785e-02 9.755235e+01
<VARIANCE> 6
 3.175529e+01 1.324029e+04 1.490049e+04 3.005907e+02 4.044402e+04 5.187610e+07
<GCONST> 6.766328e+01
<MIXTURE> 7 3.794285e-02
<MEAN> 6
 9.010567e+01 1.024439e+03 1.496444e+02 -7.752333e-01 8.348085e+00 -1.727682e+02
<VARIANCE> 6
 3.175529e+01 3.706025e+04 1.445127e+04 3.005907e+02 4.044402e+04 5.187610e+07
<GCONST> 6.866195e+01
<MIXTURE> 8 7.253504e-02
<MEAN> 6
 9.762231e+01 1.655886e+03 -2.357909e+02 -3.636006e+00 5.841427e+00 -5.204405e+01
<VARIANCE> 6
 3.175529e+01 1.278797e+05 1.445127e+04 3.005907e+02 4.044402e+04 5.187610e+07
<GCONST> 6.990050e+01
<MIXTURE> 9 5.192120e-02
<MEAN> 6
 8.211147e+01 1.152918e+03 4.570088e+02 -2.584754e+00 2.990239e+00 2.491604e+01
<VARIANCE> 6
 3.175529e+01 1.984178e+04 1.445127e+04 3.005907e+02 4.044402e+04 5.187610e+07
<GCONST> 6.803719e+01
<MIXTURE> 10 6.885522e-02
<MEAN> 6
 8.338583e+01 6.403364e+02 1.060137e+03 -5.818841e+00 1.703721e+00 -8.862017e-01
<VARIANCE> 6
 3.175529e+01 1.324029e+04 1.445127e+04 3.005907e+02 4.044402e+04 5.187610e+07
<GCONST> 6.763267e+01
<MIXTURE> 11 5.737863e-02
<MEAN> 6
 1.090042e+02 8.020854e+02 -3.108111e+02 -7.126707e+00 -6.071983e+01 1.510807e+02
<VARIANCE> 6
 3.175529e+01 4.053979e+04 1.445127e+04 3.005907e+02 4.695586e+04 5.187610e+07
<GCONST> 6.890098e+01
<MIXTURE> 12 9.562799e-02
<MEAN> 6
 9.899335e+01 1.499805e+03 -2.432561e+02 -5.235554e+00 8.979938e+00 1.554668e+01
<VARIANCE> 6
 3.175529e+01 3.012705e+04 1.445127e+04 3.005907e+02 4.044402e+04 5.187610e+07
<GCONST> 6.845483e+01
<MIXTURE> 13 1.020491e-01
<MEAN> 6
 8.989473e+01 8.707047e+02 2.128196e+02 -2.256626e+00 1.658708e+00 3.664696e-02
<VARIANCE> 6
 3.175529e+01 1.324029e+04 1.445127e+04 3.005907e+02 4.044402e+04 5.187610e+07
<GCONST> 6.763267e+01
<MIXTURE> 14 7.685740e-02
<MEAN> 6
 7.631425e+01 4.486813e+02 9.007366e+02 -3.150994e+00 -2.974085e-01 3.775499e+01
<VARIANCE> 6
 3.175529e+01 1.324029e+04 1.445127e+04 3.005907e+02 4.044402e+04 5.187610e+07
<GCONST> 6.763267e+01
<MIXTURE> 15 5.213430e-02
<MEAN> 6
 9.400784e+01 7.629050e+02 3.289773e+02 -4.168520e+00 -4.163750e+00 -5.533704e+01
<VARIANCE> 6
 4.775827e+01 1.484089e+04 1.445127e+04 3.005907e+02 4.044402e+04 5.187610e+07
<GCONST> 6.815488e+01
<STATE> 5
<NUMMIXES> 15
<MIXTURE> 1 6.951591e-02
<MEAN> 6
 1.063607e+02 -3.351311e+02 2.064096e+02 -7.759071e+00 -1.468033e+01 4.565057e+02
<VARIANCE> 6
 3.175529e+01 1.324029e+04 1.445127e+04 3.005907e+02 4.044402e+04 5.187610e+07
<GCONST> 6.763267e+01
<MIXTURE> 2 5.401999e-02
<MEAN> 6
 1.263294e+02 1.967066e+02 2.395040e+02 -3.882460e+00 8.737183e-01 5.774767e+02
<VARIANCE> 6
 3.175529e+01 1.425226e+04 1.445127e+04 3.005907e+02 4.044402e+04 5.187610e+07
<GCONST> 6.770632e+01
<MIXTURE> 3 5.523849e-02
<MEAN> 6
 1.154795e+02 -6.128856e+02 2.228658e+02 -5.358580e+00 -5.109725e+01 -2.778105e+02
<VARIANCE> 6
 3.175529e+01 1.604375e+04 2.154525e+04 3.005907e+02 4.959968e+04 5.187610e+07
<GCONST> 6.842817e+01
<MIXTURE> 4 9.713855e-02
<MEAN> 6
 1.095559e+02 -3.971942e+00 3.776131e+02 -2.037794e-01 -1.542974e+01 -5.221540e+01
<VARIANCE> 6
 3.175529e+01 2.406463e+04 1.445127e+04 3.005907e+02 4.044402e+04 5.187610e+07
<GCONST> 6.823015e+01
<MIXTURE> 5 1.065557e-02
<MEAN> 6
 1.102738e+02 -6.331638e+02 -2.603022e+02 -1.064803e+01 3.520260e+02 -1.183725e+04
<VARIANCE> 6
 4.144533e+02 7.757179e+05 4.463157e+05 3.200057e+02 2.170260e+05 1.702854e+08
<GCONST> 8.063364e+01
<MIXTURE> 6 7.159524e-02
<MEAN> 6
 1.101263e+02 -3.187015e+01 2.773985e+02 -3.271026e+00 -4.689076e+00 1.159058e+02
<VARIANCE> 6
 3.175529e+01 1.324029e+04 1.445127e+04 3.005907e+02 4.044402e+04 5.187610e+07
<GCONST> 6.763267e+01
<MIXTURE> 7 8.277706e-02
<MEAN> 6
 1.100249e+02 -3.039213e+01 2.859890e+02 -3.055274e+00 -4.961099e+00 1.104442e+02
<VARIANCE> 6
 3.175529e+01 1.324029e+04 1.445127e+04 3.005907e+02 4.044402e+04 5.187610e+07
<GCONST> 6.763267e+01
<MIXTURE> 8 5.470530e-02
<MEAN> 6
 1.057310e+02 -7.756225e+01 3.065262e+01 -5.899615e+00 -7.250175e+00 2.568796e+02
<VARIANCE> 6
 3.175529e+01 1.324029e+04 1.445127e+04 3.005907e+02 4.044402e+04 5.187610e+07
<GCONST> 6.763267e+01
<MIXTURE> 9 1.064010e-01
<MEAN> 6
 1.038137e+02 -3.329088e+02 1.564587e+02 -5.535774e+00 -7.321492e+00 2.049466e+02
<VARIANCE> 6
 3.175529e+01 1.324029e+04 1.445127e+04 3.005907e+02 4.044402e+04 5.187610e+07
<GCONST> 6.763267e+01
<MIXTURE> 10 5.841623e-02
<MEAN> 6
 1.233345e+02 -1.124514e+03 6.329416e+01 -9.395194e+00 1.525487e+01 4.613193e+02
<VARIANCE> 6
 3.175529e+01 3.208968e+04 1.445127e+04 3.005907e+02 4.044402e+04 5.187610e+07
<GCONST> 6.851794e+01
<MIXTURE> 11 8.576164e-02
<MEAN> 6
 1.101911e+02 -3.306776e+01 2.722560e+02 -3.392158e+00 -4.533372e+00 1.185985e+02
<VARIANCE> 6
 3.175529e+01 1.324029e+04 1.445127e+04 3.005907e+02 4.044402e+04 5.187610e+07
<GCONST> 6.763267e+01
<MIXTURE> 12 7.055615e-02
<MEAN> 6
 1.103585e+02 -3.439539e+01 2.615787e+02 -3.663455e+00 -4.047695e+00 1.282496e+02
<VARIANCE> 6
 3.175529e+01 1.324029e+04 1.445127e+04 3.005907e+02 4.044402e+04 5.187610e+07
<GCONST> 6.763267e+01
<MIXTURE> 13 7.431223e-02
<MEAN> 6
 1.132924e+02 -6.225559e+02 5.524741e+01 -2.669056e+00 -1.115989e+01 -2.589953e+02
<VARIANCE> 6
 3.175529e+01 1.324029e+04 1.445127e+04 3.005907e+02 4.044402e+04 5.187610e+07
<GCONST> 6.763267e+01
<MIXTURE> 14 5.455662e-02
<MEAN> 6
 1.049026e+02 -1.024737e+02 7.083406e+00 -7.674226e+00 -5.622086e+00 4.180600e+02
<VARIANCE> 6
 3.175529e+01 1.324029e+04 1.445127e+04 3.005907e+02 4.044402e+04 5.187610e+07
<GCONST> 6.763267e+01
<MIXTURE> 15 5.432695e-02
<MEAN> 6
 1.258851e+02 1.556389e+02 2.219572e+02 -6.687325e+00 -3.389298e+01 1.858407e+02
<VARIANCE> 6
 3.175529e+01 1.635075e+04 1.445127e+04 3.005907e+02 4.044402e+04 5.187610e+07
<GCONST> 6.784368e+01
<STATE> 6
<NUMMIXES> 15
<MIXTURE> 1 1.059318e-01
<MEAN> 6
 7.314279e+01 1.647017e+02 -2.600110e+02 -2.629663e-01 -2.687323e+00 1.234764e+01
<VARIANCE> 6
 3.175529e+01 1.324029e+04 1.445127e+04 3.005907e+02 4.044402e+04 5.187610e+07
<GCONST> 6.763267e+01
<MIXTURE> 2 6.044839e-03
<MEAN> 6
 7.573914e+01 -1.339821e+00 -1.966320e+03 5.175983e+01 -4.007925e+02 1.066727e+03
<VARIANCE> 6
 1.988455e+02 5.726680e+05 1.478465e+06 2.630962e+03 7.665453e+04 5.187610e+07
<GCONST> 8.067090e+01
<MIXTURE> 3 4.560239e-02
<MEAN> 6
 7.553159e+01 -2.996013e+02 -5.351786e+02 3.677756e+00 -1.326691e+01 -2.197992e+02
<VARIANCE> 6
 3.175529e+01 1.365972e+04 1.832673e+04 3.005907e+02 4.044402e+04 5.187610e+07
<GCONST> 6.790144e+01
<MIXTURE> 4 7.895813e-02
<MEAN> 6
 7.561741e+01 1.777586e+02 -1.370326e+03 1.998264e+00 1.554300e+01 -7.212507e+01
<VARIANCE> 6
 3.175529e+01 1.324029e+04 1.445127e+04 3.005907e+02 4.044402e+04 5.187610e+07
<GCONST> 6.763267e+01
<MIXTURE> 5 9.323994e-02
<MEAN> 6
 7.617306e+01 4.347990e+02 -2.101728e+03 2.071042e+00 -5.182344e+00 -9.861160e+01
<VARIANCE> 6
 3.175529e+01 1.324029e+04 1.445127e+04 3.005907e+02 4.044402e+04 5.187610e+07
<GCONST> 6.763267e+01
<MIXTURE> 6 5.949128e-02
<MEAN> 6
 7.230193e+01 -4.149321e+02 -7.511168e+02 -6.519220e-01 1.328243e+00 8.726880e+01
<VARIANCE> 6
 3.175529e+01 1.324029e+04 1.445127e+04 3.005907e+02 4.044402e+04 5.187610e+07
<GCONST> 6.763267e+01
<MIXTURE> 7 9.529279e-02
<MEAN> 6
 6.880341e+01 2.967707e+01 -8.104983e+02 1.294754e-01 -7.082436e+00 -2.368465e+02
<VARIANCE> 6
 3.175529e+01 1.324029e+04 1.979458e+04 3.005907e+02 4.044402e+04 5.187610e+07
<GCONST> 6.794730e+01
<MIXTURE> 8 6.143937e-02
<MEAN> 6
 8.174628e+01 1.921831e+02 -2.375528e+03 6.427845e-01 -4.955458e+00 3.663430e+01
<VARIANCE> 6
 3.175529e+01 1.324029e+04 1.445127e+04 3.005907e+02 4.044402e+04 5.187610e+07
<GCONST> 6.763267e+01
<MIXTURE> 9 5.671330e-02
<MEAN> 6
 7.411383e+01 9.131851e+01 -3.841625e+02 -1.492085e+00 -3.398559e+00 1.612347e+02
<VARIANCE> 6
 3.175529e+01 1.324029e+04 1.445127e+04 3.005907e+02 4.044402e+04 5.187610e+07
<GCONST> 6.763267e+01
<MIXTURE> 10 1.127492e-01
<MEAN> 6
 7.082172e+01 2.325521e+01 -1.019545e+03 -2.044736e+00 7.637414e-01 -1.515148e+01
<VARIANCE> 6
 3.175529e+01 1.324029e+04 1.445127e+04 3.005907e+02 4.044402e+04 5.187610e+07
<GCONST> 6.763267e+01
<MIXTURE> 11 3.885462e-02
<MEAN> 6
 7.507355e+01 3.564297e+01 -1.812824e+03 -6.725848e-01 1.153253e+01 -1.251316e+02
<VARIANCE> 6
 3.175529e+01 1.324029e+04 2.870027e+04 3.005907e+02 4.044402e+04 5.187610e+07
<GCONST> 6.831879e+01
<MIXTURE> 12 6.875098e-02
<MEAN> 6
 7.627721e+01 -2.823573e+02 -1.021046e+03 -7.552500e-01 1.241733e+00 -6.973706e+01
<VARIANCE> 6
 3.175529e+01 1.324029e+04 1.445127e+04 3.005907e+02 4.044402e+04 5.187610e+07
<GCONST> 6.763267e+01
<MIXTURE> 13 6.153101e-02
<MEAN> 6
 8.122318e+01 7.821467e+01 -2.231556e+03 -7.497039e-01 -1.532127e+01 -9.745052e+01
<VARIANCE> 6
 3.175529e+01 1.324029e+04 1.729025e+04 3.005907e+02 4.044402e+04 5.187610e+07
<GCONST> 6.781203e+01
<MIXTURE> 14 5.591309e-02
<MEAN> 6
 7.352003e+01 7.472992e+01 -4.352944e+02 -4.833457e-01 -6.160316e+00 9.510040e+01
<VARIANCE> 6
 3.175529e+01 1.324029e+04 1.445127e+04 3.005907e+02 4.044402e+04 5.187610e+07
<GCONST> 6.763267e+01
<MIXTURE> 15 5.945386e-02
<MEAN> 6
 7.195713e+01 -4.494638e+02 -7.847704e+02 -1.284677e+00 -1.480170e+01 -1.243566e+02
<VARIANCE> 6
 3.175529e+01 1.324029e+04 1.445127e+04 3.005907e+02 4.044402e+04 5.187610e+07
<GCONST> 6.763267e+01
<STATE> 7
<NUMMIXES> 15
<MIXTURE> 1 7.676051e-02
<MEAN> 6
 1.355102e+02 1.552173e+03 3.187786e+02 -1.051854e+01 -1.546629e+02 1.041261e+03
<VARIANCE> 6
 3.392666e+01 1.605928e+05 2.622487e+04 3.005907e+02 6.970723e+04 7.781602e+07
<GCONST> 7.174022e+01
<MIXTURE> 2 5.547285e-02
<MEAN> 6
 7.972071e+01 8.343552e+02 -8.406376e+02 3.914642e+00 -9.135056e+00 -5.362897e+02
<VARIANCE> 6
 3.175529e+01 5.300885e+04 1.445127e+04 3.005907e+02 4.044402e+04 5.187610e+07
<GCONST> 6.901987e+01
<MIXTURE> 3 5.501263e-02
<MEAN> 6
 7.286193e+01 1.302537e+03 -1.085182e+03 -2.783959e-01 -3.928456e+00 -9.952757e+01
<VARIANCE> 6
 3.175529e+01 1.324029e+04 1.445127e+04 3.005907e+02 4.044402e+04 5.187610e+07
<GCONST> 6.763267e+01
<MIXTURE> 4 1.123975e-01
<MEAN> 6
 7.284353e+01 1.302922e+03 -1.085611e+03 -2.699160e-01 -3.864714e+00 -9.941605e+01
<VARIANCE> 6
 3.175529e+01 1.324029e+04 1.445127e+04 3.005907e+02 4.044402e+04 5.187610e+07
<GCONST> 6.763267e+01
<MIXTURE> 5 5.503874e-02
<MEAN> 6
 7.284470e+01 1.302898e+03 -1.085584e+03 -2.704583e-01 -3.868724e+00 -9.942245e+01
<VARIANCE> 6
 3.175529e+01 1.324029e+04 1.445127e+04 3.005907e+02 4.044402e+04 5.187610e+07
<GCONST> 6.763267e+01
<MIXTURE> 6 1.186913e-01
<MEAN> 6
 7.284353e+01 1.302922e+03 -1.085611e+03 -2.699167e-01 -3.864722e+00 -9.941605e+01
<VARIANCE> 6
 3.175529e+01 1.324029e+04 1.445127e+04 3.005907e+02 4.044402e+04 5.187610e+07
<GCONST> 6.763267e+01
<MIXTURE> 7 5.488505e-02
<MEAN> 6
 7.291434e+01 1.301437e+03 -1.083961e+03 -3.025343e-01 -4.107644e+00 -9.981059e+01
<VARIANCE> 6
 3.175529e+01 1.324029e+04 1.445127e+04 3.005907e+02 4.044402e+04 5.187610e+07
<GCONST> 6.763267e+01
<MIXTURE> 8 5.489565e-02
<MEAN> 6
 7.317477e+01 1.303831e+03 -1.074977e+03 -4.211307e-02 -1.086426e-02 -4.776404e+01
<VARIANCE> 6
 3.175529e+01 1.324029e+04 1.445127e+04 3.005907e+02 4.044402e+04 5.187610e+07
<GCONST> 6.763267e+01
<MIXTURE> 9 8.305063e-03
<MEAN> 6
 8.918428e+01 -1.517953e+02 -5.637714e+00 -2.584923e+00 -1.355869e+02 -1.066053e+03
<VARIANCE> 6
 3.436648e+02 1.557591e+06 6.242433e+05 3.484801e+02 9.900959e+04 8.699186e+07
<GCONST> 8.010775e+01
<MIXTURE> 10 7.755770e-02
<MEAN> 6
 1.307948e+02 1.144541e+03 1.661920e+02 -9.254801e+00 1.332100e+02 -8.016808e+02
<VARIANCE> 6
 5.849210e+01 1.332146e+05 1.449549e+04 3.040428e+03 3.776575e+05 1.931979e+08
<GCONST> 7.641818e+01
<MIXTURE> 11 5.511995e-02
<MEAN> 6
 7.284287e+01 1.302936e+03 -1.085626e+03 -2.696131e-01 -3.862386e+00 -9.941069e+01
<VARIANCE> 6
 3.175529e+01 1.324029e+04 1.445127e+04 3.005907e+02 4.044402e+04 5.187610e+07
<GCONST> 6.763267e+01
<MIXTURE> 12 1.108268e-01
<MEAN> 6
 1.321800e+02 1.003128e+03 1.645999e+02 -5.098946e+00 -3.246104e+01 6.563134e+02
<VARIANCE> 6
 3.175529e+01 2.259165e+04 1.445127e+04 3.005907e+02 4.044402e+04 5.187610e+07
<GCONST> 6.816698e+01
<MIXTURE> 13 5.509672e-02
<MEAN> 6
 7.283324e+01 1.303137e+03 -1.085851e+03 -2.651694e-01 -3.828755e+00 -9.934915e+01
<VARIANCE> 6
 3.175529e+01 1.324029e+04 1.445127e+04 3.005907e+02 4.044402e+04 5.187610e+07
<GCONST> 6.763267e+01
<MIXTURE> 14 5.495456e-02
<MEAN> 6
 7.280127e+01 1.303803e+03 -1.086598e+03 -2.504558e-01 -3.716570e+00 -9.912936e+01
<VARIANCE> 6
 3.175529e+01 1.324029e+04 1.445127e+04 3.005907e+02 4.044402e+04 5.187610e+07
<GCONST> 6.763267e+01
<MIXTURE> 15 5.498020e-02
<MEAN> 6
 7.255695e+01 1.300701e+03 -1.095016e+03 -6.587396e-01 -1.130949e+01 -2.894865e+02
<VARIANCE> 6
 3.175529e+01 1.324029e+04 1.445127e+04 3.005907e+02 4.044402e+04 5.187610e+07
<GCONST> 6.763267e+01
<STATE> 8
<NUMMIXES> 15
<MIXTURE> 1 5.519030e-02
<MEAN> 6
 9.453139e+01 -3.546853e+02 7.270178e+02 -1.323885e+01 1.074807e+01 1.493396e+02
<VARIANCE> 6
 8.282219e+01 1.324029e+04 1.445127e+04 3.005907e+02 4.044402e+04 5.187610e+07
<GCONST> 6.859131e+01
<MIXTURE> 2 8.331452e-02
<MEAN> 6
 9.778151e+01 -6.275645e+02 5.742825e+02 -7.202502e-01 -6.495147e-01 -2.525635e+02
<VARIANCE> 6
 3.175529e+01 1.324029e+04 1.445127e+04 3.005907e+02 4.044402e+04 5.187610e+07
<GCONST> 6.763267e+01
<MIXTURE> 3 6.757813e-02
<MEAN> 6
 9.043953e+01 -1.377531e+03 8.129111e+02 -1.448299e-01 1.503557e+00 -1.443781e+02
<VARIANCE> 6
 3.175529e+01 1.324029e+04 1.445127e+04 3.005907e+02 4.044402e+04 5.187610e+07
<GCONST> 6.763267e+01
<MIXTURE> 4 5.438593e-02
<MEAN> 6
 1.071824e+02 -6.965902e+02 -2.704641e+02 -4.295907e+00 3.696140e+00 3.268634e+02
<VARIANCE> 6
 3.175529e+01 1.324029e+04 1.445127e+04 3.005907e+02 4.044402e+04 5.187610e+07
<GCONST> 6.763267e+01
<MIXTURE> 5 7.908586e-02
<MEAN> 6
 1.095923e+02 -1.197750e+03 -8.673293e+02 -2.282570e+00 -3.533165e+01 -5.049745e+02
<VARIANCE> 6
 3.175529e+01 1.324029e+04 1.445127e+04 3.005907e+02 4.044402e+04 5.187610e+07
<GCONST> 6.763267e+01
<MIXTURE> 6 9.944256e-02
<MEAN> 6
 9.803627e+01 -6.042092e+02 1.080431e+02 8.746185e-01 -1.184140e+01 1.311440e+02
<VARIANCE> 6
 3.175529e+01 1.324029e+04 8.797707e+04 3.005907e+02 4.044402e+04 5.187610e+07
<GCONST> 6.943896e+01
<MIXTURE> 7 8.523135e-02
<MEAN> 6
 1.000789e+02 -7.793843e+02 -3.471505e+01 -1.996416e+00 2.756162e+00 2.232802e+02
<VARIANCE> 6
 3.175529e+01 1.324029e+04 1.445127e+04 3.005907e+02 4.044402e+04 5.187610e+07
<GCONST> 6.763267e+01
<MIXTURE> 8 5.412605e-02
<MEAN> 6
 1.055191e+02 -9.571798e+02 2.671017e+02 -5.640690e+00 -2.847132e+01 -3.036574e+02
<VARIANCE> 6
 3.175529e+01 1.485239e+04 1.445127e+04 3.005907e+02 4.044402e+04 5.187610e+07
<GCONST> 6.774757e+01
<MIXTURE> 9 3.968133e-02
<MEAN> 6
 9.778218e+01 -6.275722e+02 5.740950e+02 -7.189584e-01 -6.503717e-01 -2.520095e+02
<VARIANCE> 6
 3.175529e+01 1.324029e+04 1.445127e+04 3.005907e+02 4.044402e+04 5.187610e+07
<GCONST> 6.763267e+01
<MIXTURE> 10 5.279148e-02
<MEAN> 6
 9.370729e+01 -5.896298e+02 -2.268896e+02 -3.304749e+00 5.483146e+00 1.035931e+02
<VARIANCE> 6
 3.175529e+01 1.324029e+04 1.445127e+04 3.005907e+02 4.044402e+04 5.187610e+07
<GCONST> 6.763267e+01
<MIXTURE> 11 8.812050e-02
<MEAN> 6
 1.020681e+02 -9.257357e+02 -9.916874e+01 -3.664391e+00 3.188615e+00 2.491237e+02
<VARIANCE> 6
 3.175529e+01 1.324029e+04 1.445127e+04 3.005907e+02 4.044402e+04 5.187610e+07
<GCONST> 6.763267e+01
<MIXTURE> 12 6.860497e-02
<MEAN> 6
 9.026568e+01 -1.429778e+03 8.416607e+02 -1.679275e-01 2.794970e+00 1.241461e+01
<VARIANCE> 6
 3.175529e+01 1.324029e+04 1.445127e+04 3.005907e+02 4.044402e+04 5.187610e+07
<GCONST> 6.763267e+01
<MIXTURE> 13 6.500133e-02
<MEAN> 6
 9.920266e+01 -1.417641e+03 1.894260e+02 -3.358116e+00 1.741893e+00 -1.267599e+01
<VARIANCE> 6
 3.175529e+01 2.664371e+05 1.445127e+04 3.005907e+02 4.044402e+04 5.187610e+07
<GCONST> 7.063454e+01
<MIXTURE> 14 5.329391e-02
<MEAN> 6
 9.343565e+01 -5.808544e+02 -2.392076e+02 -3.453278e+00 7.940418e+00 5.736382e+01
<VARIANCE> 6
 3.175529e+01 1.324029e+04 1.445127e+04 3.005907e+02 4.044402e+04 5.187610e+07
<GCONST> 6.763267e+01
<MIXTURE> 15 5.414380e-02
<MEAN> 6
 1.061698e+02 -7.322457e+02 -3.193477e+02 -5.587939e+00 -2.617186e+01 2.631506e+02
<VARIANCE> 6
 3.175529e+01 1.425662e+04 1.463861e+04 3.005907e+02 4.044402e+04 5.187610e+07
<GCONST> 6.771951e+01
<STATE> 9
<NUMMIXES> 15
<MIXTURE> 1 7.586550e-02
<MEAN> 6
 8.718993e+01 -3.832334e+02 6.647400e+01 -4.948304e+00 1.170729e+01 2.744798e+01
<VARIANCE> 6
 3.175529e+01 1.324029e+04 1.445127e+04 3.005907e+02 4.044402e+04 5.187610e+07
<GCONST> 6.763267e+01
<MIXTURE> 2 9.299623e-02
<MEAN> 6
 6.421992e+01 -1.001352e+03 1.344160e+03 1.451169e+00 -8.254896e-01 -2.902771e+02
<VARIANCE> 6
 3.175529e+01 1.324029e+04 1.445127e+04 3.005907e+02 4.044402e+04 5.187610e+07
<GCONST> 6.763267e+01
<MIXTURE> 3 2.544539e-03
<MEAN> 6
 8.974950e+01 -7.911034e+01 -1.336809e+01 -2.494955e+00 -1.821356e+02 -4.160845e+03
<VARIANCE> 6
 4.209435e+02 2.346078e+06 7.302508e+05 4.745619e+02 1.294486e+05 8.554484e+07
<GCONST> 8.143714e+01
<MIXTURE> 4 7.366480e-02
<MEAN> 6
 7.002352e+01 -1.022864e+03 6.027773e+02 1.436253e+00 4.381462e+01 -5.069817e+02
<VARIANCE> 6
 3.720926e+01 1.324029e+04 1.615792e+04 3.005907e+02 4.044402e+04 5.187610e+07
<GCONST> 6.790280e+01
<MIXTURE> 5 5.556431e-02
<MEAN> 6
 6.524590e+01 -9.012292e+02 1.116690e+03 -5.880019e-01 -9.424537e+00 -1.312933e+02
<VARIANCE> 6
 3.175529e+01 1.324029e+04 1.445127e+04 3.005907e+02 4.044402e+04 5.187610e+07
<GCONST> 6.763267e+01
<MIXTURE> 6 9.320133e-02
<MEAN> 6
 7.785014e+01 -1.826301e+03 -7.972341e+02 8.351246e-01 -2.918591e+00 -2.315331e+02
<VARIANCE> 6
 3.175529e+01 3.146212e+04 1.445127e+04 3.005907e+02 4.044402e+04 5.187610e+07
<GCONST> 6.849819e+01
<MIXTURE> 7 8.290327e-02
<MEAN> 6
 7.524788e+01 -9.690820e+02 -8.136266e+01 -1.823426e+00 -2.469324e+00 7.592385e+02
<VARIANCE> 6
 3.175529e+01 1.324029e+04 3.865407e+04 3.005907e+02 4.044402e+04 5.187610e+07
<GCONST> 6.861654e+01
<MIXTURE> 8 3.143899e-02
<MEAN> 6
 5.334420e+01 -7.879144e+02 1.099788e+03 -8.475452e+00 5.145012e+01 1.586277e+02
<VARIANCE> 6
 3.175529e+01 1.324029e+04 1.445127e+04 6.678338e+02 4.044402e+04 5.187610e+07
<GCONST> 6.843096e+01
<MIXTURE> 9 7.369053e-02
<MEAN> 6
 8.236649e+01 -6.337361e+02 -4.040309e+02 -2.725648e+00 -1.885907e-01 1.470264e+01
<VARIANCE> 6
 3.175529e+01 5.230842e+04 1.445127e+04 3.005907e+02 4.044402e+04 5.187610e+07
<GCONST> 6.900656e+01
<MIXTURE> 10 5.551757e-02
<MEAN> 6
 6.565788e+01 -8.950004e+02 1.126664e+03 -1.975193e-01 -4.959156e+00 -6.957715e+01
<VARIANCE> 6
 3.175529e+01 1.324029e+04 1.445127e+04 3.005907e+02 4.044402e+04 5.187610e+07
<GCONST> 6.763267e+01
<MIXTURE> 11 9.261057e-02
<MEAN> 6
 7.363013e+01 -1.060499e+03 2.144087e+02 1.231507e+00 -5.034281e+00 -3.218167e+02
<VARIANCE> 6
 3.175529e+01 1.324029e+04 3.004155e+04 3.005907e+02 4.044402e+04 5.187610e+07
<GCONST> 6.836447e+01
<MIXTURE> 12 8.329885e-02
<MEAN> 6
 8.447922e+01 -1.287146e+03 -4.644429e+02 -3.052058e+00 -1.195758e+01 1.835172e+02
<VARIANCE> 6
 3.175529e+01 3.003922e+04 1.460617e+04 3.005907e+02 4.044402e+04 5.187610e+07
<GCONST> 6.846257e+01
<MIXTURE> 13 7.586991e-02
<MEAN> 6
 8.718434e+01 -3.850440e+02 6.679893e+01 -4.719015e+00 1.153450e+01 2.024356e+01
<VARIANCE> 6
 3.175529e+01 1.324029e+04 1.445127e+04 3.005907e+02 4.044402e+04 5.187610e+07
<GCONST> 6.763267e+01
<MIXTURE> 14 5.530646e-02
<MEAN> 6
 6.522322e+01 -8.996221e+02 1.114440e+03 -6.264651e-01 -9.866430e+00 -1.360257e+02
<VARIANCE> 6
 3.175529e+01 1.324029e+04 1.445127e+04 3.005907e+02 4.044402e+04 5.187610e+07
<GCONST> 6.763267e+01
<MIXTURE> 15 5.550899e-02
<MEAN> 6
 6.468230e+01 -9.056866e+02 1.100371e+03 -1.399347e+00 -1.948353e+01 -2.780909e+02
<VARIANCE> 6
 3.175529e+01 1.324029e+04 1.445127e+04 3.005907e+02 4.044402e+04 5.187610e+07
<GCONST> 6.763267e+01
<STATE> 10
<NUMMIXES> 15
<MIXTURE> 1 5.623505e-02
<MEAN> 6
 6.530832e+01 9.400931e+02 -1.452536e+02 -6.937668e-02 -1.487250e-01 -1.466811e+02
<VARIANCE> 6
 3.175529e+01 1.324029e+04 1.445127e+04 3.005907e+02 4.044402e+04 5.187610e+07
<GCONST> 6.763267e+01
<MIXTURE> 2 3.217203e-02
<MEAN> 6
 9.096428e+01 -7.737596e+02 3.000663e+02 -2.830370e+01 1.457995e+02 -2.970521e+01
<VARIANCE> 6
 6.265746e+01 6.145244e+05 2.450478e+05 1.157172e+03 3.271180e+05 1.833544e+08
<GCONST> 7.968150e+01
<MIXTURE> 3 1.110921e-01
<MEAN> 6
 6.531677e+01 9.336232e+02 -1.470850e+02 -9.728944e-02 -4.667967e-01 -1.429703e+02
<VARIANCE> 6
 3.175529e+01 1.324029e+04 1.445127e+04 3.005907e+02 4.044402e+04 5.187610e+07
<GCONST> 6.763267e+01
<MIXTURE> 4 5.622518e-02
<MEAN> 6
 6.531248e+01 9.371312e+02 -1.461118e+02 -8.212781e-02 -2.947452e-01 -1.448495e+02
<VARIANCE> 6
 3.175529e+01 1.324029e+04 1.445127e+04 3.005907e+02 4.044402e+04 5.187610e+07
<GCONST> 6.763267e+01
<MIXTURE> 5 8.580377e-02
<MEAN> 6
 6.522238e+01 8.437012e+02 -1.590812e+02 -5.400943e-01 -6.436377e+00 -2.035122e+02
<VARIANCE> 6
 3.175529e+01 1.495422e+04 1.445127e+04 3.005907e+02 4.044402e+04 5.187610e+07
<GCONST> 6.775440e+01
<MIXTURE> 6 5.729223e-02
<MEAN> 6
 6.531472e+01 9.353774e+02 -1.466040e+02 -8.969852e-02 -3.808177e-01 -1.438705e+02
<VARIANCE> 6
 3.175529e+01 1.324029e+04 1.445127e+04 3.005907e+02 4.044402e+04 5.187610e+07
<GCONST> 6.763267e+01
<MIXTURE> 7 5.636545e-02
<MEAN> 6
 6.529939e+01 9.455029e+02 -1.435941e+02 -4.620264e-02 1.213081e-01 -1.506136e+02
<VARIANCE> 6
 3.175529e+01 1.324029e+04 1.445127e+04 3.005907e+02 4.044402e+04 5.187610e+07
<GCONST> 6.763267e+01
<MIXTURE> 8 1.073849e-01
<MEAN> 6
 6.531860e+01 9.319244e+02 -1.475402e+02 -1.046550e-01 -5.498975e-01 -1.421721e+02
<VARIANCE> 6
 3.175529e+01 1.324029e+04 1.445127e+04 3.005907e+02 4.044402e+04 5.187610e+07
<GCONST> 6.763267e+01
<MIXTURE> 9 9.881482e-02
<MEAN> 6
 6.503310e+01 7.724626e+02 -1.603470e+02 -1.007084e+00 -1.467408e+01 -3.501837e+02
<VARIANCE> 6
 3.175529e+01 1.324029e+04 1.445127e+04 3.005907e+02 4.044402e+04 5.187610e+07
<GCONST> 6.763267e+01
<MIXTURE> 10 5.530240e-02
<MEAN> 6
 1.375080e+02 -1.856158e+03 7.940241e+01 -3.934925e+01 -1.289600e+01 3.456360e+02
<VARIANCE> 6
 1.830069e+02 5.878131e+05 1.445127e+04 3.005907e+02 4.044402e+04 5.187610e+07
<GCONST> 7.317728e+01
<MIXTURE> 11 5.729125e-02
<MEAN> 6
 6.532108e+01 9.293508e+02 -1.482099e+02 -1.158475e-01 -6.755555e-01 -1.410967e+02
<VARIANCE> 6
 3.175529e+01 1.324029e+04 1.445127e+04 3.005907e+02 4.044402e+04 5.187610e+07
<GCONST> 6.763267e+01
<MIXTURE> 12 5.642413e-02
<MEAN> 6
 6.532295e+01 9.270980e+02 -1.487773e+02 -1.256844e-01 -7.858098e-01 -1.402940e+02
<VARIANCE> 6
 3.175529e+01 1.324029e+04 1.445127e+04 3.005907e+02 4.044402e+04 5.187610e+07
<GCONST> 6.763267e+01
<MIXTURE> 13 5.637756e-02
<MEAN> 6
 6.532592e+01 9.225575e+02 -1.498686e+02 -1.456133e-01 -1.008668e+00 -1.390509e+02
<VARIANCE> 6
 3.175529e+01 1.324029e+04 1.445127e+04 3.005907e+02 4.044402e+04 5.187610e+07
<GCONST> 6.763267e+01
<MIXTURE> 14 5.646179e-02
<MEAN> 6
 6.532851e+01 9.152283e+02 -1.514930e+02 -1.780998e-01 -1.373108e+00 -1.380874e+02
<VARIANCE> 6
 3.175529e+01 1.324029e+04 1.445127e+04 3.005907e+02 4.044402e+04 5.187610e+07
<GCONST> 6.763267e+01
<MIXTURE> 15 5.675980e-02
<MEAN> 6
 1.268977e+02 -2.455733e+03 6.570924e+01 -4.425764e+01 -1.274181e+01 2.625938e+02
<VARIANCE> 6
 1.982136e+02 4.757722e+05 1.445127e+04 3.005907e+02 4.044402e+04 5.187610e+07
<GCONST> 7.304563e+01
<STATE> 11
<NUMMIXES> 15
<MIXTURE> 1 8.201794e-02
<MEAN> 6
 8.444498e+01 8.246559e+01 1.691100e+01 3.600739e-02 -4.802679e+01 5.761047e+01
<VARIANCE> 6
 3.175529e+01 1.324029e+04 1.445127e+04 3.005907e+02 4.044402e+04 5.187610e+07
<GCONST> 6.763267e+01
<MIXTURE> 2 3.437505e-03
<MEAN> 6
 8.693060e+01 -8.110303e+01 1.123067e+01 -5.560280e+00 -1.510489e+02 -3.203987e+03
<VARIANCE> 6
 3.724833e+02 2.206040e+06 7.650765e+05 3.005907e+02 1.887715e+05 1.321751e+08
<GCONST> 8.165558e+01
<MIXTURE> 3 2.758907e-02
<MEAN> 6
 7.865470e+01 1.656425e+00 -5.906667e+01 3.920739e+01 6.635414e+01 -8.407613e+03
<VARIANCE> 6
 3.175529e+01 5.156450e+04 3.057663e+04 3.005907e+02 2.351591e+05 5.187610e+07
<GCONST> 7.150204e+01
<MIXTURE> 4 6.567095e-02
<MEAN> 6
 7.722630e+01 1.391951e+01 1.632352e+02 -3.439463e+00 -1.344301e+01 1.663866e+02
<VARIANCE> 6
 3.175529e+01 1.324029e+04 1.445127e+04 3.005907e+02 4.044402e+04 5.187610e+07
<GCONST> 6.763267e+01
<MIXTURE> 5 9.014457e-02
<MEAN> 6
 6.846477e+01 1.359971e+02 -1.013195e+01 -9.918480e+00 1.770607e+01 5.377951e+02
<VARIANCE> 6
 3.175529e+01 1.324029e+04 1.445127e+04 3.005907e+02 4.044402e+04 5.187610e+07
<GCONST> 6.763267e+01
<MIXTURE> 6 5.856542e-02
<MEAN> 6
 7.706725e+01 4.223812e+00 1.654031e+02 -3.344570e+00 -1.213768e+01 1.318635e+02
<VARIANCE> 6
 3.175529e+01 1.324029e+04 1.445127e+04 3.005907e+02 4.044402e+04 5.187610e+07
<GCONST> 6.763267e+01
<MIXTURE> 7 1.104653e-01
<MEAN> 6
 7.697176e+01 -5.469276e-01 1.662499e+02 -3.312339e+00 -1.150951e+01 1.168906e+02
<VARIANCE> 6
 3.175529e+01 1.324029e+04 1.445127e+04 3.005907e+02 4.044402e+04 5.187610e+07
<GCONST> 6.763267e+01
<MIXTURE> 8 8.690034e-02
<MEAN> 6
 7.087462e+01 -2.526195e+02 1.198698e+02 -4.507854e+00 3.315712e+00 -2.509291e+00
<VARIANCE> 6
 3.175529e+01 1.324029e+04 1.445127e+04 3.005907e+02 4.044402e+04 5.187610e+07
<GCONST> 6.763267e+01
<MIXTURE> 9 6.879449e-02
<MEAN> 6
 7.697530e+01 -2.455010e-01 1.662007e+02 -3.315396e+00 -1.154189e+01 1.178607e+02
<VARIANCE> 6
 3.175529e+01 1.324029e+04 1.445127e+04 3.005907e+02 4.044402e+04 5.187610e+07
<GCONST> 6.763267e+01
<MIXTURE> 10 1.111845e-01
<MEAN> 6
 7.698241e+01 -1.508436e-02 1.661225e+02 -3.317246e+00 -1.158047e+01 1.186961e+02
<VARIANCE> 6
 3.175529e+01 1.324029e+04 1.445127e+04 3.005907e+02 4.044402e+04 5.187610e+07
<GCONST> 6.763267e+01
<MIXTURE> 11 5.216045e-02
<MEAN> 6
 7.751852e+01 1.148962e+01 1.778875e+02 -2.334301e+00 2.460226e+00 3.280922e+02
<VARIANCE> 6
 3.175529e+01 1.324029e+04 1.445127e+04 3.005907e+02 4.044402e+04 5.187610e+07
<GCONST> 6.763267e+01
<MIXTURE> 12 6.745233e-02
<MEAN> 6
 7.677642e+01 -1.587711e+01 1.688473e+02 -3.155809e+00 -9.916665e+00 6.969688e+01
<VARIANCE> 6
 3.175529e+01 1.324029e+04 1.445127e+04 3.005907e+02 4.044402e+04 5.187610e+07
<GCONST> 6.763267e+01
<MIXTURE> 13 6.574414e-02
<MEAN> 6
 7.680957e+01 -1.191457e+01 1.683522e+02 -3.197883e+00 -1.026169e+01 8.092043e+01
<VARIANCE> 6
 3.175529e+01 1.324029e+04 1.445127e+04 3.005907e+02 4.044402e+04 5.187610e+07
<GCONST> 6.763267e+01
<MIXTURE> 14 5.772597e-02
<MEAN> 6
 7.660667e+01 -2.750825e+01 1.707044e+02 -3.050374e+00 -8.796571e+00 3.744714e+01
<VARIANCE> 6
 3.175529e+01 1.324029e+04 1.445127e+04 3.005907e+02 4.044402e+04 5.187610e+07
<GCONST> 6.763267e+01
<MIXTURE> 15 5.213066e-02
<MEAN> 6
 7.599554e+01 -3.105559e+01 1.583172e+02 -4.382250e+00 -2.308078e+01 -1.082001e+02
<VARIANCE> 6
 3.175529e+01 1.324029e+04 1.445127e+04 3.005907e+02 4.044402e+04 5.187610e+07
<GCONST> 6.763267e+01
<STATE> 12
<NUMMIXES> 15
<MIXTURE> 1 7.643011e-02
<MEAN> 6
 1.206379e+02 1.748282e+03 1.318043e+03 -1.698938e+00 -2.190316e+00 5.940527e+01
<VARIANCE> 6
 3.175529e+01 3.624890e+04 1.445127e+04 3.005907e+02 4.044402e+04 5.187610e+07
<GCONST> 6.863982e+01
<MIXTURE> 2 4.142425e-02
<MEAN> 6
 9.240427e+01 -1.183123e+02 3.266353e+02 -8.519759e-01 -1.559903e+01 -4.123911e+02
<VARIANCE> 6
 3.175529e+01 4.943774e+04 1.012377e+05 3.005907e+02 4.044402e+04 5.187610e+07
<GCONST> 7.089681e+01
<MIXTURE> 3 8.491746e-02
<MEAN> 6
 9.460352e+01 1.224607e+02 2.229525e+02 -3.028496e+00 1.994857e+00 3.219136e+01
<VARIANCE> 6
 3.175529e+01 1.324029e+04 1.445127e+04 3.005907e+02 4.044402e+04 5.187610e+07
<GCONST> 6.763267e+01
<MIXTURE> 4 9.078749e-02
<MEAN> 6
 9.334486e+01 -1.045007e+02 1.175032e+02 -7.849010e-01 5.979430e+00 -1.325087e+02
<VARIANCE> 6
 3.175529e+01 1.324029e+04 1.445127e+04 3.005907e+02 4.044402e+04 5.187610e+07
<GCONST> 6.763267e+01
<MIXTURE> 5 2.824617e-02
<MEAN> 6
 1.270603e+02 2.765864e+03 2.469526e+02 -2.312576e+01 2.477274e+01 2.502333e+02
<VARIANCE> 6
 3.175529e+01 1.324029e+04 1.445127e+04 3.005907e+02 4.044402e+04 5.187610e+07
<GCONST> 6.763267e+01
<MIXTURE> 6 7.144880e-02
<MEAN> 6
 1.201792e+02 4.712107e+02 2.191996e+02 -5.293636e+00 1.154478e+00 -1.299718e+02
<VARIANCE> 6
 3.175529e+01 1.057025e+05 1.445127e+04 3.005907e+02 4.044402e+04 5.187610e+07
<GCONST> 6.971004e+01
<MIXTURE> 7 5.252418e-02
<MEAN> 6
 9.455596e+01 1.273534e+02 2.263652e+02 -2.946048e+00 6.760064e-01 3.586617e+01
<VARIANCE> 6
 3.175529e+01 1.324029e+04 1.445127e+04 3.005907e+02 4.044402e+04 5.187610e+07
<GCONST> 6.763267e+01
<MIXTURE> 8 8.992910e-02
<MEAN> 6
 9.334557e+01 -1.044169e+02 1.175498e+02 -7.866038e-01 5.979221e+00 -1.324346e+02
<VARIANCE> 6
 3.175529e+01 1.324029e+04 1.445127e+04 3.005907e+02 4.044402e+04 5.187610e+07
<GCONST> 6.763267e+01
<MIXTURE> 9 8.597448e-02
<MEAN> 6
 9.460823e+01 1.218626e+02 2.227026e+02 -3.034889e+00 2.118150e+00 3.178428e+01
<VARIANCE> 6
 3.175529e+01 1.324029e+04 1.445127e+04 3.005907e+02 4.044402e+04 5.187610e+07
<GCONST> 6.763267e+01
<MIXTURE> 10 9.020831e-02
<MEAN> 6
 9.334463e+01 -1.045285e+02 1.174880e+02 -7.843421e-01 5.979489e+00 -1.325332e+02
<VARIANCE> 6
 3.175529e+01 1.324029e+04 1.445127e+04 3.005907e+02 4.044402e+04 5.187610e+07
<GCONST> 6.763267e+01
<MIXTURE> 11 8.940342e-02
<MEAN> 6
 9.334428e+01 -1.045699e+02 1.174648e+02 -7.834968e-01 5.979611e+00 -1.325697e+02
<VARIANCE> 6
 3.175529e+01 1.324029e+04 1.445127e+04 3.005907e+02 4.044402e+04 5.187610e+07
<GCONST> 6.763267e+01
<MIXTURE> 12 5.479214e-02
<MEAN> 6
 1.218442e+02 2.033133e+03 9.420173e+02 -2.538705e+00 1.631331e+01 -2.947097e+02
<VARIANCE> 6
 3.175529e+01 3.430414e+04 3.977309e+04 3.005907e+02 4.044402e+04 5.187610e+07
<GCONST> 6.959708e+01
<MIXTURE> 13 4.596855e-02
<MEAN> 6
 1.218012e+02 2.409568e+03 1.853228e+02 -1.712142e+00 1.019436e+01 2.309497e+01
<VARIANCE> 6
 3.175529e+01 1.365137e+04 1.445127e+04 3.005907e+02 4.044402e+04 5.187610e+07
<GCONST> 6.766325e+01
<MIXTURE> 14 5.213764e-02
<MEAN> 6
 9.471117e+01 1.073487e+02 2.161436e+02 -3.148980e+00 4.725257e+00 2.139015e+01
<VARIANCE> 6
 3.175529e+01 1.324029e+04 1.445127e+04 3.005907e+02 4.044402e+04 5.187610e+07
<GCONST> 6.763267e+01
<MIXTURE> 15 4.580357e-02
<MEAN> 6
 1.218659e+02 2.374391e+03 1.788719e+02 -5.054793e-01 -1.881248e+00 -3.720667e+01
<VARIANCE> 6
 3.175529e+01 1.324029e+04 1.445127e+04 3.005907e+02 4.044402e+04 5.187610e+07
<GCONST> 6.763267e+01
<STATE> 13
<NUMMIXES> 15
<MIXTURE> 1 9.111194e-02
<MEAN> 6
 7.921094e+01 -8.379939e+02 4.110538e+03 -1.336530e+00 -4.791515e+00 -5.010540e+01
<VARIANCE> 6
 3.175529e+01 1.282507e+05 3.637611e+05 3.005907e+02 4.044402e+04 5.187610e+07
<GCONST> 7.312910e+01
<MIXTURE> 2 5.890957e-02
<MEAN> 6
 9.891896e+01 -3.825931e+03 4.000202e+00 -2.835313e+00 1.092274e+01 -4.878075e+01
<VARIANCE> 6
 3.175529e+01 8.917851e+04 1.445127e+04 3.005907e+02 4.044402e+04 5.187610e+07
<GCONST> 6.954005e+01
<MIXTURE> 3 9.147276e-02
<MEAN> 6
 7.044357e+01 9.457512e+02 6.838065e+02 5.693702e-01 -3.803375e-01 -1.007819e+02
<VARIANCE> 6
 3.175529e+01 4.305672e+04 1.445127e+04 3.005907e+02 4.044402e+04 5.187610e+07
<GCONST> 6.881193e+01
<MIXTURE> 4 7.635372e-02
<MEAN> 6
 7.577840e+01 2.861159e+03 4.590854e+02 -2.330283e+00 -1.564819e+01 -5.087381e+01
<VARIANCE> 6
 3.175529e+01 1.324029e+04 1.445127e+04 3.005907e+02 4.044402e+04 5.187610e+07
<GCONST> 6.763267e+01
<MIXTURE> 5 8.400988e-02
<MEAN> 6
 6.332178e+01 1.979945e+02 9.514901e+02 -9.718220e-01 3.012315e+00 -1.018719e+00
<VARIANCE> 6
 3.175529e+01 1.324029e+04 2.932901e+05 3.005907e+02 4.044402e+04 5.187610e+07
<GCONST> 7.064305e+01
<MIXTURE> 6 9.408008e-02
<MEAN> 6
 7.243509e+01 -7.372703e+02 1.846249e+03 1.439556e+00 -7.071760e+00 -1.283486e+02
<VARIANCE> 6
 3.175529e+01 1.607818e+04 2.443449e+04 3.005907e+02 4.044402e+04 5.187610e+07
<GCONST> 6.835208e+01
<MIXTURE> 7 4.618362e-02
<MEAN> 6
 7.659671e+01 -8.889771e+03 1.584373e+03 -3.934125e+00 -6.721992e-01 1.843276e+02
<VARIANCE> 6
 3.175529e+01 2.012959e+04 2.032884e+05 3.005907e+02 4.044402e+04 5.187610e+07
<GCONST> 7.069544e+01
<MIXTURE> 8 4.178152e-02
<MEAN> 6
 6.284676e+01 2.391989e+02 3.247232e+02 -4.918464e-01 3.256679e+00 1.968775e+01
<VARIANCE> 6
 3.175529e+01 1.324029e+04 3.371501e+05 3.005907e+02 4.044402e+04 5.187610e+07
<GCONST> 7.078242e+01
<MIXTURE> 9 9.019853e-02
<MEAN> 6
 6.939487e+01 2.454680e+02 6.725049e+02 6.063806e-02 2.674563e+00 -4.902163e+01
<VARIANCE> 6
 3.175529e+01 2.786517e+04 1.445127e+04 3.005907e+02 4.044402e+04 5.187610e+07
<GCONST> 6.837679e+01
<MIXTURE> 10 6.878245e-02
<MEAN> 6
 6.535494e+01 -5.195560e+02 1.473858e+03 -9.515457e-01 -6.219635e+00 -1.972502e+02
<VARIANCE> 6
 3.175529e+01 1.324029e+04 1.445127e+04 3.005907e+02 4.044402e+04 5.187610e+07
<GCONST> 6.763267e+01
<MIXTURE> 11 6.483343e-02
<MEAN> 6
 7.896436e+01 2.614667e+03 -2.103021e+02 -1.383404e+00 -1.237437e+00 -1.476721e+02
<VARIANCE> 6
 3.175529e+01 8.028043e+04 1.445127e+04 3.005907e+02 4.044402e+04 5.187610e+07
<GCONST> 6.943493e+01
<MIXTURE> 12 7.723056e-02
<MEAN> 6
 1.002101e+02 -2.584647e+03 -2.221493e+02 -2.670568e+00 -1.485870e+01 -3.595039e+02
<VARIANCE> 6
 3.175529e+01 3.267261e+05 1.445127e+04 3.005907e+02 4.044402e+04 5.187610e+07
<GCONST> 7.083853e+01
<MIXTURE> 13 5.371839e-02
<MEAN> 6
 6.274894e+01 2.526339e+02 -2.523545e+02 -1.151785e+00 5.366483e+00 1.104568e+02
<VARIANCE> 6
 3.175529e+01 1.324029e+04 5.400464e+04 3.005907e+02 4.044402e+04 5.187610e+07
<GCONST> 6.895096e+01
<MIXTURE> 14 1.308901e-02
<MEAN> 6
 7.539237e+01 -1.096064e+03 1.928686e+03 -2.595415e+01 -1.424942e+01 -2.825841e+02
<VARIANCE> 6
 5.357971e+01 4.054115e+04 2.704904e+04 1.434048e+03 3.223538e+05 1.067742e+08
<GCONST> 7.426180e+01
<MIXTURE> 15 4.824156e-02
<MEAN> 6
 7.389223e+01 -8.956470e+03 1.371704e+03 -1.292913e+00 -9.837826e+00 -2.759731e+02
<VARIANCE> 6
 3.175529e+01 1.693474e+04 1.289800e+05 3.005907e+02 4.044402e+04 5.187610e+07
<GCONST> 7.006765e+01
<STATE> 14
<NUMMIXES> 15
<MIXTURE> 1 8.741949e-03
<MEAN> 6
 -2.039121e+00 -4.481833e+02 1.092448e+01 2.142314e+01 -7.871593e+01 5.269932e+03
<VARIANCE> 6
 8.945641e+03 7.173880e+05 1.207770e+06 1.628587e+06 8.898133e+08 1.289922e+12
<GCONST> 1.104092e+02
<MIXTURE> 2 1.107759e-01
<MEAN> 6
 2.007086e+01 1.706039e+02 6.826875e+01 2.255674e+02 4.064390e+01 -2.525586e+03
<VARIANCE> 6
 9.596245e+02 4.059105e+05 3.317656e+05 6.686491e+03 1.837178e+05 5.187610e+07
<GCONST> 8.221324e+01
<MIXTURE> 3 4.846466e-02
<MEAN> 6
 1.182079e+01 6.836191e+02 -2.081178e+02 -8.202815e+01 2.856618e+02 3.454581e+03
<VARIANCE> 6
 5.513591e+03 1.798540e+07 1.903858e+06 7.210939e+04 4.660608e+06 3.131723e+09
<GCONST> 9.921214e+01
<MIXTURE> 4 6.340387e-02
<MEAN> 6
 1.068497e+02 -1.062315e+02 1.291600e+02 -1.128607e+01 -3.661415e+01 -1.988937e+02
<VARIANCE> 6
 2.917864e+02 1.716326e+06 2.303135e+05 3.005907e+02 4.044402e+04 5.187610e+07
<GCONST> 7.748397e+01
<MIXTURE> 5 6.191150e-02
<MEAN> 6
 8.600663e+01 4.670826e+01 2.003976e+02 -7.130009e+00 -4.267216e+02 -1.340548e+02
<VARIANCE> 6
 3.365630e+02 1.773300e+05 4.479633e+05 1.472805e+04 9.406693e+04 5.187610e+07
<GCONST> 8.075793e+01
<MIXTURE> 6 9.192208e-02
<MEAN> 6
 -4.202417e+01 2.261628e+01 1.865905e+01 5.372420e+00 1.139220e+03 -2.163968e+03
<VARIANCE> 6
 3.500752e+02 4.160095e+05 2.149421e+05 4.058982e+04 5.832945e+05 3.208227e+08
<GCONST> 8.557611e+01
<MIXTURE> 7 7.569960e-02
<MEAN> 6
 1.008580e+02 -2.019044e+01 -4.108493e+01 1.857046e+01 -8.355839e+02 -4.025453e+02
<VARIANCE> 6
 4.692556e+02 1.007996e+06 3.357176e+05 1.913712e+04 1.393278e+06 6.627420e+08
<GCONST> 8.804436e+01
<MIXTURE> 8 7.474103e-02
<MEAN> 6
 9.923283e+01 -5.536263e+01 2.223618e+02 -5.249738e+00 -2.643281e+01 -3.081646e+02
<VARIANCE> 6
 2.915700e+02 1.495212e+05 2.329002e+06 3.005907e+02 4.044402e+04 5.187610e+07
<GCONST> 7.735648e+01
<MIXTURE> 9 5.786442e-02
<MEAN> 6
 -5.297401e+01 2.238487e+02 9.895274e+01 1.110288e+01 2.409042e+02 1.311550e+03
<VARIANCE> 6
 4.032843e+02 3.758098e+05 3.071372e+05 1.167641e+03 7.382288e+04 5.187610e+07
<GCONST> 7.853532e+01
<MIXTURE> 10 6.627701e-02
<MEAN> 6
 6.337790e+01 -4.071156e+01 7.192791e+01 -1.195135e+01 -9.361066e+02 -1.120642e+03
<VARIANCE> 6
 7.778323e+02 3.198843e+05 2.286126e+06 6.545074e+04 5.449582e+05 2.206657e+08
<GCONST> 8.851154e+01
<MIXTURE> 11 7.029096e-02
<MEAN> 6
 1.106196e+01 -2.191271e+01 8.053870e+01 -2.777546e+02 -1.680831e+01 7.376308e+03
<VARIANCE> 6
 5.700242e+02 3.466083e+05 4.390506e+05 9.258056e+03 4.849529e+05 2.284908e+08
<GCONST> 8.459332e+01
<MIXTURE> 12 7.558127e-02
<MEAN> 6
 -5.982705e+01 1.351355e+02 -1.354665e+02 3.179930e+01 7.256716e+02 -7.210850e+02
<VARIANCE> 6
 5.433550e+02 2.718015e+05 1.809311e+06 1.746839e+04 3.180572e+05 1.453134e+08
<GCONST> 8.547885e+01
<MIXTURE> 13 7.445742e-02
<MEAN> 6
 7.930100e+01 1.275785e+02 -5.808867e+02 -9.247327e-01 -1.866139e+01 -2.497416e+02
<VARIANCE> 6
 1.642238e+02 6.305690e+05 4.518030e+05 3.005907e+02 4.044402e+04 5.187610e+07
<GCONST> 7.658167e+01
<MIXTURE> 14 6.217138e-02
<MEAN> 6
 7.588010e+01 -1.346124e+02 -4.978186e+01 -6.233552e+01 -6.345822e+02 -8.289507e+02
<VARIANCE> 6
 3.585513e+02 4.953114e+05 2.773792e+05 2.249164e+04 1.622594e+05 5.187610e+07
<GCONST> 8.233764e+01
<MIXTURE> 15 5.730504e-02
<MEAN> 6
 -6.160565e+01 -2.024881e+01 -1.728357e+02 -2.952464e+00 1.281528e+02 -6.233413e+02
<VARIANCE> 6
 4.550895e+02 3.935237e+05 3.692700e+05 9.799653e+02 7.708602e+04 5.187610e+07
<GCONST> 7.875450e+01
<TRANSP> 15
 0.000000e+00 1.000000e+00 0.000000e+00 0.000000e+00 0.000000e+00 0.000000e+00 0.000000e+00 0.000000e+00 0.000000e+00 0.000000e+00 0.000000e+00 0.000000e+00 0.000000e+00 0.000000e+00 0.000000e+00
 0.000000e+00 9.999259e-01 7.417781e-05 0.000000e+00 0.000000e+00 0.000000e+00 0.000000e+00 0.000000e+00 0.000000e+00 0.000000e+00 0.000000e+00 0.000000e+00 0.000000e+00 0.000000e+00 0.000000e+00
 0.000000e+00 0.000000e+00 9.974408e-01 2.559192e-03 0.000000e+00 0.000000e+00 0.000000e+00 0.000000e+00 0.000000e+00 0.000000e+00 0.000000e+00 0.000000e+00 0.000000e+00 0.000000e+00 0.000000e+00
 0.000000e+00 0.000000e+00 0.000000e+00 9.962703e-01 3.729696e-03 0.000000e+00 0.000000e+00 0.000000e+00 0.000000e+00 0.000000e+00 0.000000e+00 0.000000e+00 0.000000e+00 0.000000e+00 0.000000e+00
 0.000000e+00 0.000000e+00 0.000000e+00 0.000000e+00 9.963616e-01 3.638393e-03 0.000000e+00 0.000000e+00 0.000000e+00 0.000000e+00 0.000000e+00 0.000000e+00 0.000000e+00 0.000000e+00 0.000000e+00
 0.000000e+00 0.000000e+00 0.000000e+00 0.000000e+00 0.000000e+00 9.983082e-01 1.691833e-03 0.000000e+00 0.000000e+00 0.000000e+00 0.000000e+00 0.000000e+00 0.000000e+00 0.000000e+00 0.000000e+00
 0.000000e+00 0.000000e+00 0.000000e+00 0.000000e+00 0.000000e+00 0.000000e+00 9.910198e-01 8.980193e-03 0.000000e+00 0.000000e+00 0.000000e+00 0.000000e+00 0.000000e+00 0.000000e+00 0.000000e+00
 0.000000e+00 0.000000e+00 0.000000e+00 0.000000e+00 0.000000e+00 0.000000e+00 0.000000e+00 9.966158e-01 3.384210e-03 0.000000e+00 0.000000e+00 0.000000e+00 0.000000e+00 0.000000e+00 0.000000e+00
 0.000000e+00 0.000000e+00 0.000000e+00 0.000000e+00 0.000000e+00 0.000000e+00 0.000000e+00 0.000000e+00 9.965125e-01 3.487575e-03 0.000000e+00 0.000000e+00 0.000000e+00 0.000000e+00 0.000000e+00
 0.000000e+00 0.000000e+00 0.000000e+00 0.000000e+00 0.000000e+00 0.000000e+00 0.000000e+00 0.000000e+00 0.000000e+00 9.901037e-01 9.896377e-03 0.000000e+00 0.000000e+00 0.000000e+00 0.000000e+00
 0.000000e+00 0.000000e+00 0.000000e+00 0.000000e+00 0.000000e+00 0.000000e+00 0.000000e+00 0.000000e+00 0.000000e+00 0.000000e+00 9.958991e-01 4.100909e-03 0.000000e+00 0.000000e+00 0.000000e+00
 0.000000e+00 0.000000e+00 0.000000e+00 0.000000e+00 0.000000e+00 0.000000e+00 0.000000e+00 0.000000e+00 0.000000e+00 0.000000e+00 0.000000e+00 9.957150e-01 4.284981e-03 0.000000e+00 0.000000e+00
 0.000000e+00 0.000000e+00 0.000000e+00 0.000000e+00 0.000000e+00 0.000000e+00 0.000000e+00 0.000000e+00 0.000000e+00 0.000000e+00 0.000000e+00 0.000000e+00 9.983400e-01 1.659963e-03 0.000000e+00
 0.000000e+00 0.000000e+00 0.000000e+00 0.000000e+00 0.000000e+00 0.000000e+00 0.000000e+00 0.000000e+00 0.000000e+00 0.000000e+00 0.000000e+00 0.000000e+00 0.000000e+00 9.998991e-01 1.009378e-04
 0.000000e+00 0.000000e+00 0.000000e+00 0.000000e+00 0.000000e+00 0.000000e+00 0.000000e+00 0.000000e+00 0.000000e+00 0.000000e+00 0.000000e+00 0.000000e+00 0.000000e+00 0.000000e+00 0.000000e+00
<ENDHMM>
~h "SegundoESO"
<BEGINHMM>
<NUMSTATES> 15
<STATE> 2
<NUMMIXES> 15
<MIXTURE> 1 2.541611e-02
<MEAN> 6
 7.333849e+01 -4.462622e+03 1.202242e+04 2.138326e+01 -4.745006e+01 -3.625063e+02
<VARIANCE> 6
 2.505013e+02 1.641781e+07 1.057853e+08 8.745621e+03 4.165013e+05 1.028319e+08
<GCONST> 9.210609e+01
<MIXTURE> 2 1.009184e-01
<MEAN> 6
 6.267615e+01 2.357346e+03 -1.232836e+03 -4.014558e-01 -8.446728e+00 -5.888198e+01
<VARIANCE> 6
 3.175529e+01 6.732728e+05 5.320912e+04 3.005907e+02 4.044402e+04 5.187610e+07
<GCONST> 7.286501e+01
<MIXTURE> 3 4.703200e-02
<MEAN> 6
 7.204104e+01 6.891244e+02 -6.731873e+03 -4.097551e-01 -5.133191e-01 2.904886e+01
<VARIANCE> 6
 3.175529e+01 1.324029e+04 5.334410e+06 3.005907e+02 4.044402e+04 5.187610e+07
<GCONST> 7.354382e+01
<MIXTURE> 4 7.541020e-02
<MEAN> 6
 5.933410e+01 6.830690e+02 -3.117106e+03 2.523323e+00 -5.007533e+00 -8.463653e+01
<VARIANCE> 6
 3.175529e+01 1.324029e+04 2.889539e+05 3.005907e+02 4.044402e+04 5.187610e+07
<GCONST> 7.062815e+01
<MIXTURE> 5 5.479191e-02
<MEAN> 6
 7.216637e+01 1.526550e+03 -2.403576e+03 7.693612e-02 -3.051204e+00 -1.342572e+02
<VARIANCE> 6
 3.175529e+01 1.324029e+04 1.675689e+05 3.005907e+02 4.044402e+04 5.187610e+07
<GCONST> 7.008328e+01
<MIXTURE> 6 5.466761e-02
<MEAN> 6
 7.603497e+01 8.981789e+01 -2.863126e+03 -7.219047e-01 -7.392248e+00 -8.198647e+01
<VARIANCE> 6
 3.175529e+01 3.894989e+04 2.717849e+05 3.005907e+02 4.044402e+04 5.187610e+07
<GCONST> 7.164591e+01
<MIXTURE> 7 1.048958e-01
<MEAN> 6
 6.703533e+01 8.345375e+02 -1.062679e+03 1.628481e+00 -4.085190e+00 -6.831187e+01
<VARIANCE> 6
 3.175529e+01 1.324029e+04 8.594932e+04 3.005907e+02 4.044402e+04 5.187610e+07
<GCONST> 6.941564e+01
<MIXTURE> 8 5.442635e-02
<MEAN> 6
 5.672162e+01 1.722798e+02 -1.765402e+03 4.446509e-01 2.057801e+01 -2.854163e+01
<VARIANCE> 6
 3.175529e+01 1.324029e+04 2.291756e+06 3.005907e+02 4.044402e+04 5.187610e+07
<GCONST> 7.269896e+01
<MIXTURE> 9 8.037063e-02
<MEAN> 6
 6.397754e+01 -1.283918e+02 -1.532521e+03 1.245103e+00 3.218942e+00 -1.447375e+02
<VARIANCE> 6
 3.175529e+01 2.058354e+04 1.445127e+04 3.005907e+02 4.044402e+04 5.187610e+07
<GCONST> 6.807390e+01
<MIXTURE> 10 1.068770e-01
<MEAN> 6
 7.412235e+01 -3.355579e+02 -8.276695e+03 -3.736813e-02 -2.276742e+00 -6.536444e+01
<VARIANCE> 6
 3.175529e+01 1.324029e+04 1.286594e+06 3.005907e+02 4.044402e+04 5.187610e+07
<GCONST> 7.212164e+01
<MIXTURE> 11 4.369292e-02
<MEAN> 6
 7.876687e+01 -2.721657e+03 -1.567612e+02 -6.002824e-01 -1.910919e+01 -1.488224e+02
<VARIANCE> 6
 3.175529e+01 1.782562e+07 8.016373e+05 3.005907e+02 4.044402e+04 5.187610e+07
<GCONST> 7.885367e+01
<MIXTURE> 12 5.506647e-02
<MEAN> 6
 5.562074e+01 6.138889e+02 -4.930000e+03 1.601135e+00 1.914275e-01 1.918288e+01
<VARIANCE> 6
 3.175529e+01 1.324029e+04 6.152568e+05 3.005907e+02 4.044402e+04 5.187610e+07
<GCONST> 7.138393e+01
<MIXTURE> 13 6.470156e-02
<MEAN> 6
 7.174755e+01 1.320495e+04 -1.200286e+03 -6.718464e-01 -3.034161e+00 -1.567457e+02
<VARIANCE> 6
 3.175529e+01 1.324029e+04 1.445127e+04 3.005907e+02 4.044402e+04 5.187610e+07
<GCONST> 6.763267e+01
<MIXTURE> 14 7.625426e-02
<MEAN> 6
 7.641755e+01 -1.048489e+02 -3.784977e+03 -1.347733e-01 -6.699558e+00 -1.133172e+02
<VARIANCE> 6
 3.175529e+01 1.324029e+04 2.175312e+06 3.005907e+02 4.044402e+04 5.187610e+07
<GCONST> 7.264681e+01
<MIXTURE> 15 5.544544e-02
<MEAN> 6
 5.573070e+01 1.264106e+02 -2.674399e+03 -1.089528e+00 2.959286e+00 -9.710864e+01
<VARIANCE> 6
 3.175529e+01 1.324029e+04 2.480703e+06 3.005907e+02 4.044402e+04 5.187610e+07
<GCONST> 7.277818e+01
<STATE> 3
<NUMMIXES> 15
<MIXTURE> 1 3.507617e-02
<MEAN> 6
 7.808220e+01 1.890690e+03 1.295216e+03 -2.156644e-01 5.169340e+00 -9.339813e+01
<VARIANCE> 6
 3.175529e+01 2.414232e+05 2.036242e+05 3.005907e+02 4.044402e+04 5.187610e+07
<GCONST> 7.318145e+01
<MIXTURE> 2 8.514808e-02
<MEAN> 6
 8.914388e+01 -1.841177e+03 9.663747e+01 -2.543457e+00 -3.424258e+00 -9.441106e+01
<VARIANCE> 6
 3.175529e+01 1.355482e+06 1.845508e+05 3.005907e+02 4.044402e+04 5.187610e+07
<GCONST> 7.480846e+01
<MIXTURE> 3 7.636901e-02
<MEAN> 6
 7.638387e+01 5.541177e+01 1.270057e+03 -7.568946e-01 -2.560333e+00 -6.934447e+01
<VARIANCE> 6
 3.175529e+01 7.256658e+04 5.363762e+05 3.005907e+02 4.044402e+04 5.187610e+07
<GCONST> 7.294796e+01
<MIXTURE> 4 6.373211e-02
<MEAN> 6
 7.190936e+01 6.642487e+02 9.569380e+02 2.316684e-01 -8.800709e+00 -1.090144e+02
<VARIANCE> 6
 3.175529e+01 1.324029e+04 1.053140e+06 3.005907e+02 4.044402e+04 5.187610e+07
<GCONST> 7.192142e+01
<MIXTURE> 5 7.147963e-02
<MEAN> 6
 7.439647e+01 3.794277e+02 -5.926542e+02 -7.943465e-01 -4.049444e+00 -3.970544e+01
<VARIANCE> 6
 3.175529e+01 1.324029e+04 8.143781e+04 3.005907e+02 4.044402e+04 5.187610e+07
<GCONST> 6.936172e+01
<MIXTURE> 6 7.209907e-02
<MEAN> 6
 7.359745e+01 6.099744e+02 3.588918e+02 -6.543018e-01 -7.718900e-01 -8.623854e+01
<VARIANCE> 6
 3.175529e+01 2.929118e+04 1.445127e+04 3.005907e+02 4.044402e+04 5.187610e+07
<GCONST> 6.842669e+01
<MIXTURE> 7 4.302454e-02
<MEAN> 6
 7.603675e+01 -7.792189e+02 2.829537e+03 1.963256e+00 -3.796546e+00 -1.269907e+02
<VARIANCE> 6
 3.175529e+01 1.014740e+06 1.711569e+05 3.005907e+02 4.044402e+04 5.187610e+07
<GCONST> 7.444359e+01
<MIXTURE> 8 7.229887e-02
<MEAN> 6
 8.131703e+01 -7.879360e+02 2.564573e+02 -5.658322e-01 -2.799332e+00 -8.530111e+01
<VARIANCE> 6
 3.963148e+01 2.699937e+04 4.687841e+04 3.005907e+02 4.044402e+04 5.187610e+07
<GCONST> 6.974356e+01
<MIXTURE> 9 5.905512e-02
<MEAN> 6
 6.937093e+01 4.783634e+02 -2.157564e+02 -8.298024e-02 -2.642978e+00 -1.068648e+02
<VARIANCE> 6
 3.175529e+01 3.911532e+04 1.445127e+04 3.005907e+02 4.044402e+04 5.187610e+07
<GCONST> 6.871592e+01
<MIXTURE> 10 5.278552e-02
<MEAN> 6
 7.279668e+01 5.114874e+01 -4.509539e+02 -2.010427e-01 -3.327484e-01 -9.087000e+01
<VARIANCE> 6
 3.175529e+01 1.382204e+04 5.021623e+04 3.005907e+02 4.044402e+04 5.187610e+07
<GCONST> 6.892123e+01
<MIXTURE> 11 1.020748e-01
<MEAN> 6
 7.184311e+01 2.518951e+01 2.378418e+02 -7.071109e-01 -6.303715e+00 -1.263432e+02
<VARIANCE> 6
 3.175529e+01 5.021281e+04 1.445127e+04 3.005907e+02 4.044402e+04 5.187610e+07
<GCONST> 6.896568e+01
<MIXTURE> 12 6.434537e-02
<MEAN> 6
 7.917075e+01 -7.652028e+02 1.155567e+01 -1.035390e+00 -1.739473e+00 -1.595933e+02
<VARIANCE> 6
 3.175529e+01 1.700509e+05 4.110990e+04 3.005907e+02 4.044402e+04 5.187610e+07
<GCONST> 7.123097e+01
<MIXTURE> 13 9.140968e-02
<MEAN> 6
 7.449459e+01 -3.867691e+02 4.373315e+02 -1.061643e-01 -3.811596e+00 -4.967164e+01
<VARIANCE> 6
 3.175529e+01 1.324029e+04 1.883434e+05 3.005907e+02 4.044402e+04 5.187610e+07
<GCONST> 7.020016e+01
<MIXTURE> 14 5.842498e-02
<MEAN> 6
 6.911107e+01 4.699721e+02 -2.269581e+02 2.427700e-02 -5.117571e-01 -7.161431e+01
<VARIANCE> 6
 3.175529e+01 2.034495e+04 1.445127e+04 3.005907e+02 4.044402e+04 5.187610e+07
<GCONST> 6.806224e+01
<MIXTURE> 15 5.260902e-02
<MEAN> 6
 7.259233e+01 9.537643e+00 -5.037044e+02 -7.147384e-01 -9.047203e+00 -2.405325e+02
<VARIANCE> 6
 3.175529e+01 1.342042e+04 3.927505e+04 3.005907e+02 4.044402e+04 5.187610e+07
<GCONST> 6.864599e+01
<STATE> 4
<NUMMIXES> 15
<MIXTURE> 1 6.804615e-02
<MEAN> 6
 7.255137e+01 6.626039e+01 -1.863980e+02 -3.699925e+01 -8.429300e+02 -1.289819e+04
<VARIANCE> 6
 4.666445e+01 2.711872e+05 1.339540e+06 4.537268e+02 6.192289e+04 5.342670e+07
<GCONST> 7.643361e+01
<MIXTURE> 2 8.508486e-02
<MEAN> 6
 5.290322e+01 2.370389e+02 -3.923485e+02 -2.229743e+02 -1.380014e+03 4.468453e+03
<VARIANCE> 6
 7.158065e+01 2.311533e+05 8.793529e+05 2.755378e+03 1.368984e+05 5.187610e+07
<GCONST> 7.884854e+01
<MIXTURE> 3 5.774242e-02
<MEAN> 6
 2.841458e+01 2.949059e+02 1.719143e+02 -3.191023e+02 -7.494591e+02 4.085105e+03
<VARIANCE> 6
 3.458527e+02 1.277568e+07 1.375322e+06 6.810794e+03 1.283203e+05 7.242943e+07
<GCONST> 8.605720e+01
<MIXTURE> 4 8.985125e-02
<MEAN> 6
 -3.255206e+01 1.204699e+03 -2.379911e+02 -3.616735e+02 1.705208e+03 3.197657e+04
<VARIANCE> 6
 1.696395e+02 4.629662e+06 1.085344e+06 5.725749e+03 1.418439e+06 1.004122e+09
<GCONST> 8.895152e+01
<MIXTURE> 5 5.648760e-02
<MEAN> 6
 7.081390e+01 -1.326062e+02 2.128859e+02 -1.563042e+02 -2.087830e+03 -6.019990e+03
<VARIANCE> 6
 9.320240e+01 1.125602e+06 1.089793e+05 7.872177e+03 6.542691e+05 5.485105e+08
<GCONST> 8.357986e+01
<MIXTURE> 6 3.826858e-02
<MEAN> 6
 -1.082709e+01 4.422474e+02 -1.656695e+02 -4.332456e+02 2.217043e+02 3.644171e+04
<VARIANCE> 6
 9.941077e+01 7.124857e+05 2.281204e+06 2.439979e+03 5.007399e+05 3.879804e+08
<GCONST> 8.444331e+01
<MIXTURE> 7 9.183686e-02
<MEAN> 6
 -6.072756e+01 -2.138779e+02 -3.978639e+02 2.423537e+01 3.345336e+02 1.037076e+03
<VARIANCE> 6
 7.628946e+01 1.196445e+07 1.042519e+06 8.892305e+02 1.600767e+05 1.056866e+08
<GCONST> 8.276615e+01
<MIXTURE> 8 5.885706e-02
<MEAN> 6
 3.337243e+01 8.827665e+02 -4.232969e+02 -3.687627e+02 -1.500839e+03 1.299406e+04
<VARIANCE> 6
 2.969590e+02 9.120598e+05 1.055783e+07 4.168006e+03 4.325704e+05 4.734996e+08
<GCONST> 8.790505e+01
<MIXTURE> 9 7.674454e-02
<MEAN> 6
 -2.990464e+01 9.657127e+01 3.244511e+01 3.068673e+02 1.275170e+03 -1.379773e+04
<VARIANCE> 6
 1.326692e+02 3.398884e+06 4.066326e+05 5.002997e+03 3.278030e+05 1.674235e+08
<GCONST> 8.402374e+01
<MIXTURE> 10 5.950758e-02
<MEAN> 6
 6.825951e+01 2.617216e+02 -5.725081e+02 -9.986832e+01 -1.544726e+03 -1.177127e+04
<VARIANCE> 6
 3.545936e+01 2.732453e+05 4.162578e+06 1.117653e+03 2.154316e+05 1.161137e+08
<GCONST> 8.022488e+01
<MIXTURE> 11 7.050627e-02
<MEAN> 6
 -5.297083e+01 5.269036e+02 -3.998947e-02 -1.927983e+02 2.862469e+03 -2.677399e+03
<VARIANCE> 6
 1.134296e+02 8.655898e+05 6.974026e+05 7.231339e+03 8.232754e+05 4.921907e+08
<GCONST> 8.540633e+01
<MIXTURE> 12 7.330965e-02
<MEAN> 6
 1.415206e+01 -1.863046e+02 -2.538494e+02 -3.584282e+02 -6.271461e+02 5.071915e+03
<VARIANCE> 6
 2.956332e+02 3.496744e+05 1.670511e+05 3.675108e+03 1.015303e+05 6.027106e+07
<GCONST> 7.915900e+01
<MIXTURE> 13 5.767718e-02
<MEAN> 6
 -5.710135e+01 1.547537e+02 -1.126656e+02 1.394738e+02 1.661092e+03 9.709938e+02
<VARIANCE> 6
 1.153534e+02 4.406969e+05 4.900259e+05 9.425687e+03 1.588702e+05 1.123038e+08
<GCONST> 8.153734e+01
<MIXTURE> 14 5.939140e-02
<MEAN> 6
 -5.902663e+01 9.298606e+01 -8.027064e+02 -5.779488e+01 2.012120e+03 -3.052661e+04
<VARIANCE> 6
 1.290223e+02 2.421968e+06 1.203734e+06 4.463881e+03 8.626092e+05 5.693474e+08
<GCONST> 8.681978e+01
<MIXTURE> 15 5.668050e-02
<MEAN> 6
 -6.377755e+01 -2.949369e+01 -3.301845e+02 8.526807e+01 1.433275e+03 -1.712271e+03
<VARIANCE> 6
 1.227492e+02 4.021110e+05 4.832200e+05 1.011648e+04 1.925848e+05 1.449068e+08
<GCONST> 8.201193e+01
<STATE> 5
<NUMMIXES> 15
<MIXTURE> 1 5.472247e-02
<MEAN> 6
 8.973845e+01 -6.282990e+02 4.480236e+02 6.314909e+01 -9.750733e+02 1.684924e+02
<VARIANCE> 6
 1.793085e+02 2.721646e+06 2.986019e+06 1.471323e+04 1.589957e+06 1.197777e+09
<GCONST> 9.072202e+01
<MIXTURE> 2 6.042137e-02
<MEAN> 6
 9.540926e+01 -4.100581e+02 6.138366e+02 -1.280623e+01 -5.032839e+01 -2.599741e+02
<VARIANCE> 6
 9.522294e+01 1.960004e+06 3.372047e+06 3.005907e+02 4.044402e+04 5.187610e+07
<GCONST> 7.918076e+01
<MIXTURE> 3 7.302360e-02
<MEAN> 6
 -5.621787e+01 2.403911e+02 1.307168e+03 -1.539588e+02 1.554266e+03 9.884255e+02
<VARIANCE> 6
 2.341114e+02 8.263206e+05 3.688758e+06 1.694929e+04 6.433308e+05 4.958236e+08
<GCONST> 8.836272e+01
<MIXTURE> 4 9.264709e-02
<MEAN> 6
 5.234343e+01 -3.057045e+02 9.931736e+02 2.070812e+02 -6.330599e+02 8.415933e+02
<VARIANCE> 6
 2.301711e+02 1.431417e+06 4.389408e+06 3.230959e+03 1.826603e+05 5.187610e+07
<GCONST> 8.389526e+01
<MIXTURE> 5 8.762023e-02
<MEAN> 6
 -6.309844e+01 1.214103e+02 5.907716e+02 1.303576e+01 1.252398e+02 -4.925105e+01
<VARIANCE> 6
 7.321864e+01 6.621972e+05 5.360218e+06 4.691259e+02 4.878181e+04 5.187610e+07
<GCONST> 7.892890e+01
<MIXTURE> 6 7.764921e-02
<MEAN> 6
 8.811123e+00 -2.043357e+02 9.094055e+02 3.104426e+02 -9.237762e+01 -1.012109e+04
<VARIANCE> 6
 3.148124e+02 1.490606e+06 5.242260e+06 4.347674e+03 3.577752e+05 8.133684e+07
<GCONST> 8.584536e+01
<MIXTURE> 7 5.548530e-02
<MEAN> 6
 -4.417276e+01 3.114818e+02 1.671326e+03 1.915482e+02 1.062142e+03 -1.318946e+02
<VARIANCE> 6
 2.336095e+02 8.579913e+05 6.278312e+06 5.952562e+03 1.718931e+05 5.191409e+07
<GCONST> 8.430718e+01
<MIXTURE> 8 5.814682e-02
<MEAN> 6
 8.698247e+01 -3.084630e+02 1.664272e+03 4.608270e+01 -4.607682e+02 6.826573e+02
<VARIANCE> 6
 1.514296e+02 8.179368e+05 4.411056e+06 6.360321e+03 8.403460e+04 5.187610e+07
<GCONST> 8.282273e+01
<MIXTURE> 9 5.141443e-02
<MEAN> 6
 5.197857e+00 6.639623e+02 1.613379e+03 -3.409332e+02 -1.741076e+02 1.087231e+04
<VARIANCE> 6
 7.868441e+02 1.099435e+06 3.087553e+06 5.269093e+03 6.109851e+05 2.721617e+08
<GCONST> 8.786284e+01
<MIXTURE> 10 5.063053e-02
<MEAN> 6
 -2.590969e+01 -1.137356e+03 4.983620e+02 7.464837e+01 4.653303e+02 -1.651156e+03
<VARIANCE> 6
 5.034449e+02 1.938615e+06 8.494996e+05 2.819533e+04 1.643250e+05 5.187610e+07
<GCONST> 8.539950e+01
<MIXTURE> 11 7.438938e-02
<MEAN> 6
 6.971349e+01 5.673530e+01 5.347971e+02 -1.633188e+02 -9.169045e+02 -6.173328e+02
<VARIANCE> 6
 2.074440e+02 4.222752e+05 1.069950e+06 5.007985e+03 1.841661e+05 5.325290e+07
<GCONST> 8.163160e+01
<MIXTURE> 12 5.244393e-02
<MEAN> 6
 8.016199e+01 -8.126316e+01 3.915601e+02 -3.179635e+00 -6.998080e+01 -6.358313e+02
<VARIANCE> 6
 3.561570e+01 8.963134e+04 1.220661e+06 3.005907e+02 4.044402e+04 5.187610e+07
<GCONST> 7.409621e+01
<MIXTURE> 13 9.102469e-02
<MEAN> 6
 -5.099145e+01 3.252614e+01 -3.135993e+02 3.067196e+01 5.709904e+02 7.575975e+01
<VARIANCE> 6
 2.621614e+02 2.048996e+05 3.158493e+06 7.391846e+03 1.718384e+05 5.281715e+07
<GCONST> 8.253690e+01
<MIXTURE> 14 6.195339e-02
<MEAN> 6
 1.860948e+01 -3.279263e+01 2.413295e+02 -2.705970e+02 -2.067784e+02 3.690463e+03
<VARIANCE> 6
 6.989919e+02 4.428845e+05 6.214366e+06 3.522183e+03 3.026750e+05 6.780118e+07
<GCONST> 8.503968e+01
<MIXTURE> 15 5.835403e-02
<MEAN> 6
 8.447948e+01 -5.755579e+02 6.242366e+02 1.524000e+01 -5.863390e+02 -1.502738e+03
<VARIANCE> 6
 1.682911e+02 7.564206e+05 3.972636e+06 7.935259e+03 8.738174e+04 5.187610e+07
<GCONST> 8.300574e+01
<STATE> 6
<NUMMIXES> 15
<MIXTURE> 1 9.443839e-02
<MEAN> 6
 6.884360e+01 -1.034045e+03 1.754395e+03 -1.863032e-01 -9.528184e+00 -8.537061e+01
<VARIANCE> 6
 3.175529e+01 6.842262e+05 9.843350e+05 3.005907e+02 4.044402e+04 5.187610e+07
<GCONST> 7.579888e+01
<MIXTURE> 2 5.761915e-02
<MEAN> 6
 7.152681e+01 6.863542e+02 2.089017e+02 -1.192086e+00 -9.668980e+00 -4.343324e+01
<VARIANCE> 6
 3.175529e+01 1.357232e+05 1.445127e+04 3.005907e+02 4.044402e+04 5.187610e+07
<GCONST> 6.996002e+01
<MIXTURE> 3 6.123672e-02
<MEAN> 6
 5.871360e+01 2.550339e+03 -2.523247e+02 3.105032e-01 -5.385711e+00 -1.958535e+02
<VARIANCE> 6
 3.175529e+01 8.070004e+04 1.445127e+04 3.005907e+02 4.044402e+04 5.187610e+07
<GCONST> 6.944015e+01
<MIXTURE> 4 2.870844e-02
<MEAN> 6
 4.932389e+01 1.529020e+02 4.590305e+02 2.498753e-01 -5.697467e+00 -1.411652e+02
<VARIANCE> 6
 3.175529e+01 1.324029e+04 4.999791e+04 3.005907e+02 4.044402e+04 5.187610e+07
<GCONST> 6.887387e+01
<MIXTURE> 5 6.846751e-02
<MEAN> 6
 7.020487e+01 1.065293e+03 -6.811806e+02 -9.428313e-01 -5.569955e+00 -7.190760e+01
<VARIANCE> 6
 4.891189e+01 1.353459e+05 1.445127e+04 3.005907e+02 4.044402e+04 5.187610e+07
<GCONST> 7.038920e+01
<MIXTURE> 6 7.082615e-02
<MEAN> 6
 7.078718e+01 -9.908610e+02 4.141607e+00 -6.834304e-01 -8.482646e+00 -1.459017e+02
<VARIANCE> 6
 4.502827e+01 4.554486e+05 3.939437e+04 3.005907e+02 4.044402e+04 5.187610e+07
<GCONST> 7.252276e+01
<MIXTURE> 7 9.115123e-02
<MEAN> 6
 6.057178e+01 -2.579059e+02 -1.183051e+02 4.137805e-02 -4.638961e+00 -1.651998e+02
<VARIANCE> 6
 3.175529e+01 1.324029e+04 4.825291e+04 3.005907e+02 4.044402e+04 5.187610e+07
<GCONST> 6.883834e+01
<MIXTURE> 8 3.777759e-02
<MEAN> 6
 6.180203e+01 -2.196845e+03 -5.099096e+02 2.173374e-01 -4.759251e+00 -1.347330e+02
<VARIANCE> 6
 3.175529e+01 1.296943e+05 1.895468e+04 3.005907e+02 4.044402e+04 5.187610e+07
<GCONST> 7.018585e+01
<MIXTURE> 9 1.048647e-01
<MEAN> 6
 6.381984e+01 -6.866371e+02 -2.330669e+02 8.452253e-01 -5.278833e+00 -1.204402e+02
<VARIANCE> 6
 3.175529e+01 2.615904e+04 6.971892e+04 3.005907e+02 4.044402e+04 5.187610e+07
<GCONST> 6.988729e+01
<MIXTURE> 10 6.329517e-02
<MEAN> 6
 6.917007e+01 1.283905e+03 6.759247e+01 -6.529620e-01 2.860310e+00 -7.419617e+01
<VARIANCE> 6
 3.175529e+01 1.209307e+05 1.445127e+04 3.005907e+02 4.044402e+04 5.187610e+07
<GCONST> 6.984462e+01
<MIXTURE> 11 7.877538e-02
<MEAN> 6
 5.927839e+01 -2.879298e+02 -4.877959e+02 2.516295e-01 1.273321e+00 -5.860572e+01
<VARIANCE> 6
 3.175529e+01 1.324029e+04 7.232799e+04 3.005907e+02 4.044402e+04 5.187610e+07
<GCONST> 6.924310e+01
<MIXTURE> 12 6.803963e-02
<MEAN> 6
 6.440703e+01 -5.892923e+02 -5.380747e+02 4.137198e-01 -5.233120e+00 -3.625763e+01
<VARIANCE> 6
 3.175529e+01 3.193246e+04 8.413885e+04 3.005907e+02 4.044402e+04 5.187610e+07
<GCONST> 7.027471e+01
<MIXTURE> 13 5.224334e-02
<MEAN> 6
 7.148063e+01 -1.135696e+03 -1.057738e+02 -1.266498e+00 -5.423631e+00 -1.260620e+02
<VARIANCE> 6
 9.033877e+01 2.834463e+05 3.946485e+04 3.005907e+02 4.044402e+04 5.187610e+07
<GCONST> 7.274657e+01
<MIXTURE> 14 5.928894e-02
<MEAN> 6
 5.994777e+01 1.991143e+03 -3.157185e+02 3.257704e-01 -5.172940e+00 -2.000939e+02
<VARIANCE> 6
 3.175529e+01 1.008481e+05 1.445127e+04 3.005907e+02 4.044402e+04 5.187610e+07
<GCONST> 6.966302e+01
<MIXTURE> 15 6.320381e-02
<MEAN> 6
 6.875488e+01 1.198278e+03 5.257743e+01 -1.205609e+00 -1.421658e+01 -2.666433e+02
<VARIANCE> 6
 3.175529e+01 9.991584e+04 1.445127e+04 3.005907e+02 4.044402e+04 5.187610e+07
<GCONST> 6.965373e+01
<STATE> 7
<NUMMIXES> 15
<MIXTURE> 1 4.887552e-02
<MEAN> 6
 -9.056089e+00 2.861884e+02 1.973511e+02 -2.297787e+02 3.394995e+02 6.343017e+03
<VARIANCE> 6
 3.553121e+02 8.364243e+05 3.763565e+05 4.397488e+03 2.242629e+05 1.845584e+08
<GCONST> 8.311829e+01
<MIXTURE> 2 6.761726e-02
<MEAN> 6
 8.348789e+01 -2.866562e+02 2.401562e+02 -6.973592e+00 -8.512477e+01 -2.056924e+02
<VARIANCE> 6
 1.135288e+02 7.459326e+05 3.385279e+05 3.005907e+02 4.044402e+04 5.187610e+07
<GCONST> 7.609187e+01
<MIXTURE> 3 4.004904e-02
<MEAN> 6
 -1.050511e+01 1.729014e+02 3.051249e+01 -1.068317e+01 1.015459e+02 2.296450e+02
<VARIANCE> 6
 2.720587e+02 1.445540e+05 2.341169e+05 2.567055e+04 4.202742e+04 5.187610e+07
<GCONST> 7.944181e+01
<MIXTURE> 4 7.065739e-02
<MEAN> 6
 8.543604e+01 -9.286005e+01 1.811339e+02 3.443260e+01 -1.033190e+03 -1.085688e+03
<VARIANCE> 6
 2.780430e+02 2.231220e+06 9.297511e+05 1.474844e+04 7.162135e+05 4.542141e+08
<GCONST> 8.803048e+01
<MIXTURE> 5 5.767588e-02
<MEAN> 6
 -3.999822e+01 7.689059e+01 6.157203e+01 1.319661e+02 9.803992e+02 -3.200429e+02
<VARIANCE> 6
 8.628584e+01 6.315324e+05 1.691890e+05 6.070324e+03 1.473265e+05 5.187610e+07
<GCONST> 7.925555e+01
<MIXTURE> 6 7.850175e-02
<MEAN> 6
 5.305151e+01 3.391016e+02 -7.117304e+00 1.816041e+02 -4.513349e+02 -8.950058e+02
<VARIANCE> 6
 1.998945e+02 1.227331e+06 2.945571e+05 3.300881e+03 1.161900e+05 5.187610e+07
<GCONST> 8.046793e+01
<MIXTURE> 7 6.106902e-02
<MEAN> 6
 -1.185932e+01 7.912251e+01 -1.271438e+01 2.381821e+02 3.765306e+02 -7.957567e+03
<VARIANCE> 6
 1.651319e+02 7.195530e+05 2.055891e+05 3.658668e+03 1.667778e+05 7.466158e+07
<GCONST> 8.021178e+01
<MIXTURE> 8 8.093248e-02
<MEAN> 6
 -5.648610e+01 -2.256490e+01 4.553675e+01 1.456241e+01 1.984743e+02 -1.693871e+02
<VARIANCE> 6
 1.125427e+02 6.507581e+05 4.481800e+05 5.929525e+02 6.710503e+04 5.187610e+07
<GCONST> 7.741293e+01
<MIXTURE> 9 7.319964e-02
<MEAN> 6
 3.474009e+01 -2.830301e+02 2.967343e+01 -2.418992e+02 -3.650865e+02 4.833597e+03
<VARIANCE> 6
 2.194090e+02 2.892330e+06 7.657472e+05 3.105767e+03 1.666047e+05 8.151711e+07
<GCONST> 8.312510e+01
<MIXTURE> 10 9.658334e-02
<MEAN> 6
 7.614934e+01 -9.786018e+01 9.632140e+01 1.834164e+01 -5.205967e+02 -8.022952e+02
<VARIANCE> 6
 1.278396e+02 3.928625e+05 4.209418e+05 9.248799e+03 1.004189e+05 5.187610e+07
<GCONST> 8.012322e+01
<MIXTURE> 11 5.724896e-02
<MEAN> 6
 -4.941132e+01 8.320908e+01 3.921202e+01 -1.234291e+02 1.524472e+03 1.357255e+03
<VARIANCE> 6
 1.410394e+02 1.074359e+06 5.611075e+05 1.108952e+04 4.868838e+05 5.145765e+08
<GCONST> 8.556960e+01
<MIXTURE> 12 7.607201e-02
<MEAN> 6
 2.293316e+01 -3.647667e+01 -3.765386e+01 2.239192e+02 -1.886893e+02 -2.186903e+03
<VARIANCE> 6
 2.608142e+02 5.178552e+05 5.364222e+05 2.979771e+03 7.391752e+04 5.187610e+07
<GCONST> 7.991588e+01
<MIXTURE> 13 7.160555e-02
<MEAN> 6
 6.661069e+01 -5.725463e+01 3.937300e+01 -1.386169e+02 -7.911743e+02 6.701591e+02
<VARIANCE> 6
 1.851005e+02 7.356358e+05 1.278080e+05 5.196122e+03 1.440955e+05 5.187610e+07
<GCONST> 7.971320e+01
<MIXTURE> 14 7.133891e-02
<MEAN> 6
 -5.042813e+01 8.373700e+01 2.688064e+01 2.321727e+01 7.571729e+02 -2.654408e+02
<VARIANCE> 6
 1.136241e+02 3.852622e+05 3.053690e+05 7.582189e+03 8.745277e+04 5.539832e+07
<GCONST> 7.939359e+01
<MIXTURE> 15 4.829218e-02
<MEAN> 6
 -1.134720e+01 3.252308e+00 -4.152869e+01 -2.426344e+02 1.609287e+02 2.947704e+03
<VARIANCE> 6
 2.937343e+02 9.235489e+05 3.896546e+05 4.716278e+03 2.496474e+05 1.885176e+08
<GCONST> 8.326022e+01
<STATE> 8
<NUMMIXES> 15
<MIXTURE> 1 5.013361e-02
<MEAN> 6
 1.014743e+02 -2.955927e+03 1.288982e+04 -1.008272e-01 -2.568035e+01 2.141176e+02
<VARIANCE> 6
 3.175529e+01 5.520922e+05 1.549500e+06 3.005907e+02 4.044402e+04 5.187610e+07
<GCONST> 7.603802e+01
<MIXTURE> 2 6.009930e-02
<MEAN> 6
 9.653757e+01 -3.940612e+03 8.566608e+03 -4.888342e+00 1.688663e+00 8.273789e+00
<VARIANCE> 6
 3.175529e+01 1.324029e+04 1.955454e+06 3.005907e+02 4.044402e+04 5.187610e+07
<GCONST> 7.254027e+01
<MIXTURE> 3 3.833473e-02
<MEAN> 6
 7.108213e+01 -3.366966e+03 2.996856e+03 -2.730097e+00 -2.963793e+00 -2.760537e+01
<VARIANCE> 6
 3.175529e+01 5.772029e+04 4.338836e+04 3.005907e+02 4.044402e+04 5.187610e+07
<GCONST> 7.020442e+01
<MIXTURE> 4 5.273243e-02
<MEAN> 6
 7.479279e+01 -2.547168e+03 8.376738e+03 -9.174766e-01 1.012141e+00 -2.557212e+00
<VARIANCE> 6
 3.175529e+01 1.000943e+05 1.218617e+06 3.005907e+02 4.044402e+04 5.187610e+07
<GCONST> 7.409021e+01
<MIXTURE> 5 5.896520e-02
<MEAN> 6
 8.142040e+01 -3.852683e+03 1.510110e+03 -3.004094e+00 9.610028e+00 -1.804276e+02
<VARIANCE> 6
 3.175529e+01 5.565518e+04 1.679506e+04 3.005907e+02 4.044402e+04 5.187610e+07
<GCONST> 6.921888e+01
<MIXTURE> 6 5.643345e-02
<MEAN> 6
 6.812371e+01 -4.017184e+03 3.470863e+03 -7.914340e-01 1.316235e+00 -1.122278e+01
<VARIANCE> 6
 3.175529e+01 2.152446e+04 1.445127e+04 3.005907e+02 4.044402e+04 5.187610e+07
<GCONST> 6.811860e+01
<MIXTURE> 7 1.017847e-01
<MEAN> 6
 8.277563e+01 -4.834463e+03 1.146830e+04 -4.390092e-02 8.670700e-01 7.685058e+01
<VARIANCE> 6
 3.175529e+01 2.896320e+04 7.207396e+06 3.005907e+02 4.044402e+04 5.187610e+07
<GCONST> 7.462751e+01
<MIXTURE> 8 7.213458e-02
<MEAN> 6
 8.914822e+01 -4.325809e+03 5.003226e+03 -1.344585e+00 -1.108037e+01 -1.598272e+02
<VARIANCE> 6
 3.175529e+01 1.324029e+04 1.113185e+06 3.005907e+02 4.044402e+04 5.187610e+07
<GCONST> 7.197687e+01
<MIXTURE> 9 1.007220e-01
<MEAN> 6
 6.720518e+01 -4.261215e+03 3.382767e+03 -3.915785e-01 -6.930655e+00 -1.326030e+02
<VARIANCE> 6
 3.175529e+01 1.324029e+04 1.445127e+04 3.005907e+02 4.044402e+04 5.187610e+07
<GCONST> 6.763267e+01
<MIXTURE> 10 6.937453e-02
<MEAN> 6
 8.396342e+01 -3.276115e+03 2.855408e+02 -1.106660e+01 7.572413e+01 -3.038746e+02
<VARIANCE> 6
 3.175529e+01 4.116793e+05 1.625195e+04 3.005907e+02 5.345930e+04 5.187610e+07
<GCONST> 7.146609e+01
<MIXTURE> 11 8.241889e-02
<MEAN> 6
 9.003055e+01 -4.475113e+03 2.362414e+03 -3.958030e+00 -2.849988e+01 -4.871820e+02
<VARIANCE> 6
 3.175529e+01 1.324029e+04 6.051987e+05 3.005907e+02 4.044402e+04 5.187610e+07
<GCONST> 7.136745e+01
<MIXTURE> 12 7.718783e-02
<MEAN> 6
 7.514716e+01 -1.679327e+03 4.510880e+03 -1.392725e-01 -2.593169e+01 -2.377325e+02
<VARIANCE> 6
 3.175529e+01 9.731345e+04 3.604431e+06 3.005907e+02 4.044402e+04 5.187610e+07
<GCONST> 7.514648e+01
<MIXTURE> 13 6.531209e-02
<MEAN> 6
 8.724745e+01 -4.386781e+03 5.196759e+03 -1.257618e+00 -1.427195e+01 -1.879456e+02
<VARIANCE> 6
 3.175529e+01 1.324029e+04 1.508070e+06 3.005907e+02 4.044402e+04 5.187610e+07
<GCONST> 7.228047e+01
<MIXTURE> 14 5.820616e-02
<MEAN> 6
 7.574789e+01 -5.064297e+03 2.050901e+02 -4.480416e+00 1.406026e+01 3.863046e+01
<VARIANCE> 6
 3.175529e+01 1.763397e+06 1.445127e+04 3.005907e+02 4.044402e+04 5.187610e+07
<GCONST> 7.252441e+01
<MIXTURE> 15 5.614879e-02
<MEAN> 6
 6.789250e+01 -4.067909e+03 3.453430e+03 -1.202102e+00 -1.255452e+01 -3.113557e+02
<VARIANCE> 6
 3.175529e+01 2.324730e+04 1.445127e+04 3.005907e+02 4.044402e+04 5.187610e+07
<GCONST> 6.819559e+01
<STATE> 9
<NUMMIXES> 15
<MIXTURE> 1 3.351634e-02
<MEAN> 6
 8.710741e+01 -1.375288e+03 -5.854780e+02 -6.428890e+00 -1.639890e+01 1.323653e+02
<VARIANCE> 6
 3.175529e+01 7.593557e+04 1.445127e+04 3.005907e+02 4.044402e+04 5.187610e+07
<GCONST> 6.937929e+01
<MIXTURE> 2 6.921716e-02
<MEAN> 6
 7.665685e+01 1.167500e+02 -9.761462e+02 -6.501027e+00 2.244872e+01 4.610710e-01
<VARIANCE> 6
 3.175529e+01 2.146743e+04 1.445127e+04 3.005907e+02 4.044402e+04 5.187610e+07
<GCONST> 6.811594e+01
<MIXTURE> 3 9.306183e-02
<MEAN> 6
 6.136961e+01 2.951388e+02 -1.883672e+03 -6.579642e-01 -1.072131e+01 -1.269984e+02
<VARIANCE> 6
 3.175529e+01 1.324029e+04 1.445127e+04 3.005907e+02 4.044402e+04 5.187610e+07
<GCONST> 6.763267e+01
<MIXTURE> 4 6.688552e-02
<MEAN> 6
 9.055522e+01 5.564734e+01 3.482680e+01 4.178327e+01 -5.655930e+02 3.536953e+03
<VARIANCE> 6
 6.946401e+01 4.302712e+05 5.767790e+05 1.169928e+03 4.044402e+04 5.187610e+07
<GCONST> 7.694219e+01
<MIXTURE> 5 7.737824e-02
<MEAN> 6
 8.164963e+01 -1.022785e+03 -1.273355e+03 -3.343461e+00 2.986774e+00 -5.936599e+01
<VARIANCE> 6
 3.175529e+01 1.324029e+04 1.445127e+04 3.005907e+02 4.044402e+04 5.187610e+07
<GCONST> 6.763267e+01
<MIXTURE> 6 8.832660e-02
<MEAN> 6
 7.015147e+01 8.045261e+01 -2.172276e+03 -2.711555e+00 1.978404e+00 -2.843066e-01
<VARIANCE> 6
 3.175529e+01 1.324029e+04 2.549441e+04 3.005907e+02 4.044402e+04 5.187610e+07
<GCONST> 6.820035e+01
<MIXTURE> 7 9.574612e-02
<MEAN> 6
 6.140410e+01 2.901587e+02 -1.901150e+03 -4.905181e-01 -7.809864e+00 -9.563928e+01
<VARIANCE> 6
 3.175529e+01 1.324029e+04 1.445127e+04 3.005907e+02 4.044402e+04 5.187610e+07
<GCONST> 6.763267e+01
<MIXTURE> 8 5.087652e-02
<MEAN> 6
 7.734088e+01 -2.855757e+01 -1.677023e+03 -7.964604e+00 1.863518e+01 -8.445993e+00
<VARIANCE> 6
 3.175529e+01 1.324029e+04 8.962100e+04 3.005907e+02 4.044402e+04 5.187610e+07
<GCONST> 6.945747e+01
<MIXTURE> 9 5.018020e-02
<MEAN> 6
 8.675323e+01 -5.190822e+02 -8.686033e+02 -4.908269e+00 -8.613859e+00 2.165817e+02
<VARIANCE> 6
 3.175529e+01 8.445252e+04 1.975865e+04 3.005907e+02 4.044402e+04 5.187610e+07
<GCONST> 6.979840e+01
<MIXTURE> 10 3.538297e-02
<MEAN> 6
 6.420590e+01 4.899553e+02 -9.052376e+02 2.551055e+01 -1.683815e+02 3.071985e+02
<VARIANCE> 6
 3.175529e+01 2.508001e+04 4.301023e+04 1.648927e+03 4.044402e+04 5.187610e+07
<GCONST> 7.106426e+01
<MIXTURE> 11 5.793248e-02
<MEAN> 6
 8.388456e+01 -1.722045e+02 -1.858803e+03 -9.760234e+00 -1.172686e+01 2.484478e+02
<VARIANCE> 6
 3.175529e+01 1.324029e+04 8.192128e+04 3.005907e+02 4.044402e+04 5.187610e+07
<GCONST> 6.936765e+01
<MIXTURE> 12 9.829527e-02
<MEAN> 6
 8.347343e+01 -6.966284e+02 -1.060931e+03 4.696985e+01 -2.522100e+02 3.577834e+02
<VARIANCE> 6
 6.589089e+01 8.597689e+05 2.367737e+06 1.511175e+03 4.044402e+04 5.187610e+07
<GCONST> 7.924982e+01
<MIXTURE> 13 7.213380e-02
<MEAN> 6
 7.675548e+01 4.225589e+00 -9.665664e+02 -3.518293e+00 -2.140728e+01 -4.424804e+01
<VARIANCE> 6
 3.175529e+01 2.316263e+04 1.445127e+04 3.005907e+02 4.044402e+04 5.187610e+07
<GCONST> 6.819195e+01
<MIXTURE> 14 6.094396e-02
<MEAN> 6
 8.814386e+01 1.582491e+02 -1.836514e+02 7.240064e+01 -7.475126e+02 9.281539e+02
<VARIANCE> 6
 3.261448e+01 5.528225e+05 6.847018e+05 1.375382e+03 8.675343e+04 5.495138e+07
<GCONST> 7.759082e+01
<MIXTURE> 15 5.010610e-02
<MEAN> 6
 8.666971e+01 -6.203452e+02 -9.183372e+02 -4.651702e+00 -1.467944e+01 2.033110e+02
<VARIANCE> 6
 3.175529e+01 7.786750e+04 2.320474e+04 3.005907e+02 4.044402e+04 5.187610e+07
<GCONST> 6.987799e+01
<STATE> 10
<NUMMIXES> 15
<MIXTURE> 1 1.065895e-01
<MEAN> 6
 1.103835e+02 9.118696e+02 -7.246891e+02 -5.875774e+00 -1.031164e+01 2.443460e+02
<VARIANCE> 6
 3.175529e+01 4.510181e+05 5.335782e+04 3.005907e+02 4.044402e+04 5.187610e+07
<GCONST> 7.246716e+01
<MIXTURE> 2 6.975314e-02
<MEAN> 6
 1.059420e+02 -9.384575e+02 -6.742023e+03 -6.360715e+00 2.467741e+00 1.978226e+02
<VARIANCE> 6
 5.596424e+01 1.076828e+05 1.795300e+05 3.005907e+02 4.044402e+04 5.187610e+07
<GCONST> 7.281481e+01
<MIXTURE> 3 8.324353e-02
<MEAN> 6
 9.010157e+01 4.665202e+02 2.005937e+03 -2.973988e+00 -2.296295e+00 2.186753e+02
<VARIANCE> 6
 3.175529e+01 2.169702e+05 1.490472e+05 3.005907e+02 4.044402e+04 5.187610e+07
<GCONST> 7.276265e+01
<MIXTURE> 4 8.493348e-02
<MEAN> 6
 9.396186e+01 7.088699e+02 1.456844e+02 -3.454480e+00 -1.505761e+00 -1.630906e+01
<VARIANCE> 6
 3.175529e+01 2.249655e+05 5.605993e+04 3.005907e+02 4.044402e+04 5.187610e+07
<GCONST> 7.182099e+01
<MIXTURE> 5 4.657741e-02
<MEAN> 6
 7.927410e+01 2.252358e+03 -1.165678e+03 -1.248594e+00 7.506800e-01 -1.222299e+00
<VARIANCE> 6
 3.175529e+01 1.200355e+05 1.445127e+04 3.005907e+02 4.044402e+04 5.187610e+07
<GCONST> 6.983720e+01
<MIXTURE> 6 8.616329e-02
<MEAN> 6
 9.018809e+01 4.129488e+02 -2.884031e+03 -2.714972e+00 2.376970e+00 -1.178969e+01
<VARIANCE> 6
 3.175529e+01 1.881468e+04 5.595674e+05 3.005907e+02 4.044402e+04 5.187610e+07
<GCONST> 7.164043e+01
<MIXTURE> 7 8.502313e-02
<MEAN> 6
 8.521532e+01 -8.536755e+02 2.131115e+03 -4.626771e+00 -8.515244e+00 1.805209e+02
<VARIANCE> 6
 3.175529e+01 2.772001e+04 7.259083e+05 3.005907e+02 4.044402e+04 5.187610e+07
<GCONST> 7.228820e+01
<MIXTURE> 8 5.161947e-02
<MEAN> 6
 9.687826e+01 -6.918904e+02 -1.174948e+03 -3.939140e+00 3.197833e-01 4.200297e+01
<VARIANCE> 6
 3.175529e+01 1.324029e+04 1.445127e+04 3.005907e+02 4.044402e+04 5.187610e+07
<GCONST> 6.763267e+01
<MIXTURE> 9 2.305233e-02
<MEAN> 6
 9.896630e+01 -1.337547e+01 3.431624e+02 -1.078317e+01 1.844347e+01 4.638122e+02
<VARIANCE> 6
 5.986402e+01 7.271259e+05 2.728695e+05 3.005907e+02 4.044402e+04 5.187610e+07
<GCONST> 7.521073e+01
<MIXTURE> 10 5.928712e-02
<MEAN> 6
 9.808228e+01 3.120784e+02 -4.682871e+02 -5.094884e+00 1.383732e+00 1.558077e+02
<VARIANCE> 6
 5.278841e+01 3.971970e+04 1.445127e+04 3.005907e+02 4.044402e+04 5.187610e+07
<GCONST> 6.923949e+01
<MIXTURE> 11 7.431708e-02
<MEAN> 6
 1.008278e+02 1.305530e+03 -1.328638e+03 -4.698163e+00 5.102080e-01 4.785499e+01
<VARIANCE> 6
 3.175529e+01 4.407295e+05 4.643414e+04 3.005907e+02 4.044402e+04 5.187610e+07
<GCONST> 7.230509e+01
<MIXTURE> 12 7.006390e-02
<MEAN> 6
 9.498400e+01 -1.401070e+02 -1.996614e+03 -4.564403e+00 4.060708e+00 -3.907318e+01
<VARIANCE> 6
 3.175529e+01 2.457442e+04 5.896083e+04 3.005907e+02 4.044402e+04 5.187610e+07
<GCONST> 6.965720e+01
<MIXTURE> 13 4.819165e-02
<MEAN> 6
 8.282351e+01 -8.133860e+02 -9.613691e+03 -3.729660e+00 7.419484e+00 -3.863435e+01
<VARIANCE> 6
 3.175529e+01 1.324029e+04 5.012242e+06 3.005907e+02 4.044402e+04 5.187610e+07
<GCONST> 7.348153e+01
<MIXTURE> 14 5.163518e-02
<MEAN> 6
 8.780502e+01 1.177625e+03 -1.410350e+03 -4.237961e+00 7.751825e-01 1.024922e+02
<VARIANCE> 6
 3.175529e+01 3.385796e+04 2.016990e+05 3.005907e+02 4.044402e+04 5.187610e+07
<GCONST> 7.120757e+01
<MIXTURE> 15 5.953150e-02
<MEAN> 6
 9.544582e+01 2.396026e+02 -4.955531e+02 -5.075268e+00 -1.218220e+00 7.833179e+01
<VARIANCE> 6
 4.594351e+01 3.063963e+04 1.445127e+04 3.005907e+02 4.044402e+04 5.187610e+07
<GCONST> 6.884106e+01
<STATE> 11
<NUMMIXES> 15
<MIXTURE> 1 6.509820e-02
<MEAN> 6
 6.786714e+01 4.454655e+02 1.413013e+02 -1.172149e-01 -9.407521e+00 -1.652254e+02
<VARIANCE> 6
 3.175529e+01 1.324029e+04 1.445127e+04 3.005907e+02 4.044402e+04 5.187610e+07
<GCONST> 6.763267e+01
<MIXTURE> 2 8.385850e-02
<MEAN> 6
 6.354538e+01 3.525621e+02 -1.711067e+02 1.220631e+00 -1.064841e+01 -1.249906e+02
<VARIANCE> 6
 3.175529e+01 1.324029e+04 1.445127e+04 3.005907e+02 4.044402e+04 5.187610e+07
<GCONST> 6.763267e+01
<MIXTURE> 3 8.638581e-02
<MEAN> 6
 5.474514e+01 8.401893e+02 -3.203333e+00 1.128840e+00 1.932245e+00 -9.373510e+01
<VARIANCE> 6
 3.175529e+01 1.324029e+04 1.445127e+04 3.005907e+02 4.044402e+04 5.187610e+07
<GCONST> 6.763267e+01
<MIXTURE> 4 5.571763e-02
<MEAN> 6
 6.121926e+01 1.558363e+02 3.964767e+02 -2.053029e-01 -8.145384e+00 -1.456658e+02
<VARIANCE> 6
 3.175529e+01 1.324029e+04 1.445127e+04 3.005907e+02 4.044402e+04 5.187610e+07
<GCONST> 6.763267e+01
<MIXTURE> 5 5.454143e-02
<MEAN> 6
 6.595613e+01 4.538293e+01 6.471420e+01 1.296505e-01 -6.442303e+00 -1.217701e+02
<VARIANCE> 6
 3.175529e+01 1.324029e+04 1.445127e+04 3.005907e+02 4.044402e+04 5.187610e+07
<GCONST> 6.763267e+01
<MIXTURE> 6 1.014510e-03
<MEAN> 6
 8.026965e+01 -1.790735e+02 -3.107224e+02 -8.422063e+00 -1.980885e+02 6.108736e+02
<VARIANCE> 6
 1.952074e+02 5.015717e+06 5.646726e+06 9.469839e+02 8.359083e+04 5.187610e+07
<GCONST> 8.322733e+01
<MIXTURE> 7 1.033042e-01
<MEAN> 6
 6.052594e+01 4.789375e+02 1.002042e+02 7.783984e-02 -4.359415e-01 -1.236834e+02
<VARIANCE> 6
 3.175529e+01 1.324029e+04 1.445127e+04 3.005907e+02 4.044402e+04 5.187610e+07
<GCONST> 6.763267e+01
<MIXTURE> 8 6.961980e-02
<MEAN> 6
 5.452509e+01 5.634898e+01 -2.243256e+02 8.969921e-01 -2.017162e+00 -1.295278e+02
<VARIANCE> 6
 3.175529e+01 1.324029e+04 2.326088e+04 3.005907e+02 4.044402e+04 5.187610e+07
<GCONST> 6.810866e+01
<MIXTURE> 9 5.390927e-02
<MEAN> 6
 6.660697e+01 3.737479e+01 7.142427e+01 4.250441e-01 -3.409779e+00 -1.278601e+01
<VARIANCE> 6
 3.175529e+01 1.324029e+04 1.445127e+04 3.005907e+02 4.044402e+04 5.187610e+07
<GCONST> 6.763267e+01
<MIXTURE> 10 1.043868e-01
<MEAN> 6
 6.042448e+01 4.800944e+02 9.836696e+01 9.063705e-02 -1.644419e-01 -1.220928e+02
<VARIANCE> 6
 3.175529e+01 1.324029e+04 1.445127e+04 3.005907e+02 4.044402e+04 5.187610e+07
<GCONST> 6.763267e+01
<MIXTURE> 11 8.418091e-02
<MEAN> 6
 6.354537e+01 3.525620e+02 -1.711067e+02 1.220631e+00 -1.064844e+01 -1.249909e+02
<VARIANCE> 6
 3.175529e+01 1.324029e+04 1.445127e+04 3.005907e+02 4.044402e+04 5.187610e+07
<GCONST> 6.763267e+01
<MIXTURE> 12 5.923583e-02
<MEAN> 6
 6.539904e+01 4.554862e+02 1.354017e+02 -9.460957e-02 -7.475199e+00 -1.619246e+02
<VARIANCE> 6
 3.354802e+01 1.324029e+04 1.445127e+04 3.005907e+02 4.044402e+04 5.187610e+07
<GCONST> 6.768759e+01
<MIXTURE> 13 7.013236e-02
<MEAN> 6
 5.531628e+01 7.339122e+01 -3.183646e+02 6.809417e-01 -3.357310e+00 -5.072614e+01
<VARIANCE> 6
 3.175529e+01 1.324029e+04 2.740021e+04 3.005907e+02 4.044402e+04 5.187610e+07
<GCONST> 6.827244e+01
<MIXTURE> 14 5.465207e-02
<MEAN> 6
 6.591060e+01 7.297455e+00 4.118210e+01 -6.752212e-03 -6.410579e+00 -1.266323e+02
<VARIANCE> 6
 3.175529e+01 1.324029e+04 1.445127e+04 3.005907e+02 4.044402e+04 5.187610e+07
<GCONST> 6.763267e+01
<MIXTURE> 15 5.391687e-02
<MEAN> 6
 6.532401e+01 -6.244071e+00 2.348759e+01 -4.257028e-01 -1.354949e+01 -2.588629e+02
<VARIANCE> 6
 3.175529e+01 1.324029e+04 1.445127e+04 3.005907e+02 4.044402e+04 5.187610e+07
<GCONST> 6.763267e+01
<STATE> 12
<NUMMIXES> 15
<MIXTURE> 1 7.289037e-02
<MEAN> 6
 7.792238e+01 8.582225e+02 2.145960e+02 -4.531729e+00 6.204667e+00 2.837993e+01
<VARIANCE> 6
 3.175529e+01 4.642378e+04 4.681268e+04 3.005907e+02 4.044402e+04 5.187610e+07
<GCONST> 7.006259e+01
<MIXTURE> 2 4.890848e-02
<MEAN> 6
 6.360763e+01 2.137277e+03 3.069733e+02 -1.308491e+00 2.485272e+00 -5.325058e+01
<VARIANCE> 6
 3.175529e+01 1.939571e+05 2.921503e+05 3.005907e+02 4.044402e+04 5.187610e+07
<GCONST> 7.332352e+01
<MIXTURE> 3 7.055780e-02
<MEAN> 6
 8.777106e+01 -2.270254e+02 6.999879e+02 -4.269692e+00 -1.398758e+01 2.690381e+02
<VARIANCE> 6
 3.175529e+01 4.302733e+04 2.016763e+04 3.005907e+02 4.044402e+04 5.187610e+07
<GCONST> 6.914454e+01
<MIXTURE> 4 8.068362e-02
<MEAN> 6
 8.352362e+01 -1.269822e+03 -7.311958e+01 -4.988251e+00 -2.183682e+00 8.873497e+01
<VARIANCE> 6
 3.294561e+01 6.748891e+04 1.445127e+04 3.005907e+02 4.044402e+04 5.187610e+07
<GCONST> 6.929816e+01
<MIXTURE> 5 4.064741e-02
<MEAN> 6
 7.436260e+01 -1.339636e+03 1.092304e+03 -3.709249e+00 7.416562e+00 6.055975e-02
<VARIANCE> 6
 3.175529e+01 2.221603e+04 1.445127e+04 3.005907e+02 4.044402e+04 5.187610e+07
<GCONST> 6.815022e+01
<MIXTURE> 6 5.248821e-02
<MEAN> 6
 7.593829e+01 8.388824e+02 -3.628083e+02 -2.395763e+00 1.192360e+00 5.415894e+01
<VARIANCE> 6
 3.175529e+01 1.593682e+05 5.963548e+04 3.005907e+02 4.044402e+04 5.187610e+07
<GCONST> 7.153809e+01
<MIXTURE> 7 9.124611e-02
<MEAN> 6
 8.201762e+01 -8.256927e+02 3.575850e+02 -4.783433e+00 8.177679e+00 9.036418e+00
<VARIANCE> 6
 4.603952e+01 1.348949e+04 2.299415e+04 3.005907e+02 4.044402e+04 5.187610e+07
<GCONST> 6.848721e+01
<MIXTURE> 8 8.330851e-02
<MEAN> 6
 7.417388e+01 4.185987e+02 6.074572e+02 -4.376153e+00 -4.100867e+00 1.763081e+01
<VARIANCE> 6
 3.175529e+01 2.558661e+04 1.634947e+04 3.005907e+02 4.044402e+04 5.187610e+07
<GCONST> 6.841489e+01
<MIXTURE> 9 8.474546e-02
<MEAN> 6
 6.928094e+01 -2.177688e+03 -2.177221e+02 -7.084106e-01 -1.743419e+00 -4.062667e+01
<VARIANCE> 6
 3.175529e+01 3.941559e+04 4.544708e+04 3.005907e+02 4.044402e+04 5.187610e+07
<GCONST> 6.986933e+01
<MIXTURE> 10 4.569432e-02
<MEAN> 6
 7.488145e+01 1.117925e+03 -3.638059e+02 -3.704518e+00 -2.856829e+00 4.271532e+01
<VARIANCE> 6
 3.175529e+01 5.808830e+05 3.764102e+04 3.005907e+02 4.044402e+04 5.187610e+07
<GCONST> 7.237127e+01
<MIXTURE> 11 6.060557e-02
<MEAN> 6
 6.729803e+01 -8.542935e+02 -1.090201e+02 -3.406234e+00 1.042585e+00 6.691477e+01
<VARIANCE> 6
 3.175529e+01 5.876230e+04 1.445127e+04 3.005907e+02 4.044402e+04 5.187610e+07
<GCONST> 6.912291e+01
<MIXTURE> 12 8.822819e-02
<MEAN> 6
 7.973055e+01 -1.975832e+02 1.602491e+02 -3.735157e+00 2.480817e+00 2.219599e+02
<VARIANCE> 6
 3.175529e+01 5.017412e+04 1.445127e+04 3.005907e+02 4.044402e+04 5.187610e+07
<GCONST> 6.896490e+01
<MIXTURE> 13 7.977135e-02
<MEAN> 6
 7.709306e+01 7.301357e+02 -1.977232e+01 -3.480206e+00 -1.145085e+00 -1.385358e+01
<VARIANCE> 6
 3.175529e+01 1.097167e+05 3.023513e+04 3.005907e+02 4.044402e+04 5.187610e+07
<GCONST> 7.048553e+01
<MIXTURE> 14 4.682510e-02
<MEAN> 6
 7.486462e+01 9.302781e+02 -4.557270e+02 -2.535093e+00 -2.985582e+00 5.375623e+01
<VARIANCE> 6
 3.175529e+01 2.338899e+05 4.316333e+04 3.005907e+02 4.044402e+04 5.187610e+07
<GCONST> 7.159846e+01
<MIXTURE> 15 5.336826e-02
<MEAN> 6
 7.527045e+01 6.943884e+02 -4.589547e+02 -3.094506e+00 -7.368851e+00 -2.111914e+01
<VARIANCE> 6
 3.175529e+01 1.511294e+05 5.179073e+04 3.005907e+02 4.044402e+04 5.187610e+07
<GCONST> 7.134397e+01
<STATE> 13
<NUMMIXES> 15
<MIXTURE> 1 1.473636e-02
<MEAN> 6
 1.376027e+01 1.348461e+04 -3.488784e+01 2.071383e+01 1.361241e+02 -5.165302e+01
<VARIANCE> 6
 3.333162e+03 2.280189e+05 2.876498e+05 2.460346e+04 3.118788e+05 6.444970e+07
<GCONST> 8.478802e+01
<MIXTURE> 2 8.261076e-02
<MEAN> 6
 -3.144168e+01 4.044236e+02 -2.114532e+02 -4.057819e+01 7.684590e+02 1.029821e+03
<VARIANCE> 6
 1.586936e+02 6.012634e+06 3.574978e+06 1.878269e+04 3.232522e+05 1.392280e+08
<GCONST> 8.807159e+01
<MIXTURE> 3 7.800267e-02
<MEAN> 6
 6.662960e+01 2.141922e+02 8.852980e+02 -5.948110e+00 -3.436588e+01 -4.233892e+00
<VARIANCE> 6
 9.994992e+01 1.828652e+06 1.270953e+06 3.005907e+02 4.044402e+04 5.187610e+07
<GCONST> 7.818409e+01
<MIXTURE> 4 4.303163e-02
<MEAN> 6
 8.757725e+01 1.214870e+03 -3.229216e+03 1.215000e+00 -4.062413e+01 -1.684472e+02
<VARIANCE> 6
 1.859019e+02 5.984368e+05 7.888478e+05 3.005907e+02 4.044402e+04 5.187610e+07
<GCONST> 7.721068e+01
<MIXTURE> 5 5.567239e-02
<MEAN> 6
 8.162194e+01 -2.021309e+01 -2.468256e+02 -5.556214e+01 -7.659738e+02 1.157091e+03
<VARIANCE> 6
 4.392849e+02 2.880319e+07 5.729205e+06 1.916610e+04 5.788612e+05 1.994880e+08
<GCONST> 9.209048e+01
<MIXTURE> 6 1.019217e-01
<MEAN> 6
 6.661887e+00 1.411554e+03 -2.332751e+03 1.749394e+01 1.053386e+02 -2.603613e+02
<VARIANCE> 6
 3.676091e+02 3.896148e+06 3.401795e+06 2.949286e+04 5.300744e+04 5.187610e+07
<GCONST> 8.608405e+01
<MIXTURE> 7 4.900839e-02
<MEAN> 6
 6.240471e+01 3.115352e+03 -3.080557e+03 1.125120e+02 -2.483710e+02 -8.406102e+02
<VARIANCE> 6
 4.188877e+02 1.339850e+06 3.065987e+06 6.347500e+03 4.044402e+04 5.187610e+07
<GCONST> 8.323667e+01
<MIXTURE> 8 6.785467e-02
<MEAN> 6
 -1.945891e+01 2.946264e+02 3.836398e+02 3.374903e+01 2.165776e+02 -1.626602e+02
<VARIANCE> 6
 2.195017e+02 4.693739e+05 7.866592e+05 5.206522e+03 6.957360e+04 5.187610e+07
<GCONST> 8.052551e+01
<MIXTURE> 9 6.340224e-02
<MEAN> 6
 6.551481e+01 -6.278154e+03 1.968431e+02 5.366331e+00 -1.356068e+02 -1.251618e+02
<VARIANCE> 6
 1.561593e+03 7.719009e+05 1.957943e+05 1.605158e+04 7.970810e+04 5.187610e+07
<GCONST> 8.285621e+01
<MIXTURE> 10 1.109207e-01
<MEAN> 6
 2.998788e+01 3.155112e+02 4.903242e+01 9.688235e+01 -5.604255e+01 -6.579374e+02
<VARIANCE> 6
 5.962592e+02 5.031727e+05 7.520178e+05 1.303271e+03 4.044402e+04 5.187610e+07
<GCONST> 7.962182e+01
<MIXTURE> 11 6.524007e-02
<MEAN> 6
 6.490076e+01 2.043747e+02 -4.479474e+02 1.245608e+01 -3.729752e+02 -4.365746e+02
<VARIANCE> 6
 1.754330e+02 1.062904e+06 2.067558e+06 8.567227e+03 6.690954e+04 5.187610e+07
<GCONST> 8.254408e+01
<MIXTURE> 12 5.886823e-02
<MEAN> 6
 -5.064804e+01 -1.237703e+03 3.339666e+02 8.037277e+00 3.936714e+02 -6.485239e+02
<VARIANCE> 6
 5.332198e+01 7.666592e+06 2.305208e+06 2.250858e+03 9.945888e+04 5.187610e+07
<GCONST> 8.249761e+01
<MIXTURE> 13 8.274919e-02
<MEAN> 6
 1.571592e+01 -4.921804e+02 -1.798215e+02 -1.396525e+02 -2.743570e+01 1.793280e+03
<VARIANCE> 6
 4.172576e+02 1.652390e+06 4.629697e+05 1.703590e+03 1.099248e+05 7.924503e+07
<GCONST> 8.166022e+01
<MIXTURE> 14 5.982197e-02
<MEAN> 6
 6.451976e+01 1.503823e+02 -1.325011e+03 -7.845983e+01 -3.657035e+02 1.072658e+03
<VARIANCE> 6
 2.019364e+02 1.850332e+06 2.641192e+06 7.114983e+03 4.811776e+04 5.187610e+07
<GCONST> 8.296856e+01
<MIXTURE> 15 6.605755e-02
<MEAN> 6
 -2.435981e+01 4.699104e+01 9.067682e+01 1.612242e+01 1.513725e+02 -1.332250e+03
<VARIANCE> 6
 2.127382e+02 5.671569e+05 7.442244e+05 4.962117e+03 6.582876e+04 5.187610e+07
<GCONST> 8.052458e+01
<STATE> 14
<NUMMIXES> 15
<MIXTURE> 1 1.626859e-02
<MEAN> 6
 6.889369e+00 4.138513e+02 2.939589e+02 1.296126e+01 8.114665e+01 -2.105797e+02
<VARIANCE> 6
 8.914578e+02 3.160182e+05 2.626507e+05 1.102284e+04 5.414853e+04 5.187610e+07
<GCONST> 8.093384e+01
<MIXTURE> 2 5.848669e-02
<MEAN> 6
 -4.106437e+01 8.189890e+01 -3.304922e+01 -3.975148e+01 1.183829e+03 3.122990e+02
<VARIANCE> 6
 1.852750e+02 1.064957e+05 7.435230e+04 2.341980e+04 3.788785e+05 3.064893e+08
<GCONST> 8.148853e+01
<MIXTURE> 3 9.584012e-02
<MEAN> 6
 4.515890e+01 -1.139516e+02 -6.021039e+00 1.199727e+02 -1.725136e+02 -7.644366e+02
<VARIANCE> 6
 2.610049e+02 1.323820e+05 6.113535e+04 1.743400e+03 4.044402e+04 5.187610e+07
<GCONST> 7.524173e+01
<MIXTURE> 4 5.630266e-02
<MEAN> 6
 7.021755e+01 -1.021377e+02 6.176967e+01 -5.617783e+00 -2.018073e+01 2.972467e+02
<VARIANCE> 6
 5.918669e+01 1.906759e+05 4.256488e+04 3.005907e+02 4.044402e+04 5.187610e+07
<GCONST> 7.200286e+01
<MIXTURE> 5 4.228446e-02
<MEAN> 6
 7.911122e+01 -9.189750e+01 7.267550e+00 1.104462e+01 -1.037129e+03 -2.388042e+03
<VARIANCE> 6
 2.596094e+02 2.170334e+05 2.216982e+04 1.706408e+04 6.761981e+05 3.066746e+08
<GCONST> 8.159100e+01
<MIXTURE> 6 9.530923e-02
<MEAN> 6
 -4.247400e+01 -3.386136e+00 6.407720e+00 2.913161e+01 6.837748e+02 -8.292309e+02
<VARIANCE> 6
 1.316715e+02 6.138006e+04 2.524309e+04 9.095379e+03 1.160381e+05 5.187610e+07
<GCONST> 7.561028e+01
<MIXTURE> 7 6.832117e-02
<MEAN> 6
 1.890909e+01 -2.085960e+01 1.084366e+02 -2.166595e+02 -9.044160e+01 7.140479e+03
<VARIANCE> 6
 4.067261e+02 2.542644e+05 4.254096e+04 4.636209e+03 3.149397e+05 1.661465e+08
<GCONST> 8.016992e+01
<MIXTURE> 8 6.203216e-02
<MEAN> 6
 7.626193e+01 -6.847702e+02 -7.693919e+01 -1.297319e+01 -4.074216e+02 2.816420e+02
<VARIANCE> 6
 2.060919e+02 6.502379e+05 1.243991e+05 4.446941e+03 1.264665e+05 5.187610e+07
<GCONST> 7.938400e+01
<MIXTURE> 9 5.733227e-02
<MEAN> 6
 -3.367558e+01 2.319284e+01 -1.043796e+02 2.428234e+01 1.844657e+02 -3.174322e+01
<VARIANCE> 6
 6.352762e+01 1.028879e+05 8.014438e+04 7.359799e+02 4.358262e+04 5.187610e+07
<GCONST> 7.305971e+01
<MIXTURE> 10 1.029940e-01
<MEAN> 6
 4.189370e+00 -1.642129e+01 -2.874109e+00 1.708304e+02 3.533784e+00 -2.253022e+03
<VARIANCE> 6
 3.218173e+02 9.533890e+04 2.520800e+04 4.543662e+03 9.893216e+04 6.775787e+07
<GCONST> 7.635648e+01
<MIXTURE> 11 7.494324e-02
<MEAN> 6
 5.783704e+01 1.258293e+02 3.458150e+01 2.004966e+01 -4.236567e+02 -6.918300e+02
<VARIANCE> 6
 1.476321e+02 8.817053e+04 2.193875e+04 1.615123e+04 9.368527e+04 5.187610e+07
<GCONST> 7.630684e+01
<MIXTURE> 12 6.991575e-02
<MEAN> 6
 -1.355968e+01 -7.412567e+01 3.013511e+01 1.999647e+01 1.760714e+02 -8.270194e+02
<VARIANCE> 6
 1.426554e+02 1.368460e+05 9.423885e+04 1.292420e+04 5.128859e+04 5.187610e+07
<GCONST> 7.734435e+01
<MIXTURE> 13 7.424171e-02
<MEAN> 6
 -2.222276e+00 -5.797445e+01 2.466852e+01 -1.725177e+02 1.573410e+02 1.121342e+03
<VARIANCE> 6
 4.815218e+02 4.379910e+04 1.670275e+04 3.244884e+03 1.692171e+05 1.137311e+08
<GCONST> 7.628802e+01
<MIXTURE> 14 6.904843e-02
<MEAN> 6
 5.907006e+01 -3.302476e+01 7.432386e-01 -7.677582e+01 -5.940760e+02 2.402238e+02
<VARIANCE> 6
 1.563590e+02 5.526186e+04 1.445127e+04 1.086105e+04 1.196320e+05 5.187610e+07
<GCONST> 7.532727e+01
<MIXTURE> 15 5.647346e-02
<MEAN> 6
 6.767667e+01 -2.055180e+02 -1.472800e+01 -8.035797e+00 -6.841737e+01 -2.394485e+02
<VARIANCE> 6
 5.326775e+01 1.606974e+05 4.918295e+04 3.005907e+02 4.044402e+04 5.187610e+07
<GCONST> 7.187096e+01
<TRANSP> 15
 0.000000e+00 1.000000e+00 0.000000e+00 0.000000e+00 0.000000e+00 0.000000e+00 0.000000e+00 0.000000e+00 0.000000e+00 0.000000e+00 0.000000e+00 0.000000e+00 0.000000e+00 0.000000e+00 0.000000e+00
 0.000000e+00 9.987213e-01 1.278713e-03 0.000000e+00 0.000000e+00 0.000000e+00 0.000000e+00 0.000000e+00 0.000000e+00 0.000000e+00 0.000000e+00 0.000000e+00 0.000000e+00 0.000000e+00 0.000000e+00
 0.000000e+00 0.000000e+00 9.994715e-01 5.284999e-04 0.000000e+00 0.000000e+00 0.000000e+00 0.000000e+00 0.000000e+00 0.000000e+00 0.000000e+00 0.000000e+00 0.000000e+00 0.000000e+00 0.000000e+00
 0.000000e+00 0.000000e+00 0.000000e+00 9.964914e-01 3.508584e-03 0.000000e+00 0.000000e+00 0.000000e+00 0.000000e+00 0.000000e+00 0.000000e+00 0.000000e+00 0.000000e+00 0.000000e+00 0.000000e+00
 0.000000e+00 0.000000e+00 0.000000e+00 0.000000e+00 9.996798e-01 3.202250e-04 0.000000e+00 0.000000e+00 0.000000e+00 0.000000e+00 0.000000e+00 0.000000e+00 0.000000e+00 0.000000e+00 0.000000e+00
 0.000000e+00 0.000000e+00 0.000000e+00 0.000000e+00 0.000000e+00 9.991829e-01 8.171400e-04 0.000000e+00 0.000000e+00 0.000000e+00 0.000000e+00 0.000000e+00 0.000000e+00 0.000000e+00 0.000000e+00
 0.000000e+00 0.000000e+00 0.000000e+00 0.000000e+00 0.000000e+00 0.000000e+00 9.998972e-01 1.028115e-04 0.000000e+00 0.000000e+00 0.000000e+00 0.000000e+00 0.000000e+00 0.000000e+00 0.000000e+00
 0.000000e+00 0.000000e+00 0.000000e+00 0.000000e+00 0.000000e+00 0.000000e+00 0.000000e+00 9.957945e-01 4.205534e-03 0.000000e+00 0.000000e+00 0.000000e+00 0.000000e+00 0.000000e+00 0.000000e+00
 0.000000e+00 0.000000e+00 0.000000e+00 0.000000e+00 0.000000e+00 0.000000e+00 0.000000e+00 0.000000e+00 9.961075e-01 3.892493e-03 0.000000e+00 0.000000e+00 0.000000e+00 0.000000e+00 0.000000e+00
 0.000000e+00 0.000000e+00 0.000000e+00 0.000000e+00 0.000000e+00 0.000000e+00 0.000000e+00 0.000000e+00 0.000000e+00 9.985722e-01 1.427820e-03 0.000000e+00 0.000000e+00 0.000000e+00 0.000000e+00
 0.000000e+00 0.000000e+00 0.000000e+00 0.000000e+00 0.000000e+00 0.000000e+00 0.000000e+00 0.000000e+00 0.000000e+00 0.000000e+00 9.985104e-01 1.489640e-03 0.000000e+00 0.000000e+00 0.000000e+00
 0.000000e+00 0.000000e+00 0.000000e+00 0.000000e+00 0.000000e+00 0.000000e+00 0.000000e+00 0.000000e+00 0.000000e+00 0.000000e+00 0.000000e+00 9.987997e-01 1.200283e-03 0.000000e+00 0.000000e+00
 0.000000e+00 0.000000e+00 0.000000e+00 0.000000e+00 0.000000e+00 0.000000e+00 0.000000e+00 0.000000e+00 0.000000e+00 0.000000e+00 0.000000e+00 0.000000e+00 9.996129e-01 3.871133e-04 0.000000e+00
 0.000000e+00 0.000000e+00 0.000000e+00 0.000000e+00 0.000000e+00 0.000000e+00 0.000000e+00 0.000000e+00 0.000000e+00 0.000000e+00 0.000000e+00 0.000000e+00 0.000000e+00 9.997923e-01 2.076532e-04
 0.000000e+00 0.000000e+00 0.000000e+00 0.000000e+00 0.000000e+00 0.000000e+00 0.000000e+00 0.000000e+00 0.000000e+00 0.000000e+00 0.000000e+00 0.000000e+00 0.000000e+00 0.000000e+00 0.000000e+00
<ENDHMM>
~h "QuintoPRIMARIA"
<BEGINHMM>
<NUMSTATES> 15
<STATE> 2
<NUMMIXES> 15
<MIXTURE> 1 7.563138e-02
<MEAN> 6
 -1.788535e+01 -3.271812e+02 2.814392e+02 2.430180e+02 4.804376e+02 -5.192430e+03
<VARIANCE> 6
 4.154924e+02 3.569870e+05 1.500257e+06 5.756485e+03 2.249626e+05 5.312765e+07
<GCONST> 8.283331e+01
<MIXTURE> 2 2.310663e-02
<MEAN> 6
 5.022667e+01 -1.130312e+03 -1.243597e+03 3.186409e+01 -7.814413e+02 -2.790011e+03
<VARIANCE> 6
 2.562363e+03 2.721033e+07 6.612440e+06 5.188876e+04 4.123872e+06 2.187205e+09
<GCONST> 9.929457e+01
<MIXTURE> 3 6.272751e-02
<MEAN> 6
 4.019173e+00 2.331277e+02 1.049887e+02 -2.025799e+02 -2.222880e+01 2.850131e+02
<VARIANCE> 6
 6.865597e+02 1.160494e+06 2.387790e+06 3.564881e+03 2.253658e+05 9.800474e+07
<GCONST> 8.511408e+01
<MIXTURE> 4 6.103058e-02
<MEAN> 6
 8.200642e+01 3.438491e+02 1.980275e+03 -6.009122e-01 -3.543033e+01 -2.063076e+02
<VARIANCE> 6
 1.236640e+02 2.370398e+05 3.310096e+06 3.005907e+02 4.044402e+04 5.187610e+07
<GCONST> 7.731109e+01
<MIXTURE> 5 1.008070e-01
<MEAN> 6
 -5.906870e+01 2.737457e+02 -4.671003e+01 4.463113e+01 6.185607e+02 -5.823970e+01
<VARIANCE> 6
 1.762795e+02 1.286061e+06 1.376454e+06 7.140467e+03 1.679329e+05 5.223348e+07
<GCONST> 8.307753e+01
<MIXTURE> 6 5.204385e-02
<MEAN> 6
 6.011863e+01 -3.803959e-01 -7.115179e+02 2.365232e+00 -1.216877e+01 4.528003e+01
<VARIANCE> 6
 6.424899e+01 3.096811e+05 3.412676e+06 3.005907e+02 4.044402e+04 5.187610e+07
<GCONST> 7.695412e+01
<MIXTURE> 7 8.546780e-02
<MEAN> 6
 4.264178e+01 -1.493834e+02 4.837558e+02 1.540206e+02 -3.735270e+02 -1.119904e+03
<VARIANCE> 6
 4.678277e+02 1.006429e+06 2.898235e+06 1.607672e+04 9.586420e+04 5.187610e+07
<GCONST> 8.479707e+01
<MIXTURE> 8 6.479844e-02
<MEAN> 6
 -5.504884e+01 -1.530928e+02 -5.126400e+02 -1.243092e+02 1.541963e+03 1.254487e+03
<VARIANCE> 6
 2.460763e+02 8.667278e+05 3.066314e+06 2.265572e+04 7.924294e+05 6.682447e+08
<GCONST> 8.907256e+01
<MIXTURE> 9 9.106881e-02
<MEAN> 6
 8.153730e+01 5.800931e+01 -4.577545e+02 -2.127499e+01 -8.875111e+02 -2.942839e+02
<VARIANCE> 6
 2.765427e+02 1.183588e+06 3.878022e+06 2.051535e+04 5.536451e+05 2.972666e+08
<GCONST> 8.846787e+01
<MIXTURE> 10 7.506594e-02
<MEAN> 6
 7.350786e+01 -1.052851e+01 -2.936543e+02 -1.341293e+00 -2.201585e+01 -1.798528e+02
<VARIANCE> 6
 9.561679e+01 3.883870e+06 1.103890e+06 3.005907e+02 4.044402e+04 5.187610e+07
<GCONST> 7.875210e+01
<MIXTURE> 11 7.680590e-02
<MEAN> 6
 6.463313e+01 -4.277594e+02 1.098923e+02 -1.753030e+01 -6.425469e+02 -8.457781e+02
<VARIANCE> 6
 4.673391e+02 4.841160e+05 4.553309e+05 3.004181e+04 1.796162e+05 5.187610e+07
<GCONST> 8.346647e+01
<MIXTURE> 12 6.471194e-02
<MEAN> 6
 -6.243856e+01 -1.000236e+02 -2.080057e+02 2.451862e+00 1.066758e+02 4.264149e+02
<VARIANCE> 6
 2.148080e+02 2.062745e+05 2.213557e+06 3.862390e+02 5.319815e+04 5.187610e+07
<GCONST> 7.784668e+01
<MIXTURE> 13 6.324432e-02
<MEAN> 6
 8.707626e+01 8.103606e+01 1.066272e+02 -1.393930e+00 -5.158885e+01 -2.736552e+02
<VARIANCE> 6
 1.598326e+02 4.325278e+05 2.903360e+06 3.005907e+02 4.044402e+04 5.187610e+07
<GCONST> 7.803796e+01
<MIXTURE> 14 5.135582e-02
<MEAN> 6
 9.439610e+00 -3.147366e+02 -1.452092e+03 -3.299214e+02 -2.703824e+02 1.179028e+04
<VARIANCE> 6
 8.059185e+02 1.070519e+06 1.032346e+07 5.137983e+03 6.866290e+05 2.938106e+08
<GCONST> 8.923524e+01
<MIXTURE> 15 5.185257e-02
<MEAN> 6
 5.802404e+01 -1.523073e+02 -1.034396e+03 3.937407e-01 -2.749286e+01 -2.236549e+02
<VARIANCE> 6
 5.571371e+01 3.148049e+05 3.586176e+06 3.005907e+02 4.044402e+04 5.187610e+07
<GCONST> 7.687759e+01
<STATE> 3
<NUMMIXES> 15
<MIXTURE> 1 6.332383e-02
<MEAN> 6
 7.642957e+01 2.399255e+02 8.238160e+02 8.508781e+01 -9.001893e+02 2.283794e+03
<VARIANCE> 6
 3.175529e+01 2.020536e+05 1.628800e+06 2.082644e+03 1.405092e+05 9.806098e+07
<GCONST> 7.890048e+01
<MIXTURE> 2 6.903052e-02
<MEAN> 6
 -2.849232e+01 5.529010e+01 1.000952e+03 2.362791e+02 7.494700e+02 -2.444418e+03
<VARIANCE> 6
 9.018871e+01 6.900765e+05 3.384870e+06 1.253664e+03 9.611378e+04 5.187610e+07
<GCONST> 8.038004e+01
<MIXTURE> 3 8.183336e-02
<MEAN> 6
 2.151895e+01 3.429801e+02 1.928616e+03 3.224373e+02 -8.023032e+01 -8.336083e+03
<VARIANCE> 6
 4.711011e+02 4.220974e+05 2.557631e+06 3.473953e+03 4.980170e+05 2.087015e+08
<GCONST> 8.531778e+01
<MIXTURE> 4 4.854816e-02
<MEAN> 6
 2.987446e+01 -2.939644e+02 7.809816e+02 2.024735e+02 -1.724446e+02 -7.630809e+02
<VARIANCE> 6
 4.292350e+02 3.640369e+04 6.297234e+06 7.324441e+03 9.635850e+04 5.187610e+07
<GCONST> 8.138648e+01
<MIXTURE> 5 6.824388e-02
<MEAN> 6
 3.789070e+01 1.824804e+03 1.297841e+03 1.076168e+02 -1.182720e+02 -7.757271e+02
<VARIANCE> 6
 4.204860e+02 5.051793e+05 1.145719e+06 4.180713e+03 9.248298e+04 5.187610e+07
<GCONST> 8.169027e+01
<MIXTURE> 6 8.019940e-02
<MEAN> 6
 -5.752659e+01 -4.355638e+02 7.668374e+02 2.298748e+01 7.494468e+02 -5.124045e+02
<VARIANCE> 6
 3.175529e+01 3.237437e+04 3.427572e+06 1.032554e+04 7.643702e+04 5.187610e+07
<GCONST> 7.816877e+01
<MIXTURE> 7 7.802244e-02
<MEAN> 6
 7.299576e-01 5.097007e+01 5.949119e+02 2.747718e+02 5.355789e+02 -3.102004e+03
<VARIANCE> 6
 3.084503e+02 1.583184e+06 2.153922e+05 2.045578e+03 1.290248e+05 5.187610e+07
<GCONST> 8.046955e+01
<MIXTURE> 8 8.316554e-02
<MEAN> 6
 -6.753085e+01 3.784403e+02 9.627630e+00 7.219737e+01 5.209904e+02 1.208612e+03
<VARIANCE> 6
 3.175529e+01 2.760993e+05 2.726010e+05 1.293429e+03 6.356915e+04 7.752077e+07
<GCONST> 7.592059e+01
<MIXTURE> 9 9.535932e-02
<MEAN> 6
 -7.331528e+01 -3.277633e+02 6.248871e+02 4.037163e+00 1.056267e+02 2.186991e+02
<VARIANCE> 6
 3.175529e+01 2.644510e+04 1.973997e+06 4.601943e+02 4.044402e+04 5.187610e+07
<GCONST> 7.366741e+01
<MIXTURE> 10 6.376220e-02
<MEAN> 6
 4.954205e+01 -6.779490e+02 -1.643003e+02 2.747240e+02 -4.089230e+02 -3.631006e+03
<VARIANCE> 6
 1.696814e+02 1.008450e+06 1.271086e+06 1.660831e+03 1.228949e+05 5.187610e+07
<GCONST> 8.093902e+01
<MIXTURE> 11 3.654647e-02
<MEAN> 6
 -1.701786e+01 8.039111e+01 1.577959e+02 1.626149e+02 2.736586e+02 7.417165e+02
<VARIANCE> 6
 1.860753e+02 3.025585e+06 2.870567e+04 2.268504e+03 4.044402e+04 5.187610e+07
<GCONST> 7.753979e+01
<MIXTURE> 12 4.003390e-02
<MEAN> 6
 -6.950054e+01 -7.093517e+02 2.198037e+03 7.155763e+00 6.462999e+02 -1.564486e+03
<VARIANCE> 6
 3.175529e+01 2.990811e+04 3.414677e+06 4.317997e+03 4.044402e+04 5.187610e+07
<GCONST> 7.657739e+01
<MIXTURE> 13 9.059619e-02
<MEAN> 6
 -4.547864e+01 7.150080e+01 5.882884e+02 1.621769e+02 7.155017e+02 -5.039133e+02
<VARIANCE> 6
 6.235656e+01 5.325068e+05 3.804798e+06 8.579506e+02 8.818988e+04 5.187610e+07
<GCONST> 7.940341e+01
<MIXTURE> 14 5.288880e-02
<MEAN> 6
 6.906642e+01 -6.536187e+02 -2.436053e+02 2.216547e+02 -9.144428e+02 -6.914771e+03
<VARIANCE> 6
 1.375892e+02 5.638838e+05 2.690236e+06 1.745372e+03 1.379542e+05 7.367989e+07
<GCONST> 8.141392e+01
<MIXTURE> 15 4.843309e-02
<MEAN> 6
 2.324105e+01 -3.638592e+02 4.393900e+02 1.825070e+02 -1.989066e+02 -1.770783e+03
<VARIANCE> 6
 4.792012e+02 3.106435e+04 5.290320e+06 6.425212e+03 8.412721e+04 5.187610e+07
<GCONST> 8.089703e+01
<STATE> 4
<NUMMIXES> 15
<MIXTURE> 1 6.074973e-02
<MEAN> 6
 5.592812e+01 2.907861e+02 -1.986790e+02 -4.899088e-02 4.966709e-01 -3.458597e+01
<VARIANCE> 6
 3.175529e+01 1.324029e+04 1.445127e+04 3.005907e+02 4.044402e+04 5.187610e+07
<GCONST> 6.763267e+01
<MIXTURE> 2 2.085895e-03
<MEAN> 6
 6.519920e+01 7.094255e+02 3.050239e+02 4.890755e+01 -1.926380e+02 2.232387e+03
<VARIANCE> 6
 7.387615e+02 1.377487e+06 2.141960e+06 1.082979e+04 3.320457e+05 1.315958e+08
<GCONST> 8.704357e+01
<MIXTURE> 3 8.592381e-02
<MEAN> 6
 5.724545e+01 7.983346e+01 -2.939467e+01 -8.066677e-02 -6.848962e+00 -1.616666e+02
<VARIANCE> 6
 3.175529e+01 1.324029e+04 1.445127e+04 3.005907e+02 4.044402e+04 5.187610e+07
<GCONST> 6.763267e+01
<MIXTURE> 4 8.532926e-02
<MEAN> 6
 5.851600e+01 -2.556320e+02 -2.821889e+02 -3.227079e-02 -4.369752e+00 -6.104314e+01
<VARIANCE> 6
 3.175529e+01 1.324029e+04 1.445127e+04 3.005907e+02 4.044402e+04 5.187610e+07
<GCONST> 6.763267e+01
<MIXTURE> 5 8.741018e-02
<MEAN> 6
 4.018993e+01 -4.952459e+02 9.032562e+01 5.475137e+00 -1.131223e+00 -1.033876e+02
<VARIANCE> 6
 8.791313e+01 1.324029e+04 2.348294e+04 3.005907e+02 4.044402e+04 5.187610e+07
<GCONST> 6.913645e+01
<MIXTURE> 6 7.892305e-02
<MEAN> 6
 5.722453e+01 -8.885545e+01 -6.455284e+01 -7.937358e-02 -8.423993e+00 -1.625717e+02
<VARIANCE> 6
 3.175529e+01 1.324029e+04 1.445127e+04 3.005907e+02 4.044402e+04 5.187610e+07
<GCONST> 6.763267e+01
<MIXTURE> 7 4.258293e-02
<MEAN> 6
 5.765466e+01 -7.325349e+01 -5.220088e+01 2.050686e-01 -2.536263e+00 -9.724829e+01
<VARIANCE> 6
 3.175529e+01 1.324029e+04 1.445127e+04 3.005907e+02 4.044402e+04 5.187610e+07
<GCONST> 6.763267e+01
<MIXTURE> 8 5.445340e-02
<MEAN> 6
 5.709072e+01 -1.808753e+00 -4.286533e+01 -2.288553e-01 -9.191093e+00 -1.843021e+02
<VARIANCE> 6
 3.175529e+01 1.485090e+04 1.445127e+04 3.005907e+02 4.044402e+04 5.187610e+07
<GCONST> 6.774747e+01
<MIXTURE> 9 8.689481e-02
<MEAN> 6
 5.851601e+01 -2.556317e+02 -2.821894e+02 -3.227110e-02 -4.369761e+00 -6.104318e+01
<VARIANCE> 6
 3.175529e+01 1.324029e+04 1.445127e+04 3.005907e+02 4.044402e+04 5.187610e+07
<GCONST> 6.763267e+01
<MIXTURE> 10 8.934888e-02
<MEAN> 6
 5.722049e+01 -1.002400e+02 -6.909597e+01 -3.946075e-02 -8.024715e+00 -1.532170e+02
<VARIANCE> 6
 3.175529e+01 1.324029e+04 1.445127e+04 3.005907e+02 4.044402e+04 5.187610e+07
<GCONST> 6.763267e+01
<MIXTURE> 11 8.541612e-02
<MEAN> 6
 5.722767e+01 7.691261e+01 -2.954164e+01 -9.469966e-02 -7.039516e+00 -1.635734e+02
<VARIANCE> 6
 3.175529e+01 1.324029e+04 1.445127e+04 3.005907e+02 4.044402e+04 5.187610e+07
<GCONST> 6.763267e+01
<MIXTURE> 12 7.947663e-02
<MEAN> 6
 5.721929e+01 -1.013479e+02 -6.957224e+01 -3.548195e-02 -7.983838e+00 -1.522509e+02
<VARIANCE> 6
 3.175529e+01 1.324029e+04 1.445127e+04 3.005907e+02 4.044402e+04 5.187610e+07
<GCONST> 6.763267e+01
<MIXTURE> 13 5.818813e-02
<MEAN> 6
 5.721504e+01 -7.784376e+01 -6.068905e+01 -1.156399e-01 -8.767386e+00 -1.704605e+02
<VARIANCE> 6
 3.175529e+01 1.324029e+04 1.445127e+04 3.005907e+02 4.044402e+04 5.187610e+07
<GCONST> 6.763267e+01
<MIXTURE> 14 6.061213e-02
<MEAN> 6
 5.587955e+01 2.883115e+02 -1.968351e+02 -6.068163e-02 4.243513e-01 -3.560668e+01
<VARIANCE> 6
 3.175529e+01 1.324029e+04 1.445127e+04 3.005907e+02 4.044402e+04 5.187610e+07
<GCONST> 6.763267e+01
<MIXTURE> 15 4.258249e-02
<MEAN> 6
 5.682035e+01 -1.188123e+02 -8.307924e+01 -4.650574e-01 -1.594627e+01 -2.374265e+02
<VARIANCE> 6
 3.175529e+01 1.324029e+04 1.445127e+04 3.005907e+02 4.044402e+04 5.187610e+07
<GCONST> 6.763267e+01
<STATE> 5
<NUMMIXES> 15
<MIXTURE> 1 6.123790e-02
<MEAN> 6
 1.205367e+02 -2.211406e+03 4.919382e+01 -8.698674e-01 -2.121269e+00 -8.153461e+00
<VARIANCE> 6
 3.175529e+01 8.289345e+04 1.445127e+04 3.005907e+02 4.044402e+04 5.187610e+07
<GCONST> 6.946696e+01
<MIXTURE> 2 9.862176e-02
<MEAN> 6
 9.251267e+01 1.818492e+02 -1.070759e+02 -7.090061e-01 -1.214037e+02 2.053031e+03
<VARIANCE> 6
 4.260673e+02 5.834295e+05 3.013214e+05 3.281591e+03 6.410905e+05 2.838356e+08
<GCONST> 8.390539e+01
<MIXTURE> 3 5.280169e-02
<MEAN> 6
 1.121802e+02 6.235057e+02 4.125916e+02 -7.024398e+00 4.400458e+00 -2.718144e+01
<VARIANCE> 6
 3.922425e+01 1.324029e+04 1.445127e+04 3.005907e+02 4.044402e+04 5.187610e+07
<GCONST> 6.784391e+01
<MIXTURE> 4 4.886048e-02
<MEAN> 6
 9.840849e+01 -1.372117e+02 -1.044907e+03 1.126544e+02 -1.092974e+03 6.579593e+03
<VARIANCE> 6
 1.766452e+02 1.773382e+06 7.598814e+06 1.955766e+04 4.285148e+06 4.729582e+09
<GCONST> 9.386220e+01
<MIXTURE> 5 8.333040e-02
<MEAN> 6
 9.737063e+01 -2.504872e+02 5.084806e+02 -5.575763e+00 2.420501e+01 6.669848e+02
<VARIANCE> 6
 3.809539e+01 9.856805e+04 2.012212e+05 3.005907e+02 4.044402e+04 5.187610e+07
<GCONST> 7.245581e+01
<MIXTURE> 6 6.341461e-02
<MEAN> 6
 9.855873e+01 8.079008e+02 7.915051e+01 -3.491232e+00 -9.638670e-02 6.989484e+01
<VARIANCE> 6
 3.175529e+01 1.324029e+04 1.445127e+04 3.005907e+02 4.044402e+04 5.187610e+07
<GCONST> 6.763267e+01
<MIXTURE> 7 8.567585e-02
<MEAN> 6
 9.672653e+01 1.292276e+02 -2.048033e+02 -1.816561e+00 -1.370253e+01 -1.395809e+02
<VARIANCE> 6
 3.175529e+01 1.324029e+04 1.445127e+04 3.005907e+02 4.044402e+04 5.187610e+07
<GCONST> 6.763267e+01
<MIXTURE> 8 5.161894e-02
<MEAN> 6
 9.955789e+01 6.991719e+02 8.782482e+01 -2.859743e+00 -1.692044e+00 -1.617008e+01
<VARIANCE> 6
 3.175529e+01 1.861764e+04 1.445127e+04 3.005907e+02 4.044402e+04 5.187610e+07
<GCONST> 6.797352e+01
<MIXTURE> 9 7.731366e-02
<MEAN> 6
 1.005703e+02 3.832913e+02 -2.412152e+03 -8.522938e+00 8.103967e+00 3.432085e+03
<VARIANCE> 6
 3.968256e+01 5.160236e+05 3.404448e+06 3.005907e+02 5.794111e+04 7.095988e+07
<GCONST> 7.765323e+01
<MIXTURE> 10 7.171394e-02
<MEAN> 6
 1.188867e+02 -2.525562e+03 7.830306e+00 -2.242767e+00 -3.006443e-01 5.435271e+01
<VARIANCE> 6
 3.175529e+01 2.033488e+04 1.445127e+04 3.005907e+02 4.044402e+04 5.187610e+07
<GCONST> 6.806174e+01
<MIXTURE> 11 9.726003e-02
<MEAN> 6
 8.894741e+01 2.515171e+02 -1.370613e+02 4.551004e+00 -2.833689e+01 -5.638254e+02
<VARIANCE> 6
 3.175529e+01 1.547172e+04 7.210302e+04 3.005907e+02 4.044402e+04 5.187610e+07
<GCONST> 6.939574e+01
<MIXTURE> 12 6.269076e-02
<MEAN> 6
 9.843986e+01 8.000722e+02 8.008027e+01 -3.487977e+00 4.744690e-02 5.706350e+01
<VARIANCE> 6
 3.175529e+01 1.324029e+04 1.445127e+04 3.005907e+02 4.044402e+04 5.187610e+07
<GCONST> 6.763267e+01
<MIXTURE> 13 4.290297e-02
<MEAN> 6
 9.788799e+01 6.036487e+02 6.688780e+01 -3.078666e+00 1.434875e-01 -3.993896e+01
<VARIANCE> 6
 6.497745e+01 1.324029e+04 1.445127e+04 3.005907e+02 4.044402e+04 5.187610e+07
<GCONST> 6.834866e+01
<MIXTURE> 14 5.362018e-02
<MEAN> 6
 1.094999e+02 6.226082e+02 3.353767e+02 -4.784175e+00 2.410237e+00 -6.918236e+01
<VARIANCE> 6
 5.261988e+01 1.324029e+04 1.515516e+04 3.005907e+02 4.044402e+04 5.187610e+07
<GCONST> 6.818526e+01
<MIXTURE> 15 4.892739e-02
<MEAN> 6
 9.896671e+01 -4.117766e+02 -1.942126e+03 1.158732e+02 -1.652592e+03 -2.334486e+03
<VARIANCE> 6
 1.638179e+02 1.491576e+06 8.615171e+06 1.600807e+04 4.204234e+06 3.874607e+09
<GCONST> 9.332056e+01
<STATE> 6
<NUMMIXES> 15
<MIXTURE> 1 6.696033e-02
<MEAN> 6
 6.841422e+01 4.412671e+03 -6.478665e+02 -1.486092e+00 1.188370e+00 -5.749973e+00
<VARIANCE> 6
 3.175529e+01 3.972329e+05 1.445127e+04 3.005907e+02 4.044402e+04 5.187610e+07
<GCONST> 7.103393e+01
<MIXTURE> 2 6.736021e-02
<MEAN> 6
 7.983154e+01 1.926391e+03 2.807791e+02 -4.584545e+00 3.690470e+00 9.136326e+01
<VARIANCE> 6
 3.175529e+01 1.478245e+05 1.429779e+05 3.005907e+02 4.044402e+04 5.187610e+07
<GCONST> 7.233734e+01
<MIXTURE> 3 7.764464e-02
<MEAN> 6
 6.957893e+01 9.115227e+02 -2.525758e+02 -6.562266e-01 -5.130256e+00 -5.428761e+01
<VARIANCE> 6
 3.175529e+01 1.324029e+04 1.445127e+04 3.005907e+02 4.044402e+04 5.187610e+07
<GCONST> 6.763267e+01
<MIXTURE> 4 8.113016e-02
<MEAN> 6
 6.742891e+01 1.209653e+03 -4.383618e+02 -3.051487e-02 -8.087729e+00 -8.038406e+01
<VARIANCE> 6
 3.175529e+01 1.324029e+04 1.445127e+04 3.005907e+02 4.044402e+04 5.187610e+07
<GCONST> 6.763267e+01
<MIXTURE> 5 5.822400e-02
<MEAN> 6
 7.274092e+01 2.059383e+02 7.688216e+02 1.357685e+00 2.164894e+00 -9.248071e+01
<VARIANCE> 6
 3.175529e+01 2.045311e+04 1.445127e+04 3.005907e+02 4.044402e+04 5.187610e+07
<GCONST> 6.806754e+01
<MIXTURE> 6 6.745976e-02
<MEAN> 6
 7.485934e+01 1.637871e+03 -3.056048e+02 -1.441304e+00 -2.447815e+01 -6.023517e+01
<VARIANCE> 6
 1.360860e+02 1.021060e+05 1.445127e+04 3.005907e+02 4.044402e+04 5.187610e+07
<GCONST> 7.113065e+01
<MIXTURE> 7 5.304087e-02
<MEAN> 6
 7.504689e+01 1.205531e+03 -1.128088e+03 -2.525311e+00 7.576120e-01 4.855564e+01
<VARIANCE> 6
 3.735694e+01 1.324029e+04 1.445127e+04 3.005907e+02 4.044402e+04 5.187610e+07
<GCONST> 6.779513e+01
<MIXTURE> 8 3.905380e-02
<MEAN> 6
 7.383487e+01 1.323505e+03 2.274905e+03 -5.325215e+00 7.310989e+00 9.251037e+01
<VARIANCE> 6
 3.175529e+01 1.324029e+04 1.445127e+04 3.005907e+02 4.044402e+04 5.187610e+07
<GCONST> 6.763267e+01
<MIXTURE> 9 7.008556e-02
<MEAN> 6
 7.797115e+01 8.931767e+02 5.002962e+02 -2.147666e+00 1.063589e+00 6.421549e+02
<VARIANCE> 6
 3.175529e+01 2.297418e+04 1.021803e+06 3.005907e+02 4.044402e+04 5.187610e+07
<GCONST> 7.244232e+01
<MIXTURE> 10 1.034986e-01
<MEAN> 6
 6.633428e+01 1.350503e+03 -6.722233e+02 -1.056765e+00 -8.947703e-01 -2.148173e+01
<VARIANCE> 6
 3.175529e+01 1.324029e+04 1.445127e+04 3.005907e+02 4.044402e+04 5.187610e+07
<GCONST> 6.763267e+01
<MIXTURE> 11 7.513013e-02
<MEAN> 6
 6.547844e+01 1.113127e+03 -2.030427e+02 -1.649043e+00 -3.093384e+00 -1.636672e+01
<VARIANCE> 6
 3.175529e+01 1.256733e+05 1.445127e+04 3.005907e+02 4.044402e+04 5.187610e+07
<GCONST> 6.988309e+01
<MIXTURE> 12 5.110237e-02
<MEAN> 6
 5.166612e+01 2.297894e+03 2.610524e+03 1.201114e-01 -5.264371e+00 4.866729e+01
<VARIANCE> 6
 3.175529e+01 2.180706e+04 2.336084e+04 3.005907e+02 4.044402e+04 5.187610e+07
<GCONST> 6.861192e+01
<MIXTURE> 13 6.096604e-02
<MEAN> 6
 7.063069e+01 7.533522e+02 6.711640e+02 -2.528647e+00 3.480783e+00 3.401844e+01
<VARIANCE> 6
 3.175529e+01 4.550668e+04 1.182163e+05 3.005907e+02 4.044402e+04 5.187610e+07
<GCONST> 7.096900e+01
<MIXTURE> 14 6.989663e-02
<MEAN> 6
 5.856305e+01 1.030133e+03 -1.067819e+03 -8.018841e-01 -1.027988e+01 -1.168546e+02
<VARIANCE> 6
 3.175529e+01 1.456408e+04 1.445127e+04 3.005907e+02 4.044402e+04 5.187610e+07
<GCONST> 6.772797e+01
<MIXTURE> 15 5.842108e-02
<MEAN> 6
 7.253593e+01 1.662532e+02 7.688113e+02 6.548917e-01 -3.882637e+00 -6.594763e+01
<VARIANCE> 6
 3.175529e+01 2.171582e+04 1.445127e+04 3.005907e+02 4.044402e+04 5.187610e+07
<GCONST> 6.812745e+01
<STATE> 7
<NUMMIXES> 15
<MIXTURE> 1 5.465615e-02
<MEAN> 6
 8.257299e+01 1.104190e+03 1.038913e+02 -4.115990e+00 -9.079119e+00 1.482006e+00
<VARIANCE> 6
 3.175529e+01 1.324029e+04 4.619024e+04 3.005907e+02 4.044402e+04 5.187610e+07
<GCONST> 6.879465e+01
<MIXTURE> 2 6.728365e-02
<MEAN> 6
 5.819418e+01 3.233933e+01 3.841434e+02 -2.125855e-01 -4.114685e+00 -1.457533e+02
<VARIANCE> 6
 3.175529e+01 1.324029e+04 1.445127e+04 3.005907e+02 4.044402e+04 5.187610e+07
<GCONST> 6.763267e+01
<MIXTURE> 3 7.742549e-02
<MEAN> 6
 7.372781e+01 1.570443e+02 3.131503e+01 8.870006e-02 -4.274889e+00 -1.404859e+02
<VARIANCE> 6
 3.175529e+01 1.324029e+04 1.445127e+04 3.005907e+02 4.044402e+04 5.187610e+07
<GCONST> 6.763267e+01
<MIXTURE> 4 7.384405e-02
<MEAN> 6
 5.996333e+01 1.304762e+02 1.514772e+02 6.408338e-01 5.720333e+00 -1.803052e+02
<VARIANCE> 6
 3.175529e+01 1.166252e+05 1.445127e+04 3.005907e+02 4.044402e+04 5.187610e+07
<GCONST> 6.980837e+01
<MIXTURE> 5 6.341362e-02
<MEAN> 6
 6.373109e+01 -4.528452e+01 1.819698e+02 1.118682e+00 1.595757e+00 -6.123889e+01
<VARIANCE> 6
 3.175529e+01 1.324029e+04 1.445127e+04 3.005907e+02 4.044402e+04 5.187610e+07
<GCONST> 6.763267e+01
<MIXTURE> 6 7.706472e-02
<MEAN> 6
 7.372911e+01 1.571187e+02 3.131385e+01 8.864962e-02 -4.270515e+00 -1.404594e+02
<VARIANCE> 6
 3.175529e+01 1.324029e+04 1.445127e+04 3.005907e+02 4.044402e+04 5.187610e+07
<GCONST> 6.763267e+01
<MIXTURE> 7 6.030013e-02
<MEAN> 6
 5.665822e+01 6.300081e+00 4.197618e+02 -2.768402e-01 -4.243881e+00 -1.506494e+02
<VARIANCE> 6
 3.175529e+01 1.324029e+04 1.445127e+04 3.005907e+02 4.044402e+04 5.187610e+07
<GCONST> 6.763267e+01
<MIXTURE> 8 5.761477e-02
<MEAN> 6
 5.125180e+01 -1.858058e+02 2.291404e+02 2.126169e+00 5.981472e+00 -2.912457e+02
<VARIANCE> 6
 3.400738e+01 1.324029e+04 1.445127e+04 3.005907e+02 4.044402e+04 5.187610e+07
<GCONST> 6.770119e+01
<MIXTURE> 9 6.336308e-02
<MEAN> 6
 6.305882e+01 -5.670146e+01 1.707002e+02 3.966132e-01 -3.940795e+00 -1.190633e+02
<VARIANCE> 6
 3.175529e+01 1.324029e+04 1.445127e+04 3.005907e+02 4.044402e+04 5.187610e+07
<GCONST> 6.763267e+01
<MIXTURE> 10 7.678945e-02
<MEAN> 6
 7.372668e+01 1.569794e+02 3.131570e+01 8.874022e-02 -4.278692e+00 -1.405089e+02
<VARIANCE> 6
 3.175529e+01 1.324029e+04 1.445127e+04 3.005907e+02 4.044402e+04 5.187610e+07
<GCONST> 6.763267e+01
<MIXTURE> 11 7.668678e-02
<MEAN> 6
 7.372514e+01 1.568933e+02 3.131694e+01 8.880711e-02 -4.283713e+00 -1.405396e+02
<VARIANCE> 6
 3.175529e+01 1.324029e+04 1.445127e+04 3.005907e+02 4.044402e+04 5.187610e+07
<GCONST> 6.763267e+01
<MIXTURE> 12 6.363550e-02
<MEAN> 6
 5.674743e+01 7.674700e+00 4.173575e+02 -2.747837e-01 -4.238238e+00 -1.501872e+02
<VARIANCE> 6
 3.175529e+01 1.324029e+04 1.445127e+04 3.005907e+02 4.044402e+04 5.187610e+07
<GCONST> 6.763267e+01
<MIXTURE> 13 6.079971e-02
<MEAN> 6
 5.609807e+01 -2.843653e+00 4.332334e+02 -2.781925e-01 -4.250834e+00 -1.541522e+02
<VARIANCE> 6
 3.175529e+01 1.324029e+04 1.445127e+04 3.005907e+02 4.044402e+04 5.187610e+07
<GCONST> 6.763267e+01
<MIXTURE> 14 6.364050e-02
<MEAN> 6
 6.280472e+01 -7.996922e+01 1.526560e+02 1.902056e-01 -3.862388e+00 -1.014534e+02
<VARIANCE> 6
 3.175529e+01 1.324029e+04 1.445127e+04 3.005907e+02 4.044402e+04 5.187610e+07
<GCONST> 6.763267e+01
<MIXTURE> 15 6.346458e-02
<MEAN> 6
 6.213712e+01 -8.822781e+01 1.418439e+02 -3.200684e-01 -1.097679e+01 -2.088075e+02
<VARIANCE> 6
 3.175529e+01 1.324029e+04 1.445127e+04 3.005907e+02 4.044402e+04 5.187610e+07
<GCONST> 6.763267e+01
<STATE> 8
<NUMMIXES> 15
<MIXTURE> 1 4.439313e-02
<MEAN> 6
 7.888419e+01 7.761165e+00 4.936468e+02 -1.408659e+00 9.412728e-02 -1.885173e+02
<VARIANCE> 6
 3.175529e+01 1.324029e+04 1.445127e+04 3.005907e+02 4.044402e+04 5.187610e+07
<GCONST> 6.763267e+01
<MIXTURE> 2 7.087874e-02
<MEAN> 6
 8.466940e+01 1.006795e+01 -1.956146e+02 -2.816119e-01 -2.776775e+00 -1.138567e+01
<VARIANCE> 6
 3.175529e+01 1.324029e+04 1.445127e+04 3.005907e+02 4.044402e+04 5.187610e+07
<GCONST> 6.763267e+01
<MIXTURE> 3 1.130114e-01
<MEAN> 6
 6.414365e+01 -3.813854e+00 -4.388952e+02 -1.277642e-01 -3.481189e+00 -8.335983e+01
<VARIANCE> 6
 3.175529e+01 1.338067e+04 1.445127e+04 3.005907e+02 4.044402e+04 5.187610e+07
<GCONST> 6.764322e+01
<MIXTURE> 4 5.825424e-04
<MEAN> 6
 6.904628e+01 3.431502e+02 2.181353e+02 -8.480271e+00 -1.456848e+02 -4.688317e+02
<VARIANCE> 6
 1.500829e+03 1.378733e+06 1.722916e+06 7.752831e+02 1.153224e+05 9.923739e+07
<GCONST> 8.355898e+01
<MIXTURE> 5 6.206238e-02
<MEAN> 6
 7.174615e+01 -1.914384e+02 -2.029422e+02 -4.523487e-01 -2.930920e+00 -1.030712e+02
<VARIANCE> 6
 3.175529e+01 1.324029e+04 1.445127e+04 3.005907e+02 4.044402e+04 5.187610e+07
<GCONST> 6.763267e+01
<MIXTURE> 6 4.998456e-02
<MEAN> 6
 6.375160e+01 1.452915e+02 -6.410613e+02 -3.398959e-01 -5.029863e+00 -1.210714e+02
<VARIANCE> 6
 3.175529e+01 1.324029e+04 1.445127e+04 3.005907e+02 4.044402e+04 5.187610e+07
<GCONST> 6.763267e+01
<MIXTURE> 7 1.120532e-01
<MEAN> 6
 8.605174e+01 -1.369257e+02 -1.726791e+01 -8.979400e-02 2.926318e-01 -2.287464e+01
<VARIANCE> 6
 3.175529e+01 1.324029e+04 1.445127e+04 3.005907e+02 4.044402e+04 5.187610e+07
<GCONST> 6.763267e+01
<MIXTURE> 8 5.641420e-02
<MEAN> 6
 6.437580e+01 -2.396900e+01 -4.146104e+02 1.528475e-01 1.768646e-01 -3.589404e+01
<VARIANCE> 6
 3.175529e+01 1.324029e+04 1.445127e+04 3.005907e+02 4.044402e+04 5.187610e+07
<GCONST> 6.763267e+01
<MIXTURE> 9 5.491121e-02
<MEAN> 6
 8.108241e+01 -1.913032e+02 -3.066751e+02 4.233511e-01 -7.557280e+00 2.399520e+01
<VARIANCE> 6
 3.175529e+01 1.324029e+04 1.445127e+04 3.005907e+02 4.044402e+04 5.187610e+07
<GCONST> 6.763267e+01
<MIXTURE> 10 6.896283e-02
<MEAN> 6
 8.480378e+01 1.273475e+01 -1.913312e+02 -3.068793e-01 -2.708750e+00 -1.090252e+01
<VARIANCE> 6
 3.175529e+01 1.324029e+04 1.445127e+04 3.005907e+02 4.044402e+04 5.187610e+07
<GCONST> 6.763267e+01
<MIXTURE> 11 1.066582e-01
<MEAN> 6
 6.176635e+01 -1.709534e+02 -6.778606e+02 -6.158704e-01 -2.658473e+00 -1.185115e+02
<VARIANCE> 6
 3.175529e+01 1.324029e+04 1.445127e+04 3.005907e+02 4.044402e+04 5.187610e+07
<GCONST> 6.763267e+01
<MIXTURE> 12 6.220452e-02
<MEAN> 6
 7.172163e+01 -1.918292e+02 -2.032419e+02 -4.470876e-01 -2.937959e+00 -1.038832e+02
<VARIANCE> 6
 3.175529e+01 1.324029e+04 1.445127e+04 3.005907e+02 4.044402e+04 5.187610e+07
<GCONST> 6.763267e+01
<MIXTURE> 13 7.183097e-02
<MEAN> 6
 8.453344e+01 7.345906e+00 -2.000747e+02 -2.550030e-01 -2.865712e+00 -1.159731e+01
<VARIANCE> 6
 3.175529e+01 1.324029e+04 1.445127e+04 3.005907e+02 4.044402e+04 5.187610e+07
<GCONST> 6.763267e+01
<MIXTURE> 14 6.942814e-02
<MEAN> 6
 8.429922e+01 9.698285e-01 -2.059360e+02 -2.214298e-01 -2.941660e+00 -1.291199e+01
<VARIANCE> 6
 3.175529e+01 1.324029e+04 1.445127e+04 3.005907e+02 4.044402e+04 5.187610e+07
<GCONST> 6.763267e+01
<MIXTURE> 15 5.657675e-02
<MEAN> 6
 6.350689e+01 -6.733645e+01 -4.541094e+02 -3.099742e-01 -8.287716e+00 -1.570251e+02
<VARIANCE> 6
 3.175529e+01 1.324029e+04 1.445127e+04 3.005907e+02 4.044402e+04 5.187610e+07
<GCONST> 6.763267e+01
<STATE> 9
<NUMMIXES> 15
<MIXTURE> 1 1.021779e-01
<MEAN> 6
 9.816261e+01 4.855804e+02 -8.067052e+02 -4.579182e+00 1.491778e+00 4.942601e+01
<VARIANCE> 6
 3.175529e+01 1.324029e+04 1.196598e+05 3.005907e+02 4.044402e+04 5.187610e+07
<GCONST> 6.974654e+01
<MIXTURE> 2 5.111815e-02
<MEAN> 6
 7.973917e+01 1.253234e+03 -1.734732e+03 -4.137417e+00 5.429950e-01 -3.951560e+01
<VARIANCE> 6
 3.175529e+01 1.324029e+04 1.445127e+04 3.005907e+02 4.044402e+04 5.187610e+07
<GCONST> 6.763267e+01
<MIXTURE> 3 5.361345e-02
<MEAN> 6
 7.827049e+01 6.572933e+02 -8.582696e+02 8.913755e-03 -1.168564e+00 -6.217529e+00
<VARIANCE> 6
 3.175529e+01 1.324029e+04 1.445127e+04 3.005907e+02 4.044402e+04 5.187610e+07
<GCONST> 6.763267e+01
<MIXTURE> 4 6.892917e-02
<MEAN> 6
 7.049395e+01 4.817531e+02 -2.197399e+02 -1.609519e+00 -5.739770e+00 -1.409859e+02
<VARIANCE> 6
 3.175529e+01 1.324029e+04 1.445127e+04 3.005907e+02 4.044402e+04 5.187610e+07
<GCONST> 6.763267e+01
<MIXTURE> 5 4.175165e-02
<MEAN> 6
 8.755478e+01 4.485704e+02 1.597551e+02 -2.573146e+00 -9.362039e-01 8.905179e+00
<VARIANCE> 6
 3.175529e+01 1.324029e+04 1.445127e+04 3.005907e+02 4.044402e+04 5.187610e+07
<GCONST> 6.763267e+01
<MIXTURE> 6 6.217615e-02
<MEAN> 6
 8.171461e+01 3.183404e+02 -6.889911e+02 -1.415249e+00 -4.425341e+00 -1.718148e+02
<VARIANCE> 6
 3.175529e+01 1.324029e+04 1.958290e+04 3.005907e+02 4.044402e+04 5.187610e+07
<GCONST> 6.793655e+01
<MIXTURE> 7 5.226564e-02
<MEAN> 6
 8.989641e+01 4.777914e+02 -1.333991e+03 -8.576437e-01 -1.228456e+01 -1.825030e+02
<VARIANCE> 6
 3.175529e+01 4.388042e+04 1.445127e+04 3.005907e+02 4.044402e+04 5.187610e+07
<GCONST> 6.883087e+01
<MIXTURE> 8 9.782052e-02
<MEAN> 6
 6.519879e+01 4.380045e+02 -3.949282e+02 2.717955e-01 -3.864249e+00 -2.378961e+02
<VARIANCE> 6
 3.175529e+01 1.324029e+04 1.445127e+04 3.005907e+02 4.044402e+04 5.187610e+07
<GCONST> 6.763267e+01
<MIXTURE> 9 4.541552e-02
<MEAN> 6
 7.115562e+01 3.987648e+02 -1.272621e+03 -2.064373e+00 2.437297e+00 2.533194e+01
<VARIANCE> 6
 3.175529e+01 1.324029e+04 1.445127e+04 3.005907e+02 4.044402e+04 5.187610e+07
<GCONST> 6.763267e+01
<MIXTURE> 10 1.054157e-01
<MEAN> 6
 8.130294e+01 3.430526e+02 2.510857e+02 -7.652897e-01 -8.157253e+00 -8.330661e+01
<VARIANCE> 6
 3.175529e+01 1.324029e+04 1.445127e+04 3.005907e+02 4.044402e+04 5.187610e+07
<GCONST> 6.763267e+01
<MIXTURE> 11 5.464393e-02
<MEAN> 6
 8.977506e+01 7.462611e+02 -2.573072e+03 -2.516070e+00 2.693530e+00 -1.707896e+01
<VARIANCE> 6
 3.175529e+01 1.324029e+04 1.445127e+04 3.005907e+02 4.044402e+04 5.187610e+07
<GCONST> 6.763267e+01
<MIXTURE> 12 6.765040e-02
<MEAN> 6
 7.048793e+01 4.817241e+02 -2.199001e+02 -1.608544e+00 -5.731409e+00 -1.411846e+02
<VARIANCE> 6
 3.175529e+01 1.324029e+04 1.445127e+04 3.005907e+02 4.044402e+04 5.187610e+07
<GCONST> 6.763267e+01
<MIXTURE> 13 8.162779e-02
<MEAN> 6
 8.857343e+01 4.215918e+02 -1.316580e+03 -7.884833e-01 -3.082974e-01 -3.793376e+01
<VARIANCE> 6
 3.175529e+01 1.942470e+04 1.445127e+04 3.005907e+02 4.044402e+04 5.187610e+07
<GCONST> 6.801595e+01
<MIXTURE> 14 6.175262e-02
<MEAN> 6
 8.198757e+01 3.104133e+02 -7.596224e+02 -2.419583e+00 -2.027321e+00 -9.223937e+01
<VARIANCE> 6
 3.175529e+01 1.324029e+04 1.579459e+04 3.005907e+02 4.044402e+04 5.187610e+07
<GCONST> 6.772156e+01
<MIXTURE> 15 5.361076e-02
<MEAN> 6
 7.818584e+01 6.417111e+02 -8.791229e+02 -3.169725e-01 -5.099518e+00 -7.819543e+01
<VARIANCE> 6
 3.175529e+01 1.324029e+04 1.445127e+04 3.005907e+02 4.044402e+04 5.187610e+07
<GCONST> 6.763267e+01
<STATE> 10
<NUMMIXES> 15
<MIXTURE> 1 1.118078e-01
<MEAN> 6
 5.853501e+01 -2.394423e+02 8.749990e+02 -5.120836e-01 -8.295379e+00 -1.073810e+02
<VARIANCE> 6
 3.175529e+01 1.324029e+04 1.445127e+04 3.005907e+02 4.044402e+04 5.187610e+07
<GCONST> 6.763267e+01
<MIXTURE> 2 7.230340e-02
<MEAN> 6
 8.458533e+01 -4.271416e+02 1.439230e+03 -3.943646e+00 1.436336e+00 1.393751e+01
<VARIANCE> 6
 3.175529e+01 1.324029e+04 1.445127e+04 3.005907e+02 4.044402e+04 5.187610e+07
<GCONST> 6.763267e+01
<MIXTURE> 3 5.707028e-02
<MEAN> 6
 7.123212e+01 -6.161053e+02 1.437616e+02 -5.142286e-01 -4.222626e+00 -1.813355e+02
<VARIANCE> 6
 3.175529e+01 1.324029e+04 1.445127e+04 3.005907e+02 4.044402e+04 5.187610e+07
<GCONST> 6.763267e+01
<MIXTURE> 4 1.880938e-03
<MEAN> 6
 6.903886e+01 2.680138e+02 4.367354e+00 -1.382891e+01 -3.054843e+02 -5.707592e+03
<VARIANCE> 6
 8.569116e+02 7.547970e+05 1.000765e+06 5.266198e+02 1.128352e+05 1.345447e+08
<GCONST> 8.174865e+01
<MIXTURE> 5 4.849392e-02
<MEAN> 6
 7.410271e+01 -4.358235e+02 1.104774e+03 1.563389e-01 -2.775241e-02 -3.482769e+00
<VARIANCE> 6
 3.175529e+01 1.324029e+04 1.445127e+04 3.005907e+02 4.044402e+04 5.187610e+07
<GCONST> 6.763267e+01
<MIXTURE> 6 9.368801e-02
<MEAN> 6
 5.834304e+01 -1.105257e+03 4.867332e+02 6.363850e+00 -1.069314e+01 1.917197e+01
<VARIANCE> 6
 5.172496e+01 1.324029e+04 1.445127e+04 3.005907e+02 4.044402e+04 5.187610e+07
<GCONST> 6.812055e+01
<MIXTURE> 7 9.828154e-02
<MEAN> 6
 7.382716e+01 -4.261643e+02 8.868359e+02 -9.160578e-01 -1.054175e+01 -9.913531e+01
<VARIANCE> 6
 3.175529e+01 1.324029e+04 1.445127e+04 3.005907e+02 4.044402e+04 5.187610e+07
<GCONST> 6.763267e+01
<MIXTURE> 8 5.564072e-02
<MEAN> 6
 7.123206e+01 -6.150207e+02 1.453979e+02 -5.225337e-01 -4.268178e+00 -1.817549e+02
<VARIANCE> 6
 3.175529e+01 1.324029e+04 1.445127e+04 3.005907e+02 4.044402e+04 5.187610e+07
<GCONST> 6.763267e+01
<MIXTURE> 9 9.863048e-02
<MEAN> 6
 7.086501e+01 -1.095958e+03 3.595769e+01 3.596809e-01 -3.964468e+00 -1.501268e+02
<VARIANCE> 6
 3.175529e+01 4.450130e+04 1.445127e+04 3.005907e+02 4.044402e+04 5.187610e+07
<GCONST> 6.884492e+01
<MIXTURE> 10 9.764270e-02
<MEAN> 6
 7.382714e+01 -4.261663e+02 8.868163e+02 -9.164224e-01 -1.054584e+01 -9.917051e+01
<VARIANCE> 6
 3.175529e+01 1.324029e+04 1.445127e+04 3.005907e+02 4.044402e+04 5.187610e+07
<GCONST> 6.763267e+01
<MIXTURE> 11 5.604417e-02
<MEAN> 6
 7.061041e+01 -1.054162e+03 -3.653491e+02 1.041445e+00 -6.848835e+00 6.054639e+01
<VARIANCE> 6
 3.175529e+01 1.681940e+04 1.445127e+04 3.005907e+02 4.044402e+04 5.187610e+07
<GCONST> 6.787194e+01
<MIXTURE> 12 4.247126e-02
<MEAN> 6
 7.390849e+01 -4.261228e+02 9.710819e+02 -3.007789e-01 -3.905983e+00 -3.898818e+01
<VARIANCE> 6
 3.175529e+01 1.324029e+04 1.833066e+04 3.005907e+02 4.044402e+04 5.187610e+07
<GCONST> 6.787046e+01
<MIXTURE> 13 5.583965e-02
<MEAN> 6
 7.123168e+01 -6.180014e+02 1.410292e+02 -5.000712e-01 -4.144397e+00 -1.804648e+02
<VARIANCE> 6
 3.175529e+01 1.324029e+04 1.445127e+04 3.005907e+02 4.044402e+04 5.187610e+07
<GCONST> 6.763267e+01
<MIXTURE> 14 5.435299e-02
<MEAN> 6
 7.123002e+01 -6.204919e+02 1.377004e+02 -4.823752e-01 -4.043400e+00 -1.790323e+02
<VARIANCE> 6
 3.175529e+01 1.324029e+04 1.445127e+04 3.005907e+02 4.044402e+04 5.187610e+07
<GCONST> 6.763267e+01
<MIXTURE> 15 5.584184e-02
<MEAN> 6
 7.057755e+01 -1.082207e+03 -3.630931e+02 1.067091e+00 -1.687285e+01 -1.518508e+02
<VARIANCE> 6
 3.175529e+01 1.530387e+04 1.445127e+04 3.005907e+02 4.044402e+04 5.187610e+07
<GCONST> 6.777751e+01
<STATE> 11
<NUMMIXES> 15
<MIXTURE> 1 5.241974e-02
<MEAN> 6
 9.700931e+01 1.424443e+03 2.880998e+03 -2.990166e+00 7.437175e+00 6.990824e+01
<VARIANCE> 6
 3.175529e+01 3.591188e+04 1.445127e+04 3.005907e+02 4.044402e+04 5.187610e+07
<GCONST> 6.863047e+01
<MIXTURE> 2 8.470332e-03
<MEAN> 6
 9.474193e+01 3.994743e+02 3.282559e+03 3.837973e+01 1.922472e+01 -5.119509e+03
<VARIANCE> 6
 3.175529e+01 1.453027e+04 1.445127e+04 8.794465e+02 8.083566e+05 4.593228e+08
<GCONST> 7.397517e+01
<MIXTURE> 3 6.763816e-02
<MEAN> 6
 1.020353e+02 4.073235e+01 2.582666e+03 -1.642442e+00 -1.443588e+01 1.895940e+02
<VARIANCE> 6
 4.079626e+01 3.026168e+04 9.602602e+04 3.005907e+02 4.044402e+04 5.187610e+07
<GCONST> 7.060365e+01
<MIXTURE> 4 7.986099e-02
<MEAN> 6
 8.262113e+01 -5.831309e+02 2.886825e+03 -1.514911e+00 -1.591456e+00 5.337159e+01
<VARIANCE> 6
 3.175529e+01 1.324029e+04 1.445127e+04 3.005907e+02 4.044402e+04 5.187610e+07
<GCONST> 6.763267e+01
<MIXTURE> 5 9.908314e-02
<MEAN> 6
 9.502383e+01 5.885107e+02 2.210412e+03 3.791973e+00 -1.416693e+01 -6.956921e+01
<VARIANCE> 6
 3.175529e+01 1.324029e+04 2.092714e+04 3.005907e+02 4.044402e+04 5.187610e+07
<GCONST> 6.800294e+01
<MIXTURE> 6 1.020026e-01
<MEAN> 6
 1.016968e+02 8.109877e+02 1.771842e+03 -4.077335e+00 2.278032e+00 1.088221e+00
<VARIANCE> 6
 3.175529e+01 7.417763e+04 2.532226e+05 3.005907e+02 4.044402e+04 5.187610e+07
<GCONST> 7.221935e+01
<MIXTURE> 7 5.590812e-02
<MEAN> 6
 9.977226e+01 -3.875390e+01 3.408003e+03 -4.884288e+00 2.326450e+00 1.793433e+01
<VARIANCE> 6
 3.175529e+01 1.324029e+04 1.445127e+04 3.005907e+02 4.044402e+04 5.187610e+07
<GCONST> 6.763267e+01
<MIXTURE> 8 6.476268e-02
<MEAN> 6
 7.460350e+01 -8.598773e+02 3.354447e+03 -1.002573e+00 6.117413e-01 -1.111728e+01
<VARIANCE> 6
 3.175529e+01 1.324029e+04 1.445127e+04 3.005907e+02 4.044402e+04 5.187610e+07
<GCONST> 6.763267e+01
<MIXTURE> 9 1.006418e-01
<MEAN> 6
 9.253069e+01 3.150222e+02 3.260070e+03 -9.604903e+00 -9.734351e+00 5.923030e+02
<VARIANCE> 6
 3.175529e+01 1.324029e+04 1.445127e+04 3.005907e+02 4.044402e+04 5.187610e+07
<GCONST> 6.763267e+01
<MIXTURE> 10 1.005159e-01
<MEAN> 6
 8.781466e+01 3.852612e+02 1.928641e+03 -2.877880e+00 5.464476e+00 -5.144402e+01
<VARIANCE> 6
 3.175529e+01 1.324029e+04 1.445127e+04 3.005907e+02 4.044402e+04 5.187610e+07
<GCONST> 6.763267e+01
<MIXTURE> 11 1.016758e-01
<MEAN> 6
 1.003406e+02 1.406856e+03 2.059424e+03 -1.007929e+00 -3.877869e-01 -1.776189e+01
<VARIANCE> 6
 3.175529e+01 2.119307e+04 3.556684e+04 3.005907e+02 4.044402e+04 5.187610e+07
<GCONST> 6.900371e+01
<MIXTURE> 12 4.152286e-03
<MEAN> 6
 6.665333e+01 -4.026711e+01 -7.799089e+01 -1.668850e+01 -4.613083e+02 -1.056838e+04
<VARIANCE> 6
 6.404127e+02 9.270832e+05 6.189761e+05 4.472493e+02 1.174941e+05 1.996651e+08
<GCONST> 8.145441e+01
<MIXTURE> 13 6.530070e-02
<MEAN> 6
 7.652113e+01 -7.639287e+02 3.180696e+03 -2.193321e+00 1.613480e+00 4.092930e+00
<VARIANCE> 6
 3.175529e+01 1.324029e+04 1.445127e+04 3.005907e+02 4.044402e+04 5.187610e+07
<GCONST> 6.763267e+01
<MIXTURE> 14 4.160222e-02
<MEAN> 6
 1.070018e+02 -2.198448e+02 1.884358e+03 -1.744142e+00 5.633405e-02 -6.814501e+02
<VARIANCE> 6
 3.175529e+01 2.659260e+05 2.389828e+05 3.005907e+02 4.044402e+04 5.187610e+07
<GCONST> 7.343823e+01
<MIXTURE> 15 5.595547e-02
<MEAN> 6
 1.002878e+02 -5.109598e+01 3.386700e+03 -4.679554e+00 -8.039970e-01 -3.708325e+01
<VARIANCE> 6
 3.175529e+01 1.324029e+04 1.445127e+04 3.005907e+02 4.044402e+04 5.187610e+07
<GCONST> 6.763267e+01
<STATE> 12
<NUMMIXES> 15
<MIXTURE> 1 2.827168e-02
<MEAN> 6
 7.406974e+01 3.655163e+02 2.776972e+03 -1.612306e+01 3.767161e+02 3.411830e+02
<VARIANCE> 6
 3.494189e+01 1.052812e+05 2.700457e+06 1.912616e+03 1.841551e+05 2.139785e+08
<GCONST> 7.981542e+01
<MIXTURE> 2 5.866711e-02
<MEAN> 6
 6.572565e+01 -7.504340e+01 3.409708e+03 -1.015833e+01 6.254374e+00 3.166729e+02
<VARIANCE> 6
 3.175529e+01 1.324029e+04 8.804204e+04 3.005907e+02 4.044402e+04 5.187610e+07
<GCONST> 6.943970e+01
<MIXTURE> 3 8.630553e-02
<MEAN> 6
 5.409901e+01 5.010112e+01 2.912265e+03 -4.099680e+00 3.799045e+01 -1.704275e+02
<VARIANCE> 6
 3.175529e+01 1.324029e+04 1.445127e+04 3.005907e+02 4.044402e+04 5.187610e+07
<GCONST> 6.763267e+01
<MIXTURE> 4 2.908442e-02
<MEAN> 6
 5.562447e+01 1.320037e+02 2.887283e+03 -1.568194e+01 -3.420376e+01 2.025713e+03
<VARIANCE> 6
 3.175529e+01 1.324029e+04 2.992710e+05 3.005907e+02 4.044402e+04 5.187610e+07
<GCONST> 7.066324e+01
<MIXTURE> 5 1.830058e-02
<MEAN> 6
 5.813604e+01 1.931867e+02 3.059910e+03 1.948518e+01 -3.118241e+02 -1.404675e+03
<VARIANCE> 6
 3.175529e+01 2.525570e+05 7.039210e+04 7.460941e+02 8.987388e+04 5.187610e+07
<GCONST> 7.387193e+01
<MIXTURE> 6 9.225439e-02
<MEAN> 6
 6.531605e+01 1.795298e+01 1.987543e+01 -3.849284e+01 -7.868171e+02 -1.114909e+04
<VARIANCE> 6
 9.121347e+01 7.036329e+04 1.351558e+05 3.552289e+02 4.044402e+04 5.187610e+07
<GCONST> 7.276088e+01
<MIXTURE> 7 9.694927e-02
<MEAN> 6
 4.750241e+01 -7.230008e+01 1.223349e+02 -1.118139e+02 -7.278864e+02 -1.387232e+03
<VARIANCE> 6
 6.168965e+01 1.729663e+04 1.474681e+05 1.373622e+03 1.362448e+05 5.187610e+07
<GCONST> 7.362080e+01
<MIXTURE> 8 5.637731e-02
<MEAN> 6
 6.727763e+01 4.489571e+01 -6.881512e+01 -8.985472e+01 -1.871351e+03 -2.162023e+04
<VARIANCE> 6
 1.109351e+02 2.734210e+04 3.495656e+04 2.162739e+03 3.485717e+05 1.939483e+08
<GCONST> 7.593809e+01
<MIXTURE> 9 9.197900e-02
<MEAN> 6
 5.445059e+01 8.808710e+01 -1.596597e+02 -2.128540e+02 -1.947934e+03 1.523657e+03
<VARIANCE> 6
 6.724561e+01 5.079448e+05 8.154730e+04 1.547820e+03 3.970252e+05 9.848913e+07
<GCONST> 7.832449e+01
<MIXTURE> 10 5.743935e-02
<MEAN> 6
 6.836594e+01 6.244988e+02 -3.892350e+02 -9.289885e+01 -8.081943e+02 -2.139572e+03
<VARIANCE> 6
 1.136233e+02 2.356976e+05 5.165753e+05 1.523074e+03 4.126716e+04 5.187610e+07
<GCONST> 7.700611e+01
<MIXTURE> 11 8.559024e-02
<MEAN> 6
 3.115161e+01 -2.020978e+01 4.778111e+02 -1.965652e+02 -6.665632e+02 -2.889731e+02
<VARIANCE> 6
 1.562365e+02 1.822110e+05 2.921125e+05 2.603907e+03 2.125195e+05 5.774948e+07
<GCONST> 7.877963e+01
<MIXTURE> 12 6.034705e-02
<MEAN> 6
 3.951099e+01 3.328680e+02 -2.828066e+02 -2.998788e+02 -1.428426e+03 1.215587e+04
<VARIANCE> 6
 7.908768e+01 3.888684e+05 1.990630e+05 2.204283e+03 2.594090e+05 1.127838e+08
<GCONST> 7.917549e+01
<MIXTURE> 13 1.084478e-01
<MEAN> 6
 1.025509e+01 -7.896434e+01 -1.028094e+02 -2.873271e+02 -4.658803e+02 6.420607e+03
<VARIANCE> 6
 2.084291e+02 4.693608e+04 1.248948e+05 2.521030e+03 1.603144e+05 1.045633e+08
<GCONST> 7.714125e+01
<MIXTURE> 14 6.859470e-02
<MEAN> 6
 6.242935e+01 2.532807e+02 -1.400197e+02 -1.141153e+02 -1.434656e+03 -9.733378e+03
<VARIANCE> 6
 5.237091e+01 6.482479e+05 1.259521e+05 1.548219e+03 9.184491e+04 5.566513e+07
<GCONST> 7.671888e+01
<MIXTURE> 15 6.137921e-02
<MEAN> 6
 3.550920e+01 1.512792e+02 -4.269792e+02 -3.162697e+02 -1.545031e+03 8.273217e+03
<VARIANCE> 6
 9.084219e+01 3.775550e+05 2.220676e+05 2.180490e+03 2.447271e+05 1.333653e+08
<GCONST> 7.949240e+01
<STATE> 13
<NUMMIXES> 15
<MIXTURE> 1 1.270510e-02
<MEAN> 6
 1.810320e+01 2.385930e-01 -3.693138e+03 -3.559371e+02 -1.186631e+03 2.420358e+04
<VARIANCE> 6
 5.475490e+02 2.088917e+04 2.271167e+07 7.368695e+03 1.419622e+06 4.111340e+08
<GCONST> 8.712341e+01
<MIXTURE> 2 9.116225e-03
<MEAN> 6
 5.849031e+01 1.311441e+03 -1.835088e+02 -1.633969e+02 -1.010115e+03 -2.342415e+03
<VARIANCE> 6
 1.795286e+02 5.831451e+05 1.574797e+04 6.101413e+03 1.764571e+06 3.921943e+08
<GCONST> 8.204522e+01
<MIXTURE> 3 7.527115e-02
<MEAN> 6
 7.859006e+00 9.323398e+01 -1.813786e+02 -4.114491e+02 -7.615086e+02 1.560581e+04
<VARIANCE> 6
 2.628085e+02 7.535029e+05 3.303791e+05 2.363281e+03 4.079158e+05 3.641778e+08
<GCONST> 8.323895e+01
<MIXTURE> 4 3.904865e-02
<MEAN> 6
 -3.156255e+01 1.981867e+02 5.200685e+01 -4.065764e+02 1.939535e+03 5.870382e+04
<VARIANCE> 6
 2.763862e+02 2.119888e+06 5.017425e+05 5.560803e+03 2.303464e+06 7.207789e+08
<GCONST> 8.801105e+01
<MIXTURE> 5 6.907309e-02
<MEAN> 6
 -1.769378e+01 4.108634e+01 -3.182145e+02 -3.509214e+02 8.801585e+02 2.526889e+04
<VARIANCE> 6
 2.555675e+02 2.183770e+05 2.836795e+05 4.091246e+03 4.398750e+05 2.617320e+08
<GCONST> 8.211401e+01
<MIXTURE> 6 9.819113e-02
<MEAN> 6
 -5.433595e+00 4.274518e+01 1.245463e+01 3.246323e+02 2.339195e+02 -1.375533e+04
<VARIANCE> 6
 2.532965e+02 2.241642e+05 1.231814e+05 1.659115e+03 4.408943e+05 7.179037e+07
<GCONST> 7.910323e+01
<MIXTURE> 7 7.710096e-02
<MEAN> 6
 -5.285924e+01 7.539514e+00 -2.173665e+02 1.463850e+02 9.692738e+02 2.726356e+03
<VARIANCE> 6
 5.052140e+01 1.948002e+05 1.456259e+05 2.679280e+03 1.351606e+05 5.187610e+07
<GCONST> 7.649007e+01
<MIXTURE> 8 9.024972e-02
<MEAN> 6
 -6.090425e+01 -2.605581e+02 -3.458952e+02 1.730871e+00 8.801378e+01 9.578288e+02
<VARIANCE> 6
 1.080187e+02 6.719395e+05 2.698566e+05 3.005907e+02 4.165016e+04 5.187610e+07
<GCONST> 7.574031e+01
<MIXTURE> 9 9.653903e-02
<MEAN> 6
 -5.016878e+01 -6.721360e+01 -1.734756e+02 3.309396e+00 1.510293e+03 -2.690054e+03
<VARIANCE> 6
 4.411472e+02 6.519472e+04 8.490262e+05 2.916500e+04 1.665667e+05 7.401514e+07
<GCONST> 8.227728e+01
<MIXTURE> 10 1.062768e-01
<MEAN> 6
 -4.471239e+01 8.624635e+01 -1.418552e+02 -1.971844e+02 2.349317e+03 -7.566789e+03
<VARIANCE> 6
 3.303101e+02 4.370317e+05 3.379096e+05 7.260033e+03 1.081024e+06 6.210539e+08
<GCONST> 8.557608e+01
<MIXTURE> 11 7.326538e-02
<MEAN> 6
 -6.924961e+01 -1.731436e+01 -4.268380e+02 1.414977e+01 5.655478e+02 -1.753896e+02
<VARIANCE> 6
 5.266525e+01 5.321437e+05 2.551226e+05 3.140037e+03 4.044402e+04 5.187610e+07
<GCONST> 7.704942e+01
<MIXTURE> 12 5.535492e-02
<MEAN> 6
 -2.800647e+01 -2.093771e+02 -2.725271e+02 2.223582e+02 7.922831e+02 -2.230202e+03
<VARIANCE> 6
 1.824110e+02 6.830062e+05 1.448295e+05 3.910988e+03 1.494682e+05 5.335552e+07
<GCONST> 7.952997e+01
<MIXTURE> 13 7.585785e-02
<MEAN> 6
 -6.510896e+01 -5.697526e+00 -6.836935e+00 -5.557109e+01 1.163949e+03 -1.519176e+04
<VARIANCE> 6
 8.858408e+01 1.039931e+06 4.572306e+05 4.492131e+03 6.632081e+05 4.380023e+08
<GCONST> 8.411149e+01
<MIXTURE> 14 6.960875e-02
<MEAN> 6
 -6.771394e+01 -8.008083e+01 -1.603843e+02 5.803276e+01 6.857649e+02 3.825414e+02
<VARIANCE> 6
 5.182924e+01 7.499698e+04 6.620057e+04 2.640977e+03 4.294441e+04 5.187610e+07
<GCONST> 7.361180e+01
<MIXTURE> 15 5.232447e-02
<MEAN> 6
 -3.166692e+01 -5.156159e+02 -4.219173e+02 1.869066e+02 6.258497e+02 -3.321465e+03
<VARIANCE> 6
 2.014032e+02 8.205323e+05 1.571627e+05 5.258760e+03 1.523862e+05 5.187610e+07
<GCONST> 8.018150e+01
<STATE> 14
<NUMMIXES> 15
<MIXTURE> 1 5.413128e-02
<MEAN> 6
 8.487120e+01 -1.156509e+02 1.366035e+02 -5.344937e+00 -1.854662e+01 6.339207e+01
<VARIANCE> 6
 1.086849e+02 1.152861e+06 1.006649e+06 3.005907e+02 4.044402e+04 5.187610e+07
<GCONST> 7.757340e+01
<MIXTURE> 2 1.459183e-02
<MEAN> 6
 -1.044339e+01 1.565296e+02 1.154303e+02 -3.162443e+01 4.648304e+01 4.860882e+03
<VARIANCE> 6
 1.133288e+04 1.949044e+05 4.220950e+05 1.832710e+06 9.993230e+08 1.469278e+12
<GCONST> 1.086557e+02
<MIXTURE> 3 4.288859e-02
<MEAN> 6
 9.031598e+01 1.223325e+02 1.549092e+02 4.593468e+01 -1.019232e+03 -1.351931e+03
<VARIANCE> 6
 1.483275e+02 7.657463e+05 3.301153e+05 1.546685e+04 2.128747e+06 1.689935e+09
<GCONST> 8.774794e+01
<MIXTURE> 4 4.737583e-02
<MEAN> 6
 -3.040464e+01 1.204950e+01 2.144254e+02 9.604844e+01 6.945660e+02 -8.595410e+02
<VARIANCE> 6
 4.693475e+02 2.434658e+05 2.231666e+05 2.419309e+04 1.334738e+05 5.187610e+07
<GCONST> 8.155686e+01
<MIXTURE> 5 8.244774e-02
<MEAN> 6
 -3.330147e+01 -3.251959e+02 4.711200e+01 -5.734493e+01 8.351828e+02 1.434928e+03
<VARIANCE> 6
 1.344506e+03 1.029605e+06 3.283853e+05 5.526500e+04 1.453178e+06 8.301637e+08
<GCONST> 9.042397e+01
<MIXTURE> 6 8.736236e-02
<MEAN> 6
 3.473035e+01 -5.084271e+01 4.708434e+01 1.944417e+02 -1.908887e+02 -2.210113e+03
<VARIANCE> 6
 6.078439e+02 1.356217e+05 1.352349e+05 5.197751e+03 1.090162e+05 5.187610e+07
<GCONST> 7.898917e+01
<MIXTURE> 7 7.329423e-02
<MEAN> 6
 7.253099e+01 7.476614e+01 1.184228e+01 -2.435754e+01 -6.923380e+02 -5.986512e+02
<VARIANCE> 6
 3.837571e+02 5.557158e+04 2.659408e+04 2.039256e+04 3.655543e+05 1.124142e+08
<GCONST> 7.936093e+01
<MIXTURE> 8 6.539924e-02
<MEAN> 6
 -5.617546e+01 4.663501e+01 6.842334e+00 1.339013e+01 2.054039e+02 1.863534e+02
<VARIANCE> 6
 1.944636e+02 1.270331e+05 1.285800e+05 5.274149e+02 5.675389e+04 5.187610e+07
<GCONST> 7.479285e+01
<MIXTURE> 9 9.514113e-02
<MEAN> 6
 8.259521e+01 1.239394e+01 2.965459e+01 -8.185947e+00 -2.772077e+01 -3.176522e+02
<VARIANCE> 6
 1.301000e+02 2.296640e+05 4.993201e+04 3.005907e+02 4.044402e+04 5.187610e+07
<GCONST> 7.313615e+01
<MIXTURE> 10 7.684973e-02
<MEAN> 6
 6.308575e+01 2.431057e+02 -7.104216e+01 1.344809e+01 -7.373048e+02 2.062230e+02
<VARIANCE> 6
 5.630134e+02 1.055539e+06 8.640461e+05 3.482834e+04 2.344845e+05 7.655265e+07
<GCONST> 8.587633e+01
<MIXTURE> 11 7.953148e-02
<MEAN> 6
 7.602917e+01 -2.662677e+01 -6.559786e+01 -3.625766e+00 -3.720090e+01 -2.069936e+02
<VARIANCE> 6
 1.321592e+02 2.552570e+04 1.590833e+05 3.005907e+02 4.044402e+04 5.187610e+07
<GCONST> 7.211369e+01
<MIXTURE> 12 8.699954e-02
<MEAN> 6
 -3.797392e+01 -3.340828e+01 8.629225e+00 -5.535400e+00 8.458400e+02 6.875500e+01
<VARIANCE> 6
 3.738390e+02 2.885325e+04 3.968873e+04 2.685199e+04 3.336304e+05 1.533608e+08
<GCONST> 7.957407e+01
<MIXTURE> 13 8.420654e-02
<MEAN> 6
 4.302216e+01 -3.495983e+01 -2.330389e+01 -8.660897e+01 -3.046881e+02 1.086922e+03
<VARIANCE> 6
 9.273071e+02 2.013052e+05 1.475836e+05 2.754025e+04 1.396183e+05 5.187610e+07
<GCONST> 8.180871e+01
<MIXTURE> 14 6.093536e-02
<MEAN> 6
 3.599063e+01 -6.393960e-01 -2.686209e+01 -1.314244e+02 -4.050560e+02 2.827994e+03
<VARIANCE> 6
 1.050866e+03 2.997266e+04 4.535904e+04 3.123383e+04 4.156941e+05 1.962578e+08
<GCONST> 8.139694e+01
<MIXTURE> 15 4.807010e-02
<MEAN> 6
 -3.552316e+01 -1.723741e+02 4.464643e+01 4.131823e+01 5.927537e+02 -2.439534e+03
<VARIANCE> 6
 4.673819e+02 2.817641e+05 2.101905e+05 2.437804e+04 1.270422e+05 5.187610e+07
<GCONST> 8.159708e+01
<TRANSP> 15
 0.000000e+00 1.000000e+00 0.000000e+00 0.000000e+00 0.000000e+00 0.000000e+00 0.000000e+00 0.000000e+00 0.000000e+00 0.000000e+00 0.000000e+00 0.000000e+00 0.000000e+00 0.000000e+00 0.000000e+00
 0.000000e+00 9.998820e-01 1.179431e-04 0.000000e+00 0.000000e+00 0.000000e+00 0.000000e+00 0.000000e+00 0.000000e+00 0.000000e+00 0.000000e+00 0.000000e+00 0.000000e+00 0.000000e+00 0.000000e+00
 0.000000e+00 0.000000e+00 9.959195e-01 4.080541e-03 0.000000e+00 0.000000e+00 0.000000e+00 0.000000e+00 0.000000e+00 0.000000e+00 0.000000e+00 0.000000e+00 0.000000e+00 0.000000e+00 0.000000e+00
 0.000000e+00 0.000000e+00 0.000000e+00 9.977353e-01 2.264707e-03 0.000000e+00 0.000000e+00 0.000000e+00 0.000000e+00 0.000000e+00 0.000000e+00 0.000000e+00 0.000000e+00 0.000000e+00 0.000000e+00
 0.000000e+00 0.000000e+00 0.000000e+00 0.000000e+00 9.964809e-01 3.519030e-03 0.000000e+00 0.000000e+00 0.000000e+00 0.000000e+00 0.000000e+00 0.000000e+00 0.000000e+00 0.000000e+00 0.000000e+00
 0.000000e+00 0.000000e+00 0.000000e+00 0.000000e+00 0.000000e+00 9.982904e-01 1.709605e-03 0.000000e+00 0.000000e+00 0.000000e+00 0.000000e+00 0.000000e+00 0.000000e+00 0.000000e+00 0.000000e+00
 0.000000e+00 0.000000e+00 0.000000e+00 0.000000e+00 0.000000e+00 0.000000e+00 9.983065e-01 1.693515e-03 0.000000e+00 0.000000e+00 0.000000e+00 0.000000e+00 0.000000e+00 0.000000e+00 0.000000e+00
 0.000000e+00 0.000000e+00 0.000000e+00 0.000000e+00 0.000000e+00 0.000000e+00 0.000000e+00 9.988217e-01 1.178295e-03 0.000000e+00 0.000000e+00 0.000000e+00 0.000000e+00 0.000000e+00 0.000000e+00
 0.000000e+00 0.000000e+00 0.000000e+00 0.000000e+00 0.000000e+00 0.000000e+00 0.000000e+00 0.000000e+00 9.981231e-01 1.876832e-03 0.000000e+00 0.000000e+00 0.000000e+00 0.000000e+00 0.000000e+00
 0.000000e+00 0.000000e+00 0.000000e+00 0.000000e+00 0.000000e+00 0.000000e+00 0.000000e+00 0.000000e+00 0.000000e+00 9.978541e-01 2.145971e-03 0.000000e+00 0.000000e+00 0.000000e+00 0.000000e+00
 0.000000e+00 0.000000e+00 0.000000e+00 0.000000e+00 0.000000e+00 0.000000e+00 0.000000e+00 0.000000e+00 0.000000e+00 0.000000e+00 9.960139e-01 3.986040e-03 0.000000e+00 0.000000e+00 0.000000e+00
 0.000000e+00 0.000000e+00 0.000000e+00 0.000000e+00 0.000000e+00 0.000000e+00 0.000000e+00 0.000000e+00 0.000000e+00 0.000000e+00 0.000000e+00 9.952686e-01 4.731400e-03 0.000000e+00 0.000000e+00
 0.000000e+00 0.000000e+00 0.000000e+00 0.000000e+00 0.000000e+00 0.000000e+00 0.000000e+00 0.000000e+00 0.000000e+00 0.000000e+00 0.000000e+00 0.000000e+00 9.972564e-01 2.743580e-03 0.000000e+00
 0.000000e+00 0.000000e+00 0.000000e+00 0.000000e+00 0.000000e+00 0.000000e+00 0.000000e+00 0.000000e+00 0.000000e+00 0.000000e+00 0.000000e+00 0.000000e+00 0.000000e+00 9.999314e-01 6.858043e-05
 0.000000e+00 0.000000e+00 0.000000e+00 0.000000e+00 0.000000e+00 0.000000e+00 0.000000e+00 0.000000e+00 0.000000e+00 0.000000e+00 0.000000e+00 0.000000e+00 0.000000e+00 0.000000e+00 0.000000e+00
<ENDHMM>
