~o
<STREAMINFO> 1 6
<VECSIZE> 6<NULLD><USER><DIAGC>
~h "SegundoPRIMARIA"
<BEGINHMM>
<NUMSTATES> 15
<STATE> 2
<NUMMIXES> 14
<MIXTURE> 1 9.079072e-02
<MEAN> 6
 -2.438418e+01 3.695576e+01 1.163606e+01 8.984505e+01 7.214890e+02 -3.230064e+03
<VARIANCE> 6
 2.703270e+02 1.129697e+05 3.139005e+04 3.525829e+04 2.397400e+05 6.033400e+07
<GCONST> 7.938919e+01
<MIXTURE> 2 3.323804e-02
<MEAN> 6
 5.984944e+01 3.237883e+01 -8.346857e+00 -1.272516e+01 -8.344578e+02 4.463276e+03
<VARIANCE> 6
 3.839384e+03 6.382352e+05 7.947713e+05 9.893523e+04 8.060016e+06 5.283453e+09
<GCONST> 9.602510e+01
<MIXTURE> 3 7.679714e-02
<MEAN> 6
 8.527655e+01 8.774303e+01 8.622733e+01 -6.258529e-01 -2.716124e+01 -3.213454e+02
<VARIANCE> 6
 1.121776e+02 1.229256e+05 5.638001e+04 2.998198e+02 4.022584e+04 5.158639e+07
<GCONST> 7.247076e+01
<MIXTURE> 4 5.558705e-02
<MEAN> 6
 3.497194e+01 9.858881e+01 4.057797e+01 2.620498e+02 -5.578256e+01 -2.005873e+03
<VARIANCE> 6
 6.103046e+02 1.203957e+05 5.211121e+04 7.624668e+03 2.548456e+05 9.826909e+07
<GCONST> 7.979167e+01
<MIXTURE> 5 9.237881e-02
<MEAN> 6
 -4.596284e+01 -3.082771e+00 -6.963562e+00 -6.709927e+01 1.643402e+03 -8.134484e+02
<VARIANCE> 6
 3.347047e+02 1.676669e+05 1.030353e+05 4.438687e+04 8.533465e+05 6.634339e+08
<GCONST> 8.508363e+01
<MIXTURE> 6 6.784575e-02
<MEAN> 6
 9.786334e+01 2.806898e+01 8.051895e+00 3.681912e+01 -1.013128e+03 -1.331104e+03
<VARIANCE> 6
 4.322150e+02 3.308139e+05 5.943783e+04 2.741884e+04 1.910168e+06 9.112010e+08
<GCONST> 8.611015e+01
<MIXTURE> 7 8.108939e-02
<MEAN> 6
 6.492586e+01 -1.520935e+02 -2.126293e+02 1.059648e+00 -3.110636e+00 -1.039405e+02
<VARIANCE> 6
 4.955836e+01 2.093311e+05 7.109023e+04 2.998198e+02 4.022584e+04 5.158639e+07
<GCONST> 7.241801e+01
<MIXTURE> 8 7.019064e-02
<MEAN> 6
 -5.054870e+01 1.050713e+02 4.143906e+01 3.007794e+01 5.336082e+02 1.483802e+03
<VARIANCE> 6
 1.224568e+02 8.844515e+04 3.518566e+04 5.401127e+03 1.909474e+05 5.158639e+07
<GCONST> 7.620644e+01
<MIXTURE> 9 8.997975e-02
<MEAN> 6
 2.078100e+01 1.092532e+01 5.584692e+01 -3.126671e+02 -2.607805e+02 9.887121e+03
<VARIANCE> 6
 6.363867e+02 7.339800e+04 7.398726e+04 9.341407e+03 7.667304e+05 3.000818e+08
<GCONST> 8.211003e+01
<MIXTURE> 10 9.866959e-02
<MEAN> 6
 8.252563e+01 2.175212e+01 1.652495e+01 -3.818893e+01 -7.159401e+02 -6.330364e+02
<VARIANCE> 6
 2.843828e+02 6.325979e+04 3.642363e+04 2.120313e+04 1.722169e+05 5.293850e+07
<GCONST> 7.803862e+01
<MIXTURE> 11 7.124892e-02
<MEAN> 6
 8.741525e+01 -2.268829e+02 -4.340660e+01 -3.366712e+00 -2.356344e+01 -2.986710e+02
<VARIANCE> 6
 2.898725e+02 1.451736e+05 1.474521e+05 2.998198e+02 4.022584e+04 5.158639e+07
<GCONST> 7.454787e+01
<MIXTURE> 12 6.572293e-02
<MEAN> 6
 7.782587e+01 -4.744349e+01 1.586710e+02 -4.863700e+01 -9.717499e+02 -3.246102e+03
<VARIANCE> 6
 3.525815e+02 1.208745e+05 2.288315e+05 3.435565e+04 5.397016e+05 1.631276e+08
<GCONST> 8.348913e+01
<MIXTURE> 13 4.961981e-02
<MEAN> 6
 -6.278081e+01 1.497780e+01 -8.805114e+01 1.048503e+01 3.684348e+02 -4.112161e+02
<VARIANCE> 6
 2.084421e+02 1.042810e+05 2.037538e+05 1.917581e+03 1.675440e+05 6.259014e+07
<GCONST> 7.768637e+01
<MIXTURE> 14 5.630808e-02
<MEAN> 6
 2.914047e+01 2.926275e+01 -2.241341e+01 2.656737e+02 -1.658416e+02 -4.999962e+03
<VARIANCE> 6
 5.972590e+02 1.186074e+05 4.534345e+04 8.078876e+03 2.533494e+05 1.020873e+08
<GCONST> 7.970609e+01
<STATE> 3
<NUMMIXES> 14
<MIXTURE> 1 9.230588e-02
<MEAN> 6
 9.580546e+01 1.161250e+02 1.049784e+02 -3.168190e+00 -2.525685e+00 5.333010e+01
<VARIANCE> 6
 3.185104e+01 1.195217e+04 1.387160e+04 2.998198e+02 4.022584e+04 5.158639e+07
<GCONST> 6.747881e+01
<MIXTURE> 2 4.606670e-02
<MEAN> 6
 9.522917e+01 1.609115e+02 -2.309403e+02 1.823254e+01 1.213885e+02 -5.118217e+03
<VARIANCE> 6
 3.185104e+01 1.490265e+04 1.387160e+04 4.093751e+02 1.594774e+05 5.158639e+07
<GCONST> 6.938828e+01
<MIXTURE> 3 5.869034e-02
<MEAN> 6
 1.043152e+02 8.548264e+02 -2.518223e+02 5.493978e+00 -6.451982e+01 -1.588619e+02
<VARIANCE> 6
 8.185523e+01 2.076532e+04 1.387160e+04 6.522875e+02 4.840345e+04 5.158639e+07
<GCONST> 6.993743e+01
<MIXTURE> 4 9.326522e-02
<MEAN> 6
 1.012020e+02 -8.656868e+01 -1.112225e+01 -3.364743e+00 -3.106968e+01 3.277581e+02
<VARIANCE> 6
 3.185104e+01 1.195217e+04 1.387160e+04 2.998198e+02 4.022584e+04 5.158639e+07
<GCONST> 6.747881e+01
<MIXTURE> 5 2.120432e-02
<MEAN> 6
 1.060716e+02 -2.634514e+02 -1.621219e+02 4.660178e+00 1.600729e+02 -7.588748e+03
<VARIANCE> 6
 1.244983e+02 5.509987e+04 1.387160e+04 2.998198e+02 2.592454e+05 1.164937e+08
<GCONST> 7.304812e+01
<MIXTURE> 6 8.585871e-02
<MEAN> 6
 1.025506e+02 9.714825e+01 1.203562e+01 2.603131e+01 -3.990343e+02 1.159975e+03
<VARIANCE> 6
 3.759723e+01 2.154800e+05 1.322471e+05 1.448455e+03 1.015983e+06 7.178524e+08
<GCONST> 8.022864e+01
<MIXTURE> 7 9.534882e-02
<MEAN> 6
 9.597052e+01 1.074609e+02 9.798433e+01 -3.128245e+00 -3.902261e+00 5.628918e+01
<VARIANCE> 6
 3.185104e+01 1.195217e+04 1.387160e+04 2.998198e+02 4.022584e+04 5.158639e+07
<GCONST> 6.747881e+01
<MIXTURE> 8 8.334795e-02
<MEAN> 6
 9.942747e+01 5.132397e+02 -2.153282e+02 2.955077e-01 -3.074185e+01 3.318658e+02
<VARIANCE> 6
 3.185104e+01 1.195217e+04 1.387160e+04 2.998198e+02 4.022584e+04 5.158639e+07
<GCONST> 6.747881e+01
<MIXTURE> 9 9.173577e-02
<MEAN> 6
 9.627274e+01 8.322817e+01 8.329662e+01 -3.066562e+00 -6.882492e+00 6.053002e+01
<VARIANCE> 6
 3.185104e+01 1.195217e+04 1.387160e+04 2.998198e+02 4.022584e+04 5.158639e+07
<GCONST> 6.747881e+01
<MIXTURE> 10 9.242659e-02
<MEAN> 6
 9.609199e+01 9.922286e+01 9.238640e+01 -3.100602e+00 -5.023220e+00 5.818209e+01
<VARIANCE> 6
 3.185104e+01 1.195217e+04 1.387160e+04 2.998198e+02 4.022584e+04 5.158639e+07
<GCONST> 6.747881e+01
<MIXTURE> 11 5.704958e-02
<MEAN> 6
 1.103972e+02 -2.285024e+02 -1.845494e+02 -3.484930e+01 -3.675602e+02 3.104860e+04
<VARIANCE> 6
 2.614918e+02 8.403721e+05 2.323247e+05 1.828810e+03 1.496935e+06 5.498065e+08
<GCONST> 8.444659e+01
<MIXTURE> 12 6.441449e-02
<MEAN> 6
 9.361910e+01 1.659910e+02 -1.542986e+02 -4.513322e+00 1.926634e+01 1.068026e+03
<VARIANCE> 6
 3.185104e+01 1.195217e+04 1.387160e+04 2.998198e+02 4.022584e+04 5.158639e+07
<GCONST> 6.747881e+01
<MIXTURE> 13 5.427232e-02
<MEAN> 6
 9.911499e+01 4.535716e+02 -2.580301e+02 -7.841607e+00 -9.870659e+01 1.729184e+03
<VARIANCE> 6
 4.097830e+01 1.267136e+04 1.387160e+04 8.035641e+02 4.022584e+04 5.158639e+07
<GCONST> 6.877509e+01
<MIXTURE> 14 6.399177e-02
<MEAN> 6
 9.280165e+01 1.314154e+02 -1.686848e+02 -5.930312e+00 -9.856263e+00 7.874155e+02
<VARIANCE> 6
 3.185104e+01 1.195217e+04 1.387160e+04 2.998198e+02 4.022584e+04 5.158639e+07
<GCONST> 6.747881e+01
<STATE> 4
<NUMMIXES> 14
<MIXTURE> 1 2.784313e-02
<MEAN> 6
 5.976854e+01 -1.295509e+02 -1.210129e+03 -2.017114e+01 -3.656029e+01 4.167103e+03
<VARIANCE> 6
 3.006184e+02 2.092955e+05 8.896957e+05 6.523194e+03 9.613276e+05 3.131938e+08
<GCONST> 8.480476e+01
<MIXTURE> 2 8.184484e-02
<MEAN> 6
 7.571238e+01 1.899104e+02 -1.342949e+03 1.491810e+00 1.617910e+01 3.772996e+01
<VARIANCE> 6
 3.185104e+01 1.195217e+04 1.387160e+04 2.998198e+02 4.022584e+04 5.158639e+07
<GCONST> 6.747881e+01
<MIXTURE> 3 6.090881e-02
<MEAN> 6
 6.835538e+01 3.457537e+01 -7.622238e+02 -2.024621e-02 -1.133704e+01 -3.200048e+02
<VARIANCE> 6
 3.185104e+01 1.195217e+04 1.387160e+04 2.998198e+02 4.022584e+04 5.158639e+07
<GCONST> 6.747881e+01
<MIXTURE> 4 5.828382e-02
<MEAN> 6
 7.431094e+01 -2.823466e+02 -5.706280e+02 3.367318e+00 -3.460662e+00 -2.907624e+01
<VARIANCE> 6
 3.185104e+01 1.195217e+04 1.387160e+04 2.998198e+02 4.022584e+04 5.158639e+07
<GCONST> 6.747881e+01
<MIXTURE> 5 1.042793e-01
<MEAN> 6
 7.093056e+01 3.576290e+01 -1.055477e+03 -2.845893e+00 -1.674649e+00 2.056087e+01
<VARIANCE> 6
 3.185104e+01 1.195217e+04 1.387160e+04 2.998198e+02 4.022584e+04 5.158639e+07
<GCONST> 6.747881e+01
<MIXTURE> 6 1.125162e-01
<MEAN> 6
 7.160125e+01 -4.342258e+02 -7.692116e+02 -8.198662e-01 -8.867201e+00 -4.691989e+01
<VARIANCE> 6
 3.185104e+01 1.195217e+04 1.387160e+04 2.998198e+02 4.022584e+04 5.158639e+07
<GCONST> 6.747881e+01
<MIXTURE> 7 2.132046e-02
<MEAN> 6
 4.860808e+01 -2.150044e+02 -9.733612e+02 4.562162e+01 -2.335106e+00 -3.709655e+03
<VARIANCE> 6
 3.185104e+01 1.943164e+04 1.387160e+04 2.998198e+02 6.830179e+04 5.158639e+07
<GCONST> 6.849423e+01
<MIXTURE> 8 7.701016e-02
<MEAN> 6
 6.764336e+01 1.500178e+00 -9.472533e+02 -7.227560e-01 -5.006434e+00 -1.093904e+02
<VARIANCE> 6
 3.185104e+01 1.195217e+04 1.387160e+04 2.998198e+02 4.022584e+04 5.158639e+07
<GCONST> 6.747881e+01
<MIXTURE> 9 1.120800e-01
<MEAN> 6
 7.160124e+01 -4.342269e+02 -7.692127e+02 -8.198559e-01 -8.867366e+00 -4.692247e+01
<VARIANCE> 6
 3.185104e+01 1.195217e+04 1.387160e+04 2.998198e+02 4.022584e+04 5.158639e+07
<GCONST> 6.747881e+01
<MIXTURE> 10 3.601821e-02
<MEAN> 6
 6.907659e+01 -2.278574e+02 -1.416687e+03 -8.459983e+00 -1.740116e+01 -7.152278e+02
<VARIANCE> 6
 3.185104e+01 1.195217e+04 1.387160e+04 2.998198e+02 4.022584e+04 5.158639e+07
<GCONST> 6.747881e+01
<MIXTURE> 11 1.006752e-01
<MEAN> 6
 6.771325e+01 9.906330e-01 -9.599473e+02 -8.156551e-01 -4.255971e+00 -9.636707e+01
<VARIANCE> 6
 3.185104e+01 1.195217e+04 1.387160e+04 2.998198e+02 4.022584e+04 5.158639e+07
<GCONST> 6.747881e+01
<MIXTURE> 12 7.584422e-02
<MEAN> 6
 7.524763e+01 1.542446e+02 -1.397894e+03 1.604999e+00 1.878814e+01 -5.590258e+01
<VARIANCE> 6
 3.185104e+01 1.195217e+04 1.387160e+04 2.998198e+02 4.022584e+04 5.158639e+07
<GCONST> 6.747881e+01
<MIXTURE> 13 7.121155e-02
<MEAN> 6
 6.483156e+01 -8.382913e+01 -9.730718e+02 1.130231e-01 -1.131434e+01 -1.308399e+02
<VARIANCE> 6
 3.185104e+01 1.195217e+04 1.387160e+04 2.998198e+02 4.022584e+04 5.158639e+07
<GCONST> 6.747881e+01
<MIXTURE> 14 6.012143e-02
<MEAN> 6
 6.801286e+01 2.304121e+01 -8.204153e+02 -3.650939e-01 -1.273042e+01 -3.021059e+02
<VARIANCE> 6
 3.185104e+01 1.195217e+04 1.535674e+04 2.998198e+02 4.022584e+04 5.158639e+07
<GCONST> 6.758053e+01
<STATE> 5
<NUMMIXES> 14
<MIXTURE> 1 3.715404e-03
<MEAN> 6
 8.814929e+01 -1.699784e+02 -2.436308e+01 -3.919890e+00 -9.020988e+01 9.542869e+02
<VARIANCE> 6
 5.518702e+02 1.977353e+06 9.426544e+05 7.435247e+02 1.376070e+05 7.834779e+07
<GCONST> 8.221452e+01
<MIXTURE> 2 7.203586e-02
<MEAN> 6
 7.593771e+01 -9.317319e+02 -1.145307e+01 -2.233548e+00 -2.488802e+00 6.927184e+02
<VARIANCE> 6
 3.185104e+01 1.357008e+04 8.118845e+04 2.998198e+02 4.022584e+04 5.158639e+07
<GCONST> 6.937270e+01
<MIXTURE> 3 5.263200e-02
<MEAN> 6
 9.693390e+01 -5.427561e+02 1.955695e+02 -5.343537e+00 -7.450556e+01 1.123457e+03
<VARIANCE> 6
 3.185104e+01 1.286081e+04 1.387160e+04 2.998198e+02 4.022584e+04 5.158639e+07
<GCONST> 6.755209e+01
<MIXTURE> 4 5.150339e-02
<MEAN> 6
 7.808062e+01 -1.518146e+03 -7.360997e+02 -5.708784e-01 1.876797e+00 -2.681134e+01
<VARIANCE> 6
 3.185104e+01 4.700663e+04 1.387160e+04 2.998198e+02 4.022584e+04 5.158639e+07
<GCONST> 6.884819e+01
<MIXTURE> 5 9.490596e-02
<MEAN> 6
 8.865314e+01 -3.041472e+02 1.306852e+02 -4.526551e+00 8.005719e+00 6.850345e+01
<VARIANCE> 6
 3.185104e+01 1.195217e+04 1.387160e+04 2.998198e+02 4.022584e+04 5.158639e+07
<GCONST> 6.747881e+01
<MIXTURE> 6 1.068941e-01
<MEAN> 6
 7.522221e+01 -1.067764e+03 4.381490e+02 2.182277e+00 3.578567e+01 -8.102833e+02
<VARIANCE> 6
 3.185104e+01 1.589054e+04 3.858640e+04 2.998198e+02 4.022584e+04 5.158639e+07
<GCONST> 6.878668e+01
<MIXTURE> 7 5.567374e-02
<MEAN> 6
 9.014333e+01 -2.074354e+02 1.333822e+02 -6.014650e-01 1.289627e+01 -6.983899e+01
<VARIANCE> 6
 3.185104e+01 1.195217e+04 1.387160e+04 2.998198e+02 4.022584e+04 5.158639e+07
<GCONST> 6.747881e+01
<MIXTURE> 8 6.305307e-02
<MEAN> 6
 8.346204e+01 -5.469053e+02 3.761856e+02 -8.833778e+00 4.468588e+00 4.951832e+02
<VARIANCE> 6
 3.185104e+01 3.115390e+04 1.387160e+04 2.998198e+02 4.022584e+04 5.158639e+07
<GCONST> 6.843684e+01
<MIXTURE> 9 6.793182e-02
<MEAN> 6
 7.571757e+01 -1.080259e+03 -6.741565e+01 -1.515160e+00 3.132350e+01 -1.691779e+02
<VARIANCE> 6
 3.185104e+01 1.672165e+04 1.014564e+05 2.998198e+02 4.022584e+04 5.158639e+07
<GCONST> 6.980439e+01
<MIXTURE> 10 1.089624e-01
<MEAN> 6
 8.867027e+01 -3.029465e+02 1.306019e+02 -4.497015e+00 7.991251e+00 6.763170e+01
<VARIANCE> 6
 3.185104e+01 1.195217e+04 1.387160e+04 2.998198e+02 4.022584e+04 5.158639e+07
<GCONST> 6.747881e+01
<MIXTURE> 11 1.092694e-01
<MEAN> 6
 8.758569e+01 -3.997401e+02 1.274948e+02 -2.916243e+00 1.563904e+01 -4.351684e+01
<VARIANCE> 6
 3.185104e+01 1.296280e+04 1.387160e+04 2.998198e+02 4.022584e+04 5.158639e+07
<GCONST> 6.755998e+01
<MIXTURE> 12 7.310574e-02
<MEAN> 6
 7.588416e+01 -9.717114e+02 -1.195990e+02 -1.827292e+00 -1.212960e+00 4.917660e+02
<VARIANCE> 6
 3.185104e+01 1.195217e+04 6.485855e+04 2.998198e+02 4.022584e+04 5.158639e+07
<GCONST> 6.902118e+01
<MIXTURE> 13 8.442575e-02
<MEAN> 6
 7.778931e+01 -1.911260e+03 -8.112728e+02 1.420343e+00 -3.188172e+00 -2.994781e+02
<VARIANCE> 6
 3.185104e+01 1.195217e+04 1.387160e+04 2.998198e+02 4.022584e+04 5.158639e+07
<GCONST> 6.747881e+01
<MIXTURE> 14 5.587503e-02
<MEAN> 6
 8.923188e+01 -2.533264e+02 1.204074e+02 -3.244492e+00 6.765635e+00 9.985138e+00
<VARIANCE> 6
 3.185104e+01 1.195217e+04 1.387160e+04 2.998198e+02 4.022584e+04 5.158639e+07
<GCONST> 6.747881e+01
<STATE> 6
<NUMMIXES> 14
<MIXTURE> 1 8.902951e-02
<MEAN> 6
 9.279531e+01 1.031889e+03 1.184522e+03 -3.734575e+00 6.291082e-01 1.003239e+02
<VARIANCE> 6
 3.185104e+01 1.993612e+04 1.387160e+04 2.998198e+02 4.022584e+04 5.158639e+07
<GCONST> 6.799043e+01
<MIXTURE> 2 8.132917e-02
<MEAN> 6
 8.983436e+01 3.974946e+02 3.945584e+02 1.556382e+00 -5.370401e+01 6.503759e+02
<VARIANCE> 6
 3.185104e+01 3.242637e+04 1.387160e+04 2.998198e+02 4.022584e+04 5.158639e+07
<GCONST> 6.847688e+01
<MIXTURE> 3 8.553864e-02
<MEAN> 6
 9.056541e+01 -1.344601e+03 7.945788e+02 -1.689518e-01 -5.721984e-01 -2.861779e+02
<VARIANCE> 6
 3.185104e+01 1.195217e+04 1.387160e+04 2.998198e+02 4.022584e+04 5.158639e+07
<GCONST> 6.747881e+01
<MIXTURE> 4 5.052881e-02
<MEAN> 6
 9.636320e+01 -3.711075e+02 7.002812e+02 -1.221003e+01 2.771435e+01 1.057682e+02
<VARIANCE> 6
 8.637924e+01 1.195217e+04 1.387160e+04 2.998198e+02 4.064792e+04 5.158639e+07
<GCONST> 6.848693e+01
<MIXTURE> 5 9.941766e-02
<MEAN> 6
 8.354460e+01 6.442708e+02 1.062959e+03 -5.888973e+00 1.504787e+00 1.309153e+00
<VARIANCE> 6
 3.185104e+01 1.195217e+04 1.387160e+04 2.998198e+02 4.022584e+04 5.158639e+07
<GCONST> 6.747881e+01
<MIXTURE> 6 8.892333e-02
<MEAN> 6
 7.588112e+01 4.496139e+02 8.863563e+02 -2.252443e+00 1.450345e+00 1.776072e+01
<VARIANCE> 6
 3.185104e+01 1.195217e+04 1.387160e+04 2.998198e+02 4.022584e+04 5.158639e+07
<GCONST> 6.747881e+01
<MIXTURE> 7 4.751342e-02
<MEAN> 6
 7.352805e+01 -3.573710e+01 6.224174e+02 1.584215e+00 1.307250e+01 -1.117948e+02
<VARIANCE> 6
 3.185104e+01 1.195217e+04 1.387160e+04 2.998198e+02 4.022584e+04 5.158639e+07
<GCONST> 6.747881e+01
<MIXTURE> 8 5.801132e-02
<MEAN> 6
 9.021983e+01 -1.445396e+03 8.499366e+02 -1.366111e-01 2.853165e+00 5.409750e+01
<VARIANCE> 6
 3.185104e+01 1.195217e+04 1.387160e+04 2.998198e+02 4.022584e+04 5.158639e+07
<GCONST> 6.747881e+01
<MIXTURE> 9 8.642334e-02
<MEAN> 6
 7.289797e+01 3.288348e+02 6.866167e+02 -2.224451e+00 -1.180996e+01 9.071586e+01
<VARIANCE> 6
 3.185104e+01 1.195217e+04 1.387160e+04 2.998198e+02 4.022584e+04 5.158639e+07
<GCONST> 6.747881e+01
<MIXTURE> 10 4.241622e-02
<MEAN> 6
 1.099294e+02 -3.898490e+02 2.472669e+02 -1.185387e+01 -4.622073e+01 9.995234e+02
<VARIANCE> 6
 1.284530e+02 2.660475e+05 1.280665e+05 2.998198e+02 4.022584e+04 5.158639e+07
<GCONST> 7.419878e+01
<MIXTURE> 11 8.172829e-02
<MEAN> 6
 9.259570e+01 -8.090440e+01 4.702190e+02 -3.279615e+00 1.468120e+01 1.694655e+02
<VARIANCE> 6
 3.185104e+01 1.568881e+04 1.387160e+04 2.998198e+02 4.022584e+04 5.158639e+07
<GCONST> 6.775085e+01
<MIXTURE> 12 8.059464e-02
<MEAN> 6
 7.272336e+01 3.225402e+02 6.682247e+02 -2.656365e+00 -1.625736e+01 5.916455e+01
<VARIANCE> 6
 3.185104e+01 1.195217e+04 1.387160e+04 2.998198e+02 4.022584e+04 5.158639e+07
<GCONST> 6.747881e+01
<MIXTURE> 13 5.799681e-02
<MEAN> 6
 9.020319e+01 -1.449671e+03 8.525026e+02 -1.505358e-01 2.821498e+00 6.111797e+01
<VARIANCE> 6
 3.185104e+01 1.195217e+04 1.387160e+04 2.998198e+02 4.022584e+04 5.158639e+07
<GCONST> 6.747881e+01
<MIXTURE> 14 5.053434e-02
<MEAN> 6
 9.586089e+01 -3.952030e+02 7.127371e+02 -1.352908e+01 -3.938002e+01 4.655015e+02
<VARIANCE> 6
 7.693888e+01 1.195217e+04 1.387160e+04 2.998198e+02 4.543101e+04 5.158639e+07
<GCONST> 6.848244e+01
<STATE> 7
<NUMMIXES> 14
<MIXTURE> 1 3.040414e-02
<MEAN> 6
 1.270022e+02 2.759847e+03 2.460683e+02 -2.282393e+01 2.465431e+01 2.627710e+02
<VARIANCE> 6
 3.185104e+01 1.401053e+04 1.387160e+04 2.998198e+02 4.022584e+04 5.158639e+07
<GCONST> 6.763771e+01
<MIXTURE> 2 8.223338e-02
<MEAN> 6
 9.671973e+01 -1.636340e+03 1.052837e+02 -3.783798e+00 -1.667345e-01 -3.154915e+02
<VARIANCE> 6
 3.185104e+01 3.265643e+04 6.130660e+04 2.998198e+02 4.022584e+04 5.158639e+07
<GCONST> 6.996999e+01
<MIXTURE> 3 6.968138e-02
<MEAN> 6
 9.833136e+01 -2.209759e+03 -2.338670e+02 -5.639600e+00 -1.383957e+01 -2.307461e+02
<VARIANCE> 6
 3.185104e+01 9.970262e+04 1.387160e+04 2.998198e+02 4.022584e+04 5.158639e+07
<GCONST> 6.960009e+01
<MIXTURE> 4 5.966790e-02
<MEAN> 6
 1.302744e+02 -1.857148e+03 6.693853e+01 -3.767404e+01 -2.079898e+01 8.426466e+02
<VARIANCE> 6
 3.053085e+02 8.957778e+05 1.739846e+04 2.998198e+02 4.022584e+04 5.158639e+07
<GCONST> 7.428239e+01
<MIXTURE> 5 6.785624e-02
<MEAN> 6
 1.267886e+02 7.183366e+02 1.822069e+02 -6.110621e+00 -1.146453e+01 2.275093e+02
<VARIANCE> 6
 3.185104e+01 1.146338e+05 1.387160e+04 2.998198e+02 4.022584e+04 5.158639e+07
<GCONST> 6.973965e+01
<MIXTURE> 6 9.558734e-02
<MEAN> 6
 9.879664e+01 -3.505688e+03 -1.523230e+01 -3.344576e+00 2.008417e+01 -7.879785e+01
<VARIANCE> 6
 3.185104e+01 9.093469e+04 1.387160e+04 2.998198e+02 4.022584e+04 5.158639e+07
<GCONST> 6.950804e+01
<MIXTURE> 7 7.445287e-02
<MEAN> 6
 1.230443e+02 -1.081528e+03 6.873292e+01 -7.575295e+00 2.519931e+01 -6.575009e+02
<VARIANCE> 6
 3.185104e+01 3.970345e+04 1.387160e+04 2.998198e+02 4.022584e+04 5.158639e+07
<GCONST> 6.867934e+01
<MIXTURE> 8 7.264238e-02
<MEAN> 6
 1.351596e+02 1.286254e+03 1.554383e+02 -9.490552e+00 2.083326e+01 1.846156e+02
<VARIANCE> 6
 4.677547e+01 1.579295e+05 1.387160e+04 1.392046e+03 2.231915e+05 8.459657e+07
<GCONST> 7.418784e+01
<MIXTURE> 9 8.915412e-02
<MEAN> 6
 1.275240e+02 1.663404e+02 2.284724e+02 -4.863491e+00 -2.635166e+01 4.233424e+02
<VARIANCE> 6
 3.185104e+01 1.195217e+04 1.387160e+04 2.998198e+02 4.022584e+04 5.158639e+07
<GCONST> 6.747881e+01
<MIXTURE> 10 5.076045e-02
<MEAN> 6
 1.029560e+02 -2.916499e+03 -2.393139e+02 -1.248014e+00 -1.458889e+01 -2.534370e+02
<VARIANCE> 6
 3.185104e+01 5.064412e+04 1.387160e+04 2.998198e+02 4.022584e+04 5.158639e+07
<GCONST> 6.892272e+01
<MIXTURE> 11 8.289989e-02
<MEAN> 6
 9.910931e+01 -4.046108e+03 1.563689e+01 -2.639904e+00 2.478485e+00 1.831059e+01
<VARIANCE> 6
 3.185104e+01 1.195217e+04 1.387160e+04 2.998198e+02 4.022584e+04 5.158639e+07
<GCONST> 6.747881e+01
<MIXTURE> 12 9.824130e-02
<MEAN> 6
 1.224289e+02 2.386434e+03 1.849298e+02 -1.588489e+00 -1.108937e+00 -6.944559e+01
<VARIANCE> 6
 3.185104e+01 1.334793e+04 1.387160e+04 2.998198e+02 4.022584e+04 5.158639e+07
<GCONST> 6.758926e+01
<MIXTURE> 13 7.604544e-02
<MEAN> 6
 1.210225e+02 3.851387e+02 2.417583e+02 -4.927104e+00 -2.331235e+00 -6.461817e+01
<VARIANCE> 6
 3.185104e+01 1.356167e+04 1.387160e+04 2.998198e+02 4.022584e+04 5.158639e+07
<GCONST> 6.760515e+01
<MIXTURE> 14 5.036642e-02
<MEAN> 6
 1.033974e+02 -2.995063e+03 -2.542630e+02 -1.078034e+00 -1.646289e+01 -3.022052e+02
<VARIANCE> 6
 3.185104e+01 5.038413e+04 1.387160e+04 2.998198e+02 4.022584e+04 5.158639e+07
<GCONST> 6.891758e+01
<STATE> 8
<NUMMIXES> 14
<MIXTURE> 1 5.669016e-02
<MEAN> 6
 1.095664e+02 3.428076e+01 3.688793e+02 2.547484e-01 -4.265703e+00 -1.315563e+01
<VARIANCE> 6
 3.185104e+01 1.711535e+04 1.387160e+04 2.998198e+02 4.022584e+04 5.158639e+07
<GCONST> 6.783788e+01
<MIXTURE> 2 6.897971e-02
<MEAN> 6
 1.137910e+02 -6.679839e+02 1.518217e+02 -2.577007e+00 -1.938893e+01 4.415027e+01
<VARIANCE> 6
 3.185104e+01 1.195217e+04 1.391249e+04 2.998198e+02 4.022584e+04 5.158639e+07
<GCONST> 6.748176e+01
<MIXTURE> 3 8.271711e-02
<MEAN> 6
 1.095907e+02 -1.194907e+03 -8.667505e+02 -2.366827e+00 -3.485324e+01 -6.704061e+02
<VARIANCE> 6
 3.185104e+01 1.195217e+04 1.387160e+04 2.998198e+02 4.022584e+04 5.158639e+07
<GCONST> 6.747881e+01
<MIXTURE> 4 7.215349e-02
<MEAN> 6
 1.153585e+02 -3.613204e+01 1.848878e+02 -7.923359e+00 2.240680e+01 3.768570e+02
<VARIANCE> 6
 3.185104e+01 1.195217e+04 1.387160e+04 2.998198e+02 4.022584e+04 5.158639e+07
<GCONST> 6.747881e+01
<MIXTURE> 5 6.827606e-02
<MEAN> 6
 1.093938e+02 -7.134011e+02 -1.418328e+02 -5.062327e+00 4.122449e+00 -2.013033e+01
<VARIANCE> 6
 3.185104e+01 1.195217e+04 1.387160e+04 2.998198e+02 4.022584e+04 5.158639e+07
<GCONST> 6.747881e+01
<MIXTURE> 6 1.145387e-01
<MEAN> 6
 1.055896e+02 -9.710790e+02 1.022436e+02 -6.184545e+00 -1.382027e+01 -7.607008e+01
<VARIANCE> 6
 3.185104e+01 1.675120e+04 4.712918e+04 2.998198e+02 4.022584e+04 5.158639e+07
<GCONST> 6.903942e+01
<MIXTURE> 7 7.198501e-02
<MEAN> 6
 1.101485e+02 -1.042108e+01 3.341518e+02 -1.038384e+00 -1.248091e-01 1.092230e+02
<VARIANCE> 6
 3.185104e+01 1.195217e+04 1.387160e+04 2.998198e+02 4.022584e+04 5.158639e+07
<GCONST> 6.747881e+01
<MIXTURE> 8 7.993516e-02
<MEAN> 6
 9.268089e+01 -6.008312e+02 -2.021275e+02 -3.889693e+00 -8.761145e-01 1.306604e+02
<VARIANCE> 6
 3.185104e+01 1.195217e+04 1.387160e+04 2.998198e+02 4.022584e+04 5.158639e+07
<GCONST> 6.747881e+01
<MIXTURE> 9 3.295165e-03
<MEAN> 6
 8.717647e+01 -1.482239e+02 -1.219346e+02 3.864915e-01 -9.203789e+01 -2.228698e+03
<VARIANCE> 6
 3.581342e+02 1.695301e+06 8.485219e+05 5.188813e+02 8.837318e+04 5.158639e+07
<GCONST> 8.030256e+01
<MIXTURE> 10 9.617651e-02
<MEAN> 6
 1.000415e+02 -7.465137e+02 -1.860715e+01 -1.427623e+00 -3.551517e+00 -1.312736e+02
<VARIANCE> 6
 3.185104e+01 1.195217e+04 1.387160e+04 2.998198e+02 4.022584e+04 5.158639e+07
<GCONST> 6.747881e+01
<MIXTURE> 11 6.394336e-02
<MEAN> 6
 1.058316e+02 -4.283405e+02 1.285457e+02 -2.209132e+00 -1.018870e+01 3.238514e+02
<VARIANCE> 6
 3.185104e+01 1.195217e+04 1.387160e+04 2.998198e+02 4.022584e+04 5.158639e+07
<GCONST> 6.747881e+01
<MIXTURE> 12 7.336486e-02
<MEAN> 6
 1.102275e+02 -1.531528e+01 3.310663e+02 -9.932325e-01 -3.682776e-01 1.026605e+02
<VARIANCE> 6
 3.185104e+01 1.195217e+04 1.387160e+04 2.998198e+02 4.022584e+04 5.158639e+07
<GCONST> 6.747881e+01
<MIXTURE> 13 9.092823e-02
<MEAN> 6
 8.463490e+01 -5.125056e+02 -4.106478e+02 3.048917e+00 4.175770e+00 -4.047301e+02
<VARIANCE> 6
 3.185104e+01 1.195217e+04 1.387160e+04 2.998198e+02 4.022584e+04 5.158639e+07
<GCONST> 6.747881e+01
<MIXTURE> 14 5.699743e-02
<MEAN> 6
 1.099953e+02 -4.712701e+00 3.376234e+02 -6.920367e-01 -5.453642e+00 8.260928e+01
<VARIANCE> 6
 3.185104e+01 1.264545e+04 1.387160e+04 2.998198e+02 4.022584e+04 5.158639e+07
<GCONST> 6.753519e+01
<STATE> 9
<NUMMIXES> 14
<MIXTURE> 1 9.928238e-02
<MEAN> 6
 7.939559e+01 2.502697e+03 -2.019408e+02 -1.431023e+00 -7.957391e-01 -1.156313e+02
<VARIANCE> 6
 3.185104e+01 1.664027e+05 1.387160e+04 2.998198e+02 4.022584e+04 5.158639e+07
<GCONST> 7.011231e+01
<MIXTURE> 2 6.170820e-02
<MEAN> 6
 7.141800e+01 1.313726e+03 -1.119839e+03 6.516040e-01 -5.144514e+00 -1.376962e+02
<VARIANCE> 6
 3.185104e+01 1.195217e+04 1.387160e+04 2.998198e+02 4.022584e+04 5.158639e+07
<GCONST> 6.747881e+01
<MIXTURE> 3 8.064208e-02
<MEAN> 6
 9.491671e+01 9.241465e+01 -4.574604e+02 4.142704e-02 -4.382768e+00 -2.354589e+02
<VARIANCE> 6
 3.185104e+01 1.983072e+04 1.387160e+04 2.998198e+02 4.022584e+04 5.158639e+07
<GCONST> 6.798513e+01
<MIXTURE> 4 4.663547e-02
<MEAN> 6
 8.674715e+01 -1.252874e+03 -4.100575e+02 -3.490839e+00 -1.802867e+01 1.079386e+02
<VARIANCE> 6
 3.185104e+01 5.331306e+04 1.387160e+04 2.998198e+02 4.022584e+04 5.158639e+07
<GCONST> 6.897408e+01
<MIXTURE> 5 5.222728e-02
<MEAN> 6
 9.859332e+01 1.606259e+03 -2.369061e+02 -4.614044e+00 8.391113e+00 -3.920242e+00
<VARIANCE> 6
 3.185104e+01 8.271341e+04 1.387160e+04 2.998198e+02 4.022584e+04 5.158639e+07
<GCONST> 6.941328e+01
<MIXTURE> 6 6.456032e-02
<MEAN> 6
 8.452740e+01 8.787888e+02 -5.091792e+02 1.729327e+00 6.743607e+00 -1.603592e+01
<VARIANCE> 6
 3.185104e+01 1.834920e+05 5.255459e+04 2.998198e+02 4.022584e+04 5.158639e+07
<GCONST> 7.154208e+01
<MIXTURE> 7 9.449695e-02
<MEAN> 6
 9.500139e+01 -3.421664e+02 -5.474596e+02 -6.652378e-01 -3.907120e+00 8.433241e+01
<VARIANCE> 6
 3.185104e+01 1.195217e+04 1.387160e+04 2.998198e+02 4.022584e+04 5.158639e+07
<GCONST> 6.747881e+01
<MIXTURE> 8 6.255772e-02
<MEAN> 6
 7.141800e+01 1.313726e+03 -1.119839e+03 6.516039e-01 -5.144513e+00 -1.376945e+02
<VARIANCE> 6
 3.185104e+01 1.195217e+04 1.387160e+04 2.998198e+02 4.022584e+04 5.158639e+07
<GCONST> 6.747881e+01
<MIXTURE> 9 4.378406e-02
<MEAN> 6
 1.026919e+02 1.094223e+03 -4.684384e+02 -1.566867e+00 6.716960e+00 5.958385e+01
<VARIANCE> 6
 3.185104e+01 1.195217e+04 1.387160e+04 2.998198e+02 4.022584e+04 5.158639e+07
<GCONST> 6.747881e+01
<MIXTURE> 10 8.370334e-02
<MEAN> 6
 9.291070e+01 -5.566932e+01 -4.725445e+02 -1.883365e+00 -3.317964e-01 -2.903186e+01
<VARIANCE> 6
 3.185104e+01 1.195217e+04 1.387160e+04 2.998198e+02 4.022584e+04 5.158639e+07
<GCONST> 6.747881e+01
<MIXTURE> 11 1.088731e-01
<MEAN> 6
 8.160809e+01 2.266390e+02 -6.962537e+02 2.784617e+00 1.853288e+01 -2.619546e+02
<VARIANCE> 6
 3.185104e+01 1.559634e+04 1.387160e+04 2.998198e+02 4.022584e+04 5.158639e+07
<GCONST> 6.774493e+01
<MIXTURE> 12 9.379829e-02
<MEAN> 6
 9.523315e+01 -3.518237e+02 -5.492511e+02 -2.286748e-01 -5.885698e+00 4.713068e+01
<VARIANCE> 6
 3.185104e+01 1.195217e+04 1.387160e+04 2.998198e+02 4.022584e+04 5.158639e+07
<GCONST> 6.747881e+01
<MIXTURE> 13 5.567892e-02
<MEAN> 6
 8.662980e+01 -4.182127e+01 -8.119653e+02 -1.510695e+00 2.205693e+00 -2.405218e+02
<VARIANCE> 6
 3.185104e+01 1.539086e+04 1.387160e+04 2.998198e+02 4.022584e+04 5.158639e+07
<GCONST> 6.773167e+01
<MIXTURE> 14 5.203666e-02
<MEAN> 6
 9.800164e+01 1.483644e+03 -2.477494e+02 -5.018754e+00 8.595654e+00 3.569329e+01
<VARIANCE> 6
 3.185104e+01 6.412445e+04 1.387160e+04 2.998198e+02 4.022584e+04 5.158639e+07
<GCONST> 6.915873e+01
<STATE> 10
<NUMMIXES> 14
<MIXTURE> 1 5.008884e-03
<MEAN> 6
 8.021822e+01 -4.436899e+02 -2.661819e+02 -4.411305e+00 -1.371513e+02 -4.578369e+02
<VARIANCE> 6
 2.115090e+02 1.050469e+06 5.845182e+05 2.998198e+02 5.447169e+04 5.158639e+07
<GCONST> 7.789220e+01
<MIXTURE> 2 8.699667e-02
<MEAN> 6
 6.532324e+01 9.509391e+02 -1.435142e+02 -2.082664e-02 6.052224e-01 -1.364646e+02
<VARIANCE> 6
 3.185104e+01 1.195217e+04 1.387160e+04 2.998198e+02 4.022584e+04 5.158639e+07
<GCONST> 6.747881e+01
<MIXTURE> 3 1.081577e-01
<MEAN> 6
 7.321145e+01 1.356013e+02 -3.532225e+02 -7.757273e-01 -3.571801e+00 -3.185069e+01
<VARIANCE> 6
 3.185104e+01 1.195217e+04 1.387160e+04 2.998198e+02 4.022584e+04 5.158639e+07
<GCONST> 6.747881e+01
<MIXTURE> 4 1.103793e-01
<MEAN> 6
 7.317813e+01 1.271853e+02 -3.686946e+02 -7.059593e-01 -2.267151e+00 -4.323548e+01
<VARIANCE> 6
 3.185104e+01 1.195217e+04 1.387160e+04 2.998198e+02 4.022584e+04 5.158639e+07
<GCONST> 6.747881e+01
<MIXTURE> 5 5.699156e-02
<MEAN> 6
 4.659438e+01 4.469860e+02 -8.803972e+01 5.199181e+00 4.131982e+01 -2.159643e+02
<VARIANCE> 6
 3.185104e+01 1.195217e+04 1.387160e+04 2.998198e+02 4.022584e+04 5.158639e+07
<GCONST> 6.747881e+01
<MIXTURE> 6 4.565493e-02
<MEAN> 6
 7.257500e+01 1.500874e+02 -2.412966e+02 -5.772850e-01 6.273912e+00 -1.485426e+02
<VARIANCE> 6
 3.185104e+01 1.195217e+04 3.334704e+04 2.998198e+02 4.022584e+04 5.158639e+07
<GCONST> 6.835594e+01
<MIXTURE> 7 5.261931e-02
<MEAN> 6
 6.532837e+01 8.581812e+02 -1.562727e+02 -4.005727e-01 -3.250256e+00 -1.473016e+02
<VARIANCE> 6
 3.185104e+01 1.623215e+04 1.387160e+04 2.998198e+02 4.022584e+04 5.158639e+07
<GCONST> 6.778490e+01
<MIXTURE> 8 5.793624e-02
<MEAN> 6
 7.938736e+01 -1.502444e+02 -4.259934e+02 -5.670118e+00 -2.159914e+00 -4.590651e+01
<VARIANCE> 6
 3.185104e+01 1.195217e+04 1.387160e+04 2.998198e+02 4.022584e+04 5.158639e+07
<GCONST> 6.747881e+01
<MIXTURE> 9 6.931825e-02
<MEAN> 6
 7.321328e+01 1.349531e+02 -3.542855e+02 -7.765613e-01 -3.473694e+00 -3.218543e+01
<VARIANCE> 6
 3.185104e+01 1.195217e+04 1.387160e+04 2.998198e+02 4.022584e+04 5.158639e+07
<GCONST> 6.747881e+01
<MIXTURE> 10 1.065111e-01
<MEAN> 6
 7.316852e+01 1.264224e+02 -3.702821e+02 -6.891004e-01 -2.152539e+00 -4.518126e+01
<VARIANCE> 6
 3.185104e+01 1.195217e+04 1.387160e+04 2.998198e+02 4.022584e+04 5.158639e+07
<GCONST> 6.747881e+01
<MIXTURE> 11 9.143602e-02
<MEAN> 6
 7.317907e+01 1.272658e+02 -3.685287e+02 -7.076167e-01 -2.279387e+00 -4.303944e+01
<VARIANCE> 6
 3.185104e+01 1.195217e+04 1.387160e+04 2.998198e+02 4.022584e+04 5.158639e+07
<GCONST> 6.747881e+01
<MIXTURE> 12 8.720548e-02
<MEAN> 6
 6.534087e+01 9.428813e+02 -1.461967e+02 -5.323100e-02 2.437641e-01 -1.288627e+02
<VARIANCE> 6
 3.185104e+01 1.195217e+04 1.387160e+04 2.998198e+02 4.022584e+04 5.158639e+07
<GCONST> 6.747881e+01
<MIXTURE> 13 6.873897e-02
<MEAN> 6
 7.311869e+01 1.231114e+02 -3.771585e+02 -5.985107e-01 -1.713991e+00 -5.515195e+01
<VARIANCE> 6
 3.185104e+01 1.195217e+04 1.387160e+04 2.998198e+02 4.022584e+04 5.158639e+07
<GCONST> 6.747881e+01
<MIXTURE> 14 5.302916e-02
<MEAN> 6
 6.529668e+01 8.022487e+02 -1.609115e+02 -6.794919e-01 -1.046351e+01 -2.579158e+02
<VARIANCE> 6
 3.185104e+01 1.487213e+04 1.387160e+04 2.998198e+02 4.022584e+04 5.158639e+07
<GCONST> 6.769739e+01
<STATE> 11
<NUMMIXES> 14
<MIXTURE> 1 7.857069e-02
<MEAN> 6
 7.902451e+01 5.697691e+01 1.433601e+02 -8.177678e-01 -4.979186e+01 -1.090166e+02
<VARIANCE> 6
 3.185104e+01 1.606523e+04 1.387160e+04 2.998198e+02 4.022584e+04 5.158639e+07
<GCONST> 6.777456e+01
<MIXTURE> 2 6.752627e-03
<MEAN> 6
 7.797151e+01 1.077105e+02 3.192630e+01 1.224981e+01 3.131455e+02 -3.038939e+03
<VARIANCE> 6
 1.782662e+02 8.129119e+05 3.829037e+05 7.247006e+02 3.130977e+05 9.491276e+07
<GCONST> 8.028296e+01
<MIXTURE> 3 6.909218e-02
<MEAN> 6
 7.567131e+01 -7.489377e+00 1.468908e+02 -2.845356e+00 -1.252609e+01 -2.981016e+00
<VARIANCE> 6
 3.306300e+01 1.195217e+04 1.387160e+04 2.998198e+02 4.022584e+04 5.158639e+07
<GCONST> 6.751616e+01
<MIXTURE> 4 8.473323e-02
<MEAN> 6
 7.337657e+01 -1.953749e+01 1.542881e+02 -2.687004e+00 -6.643384e+00 -4.886423e+01
<VARIANCE> 6
 3.315867e+01 1.195217e+04 1.387160e+04 2.998198e+02 4.022584e+04 5.158639e+07
<GCONST> 6.751905e+01
<MIXTURE> 5 6.656940e-02
<MEAN> 6
 7.744984e+01 3.079342e+00 1.480117e+02 -2.681981e+00 -1.277217e+01 2.928458e+01
<VARIANCE> 6
 3.185104e+01 1.195217e+04 1.387160e+04 2.998198e+02 4.022584e+04 5.158639e+07
<GCONST> 6.747881e+01
<MIXTURE> 6 5.701367e-02
<MEAN> 6
 7.275074e+01 -5.471677e+01 1.528442e+02 -2.433759e+00 -4.284380e+00 -8.665141e+01
<VARIANCE> 6
 3.185104e+01 1.195217e+04 1.387160e+04 2.998198e+02 4.022584e+04 5.158639e+07
<GCONST> 6.747881e+01
<MIXTURE> 7 6.915854e-02
<MEAN> 6
 7.236703e+01 -1.798393e+01 1.565927e+02 -2.711457e+00 -5.098016e+00 -5.714854e+01
<VARIANCE> 6
 3.185104e+01 1.195217e+04 1.387160e+04 2.998198e+02 4.022584e+04 5.158639e+07
<GCONST> 6.747881e+01
<MIXTURE> 8 1.325341e-01
<MEAN> 6
 7.235091e+01 -2.185334e+01 1.571139e+02 -2.653368e+00 -5.018522e+00 -6.419831e+01
<VARIANCE> 6
 3.185104e+01 1.195217e+04 1.387160e+04 2.998198e+02 4.022584e+04 5.158639e+07
<GCONST> 6.747881e+01
<MIXTURE> 9 8.581340e-02
<MEAN> 6
 7.360300e+01 1.096116e+02 -3.346725e+01 -4.134537e+00 2.056218e+01 1.656095e+02
<VARIANCE> 6
 4.760587e+01 1.195217e+04 1.387160e+04 2.998198e+02 4.022584e+04 5.158639e+07
<GCONST> 6.788070e+01
<MIXTURE> 10 8.527017e-02
<MEAN> 6
 7.156564e+01 -2.105203e+01 1.569820e+02 -2.797959e+00 -4.499524e+00 -6.660941e+01
<VARIANCE> 6
 3.185104e+01 1.195217e+04 1.387160e+04 2.998198e+02 4.022584e+04 5.158639e+07
<GCONST> 6.747881e+01
<MIXTURE> 11 6.059889e-02
<MEAN> 6
 7.059721e+01 -2.289937e+02 1.114486e+02 -4.135330e+00 5.798760e+00 3.294717e+01
<VARIANCE> 6
 3.185104e+01 1.195217e+04 1.387160e+04 2.998198e+02 4.022584e+04 5.158639e+07
<GCONST> 6.747881e+01
<MIXTURE> 12 6.875693e-02
<MEAN> 6
 7.120208e+01 -1.999472e+01 1.562534e+02 -2.914975e+00 -4.414007e+00 -6.564856e+01
<VARIANCE> 6
 3.185104e+01 1.195217e+04 1.387160e+04 2.998198e+02 4.022584e+04 5.158639e+07
<GCONST> 6.747881e+01
<MIXTURE> 13 6.885114e-02
<MEAN> 6
 7.353618e+01 -2.697162e+01 1.520576e+02 -2.678601e+00 -6.750109e+00 -5.311889e+01
<VARIANCE> 6
 3.375441e+01 1.195217e+04 1.387160e+04 2.998198e+02 4.022584e+04 5.158639e+07
<GCONST> 6.753686e+01
<MIXTURE> 14 6.627223e-02
<MEAN> 6
 7.589275e+01 -3.552106e+01 1.258402e+02 -3.269671e+00 -1.631588e+01 -5.413208e+00
<VARIANCE> 6
 3.445840e+01 1.195217e+04 1.387160e+04 2.998198e+02 4.022584e+04 5.158639e+07
<GCONST> 6.755750e+01
<STATE> 12
<NUMMIXES> 14
<MIXTURE> 1 8.331708e-02
<MEAN> 6
 1.006229e+02 8.133373e+02 3.306379e+02 -5.534948e+00 -2.796307e+00 2.650845e+01
<VARIANCE> 6
 3.185104e+01 1.195217e+04 1.387160e+04 2.998198e+02 4.022584e+04 5.158639e+07
<GCONST> 6.747881e+01
<MIXTURE> 2 6.054756e-02
<MEAN> 6
 7.887215e+01 1.536005e+03 4.520781e+02 -1.635451e+00 -8.563338e+00 -2.815947e+02
<VARIANCE> 6
 3.185104e+01 1.195217e+04 1.387160e+04 2.998198e+02 4.022584e+04 5.158639e+07
<GCONST> 6.747881e+01
<MIXTURE> 3 6.626602e-02
<MEAN> 6
 8.598465e+01 1.080834e+03 2.174192e+02 -5.516274e-01 -3.410839e+00 -4.532887e+02
<VARIANCE> 6
 3.185104e+01 1.908400e+04 1.387160e+04 2.998198e+02 4.022584e+04 5.158639e+07
<GCONST> 6.794675e+01
<MIXTURE> 4 8.926925e-02
<MEAN> 6
 9.199503e+01 7.142915e+02 -6.402765e+01 -8.767925e-01 -5.584809e+00 1.636536e+02
<VARIANCE> 6
 3.185104e+01 1.195217e+04 1.387160e+04 2.998198e+02 4.022584e+04 5.158639e+07
<GCONST> 6.747881e+01
<MIXTURE> 5 4.618276e-03
<MEAN> 6
 8.353982e+01 -1.932224e+02 -1.829204e+01 -5.072490e+00 -2.503267e+02 -5.270979e+03
<VARIANCE> 6
 3.241581e+02 1.651609e+06 8.120891e+05 4.941435e+02 1.313564e+05 6.850708e+07
<GCONST> 8.076407e+01
<MIXTURE> 6 7.696441e-02
<MEAN> 6
 6.918201e+01 1.203621e+03 7.325369e+02 5.848741e-01 9.069684e+00 -4.164256e+01
<VARIANCE> 6
 3.185104e+01 1.384532e+04 1.387160e+04 2.998198e+02 4.022584e+04 5.158639e+07
<GCONST> 6.762585e+01
<MIXTURE> 7 1.071565e-01
<MEAN> 6
 7.074694e+01 8.984428e+02 6.785460e+02 5.191019e-01 6.166052e-01 -7.305222e+01
<VARIANCE> 6
 3.185104e+01 1.195217e+04 1.387160e+04 2.998198e+02 4.022584e+04 5.158639e+07
<GCONST> 6.747881e+01
<MIXTURE> 8 1.009471e-01
<MEAN> 6
 8.593556e+01 9.570405e+02 2.633022e+02 -1.516552e+00 -2.092894e+00 -5.513282e+01
<VARIANCE> 6
 3.185104e+01 1.195217e+04 1.387160e+04 2.998198e+02 4.022584e+04 5.158639e+07
<GCONST> 6.747881e+01
<MIXTURE> 9 4.701575e-02
<MEAN> 6
 8.093973e+01 1.282580e+03 4.632892e+02 -1.597470e+00 5.784979e-01 -2.014100e+01
<VARIANCE> 6
 3.185104e+01 1.195217e+04 1.387160e+04 2.998198e+02 4.022584e+04 5.158639e+07
<GCONST> 6.747881e+01
<MIXTURE> 10 6.140271e-02
<MEAN> 6
 8.898693e+01 8.855156e+02 2.184718e+02 -1.953211e+00 -7.173760e-01 -8.967990e+00
<VARIANCE> 6
 3.185104e+01 1.195217e+04 1.387160e+04 2.998198e+02 4.022584e+04 5.158639e+07
<GCONST> 6.747881e+01
<MIXTURE> 11 8.837740e-02
<MEAN> 6
 7.149203e+01 7.787846e+02 6.379752e+02 5.719513e-01 -1.418857e+01 -2.711464e+02
<VARIANCE> 6
 3.185104e+01 1.195217e+04 1.387160e+04 2.998198e+02 4.022584e+04 5.158639e+07
<GCONST> 6.747881e+01
<MIXTURE> 12 9.212921e-02
<MEAN> 6
 8.385803e+01 1.027440e+03 2.997698e+02 -1.346164e+00 -4.261278e+00 -1.487030e+02
<VARIANCE> 6
 3.185104e+01 1.195217e+04 1.387160e+04 2.998198e+02 4.022584e+04 5.158639e+07
<GCONST> 6.747881e+01
<MIXTURE> 13 6.183758e-02
<MEAN> 6
 8.913445e+01 8.821075e+02 2.159427e+02 -1.969637e+00 -6.072666e-01 -7.767739e+00
<VARIANCE> 6
 3.185104e+01 1.195217e+04 1.387160e+04 2.998198e+02 4.022584e+04 5.158639e+07
<GCONST> 6.747881e+01
<MIXTURE> 14 6.011112e-02
<MEAN> 6
 7.898774e+01 1.524156e+03 4.538662e+02 -1.623011e+00 -1.000940e+01 -3.029737e+02
<VARIANCE> 6
 3.185104e+01 1.195217e+04 1.387160e+04 2.998198e+02 4.022584e+04 5.158639e+07
<GCONST> 6.747881e+01
<STATE> 13
<NUMMIXES> 14
<MIXTURE> 1 8.992220e-02
<MEAN> 6
 7.925320e+01 -8.303172e+02 4.039167e+03 -1.469960e+00 -6.702577e+00 -5.872210e+01
<VARIANCE> 6
 3.185104e+01 1.417522e+05 5.324452e+05 2.998198e+02 4.022584e+04 5.158639e+07
<GCONST> 7.359962e+01
<MIXTURE> 2 9.017929e-02
<MEAN> 6
 7.521512e+01 -8.923952e+03 1.475839e+03 -2.578798e+00 -5.098271e+00 -4.403343e+01
<VARIANCE> 6
 3.185104e+01 1.957736e+04 1.766320e+05 2.998198e+02 4.022584e+04 5.158639e+07
<GCONST> 7.051650e+01
<MIXTURE> 3 9.127259e-02
<MEAN> 6
 5.337458e+01 -4.740728e+02 2.577034e+03 2.654001e-01 -7.501653e+00 -1.112211e+02
<VARIANCE> 6
 3.185104e+01 1.195217e+04 2.450644e+04 2.998198e+02 4.022584e+04 5.158639e+07
<GCONST> 6.804790e+01
<MIXTURE> 4 3.903027e-02
<MEAN> 6
 6.718292e+01 3.045131e+02 8.285319e+02 -2.505072e+00 -3.588270e+00 -8.249918e+01
<VARIANCE> 6
 3.185104e+01 1.195217e+04 6.332411e+05 2.998198e+02 4.022584e+04 5.158639e+07
<GCONST> 7.129982e+01
<MIXTURE> 5 8.787107e-02
<MEAN> 6
 7.613422e+01 4.396417e+02 -2.100584e+03 2.079675e+00 -5.480990e+00 -8.784896e+01
<VARIANCE> 6
 3.185104e+01 1.195217e+04 1.387160e+04 2.998198e+02 4.022584e+04 5.158639e+07
<GCONST> 6.747881e+01
<MIXTURE> 6 6.081852e-02
<MEAN> 6
 6.205772e+01 2.253458e+02 -3.276540e+02 -1.137608e+00 9.436022e+00 1.668537e+02
<VARIANCE> 6
 3.185104e+01 1.300858e+04 1.387160e+04 2.998198e+02 4.022584e+04 5.158639e+07
<GCONST> 6.756351e+01
<MIXTURE> 7 8.657856e-02
<MEAN> 6
 8.187513e+01 1.657395e+02 -2.338790e+03 3.992520e-01 -2.652937e+00 -2.345764e+00
<VARIANCE> 6
 3.185104e+01 1.195217e+04 1.387160e+04 2.998198e+02 4.022584e+04 5.158639e+07
<GCONST> 6.747881e+01
<MIXTURE> 8 5.404162e-02
<MEAN> 6
 7.247810e+01 -7.262457e+02 1.883061e+03 9.982343e-01 -4.832781e+00 -2.914794e+02
<VARIANCE> 6
 3.185104e+01 2.232387e+04 2.773178e+04 2.998198e+02 4.022584e+04 5.158639e+07
<GCONST> 6.879630e+01
<MIXTURE> 9 7.298825e-02
<MEAN> 6
 7.579397e+01 2.860801e+03 4.587434e+02 -2.328270e+00 -1.579304e+01 -5.420401e+01
<VARIANCE> 6
 3.185104e+01 1.195217e+04 1.387160e+04 2.998198e+02 4.022584e+04 5.158639e+07
<GCONST> 6.747881e+01
<MIXTURE> 10 6.613462e-02
<MEAN> 6
 6.540506e+01 -5.203401e+02 1.474831e+03 -9.435623e-01 -5.995670e+00 -1.938594e+02
<VARIANCE> 6
 3.185104e+01 1.195217e+04 1.387160e+04 2.998198e+02 4.022584e+04 5.158639e+07
<GCONST> 6.747881e+01
<MIXTURE> 11 7.594562e-02
<MEAN> 6
 5.879928e+01 1.670981e+02 9.870602e+02 -1.220837e-02 5.451062e-02 -8.809352e+01
<VARIANCE> 6
 3.185104e+01 1.195217e+04 1.387160e+04 2.998198e+02 4.022584e+04 5.158639e+07
<GCONST> 6.747881e+01
<MIXTURE> 12 6.425457e-02
<MEAN> 6
 7.757465e+01 3.447890e+01 -2.001257e+03 -5.605076e-01 -1.840814e+01 -2.517386e+02
<VARIANCE> 6
 3.185104e+01 1.195217e+04 6.433214e+04 2.998198e+02 4.022584e+04 5.158639e+07
<GCONST> 6.901303e+01
<MIXTURE> 13 7.488137e-02
<MEAN> 6
 6.018794e+01 1.972668e+02 8.481948e+02 4.521820e-01 9.993523e+00 7.483156e+01
<VARIANCE> 6
 3.185104e+01 1.195217e+04 2.140869e+04 2.998198e+02 4.022584e+04 5.158639e+07
<GCONST> 6.791277e+01
<MIXTURE> 14 4.607818e-02
<MEAN> 6
 7.297869e+01 -8.381236e+02 1.817402e+03 -4.900537e+00 2.831020e-01 7.888708e+01
<VARIANCE> 6
 3.185104e+01 3.347864e+04 1.762863e+04 6.255909e+02 7.861417e+04 5.158639e+07
<GCONST> 7.015405e+01
<STATE> 14
<NUMMIXES> 14
<MIXTURE> 1 7.882069e-03
<MEAN> 6
 -4.207520e+00 -4.450693e+02 1.198259e+01 1.077700e+01 7.655930e+01 6.899799e+03
<VARIANCE> 6
 8.836344e+03 7.080689e+05 1.220559e+06 1.637401e+06 8.925165e+08 1.293192e+12
<GCONST> 1.104053e+02
<MIXTURE> 2 9.156878e-02
<MEAN> 6
 2.607549e+01 1.287117e+02 1.860518e+01 2.307504e+02 -2.989556e+01 -2.744731e+03
<VARIANCE> 6
 7.520733e+02 3.813229e+05 2.648098e+05 6.122746e+03 1.507199e+05 5.559828e+07
<GCONST> 8.146487e+01
<MIXTURE> 3 3.552193e-02
<MEAN> 6
 3.517074e+01 9.103903e+02 -3.432669e+02 -3.359175e+01 -3.025776e+02 1.385474e+03
<VARIANCE> 6
 6.060173e+03 2.202932e+07 1.393757e+06 5.654902e+04 4.879700e+06 3.802412e+09
<GCONST> 9.919451e+01
<MIXTURE> 4 1.097914e-01
<MEAN> 6
 1.069860e+02 -7.291401e+01 3.522325e+02 -8.065141e+00 -3.560002e+01 -3.063018e+02
<VARIANCE> 6
 1.738245e+02 9.952558e+05 7.791007e+05 2.998198e+02 4.022584e+04 5.158639e+07
<GCONST> 7.762617e+01
<MIXTURE> 5 6.893079e-02
<MEAN> 6
 -8.629292e+00 7.190172e+01 -1.108220e+02 3.526037e+01 4.630439e+02 -6.307230e+03
<VARIANCE> 6
 3.352572e+03 3.290665e+05 3.640081e+06 5.880453e+04 1.582751e+06 4.751296e+08
<GCONST> 9.219202e+01
<MIXTURE> 6 7.790927e-02
<MEAN> 6
 -3.567165e+01 1.663556e+02 1.478841e+02 9.356517e+01 7.082802e+02 -1.235912e+03
<VARIANCE> 6
 3.166100e+02 3.692296e+05 2.497946e+05 1.867833e+04 1.849625e+05 5.158639e+07
<GCONST> 8.175430e+01
<MIXTURE> 7 7.190437e-02
<MEAN> 6
 1.039509e+02 -5.664624e+01 1.079121e+02 2.546062e+01 -7.749266e+02 -6.250991e+02
<VARIANCE> 6
 5.307960e+02 5.454508e+05 2.909341e+05 1.770345e+04 1.409437e+06 6.696386e+08
<GCONST> 8.735432e+01
<MIXTURE> 8 7.332221e-02
<MEAN> 6
 1.389153e-01 -1.035467e+02 1.173833e+01 -3.085332e+02 3.798719e+02 1.307403e+04
<VARIANCE> 6
 8.730347e+02 3.521889e+05 3.847341e+05 9.294418e+03 1.688634e+06 4.859236e+08
<GCONST> 8.690963e+01
<MIXTURE> 9 1.042151e-01
<MEAN> 6
 -5.948260e+01 6.290480e+01 -7.902065e+01 2.985799e+00 1.628170e+02 3.387716e+02
<VARIANCE> 6
 4.071674e+02 3.769682e+05 6.080352e+05 8.750397e+02 6.533216e+04 5.158639e+07
<GCONST> 7.881467e+01
<MIXTURE> 10 9.029914e-02
<MEAN> 6
 7.569812e+01 1.003654e+02 -5.322425e+02 9.470466e-01 -2.866989e+01 -2.480411e+02
<VARIANCE> 6
 1.480231e+02 5.376217e+05 1.041038e+06 2.998198e+02 4.022584e+04 5.158639e+07
<GCONST> 7.713949e+01
<MIXTURE> 11 6.409114e-02
<MEAN> 6
 7.602979e+01 7.166196e+01 3.054999e+02 -1.850972e+00 -4.132898e+02 8.411454e+02
<VARIANCE> 6
 7.843298e+02 1.639609e+05 6.129917e+05 2.628129e+04 1.387686e+05 5.158639e+07
<GCONST> 8.280152e+01
<MIXTURE> 12 6.723491e-02
<MEAN> 6
 7.886436e+01 -1.885936e+02 -1.064906e+02 -6.244297e+01 -9.039363e+02 -1.203988e+03
<VARIANCE> 6
 4.048124e+02 7.090429e+05 2.960624e+05 2.984549e+04 4.276165e+05 1.306704e+08
<GCONST> 8.505864e+01
<MIXTURE> 13 7.443622e-02
<MEAN> 6
 -5.166136e+01 -7.984274e+01 -9.436345e+01 2.368407e+00 8.944762e+02 -1.550441e+03
<VARIANCE> 6
 3.534407e+02 2.384357e+05 2.970454e+05 1.665230e+04 3.473010e+05 2.009781e+08
<GCONST> 8.347543e+01
<MIXTURE> 14 6.245162e-02
<MEAN> 6
 6.461302e+01 -6.257605e+01 1.576008e+01 -6.524013e+01 -5.715451e+02 -8.372264e+02
<VARIANCE> 6
 8.102768e+02 1.703692e+05 6.712198e+05 3.100782e+04 1.752480e+05 5.158639e+07
<GCONST> 8.336193e+01
<TRANSP> 15
 0.000000e+00 1.000000e+00 0.000000e+00 0.000000e+00 0.000000e+00 0.000000e+00 0.000000e+00 0.000000e+00 0.000000e+00 0.000000e+00 0.000000e+00 0.000000e+00 0.000000e+00 0.000000e+00 0.000000e+00
 0.000000e+00 9.999188e-01 8.126043e-05 0.000000e+00 0.000000e+00 0.000000e+00 0.000000e+00 0.000000e+00 0.000000e+00 0.000000e+00 0.000000e+00 0.000000e+00 0.000000e+00 0.000000e+00 0.000000e+00
 0.000000e+00 0.000000e+00 9.971195e-01 2.880456e-03 0.000000e+00 0.000000e+00 0.000000e+00 0.000000e+00 0.000000e+00 0.000000e+00 0.000000e+00 0.000000e+00 0.000000e+00 0.000000e+00 0.000000e+00
 0.000000e+00 0.000000e+00 0.000000e+00 9.967657e-01 3.234381e-03 0.000000e+00 0.000000e+00 0.000000e+00 0.000000e+00 0.000000e+00 0.000000e+00 0.000000e+00 0.000000e+00 0.000000e+00 0.000000e+00
 0.000000e+00 0.000000e+00 0.000000e+00 0.000000e+00 9.955142e-01 4.485796e-03 0.000000e+00 0.000000e+00 0.000000e+00 0.000000e+00 0.000000e+00 0.000000e+00 0.000000e+00 0.000000e+00 0.000000e+00
 0.000000e+00 0.000000e+00 0.000000e+00 0.000000e+00 0.000000e+00 9.949966e-01 5.003389e-03 0.000000e+00 0.000000e+00 0.000000e+00 0.000000e+00 0.000000e+00 0.000000e+00 0.000000e+00 0.000000e+00
 0.000000e+00 0.000000e+00 0.000000e+00 0.000000e+00 0.000000e+00 0.000000e+00 9.955164e-01 4.483575e-03 0.000000e+00 0.000000e+00 0.000000e+00 0.000000e+00 0.000000e+00 0.000000e+00 0.000000e+00
 0.000000e+00 0.000000e+00 0.000000e+00 0.000000e+00 0.000000e+00 0.000000e+00 0.000000e+00 9.964906e-01 3.509407e-03 0.000000e+00 0.000000e+00 0.000000e+00 0.000000e+00 0.000000e+00 0.000000e+00
 0.000000e+00 0.000000e+00 0.000000e+00 0.000000e+00 0.000000e+00 0.000000e+00 0.000000e+00 0.000000e+00 9.977693e-01 2.230652e-03 0.000000e+00 0.000000e+00 0.000000e+00 0.000000e+00 0.000000e+00
 0.000000e+00 0.000000e+00 0.000000e+00 0.000000e+00 0.000000e+00 0.000000e+00 0.000000e+00 0.000000e+00 0.000000e+00 9.967805e-01 3.219519e-03 0.000000e+00 0.000000e+00 0.000000e+00 0.000000e+00
 0.000000e+00 0.000000e+00 0.000000e+00 0.000000e+00 0.000000e+00 0.000000e+00 0.000000e+00 0.000000e+00 0.000000e+00 0.000000e+00 9.967071e-01 3.292860e-03 0.000000e+00 0.000000e+00 0.000000e+00
 0.000000e+00 0.000000e+00 0.000000e+00 0.000000e+00 0.000000e+00 0.000000e+00 0.000000e+00 0.000000e+00 0.000000e+00 0.000000e+00 0.000000e+00 9.951275e-01 4.872509e-03 0.000000e+00 0.000000e+00
 0.000000e+00 0.000000e+00 0.000000e+00 0.000000e+00 0.000000e+00 0.000000e+00 0.000000e+00 0.000000e+00 0.000000e+00 0.000000e+00 0.000000e+00 0.000000e+00 9.984142e-01 1.585791e-03 0.000000e+00
 0.000000e+00 0.000000e+00 0.000000e+00 0.000000e+00 0.000000e+00 0.000000e+00 0.000000e+00 0.000000e+00 0.000000e+00 0.000000e+00 0.000000e+00 0.000000e+00 0.000000e+00 9.999087e-01 9.127385e-05
 0.000000e+00 0.000000e+00 0.000000e+00 0.000000e+00 0.000000e+00 0.000000e+00 0.000000e+00 0.000000e+00 0.000000e+00 0.000000e+00 0.000000e+00 0.000000e+00 0.000000e+00 0.000000e+00 0.000000e+00
<ENDHMM>
~h "SegundoESO"
<BEGINHMM>
<NUMSTATES> 15
<STATE> 2
<NUMMIXES> 14
<MIXTURE> 1 7.179146e-02
<MEAN> 6
 7.174785e+01 1.320492e+04 -1.200272e+03 -6.753335e-01 -3.161964e+00 -1.588131e+02
<VARIANCE> 6
 3.185104e+01 1.195217e+04 1.387160e+04 2.998198e+02 4.022584e+04 5.158639e+07
<GCONST> 6.747881e+01
<MIXTURE> 2 9.702827e-02
<MEAN> 6
 6.607018e+01 7.285785e+02 -5.958516e+02 1.277880e+00 -5.143990e+00 -9.470390e+01
<VARIANCE> 6
 3.356411e+01 8.681534e+04 4.148775e+04 2.998198e+02 4.022584e+04 5.158639e+07
<GCONST> 7.060963e+01
<MIXTURE> 3 6.239977e-02
<MEAN> 6
 7.645501e+01 -4.682225e+01 -2.992259e+03 -5.811602e-01 -6.585883e+00 -9.141254e+01
<VARIANCE> 6
 3.185104e+01 1.246193e+04 8.058112e+05 2.998198e+02 4.022584e+04 5.158639e+07
<GCONST> 7.158259e+01
<MIXTURE> 4 7.949758e-02
<MEAN> 6
 5.896512e+01 6.778073e+02 -3.109054e+03 2.481620e+00 -3.493294e+00 -1.038810e+02
<VARIANCE> 6
 3.185104e+01 1.195217e+04 2.845665e+05 2.998198e+02 4.022584e+04 5.158639e+07
<GCONST> 7.049994e+01
<MIXTURE> 5 6.408963e-02
<MEAN> 6
 7.405643e+01 -2.465065e+02 -7.415123e+03 -1.583439e-01 -2.465025e+00 -1.253366e+02
<VARIANCE> 6
 3.185104e+01 1.195217e+04 1.004536e+05 2.998198e+02 4.022584e+04 5.158639e+07
<GCONST> 6.945866e+01
<MIXTURE> 6 6.081041e-02
<MEAN> 6
 7.217088e+01 1.526669e+03 -2.403120e+03 5.337762e-02 -3.742228e+00 -1.536004e+02
<VARIANCE> 6
 3.185104e+01 1.195217e+04 1.674851e+05 2.998198e+02 4.022584e+04 5.158639e+07
<GCONST> 6.996986e+01
<MIXTURE> 7 1.059639e-01
<MEAN> 6
 5.496987e+01 1.483408e+02 -2.406665e+03 -6.037343e-01 9.171352e+00 -5.217939e+01
<VARIANCE> 6
 3.185104e+01 1.195217e+04 2.703079e+06 2.998198e+02 4.022584e+04 5.158639e+07
<GCONST> 7.275112e+01
<MIXTURE> 8 7.446149e-02
<MEAN> 6
 7.264455e+01 6.144493e+02 -5.594170e+03 -2.604694e-01 -3.294050e+00 4.672838e+00
<VARIANCE> 6
 3.185104e+01 6.752022e+04 7.288026e+06 2.998198e+02 4.022584e+04 5.158639e+07
<GCONST> 7.547447e+01
<MIXTURE> 9 5.219239e-02
<MEAN> 6
 6.618204e+01 3.167156e+03 -1.270531e+03 -4.153766e-01 -1.781139e+01 -1.056226e+02
<VARIANCE> 6
 3.185104e+01 4.321297e+05 1.387160e+04 2.998198e+02 4.022584e+04 5.158639e+07
<GCONST> 7.106663e+01
<MIXTURE> 10 6.274194e-02
<MEAN> 6
 5.579934e+01 6.155735e+02 -4.908892e+03 1.568959e+00 1.573656e-01 1.922355e+01
<VARIANCE> 6
 3.185104e+01 1.195217e+04 6.298277e+05 2.998198e+02 4.022584e+04 5.158639e+07
<GCONST> 7.129442e+01
<MIXTURE> 11 8.506338e-02
<MEAN> 6
 6.648611e+01 8.265907e+02 -1.214291e+03 4.798327e-01 -4.669151e+00 -1.090578e+02
<VARIANCE> 6
 3.185104e+01 1.195217e+04 1.387160e+04 2.998198e+02 4.022584e+04 5.158639e+07
<GCONST> 6.747881e+01
<MIXTURE> 12 6.462428e-02
<MEAN> 6
 5.926424e+01 1.787541e+03 -1.131871e+03 3.212589e-01 4.834093e-01 -8.988530e+00
<VARIANCE> 6
 3.185104e+01 4.536654e+04 1.091292e+05 2.998198e+02 4.022584e+04 5.158639e+07
<GCONST> 7.087537e+01
<MIXTURE> 13 5.686071e-02
<MEAN> 6
 7.419281e+01 -4.279933e+02 -9.222570e+03 4.617983e-02 -2.135594e+00 -1.383887e+01
<VARIANCE> 6
 3.185104e+01 1.195217e+04 8.109138e+05 2.998198e+02 4.022584e+04 5.158639e+07
<GCONST> 7.154713e+01
<MIXTURE> 14 6.245426e-02
<MEAN> 6
 7.656406e+01 -9.200538e+01 -3.688883e+03 -4.821330e-01 -5.966122e+00 -7.955397e+01
<VARIANCE> 6
 3.185104e+01 1.195217e+04 1.830278e+06 2.998198e+02 4.022584e+04 5.158639e+07
<GCONST> 7.236119e+01
<STATE> 3
<NUMMIXES> 14
<MIXTURE> 1 7.419302e-02
<MEAN> 6
 7.731610e+01 1.670286e+03 1.204753e+03 -1.401374e+00 1.008883e+01 -1.346282e+02
<VARIANCE> 6
 3.185104e+01 1.205042e+06 7.628220e+05 2.998198e+02 4.022584e+04 5.158639e+07
<GCONST> 7.609935e+01
<MIXTURE> 2 1.108617e-01
<MEAN> 6
 7.274328e+01 6.536956e+02 1.043144e+03 5.082332e-01 -5.011116e+00 -9.429269e+01
<VARIANCE> 6
 3.185104e+01 1.195217e+04 3.828517e+05 2.998198e+02 4.022584e+04 5.158639e+07
<GCONST> 7.079662e+01
<MIXTURE> 3 8.001809e-02
<MEAN> 6
 6.990949e+01 -2.082734e+03 9.947524e+01 3.700123e-02 -1.969851e+00 -6.602003e+01
<VARIANCE> 6
 3.185104e+01 1.984327e+05 1.798183e+05 2.998198e+02 4.022584e+04 5.158639e+07
<GCONST> 7.285046e+01
<MIXTURE> 4 9.839416e-02
<MEAN> 6
 7.167338e+01 2.551633e+02 1.643883e+02 -3.991802e-01 -7.636631e+00 -1.766043e+02
<VARIANCE> 6
 3.185104e+01 4.092201e+04 1.387160e+04 2.998198e+02 4.022584e+04 5.158639e+07
<GCONST> 6.870957e+01
<MIXTURE> 5 2.838407e-02
<MEAN> 6
 6.124241e+01 -8.209315e+01 1.612404e+03 -1.991087e+00 -5.016939e+00 -1.791687e+02
<VARIANCE> 6
 3.185104e+01 1.249558e+04 1.387160e+04 2.998198e+02 4.022584e+04 5.158639e+07
<GCONST> 6.752328e+01
<MIXTURE> 6 6.339809e-02
<MEAN> 6
 7.204308e+01 -3.801512e+02 7.695494e+02 -1.092485e+00 -1.852072e+00 -6.767100e+01
<VARIANCE> 6
 3.185104e+01 1.195217e+04 1.044514e+05 2.998198e+02 4.022584e+04 5.158639e+07
<GCONST> 6.949770e+01
<MIXTURE> 7 9.108879e-02
<MEAN> 6
 7.446865e+01 5.889028e+02 3.608470e+02 -5.975063e-01 -1.229472e+00 -8.144707e+01
<VARIANCE> 6
 3.185104e+01 3.102997e+04 1.387160e+04 2.998198e+02 4.022584e+04 5.158639e+07
<GCONST> 6.843285e+01
<MIXTURE> 8 6.428758e-02
<MEAN> 6
 6.968700e+01 -3.789321e+02 3.271077e+02 -2.533072e-01 -3.143778e+00 -5.447774e+01
<VARIANCE> 6
 3.185104e+01 1.195217e+04 1.387160e+04 2.998198e+02 4.022584e+04 5.158639e+07
<GCONST> 6.747881e+01
<MIXTURE> 9 1.098682e-01
<MEAN> 6
 7.090556e+01 -1.136866e+01 2.192138e+02 -4.603012e-01 -6.792844e+00 -1.312118e+02
<VARIANCE> 6
 3.185104e+01 1.809479e+04 1.387160e+04 2.998198e+02 4.022584e+04 5.158639e+07
<GCONST> 6.789352e+01
<MIXTURE> 10 5.128008e-02
<MEAN> 6
 7.340309e+01 5.766770e+02 2.934558e+02 -4.017618e-01 -2.054146e+00 -9.784328e+01
<VARIANCE> 6
 3.185104e+01 3.033452e+04 1.387160e+04 2.998198e+02 4.022584e+04 5.158639e+07
<GCONST> 6.841019e+01
<MIXTURE> 11 5.363610e-02
<MEAN> 6
 7.742802e+01 3.484473e+02 5.703208e+02 -1.383230e+00 1.663329e+00 -8.279694e+01
<VARIANCE> 6
 3.185104e+01 1.264346e+04 1.870998e+05 2.998198e+02 4.022584e+04 5.158639e+07
<GCONST> 7.013684e+01
<MIXTURE> 12 6.439879e-02
<MEAN> 6
 6.967262e+01 -3.798940e+02 3.272445e+02 -2.536082e-01 -3.162593e+00 -5.530413e+01
<VARIANCE> 6
 3.185104e+01 1.195217e+04 1.387160e+04 2.998198e+02 4.022584e+04 5.158639e+07
<GCONST> 6.747881e+01
<MIXTURE> 13 5.696120e-02
<MEAN> 6
 7.405613e+01 -3.946116e+02 4.860008e+02 -1.256031e+00 -1.885870e+00 -3.149261e+01
<VARIANCE> 6
 3.185104e+01 1.195217e+04 2.083110e+05 2.998198e+02 4.022584e+04 5.158639e+07
<GCONST> 7.018800e+01
<MIXTURE> 14 5.319482e-02
<MEAN> 6
 7.544379e+01 2.850661e+02 3.698665e+02 -1.724316e+00 -3.328472e+00 -1.141576e+02
<VARIANCE> 6
 3.185104e+01 1.226246e+04 2.561086e+05 2.998198e+02 4.022584e+04 5.158639e+07
<GCONST> 7.042020e+01
<STATE> 4
<NUMMIXES> 14
<MIXTURE> 1 5.787479e-02
<MEAN> 6
 9.824680e+01 -3.576105e+03 1.057261e+04 -2.948306e+00 -1.187118e+01 1.429915e+02
<VARIANCE> 6
 3.185104e+01 3.147859e+05 6.802494e+06 2.998198e+02 4.022584e+04 5.158639e+07
<GCONST> 7.694499e+01
<MIXTURE> 2 6.217183e-02
<MEAN> 6
 5.612973e+01 -3.579840e+03 9.972969e+03 -2.496655e+01 -3.989682e+01 7.464122e+02
<VARIANCE> 6
 9.404803e+02 1.704173e+07 8.497535e+07 1.671494e+04 7.106202e+05 9.906079e+07
<GCONST> 9.439189e+01
<MIXTURE> 3 1.135255e-01
<MEAN> 6
 8.893881e+01 -4.395270e+03 4.195371e+03 -1.358175e+00 -1.533845e+01 -2.501794e+02
<VARIANCE> 6
 3.185104e+01 1.243814e+04 2.729672e+06 2.998198e+02 4.022584e+04 5.158639e+07
<GCONST> 7.280076e+01
<MIXTURE> 4 5.829537e-02
<MEAN> 6
 6.786346e+01 -4.084635e+03 3.438145e+03 -7.655721e-01 -2.202521e+00 -7.834927e+01
<VARIANCE> 6
 3.185104e+01 3.669532e+04 1.387160e+04 2.998198e+02 4.022584e+04 5.158639e+07
<GCONST> 6.860055e+01
<MIXTURE> 5 6.632043e-02
<MEAN> 6
 7.447558e+01 -2.087506e+03 6.404354e+03 -2.565699e-01 -7.436872e+00 -2.035133e+02
<VARIANCE> 6
 3.185104e+01 2.391714e+05 4.098156e+06 2.998198e+02 4.022584e+04 5.158639e+07
<GCONST> 7.616353e+01
<MIXTURE> 6 9.793465e-02
<MEAN> 6
 2.327479e+01 1.343598e+04 -9.303429e+01 5.737857e+00 3.011852e+00 1.903804e+02
<VARIANCE> 6
 3.499381e+03 2.512074e+05 7.806702e+05 2.472557e+04 4.070372e+05 7.141313e+07
<GCONST> 8.630579e+01
<MIXTURE> 7 8.607809e-02
<MEAN> 6
 9.052444e+01 -3.412140e+03 -1.820938e+02 -3.814274e+00 -4.211301e-01 -1.239870e+02
<VARIANCE> 6
 3.185104e+01 5.557286e+05 1.018782e+05 2.998198e+02 4.022584e+04 5.158639e+07
<GCONST> 7.331212e+01
<MIXTURE> 8 5.903978e-02
<MEAN> 6
 7.530822e+01 -1.392114e+03 2.825429e+03 1.998067e+00 -4.868673e+00 -3.417829e+01
<VARIANCE> 6
 3.185104e+01 1.496077e+05 5.123691e+04 2.998198e+02 4.022584e+04 5.158639e+07
<GCONST> 7.131254e+01
<MIXTURE> 9 7.191340e-02
<MEAN> 6
 2.667331e+01 5.166247e+03 -1.096287e+03 2.307299e+01 -1.067718e+02 -1.011128e+03
<VARIANCE> 6
 3.308315e+03 3.897230e+06 5.886919e+05 2.859816e+04 7.374829e+05 1.616214e+08
<GCONST> 9.026575e+01
<MIXTURE> 10 6.686702e-02
<MEAN> 6
 8.072604e+01 1.412731e+02 3.211007e+03 3.921855e-01 -4.083295e+00 -1.874108e+02
<VARIANCE> 6
 3.185104e+01 2.466845e+05 1.387160e+04 2.998198e+02 4.022584e+04 5.158639e+07
<GCONST> 7.050601e+01
<MIXTURE> 11 7.703493e-02
<MEAN> 6
 8.159910e+01 -4.725185e+03 -2.365638e+02 -2.868289e+00 -1.691300e+01 -2.348886e+02
<VARIANCE> 6
 3.185104e+01 2.838451e+06 7.481848e+05 2.998198e+02 4.022584e+04 5.158639e+07
<GCONST> 7.693672e+01
<MIXTURE> 12 5.247860e-02
<MEAN> 6
 8.275921e+01 -4.841860e+03 1.152038e+04 -3.523383e-02 1.632528e+00 6.379356e+01
<VARIANCE> 6
 3.185104e+01 2.685462e+04 6.932758e+06 2.998198e+02 4.022584e+04 5.158639e+07
<GCONST> 7.450251e+01
<MIXTURE> 13 7.311907e-02
<MEAN> 6
 7.076759e+01 -2.084439e+03 2.530311e+03 3.072907e+00 -2.131809e+01 -2.446914e+02
<VARIANCE> 6
 3.185104e+01 8.459200e+05 2.496934e+05 2.998198e+02 4.022584e+04 5.158639e+07
<GCONST> 7.462872e+01
<MIXTURE> 14 5.732492e-02
<MEAN> 6
 6.750150e+01 -4.180722e+03 3.401650e+03 -7.031906e-01 -8.127443e+00 -1.862968e+02
<VARIANCE> 6
 3.185104e+01 2.556357e+04 1.387160e+04 2.998198e+02 4.022584e+04 5.158639e+07
<GCONST> 6.823907e+01
<STATE> 5
<NUMMIXES> 14
<MIXTURE> 1 6.344572e-02
<MEAN> 6
 6.582838e+01 1.848605e+03 -1.140711e+02 -4.236121e-01 -3.826823e+00 -1.184578e+02
<VARIANCE> 6
 3.185104e+01 1.535676e+04 1.418014e+04 2.998198e+02 4.022584e+04 5.158639e+07
<GCONST> 6.775146e+01
<MIXTURE> 2 2.976956e-02
<MEAN> 6
 5.500975e+01 2.768031e+03 -2.751789e+02 -8.118606e-02 -6.511687e+00 -2.848803e+02
<VARIANCE> 6
 3.185104e+01 1.195217e+04 1.387160e+04 2.998198e+02 4.022584e+04 5.158639e+07
<GCONST> 6.747881e+01
<MIXTURE> 3 8.799841e-02
<MEAN> 6
 5.548724e+01 1.441988e+02 4.250204e+02 -5.284807e-01 -3.867601e+00 -3.610677e+02
<VARIANCE> 6
 3.747432e+01 1.195217e+04 2.399977e+04 2.998198e+02 4.022584e+04 5.158639e+07
<GCONST> 6.818960e+01
<MIXTURE> 4 6.485147e-02
<MEAN> 6
 6.183754e+01 -2.065545e+03 -4.813712e+02 1.875030e-02 -6.614880e+00 -2.176570e+02
<VARIANCE> 6
 3.185104e+01 2.016268e+05 2.399885e+04 2.998198e+02 4.022584e+04 5.158639e+07
<GCONST> 7.085249e+01
<MIXTURE> 5 7.842911e-02
<MEAN> 6
 5.939525e+01 -2.103263e+02 1.948717e+02 -2.893443e-01 -3.272441e+00 -1.882835e+02
<VARIANCE> 6
 3.185104e+01 3.379913e+04 1.387160e+04 2.998198e+02 4.022584e+04 5.158639e+07
<GCONST> 6.851833e+01
<MIXTURE> 6 6.005141e-02
<MEAN> 6
 6.369588e+01 -6.349907e+02 -3.149541e+01 3.392983e-01 -2.566243e+00 -1.717210e+02
<VARIANCE> 6
 3.185104e+01 2.519319e+04 1.387160e+04 2.998198e+02 4.022584e+04 5.158639e+07
<GCONST> 6.822447e+01
<MIXTURE> 7 9.546197e-02
<MEAN> 6
 6.493385e+01 -6.981219e+02 -6.450493e+02 1.551740e-01 -7.262605e+00 -1.480182e+02
<VARIANCE> 6
 3.185104e+01 1.195217e+04 3.036861e+04 2.998198e+02 4.022584e+04 5.158639e+07
<GCONST> 6.826238e+01
<MIXTURE> 8 7.130735e-02
<MEAN> 6
 5.935478e+01 -2.444684e+02 -2.179400e+02 -2.425640e-01 -7.294840e+00 -1.351850e+02
<VARIANCE> 6
 3.185104e+01 1.204930e+04 1.387160e+04 2.998198e+02 4.022584e+04 5.158639e+07
<GCONST> 6.748691e+01
<MIXTURE> 9 8.627062e-02
<MEAN> 6
 6.495610e+01 -1.045093e+03 4.378728e+01 3.113836e-01 -2.727592e+00 1.128888e+01
<VARIANCE> 6
 3.185104e+01 6.437060e+04 1.387160e+04 2.998198e+02 4.022584e+04 5.158639e+07
<GCONST> 6.916256e+01
<MIXTURE> 10 9.746770e-02
<MEAN> 6
 5.732742e+01 -3.062061e+02 -5.393017e+02 -2.384978e-01 -3.256459e+00 -8.496634e+01
<VARIANCE> 6
 3.185104e+01 1.195217e+04 9.055574e+04 2.998198e+02 4.022584e+04 5.158639e+07
<GCONST> 6.935493e+01
<MIXTURE> 11 6.691081e-02
<MEAN> 6
 6.880218e+01 1.216477e+03 1.032937e+02 -1.064339e+00 -4.773507e+00 -1.729832e+02
<VARIANCE> 6
 3.185104e+01 2.437429e+04 1.387160e+04 2.998198e+02 4.022584e+04 5.158639e+07
<GCONST> 6.819143e+01
<MIXTURE> 12 7.112150e-02
<MEAN> 6
 5.980245e+01 -3.543274e+02 1.606819e+02 -5.314980e-01 -3.985167e+00 -1.837790e+02
<VARIANCE> 6
 3.185104e+01 3.032067e+04 1.387160e+04 2.998198e+02 4.022584e+04 5.158639e+07
<GCONST> 6.840973e+01
<MIXTURE> 13 6.720552e-02
<MEAN> 6
 6.931181e+01 1.138892e+03 1.320881e+02 -6.827656e-01 -6.987563e+00 -2.395511e+02
<VARIANCE> 6
 3.185104e+01 1.288458e+04 1.387160e+04 2.998198e+02 4.022584e+04 5.158639e+07
<GCONST> 6.755393e+01
<MIXTURE> 14 5.968086e-02
<MEAN> 6
 6.448089e+01 -7.046038e+02 -7.504859e+01 6.295243e-01 -6.036716e+00 -2.084884e+02
<VARIANCE> 6
 3.185104e+01 2.699438e+04 1.387160e+04 2.998198e+02 4.022584e+04 5.158639e+07
<GCONST> 6.829353e+01
<STATE> 6
<NUMMIXES> 14
<MIXTURE> 1 5.596637e-02
<MEAN> 6
 7.355387e+01 -1.788443e+01 1.781889e+02 -5.821136e+01 -1.100289e+03 1.123139e+03
<VARIANCE> 6
 7.611034e+02 9.704459e+06 7.143894e+06 4.097350e+04 6.728124e+05 3.727959e+08
<GCONST> 9.330834e+01
<MIXTURE> 2 5.364792e-02
<MEAN> 6
 9.228955e+01 -3.642961e+02 6.767202e+02 -1.142824e+01 -6.508952e+01 1.168944e+02
<VARIANCE> 6
 1.500292e+02 1.684876e+06 4.299784e+06 2.998198e+02 4.022584e+04 5.158639e+07
<GCONST> 7.971358e+01
<MIXTURE> 3 5.571184e-02
<MEAN> 6
 6.557893e+01 2.656685e+03 -3.204758e+03 5.754441e+01 -2.418791e+02 -1.291003e+02
<VARIANCE> 6
 3.096892e+02 1.821564e+06 2.188564e+06 1.221611e+04 4.045749e+04 5.158639e+07
<GCONST> 8.355408e+01
<MIXTURE> 4 4.838540e-02
<MEAN> 6
 -4.524764e+01 8.144908e+02 2.706183e+03 1.548985e+02 9.241599e+02 -2.187401e+03
<VARIANCE> 6
 4.203301e+02 5.336408e+05 5.538497e+06 1.470573e+04 1.538347e+05 6.214033e+07
<GCONST> 8.526755e+01
<MIXTURE> 5 7.224893e-02
<MEAN> 6
 4.312692e+01 7.218260e+01 1.247949e+03 2.084831e+02 -4.804478e+02 -1.773822e+03
<VARIANCE> 6
 4.074140e+02 1.268410e+06 7.621120e+06 5.232394e+03 1.456380e+05 5.158639e+07
<GCONST> 8.514706e+01
<MIXTURE> 6 9.626906e-02
<MEAN> 6
 -6.018212e+01 1.676657e+02 7.973600e+02 1.069993e+01 1.227279e+02 -9.240514e+00
<VARIANCE> 6
 8.397945e+01 8.328454e+05 4.422740e+06 5.883843e+02 4.022584e+04 5.158639e+07
<GCONST> 7.913112e+01
<MIXTURE> 7 1.163519e-01
<MEAN> 6
 2.280046e+00 1.470387e+03 -2.023161e+03 5.696701e-01 1.104181e+02 -9.230852e+01
<VARIANCE> 6
 5.181094e+02 3.230317e+06 2.964932e+06 2.597141e+04 5.441306e+04 5.158639e+07
<GCONST> 8.599579e+01
<MIXTURE> 8 5.525054e-02
<MEAN> 6
 4.832932e+01 3.409697e+01 4.437625e+02 -2.308008e+02 -7.551332e+02 3.278187e+03
<VARIANCE> 6
 3.704688e+02 2.941987e+05 5.049035e+06 7.011108e+03 2.819349e+05 5.371966e+07
<GCONST> 8.417273e+01
<MIXTURE> 9 7.831644e-02
<MEAN> 6
 -4.949638e+01 -1.041897e+02 9.794650e+02 -9.647150e+01 1.288478e+03 1.606925e+03
<VARIANCE> 6
 2.789191e+02 4.579541e+06 5.016267e+06 2.645326e+04 4.502813e+05 3.014192e+08
<GCONST> 9.014827e+01
<MIXTURE> 10 8.734930e-02
<MEAN> 6
 -5.529841e+00 -1.594783e+02 7.929752e+02 -6.117127e+01 1.935671e+02 -1.760103e+02
<VARIANCE> 6
 2.486475e+02 1.819563e+06 5.666612e+06 6.417832e+04 1.444045e+05 1.512158e+08
<GCONST> 8.829152e+01
<MIXTURE> 11 7.153954e-02
<MEAN> 6
 8.148810e+01 -1.120453e+02 1.181302e+03 3.521854e+01 -4.416910e+02 3.301829e+02
<VARIANCE> 6
 2.280851e+02 9.608995e+05 5.978032e+06 7.327318e+03 9.749182e+04 5.158639e+07
<GCONST> 8.398186e+01
<MIXTURE> 12 5.981765e-02
<MEAN> 6
 7.702415e+01 -9.119024e+01 2.056037e+02 8.688754e-01 -5.392530e+01 -2.831791e+02
<VARIANCE> 6
 6.646706e+01 1.686208e+05 1.878817e+06 3.002276e+02 4.022584e+04 5.158639e+07
<GCONST> 7.577110e+01
<MIXTURE> 13 7.711621e-02
<MEAN> 6
 -4.233815e+01 2.742879e+02 3.737005e+02 1.851266e+01 5.746612e+02 2.392222e+02
<VARIANCE> 6
 1.784332e+02 8.903330e+05 3.637814e+06 1.369500e+04 8.746565e+04 5.158639e+07
<GCONST> 8.368027e+01
<MIXTURE> 14 7.190145e-02
<MEAN> 6
 7.722157e+01 -3.466027e+02 -2.368701e+02 -2.504010e+01 -5.531645e+02 -1.191023e+03
<VARIANCE> 6
 2.500419e+02 1.024508e+06 4.050100e+06 9.352198e+03 1.088927e+05 5.158639e+07
<GCONST> 8.410312e+01
<STATE> 7
<NUMMIXES> 14
<MIXTURE> 1 7.086249e-02
<MEAN> 6
 8.465638e+01 -7.546794e+02 1.482920e+02 -5.002764e-01 -3.222717e+00 -1.341931e+02
<VARIANCE> 6
 3.185104e+01 1.195217e+04 1.387160e+04 2.998198e+02 4.022584e+04 5.158639e+07
<GCONST> 6.747881e+01
<MIXTURE> 2 6.889610e-02
<MEAN> 6
 6.911309e+01 -5.432028e+02 2.301271e+03 -2.321894e+00 -4.646775e+00 -6.097393e+01
<VARIANCE> 6
 3.185104e+01 2.396858e+04 3.174760e+05 2.998198e+02 4.022584e+04 5.158639e+07
<GCONST> 7.130521e+01
<MIXTURE> 3 4.754849e-02
<MEAN> 6
 7.406604e+01 1.154917e+03 -7.358390e+02 -1.536863e+00 -7.786942e+00 -8.109078e+01
<VARIANCE> 6
 3.185104e+01 6.791021e+04 1.387160e+04 2.998198e+02 4.022584e+04 5.158639e+07
<GCONST> 6.921609e+01
<MIXTURE> 4 9.819224e-02
<MEAN> 6
 8.888512e+01 -1.452696e+03 4.039377e+02 -9.718230e-01 -4.601889e+00 -1.344616e+02
<VARIANCE> 6
 3.185104e+01 2.453866e+05 2.525385e+04 2.998198e+02 4.022584e+04 5.158639e+07
<GCONST> 7.109987e+01
<MIXTURE> 5 5.972037e-02
<MEAN> 6
 6.765932e+01 5.371098e+02 -2.358949e+02 -1.175485e-01 -2.755558e+00 -1.404402e+02
<VARIANCE> 6
 3.185104e+01 2.577104e+04 1.387160e+04 2.998198e+02 4.022584e+04 5.158639e+07
<GCONST> 6.824715e+01
<MIXTURE> 6 5.686723e-02
<MEAN> 6
 7.746214e+01 4.101161e+02 -8.252971e+02 -3.108186e-01 -5.145008e+00 -1.209510e+02
<VARIANCE> 6
 3.185104e+01 1.195217e+04 1.387160e+04 2.998198e+02 4.022584e+04 5.158639e+07
<GCONST> 6.747881e+01
<MIXTURE> 7 7.856131e-02
<MEAN> 6
 7.065384e+01 5.909750e+02 1.068650e+02 -1.484272e+00 -1.736135e+01 6.129050e-01
<VARIANCE> 6
 3.185104e+01 1.049620e+05 2.624758e+04 2.998198e+02 4.022584e+04 5.158639e+07
<GCONST> 7.028923e+01
<MIXTURE> 8 1.213130e-01
<MEAN> 6
 8.058022e+01 -9.868481e+02 -1.048767e+02 -2.101323e+00 -6.196001e+00 -1.149770e+02
<VARIANCE> 6
 3.185104e+01 2.850846e+05 2.559683e+04 2.998198e+02 4.022584e+04 5.158639e+07
<GCONST> 7.126331e+01
<MIXTURE> 9 7.487901e-02
<MEAN> 6
 7.316434e+01 2.653016e+01 -5.415966e+02 -1.264435e+00 -8.508016e+00 -1.860135e+02
<VARIANCE> 6
 3.185104e+01 2.797196e+04 1.387160e+04 2.998198e+02 4.022584e+04 5.158639e+07
<GCONST> 6.832910e+01
<MIXTURE> 10 5.998785e-02
<MEAN> 6
 6.871711e+01 3.462378e+02 -2.156352e+02 -3.316167e-01 -8.470790e+00 -1.944231e+02
<VARIANCE> 6
 3.185104e+01 1.055359e+05 1.387160e+04 2.998198e+02 4.022584e+04 5.158639e+07
<GCONST> 6.965695e+01
<MIXTURE> 11 6.694419e-02
<MEAN> 6
 8.332734e+01 -7.167776e+02 8.480721e+01 -1.857002e-01 -4.840288e+00 -7.047736e+01
<VARIANCE> 6
 3.185104e+01 1.195217e+04 1.387160e+04 2.998198e+02 4.022584e+04 5.158639e+07
<GCONST> 6.747881e+01
<MIXTURE> 12 7.169258e-02
<MEAN> 6
 7.493164e+01 7.083132e+01 -6.681922e+02 -7.709714e-01 -6.274519e+00 -1.942628e+02
<VARIANCE> 6
 3.185104e+01 1.195217e+04 1.387160e+04 2.998198e+02 4.022584e+04 5.158639e+07
<GCONST> 6.747881e+01
<MIXTURE> 13 6.506389e-02
<MEAN> 6
 6.939909e+01 1.567926e+02 -2.323621e+02 -4.455026e-01 -9.730714e+00 -1.976483e+02
<VARIANCE> 6
 3.185104e+01 4.980466e+04 1.387160e+04 2.998198e+02 4.022584e+04 5.158639e+07
<GCONST> 6.890601e+01
<MIXTURE> 14 5.942189e-02
<MEAN> 6
 6.781069e+01 4.874398e+02 -2.666681e+02 -3.486000e-01 -4.288280e+00 -1.250058e+02
<VARIANCE> 6
 3.185104e+01 2.161040e+04 1.387160e+04 2.998198e+02 4.022584e+04 5.158639e+07
<GCONST> 6.807108e+01
<STATE> 8
<NUMMIXES> 14
<MIXTURE> 1 6.015722e-02
<MEAN> 6
 8.422043e+01 1.941276e+02 1.400043e+02 1.813604e+01 -1.120640e+03 -3.253731e+02
<VARIANCE> 6
 3.288028e+02 2.010905e+06 1.296434e+06 2.067857e+04 8.338946e+05 5.710197e+08
<GCONST> 8.914559e+01
<MIXTURE> 2 5.085010e-02
<MEAN> 6
 -2.956701e+01 -6.541894e+01 8.826543e+01 2.193419e+02 8.748683e+02 -5.765993e+03
<VARIANCE> 6
 1.158447e+02 6.842461e+05 1.908523e+05 4.497569e+03 1.526497e+05 6.711339e+07
<GCONST> 7.974393e+01
<MIXTURE> 3 7.157891e-02
<MEAN> 6
 8.236932e+01 -1.128049e+02 2.540654e+02 -6.972481e+00 -7.486619e+01 -3.183979e+02
<VARIANCE> 6
 1.108502e+02 6.347971e+05 3.613854e+05 2.998198e+02 4.022584e+04 5.158639e+07
<GCONST> 7.595842e+01
<MIXTURE> 4 6.858145e-02
<MEAN> 6
 4.426325e+01 3.482178e+02 -7.137372e+01 1.796462e+02 -3.282368e+02 -4.412516e+02
<VARIANCE> 6
 3.372483e+02 8.673288e+05 1.973358e+05 2.974566e+03 9.060425e+04 5.158639e+07
<GCONST> 7.988480e+01
<MIXTURE> 5 7.665808e-02
<MEAN> 6
 -5.820463e+01 -6.510440e+01 7.124264e+01 1.366722e+01 1.701308e+02 -1.301915e+02
<VARIANCE> 6
 1.150107e+02 5.971828e+05 4.447206e+05 4.705769e+02 5.713736e+04 5.158639e+07
<GCONST> 7.694341e+01
<MIXTURE> 6 8.790649e-02
<MEAN> 6
 -8.165751e+00 1.246690e+02 4.109119e+01 6.288699e+01 1.496539e+02 -2.741936e+03
<VARIANCE> 6
 2.049545e+02 4.355223e+05 1.530132e+05 3.249043e+04 5.938674e+04 5.158639e+07
<GCONST> 8.041193e+01
<MIXTURE> 7 1.090244e-01
<MEAN> 6
 7.438004e+01 -2.155883e+02 1.504698e+02 3.831564e+01 -4.888838e+02 -5.766147e+02
<VARIANCE> 6
 1.499943e+02 1.003166e+06 5.066999e+05 7.931126e+03 1.183785e+05 5.158639e+07
<GCONST> 8.141116e+01
<MIXTURE> 8 5.805243e-02
<MEAN> 6
 -5.114441e+01 1.282630e+02 1.420084e+02 -1.381926e+02 1.618532e+03 2.335219e+03
<VARIANCE> 6
 1.718595e+02 8.898998e+05 6.700626e+05 1.443058e+04 6.224868e+05 6.150346e+08
<GCONST> 8.644370e+01
<MIXTURE> 9 9.871227e-02
<MEAN> 6
 -6.223152e+00 2.393114e+02 -2.596254e+01 -2.521190e+02 1.655848e+02 5.767238e+03
<VARIANCE> 6
 4.671198e+02 6.958386e+05 8.436676e+05 5.760450e+03 2.656595e+05 1.805823e+08
<GCONST> 8.443267e+01
<MIXTURE> 10 7.326634e-02
<MEAN> 6
 3.801404e+01 -2.026639e+02 -1.252497e+00 -2.330462e+02 -4.540975e+02 4.359106e+03
<VARIANCE> 6
 2.149240e+02 2.106122e+06 2.656100e+05 4.290296e+03 1.574518e+05 6.080762e+07
<GCONST> 8.170190e+01
<MIXTURE> 11 7.072211e-02
<MEAN> 6
 7.085797e+01 2.996680e+01 4.199490e+01 -1.215728e+02 -8.451050e+02 -7.794437e+02
<VARIANCE> 6
 1.546670e+02 3.916157e+05 1.915690e+05 5.170123e+03 1.384878e+05 5.158639e+07
<GCONST> 7.925753e+01
<MIXTURE> 12 5.913775e-02
<MEAN> 6
 -4.855412e+01 1.777469e+02 1.952258e+02 5.362173e+01 8.492584e+02 1.733570e+03
<VARIANCE> 6
 1.105425e+02 4.566385e+05 2.302936e+05 8.468172e+03 1.319912e+05 5.158639e+07
<GCONST> 7.970475e+01
<MIXTURE> 13 5.667192e-02
<MEAN> 6
 2.634625e+01 -1.453690e+02 -1.097652e+02 2.498439e+02 -3.580923e+02 -4.214608e+03
<VARIANCE> 6
 3.697849e+02 6.451434e+05 6.506641e+05 4.408643e+03 1.433141e+05 5.316916e+07
<GCONST> 8.175626e+01
<MIXTURE> 14 5.832686e-02
<MEAN> 6
 -5.384581e+01 -5.747844e+01 3.284071e+01 2.228613e+01 7.507838e+02 -1.642510e+03
<VARIANCE> 6
 1.151666e+02 4.842496e+05 3.083367e+05 7.039288e+03 1.130914e+05 5.941476e+07
<GCONST> 7.989821e+01
<STATE> 9
<NUMMIXES> 14
<MIXTURE> 1 2.599271e-02
<MEAN> 6
 5.464088e+01 2.899557e+03 1.278834e+03 4.313231e+00 -3.061332e+01 9.666737e+01
<VARIANCE> 6
 3.185104e+01 5.212441e+04 1.387160e+04 2.998198e+02 4.022584e+04 5.158639e+07
<GCONST> 6.895153e+01
<MIXTURE> 2 8.956340e-02
<MEAN> 6
 8.651197e+01 6.451671e+02 -1.071720e+02 1.019898e+02 -7.663539e+02 1.524329e+03
<VARIANCE> 6
 4.565228e+02 9.087398e+05 4.375732e+05 8.872285e+03 9.223104e+05 4.399104e+08
<GCONST> 8.658712e+01
<MIXTURE> 3 4.698725e-02
<MEAN> 6
 5.606841e+01 -2.563034e+02 8.093220e+02 1.469888e+02 -4.262795e+02 -4.415345e+02
<VARIANCE> 6
 1.087663e+02 3.212567e+06 6.043269e+05 9.489868e+03 2.133959e+05 5.158639e+07
<GCONST> 8.319857e+01
<MIXTURE> 4 7.783043e-02
<MEAN> 6
 -1.946887e+01 -8.847716e+01 -2.420591e+01 2.280047e+02 5.062717e+02 -6.874835e+03
<VARIANCE> 6
 7.209736e+01 7.367244e+05 5.920810e+05 2.033916e+03 4.565170e+04 5.158639e+07
<GCONST> 7.821193e+01
<MIXTURE> 5 1.166221e-01
<MEAN> 6
 6.713359e+01 6.840512e+01 -4.368334e+01 1.504364e+02 -6.127472e+02 -9.482147e+02
<VARIANCE> 6
 1.074659e+02 1.860028e+05 3.057972e+05 2.359954e+03 1.251250e+05 5.158639e+07
<GCONST> 7.773086e+01
<MIXTURE> 6 8.643007e-02
<MEAN> 6
 3.039791e+00 1.831513e+02 1.457345e+02 2.158200e+02 1.141210e+00 -2.570164e+03
<VARIANCE> 6
 1.373156e+02 1.760275e+05 1.339142e+05 3.947418e+03 7.375897e+04 6.974068e+07
<GCONST> 7.738256e+01
<MIXTURE> 7 7.426442e-02
<MEAN> 6
 3.417366e+01 -2.396547e+01 -1.861635e+02 2.425273e+02 -4.107502e+02 -3.006232e+03
<VARIANCE> 6
 1.269136e+02 2.242515e+05 6.698926e+05 2.201962e+03 5.305542e+04 5.158639e+07
<GCONST> 7.794113e+01
<MIXTURE> 8 8.008960e-02
<MEAN> 6
 5.725673e+01 8.385618e+01 6.484161e+01 7.631509e+01 -8.940746e+01 7.655521e+01
<VARIANCE> 6
 2.612285e+02 1.016474e+06 4.294053e+05 3.148526e+02 4.022584e+04 5.158639e+07
<GCONST> 7.750780e+01
<MIXTURE> 9 6.837863e-02
<MEAN> 6
 1.172181e+01 1.965857e+02 -1.844490e+01 1.979700e+02 3.742442e+01 -2.068743e+03
<VARIANCE> 6
 1.917169e+02 1.392712e+06 6.874232e+05 4.901412e+03 4.492940e+04 5.158639e+07
<GCONST> 8.083965e+01
<MIXTURE> 10 5.214914e-02
<MEAN> 6
 -4.306300e+01 -8.147762e+01 -7.563046e+02 1.246332e+02 5.979570e+02 6.422977e+02
<VARIANCE> 6
 7.771031e+01 1.985535e+05 8.903450e+04 1.431433e+03 7.385206e+04 5.158639e+07
<GCONST> 7.521086e+01
<MIXTURE> 11 9.344894e-02
<MEAN> 6
 8.536339e+01 -4.272415e+02 -1.380399e+02 6.048177e+01 -6.066530e+02 1.392747e+03
<VARIANCE> 6
 6.417857e+01 1.169273e+06 1.542586e+06 1.196594e+03 1.014692e+05 5.832845e+07
<GCONST> 7.990614e+01
<MIXTURE> 12 8.715956e-02
<MEAN> 6
 4.442249e+01 4.185310e+02 -2.858977e+02 1.814958e+02 -3.455791e+02 -1.080746e+03
<VARIANCE> 6
 1.279241e+02 1.575860e+06 3.325105e+05 2.015987e+03 4.034873e+04 5.158639e+07
<GCONST> 7.883639e+01
<MIXTURE> 13 3.431405e-02
<MEAN> 6
 8.495400e+01 -1.847670e+03 3.155695e+02 8.174757e+01 -1.050781e+03 1.012621e+03
<VARIANCE> 6
 1.691427e+02 5.955620e+06 1.543608e+06 1.458164e+04 1.229859e+06 1.403954e+09
<GCONST> 9.067996e+01
<MIXTURE> 14 6.674751e-02
<MEAN> 6
 7.276155e+00 -3.010901e+02 -2.794523e+02 1.802678e+02 -1.120247e+01 -2.123445e+03
<VARIANCE> 6
 2.121687e+02 1.516142e+06 8.621806e+05 5.291996e+03 4.626220e+04 5.158639e+07
<GCONST> 8.135835e+01
<STATE> 10
<NUMMIXES> 14
<MIXTURE> 1 8.845568e-02
<MEAN> 6
 1.020915e+02 4.023012e+02 -4.781957e+02 -5.874404e+00 6.932971e+00 1.019212e+02
<VARIANCE> 6
 5.216885e+01 5.970264e+04 2.820729e+04 2.998198e+02 4.022584e+04 5.158639e+07
<GCONST> 7.029043e+01
<MIXTURE> 2 9.203207e-02
<MEAN> 6
 9.629768e+01 -8.932272e+02 -7.818771e+03 -5.557967e+00 4.876960e+00 1.139127e+02
<VARIANCE> 6
 1.627537e+02 7.147052e+04 4.508140e+06 2.998198e+02 4.022584e+04 5.158639e+07
<GCONST> 7.668215e+01
<MIXTURE> 3 5.474698e-02
<MEAN> 6
 8.888119e+01 2.376879e+02 1.987506e+03 -5.219868e+00 4.976359e+00 3.834425e+02
<VARIANCE> 6
 3.185104e+01 5.762730e+04 2.573437e+05 2.998198e+02 4.022584e+04 5.158639e+07
<GCONST> 7.197247e+01
<MIXTURE> 4 8.623154e-02
<MEAN> 6
 9.644794e+01 -2.911489e+01 3.474761e+01 -4.209522e+00 -7.145261e-01 -4.580170e+01
<VARIANCE> 6
 3.185104e+01 1.274820e+05 1.387160e+04 2.998198e+02 4.022584e+04 5.158639e+07
<GCONST> 6.984588e+01
<MIXTURE> 5 4.886725e-02
<MEAN> 6
 8.669085e+01 -7.181122e+02 -3.091095e+02 -3.373044e+00 -1.236742e+01 2.625179e+02
<VARIANCE> 6
 3.185104e+01 9.718239e+04 1.221094e+06 2.998198e+02 4.022584e+04 5.158639e+07
<GCONST> 7.405215e+01
<MIXTURE> 6 6.547866e-02
<MEAN> 6
 8.949969e+01 4.850189e+02 -1.955509e+03 -4.191799e+00 -3.719821e+00 1.283976e+02
<VARIANCE> 6
 3.185104e+01 4.476404e+05 1.043336e+05 2.998198e+02 4.022584e+04 5.158639e+07
<GCONST> 7.311964e+01
<MIXTURE> 7 8.218371e-02
<MEAN> 6
 8.543065e+01 -8.625386e+02 1.588942e+03 -4.957857e+00 -3.947804e+00 1.189846e+02
<VARIANCE> 6
 3.185104e+01 2.109950e+04 1.560163e+06 2.998198e+02 4.022584e+04 5.158639e+07
<GCONST> 7.276985e+01
<MIXTURE> 8 1.014197e-01
<MEAN> 6
 9.482182e+01 -4.347613e+02 -1.414710e+03 -4.929294e+00 -2.959142e+00 5.972163e+01
<VARIANCE> 6
 3.743004e+01 7.058820e+04 2.105052e+05 2.998198e+02 4.022584e+04 5.158639e+07
<GCONST> 7.213583e+01
<MIXTURE> 9 9.554398e-02
<MEAN> 6
 1.035756e+02 1.245991e+03 -1.133923e+03 -7.495177e+00 -4.060916e+00 3.807672e+02
<VARIANCE> 6
 4.692505e+01 2.828793e+05 1.055002e+05 2.998198e+02 4.022584e+04 5.158639e+07
<GCONST> 7.305927e+01
<MIXTURE> 10 5.322946e-02
<MEAN> 6
 9.041742e+01 -3.424800e+02 5.652948e+02 -3.688684e+00 -1.916008e+01 2.741632e+02
<VARIANCE> 6
 3.185104e+01 7.644880e+04 1.039552e+05 2.998198e+02 4.022584e+04 5.158639e+07
<GCONST> 7.134864e+01
<MIXTURE> 11 4.373216e-02
<MEAN> 6
 7.809405e+01 -8.749015e+02 -1.616657e+03 -2.865017e+00 1.356846e+00 9.144518e+01
<VARIANCE> 6
 3.185104e+01 4.113101e+04 9.736841e+04 2.998198e+02 4.022584e+04 5.158639e+07
<GCONST> 7.066332e+01
<MIXTURE> 12 8.381664e-02
<MEAN> 6
 9.211424e+01 2.517768e+02 -3.420606e+02 -3.712880e+00 2.113520e+00 1.431167e+01
<VARIANCE> 6
 3.185104e+01 1.268019e+04 2.317108e+04 2.998198e+02 4.022584e+04 5.158639e+07
<GCONST> 6.805100e+01
<MIXTURE> 13 5.567059e-02
<MEAN> 6
 9.017776e+01 3.966933e+02 -3.039411e+03 -2.612419e+00 3.476167e+00 6.287135e+01
<VARIANCE> 6
 3.185104e+01 2.210848e+04 5.022826e+05 2.998198e+02 4.022584e+04 5.158639e+07
<GCONST> 7.168318e+01
<MIXTURE> 14 4.854981e-02
<MEAN> 6
 8.921598e+01 -5.193148e+02 4.635590e+02 -3.749340e+00 -2.432313e+01 2.913447e+02
<VARIANCE> 6
 3.185104e+01 9.212645e+04 1.140341e+05 2.998198e+02 4.022584e+04 5.158639e+07
<GCONST> 7.162772e+01
<STATE> 11
<NUMMIXES> 14
<MIXTURE> 1 9.881955e-02
<MEAN> 6
 7.669351e+01 4.531310e+02 5.519408e+02 -4.193702e+00 -4.407451e+00 8.755205e+01
<VARIANCE> 6
 3.185104e+01 6.964445e+04 3.345957e+04 2.998198e+02 4.022584e+04 5.158639e+07
<GCONST> 7.012180e+01
<MIXTURE> 2 6.647951e-02
<MEAN> 6
 7.261781e+01 3.504161e+02 -3.114233e+03 -2.815598e+00 -8.814435e-02 1.567536e+01
<VARIANCE> 6
 3.185104e+01 8.949727e+04 1.432057e+06 2.998198e+02 4.022584e+04 5.158639e+07
<GCONST> 7.412914e+01
<MIXTURE> 3 3.316422e-02
<MEAN> 6
 7.914515e+01 2.273614e+03 -1.170960e+03 -1.197572e+00 6.793096e-01 1.275220e+00
<VARIANCE> 6
 3.185104e+01 1.109322e+05 1.387160e+04 2.998198e+02 4.022584e+04 5.158639e+07
<GCONST> 6.970682e+01
<MIXTURE> 4 1.119318e-01
<MEAN> 6
 7.804694e+01 4.707594e+02 -1.166746e+02 -2.258657e+00 -6.786626e+00 8.260165e+01
<VARIANCE> 6
 3.185104e+01 2.306434e+05 1.004764e+05 2.998198e+02 4.022584e+04 5.158639e+07
<GCONST> 7.241885e+01
<MIXTURE> 5 7.453028e-02
<MEAN> 6
 6.300512e+01 3.745721e+02 3.662820e+02 -1.062523e+00 3.631563e+00 2.210440e+02
<VARIANCE> 6
 3.185104e+01 3.207781e+06 4.009474e+05 2.998198e+02 4.022584e+04 5.158639e+07
<GCONST> 7.643522e+01
<MIXTURE> 6 6.691162e-02
<MEAN> 6
 7.447495e+01 -1.197463e+03 7.666368e+02 -4.576411e+00 -1.398479e+00 7.450912e+01
<VARIANCE> 6
 3.185104e+01 1.135589e+05 1.465968e+05 2.998198e+02 4.022584e+04 5.158639e+07
<GCONST> 7.208807e+01
<MIXTURE> 7 6.503342e-02
<MEAN> 6
 7.715771e+01 -3.557507e+02 -6.281599e+01 -2.307000e+00 -1.084886e+00 1.313515e+01
<VARIANCE> 6
 3.185104e+01 6.514831e+05 1.930451e+04 2.998198e+02 4.022584e+04 5.158639e+07
<GCONST> 7.180765e+01
<MIXTURE> 8 8.480012e-02
<MEAN> 6
 7.476005e+01 1.113861e+03 -3.281205e+02 -2.587192e+00 -3.427836e+00 1.212371e+02
<VARIANCE> 6
 3.185104e+01 1.573844e+05 9.703859e+04 2.998198e+02 4.022584e+04 5.158639e+07
<GCONST> 7.200186e+01
<MIXTURE> 9 7.429259e-02
<MEAN> 6
 8.062156e+01 -1.085678e+03 -6.781770e+01 -3.874054e+00 2.368628e+00 5.808207e+01
<VARIANCE> 6
 4.513456e+01 2.917807e+05 1.387160e+04 2.998198e+02 4.022584e+04 5.158639e+07
<GCONST> 7.102248e+01
<MIXTURE> 10 5.839985e-02
<MEAN> 6
 7.867944e+01 1.578676e+02 4.940434e+01 -1.998825e+00 -9.497309e+00 8.726529e+01
<VARIANCE> 6
 3.185104e+01 2.342037e+05 1.027165e+05 2.998198e+02 4.022584e+04 5.158639e+07
<GCONST> 7.245622e+01
<MIXTURE> 11 5.504787e-02
<MEAN> 6
 7.865041e+01 2.210455e+02 -2.099176e+02 -2.088202e+00 -8.220235e+00 7.813881e+01
<VARIANCE> 6
 3.185104e+01 1.742007e+05 1.355394e+05 2.998198e+02 4.022584e+04 5.158639e+07
<GCONST> 7.243753e+01
<MIXTURE> 12 7.895606e-02
<MEAN> 6
 7.532271e+01 1.143089e+03 -4.772498e+02 -2.890245e+00 -3.194670e+00 1.026532e+02
<VARIANCE> 6
 3.185104e+01 2.743589e+05 8.219891e+04 2.998198e+02 4.022584e+04 5.158639e+07
<GCONST> 7.239164e+01
<MIXTURE> 13 7.309101e-02
<MEAN> 6
 7.848616e+01 -3.406573e+01 -5.111117e+02 -2.560165e+00 -2.383661e+00 3.178934e+01
<VARIANCE> 6
 3.185104e+01 4.686216e+04 1.940966e+05 2.998198e+02 4.022584e+04 5.158639e+07
<GCONST> 7.148363e+01
<MIXTURE> 14 5.849349e-02
<MEAN> 6
 7.748524e+01 -3.958295e+01 -3.090658e+01 -2.032164e+00 -1.138929e+01 8.817208e+01
<VARIANCE> 6
 3.185104e+01 2.125142e+05 9.956662e+04 2.998198e+02 4.022584e+04 5.158639e+07
<GCONST> 7.232790e+01
<STATE> 12
<NUMMIXES> 14
<MIXTURE> 1 5.654313e-02
<MEAN> 6
 5.932412e+01 4.864568e+02 9.856801e+01 7.632489e-02 -6.830270e-01 -1.274682e+02
<VARIANCE> 6
 3.185104e+01 1.195217e+04 1.387160e+04 2.998198e+02 4.022584e+04 5.158639e+07
<GCONST> 6.747881e+01
<MIXTURE> 2 8.261518e-02
<MEAN> 6
 6.342523e+01 3.547715e+02 -1.733832e+02 7.122808e-01 -1.015891e+01 -1.429904e+02
<VARIANCE> 6
 3.185104e+01 1.195217e+04 1.387160e+04 2.998198e+02 4.022584e+04 5.158639e+07
<GCONST> 6.747881e+01
<MIXTURE> 3 6.680790e-02
<MEAN> 6
 5.716594e+01 1.037520e+02 -3.083389e+02 1.828528e-01 -3.422450e+00 -8.049246e+00
<VARIANCE> 6
 3.185104e+01 1.195217e+04 1.272142e+05 2.998198e+02 4.022584e+04 5.158639e+07
<GCONST> 6.969484e+01
<MIXTURE> 4 4.922036e-02
<MEAN> 6
 6.559729e+01 -8.574452e+02 -1.533761e+02 -3.686489e+00 1.816774e+00 2.220000e+01
<VARIANCE> 6
 3.185104e+01 3.723617e+04 1.387160e+04 2.998198e+02 4.022584e+04 5.158639e+07
<GCONST> 6.861518e+01
<MIXTURE> 5 8.731673e-02
<MEAN> 6
 6.120350e+01 1.104663e+02 1.717460e+01 1.441100e-02 -8.448603e+00 -1.587207e+02
<VARIANCE> 6
 3.185104e+01 1.195217e+04 1.387160e+04 2.998198e+02 4.022584e+04 5.158639e+07
<GCONST> 6.747881e+01
<MIXTURE> 6 7.905275e-02
<MEAN> 6
 6.042762e+01 1.491988e+01 -8.301019e+01 -9.408129e-02 -3.725597e+00 -1.489531e+02
<VARIANCE> 6
 3.185104e+01 1.195217e+04 1.387160e+04 2.998198e+02 4.022584e+04 5.158639e+07
<GCONST> 6.747881e+01
<MIXTURE> 7 7.796135e-02
<MEAN> 6
 5.446475e+01 8.507625e+02 1.039040e-01 1.342619e+00 1.829938e+00 -1.400856e+02
<VARIANCE> 6
 3.185104e+01 1.195217e+04 1.387160e+04 2.998198e+02 4.022584e+04 5.158639e+07
<GCONST> 6.747881e+01
<MIXTURE> 8 8.477389e-02
<MEAN> 6
 5.928253e+01 1.986131e+01 -1.097294e+02 6.269921e-02 -3.446276e+00 -1.462494e+02
<VARIANCE> 6
 3.185104e+01 1.195217e+04 1.387160e+04 2.998198e+02 4.022584e+04 5.158639e+07
<GCONST> 6.747881e+01
<MIXTURE> 9 5.658999e-02
<MEAN> 6
 5.946307e+01 4.917747e+02 1.048006e+02 2.501087e-01 -4.223042e-01 -1.365721e+02
<VARIANCE> 6
 3.185104e+01 1.195217e+04 1.387160e+04 2.998198e+02 4.022584e+04 5.158639e+07
<GCONST> 6.747881e+01
<MIXTURE> 10 8.281966e-02
<MEAN> 6
 6.342523e+01 3.547713e+02 -1.733831e+02 7.122793e-01 -1.015896e+01 -1.429907e+02
<VARIANCE> 6
 3.185104e+01 1.195217e+04 1.387160e+04 2.998198e+02 4.022584e+04 5.158639e+07
<GCONST> 6.747881e+01
<MIXTURE> 11 8.314095e-02
<MEAN> 6
 5.842154e+01 2.246436e+01 -1.320482e+02 2.069675e-01 -3.047391e+00 -1.407154e+02
<VARIANCE> 6
 3.185104e+01 1.195217e+04 1.387160e+04 2.998198e+02 4.022584e+04 5.158639e+07
<GCONST> 6.747881e+01
<MIXTURE> 12 8.011328e-02
<MEAN> 6
 5.906327e+01 2.014632e+01 -1.153655e+02 9.746890e-02 -3.356063e+00 -1.451081e+02
<VARIANCE> 6
 3.185104e+01 1.195217e+04 1.387160e+04 2.998198e+02 4.022584e+04 5.158639e+07
<GCONST> 6.747881e+01
<MIXTURE> 13 5.646027e-02
<MEAN> 6
 5.931030e+01 4.869215e+02 9.747161e+01 8.461233e-02 -6.126685e-01 -1.270534e+02
<VARIANCE> 6
 3.185104e+01 1.195217e+04 1.387160e+04 2.998198e+02 4.022584e+04 5.158639e+07
<GCONST> 6.747881e+01
<MIXTURE> 14 5.655173e-02
<MEAN> 6
 5.919409e+01 4.810995e+02 8.931602e+01 -7.182342e-02 -1.326916e+00 -1.241996e+02
<VARIANCE> 6
 3.185104e+01 1.195217e+04 1.387160e+04 2.998198e+02 4.022584e+04 5.158639e+07
<GCONST> 6.747881e+01
<STATE> 13
<NUMMIXES> 14
<MIXTURE> 1 1.137231e-01
<MEAN> 6
 3.325222e+01 -2.384917e+03 1.743351e+02 -3.225170e+01 -1.661011e+01 9.501577e+01
<VARIANCE> 6
 1.393212e+03 6.546954e+05 3.156342e+05 1.027523e+04 9.063495e+04 5.158639e+07
<GCONST> 8.273175e+01
<MIXTURE> 2 4.618640e-02
<MEAN> 6
 8.169476e+01 -3.888515e+03 1.489538e+03 -3.711466e+00 1.294424e+01 -3.569707e+02
<VARIANCE> 6
 3.185104e+01 7.386838e+04 2.206911e+04 2.998198e+02 4.022584e+04 5.158639e+07
<GCONST> 6.976452e+01
<MIXTURE> 3 3.479381e-02
<MEAN> 6
 9.871207e+01 -6.457793e+03 7.152548e+02 4.142356e+01 -5.079016e+02 5.838759e+02
<VARIANCE> 6
 3.185104e+01 1.073379e+06 3.826850e+04 7.857409e+02 4.022584e+04 5.158639e+07
<GCONST> 7.395470e+01
<MIXTURE> 4 9.187030e-02
<MEAN> 6
 5.498803e+00 -5.480409e+03 6.752869e+02 -1.912445e+02 1.100217e+02 2.144897e+03
<VARIANCE> 6
 6.764703e+02 8.822578e+04 5.922726e+05 9.330220e+02 8.323408e+04 7.929042e+07
<GCONST> 7.857999e+01
<MIXTURE> 5 1.108045e-01
<MEAN> 6
 5.977081e+01 -5.537095e+03 4.968773e+02 1.450745e+02 -2.568549e+02 -4.749792e+02
<VARIANCE> 6
 5.891109e+02 1.372232e+05 1.144049e+05 2.625223e+03 4.022584e+04 5.158639e+07
<GCONST> 7.711669e+01
<MIXTURE> 6 5.259084e-02
<MEAN> 6
 -1.506812e+01 -5.959446e+03 4.042843e+02 1.880711e+02 3.168567e+02 -2.379070e+03
<VARIANCE> 6
 2.510018e+02 4.358651e+05 4.232236e+04 1.107506e+03 4.188932e+04 5.158639e+07
<GCONST> 7.560229e+01
<MIXTURE> 7 8.911948e-02
<MEAN> 6
 9.194524e+01 -6.437921e+03 -6.447676e+02 -7.601305e+00 -3.362813e+00 2.324435e+02
<VARIANCE> 6
 4.148491e+01 1.003048e+07 3.118156e+06 2.998198e+02 4.022584e+04 5.158639e+07
<GCONST> 7.989070e+01
<MIXTURE> 8 6.443218e-02
<MEAN> 6
 7.727368e+01 -6.226320e+03 -1.248281e+02 -1.332289e+02 -5.197864e+02 7.683134e+02
<VARIANCE> 6
 1.833276e+02 2.202367e+05 2.126839e+04 3.043354e+03 5.081442e+04 5.158639e+07
<GCONST> 7.512139e+01
<MIXTURE> 9 5.768060e-02
<MEAN> 6
 9.102657e+01 -6.784854e+03 -5.227972e+02 -5.175356e+00 2.223330e+00 -5.768093e-01
<VARIANCE> 6
 3.185104e+01 1.195217e+04 1.387160e+04 2.998198e+02 4.022584e+04 5.158639e+07
<GCONST> 6.747881e+01
<MIXTURE> 10 6.308150e-02
<MEAN> 6
 -4.697952e+01 -5.323101e+03 5.688980e+02 -1.043952e+00 7.946832e+02 -7.611156e+02
<VARIANCE> 6
 3.185104e+01 1.614797e+05 1.543017e+05 9.533175e+03 1.002685e+05 8.111254e+07
<GCONST> 7.731662e+01
<MIXTURE> 11 6.152340e-02
<MEAN> 6
 1.002735e+02 -7.222992e+03 2.140815e+02 -7.203179e+00 -5.601553e+01 4.732648e+02
<VARIANCE> 6
 3.185104e+01 1.611577e+05 1.091631e+05 2.998198e+02 4.022584e+04 5.158639e+07
<GCONST> 7.214328e+01
<MIXTURE> 12 8.062777e-02
<MEAN> 6
 8.005347e+01 -4.387066e+03 2.438080e+02 -5.863326e+00 3.384636e+01 -3.350565e+02
<VARIANCE> 6
 3.185104e+01 1.228528e+06 1.387160e+04 2.998198e+02 4.022584e+04 5.158639e+07
<GCONST> 7.211147e+01
<MIXTURE> 13 7.385278e-02
<MEAN> 6
 -5.276226e+01 -5.577812e+03 4.092445e+02 -3.240138e+00 1.495308e+02 2.031779e+02
<VARIANCE> 6
 3.185104e+01 3.513122e+05 6.149858e+04 2.998198e+02 4.022584e+04 5.158639e+07
<GCONST> 7.234875e+01
<MIXTURE> 14 5.970596e-02
<MEAN> 6
 9.841904e+01 -7.258506e+03 4.215975e+01 -1.448692e+01 -1.420682e+02 -6.667873e+02
<VARIANCE> 6
 3.185104e+01 8.227738e+04 6.708269e+04 2.998198e+02 4.022584e+04 5.158639e+07
<GCONST> 7.098408e+01
<STATE> 14
<NUMMIXES> 14
<MIXTURE> 1 3.197961e-02
<MEAN> 6
 -4.167168e+01 6.061780e+01 5.573805e+01 -7.559805e+01 1.227666e+03 2.323623e+03
<VARIANCE> 6
 2.669343e+02 1.272727e+05 4.564674e+05 2.066974e+04 5.648980e+05 3.976139e+08
<GCONST> 8.438144e+01
<MIXTURE> 2 6.523095e-02
<MEAN> 6
 8.081774e+01 -3.524109e+02 -4.080183e+01 2.380275e+01 -8.199692e+02 -1.843384e+03
<VARIANCE> 6
 1.832693e+02 6.736712e+05 7.254302e+04 9.786526e+03 6.236967e+05 2.691503e+08
<GCONST> 8.279362e+01
<MIXTURE> 3 6.946296e-02
<MEAN> 6
 1.176669e+01 1.173116e+02 1.584014e+02 -1.925527e+02 3.978135e+01 3.398690e+03
<VARIANCE> 6
 5.147441e+02 1.424291e+05 7.613704e+04 4.383621e+03 2.284912e+05 1.012368e+08
<GCONST> 7.953568e+01
<MIXTURE> 4 1.055862e-01
<MEAN> 6
 7.021487e+01 -1.760499e+02 7.959786e+00 -7.373417e+00 -4.349577e+01 1.005714e+02
<VARIANCE> 6
 6.327521e+01 2.039772e+05 4.376806e+04 2.998198e+02 4.022584e+04 5.158639e+07
<GCONST> 7.215140e+01
<MIXTURE> 5 5.675338e-02
<MEAN> 6
 -1.415283e+01 -1.887500e+01 5.108450e+01 2.302618e+01 1.520350e+02 -8.733707e+01
<VARIANCE> 6
 1.548507e+02 4.902102e+04 1.599096e+04 1.665437e+04 5.914320e+04 5.158639e+07
<GCONST> 7.501642e+01
<MIXTURE> 6 6.131537e-02
<MEAN> 6
 6.043227e+01 -9.917464e-01 1.434398e+01 6.671838e+01 -2.671453e+02 1.813549e+02
<VARIANCE> 6
 1.026343e+02 9.653301e+04 5.897538e+04 6.129612e+03 5.993477e+04 5.158639e+07
<GCONST> 7.560162e+01
<MIXTURE> 7 5.827441e-02
<MEAN> 6
 1.695438e+01 7.601409e+01 6.802061e+01 2.165492e+02 -2.208650e+02 -3.436595e+03
<VARIANCE> 6
 4.978762e+02 7.695717e+04 9.035421e+04 3.196151e+03 1.603340e+05 8.840677e+07
<GCONST> 7.825229e+01
<MIXTURE> 8 8.779338e-02
<MEAN> 6
 -4.631050e+01 2.979105e+01 -3.702205e+01 2.426604e+01 9.610934e+02 -5.176486e+02
<VARIANCE> 6
 9.607459e+01 6.828861e+04 3.722886e+04 1.248843e+04 1.630711e+05 8.108898e+07
<GCONST> 7.689428e+01
<MIXTURE> 9 9.927416e-02
<MEAN> 6
 6.138192e+01 4.272953e+01 2.959556e+01 -9.884203e+01 -6.917380e+02 5.683742e+02
<VARIANCE> 6
 2.180944e+02 1.244471e+05 1.400516e+04 9.344851e+03 1.690866e+05 5.158639e+07
<GCONST> 7.663052e+01
<MIXTURE> 10 9.941069e-02
<MEAN> 6
 2.064896e+01 -1.483062e+02 -5.564759e+01 1.382230e+02 -2.729805e+01 -3.695217e+02
<VARIANCE> 6
 3.953527e+02 1.274176e+05 6.196744e+04 1.432179e+03 4.690978e+04 5.158639e+07
<GCONST> 7.557833e+01
<MIXTURE> 11 4.969375e-02
<MEAN> 6
 -2.396817e+01 -6.420736e+01 -2.196203e+01 5.681025e+01 3.144985e+02 -6.444443e+03
<VARIANCE> 6
 6.046686e+01 7.495462e+04 2.376820e+04 2.223510e+04 1.556260e+05 1.072305e+08
<GCONST> 7.688523e+01
<MIXTURE> 12 8.166622e-02
<MEAN> 6
 -3.948428e+01 1.340349e+01 -1.102590e+02 1.333878e+01 2.806751e+02 -2.788172e+01
<VARIANCE> 6
 1.491817e+02 7.439994e+04 7.683384e+04 2.072344e+03 5.852153e+04 5.158639e+07
<GCONST> 7.487139e+01
<MIXTURE> 13 7.371054e-02
<MEAN> 6
 5.067833e+00 -1.846467e+01 3.938453e+01 -2.066447e+02 8.954372e+01 5.721310e+03
<VARIANCE> 6
 6.106024e+02 7.725905e+04 2.159144e+04 4.041351e+03 2.890013e+05 2.072124e+08
<GCONST> 7.870445e+01
<MIXTURE> 14 5.965831e-02
<MEAN> 6
 5.812268e+01 -1.273021e+02 -9.698938e+01 4.235830e+01 -3.407278e+02 -8.513719e+02
<VARIANCE> 6
 9.597922e+01 8.677338e+04 7.746324e+04 8.262354e+03 5.959782e+04 5.158639e+07
<GCONST> 7.599361e+01
<TRANSP> 15
 0.000000e+00 1.000000e+00 0.000000e+00 0.000000e+00 0.000000e+00 0.000000e+00 0.000000e+00 0.000000e+00 0.000000e+00 0.000000e+00 0.000000e+00 0.000000e+00 0.000000e+00 0.000000e+00 0.000000e+00
 0.000000e+00 9.985815e-01 1.418561e-03 0.000000e+00 0.000000e+00 0.000000e+00 0.000000e+00 0.000000e+00 0.000000e+00 0.000000e+00 0.000000e+00 0.000000e+00 0.000000e+00 0.000000e+00 0.000000e+00
 0.000000e+00 0.000000e+00 9.991534e-01 8.465240e-04 0.000000e+00 0.000000e+00 0.000000e+00 0.000000e+00 0.000000e+00 0.000000e+00 0.000000e+00 0.000000e+00 0.000000e+00 0.000000e+00 0.000000e+00
 0.000000e+00 0.000000e+00 0.000000e+00 9.977793e-01 2.220791e-03 0.000000e+00 0.000000e+00 0.000000e+00 0.000000e+00 0.000000e+00 0.000000e+00 0.000000e+00 0.000000e+00 0.000000e+00 0.000000e+00
 0.000000e+00 0.000000e+00 0.000000e+00 0.000000e+00 9.988583e-01 1.141721e-03 0.000000e+00 0.000000e+00 0.000000e+00 0.000000e+00 0.000000e+00 0.000000e+00 0.000000e+00 0.000000e+00 0.000000e+00
 0.000000e+00 0.000000e+00 0.000000e+00 0.000000e+00 0.000000e+00 9.996631e-01 3.369026e-04 0.000000e+00 0.000000e+00 0.000000e+00 0.000000e+00 0.000000e+00 0.000000e+00 0.000000e+00 0.000000e+00
 0.000000e+00 0.000000e+00 0.000000e+00 0.000000e+00 0.000000e+00 0.000000e+00 9.991021e-01 8.978856e-04 0.000000e+00 0.000000e+00 0.000000e+00 0.000000e+00 0.000000e+00 0.000000e+00 0.000000e+00
 0.000000e+00 0.000000e+00 0.000000e+00 0.000000e+00 0.000000e+00 0.000000e+00 0.000000e+00 9.999106e-01 8.939541e-05 0.000000e+00 0.000000e+00 0.000000e+00 0.000000e+00 0.000000e+00 0.000000e+00
 0.000000e+00 0.000000e+00 0.000000e+00 0.000000e+00 0.000000e+00 0.000000e+00 0.000000e+00 0.000000e+00 9.980500e-01 1.950061e-03 0.000000e+00 0.000000e+00 0.000000e+00 0.000000e+00 0.000000e+00
 0.000000e+00 0.000000e+00 0.000000e+00 0.000000e+00 0.000000e+00 0.000000e+00 0.000000e+00 0.000000e+00 0.000000e+00 9.989084e-01 1.091644e-03 0.000000e+00 0.000000e+00 0.000000e+00 0.000000e+00
 0.000000e+00 0.000000e+00 0.000000e+00 0.000000e+00 0.000000e+00 0.000000e+00 0.000000e+00 0.000000e+00 0.000000e+00 0.000000e+00 9.989455e-01 1.054567e-03 0.000000e+00 0.000000e+00 0.000000e+00
 0.000000e+00 0.000000e+00 0.000000e+00 0.000000e+00 0.000000e+00 0.000000e+00 0.000000e+00 0.000000e+00 0.000000e+00 0.000000e+00 0.000000e+00 9.985659e-01 1.434133e-03 0.000000e+00 0.000000e+00
 0.000000e+00 0.000000e+00 0.000000e+00 0.000000e+00 0.000000e+00 0.000000e+00 0.000000e+00 0.000000e+00 0.000000e+00 0.000000e+00 0.000000e+00 0.000000e+00 9.969308e-01 3.069205e-03 0.000000e+00
 0.000000e+00 0.000000e+00 0.000000e+00 0.000000e+00 0.000000e+00 0.000000e+00 0.000000e+00 0.000000e+00 0.000000e+00 0.000000e+00 0.000000e+00 0.000000e+00 0.000000e+00 9.998183e-01 1.817288e-04
 0.000000e+00 0.000000e+00 0.000000e+00 0.000000e+00 0.000000e+00 0.000000e+00 0.000000e+00 0.000000e+00 0.000000e+00 0.000000e+00 0.000000e+00 0.000000e+00 0.000000e+00 0.000000e+00 0.000000e+00
<ENDHMM>
~h "QuintoPRIMARIA"
<BEGINHMM>
<NUMSTATES> 15
<STATE> 2
<NUMMIXES> 14
<MIXTURE> 1 6.292365e-02
<MEAN> 6
 9.090001e+01 4.248450e+02 6.709161e+02 -3.725435e+00 -3.397677e+01 -1.247946e+02
<VARIANCE> 6
 1.088030e+02 1.632362e+05 4.343596e+06 2.998198e+02 4.022584e+04 5.158639e+07
<GCONST> 7.706818e+01
<MIXTURE> 2 6.174889e-02
<MEAN> 6
 5.028567e+01 -9.411501e+01 6.803391e+02 9.335700e+01 -3.829397e+02 3.431223e+02
<VARIANCE> 6
 4.307733e+02 2.997250e+05 2.360189e+06 1.825809e+04 8.377244e+04 5.158639e+07
<GCONST> 8.328471e+01
<MIXTURE> 3 6.496235e-02
<MEAN> 6
 -5.925889e+00 -2.834545e+02 4.682141e+02 2.651950e+02 2.323636e+02 -6.263580e+03
<VARIANCE> 6
 3.784001e+02 3.618824e+05 2.295699e+06 3.986735e+03 2.526345e+05 5.158639e+07
<GCONST> 8.289803e+01
<MIXTURE> 4 5.187877e-02
<MEAN> 6
 3.185771e+01 4.052006e+02 -1.276911e+03 -5.581481e+01 -3.947501e+02 2.980419e+03
<VARIANCE> 6
 3.229574e+03 3.491796e+06 1.121887e+07 6.015196e+04 3.385278e+06 1.630402e+09
<GCONST> 9.765807e+01
<MIXTURE> 5 7.987358e-02
<MEAN> 6
 -6.864980e+01 1.188894e+02 -2.226040e+02 6.781143e-02 1.554957e+02 8.084238e+01
<VARIANCE> 6
 8.821944e+01 5.817526e+05 2.271025e+06 5.638820e+02 6.405579e+04 5.158639e+07
<GCONST> 7.857776e+01
<MIXTURE> 6 1.148296e-01
<MEAN> 6
 -5.386198e+01 -1.580170e+02 -3.882702e+01 7.832063e+01 6.494409e+02 -5.416545e+01
<VARIANCE> 6
 2.485019e+02 2.175797e+05 1.822665e+06 1.078629e+04 1.661492e+05 5.158639e+07
<GCONST> 8.231428e+01
<MIXTURE> 7 3.920310e-02
<MEAN> 6
 7.849469e+01 2.862589e+01 -1.139802e+02 -9.297070e-01 -3.725693e+01 -1.906100e+02
<VARIANCE> 6
 1.426056e+02 1.956955e+06 1.206823e+06 2.998198e+02 4.022584e+04 5.158639e+07
<GCONST> 7.854196e+01
<MIXTURE> 8 8.490594e-02
<MEAN> 6
 3.075175e-01 -1.398827e+02 -5.614999e+02 -2.575462e+02 -6.387524e+01 4.530920e+03
<VARIANCE> 6
 6.374021e+02 3.532575e+05 6.541544e+06 7.605560e+03 3.680737e+05 1.785359e+08
<GCONST> 8.670627e+01
<MIXTURE> 9 9.178347e-02
<MEAN> 6
 6.141985e+01 -5.496199e+02 -3.437431e+02 2.106483e+00 -2.179433e+01 -1.171864e+02
<VARIANCE> 6
 1.263280e+02 1.919333e+05 1.295380e+06 2.998198e+02 4.022584e+04 5.158639e+07
<GCONST> 7.616958e+01
<MIXTURE> 10 6.190887e-02
<MEAN> 6
 5.847366e+01 4.018556e+02 -1.084733e+03 1.328450e+00 -1.983216e+01 -1.004935e+02
<VARIANCE> 6
 5.531306e+01 1.006869e+05 8.017230e+06 2.998198e+02 4.022584e+04 5.158639e+07
<GCONST> 7.652136e+01
<MIXTURE> 11 1.019198e-01
<MEAN> 6
 7.638927e+01 1.918007e+01 -2.755921e+02 -4.285678e+01 -8.915016e+02 -6.661770e+02
<VARIANCE> 6
 3.565001e+02 5.800429e+05 4.148864e+06 2.458999e+04 3.989980e+05 1.912553e+08
<GCONST> 8.748873e+01
<MIXTURE> 12 5.317490e-02
<MEAN> 6
 -5.753022e+01 -2.719432e+02 -8.151898e+02 -1.212852e+02 1.460908e+03 3.645655e+02
<VARIANCE> 6
 2.189050e+02 2.282444e+05 3.536378e+06 1.904487e+04 7.558246e+05 5.564437e+08
<GCONST> 8.735989e+01
<MIXTURE> 13 6.696343e-02
<MEAN> 6
 8.240425e+01 -1.304665e+01 1.555787e+03 1.634463e-01 -3.650042e+01 -2.687677e+02
<VARIANCE> 6
 7.867274e+01 2.446478e+05 3.282680e+06 2.998198e+02 4.022584e+04 5.158639e+07
<GCONST> 7.686852e+01
<MIXTURE> 14 6.362753e-02
<MEAN> 6
 4.497070e+01 -2.853129e+02 2.019182e+02 6.415520e+01 -4.720683e+02 -8.879087e+02
<VARIANCE> 6
 4.215706e+02 2.482749e+05 2.093440e+06 2.657232e+04 9.032781e+04 5.158639e+07
<GCONST> 8.340545e+01
<STATE> 3
<NUMMIXES> 14
<MIXTURE> 1 6.813931e-02
<MEAN> 6
 5.370934e+01 2.782584e+02 -1.808608e+02 -1.093647e-01 -3.976226e-01 -6.121247e+00
<VARIANCE> 6
 3.185104e+01 1.195217e+04 1.387160e+04 2.998198e+02 4.022584e+04 5.158639e+07
<GCONST> 6.747881e+01
<MIXTURE> 2 7.242822e-02
<MEAN> 6
 6.381256e+01 1.400272e+02 -6.019098e+02 -3.825032e-01 -4.886705e+00 -9.912838e+01
<VARIANCE> 6
 3.185104e+01 1.195217e+04 4.482958e+04 2.998198e+02 4.022584e+04 5.158639e+07
<GCONST> 6.865184e+01
<MIXTURE> 3 5.256929e-02
<MEAN> 6
 7.083076e+01 -1.457049e+02 -1.666348e+02 -2.418684e-01 -4.700467e+00 3.835705e+00
<VARIANCE> 6
 4.643894e+01 1.195217e+04 1.387160e+04 2.998198e+02 4.022584e+04 5.158639e+07
<GCONST> 6.785588e+01
<MIXTURE> 4 6.546269e-02
<MEAN> 6
 6.364045e+01 -4.624496e+01 -4.003755e+02 5.635397e-02 -2.965555e+00 -8.977184e+01
<VARIANCE> 6
 3.185104e+01 1.195217e+04 1.387160e+04 2.998198e+02 4.022584e+04 5.158639e+07
<GCONST> 6.747881e+01
<MIXTURE> 5 8.635891e-02
<MEAN> 6
 6.213678e+01 -2.160433e+02 -2.653089e+02 1.147954e-01 -3.735365e+00 -1.128050e+02
<VARIANCE> 6
 3.185104e+01 1.195217e+04 1.387160e+04 2.998198e+02 4.022584e+04 5.158639e+07
<GCONST> 6.747881e+01
<MIXTURE> 6 6.869212e-02
<MEAN> 6
 6.170771e+01 -1.710599e+02 -6.791934e+02 -6.448615e-01 -3.370062e+00 -1.352904e+02
<VARIANCE> 6
 3.185104e+01 1.195217e+04 1.387160e+04 2.998198e+02 4.022584e+04 5.158639e+07
<GCONST> 6.747881e+01
<MIXTURE> 7 9.273079e-02
<MEAN> 6
 5.540648e+01 -4.689044e+01 -7.667149e+01 4.042588e-02 -6.528400e+00 -1.946742e+02
<VARIANCE> 6
 3.185104e+01 1.195217e+04 1.387160e+04 2.998198e+02 4.022584e+04 5.158639e+07
<GCONST> 6.747881e+01
<MIXTURE> 8 9.172473e-02
<MEAN> 6
 6.204465e+01 -2.181354e+02 -2.643375e+02 1.089895e-01 -3.728254e+00 -1.121434e+02
<VARIANCE> 6
 3.185104e+01 1.195217e+04 1.387160e+04 2.998198e+02 4.022584e+04 5.158639e+07
<GCONST> 6.747881e+01
<MIXTURE> 9 6.316347e-02
<MEAN> 6
 6.361673e+01 -4.886616e+01 -3.974977e+02 7.022993e-02 -2.970356e+00 -9.076324e+01
<VARIANCE> 6
 3.185104e+01 1.195217e+04 1.387160e+04 2.998198e+02 4.022584e+04 5.158639e+07
<GCONST> 6.747881e+01
<MIXTURE> 10 6.912709e-02
<MEAN> 6
 6.170765e+01 -1.710637e+02 -6.792008e+02 -6.448884e-01 -3.369189e+00 -1.352864e+02
<VARIANCE> 6
 3.185104e+01 1.195217e+04 1.387160e+04 2.998198e+02 4.022584e+04 5.158639e+07
<GCONST> 6.747881e+01
<MIXTURE> 11 8.898511e-02
<MEAN> 6
 5.616046e+01 -9.916774e+01 -8.761559e+01 2.159279e-01 -4.467119e+00 -1.510255e+02
<VARIANCE> 6
 3.185104e+01 1.272678e+04 1.387160e+04 2.998198e+02 4.022584e+04 5.158639e+07
<GCONST> 6.754161e+01
<MIXTURE> 12 6.632801e-02
<MEAN> 6
 6.344394e+01 -6.711806e+01 -3.997527e+02 8.294991e-02 -2.923920e+00 -8.865714e+01
<VARIANCE> 6
 3.185104e+01 1.195217e+04 1.387160e+04 2.998198e+02 4.022584e+04 5.158639e+07
<GCONST> 6.747881e+01
<MIXTURE> 13 6.295579e-02
<MEAN> 6
 6.335675e+01 -7.583557e+01 -4.025490e+02 7.367089e-02 -2.923628e+00 -8.691257e+01
<VARIANCE> 6
 3.185104e+01 1.195217e+04 1.387160e+04 2.998198e+02 4.022584e+04 5.158639e+07
<GCONST> 6.747881e+01
<MIXTURE> 14 5.129541e-02
<MEAN> 6
 6.800498e+01 -1.863871e+02 -1.903008e+02 -1.101489e-01 -7.691041e+00 -5.247325e+01
<VARIANCE> 6
 7.718910e+01 1.195217e+04 1.387160e+04 2.998198e+02 4.022584e+04 5.158639e+07
<GCONST> 6.836400e+01
<STATE> 4
<NUMMIXES> 14
<MIXTURE> 1 1.309290e-02
<MEAN> 6
 9.555632e+01 2.919441e+02 1.512400e+03 1.523798e+01 2.595664e+02 -4.495902e+03
<VARIANCE> 6
 4.901272e+02 1.136116e+05 3.617170e+06 1.262893e+03 5.435004e+05 3.839660e+08
<GCONST> 8.407668e+01
<MIXTURE> 2 7.589014e-02
<MEAN> 6
 8.465497e+01 -4.274360e+02 1.436842e+03 -3.945461e+00 1.265508e+00 8.594193e+00
<VARIANCE> 6
 3.185104e+01 1.195217e+04 1.387160e+04 2.998198e+02 4.022584e+04 5.158639e+07
<GCONST> 6.747881e+01
<MIXTURE> 3 5.808480e-02
<MEAN> 6
 7.933511e+01 -6.897904e+02 3.063899e+03 -1.486201e+00 -9.777545e-01 -4.250715e+01
<VARIANCE> 6
 3.185104e+01 1.835846e+04 4.689924e+04 2.998198e+02 4.022584e+04 5.158639e+07
<GCONST> 6.912615e+01
<MIXTURE> 4 5.311431e-02
<MEAN> 6
 7.457915e+01 -4.360556e+02 1.097481e+03 3.856213e-02 -1.797662e-01 -6.916667e+00
<VARIANCE> 6
 3.185104e+01 1.195217e+04 1.387160e+04 2.998198e+02 4.022584e+04 5.158639e+07
<GCONST> 6.747881e+01
<MIXTURE> 5 6.366751e-02
<MEAN> 6
 1.000907e+02 -4.138548e+01 3.390339e+03 -4.781397e+00 7.916912e-01 9.219135e+00
<VARIANCE> 6
 3.185104e+01 1.195217e+04 1.387160e+04 2.998198e+02 4.022584e+04 5.158639e+07
<GCONST> 6.747881e+01
<MIXTURE> 6 6.330532e-02
<MEAN> 6
 5.958039e+01 -2.292774e+02 8.755599e+02 -3.977720e-01 -7.103938e+00 -8.884300e+01
<VARIANCE> 6
 3.185104e+01 1.195217e+04 1.387160e+04 2.998198e+02 4.022584e+04 5.158639e+07
<GCONST> 6.747881e+01
<MIXTURE> 7 1.058452e-01
<MEAN> 6
 7.433060e+01 -4.198761e+02 8.848520e+02 -7.085170e-01 -8.288608e+00 -9.055325e+01
<VARIANCE> 6
 3.185104e+01 1.195217e+04 1.387160e+04 2.998198e+02 4.022584e+04 5.158639e+07
<GCONST> 6.747881e+01
<MIXTURE> 8 9.222994e-02
<MEAN> 6
 9.215311e+01 5.172365e+02 2.079775e+03 5.504884e-02 -4.984329e+00 -5.759261e+01
<VARIANCE> 6
 3.185104e+01 1.380747e+04 1.959531e+04 2.998198e+02 4.022584e+04 5.158639e+07
<GCONST> 6.796856e+01
<MIXTURE> 9 1.063049e-01
<MEAN> 6
 6.840161e+01 2.696866e-01 3.010316e+03 -7.616962e+00 8.131459e+00 3.793369e+02
<VARIANCE> 6
 3.948172e+02 2.218757e+04 1.298260e+05 2.998198e+02 4.022584e+04 5.158639e+07
<GCONST> 7.285114e+01
<MIXTURE> 10 1.053665e-01
<MEAN> 6
 7.433061e+01 -4.198813e+02 8.848169e+02 -7.089633e-01 -8.294181e+00 -9.061454e+01
<VARIANCE> 6
 3.185104e+01 1.195217e+04 1.387160e+04 2.998198e+02 4.022584e+04 5.158639e+07
<GCONST> 6.747881e+01
<MIXTURE> 11 9.174364e-02
<MEAN> 6
 9.167631e+01 3.079438e+02 2.827152e+03 -4.212667e+00 -5.558820e+00 3.950524e+02
<VARIANCE> 6
 3.185104e+01 1.195217e+04 3.403337e+05 2.998198e+02 4.022584e+04 5.158639e+07
<GCONST> 7.067889e+01
<MIXTURE> 12 4.859614e-02
<MEAN> 6
 7.448965e+01 -4.248361e+02 9.804887e+02 -2.723640e-01 -2.969381e+00 -3.439229e+01
<VARIANCE> 6
 3.185104e+01 1.195217e+04 1.860109e+04 2.998198e+02 4.022584e+04 5.158639e+07
<GCONST> 6.777219e+01
<MIXTURE> 13 6.404342e-02
<MEAN> 6
 5.955780e+01 -2.295433e+02 8.756637e+02 -3.991063e-01 -7.116511e+00 -8.902656e+01
<VARIANCE> 6
 3.185104e+01 1.195217e+04 1.387160e+04 2.998198e+02 4.022584e+04 5.158639e+07
<GCONST> 6.747881e+01
<MIXTURE> 14 5.870954e-02
<MEAN> 6
 7.705895e+01 -7.671837e+02 3.189868e+03 -1.762989e+00 9.762830e-02 -1.675192e+01
<VARIANCE> 6
 3.185104e+01 1.365151e+04 3.916005e+04 2.998198e+02 4.022584e+04 5.158639e+07
<GCONST> 6.864957e+01
<STATE> 5
<NUMMIXES> 14
<MIXTURE> 1 5.291487e-02
<MEAN> 6
 5.516190e+01 -1.099713e+03 5.421144e+02 1.110864e+01 -1.508365e+01 2.049797e+01
<VARIANCE> 6
 6.038903e+01 1.195217e+04 1.387160e+04 2.998198e+02 4.022584e+04 5.158639e+07
<GCONST> 6.811855e+01
<MIXTURE> 2 5.097707e-02
<MEAN> 6
 7.273108e+01 -8.558702e+02 3.758109e+01 9.848396e-01 1.208865e+00 -7.920464e+01
<VARIANCE> 6
 3.185104e+01 1.195217e+04 1.387160e+04 2.998198e+02 4.022584e+04 5.158639e+07
<GCONST> 6.747881e+01
<MIXTURE> 3 8.116221e-02
<MEAN> 6
 3.471536e+01 -5.232844e+02 1.130209e+02 1.148941e+01 -5.692738e-01 -2.402378e+02
<VARIANCE> 6
 8.855399e+01 3.552804e+04 9.188903e+04 2.998198e+02 4.022584e+04 5.158639e+07
<GCONST> 7.148151e+01
<MIXTURE> 4 7.127681e-02
<MEAN> 6
 7.059801e+01 -9.983216e+02 -4.363557e+02 2.444233e-01 -7.863070e+00 -4.611109e+01
<VARIANCE> 6
 3.185104e+01 1.227025e+04 1.387160e+04 2.998198e+02 4.022584e+04 5.158639e+07
<GCONST> 6.750508e+01
<MIXTURE> 5 5.894242e-02
<MEAN> 6
 7.030441e+01 -3.280429e+02 -5.868284e+02 -2.400253e-01 -2.201754e+01 -9.694124e+01
<VARIANCE> 6
 3.185104e+01 1.195217e+04 1.387160e+04 2.998198e+02 4.022584e+04 5.158639e+07
<GCONST> 6.747881e+01
<MIXTURE> 6 5.879848e-02
<MEAN> 6
 7.134399e+01 -1.311620e+03 -4.824210e+01 7.356730e-01 -8.439647e+00 -3.110623e+02
<VARIANCE> 6
 3.185104e+01 1.195217e+04 1.387160e+04 2.998198e+02 4.022584e+04 5.158639e+07
<GCONST> 6.747881e+01
<MIXTURE> 7 5.615049e-02
<MEAN> 6
 7.139198e+01 -1.549447e+03 -6.912515e+02 -1.047791e+00 1.649752e+00 -4.818089e+01
<VARIANCE> 6
 3.185104e+01 2.991314e+04 1.387160e+04 2.998198e+02 4.022584e+04 5.158639e+07
<GCONST> 6.839620e+01
<MIXTURE> 8 1.068355e-01
<MEAN> 6
 7.341993e+01 -7.808672e+02 -4.567683e+01 4.048354e-01 -1.376896e+00 -7.304610e+01
<VARIANCE> 6
 3.185104e+01 1.195217e+04 1.387160e+04 2.998198e+02 4.022584e+04 5.158639e+07
<GCONST> 6.747881e+01
<MIXTURE> 9 8.680636e-02
<MEAN> 6
 7.036103e+01 -6.332810e+02 -5.813593e+02 -5.256045e-01 -2.306820e+01 7.307732e+01
<VARIANCE> 6
 3.185104e+01 9.892563e+04 1.387160e+04 2.998198e+02 4.022584e+04 5.158639e+07
<GCONST> 6.959227e+01
<MIXTURE> 10 1.053880e-01
<MEAN> 6
 7.341765e+01 -7.810634e+02 -4.541838e+01 4.062158e-01 -1.358817e+00 -7.334177e+01
<VARIANCE> 6
 3.185104e+01 1.195217e+04 1.387160e+04 2.998198e+02 4.022584e+04 5.158639e+07
<GCONST> 6.747881e+01
<MIXTURE> 11 5.769354e-02
<MEAN> 6
 7.178106e+01 -9.600726e+02 1.145172e+02 8.672667e-01 4.224474e+00 1.266796e+02
<VARIANCE> 6
 3.185104e+01 1.195217e+04 1.387160e+04 2.998198e+02 4.022584e+04 5.158639e+07
<GCONST> 6.747881e+01
<MIXTURE> 12 8.171076e-02
<MEAN> 6
 7.050968e+01 -1.136031e+03 -3.428084e+02 1.723718e+00 -1.645295e+01 -4.756512e+01
<VARIANCE> 6
 3.185104e+01 1.195217e+04 1.387160e+04 2.998198e+02 4.022584e+04 5.158639e+07
<GCONST> 6.747881e+01
<MIXTURE> 13 7.236253e-02
<MEAN> 6
 6.192377e+01 -1.118021e+03 4.345924e+02 1.319250e+00 -3.031305e+00 2.796612e+01
<VARIANCE> 6
 3.185104e+01 1.195217e+04 1.387160e+04 2.998198e+02 4.022584e+04 5.158639e+07
<GCONST> 6.747881e+01
<MIXTURE> 14 5.895619e-02
<MEAN> 6
 7.022038e+01 -3.575049e+02 -5.841312e+02 -5.343350e-01 -2.016507e+01 -3.647857e+01
<VARIANCE> 6
 3.185104e+01 1.195217e+04 1.387160e+04 2.998198e+02 4.022584e+04 5.158639e+07
<GCONST> 6.747881e+01
<STATE> 6
<NUMMIXES> 14
<MIXTURE> 1 7.387248e-02
<MEAN> 6
 7.419036e+01 2.029035e+02 7.211983e+02 1.808796e+00 -1.121659e+00 -1.507277e+02
<VARIANCE> 6
 3.185104e+01 1.195217e+04 1.387160e+04 2.998198e+02 4.022584e+04 5.158639e+07
<GCONST> 6.747881e+01
<MIXTURE> 2 6.316882e-02
<MEAN> 6
 7.338735e+01 1.838305e+02 4.665312e+01 1.537866e+00 -2.791412e+00 -2.242054e+02
<VARIANCE> 6
 3.185104e+01 1.195217e+04 1.387160e+04 2.998198e+02 4.022584e+04 5.158639e+07
<GCONST> 6.747881e+01
<MIXTURE> 3 8.589160e-02
<MEAN> 6
 5.517398e+01 4.717888e+00 4.257543e+02 -9.318543e-02 -1.391675e+00 -1.149650e+02
<VARIANCE> 6
 3.185104e+01 1.195217e+04 1.387160e+04 2.998198e+02 4.022584e+04 5.158639e+07
<GCONST> 6.747881e+01
<MIXTURE> 4 9.874513e-02
<MEAN> 6
 6.084699e+01 1.475764e+02 7.178035e+01 9.827726e-01 -2.176144e+00 -2.403164e+02
<VARIANCE> 6
 3.185104e+01 1.195217e+04 1.387160e+04 2.998198e+02 4.022584e+04 5.158639e+07
<GCONST> 6.747881e+01
<MIXTURE> 5 1.615332e-02
<MEAN> 6
 7.317923e+01 1.483452e+02 3.074756e+00 -5.151773e+01 -4.012749e+01 5.071117e+03
<VARIANCE> 6
 2.840784e+02 1.073705e+05 1.769612e+05 1.577742e+03 6.369680e+05 2.107397e+08
<GCONST> 8.023860e+01
<MIXTURE> 6 9.379157e-02
<MEAN> 6
 5.696457e+01 4.066373e+01 2.906074e+02 4.473263e-01 -1.817104e+00 -1.569628e+02
<VARIANCE> 6
 3.185104e+01 1.195217e+04 1.387160e+04 2.998198e+02 4.022584e+04 5.158639e+07
<GCONST> 6.747881e+01
<MIXTURE> 7 7.575414e-02
<MEAN> 6
 6.240537e+01 -9.926676e+01 1.685365e+02 -5.609654e-01 -1.110243e+01 -1.722878e+02
<VARIANCE> 6
 3.185104e+01 1.195217e+04 1.387160e+04 2.998198e+02 4.022584e+04 5.158639e+07
<GCONST> 6.747881e+01
<MIXTURE> 8 6.313374e-02
<MEAN> 6
 7.364371e+01 1.901311e+02 4.704488e+01 1.681314e+00 -9.783025e-01 -2.470162e+02
<VARIANCE> 6
 3.185104e+01 1.195217e+04 1.387160e+04 2.998198e+02 4.022584e+04 5.158639e+07
<GCONST> 6.747881e+01
<MIXTURE> 9 8.333851e-02
<MEAN> 6
 5.562630e+01 1.430282e+01 3.989131e+02 -4.050110e-02 -1.219569e+00 -1.151314e+02
<VARIANCE> 6
 3.185104e+01 1.195217e+04 1.387160e+04 2.998198e+02 4.022584e+04 5.158639e+07
<GCONST> 6.747881e+01
<MIXTURE> 10 7.383211e-02
<MEAN> 6
 6.069600e+01 -6.828300e+01 1.581600e+02 -7.723446e-02 -1.032370e+01 -2.233366e+02
<VARIANCE> 6
 3.185104e+01 1.195217e+04 1.387160e+04 2.998198e+02 4.022584e+04 5.158639e+07
<GCONST> 6.747881e+01
<MIXTURE> 11 8.794735e-02
<MEAN> 6
 5.733776e+01 8.884045e+00 2.108423e+02 9.542524e-01 -4.626914e+00 -2.398547e+02
<VARIANCE> 6
 3.185104e+01 1.195217e+04 1.387160e+04 2.998198e+02 4.022584e+04 5.158639e+07
<GCONST> 6.747881e+01
<MIXTURE> 12 5.786468e-02
<MEAN> 6
 7.871669e+01 4.380600e+00 4.991492e+02 -1.462507e+00 6.359237e-01 -2.028871e+02
<VARIANCE> 6
 3.185104e+01 1.195217e+04 1.387160e+04 2.998198e+02 4.022584e+04 5.158639e+07
<GCONST> 6.747881e+01
<MIXTURE> 13 6.321932e-02
<MEAN> 6
 7.347408e+01 1.803852e+02 4.690924e+01 1.568594e+00 -3.226893e+00 -2.290798e+02
<VARIANCE> 6
 3.185104e+01 1.195217e+04 1.387160e+04 2.998198e+02 4.022584e+04 5.158639e+07
<GCONST> 6.747881e+01
<MIXTURE> 14 6.320858e-02
<MEAN> 6
 7.312370e+01 1.737069e+02 4.688637e+01 1.479167e+00 -5.034691e+00 -2.216407e+02
<VARIANCE> 6
 3.185104e+01 1.195217e+04 1.387160e+04 2.998198e+02 4.022584e+04 5.158639e+07
<GCONST> 6.747881e+01
<STATE> 7
<NUMMIXES> 14
<MIXTURE> 1 7.333694e-02
<MEAN> 6
 9.949293e+01 -5.005824e+02 -5.429916e+02 -1.418708e+00 -1.999653e+00 -5.022565e+01
<VARIANCE> 6
 3.295711e+01 1.195217e+04 1.387160e+04 2.998198e+02 4.022584e+04 5.158639e+07
<GCONST> 6.751295e+01
<MIXTURE> 2 9.629374e-02
<MEAN> 6
 6.995583e+01 4.698833e+02 -2.222832e+02 -1.012145e+00 -7.735504e+00 -9.528347e+01
<VARIANCE> 6
 3.185104e+01 1.195217e+04 1.387160e+04 2.998198e+02 4.022584e+04 5.158639e+07
<GCONST> 6.747881e+01
<MIXTURE> 3 6.966007e-02
<MEAN> 6
 7.802355e+01 6.493198e+02 -8.610350e+02 -9.525530e-01 -2.355394e+00 3.003721e+00
<VARIANCE> 6
 3.185104e+01 1.195217e+04 1.387160e+04 2.998198e+02 4.022584e+04 5.158639e+07
<GCONST> 6.747881e+01
<MIXTURE> 4 6.443400e-02
<MEAN> 6
 6.700972e+01 2.520827e+02 -2.307711e+02 -6.917057e-01 -3.318138e+00 -3.342359e+02
<VARIANCE> 6
 3.185104e+01 1.195217e+04 1.387160e+04 2.998198e+02 4.022584e+04 5.158639e+07
<GCONST> 6.747881e+01
<MIXTURE> 5 7.118908e-02
<MEAN> 6
 6.474650e+01 4.773076e+02 -8.603954e+02 -8.401325e-01 -2.380272e+00 -5.423593e+00
<VARIANCE> 6
 3.185104e+01 1.195217e+04 1.387160e+04 2.998198e+02 4.022584e+04 5.158639e+07
<GCONST> 6.747881e+01
<MIXTURE> 6 1.881723e-03
<MEAN> 6
 7.348933e+01 -6.498595e+01 1.427397e+02 -6.785450e+00 -2.267696e+02 -2.015529e+03
<VARIANCE> 6
 1.027669e+03 4.740910e+05 1.290689e+06 9.836705e+02 1.009513e+05 1.091629e+08
<GCONST> 8.202419e+01
<MIXTURE> 7 5.927087e-02
<MEAN> 6
 6.624835e+01 4.467289e+02 -3.318850e+02 -3.037491e-01 -4.108235e+00 -1.314214e+02
<VARIANCE> 6
 3.185104e+01 1.195217e+04 1.387160e+04 2.998198e+02 4.022584e+04 5.158639e+07
<GCONST> 6.747881e+01
<MIXTURE> 8 7.513843e-02
<MEAN> 6
 9.716129e+01 -4.987022e+02 -5.425119e+02 -8.644841e-01 -2.394065e+00 -7.704504e+01
<VARIANCE> 6
 3.185104e+01 1.195217e+04 1.387160e+04 2.998198e+02 4.022584e+04 5.158639e+07
<GCONST> 6.747881e+01
<MIXTURE> 9 1.130291e-01
<MEAN> 6
 7.523979e+01 3.304612e+02 -6.104124e+02 1.103471e-01 -3.399765e+00 -4.047483e+02
<VARIANCE> 6
 4.980450e+01 1.195217e+04 1.498672e+04 2.998198e+02 4.022584e+04 5.158639e+07
<GCONST> 6.800317e+01
<MIXTURE> 10 7.496997e-02
<MEAN> 6
 9.703001e+01 -4.987569e+02 -5.426954e+02 -8.382066e-01 -2.418707e+00 -7.803470e+01
<VARIANCE> 6
 3.185104e+01 1.195217e+04 1.387160e+04 2.998198e+02 4.022584e+04 5.158639e+07
<GCONST> 6.747881e+01
<MIXTURE> 11 7.482154e-02
<MEAN> 6
 9.647952e+01 -4.992001e+02 -5.437104e+02 -7.318479e-01 -2.514609e+00 -8.154201e+01
<VARIANCE> 6
 3.185104e+01 1.195217e+04 1.387160e+04 2.998198e+02 4.022584e+04 5.158639e+07
<GCONST> 6.747881e+01
<MIXTURE> 12 9.620128e-02
<MEAN> 6
 6.976347e+01 4.687065e+02 -2.262711e+02 -9.813453e-01 -7.349895e+00 -9.839838e+01
<VARIANCE> 6
 3.185104e+01 1.195217e+04 1.387160e+04 2.998198e+02 4.022584e+04 5.158639e+07
<GCONST> 6.747881e+01
<MIXTURE> 13 6.954367e-02
<MEAN> 6
 7.801941e+01 6.492592e+02 -8.613647e+02 -9.439198e-01 -2.346530e+00 2.536681e+00
<VARIANCE> 6
 3.185104e+01 1.195217e+04 1.387160e+04 2.998198e+02 4.022584e+04 5.158639e+07
<GCONST> 6.747881e+01
<MIXTURE> 14 6.021677e-02
<MEAN> 6
 6.523576e+01 4.204747e+02 -3.890190e+02 -3.824100e-01 -3.928829e+00 -1.197819e+02
<VARIANCE> 6
 3.185104e+01 1.195217e+04 1.387160e+04 2.998198e+02 4.022584e+04 5.158639e+07
<GCONST> 6.747881e+01
<STATE> 8
<NUMMIXES> 14
<MIXTURE> 1 6.065606e-02
<MEAN> 6
 8.148419e+01 1.884884e+03 -3.047219e+02 -1.067255e+00 -5.815042e+00 -2.921552e+02
<VARIANCE> 6
 3.185104e+01 9.042904e+04 8.677391e+04 2.998198e+02 4.022584e+04 5.158639e+07
<GCONST> 7.133593e+01
<MIXTURE> 2 6.509595e-02
<MEAN> 6
 5.620478e+01 1.374079e+03 1.134211e+03 2.975275e+00 -1.277606e+01 8.332483e+01
<VARIANCE> 6
 3.185104e+01 1.877865e+04 1.452914e+04 2.998198e+02 4.022584e+04 5.158639e+07
<GCONST> 6.797694e+01
<MIXTURE> 3 7.813884e-02
<MEAN> 6
 6.440369e+01 1.455887e+03 -2.212796e+02 -5.837470e-01 -1.408292e+01 4.410875e+01
<VARIANCE> 6
 3.185104e+01 3.182890e+04 1.553725e+04 2.998198e+02 4.022584e+04 5.158639e+07
<GCONST> 6.857167e+01
<MIXTURE> 4 1.106117e-01
<MEAN> 6
 6.806833e+01 1.192945e+03 -4.276401e+02 -5.976077e-01 -1.750691e+00 -1.394368e+02
<VARIANCE> 6
 3.185104e+01 1.195217e+04 1.387160e+04 2.998198e+02 4.022584e+04 5.158639e+07
<GCONST> 6.747881e+01
<MIXTURE> 5 7.040358e-02
<MEAN> 6
 7.578380e+01 8.429092e+02 1.079670e+03 -7.449557e-01 -9.454165e+00 3.280727e+02
<VARIANCE> 6
 3.185104e+01 1.601077e+04 9.928996e+04 2.998198e+02 4.022584e+04 5.158639e+07
<GCONST> 6.973936e+01
<MIXTURE> 6 6.239334e-02
<MEAN> 6
 6.974606e+01 9.218758e+02 -2.475301e+02 -1.743737e+00 3.605113e-01 -7.217914e+01
<VARIANCE> 6
 3.185104e+01 1.195217e+04 1.387160e+04 2.998198e+02 4.022584e+04 5.158639e+07
<GCONST> 6.747881e+01
<MIXTURE> 7 4.990677e-02
<MEAN> 6
 7.853410e+01 1.895982e+03 5.592453e+02 -6.083883e+00 2.347692e+00 2.025906e+02
<VARIANCE> 6
 3.185104e+01 1.387180e+05 1.387160e+04 2.998198e+02 4.022584e+04 5.158639e+07
<GCONST> 6.993034e+01
<MIXTURE> 8 6.935443e-02
<MEAN> 6
 6.657903e+01 1.351559e+03 -6.671946e+02 -1.056797e+00 -1.877047e-01 -3.823156e+01
<VARIANCE> 6
 3.185104e+01 1.195217e+04 1.387160e+04 2.998198e+02 4.022584e+04 5.158639e+07
<GCONST> 6.747881e+01
<MIXTURE> 9 4.527404e-02
<MEAN> 6
 5.705630e+01 5.557969e+02 -1.467491e+01 2.226262e+00 1.265708e+01 -2.968537e+02
<VARIANCE> 6
 4.948809e+01 3.468676e+04 5.398200e+04 2.998198e+02 4.022584e+04 5.158639e+07
<GCONST> 7.034373e+01
<MIXTURE> 10 1.013830e-01
<MEAN> 6
 7.988532e+01 1.094367e+03 1.432632e+02 -2.889390e+00 -7.290684e+00 1.458218e+01
<VARIANCE> 6
 4.699517e+01 1.195217e+04 3.622118e+04 2.998198e+02 4.022584e+04 5.158639e+07
<GCONST> 6.882759e+01
<MIXTURE> 11 7.075291e-02
<MEAN> 6
 6.657827e+01 1.351526e+03 -6.671546e+02 -1.056381e+00 -1.865759e-01 -3.823378e+01
<VARIANCE> 6
 3.185104e+01 1.195217e+04 1.387160e+04 2.998198e+02 4.022584e+04 5.158639e+07
<GCONST> 6.747881e+01
<MIXTURE> 12 9.364983e-02
<MEAN> 6
 6.765440e+01 3.243524e+02 6.460429e+02 -1.307778e+00 -3.669233e+00 -1.144777e+02
<VARIANCE> 6
 3.185104e+01 7.270712e+04 4.879727e+04 2.998198e+02 4.022584e+04 5.158639e+07
<GCONST> 7.054218e+01
<MIXTURE> 13 6.187686e-02
<MEAN> 6
 6.945616e+01 9.135865e+02 -2.421672e+02 -1.804173e+00 6.523895e-01 -8.012604e+01
<VARIANCE> 6
 3.185104e+01 1.195217e+04 1.387160e+04 2.998198e+02 4.022584e+04 5.158639e+07
<GCONST> 6.747881e+01
<MIXTURE> 14 6.048246e-02
<MEAN> 6
 8.002944e+01 1.836582e+03 -4.677332e+02 -1.373127e+00 -1.877597e+01 -5.506341e+02
<VARIANCE> 6
 3.185104e+01 1.431054e+05 7.379846e+04 2.998198e+02 4.022584e+04 5.158639e+07
<GCONST> 7.163298e+01
<STATE> 9
<NUMMIXES> 14
<MIXTURE> 1 1.009111e-01
<MEAN> 6
 5.160390e+01 2.287152e+03 2.600111e+03 4.861194e-01 -6.820397e+00 3.365038e+01
<VARIANCE> 6
 3.185104e+01 2.636561e+04 2.794456e+04 2.998198e+02 4.022584e+04 5.158639e+07
<GCONST> 6.897034e+01
<MIXTURE> 2 6.017389e-02
<MEAN> 6
 8.917051e+01 6.827011e+02 -1.336582e+03 -1.808573e+00 -1.541902e+01 -2.434465e+02
<VARIANCE> 6
 3.185104e+01 8.722141e+04 1.387160e+04 2.998198e+02 4.022584e+04 5.158639e+07
<GCONST> 6.946635e+01
<MIXTURE> 3 7.804159e-02
<MEAN> 6
 9.899501e+01 5.054124e+02 -4.565467e+02 -7.598938e+00 2.183616e+00 -1.306218e+01
<VARIANCE> 6
 3.185104e+01 1.542908e+04 6.852230e+04 2.998198e+02 4.022584e+04 5.158639e+07
<GCONST> 6.933147e+01
<MIXTURE> 4 8.787081e-02
<MEAN> 6
 7.963323e+01 1.255547e+03 -1.740561e+03 -4.208440e+00 1.564071e-01 -1.553793e+01
<VARIANCE> 6
 3.185104e+01 1.195217e+04 1.387160e+04 2.998198e+02 4.022584e+04 5.158639e+07
<GCONST> 6.747881e+01
<MIXTURE> 5 6.123882e-02
<MEAN> 6
 9.875723e+01 6.841862e+02 -1.879963e+03 1.813642e+00 -1.209474e-01 2.637711e+01
<VARIANCE> 6
 3.185104e+01 1.195217e+04 1.387160e+04 2.998198e+02 4.022584e+04 5.158639e+07
<GCONST> 6.747881e+01
<MIXTURE> 6 6.793760e-03
<MEAN> 6
 5.677581e+01 8.796506e+02 1.088025e+03 4.238692e+00 -1.472318e+02 -3.091167e+03
<VARIANCE> 6
 4.724889e+02 8.354516e+05 1.290879e+06 6.509342e+02 7.399399e+04 6.035059e+07
<GCONST> 8.049767e+01
<MIXTURE> 7 8.241407e-02
<MEAN> 6
 7.134015e+01 3.970170e+02 -1.267037e+03 -2.036903e+00 3.346571e+00 -5.878380e+00
<VARIANCE> 6
 3.185104e+01 1.195217e+04 1.387160e+04 2.998198e+02 4.022584e+04 5.158639e+07
<GCONST> 6.747881e+01
<MIXTURE> 8 5.909665e-02
<MEAN> 6
 1.049645e+02 4.560533e+02 -1.718049e+03 -7.787952e+00 1.037724e+01 3.563693e+02
<VARIANCE> 6
 3.185104e+01 1.195217e+04 1.387160e+04 2.998198e+02 4.022584e+04 5.158639e+07
<GCONST> 6.747881e+01
<MIXTURE> 9 5.603344e-02
<MEAN> 6
 9.005134e+01 7.487556e+02 -2.596944e+03 -2.731935e+00 2.342136e+00 -5.600077e+00
<VARIANCE> 6
 3.185104e+01 1.195217e+04 2.651065e+04 2.998198e+02 4.022584e+04 5.158639e+07
<GCONST> 6.812652e+01
<MIXTURE> 10 9.715188e-02
<MEAN> 6
 8.869548e+01 4.701495e+02 -1.335436e+03 6.851080e-02 -3.842384e+00 -9.034576e+01
<VARIANCE> 6
 3.185104e+01 2.104394e+04 1.387160e+04 2.998198e+02 4.022584e+04 5.158639e+07
<GCONST> 6.804451e+01
<MIXTURE> 11 1.058628e-01
<MEAN> 6
 9.782312e+01 4.748506e+02 -9.981349e+02 -2.130667e+00 -1.593166e+00 5.111629e+00
<VARIANCE> 6
 3.185104e+01 1.195217e+04 1.387160e+04 2.998198e+02 4.022584e+04 5.158639e+07
<GCONST> 6.747881e+01
<MIXTURE> 12 5.962779e-02
<MEAN> 6
 9.843779e+01 6.731859e+02 -1.871220e+03 1.150601e+00 1.349211e+00 2.478820e+01
<VARIANCE> 6
 3.185104e+01 1.195217e+04 1.387160e+04 2.998198e+02 4.022584e+04 5.158639e+07
<GCONST> 6.747881e+01
<MIXTURE> 13 9.045906e-02
<MEAN> 6
 8.869304e+01 3.721217e+02 -1.316109e+03 -1.858478e+00 7.824152e-01 4.804837e+00
<VARIANCE> 6
 3.185104e+01 1.772873e+04 1.387160e+04 2.998198e+02 4.022584e+04 5.158639e+07
<GCONST> 6.787309e+01
<MIXTURE> 14 5.431132e-02
<MEAN> 6
 9.135217e+01 7.472844e+02 -2.705957e+03 -3.610073e+00 4.510883e+00 -5.497240e+01
<VARIANCE> 6
 3.185104e+01 1.195217e+04 8.082242e+04 2.998198e+02 4.022584e+04 5.158639e+07
<GCONST> 6.924123e+01
<STATE> 10
<NUMMIXES> 14
<MIXTURE> 1 1.527740e-03
<MEAN> 6
 6.506187e+01 1.264392e+02 9.485860e+01 -1.590255e+01 -3.526302e+02 -6.390502e+03
<VARIANCE> 6
 9.213251e+02 6.101228e+05 1.447936e+06 9.667318e+02 9.898223e+04 1.400637e+08
<GCONST> 8.249437e+01
<MIXTURE> 2 8.778608e-02
<MEAN> 6
 8.474801e+01 2.910672e+01 -2.060361e+02 2.618484e-01 -5.031151e+00 -3.071643e+01
<VARIANCE> 6
 3.185104e+01 1.195217e+04 1.387160e+04 2.998198e+02 4.022584e+04 5.158639e+07
<GCONST> 6.747881e+01
<MIXTURE> 3 7.711043e-02
<MEAN> 6
 8.496555e+01 -9.749105e+01 -1.873423e+01 2.849037e-02 1.074301e+00 -5.340389e+01
<VARIANCE> 6
 3.185104e+01 1.195217e+04 1.387160e+04 2.998198e+02 4.022584e+04 5.158639e+07
<GCONST> 6.747881e+01
<MIXTURE> 4 5.107418e-02
<MEAN> 6
 8.156238e+01 -1.572007e+02 -2.764474e+02 1.480511e-01 -2.696036e+00 -5.361607e+01
<VARIANCE> 6
 3.185104e+01 1.195217e+04 1.387160e+04 2.998198e+02 4.022584e+04 5.158639e+07
<GCONST> 6.747881e+01
<MIXTURE> 5 9.885798e-02
<MEAN> 6
 8.473883e+01 2.883353e+01 -2.063436e+02 2.622018e-01 -5.010464e+00 -3.067334e+01
<VARIANCE> 6
 3.185104e+01 1.195217e+04 1.387160e+04 2.998198e+02 4.022584e+04 5.158639e+07
<GCONST> 6.747881e+01
<MIXTURE> 6 7.727422e-02
<MEAN> 6
 8.495195e+01 -1.053167e+02 -1.826880e+01 3.354982e-02 1.030262e+00 -5.306190e+01
<VARIANCE> 6
 3.185104e+01 1.195217e+04 1.387160e+04 2.998198e+02 4.022584e+04 5.158639e+07
<GCONST> 6.747881e+01
<MIXTURE> 7 4.148875e-02
<MEAN> 6
 8.148475e+01 -1.735210e+02 -2.869759e+02 1.468095e-01 -2.889248e+00 -4.771651e+01
<VARIANCE> 6
 3.185104e+01 1.195217e+04 1.387160e+04 2.998198e+02 4.022584e+04 5.158639e+07
<GCONST> 6.747881e+01
<MIXTURE> 8 9.910329e-02
<MEAN> 6
 8.472325e+01 2.835572e+01 -2.068534e+02 2.626953e-01 -4.974408e+00 -3.061284e+01
<VARIANCE> 6
 3.185104e+01 1.195217e+04 1.387160e+04 2.998198e+02 4.022584e+04 5.158639e+07
<GCONST> 6.747881e+01
<MIXTURE> 9 8.865017e-02
<MEAN> 6
 8.471046e+01 2.795359e+01 -2.072621e+02 2.630228e-01 -4.944286e+00 -3.057358e+01
<VARIANCE> 6
 3.185104e+01 1.195217e+04 1.387160e+04 2.998198e+02 4.022584e+04 5.158639e+07
<GCONST> 6.747881e+01
<MIXTURE> 10 7.713548e-02
<MEAN> 6
 8.494122e+01 4.258347e+02 2.080075e+02 -1.863189e+00 2.120010e+00 3.300603e+01
<VARIANCE> 6
 3.185104e+01 1.195217e+04 1.387160e+04 2.998198e+02 4.022584e+04 5.158639e+07
<GCONST> 6.747881e+01
<MIXTURE> 11 7.847592e-02
<MEAN> 6
 8.489536e+01 -1.272051e+02 -1.919875e+01 5.293410e-02 8.815582e-01 -5.309019e+01
<VARIANCE> 6
 3.185104e+01 1.195217e+04 1.387160e+04 2.998198e+02 4.022584e+04 5.158639e+07
<GCONST> 6.747881e+01
<MIXTURE> 12 9.290110e-02
<MEAN> 6
 8.179365e+01 2.990198e+02 2.396373e+02 -9.432458e-01 -3.073984e+00 -1.089706e+02
<VARIANCE> 6
 3.185104e+01 1.195217e+04 1.387160e+04 2.998198e+02 4.022584e+04 5.158639e+07
<GCONST> 6.747881e+01
<MIXTURE> 13 7.733773e-02
<MEAN> 6
 8.486257e+01 -1.344348e+02 -2.004122e+01 6.006769e-02 8.379737e-01 -5.356118e+01
<VARIANCE> 6
 3.185104e+01 1.195217e+04 1.387160e+04 2.998198e+02 4.022584e+04 5.158639e+07
<GCONST> 6.747881e+01
<MIXTURE> 14 5.125535e-02
<MEAN> 6
 8.148525e+01 -1.995127e+02 -2.975227e+02 1.722661e-01 -2.914130e+00 -3.758661e+01
<VARIANCE> 6
 3.185104e+01 1.195217e+04 1.387160e+04 2.998198e+02 4.022584e+04 5.158639e+07
<GCONST> 6.747881e+01
<STATE> 11
<NUMMIXES> 14
<MIXTURE> 1 2.510816e-02
<MEAN> 6
 9.862669e+01 7.887171e+02 8.036039e+01 -3.338412e+00 -6.157337e-02 1.439632e+01
<VARIANCE> 6
 3.185104e+01 1.195217e+04 1.387160e+04 2.998198e+02 4.022584e+04 5.158639e+07
<GCONST> 6.747881e+01
<MIXTURE> 2 5.996645e-02
<MEAN> 6
 7.284710e+01 2.692130e+02 -1.522458e+02 -5.457504e+01 -7.135728e+02 -5.027650e+03
<VARIANCE> 6
 8.183762e+01 2.228304e+05 5.735748e+05 1.025446e+03 4.136470e+04 5.158639e+07
<GCONST> 7.632764e+01
<MIXTURE> 3 9.556679e-02
<MEAN> 6
 9.862721e+01 7.887082e+02 8.036760e+01 -3.338449e+00 -6.137789e-02 1.440040e+01
<VARIANCE> 6
 3.185104e+01 1.195217e+04 1.387160e+04 2.998198e+02 4.022584e+04 5.158639e+07
<GCONST> 6.747881e+01
<MIXTURE> 4 2.902885e-02
<MEAN> 6
 1.219972e+02 4.410978e+02 -8.175997e+01 -3.703290e+00 -5.193906e+01 1.659617e+03
<VARIANCE> 6
 3.185104e+01 3.550751e+04 3.609459e+04 2.998198e+02 7.928801e+04 5.349191e+07
<GCONST> 7.023880e+01
<MIXTURE> 5 3.266858e-02
<MEAN> 6
 9.850579e+01 7.756603e+02 8.388565e+01 -3.319485e+00 3.750387e-02 1.589324e+01
<VARIANCE> 6
 3.185104e+01 1.195217e+04 1.387160e+04 2.998198e+02 4.022584e+04 5.158639e+07
<GCONST> 6.747881e+01
<MIXTURE> 6 3.130441e-02
<MEAN> 6
 9.862681e+01 7.887128e+02 8.036302e+01 -3.338424e+00 -6.152277e-02 1.439749e+01
<VARIANCE> 6
 3.185104e+01 1.195217e+04 1.387160e+04 2.998198e+02 4.022584e+04 5.158639e+07
<GCONST> 6.747881e+01
<MIXTURE> 7 8.987910e-02
<MEAN> 6
 1.152358e+02 6.103290e+02 4.343807e+02 -8.114315e+00 -9.073953e-01 6.786354e+01
<VARIANCE> 6
 3.185104e+01 1.195217e+04 1.387160e+04 2.998198e+02 4.022584e+04 5.158639e+07
<GCONST> 6.747881e+01
<MIXTURE> 8 6.444762e-02
<MEAN> 6
 1.010090e+02 5.673773e+02 6.063236e+01 -1.999862e+00 -2.006988e+00 9.301830e+01
<VARIANCE> 6
 3.185104e+01 1.195217e+04 1.387160e+04 2.998198e+02 4.022584e+04 5.158639e+07
<GCONST> 6.747881e+01
<MIXTURE> 9 9.534584e-02
<MEAN> 6
 9.862688e+01 7.886859e+02 8.037428e+01 -3.338449e+00 -6.115094e-02 1.440224e+01
<VARIANCE> 6
 3.185104e+01 1.195217e+04 1.387160e+04 2.998198e+02 4.022584e+04 5.158639e+07
<GCONST> 6.747881e+01
<MIXTURE> 10 1.124212e-01
<MEAN> 6
 1.053184e+02 6.449217e+02 3.374741e+02 -3.549414e+00 8.636905e+00 -1.582260e+02
<VARIANCE> 6
 3.185104e+01 1.195217e+04 1.387160e+04 2.998198e+02 4.022584e+04 5.158639e+07
<GCONST> 6.747881e+01
<MIXTURE> 11 8.875114e-02
<MEAN> 6
 7.460502e+01 -1.890560e+02 -1.589757e+02 -7.176329e+01 -1.740102e+03 -2.602852e+04
<VARIANCE> 6
 1.821635e+02 2.529947e+05 5.542962e+04 2.254891e+03 6.080329e+05 1.683302e+08
<GCONST> 7.957644e+01
<MIXTURE> 12 1.214559e-01
<MEAN> 6
 5.256594e+01 2.492540e+01 2.308036e+02 -8.198762e+01 -7.155084e+02 -2.710088e+03
<VARIANCE> 6
 1.073536e+02 1.509685e+04 8.724723e+04 1.234342e+03 1.013967e+05 5.158639e+07
<GCONST> 7.310599e+01
<MIXTURE> 13 8.727699e-02
<MEAN> 6
 5.962010e+01 3.614991e+01 -2.156299e+02 -7.796031e+01 -1.288126e+03 -1.240111e+04
<VARIANCE> 6
 3.185104e+01 4.170087e+04 1.070113e+05 1.246507e+03 1.528001e+05 7.822684e+07
<GCONST> 7.394741e+01
<MIXTURE> 14 6.677184e-02
<MEAN> 6
 6.851527e+01 2.350801e+02 -2.663128e+02 -6.543497e+01 -7.956387e+02 -6.949111e+03
<VARIANCE> 6
 5.863529e+01 2.138380e+05 3.108780e+05 1.642256e+03 4.022584e+04 5.158639e+07
<GCONST> 7.578359e+01
<STATE> 12
<NUMMIXES> 14
<MIXTURE> 1 1.228629e-01
<MEAN> 6
 6.304205e+01 -4.129753e+02 5.325162e+00 1.027338e+00 -1.084969e+01 -1.511130e+02
<VARIANCE> 6
 3.185104e+01 1.195217e+04 1.387160e+04 2.998198e+02 4.022584e+04 5.158639e+07
<GCONST> 6.747881e+01
<MIXTURE> 2 2.265176e-02
<MEAN> 6
 6.706702e+01 9.347974e+02 1.134491e+01 -8.395094e+01 -6.618897e+02 -5.479495e+03
<VARIANCE> 6
 4.270366e+01 8.315364e+05 2.013528e+05 1.701988e+03 6.413056e+05 2.897718e+08
<GCONST> 8.092081e+01
<MIXTURE> 3 1.055098e-01
<MEAN> 6
 7.095414e+01 -5.880215e+02 1.782297e+02 -8.253390e-01 -5.296053e+00 -1.673128e+02
<VARIANCE> 6
 3.185104e+01 1.195217e+04 1.387160e+04 2.998198e+02 4.022584e+04 5.158639e+07
<GCONST> 6.747881e+01
<MIXTURE> 4 5.418604e-02
<MEAN> 6
 7.095414e+01 -5.880216e+02 1.782298e+02 -8.253329e-01 -5.295973e+00 -1.673118e+02
<VARIANCE> 6
 3.185104e+01 1.195217e+04 1.387160e+04 2.998198e+02 4.022584e+04 5.158639e+07
<GCONST> 6.747881e+01
<MIXTURE> 5 5.290232e-02
<MEAN> 6
 7.095414e+01 -5.880216e+02 1.782297e+02 -8.253329e-01 -5.295977e+00 -1.673116e+02
<VARIANCE> 6
 3.185104e+01 1.195217e+04 1.387160e+04 2.998198e+02 4.022584e+04 5.158639e+07
<GCONST> 6.747881e+01
<MIXTURE> 6 5.603964e-02
<MEAN> 6
 6.299176e+01 -4.067568e+02 1.176790e+01 1.382554e+00 -9.338438e+00 -1.335893e+02
<VARIANCE> 6
 3.185104e+01 1.195217e+04 1.387160e+04 2.998198e+02 4.022584e+04 5.158639e+07
<GCONST> 6.747881e+01
<MIXTURE> 7 6.985070e-02
<MEAN> 6
 5.738420e+01 1.723172e+02 -1.411156e+02 -1.809289e+02 -1.813689e+03 -3.804832e+03
<VARIANCE> 6
 8.237452e+01 7.136012e+05 9.166352e+04 1.673726e+03 3.901499e+05 8.207937e+07
<GCONST> 7.886279e+01
<MIXTURE> 8 6.547703e-02
<MEAN> 6
 4.813477e+01 -2.952421e+01 -1.708864e+02 -3.048169e+02 -2.007503e+03 1.418909e+04
<VARIANCE> 6
 1.452465e+02 7.498358e+05 1.682585e+05 4.182567e+03 4.417880e+05 2.163482e+08
<GCONST> 8.209623e+01
<MIXTURE> 9 5.480997e-02
<MEAN> 6
 3.840318e+01 -3.025617e+01 2.828318e+02 -1.828126e+02 -7.156947e+02 -2.891372e+02
<VARIANCE> 6
 1.308559e+02 1.802883e+05 3.622423e+05 1.949282e+03 1.300612e+05 5.158639e+07
<GCONST> 7.791349e+01
<MIXTURE> 10 1.153307e-01
<MEAN> 6
 -4.598584e+01 3.682243e+01 -1.642580e+02 -2.857940e+02 2.794337e+03 1.349909e+04
<VARIANCE> 6
 4.400934e+02 1.581857e+06 4.910715e+05 1.827361e+04 1.725188e+06 2.420328e+09
<GCONST> 9.027393e+01
<MIXTURE> 11 7.758608e-02
<MEAN> 6
 -8.929482e+00 2.381234e+02 -2.199198e+02 -3.913217e+02 2.281315e+02 2.350617e+04
<VARIANCE> 6
 2.773673e+02 4.197934e+05 2.918923e+05 2.631956e+03 7.395268e+05 3.705212e+08
<GCONST> 8.330393e+01
<MIXTURE> 12 9.211934e-02
<MEAN> 6
 2.299232e+01 1.633852e+02 -2.325223e+02 -3.340143e+02 -9.824785e+02 5.412524e+03
<VARIANCE> 6
 1.525118e+02 6.880506e+05 1.706681e+05 3.194083e+03 1.939891e+05 1.425205e+08
<GCONST> 8.056321e+01
<MIXTURE> 13 5.466728e-02
<MEAN> 6
 -3.771763e-01 -4.974964e+02 -2.672823e+02 -4.538736e+02 -6.858820e+02 1.959731e+04
<VARIANCE> 6
 3.988354e+02 8.758106e+05 1.046670e+06 4.085468e+03 7.540593e+05 6.599119e+08
<GCONST> 8.671587e+01
<MIXTURE> 14 5.599893e-02
<MEAN> 6
 6.307897e+01 -4.180460e+02 -1.163733e+00 6.420995e-01 -1.452273e+01 -1.934642e+02
<VARIANCE> 6
 3.185104e+01 1.195217e+04 1.387160e+04 2.998198e+02 4.022584e+04 5.158639e+07
<GCONST> 6.747881e+01
<STATE> 13
<NUMMIXES> 14
<MIXTURE> 1 9.650804e-02
<MEAN> 6
 9.062138e+01 2.304125e+02 2.652566e+01 3.747307e+01 -1.033668e+03 -2.685042e+02
<VARIANCE> 6
 1.489230e+02 8.552888e+05 4.704141e+05 1.280411e+04 1.184704e+06 6.258786e+08
<GCONST> 8.644845e+01
<MIXTURE> 2 7.489992e-02
<MEAN> 6
 5.138445e+01 -9.431100e+01 6.197987e+00 2.091413e+02 -4.285661e+02 7.105148e+01
<VARIANCE> 6
 4.360889e+02 1.711153e+05 1.034606e+05 5.345093e+03 2.566642e+05 8.690270e+07
<GCONST> 8.002191e+01
<MIXTURE> 3 3.098813e-02
<MEAN> 6
 1.793928e+01 3.707751e+02 1.396716e+02 -9.548772e+01 -9.433079e+01 6.406084e+03
<VARIANCE> 6
 2.614519e+03 4.467739e+06 2.277053e+06 7.811601e+04 3.045610e+06 2.080986e+09
<GCONST> 9.649815e+01
<MIXTURE> 4 6.389951e-02
<MEAN> 6
 3.290790e+01 4.611094e+01 3.977401e+01 -2.830796e+02 -6.230367e+02 5.231266e+03
<VARIANCE> 6
 4.559613e+02 1.977937e+05 3.228534e+05 4.420247e+03 3.547082e+05 1.450644e+08
<GCONST> 8.199529e+01
<MIXTURE> 5 7.468197e-02
<MEAN> 6
 -4.459101e+01 -3.397050e+01 9.773067e+01 1.677967e+02 1.047567e+03 7.609289e+02
<VARIANCE> 6
 2.000382e+02 2.129223e+05 2.063875e+05 4.780489e+03 1.849508e+05 5.368976e+07
<GCONST> 7.923083e+01
<MIXTURE> 6 1.047846e-01
<MEAN> 6
 -6.571909e+01 1.074902e+02 3.619021e+01 1.780992e+01 3.857773e+02 -7.979259e+01
<VARIANCE> 6
 6.215221e+01 3.162353e+05 2.678603e+05 1.368165e+03 1.321195e+05 5.551837e+07
<GCONST> 7.716422e+01
<MIXTURE> 7 7.185179e-02
<MEAN> 6
 -2.388720e+00 -1.725703e+02 1.365738e+02 3.092048e+02 2.818929e+02 -1.112115e+04
<VARIANCE> 6
 2.926012e+02 5.197289e+05 2.390499e+05 3.940790e+03 4.041711e+05 9.306859e+07
<GCONST> 8.178914e+01
<MIXTURE> 8 7.874779e-02
<MEAN> 6
 8.653439e+01 2.781004e+01 -6.366712e+01 -1.347364e+01 -8.871613e+01 -9.025904e+02
<VARIANCE> 6
 9.506850e+01 4.300361e+05 1.933759e+05 4.380482e+02 5.842508e+04 5.158639e+07
<GCONST> 7.554247e+01
<MIXTURE> 9 8.734699e-02
<MEAN> 6
 -5.423658e+01 -1.179617e+02 8.877995e+01 -1.258274e+02 1.576317e+03 -1.168829e+03
<VARIANCE> 6
 2.017658e+02 3.973647e+05 2.891885e+05 1.531589e+04 6.537235e+05 5.434500e+08
<GCONST> 8.494234e+01
<MIXTURE> 10 6.047448e-02
<MEAN> 6
 7.853593e+01 1.561315e+02 3.512543e+01 -7.603058e+01 -6.867396e+02 7.210464e+02
<VARIANCE> 6
 2.221052e+02 3.674033e+05 7.409277e+04 9.430274e+03 1.754944e+05 6.518071e+07
<GCONST> 7.967742e+01
<MIXTURE> 11 8.072254e-02
<MEAN> 6
 -6.558807e+00 -2.008471e+02 6.520366e+01 -2.734881e+02 2.383154e+02 5.876801e+03
<VARIANCE> 6
 4.680907e+02 3.303020e+05 1.447015e+05 6.463755e+03 3.054990e+05 2.407959e+08
<GCONST> 8.246924e+01
<MIXTURE> 12 5.051826e-02
<MEAN> 6
 -3.670837e+01 -5.807670e+02 -8.548506e+00 7.919727e+01 5.748731e+02 -7.421386e+02
<VARIANCE> 6
 2.666294e+02 1.614512e+06 9.447737e+04 1.292083e+04 1.526543e+05 5.158639e+07
<GCONST> 8.152508e+01
<MIXTURE> 13 6.586980e-02
<MEAN> 6
 4.927858e+01 -5.345433e+01 -6.332757e+01 2.107802e+02 -5.780872e+02 -1.261485e+03
<VARIANCE> 6
 4.085884e+02 8.053416e+05 5.004629e+05 5.907870e+03 1.601668e+05 5.158639e+07
<GCONST> 8.218906e+01
<MIXTURE> 14 5.838291e-02
<MEAN> 6
 6.918003e+01 -4.979674e+01 -1.604209e+01 -1.350343e+02 -8.602903e+02 -1.643201e+03
<VARIANCE> 6
 2.073396e+02 3.398250e+05 8.421856e+04 7.723622e+03 2.152840e+05 5.637444e+07
<GCONST> 7.951825e+01
<STATE> 14
<NUMMIXES> 14
<MIXTURE> 1 5.091101e-02
<MEAN> 6
 8.816066e+01 -1.078577e+02 2.867997e+02 -5.019819e+00 -9.080214e+00 1.723063e+00
<VARIANCE> 6
 2.479116e+02 4.200615e+06 1.419918e+06 2.998198e+02 4.022584e+04 5.158639e+07
<GCONST> 8.002140e+01
<MIXTURE> 2 2.666344e-02
<MEAN> 6
 -7.437141e+00 1.616685e+02 1.210650e+02 -2.863421e+01 7.048833e+01 4.566014e+03
<VARIANCE> 6
 1.151527e+04 1.964594e+05 4.231660e+05 1.930723e+06 1.054308e+09 1.550311e+12
<GCONST> 1.088415e+02
<MIXTURE> 3 6.914499e-02
<MEAN> 6
 -1.483032e+01 6.477030e+01 1.874024e+02 4.163093e+01 3.005945e+02 -1.420410e+03
<VARIANCE> 6
 4.768955e+02 8.742120e+04 2.475650e+05 2.146513e+04 1.053386e+05 5.158639e+07
<GCONST> 8.029037e+01
<MIXTURE> 4 6.158075e-02
<MEAN> 6
 2.600553e+00 2.644320e+01 7.481900e+01 5.413719e-01 -1.029526e+01 -7.229850e+02
<VARIANCE> 6
 6.308665e+03 3.884241e+05 4.495244e+05 3.404820e+04 2.098769e+06 1.576322e+09
<GCONST> 9.183350e+01
<MIXTURE> 5 8.916920e-02
<MEAN> 6
 7.267093e+01 1.036489e+02 1.398661e+00 1.582317e+01 -4.429392e+02 -5.961184e+02
<VARIANCE> 6
 3.110510e+02 8.436623e+04 5.073329e+04 1.111617e+04 1.725981e+05 5.158639e+07
<GCONST> 7.807812e+01
<MIXTURE> 6 1.036254e-01
<MEAN> 6
 7.534113e+01 6.210987e+01 3.858751e+01 -5.329815e+00 -2.665059e+01 -1.370573e+02
<VARIANCE> 6
 1.487011e+02 1.304854e+04 4.538198e+04 2.998198e+02 4.022584e+04 5.158639e+07
<GCONST> 7.029272e+01
<MIXTURE> 7 6.392413e-02
<MEAN> 6
 -4.851540e+01 -2.943412e+01 2.856381e+01 1.448203e+01 1.864861e+02 -4.582921e+01
<VARIANCE> 6
 1.486888e+02 2.760190e+04 9.114946e+04 6.186546e+02 5.451612e+04 5.158639e+07
<GCONST> 7.276758e+01
<MIXTURE> 8 5.186587e-02
<MEAN> 6
 8.907455e+01 4.620949e+02 -1.033265e+02 -7.089766e+00 -2.231253e+00 5.649860e+01
<VARIANCE> 6
 1.079201e+02 3.358504e+05 1.388843e+05 2.998198e+02 4.022584e+04 5.158639e+07
<GCONST> 7.433868e+01
<MIXTURE> 9 9.275222e-02
<MEAN> 6
 2.955442e+01 9.009827e+00 2.011876e+01 -4.130740e+01 -2.442220e+02 1.288119e+03
<VARIANCE> 6
 1.065111e+03 1.482701e+04 3.080676e+04 3.176280e+04 4.126553e+05 1.693210e+08
<GCONST> 8.018152e+01
<MIXTURE> 10 7.194569e-02
<MEAN> 6
 7.994987e+01 -2.947757e+02 1.040682e+02 -4.097285e+00 -4.014345e-01 -8.153555e+01
<VARIANCE> 6
 8.938237e+01 1.279087e+05 1.387160e+04 2.998198e+02 4.022584e+04 5.158639e+07
<GCONST> 7.088107e+01
<MIXTURE> 11 9.000964e-02
<MEAN> 6
 7.669637e+01 -1.457529e+02 -1.159964e+02 -2.942839e+00 -1.664188e+01 -8.844987e+00
<VARIANCE> 6
 1.015550e+02 5.176414e+04 3.103149e+05 2.998198e+02 4.022584e+04 5.158639e+07
<GCONST> 7.321188e+01
<MIXTURE> 12 9.033493e-02
<MEAN> 6
 4.834185e+01 3.972490e+01 -6.060956e+01 3.278229e+01 -2.590118e+02 2.788465e+01
<VARIANCE> 6
 5.295674e+02 1.307615e+05 2.666274e+05 2.045058e+04 1.001642e+05 5.158639e+07
<GCONST> 8.077316e+01
<MIXTURE> 13 8.508806e-02
<MEAN> 6
 -3.114268e+01 -7.162020e+01 -1.367935e+01 7.798487e+00 6.670730e+02 -2.838563e+02
<VARIANCE> 6
 3.418412e+02 9.309472e+04 6.779941e+04 1.699719e+04 2.670353e+05 7.761410e+07
<GCONST> 7.983049e+01
<MIXTURE> 14 5.270423e-02
<MEAN> 6
 8.459998e+01 2.024971e+02 -3.120288e+02 -5.979834e+00 -1.239631e+01 2.416203e+01
<VARIANCE> 6
 1.003676e+02 4.401698e+05 1.713346e+05 2.998198e+02 4.022584e+04 5.158639e+07
<GCONST> 7.474660e+01
<TRANSP> 15
 0.000000e+00 1.000000e+00 0.000000e+00 0.000000e+00 0.000000e+00 0.000000e+00 0.000000e+00 0.000000e+00 0.000000e+00 0.000000e+00 0.000000e+00 0.000000e+00 0.000000e+00 0.000000e+00 0.000000e+00
 0.000000e+00 9.998543e-01 1.456703e-04 0.000000e+00 0.000000e+00 0.000000e+00 0.000000e+00 0.000000e+00 0.000000e+00 0.000000e+00 0.000000e+00 0.000000e+00 0.000000e+00 0.000000e+00 0.000000e+00
 0.000000e+00 0.000000e+00 9.985351e-01 1.464959e-03 0.000000e+00 0.000000e+00 0.000000e+00 0.000000e+00 0.000000e+00 0.000000e+00 0.000000e+00 0.000000e+00 0.000000e+00 0.000000e+00 0.000000e+00
 0.000000e+00 0.000000e+00 0.000000e+00 9.977558e-01 2.244221e-03 0.000000e+00 0.000000e+00 0.000000e+00 0.000000e+00 0.000000e+00 0.000000e+00 0.000000e+00 0.000000e+00 0.000000e+00 0.000000e+00
 0.000000e+00 0.000000e+00 0.000000e+00 0.000000e+00 9.970570e-01 2.943024e-03 0.000000e+00 0.000000e+00 0.000000e+00 0.000000e+00 0.000000e+00 0.000000e+00 0.000000e+00 0.000000e+00 0.000000e+00
 0.000000e+00 0.000000e+00 0.000000e+00 0.000000e+00 0.000000e+00 9.984250e-01 1.574970e-03 0.000000e+00 0.000000e+00 0.000000e+00 0.000000e+00 0.000000e+00 0.000000e+00 0.000000e+00 0.000000e+00
 0.000000e+00 0.000000e+00 0.000000e+00 0.000000e+00 0.000000e+00 0.000000e+00 9.977059e-01 2.294100e-03 0.000000e+00 0.000000e+00 0.000000e+00 0.000000e+00 0.000000e+00 0.000000e+00 0.000000e+00
 0.000000e+00 0.000000e+00 0.000000e+00 0.000000e+00 0.000000e+00 0.000000e+00 0.000000e+00 9.978238e-01 2.176172e-03 0.000000e+00 0.000000e+00 0.000000e+00 0.000000e+00 0.000000e+00 0.000000e+00
 0.000000e+00 0.000000e+00 0.000000e+00 0.000000e+00 0.000000e+00 0.000000e+00 0.000000e+00 0.000000e+00 9.967015e-01 3.298471e-03 0.000000e+00 0.000000e+00 0.000000e+00 0.000000e+00 0.000000e+00
 0.000000e+00 0.000000e+00 0.000000e+00 0.000000e+00 0.000000e+00 0.000000e+00 0.000000e+00 0.000000e+00 0.000000e+00 9.979818e-01 2.018233e-03 0.000000e+00 0.000000e+00 0.000000e+00 0.000000e+00
 0.000000e+00 0.000000e+00 0.000000e+00 0.000000e+00 0.000000e+00 0.000000e+00 0.000000e+00 0.000000e+00 0.000000e+00 0.000000e+00 9.934992e-01 6.500863e-03 0.000000e+00 0.000000e+00 0.000000e+00
 0.000000e+00 0.000000e+00 0.000000e+00 0.000000e+00 0.000000e+00 0.000000e+00 0.000000e+00 0.000000e+00 0.000000e+00 0.000000e+00 0.000000e+00 9.973606e-01 2.639401e-03 0.000000e+00 0.000000e+00
 0.000000e+00 0.000000e+00 0.000000e+00 0.000000e+00 0.000000e+00 0.000000e+00 0.000000e+00 0.000000e+00 0.000000e+00 0.000000e+00 0.000000e+00 0.000000e+00 9.998925e-01 1.074896e-04 0.000000e+00
 0.000000e+00 0.000000e+00 0.000000e+00 0.000000e+00 0.000000e+00 0.000000e+00 0.000000e+00 0.000000e+00 0.000000e+00 0.000000e+00 0.000000e+00 0.000000e+00 0.000000e+00 9.998677e-01 1.322853e-04
 0.000000e+00 0.000000e+00 0.000000e+00 0.000000e+00 0.000000e+00 0.000000e+00 0.000000e+00 0.000000e+00 0.000000e+00 0.000000e+00 0.000000e+00 0.000000e+00 0.000000e+00 0.000000e+00 0.000000e+00
<ENDHMM>
