~o
<STREAMINFO> 1 6
<VECSIZE> 6<NULLD><USER><DIAGC>
~h "SegundoPRIMARIA"
<BEGINHMM>
<NUMSTATES> 14
<STATE> 2
<NUMMIXES> 15
<MIXTURE> 1 5.460577e-02
<MEAN> 6
 7.525976e+01 8.233807e+02 -6.372866e+02 7.275889e+00 -6.049277e+01 5.716219e+01
<VARIANCE> 6
 2.504095e+02 5.110859e+05 1.060964e+06 2.998645e+02 4.044808e+04 5.191738e+07
<GCONST> 7.764561e+01
<MIXTURE> 2 5.120710e-02
<MEAN> 6
 6.491629e+01 -3.605317e+02 5.836927e+02 -1.481244e+01 -6.261667e+02 3.591865e+03
<VARIANCE> 6
 2.443857e+03 9.774119e+05 1.332704e+06 5.778475e+04 1.441378e+06 7.462300e+08
<GCONST> 9.230012e+01
<MIXTURE> 3 5.489901e-02
<MEAN> 6
 3.069025e+01 2.591083e+01 -7.210580e+01 2.076777e+02 -1.064024e+02 -1.669815e+03
<VARIANCE> 6
 7.609572e+02 1.299279e+05 3.922901e+05 4.271877e+03 1.257789e+05 5.191738e+07
<GCONST> 8.018359e+01
<MIXTURE> 4 7.402448e-02
<MEAN> 6
 -6.124404e+01 -2.515308e+01 -1.654282e+02 -8.094152e+00 1.045684e+02 1.556803e+01
<VARIANCE> 6
 1.974248e+02 1.684892e+05 1.491970e+06 2.998645e+02 4.044808e+04 5.191738e+07
<GCONST> 7.663913e+01
<MIXTURE> 5 1.024550e-01
<MEAN> 6
 -3.573529e+01 -3.109835e+01 1.722435e+02 5.491910e+01 5.289619e+02 -1.140707e+03
<VARIANCE> 6
 2.425040e+02 1.321320e+05 5.231839e+05 2.130558e+04 1.009464e+05 5.191738e+07
<GCONST> 8.073175e+01
<MIXTURE> 6 4.271851e-02
<MEAN> 6
 7.820400e+01 2.166572e+02 -1.951900e+03 4.607256e-01 -3.077240e+00 -4.340556e+01
<VARIANCE> 6
 3.171274e+01 2.813794e+04 1.809729e+05 2.998645e+02 4.044808e+04 5.191738e+07
<GCONST> 7.091122e+01
<MIXTURE> 7 9.938347e-02
<MEAN> 6
 8.488175e+01 1.828200e+01 1.803148e+02 -2.491047e+01 -4.107597e+02 -3.880953e+02
<VARIANCE> 6
 3.573256e+02 1.073231e+05 6.064122e+05 1.049411e+04 1.071291e+05 5.191738e+07
<GCONST> 8.041035e+01
<MIXTURE> 8 6.773823e-02
<MEAN> 6
 -4.472890e+01 -8.209369e+01 2.045024e+01 -7.891457e+01 1.306879e+03 5.806471e+02
<VARIANCE> 6
 5.979418e+02 2.448240e+05 1.579607e+06 5.258280e+04 8.884014e+05 6.840072e+08
<GCONST> 8.901254e+01
<MIXTURE> 9 7.282521e-02
<MEAN> 6
 6.105259e+01 -4.277358e+02 1.351168e+03 -8.642644e-02 -1.460064e+00 -7.769290e+01
<VARIANCE> 6
 3.171274e+01 2.144356e+05 4.462789e+05 2.998645e+02 4.044808e+04 5.191738e+07
<GCONST> 7.384471e+01
<MIXTURE> 10 7.059719e-02
<MEAN> 6
 1.834897e+01 -1.908830e+01 1.161404e+02 -2.444742e+02 -1.816376e+02 4.301561e+03
<VARIANCE> 6
 6.201285e+02 1.027531e+05 8.061857e+05 5.600751e+03 3.519113e+05 9.508181e+07
<GCONST> 8.236938e+01
<MIXTURE> 11 7.022312e-02
<MEAN> 6
 7.696922e+01 3.154221e+01 -7.156509e+01 -2.029032e+01 -1.049302e+03 -2.119056e+03
<VARIANCE> 6
 5.263357e+02 2.567048e+05 1.317433e+06 3.018302e+04 3.353863e+05 1.805754e+08
<GCONST> 8.588981e+01
<MIXTURE> 12 6.590470e-02
<MEAN> 6
 -7.202504e+01 -4.019887e+01 -3.599908e+02 1.032786e+01 4.988270e+02 7.020038e+02
<VARIANCE> 6
 5.156249e+02 1.337544e+05 8.725375e+05 6.430013e+03 1.489949e+05 5.911356e+07
<GCONST> 8.133093e+01
<MIXTURE> 13 6.379042e-02
<MEAN> 6
 1.077283e+02 -2.408036e+01 4.292211e+02 -8.013563e+00 -4.399537e+01 -4.496503e+02
<VARIANCE> 6
 2.498465e+02 1.659901e+05 6.756759e+05 2.998645e+02 4.953943e+04 5.191738e+07
<GCONST> 7.627028e+01
<MIXTURE> 14 6.222086e-02
<MEAN> 6
 7.094859e+01 -1.172466e+02 -7.366047e+02 -4.828791e-01 -1.538228e+01 -1.563700e+02
<VARIANCE> 6
 3.460342e+01 8.484868e+04 7.978719e+04 2.998645e+02 4.044808e+04 5.191738e+07
<GCONST> 7.128323e+01
<MIXTURE> 15 4.724681e-02
<MEAN> 6
 2.964013e+01 -2.210791e+02 -2.327922e+02 2.213688e+02 -2.044838e+02 -2.812645e+03
<VARIANCE> 6
 8.356648e+02 2.284587e+05 1.183580e+06 5.242938e+03 1.595449e+05 5.191738e+07
<GCONST> 8.238853e+01
<STATE> 3
<NUMMIXES> 15
<MIXTURE> 1 9.185176e-02
<MEAN> 6
 6.612447e+01 4.985598e+02 -1.472376e+02 -1.442360e-01 1.584218e+00 -2.623177e+02
<VARIANCE> 6
 3.171274e+01 1.309607e+04 1.362684e+04 2.998645e+02 4.044808e+04 5.191738e+07
<GCONST> 6.756012e+01
<MIXTURE> 2 6.818465e-02
<MEAN> 6
 5.855756e+01 -4.029998e+02 -1.252119e+02 8.261448e-01 -9.448969e-01 4.258815e+01
<VARIANCE> 6
 3.171274e+01 1.309607e+04 1.440737e+04 2.998645e+02 4.044808e+04 5.191738e+07
<GCONST> 6.761581e+01
<MIXTURE> 3 9.911724e-02
<MEAN> 6
 6.926223e+01 2.182361e+02 -2.667188e+02 4.676392e-01 -3.256402e-01 -9.527101e+01
<VARIANCE> 6
 3.171274e+01 1.309607e+04 1.362684e+04 2.998645e+02 4.044808e+04 5.191738e+07
<GCONST> 6.756012e+01
<MIXTURE> 4 7.155889e-02
<MEAN> 6
 7.595953e+01 6.053163e+01 -3.275769e+02 -7.124574e-01 -3.361810e+00 -1.167184e+02
<VARIANCE> 6
 3.171274e+01 1.309607e+04 1.362684e+04 2.998645e+02 4.044808e+04 5.191738e+07
<GCONST> 6.756012e+01
<MIXTURE> 5 5.363748e-02
<MEAN> 6
 6.589424e+01 -4.353464e+01 -2.265454e+02 9.664050e-01 3.298988e+00 -5.590118e+01
<VARIANCE> 6
 3.171274e+01 1.309607e+04 1.362684e+04 2.998645e+02 4.044808e+04 5.191738e+07
<GCONST> 6.756012e+01
<MIXTURE> 6 6.655125e-02
<MEAN> 6
 7.593196e+01 6.086755e+01 -3.274073e+02 -7.070686e-01 -3.353262e+00 -1.163424e+02
<VARIANCE> 6
 3.171274e+01 1.309607e+04 1.362684e+04 2.998645e+02 4.044808e+04 5.191738e+07
<GCONST> 6.756012e+01
<MIXTURE> 7 6.079872e-04
<MEAN> 6
 8.477443e+01 -1.835249e+02 1.595401e+02 8.093731e+00 3.600073e+01 8.393426e+02
<VARIANCE> 6
 9.073370e+02 3.110761e+06 7.145914e+05 3.060201e+03 2.092581e+05 5.191738e+07
<GCONST> 8.431035e+01
<MIXTURE> 8 5.415289e-02
<MEAN> 6
 6.581796e+01 -4.821203e+01 -2.267338e+02 9.882367e-01 3.161288e+00 -5.424007e+01
<VARIANCE> 6
 3.171274e+01 1.309607e+04 1.362684e+04 2.998645e+02 4.044808e+04 5.191738e+07
<GCONST> 6.756012e+01
<MIXTURE> 9 9.154586e-02
<MEAN> 6
 6.935321e+01 1.456266e+02 -3.012829e+02 1.017258e+00 7.265877e-01 -1.159165e+02
<VARIANCE> 6
 3.171274e+01 1.309607e+04 1.362684e+04 2.998645e+02 4.044808e+04 5.191738e+07
<GCONST> 6.756012e+01
<MIXTURE> 10 9.056872e-02
<MEAN> 6
 5.474568e+01 4.179469e+02 -2.273158e+02 9.878978e-01 2.763770e+00 -1.176329e+02
<VARIANCE> 6
 3.171274e+01 1.309607e+04 1.362684e+04 2.998645e+02 4.044808e+04 5.191738e+07
<GCONST> 6.756012e+01
<MIXTURE> 11 7.175159e-02
<MEAN> 6
 7.595949e+01 6.053226e+01 -3.275767e+02 -7.124509e-01 -3.361808e+00 -1.167177e+02
<VARIANCE> 6
 3.171274e+01 1.309607e+04 1.362684e+04 2.998645e+02 4.044808e+04 5.191738e+07
<GCONST> 6.756012e+01
<MIXTURE> 12 6.651132e-02
<MEAN> 6
 7.592287e+01 6.097769e+01 -3.273524e+02 -7.052820e-01 -3.350378e+00 -1.162205e+02
<VARIANCE> 6
 3.171274e+01 1.309607e+04 1.362684e+04 2.998645e+02 4.044808e+04 5.191738e+07
<GCONST> 6.756012e+01
<MIXTURE> 13 6.591238e-02
<MEAN> 6
 5.801018e+01 -4.563950e+02 -2.459135e+02 1.063236e+00 -3.812546e+00 1.582433e+00
<VARIANCE> 6
 3.171274e+01 1.309607e+04 1.362684e+04 2.998645e+02 4.044808e+04 5.191738e+07
<GCONST> 6.756012e+01
<MIXTURE> 14 5.425458e-02
<MEAN> 6
 6.575141e+01 -5.341975e+01 -2.239667e+02 9.644465e-01 2.905686e+00 -5.081939e+01
<VARIANCE> 6
 3.171274e+01 1.309607e+04 1.362684e+04 2.998645e+02 4.044808e+04 5.191738e+07
<GCONST> 6.756012e+01
<MIXTURE> 15 5.375551e-02
<MEAN> 6
 6.568959e+01 -5.701851e+01 -2.247360e+02 9.882017e-01 2.821946e+00 -4.968438e+01
<VARIANCE> 6
 3.171274e+01 1.309607e+04 1.362684e+04 2.998645e+02 4.044808e+04 5.191738e+07
<GCONST> 6.756012e+01
<STATE> 4
<NUMMIXES> 15
<MIXTURE> 1 1.050814e-01
<MEAN> 6
 9.667891e+01 2.373683e+02 -6.636462e+02 -3.599589e+00 -2.392721e+00 1.041610e+02
<VARIANCE> 6
 3.171274e+01 1.309607e+04 1.362684e+04 2.998645e+02 4.044808e+04 5.191738e+07
<GCONST> 6.756012e+01
<MIXTURE> 2 1.032666e-01
<MEAN> 6
 6.535548e+01 -2.723566e+02 -1.280919e+03 2.675194e+00 -6.381714e+00 4.879873e+01
<VARIANCE> 6
 3.171274e+01 1.309607e+04 1.362684e+04 2.998645e+02 4.044808e+04 5.191738e+07
<GCONST> 6.756012e+01
<MIXTURE> 3 7.158227e-02
<MEAN> 6
 9.646485e+01 -3.939074e+02 -5.326057e+02 -5.554966e-01 -3.655880e+00 -4.381993e+01
<VARIANCE> 6
 3.171274e+01 1.309607e+04 1.362684e+04 2.998645e+02 4.044808e+04 5.191738e+07
<GCONST> 6.756012e+01
<MIXTURE> 4 4.203954e-03
<MEAN> 6
 8.529939e+01 -1.097497e+03 3.070731e+02 2.204264e+00 5.134911e+02 -4.768606e+03
<VARIANCE> 6
 4.314852e+02 2.132044e+06 2.559839e+05 1.435045e+03 3.323153e+05 5.888257e+07
<GCONST> 8.199380e+01
<MIXTURE> 5 6.901420e-02
<MEAN> 6
 8.080268e+01 1.716432e+02 -7.305247e+02 1.075159e+00 9.561258e-01 -1.014827e+02
<VARIANCE> 6
 3.171274e+01 1.309607e+04 1.362684e+04 2.998645e+02 4.044808e+04 5.191738e+07
<GCONST> 6.756012e+01
<MIXTURE> 6 8.537052e-02
<MEAN> 6
 9.706915e+01 8.318495e+01 -3.695391e+02 1.528578e+00 -3.486483e+01 9.019915e+01
<VARIANCE> 6
 3.171274e+01 1.309607e+04 1.362684e+04 2.998645e+02 4.044808e+04 5.191738e+07
<GCONST> 6.756012e+01
<MIXTURE> 7 5.938477e-02
<MEAN> 6
 9.301422e+01 -5.577974e+02 -5.375812e+02 1.457262e+00 -1.817145e+00 -1.347016e+02
<VARIANCE> 6
 3.171274e+01 1.309607e+04 1.362684e+04 2.998645e+02 4.044808e+04 5.191738e+07
<GCONST> 6.756012e+01
<MIXTURE> 8 6.081870e-02
<MEAN> 6
 8.847361e+01 -1.021155e+02 -8.544379e+02 -2.829824e+00 -4.965765e+00 -1.975885e+02
<VARIANCE> 6
 3.171274e+01 1.309607e+04 1.362684e+04 2.998645e+02 4.044808e+04 5.191738e+07
<GCONST> 6.756012e+01
<MIXTURE> 9 5.896412e-02
<MEAN> 6
 9.320192e+01 -5.516981e+02 -5.370128e+02 1.435746e+00 -2.651442e+00 -1.392042e+02
<VARIANCE> 6
 3.171274e+01 1.309607e+04 1.362684e+04 2.998645e+02 4.044808e+04 5.191738e+07
<GCONST> 6.756012e+01
<MIXTURE> 10 4.690129e-02
<MEAN> 6
 8.909497e+01 5.646446e+01 -1.560191e+02 8.178330e-01 -6.210727e-01 2.435495e+02
<VARIANCE> 6
 3.171274e+01 2.426980e+04 1.362684e+04 2.998645e+02 4.044808e+04 5.191738e+07
<GCONST> 6.817703e+01
<MIXTURE> 11 6.990126e-02
<MEAN> 6
 9.646159e+01 -3.942003e+02 -5.326187e+02 -5.493920e-01 -3.693223e+00 -4.441403e+01
<VARIANCE> 6
 3.171274e+01 1.309607e+04 1.362684e+04 2.998645e+02 4.044808e+04 5.191738e+07
<GCONST> 6.756012e+01
<MIXTURE> 12 6.908523e-02
<MEAN> 6
 8.080268e+01 1.716432e+02 -7.305247e+02 1.075159e+00 9.561273e-01 -1.014829e+02
<VARIANCE> 6
 3.171274e+01 1.309607e+04 1.362684e+04 2.998645e+02 4.044808e+04 5.191738e+07
<GCONST> 6.756012e+01
<MIXTURE> 13 7.768925e-02
<MEAN> 6
 8.821785e+01 -6.108120e+01 -1.770238e+02 -3.662092e-01 -1.298084e+00 -9.875333e+01
<VARIANCE> 6
 3.171274e+01 1.309607e+04 1.362684e+04 2.998645e+02 4.044808e+04 5.191738e+07
<GCONST> 6.756012e+01
<MIXTURE> 14 5.949054e-02
<MEAN> 6
 9.291817e+01 -5.607365e+02 -5.379440e+02 1.463640e+00 -1.370205e+00 -1.321965e+02
<VARIANCE> 6
 3.171274e+01 1.309607e+04 1.362684e+04 2.998645e+02 4.044808e+04 5.191738e+07
<GCONST> 6.756012e+01
<MIXTURE> 15 5.923118e-02
<MEAN> 6
 9.277357e+01 -5.647128e+02 -5.386866e+02 1.457280e+00 -6.951427e-01 -1.276751e+02
<VARIANCE> 6
 3.171274e+01 1.309607e+04 1.362684e+04 2.998645e+02 4.044808e+04 5.191738e+07
<GCONST> 6.756012e+01
<STATE> 5
<NUMMIXES> 15
<MIXTURE> 1 4.508275e-02
<MEAN> 6
 1.306109e+02 -2.038883e+03 5.624177e+01 -3.992013e+01 -2.386199e+01 3.558781e+01
<VARIANCE> 6
 3.721708e+02 7.946228e+05 2.765647e+04 3.238306e+02 4.044808e+04 5.191738e+07
<GCONST> 7.491301e+01
<MIXTURE> 2 5.700513e-02
<MEAN> 6
 9.233253e+01 -5.281290e+02 3.121848e+02 -6.137192e-01 -7.445875e+00 -6.486671e+01
<VARIANCE> 6
 3.171274e+01 1.309607e+04 1.362684e+04 2.998645e+02 4.044808e+04 5.191738e+07
<GCONST> 6.756012e+01
<MIXTURE> 3 8.270387e-02
<MEAN> 6
 9.428636e+01 -9.558094e+01 1.135207e+03 -1.131921e-01 -1.862193e+01 2.051180e+02
<VARIANCE> 6
 3.171274e+01 1.309607e+04 1.362684e+04 2.998645e+02 4.044808e+04 5.191738e+07
<GCONST> 6.756012e+01
<MIXTURE> 4 6.382529e-02
<MEAN> 6
 9.025717e+01 -1.250829e+01 6.023397e+02 -2.787204e+00 9.171478e-01 -1.251822e+02
<VARIANCE> 6
 3.171274e+01 1.309607e+04 1.362684e+04 2.998645e+02 4.044808e+04 5.191738e+07
<GCONST> 6.756012e+01
<MIXTURE> 5 6.869529e-02
<MEAN> 6
 9.891856e+01 -3.208655e+02 1.009572e+03 -5.193250e-01 5.978512e+00 -1.756739e+02
<VARIANCE> 6
 3.171274e+01 1.309607e+04 1.447639e+04 2.998645e+02 4.044808e+04 5.191738e+07
<GCONST> 6.762059e+01
<MIXTURE> 6 4.608236e-02
<MEAN> 6
 8.882796e+01 2.783323e+02 3.627254e+02 -2.636150e+00 4.237206e+00 -2.679088e+02
<VARIANCE> 6
 3.171274e+01 1.107373e+05 1.362684e+04 2.998645e+02 4.044808e+04 5.191738e+07
<GCONST> 6.969496e+01
<MIXTURE> 7 1.151037e-01
<MEAN> 6
 8.401349e+01 -3.552971e+01 4.796495e+02 -4.095479e+00 9.232894e+00 -9.671883e+01
<VARIANCE> 6
 3.171274e+01 1.309607e+04 1.362684e+04 2.998645e+02 4.044808e+04 5.191738e+07
<GCONST> 6.756012e+01
<MIXTURE> 8 7.766258e-02
<MEAN> 6
 9.701798e+01 -6.398965e+02 5.863271e+02 3.059496e-01 -1.514903e+01 -3.370903e+01
<VARIANCE> 6
 3.171274e+01 1.309607e+04 1.362684e+04 2.998645e+02 4.044808e+04 5.191738e+07
<GCONST> 6.756012e+01
<MIXTURE> 9 3.486042e-02
<MEAN> 6
 9.104128e+01 -8.767547e+02 3.006554e+02 4.063794e+00 -4.484001e+01 -1.026438e+03
<VARIANCE> 6
 3.171274e+01 6.653510e+04 1.689330e+04 2.998645e+02 4.044808e+04 5.191738e+07
<GCONST> 6.940041e+01
<MIXTURE> 10 9.093672e-02
<MEAN> 6
 8.613525e+01 -1.913304e+02 4.284251e+02 -2.656290e+00 1.121144e+01 9.816376e+00
<VARIANCE> 6
 3.171274e+01 2.094914e+04 1.362684e+04 2.998645e+02 4.044808e+04 5.191738e+07
<GCONST> 6.802989e+01
<MIXTURE> 11 7.755134e-02
<MEAN> 6
 9.701797e+01 -6.398961e+02 5.863247e+02 3.059376e-01 -1.514853e+01 -3.370875e+01
<VARIANCE> 6
 3.171274e+01 1.309607e+04 1.362684e+04 2.998645e+02 4.044808e+04 5.191738e+07
<GCONST> 6.756012e+01
<MIXTURE> 12 7.777415e-02
<MEAN> 6
 9.818423e+01 -3.323814e+02 6.578347e+02 -2.757028e+00 -2.192765e+01 2.762245e+01
<VARIANCE> 6
 3.171274e+01 1.309607e+04 3.072554e+04 2.998645e+02 4.044808e+04 5.191738e+07
<GCONST> 6.837317e+01
<MIXTURE> 13 6.281091e-02
<MEAN> 6
 9.024007e+01 -1.239925e+01 6.019437e+02 -2.792929e+00 9.504365e-01 -1.253597e+02
<VARIANCE> 6
 3.171274e+01 1.309607e+04 1.362684e+04 2.998645e+02 4.044808e+04 5.191738e+07
<GCONST> 6.756012e+01
<MIXTURE> 14 4.111511e-02
<MEAN> 6
 8.907469e+01 4.711544e+01 3.514005e+02 -2.452500e+00 7.699636e+00 -2.521202e+02
<VARIANCE> 6
 3.171274e+01 1.944174e+05 1.362684e+04 2.998645e+02 4.044808e+04 5.191738e+07
<GCONST> 7.025781e+01
<MIXTURE> 15 5.877103e-02
<MEAN> 6
 9.268163e+01 -5.641935e+02 2.762357e+02 -1.024711e+00 -6.956862e+00 6.668649e+01
<VARIANCE> 6
 3.171274e+01 1.309607e+04 1.362684e+04 2.998645e+02 4.044808e+04 5.191738e+07
<GCONST> 6.756012e+01
<STATE> 6
<NUMMIXES> 15
<MIXTURE> 1 8.386037e-02
<MEAN> 6
 7.588869e+01 2.865990e+03 4.605738e+02 -1.219917e+00 -7.646645e+00 -1.155528e+02
<VARIANCE> 6
 3.171274e+01 1.309607e+04 1.362684e+04 2.998645e+02 4.044808e+04 5.191738e+07
<GCONST> 6.756012e+01
<MIXTURE> 2 2.655184e-02
<MEAN> 6
 9.339434e+01 1.073222e+03 1.195887e+03 -3.100849e+00 4.129491e+00 1.155170e+02
<VARIANCE> 6
 3.171274e+01 1.448886e+04 1.362684e+04 2.998645e+02 4.044808e+04 5.191738e+07
<GCONST> 6.766118e+01
<MIXTURE> 3 7.501280e-02
<MEAN> 6
 8.749630e+01 1.133511e+03 -1.147460e+03 -3.033825e+00 6.113154e-01 -3.451250e+00
<VARIANCE> 6
 3.171274e+01 1.309607e+04 2.594926e+04 2.998645e+02 4.044808e+04 5.191738e+07
<GCONST> 6.820421e+01
<MIXTURE> 4 5.257254e-02
<MEAN> 6
 7.172808e+01 1.313348e+03 -1.125130e+03 6.272224e-01 -4.242855e+00 -1.302524e+02
<VARIANCE> 6
 3.171274e+01 1.309607e+04 1.362684e+04 2.998645e+02 4.044808e+04 5.191738e+07
<GCONST> 6.756012e+01
<MIXTURE> 5 9.315744e-02
<MEAN> 6
 6.531567e+01 9.417755e+02 -1.450340e+02 -6.513952e-02 1.412090e+00 -9.783530e+01
<VARIANCE> 6
 3.171274e+01 1.309607e+04 1.362684e+04 2.998645e+02 4.044808e+04 5.191738e+07
<GCONST> 6.756012e+01
<MIXTURE> 6 6.066638e-02
<MEAN> 6
 7.940139e+01 1.476304e+03 4.562091e+02 -1.543831e+00 -5.152685e+00 -1.802240e+02
<VARIANCE> 6
 3.171274e+01 1.754431e+04 1.362684e+04 2.998645e+02 4.044808e+04 5.191738e+07
<GCONST> 6.785252e+01
<MIXTURE> 7 7.025412e-02
<MEAN> 6
 8.672869e+01 8.397939e+02 -6.030970e+02 -1.087262e+00 -7.040133e+00 -2.261091e+01
<VARIANCE> 6
 3.171274e+01 4.036262e+04 1.362684e+04 2.998645e+02 4.044808e+04 5.191738e+07
<GCONST> 6.868570e+01
<MIXTURE> 8 7.124257e-02
<MEAN> 6
 7.902917e+01 2.621652e+03 -2.118932e+02 -1.384196e+00 5.075933e-01 -1.142932e+02
<VARIANCE> 6
 3.171274e+01 7.868721e+04 1.362684e+04 2.998645e+02 4.044808e+04 5.191738e+07
<GCONST> 6.935329e+01
<MIXTURE> 9 6.702781e-02
<MEAN> 6
 6.524668e+01 8.535012e+02 -1.577304e+02 -4.558693e-01 -2.666487e+00 -1.168091e+02
<VARIANCE> 6
 3.171274e+01 1.595913e+04 1.362684e+04 2.998645e+02 4.044808e+04 5.191738e+07
<GCONST> 6.775783e+01
<MIXTURE> 10 6.662673e-02
<MEAN> 6
 8.879160e+01 1.013659e+03 -2.212236e+03 4.212309e-01 -1.519662e+01 2.569876e+01
<VARIANCE> 6
 3.171274e+01 1.309607e+04 2.123007e+04 2.998645e+02 4.044808e+04 5.191738e+07
<GCONST> 6.800349e+01
<MIXTURE> 11 5.898530e-02
<MEAN> 6
 8.450376e+01 1.017665e+03 2.853817e+02 -1.293548e+00 -2.534091e+00 -1.301625e+02
<VARIANCE> 6
 3.171274e+01 1.309607e+04 1.362684e+04 2.998645e+02 4.044808e+04 5.191738e+07
<GCONST> 6.756012e+01
<MIXTURE> 12 9.161744e-02
<MEAN> 6
 9.766560e+01 7.840811e+02 2.184255e+02 -4.434221e+00 -5.203663e+00 -4.125776e+01
<VARIANCE> 6
 3.171274e+01 1.309607e+04 1.366388e+04 2.998645e+02 4.044808e+04 5.191738e+07
<GCONST> 6.756284e+01
<MIXTURE> 13 6.664641e-02
<MEAN> 6
 8.733784e+01 1.420069e+03 -3.133914e+02 -2.590618e+00 -7.334048e+00 1.598649e+02
<VARIANCE> 6
 5.228621e+01 2.618974e+05 5.060059e+04 2.998645e+02 4.044808e+04 5.191738e+07
<GCONST> 7.236769e+01
<MIXTURE> 14 5.250195e-02
<MEAN> 6
 7.172809e+01 1.313347e+03 -1.125130e+03 6.272131e-01 -4.242997e+00 -1.302525e+02
<VARIANCE> 6
 3.171274e+01 1.309607e+04 1.362684e+04 2.998645e+02 4.044808e+04 5.191738e+07
<GCONST> 6.756012e+01
<MIXTURE> 15 6.326667e-02
<MEAN> 6
 8.592712e+01 9.734954e+02 2.448325e+02 -1.146581e+00 -9.790807e-01 -8.345982e+01
<VARIANCE> 6
 3.171274e+01 1.309607e+04 1.362684e+04 2.998645e+02 4.044808e+04 5.191738e+07
<GCONST> 6.756012e+01
<STATE> 7
<NUMMIXES> 15
<MIXTURE> 1 3.337304e-02
<MEAN> 6
 9.578747e+01 5.254299e+01 1.697031e+03 4.398642e+01 -4.890735e+02 3.918622e+03
<VARIANCE> 6
 4.137468e+01 8.905927e+04 2.787294e+05 1.051605e+03 5.477470e+04 5.191738e+07
<GCONST> 7.431921e+01
<MIXTURE> 2 5.931554e-02
<MEAN> 6
 6.688567e+01 1.790993e+03 3.943185e+02 -9.745107e+01 -8.123354e+02 -6.024650e+03
<VARIANCE> 6
 1.192634e+02 8.303471e+05 1.875529e+04 2.904497e+03 1.653042e+05 8.013994e+07
<GCONST> 7.746627e+01
<MIXTURE> 3 3.104576e-02
<MEAN> 6
 6.714828e+01 7.418200e+02 1.105330e+02 1.086588e+01 -1.310940e+02 -1.708785e+03
<VARIANCE> 6
 3.171274e+01 2.961676e+04 1.362684e+04 2.998645e+02 4.044808e+04 5.191738e+07
<GCONST> 6.837614e+01
<MIXTURE> 4 5.946320e-02
<MEAN> 6
 1.621559e+01 2.423200e+02 1.590138e+03 2.895971e+02 1.474641e+02 -6.453714e+03
<VARIANCE> 6
 5.655372e+02 8.744598e+04 1.115202e+05 7.048016e+02 3.853104e+05 5.191738e+07
<GCONST> 7.755066e+01
<MIXTURE> 5 9.163744e-02
<MEAN> 6
 8.457435e+01 -1.584469e+02 -4.733031e+02 -5.113787e+01 -9.671432e+02 -9.931296e+03
<VARIANCE> 6
 8.325779e+01 7.730017e+04 1.515232e+04 1.359544e+03 3.317340e+05 1.548561e+08
<GCONST> 7.511556e+01
<MIXTURE> 6 4.691700e-02
<MEAN> 6
 7.731130e+01 2.246086e+02 1.575175e+03 1.822188e+02 -8.135334e+02 -1.125394e+03
<VARIANCE> 6
 1.518332e+02 4.272071e+04 1.251768e+05 2.664357e+03 4.044808e+04 5.191738e+07
<GCONST> 7.471062e+01
<MIXTURE> 7 7.338889e-02
<MEAN> 6
 6.396129e+01 -1.749224e+02 -4.601930e+02 -1.156295e+02 -3.838203e+02 -1.657640e+03
<VARIANCE> 6
 7.851761e+01 2.150753e+04 1.606516e+04 6.766379e+02 4.565190e+04 5.191738e+07
<GCONST> 7.006226e+01
<MIXTURE> 8 8.420592e-02
<MEAN> 6
 6.490434e+01 2.286601e+02 -1.261942e+02 -2.631391e+01 -6.780988e+02 -1.022021e+04
<VARIANCE> 6
 3.171274e+01 8.050612e+04 1.362684e+04 2.998645e+02 4.044808e+04 5.191738e+07
<GCONST> 6.937613e+01
<MIXTURE> 9 7.613268e-02
<MEAN> 6
 7.887691e+01 4.182351e+02 -2.506558e+01 -7.744031e+01 -9.005046e+02 3.451411e+03
<VARIANCE> 6
 1.374181e+02 5.846125e+04 1.362684e+04 1.772185e+04 1.399331e+05 7.102376e+07
<GCONST> 7.615620e+01
<MIXTURE> 10 4.062989e-02
<MEAN> 6
 6.604651e+01 9.332549e+02 1.277474e+02 -8.791625e+01 -3.000625e+02 1.306429e+04
<VARIANCE> 6
 3.171274e+01 1.472840e+05 1.362684e+04 7.355178e+03 9.204449e+05 4.471013e+08
<GCONST> 7.845796e+01
<MIXTURE> 11 5.796134e-02
<MEAN> 6
 4.748592e+01 4.740441e+02 2.695809e+01 8.041042e+01 1.258653e+02 -3.194482e+03
<VARIANCE> 6
 6.545335e+01 1.309607e+04 2.811044e+04 5.399016e+02 4.753377e+04 5.191738e+07
<GCONST> 6.975831e+01
<MIXTURE> 12 8.901741e-02
<MEAN> 6
 3.393896e+01 4.094698e+02 5.236055e+01 -2.837979e+01 1.235578e+03 -1.884353e+03
<VARIANCE> 6
 5.528263e+01 4.275872e+04 2.105537e+04 1.418705e+04 1.176672e+05 8.808611e+07
<GCONST> 7.518748e+01
<MIXTURE> 13 1.144340e-01
<MEAN> 6
 6.263597e+01 5.211326e+02 1.794989e+02 2.352547e+01 -4.799097e+01 -1.882532e+02
<VARIANCE> 6
 3.758141e+01 1.309607e+04 1.362684e+04 2.998645e+02 4.044808e+04 5.191738e+07
<GCONST> 6.772990e+01
<MIXTURE> 14 6.167028e-02
<MEAN> 6
 5.838577e+01 -5.432448e+01 5.502760e+01 1.711355e+01 1.835060e+02 -7.083294e+03
<VARIANCE> 6
 3.171274e+01 1.547559e+05 1.362684e+04 2.262141e+04 9.609215e+05 8.092717e+08
<GCONST> 8.026733e+01
<MIXTURE> 15 8.079734e-02
<MEAN> 6
 6.115422e+01 1.657599e+02 -1.288695e+02 -8.283936e+01 -1.213651e+03 -1.095781e+04
<VARIANCE> 6
 3.171274e+01 1.257934e+05 1.362684e+04 1.225614e+03 4.757593e+04 5.940348e+07
<GCONST> 7.152731e+01
<STATE> 8
<NUMMIXES> 15
<MIXTURE> 1 7.433389e-02
<MEAN> 6
 1.279271e+02 3.784009e+02 1.676291e+03 -3.697731e+00 3.248027e+00 7.787864e+01
<VARIANCE> 6
 3.171274e+01 1.617681e+04 1.362684e+04 2.998645e+02 4.044808e+04 5.191738e+07
<GCONST> 6.777138e+01
<MIXTURE> 2 6.323779e-02
<MEAN> 6
 8.569159e+01 7.007982e+02 1.088276e+03 -6.174314e+00 -1.627175e+00 7.650550e+00
<VARIANCE> 6
 3.171274e+01 1.309607e+04 1.362684e+04 2.998645e+02 4.044808e+04 5.191738e+07
<GCONST> 6.756012e+01
<MIXTURE> 3 1.159716e-01
<MEAN> 6
 1.174932e+02 -4.722498e+02 2.420827e+03 -1.224308e+00 2.010551e+00 -2.562200e+02
<VARIANCE> 6
 3.171274e+01 1.309607e+04 3.924750e+04 2.998645e+02 4.044808e+04 5.191738e+07
<GCONST> 6.861797e+01
<MIXTURE> 4 4.847255e-02
<MEAN> 6
 6.900319e+01 1.216721e+03 7.358757e+02 5.350142e-01 1.008109e+01 -4.327944e+01
<VARIANCE> 6
 3.171274e+01 1.309607e+04 1.362684e+04 2.998645e+02 4.044808e+04 5.191738e+07
<GCONST> 6.756012e+01
<MIXTURE> 5 5.775452e-02
<MEAN> 6
 8.243047e+01 5.530446e+02 4.629963e+02 -3.042677e-01 -2.291302e+00 -8.834579e+01
<VARIANCE> 6
 3.171274e+01 1.309607e+04 1.362684e+04 2.998645e+02 4.044808e+04 5.191738e+07
<GCONST> 6.756012e+01
<MIXTURE> 6 6.438191e-02
<MEAN> 6
 7.684451e+01 4.815182e+02 9.243828e+02 -2.867818e+00 1.716097e+00 6.832775e+00
<VARIANCE> 6
 3.171274e+01 1.309607e+04 1.362684e+04 2.998645e+02 4.044808e+04 5.191738e+07
<GCONST> 6.756012e+01
<MIXTURE> 7 2.686532e-03
<MEAN> 6
 7.335321e+01 -1.898573e+02 -1.372035e+02 -4.065526e+01 -5.815047e+02 -6.718231e+03
<VARIANCE> 6
 2.656029e+02 1.653366e+06 3.438365e+05 4.246927e+03 5.129910e+05 1.174343e+08
<GCONST> 8.375887e+01
<MIXTURE> 8 5.584202e-02
<MEAN> 6
 8.245438e+01 5.526050e+02 4.629685e+02 -3.035550e-01 -2.271014e+00 -8.766138e+01
<VARIANCE> 6
 3.171274e+01 1.309607e+04 1.362684e+04 2.998645e+02 4.044808e+04 5.191738e+07
<GCONST> 6.756012e+01
<MIXTURE> 9 8.495604e-02
<MEAN> 6
 8.526218e+01 -5.145000e+02 2.036885e+03 -4.827510e+00 1.621187e+00 8.914015e+01
<VARIANCE> 6
 3.171274e+01 1.309607e+04 1.362684e+04 2.998645e+02 4.044808e+04 5.191738e+07
<GCONST> 6.756012e+01
<MIXTURE> 10 6.274336e-02
<MEAN> 6
 7.074998e+01 8.907222e+02 6.768039e+02 6.088752e-01 -4.146971e-01 -5.905000e+01
<VARIANCE> 6
 3.171274e+01 1.309607e+04 1.362684e+04 2.998645e+02 4.044808e+04 5.191738e+07
<GCONST> 6.756012e+01
<MIXTURE> 11 8.317012e-02
<MEAN> 6
 1.123020e+02 2.488319e+02 1.251322e+03 -1.276966e+00 -2.591024e+01 8.431857e+01
<VARIANCE> 6
 1.359475e+02 1.385136e+04 1.362684e+04 2.998645e+02 4.044808e+04 5.191738e+07
<GCONST> 6.907173e+01
<MIXTURE> 12 1.123805e-01
<MEAN> 6
 7.292698e+01 3.365065e+02 6.860605e+02 -2.154849e+00 -1.254087e+01 -1.733743e+02
<VARIANCE> 6
 3.171274e+01 1.309607e+04 1.362684e+04 2.998645e+02 4.044808e+04 5.191738e+07
<GCONST> 6.756012e+01
<MIXTURE> 13 5.748258e-02
<MEAN> 6
 8.243024e+01 5.530488e+02 4.629967e+02 -3.042726e-01 -2.291498e+00 -8.835212e+01
<VARIANCE> 6
 3.171274e+01 1.309607e+04 1.362684e+04 2.998645e+02 4.044808e+04 5.191738e+07
<GCONST> 6.756012e+01
<MIXTURE> 14 6.069848e-02
<MEAN> 6
 7.100952e+01 8.434952e+02 6.608384e+02 6.560526e-01 -1.546641e+00 -3.856340e+01
<VARIANCE> 6
 3.171274e+01 1.309607e+04 1.362684e+04 2.998645e+02 4.044808e+04 5.191738e+07
<GCONST> 6.756012e+01
<MIXTURE> 15 5.587440e-02
<MEAN> 6
 8.245242e+01 5.526036e+02 4.629162e+02 -3.038681e-01 -2.270236e+00 -8.771720e+01
<VARIANCE> 6
 3.171274e+01 1.309607e+04 1.362684e+04 2.998645e+02 4.044808e+04 5.191738e+07
<GCONST> 6.756012e+01
<STATE> 9
<NUMMIXES> 15
<MIXTURE> 1 4.451214e-02
<MEAN> 6
 9.214326e+01 6.463664e+02 1.426971e+02 -3.186949e+00 1.863485e+00 -1.418901e+02
<VARIANCE> 6
 3.171274e+01 1.309607e+04 1.362684e+04 2.998645e+02 4.044808e+04 5.191738e+07
<GCONST> 6.756012e+01
<MIXTURE> 2 6.672644e-02
<MEAN> 6
 1.115705e+02 1.605015e+02 -4.481171e+02 -3.780649e+00 3.053346e+00 -2.255922e+02
<VARIANCE> 6
 3.171274e+01 1.309607e+04 1.362684e+04 2.998645e+02 4.044808e+04 5.191738e+07
<GCONST> 6.756012e+01
<MIXTURE> 3 5.286120e-02
<MEAN> 6
 9.595123e+01 -9.130757e+02 -2.519415e+01 1.153092e+00 -1.754245e+00 -3.112862e-01
<VARIANCE> 6
 3.171274e+01 1.463079e+04 1.362684e+04 2.998645e+02 4.044808e+04 5.191738e+07
<GCONST> 6.767093e+01
<MIXTURE> 4 5.438441e-02
<MEAN> 6
 9.501166e+01 1.937272e+02 8.062331e+01 -2.234627e+00 3.291405e+00 -1.280470e+01
<VARIANCE> 6
 3.171274e+01 1.309607e+04 1.362684e+04 2.998645e+02 5.168429e+04 5.191738e+07
<GCONST> 6.780525e+01
<MIXTURE> 5 6.948558e-02
<MEAN> 6
 8.849899e+01 2.941917e+02 2.425589e+02 1.450058e+00 9.053093e+00 -1.511217e+02
<VARIANCE> 6
 3.171274e+01 1.309607e+04 1.362684e+04 2.998645e+02 4.044808e+04 5.191738e+07
<GCONST> 6.756012e+01
<MIXTURE> 6 8.259190e-02
<MEAN> 6
 9.370811e+01 -1.018932e+02 6.360471e+01 3.598849e-02 3.346609e+00 -1.533103e+02
<VARIANCE> 6
 3.171274e+01 1.309607e+04 1.362684e+04 2.998645e+02 4.044808e+04 5.191738e+07
<GCONST> 6.756012e+01
<MIXTURE> 7 1.073890e-01
<MEAN> 6
 9.390270e+01 -1.012132e+02 5.705159e+01 -5.552553e-02 3.516992e+00 -1.423665e+02
<VARIANCE> 6
 3.171274e+01 1.309607e+04 1.362684e+04 2.998645e+02 4.044808e+04 5.191738e+07
<GCONST> 6.756012e+01
<MIXTURE> 8 5.804050e-03
<MEAN> 6
 7.106683e+01 6.932368e+02 -6.131609e+02 -7.003883e+01 -1.069072e+03 -9.759534e+03
<VARIANCE> 6
 1.481631e+02 1.384062e+06 6.258863e+05 2.911491e+03 3.274635e+05 6.553370e+07
<GCONST> 8.218666e+01
<MIXTURE> 9 1.065565e-01
<MEAN> 6
 9.452480e+01 -9.881274e+01 3.689617e+01 -3.371927e-01 4.131021e+00 -1.122747e+02
<VARIANCE> 6
 3.171274e+01 1.309607e+04 1.362684e+04 2.998645e+02 4.044808e+04 5.191738e+07
<GCONST> 6.756012e+01
<MIXTURE> 10 6.734277e-02
<MEAN> 6
 8.849928e+01 2.941687e+02 2.420407e+02 1.438137e+00 9.103986e+00 -1.503136e+02
<VARIANCE> 6
 3.171274e+01 1.309607e+04 1.362684e+04 2.998645e+02 4.044808e+04 5.191738e+07
<GCONST> 6.756012e+01
<MIXTURE> 11 9.987123e-02
<MEAN> 6
 8.649036e+01 -4.521742e+02 -4.853813e+01 -3.008941e+00 -4.026369e+00 -2.335181e+02
<VARIANCE> 6
 3.394060e+01 1.309607e+04 1.362684e+04 2.998645e+02 4.044808e+04 5.191738e+07
<GCONST> 6.762801e+01
<MIXTURE> 12 8.272743e-02
<MEAN> 6
 9.394688e+01 -1.011628e+02 5.553868e+01 -7.604571e-02 3.561680e+00 -1.399388e+02
<VARIANCE> 6
 3.171274e+01 1.309607e+04 1.362684e+04 2.998645e+02 4.044808e+04 5.191738e+07
<GCONST> 6.756012e+01
<MIXTURE> 13 5.313831e-02
<MEAN> 6
 9.187222e+01 6.324464e+02 1.431581e+02 -3.331963e+00 1.363392e+00 -1.283791e+02
<VARIANCE> 6
 3.171274e+01 1.309607e+04 1.362684e+04 2.998645e+02 4.044808e+04 5.191738e+07
<GCONST> 6.756012e+01
<MIXTURE> 14 5.105194e-02
<MEAN> 6
 1.188113e+02 -4.198654e+02 -4.566904e+02 -4.735225e+00 -7.827734e-04 -1.074741e+02
<VARIANCE> 6
 3.171274e+01 6.317488e+04 1.362684e+04 2.998645e+02 4.044808e+04 5.191738e+07
<GCONST> 6.913371e+01
<MIXTURE> 15 5.554638e-02
<MEAN> 6
 9.548014e+01 1.916308e+02 6.335134e+01 -2.886550e+00 -3.267839e+01 1.947473e+01
<VARIANCE> 6
 3.171274e+01 1.309607e+04 1.362684e+04 2.998645e+02 4.044808e+04 5.191738e+07
<GCONST> 6.756012e+01
<STATE> 10
<NUMMIXES> 15
<MIXTURE> 1 8.694495e-02
<MEAN> 6
 9.018216e+01 -1.401914e+03 8.251088e+02 -5.642283e-02 4.622569e-01 -1.565428e+02
<VARIANCE> 6
 3.171274e+01 1.309607e+04 1.362684e+04 2.998645e+02 4.044808e+04 5.191738e+07
<GCONST> 6.756012e+01
<MIXTURE> 2 1.124617e-01
<MEAN> 6
 7.313226e+01 -3.808535e+02 3.533129e+02 1.586754e-01 -5.828063e+00 -1.771010e+02
<VARIANCE> 6
 3.171274e+01 1.309607e+04 1.362684e+04 2.998645e+02 4.044808e+04 5.191738e+07
<GCONST> 6.756012e+01
<MIXTURE> 3 5.114309e-02
<MEAN> 6
 8.045683e+01 3.261390e+02 -6.223054e+02 -6.214055e-02 2.759611e+01 -1.745513e+02
<VARIANCE> 6
 3.171274e+01 1.309607e+04 1.362684e+04 2.998645e+02 4.044808e+04 5.191738e+07
<GCONST> 6.756012e+01
<MIXTURE> 4 6.219386e-02
<MEAN> 6
 7.785303e+01 -1.785257e+03 -7.891140e+02 7.742297e-01 -3.406042e+00 -2.436661e+02
<VARIANCE> 6
 3.171274e+01 4.782541e+04 1.362684e+04 2.998645e+02 4.044808e+04 5.191738e+07
<GCONST> 6.885536e+01
<MIXTURE> 5 1.023170e-01
<MEAN> 6
 7.505482e+01 -1.051708e+03 2.507960e+02 1.254860e+00 1.817266e+01 -2.525297e+02
<VARIANCE> 6
 3.171274e+01 1.371162e+04 8.213973e+04 2.998645e+02 4.044808e+04 5.191738e+07
<GCONST> 6.940242e+01
<MIXTURE> 6 5.357082e-02
<MEAN> 6
 6.023451e+01 -3.863080e+02 -4.716181e+02 -1.684747e+00 -1.390252e+01 -2.277012e+02
<VARIANCE> 6
 3.171274e+01 1.309607e+04 1.362684e+04 2.998645e+02 4.044808e+04 5.191738e+07
<GCONST> 6.756012e+01
<MIXTURE> 7 6.480954e-02
<MEAN> 6
 7.226891e+01 -7.119980e+02 -1.998454e+02 -4.189229e+00 -2.167582e+01 5.274582e+01
<VARIANCE> 6
 3.171274e+01 1.824322e+04 1.362684e+04 2.998645e+02 4.044808e+04 5.191738e+07
<GCONST> 6.789160e+01
<MIXTURE> 8 7.742452e-02
<MEAN> 6
 6.433916e+01 -5.157111e+02 2.990003e+02 -9.897993e-01 -5.113681e+00 -1.670715e+02
<VARIANCE> 6
 3.171274e+01 1.309607e+04 1.362684e+04 2.998645e+02 4.044808e+04 5.191738e+07
<GCONST> 6.756012e+01
<MIXTURE> 9 6.949546e-02
<MEAN> 6
 5.781243e+01 -1.420861e+03 -6.569729e+02 5.737532e+00 -2.257226e+01 3.119447e+01
<VARIANCE> 6
 3.171274e+01 1.309607e+04 1.362684e+04 2.998645e+02 4.044808e+04 5.191738e+07
<GCONST> 6.756012e+01
<MIXTURE> 10 1.821292e-03
<MEAN> 6
 7.757182e+01 -2.971538e+02 -7.934380e+00 -4.078073e+01 -7.388006e+02 -1.544736e+04
<VARIANCE> 6
 2.867276e+02 1.955901e+06 6.270653e+05 4.611809e+03 4.515965e+05 2.111618e+08
<GCONST> 8.514602e+01
<MIXTURE> 11 4.248318e-02
<MEAN> 6
 5.568419e+01 -1.028108e+03 -4.015478e+02 9.232599e-01 1.653833e+01 -3.088385e+01
<VARIANCE> 6
 3.171274e+01 2.467658e+04 1.362684e+04 2.998645e+02 4.044808e+04 5.191738e+07
<GCONST> 6.819365e+01
<MIXTURE> 12 7.713063e-02
<MEAN> 6
 6.442253e+01 -5.262114e+02 2.948492e+02 -7.760678e-01 -9.356819e+00 -1.914987e+02
<VARIANCE> 6
 3.171274e+01 1.309607e+04 1.362684e+04 2.998645e+02 4.044808e+04 5.191738e+07
<GCONST> 6.756012e+01
<MIXTURE> 13 6.389375e-02
<MEAN> 6
 7.312667e+01 -7.849180e+02 -1.951065e+02 -3.463387e+00 -1.222009e+01 1.607015e+02
<VARIANCE> 6
 3.171274e+01 1.776371e+04 1.362684e+04 2.998645e+02 4.044808e+04 5.191738e+07
<GCONST> 6.786496e+01
<MIXTURE> 14 7.074025e-02
<MEAN> 6
 7.422835e+01 -8.982944e+02 -5.841047e+02 -4.038098e+00 5.177397e-01 -1.509783e+02
<VARIANCE> 6
 3.171274e+01 1.427362e+04 1.362684e+04 2.998645e+02 4.044808e+04 5.191738e+07
<GCONST> 6.764621e+01
<MIXTURE> 15 6.355099e-02
<MEAN> 6
 6.295005e+01 -5.101753e+02 -5.764452e+02 -1.023452e+00 -9.059719e-01 -4.852016e+01
<VARIANCE> 6
 3.171274e+01 1.309607e+04 1.362684e+04 2.998645e+02 4.044808e+04 5.191738e+07
<GCONST> 6.756012e+01
<STATE> 11
<NUMMIXES> 15
<MIXTURE> 1 5.199535e-02
<MEAN> 6
 7.402646e+01 3.548565e+01 1.266661e+02 -1.058223e-01 -5.219386e+00 -1.120347e+02
<VARIANCE> 6
 3.171274e+01 1.309607e+04 1.362684e+04 2.998645e+02 4.044808e+04 5.191738e+07
<GCONST> 6.756012e+01
<MIXTURE> 2 4.223753e-02
<MEAN> 6
 7.376432e+01 4.345786e+02 1.697910e+02 1.895553e+00 1.070617e+01 1.103503e+02
<VARIANCE> 6
 3.171274e+01 1.309607e+04 1.362684e+04 2.998645e+02 4.044808e+04 5.191738e+07
<GCONST> 6.756012e+01
<MIXTURE> 3 9.180202e-02
<MEAN> 6
 7.388481e+01 2.897681e+01 1.253967e+02 -3.758336e-02 -4.680325e+00 -1.203379e+02
<VARIANCE> 6
 3.171274e+01 1.309607e+04 1.362684e+04 2.998645e+02 4.044808e+04 5.191738e+07
<GCONST> 6.756012e+01
<MIXTURE> 4 3.197110e-03
<MEAN> 6
 8.065511e+01 4.118907e+02 -1.523151e+02 -5.102957e+01 -1.760125e+03 -4.776124e+04
<VARIANCE> 6
 1.537965e+02 2.659986e+06 3.568957e+05 2.392818e+03 1.368222e+06 9.671611e+08
<GCONST> 8.624104e+01
<MIXTURE> 5 6.816583e-02
<MEAN> 6
 6.757096e+01 -4.770715e+01 2.658562e+02 1.256215e+00 -3.433806e+00 -1.512487e+01
<VARIANCE> 6
 3.171274e+01 1.309607e+04 3.208789e+04 2.998645e+02 4.044808e+04 5.191738e+07
<GCONST> 6.841655e+01
<MIXTURE> 6 7.562807e-02
<MEAN> 6
 6.772126e+01 -1.356687e+02 -1.131690e+02 -1.570813e-02 3.367668e+00 -1.835358e+02
<VARIANCE> 6
 3.171274e+01 1.723149e+04 1.604743e+04 2.998645e+02 4.044808e+04 5.191738e+07
<GCONST> 6.799805e+01
<MIXTURE> 7 5.800769e-02
<MEAN> 6
 6.904900e+01 -1.338848e+02 1.534269e+02 1.539062e+00 4.083744e+00 -9.143011e+01
<VARIANCE> 6
 3.171274e+01 1.309607e+04 1.362684e+04 2.998645e+02 4.044808e+04 5.191738e+07
<GCONST> 6.756012e+01
<MIXTURE> 8 8.656751e-02
<MEAN> 6
 8.234346e+01 9.442130e+01 -4.307630e+01 -1.531933e-01 -1.514569e+01 -1.326917e+02
<VARIANCE> 6
 3.171274e+01 1.309607e+04 1.362684e+04 2.998645e+02 4.044808e+04 5.191738e+07
<GCONST> 6.756012e+01
<MIXTURE> 9 1.114256e-01
<MEAN> 6
 7.389829e+01 2.773633e+01 1.225991e+02 -3.350198e-02 -4.576936e+00 -1.224897e+02
<VARIANCE> 6
 3.171274e+01 1.309607e+04 1.362684e+04 2.998645e+02 4.044808e+04 5.191738e+07
<GCONST> 6.756012e+01
<MIXTURE> 10 6.190573e-02
<MEAN> 6
 6.892755e+01 -1.428448e+02 1.489577e+02 1.599860e+00 4.823317e+00 -8.159149e+01
<VARIANCE> 6
 3.171274e+01 1.309607e+04 1.362684e+04 2.998645e+02 4.044808e+04 5.191738e+07
<GCONST> 6.756012e+01
<MIXTURE> 11 8.834679e-02
<MEAN> 6
 7.366159e+01 2.048037e+01 1.255586e+02 5.593262e-02 -3.991928e+00 -1.286971e+02
<VARIANCE> 6
 3.171274e+01 1.309607e+04 1.362684e+04 2.998645e+02 4.044808e+04 5.191738e+07
<GCONST> 6.756012e+01
<MIXTURE> 12 8.650831e-02
<MEAN> 6
 7.874479e+01 3.434905e+02 3.538046e+01 1.478484e+00 -1.014705e+01 2.348941e+01
<VARIANCE> 6
 3.171274e+01 1.309607e+04 1.362684e+04 2.998645e+02 4.044808e+04 5.191738e+07
<GCONST> 6.756012e+01
<MIXTURE> 13 5.248839e-02
<MEAN> 6
 7.378296e+01 2.128330e+01 1.190338e+02 2.610813e-02 -4.029481e+00 -1.295020e+02
<VARIANCE> 6
 3.171274e+01 1.309607e+04 1.362684e+04 2.998645e+02 4.044808e+04 5.191738e+07
<GCONST> 6.756012e+01
<MIXTURE> 14 6.279543e-02
<MEAN> 6
 6.890749e+01 -1.547399e+02 1.381956e+02 1.647593e+00 5.750418e+00 -7.244405e+01
<VARIANCE> 6
 3.171274e+01 1.309607e+04 1.362684e+04 2.998645e+02 4.044808e+04 5.191738e+07
<GCONST> 6.756012e+01
<MIXTURE> 15 5.891454e-02
<MEAN> 6
 6.885294e+01 -1.595108e+02 1.350533e+02 1.685252e+00 6.225198e+00 -6.640386e+01
<VARIANCE> 6
 3.171274e+01 1.309607e+04 1.362684e+04 2.998645e+02 4.044808e+04 5.191738e+07
<GCONST> 6.756012e+01
<STATE> 12
<NUMMIXES> 15
<MIXTURE> 1 5.304312e-02
<MEAN> 6
 9.863564e+01 -3.484275e+03 -1.773269e+01 -2.705094e+00 2.153737e+01 -1.209633e+02
<VARIANCE> 6
 3.171274e+01 9.566455e+04 1.362684e+04 2.998645e+02 4.044808e+04 5.191738e+07
<GCONST> 6.954865e+01
<MIXTURE> 2 3.026596e-02
<MEAN> 6
 8.262428e+01 -8.783404e+03 2.066821e+03 -1.107627e+01 -1.003954e+01 4.946548e+02
<VARIANCE> 6
 3.171274e+01 1.309607e+04 1.371707e+04 2.998645e+02 4.044808e+04 5.191738e+07
<GCONST> 6.756671e+01
<MIXTURE> 3 1.053406e-01
<MEAN> 6
 7.510990e+01 -2.795578e+01 1.067354e+02 -5.231711e+01 -1.367236e+03 -2.200433e+04
<VARIANCE> 6
 1.709991e+02 1.865265e+05 1.356318e+05 2.446462e+03 7.536978e+05 2.882391e+08
<GCONST> 8.093739e+01
<MIXTURE> 4 2.781575e-02
<MEAN> 6
 7.322664e+01 -8.997375e+03 1.745269e+03 -3.170543e+00 6.202786e+00 3.239098e+01
<VARIANCE> 6
 3.171274e+01 1.309607e+04 1.362684e+04 2.998645e+02 4.044808e+04 5.191738e+07
<GCONST> 6.756012e+01
<MIXTURE> 5 4.682495e-02
<MEAN> 6
 9.911565e+01 -4.041256e+03 1.548268e+01 -2.646445e+00 2.347123e+00 1.421769e+01
<VARIANCE> 6
 3.171274e+01 1.309607e+04 1.362684e+04 2.998645e+02 4.044808e+04 5.191738e+07
<GCONST> 6.756012e+01
<MIXTURE> 6 4.357148e-02
<MEAN> 6
 7.329134e+01 -8.859191e+03 1.001168e+03 1.217791e+00 -1.531092e+01 -5.356918e+02
<VARIANCE> 6
 3.171274e+01 1.309607e+04 1.362684e+04 2.998645e+02 4.044808e+04 5.191738e+07
<GCONST> 6.756012e+01
<MIXTURE> 7 2.960199e-02
<MEAN> 6
 9.505451e+01 -1.854310e+03 -2.222119e+02 -4.886191e+00 -1.754499e+01 -7.272967e+02
<VARIANCE> 6
 3.171274e+01 4.841422e+04 1.362684e+04 2.998645e+02 4.044808e+04 5.191738e+07
<GCONST> 6.886760e+01
<MIXTURE> 8 3.758026e-02
<MEAN> 6
 1.013901e+02 -2.573606e+03 -2.311871e+02 -5.660990e+00 -5.530220e+01 -3.939216e+02
<VARIANCE> 6
 3.171274e+01 4.906154e+04 1.362684e+04 2.998645e+02 4.044808e+04 5.191738e+07
<GCONST> 6.888087e+01
<MIXTURE> 9 3.900686e-02
<MEAN> 6
 7.304155e+01 -9.051968e+03 1.354771e+03 1.415111e-01 -8.723372e-01 -2.857698e+01
<VARIANCE> 6
 3.171274e+01 1.309607e+04 1.830363e+04 2.998645e+02 4.044808e+04 5.191738e+07
<GCONST> 6.785518e+01
<MIXTURE> 10 3.667301e-02
<MEAN> 6
 1.037794e+02 -3.060218e+03 -2.652520e+02 -4.537227e-01 -1.663295e+00 -1.131980e+02
<VARIANCE> 6
 3.171274e+01 2.815979e+04 1.362684e+04 2.998645e+02 4.044808e+04 5.191738e+07
<GCONST> 6.832570e+01
<MIXTURE> 11 9.926385e-02
<MEAN> 6
 6.598537e+01 -1.780332e+02 5.659187e+01 -1.890104e+02 -2.141294e+03 -4.685418e+03
<VARIANCE> 6
 1.897267e+02 7.308437e+05 2.222779e+05 2.575937e+03 7.631535e+05 1.906555e+08
<GCONST> 8.255165e+01
<MIXTURE> 12 1.520356e-01
<MEAN> 6
 2.636494e+01 7.656937e+01 1.845022e+02 -3.804691e+02 -1.023636e+03 8.138877e+03
<VARIANCE> 6
 2.822351e+02 1.833329e+05 1.123807e+06 5.540114e+03 3.691922e+05 3.158869e+08
<GCONST> 8.373103e+01
<MIXTURE> 13 1.280427e-01
<MEAN> 6
 -3.244843e+01 1.975581e+02 2.552354e+02 -3.305132e+02 2.649425e+03 1.612744e+04
<VARIANCE> 6
 3.519124e+02 3.633634e+05 6.992995e+05 8.935112e+03 1.574406e+06 1.371628e+09
<GCONST> 8.755803e+01
<MIXTURE> 14 8.650877e-02
<MEAN> 6
 5.438811e+01 -6.960574e+00 -5.281761e+01 -3.269771e+02 -2.115693e+03 2.128038e+04
<VARIANCE> 6
 1.939618e+02 8.896598e+05 1.960583e+05 4.287088e+03 7.752005e+05 3.880689e+08
<GCONST> 8.388062e+01
<MIXTURE> 15 8.441793e-02
<MEAN> 6
 -3.143961e+00 6.955950e+01 -4.339462e+00 -4.621638e+02 4.047337e+02 4.388923e+04
<VARIANCE> 6
 2.953723e+02 5.308802e+05 2.082177e+05 1.986314e+03 1.113836e+06 6.443158e+08
<GCONST> 8.394519e+01
<STATE> 13
<NUMMIXES> 15
<MIXTURE> 1 5.339560e-03
<MEAN> 6
 9.515573e+00 -4.207957e+02 2.209214e+01 2.393666e+01 -4.943026e+02 8.097601e+03
<VARIANCE> 6
 9.397916e+03 6.755793e+05 1.061533e+06 1.484564e+06 8.064575e+08 1.166683e+12
<GCONST> 1.099780e+02
<MIXTURE> 2 8.897045e-02
<MEAN> 6
 1.967625e+01 3.623458e+01 3.046094e+01 2.933682e+02 7.142316e+01 -6.783349e+03
<VARIANCE> 6
 7.929600e+02 2.646665e+05 1.173940e+05 5.816588e+03 4.052379e+05 1.271157e+08
<GCONST> 8.210386e+01
<MIXTURE> 3 2.327159e-02
<MEAN> 6
 3.627370e+00 4.324919e+02 -2.276705e+02 -6.551067e+01 2.402219e+02 4.203913e+03
<VARIANCE> 6
 5.659019e+03 1.386016e+07 1.855675e+06 7.821638e+04 4.951746e+06 3.745600e+09
<GCONST> 9.927289e+01
<MIXTURE> 4 2.335162e-02
<MEAN> 6
 1.090478e+02 8.101160e+02 2.272907e+02 -9.885921e+00 -3.070640e+01 -3.488414e+02
<VARIANCE> 6
 9.874255e+01 9.336917e+06 3.684890e+05 2.998645e+02 4.044808e+04 5.191738e+07
<GCONST> 7.856270e+01
<MIXTURE> 5 7.362244e-02
<MEAN> 6
 3.609778e+00 -2.018027e+01 1.444906e+01 -3.302459e+02 2.882908e+02 1.453057e+04
<VARIANCE> 6
 7.343322e+02 1.369320e+05 9.583062e+04 8.278783e+03 1.484464e+06 5.161924e+08
<GCONST> 8.421780e+01
<MIXTURE> 6 8.128762e-02
<MEAN> 6
 4.209645e+01 1.701980e+02 1.986422e+01 5.279008e+01 -1.378481e+02 2.140355e+02
<VARIANCE> 6
 1.138276e+03 1.899310e+05 2.495457e+04 3.598941e+04 1.252239e+05 5.191738e+07
<GCONST> 8.033776e+01
<MIXTURE> 7 1.162033e-01
<MEAN> 6
 -3.930489e+01 6.872242e+01 1.840048e+01 6.010415e+01 8.042436e+02 -5.083065e+02
<VARIANCE> 6
 2.867362e+02 1.469928e+05 4.534425e+04 1.957788e+04 2.066870e+05 6.094746e+07
<GCONST> 7.935265e+01
<MIXTURE> 8 6.505993e-02
<MEAN> 6
 1.027273e+02 5.099104e+01 1.081982e+01 6.394028e+01 -1.152113e+03 -2.138508e+03
<VARIANCE> 6
 5.950222e+02 5.486896e+05 1.393215e+05 2.962417e+04 3.364900e+06 2.069863e+09
<GCONST> 8.925169e+01
<MIXTURE> 9 8.156797e-02
<MEAN> 6
 9.707599e+01 -1.539164e+02 7.536834e+01 -5.679901e+00 -3.408546e+01 -1.630333e+02
<VARIANCE> 6
 2.673560e+02 1.655272e+05 6.265391e+04 2.998645e+02 4.044808e+04 5.191738e+07
<GCONST> 7.375438e+01
<MIXTURE> 10 7.493630e-02
<MEAN> 6
 -5.704769e+01 8.233396e+01 -2.380997e+00 5.630218e+00 1.882173e+02 5.219217e+02
<VARIANCE> 6
 2.561149e+02 3.095048e+05 1.132438e+05 6.893089e+02 7.952926e+04 5.191738e+07
<GCONST> 7.643765e+01
<MIXTURE> 11 6.594255e-02
<MEAN> 6
 8.912792e+01 2.255651e+01 6.639778e+01 2.191266e-01 -6.840942e+02 -7.159439e+02
<VARIANCE> 6
 2.434043e+02 8.184514e+04 6.702895e+04 1.759138e+04 2.025238e+05 9.195302e+07
<GCONST> 7.927802e+01
<MIXTURE> 12 8.061570e-02
<MEAN> 6
 7.227214e+01 -2.049228e+02 5.751158e+01 -4.042196e+01 -6.418128e+02 7.988349e+02
<VARIANCE> 6
 8.850726e+02 5.808084e+05 6.496510e+05 4.294937e+04 4.269554e+05 1.441363e+08
<GCONST> 8.688778e+01
<MIXTURE> 13 8.754133e-02
<MEAN> 6
 -5.423768e+01 -2.758206e+01 -3.579575e+01 -1.053988e+01 1.373981e+03 -5.155146e+03
<VARIANCE> 6
 3.149589e+02 3.408371e+05 3.311280e+05 2.737954e+04 8.732748e+05 4.551887e+08
<GCONST> 8.606291e+01
<MIXTURE> 14 7.270186e-02
<MEAN> 6
 8.868633e+01 -3.404719e+01 -2.763124e+02 -3.136386e+00 -1.783527e+01 -3.652947e+02
<VARIANCE> 6
 2.414452e+02 6.333862e+05 1.223808e+05 2.998645e+02 4.044808e+04 5.191738e+07
<GCONST> 7.566389e+01
<MIXTURE> 15 5.883639e-02
<MEAN> 6
 7.644467e+01 -2.458809e+01 1.145310e+01 -1.061152e+02 -1.036570e+03 -1.363896e+03
<VARIANCE> 6
 3.793422e+02 7.049968e+04 5.327991e+04 2.851407e+04 3.087852e+05 9.885377e+07
<GCONST> 8.032008e+01
<TRANSP> 14
 0.000000e+00 1.000000e+00 0.000000e+00 0.000000e+00 0.000000e+00 0.000000e+00 0.000000e+00 0.000000e+00 0.000000e+00 0.000000e+00 0.000000e+00 0.000000e+00 0.000000e+00 0.000000e+00
 0.000000e+00 9.997770e-01 2.230273e-04 0.000000e+00 0.000000e+00 0.000000e+00 0.000000e+00 0.000000e+00 0.000000e+00 0.000000e+00 0.000000e+00 0.000000e+00 0.000000e+00 0.000000e+00
 0.000000e+00 0.000000e+00 9.987652e-01 1.234779e-03 0.000000e+00 0.000000e+00 0.000000e+00 0.000000e+00 0.000000e+00 0.000000e+00 0.000000e+00 0.000000e+00 0.000000e+00 0.000000e+00
 0.000000e+00 0.000000e+00 0.000000e+00 9.966784e-01 3.321603e-03 0.000000e+00 0.000000e+00 0.000000e+00 0.000000e+00 0.000000e+00 0.000000e+00 0.000000e+00 0.000000e+00 0.000000e+00
 0.000000e+00 0.000000e+00 0.000000e+00 0.000000e+00 9.960487e-01 3.951318e-03 0.000000e+00 0.000000e+00 0.000000e+00 0.000000e+00 0.000000e+00 0.000000e+00 0.000000e+00 0.000000e+00
 0.000000e+00 0.000000e+00 0.000000e+00 0.000000e+00 0.000000e+00 9.981428e-01 1.857191e-03 0.000000e+00 0.000000e+00 0.000000e+00 0.000000e+00 0.000000e+00 0.000000e+00 0.000000e+00
 0.000000e+00 0.000000e+00 0.000000e+00 0.000000e+00 0.000000e+00 0.000000e+00 9.887574e-01 1.124255e-02 0.000000e+00 0.000000e+00 0.000000e+00 0.000000e+00 0.000000e+00 0.000000e+00
 0.000000e+00 0.000000e+00 0.000000e+00 0.000000e+00 0.000000e+00 0.000000e+00 0.000000e+00 9.967088e-01 3.291273e-03 0.000000e+00 0.000000e+00 0.000000e+00 0.000000e+00 0.000000e+00
 0.000000e+00 0.000000e+00 0.000000e+00 0.000000e+00 0.000000e+00 0.000000e+00 0.000000e+00 0.000000e+00 9.962246e-01 3.775332e-03 0.000000e+00 0.000000e+00 0.000000e+00 0.000000e+00
 0.000000e+00 0.000000e+00 0.000000e+00 0.000000e+00 0.000000e+00 0.000000e+00 0.000000e+00 0.000000e+00 0.000000e+00 9.978707e-01 2.129287e-03 0.000000e+00 0.000000e+00 0.000000e+00
 0.000000e+00 0.000000e+00 0.000000e+00 0.000000e+00 0.000000e+00 0.000000e+00 0.000000e+00 0.000000e+00 0.000000e+00 0.000000e+00 9.984309e-01 1.569079e-03 0.000000e+00 0.000000e+00
 0.000000e+00 0.000000e+00 0.000000e+00 0.000000e+00 0.000000e+00 0.000000e+00 0.000000e+00 0.000000e+00 0.000000e+00 0.000000e+00 0.000000e+00 9.975289e-01 2.471064e-03 0.000000e+00
 0.000000e+00 0.000000e+00 0.000000e+00 0.000000e+00 0.000000e+00 0.000000e+00 0.000000e+00 0.000000e+00 0.000000e+00 0.000000e+00 0.000000e+00 0.000000e+00 9.999444e-01 5.555285e-05
 0.000000e+00 0.000000e+00 0.000000e+00 0.000000e+00 0.000000e+00 0.000000e+00 0.000000e+00 0.000000e+00 0.000000e+00 0.000000e+00 0.000000e+00 0.000000e+00 0.000000e+00 0.000000e+00
<ENDHMM>
~h "SegundoESO"
<BEGINHMM>
<NUMSTATES> 14
<STATE> 2
<NUMMIXES> 15
<MIXTURE> 1 7.960066e-02
<MEAN> 6
 7.175121e+01 1.320468e+04 -1.200067e+03 -7.576153e-01 -5.665800e+00 -1.887741e+02
<VARIANCE> 6
 3.171274e+01 1.309607e+04 1.362684e+04 2.998645e+02 4.044808e+04 5.191738e+07
<GCONST> 6.756012e+01
<MIXTURE> 2 1.690020e-02
<MEAN> 6
 7.284980e+01 3.633812e+03 -3.574561e+02 1.265625e-02 -2.017796e+01 4.067187e+00
<VARIANCE> 6
 3.171274e+01 1.692035e+06 1.756747e+06 2.998645e+02 4.044808e+04 5.191738e+07
<GCONST> 7.728067e+01
<MIXTURE> 3 9.107018e-02
<MEAN> 6
 6.304025e+01 2.592062e+03 -1.312209e+03 1.131825e-01 -4.853766e+00 -9.122145e+01
<VARIANCE> 6
 3.171274e+01 4.390807e+05 3.729670e+04 2.998645e+02 4.044808e+04 5.191738e+07
<GCONST> 7.207935e+01
<MIXTURE> 4 5.029422e-02
<MEAN> 6
 7.189790e+01 -2.330127e+03 -1.522753e+02 2.621679e-01 -1.425738e+00 -8.509512e+01
<VARIANCE> 6
 3.171274e+01 1.710497e+04 6.732342e+04 2.998645e+02 4.044808e+04 5.191738e+07
<GCONST> 6.942464e+01
<MIXTURE> 5 6.718861e-02
<MEAN> 6
 7.217214e+01 1.526755e+03 -2.402918e+03 5.084356e-02 -3.594625e+00 -1.495785e+02
<VARIANCE> 6
 3.171274e+01 1.309607e+04 1.673280e+05 2.998645e+02 4.044808e+04 5.191738e+07
<GCONST> 7.006802e+01
<MIXTURE> 6 9.097561e-02
<MEAN> 6
 6.115621e+01 1.141243e+03 -7.374868e+02 6.444413e-01 1.386657e+00 -8.418210e+00
<VARIANCE> 6
 3.171274e+01 2.121554e+05 4.805445e+04 2.998645e+02 4.044808e+04 5.191738e+07
<GCONST> 7.160541e+01
<MIXTURE> 7 4.536060e-02
<MEAN> 6
 6.463241e+01 8.859863e-01 -1.427602e+03 3.675949e-01 9.237615e-01 -8.027930e+01
<VARIANCE> 6
 3.171274e+01 1.631323e+04 3.089659e+04 2.998645e+02 4.044808e+04 5.191738e+07
<GCONST> 6.859839e+01
<MIXTURE> 8 4.335613e-02
<MEAN> 6
 6.579547e+01 -5.747111e+02 -8.401583e+02 -7.452232e-01 2.848352e+00 -8.898002e+00
<VARIANCE> 6
 3.171274e+01 1.309607e+04 1.362684e+04 2.998645e+02 4.044808e+04 5.191738e+07
<GCONST> 6.756012e+01
<MIXTURE> 9 7.788435e-02
<MEAN> 6
 6.575504e+01 8.172324e+02 -1.223483e+03 -3.990316e-01 -9.788603e+00 -1.142284e+02
<VARIANCE> 6
 3.171274e+01 1.309607e+04 1.362684e+04 2.998645e+02 4.044808e+04 5.191738e+07
<GCONST> 6.756012e+01
<MIXTURE> 10 8.032692e-02
<MEAN> 6
 6.545005e+01 -1.916992e+03 -3.901635e+02 1.020097e-01 -6.573269e+00 -2.446979e+02
<VARIANCE> 6
 3.171274e+01 7.907026e+04 1.362684e+04 2.998645e+02 4.044808e+04 5.191738e+07
<GCONST> 6.935814e+01
<MIXTURE> 11 6.216636e-02
<MEAN> 6
 5.779911e+01 -1.470932e+02 -8.463798e+02 -1.223185e+00 5.624344e+00 -4.580526e+00
<VARIANCE> 6
 3.171274e+01 5.473746e+04 1.362684e+04 2.998645e+02 4.044808e+04 5.191738e+07
<GCONST> 6.899034e+01
<MIXTURE> 12 8.903523e-02
<MEAN> 6
 6.465044e+01 -7.536644e+02 -5.779269e+02 4.320942e-01 -1.278580e+01 -2.234568e+02
<VARIANCE> 6
 3.171274e+01 1.309607e+04 1.362684e+04 2.998645e+02 4.044808e+04 5.191738e+07
<GCONST> 6.756012e+01
<MIXTURE> 13 1.080178e-01
<MEAN> 6
 7.836665e+01 1.859021e+03 1.380134e+03 -2.083387e-01 3.873332e+00 -8.390781e+01
<VARIANCE> 6
 3.171274e+01 2.399816e+05 2.487021e+05 2.998645e+02 4.044808e+04 5.191738e+07
<GCONST> 7.337257e+01
<MIXTURE> 14 3.267898e-02
<MEAN> 6
 6.138120e+01 -2.517811e+03 -6.251909e+02 -4.330822e-01 -2.196393e+00 -4.216718e+01
<VARIANCE> 6
 3.171274e+01 1.486802e+04 1.362684e+04 2.998645e+02 4.044808e+04 5.191738e+07
<GCONST> 6.768701e+01
<MIXTURE> 15 6.512748e-02
<MEAN> 6
 6.368077e+01 -1.815889e+02 -1.554787e+03 1.166148e+00 5.680774e+00 -1.718677e+02
<VARIANCE> 6
 3.171274e+01 1.558515e+04 1.362684e+04 2.998645e+02 4.044808e+04 5.191738e+07
<GCONST> 6.773412e+01
<STATE> 3
<NUMMIXES> 15
<MIXTURE> 1 7.839580e-02
<MEAN> 6
 7.007768e+01 -1.617967e+02 1.521076e+03 -2.698868e+00 2.731612e+00 -1.337587e+02
<VARIANCE> 6
 5.407556e+01 6.973648e+04 1.798580e+05 2.998645e+02 4.044808e+04 5.191738e+07
<GCONST> 7.234631e+01
<MIXTURE> 2 7.741752e-02
<MEAN> 6
 7.132032e+01 6.622676e+02 9.539084e+02 2.473729e-01 1.077085e+00 -1.479902e+02
<VARIANCE> 6
 3.171274e+01 1.309607e+04 8.212617e+05 2.998645e+02 4.044808e+04 5.191738e+07
<GCONST> 7.165892e+01
<MIXTURE> 3 6.436126e-02
<MEAN> 6
 6.661611e+01 -3.857863e+02 3.178053e+02 -2.479346e-01 -4.053524e+00 -8.130422e+01
<VARIANCE> 6
 3.171274e+01 1.309607e+04 1.362684e+04 2.998645e+02 4.044808e+04 5.191738e+07
<GCONST> 6.756012e+01
<MIXTURE> 4 5.215533e-02
<MEAN> 6
 6.296839e+01 -5.942449e+02 3.615609e+00 -4.000826e-01 -4.662464e+00 -1.416225e+02
<VARIANCE> 6
 3.171274e+01 3.645290e+04 1.362684e+04 2.998645e+02 4.044808e+04 5.191738e+07
<GCONST> 6.858382e+01
<MIXTURE> 5 8.539826e-02
<MEAN> 6
 7.344849e+01 3.796972e+02 -3.221936e+03 -1.356914e-01 -4.455134e+00 -2.030842e+01
<VARIANCE> 6
 3.171274e+01 1.665791e+05 1.007716e+07 2.998645e+02 4.044808e+04 5.191738e+07
<GCONST> 7.670926e+01
<MIXTURE> 6 6.321503e-02
<MEAN> 6
 6.017363e+01 -2.439244e+02 -6.084727e+01 -4.739173e-02 -5.695832e+00 -1.600811e+02
<VARIANCE> 6
 3.171274e+01 1.309607e+04 3.834873e+04 2.998645e+02 4.044808e+04 5.191738e+07
<GCONST> 6.859479e+01
<MIXTURE> 7 3.808208e-02
<MEAN> 6
 5.830683e+01 1.643360e+02 4.169367e+02 -7.367058e+00 5.513615e+00 -1.250529e+02
<VARIANCE> 6
 1.765758e+02 1.309607e+04 4.667110e+04 3.328159e+02 4.044808e+04 5.191738e+07
<GCONST> 7.061249e+01
<MIXTURE> 8 6.787396e-02
<MEAN> 6
 5.767414e+01 6.489824e+02 -3.917103e+03 1.963013e+00 -8.518201e-01 -5.226364e+01
<VARIANCE> 6
 3.171274e+01 1.309607e+04 1.265704e+06 2.998645e+02 4.044808e+04 5.191738e+07
<GCONST> 7.209146e+01
<MIXTURE> 9 9.172393e-02
<MEAN> 6
 7.505906e+01 -2.452556e+02 -6.414027e+03 -1.344543e-01 -3.527365e+00 -7.005283e+01
<VARIANCE> 6
 3.171274e+01 2.157486e+04 6.863260e+06 2.998645e+02 4.044808e+04 5.191738e+07
<GCONST> 7.428122e+01
<MIXTURE> 10 7.857899e-02
<MEAN> 6
 5.776645e+01 2.037186e+02 -2.288000e+03 -5.095555e-01 -3.284545e+00 -1.846213e+02
<VARIANCE> 6
 3.171274e+01 1.309607e+04 1.772342e+06 2.998645e+02 4.044808e+04 5.191738e+07
<GCONST> 7.242813e+01
<MIXTURE> 11 4.343090e-02
<MEAN> 6
 6.474764e+01 -9.949749e+02 1.247648e+02 -1.265017e-01 -3.481232e+00 -2.008751e+00
<VARIANCE> 6
 3.171274e+01 1.112773e+05 4.385835e+04 2.998645e+02 4.044808e+04 5.191738e+07
<GCONST> 7.086874e+01
<MIXTURE> 12 6.237985e-02
<MEAN> 6
 6.650875e+01 -3.828420e+02 3.063409e+02 -2.711855e-01 -3.949388e+00 -7.819504e+01
<VARIANCE> 6
 3.171274e+01 1.309607e+04 1.362684e+04 2.998645e+02 4.044808e+04 5.191738e+07
<GCONST> 6.756012e+01
<MIXTURE> 13 6.283864e-02
<MEAN> 6
 6.027935e+01 -3.244143e+02 -4.123749e+02 3.850389e-02 2.666898e+00 -3.217876e+01
<VARIANCE> 6
 3.171274e+01 1.309607e+04 1.362684e+04 2.998645e+02 4.044808e+04 5.191738e+07
<GCONST> 6.756012e+01
<MIXTURE> 14 8.162179e-02
<MEAN> 6
 6.508749e+01 -9.080177e+00 2.364364e+02 -7.972584e-01 -5.662162e+00 -1.092822e+02
<VARIANCE> 6
 3.171274e+01 1.419419e+04 1.362684e+04 2.998645e+02 4.044808e+04 5.191738e+07
<GCONST> 6.764064e+01
<MIXTURE> 15 5.247787e-02
<MEAN> 6
 6.363185e+01 -6.644636e+02 -8.207971e+01 6.057090e-01 -4.696681e+00 -1.089551e+02
<VARIANCE> 6
 3.171274e+01 3.061859e+04 1.995018e+04 2.998645e+02 4.044808e+04 5.191738e+07
<GCONST> 6.879060e+01
<STATE> 4
<NUMMIXES> 15
<MIXTURE> 1 4.656904e-02
<MEAN> 6
 8.891190e+01 -3.867193e+03 8.095105e+03 -1.682285e+00 -1.901403e+01 -1.324338e+02
<VARIANCE> 6
 6.999213e+01 2.899729e+06 3.036235e+07 2.998645e+02 4.044808e+04 5.191738e+07
<GCONST> 8.146075e+01
<MIXTURE> 2 6.139775e-02
<MEAN> 6
 4.812143e+01 4.917053e+03 7.375319e+02 -4.652077e+01 -4.676430e+02 1.410928e+03
<VARIANCE> 6
 2.575255e+03 5.119295e+07 2.466551e+07 3.696326e+04 1.032293e+06 3.211776e+08
<GCONST> 9.760547e+01
<MIXTURE> 3 7.891514e-02
<MEAN> 6
 -5.219112e+01 6.505212e+02 3.686086e+03 1.310974e+02 7.591913e+02 -2.644547e+03
<VARIANCE> 6
 5.703521e+02 2.544239e+05 2.276830e+06 1.672180e+04 2.560074e+05 8.712142e+07
<GCONST> 8.491882e+01
<MIXTURE> 4 5.264922e-02
<MEAN> 6
 5.107051e+01 2.998118e+03 -2.710330e+03 1.498112e+02 -1.952067e+02 -9.102411e+02
<VARIANCE> 6
 4.443936e+02 1.721149e+06 3.509794e+06 2.746902e+03 4.044808e+04 5.191738e+07
<GCONST> 8.284471e+01
<MIXTURE> 5 9.212107e-02
<MEAN> 6
 8.993129e+01 -6.440201e+02 1.973144e+03 2.643597e+01 -4.015616e+02 -1.721100e+02
<VARIANCE> 6
 1.214679e+02 6.060954e+05 3.729866e+06 6.281388e+03 8.887839e+04 5.191738e+07
<GCONST> 8.217912e+01
<MIXTURE> 6 7.851717e-02
<MEAN> 6
 -3.866187e+01 4.513675e+02 -2.565006e+02 1.388985e+01 1.077849e+03 -1.787810e+03
<VARIANCE> 6
 1.622182e+02 5.261271e+06 2.941376e+06 2.265352e+04 3.166813e+05 1.681774e+08
<GCONST> 8.812073e+01
<MIXTURE> 7 7.432436e-02
<MEAN> 6
 4.581530e+01 2.526493e+01 2.776185e+03 -6.735105e+00 -8.694464e+02 5.448589e+02
<VARIANCE> 6
 4.298391e+02 2.051983e+05 5.285307e+06 7.691858e+04 2.576778e+05 1.445814e+08
<GCONST> 8.730217e+01
<MIXTURE> 8 5.662913e-02
<MEAN> 6
 -5.591283e+01 -3.843825e+02 6.864911e+02 6.574520e+00 1.689638e+02 1.619659e+02
<VARIANCE> 6
 3.595659e+01 4.642582e+06 2.661256e+06 7.821981e+02 6.072516e+04 5.191738e+07
<GCONST> 8.019605e+01
<MIXTURE> 9 9.550902e-02
<MEAN> 6
 -3.601865e+00 1.747202e+03 -2.059220e+03 -9.763047e+01 1.682021e+02 1.196249e+03
<VARIANCE> 6
 5.771388e+02 3.187635e+06 2.633628e+06 1.609873e+04 7.024897e+04 5.191738e+07
<GCONST> 8.575546e+01
<MIXTURE> 10 2.449127e-02
<MEAN> 6
 6.772239e+01 -4.127243e+03 3.417910e+03 -7.552896e-01 -4.822261e+00 -1.273064e+02
<VARIANCE> 6
 3.171274e+01 3.608905e+04 1.362684e+04 2.998645e+02 4.044808e+04 5.191738e+07
<GCONST> 6.857379e+01
<MIXTURE> 11 8.345760e-02
<MEAN> 6
 7.179033e+01 -5.571260e+02 1.809637e+02 -6.177182e+01 -8.700013e+02 -2.805162e+02
<VARIANCE> 6
 3.466061e+02 4.122419e+06 2.711082e+06 2.586351e+04 1.950517e+05 6.051654e+07
<GCONST> 8.718030e+01
<MIXTURE> 12 5.727549e-02
<MEAN> 6
 3.727949e+00 6.071694e+02 -1.291688e+03 2.035322e+02 8.639117e+01 -3.533322e+03
<VARIANCE> 6
 3.277914e+02 4.553398e+06 4.885197e+06 5.364494e+03 7.852055e+04 6.899142e+07
<GCONST> 8.546091e+01
<MIXTURE> 13 5.872392e-02
<MEAN> 6
 -3.161940e+01 -3.356808e+01 2.635001e+03 -2.654955e+02 9.493251e+02 7.245880e+03
<VARIANCE> 6
 8.230612e+02 1.661018e+05 2.304456e+06 1.209454e+04 7.805351e+05 2.458910e+08
<GCONST> 8.669965e+01
<MIXTURE> 14 6.412414e-02
<MEAN> 6
 7.590006e+01 1.540903e+03 -3.157078e+03 -1.567752e+01 -2.935547e+02 2.312024e+02
<VARIANCE> 6
 1.140095e+02 2.156156e+06 1.311796e+06 8.528437e+03 7.067032e+04 5.191738e+07
<GCONST> 8.241640e+01
<MIXTURE> 15 7.521845e-02
<MEAN> 6
 8.353123e+01 -2.132911e+03 2.405401e+03 -3.906730e+00 -1.741957e+01 -2.591357e+02
<VARIANCE> 6
 8.732782e+01 2.214046e+06 6.316976e+06 2.998645e+02 4.044808e+04 5.191738e+07
<GCONST> 7.984229e+01
<STATE> 5
<NUMMIXES> 15
<MIXTURE> 1 6.288958e-02
<MEAN> 6
 5.832052e+01 2.633480e+03 -2.541084e+02 3.321048e-01 -5.607425e+00 -1.910856e+02
<VARIANCE> 6
 3.171274e+01 1.616434e+04 1.362684e+04 2.998645e+02 4.044808e+04 5.191738e+07
<GCONST> 6.777061e+01
<MIXTURE> 2 8.071230e-02
<MEAN> 6
 6.895855e+01 1.135807e+03 8.671642e+01 -7.757621e-01 -7.400585e+00 -2.164631e+02
<VARIANCE> 6
 3.171274e+01 1.654458e+04 1.362684e+04 2.998645e+02 4.044808e+04 5.191738e+07
<GCONST> 6.779385e+01
<MIXTURE> 3 2.579961e-02
<MEAN> 6
 8.024567e+01 5.752367e+02 7.705081e+02 1.601253e+00 -5.827781e+00 4.237288e+01
<VARIANCE> 6
 3.171274e+01 1.309607e+04 1.362684e+04 2.998645e+02 4.044808e+04 5.191738e+07
<GCONST> 6.756012e+01
<MIXTURE> 4 9.553790e-02
<MEAN> 6
 6.827817e+01 4.713690e+02 -2.597688e+02 3.758094e-02 -2.574874e-01 -7.921475e+01
<VARIANCE> 6
 3.171274e+01 1.309607e+04 1.362684e+04 2.998645e+02 4.044808e+04 5.191738e+07
<GCONST> 6.756012e+01
<MIXTURE> 5 5.101498e-02
<MEAN> 6
 7.449677e+01 8.841578e+02 -7.589811e+02 -1.031170e+00 -7.858351e+00 -6.873046e+01
<VARIANCE> 6
 3.171274e+01 2.103143e+05 1.362684e+04 2.998645e+02 4.044808e+04 5.191738e+07
<GCONST> 7.033641e+01
<MIXTURE> 6 8.052383e-02
<MEAN> 6
 7.553040e+01 3.047538e+02 3.392526e+02 5.956535e-01 -5.381102e+00 -1.474614e+02
<VARIANCE> 6
 3.171274e+01 1.309607e+04 4.788911e+05 2.998645e+02 4.044808e+04 5.191738e+07
<GCONST> 7.111955e+01
<MIXTURE> 7 6.221848e-02
<MEAN> 6
 7.097150e+01 1.076459e+01 -2.984947e+02 -8.401013e-01 -1.045986e+01 -2.077715e+02
<VARIANCE> 6
 3.171274e+01 1.309607e+04 2.724744e+04 2.998645e+02 4.044808e+04 5.191738e+07
<GCONST> 6.825304e+01
<MIXTURE> 8 7.161583e-02
<MEAN> 6
 7.069678e+01 1.026245e+03 3.649224e+01 -1.060436e+00 -7.447381e+00 -8.097683e+01
<VARIANCE> 6
 3.171274e+01 4.997417e+05 1.362684e+04 2.998645e+02 4.044808e+04 5.191738e+07
<GCONST> 7.120189e+01
<MIXTURE> 9 3.574670e-02
<MEAN> 6
 6.698450e+01 6.612515e+02 -2.346741e+02 -8.338032e-03 -5.968783e+00 -2.363994e+02
<VARIANCE> 6
 3.171274e+01 2.018096e+04 1.362684e+04 2.998645e+02 4.044808e+04 5.191738e+07
<GCONST> 6.799254e+01
<MIXTURE> 10 1.003908e-01
<MEAN> 6
 7.501055e+01 6.081984e+02 3.259772e+02 -5.784883e-01 -6.482380e+00 -1.853092e+01
<VARIANCE> 6
 3.171274e+01 4.566887e+04 1.362684e+04 2.998645e+02 4.044808e+04 5.191738e+07
<GCONST> 6.880922e+01
<MIXTURE> 11 9.734441e-02
<MEAN> 6
 7.575185e+01 3.150576e+02 -1.327341e+02 -2.649749e-01 -8.936089e+00 -5.898034e+01
<VARIANCE> 6
 3.171274e+01 1.309607e+04 2.109785e+05 2.998645e+02 4.044808e+04 5.191738e+07
<GCONST> 7.029984e+01
<MIXTURE> 12 6.073004e-02
<MEAN> 6
 7.511016e+01 2.915787e+02 2.279609e+02 -6.108007e-01 -1.361469e+01 -1.718189e+02
<VARIANCE> 6
 3.171274e+01 1.501757e+05 1.362684e+04 2.998645e+02 4.044808e+04 5.191738e+07
<GCONST> 6.999960e+01
<MIXTURE> 13 7.403696e-02
<MEAN> 6
 7.394724e+01 6.903802e+01 -6.498818e+02 -5.861328e-01 -8.138749e+00 -1.725682e+02
<VARIANCE> 6
 3.171274e+01 1.309607e+04 1.362684e+04 2.998645e+02 4.044808e+04 5.191738e+07
<GCONST> 6.756012e+01
<MIXTURE> 14 5.257586e-02
<MEAN> 6
 6.045097e+01 1.830936e+03 -3.146331e+02 3.049724e-01 -5.454869e+00 -2.213546e+02
<VARIANCE> 6
 3.171274e+01 1.309607e+04 1.411361e+04 2.998645e+02 4.044808e+04 5.191738e+07
<GCONST> 6.759521e+01
<MIXTURE> 15 4.883032e-02
<MEAN> 6
 7.550439e+01 5.172350e+02 -8.222494e+02 -8.406563e-02 -6.281917e+00 -7.606927e+01
<VARIANCE> 6
 3.171274e+01 1.147730e+05 1.710879e+04 2.998645e+02 4.044808e+04 5.191738e+07
<GCONST> 6.995831e+01
<STATE> 6
<NUMMIXES> 15
<MIXTURE> 1 6.407425e-02
<MEAN> 6
 2.603732e+01 2.107543e+02 2.087709e+02 1.503264e+02 -8.579344e+01 -1.127472e+03
<VARIANCE> 6
 2.387114e+02 3.551410e+05 5.982233e+05 2.362421e+03 4.044808e+04 5.191738e+07
<GCONST> 7.872488e+01
<MIXTURE> 2 3.823929e-02
<MEAN> 6
 -3.763847e+01 -7.392787e+01 4.539292e+01 -1.176574e+02 1.144129e+03 2.997053e+03
<VARIANCE> 6
 1.839695e+02 7.103314e+05 1.456462e+06 8.906982e+03 3.494331e+05 3.056012e+08
<GCONST> 8.530350e+01
<MIXTURE> 3 9.765512e-02
<MEAN> 6
 7.725166e+01 -1.290198e+02 2.371377e+02 -7.269441e+00 -8.787358e+01 -3.284880e+02
<VARIANCE> 6
 8.790427e+01 4.909165e+05 8.871987e+05 2.998645e+02 4.044808e+04 5.191738e+07
<GCONST> 7.637964e+01
<MIXTURE> 4 5.805731e-02
<MEAN> 6
 6.828485e+00 2.814978e+01 4.163988e+02 -1.667690e+02 -2.766410e+01 1.854369e+03
<VARIANCE> 6
 5.530453e+02 5.554494e+05 1.530149e+06 4.133177e+03 8.631822e+04 5.191738e+07
<GCONST> 8.226888e+01
<MIXTURE> 5 6.603749e-02
<MEAN> 6
 -2.455634e+01 1.585021e+02 5.905119e+01 3.190093e+01 8.987466e+01 2.201413e+02
<VARIANCE> 6
 1.721730e+02 2.921383e+05 3.939200e+05 1.049812e+03 4.044808e+04 5.191738e+07
<GCONST> 7.697395e+01
<MIXTURE> 6 3.192123e-02
<MEAN> 6
 8.153666e+01 -7.229028e+02 9.197687e+02 2.879870e+01 -8.153845e+02 1.485294e+02
<VARIANCE> 6
 8.862900e+01 2.787400e+06 2.850989e+06 7.746445e+03 6.643996e+05 3.735157e+08
<GCONST> 8.731562e+01
<MIXTURE> 7 1.111141e-01
<MEAN> 6
 -4.040860e+01 -1.599190e+01 7.538216e+01 3.571454e+01 6.194812e+02 -7.340484e+02
<VARIANCE> 6
 1.101081e+02 4.858093e+05 5.679809e+05 7.033141e+03 7.974646e+04 5.191738e+07
<GCONST> 7.998230e+01
<MIXTURE> 8 6.661908e-02
<MEAN> 6
 5.570459e+01 3.720657e+02 2.350433e+02 9.260687e+01 -2.631157e+02 -3.668245e+02
<VARIANCE> 6
 1.039095e+02 4.149563e+05 7.067949e+05 2.934922e+03 5.370252e+04 5.191738e+07
<GCONST> 7.871602e+01
<MIXTURE> 9 6.577165e-02
<MEAN> 6
 -7.950169e+00 3.737345e+01 -3.434983e+01 1.552683e+02 2.057043e+02 -3.427667e+03
<VARIANCE> 6
 1.760132e+02 3.348437e+05 1.850703e+05 2.581710e+03 1.208015e+05 6.242733e+07
<GCONST> 7.855536e+01
<MIXTURE> 10 7.907344e-02
<MEAN> 6
 6.351810e+01 -7.161632e+01 -1.840911e+02 -1.021674e+02 -5.557983e+02 4.841359e+01
<VARIANCE> 6
 1.103957e+02 5.246450e+05 1.018828e+06 2.122895e+03 9.779162e+04 5.191738e+07
<GCONST> 7.965227e+01
<MIXTURE> 11 4.930553e-02
<MEAN> 6
 3.705716e+01 -1.009840e+03 -9.688370e+01 -1.863834e+02 -3.731220e+02 3.779224e+03
<VARIANCE> 6
 1.474829e+02 2.795218e+06 2.386747e+05 2.670887e+03 1.397230e+05 6.046720e+07
<GCONST> 8.090245e+01
<MIXTURE> 12 6.562554e-02
<MEAN> 6
 -5.397870e+01 -5.823924e+01 2.900031e+01 7.090184e+00 1.280707e+02 -2.261912e+02
<VARIANCE> 6
 7.455048e+01 2.517271e+05 1.757200e+06 3.851559e+02 4.044808e+04 5.191738e+07
<GCONST> 7.648067e+01
<MIXTURE> 13 7.455987e-02
<MEAN> 6
 6.817655e+01 -2.718699e+02 6.456998e+01 5.013428e+01 -3.723542e+02 -1.002767e+03
<VARIANCE> 6
 1.096551e+02 1.223842e+06 2.834759e+05 4.331686e+03 1.246507e+05 5.191738e+07
<GCONST> 8.016913e+01
<MIXTURE> 14 7.827359e-02
<MEAN> 6
 -5.427352e+00 -2.811838e+02 9.590814e+01 -1.623360e+02 2.101928e+02 1.941330e+03
<VARIANCE> 6
 2.957028e+02 8.503631e+05 2.079564e+05 2.918239e+03 1.390392e+05 1.339616e+08
<GCONST> 8.114943e+01
<MIXTURE> 15 5.342980e-02
<MEAN> 6
 1.981624e+01 -3.191721e+02 -2.549266e+02 1.567974e+02 -8.505915e+01 -1.066097e+03
<VARIANCE> 6
 4.213160e+02 5.067328e+05 2.307874e+06 2.614501e+03 7.026708e+04 5.191738e+07
<GCONST> 8.165227e+01
<STATE> 7
<NUMMIXES> 15
<MIXTURE> 1 5.244319e-02
<MEAN> 6
 8.339856e+01 -1.603210e+01 1.270695e+03 -6.008983e-01 8.056931e+00 -1.775279e+02
<VARIANCE> 6
 3.171274e+01 1.309607e+04 7.070864e+05 2.998645e+02 4.044808e+04 5.191738e+07
<GCONST> 7.150923e+01
<MIXTURE> 2 4.850568e-02
<MEAN> 6
 8.755846e+01 -7.207131e+02 4.156692e+02 -2.542043e+00 -5.879979e+00 8.500049e+01
<VARIANCE> 6
 7.446008e+01 3.281087e+04 1.362684e+04 2.998645e+02 4.044808e+04 5.191738e+07
<GCONST> 6.933211e+01
<MIXTURE> 3 3.485091e-02
<MEAN> 6
 6.767339e+01 -3.880527e+02 2.974400e+03 -1.447978e+00 -1.261102e+01 1.543356e+02
<VARIANCE> 6
 3.171274e+01 1.517742e+04 1.362684e+04 2.998645e+02 4.044808e+04 5.191738e+07
<GCONST> 6.770761e+01
<MIXTURE> 4 4.148136e-02
<MEAN> 6
 6.707374e+01 -2.117236e+03 5.149042e+02 2.354065e+00 -4.106111e+00 8.441171e+01
<VARIANCE> 6
 3.171274e+01 2.021746e+05 5.823847e+04 2.998645e+02 4.044808e+04 5.191738e+07
<GCONST> 7.174944e+01
<MIXTURE> 5 4.225123e-02
<MEAN> 6
 8.746012e+01 -7.698279e+02 -4.208226e+02 -4.180624e+00 -6.658829e+00 -1.011820e+02
<VARIANCE> 6
 3.171274e+01 8.182395e+04 2.446416e+04 2.998645e+02 4.044808e+04 5.191738e+07
<GCONST> 6.997754e+01
<MIXTURE> 6 9.479243e-02
<MEAN> 6
 7.908884e+01 -5.621631e+02 -4.256212e+01 -3.167629e-01 -8.537208e+00 -6.557915e+01
<VARIANCE> 6
 3.171274e+01 1.488828e+04 1.362684e+04 2.998645e+02 4.044808e+04 5.191738e+07
<GCONST> 6.768837e+01
<MIXTURE> 7 9.203362e-02
<MEAN> 6
 7.660551e+01 -4.278004e+02 8.739639e+02 -3.418881e-01 -9.183933e+00 -2.937554e-01
<VARIANCE> 6
 3.171274e+01 1.309607e+04 1.307897e+05 2.998645e+02 4.044808e+04 5.191738e+07
<GCONST> 6.982167e+01
<MIXTURE> 8 1.271281e-01
<MEAN> 6
 7.472631e+01 -1.329935e+03 -5.048626e+01 -1.286417e+00 -3.263042e+00 -2.182735e+02
<VARIANCE> 6
 4.688517e+01 1.110806e+05 1.362684e+04 2.998645e+02 4.044808e+04 5.191738e+07
<GCONST> 7.008904e+01
<MIXTURE> 9 9.845810e-02
<MEAN> 6
 8.312181e+01 -7.751154e+02 1.411091e+02 -2.409029e-01 -4.152390e+00 -1.059268e+02
<VARIANCE> 6
 3.171274e+01 1.309607e+04 1.362684e+04 2.998645e+02 4.044808e+04 5.191738e+07
<GCONST> 6.756012e+01
<MIXTURE> 10 3.604943e-02
<MEAN> 6
 7.627829e+01 -1.249808e+03 1.161455e+03 -4.364529e+00 -1.490041e+00 2.755064e+01
<VARIANCE> 6
 3.171274e+01 7.498544e+04 1.362684e+04 2.998645e+02 4.044808e+04 5.191738e+07
<GCONST> 6.930510e+01
<MIXTURE> 11 5.223843e-02
<MEAN> 6
 6.934290e+01 -6.464880e+02 1.946402e+03 -2.283065e+00 -3.555145e+00 -1.653829e+02
<VARIANCE> 6
 3.171274e+01 1.309607e+04 2.375400e+04 2.998645e+02 4.044808e+04 5.191738e+07
<GCONST> 6.811583e+01
<MIXTURE> 12 6.979197e-02
<MEAN> 6
 7.708239e+01 -4.103326e+02 4.470089e+02 -5.170664e-01 -7.960541e+00 5.803733e+01
<VARIANCE> 6
 3.171274e+01 1.309607e+04 2.265085e+05 2.998645e+02 4.044808e+04 5.191738e+07
<GCONST> 7.037085e+01
<MIXTURE> 13 2.980997e-02
<MEAN> 6
 6.272248e+01 -1.742010e+03 -1.913160e+02 -3.229755e+00 -2.294960e+00 -4.254911e+01
<VARIANCE> 6
 3.171274e+01 3.409310e+05 1.362684e+04 2.998645e+02 4.044808e+04 5.191738e+07
<GCONST> 7.081947e+01
<MIXTURE> 14 8.626156e-02
<MEAN> 6
 8.150732e+01 -8.768242e+02 2.313721e+02 1.074512e+00 -1.115332e+01 -1.842500e+02
<VARIANCE> 6
 3.171274e+01 1.392006e+04 1.674411e+04 2.998645e+02 4.044808e+04 5.191738e+07
<GCONST> 6.782713e+01
<MIXTURE> 15 9.386282e-02
<MEAN> 6
 8.284575e+01 -7.909417e+02 1.394249e+02 -1.662202e-01 -3.914030e+00 -1.076189e+02
<VARIANCE> 6
 3.171274e+01 1.309607e+04 1.362684e+04 2.998645e+02 4.044808e+04 5.191738e+07
<GCONST> 6.756012e+01
<STATE> 8
<NUMMIXES> 15
<MIXTURE> 1 3.087286e-02
<MEAN> 6
 2.126980e+01 -2.352663e+01 -4.570073e+02 -3.199328e+02 -4.689456e+02 1.115172e+04
<VARIANCE> 6
 6.106687e+02 4.864568e+06 2.655338e+06 6.333439e+03 5.233516e+05 3.015348e+08
<GCONST> 8.907739e+01
<MIXTURE> 2 6.047430e-02
<MEAN> 6
 -4.083605e+01 -8.040504e+01 6.039428e+01 1.794685e+02 1.026907e+03 -6.573134e+02
<VARIANCE> 6
 7.268892e+01 7.194903e+05 2.239989e+05 3.019107e+03 1.534315e+05 5.191738e+07
<GCONST> 7.883804e+01
<MIXTURE> 3 6.328844e-02
<MEAN> 6
 8.898382e+01 -8.707074e+01 1.611030e+02 -9.830956e+00 -8.425354e+01 -3.730766e+02
<VARIANCE> 6
 1.113882e+02 6.095706e+05 3.910740e+05 2.998645e+02 4.112140e+04 5.191738e+07
<GCONST> 7.603023e+01
<MIXTURE> 4 6.181445e-02
<MEAN> 6
 4.408023e+01 3.206894e+02 1.229554e+02 -2.551173e+02 -6.323755e+02 4.375427e+03
<VARIANCE> 6
 2.202690e+02 7.737844e+05 2.890432e+05 2.446772e+03 1.745016e+05 6.230405e+07
<GCONST> 8.037524e+01
<MIXTURE> 5 9.266917e-02
<MEAN> 6
 -5.852206e+01 -1.340812e+01 7.053558e+01 3.310110e+01 7.959286e+02 -5.498861e+02
<VARIANCE> 6
 7.425657e+01 5.186980e+05 3.873667e+05 4.974901e+03 1.344919e+05 7.601980e+07
<GCONST> 7.982892e+01
<MIXTURE> 6 7.045457e-02
<MEAN> 6
 8.571868e+01 1.761179e+02 -1.145333e+02 4.165304e+01 -1.130838e+03 -1.094001e+03
<VARIANCE> 6
 2.552903e+02 2.460633e+06 8.728371e+05 1.670424e+04 1.128934e+06 8.111174e+08
<GCONST> 8.913922e+01
<MIXTURE> 7 8.977863e-02
<MEAN> 6
 -6.378458e+00 2.699663e+02 -5.552624e+00 -2.640767e+02 1.551301e+02 3.096800e+03
<VARIANCE> 6
 3.840642e+02 7.409963e+05 4.940786e+05 3.478915e+03 1.860385e+05 1.394310e+08
<GCONST> 8.264554e+01
<MIXTURE> 8 9.048782e-02
<MEAN> 6
 -4.904544e+01 2.394625e+02 3.833426e+01 -1.452215e+02 1.516804e+03 3.185650e+03
<VARIANCE> 6
 1.970346e+02 1.045398e+06 9.086928e+05 1.726252e+04 7.576783e+05 6.147284e+08
<GCONST> 8.742131e+01
<MIXTURE> 9 5.635624e-02
<MEAN> 6
 8.270918e+01 -3.026351e+00 1.108958e+02 4.908872e+01 -5.376487e+02 8.535474e+02
<VARIANCE> 6
 1.539108e+02 8.113027e+05 5.923573e+05 6.475319e+03 1.086601e+05 5.191738e+07
<GCONST> 8.109880e+01
<MIXTURE> 10 8.366220e-02
<MEAN> 6
 4.799667e+01 1.326297e+02 -3.342750e+00 2.120808e+02 -4.607997e+02 1.126668e+02
<VARIANCE> 6
 2.892898e+02 1.245675e+06 4.329793e+05 1.528909e+03 1.234262e+05 5.191738e+07
<GCONST> 8.052919e+01
<MIXTURE> 11 6.135635e-02
<MEAN> 6
 -1.282815e+01 -3.908485e+01 1.625747e+00 2.703807e+02 4.274505e+02 -8.346306e+03
<VARIANCE> 6
 1.337616e+02 7.393685e+05 3.211073e+05 2.775763e+03 1.580872e+05 8.051390e+07
<GCONST> 8.021992e+01
<MIXTURE> 12 6.619025e-02
<MEAN> 6
 7.447659e+01 2.822414e+01 9.130487e+01 -1.336067e+02 -8.967697e+02 -9.270661e+02
<VARIANCE> 6
 1.455009e+02 4.885803e+05 2.096501e+05 2.941172e+03 1.562722e+05 5.191738e+07
<GCONST> 7.907098e+01
<MIXTURE> 13 5.553178e-02
<MEAN> 6
 2.049844e+01 -8.191628e+01 -1.527976e+02 2.881694e+02 -3.193950e+02 -5.686720e+03
<VARIANCE> 6
 2.181110e+02 1.106874e+06 7.785050e+05 2.296722e+03 1.390036e+05 5.191738e+07
<GCONST> 8.124110e+01
<MIXTURE> 14 6.212200e-02
<MEAN> 6
 -6.461246e+01 -9.064706e+01 -6.694573e+01 1.058217e+01 1.508040e+02 -1.839471e+01
<VARIANCE> 6
 5.308850e+01 7.067528e+05 5.580451e+05 4.417057e+02 5.338276e+04 5.191738e+07
<GCONST> 7.644090e+01
<MIXTURE> 15 5.476100e-02
<MEAN> 6
 7.955012e+01 -3.331715e+02 1.335512e+02 5.768261e+01 -6.801319e+02 -2.569276e+03
<VARIANCE> 6
 1.367181e+02 7.614338e+05 7.925833e+05 8.841758e+03 1.386596e+05 7.949722e+07
<GCONST> 8.218945e+01
<STATE> 9
<NUMMIXES> 15
<MIXTURE> 1 5.549046e-02
<MEAN> 6
 1.086428e+02 1.162711e+03 -5.280937e+02 -6.993285e+00 -2.468684e+00 7.312969e+02
<VARIANCE> 6
 3.171274e+01 5.059519e+05 6.430866e+04 2.998645e+02 4.044808e+04 5.191738e+07
<GCONST> 7.276590e+01
<MIXTURE> 2 3.709166e-02
<MEAN> 6
 8.246048e+01 -8.087241e+02 -9.699411e+03 -3.564482e+00 3.862316e+00 -4.055849e+01
<VARIANCE> 6
 3.171274e+01 1.309607e+04 4.708135e+06 2.998645e+02 4.044808e+04 5.191738e+07
<GCONST> 7.340512e+01
<MIXTURE> 3 6.604508e-02
<MEAN> 6
 9.027610e+01 4.565756e+02 1.997656e+03 -3.185129e+00 -7.135047e+00 2.496986e+02
<VARIANCE> 6
 3.171274e+01 2.207802e+05 1.557385e+05 2.998645e+02 4.044808e+04 5.191738e+07
<GCONST> 7.282111e+01
<MIXTURE> 4 9.034398e-02
<MEAN> 6
 9.511642e+01 -1.819845e+02 2.409036e+01 -4.303577e+00 -4.603837e+00 -1.285993e+01
<VARIANCE> 6
 3.171274e+01 3.072295e+04 1.362684e+04 2.998645e+02 4.044808e+04 5.191738e+07
<GCONST> 6.841281e+01
<MIXTURE> 5 3.831621e-02
<MEAN> 6
 7.939714e+01 2.217844e+03 -1.156386e+03 -1.346513e+00 8.598710e-01 -1.766182e+00
<VARIANCE> 6
 3.171274e+01 1.403103e+05 1.362684e+04 2.998645e+02 4.044808e+04 5.191738e+07
<GCONST> 6.993166e+01
<MIXTURE> 6 5.908700e-02
<MEAN> 6
 9.284975e+01 -2.780832e+02 -1.696443e+03 -6.188963e+00 -1.817771e-01 2.116816e+01
<VARIANCE> 6
 4.678447e+01 2.042070e+04 1.084616e+05 2.998645e+02 4.044808e+04 5.191738e+07
<GCONST> 7.046754e+01
<MIXTURE> 7 5.761693e-02
<MEAN> 6
 8.558475e+01 -8.866238e+02 2.243374e+03 -3.434170e+00 -7.312657e+00 4.310498e+01
<VARIANCE> 6
 3.171274e+01 3.586002e+04 7.869097e+05 2.998645e+02 4.044808e+04 5.191738e+07
<GCONST> 7.262349e+01
<MIXTURE> 8 3.883227e-02
<MEAN> 6
 7.519147e+01 5.716784e+02 -4.221034e+03 -2.344296e+00 -5.111958e-01 -3.262391e+00
<VARIANCE> 6
 3.190387e+01 1.681922e+04 3.245067e+04 2.998645e+02 4.044808e+04 5.191738e+07
<GCONST> 6.868401e+01
<MIXTURE> 9 1.083819e-01
<MEAN> 6
 9.294327e+01 2.480114e+02 -3.531884e+02 -4.209230e+00 -2.524963e+00 1.011737e+02
<VARIANCE> 6
 3.171274e+01 1.309607e+04 2.950095e+04 2.998645e+02 4.044808e+04 5.191738e+07
<GCONST> 6.833249e+01
<MIXTURE> 10 6.714857e-02
<MEAN> 6
 8.310210e+01 9.338257e+01 -2.213887e+03 -1.218384e+00 -4.391590e+00 -2.445740e+00
<VARIANCE> 6
 1.035426e+02 3.455570e+04 1.518569e+04 2.998645e+02 4.044808e+04 5.191738e+07
<GCONST> 6.982195e+01
<MIXTURE> 11 8.309990e-02
<MEAN> 6
 9.028551e+01 -7.960735e+02 -1.148750e+03 -3.239141e+00 -3.545851e+00 1.415844e+02
<VARIANCE> 6
 5.831824e+01 3.718474e+04 3.069166e+04 2.998645e+02 4.044808e+04 5.191738e+07
<GCONST> 7.002484e+01
<MIXTURE> 12 4.034358e-02
<MEAN> 6
 9.978858e+01 1.689568e+03 -2.747961e+03 -6.762335e+00 -1.111035e+01 2.851120e+02
<VARIANCE> 6
 8.272298e+01 2.957068e+05 2.230759e+05 2.998645e+02 4.044808e+04 5.191738e+07
<GCONST> 7.443143e+01
<MIXTURE> 13 4.787620e-02
<MEAN> 6
 7.760554e+01 -6.700042e+02 -1.891490e+03 -4.161281e+00 2.666515e+00 4.712691e+01
<VARIANCE> 6
 3.171274e+01 8.457136e+05 1.362684e+04 2.998645e+02 4.044808e+04 5.191738e+07
<GCONST> 7.172798e+01
<MIXTURE> 14 1.378181e-01
<MEAN> 6
 9.530206e+01 8.364505e+02 -5.873489e+02 -4.483464e+00 1.466286e+00 1.223678e+02
<VARIANCE> 6
 3.630994e+01 1.264534e+05 5.327741e+05 2.998645e+02 4.044808e+04 5.191738e+07
<GCONST> 7.362910e+01
<MIXTURE> 15 7.248007e-02
<MEAN> 6
 8.938314e+01 3.041213e+02 -2.764814e+03 -3.023971e+00 -1.012496e+01 2.418358e+02
<VARIANCE> 6
 3.171274e+01 7.381262e+05 7.857611e+05 2.998645e+02 4.044808e+04 5.191738e+07
<GCONST> 7.564653e+01
<STATE> 10
<NUMMIXES> 15
<MIXTURE> 1 5.169402e-02
<MEAN> 6
 8.105560e+01 1.117948e+02 7.600458e+02 -4.299191e+00 -1.479166e+00 1.336255e+02
<VARIANCE> 6
 3.171274e+01 1.702065e+04 1.542879e+04 2.998645e+02 4.044808e+04 5.191738e+07
<GCONST> 6.794643e+01
<MIXTURE> 2 5.599630e-02
<MEAN> 6
 8.216473e+01 7.433439e+02 3.680316e+02 -4.859889e+00 2.717693e-01 6.996764e+01
<VARIANCE> 6
 3.171274e+01 2.084494e+04 2.160793e+04 2.998645e+02 4.044808e+04 5.191738e+07
<GCONST> 6.848593e+01
<MIXTURE> 3 9.748390e-02
<MEAN> 6
 7.888540e+01 -1.293427e+02 1.964055e+02 -1.625685e+00 -6.313504e+00 1.637117e+02
<VARIANCE> 6
 3.171274e+01 1.309607e+04 1.362684e+04 2.998645e+02 4.044808e+04 5.191738e+07
<GCONST> 6.756012e+01
<MIXTURE> 4 7.983050e-02
<MEAN> 6
 7.440510e+01 1.063002e+03 2.750601e+01 -3.347673e+00 7.372799e+00 -2.477385e+01
<VARIANCE> 6
 3.171274e+01 1.309607e+04 1.924732e+04 2.998645e+02 4.044808e+04 5.191738e+07
<GCONST> 6.790544e+01
<MIXTURE> 5 5.891425e-02
<MEAN> 6
 8.568211e+01 -1.190249e+03 -6.346129e+01 -5.696552e+00 -5.057799e+00 1.114742e+02
<VARIANCE> 6
 3.171274e+01 5.082515e+04 1.362684e+04 2.998645e+02 4.044808e+04 5.191738e+07
<GCONST> 6.891620e+01
<MIXTURE> 6 8.841720e-02
<MEAN> 6
 7.867380e+01 -2.514755e+01 -8.760667e+02 -5.438797e+00 6.323915e-01 -3.717809e+01
<VARIANCE> 6
 3.171274e+01 4.373867e+04 6.293446e+04 2.998645e+02 4.044808e+04 5.191738e+07
<GCONST> 7.029608e+01
<MIXTURE> 7 5.974657e-02
<MEAN> 6
 7.407987e+01 1.453704e+03 -3.339931e+02 -3.051716e+00 -8.703054e+00 1.061432e+02
<VARIANCE> 6
 3.171274e+01 2.323642e+05 2.065713e+04 2.998645e+02 4.044808e+04 5.191738e+07
<GCONST> 7.085213e+01
<MIXTURE> 8 5.645316e-02
<MEAN> 6
 7.906208e+01 -8.062778e+02 4.690816e+02 -4.177317e+00 1.270358e+01 -6.199584e+01
<VARIANCE> 6
 3.171274e+01 1.309607e+04 1.362684e+04 2.998645e+02 4.044808e+04 5.191738e+07
<GCONST> 6.756012e+01
<MIXTURE> 9 6.690142e-02
<MEAN> 6
 7.099702e+01 4.938696e+02 5.930457e+02 -3.804599e+00 5.209465e+00 4.860064e+01
<VARIANCE> 6
 3.171274e+01 1.309607e+04 1.362684e+04 2.998645e+02 4.044808e+04 5.191738e+07
<GCONST> 6.756012e+01
<MIXTURE> 10 7.711427e-02
<MEAN> 6
 7.794079e+01 5.443516e+02 -1.172149e+02 -2.382047e+00 -8.210455e+00 9.753741e+01
<VARIANCE> 6
 3.171274e+01 3.496699e+04 6.076905e+04 2.998645e+02 4.044808e+04 5.191738e+07
<GCONST> 7.003725e+01
<MIXTURE> 11 9.227804e-02
<MEAN> 6
 7.756170e+01 -4.407876e+02 1.565355e+02 -4.068435e+00 7.335676e+00 1.342525e+02
<VARIANCE> 6
 3.171274e+01 1.784957e+05 1.362684e+04 2.998645e+02 4.044808e+04 5.191738e+07
<GCONST> 7.017236e+01
<MIXTURE> 12 7.443912e-02
<MEAN> 6
 7.433565e+01 1.132529e+03 -6.081640e+02 -2.385161e+00 -2.080513e+00 9.158575e+01
<VARIANCE> 6
 3.171274e+01 1.940563e+05 4.141088e+04 2.998645e+02 4.044808e+04 5.191738e+07
<GCONST> 7.136745e+01
<MIXTURE> 13 6.770725e-02
<MEAN> 6
 7.584859e+01 6.389008e+02 -4.425127e+02 -2.244799e+00 -6.579656e+00 1.190641e+02
<VARIANCE> 6
 3.171274e+01 5.879425e+04 5.139432e+04 2.998645e+02 4.044808e+04 5.191738e+07
<GCONST> 7.038933e+01
<MIXTURE> 14 3.236349e-02
<MEAN> 6
 7.568495e+01 -1.358065e+03 6.049895e+02 -6.543065e+00 1.721282e+01 2.580655e+02
<VARIANCE> 6
 3.171274e+01 2.588503e+05 2.821910e+05 2.998645e+02 4.044808e+04 5.191738e+07
<GCONST> 7.357460e+01
<MIXTURE> 15 4.062371e-02
<MEAN> 6
 8.224771e+01 -1.409746e+03 -2.676195e+02 -2.333007e+00 1.742207e+00 1.387011e+01
<VARIANCE> 6
 3.171274e+01 6.539155e+04 5.558948e+04 2.998645e+02 4.044808e+04 5.191738e+07
<GCONST> 7.057414e+01
<STATE> 11
<NUMMIXES> 15
<MIXTURE> 1 7.572223e-02
<MEAN> 6
 6.132672e+01 2.225752e+03 8.314155e+02 2.859926e-01 2.782048e-01 -1.739333e+01
<VARIANCE> 6
 3.171274e+01 3.506632e+05 1.660119e+05 2.998645e+02 4.044808e+04 5.191738e+07
<GCONST> 7.334764e+01
<MIXTURE> 2 6.463758e-02
<MEAN> 6
 6.020758e+01 4.739754e+02 9.080922e+01 -2.320252e-02 -1.733419e+00 -1.391753e+02
<VARIANCE> 6
 3.171274e+01 1.309607e+04 1.362684e+04 2.998645e+02 4.044808e+04 5.191738e+07
<GCONST> 6.756012e+01
<MIXTURE> 3 8.248176e-02
<MEAN> 6
 6.452477e+01 3.559703e+02 -1.161236e+02 4.597918e-01 -8.991267e+00 -1.241469e+02
<VARIANCE> 6
 3.171274e+01 1.309607e+04 1.362684e+04 2.998645e+02 4.044808e+04 5.191738e+07
<GCONST> 6.756012e+01
<MIXTURE> 4 8.227030e-02
<MEAN> 6
 5.438256e+01 8.446865e+02 2.496868e-01 1.357908e+00 2.159988e+00 -1.243681e+02
<VARIANCE> 6
 3.171274e+01 1.309607e+04 1.362684e+04 2.998645e+02 4.044808e+04 5.191738e+07
<GCONST> 6.756012e+01
<MIXTURE> 5 8.618148e-02
<MEAN> 6
 6.185493e+01 3.479286e+01 -7.352933e+01 -4.899738e-01 -3.859207e+00 -1.416795e+02
<VARIANCE> 6
 3.171274e+01 1.309607e+04 1.362684e+04 2.998645e+02 4.044808e+04 5.191738e+07
<GCONST> 6.756012e+01
<MIXTURE> 6 4.736140e-02
<MEAN> 6
 6.186314e+01 5.274259e+01 -6.143682e+01 -4.640600e-01 -4.123824e+00 -1.421390e+02
<VARIANCE> 6
 3.171274e+01 1.309607e+04 1.362684e+04 2.998645e+02 4.044808e+04 5.191738e+07
<GCONST> 6.756012e+01
<MIXTURE> 7 1.084052e-02
<MEAN> 6
 6.456421e+01 3.480625e+02 -1.165079e+02 3.893852e-01 -9.066691e+00 -1.230834e+02
<VARIANCE> 6
 3.171274e+01 1.309607e+04 1.362684e+04 2.998645e+02 4.044808e+04 5.191738e+07
<GCONST> 6.756012e+01
<MIXTURE> 8 6.500038e-02
<MEAN> 6
 6.020725e+01 4.739899e+02 9.079128e+01 -2.299521e-02 -1.732163e+00 -1.391672e+02
<VARIANCE> 6
 3.171274e+01 1.309607e+04 1.362684e+04 2.998645e+02 4.044808e+04 5.191738e+07
<GCONST> 6.756012e+01
<MIXTURE> 9 1.022922e-01
<MEAN> 6
 6.185581e+01 3.210661e+01 -7.504296e+01 -4.932084e-01 -3.823575e+00 -1.417499e+02
<VARIANCE> 6
 3.171274e+01 1.309607e+04 1.362684e+04 2.998645e+02 4.044808e+04 5.191738e+07
<GCONST> 6.756012e+01
<MIXTURE> 10 8.709369e-02
<MEAN> 6
 6.185591e+01 3.188230e+01 -7.516608e+01 -4.934669e-01 -3.820646e+00 -1.417574e+02
<VARIANCE> 6
 3.171274e+01 1.309607e+04 1.362684e+04 2.998645e+02 4.044808e+04 5.191738e+07
<GCONST> 6.756012e+01
<MIXTURE> 11 8.017662e-02
<MEAN> 6
 6.452493e+01 3.559564e+02 -1.161277e+02 4.596954e-01 -8.991916e+00 -1.241463e+02
<VARIANCE> 6
 3.171274e+01 1.309607e+04 1.362684e+04 2.998645e+02 4.044808e+04 5.191738e+07
<GCONST> 6.756012e+01
<MIXTURE> 12 6.487595e-02
<MEAN> 6
 6.020686e+01 4.740068e+02 9.077605e+01 -2.278532e-02 -1.730698e+00 -1.391576e+02
<VARIANCE> 6
 3.171274e+01 1.309607e+04 1.362684e+04 2.998645e+02 4.044808e+04 5.191738e+07
<GCONST> 6.756012e+01
<MIXTURE> 13 6.456275e-02
<MEAN> 6
 6.020622e+01 4.740358e+02 9.074174e+01 -2.238132e-02 -1.728222e+00 -1.391423e+02
<VARIANCE> 6
 3.171274e+01 1.309607e+04 1.362684e+04 2.998645e+02 4.044808e+04 5.191738e+07
<GCONST> 6.756012e+01
<MIXTURE> 14 3.912210e-02
<MEAN> 6
 6.015879e+01 1.365710e+03 1.060580e+03 -3.812275e+00 -6.912944e+00 3.437416e+02
<VARIANCE> 6
 3.171274e+01 1.009204e+06 1.324004e+06 2.998645e+02 4.044808e+04 5.191738e+07
<GCONST> 7.648109e+01
<MIXTURE> 15 4.733059e-02
<MEAN> 6
 6.182877e+01 2.058131e+01 -8.191656e+01 -5.028268e-01 -3.685487e+00 -1.422596e+02
<VARIANCE> 6
 3.171274e+01 1.309607e+04 1.362684e+04 2.998645e+02 4.044808e+04 5.191738e+07
<GCONST> 6.756012e+01
<STATE> 12
<NUMMIXES> 15
<MIXTURE> 1 9.749823e-02
<MEAN> 6
 3.108968e+01 -2.701614e+03 1.564669e+02 1.099478e+01 2.821348e+01 -1.712254e+02
<VARIANCE> 6
 1.534886e+03 8.761943e+05 4.456081e+05 9.353310e+03 7.570213e+04 5.191738e+07
<GCONST> 8.319722e+01
<MIXTURE> 2 5.217040e-02
<MEAN> 6
 8.198656e+01 -3.929979e+03 1.464046e+03 -4.722345e+00 4.235877e+00 -3.062932e+02
<VARIANCE> 6
 3.171274e+01 9.636804e+04 3.126158e+04 2.998645e+02 4.044808e+04 5.191738e+07
<GCONST> 7.038632e+01
<MIXTURE> 3 7.823484e-02
<MEAN> 6
 7.648918e+01 -5.596409e+03 6.637852e+02 1.114358e+02 -2.458257e+02 -1.504930e+02
<VARIANCE> 6
 1.572562e+02 1.191987e+05 2.253574e+04 9.867117e+02 4.044808e+04 5.191738e+07
<GCONST> 7.306386e+01
<MIXTURE> 4 5.905276e-02
<MEAN> 6
 -4.752047e+01 -5.337152e+03 4.650167e+02 2.841371e+01 7.122032e+02 -1.827613e+03
<VARIANCE> 6
 3.171274e+01 1.846919e+05 9.573187e+04 6.915968e+03 5.072836e+04 5.191738e+07
<GCONST> 7.552072e+01
<MIXTURE> 5 3.063961e-02
<MEAN> 6
 9.974220e+01 -6.528310e+03 7.302233e+02 3.769466e+01 -5.518062e+02 1.007433e+03
<VARIANCE> 6
 3.171274e+01 1.086436e+06 4.197321e+04 6.315030e+02 4.044808e+04 5.191738e+07
<GCONST> 7.384822e+01
<MIXTURE> 6 1.107468e-01
<MEAN> 6
 2.562401e+01 -5.529687e+03 2.111815e+02 -3.437712e+01 -4.089140e+01 -1.387117e+02
<VARIANCE> 6
 3.277131e+02 1.353796e+05 6.354162e+04 3.887297e+04 8.657137e+04 5.191738e+07
<GCONST> 7.939663e+01
<MIXTURE> 7 6.079060e-02
<MEAN> 6
 9.602134e+01 -8.592439e+03 -2.849541e+02 -8.647002e+00 1.215396e+01 4.118248e+02
<VARIANCE> 6
 3.171274e+01 2.272358e+06 3.673315e+06 2.998645e+02 4.044808e+04 5.191738e+07
<GCONST> 7.831319e+01
<MIXTURE> 8 6.535340e-02
<MEAN> 6
 7.818192e+01 -6.209867e+03 -1.319954e+02 -1.304778e+02 -5.327004e+02 6.077346e+02
<VARIANCE> 6
 1.628501e+02 2.274390e+05 2.058863e+04 2.844406e+03 4.942305e+04 5.191738e+07
<GCONST> 7.491367e+01
<MIXTURE> 9 6.203680e-02
<MEAN> 6
 9.111133e+01 -6.787046e+03 -5.212258e+02 -5.232769e+00 1.675620e+00 -1.589864e+00
<VARIANCE> 6
 3.171274e+01 1.309607e+04 1.362684e+04 2.998645e+02 4.044808e+04 5.191738e+07
<GCONST> 6.756012e+01
<MIXTURE> 10 4.893475e-02
<MEAN> 6
 -1.663489e+01 -5.999885e+03 4.186567e+02 1.870935e+02 3.350003e+02 -2.210401e+03
<VARIANCE> 6
 1.956256e+02 4.515726e+05 4.209328e+04 1.004137e+03 4.044808e+04 5.191738e+07
<GCONST> 7.525642e+01
<MIXTURE> 11 4.481724e-02
<MEAN> 6
 -2.702226e+01 -5.386207e+03 1.376018e+03 -1.711932e+02 3.576990e+02 4.989664e+03
<VARIANCE> 6
 1.697470e+02 5.875311e+04 5.189790e+05 1.195495e+03 3.304130e+05 1.255705e+08
<GCONST> 7.874508e+01
<MIXTURE> 12 7.047381e-02
<MEAN> 6
 1.001783e+02 -7.279152e+03 3.112706e+02 -5.632114e+00 -6.193190e+01 9.211876e+02
<VARIANCE> 6
 3.171274e+01 1.959447e+05 7.736084e+04 2.998645e+02 4.044808e+04 5.191738e+07
<GCONST> 7.200208e+01
<MIXTURE> 13 8.472780e-02
<MEAN> 6
 8.040877e+01 -4.403276e+03 2.468578e+02 -5.978122e+00 3.597606e+01 -4.055469e+02
<VARIANCE> 6
 3.171274e+01 1.238211e+06 1.362684e+04 2.998645e+02 4.044808e+04 5.191738e+07
<GCONST> 7.210922e+01
<MIXTURE> 14 7.695437e-02
<MEAN> 6
 -5.277530e+01 -5.578982e+03 4.133495e+02 -3.649996e+00 1.433846e+02 1.579023e+02
<VARIANCE> 6
 3.171274e+01 3.520902e+05 6.376542e+04 2.998645e+02 4.044808e+04 5.191738e+07
<GCONST> 7.239485e+01
<MIXTURE> 15 5.755862e-02
<MEAN> 6
 9.824717e+01 -7.193132e+03 -7.980481e+01 -1.755337e+01 -1.568241e+02 -1.281056e+03
<VARIANCE> 6
 3.171274e+01 3.473861e+04 3.283809e+04 2.998645e+02 4.044808e+04 5.191738e+07
<GCONST> 6.941521e+01
<STATE> 13
<NUMMIXES> 15
<MIXTURE> 1 7.108177e-02
<MEAN> 6
 1.160822e+01 8.995030e+01 7.870677e+01 2.343200e+02 -1.274586e+02 -4.497622e+03
<VARIANCE> 6
 4.876964e+02 6.240895e+04 1.120121e+05 2.523173e+03 1.620078e+05 7.158730e+07
<GCONST> 7.779988e+01
<MIXTURE> 2 2.336054e-02
<MEAN> 6
 -4.777203e+01 1.537596e+01 1.410204e+02 -4.603136e+01 1.432769e+03 -1.095084e+03
<VARIANCE> 6
 2.169660e+02 1.532539e+05 6.280118e+05 2.214089e+04 5.142904e+05 3.800836e+08
<GCONST> 8.460880e+01
<MIXTURE> 3 7.477323e-02
<MEAN> 6
 4.379578e+01 2.097036e+02 6.210520e+01 -1.957859e+02 -5.107388e+02 4.735705e+03
<VARIANCE> 6
 1.846125e+02 1.295446e+05 5.231730e+04 4.708420e+03 1.968887e+05 9.638201e+07
<GCONST> 7.791371e+01
<MIXTURE> 4 3.973089e-02
<MEAN> 6
 8.391435e+01 -6.961987e+02 2.141940e+02 -4.445613e+00 -5.067106e+01 3.621035e+02
<VARIANCE> 6
 1.482974e+02 1.907795e+05 1.133944e+05 2.998645e+02 4.044808e+04 5.191738e+07
<GCONST> 7.390025e+01
<MIXTURE> 5 8.630117e-02
<MEAN> 6
 -2.162307e+01 -6.952871e+01 3.990794e+00 4.481316e+01 2.521798e+02 -1.320699e+03
<VARIANCE> 6
 1.602190e+02 8.927864e+04 1.382677e+04 1.323266e+04 7.668547e+04 5.191738e+07
<GCONST> 7.554076e+01
<MIXTURE> 6 4.929934e-02
<MEAN> 6
 6.391075e+01 3.490751e+01 1.288787e+00 1.062212e+02 -3.520022e+02 -3.954648e+02
<VARIANCE> 6
 1.486832e+02 8.290530e+04 2.878922e+04 5.188651e+03 7.721498e+04 5.191738e+07
<GCONST> 7.519603e+01
<MIXTURE> 7 9.812226e-02
<MEAN> 6
 -4.369366e+01 8.549313e+01 -7.118857e+01 2.995322e+01 9.396268e+02 -6.045520e+02
<VARIANCE> 6
 1.111993e+02 7.542914e+04 5.231663e+04 1.646844e+04 1.433623e+05 8.644885e+07
<GCONST> 7.769200e+01
<MIXTURE> 8 8.876666e-02
<MEAN> 6
 2.540828e+01 -1.724403e+02 -9.623133e+01 1.465205e+02 -5.274325e+01 -2.580773e+02
<VARIANCE> 6
 4.855043e+02 1.606288e+05 5.214677e+04 1.430085e+03 5.216282e+04 5.191738e+07
<GCONST> 7.595390e+01
<MIXTURE> 9 5.464040e-02
<MEAN> 6
 8.066959e+01 -2.964685e+02 -2.505383e+01 3.002661e+01 -9.769598e+02 -1.996481e+03
<VARIANCE> 6
 1.599573e+02 7.824484e+05 1.202378e+05 1.085988e+04 6.477587e+05 3.390079e+08
<GCONST> 8.368522e+01
<MIXTURE> 10 6.312193e-02
<MEAN> 6
 -3.946427e+00 2.792881e+01 8.420467e+01 -2.177996e+02 3.478695e+02 5.855836e+03
<VARIANCE> 6
 4.390552e+02 1.346818e+05 3.947559e+04 4.708100e+03 2.779230e+05 2.425011e+08
<GCONST> 7.980465e+01
<MIXTURE> 11 7.410110e-02
<MEAN> 6
 7.334005e+01 -7.974690e+01 -2.682863e+00 -8.032842e+01 -7.411255e+02 -3.923315e+02
<VARIANCE> 6
 1.462606e+02 1.642227e+05 1.679923e+04 5.240263e+03 1.806396e+05 5.191738e+07
<GCONST> 7.618427e+01
<MIXTURE> 12 1.032056e-01
<MEAN> 6
 7.212739e+01 -1.494642e+02 -2.904200e+01 -7.999700e+00 -3.232413e+01 -1.705071e+01
<VARIANCE> 6
 5.054798e+01 2.137173e+05 4.858808e+04 2.998645e+02 4.044808e+04 5.191738e+07
<GCONST> 7.209000e+01
<MIXTURE> 13 6.266107e-02
<MEAN> 6
 -5.023689e+01 8.262889e+01 -1.073800e+01 1.454853e+01 4.128860e+02 -1.896708e+02
<VARIANCE> 6
 1.023643e+02 5.700854e+04 9.274398e+04 1.321855e+03 6.737838e+04 5.191738e+07
<GCONST> 7.411440e+01
<MIXTURE> 14 6.285927e-02
<MEAN> 6
 -3.565416e+00 9.743035e+01 -7.366095e+00 -1.900116e+02 1.483919e+02 1.081455e+03
<VARIANCE> 6
 4.562655e+02 7.414984e+04 1.423869e+05 3.397202e+03 1.017426e+05 7.455567e+07
<GCONST> 7.801845e+01
<MIXTURE> 15 4.783199e-02
<MEAN> 6
 6.329048e+01 -1.975042e+02 -3.709561e+01 9.626393e+01 -4.407975e+02 -1.254358e+03
<VARIANCE> 6
 1.020140e+02 1.563447e+05 1.026847e+05 4.992950e+03 7.171261e+04 5.191738e+07
<GCONST> 7.661298e+01
<TRANSP> 14
 0.000000e+00 1.000000e+00 0.000000e+00 0.000000e+00 0.000000e+00 0.000000e+00 0.000000e+00 0.000000e+00 0.000000e+00 0.000000e+00 0.000000e+00 0.000000e+00 0.000000e+00 0.000000e+00
 0.000000e+00 9.984313e-01 1.568733e-03 0.000000e+00 0.000000e+00 0.000000e+00 0.000000e+00 0.000000e+00 0.000000e+00 0.000000e+00 0.000000e+00 0.000000e+00 0.000000e+00 0.000000e+00
 0.000000e+00 0.000000e+00 9.993243e-01 6.757330e-04 0.000000e+00 0.000000e+00 0.000000e+00 0.000000e+00 0.000000e+00 0.000000e+00 0.000000e+00 0.000000e+00 0.000000e+00 0.000000e+00
 0.000000e+00 0.000000e+00 0.000000e+00 9.995336e-01 4.663533e-04 0.000000e+00 0.000000e+00 0.000000e+00 0.000000e+00 0.000000e+00 0.000000e+00 0.000000e+00 0.000000e+00 0.000000e+00
 0.000000e+00 0.000000e+00 0.000000e+00 0.000000e+00 9.992260e-01 7.739681e-04 0.000000e+00 0.000000e+00 0.000000e+00 0.000000e+00 0.000000e+00 0.000000e+00 0.000000e+00 0.000000e+00
 0.000000e+00 0.000000e+00 0.000000e+00 0.000000e+00 0.000000e+00 9.998354e-01 1.646550e-04 0.000000e+00 0.000000e+00 0.000000e+00 0.000000e+00 0.000000e+00 0.000000e+00 0.000000e+00
 0.000000e+00 0.000000e+00 0.000000e+00 0.000000e+00 0.000000e+00 0.000000e+00 9.987962e-01 1.203799e-03 0.000000e+00 0.000000e+00 0.000000e+00 0.000000e+00 0.000000e+00 0.000000e+00
 0.000000e+00 0.000000e+00 0.000000e+00 0.000000e+00 0.000000e+00 0.000000e+00 0.000000e+00 9.998729e-01 1.270643e-04 0.000000e+00 0.000000e+00 0.000000e+00 0.000000e+00 0.000000e+00
 0.000000e+00 0.000000e+00 0.000000e+00 0.000000e+00 0.000000e+00 0.000000e+00 0.000000e+00 0.000000e+00 9.988778e-01 1.122258e-03 0.000000e+00 0.000000e+00 0.000000e+00 0.000000e+00
 0.000000e+00 0.000000e+00 0.000000e+00 0.000000e+00 0.000000e+00 0.000000e+00 0.000000e+00 0.000000e+00 0.000000e+00 9.986034e-01 1.396654e-03 0.000000e+00 0.000000e+00 0.000000e+00
 0.000000e+00 0.000000e+00 0.000000e+00 0.000000e+00 0.000000e+00 0.000000e+00 0.000000e+00 0.000000e+00 0.000000e+00 0.000000e+00 9.985000e-01 1.499996e-03 0.000000e+00 0.000000e+00
 0.000000e+00 0.000000e+00 0.000000e+00 0.000000e+00 0.000000e+00 0.000000e+00 0.000000e+00 0.000000e+00 0.000000e+00 0.000000e+00 0.000000e+00 9.967551e-01 3.244908e-03 0.000000e+00
 0.000000e+00 0.000000e+00 0.000000e+00 0.000000e+00 0.000000e+00 0.000000e+00 0.000000e+00 0.000000e+00 0.000000e+00 0.000000e+00 0.000000e+00 0.000000e+00 9.997715e-01 2.284879e-04
 0.000000e+00 0.000000e+00 0.000000e+00 0.000000e+00 0.000000e+00 0.000000e+00 0.000000e+00 0.000000e+00 0.000000e+00 0.000000e+00 0.000000e+00 0.000000e+00 0.000000e+00 0.000000e+00
<ENDHMM>
~h "QuintoPRIMARIA"
<BEGINHMM>
<NUMSTATES> 14
<STATE> 2
<NUMMIXES> 15
<MIXTURE> 1 6.305296e-02
<MEAN> 6
 8.384056e+01 3.714783e+02 1.641005e+03 -1.261666e+00 -3.133711e+01 -1.870565e+02
<VARIANCE> 6
 1.470665e+02 2.253813e+05 4.040369e+06 2.998645e+02 4.044808e+04 5.191738e+07
<GCONST> 7.763181e+01
<MIXTURE> 2 1.485330e-02
<MEAN> 6
 7.818034e+01 -2.401659e+03 -1.879338e+03 1.992709e+01 -1.100091e+03 7.730919e+02
<VARIANCE> 6
 7.116855e+02 3.407029e+07 1.101925e+07 2.499225e+04 2.838935e+06 1.904791e+09
<GCONST> 9.750689e+01
<MIXTURE> 3 5.943361e-02
<MEAN> 6
 -2.155356e+01 -2.977694e+02 2.720143e+02 2.421916e+02 5.453257e+02 -5.085725e+03
<VARIANCE> 6
 2.610499e+02 4.021163e+05 1.499109e+06 5.447392e+03 1.677954e+05 5.191738e+07
<GCONST> 8.211542e+01
<MIXTURE> 4 7.850368e-02
<MEAN> 6
 -6.388519e+01 1.996161e+02 -1.778296e+02 1.327654e+00 1.209113e+02 2.259507e+02
<VARIANCE> 6
 1.772547e+02 7.988088e+05 1.937170e+06 4.061427e+02 4.827295e+04 5.191738e+07
<GCONST> 7.882896e+01
<MIXTURE> 5 5.572590e-02
<MEAN> 6
 1.544874e+01 6.957592e+02 2.262901e+02 -9.007198e+01 -8.130126e+01 1.972326e+02
<VARIANCE> 6
 9.706909e+02 2.954638e+06 1.034002e+06 3.057258e+04 1.687585e+05 5.191738e+07
<GCONST> 8.678235e+01
<MIXTURE> 6 5.095383e-02
<MEAN> 6
 5.961148e+01 2.823747e+01 -1.192845e+03 1.391137e+00 -1.983417e+01 -7.729926e+01
<VARIANCE> 6
 5.759154e+01 2.993321e+05 4.430100e+06 2.998645e+02 4.044808e+04 5.191738e+07
<GCONST> 7.707014e+01
<MIXTURE> 7 1.014022e-01
<MEAN> 6
 7.558558e+01 -2.841062e+01 5.124707e+01 -3.464451e+01 -6.055313e+02 -8.133939e+02
<VARIANCE> 6
 2.855706e+02 6.776699e+05 2.211460e+06 1.400244e+04 1.243568e+05 5.191738e+07
<GCONST> 8.376039e+01
<MIXTURE> 8 5.869347e-02
<MEAN> 6
 -5.194710e+01 2.285715e+02 -5.401288e+02 -1.442888e+02 1.517605e+03 2.375411e+03
<VARIANCE> 6
 2.948848e+02 1.959013e+06 3.141780e+06 2.395077e+04 1.024467e+06 8.301152e+08
<GCONST> 9.062262e+01
<MIXTURE> 9 7.679120e-02
<MEAN> 6
 3.527318e+01 -4.577689e+02 4.281566e+02 2.206468e+02 -3.959054e+02 -2.268369e+03
<VARIANCE> 6
 4.432888e+02 4.008292e+05 2.135945e+06 6.197852e+03 1.205796e+05 5.191738e+07
<GCONST> 8.279439e+01
<MIXTURE> 10 6.863316e-02
<MEAN> 6
 7.334649e+01 4.606918e+01 -2.549990e+02 -1.103321e+00 -1.999602e+01 -1.765644e+02
<VARIANCE> 6
 9.349776e+01 3.857857e+06 1.258323e+06 2.998645e+02 4.044808e+04 5.191738e+07
<GCONST> 7.885239e+01
<MIXTURE> 11 7.534500e-02
<MEAN> 6
 7.259382e+01 -2.801024e+02 -3.911229e+02 -2.741527e+01 -1.001773e+03 -9.636305e+01
<VARIANCE> 6
 5.850816e+02 1.231158e+06 2.533742e+06 3.681106e+04 6.574884e+05 3.793195e+08
<GCONST> 8.983131e+01
<MIXTURE> 12 7.736483e-02
<MEAN> 6
 2.937041e+00 -1.096967e+02 -8.801490e+02 -2.707147e+02 -8.686051e+01 6.375174e+03
<VARIANCE> 6
 7.539475e+02 4.817718e+05 8.653337e+06 7.603270e+03 4.780196e+05 2.395114e+08
<GCONST> 8.801912e+01
<MIXTURE> 13 1.001303e-01
<MEAN> 6
 -5.986464e+01 -2.390755e+02 -2.184299e+00 4.359241e+01 7.336743e+02 -4.091715e+02
<VARIANCE> 6
 1.676788e+02 2.178855e+05 1.604433e+06 9.583262e+03 2.061531e+05 8.005350e+07
<GCONST> 8.233167e+01
<MIXTURE> 14 6.699418e-02
<MEAN> 6
 8.583756e+01 -6.945910e+00 3.335853e+02 -1.011027e+00 -4.055956e+01 -2.011390e+02
<VARIANCE> 6
 1.698749e+02 4.714697e+05 3.051160e+06 2.998645e+02 4.044808e+04 5.191738e+07
<GCONST> 7.823323e+01
<MIXTURE> 15 5.175316e-02
<MEAN> 6
 5.765606e+01 -2.036178e+02 -4.885399e+02 1.949071e+00 -2.085817e+01 -9.416029e+01
<VARIANCE> 6
 6.353436e+01 3.061538e+05 2.397669e+06 2.998645e+02 4.044808e+04 5.191738e+07
<GCONST> 7.657697e+01
<STATE> 3
<NUMMIXES> 15
<MIXTURE> 1 6.668752e-02
<MEAN> 6
 9.383531e+01 2.055328e+02 -2.424388e+02 -1.005681e+01 6.684662e+01 -1.448608e+03
<VARIANCE> 6
 3.232133e+02 4.732613e+04 1.633797e+05 2.356219e+03 6.022018e+05 3.048353e+08
<GCONST> 8.018266e+01
<MIXTURE> 2 8.797994e-02
<MEAN> 6
 -7.981464e+00 2.139564e+02 7.814113e+02 2.758101e+02 6.319011e+02 -4.376910e+03
<VARIANCE> 6
 2.213091e+02 1.059354e+06 2.816320e+06 1.362258e+03 1.348779e+05 5.191738e+07
<GCONST> 8.194511e+01
<MIXTURE> 3 3.426467e-02
<MEAN> 6
 3.048484e+01 1.864984e+03 2.050168e+03 1.590869e+02 -1.833907e+02 -4.515808e+02
<VARIANCE> 6
 8.187117e+02 5.511318e+05 6.104888e+04 7.623950e+02 8.515085e+04 5.191738e+07
<GCONST> 7.772796e+01
<MIXTURE> 4 6.225096e-02
<MEAN> 6
 9.075191e+01 1.913569e+02 2.061628e+02 6.500975e+01 -7.334851e+02 3.539824e+03
<VARIANCE> 6
 1.414144e+02 1.363597e+06 1.250154e+06 1.111308e+03 3.052835e+05 1.347531e+08
<GCONST> 8.250462e+01
<MIXTURE> 5 6.193285e-02
<MEAN> 6
 2.435859e+01 2.932113e+02 2.126826e+03 3.204887e+02 -2.492058e+02 -9.401838e+03
<VARIANCE> 6
 4.132404e+02 3.851798e+05 2.629798e+06 2.069606e+03 4.549623e+05 2.210670e+08
<GCONST> 8.457224e+01
<MIXTURE> 6 8.430058e-02
<MEAN> 6
 9.871607e+01 -3.095768e+02 -1.758612e+03 1.275914e+02 -1.362651e+03 1.147286e+03
<VARIANCE> 6
 2.048554e+02 1.544711e+06 8.060829e+06 1.621517e+04 3.592151e+06 3.683703e+09
<GCONST> 9.331759e+01
<MIXTURE> 7 5.783321e-02
<MEAN> 6
 -3.622810e+01 7.330900e+00 8.401802e+02 2.039761e+02 7.654067e+02 -4.843073e+02
<VARIANCE> 6
 7.069160e+01 5.840901e+05 3.182516e+06 9.935930e+02 6.578569e+04 5.191738e+07
<GCONST> 7.929723e+01
<MIXTURE> 8 7.393399e-02
<MEAN> 6
 5.411805e+01 -1.910560e+02 5.626882e+02 1.952591e+02 -4.570583e+02 7.212486e+02
<VARIANCE> 6
 2.350343e+02 1.203546e+05 3.212854e+06 4.261037e+03 6.136730e+04 5.191738e+07
<GCONST> 8.031493e+01
<MIXTURE> 9 8.470327e-02
<MEAN> 6
 -6.230761e+01 -5.480274e+02 9.249520e+02 1.766975e+01 6.347000e+02 3.744760e+02
<VARIANCE> 6
 6.728487e+01 5.189857e+04 7.626027e+06 7.686344e+03 4.044808e+04 5.191738e+07
<GCONST> 7.926047e+01
<MIXTURE> 10 4.968908e-02
<MEAN> 6
 -1.570630e+01 7.867718e+01 2.443134e+02 1.758105e+02 2.937630e+02 2.830345e+02
<VARIANCE> 6
 2.273372e+02 2.625626e+06 8.278950e+04 2.790684e+03 4.044808e+04 5.191738e+07
<GCONST> 7.886557e+01
<MIXTURE> 11 9.504077e-02
<MEAN> 6
 3.560916e+01 -7.520524e+02 -6.908238e+02 2.772186e+02 -1.927671e+02 -4.770865e+03
<VARIANCE> 6
 4.400115e+02 7.107042e+05 2.996066e+06 1.312801e+03 1.689245e+05 5.191738e+07
<GCONST> 8.248317e+01
<MIXTURE> 12 5.118746e-02
<MEAN> 6
 7.391815e+01 -3.467198e+02 3.008660e+02 1.822151e+02 -1.090965e+03 -8.368383e+03
<VARIANCE> 6
 6.262027e+01 7.123348e+05 2.368059e+06 3.370640e+03 1.134248e+05 7.653746e+07
<GCONST> 8.123328e+01
<MIXTURE> 13 8.093958e-02
<MEAN> 6
 -6.133223e+01 4.104497e+02 1.089136e+02 9.098923e+01 5.835901e+02 2.797284e+03
<VARIANCE> 6
 5.619241e+01 4.236204e+05 6.672218e+05 1.073734e+03 7.015597e+04 5.191738e+07
<GCONST> 7.732605e+01
<MIXTURE> 14 5.785014e-02
<MEAN> 6
 9.345811e+01 -1.572310e+02 -1.666107e+02 -9.716618e+00 -2.531726e+02 1.134394e+04
<VARIANCE> 6
 2.001079e+02 5.612131e+05 1.090569e+07 3.596709e+02 3.259293e+05 1.357509e+08
<GCONST> 8.307473e+01
<MIXTURE> 15 5.139641e-02
<MEAN> 6
 -4.514931e+01 -7.091525e+01 -3.930321e+02 1.557062e+02 8.203645e+02 7.737772e+01
<VARIANCE> 6
 4.122559e+01 4.668950e+05 5.650382e+06 1.228504e+03 1.103988e+05 5.191738e+07
<GCONST> 7.983798e+01
<STATE> 4
<NUMMIXES> 15
<MIXTURE> 1 6.037572e-02
<MEAN> 6
 5.832993e+01 -2.380730e+02 8.748944e+02 -1.210774e+00 -1.369579e+01 -5.136641e+01
<VARIANCE> 6
 3.171274e+01 1.309607e+04 1.362684e+04 2.998645e+02 4.044808e+04 5.191738e+07
<GCONST> 6.756012e+01
<MIXTURE> 2 8.274905e-02
<MEAN> 6
 6.103659e+01 -1.121279e+03 4.589790e+02 2.903908e+00 -4.974806e+00 1.136598e+01
<VARIANCE> 6
 3.171274e+01 1.309607e+04 1.362684e+04 2.998645e+02 4.044808e+04 5.191738e+07
<GCONST> 6.756012e+01
<MIXTURE> 3 1.647527e-02
<MEAN> 6
 4.326362e+01 -1.015159e+03 6.412762e+02 2.533626e+01 -3.619563e+01 7.659562e+01
<VARIANCE> 6
 3.556754e+01 1.309607e+04 1.362684e+04 2.998645e+02 4.044808e+04 5.191738e+07
<GCONST> 6.767482e+01
<MIXTURE> 4 6.563216e-02
<MEAN> 6
 3.743922e+01 -4.870530e+02 7.779567e+01 8.680605e+00 3.354982e+00 -1.765421e+02
<VARIANCE> 6
 1.520561e+02 3.841309e+04 8.186603e+04 2.998645e+02 4.044808e+04 5.191738e+07
<GCONST> 7.199678e+01
<MIXTURE> 5 8.477162e-02
<MEAN> 6
 5.459461e+01 -1.350495e+01 4.420916e+02 -2.243077e-01 -5.148279e+00 -1.651727e+02
<VARIANCE> 6
 3.171274e+01 1.309607e+04 1.362684e+04 2.998645e+02 4.044808e+04 5.191738e+07
<GCONST> 6.756012e+01
<MIXTURE> 6 7.374399e-02
<MEAN> 6
 5.949470e+01 -1.253460e+01 2.799653e+02 8.984065e-01 -3.216212e+00 -1.824418e+02
<VARIANCE> 6
 3.171274e+01 1.309607e+04 1.362684e+04 2.998645e+02 4.044808e+04 5.191738e+07
<GCONST> 6.756012e+01
<MIXTURE> 7 7.625369e-02
<MEAN> 6
 5.502276e+01 -6.486216e+00 4.229482e+02 -1.824003e-01 -4.763297e+00 -1.592401e+02
<VARIANCE> 6
 3.171274e+01 1.309607e+04 1.362684e+04 2.998645e+02 4.044808e+04 5.191738e+07
<GCONST> 6.756012e+01
<MIXTURE> 8 8.212508e-02
<MEAN> 6
 4.972303e+01 -3.070032e+02 1.920756e+02 1.817042e+00 -6.691993e-01 -1.733199e+02
<VARIANCE> 6
 3.171274e+01 2.795693e+04 1.362684e+04 2.998645e+02 4.044808e+04 5.191738e+07
<GCONST> 6.831847e+01
<MIXTURE> 9 9.474688e-02
<MEAN> 6
 5.799522e+01 1.115740e+01 3.037803e+02 7.103331e-01 -2.245040e+00 -1.656360e+02
<VARIANCE> 6
 3.171274e+01 1.309607e+04 1.362684e+04 2.998645e+02 4.044808e+04 5.191738e+07
<GCONST> 6.756012e+01
<MIXTURE> 10 7.369033e-02
<MEAN> 6
 5.938692e+01 -1.001910e+01 2.817536e+02 8.996313e-01 -3.040371e+00 -1.810835e+02
<VARIANCE> 6
 3.171274e+01 1.309607e+04 1.362684e+04 2.998645e+02 4.044808e+04 5.191738e+07
<GCONST> 6.756012e+01
<MIXTURE> 11 7.807336e-02
<MEAN> 6
 5.714544e+01 1.590313e+01 3.342352e+02 3.462210e-01 -2.547745e+00 -1.480000e+02
<VARIANCE> 6
 3.171274e+01 1.309607e+04 1.362684e+04 2.998645e+02 4.044808e+04 5.191738e+07
<GCONST> 6.756012e+01
<MIXTURE> 12 5.595100e-03
<MEAN> 6
 4.955993e+01 -1.304584e+02 2.195678e+02 -6.856364e+01 7.464993e+01 6.324950e+03
<VARIANCE> 6
 3.171274e+01 1.309607e+04 1.362684e+04 7.585291e+02 5.264011e+05 9.100706e+07
<GCONST> 7.161549e+01
<MIXTURE> 13 7.391325e-02
<MEAN> 6
 5.919165e+01 -1.069189e+01 2.786537e+02 9.030661e-01 -3.392587e+00 -1.876730e+02
<VARIANCE> 6
 3.171274e+01 1.309607e+04 1.362684e+04 2.998645e+02 4.044808e+04 5.191738e+07
<GCONST> 6.756012e+01
<MIXTURE> 14 7.218958e-02
<MEAN> 6
 5.912886e+01 -1.268789e+01 2.756505e+02 9.022974e-01 -3.730912e+00 -1.925979e+02
<VARIANCE> 6
 3.171274e+01 1.309607e+04 1.362684e+04 2.998645e+02 4.044808e+04 5.191738e+07
<GCONST> 6.756012e+01
<MIXTURE> 15 5.964740e-02
<MEAN> 6
 5.832863e+01 -2.379400e+02 8.746179e+02 -1.226118e+00 -1.385941e+01 -5.166491e+01
<VARIANCE> 6
 3.171274e+01 1.309607e+04 1.362684e+04 2.998645e+02 4.044808e+04 5.191738e+07
<GCONST> 6.756012e+01
<STATE> 5
<NUMMIXES> 15
<MIXTURE> 1 8.544619e-02
<MEAN> 6
 9.933990e+01 1.382026e+03 2.305469e+03 -1.883054e+00 3.185394e+00 4.362577e-02
<VARIANCE> 6
 3.171274e+01 3.382758e+04 1.892742e+05 2.998645e+02 4.044808e+04 5.191738e+07
<GCONST> 7.114023e+01
<MIXTURE> 2 1.225401e-02
<MEAN> 6
 7.988476e+01 4.699256e+02 3.215926e+03 2.392873e+01 5.128100e+01 -2.488036e+03
<VARIANCE> 6
 1.960630e+02 3.778566e+04 2.870114e+04 9.779315e+02 4.895201e+05 2.723688e+08
<GCONST> 7.651936e+01
<MIXTURE> 3 6.820899e-02
<MEAN> 6
 8.454179e+01 -4.266340e+02 1.442190e+03 -3.932662e+00 1.775141e+00 1.230826e+01
<VARIANCE> 6
 3.171274e+01 1.309607e+04 1.362684e+04 2.998645e+02 4.044808e+04 5.191738e+07
<GCONST> 6.756012e+01
<MIXTURE> 4 6.518847e-02
<MEAN> 6
 7.431341e+01 -4.351122e+02 1.102225e+03 9.898255e-02 -5.687614e-02 -6.222531e+00
<VARIANCE> 6
 3.171274e+01 1.309607e+04 1.362684e+04 2.998645e+02 4.044808e+04 5.191738e+07
<GCONST> 6.756012e+01
<MIXTURE> 5 5.231343e-02
<MEAN> 6
 9.380662e+01 6.115978e+02 2.221152e+03 4.467528e+00 3.169982e-01 -2.865213e+01
<VARIANCE> 6
 3.402337e+01 1.309607e+04 2.209992e+04 2.998645e+02 4.044808e+04 5.191738e+07
<GCONST> 6.811398e+01
<MIXTURE> 6 1.067243e-01
<MEAN> 6
 7.414098e+01 -4.270058e+02 8.857552e+02 -7.970275e-01 -9.765483e+00 -9.367671e+01
<VARIANCE> 6
 3.171274e+01 1.309607e+04 1.362684e+04 2.998645e+02 4.044808e+04 5.191738e+07
<GCONST> 6.756012e+01
<MIXTURE> 7 1.080868e-01
<MEAN> 6
 7.821482e+01 -7.259361e+02 3.124167e+03 -1.575727e+00 3.650178e-01 -2.768557e+01
<VARIANCE> 6
 3.171274e+01 1.845367e+04 4.831624e+04 2.998645e+02 4.044808e+04 5.191738e+07
<GCONST> 6.916879e+01
<MIXTURE> 8 6.436878e-02
<MEAN> 6
 1.024789e+02 2.801277e+02 2.266486e+03 -3.062353e+00 -9.811393e+00 -3.790899e+01
<VARIANCE> 6
 3.171274e+01 1.987522e+05 3.001473e+05 2.998645e+02 4.044808e+04 5.191738e+07
<GCONST> 7.337209e+01
<MIXTURE> 9 7.387148e-02
<MEAN> 6
 5.848189e+01 1.242766e+01 3.111007e+03 -6.972415e+00 5.265484e+00 2.013309e+02
<VARIANCE> 6
 4.135658e+01 1.987516e+04 9.155788e+04 2.998645e+02 4.044808e+04 5.191738e+07
<GCONST> 7.014772e+01
<MIXTURE> 10 1.054358e-01
<MEAN> 6
 7.414098e+01 -4.270060e+02 8.857526e+02 -7.970722e-01 -9.766049e+00 -9.368178e+01
<VARIANCE> 6
 3.171274e+01 1.309607e+04 1.362684e+04 2.998645e+02 4.044808e+04 5.191738e+07
<GCONST> 6.756012e+01
<MIXTURE> 11 3.416631e-02
<MEAN> 6
 9.481243e+01 -3.707938e+02 3.139205e+02 -6.646412e+00 2.620858e+01 5.980815e+02
<VARIANCE> 6
 1.143992e+02 6.953577e+04 3.331749e+05 2.998645e+02 4.044808e+04 5.191738e+07
<GCONST> 7.370924e+01
<MIXTURE> 12 5.656286e-02
<MEAN> 6
 1.000145e+02 -3.484381e+01 3.388528e+03 -4.854022e+00 7.949036e-01 1.101619e+01
<VARIANCE> 6
 3.171274e+01 1.309607e+04 1.362684e+04 2.998645e+02 4.044808e+04 5.191738e+07
<GCONST> 6.756012e+01
<MIXTURE> 13 6.237437e-02
<MEAN> 6
 1.029390e+02 3.494924e+02 1.354934e+03 -3.874668e+00 1.294242e+01 3.003326e+02
<VARIANCE> 6
 3.171274e+01 4.419791e+05 5.201243e+05 2.998645e+02 4.044808e+04 5.191738e+07
<GCONST> 7.472108e+01
<MIXTURE> 14 5.220058e-02
<MEAN> 6
 8.782086e+01 3.892523e+02 1.932472e+03 -2.975753e+00 4.241615e+00 -3.910824e+01
<VARIANCE> 6
 3.171274e+01 1.309607e+04 1.362684e+04 2.998645e+02 4.044808e+04 5.191738e+07
<GCONST> 6.756012e+01
<MIXTURE> 15 5.279344e-02
<MEAN> 6
 9.279166e+01 2.927175e+02 3.271902e+03 -9.015212e+00 -9.558602e+00 5.129980e+02
<VARIANCE> 6
 3.171274e+01 1.309607e+04 1.362684e+04 2.998645e+02 4.044808e+04 5.191738e+07
<GCONST> 6.756012e+01
<STATE> 6
<NUMMIXES> 15
<MIXTURE> 1 7.025062e-02
<MEAN> 6
 6.818080e+01 4.489616e+03 -6.584046e+02 -1.354485e+00 8.222227e-01 -1.929855e+00
<VARIANCE> 6
 3.171274e+01 2.995345e+05 1.362684e+04 2.998645e+02 4.044808e+04 5.191738e+07
<GCONST> 7.069003e+01
<MIXTURE> 2 5.732013e-02
<MEAN> 6
 5.162761e+01 2.291088e+03 2.603639e+03 3.566549e-01 -6.609861e+00 4.772360e+01
<VARIANCE> 6
 3.171274e+01 2.446335e+04 2.616920e+04 2.998645e+02 4.044808e+04 5.191738e+07
<GCONST> 6.883752e+01
<MIXTURE> 3 4.342176e-02
<MEAN> 6
 7.387707e+01 1.321891e+03 2.274654e+03 -5.361956e+00 8.505632e+00 1.391377e+02
<VARIANCE> 6
 3.171274e+01 1.309607e+04 1.362684e+04 2.998645e+02 4.044808e+04 5.191738e+07
<GCONST> 6.756012e+01
<MIXTURE> 4 8.552316e-02
<MEAN> 6
 6.448306e+01 1.361602e+03 -2.185905e+02 -1.260934e+00 -1.250998e+01 7.047844e-02
<VARIANCE> 6
 3.171274e+01 5.982759e+04 1.548428e+04 2.998645e+02 4.044808e+04 5.191738e+07
<GCONST> 6.920705e+01
<MIXTURE> 5 5.716274e-02
<MEAN> 6
 7.934609e+01 1.854499e+03 4.585232e+02 -4.730690e+00 5.745297e+00 8.688114e+00
<VARIANCE> 6
 3.171274e+01 1.746700e+05 4.760932e+04 2.998645e+02 4.044808e+04 5.191738e+07
<GCONST> 7.140169e+01
<MIXTURE> 6 8.107504e-02
<MEAN> 6
 5.878220e+01 1.035506e+03 -1.068127e+03 -7.924727e-01 -9.801906e+00 -1.120617e+02
<VARIANCE> 6
 3.171274e+01 1.465780e+04 1.362684e+04 2.998645e+02 4.044808e+04 5.191738e+07
<GCONST> 6.767278e+01
<MIXTURE> 7 6.641909e-02
<MEAN> 6
 6.231536e+01 5.953022e+02 -2.669319e+02 -1.248569e+00 8.047027e+00 1.924500e+01
<VARIANCE> 6
 3.171274e+01 9.096241e+04 1.362684e+04 2.998645e+02 4.044808e+04 5.191738e+07
<GCONST> 6.949825e+01
<MIXTURE> 8 7.245357e-02
<MEAN> 6
 8.085932e+01 1.079907e+03 2.844957e+02 -2.645122e+00 -1.835915e+01 4.040584e+02
<VARIANCE> 6
 3.627378e+01 1.309607e+04 4.991683e+05 2.998645e+02 4.044808e+04 5.191738e+07
<GCONST> 7.129539e+01
<MIXTURE> 9 6.797840e-02
<MEAN> 6
 6.472839e+01 1.269799e+03 -5.463911e+02 1.491964e-01 -4.326212e+00 -1.414061e+02
<VARIANCE> 6
 3.171274e+01 1.309607e+04 1.362684e+04 2.998645e+02 4.044808e+04 5.191738e+07
<GCONST> 6.756012e+01
<MIXTURE> 10 4.878315e-02
<MEAN> 6
 7.717429e+01 1.243732e+03 -1.392350e+03 -3.120451e+00 2.059349e+00 -8.451207e+01
<VARIANCE> 6
 3.171274e+01 1.309607e+04 9.737083e+04 2.998645e+02 4.044808e+04 5.191738e+07
<GCONST> 6.952660e+01
<MIXTURE> 11 9.101191e-02
<MEAN> 6
 6.632581e+01 1.356547e+03 -6.816289e+02 -1.121603e+00 -1.114281e+00 -3.965429e+01
<VARIANCE> 6
 3.171274e+01 1.309607e+04 1.362684e+04 2.998645e+02 4.044808e+04 5.191738e+07
<GCONST> 6.756012e+01
<MIXTURE> 12 6.484306e-02
<MEAN> 6
 7.322162e+01 7.791499e+02 9.035502e+02 -1.976359e+00 -4.746571e+00 2.198756e+02
<VARIANCE> 6
 3.171274e+01 1.309607e+04 1.007800e+05 2.998645e+02 4.044808e+04 5.191738e+07
<GCONST> 6.956100e+01
<MIXTURE> 13 8.532213e-02
<MEAN> 6
 8.157867e+01 1.656320e+03 -2.860240e+02 -3.511212e+00 -2.343321e+01 -9.410208e+01
<VARIANCE> 6
 3.171274e+01 3.933062e+05 1.724111e+04 2.998645e+02 4.044808e+04 5.191738e+07
<GCONST> 7.119765e+01
<MIXTURE> 14 5.974272e-02
<MEAN> 6
 7.892256e+01 9.836680e+02 -2.603014e+02 -4.221754e+00 -8.163502e-01 1.296756e+02
<VARIANCE> 6
 3.867260e+01 3.198504e+04 2.899124e+05 2.998645e+02 4.044808e+04 5.191738e+07
<GCONST> 7.170901e+01
<MIXTURE> 15 4.866840e-02
<MEAN> 6
 7.842331e+01 1.246782e+03 -1.519435e+03 -3.580666e+00 1.885812e+00 -7.156154e+01
<VARIANCE> 6
 3.171274e+01 1.309607e+04 9.095575e+04 2.998645e+02 4.044808e+04 5.191738e+07
<GCONST> 6.945845e+01
<STATE> 7
<NUMMIXES> 15
<MIXTURE> 1 8.811269e-02
<MEAN> 6
 6.237610e+01 1.308745e+02 7.637647e+00 4.896899e-01 -9.511992e-01 -1.504123e+02
<VARIANCE> 6
 3.171274e+01 1.309607e+04 1.362684e+04 2.998645e+02 4.044808e+04 5.191738e+07
<GCONST> 6.756012e+01
<MIXTURE> 2 4.440690e-02
<MEAN> 6
 6.690415e+01 2.483699e+02 5.835743e+02 -6.938853e-01 -3.502226e-01 -1.728893e+02
<VARIANCE> 6
 3.171274e+01 4.338387e+04 1.009118e+05 2.998645e+02 4.044808e+04 5.191738e+07
<GCONST> 7.076010e+01
<MIXTURE> 3 5.214855e-02
<MEAN> 6
 6.492180e+01 4.132852e+02 -4.029322e+02 -2.009484e-01 -8.234249e+00 -1.925194e+02
<VARIANCE> 6
 3.171274e+01 1.309607e+04 1.362684e+04 2.998645e+02 4.044808e+04 5.191738e+07
<GCONST> 6.756012e+01
<MIXTURE> 4 7.982299e-02
<MEAN> 6
 6.408736e+01 1.932200e+01 -4.136170e+02 -9.748191e-02 -4.885907e+00 -1.232568e+02
<VARIANCE> 6
 3.171274e+01 1.309607e+04 1.362684e+04 2.998645e+02 4.044808e+04 5.191738e+07
<GCONST> 6.756012e+01
<MIXTURE> 5 6.607213e-02
<MEAN> 6
 6.060613e+01 2.984953e+01 -2.111936e+00 -3.453896e-02 -6.493420e+00 -1.724688e+02
<VARIANCE> 6
 3.171274e+01 1.587353e+04 1.362684e+04 2.998645e+02 4.044808e+04 5.191738e+07
<GCONST> 6.775246e+01
<MIXTURE> 6 5.003036e-02
<MEAN> 6
 6.322643e+01 -6.315585e+01 -4.151138e+02 1.663222e-02 -3.811897e+00 -1.091987e+02
<VARIANCE> 6
 3.171274e+01 1.309607e+04 1.362684e+04 2.998645e+02 4.044808e+04 5.191738e+07
<GCONST> 6.756012e+01
<MIXTURE> 7 7.552398e-02
<MEAN> 6
 5.592927e+01 2.012233e+02 -9.767276e+01 -2.253540e-01 -5.411496e-01 -8.816978e+01
<VARIANCE> 6
 3.171274e+01 6.444230e+04 1.466734e+04 2.998645e+02 4.044808e+04 5.191738e+07
<GCONST> 6.922716e+01
<MIXTURE> 8 9.639765e-02
<MEAN> 6
 5.894967e+01 -8.919896e+01 -3.502173e+01 -2.425637e-01 -7.406240e+00 -1.467274e+02
<VARIANCE> 6
 3.171274e+01 1.309607e+04 1.362684e+04 2.998645e+02 4.044808e+04 5.191738e+07
<GCONST> 6.756012e+01
<MIXTURE> 9 1.863034e-02
<MEAN> 6
 6.110679e+01 -1.365506e+02 -7.534308e+02 6.444964e-01 9.725706e+00 -8.018336e+01
<VARIANCE> 6
 3.171274e+01 1.309607e+04 1.362684e+04 2.998645e+02 4.044808e+04 5.191738e+07
<GCONST> 6.756012e+01
<MIXTURE> 10 7.722776e-02
<MEAN> 6
 5.982959e+01 -2.237892e+02 -3.084203e+02 9.926419e-03 -5.145654e+00 -1.131101e+02
<VARIANCE> 6
 3.171274e+01 1.309607e+04 1.362684e+04 2.998645e+02 4.044808e+04 5.191738e+07
<GCONST> 6.756012e+01
<MIXTURE> 11 9.478125e-02
<MEAN> 6
 5.844953e+01 -1.326097e+02 -5.017894e+01 -1.295105e-01 -5.400314e+00 -1.157000e+02
<VARIANCE> 6
 3.171274e+01 1.309607e+04 1.362684e+04 2.998645e+02 4.044808e+04 5.191738e+07
<GCONST> 6.756012e+01
<MIXTURE> 12 9.171117e-02
<MEAN> 6
 6.343974e+01 -4.587555e+01 -4.185504e+02 -9.169132e-03 -3.947899e+00 -1.098986e+02
<VARIANCE> 6
 3.171274e+01 1.309607e+04 1.362684e+04 2.998645e+02 4.044808e+04 5.191738e+07
<GCONST> 6.756012e+01
<MIXTURE> 13 6.917211e-02
<MEAN> 6
 5.926485e+01 -5.451350e+01 -2.479415e+01 -2.726637e-01 -8.393870e+00 -1.679579e+02
<VARIANCE> 6
 3.171274e+01 1.309607e+04 1.362684e+04 2.998645e+02 4.044808e+04 5.191738e+07
<GCONST> 6.756012e+01
<MIXTURE> 14 4.594030e-02
<MEAN> 6
 6.220903e+01 3.524164e+02 -2.752879e+02 6.079118e-01 -2.494550e+00 -1.634628e+02
<VARIANCE> 6
 3.171274e+01 1.309607e+04 1.362684e+04 2.998645e+02 4.044808e+04 5.191738e+07
<GCONST> 6.756012e+01
<MIXTURE> 15 4.993770e-02
<MEAN> 6
 6.289798e+01 -9.171029e+01 -4.161881e+02 7.310230e-04 -3.613525e+00 -1.011628e+02
<VARIANCE> 6
 3.171274e+01 1.309607e+04 1.362684e+04 2.998645e+02 4.044808e+04 5.191738e+07
<GCONST> 6.756012e+01
<STATE> 8
<NUMMIXES> 15
<MIXTURE> 1 1.042838e-03
<MEAN> 6
 7.276775e+01 3.756611e+02 1.124361e+02 -1.164025e+01 -1.403457e+02 -7.649554e+02
<VARIANCE> 6
 1.127655e+03 1.052911e+06 2.261453e+06 4.840535e+02 9.013041e+04 8.147542e+07
<GCONST> 8.236076e+01
<MIXTURE> 2 7.426543e-02
<MEAN> 6
 9.017078e+01 9.496279e+01 -1.855797e+02 -1.103140e+00 -8.421201e+00 -6.247593e+00
<VARIANCE> 6
 4.400478e+01 1.309607e+04 1.362684e+04 2.998645e+02 4.044808e+04 5.191738e+07
<GCONST> 6.788770e+01
<MIXTURE> 3 8.524202e-02
<MEAN> 6
 8.121729e+01 3.442999e+02 2.434382e+02 -1.665459e-01 -4.579189e+00 -3.705153e+01
<VARIANCE> 6
 3.171274e+01 1.309607e+04 1.362684e+04 2.998645e+02 4.044808e+04 5.191738e+07
<GCONST> 6.756012e+01
<MIXTURE> 4 1.040753e-01
<MEAN> 6
 8.499463e+01 -1.245510e+02 -2.918805e+01 -9.962914e-03 8.975011e-01 -3.919097e+01
<VARIANCE> 6
 3.171274e+01 1.309607e+04 1.362684e+04 2.998645e+02 4.044808e+04 5.191738e+07
<GCONST> 6.756012e+01
<MIXTURE> 5 3.378996e-02
<MEAN> 6
 6.878541e+01 -4.194859e+01 -2.270926e+02 -1.387438e+00 -5.999643e+00 -7.079436e+01
<VARIANCE> 6
 3.171274e+01 1.309607e+04 1.362684e+04 2.998645e+02 4.044808e+04 5.191738e+07
<GCONST> 6.756012e+01
<MIXTURE> 6 6.661044e-02
<MEAN> 6
 8.514507e+01 3.380233e+01 -1.937380e+02 -3.046746e-01 -2.798548e+00 -1.955069e+01
<VARIANCE> 6
 3.171274e+01 1.309607e+04 1.362684e+04 2.998645e+02 4.044808e+04 5.191738e+07
<GCONST> 6.756012e+01
<MIXTURE> 7 5.189145e-02
<MEAN> 6
 8.133150e+01 -1.594203e+02 -2.954330e+02 4.608034e-01 -8.985188e+00 8.449300e-01
<VARIANCE> 6
 3.171274e+01 1.309607e+04 1.362684e+04 2.998645e+02 4.044808e+04 5.191738e+07
<GCONST> 6.756012e+01
<MIXTURE> 8 5.588619e-02
<MEAN> 6
 7.764292e+01 1.279358e+02 4.553552e+01 1.442747e-01 -9.978188e+00 -1.964143e+02
<VARIANCE> 6
 3.171274e+01 1.309607e+04 1.362684e+04 2.998645e+02 4.044808e+04 5.191738e+07
<GCONST> 6.756012e+01
<MIXTURE> 9 1.353006e-01
<MEAN> 6
 8.476023e+01 2.454190e+01 -2.016476e+02 -2.380299e-01 -2.818695e+00 -2.093383e+01
<VARIANCE> 6
 3.171274e+01 1.309607e+04 1.362684e+04 2.998645e+02 4.044808e+04 5.191738e+07
<GCONST> 6.756012e+01
<MIXTURE> 10 1.041828e-01
<MEAN> 6
 8.499709e+01 -1.248421e+02 -2.906765e+01 -9.221181e-03 8.973222e-01 -3.918812e+01
<VARIANCE> 6
 3.171274e+01 1.309607e+04 1.362684e+04 2.998645e+02 4.044808e+04 5.191738e+07
<GCONST> 6.756012e+01
<MIXTURE> 11 5.539405e-02
<MEAN> 6
 7.767506e+01 1.286416e+02 4.700802e+01 1.598568e-01 -1.006291e+01 -1.983396e+02
<VARIANCE> 6
 3.171274e+01 1.309607e+04 1.362684e+04 2.998645e+02 4.044808e+04 5.191738e+07
<GCONST> 6.756012e+01
<MIXTURE> 12 5.335133e-02
<MEAN> 6
 8.128874e+01 -1.859340e+02 -3.062309e+02 6.520599e-01 -1.042682e+01 2.373134e+01
<VARIANCE> 6
 3.171274e+01 1.309607e+04 1.362684e+04 2.998645e+02 4.044808e+04 5.191738e+07
<GCONST> 6.756012e+01
<MIXTURE> 13 5.643786e-02
<MEAN> 6
 7.762273e+01 1.275036e+02 4.461979e+01 1.343622e-01 -9.924609e+00 -1.952055e+02
<VARIANCE> 6
 3.171274e+01 1.309607e+04 1.362684e+04 2.998645e+02 4.044808e+04 5.191738e+07
<GCONST> 6.756012e+01
<MIXTURE> 14 5.538312e-02
<MEAN> 6
 7.758822e+01 1.268368e+02 4.315883e+01 1.186227e-01 -9.841804e+00 -1.933263e+02
<VARIANCE> 6
 3.171274e+01 1.309607e+04 1.362684e+04 2.998645e+02 4.044808e+04 5.191738e+07
<GCONST> 6.756012e+01
<MIXTURE> 15 6.711706e-02
<MEAN> 6
 8.420193e+01 7.685632e+00 -2.124776e+02 -1.534718e-01 -2.976674e+00 -2.342263e+01
<VARIANCE> 6
 3.171274e+01 1.309607e+04 1.362684e+04 2.998645e+02 4.044808e+04 5.191738e+07
<GCONST> 6.756012e+01
<STATE> 9
<NUMMIXES> 15
<MIXTURE> 1 7.212330e-03
<MEAN> 6
 8.112578e+01 -4.654352e+01 -1.004082e+03 -3.990625e+00 -8.485456e+01 -1.372266e+03
<VARIANCE> 6
 3.975594e+02 3.013860e+05 1.235492e+06 2.998645e+02 5.550582e+04 5.191738e+07
<GCONST> 7.804847e+01
<MIXTURE> 2 7.162551e-02
<MEAN> 6
 1.107040e+02 6.333803e+02 3.637813e+02 -6.536953e+00 2.297457e+00 6.489304e+01
<VARIANCE> 6
 4.639972e+01 1.309607e+04 1.362684e+04 2.998645e+02 4.044808e+04 5.191738e+07
<GCONST> 6.794069e+01
<MIXTURE> 3 6.500629e-02
<MEAN> 6
 7.824149e+01 6.495953e+02 -8.678293e+02 -1.196001e-01 -2.606012e+00 -3.606067e+01
<VARIANCE> 6
 3.171274e+01 1.309607e+04 1.362684e+04 2.998645e+02 4.044808e+04 5.191738e+07
<GCONST> 6.756012e+01
<MIXTURE> 4 2.541403e-02
<MEAN> 6
 9.507842e+01 3.775508e+02 -3.822264e+02 -4.166349e+00 6.772904e+00 1.917546e+01
<VARIANCE> 6
 3.171274e+01 1.309607e+04 2.222692e+04 2.998645e+02 4.044808e+04 5.191738e+07
<GCONST> 6.804938e+01
<MIXTURE> 5 1.033078e-01
<MEAN> 6
 1.024772e+02 5.171340e+02 -1.323597e+03 -6.517571e+00 4.631624e+00 3.051108e+01
<VARIANCE> 6
 3.171274e+01 1.309607e+04 3.441214e+05 2.998645e+02 4.044808e+04 5.191738e+07
<GCONST> 7.078906e+01
<MIXTURE> 6 6.056852e-02
<MEAN> 6
 9.720563e+01 4.670437e+02 -9.975865e+02 -1.685623e+00 3.751471e-01 -1.771707e+00
<VARIANCE> 6
 3.171274e+01 1.309607e+04 1.362684e+04 2.998645e+02 4.044808e+04 5.191738e+07
<GCONST> 6.756012e+01
<MIXTURE> 7 1.210700e-01
<MEAN> 6
 9.400578e+01 7.147845e+02 -2.193290e+03 -1.523297e-01 8.813752e-01 -2.731314e+01
<VARIANCE> 6
 3.171274e+01 1.309607e+04 1.463302e+05 2.998645e+02 4.044808e+04 5.191738e+07
<GCONST> 6.993394e+01
<MIXTURE> 8 7.775416e-02
<MEAN> 6
 8.884718e+01 5.325774e+02 -1.347756e+03 5.836315e-01 -1.483554e+01 -1.731835e+02
<VARIANCE> 6
 3.171274e+01 1.593663e+04 1.362684e+04 2.998645e+02 4.044808e+04 5.191738e+07
<GCONST> 6.775642e+01
<MIXTURE> 9 7.812513e-02
<MEAN> 6
 8.195959e+01 3.215234e+02 -6.400102e+02 -8.785838e-01 -7.731196e+00 -2.102642e+02
<VARIANCE> 6
 3.171274e+01 1.309607e+04 1.573681e+04 2.998645e+02 4.044808e+04 5.191738e+07
<GCONST> 6.770407e+01
<MIXTURE> 10 5.491081e-02
<MEAN> 6
 7.128030e+01 3.998529e+02 -1.273553e+03 -2.003074e+00 2.794562e+00 1.607235e+00
<VARIANCE> 6
 3.171274e+01 1.309607e+04 1.362684e+04 2.998645e+02 4.044808e+04 5.191738e+07
<GCONST> 6.756012e+01
<MIXTURE> 11 7.719048e-02
<MEAN> 6
 9.308810e+01 4.833101e+02 1.044698e+02 -3.016267e+00 2.752385e+00 5.186012e+00
<VARIANCE> 6
 3.171274e+01 1.309607e+04 1.362684e+04 2.998645e+02 4.044808e+04 5.191738e+07
<GCONST> 6.756012e+01
<MIXTURE> 12 7.737262e-02
<MEAN> 6
 8.198698e+01 2.982439e+02 -7.975483e+02 -2.935618e+00 -2.021469e+00 -7.343490e+01
<VARIANCE> 6
 3.171274e+01 1.309607e+04 1.362684e+04 2.998645e+02 4.044808e+04 5.191738e+07
<GCONST> 6.756012e+01
<MIXTURE> 13 7.726470e-02
<MEAN> 6
 8.868734e+01 3.409442e+02 -1.310692e+03 -2.534658e+00 1.592057e+00 2.689628e+01
<VARIANCE> 6
 3.171274e+01 1.492001e+04 1.362684e+04 2.998645e+02 4.044808e+04 5.191738e+07
<GCONST> 6.769051e+01
<MIXTURE> 14 3.824930e-02
<MEAN> 6
 9.672028e+01 7.487471e+02 -2.953187e+03 -4.273825e+00 1.771717e+00 -2.151921e+02
<VARIANCE> 6
 3.171274e+01 1.309607e+04 8.219141e+05 2.998645e+02 4.044808e+04 5.191738e+07
<GCONST> 7.165971e+01
<MIXTURE> 15 6.490115e-02
<MEAN> 6
 7.824075e+01 6.495160e+02 -8.681981e+02 -1.197646e-01 -2.594138e+00 -3.591441e+01
<VARIANCE> 6
 3.171274e+01 1.309607e+04 1.362684e+04 2.998645e+02 4.044808e+04 5.191738e+07
<GCONST> 6.756012e+01
<STATE> 10
<NUMMIXES> 15
<MIXTURE> 1 7.354774e-02
<MEAN> 6
 7.950716e+01 -3.623018e+02 2.896699e+02 -2.741795e-01 -2.844546e+00 -1.176855e+02
<VARIANCE> 6
 3.171274e+01 1.309607e+04 1.362684e+04 2.998645e+02 4.044808e+04 5.191738e+07
<GCONST> 6.756012e+01
<MIXTURE> 2 3.750154e-02
<MEAN> 6
 7.889031e+01 -1.454905e+01 8.316349e+01 -3.173327e+00 -4.075171e+01 -6.885797e+02
<VARIANCE> 6
 3.171274e+01 6.820033e+04 1.362684e+04 2.998645e+02 4.044808e+04 5.191738e+07
<GCONST> 6.921025e+01
<MIXTURE> 3 2.533646e-02
<MEAN> 6
 6.876826e+01 3.618414e+01 1.719752e+03 -1.227934e+01 -2.055703e+01 9.812317e+02
<VARIANCE> 6
 3.021455e+02 2.106924e+05 1.750892e+06 2.998645e+02 5.301427e+04 5.191738e+07
<GCONST> 7.771878e+01
<MIXTURE> 4 6.143400e-02
<MEAN> 6
 7.162255e+01 -5.926666e+02 1.484360e+02 -2.720416e-01 -4.847034e+00 -2.191046e+02
<VARIANCE> 6
 3.171274e+01 1.309607e+04 1.362684e+04 2.998645e+02 4.044808e+04 5.191738e+07
<GCONST> 6.756012e+01
<MIXTURE> 5 7.002773e-02
<MEAN> 6
 7.067852e+01 -9.163704e+02 7.432665e+01 3.127846e-01 -2.195681e-01 -3.739596e+01
<VARIANCE> 6
 3.171274e+01 1.309607e+04 1.362684e+04 2.998645e+02 4.044808e+04 5.191738e+07
<GCONST> 6.756012e+01
<MIXTURE> 6 1.329090e-01
<MEAN> 6
 7.156095e+01 -5.970705e+02 1.435031e+02 -2.656551e-01 -4.752947e+00 -2.163769e+02
<VARIANCE> 6
 3.171274e+01 1.309607e+04 1.362684e+04 2.998645e+02 4.044808e+04 5.191738e+07
<GCONST> 6.756012e+01
<MIXTURE> 7 7.411993e-02
<MEAN> 6
 7.949789e+01 -3.617357e+02 2.867916e+02 -2.823381e-01 -2.971107e+00 -1.202159e+02
<VARIANCE> 6
 3.171274e+01 1.309607e+04 1.362684e+04 2.998645e+02 4.044808e+04 5.191738e+07
<GCONST> 6.756012e+01
<MIXTURE> 8 6.191891e-02
<MEAN> 6
 7.156346e+01 -5.968503e+02 1.438025e+02 -2.663300e-01 -4.755995e+00 -2.164127e+02
<VARIANCE> 6
 3.171274e+01 1.309607e+04 1.362684e+04 2.998645e+02 4.044808e+04 5.191738e+07
<GCONST> 6.756012e+01
<MIXTURE> 9 6.144926e-02
<MEAN> 6
 7.157174e+01 -5.961572e+02 1.446972e+02 -2.681486e-01 -4.767622e+00 -2.166263e+02
<VARIANCE> 6
 3.171274e+01 1.309607e+04 1.362684e+04 2.998645e+02 4.044808e+04 5.191738e+07
<GCONST> 6.756012e+01
<MIXTURE> 10 7.459681e-02
<MEAN> 6
 7.947540e+01 -3.601775e+02 2.798509e+02 -3.027892e-01 -3.276674e+00 -1.267688e+02
<VARIANCE> 6
 3.171274e+01 1.309607e+04 1.362684e+04 2.998645e+02 4.044808e+04 5.191738e+07
<GCONST> 6.756012e+01
<MIXTURE> 11 7.379709e-02
<MEAN> 6
 7.946358e+01 -3.592335e+02 2.762157e+02 -3.139597e-01 -3.436898e+00 -1.304354e+02
<VARIANCE> 6
 3.171274e+01 1.309607e+04 1.362684e+04 2.998645e+02 4.044808e+04 5.191738e+07
<GCONST> 6.756012e+01
<MIXTURE> 12 6.932302e-02
<MEAN> 6
 7.053202e+01 -9.849040e+02 1.050342e+02 1.200958e-01 2.642849e-01 -3.022197e+00
<VARIANCE> 6
 3.171274e+01 1.309607e+04 1.362684e+04 2.998645e+02 4.044808e+04 5.191738e+07
<GCONST> 6.756012e+01
<MIXTURE> 13 6.159284e-02
<MEAN> 6
 7.155511e+01 -5.975981e+02 1.427719e+02 -2.638584e-01 -4.744909e+00 -2.163014e+02
<VARIANCE> 6
 3.171274e+01 1.309607e+04 1.362684e+04 2.998645e+02 4.044808e+04 5.191738e+07
<GCONST> 6.756012e+01
<MIXTURE> 14 6.113454e-02
<MEAN> 6
 7.154054e+01 -5.990182e+02 1.407801e+02 -2.589610e-01 -4.725688e+00 -2.161403e+02
<VARIANCE> 6
 3.171274e+01 1.309607e+04 1.362684e+04 2.998645e+02 4.044808e+04 5.191738e+07
<GCONST> 6.756012e+01
<MIXTURE> 15 6.130544e-02
<MEAN> 6
 7.149789e+01 -6.040591e+02 1.340448e+02 -2.441238e-01 -4.661352e+00 -2.148981e+02
<VARIANCE> 6
 3.171274e+01 1.309607e+04 1.362684e+04 2.998645e+02 4.044808e+04 5.191738e+07
<GCONST> 6.756012e+01
<STATE> 11
<NUMMIXES> 15
<MIXTURE> 1 3.206213e-03
<MEAN> 6
 7.155437e+01 1.785093e+02 1.035586e+02 -1.698232e+01 -4.172989e+02 -9.543333e+03
<VARIANCE> 6
 7.839476e+02 6.898280e+05 1.327801e+06 4.834102e+02 1.338304e+05 1.858263e+08
<GCONST> 8.226036e+01
<MIXTURE> 2 9.784407e-02
<MEAN> 6
 9.955402e+01 -5.005823e+02 -5.429224e+02 -1.441611e+00 -2.448625e+00 -7.244544e+01
<VARIANCE> 6
 3.252507e+01 1.309607e+04 1.362684e+04 2.998645e+02 4.044808e+04 5.191738e+07
<GCONST> 6.758540e+01
<MIXTURE> 3 5.989091e-02
<MEAN> 6
 6.325715e+01 1.568965e+02 -6.879129e+02 -4.784328e-01 -8.751398e+00 -1.845696e+02
<VARIANCE> 6
 3.171274e+01 1.309607e+04 1.362684e+04 2.998645e+02 4.044808e+04 5.191738e+07
<GCONST> 6.756012e+01
<MIXTURE> 4 7.057122e-02
<MEAN> 6
 7.029976e+01 -8.576165e+02 -6.547973e+02 -2.243965e-01 -5.287963e-01 -9.440791e+00
<VARIANCE> 6
 3.171274e+01 9.230776e+04 1.362684e+04 2.998645e+02 4.044808e+04 5.191738e+07
<GCONST> 6.951292e+01
<MIXTURE> 5 1.022802e-01
<MEAN> 6
 9.696836e+01 -4.995318e+02 -5.435472e+02 -8.365964e-01 -3.018336e+00 -1.038871e+02
<VARIANCE> 6
 3.171274e+01 1.309607e+04 1.362684e+04 2.998645e+02 4.044808e+04 5.191738e+07
<GCONST> 6.756012e+01
<MIXTURE> 6 5.901150e-02
<MEAN> 6
 6.329493e+01 -2.129329e+02 -6.860696e+02 -1.040715e+00 -1.200359e+01 -2.518378e+02
<VARIANCE> 6
 3.171274e+01 1.309607e+04 1.362684e+04 2.998645e+02 4.044808e+04 5.191738e+07
<GCONST> 6.756012e+01
<MIXTURE> 7 1.014868e-01
<MEAN> 6
 9.683768e+01 -4.996698e+02 -5.438187e+02 -8.108677e-01 -3.043262e+00 -1.047595e+02
<VARIANCE> 6
 3.171274e+01 1.309607e+04 1.362684e+04 2.998645e+02 4.044808e+04 5.191738e+07
<GCONST> 6.756012e+01
<MIXTURE> 8 1.009819e-01
<MEAN> 6
 9.693556e+01 -4.995645e+02 -5.436130e+02 -8.301072e-01 -3.024707e+00 -1.041133e+02
<VARIANCE> 6
 3.171274e+01 1.309607e+04 1.362684e+04 2.998645e+02 4.044808e+04 5.191738e+07
<GCONST> 6.756012e+01
<MIXTURE> 9 5.869551e-02
<MEAN> 6
 6.330792e+01 -2.131317e+02 -6.860035e+02 -1.042434e+00 -1.205494e+01 -2.517812e+02
<VARIANCE> 6
 3.171274e+01 1.309607e+04 1.362684e+04 2.998645e+02 4.044808e+04 5.191738e+07
<GCONST> 6.756012e+01
<MIXTURE> 10 5.162181e-02
<MEAN> 6
 7.149264e+01 -1.580050e+03 -6.936343e+02 -9.607787e-01 1.638060e+00 -4.267110e+01
<VARIANCE> 6
 3.171274e+01 2.357857e+04 1.362684e+04 2.998645e+02 4.044808e+04 5.191738e+07
<GCONST> 6.814813e+01
<MIXTURE> 11 5.963784e-02
<MEAN> 6
 6.325715e+01 1.568965e+02 -6.879129e+02 -4.784326e-01 -8.751400e+00 -1.845696e+02
<VARIANCE> 6
 3.171274e+01 1.309607e+04 1.362684e+04 2.998645e+02 4.044808e+04 5.191738e+07
<GCONST> 6.756012e+01
<MIXTURE> 12 5.196172e-02
<MEAN> 6
 1.203713e+02 -2.229604e+03 4.995782e+01 -9.297031e-01 -1.983709e+00 -6.125613e+00
<VARIANCE> 6
 3.171274e+01 9.691849e+04 1.362684e+04 2.998645e+02 4.044808e+04 5.191738e+07
<GCONST> 6.956168e+01
<MIXTURE> 13 5.879949e-02
<MEAN> 6
 6.328873e+01 -2.128382e+02 -6.861010e+02 -1.039892e+00 -1.197902e+01 -2.518648e+02
<VARIANCE> 6
 3.171274e+01 1.309607e+04 1.362684e+04 2.998645e+02 4.044808e+04 5.191738e+07
<GCONST> 6.756012e+01
<MIXTURE> 14 5.859183e-02
<MEAN> 6
 6.328060e+01 -2.127133e+02 -6.861423e+02 -1.038822e+00 -1.194762e+01 -2.519055e+02
<VARIANCE> 6
 3.171274e+01 1.309607e+04 1.362684e+04 2.998645e+02 4.044808e+04 5.191738e+07
<GCONST> 6.756012e+01
<MIXTURE> 15 6.540951e-02
<MEAN> 6
 1.190538e+02 -2.501292e+03 9.367077e+00 -2.163246e+00 -2.057752e-01 4.640861e+01
<VARIANCE> 6
 3.171274e+01 2.447581e+04 1.362684e+04 2.998645e+02 4.044808e+04 5.191738e+07
<GCONST> 6.818549e+01
<STATE> 12
<NUMMIXES> 15
<MIXTURE> 1 6.711830e-02
<MEAN> 6
 6.759260e+01 -5.951869e+01 -1.112439e+02 -1.096995e+02 -1.842706e+03 -1.668288e+04
<VARIANCE> 6
 1.575759e+02 4.982566e+04 5.233042e+04 4.400739e+03 5.833712e+05 2.505689e+08
<GCONST> 7.877414e+01
<MIXTURE> 2 9.892656e-02
<MEAN> 6
 6.096925e+01 1.957118e+02 -1.123076e+02 -8.185067e+01 -8.638970e+02 -6.386505e+03
<VARIANCE> 6
 1.099694e+02 2.274530e+05 3.147004e+05 1.570528e+03 9.410523e+04 5.191738e+07
<GCONST> 7.729805e+01
<MIXTURE> 3 7.331806e-02
<MEAN> 6
 5.169959e+01 4.223258e+02 -2.248966e+02 -2.038932e+02 -1.496593e+03 1.248035e+03
<VARIANCE> 6
 8.899738e+01 6.304455e+05 1.401719e+05 2.999200e+03 4.239079e+05 1.118774e+08
<GCONST> 8.021696e+01
<MIXTURE> 4 6.118361e-02
<MEAN> 6
 -4.275343e+01 2.080199e+02 1.839737e+01 -2.450240e+02 2.457937e+03 3.381238e+03
<VARIANCE> 6
 3.332966e+02 5.233119e+05 3.418116e+05 5.918752e+03 1.522377e+06 6.855294e+08
<GCONST> 8.601361e+01
<MIXTURE> 5 4.380560e-02
<MEAN> 6
 -2.445123e+01 1.386092e+02 -1.290113e+03 -4.191794e+02 1.409335e+03 5.371275e+04
<VARIANCE> 6
 5.387779e+02 1.374484e+06 8.893949e+06 6.692531e+03 2.892820e+06 7.246828e+08
<GCONST> 9.153876e+01
<MIXTURE> 6 7.351765e-02
<MEAN> 6
 -6.253950e+01 -5.294135e-01 2.282091e+02 8.009155e+01 1.620177e+03 -1.705456e+03
<VARIANCE> 6
 2.076519e+02 2.066889e+05 4.043142e+05 2.566249e+04 7.694895e+04 1.046950e+08
<GCONST> 8.138229e+01
<MIXTURE> 7 6.813747e-02
<MEAN> 6
 -6.850403e+01 -1.066552e+02 1.293849e+02 -3.322464e+00 3.700971e+02 -4.409220e+03
<VARIANCE> 6
 5.003349e+01 1.098179e+06 3.401612e+05 1.017599e+03 3.620658e+05 2.801152e+08
<GCONST> 8.076179e+01
<MIXTURE> 8 5.762656e-02
<MEAN> 6
 -5.659972e+01 -4.026377e+01 -4.375182e+02 1.324869e+02 9.389178e+02 2.466229e+03
<VARIANCE> 6
 9.051170e+01 1.301818e+05 6.535022e+04 2.185267e+03 7.887076e+04 5.191738e+07
<GCONST> 7.512717e+01
<MIXTURE> 9 1.036033e-01
<MEAN> 6
 -6.404364e+00 1.358007e+02 -1.224797e+02 -3.823408e+02 6.706978e+01 1.904394e+04
<VARIANCE> 6
 2.630833e+02 3.540606e+05 4.686281e+05 4.720462e+03 6.625572e+05 3.866017e+08
<GCONST> 8.407095e+01
<MIXTURE> 10 3.183275e-02
<MEAN> 6
 -5.143145e+01 -5.730826e+02 -6.410019e+02 8.016968e+00 1.093545e+02 7.434893e+02
<VARIANCE> 6
 3.171274e+01 3.181998e+05 1.362684e+04 2.998645e+02 4.044808e+04 5.191738e+07
<GCONST> 7.075047e+01
<MIXTURE> 11 3.423960e-02
<MEAN> 6
 -3.562429e+01 -1.120784e+01 -9.873473e+02 -1.631586e+02 1.548488e+03 -2.652001e+03
<VARIANCE> 6
 2.148794e+02 3.889496e+04 5.286326e+05 1.199992e+04 2.722908e+05 1.538778e+08
<GCONST> 8.090295e+01
<MIXTURE> 12 4.609003e-02
<MEAN> 6
 3.514205e+01 -2.011898e+02 -2.344999e+02 -3.875077e+02 -1.735252e+03 1.986248e+04
<VARIANCE> 6
 4.052850e+02 2.710940e+05 2.106498e+05 5.780384e+03 6.509221e+05 3.531157e+08
<GCONST> 8.353070e+01
<MIXTURE> 13 1.008530e-01
<MEAN> 6
 -7.021736e+01 1.550065e+02 -4.284393e+02 2.498951e+01 5.229598e+02 2.396811e+02
<VARIANCE> 6
 6.452934e+01 1.942871e+05 1.930251e+05 3.365763e+03 4.951303e+04 5.191738e+07
<GCONST> 7.623862e+01
<MIXTURE> 14 8.594776e-02
<MEAN> 6
 2.751971e+01 1.678910e+02 -3.662362e+01 -2.913315e+02 -1.011305e+03 4.170273e+03
<VARIANCE> 6
 1.195871e+02 2.099507e+05 4.750730e+05 4.442943e+03 2.586844e+05 1.106815e+08
<GCONST> 8.052176e+01
<MIXTURE> 15 5.378310e-02
<MEAN> 6
 -5.919973e+01 2.614935e+01 -1.763713e+02 -1.224696e+02 2.389331e+03 -2.806716e+04
<VARIANCE> 6
 2.842173e+02 4.550888e+05 5.261832e+05 5.888837e+03 1.152493e+06 7.111400e+08
<GCONST> 8.589928e+01
<STATE> 13
<NUMMIXES> 15
<MIXTURE> 1 5.486380e-02
<MEAN> 6
 8.499441e+01 -1.402089e+02 1.455938e+02 -5.717204e+00 -1.494458e+01 3.828551e-01
<VARIANCE> 6
 1.310388e+02 1.148183e+06 9.741922e+05 2.998645e+02 4.044808e+04 5.191738e+07
<GCONST> 7.772208e+01
<MIXTURE> 2 1.536142e-02
<MEAN> 6
 -1.304116e+01 1.625776e+02 1.047740e+02 -2.663673e+01 -4.321889e+01 4.130940e+03
<VARIANCE> 6
 1.124700e+04 1.910679e+05 4.059978e+05 1.750434e+06 9.525994e+08 1.400764e+12
<GCONST> 1.084477e+02
<MIXTURE> 3 5.738199e-02
<MEAN> 6
 9.187036e+01 1.738448e+02 9.366858e+01 2.979501e+01 -9.862862e+02 4.644221e+01
<VARIANCE> 6
 1.616411e+02 9.908639e+05 6.554071e+05 1.648320e+04 1.950863e+06 1.441683e+09
<GCONST> 8.859494e+01
<MIXTURE> 4 4.629152e-02
<MEAN> 6
 -4.332279e+01 7.871301e+01 3.072740e+02 2.994013e+01 6.187985e+02 -8.896237e+02
<VARIANCE> 6
 1.044845e+03 2.736282e+05 8.033621e+05 2.723861e+04 3.241335e+05 7.407120e+07
<GCONST> 8.511681e+01
<MIXTURE> 5 7.868166e-02
<MEAN> 6
 7.958907e+01 1.131378e+02 -8.652676e+01 7.528047e+00 -5.360038e+02 -6.578954e+02
<VARIANCE> 6
 1.754424e+02 1.949338e+05 1.165519e+05 1.222903e+04 1.640410e+05 6.345927e+07
<GCONST> 7.942642e+01
<MIXTURE> 6 6.745366e-02
<MEAN> 6
 -4.143771e+01 -4.204859e+02 -1.419634e+01 -5.650803e+01 1.299092e+03 8.162786e+02
<VARIANCE> 6
 5.731611e+02 1.059185e+06 2.442195e+05 4.481892e+04 1.114994e+06 7.824122e+08
<GCONST> 8.876990e+01
<MIXTURE> 7 1.042915e-01
<MEAN> 6
 3.424596e+01 -1.427843e+01 2.254284e+01 6.647899e+01 -1.617629e+02 -1.047687e+03
<VARIANCE> 6
 6.683558e+02 5.938457e+04 6.199902e+04 3.106865e+04 1.124878e+05 5.191738e+07
<GCONST> 7.929846e+01
<MIXTURE> 8 6.339262e-02
<MEAN> 6
 -5.236810e+01 9.082568e+01 -5.121659e+00 1.676782e+01 1.745056e+02 2.017556e+02
<VARIANCE> 6
 2.556926e+02 8.617150e+04 1.239559e+05 4.839727e+02 5.147088e+04 5.191738e+07
<GCONST> 7.445898e+01
<MIXTURE> 9 8.560205e-02
<MEAN> 6
 8.258233e+01 -2.528958e+01 7.269267e+01 -8.834180e+00 -1.406326e+01 -3.096582e+02
<VARIANCE> 6
 1.132721e+02 2.411331e+05 2.863667e+04 2.998645e+02 4.044808e+04 5.191738e+07
<GCONST> 7.248888e+01
<MIXTURE> 10 7.592521e-02
<MEAN> 6
 3.362720e+01 5.038599e+01 -4.809427e+00 6.817194e+01 -3.995677e+02 -1.293823e+03
<VARIANCE> 6
 6.090685e+02 8.984191e+05 8.576531e+05 5.417278e+04 2.677298e+05 1.090152e+08
<GCONST> 8.671420e+01
<MIXTURE> 11 7.776839e-02
<MEAN> 6
 1.128479e+01 -4.611135e+00 2.217162e+01 -1.296292e+02 -7.908809e+01 3.988179e+03
<VARIANCE> 6
 7.581506e+02 5.959320e+04 8.193895e+04 5.327797e+04 5.930311e+05 3.740480e+08
<GCONST> 8.388335e+01
<MIXTURE> 12 5.860879e-02
<MEAN> 6
 -3.351928e+01 1.333222e+01 9.573702e+01 1.126778e+02 7.846677e+02 -1.953234e+03
<VARIANCE> 6
 3.709474e+02 9.532608e+04 9.504190e+04 1.849736e+04 1.823258e+05 5.559350e+07
<GCONST> 7.964296e+01
<MIXTURE> 13 8.118488e-02
<MEAN> 6
 7.520417e+01 -2.673067e+01 -9.459431e+01 -4.148075e+00 -3.140932e+01 -2.211011e+02
<VARIANCE> 6
 1.218573e+02 3.532693e+04 1.277028e+05 2.998645e+02 4.044808e+04 5.191738e+07
<GCONST> 7.213625e+01
<MIXTURE> 14 7.211532e-02
<MEAN> 6
 6.342626e+01 -2.248478e+01 3.425633e+01 -6.144715e+01 -9.023148e+02 -9.560246e+01
<VARIANCE> 6
 2.064517e+02 1.765024e+05 8.795808e+04 2.964646e+04 1.970300e+05 7.923303e+07
<GCONST> 8.049915e+01
<MIXTURE> 15 6.033964e-02
<MEAN> 6
 -4.098837e+01 -2.843710e+01 1.137261e+01 1.891913e+01 7.551577e+02 -2.675130e+02
<VARIANCE> 6
 3.210004e+02 5.054046e+04 6.563905e+04 1.887169e+04 1.562166e+05 7.799996e+07
<GCONST> 7.869780e+01
<TRANSP> 14
 0.000000e+00 1.000000e+00 0.000000e+00 0.000000e+00 0.000000e+00 0.000000e+00 0.000000e+00 0.000000e+00 0.000000e+00 0.000000e+00 0.000000e+00 0.000000e+00 0.000000e+00 0.000000e+00
 0.000000e+00 9.998842e-01 1.158339e-04 0.000000e+00 0.000000e+00 0.000000e+00 0.000000e+00 0.000000e+00 0.000000e+00 0.000000e+00 0.000000e+00 0.000000e+00 0.000000e+00 0.000000e+00
 0.000000e+00 0.000000e+00 9.962794e-01 3.720664e-03 0.000000e+00 0.000000e+00 0.000000e+00 0.000000e+00 0.000000e+00 0.000000e+00 0.000000e+00 0.000000e+00 0.000000e+00 0.000000e+00
 0.000000e+00 0.000000e+00 0.000000e+00 9.977424e-01 2.257689e-03 0.000000e+00 0.000000e+00 0.000000e+00 0.000000e+00 0.000000e+00 0.000000e+00 0.000000e+00 0.000000e+00 0.000000e+00
 0.000000e+00 0.000000e+00 0.000000e+00 0.000000e+00 9.979404e-01 2.059678e-03 0.000000e+00 0.000000e+00 0.000000e+00 0.000000e+00 0.000000e+00 0.000000e+00 0.000000e+00 0.000000e+00
 0.000000e+00 0.000000e+00 0.000000e+00 0.000000e+00 0.000000e+00 9.981120e-01 1.887922e-03 0.000000e+00 0.000000e+00 0.000000e+00 0.000000e+00 0.000000e+00 0.000000e+00 0.000000e+00
 0.000000e+00 0.000000e+00 0.000000e+00 0.000000e+00 0.000000e+00 0.000000e+00 9.988853e-01 1.114718e-03 0.000000e+00 0.000000e+00 0.000000e+00 0.000000e+00 0.000000e+00 0.000000e+00
 0.000000e+00 0.000000e+00 0.000000e+00 0.000000e+00 0.000000e+00 0.000000e+00 0.000000e+00 9.985308e-01 1.469182e-03 0.000000e+00 0.000000e+00 0.000000e+00 0.000000e+00 0.000000e+00
 0.000000e+00 0.000000e+00 0.000000e+00 0.000000e+00 0.000000e+00 0.000000e+00 0.000000e+00 0.000000e+00 9.977308e-01 2.269208e-03 0.000000e+00 0.000000e+00 0.000000e+00 0.000000e+00
 0.000000e+00 0.000000e+00 0.000000e+00 0.000000e+00 0.000000e+00 0.000000e+00 0.000000e+00 0.000000e+00 0.000000e+00 9.953770e-01 4.623022e-03 0.000000e+00 0.000000e+00 0.000000e+00
 0.000000e+00 0.000000e+00 0.000000e+00 0.000000e+00 0.000000e+00 0.000000e+00 0.000000e+00 0.000000e+00 0.000000e+00 0.000000e+00 9.968969e-01 3.103095e-03 0.000000e+00 0.000000e+00
 0.000000e+00 0.000000e+00 0.000000e+00 0.000000e+00 0.000000e+00 0.000000e+00 0.000000e+00 0.000000e+00 0.000000e+00 0.000000e+00 0.000000e+00 9.975559e-01 2.444054e-03 0.000000e+00
 0.000000e+00 0.000000e+00 0.000000e+00 0.000000e+00 0.000000e+00 0.000000e+00 0.000000e+00 0.000000e+00 0.000000e+00 0.000000e+00 0.000000e+00 0.000000e+00 9.999312e-01 6.881300e-05
 0.000000e+00 0.000000e+00 0.000000e+00 0.000000e+00 0.000000e+00 0.000000e+00 0.000000e+00 0.000000e+00 0.000000e+00 0.000000e+00 0.000000e+00 0.000000e+00 0.000000e+00 0.000000e+00
<ENDHMM>
