~o
<STREAMINFO> 1 6
<VECSIZE> 6<NULLD><USER><DIAGC>
~h "SegundoPRIMARIA"
<BEGINHMM>
<NUMSTATES> 12
<STATE> 2
<NUMMIXES> 15
<MIXTURE> 1 7.325152e-02
<MEAN> 6
 9.897381e+01 -4.612673e+01 -8.623674e+01 -5.424828e+00 -3.801205e+01 -4.149559e+02
<VARIANCE> 6
 2.788669e+02 1.244697e+05 3.207276e+06 2.998339e+02 4.032245e+04 5.181961e+07
<GCONST> 7.744192e+01
<MIXTURE> 2 8.514114e-02
<MEAN> 6
 -4.002972e+01 -5.504906e+01 -1.705520e+01 -1.930844e+02 1.250246e+03 3.615144e+03
<VARIANCE> 6
 7.445578e+02 5.500943e+05 1.492342e+06 3.438648e+04 1.164470e+06 6.855282e+08
<GCONST> 8.983266e+01
<MIXTURE> 3 3.846936e-02
<MEAN> 6
 2.706214e+01 3.736342e+02 -4.332251e+02 -5.611951e+01 -5.140386e+02 2.284265e+03
<VARIANCE> 6
 5.801969e+03 2.320115e+07 1.448187e+06 9.945540e+04 7.158046e+06 5.178616e+09
<GCONST> 1.004978e+02
<MIXTURE> 4 9.328384e-02
<MEAN> 6
 2.339952e+01 -2.672437e+01 -5.670885e+01 2.658310e+02 -1.240451e+02 -4.287378e+03
<VARIANCE> 6
 9.619612e+02 5.388366e+05 1.360713e+06 6.568292e+03 2.513476e+05 8.795437e+07
<GCONST> 8.473385e+01
<MIXTURE> 5 7.776947e-02
<MEAN> 6
 -7.117407e+01 5.522023e+01 -3.086875e+02 -3.213536e+00 1.376424e+02 3.685527e+02
<VARIANCE> 6
 2.345251e+02 5.637652e+05 1.004364e+06 7.467519e+02 6.609900e+04 5.181961e+07
<GCONST> 7.902500e+01
<MIXTURE> 6 3.253794e-02
<MEAN> 6
 9.208524e+01 -1.680759e+03 5.654046e+02 -1.076156e+01 -4.216114e+01 -3.709291e+02
<VARIANCE> 6
 2.556083e+02 4.009449e+07 8.020432e+05 3.671118e+02 4.032245e+04 5.181961e+07
<GCONST> 8.194618e+01
<MIXTURE> 7 7.014838e-02
<MEAN> 6
 9.812486e+01 1.806411e+02 -4.401187e+01 4.914967e+01 -8.653069e+02 -1.524999e+03
<VARIANCE> 6
 4.168328e+02 9.070962e+05 1.588311e+06 2.312722e+04 1.333614e+06 7.310019e+08
<GCONST> 8.961823e+01
<MIXTURE> 8 1.182780e-01
<MEAN> 6
 7.545347e+01 6.723240e+02 -8.094106e+02 2.394056e+00 -2.678064e+01 -1.512838e+02
<VARIANCE> 6
 8.012326e+01 1.130162e+06 9.338084e+05 2.998339e+02 4.032245e+04 5.181961e+07
<GCONST> 7.716690e+01
<MIXTURE> 9 6.181804e-02
<MEAN> 6
 7.226546e+01 -5.653061e+01 1.278230e+02 -1.536647e+01 -4.454543e+02 9.271893e+01
<VARIANCE> 6
 6.022665e+02 2.559085e+05 6.054111e+05 2.303469e+04 1.573783e+05 5.181961e+07
<GCONST> 8.296864e+01
<MIXTURE> 10 5.745109e-02
<MEAN> 6
 -4.667183e+01 -6.668111e+00 1.609796e+02 1.771001e+02 9.449350e+02 -1.795851e+03
<VARIANCE> 6
 3.042491e+02 8.348996e+05 5.279704e+05 1.054080e+04 2.981946e+05 9.387284e+07
<GCONST> 8.378294e+01
<MIXTURE> 11 6.792744e-02
<MEAN> 6
 6.228310e+01 -3.757887e+02 1.241573e+03 6.568686e-01 -2.933822e+00 -9.830116e+01
<VARIANCE> 6
 3.695464e+01 2.254696e+05 6.349369e+05 2.998339e+02 4.032245e+04 5.181961e+07
<GCONST> 7.439535e+01
<MIXTURE> 12 5.996415e-02
<MEAN> 6
 4.765562e+01 -6.446542e+01 -1.810474e+02 -2.040218e+02 -9.716355e+02 4.872749e+03
<VARIANCE> 6
 7.938923e+02 3.229809e+05 2.257055e+06 4.199964e+04 5.542095e+05 2.412022e+08
<GCONST> 8.819099e+01
<MIXTURE> 13 3.367105e-02
<MEAN> 6
 8.307058e+01 -8.405653e+02 1.946023e+03 -2.031569e+00 -9.623900e+00 2.331685e+01
<VARIANCE> 6
 9.381746e+01 1.576244e+05 2.452998e+06 2.998339e+02 4.032245e+04 5.181961e+07
<GCONST> 7.632057e+01
<MIXTURE> 14 7.173845e-02
<MEAN> 6
 -6.640341e+01 -2.299505e+01 -1.244171e+02 2.170994e+01 6.410801e+02 -3.773766e+02
<VARIANCE> 6
 3.797426e+02 2.057520e+05 2.323643e+06 1.140678e+04 1.930086e+05 1.102557e+08
<GCONST> 8.389059e+01
<MIXTURE> 15 5.835343e-02
<MEAN> 6
 5.707248e+01 -1.469350e+02 1.719848e+01 -1.215252e+02 -5.399392e+02 -4.211745e+02
<VARIANCE> 6
 1.130307e+03 3.172597e+05 5.169031e+05 2.491706e+04 2.173270e+05 5.181961e+07
<GCONST> 8.405634e+01
<STATE> 3
<NUMMIXES> 15
<MIXTURE> 1 4.930151e-02
<MEAN> 6
 9.435501e+01 4.477522e+01 -4.368595e+02 -2.065498e+00 -1.379010e+00 -1.401161e+02
<VARIANCE> 6
 3.179780e+01 1.280424e+04 1.679304e+04 2.998339e+02 4.032245e+04 5.181961e+07
<GCONST> 6.774408e+01
<MIXTURE> 2 8.130074e-02
<MEAN> 6
 8.000953e+01 1.519014e+02 -7.260992e+02 1.328446e+00 5.346986e+00 -1.479665e+02
<VARIANCE> 6
 3.179780e+01 1.280424e+04 1.446404e+04 2.998339e+02 4.032245e+04 5.181961e+07
<GCONST> 6.759479e+01
<MIXTURE> 3 5.132998e-02
<MEAN> 6
 6.902485e+01 3.772080e+01 -9.538022e+02 -2.459448e-01 -2.931166e+00 -1.981157e+02
<VARIANCE> 6
 3.179780e+01 1.280424e+04 5.821408e+04 2.998339e+02 4.032245e+04 5.181961e+07
<GCONST> 6.898724e+01
<MIXTURE> 4 1.003783e-01
<MEAN> 6
 7.293908e+01 -8.060341e+02 -6.249980e+02 -3.614588e+00 2.438592e+00 -1.014432e+02
<VARIANCE> 6
 3.179780e+01 1.280424e+04 1.446404e+04 2.998339e+02 4.032245e+04 5.181961e+07
<GCONST> 6.759479e+01
<MIXTURE> 5 6.092835e-02
<MEAN> 6
 6.586902e+01 -2.687257e+02 -1.273785e+03 3.146190e+00 -1.348575e+01 7.454803e+01
<VARIANCE> 6
 3.179780e+01 1.280424e+04 1.446404e+04 2.998339e+02 4.032245e+04 5.181961e+07
<GCONST> 6.759479e+01
<MIXTURE> 6 6.929439e-02
<MEAN> 6
 9.435409e+01 -3.361713e+02 -5.506126e+02 -1.113979e+00 1.174359e-01 9.444131e+01
<VARIANCE> 6
 3.179780e+01 1.280424e+04 1.446404e+04 2.998339e+02 4.032245e+04 5.181961e+07
<GCONST> 6.759479e+01
<MIXTURE> 7 6.351332e-02
<MEAN> 6
 6.793414e+01 1.257406e+01 -8.656299e+02 -7.171341e-01 -5.891838e+00 -1.584325e+02
<VARIANCE> 6
 3.179780e+01 1.280424e+04 1.446404e+04 2.998339e+02 4.032245e+04 5.181961e+07
<GCONST> 6.759479e+01
<MIXTURE> 8 6.449311e-02
<MEAN> 6
 9.295515e+01 -5.579489e+02 -5.394564e+02 1.478861e+00 -3.525700e+00 -1.318422e+02
<VARIANCE> 6
 3.179780e+01 1.280424e+04 1.446404e+04 2.998339e+02 4.032245e+04 5.181961e+07
<GCONST> 6.759479e+01
<MIXTURE> 9 9.073983e-02
<MEAN> 6
 7.008109e+01 5.995684e+01 -1.033982e+03 -2.550159e+00 -2.218296e+00 4.983982e+00
<VARIANCE> 6
 3.179780e+01 1.280424e+04 1.446404e+04 2.998339e+02 4.032245e+04 5.181961e+07
<GCONST> 6.759479e+01
<MIXTURE> 10 6.135879e-02
<MEAN> 6
 6.454292e+01 -1.878383e+02 -9.325906e+02 7.165166e-01 -1.456502e+01 -8.739628e+01
<VARIANCE> 6
 3.179780e+01 1.438867e+04 1.446404e+04 2.998339e+02 4.032245e+04 5.181961e+07
<GCONST> 6.771145e+01
<MIXTURE> 11 4.501059e-02
<MEAN> 6
 6.919725e+01 -7.722123e+02 -9.931869e+02 -1.393685e+00 -1.158224e+00 1.829073e+00
<VARIANCE> 6
 3.179780e+01 1.280424e+04 5.711691e+04 2.998339e+02 4.032245e+04 5.181961e+07
<GCONST> 6.896822e+01
<MIXTURE> 12 6.522162e-02
<MEAN> 6
 8.522923e+01 -2.005379e+02 -8.555930e+02 -5.089186e+00 -3.378314e+00 -6.705724e+01
<VARIANCE> 6
 3.179780e+01 2.500061e+04 1.446404e+04 2.998339e+02 4.032245e+04 5.181961e+07
<GCONST> 6.826391e+01
<MIXTURE> 13 6.910966e-02
<MEAN> 6
 9.453181e+01 -3.468273e+02 -5.504388e+02 -1.067070e+00 -2.396171e+00 7.353961e+01
<VARIANCE> 6
 3.179780e+01 1.280424e+04 1.446404e+04 2.998339e+02 4.032245e+04 5.181961e+07
<GCONST> 6.759479e+01
<MIXTURE> 14 6.459107e-02
<MEAN> 6
 9.289056e+01 -5.605939e+02 -5.393044e+02 1.504636e+00 -3.028601e+00 -1.306957e+02
<VARIANCE> 6
 3.179780e+01 1.280424e+04 1.446404e+04 2.998339e+02 4.032245e+04 5.181961e+07
<GCONST> 6.759479e+01
<MIXTURE> 15 6.340523e-02
<MEAN> 6
 6.729686e+01 -1.587058e+01 -9.112507e+02 -7.354416e-01 -5.963921e+00 -1.373152e+02
<VARIANCE> 6
 3.179780e+01 1.280424e+04 1.446404e+04 2.998339e+02 4.032245e+04 5.181961e+07
<GCONST> 6.759479e+01
<STATE> 4
<NUMMIXES> 15
<MIXTURE> 1 8.316860e-02
<MEAN> 6
 7.369654e+01 4.209330e+01 1.294557e+02 1.499342e-01 -4.354087e+00 -8.660456e+01
<VARIANCE> 6
 3.179780e+01 1.280424e+04 1.446404e+04 2.998339e+02 4.032245e+04 5.181961e+07
<GCONST> 6.759479e+01
<MIXTURE> 2 9.034704e-02
<MEAN> 6
 7.331580e+01 3.475824e+01 1.314563e+02 2.202511e-01 -2.521875e+00 -9.941109e+01
<VARIANCE> 6
 3.179780e+01 1.280424e+04 1.446404e+04 2.998339e+02 4.032245e+04 5.181961e+07
<GCONST> 6.759479e+01
<MIXTURE> 3 4.138307e-03
<MEAN> 6
 6.290489e+01 2.314441e+02 1.253700e+02 -1.574054e+01 7.636763e+02 -1.271062e+03
<VARIANCE> 6
 4.449785e+02 2.614828e+05 1.340910e+05 1.337764e+03 1.971135e+05 8.173702e+07
<GCONST> 7.901500e+01
<MIXTURE> 4 5.551938e-02
<MEAN> 6
 6.610462e+01 1.518265e+02 -3.606933e+02 4.820370e+00 5.768311e+00 -2.266135e+02
<VARIANCE> 6
 3.179780e+01 1.280424e+04 1.446404e+04 2.998339e+02 4.032245e+04 5.181961e+07
<GCONST> 6.759479e+01
<MIXTURE> 5 7.077438e-02
<MEAN> 6
 7.559553e+01 7.807827e+01 -3.009541e+02 -7.052091e-01 -6.611184e+00 -7.395670e+01
<VARIANCE> 6
 3.179780e+01 1.280424e+04 1.446404e+04 2.998339e+02 4.032245e+04 5.181961e+07
<GCONST> 6.759479e+01
<MIXTURE> 6 3.668242e-02
<MEAN> 6
 7.441730e+01 1.712994e+02 -1.716960e+02 -1.473211e+00 -1.115554e+01 8.330779e+01
<VARIANCE> 6
 3.179780e+01 1.280424e+04 1.446404e+04 2.998339e+02 4.032245e+04 5.181961e+07
<GCONST> 6.759479e+01
<MIXTURE> 7 7.015049e-02
<MEAN> 6
 6.637625e+01 -4.980628e+01 -2.271106e+02 8.945993e-01 2.329931e+00 -9.843780e+01
<VARIANCE> 6
 3.179780e+01 1.280424e+04 1.446404e+04 2.998339e+02 4.032245e+04 5.181961e+07
<GCONST> 6.759479e+01
<MIXTURE> 8 7.255486e-02
<MEAN> 6
 6.632189e+01 -5.170610e+01 -2.310518e+02 9.256949e-01 2.342491e+00 -9.843563e+01
<VARIANCE> 6
 3.179780e+01 1.280424e+04 1.446404e+04 2.998339e+02 4.032245e+04 5.181961e+07
<GCONST> 6.759479e+01
<MIXTURE> 9 7.020371e-02
<MEAN> 6
 7.543188e+01 7.379702e+01 -3.077867e+02 -6.080462e-01 -6.328982e+00 -8.148328e+01
<VARIANCE> 6
 3.179780e+01 1.280424e+04 1.446404e+04 2.998339e+02 4.032245e+04 5.181961e+07
<GCONST> 6.759479e+01
<MIXTURE> 10 7.558296e-02
<MEAN> 6
 7.157889e+01 8.807795e+00 1.360513e+02 4.827833e-01 2.953857e+00 -1.218590e+02
<VARIANCE> 6
 3.179780e+01 1.280424e+04 1.446404e+04 2.998339e+02 4.032245e+04 5.181961e+07
<GCONST> 6.759479e+01
<MIXTURE> 11 8.508816e-02
<MEAN> 6
 7.335543e+01 3.548295e+01 1.312684e+02 2.131849e-01 -2.697418e+00 -9.826387e+01
<VARIANCE> 6
 3.179780e+01 1.280424e+04 1.446404e+04 2.998339e+02 4.032245e+04 5.181961e+07
<GCONST> 6.759479e+01
<MIXTURE> 12 7.286610e-02
<MEAN> 6
 6.622230e+01 -5.454771e+01 -2.399016e+02 9.994341e-01 2.440877e+00 -9.870891e+01
<VARIANCE> 6
 3.179780e+01 1.280424e+04 1.446404e+04 2.998339e+02 4.032245e+04 5.181961e+07
<GCONST> 6.759479e+01
<MIXTURE> 13 7.080687e-02
<MEAN> 6
 6.618919e+01 -5.543977e+01 -2.424314e+02 1.022232e+00 2.486184e+00 -9.879497e+01
<VARIANCE> 6
 3.179780e+01 1.280424e+04 1.446404e+04 2.998339e+02 4.032245e+04 5.181961e+07
<GCONST> 6.759479e+01
<MIXTURE> 14 7.114166e-02
<MEAN> 6
 7.565196e+01 6.765489e+01 -3.152615e+02 -6.209381e-01 -6.317727e+00 -8.851645e+01
<VARIANCE> 6
 3.179780e+01 1.280424e+04 1.446404e+04 2.998339e+02 4.032245e+04 5.181961e+07
<GCONST> 6.759479e+01
<MIXTURE> 15 7.088604e-02
<MEAN> 6
 7.541321e+01 6.391268e+01 -3.202667e+02 -5.191967e-01 -6.040131e+00 -9.519640e+01
<VARIANCE> 6
 3.179780e+01 1.280424e+04 1.446404e+04 2.998339e+02 4.032245e+04 5.181961e+07
<GCONST> 6.759479e+01
<STATE> 5
<NUMMIXES> 15
<MIXTURE> 1 2.703576e-02
<MEAN> 6
 9.855291e+01 -1.172541e+02 2.651884e+02 -8.512474e+00 1.910867e+00 -6.291759e+02
<VARIANCE> 6
 3.179780e+01 1.738817e+05 1.068757e+05 2.998339e+02 4.032245e+04 5.181961e+07
<GCONST> 7.220338e+01
<MIXTURE> 2 7.636001e-02
<MEAN> 6
 8.013253e+01 3.485527e+02 -2.825227e+00 2.134101e+00 -1.009324e+01 7.307503e+01
<VARIANCE> 6
 3.179780e+01 1.280424e+04 1.446404e+04 2.998339e+02 4.032245e+04 5.181961e+07
<GCONST> 6.759479e+01
<MIXTURE> 3 2.583833e-02
<MEAN> 6
 9.570482e+01 -5.745243e+02 -3.096926e+01 -4.887347e+00 1.232897e+01 -3.583792e+02
<VARIANCE> 6
 3.179780e+01 1.815709e+04 1.446404e+04 2.998339e+02 4.032245e+04 5.181961e+07
<GCONST> 6.794407e+01
<MIXTURE> 4 1.103029e-01
<MEAN> 6
 9.288900e+01 -2.221781e+00 9.384363e+01 -1.476145e+00 -1.451910e+00 -1.076864e+02
<VARIANCE> 6
 3.179780e+01 1.280424e+04 1.446404e+04 2.998339e+02 4.032245e+04 5.181961e+07
<GCONST> 6.759479e+01
<MIXTURE> 5 8.537246e-02
<MEAN> 6
 9.029149e+01 8.382989e+01 -4.361493e+01 -9.281455e-01 -3.312723e+00 6.125023e-01
<VARIANCE> 6
 3.179780e+01 1.688655e+04 1.446404e+04 2.998339e+02 4.032245e+04 5.181961e+07
<GCONST> 6.787152e+01
<MIXTURE> 6 7.926810e-02
<MEAN> 6
 9.818018e+01 -1.005578e+03 2.474191e+01 -3.966875e+00 -5.125147e+00 -1.061634e+02
<VARIANCE> 6
 3.179780e+01 1.514676e+04 1.446404e+04 2.998339e+02 4.032245e+04 5.181961e+07
<GCONST> 6.776279e+01
<MIXTURE> 7 1.082090e-01
<MEAN> 6
 9.253924e+01 -3.437172e+01 7.737669e+01 -1.079842e+00 2.229564e-03 -1.463610e+02
<VARIANCE> 6
 3.179780e+01 1.280424e+04 1.446404e+04 2.998339e+02 4.032245e+04 5.181961e+07
<GCONST> 6.759479e+01
<MIXTURE> 8 5.212242e-02
<MEAN> 6
 8.905898e+01 -8.655865e+01 -7.070623e+01 -1.504414e+00 -8.538765e-01 -1.059155e+02
<VARIANCE> 6
 3.179780e+01 2.266518e+04 1.446404e+04 2.998339e+02 4.032245e+04 5.181961e+07
<GCONST> 6.816583e+01
<MIXTURE> 9 5.344271e-02
<MEAN> 6
 9.256826e+01 -4.173640e+01 7.533099e+01 -9.992728e-01 2.692632e-01 -1.506301e+02
<VARIANCE> 6
 3.179780e+01 1.280424e+04 1.446404e+04 2.998339e+02 4.032245e+04 5.181961e+07
<GCONST> 6.759479e+01
<MIXTURE> 10 5.604570e-02
<MEAN> 6
 9.220070e+01 -8.103585e+01 2.723689e+01 -8.298796e-01 1.317507e+00 -1.357635e+02
<VARIANCE> 6
 3.179780e+01 1.280424e+04 1.446404e+04 2.998339e+02 4.032245e+04 5.181961e+07
<GCONST> 6.759479e+01
<MIXTURE> 11 8.869892e-02
<MEAN> 6
 8.911804e+01 -4.747979e+00 -6.963819e+01 -7.862411e-01 -1.908074e+00 -8.342780e+01
<VARIANCE> 6
 3.179780e+01 1.946079e+04 1.446404e+04 2.998339e+02 4.032245e+04 5.181961e+07
<GCONST> 6.801341e+01
<MIXTURE> 12 7.607540e-02
<MEAN> 6
 8.013351e+01 3.485259e+02 -2.832846e+00 2.133987e+00 -1.008872e+01 7.302631e+01
<VARIANCE> 6
 3.179780e+01 1.280424e+04 1.446404e+04 2.998339e+02 4.032245e+04 5.181961e+07
<GCONST> 6.759479e+01
<MIXTURE> 13 4.798536e-02
<MEAN> 6
 8.611040e+01 -3.121186e+02 -7.723387e+01 -7.201742e+00 2.220566e+00 -6.837938e+01
<VARIANCE> 6
 3.179780e+01 3.635545e+04 1.446404e+04 2.998339e+02 4.032245e+04 5.181961e+07
<GCONST> 6.863835e+01
<MIXTURE> 14 5.923915e-02
<MEAN> 6
 9.163713e+01 -1.097565e+02 -3.352419e+01 -1.158611e+00 8.877332e-01 -1.107666e+02
<VARIANCE> 6
 3.179780e+01 1.280424e+04 1.446404e+04 2.998339e+02 4.032245e+04 5.181961e+07
<GCONST> 6.759479e+01
<MIXTURE> 15 5.398396e-02
<MEAN> 6
 9.189446e+01 -9.053905e+01 2.465203e+01 -7.800475e-01 1.377446e+00 -1.456132e+02
<VARIANCE> 6
 3.179780e+01 1.280424e+04 1.446404e+04 2.998339e+02 4.032245e+04 5.181961e+07
<GCONST> 6.759479e+01
<STATE> 6
<NUMMIXES> 15
<MIXTURE> 1 6.456714e-02
<MEAN> 6
 1.206707e+02 1.821935e+03 1.282778e+03 -9.999883e-01 -5.539615e-01 2.177261e+01
<VARIANCE> 6
 3.179780e+01 5.244444e+04 1.446404e+04 2.998339e+02 4.032245e+04 5.181961e+07
<GCONST> 6.900476e+01
<MIXTURE> 2 5.606010e-02
<MEAN> 6
 9.910105e+01 8.178435e+02 2.898170e+02 -5.250879e+00 -2.987309e+00 1.560488e+02
<VARIANCE> 6
 3.179780e+01 1.280424e+04 1.446404e+04 2.998339e+02 4.032245e+04 5.181961e+07
<GCONST> 6.759479e+01
<MIXTURE> 3 9.612122e-02
<MEAN> 6
 1.129489e+02 -1.730548e+03 4.476296e+02 -1.547807e+01 1.715351e+01 -3.121565e+01
<VARIANCE> 6
 2.773988e+02 1.776160e+05 7.680742e+04 3.932838e+02 4.032245e+04 5.181961e+07
<GCONST> 7.433163e+01
<MIXTURE> 4 6.519861e-02
<MEAN> 6
 9.243124e+01 1.439385e+03 -4.353290e+02 -5.567115e+00 -5.974583e+00 1.947880e+02
<VARIANCE> 6
 3.179780e+01 1.867027e+05 2.310647e+04 2.998339e+02 4.032245e+04 5.181961e+07
<GCONST> 7.074297e+01
<MIXTURE> 5 5.817097e-02
<MEAN> 6
 9.971952e+01 -3.479583e+03 -1.081713e+01 -6.296121e+00 2.232278e+01 5.716898e+00
<VARIANCE> 6
 3.179780e+01 8.565423e+04 1.446404e+04 2.998339e+02 4.032245e+04 5.181961e+07
<GCONST> 6.949533e+01
<MIXTURE> 6 7.430167e-02
<MEAN> 6
 9.246790e+01 9.363206e+02 1.882921e+02 -2.291338e+00 -2.923377e+00 -4.052613e+01
<VARIANCE> 6
 3.179780e+01 5.247217e+04 1.446404e+04 2.998339e+02 4.032245e+04 5.181961e+07
<GCONST> 6.900529e+01
<MIXTURE> 7 8.564657e-02
<MEAN> 6
 1.240099e+02 2.456941e+03 2.023148e+02 -6.970757e+00 4.520983e+00 8.987286e+01
<VARIANCE> 6
 3.179780e+01 4.527125e+04 1.446404e+04 2.998339e+02 4.032245e+04 5.181961e+07
<GCONST> 6.885768e+01
<MIXTURE> 8 3.994418e-02
<MEAN> 6
 9.575823e+01 -1.925030e+03 -2.256846e+02 -5.006251e+00 -1.048892e+01 -5.159071e+02
<VARIANCE> 6
 3.179780e+01 6.640862e+04 1.446404e+04 2.998339e+02 4.032245e+04 5.181961e+07
<GCONST> 6.924083e+01
<MIXTURE> 9 5.020354e-02
<MEAN> 6
 9.347699e+01 7.646331e+02 1.826897e+02 -4.076159e+00 3.337192e+00 1.391058e+02
<VARIANCE> 6
 3.179780e+01 1.393644e+04 1.446404e+04 2.998339e+02 4.032245e+04 5.181961e+07
<GCONST> 6.767952e+01
<MIXTURE> 10 8.577432e-02
<MEAN> 6
 1.123097e+02 1.944351e+03 5.710219e+02 -3.882106e+00 -4.922435e-01 -6.607501e+01
<VARIANCE> 6
 3.886871e+01 3.871206e+04 5.250924e+04 2.998339e+02 4.032245e+04 5.181961e+07
<GCONST> 7.019127e+01
<MIXTURE> 11 8.535348e-02
<MEAN> 6
 1.027676e+02 -2.873663e+03 -2.332451e+02 -2.892380e+00 -2.354565e+01 -2.936252e+02
<VARIANCE> 6
 3.179780e+01 8.115379e+04 1.446404e+04 2.998339e+02 4.032245e+04 5.181961e+07
<GCONST> 6.944135e+01
<MIXTURE> 12 6.138584e-02
<MEAN> 6
 1.094005e+02 1.441311e+03 4.917744e+02 -6.198346e+00 -2.333046e+01 5.781373e+02
<VARIANCE> 6
 2.158385e+02 4.847654e+04 1.446404e+04 2.998339e+02 4.032245e+04 5.181961e+07
<GCONST> 7.084122e+01
<MIXTURE> 13 6.966531e-02
<MEAN> 6
 9.310693e+01 8.250593e+02 1.964254e+02 -3.253042e+00 7.039048e-01 9.510552e+01
<VARIANCE> 6
 3.179780e+01 1.280424e+04 1.446404e+04 2.998339e+02 4.032245e+04 5.181961e+07
<GCONST> 6.759479e+01
<MIXTURE> 14 5.691199e-02
<MEAN> 6
 9.908482e+01 -4.030894e+03 1.467589e+01 -2.581583e+00 2.399114e+00 -2.216083e+00
<VARIANCE> 6
 3.179780e+01 1.317793e+04 1.446404e+04 2.998339e+02 4.032245e+04 5.181961e+07
<GCONST> 6.762355e+01
<MIXTURE> 15 5.068720e-02
<MEAN> 6
 9.282096e+01 6.885014e+02 1.590020e+02 -5.038215e+00 1.081224e+01 8.197504e+01
<VARIANCE> 6
 3.179780e+01 1.658334e+04 1.446404e+04 2.998339e+02 4.032245e+04 5.181961e+07
<GCONST> 6.785341e+01
<STATE> 7
<NUMMIXES> 15
<MIXTURE> 1 8.926312e-02
<MEAN> 6
 6.547738e+01 1.034074e+03 -2.118730e+02 -9.547819e-01 4.961319e+00 -8.807603e+00
<VARIANCE> 6
 3.179780e+01 1.280424e+04 1.446404e+04 2.998339e+02 4.032245e+04 5.181961e+07
<GCONST> 6.759479e+01
<MIXTURE> 2 1.618630e-02
<MEAN> 6
 6.698109e+01 1.133455e+02 -2.284763e+02 -2.894471e+01 -6.500370e+02 -9.338841e+03
<VARIANCE> 6
 8.206023e+01 1.313968e+05 1.810073e+05 3.267755e+02 5.449863e+04 5.181961e+07
<GCONST> 7.378547e+01
<MIXTURE> 3 8.700698e-02
<MEAN> 6
 6.193260e+01 4.885329e+02 -6.297056e+02 8.657405e-01 -2.934301e-01 -2.382234e+01
<VARIANCE> 6
 3.179780e+01 1.653603e+04 1.446404e+04 2.998339e+02 4.032245e+04 5.181961e+07
<GCONST> 6.785055e+01
<MIXTURE> 4 5.318229e-02
<MEAN> 6
 6.179126e+01 5.238340e+02 -1.660229e+01 1.951184e+00 -7.490278e-01 -1.699715e+02
<VARIANCE> 6
 3.179780e+01 1.280424e+04 1.446404e+04 2.998339e+02 4.032245e+04 5.181961e+07
<GCONST> 6.759479e+01
<MIXTURE> 5 2.057988e-02
<MEAN> 6
 5.430061e+01 5.129280e+02 2.260688e+02 4.162056e+01 -1.554659e+00 -1.607487e+03
<VARIANCE> 6
 1.137002e+02 1.280424e+04 1.446404e+04 2.998339e+02 4.032245e+04 5.181961e+07
<GCONST> 6.886896e+01
<MIXTURE> 6 8.692589e-02
<MEAN> 6
 6.588690e+01 9.121017e+02 -1.693727e+02 -8.609474e-01 -7.500351e-01 -1.113941e+02
<VARIANCE> 6
 3.179780e+01 1.401490e+04 1.446404e+04 2.998339e+02 4.032245e+04 5.181961e+07
<GCONST> 6.768513e+01
<MIXTURE> 7 5.339776e-02
<MEAN> 6
 5.417647e+01 4.111142e+02 -2.302075e+02 7.716112e-01 -4.818857e+00 -1.241220e+02
<VARIANCE> 6
 3.179780e+01 1.280424e+04 1.446404e+04 2.998339e+02 4.032245e+04 5.181961e+07
<GCONST> 6.759479e+01
<MIXTURE> 8 8.771270e-02
<MEAN> 6
 6.880161e+01 4.901868e+02 -2.083925e+02 2.558012e-01 -5.809525e+00 -1.234342e+02
<VARIANCE> 6
 3.179780e+01 1.280424e+04 1.446404e+04 2.998339e+02 4.032245e+04 5.181961e+07
<GCONST> 6.759479e+01
<MIXTURE> 9 9.530459e-02
<MEAN> 6
 6.583486e+01 9.384568e+02 -1.711216e+02 -7.828981e-01 1.494471e-01 -9.754071e+01
<VARIANCE> 6
 3.179780e+01 1.280424e+04 1.446404e+04 2.998339e+02 4.032245e+04 5.181961e+07
<GCONST> 6.759479e+01
<MIXTURE> 10 5.492285e-02
<MEAN> 6
 5.414072e+01 4.129111e+02 -2.300842e+02 7.663489e-01 -4.567724e+00 -1.218734e+02
<VARIANCE> 6
 3.179780e+01 1.280424e+04 1.446404e+04 2.998339e+02 4.032245e+04 5.181961e+07
<GCONST> 6.759479e+01
<MIXTURE> 11 9.748519e-02
<MEAN> 6
 6.594888e+01 8.486382e+02 -1.622159e+02 -1.048465e+00 -3.330858e+00 -1.723381e+02
<VARIANCE> 6
 3.179780e+01 1.630922e+04 1.446404e+04 2.998339e+02 4.032245e+04 5.181961e+07
<GCONST> 6.783674e+01
<MIXTURE> 12 8.730544e-02
<MEAN> 6
 6.884418e+01 4.871489e+02 -2.107585e+02 2.425574e-01 -5.886285e+00 -1.214719e+02
<VARIANCE> 6
 3.179780e+01 1.280424e+04 1.446404e+04 2.998339e+02 4.032245e+04 5.181961e+07
<GCONST> 6.759479e+01
<MIXTURE> 13 5.833835e-02
<MEAN> 6
 5.410589e+01 4.120484e+02 -2.312824e+02 7.750914e-01 -4.526542e+00 -1.213287e+02
<VARIANCE> 6
 3.179780e+01 1.280424e+04 1.446404e+04 2.998339e+02 4.032245e+04 5.181961e+07
<GCONST> 6.759479e+01
<MIXTURE> 14 5.690826e-02
<MEAN> 6
 5.414094e+01 4.103506e+02 -2.313720e+02 7.799584e-01 -4.766079e+00 -1.234956e+02
<VARIANCE> 6
 3.179780e+01 1.280424e+04 1.446404e+04 2.998339e+02 4.032245e+04 5.181961e+07
<GCONST> 6.759479e+01
<MIXTURE> 15 5.545160e-02
<MEAN> 6
 6.069056e+01 4.965845e+02 -4.271419e+01 6.549633e-01 -4.723772e+00 -1.639133e+02
<VARIANCE> 6
 3.179780e+01 1.280424e+04 1.446404e+04 2.998339e+02 4.032245e+04 5.181961e+07
<GCONST> 6.759479e+01
<STATE> 8
<NUMMIXES> 15
<MIXTURE> 1 5.604419e-02
<MEAN> 6
 7.517234e+01 -1.028845e+03 1.967730e+02 9.767814e-01 1.615722e+01 -7.636209e+01
<VARIANCE> 6
 3.179780e+01 2.390974e+04 1.146459e+05 2.998339e+02 4.032245e+04 5.181961e+07
<GCONST> 7.028947e+01
<MIXTURE> 2 5.683905e-02
<MEAN> 6
 6.708741e+01 -3.412872e+01 3.915341e+02 1.602950e+00 -1.198121e+01 2.222742e+01
<VARIANCE> 6
 3.179780e+01 2.134987e+04 1.446404e+04 2.998339e+02 4.032245e+04 5.181961e+07
<GCONST> 6.810605e+01
<MIXTURE> 3 1.045411e-01
<MEAN> 6
 5.828201e+01 -4.167971e+02 -1.883242e+02 7.846374e-01 1.727588e+00 -1.269921e+02
<VARIANCE> 6
 3.179780e+01 1.280424e+04 2.545171e+04 2.998339e+02 4.032245e+04 5.181961e+07
<GCONST> 6.815990e+01
<MIXTURE> 4 7.193274e-02
<MEAN> 6
 6.970721e+01 -2.174096e+02 1.736413e+02 6.923602e-01 3.450045e+00 -1.968136e+02
<VARIANCE> 6
 3.179780e+01 1.280424e+04 1.446404e+04 2.998339e+02 4.032245e+04 5.181961e+07
<GCONST> 6.759479e+01
<MIXTURE> 5 6.098170e-02
<MEAN> 6
 6.444390e+01 -5.079931e+02 -5.473447e+02 -1.249940e+00 3.904446e-01 -1.255012e+02
<VARIANCE> 6
 3.179780e+01 1.280424e+04 1.446404e+04 2.998339e+02 4.032245e+04 5.181961e+07
<GCONST> 6.759479e+01
<MIXTURE> 6 5.599572e-02
<MEAN> 6
 6.321679e+01 -5.751697e+02 2.206880e+02 1.855288e+00 -3.884668e+00 -1.930681e+02
<VARIANCE> 6
 3.179780e+01 1.280424e+04 1.446404e+04 2.998339e+02 4.032245e+04 5.181961e+07
<GCONST> 6.759479e+01
<MIXTURE> 7 7.523014e-02
<MEAN> 6
 7.034933e+01 -2.265705e+02 1.256140e+02 1.933161e-01 5.764211e-01 -2.001156e+02
<VARIANCE> 6
 3.179780e+01 1.280424e+04 1.446404e+04 2.998339e+02 4.032245e+04 5.181961e+07
<GCONST> 6.759479e+01
<MIXTURE> 8 5.730310e-02
<MEAN> 6
 5.836097e+01 -4.221484e+02 -2.148074e+02 4.047047e-01 -4.551966e+00 -1.618993e+02
<VARIANCE> 6
 3.179780e+01 1.280424e+04 1.534649e+04 2.998339e+02 4.032245e+04 5.181961e+07
<GCONST> 6.765401e+01
<MIXTURE> 9 7.358485e-02
<MEAN> 6
 7.391404e+01 -3.534360e+02 3.580939e+02 -1.819525e+00 -3.230244e+00 -5.688641e+01
<VARIANCE> 6
 3.179780e+01 1.280424e+04 1.446404e+04 2.998339e+02 4.032245e+04 5.181961e+07
<GCONST> 6.759479e+01
<MIXTURE> 10 6.947847e-02
<MEAN> 6
 7.066392e+01 -2.345183e+02 1.003394e+02 -1.680259e-01 -1.631242e+00 -2.087093e+02
<VARIANCE> 6
 3.179780e+01 1.280424e+04 1.446404e+04 2.998339e+02 4.032245e+04 5.181961e+07
<GCONST> 6.759479e+01
<MIXTURE> 11 7.150331e-02
<MEAN> 6
 7.391411e+01 -3.534472e+02 3.580930e+02 -1.820016e+00 -3.229805e+00 -5.684660e+01
<VARIANCE> 6
 3.179780e+01 1.280424e+04 1.446404e+04 2.998339e+02 4.032245e+04 5.181961e+07
<GCONST> 6.759479e+01
<MIXTURE> 12 6.903350e-02
<MEAN> 6
 7.061022e+01 -2.329607e+02 1.046481e+02 -1.011076e-01 -1.220361e+00 -2.064553e+02
<VARIANCE> 6
 3.179780e+01 1.280424e+04 1.446404e+04 2.998339e+02 4.032245e+04 5.181961e+07
<GCONST> 6.759479e+01
<MIXTURE> 13 6.129090e-02
<MEAN> 6
 6.447182e+01 -5.083317e+02 -5.477306e+02 -1.258356e+00 3.663721e-01 -1.258242e+02
<VARIANCE> 6
 3.179780e+01 1.280424e+04 1.446404e+04 2.998339e+02 4.032245e+04 5.181961e+07
<GCONST> 6.759479e+01
<MIXTURE> 14 5.775985e-02
<MEAN> 6
 5.834293e+01 -4.276992e+02 -2.803988e+02 3.825450e-01 -5.103133e+00 -1.662541e+02
<VARIANCE> 6
 3.179780e+01 1.280424e+04 1.842407e+04 2.998339e+02 4.032245e+04 5.181961e+07
<GCONST> 6.783678e+01
<MIXTURE> 15 5.845806e-02
<MEAN> 6
 7.503281e+01 -1.030846e+03 1.336426e+02 3.059017e-01 6.795540e+00 7.433157e+01
<VARIANCE> 6
 3.179780e+01 1.293995e+04 8.834552e+04 2.998339e+02 4.032245e+04 5.181961e+07
<GCONST> 6.941492e+01
<STATE> 9
<NUMMIXES> 15
<MIXTURE> 1 8.304725e-02
<MEAN> 6
 9.942562e+01 -3.302172e+02 7.845928e+02 -7.323581e-01 -1.594228e+01 -1.305463e+02
<VARIANCE> 6
 3.179780e+01 1.280424e+04 8.438215e+04 2.998339e+02 4.032245e+04 5.181961e+07
<GCONST> 6.935847e+01
<MIXTURE> 2 8.155879e-02
<MEAN> 6
 7.922913e+01 1.495581e+03 4.565322e+02 -1.615786e+00 -8.120130e+00 -2.546828e+02
<VARIANCE> 6
 3.179780e+01 1.367252e+04 1.446404e+04 2.998339e+02 4.032245e+04 5.181961e+07
<GCONST> 6.766040e+01
<MIXTURE> 3 9.037683e-02
<MEAN> 6
 8.331872e+01 5.707300e+02 4.384548e+02 -4.935286e-01 4.124940e-01 -2.903051e+01
<VARIANCE> 6
 3.179780e+01 1.280424e+04 1.446404e+04 2.998339e+02 4.032245e+04 5.181961e+07
<GCONST> 6.759479e+01
<MIXTURE> 4 8.665831e-02
<MEAN> 6
 9.002782e+01 -1.498126e+01 5.943649e+02 -2.783451e+00 3.130640e+00 -9.069405e+01
<VARIANCE> 6
 3.179780e+01 1.280424e+04 1.446404e+04 2.998339e+02 4.032245e+04 5.181961e+07
<GCONST> 6.759479e+01
<MIXTURE> 5 9.210343e-02
<MEAN> 6
 9.005998e+01 2.528546e+02 1.528086e+02 -1.359806e+00 -1.250421e+01 -5.761658e+02
<VARIANCE> 6
 3.179780e+01 1.280424e+04 1.446404e+04 2.998339e+02 4.466505e+04 5.181961e+07
<GCONST> 6.769707e+01
<MIXTURE> 6 5.869513e-02
<MEAN> 6
 8.275986e+01 1.040952e+03 3.274915e+02 -1.349752e+00 -6.144285e+00 -1.857995e+02
<VARIANCE> 6
 3.179780e+01 1.280424e+04 1.446404e+04 2.998339e+02 4.032245e+04 5.181961e+07
<GCONST> 6.759479e+01
<MIXTURE> 7 1.906600e-02
<MEAN> 6
 8.642722e+01 -9.532701e+00 4.428764e+02 -1.813525e+00 3.689557e+00 -3.122525e+01
<VARIANCE> 6
 3.179780e+01 5.935916e+04 1.446404e+04 2.998339e+02 4.032245e+04 5.181961e+07
<GCONST> 6.912862e+01
<MIXTURE> 8 8.549467e-02
<MEAN> 6
 8.810503e+01 -4.945616e+02 3.288729e+02 -1.772883e+00 -2.728152e-01 -2.695013e+01
<VARIANCE> 6
 3.179780e+01 3.805626e+04 1.446404e+04 2.998339e+02 4.032245e+04 5.181961e+07
<GCONST> 6.868407e+01
<MIXTURE> 9 6.497378e-02
<MEAN> 6
 8.725291e+01 3.019423e+02 3.950541e+02 1.701555e+00 -4.296643e+00 -1.019486e+02
<VARIANCE> 6
 3.179780e+01 1.280424e+04 1.446404e+04 2.998339e+02 4.032245e+04 5.181961e+07
<GCONST> 6.759479e+01
<MIXTURE> 10 2.048703e-02
<MEAN> 6
 8.690990e+01 -7.248441e+01 4.110727e+02 -1.704504e+00 6.698849e-01 -2.839880e+01
<VARIANCE> 6
 3.179780e+01 1.395139e+05 1.446404e+04 2.998339e+02 4.032245e+04 5.181961e+07
<GCONST> 6.998317e+01
<MIXTURE> 11 5.144468e-02
<MEAN> 6
 8.462817e+01 -3.418252e+01 4.896296e+02 -3.435069e+00 6.849284e+00 -9.988033e+01
<VARIANCE> 6
 3.179780e+01 1.280424e+04 1.446404e+04 2.998339e+02 4.032245e+04 5.181961e+07
<GCONST> 6.759479e+01
<MIXTURE> 12 9.025072e-02
<MEAN> 6
 8.331877e+01 5.707284e+02 4.384547e+02 -4.935222e-01 4.124439e-01 -2.902892e+01
<VARIANCE> 6
 3.179780e+01 1.280424e+04 1.446404e+04 2.998339e+02 4.032245e+04 5.181961e+07
<GCONST> 6.759479e+01
<MIXTURE> 13 5.896011e-02
<MEAN> 6
 8.276423e+01 1.040404e+03 3.275684e+02 -1.353237e+00 -6.103499e+00 -1.844307e+02
<VARIANCE> 6
 3.179780e+01 1.280424e+04 1.446404e+04 2.998339e+02 4.032245e+04 5.181961e+07
<GCONST> 6.759479e+01
<MIXTURE> 14 6.516217e-02
<MEAN> 6
 8.728803e+01 2.959037e+02 3.860273e+02 1.913569e+00 -3.668545e+00 -1.198205e+02
<VARIANCE> 6
 3.179780e+01 1.280424e+04 1.446404e+04 2.998339e+02 4.032245e+04 5.181961e+07
<GCONST> 6.759479e+01
<MIXTURE> 15 5.170299e-02
<MEAN> 6
 8.385859e+01 -7.037183e+01 4.706401e+02 -3.200912e+00 5.446548e+00 -1.028387e+02
<VARIANCE> 6
 3.179780e+01 1.280424e+04 1.446404e+04 2.998339e+02 4.032245e+04 5.181961e+07
<GCONST> 6.759479e+01
<STATE> 10
<NUMMIXES> 15
<MIXTURE> 1 8.275330e-02
<MEAN> 6
 8.814614e+01 1.125305e+03 -1.126494e+03 -3.188088e+00 1.423214e+00 -9.254917e+00
<VARIANCE> 6
 3.179780e+01 1.280424e+04 3.399921e+04 2.998339e+02 4.032245e+04 5.181961e+07
<GCONST> 6.844946e+01
<MIXTURE> 2 6.345389e-02
<MEAN> 6
 7.691266e+01 -5.452202e+00 -1.375199e+02 -2.983865e+01 -1.204803e+03 -2.412947e+04
<VARIANCE> 6
 1.251836e+02 1.285855e+05 1.521373e+05 1.254046e+03 3.085171e+05 2.204123e+08
<GCONST> 7.853860e+01
<MIXTURE> 3 9.692702e-02
<MEAN> 6
 5.694816e+01 -1.269680e+03 -5.570352e+02 3.923530e+00 -6.315031e+00 -1.336302e+01
<VARIANCE> 6
 3.179780e+01 5.083974e+04 2.179959e+04 2.998339e+02 4.032245e+04 5.181961e+07
<GCONST> 6.938391e+01
<MIXTURE> 4 7.245296e-02
<MEAN> 6
 7.515382e+01 5.131729e+02 5.426343e+02 -3.460097e-01 -7.636533e+00 -1.451341e+02
<VARIANCE> 6
 3.179780e+01 1.280424e+04 1.407045e+05 2.998339e+02 4.032245e+04 5.181961e+07
<GCONST> 6.986978e+01
<MIXTURE> 5 5.820600e-02
<MEAN> 6
 8.954612e+01 8.754114e+02 1.141229e+03 -4.800263e+00 8.630016e-01 5.592351e+01
<VARIANCE> 6
 3.179780e+01 4.607339e+04 1.446404e+04 2.998339e+02 4.032245e+04 5.181961e+07
<GCONST> 6.887524e+01
<MIXTURE> 6 7.750114e-02
<MEAN> 6
 7.620644e+01 1.959220e+02 -1.379366e+03 2.861053e+00 1.759343e+01 -9.805509e+01
<VARIANCE> 6
 3.179780e+01 1.280424e+04 1.446404e+04 2.998339e+02 4.032245e+04 5.181961e+07
<GCONST> 6.759479e+01
<MIXTURE> 7 5.236797e-02
<MEAN> 6
 8.075311e+01 4.818764e+02 -5.791419e+02 -3.608467e+00 1.276624e+00 3.218808e+01
<VARIANCE> 6
 3.179780e+01 6.929672e+04 1.446404e+04 2.998339e+02 4.032245e+04 5.181961e+07
<GCONST> 6.928340e+01
<MIXTURE> 8 4.315207e-02
<MEAN> 6
 6.958646e+01 1.118548e+03 7.215144e+02 5.497157e-01 6.557688e+00 -4.559016e+01
<VARIANCE> 6
 3.179780e+01 2.800704e+04 1.446404e+04 2.998339e+02 4.032245e+04 5.181961e+07
<GCONST> 6.837746e+01
<MIXTURE> 9 5.073022e-02
<MEAN> 6
 7.334455e+01 3.658252e+02 6.500208e+02 -1.523532e+00 -6.293703e+00 -1.008318e+02
<VARIANCE> 6
 3.179780e+01 1.280424e+04 5.632100e+04 2.998339e+02 4.032245e+04 5.181961e+07
<GCONST> 6.895419e+01
<MIXTURE> 10 7.333521e-02
<MEAN> 6
 5.601760e+01 6.612787e+01 3.460775e+00 -2.945574e+02 -2.207221e+03 1.579516e+04
<VARIANCE> 6
 1.691279e+02 1.948024e+05 1.739728e+05 4.279852e+03 5.947115e+05 3.241838e+08
<GCONST> 8.165863e+01
<MIXTURE> 11 6.586914e-02
<MEAN> 6
 8.882079e+01 1.011658e+03 -2.212953e+03 6.767692e-02 -1.495915e+01 1.388477e+01
<VARIANCE> 6
 3.179780e+01 1.280424e+04 2.130551e+04 2.998339e+02 4.032245e+04 5.181961e+07
<GCONST> 6.798209e+01
<MIXTURE> 12 8.274493e-02
<MEAN> 6
 2.641830e+01 5.783353e+01 3.221699e+02 -4.080542e+02 -1.095460e+03 1.511644e+04
<VARIANCE> 6
 2.473861e+02 1.209625e+05 1.011643e+06 5.106042e+03 2.241948e+05 4.336038e+08
<GCONST> 8.281462e+01
<MIXTURE> 13 7.680885e-02
<MEAN> 6
 6.777120e+01 -2.935712e+01 -1.365135e+02 -1.373911e+02 -1.970802e+03 -1.126065e+04
<VARIANCE> 6
 1.494022e+02 1.023491e+05 1.861261e+05 2.269903e+03 7.487632e+05 2.320118e+08
<GCONST> 8.022020e+01
<MIXTURE> 14 5.328858e-02
<MEAN> 6
 7.098528e+01 8.422786e+02 6.607963e+02 6.288565e-01 -1.537885e+00 -5.407500e+01
<VARIANCE> 6
 3.179780e+01 1.280424e+04 1.446404e+04 2.998339e+02 4.032245e+04 5.181961e+07
<GCONST> 6.759479e+01
<MIXTURE> 15 5.039769e-02
<MEAN> 6
 7.232165e+01 3.364821e+02 4.904093e+02 -1.313109e+00 -8.657009e+00 -1.461496e+02
<VARIANCE> 6
 3.179780e+01 1.280424e+04 6.149106e+04 2.998339e+02 4.032245e+04 5.181961e+07
<GCONST> 6.904201e+01
<STATE> 11
<NUMMIXES> 15
<MIXTURE> 1 4.535382e-03
<MEAN> 6
 5.681362e+00 -5.399464e+02 6.316036e+01 9.232320e+01 -5.470121e+02 4.296179e+02
<VARIANCE> 6
 9.968036e+03 6.159909e+05 9.805926e+05 1.748763e+06 9.827252e+08 1.424060e+12
<GCONST> 1.104261e+02
<MIXTURE> 2 6.278771e-02
<MEAN> 6
 3.071163e+01 1.456015e+02 7.774482e+01 2.375239e+02 -4.609981e+01 -1.899329e+03
<VARIANCE> 6
 6.987286e+02 2.017442e+05 8.530891e+04 6.957912e+03 2.222533e+05 7.502720e+07
<GCONST> 8.043788e+01
<MIXTURE> 3 2.457813e-02
<MEAN> 6
 2.376621e+01 1.221605e+02 1.022000e+02 -5.382909e+01 -6.255654e+01 9.493043e+03
<VARIANCE> 6
 6.256880e+03 1.542317e+06 1.332761e+06 7.495435e+04 6.841572e+06 5.476470e+09
<GCONST> 9.750715e+01
<MIXTURE> 4 3.481103e-02
<MEAN> 6
 9.985490e+01 9.023308e+01 3.087735e+02 -3.323677e+00 -1.589103e+01 -3.759438e+02
<VARIANCE> 6
 7.589117e+02 1.891727e+05 3.082693e+05 2.998339e+02 4.032245e+04 5.181961e+07
<GCONST> 7.651947e+01
<MIXTURE> 5 1.287473e-01
<MEAN> 6
 -3.834422e+01 5.499833e+01 3.177223e+01 6.970786e+01 7.921224e+02 -1.173559e+03
<VARIANCE> 6
 3.173758e+02 1.558441e+05 6.331506e+04 2.005555e+04 2.069504e+05 6.520638e+07
<GCONST> 7.993941e+01
<MIXTURE> 6 7.762487e-02
<MEAN> 6
 9.834346e+01 7.320941e+01 2.927919e+01 5.747176e+01 -9.759186e+02 -2.714900e+03
<VARIANCE> 6
 5.340971e+02 3.941357e+05 7.785505e+04 2.678513e+04 2.160032e+06 1.086637e+09
<GCONST> 8.704248e+01
<MIXTURE> 7 8.366074e-02
<MEAN> 6
 1.173100e+01 -2.244118e+00 5.923890e+01 -2.967269e+02 -1.447339e+01 9.155878e+03
<VARIANCE> 6
 5.472642e+02 1.083247e+05 1.311713e+05 1.010395e+04 6.114932e+05 3.309978e+08
<GCONST> 8.287131e+01
<MIXTURE> 8 8.383222e-02
<MEAN> 6
 -5.344562e+01 5.085342e+01 -3.177629e+00 6.834836e+00 2.141702e+02 4.005496e+02
<VARIANCE> 6
 2.571537e+02 1.931627e+05 1.229598e+05 8.578506e+02 8.518116e+04 5.181961e+07
<GCONST> 7.633808e+01
<MIXTURE> 9 8.675617e-02
<MEAN> 6
 8.608880e+01 2.898124e+01 5.803016e+01 9.534209e+00 -5.486990e+02 -8.996285e+02
<VARIANCE> 6
 2.400136e+02 1.031458e+05 8.886677e+04 1.645653e+04 1.402656e+05 5.181961e+07
<GCONST> 7.876981e+01
<MIXTURE> 10 7.848882e-02
<MEAN> 6
 9.745896e+01 -1.415833e+02 8.552742e-01 -6.427367e+00 -2.981687e+01 -7.642302e+01
<VARIANCE> 6
 1.714292e+02 2.174459e+05 7.306119e+04 2.998339e+02 4.032245e+04 5.181961e+07
<GCONST> 7.373136e+01
<MIXTURE> 11 8.304823e-02
<MEAN> 6
 -4.645815e+01 -1.741088e+01 -3.447881e+01 -6.856088e+01 1.585121e+03 -1.703135e+03
<VARIANCE> 6
 3.907233e+02 1.640178e+05 2.121932e+05 4.027424e+04 8.951551e+05 6.593514e+08
<GCONST> 8.588322e+01
<MIXTURE> 12 6.251154e-02
<MEAN> 6
 7.277277e+01 -1.957169e+02 1.732107e+02 -4.078110e+01 -6.367658e+02 4.439320e+02
<VARIANCE> 6
 7.515703e+02 4.711684e+05 5.944333e+05 3.916564e+04 4.871572e+05 1.481650e+08
<GCONST> 8.649349e+01
<MIXTURE> 13 5.878556e-02
<MEAN> 6
 7.395106e+01 7.390752e+00 2.021519e+01 -1.519267e+02 -9.773256e+02 3.340010e+02
<VARIANCE> 6
 4.543484e+02 4.569306e+04 4.785169e+04 1.890390e+04 3.479372e+05 9.507025e+07
<GCONST> 7.962872e+01
<MIXTURE> 14 6.549969e-02
<MEAN> 6
 8.908852e+01 -6.950392e+01 -3.083777e+02 -3.510229e+00 -1.894968e+01 -3.335073e+02
<VARIANCE> 6
 2.737495e+02 7.838408e+05 1.231044e+05 2.998339e+02 4.032245e+04 5.181961e+07
<GCONST> 7.600340e+01
<MIXTURE> 15 6.358334e-02
<MEAN> 6
 2.386570e+01 -2.271845e+01 -2.757550e+01 2.604535e+02 -4.885335e+01 -5.055730e+03
<VARIANCE> 6
 6.786345e+02 1.295015e+05 9.685477e+04 7.773424e+03 2.471308e+05 9.323970e+07
<GCONST> 8.052659e+01
<TRANSP> 12
 0.000000e+00 1.000000e+00 0.000000e+00 0.000000e+00 0.000000e+00 0.000000e+00 0.000000e+00 0.000000e+00 0.000000e+00 0.000000e+00 0.000000e+00 0.000000e+00
 0.000000e+00 9.998279e-01 1.721434e-04 0.000000e+00 0.000000e+00 0.000000e+00 0.000000e+00 0.000000e+00 0.000000e+00 0.000000e+00 0.000000e+00 0.000000e+00
 0.000000e+00 0.000000e+00 9.981823e-01 1.817761e-03 0.000000e+00 0.000000e+00 0.000000e+00 0.000000e+00 0.000000e+00 0.000000e+00 0.000000e+00 0.000000e+00
 0.000000e+00 0.000000e+00 0.000000e+00 9.988509e-01 1.149098e-03 0.000000e+00 0.000000e+00 0.000000e+00 0.000000e+00 0.000000e+00 0.000000e+00 0.000000e+00
 0.000000e+00 0.000000e+00 0.000000e+00 0.000000e+00 9.970568e-01 2.943194e-03 0.000000e+00 0.000000e+00 0.000000e+00 0.000000e+00 0.000000e+00 0.000000e+00
 0.000000e+00 0.000000e+00 0.000000e+00 0.000000e+00 0.000000e+00 9.971388e-01 2.861206e-03 0.000000e+00 0.000000e+00 0.000000e+00 0.000000e+00 0.000000e+00
 0.000000e+00 0.000000e+00 0.000000e+00 0.000000e+00 0.000000e+00 0.000000e+00 9.966950e-01 3.305037e-03 0.000000e+00 0.000000e+00 0.000000e+00 0.000000e+00
 0.000000e+00 0.000000e+00 0.000000e+00 0.000000e+00 0.000000e+00 0.000000e+00 0.000000e+00 9.980649e-01 1.935075e-03 0.000000e+00 0.000000e+00 0.000000e+00
 0.000000e+00 0.000000e+00 0.000000e+00 0.000000e+00 0.000000e+00 0.000000e+00 0.000000e+00 0.000000e+00 9.973211e-01 2.678898e-03 0.000000e+00 0.000000e+00
 0.000000e+00 0.000000e+00 0.000000e+00 0.000000e+00 0.000000e+00 0.000000e+00 0.000000e+00 0.000000e+00 0.000000e+00 9.981549e-01 1.845128e-03 0.000000e+00
 0.000000e+00 0.000000e+00 0.000000e+00 0.000000e+00 0.000000e+00 0.000000e+00 0.000000e+00 0.000000e+00 0.000000e+00 0.000000e+00 9.999420e-01 5.796692e-05
 0.000000e+00 0.000000e+00 0.000000e+00 0.000000e+00 0.000000e+00 0.000000e+00 0.000000e+00 0.000000e+00 0.000000e+00 0.000000e+00 0.000000e+00 0.000000e+00
<ENDHMM>
~h "SegundoESO"
<BEGINHMM>
<NUMSTATES> 12
<STATE> 2
<NUMMIXES> 15
<MIXTURE> 1 2.513041e-02
<MEAN> 6
 1.005160e+02 -3.268137e+03 1.181389e+04 -1.900012e+00 -1.753424e+01 1.437099e+02
<VARIANCE> 6
 3.179780e+01 5.612708e+05 3.395803e+06 2.998339e+02 4.032245e+04 5.181961e+07
<GCONST> 7.683384e+01
<MIXTURE> 2 4.133840e-02
<MEAN> 6
 6.607251e+01 3.200837e+03 -1.301831e+03 -3.116347e-01 -1.705470e+01 -1.739607e+02
<VARIANCE> 6
 3.179780e+01 8.293906e+04 1.446404e+04 2.998339e+02 4.032245e+04 5.181961e+07
<GCONST> 6.946311e+01
<MIXTURE> 3 7.985634e-02
<MEAN> 6
 7.136304e+01 7.356127e+02 -4.668557e+03 2.720790e+00 -2.168156e+00 2.577740e+01
<VARIANCE> 6
 3.179780e+01 1.280424e+04 1.139513e+07 2.998339e+02 4.032245e+04 5.181961e+07
<GCONST> 7.426405e+01
<MIXTURE> 4 1.056053e-01
<MEAN> 6
 7.130518e+01 8.545096e+03 1.074631e+03 -3.917008e+00 1.352526e+01 6.459234e+01
<VARIANCE> 6
 3.179780e+01 4.825899e+07 3.551799e+07 1.191099e+03 9.473627e+04 5.181961e+07
<GCONST> 8.586906e+01
<MIXTURE> 5 3.541306e-02
<MEAN> 6
 7.558044e+01 2.369252e+02 -3.158959e+03 -6.838945e-01 -5.274477e+00 -6.613658e+01
<VARIANCE> 6
 3.179780e+01 3.457894e+04 1.349176e+05 2.998339e+02 4.032245e+04 5.181961e+07
<GCONST> 7.082125e+01
<MIXTURE> 6 4.461379e-02
<MEAN> 6
 8.043100e+01 4.963853e+01 3.191462e+03 4.368897e-01 -3.277914e+00 -1.071049e+02
<VARIANCE> 6
 3.179780e+01 3.242108e+05 1.446404e+04 2.998339e+02 4.032245e+04 5.181961e+07
<GCONST> 7.082640e+01
<MIXTURE> 7 5.844563e-02
<MEAN> 6
 7.216962e+01 1.526523e+03 -2.403553e+03 6.725866e-02 -3.431331e+00 -1.453129e+02
<VARIANCE> 6
 3.179780e+01 1.280424e+04 1.668149e+05 2.998339e+02 4.032245e+04 5.181961e+07
<GCONST> 7.004000e+01
<MIXTURE> 8 1.002262e-01
<MEAN> 6
 7.951126e+01 -4.113486e+03 7.173040e+03 -1.145338e-01 -1.996993e+01 -1.830572e+02
<VARIANCE> 6
 3.179780e+01 5.060965e+06 3.984088e+07 2.998339e+02 4.032245e+04 5.181961e+07
<GCONST> 8.149530e+01
<MIXTURE> 9 6.593368e-02
<MEAN> 6
 7.407798e+01 -2.545531e+02 -7.467396e+03 -7.861254e-02 -2.030685e+00 -1.139229e+02
<VARIANCE> 6
 3.179780e+01 1.280424e+04 1.717499e+05 2.998339e+02 4.032245e+04 5.181961e+07
<GCONST> 7.006915e+01
<MIXTURE> 10 2.068130e-02
<MEAN> 6
 5.068966e+01 7.293892e+02 -4.827924e+03 8.088394e+00 1.353450e+01 5.654203e+00
<VARIANCE> 6
 3.179780e+01 1.280424e+04 1.222993e+06 2.998339e+02 4.032245e+04 5.181961e+07
<GCONST> 7.203217e+01
<MIXTURE> 11 9.976693e-02
<MEAN> 6
 8.987820e+01 -4.374776e+03 4.054281e+03 -1.333662e+00 -1.511629e+01 -2.460819e+02
<VARIANCE> 6
 3.179780e+01 4.637457e+04 7.245770e+06 2.998339e+02 4.032245e+04 5.181961e+07
<GCONST> 7.509827e+01
<MIXTURE> 12 8.881426e-02
<MEAN> 6
 6.034418e+01 1.667792e+03 -1.062161e+03 2.259605e-01 8.693215e-01 -1.386575e+01
<VARIANCE> 6
 3.179780e+01 1.614511e+05 1.143277e+05 2.998339e+02 4.032245e+04 5.181961e+07
<GCONST> 7.219661e+01
<MIXTURE> 13 1.032059e-01
<MEAN> 6
 7.653263e+01 -9.377173e+01 -3.396250e+03 -5.298336e-01 -5.732399e+00 -7.259137e+01
<VARIANCE> 6
 3.179780e+01 1.280424e+04 1.630701e+06 2.998339e+02 4.032245e+04 5.181961e+07
<GCONST> 7.231989e+01
<MIXTURE> 14 7.987487e-02
<MEAN> 6
 7.369725e+01 -1.167389e+03 2.609248e+03 2.389701e+00 -5.290370e+00 -2.201415e+02
<VARIANCE> 6
 3.179780e+01 6.494060e+05 1.961194e+05 2.998339e+02 4.032245e+04 5.181961e+07
<GCONST> 7.412812e+01
<MIXTURE> 15 5.109014e-02
<MEAN> 6
 7.421185e+01 -4.289957e+02 -9.265172e+03 -1.832164e-02 -2.389253e+00 -1.596280e+01
<VARIANCE> 6
 3.179780e+01 1.280424e+04 8.628810e+05 2.998339e+02 4.032245e+04 5.181961e+07
<GCONST> 7.168340e+01
<STATE> 3
<NUMMIXES> 15
<MIXTURE> 1 5.240144e-02
<MEAN> 6
 7.028091e+01 -9.180489e+01 1.672429e+03 -1.169168e+00 -3.976545e+00 -1.381535e+02
<VARIANCE> 6
 8.138741e+01 2.856918e+04 1.933069e+04 2.998339e+02 4.032245e+04 5.181961e+07
<GCONST> 6.962718e+01
<MIXTURE> 2 5.411712e-02
<MEAN> 6
 7.389890e+01 3.967946e+02 2.091126e+02 -3.473938e-01 -4.872430e+00 -1.081054e+02
<VARIANCE> 6
 3.179780e+01 1.833096e+05 1.446404e+04 2.998339e+02 4.032245e+04 5.181961e+07
<GCONST> 7.025618e+01
<MIXTURE> 3 8.739675e-02
<MEAN> 6
 8.311510e+01 -7.692717e+02 1.019867e+02 -2.110730e-01 -4.237957e+00 -5.458147e+01
<VARIANCE> 6
 3.179780e+01 1.280424e+04 1.446404e+04 2.998339e+02 4.032245e+04 5.181961e+07
<GCONST> 6.759479e+01
<MIXTURE> 4 6.609020e-02
<MEAN> 6
 8.021695e+01 3.220198e+02 5.487786e+02 -1.919352e+00 2.976436e+00 -3.865010e+01
<VARIANCE> 6
 3.179780e+01 2.286330e+04 3.664438e+04 2.998339e+02 4.032245e+04 5.181961e+07
<GCONST> 6.910413e+01
<MIXTURE> 5 5.287381e-02
<MEAN> 6
 7.647689e+01 2.733783e+02 -1.443329e+02 -3.621955e-01 -6.375836e+00 -7.414494e+01
<VARIANCE> 6
 3.179780e+01 1.371292e+04 2.455967e+04 2.998339e+02 4.032245e+04 5.181961e+07
<GCONST> 6.819279e+01
<MIXTURE> 6 5.645533e-02
<MEAN> 6
 7.214990e+01 6.492671e+02 1.018649e+03 8.447995e-01 -4.426489e+00 -1.045423e+02
<VARIANCE> 6
 3.179780e+01 1.280424e+04 4.076541e+05 2.998339e+02 4.032245e+04 5.181961e+07
<GCONST> 7.093353e+01
<MIXTURE> 7 1.006254e-01
<MEAN> 6
 7.279618e+01 1.661426e+02 1.480276e+02 -2.260391e-01 -4.170957e+00 -6.162917e+01
<VARIANCE> 6
 3.179780e+01 8.150623e+04 1.446404e+04 2.998339e+02 4.032245e+04 5.181961e+07
<GCONST> 6.944569e+01
<MIXTURE> 8 7.071446e-02
<MEAN> 6
 7.743535e+01 -4.610967e+02 -7.348691e+01 -6.052846e-01 -1.026434e+01 -9.751594e+01
<VARIANCE> 6
 3.179780e+01 1.425440e+04 1.446404e+04 2.998339e+02 4.032245e+04 5.181961e+07
<GCONST> 6.770207e+01
<MIXTURE> 9 1.092025e-01
<MEAN> 6
 7.003027e+01 -3.854085e+02 3.306174e+02 -1.607754e-01 -3.209731e+00 -5.667951e+01
<VARIANCE> 6
 3.179780e+01 1.280424e+04 1.446404e+04 2.998339e+02 4.032245e+04 5.181961e+07
<GCONST> 6.759479e+01
<MIXTURE> 10 2.395738e-02
<MEAN> 6
 6.524377e+01 -1.093185e+03 4.675180e+01 1.486566e+00 1.425913e+01 -2.784767e+02
<VARIANCE> 6
 3.179780e+01 3.098712e+04 1.446404e+04 2.998339e+02 4.032245e+04 5.181961e+07
<GCONST> 6.847858e+01
<MIXTURE> 11 6.317054e-02
<MEAN> 6
 7.562167e+01 -4.248225e+02 8.763781e+02 -2.679640e+00 1.971100e+00 -1.045045e+02
<VARIANCE> 6
 3.179780e+01 2.732721e+04 5.945870e+04 2.998339e+02 4.032245e+04 5.181961e+07
<GCONST> 6.976651e+01
<MIXTURE> 12 7.381866e-02
<MEAN> 6
 8.134175e+01 -8.288578e+02 1.934954e+02 -3.762927e-01 -5.217915e+00 -7.040749e+01
<VARIANCE> 6
 3.179780e+01 1.280424e+04 2.427661e+04 2.998339e+02 4.032245e+04 5.181961e+07
<GCONST> 6.811263e+01
<MIXTURE> 13 6.331418e-02
<MEAN> 6
 7.539493e+01 4.321614e+02 9.172800e+02 -3.161735e-01 -4.454372e+00 -1.139497e+02
<VARIANCE> 6
 3.179780e+01 3.120919e+05 6.929346e+05 2.998339e+02 4.032245e+04 5.181961e+07
<GCONST> 7.465758e+01
<MIXTURE> 14 6.947085e-02
<MEAN> 6
 7.280260e+01 8.535262e+01 -4.900254e+02 -1.130674e+00 -1.605737e+00 -1.218692e+02
<VARIANCE> 6
 3.179780e+01 7.457788e+04 1.925682e+04 2.998339e+02 4.032245e+04 5.181961e+07
<GCONST> 6.964305e+01
<MIXTURE> 15 5.629538e-02
<MEAN> 6
 7.141269e+01 6.158692e+02 7.254186e+02 9.770071e-01 2.123604e+00 -5.769471e+01
<VARIANCE> 6
 3.179780e+01 1.280424e+04 5.008532e+05 2.998339e+02 4.032245e+04 5.181961e+07
<GCONST> 7.113943e+01
<STATE> 4
<NUMMIXES> 15
<MIXTURE> 1 7.857928e-02
<MEAN> 6
 5.942637e+01 2.266299e+03 -2.817372e+02 4.351339e-01 -3.718313e+00 -1.710378e+02
<VARIANCE> 6
 3.179780e+01 1.828080e+05 1.446404e+04 2.998339e+02 4.032245e+04 5.181961e+07
<GCONST> 7.025345e+01
<MIXTURE> 2 1.035493e-01
<MEAN> 6
 6.389555e+01 3.062576e+02 -1.435201e+03 3.947338e-01 -5.074179e+00 -1.929966e+02
<VARIANCE> 6
 3.179780e+01 1.706979e+05 1.255348e+05 2.998339e+02 4.032245e+04 5.181961e+07
<GCONST> 7.234582e+01
<MIXTURE> 3 5.855868e-02
<MEAN> 6
 6.538105e+01 4.212484e+02 -2.241016e+02 6.899949e-01 -4.538230e+00 -1.382540e+02
<VARIANCE> 6
 3.179780e+01 1.280424e+04 1.446404e+04 2.998339e+02 4.032245e+04 5.181961e+07
<GCONST> 6.759479e+01
<MIXTURE> 4 7.297984e-02
<MEAN> 6
 6.067168e+01 8.836494e+01 1.829471e+02 -3.893075e-01 -6.113398e+00 -1.505499e+02
<VARIANCE> 6
 3.179780e+01 1.280424e+04 3.320632e+04 2.998339e+02 4.032245e+04 5.181961e+07
<GCONST> 6.842586e+01
<MIXTURE> 5 6.687143e-02
<MEAN> 6
 6.781755e+01 1.313834e+03 7.275020e+01 -8.108871e-01 -3.019322e+00 -1.136046e+02
<VARIANCE> 6
 3.179780e+01 9.111976e+04 1.446404e+04 2.998339e+02 4.032245e+04 5.181961e+07
<GCONST> 6.955718e+01
<MIXTURE> 6 9.480757e-02
<MEAN> 6
 6.030485e+01 -3.780438e+02 3.751851e+01 -2.695827e-01 -5.402534e+00 -1.467785e+02
<VARIANCE> 6
 3.179780e+01 2.658828e+04 4.050202e+04 2.998339e+02 4.032245e+04 5.181961e+07
<GCONST> 6.935516e+01
<MIXTURE> 7 7.134108e-02
<MEAN> 6
 5.730273e+01 4.284149e+02 -3.492286e+03 1.198259e-01 -1.480198e+00 -6.027115e+01
<VARIANCE> 6
 3.179780e+01 6.518083e+04 1.334920e+06 2.998339e+02 4.032245e+04 5.181961e+07
<GCONST> 7.374713e+01
<MIXTURE> 8 3.025790e-02
<MEAN> 6
 6.580476e+01 6.675520e+02 -2.728968e+02 1.440441e+00 -7.488668e+00 -1.974651e+02
<VARIANCE> 6
 3.179780e+01 2.236359e+04 1.446404e+04 2.998339e+02 4.032245e+04 5.181961e+07
<GCONST> 6.815244e+01
<MIXTURE> 9 7.399575e-02
<MEAN> 6
 5.921511e+01 4.833382e+02 1.113163e+02 -4.926727e-02 -5.423251e-01 -7.730196e+01
<VARIANCE> 6
 3.179780e+01 1.280424e+04 1.446404e+04 2.998339e+02 4.032245e+04 5.181961e+07
<GCONST> 6.759479e+01
<MIXTURE> 10 5.550851e-02
<MEAN> 6
 5.878157e+01 2.561947e+01 -1.436170e+02 1.168232e-01 -5.254488e+00 -1.490522e+02
<VARIANCE> 6
 3.179780e+01 1.280424e+04 1.446404e+04 2.998339e+02 4.032245e+04 5.181961e+07
<GCONST> 6.759479e+01
<MIXTURE> 11 8.089095e-02
<MEAN> 6
 5.940563e+01 -3.779395e+02 -5.070833e+02 9.897918e-02 1.827509e-01 -3.443818e+01
<VARIANCE> 6
 3.179780e+01 4.663081e+04 4.628640e+04 2.998339e+02 4.032245e+04 5.181961e+07
<GCONST> 7.005045e+01
<MIXTURE> 12 3.087404e-02
<MEAN> 6
 5.474269e+01 8.322599e+02 -4.670472e+00 1.250865e+00 5.417427e+00 -6.087880e+01
<VARIANCE> 6
 3.179780e+01 1.280424e+04 1.446404e+04 2.998339e+02 4.032245e+04 5.181961e+07
<GCONST> 6.759479e+01
<MIXTURE> 13 6.704460e-02
<MEAN> 6
 5.656233e+01 1.190381e+02 1.313014e+01 -5.372632e-01 -2.149849e+00 -1.151779e+02
<VARIANCE> 6
 3.179780e+01 1.280424e+04 1.654199e+05 2.998339e+02 4.032245e+04 5.181961e+07
<GCONST> 7.003160e+01
<MIXTURE> 14 5.847720e-02
<MEAN> 6
 6.530003e+01 4.155424e+02 -2.215495e+02 6.969280e-01 -4.671145e+00 -1.408697e+02
<VARIANCE> 6
 3.179780e+01 1.280424e+04 1.446404e+04 2.998339e+02 4.032245e+04 5.181961e+07
<GCONST> 6.759479e+01
<MIXTURE> 15 5.610119e-02
<MEAN> 6
 5.872109e+01 5.552990e-01 -1.705293e+02 1.963232e-01 -4.900325e+00 -1.373345e+02
<VARIANCE> 6
 3.179780e+01 1.280424e+04 1.446404e+04 2.998339e+02 4.032245e+04 5.181961e+07
<GCONST> 6.759479e+01
<STATE> 5
<NUMMIXES> 15
<MIXTURE> 1 8.029415e-02
<MEAN> 6
 6.634439e+01 7.431219e+01 5.255152e+01 -4.217447e+01 -7.960206e+02 -1.038858e+04
<VARIANCE> 6
 6.933813e+01 2.359423e+05 6.329383e+04 5.257644e+02 6.130554e+04 5.993129e+07
<GCONST> 7.389033e+01
<MIXTURE> 2 4.960166e-02
<MEAN> 6
 5.476264e+01 8.569786e+02 -2.612361e+02 -9.919331e+01 -9.008632e+02 -4.147495e+03
<VARIANCE> 6
 3.818969e+01 2.867147e+06 1.597604e+05 1.318375e+03 2.042004e+05 6.433122e+07
<GCONST> 7.891065e+01
<MIXTURE> 3 8.559499e-02
<MEAN> 6
 -4.420978e+01 1.711667e+02 2.325515e+02 -1.980048e+02 1.936669e+03 4.103087e+03
<VARIANCE> 6
 1.601680e+02 2.440781e+05 2.556053e+05 4.341374e+03 4.211516e+05 1.693405e+08
<GCONST> 8.123424e+01
<MIXTURE> 4 4.053880e-02
<MEAN> 6
 4.655725e+01 2.305364e+02 1.464936e+02 -2.787099e+02 -1.666450e+03 1.477332e+04
<VARIANCE> 6
 1.326394e+02 8.484989e+05 1.116700e+05 2.605830e+03 6.211912e+05 2.235664e+08
<GCONST> 8.161954e+01
<MIXTURE> 5 8.481922e-02
<MEAN> 6
 -1.042870e+01 -7.740202e+01 1.362955e+02 -2.746125e+02 4.878474e+02 8.451719e+03
<VARIANCE> 6
 2.364693e+02 2.966102e+05 3.629293e+04 4.768386e+03 6.276806e+05 3.530741e+08
<GCONST> 8.109437e+01
<MIXTURE> 6 4.558629e-02
<MEAN> 6
 1.218347e+01 1.072738e+03 -2.982858e+02 -4.129385e+02 -9.230840e+02 1.813226e+04
<VARIANCE> 6
 3.061120e+02 1.319704e+06 7.966178e+06 3.497813e+03 5.997540e+05 7.423594e+08
<GCONST> 8.862436e+01
<MIXTURE> 7 8.382736e-02
<MEAN> 6
 6.767693e+01 1.208612e+02 -2.798583e+02 -7.766813e+01 -1.440963e+03 -1.580612e+04
<VARIANCE> 6
 6.307622e+01 3.821872e+05 3.393173e+06 1.974783e+03 3.510852e+05 1.403326e+08
<GCONST> 8.217908e+01
<MIXTURE> 8 5.311911e-02
<MEAN> 6
 1.267831e+01 2.741349e+02 8.268090e+00 -3.059980e+02 -3.399766e+02 1.078379e+04
<VARIANCE> 6
 1.297445e+02 4.338694e+05 9.911962e+04 4.012587e+03 1.059838e+05 1.856436e+08
<GCONST> 7.928498e+01
<MIXTURE> 9 6.066576e-02
<MEAN> 6
 4.748682e+01 2.758712e+02 2.555513e+02 -2.422835e+02 -1.465770e+03 5.301314e+03
<VARIANCE> 6
 1.358446e+02 3.762092e+05 6.534728e+06 3.327701e+03 2.221944e+05 8.012386e+07
<GCONST> 8.308974e+01
<MIXTURE> 10 5.958720e-02
<MEAN> 6
 -4.981212e+01 1.016253e+03 -8.438806e+02 -2.145525e+02 2.761731e+03 -2.116076e+02
<VARIANCE> 6
 1.942006e+02 1.860868e+06 1.079437e+06 2.307518e+04 1.378126e+06 2.237448e+09
<GCONST> 9.033601e+01
<MIXTURE> 11 7.595193e-02
<MEAN> 6
 -2.252499e+01 7.118018e+01 8.632549e+01 -3.653508e+02 1.054538e+03 3.065790e+04
<VARIANCE> 6
 1.651639e+02 8.841195e+05 1.050196e+06 3.547133e+03 7.387091e+05 3.798794e+08
<GCONST> 8.513295e+01
<MIXTURE> 12 7.586935e-02
<MEAN> 6
 -5.673611e+01 1.834700e+02 5.570295e+01 -4.756437e+01 1.782824e+03 -1.875254e+04
<VARIANCE> 6
 1.683031e+02 4.654861e+05 2.062094e+05 5.109329e+03 4.853728e+05 1.170355e+08
<GCONST> 8.164999e+01
<MIXTURE> 13 9.733886e-02
<MEAN> 6
 5.282913e+01 1.478388e+02 4.899611e+01 -1.660357e+02 -1.390048e+03 -2.995395e+02
<VARIANCE> 6
 9.002422e+01 2.048898e+05 5.074269e+04 1.903565e+03 3.617778e+05 5.181961e+07
<GCONST> 7.670564e+01
<MIXTURE> 14 6.431189e-02
<MEAN> 6
 3.157829e+01 1.246523e+02 -5.668498e+01 -2.961158e+02 -1.095398e+03 6.874295e+03
<VARIANCE> 6
 7.174756e+01 6.231486e+05 6.921101e+04 2.902060e+03 8.571197e+04 1.143988e+08
<GCONST> 7.767500e+01
<MIXTURE> 15 4.288014e-02
<MEAN> 6
 1.016443e+01 -3.379554e+02 -1.504581e+02 -3.621825e+02 -6.114451e+02 7.260824e+03
<VARIANCE> 6
 1.763448e+02 1.545099e+06 2.087732e+05 3.153909e+03 1.139361e+05 9.634144e+07
<GCONST> 8.078251e+01
<STATE> 6
<NUMMIXES> 15
<MIXTURE> 1 5.985974e-02
<MEAN> 6
 -4.570441e+01 3.322360e+02 1.245779e+03 -2.311325e+02 1.517579e+03 9.077289e+03
<VARIANCE> 6
 2.423122e+02 1.742450e+06 3.636076e+06 1.077350e+04 8.483041e+05 5.117760e+08
<GCONST> 8.898395e+01
<MIXTURE> 2 6.704176e-02
<MEAN> 6
 9.309489e+01 -3.309283e+02 -1.269366e+02 3.440256e+01 -1.063913e+03 -3.219037e+02
<VARIANCE> 6
 1.609647e+02 7.579542e+06 3.388581e+06 1.848517e+04 1.327896e+06 8.972866e+08
<GCONST> 9.152405e+01
<MIXTURE> 3 1.004017e-01
<MEAN> 6
 9.143794e+01 -2.243318e+02 5.323612e+02 -9.900728e+00 -7.687847e+01 -3.929673e+02
<VARIANCE> 6
 1.655538e+02 1.305970e+06 3.245332e+06 2.998339e+02 4.032245e+04 5.181961e+07
<GCONST> 7.928291e+01
<MIXTURE> 4 7.032894e-02
<MEAN> 6
 1.137276e+01 4.160035e+02 9.039647e+02 -3.203246e+02 -1.697497e+02 7.587457e+03
<VARIANCE> 6
 5.268427e+02 4.156719e+06 4.186524e+06 4.934050e+03 4.104485e+05 1.919554e+08
<GCONST> 8.828348e+01
<MIXTURE> 5 3.452683e-02
<MEAN> 6
 -6.544283e+01 1.086462e+03 2.085425e+03 3.758005e+01 2.915707e+02 1.734051e+02
<VARIANCE> 6
 1.015650e+02 1.527894e+06 5.184538e+06 7.474382e+02 1.016520e+05 5.181961e+07
<GCONST> 8.125780e+01
<MIXTURE> 6 5.132145e-02
<MEAN> 6
 7.675922e+01 -1.501935e+02 1.710639e+03 1.147428e+02 -4.294489e+02 1.565341e+03
<VARIANCE> 6
 2.194729e+02 7.475746e+05 5.732647e+06 4.044202e+03 8.256739e+04 5.181961e+07
<GCONST> 8.289445e+01
<MIXTURE> 7 5.144033e-02
<MEAN> 6
 -1.388149e+01 -1.230189e+01 8.625368e+02 3.077650e+02 6.312109e+02 -1.211130e+04
<VARIANCE> 6
 2.084013e+02 1.850310e+06 5.926178e+06 4.601188e+03 2.935804e+05 9.513925e+07
<GCONST> 8.578731e+01
<MIXTURE> 8 6.432847e-02
<MEAN> 6
 8.324615e+01 3.937114e+01 5.300850e+02 -1.004981e+02 -7.513798e+02 -1.998265e+03
<VARIANCE> 6
 1.389643e+02 4.828510e+05 1.569014e+06 2.835173e+03 1.321917e+05 5.181961e+07
<GCONST> 8.082005e+01
<MIXTURE> 9 6.859595e-02
<MEAN> 6
 -1.529829e+01 -1.269786e+02 -7.134753e+01 -3.996995e+01 2.152950e+02 3.763644e+02
<VARIANCE> 6
 4.004991e+02 4.682008e+05 3.423704e+06 3.616899e+04 8.399805e+04 5.181961e+07
<GCONST> 8.472064e+01
<MIXTURE> 10 7.903367e-02
<MEAN> 6
 -4.744661e+01 2.507797e+01 7.035856e+02 1.553699e+02 9.932502e+02 1.533834e+03
<VARIANCE> 6
 1.432729e+02 1.296950e+06 4.691046e+06 4.342618e+03 1.848385e+05 5.181961e+07
<GCONST> 8.369545e+01
<MIXTURE> 11 1.020906e-01
<MEAN> 6
 3.624987e+01 2.028027e+01 4.971166e+02 2.627195e+02 -4.838951e+02 -3.082587e+03
<VARIANCE> 6
 4.065357e+02 2.615307e+06 5.278937e+06 4.277528e+03 2.381063e+05 6.912188e+07
<GCONST> 8.608405e+01
<MIXTURE> 12 8.174903e-02
<MEAN> 6
 -5.870292e+01 -1.358520e+02 -1.489702e+02 9.721953e+00 1.326348e+02 1.770680e+02
<VARIANCE> 6
 7.660986e+01 5.195384e+05 3.381615e+06 5.530491e+02 4.074663e+04 5.181961e+07
<GCONST> 7.825439e+01
<MIXTURE> 13 5.879660e-02
<MEAN> 6
 -6.597340e+01 -1.423152e+02 4.871421e+02 -1.545659e+01 1.135283e+03 -7.121512e+03
<VARIANCE> 6
 8.308950e+01 8.687361e+05 3.344615e+06 5.341921e+03 2.781765e+05 1.727961e+08
<GCONST> 8.423181e+01
<MIXTURE> 14 5.964838e-02
<MEAN> 6
 5.489478e+01 1.121961e+02 5.343817e+02 -2.417002e+02 -8.262422e+02 2.068953e+03
<VARIANCE> 6
 2.164642e+02 7.967776e+05 3.133186e+06 3.408994e+03 1.961135e+05 5.225345e+07
<GCONST> 8.304282e+01
<MIXTURE> 15 5.075137e-02
<MEAN> 6
 8.166664e+01 -6.597191e+02 9.210991e+02 9.751875e+01 -5.867031e+02 2.685172e+02
<VARIANCE> 6
 2.652207e+02 8.514103e+05 3.183772e+06 4.928437e+03 9.057608e+04 5.181961e+07
<GCONST> 8.291606e+01
<STATE> 7
<NUMMIXES> 15
<MIXTURE> 1 9.978978e-02
<MEAN> 6
 6.955708e+01 -5.395854e+02 2.247583e+03 -2.118928e+00 -1.000759e+01 -9.514890e+01
<VARIANCE> 6
 3.179780e+01 2.353611e+04 3.403105e+05 2.998339e+02 4.032245e+04 5.181961e+07
<GCONST> 7.136174e+01
<MIXTURE> 2 6.914699e-02
<MEAN> 6
 6.791343e+01 -4.081761e+03 3.394563e+03 -1.086708e+00 -6.062149e+00 -1.443159e+02
<VARIANCE> 6
 3.179780e+01 6.207842e+04 1.958103e+04 2.998339e+02 4.032245e+04 5.181961e+07
<GCONST> 6.947630e+01
<MIXTURE> 3 6.958103e-02
<MEAN> 6
 8.771307e+01 -1.630189e+03 4.503536e+02 2.511581e-01 -6.373434e+00 -1.837801e+02
<VARIANCE> 6
 3.179780e+01 1.280424e+04 2.038974e+04 2.998339e+02 4.032245e+04 5.181961e+07
<GCONST> 6.793815e+01
<MIXTURE> 4 8.143862e-02
<MEAN> 6
 7.507452e+01 9.713298e+02 -7.558735e+02 -1.386823e+00 -6.618936e+00 -6.528457e+01
<VARIANCE> 6
 3.179780e+01 1.552198e+05 1.446404e+04 2.998339e+02 4.032245e+04 5.181961e+07
<GCONST> 7.008985e+01
<MIXTURE> 5 9.459481e-02
<MEAN> 6
 7.707415e+01 -2.876696e+00 7.505991e+01 -1.240475e-01 -2.123314e+01 -1.641296e+01
<VARIANCE> 6
 3.179780e+01 4.358847e+04 4.507835e+05 2.998339e+02 4.032245e+04 5.181961e+07
<GCONST> 7.225912e+01
<MIXTURE> 6 8.884641e-02
<MEAN> 6
 6.511084e+01 -2.165402e+03 -4.528720e+02 7.499962e-02 -5.582574e+00 -1.783371e+02
<VARIANCE> 6
 3.240257e+01 1.194031e+05 2.132545e+04 2.998339e+02 4.032245e+04 5.181961e+07
<GCONST> 7.023459e+01
<MIXTURE> 7 4.755949e-02
<MEAN> 6
 9.038818e+01 -2.873027e+03 4.569368e+01 -4.323596e+00 1.456406e+00 -2.297153e+02
<VARIANCE> 6
 3.179780e+01 5.877381e+05 1.958423e+04 2.998339e+02 4.032245e+04 5.181961e+07
<GCONST> 7.172435e+01
<MIXTURE> 8 4.031153e-02
<MEAN> 6
 7.619344e+01 6.333244e+02 -7.492245e+02 -8.072359e-01 -6.383305e+00 -5.677119e+01
<VARIANCE> 6
 3.179780e+01 1.870518e+05 1.446404e+04 2.998339e+02 4.032245e+04 5.181961e+07
<GCONST> 7.027640e+01
<MIXTURE> 9 9.903475e-02
<MEAN> 6
 8.410010e+01 -9.663878e+02 -1.868079e+02 -3.098113e+00 7.933358e+00 -9.746959e+01
<VARIANCE> 6
 3.179780e+01 1.452268e+05 1.326081e+05 2.998339e+02 4.032245e+04 5.181961e+07
<GCONST> 7.223904e+01
<MIXTURE> 10 7.539725e-02
<MEAN> 6
 7.622657e+01 -1.870295e+03 -4.279163e+01 -1.191943e+00 -5.408850e+00 -1.391455e+02
<VARIANCE> 6
 3.179780e+01 1.694082e+05 2.072184e+04 2.998339e+02 4.032245e+04 5.181961e+07
<GCONST> 7.053683e+01
<MIXTURE> 11 3.859133e-02
<MEAN> 6
 6.987744e+01 4.539715e+02 1.741281e+02 -1.249022e+00 -2.990765e+01 1.487013e+01
<VARIANCE> 6
 3.179780e+01 2.563887e+04 1.999418e+04 2.998339e+02 4.032245e+04 5.181961e+07
<GCONST> 6.861289e+01
<MIXTURE> 12 5.909082e-02
<MEAN> 6
 7.731352e+01 2.609403e+02 -7.554229e+02 -3.797146e-01 -6.815494e+00 -9.657129e+01
<VARIANCE> 6
 3.179780e+01 3.675742e+04 1.446404e+04 2.998339e+02 4.032245e+04 5.181961e+07
<GCONST> 6.864935e+01
<MIXTURE> 13 5.616114e-02
<MEAN> 6
 6.843890e+01 -6.314510e+02 -7.133633e+02 -3.077136e-01 -2.332570e-01 -1.552540e+02
<VARIANCE> 6
 3.179780e+01 1.280424e+04 3.044226e+04 2.998339e+02 4.032245e+04 5.181961e+07
<GCONST> 6.833894e+01
<MIXTURE> 14 1.732994e-02
<MEAN> 6
 7.542167e+01 -3.333013e+03 -4.970586e+02 -5.754962e+00 7.538786e+01 -3.183122e+02
<VARIANCE> 6
 6.617589e+02 1.227230e+06 6.802778e+04 1.565183e+03 1.098669e+05 5.181961e+07
<GCONST> 7.939616e+01
<MIXTURE> 15 6.310306e-02
<MEAN> 6
 7.726659e+01 2.427071e+02 -7.725874e+02 -2.769799e-01 -7.650025e+00 -9.657123e+01
<VARIANCE> 6
 3.179780e+01 3.349612e+04 1.446404e+04 2.998339e+02 4.032245e+04 5.181961e+07
<GCONST> 6.855644e+01
<STATE> 8
<NUMMIXES> 15
<MIXTURE> 1 7.889971e-02
<MEAN> 6
 -4.276709e+01 2.242182e+02 9.370105e+01 -1.602235e+02 1.190620e+03 4.573188e+03
<VARIANCE> 6
 2.159755e+02 9.072360e+05 4.428063e+05 7.986040e+03 5.444535e+05 3.633254e+08
<GCONST> 8.502527e+01
<MIXTURE> 2 6.530926e-02
<MEAN> 6
 3.955212e+01 2.743512e+02 -9.924809e+00 2.225658e+02 -4.369170e+02 -1.883420e+03
<VARIANCE> 6
 3.684487e+02 9.108749e+05 2.397318e+05 3.083563e+03 1.382658e+05 5.181961e+07
<GCONST> 8.068005e+01
<MIXTURE> 3 6.661656e-02
<MEAN> 6
 8.146323e+01 -1.786600e+02 2.876763e+02 -5.072993e+00 -8.360822e+01 -3.459953e+02
<VARIANCE> 6
 7.696927e+01 6.263632e+05 3.429268e+05 2.998339e+02 4.032245e+04 5.181961e+07
<GCONST> 7.553480e+01
<MIXTURE> 4 5.618298e-02
<MEAN> 6
 -3.559544e+01 3.629547e+01 3.486845e+01 1.824721e+02 9.557247e+02 -2.143762e+03
<VARIANCE> 6
 6.502426e+01 4.541800e+05 1.679455e+05 2.969917e+03 1.521840e+05 5.181961e+07
<GCONST> 7.795208e+01
<MIXTURE> 5 2.452293e-02
<MEAN> 6
 -1.659930e+01 1.481126e+02 6.896123e+01 -1.374182e+02 2.248565e+02 8.319990e+02
<VARIANCE> 6
 2.385263e+02 2.178023e+05 7.616702e+04 2.173582e+04 9.034738e+04 6.503916e+07
<GCONST> 7.942241e+01
<MIXTURE> 6 7.925432e-02
<MEAN> 6
 8.657503e+01 1.590659e+02 -5.301131e+01 3.870549e+01 -1.032930e+03 -9.552709e+02
<VARIANCE> 6
 3.003709e+02 1.684858e+06 6.698204e+05 1.540296e+04 8.367103e+05 5.889253e+08
<GCONST> 8.795760e+01
<MIXTURE> 7 6.533090e-02
<MEAN> 6
 -6.087140e+01 4.031446e+01 1.349413e+02 9.175035e+00 1.500996e+02 -1.446340e+02
<VARIANCE> 6
 8.555747e+01 2.844491e+05 4.284324e+05 4.011874e+02 4.578538e+04 5.181961e+07
<GCONST> 7.549208e+01
<MIXTURE> 8 6.503128e-02
<MEAN> 6
 1.237937e+01 2.020976e+02 1.706140e+02 -2.475483e+02 -4.924415e+01 4.282394e+03
<VARIANCE> 6
 5.944211e+02 4.387157e+05 3.886878e+05 2.687769e+03 1.723685e+05 1.082773e+08
<GCONST> 8.173105e+01
<MIXTURE> 9 9.753862e-02
<MEAN> 6
 7.374460e+01 -1.640230e+02 7.533004e+01 5.142078e+01 -5.171272e+02 -5.492792e+02
<VARIANCE> 6
 1.461095e+02 5.586224e+05 3.215391e+05 8.923962e+03 8.132961e+04 5.181961e+07
<GCONST> 8.009177e+01
<MIXTURE> 10 3.503250e-02
<MEAN> 6
 4.881339e+01 -9.563910e+02 1.245310e+02 -1.967309e+02 -5.837148e+02 4.341129e+03
<VARIANCE> 6
 2.667615e+02 3.954744e+06 1.099119e+05 6.175795e+03 1.419940e+05 8.032615e+07
<GCONST> 8.220502e+01
<MIXTURE> 11 6.328583e-02
<MEAN> 6
 -7.992299e+00 6.947900e+00 2.368851e+01 2.570272e+02 2.625195e+02 -8.241224e+03
<VARIANCE> 6
 1.521452e+02 4.884406e+05 2.150524e+05 3.168744e+03 1.471730e+05 8.404020e+07
<GCONST> 7.963697e+01
<MIXTURE> 12 1.127901e-01
<MEAN> 6
 -5.412678e+01 1.065677e+02 1.121719e+02 3.453184e+01 7.963206e+02 -6.210038e+02
<VARIANCE> 6
 7.533368e+01 3.487582e+05 2.710472e+05 5.643061e+03 1.386279e+05 6.370900e+07
<GCONST> 7.906894e+01
<MIXTURE> 13 6.508109e-02
<MEAN> 6
 6.970734e+01 1.196876e+02 1.030735e+02 -1.304526e+02 -8.746569e+02 2.155875e+02
<VARIANCE> 6
 1.392135e+02 2.596532e+05 2.846494e+05 5.934425e+03 1.375640e+05 5.217351e+07
<GCONST> 7.927985e+01
<MIXTURE> 14 6.677674e-02
<MEAN> 6
 3.096270e+01 -1.557858e+02 -1.773213e+02 2.132500e+02 -2.753806e+02 -1.188991e+03
<VARIANCE> 6
 3.901444e+02 2.580573e+05 6.157367e+05 2.570953e+03 8.638039e+04 5.181961e+07
<GCONST> 7.976712e+01
<MIXTURE> 15 5.811886e-02
<MEAN> 6
 1.036403e+01 1.226524e+01 -2.062150e+02 -2.537840e+02 -2.382155e+01 3.481064e+03
<VARIANCE> 6
 5.906116e+02 8.596548e+05 1.202654e+06 2.808194e+03 2.079352e+05 1.144913e+08
<GCONST> 8.381403e+01
<STATE> 9
<NUMMIXES> 15
<MIXTURE> 1 3.995253e-02
<MEAN> 6
 3.656395e+01 3.198294e+03 1.152875e+02 -3.418152e+01 -1.389385e+02 5.449920e+02
<VARIANCE> 6
 2.784346e+03 6.015431e+07 3.030278e+06 2.360903e+04 7.031425e+05 2.081159e+08
<GCONST> 9.448192e+01
<MIXTURE> 2 3.133163e-02
<MEAN> 6
 -6.468490e+00 2.509366e+03 -2.930677e+03 -3.005197e+01 2.080292e+02 -1.981680e+02
<VARIANCE> 6
 3.563246e+02 2.384605e+06 1.483048e+06 1.901774e+04 6.050158e+04 5.181961e+07
<GCONST> 8.442409e+01
<MIXTURE> 3 5.266128e-02
<MEAN> 6
 3.736057e+01 1.606724e+03 -2.379740e+03 1.356666e+02 -1.607889e+02 -1.021488e+03
<VARIANCE> 6
 6.372727e+02 3.652678e+06 3.693742e+06 1.650767e+03 5.458457e+04 5.181961e+07
<GCONST> 8.379736e+01
<MIXTURE> 4 7.925014e-02
<MEAN> 6
 -4.116182e+01 4.729427e+02 -8.238019e+01 -1.262198e+01 6.490244e+02 -7.893309e+02
<VARIANCE> 6
 1.225453e+02 1.179555e+06 2.719298e+06 6.553465e+03 1.981210e+05 6.339200e+07
<GCONST> 8.358151e+01
<MIXTURE> 5 2.276344e-02
<MEAN> 6
 9.635052e+01 -8.916392e+02 -7.834574e+03 -5.538943e+00 5.044096e+00 1.057268e+02
<VARIANCE> 6
 1.631638e+02 7.040653e+04 4.471680e+06 2.998339e+02 4.032245e+04 5.181961e+07
<GCONST> 7.666850e+01
<MIXTURE> 6 5.549122e-02
<MEAN> 6
 5.907165e+01 5.675239e+02 4.463245e+02 3.129365e+01 -1.223556e+02 -1.884341e+02
<VARIANCE> 6
 7.932369e+01 3.900210e+05 6.520680e+05 2.579565e+03 4.039043e+04 5.181961e+07
<GCONST> 7.788766e+01
<MIXTURE> 7 4.993154e-02
<MEAN> 6
 8.073085e+01 1.075014e+03 -1.457424e+03 6.248911e+00 -3.883038e+02 1.022742e+03
<VARIANCE> 6
 6.199345e+01 2.450071e+06 7.653563e+06 3.468996e+03 1.983955e+05 5.181961e+07
<GCONST> 8.382951e+01
<MIXTURE> 8 6.201695e-02
<MEAN> 6
 4.373951e+01 -6.042008e+03 2.414611e+02 2.447844e+00 -2.995738e+01 -3.406168e+01
<VARIANCE> 6
 3.234886e+03 8.029491e+05 1.796899e+05 1.338474e+04 1.329717e+05 5.181961e+07
<GCONST> 8.386708e+01
<MIXTURE> 9 7.796238e-02
<MEAN> 6
 -1.806597e+01 3.027194e+02 4.478644e+02 7.906833e-01 1.250238e+02 -3.583595e+02
<VARIANCE> 6
 1.473717e+02 3.041742e+05 6.307130e+05 8.327123e+03 7.795330e+04 5.181961e+07
<GCONST> 8.005460e+01
<MIXTURE> 10 7.100817e-02
<MEAN> 6
 4.296510e+01 -3.801834e+02 -6.874398e+02 -1.431807e+02 -2.565197e+02 1.610717e+03
<VARIANCE> 6
 2.532831e+02 2.625606e+06 1.982960e+06 1.121048e+03 6.127459e+04 5.181961e+07
<GCONST> 8.165112e+01
<MIXTURE> 11 1.146231e-01
<MEAN> 6
 1.895087e+01 1.808989e+02 1.171834e+02 1.215028e+02 9.366798e+00 -9.312219e+02
<VARIANCE> 6
 3.802829e+02 3.955656e+05 6.092553e+05 1.469717e+03 4.164448e+04 5.181961e+07
<GCONST> 7.886927e+01
<MIXTURE> 12 8.104271e-02
<MEAN> 6
 1.544662e+00 -5.580498e+02 -3.115041e+01 -1.477498e+02 1.649490e+02 2.818373e+03
<VARIANCE> 6
 3.313016e+02 5.886589e+05 3.053320e+05 1.827328e+03 1.799347e+05 1.409647e+08
<GCONST> 8.112003e+01
<MIXTURE> 13 9.661832e-02
<MEAN> 6
 7.367544e+01 -6.768893e+02 -5.701714e+01 -5.798749e+00 -2.861691e+02 -4.352546e+02
<VARIANCE> 6
 1.100086e+02 1.015281e+06 1.209590e+06 3.474466e+03 1.190665e+05 5.181961e+07
<GCONST> 8.116820e+01
<MIXTURE> 14 1.003228e-01
<MEAN> 6
 -2.615297e+01 5.451200e+01 -1.310549e+02 4.726456e+01 2.371051e+02 -7.506050e+02
<VARIANCE> 6
 1.815205e+02 5.248826e+05 2.639568e+05 2.211409e+03 6.970265e+04 5.181961e+07
<GCONST> 7.849976e+01
<MIXTURE> 15 6.490546e-02
<MEAN> 6
 5.892608e+01 1.729449e+02 -1.255620e+02 2.329085e+01 -3.008148e+02 -4.750591e+02
<VARIANCE> 6
 5.920634e+01 3.283382e+05 3.333794e+05 6.227208e+03 6.665091e+04 5.181961e+07
<GCONST> 7.813431e+01
<STATE> 10
<NUMMIXES> 15
<MIXTURE> 1 4.243683e-02
<MEAN> 6
 6.230243e+01 2.101632e+03 8.871655e+02 -1.332692e+00 7.757183e+00 2.857319e+01
<VARIANCE> 6
 3.179780e+01 3.689432e+05 5.121527e+05 2.998339e+02 4.032245e+04 5.181961e+07
<GCONST> 7.452261e+01
<MIXTURE> 2 5.781787e-02
<MEAN> 6
 9.390567e+01 -1.794774e+02 3.458931e+01 -5.677373e+00 -7.195302e+00 1.163748e+02
<VARIANCE> 6
 4.003822e+01 4.913118e+04 1.446404e+04 2.998339e+02 4.032245e+04 5.181961e+07
<GCONST> 6.916994e+01
<MIXTURE> 3 7.741865e-02
<MEAN> 6
 8.982816e+01 3.518138e+02 1.238554e+03 -3.579358e+00 -8.044551e+00 2.767942e+02
<VARIANCE> 6
 3.179780e+01 3.706360e+05 1.025944e+06 2.998339e+02 4.032245e+04 5.181961e+07
<GCONST> 7.522192e+01
<MIXTURE> 4 5.903979e-02
<MEAN> 6
 7.603038e+01 9.564729e+02 -1.102579e+02 -3.121703e+00 2.533369e+00 -1.474135e+01
<VARIANCE> 6
 3.179780e+01 7.009252e+04 7.825509e+04 2.998339e+02 4.032245e+04 5.181961e+07
<GCONST> 7.098312e+01
<MIXTURE> 5 6.162839e-02
<MEAN> 6
 9.393047e+01 3.902050e+02 -3.472424e+02 -4.406057e+00 4.960648e-01 8.692143e+00
<VARIANCE> 6
 8.196763e+01 5.222883e+04 3.384268e+04 2.998339e+02 4.032245e+04 5.181961e+07
<GCONST> 7.079762e+01
<MIXTURE> 6 5.040887e-02
<MEAN> 6
 6.769854e+01 -1.281347e+03 -1.482149e+02 -2.686493e+00 1.490120e+00 2.486072e+01
<VARIANCE> 6
 4.240181e+01 3.280378e+05 1.446404e+04 2.998339e+02 4.032245e+04 5.181961e+07
<GCONST> 7.112593e+01
<MIXTURE> 7 2.266971e-02
<MEAN> 6
 8.320468e+01 -3.471829e+03 4.882262e+02 -5.675908e+00 2.432287e+01 -1.274437e+02
<VARIANCE> 6
 3.179780e+01 3.653212e+05 1.335403e+06 2.998339e+02 4.032245e+04 5.181961e+07
<GCONST> 7.547111e+01
<MIXTURE> 8 5.727289e-02
<MEAN> 6
 8.219292e+01 4.227356e+02 -3.328382e+03 -2.838348e+00 1.970726e+00 4.914110e+01
<VARIANCE> 6
 1.058503e+02 4.222308e+04 8.837089e+05 2.998339e+02 4.032245e+04 5.181961e+07
<GCONST> 7.410307e+01
<MIXTURE> 9 7.558085e-02
<MEAN> 6
 7.718717e+01 4.316302e+02 4.497420e+02 -3.957200e+00 -3.349890e+00 5.314029e+01
<VARIANCE> 6
 3.179780e+01 9.081087e+04 6.753409e+04 2.998339e+02 4.032245e+04 5.181961e+07
<GCONST> 7.109476e+01
<MIXTURE> 10 1.017466e-01
<MEAN> 6
 8.078945e+01 -3.288015e+02 -1.010264e+03 -4.247792e+00 -1.933978e+00 1.083527e+02
<VARIANCE> 6
 3.625971e+01 1.491482e+05 8.592079e+05 2.998339e+02 4.032245e+04 5.181961e+07
<GCONST> 7.426560e+01
<MIXTURE> 11 8.749121e-02
<MEAN> 6
 9.929305e+01 1.802457e+03 -1.418679e+03 -5.240451e+00 -9.549085e+00 4.001407e+02
<VARIANCE> 6
 1.933957e+02 2.198739e+05 7.982391e+05 2.998339e+02 4.032245e+04 5.181961e+07
<GCONST> 7.625414e+01
<MIXTURE> 12 1.006757e-01
<MEAN> 6
 7.989565e+01 -1.004685e+03 7.633260e+02 -4.278007e+00 -1.256518e+00 8.420441e+01
<VARIANCE> 6
 3.263683e+01 1.209792e+05 1.924625e+06 2.998339e+02 4.032245e+04 5.181961e+07
<GCONST> 7.475749e+01
<MIXTURE> 13 6.024891e-02
<MEAN> 6
 7.525430e+01 9.805646e+02 -3.278387e+02 -2.267467e+00 -1.272869e+00 1.910780e+01
<VARIANCE> 6
 3.179780e+01 1.625445e+05 6.459026e+04 2.998339e+02 4.032245e+04 5.181961e+07
<GCONST> 7.163235e+01
<MIXTURE> 14 8.257628e-02
<MEAN> 6
 7.897965e+01 -1.863479e+02 1.624995e+02 -3.531406e+00 -1.080854e+00 8.459808e+01
<VARIANCE> 6
 3.179780e+01 3.643880e+05 7.621595e+04 2.998339e+02 4.032245e+04 5.181961e+07
<GCONST> 7.260513e+01
<MIXTURE> 15 6.288717e-02
<MEAN> 6
 9.193079e+01 2.537247e+02 -4.237627e+02 -4.378075e+00 2.111173e-01 -1.300182e+00
<VARIANCE> 6
 1.231077e+02 2.468637e+04 2.575350e+04 2.998339e+02 4.032245e+04 5.181961e+07
<GCONST> 7.018182e+01
<STATE> 11
<NUMMIXES> 15
<MIXTURE> 1 6.212551e-02
<MEAN> 6
 7.112605e+01 -2.129412e+02 1.099726e+02 -9.395242e+00 -3.111824e+01 3.229731e+02
<VARIANCE> 6
 6.405383e+01 2.082559e+05 2.575551e+04 2.998339e+02 4.032245e+04 5.181961e+07
<GCONST> 7.166109e+01
<MIXTURE> 2 3.772526e-02
<MEAN> 6
 8.135562e+01 -1.513107e+02 7.322998e+00 9.208722e+00 -1.014814e+03 -1.778754e+03
<VARIANCE> 6
 2.290165e+02 2.353000e+05 2.317667e+04 1.576279e+04 6.954622e+05 3.220250e+08
<GCONST> 8.158846e+01
<MIXTURE> 3 6.021655e-02
<MEAN> 6
 -4.533310e+01 3.926461e+01 -4.575211e+01 -1.795694e+01 1.171678e+03 7.060594e+02
<VARIANCE> 6
 1.144936e+02 7.915944e+04 8.640680e+04 1.739023e+04 2.591085e+05 2.280930e+08
<GCONST> 7.988775e+01
<MIXTURE> 4 7.348055e-02
<MEAN> 6
 2.904966e+01 2.584542e+01 4.549741e+01 1.585737e+02 -1.397566e+02 -1.393712e+03
<VARIANCE> 6
 3.928004e+02 4.706952e+04 6.779738e+04 1.885452e+03 6.284296e+04 5.181961e+07
<GCONST> 7.523782e+01
<MIXTURE> 5 7.248599e-02
<MEAN> 6
 1.160853e+01 4.901913e+01 1.212673e+02 -2.178026e+02 4.057616e+01 7.269504e+03
<VARIANCE> 6
 5.067651e+02 1.200945e+05 4.706184e+04 3.246638e+03 3.073537e+05 1.697882e+08
<GCONST> 7.938176e+01
<MIXTURE> 6 4.711622e-02
<MEAN> 6
 7.747999e+01 -7.538622e+02 -6.939675e+01 5.440069e+00 -4.410265e+02 8.561630e+00
<VARIANCE> 6
 1.920013e+02 4.808466e+05 1.053936e+05 3.843870e+03 1.403698e+05 5.181961e+07
<GCONST> 7.880307e+01
<MIXTURE> 7 9.355014e-02
<MEAN> 6
 -2.677203e+01 -2.883487e+00 -9.313818e+01 5.332832e+00 1.405199e+02 7.687032e+01
<VARIANCE> 6
 1.259768e+02 7.985501e+04 9.157111e+04 4.520326e+03 4.128527e+04 5.181961e+07
<GCONST> 7.538408e+01
<MIXTURE> 8 6.021469e-02
<MEAN> 6
 6.363514e+01 3.211387e+01 2.472117e+01 1.560688e+01 -4.839062e+02 -2.872954e+02
<VARIANCE> 6
 1.281517e+02 5.659162e+04 1.458221e+04 1.264074e+04 1.012411e+05 5.181961e+07
<GCONST> 7.514487e+01
<MIXTURE> 9 6.593944e-02
<MEAN> 6
 -8.181816e+00 -1.969471e+01 2.145865e+01 1.829282e+02 1.019219e+02 -4.247486e+03
<VARIANCE> 6
 2.227762e+02 6.410192e+04 2.968478e+04 5.535076e+03 1.718969e+05 1.162266e+08
<GCONST> 7.704461e+01
<MIXTURE> 10 8.897088e-02
<MEAN> 6
 -4.359731e+01 -1.828243e+01 7.491877e+00 3.127493e+01 6.005687e+02 -5.690757e+02
<VARIANCE> 6
 1.340495e+02 5.380579e+04 2.207702e+04 6.092756e+03 9.102327e+04 5.181961e+07
<GCONST> 7.471791e+01
<MIXTURE> 11 6.243546e-02
<MEAN> 6
 4.891697e+01 1.046200e+02 3.479959e+01 -2.213825e+01 -3.045539e+02 2.271753e+02
<VARIANCE> 6
 1.220732e+02 1.391435e+05 6.293050e+04 1.704108e+04 5.154346e+04 5.181961e+07
<GCONST> 7.708177e+01
<MIXTURE> 12 7.503100e-02
<MEAN> 6
 6.612837e+01 -9.100564e+01 -9.124454e+01 -2.137096e+00 -4.988880e+01 -1.505024e+02
<VARIANCE> 6
 3.179780e+01 9.089625e+04 3.897538e+04 2.998339e+02 4.032245e+04 5.181961e+07
<GCONST> 7.054599e+01
<MIXTURE> 13 7.366370e-02
<MEAN> 6
 -4.554859e+00 -6.218333e+01 1.803950e+01 -1.635933e+02 1.733190e+02 -4.246902e+02
<VARIANCE> 6
 4.475939e+02 4.338468e+04 1.802087e+04 2.651116e+03 1.621746e+05 1.011897e+08
<GCONST> 7.591997e+01
<MIXTURE> 14 6.774889e-02
<MEAN> 6
 2.528607e+01 -3.218882e+02 -1.024164e+02 1.238610e+02 -1.257249e+01 -4.815941e+02
<VARIANCE> 6
 5.732190e+02 1.150769e+05 5.439478e+04 1.750976e+03 4.599146e+04 5.181961e+07
<GCONST> 7.590333e+01
<MIXTURE> 15 5.912251e-02
<MEAN> 6
 6.045929e+01 -4.728235e+01 4.843972e+00 -5.308585e+01 -6.366368e+02 -2.203309e+02
<VARIANCE> 6
 1.337382e+02 5.810571e+04 1.446404e+04 1.492666e+04 1.205552e+05 5.181961e+07
<GCONST> 7.554663e+01
<TRANSP> 12
 0.000000e+00 1.000000e+00 0.000000e+00 0.000000e+00 0.000000e+00 0.000000e+00 0.000000e+00 0.000000e+00 0.000000e+00 0.000000e+00 0.000000e+00 0.000000e+00
 0.000000e+00 9.986344e-01 1.365582e-03 0.000000e+00 0.000000e+00 0.000000e+00 0.000000e+00 0.000000e+00 0.000000e+00 0.000000e+00 0.000000e+00 0.000000e+00
 0.000000e+00 0.000000e+00 9.992997e-01 7.003353e-04 0.000000e+00 0.000000e+00 0.000000e+00 0.000000e+00 0.000000e+00 0.000000e+00 0.000000e+00 0.000000e+00
 0.000000e+00 0.000000e+00 0.000000e+00 9.994743e-01 5.256220e-04 0.000000e+00 0.000000e+00 0.000000e+00 0.000000e+00 0.000000e+00 0.000000e+00 0.000000e+00
 0.000000e+00 0.000000e+00 0.000000e+00 0.000000e+00 9.974193e-01 2.580747e-03 0.000000e+00 0.000000e+00 0.000000e+00 0.000000e+00 0.000000e+00 0.000000e+00
 0.000000e+00 0.000000e+00 0.000000e+00 0.000000e+00 0.000000e+00 9.997001e-01 2.999151e-04 0.000000e+00 0.000000e+00 0.000000e+00 0.000000e+00 0.000000e+00
 0.000000e+00 0.000000e+00 0.000000e+00 0.000000e+00 0.000000e+00 0.000000e+00 9.987769e-01 1.223124e-03 0.000000e+00 0.000000e+00 0.000000e+00 0.000000e+00
 0.000000e+00 0.000000e+00 0.000000e+00 0.000000e+00 0.000000e+00 0.000000e+00 0.000000e+00 9.998818e-01 1.182344e-04 0.000000e+00 0.000000e+00 0.000000e+00
 0.000000e+00 0.000000e+00 0.000000e+00 0.000000e+00 0.000000e+00 0.000000e+00 0.000000e+00 0.000000e+00 9.997291e-01 2.709304e-04 0.000000e+00 0.000000e+00
 0.000000e+00 0.000000e+00 0.000000e+00 0.000000e+00 0.000000e+00 0.000000e+00 0.000000e+00 0.000000e+00 0.000000e+00 9.993695e-01 6.305340e-04 0.000000e+00
 0.000000e+00 0.000000e+00 0.000000e+00 0.000000e+00 0.000000e+00 0.000000e+00 0.000000e+00 0.000000e+00 0.000000e+00 0.000000e+00 9.997888e-01 2.111662e-04
 0.000000e+00 0.000000e+00 0.000000e+00 0.000000e+00 0.000000e+00 0.000000e+00 0.000000e+00 0.000000e+00 0.000000e+00 0.000000e+00 0.000000e+00 0.000000e+00
<ENDHMM>
~h "QuintoPRIMARIA"
<BEGINHMM>
<NUMSTATES> 12
<STATE> 2
<NUMMIXES> 15
<MIXTURE> 1 6.588099e-02
<MEAN> 6
 7.758186e+01 3.587365e+02 -1.694863e+02 -1.899858e+00 -2.779957e+01 -1.827083e+02
<VARIANCE> 6
 1.771549e+02 2.562992e+06 1.373594e+06 2.998339e+02 4.032245e+04 5.181961e+07
<GCONST> 7.916508e+01
<MIXTURE> 2 5.710852e-02
<MEAN> 6
 -2.017686e+01 -2.079408e+02 3.147131e+02 2.486636e+02 5.545591e+02 -5.350224e+03
<VARIANCE> 6
 2.339201e+02 6.882716e+05 1.333306e+06 5.090115e+03 1.669286e+05 5.181961e+07
<GCONST> 8.235101e+01
<MIXTURE> 3 8.579180e-02
<MEAN> 6
 3.227409e+01 -9.503200e+01 3.824380e+02 2.354708e+02 -3.796016e+02 -3.022569e+03
<VARIANCE> 6
 4.484738e+02 1.227029e+06 2.125412e+06 6.012613e+03 1.939591e+05 7.366985e+07
<GCONST> 8.471482e+01
<MIXTURE> 4 1.944774e-02
<MEAN> 6
 4.047684e+01 -1.549999e+03 -1.811117e+03 -1.349167e+02 -4.623488e+02 6.602242e+03
<VARIANCE> 6
 6.359547e+02 3.036305e+07 1.788724e+07 5.398062e+04 9.321229e+05 3.883694e+08
<GCONST> 9.582980e+01
<MIXTURE> 5 7.468934e-02
<MEAN> 6
 -6.528008e+01 2.971683e+02 -6.703177e+01 1.949523e+00 1.427558e+02 8.544911e+01
<VARIANCE> 6
 1.428723e+02 8.817317e+05 1.442933e+06 4.508347e+02 5.268315e+04 5.181961e+07
<GCONST> 7.860748e+01
<MIXTURE> 6 6.141859e-02
<MEAN> 6
 -5.230817e+01 1.968371e+02 -4.405122e+02 -1.441364e+02 1.517740e+03 2.631948e+03
<VARIANCE> 6
 2.678336e+02 1.976151e+06 2.538550e+06 2.469678e+04 9.618746e+05 8.010432e+08
<GCONST> 9.025389e+01
<MIXTURE> 7 1.002695e-01
<MEAN> 6
 6.848711e+01 -5.931464e+02 -2.426053e+01 1.226766e+00 -2.048150e+01 -1.463646e+02
<VARIANCE> 6
 1.296358e+02 1.288496e+05 8.258810e+05 2.998339e+02 4.032245e+04 5.181961e+07
<GCONST> 7.535378e+01
<MIXTURE> 8 3.773335e-02
<MEAN> 6
 9.193833e+01 -3.633809e+02 -1.064854e+03 7.255296e+01 -1.193416e+03 -1.500449e+03
<VARIANCE> 6
 2.142419e+02 7.354501e+05 5.748922e+06 1.782869e+04 1.903063e+06 1.389045e+09
<GCONST> 9.076655e+01
<MIXTURE> 9 1.028308e-01
<MEAN> 6
 5.678373e+00 -8.712486e+01 -2.743270e+02 -2.503491e+02 -9.533429e+01 3.978769e+03
<VARIANCE> 6
 7.134565e+02 1.005089e+06 3.820326e+06 7.497881e+03 3.638631e+05 1.656127e+08
<GCONST> 8.722589e+01
<MIXTURE> 10 9.445736e-02
<MEAN> 6
 7.185500e+01 -9.825098e+00 2.847442e+01 1.857645e+01 -4.708219e+02 -1.992009e+02
<VARIANCE> 6
 3.337295e+02 8.440869e+05 2.024359e+06 1.342842e+04 7.674604e+04 5.181961e+07
<GCONST> 8.352103e+01
<MIXTURE> 11 6.870865e-02
<MEAN> 6
 8.554518e+01 4.277678e+02 8.720443e+02 -2.563384e+00 -2.912783e+01 -1.655078e+02
<VARIANCE> 6
 1.842018e+02 1.659185e+05 5.014081e+06 2.998339e+02 4.032245e+04 5.181961e+07
<GCONST> 7.776147e+01
<MIXTURE> 12 5.620082e-02
<MEAN> 6
 -5.406277e+01 -8.399264e+01 1.928645e+02 9.352279e+01 7.795633e+02 1.570650e+03
<VARIANCE> 6
 1.779910e+02 3.782628e+05 8.557002e+05 7.947835e+03 1.990188e+05 5.181961e+07
<GCONST> 8.165710e+01
<MIXTURE> 13 5.986881e-02
<MEAN> 6
 7.137183e+01 1.193563e+01 -1.418685e+02 -1.283835e+02 -1.052246e+03 -5.088011e+02
<VARIANCE> 6
 3.176578e+02 1.161669e+06 9.462386e+05 1.437633e+04 2.335292e+05 1.029956e+08
<GCONST> 8.489845e+01
<MIXTURE> 14 6.118884e-02
<MEAN> 6
 6.496020e+01 3.295859e+02 -6.850148e+02 1.530124e+00 -2.168676e+01 -9.610922e+01
<VARIANCE> 6
 1.918044e+02 1.364049e+05 6.833702e+06 2.998339e+02 4.032245e+04 5.181961e+07
<GCONST> 7.791566e+01
<MIXTURE> 15 5.408172e-02
<MEAN> 6
 -6.082095e+01 -2.773462e+02 -1.879204e+02 2.039149e+01 6.306216e+02 -1.579443e+03
<VARIANCE> 6
 1.944419e+02 1.759265e+05 2.886280e+06 8.198275e+03 1.896707e+05 8.013381e+07
<GCONST> 8.261463e+01
<STATE> 3
<NUMMIXES> 15
<MIXTURE> 1 7.778436e-02
<MEAN> 6
 1.102038e+02 6.227817e+02 3.717917e+02 -6.224190e+00 6.170773e+00 1.766238e+02
<VARIANCE> 6
 5.080322e+01 1.280424e+04 1.732338e+04 2.998339e+02 4.032245e+04 5.181961e+07
<GCONST> 6.824374e+01
<MIXTURE> 2 2.861880e-02
<MEAN> 6
 8.739114e+01 -2.968524e+02 -2.688355e+01 2.123764e+02 -1.508528e+03 -5.467414e+02
<VARIANCE> 6
 1.052567e+03 1.670744e+06 1.674557e+06 5.151533e+04 1.171325e+07 1.102085e+10
<GCONST> 9.689501e+01
<MIXTURE> 3 4.206471e-02
<MEAN> 6
 1.021950e+02 1.344431e+02 -2.855847e+02 1.364245e+00 -3.715885e+01 1.529895e+03
<VARIANCE> 6
 2.534852e+02 8.484685e+04 4.920534e+05 1.551437e+03 6.721959e+05 3.382690e+08
<GCONST> 8.142210e+01
<MIXTURE> 4 6.321792e-02
<MEAN> 6
 9.447000e+01 1.413210e+02 -1.961491e+02 -2.395528e+00 -1.418857e+01 -1.508107e+02
<VARIANCE> 6
 3.302801e+01 1.280424e+04 1.446404e+04 2.998339e+02 4.032245e+04 5.181961e+07
<GCONST> 6.763274e+01
<MIXTURE> 5 5.867458e-02
<MEAN> 6
 9.846295e+01 7.811229e+02 6.935918e+01 -3.277740e+00 -4.860334e-02 7.119250e+01
<VARIANCE> 6
 3.179780e+01 1.280424e+04 1.446404e+04 2.998339e+02 4.032245e+04 5.181961e+07
<GCONST> 6.759479e+01
<MIXTURE> 6 8.583038e-02
<MEAN> 6
 8.511549e+01 6.534902e+01 -1.933615e+02 -1.029030e+00 -4.135352e+00 -8.485206e+01
<VARIANCE> 6
 3.179780e+01 1.280424e+04 1.446404e+04 2.998339e+02 4.032245e+04 5.181961e+07
<GCONST> 6.759479e+01
<MIXTURE> 7 5.154275e-02
<MEAN> 6
 9.620261e+01 5.815547e+02 -1.943525e+02 -3.015485e+00 -6.322194e+00 -9.065127e-01
<VARIANCE> 6
 3.179780e+01 1.817659e+04 3.131201e+04 2.998339e+02 4.032245e+04 5.181961e+07
<GCONST> 6.871748e+01
<MIXTURE> 8 8.497131e-02
<MEAN> 6
 8.512905e+01 6.552960e+01 -1.935462e+02 -1.027112e+00 -4.174113e+00 -8.507298e+01
<VARIANCE> 6
 3.179780e+01 1.280424e+04 1.446404e+04 2.998339e+02 4.032245e+04 5.181961e+07
<GCONST> 6.759479e+01
<MIXTURE> 9 7.313799e-02
<MEAN> 6
 8.519766e+01 6.646410e+01 -1.944640e+02 -1.018193e+00 -4.370060e+00 -8.617374e+01
<VARIANCE> 6
 3.179780e+01 1.280424e+04 1.446404e+04 2.998339e+02 4.032245e+04 5.181961e+07
<GCONST> 6.759479e+01
<MIXTURE> 10 7.862262e-02
<MEAN> 6
 8.974941e+01 4.372985e+02 1.404930e+02 -2.617981e+00 1.134875e+00 8.991805e+01
<VARIANCE> 6
 3.179780e+01 1.280424e+04 1.446404e+04 2.998339e+02 4.032245e+04 5.181961e+07
<GCONST> 6.759479e+01
<MIXTURE> 11 8.654651e-02
<MEAN> 6
 8.505488e+01 6.455972e+01 -1.925290e+02 -1.038120e+00 -3.962883e+00 -8.385889e+01
<VARIANCE> 6
 3.179780e+01 1.280424e+04 1.446404e+04 2.998339e+02 4.032245e+04 5.181961e+07
<GCONST> 6.759479e+01
<MIXTURE> 12 8.452144e-02
<MEAN> 6
 8.501042e+01 6.399772e+01 -1.919149e+02 -1.045246e+00 -3.837496e+00 -8.313142e+01
<VARIANCE> 6
 3.179780e+01 1.280424e+04 1.446404e+04 2.998339e+02 4.032245e+04 5.181961e+07
<GCONST> 6.759479e+01
<MIXTURE> 13 7.294293e-02
<MEAN> 6
 8.498301e+01 6.365129e+01 -1.915463e+02 -1.049574e+00 -3.761745e+00 -8.270424e+01
<VARIANCE> 6
 3.179780e+01 1.280424e+04 1.446404e+04 2.998339e+02 4.032245e+04 5.181961e+07
<GCONST> 6.759479e+01
<MIXTURE> 14 5.823398e-02
<MEAN> 6
 9.843564e+01 7.678705e+02 7.400183e+01 -3.274160e+00 3.829874e-01 6.068535e+01
<VARIANCE> 6
 3.179780e+01 1.280424e+04 1.446404e+04 2.998339e+02 4.032245e+04 5.181961e+07
<GCONST> 6.759479e+01
<MIXTURE> 15 5.326365e-02
<MEAN> 6
 9.587307e+01 4.735790e+02 -3.227398e+02 -6.936127e+00 -5.717722e+00 3.140455e+01
<VARIANCE> 6
 3.179780e+01 1.719735e+04 4.213741e+04 2.998339e+02 4.032245e+04 5.181961e+07
<GCONST> 6.895903e+01
<STATE> 4
<NUMMIXES> 15
<MIXTURE> 1 5.639452e-02
<MEAN> 6
 4.941425e+01 -2.518376e+02 2.937370e+02 2.307110e-01 -1.232575e+00 -4.546816e+01
<VARIANCE> 6
 3.179780e+01 1.280424e+04 1.446404e+04 2.998339e+02 4.032245e+04 5.181961e+07
<GCONST> 6.759479e+01
<MIXTURE> 2 6.826708e-02
<MEAN> 6
 1.205442e+02 -2.204807e+03 4.902464e+01 -8.621299e-01 -2.165568e+00 1.107001e+00
<VARIANCE> 6
 3.179780e+01 8.666909e+04 1.446404e+04 2.998339e+02 4.032245e+04 5.181961e+07
<GCONST> 6.950710e+01
<MIXTURE> 3 9.322963e-02
<MEAN> 6
 7.841585e+01 -5.692191e+02 -2.194986e+02 -2.728598e+00 1.091517e+00 1.699704e+02
<VARIANCE> 6
 3.179780e+01 2.481597e+04 1.446404e+04 2.998339e+02 4.032245e+04 5.181961e+07
<GCONST> 6.825650e+01
<MIXTURE> 4 2.867554e-02
<MEAN> 6
 4.347640e+01 -1.017429e+03 6.377223e+02 2.508409e+01 -3.797589e+01 6.163069e+01
<VARIANCE> 6
 3.179780e+01 1.280424e+04 1.446404e+04 2.998339e+02 4.032245e+04 5.181961e+07
<GCONST> 6.759479e+01
<MIXTURE> 5 1.049600e-01
<MEAN> 6
 7.034207e+01 -7.962194e+02 -6.503922e+02 -3.659793e-01 7.587756e-01 2.433562e+00
<VARIANCE> 6
 3.179780e+01 1.035926e+05 1.446404e+04 2.998339e+02 4.032245e+04 5.181961e+07
<GCONST> 6.968547e+01
<MIXTURE> 6 7.255756e-02
<MEAN> 6
 7.139267e+01 -1.320734e+03 -5.562462e+01 7.513341e-01 -9.561599e+00 -3.371701e+02
<VARIANCE> 6
 3.179780e+01 1.280424e+04 1.446404e+04 2.998339e+02 4.032245e+04 5.181961e+07
<GCONST> 6.759479e+01
<MIXTURE> 7 2.034629e-02
<MEAN> 6
 2.941378e+01 -5.045710e+02 3.710712e+02 3.279756e+01 5.566352e+01 4.409223e+02
<VARIANCE> 6
 4.017784e+02 2.571159e+05 1.751396e+06 3.214310e+02 5.622832e+04 5.181961e+07
<GCONST> 7.832961e+01
<MIXTURE> 8 6.782164e-02
<MEAN> 6
 7.149066e+01 -1.578973e+03 -6.932890e+02 -9.711528e-01 1.976695e+00 -4.525430e+01
<VARIANCE> 6
 3.179780e+01 2.393308e+04 1.446404e+04 2.998339e+02 4.032245e+04 5.181961e+07
<GCONST> 6.822027e+01
<MIXTURE> 9 7.406588e-02
<MEAN> 6
 6.102600e+01 -1.121321e+03 4.591007e+02 2.918118e+00 -4.969564e+00 1.088589e+01
<VARIANCE> 6
 3.179780e+01 1.280424e+04 1.446404e+04 2.998339e+02 4.032245e+04 5.181961e+07
<GCONST> 6.759479e+01
<MIXTURE> 10 8.423106e-02
<MEAN> 6
 1.189175e+02 -2.521600e+03 8.628092e+00 -2.224814e+00 -3.453607e-01 5.363498e+01
<VARIANCE> 6
 3.179780e+01 2.104426e+04 1.446404e+04 2.998339e+02 4.032245e+04 5.181961e+07
<GCONST> 6.809164e+01
<MIXTURE> 11 7.390472e-02
<MEAN> 6
 6.102609e+01 -1.121320e+03 4.590982e+02 2.917933e+00 -4.969338e+00 1.088819e+01
<VARIANCE> 6
 3.179780e+01 1.280424e+04 1.446404e+04 2.998339e+02 4.032245e+04 5.181961e+07
<GCONST> 6.759479e+01
<MIXTURE> 12 4.600783e-02
<MEAN> 6
 2.765698e+01 -4.453453e+02 2.215168e+02 1.468198e+01 1.015472e+01 -6.747662e+02
<VARIANCE> 6
 3.179780e+01 1.280424e+04 1.888942e+04 2.998339e+02 4.355324e+04 5.181961e+07
<GCONST> 6.793880e+01
<MIXTURE> 13 6.136668e-02
<MEAN> 6
 6.998382e+01 -1.198968e+03 -2.924159e+02 3.250626e+00 -2.468255e+01 3.644510e+02
<VARIANCE> 6
 3.179780e+01 1.280424e+04 1.446404e+04 2.998339e+02 4.032245e+04 5.181961e+07
<GCONST> 6.759479e+01
<MIXTURE> 14 9.218345e-02
<MEAN> 6
 4.452131e+01 -5.292756e+02 1.929654e+01 1.969323e+00 -3.819629e+00 1.036409e+02
<VARIANCE> 6
 3.179780e+01 1.280424e+04 1.656723e+04 2.998339e+02 4.032245e+04 5.181961e+07
<GCONST> 6.773055e+01
<MIXTURE> 15 5.597523e-02
<MEAN> 6
 4.932666e+01 -3.093869e+02 2.492741e+02 1.966142e-01 -1.992782e+00 3.935903e+00
<VARIANCE> 6
 3.179780e+01 1.280424e+04 1.446404e+04 2.998339e+02 4.032245e+04 5.181961e+07
<GCONST> 6.759479e+01
<STATE> 5
<NUMMIXES> 15
<MIXTURE> 1 7.927661e-02
<MEAN> 6
 8.440192e+01 -4.244448e+02 1.452197e+03 -3.868549e+00 1.855466e+00 7.106636e+00
<VARIANCE> 6
 3.179780e+01 1.280424e+04 1.446404e+04 2.998339e+02 4.032245e+04 5.181961e+07
<GCONST> 6.759479e+01
<MIXTURE> 2 8.107807e-02
<MEAN> 6
 1.001349e+02 -5.048441e+02 -5.408371e+02 -1.918866e+00 -9.682525e-01 -1.233419e+01
<VARIANCE> 6
 3.179780e+01 1.280424e+04 1.446404e+04 2.998339e+02 4.032245e+04 5.181961e+07
<GCONST> 6.759479e+01
<MIXTURE> 3 5.604598e-02
<MEAN> 6
 8.213905e+01 -5.997571e+02 2.911244e+03 -1.766328e+00 -1.158405e+00 -8.668741e+01
<VARIANCE> 6
 3.179780e+01 1.280424e+04 1.446404e+04 2.998339e+02 4.032245e+04 5.181961e+07
<GCONST> 6.759479e+01
<MIXTURE> 4 4.425281e-02
<MEAN> 6
 6.365353e+01 -3.594403e+02 -2.318792e+03 -3.883293e+00 -4.082283e+00 -1.063340e+01
<VARIANCE> 6
 3.179780e+01 5.077341e+04 1.446404e+04 2.998339e+02 4.032245e+04 5.181961e+07
<GCONST> 6.897238e+01
<MIXTURE> 5 7.295849e-02
<MEAN> 6
 7.450384e+01 -4.528428e+02 8.614431e+02 -2.767905e-01 -8.094179e+00 -1.066159e+02
<VARIANCE> 6
 3.179780e+01 1.280424e+04 1.446404e+04 2.998339e+02 4.032245e+04 5.181961e+07
<GCONST> 6.759479e+01
<MIXTURE> 6 8.426936e-02
<MEAN> 6
 9.684615e+01 -5.003099e+02 -5.416585e+02 -9.553443e-01 -2.764525e+00 -8.227752e+01
<VARIANCE> 6
 3.179780e+01 1.280424e+04 1.446404e+04 2.998339e+02 4.032245e+04 5.181961e+07
<GCONST> 6.759479e+01
<MIXTURE> 7 7.231198e-02
<MEAN> 6
 5.973951e+01 -2.265730e+02 8.759575e+02 -3.705040e-01 -6.801673e+00 -8.334779e+01
<VARIANCE> 6
 3.179780e+01 1.280424e+04 1.446404e+04 2.998339e+02 4.032245e+04 5.181961e+07
<GCONST> 6.759479e+01
<MIXTURE> 8 6.513476e-02
<MEAN> 6
 5.788318e+01 6.588301e+01 3.072125e+03 -4.476124e+00 -1.955441e+01 -1.057806e+02
<VARIANCE> 6
 3.179780e+01 4.824123e+04 5.817060e+04 2.998339e+02 4.032245e+04 5.181961e+07
<GCONST> 7.031293e+01
<MIXTURE> 9 8.389605e-02
<MEAN> 6
 9.647403e+01 -5.005536e+02 -5.426664e+02 -8.669409e-01 -2.934374e+00 -8.577095e+01
<VARIANCE> 6
 3.179780e+01 1.280424e+04 1.446404e+04 2.998339e+02 4.032245e+04 5.181961e+07
<GCONST> 6.759479e+01
<MIXTURE> 10 8.218299e-02
<MEAN> 6
 9.700553e+01 -5.002590e+02 -5.412894e+02 -9.942101e-01 -2.687317e+00 -8.052152e+01
<VARIANCE> 6
 3.179780e+01 1.280424e+04 1.446404e+04 2.998339e+02 4.032245e+04 5.181961e+07
<GCONST> 6.759479e+01
<MIXTURE> 11 7.215028e-02
<MEAN> 6
 7.450384e+01 -4.528428e+02 8.614431e+02 -2.767902e-01 -8.094189e+00 -1.066159e+02
<VARIANCE> 6
 3.179780e+01 1.280424e+04 1.446404e+04 2.998339e+02 4.032245e+04 5.181961e+07
<GCONST> 6.759479e+01
<MIXTURE> 12 7.270012e-02
<MEAN> 6
 5.973932e+01 -2.265749e+02 8.759580e+02 -3.705160e-01 -6.801807e+00 -8.334981e+01
<VARIANCE> 6
 3.179780e+01 1.280424e+04 1.446404e+04 2.998339e+02 4.032245e+04 5.181961e+07
<GCONST> 6.759479e+01
<MIXTURE> 13 7.470243e-02
<MEAN> 6
 7.529232e+01 -8.225436e+02 3.285807e+03 -1.420197e+00 1.026141e+00 -2.280156e+00
<VARIANCE> 6
 3.179780e+01 1.280424e+04 1.468869e+04 2.998339e+02 4.032245e+04 5.181961e+07
<GCONST> 6.761020e+01
<MIXTURE> 14 2.296269e-02
<MEAN> 6
 9.295150e+01 -4.627015e+02 7.788014e+02 -3.868749e+00 -1.958687e+00 8.626659e+01
<VARIANCE> 6
 3.179780e+01 1.280424e+04 1.591350e+05 2.998339e+02 4.032245e+04 5.181961e+07
<GCONST> 6.999287e+01
<MIXTURE> 15 3.607366e-02
<MEAN> 6
 5.960033e+01 1.206759e+01 2.947942e+03 -9.887537e+00 5.694379e+00 8.280734e+02
<VARIANCE> 6
 1.030795e+02 3.888121e+04 7.161799e+05 2.998339e+02 4.032245e+04 5.181961e+07
<GCONST> 7.378389e+01
<STATE> 6
<NUMMIXES> 15
<MIXTURE> 1 7.164848e-02
<MEAN> 6
 6.814913e+01 4.500173e+03 -6.598409e+02 -1.337931e+00 8.017679e-01 -1.926556e+00
<VARIANCE> 6
 3.179780e+01 2.870529e+05 1.446404e+04 2.998339e+02 4.032245e+04 5.181961e+07
<GCONST> 7.070467e+01
<MIXTURE> 2 5.876703e-02
<MEAN> 6
 5.163218e+01 2.291944e+03 2.604797e+03 3.187540e-01 -6.377966e+00 5.231854e+01
<VARIANCE> 6
 3.179780e+01 2.403211e+04 2.574007e+04 2.998339e+02 4.032245e+04 5.181961e+07
<GCONST> 6.880078e+01
<MIXTURE> 3 6.247419e-02
<MEAN> 6
 8.051678e+01 1.897253e+03 3.735494e+02 -4.955794e+00 2.586778e+00 1.506476e+02
<VARIANCE> 6
 3.179780e+01 1.566491e+05 1.015974e+05 2.998339e+02 4.032245e+04 5.181961e+07
<GCONST> 7.204837e+01
<MIXTURE> 4 8.374559e-02
<MEAN> 6
 5.880618e+01 1.035309e+03 -1.067720e+03 -9.627789e-01 -1.168347e+01 -1.250593e+02
<VARIANCE> 6
 3.179780e+01 1.448166e+04 1.446404e+04 2.998339e+02 4.032245e+04 5.181961e+07
<GCONST> 6.771790e+01
<MIXTURE> 5 8.178866e-02
<MEAN> 6
 7.446681e+01 8.238184e+02 9.899135e+02 -1.370472e+00 -1.197003e+01 4.193701e+02
<VARIANCE> 6
 3.179780e+01 2.013360e+04 1.373605e+05 2.998339e+02 4.032245e+04 5.181961e+07
<GCONST> 7.029834e+01
<MIXTURE> 6 4.529208e-02
<MEAN> 6
 7.392400e+01 1.319087e+03 2.270594e+03 -5.412285e+00 9.519572e+00 1.867978e+02
<VARIANCE> 6
 3.179780e+01 1.280424e+04 1.446404e+04 2.998339e+02 4.032245e+04 5.181961e+07
<GCONST> 6.759479e+01
<MIXTURE> 7 6.931504e-02
<MEAN> 6
 7.927518e+01 6.959041e+02 -8.619905e+02 -6.974952e-02 -8.250188e+00 -2.064405e+01
<VARIANCE> 6
 3.179780e+01 1.280424e+04 1.446404e+04 2.998339e+02 4.032245e+04 5.181961e+07
<GCONST> 6.759479e+01
<MIXTURE> 8 5.002268e-02
<MEAN> 6
 7.111157e+01 1.178657e+03 -3.638402e+02 -1.604061e-01 -9.821061e+00 9.638837e+01
<VARIANCE> 6
 3.755305e+01 1.280424e+04 1.446404e+04 2.998339e+02 4.032245e+04 5.181961e+07
<GCONST> 6.776114e+01
<MIXTURE> 9 5.463228e-02
<MEAN> 6
 7.977321e+01 1.165647e+03 3.063216e+02 -2.891742e+00 -6.362131e+00 1.562195e+02
<VARIANCE> 6
 7.581116e+01 3.372475e+04 2.511520e+04 2.998339e+02 4.032245e+04 5.181961e+07
<GCONST> 6.998389e+01
<MIXTURE> 10 5.541087e-02
<MEAN> 6
 7.793253e+01 1.230156e+03 -1.378933e+03 -3.154190e+00 1.993335e+00 -8.483619e+01
<VARIANCE> 6
 3.179780e+01 1.280424e+04 1.110795e+05 2.998339e+02 4.032245e+04 5.181961e+07
<GCONST> 6.963336e+01
<MIXTURE> 11 7.986417e-02
<MEAN> 6
 7.053198e+01 9.249562e+02 -2.627697e+02 1.872493e-01 -1.009158e+01 -1.058818e+02
<VARIANCE> 6
 3.179780e+01 1.280424e+04 1.446404e+04 2.998339e+02 4.032245e+04 5.181961e+07
<GCONST> 6.759479e+01
<MIXTURE> 12 7.143667e-02
<MEAN> 6
 8.070119e+01 1.768650e+03 -3.134286e+02 -3.458928e+00 -1.503754e+01 -3.498012e+02
<VARIANCE> 6
 3.179780e+01 3.204582e+05 1.446404e+04 2.998339e+02 4.032245e+04 5.181961e+07
<GCONST> 7.081476e+01
<MIXTURE> 13 6.914677e-02
<MEAN> 6
 7.934268e+01 6.938398e+02 -8.655861e+02 3.820274e-02 -8.798104e+00 -2.145987e+01
<VARIANCE> 6
 3.179780e+01 1.280424e+04 1.446404e+04 2.998339e+02 4.032245e+04 5.181961e+07
<GCONST> 6.759479e+01
<MIXTURE> 14 9.091713e-02
<MEAN> 6
 8.045896e+01 1.264800e+03 1.186973e+02 -3.649092e+00 8.863233e-01 -3.343179e+01
<VARIANCE> 6
 3.179780e+01 3.104038e+04 1.446404e+04 2.998339e+02 4.032245e+04 5.181961e+07
<GCONST> 6.848030e+01
<MIXTURE> 15 5.552282e-02
<MEAN> 6
 7.811451e+01 1.240770e+03 -1.454187e+03 -3.367917e+00 2.656780e+00 -4.201001e+01
<VARIANCE> 6
 3.179780e+01 1.280424e+04 1.058759e+05 2.998339e+02 4.032245e+04 5.181961e+07
<GCONST> 6.958539e+01
<STATE> 7
<NUMMIXES> 15
<MIXTURE> 1 9.921519e-02
<MEAN> 6
 6.594519e+01 4.303973e+02 -2.252184e+02 -5.876146e-01 -1.500341e+00 -6.792396e+01
<VARIANCE> 6
 5.166838e+01 1.280424e+04 1.446404e+04 2.998339e+02 4.032245e+04 5.181961e+07
<GCONST> 6.808023e+01
<MIXTURE> 2 4.825616e-02
<MEAN> 6
 5.605568e+01 7.022212e+00 3.983828e+02 -5.629725e-01 2.183671e+00 -9.028205e+01
<VARIANCE> 6
 3.179780e+01 1.280424e+04 1.446404e+04 2.998339e+02 4.032245e+04 5.181961e+07
<GCONST> 6.759479e+01
<MIXTURE> 3 4.925567e-02
<MEAN> 6
 6.307569e+01 7.406817e+01 -2.730541e+02 -2.200241e-01 -4.366524e+00 -1.329886e+02
<VARIANCE> 6
 3.179780e+01 2.221321e+04 8.694809e+04 2.998339e+02 4.032245e+04 5.181961e+07
<GCONST> 6.993934e+01
<MIXTURE> 4 6.056386e-02
<MEAN> 6
 6.655559e+01 -1.616998e+02 -2.095371e+02 -2.114829e-01 -7.179667e+00 -1.121281e+02
<VARIANCE> 6
 3.179780e+01 1.280424e+04 1.446404e+04 2.998339e+02 4.032245e+04 5.181961e+07
<GCONST> 6.759479e+01
<MIXTURE> 5 7.622033e-02
<MEAN> 6
 6.120156e+01 -4.111502e+01 1.126317e+02 -3.769797e-01 -7.257131e+00 -1.020641e+02
<VARIANCE> 6
 3.179780e+01 1.280424e+04 2.061872e+04 2.998339e+02 4.032245e+04 5.181961e+07
<GCONST> 6.794931e+01
<MIXTURE> 6 7.178893e-02
<MEAN> 6
 6.315673e+01 -6.136412e+01 -3.868556e+02 4.892051e-03 -3.161504e+00 -1.045549e+02
<VARIANCE> 6
 3.179780e+01 1.280424e+04 1.446404e+04 2.998339e+02 4.032245e+04 5.181961e+07
<GCONST> 6.759479e+01
<MIXTURE> 7 8.949861e-02
<MEAN> 6
 6.337089e+01 8.077769e+01 -4.901660e+02 -3.305416e-01 -5.694636e+00 -1.367458e+02
<VARIANCE> 6
 3.179780e+01 3.284423e+04 2.686779e+04 2.998339e+02 4.032245e+04 5.181961e+07
<GCONST> 6.915605e+01
<MIXTURE> 8 5.409392e-02
<MEAN> 6
 5.883069e+01 3.387685e+01 -1.705241e+01 -8.032665e-02 -6.276459e+00 -1.611199e+02
<VARIANCE> 6
 3.179780e+01 1.690755e+04 1.446404e+04 2.998339e+02 4.032245e+04 5.181961e+07
<GCONST> 6.787277e+01
<MIXTURE> 9 7.467264e-02
<MEAN> 6
 5.883681e+01 3.349026e+01 2.886454e+02 -7.925120e-02 -4.504929e-01 -9.261368e+01
<VARIANCE> 6
 3.179780e+01 1.280424e+04 1.446404e+04 2.998339e+02 4.032245e+04 5.181961e+07
<GCONST> 6.759479e+01
<MIXTURE> 10 7.439418e-02
<MEAN> 6
 6.251730e+01 -1.733013e+02 -6.684636e+02 -6.291998e-01 -5.677032e+00 -1.574074e+02
<VARIANCE> 6
 3.179780e+01 1.280424e+04 1.446404e+04 2.998339e+02 4.032245e+04 5.181961e+07
<GCONST> 6.759479e+01
<MIXTURE> 11 5.813151e-02
<MEAN> 6
 5.909547e+01 -4.921896e+01 5.139116e+00 -2.099426e-01 -8.076427e+00 -1.404336e+02
<VARIANCE> 6
 3.179780e+01 1.280424e+04 1.446404e+04 2.998339e+02 4.032245e+04 5.181961e+07
<GCONST> 6.759479e+01
<MIXTURE> 12 8.291675e-02
<MEAN> 6
 6.190720e+01 -2.030424e+02 -2.766249e+02 4.546183e-02 -4.348975e+00 -1.174027e+02
<VARIANCE> 6
 3.179780e+01 1.280424e+04 1.446404e+04 2.998339e+02 4.032245e+04 5.181961e+07
<GCONST> 6.759479e+01
<MIXTURE> 13 4.779732e-02
<MEAN> 6
 5.643775e+01 1.191559e+01 3.827092e+02 -5.257535e-01 2.157488e+00 -8.457928e+01
<VARIANCE> 6
 3.179780e+01 1.280424e+04 1.446404e+04 2.998339e+02 4.032245e+04 5.181961e+07
<GCONST> 6.759479e+01
<MIXTURE> 14 5.572616e-02
<MEAN> 6
 5.748576e+01 2.335888e+01 -5.330189e+01 -9.457528e-02 -5.221761e+00 -1.478697e+02
<VARIANCE> 6
 3.179780e+01 2.480158e+04 1.446404e+04 2.998339e+02 4.032245e+04 5.181961e+07
<GCONST> 6.825592e+01
<MIXTURE> 15 5.741948e-02
<MEAN> 6
 5.767007e+01 -9.096658e+01 -3.130026e+01 -5.532928e-02 -6.905852e+00 -1.254472e+02
<VARIANCE> 6
 3.179780e+01 1.280424e+04 1.446404e+04 2.998339e+02 4.032245e+04 5.181961e+07
<GCONST> 6.759479e+01
<STATE> 8
<NUMMIXES> 15
<MIXTURE> 1 5.968493e-02
<MEAN> 6
 7.543128e+01 1.789726e+02 5.938151e+01 3.341732e-01 -8.518553e+00 -2.159248e+02
<VARIANCE> 6
 3.179780e+01 1.280424e+04 1.446404e+04 2.998339e+02 4.032245e+04 5.181961e+07
<GCONST> 6.759479e+01
<MIXTURE> 2 9.280747e-02
<MEAN> 6
 7.834913e+01 3.687929e+02 2.598681e+02 -4.580953e-01 -4.188891e+00 -5.356848e+01
<VARIANCE> 6
 3.179780e+01 1.280424e+04 1.446404e+04 2.998339e+02 4.032245e+04 5.181961e+07
<GCONST> 6.759479e+01
<MIXTURE> 3 1.617489e-02
<MEAN> 6
 8.228555e+01 -5.449655e+01 4.881067e+02 -4.939029e+00 -1.003817e+01 -1.296358e+02
<VARIANCE> 6
 3.179780e+01 1.280424e+04 1.446404e+04 2.998339e+02 4.032245e+04 5.181961e+07
<GCONST> 6.759479e+01
<MIXTURE> 4 9.104270e-02
<MEAN> 6
 8.100607e+01 -4.112192e+02 -1.039839e+03 -2.243517e+00 -6.273309e+00 6.539376e+01
<VARIANCE> 6
 3.179780e+01 5.110955e+04 7.456572e+05 2.998339e+02 4.032245e+04 5.181961e+07
<GCONST> 7.292158e+01
<MIXTURE> 5 6.479670e-02
<MEAN> 6
 8.528068e+01 -1.209001e+02 -7.585096e-01 1.384647e-01 -2.421682e+00 -3.071301e+00
<VARIANCE> 6
 3.179780e+01 1.280424e+04 1.446404e+04 2.998339e+02 4.032245e+04 5.181961e+07
<GCONST> 6.759479e+01
<MIXTURE> 6 1.107002e-01
<MEAN> 6
 7.234666e+01 2.190163e+02 7.391118e+02 9.225467e-01 -1.829957e+00 -1.185187e+02
<VARIANCE> 6
 3.179780e+01 1.358009e+04 1.446404e+04 2.998339e+02 4.032245e+04 5.181961e+07
<GCONST> 6.765361e+01
<MIXTURE> 7 6.328506e-02
<MEAN> 6
 8.241345e+01 -1.206341e+02 -3.374258e+02 8.933135e-01 -6.019374e+00 1.154731e+02
<VARIANCE> 6
 3.179780e+01 1.280424e+04 1.446404e+04 2.998339e+02 4.032245e+04 5.181961e+07
<GCONST> 6.759479e+01
<MIXTURE> 8 6.182989e-02
<MEAN> 6
 7.524697e+01 1.751038e+02 5.489515e+01 4.085066e-01 -8.738487e+00 -2.279550e+02
<VARIANCE> 6
 3.179780e+01 1.280424e+04 1.446404e+04 2.998339e+02 4.032245e+04 5.181961e+07
<GCONST> 6.759479e+01
<MIXTURE> 9 6.537040e-02
<MEAN> 6
 8.528844e+01 -1.218274e+02 -8.532487e-01 1.361311e-01 -2.407014e+00 -3.313123e+00
<VARIANCE> 6
 3.179780e+01 1.280424e+04 1.446404e+04 2.998339e+02 4.032245e+04 5.181961e+07
<GCONST> 6.759479e+01
<MIXTURE> 10 6.001505e-02
<MEAN> 6
 7.516564e+01 2.729237e+01 5.155261e+02 -3.246118e-01 1.702632e+00 -1.695294e+02
<VARIANCE> 6
 3.205880e+01 1.280424e+04 1.446404e+04 2.998339e+02 4.032245e+04 5.181961e+07
<GCONST> 6.760296e+01
<MIXTURE> 11 6.489786e-02
<MEAN> 6
 8.529607e+01 -1.227442e+02 -9.432765e-01 1.337862e-01 -2.392680e+00 -3.552640e+00
<VARIANCE> 6
 3.179780e+01 1.280424e+04 1.446404e+04 2.998339e+02 4.032245e+04 5.181961e+07
<GCONST> 6.759479e+01
<MIXTURE> 12 6.497006e-02
<MEAN> 6
 8.529950e+01 -1.231564e+02 -9.824442e-01 1.327222e-01 -2.386291e+00 -3.660190e+00
<VARIANCE> 6
 3.179780e+01 1.280424e+04 1.446404e+04 2.998339e+02 4.032245e+04 5.181961e+07
<GCONST> 6.759479e+01
<MIXTURE> 13 6.281627e-02
<MEAN> 6
 8.234763e+01 -1.697599e+02 -3.369062e+02 9.240763e-01 -7.945168e+00 8.661053e+01
<VARIANCE> 6
 3.179780e+01 1.373352e+04 1.446404e+04 2.998339e+02 4.032245e+04 5.181961e+07
<GCONST> 6.766485e+01
<MIXTURE> 14 6.195202e-02
<MEAN> 6
 7.524404e+01 1.745266e+02 5.463142e+01 4.142073e-01 -8.787724e+00 -2.293259e+02
<VARIANCE> 6
 3.179780e+01 1.280424e+04 1.446404e+04 2.998339e+02 4.032245e+04 5.181961e+07
<GCONST> 6.759479e+01
<MIXTURE> 15 5.961533e-02
<MEAN> 6
 7.514550e+01 1.719044e+02 5.257781e+01 4.605901e-01 -9.073065e+00 -2.397911e+02
<VARIANCE> 6
 3.179780e+01 1.280424e+04 1.446404e+04 2.998339e+02 4.032245e+04 5.181961e+07
<GCONST> 6.759479e+01
<STATE> 9
<NUMMIXES> 15
<MIXTURE> 1 9.255750e-02
<MEAN> 6
 9.911288e+01 1.424395e+03 2.359920e+03 -1.622878e+00 3.046061e+00 -1.730964e+00
<VARIANCE> 6
 3.179780e+01 2.537790e+04 1.777584e+05 2.998339e+02 4.032245e+04 5.181961e+07
<GCONST> 7.078764e+01
<MIXTURE> 2 4.221017e-02
<MEAN> 6
 1.042673e+02 4.631982e+02 -1.728931e+03 -7.627054e+00 1.326689e+01 2.415993e+02
<VARIANCE> 6
 3.179780e+01 1.280424e+04 1.446404e+04 2.998339e+02 4.032245e+04 5.181961e+07
<GCONST> 6.759479e+01
<MIXTURE> 3 5.888933e-02
<MEAN> 6
 8.256012e+01 3.170918e+02 -7.093222e+02 -1.937716e+00 -4.705616e+00 -1.283979e+02
<VARIANCE> 6
 3.179780e+01 1.280424e+04 1.446404e+04 2.998339e+02 4.032245e+04 5.181961e+07
<GCONST> 6.759479e+01
<MIXTURE> 4 5.629058e-03
<MEAN> 6
 9.469347e+01 3.968414e+02 3.281706e+03 3.684574e+01 2.021486e+01 -4.502531e+03
<VARIANCE> 6
 3.179780e+01 1.440098e+04 1.446404e+04 9.215471e+02 7.869861e+05 4.596196e+08
<GCONST> 7.398906e+01
<MIXTURE> 5 8.119772e-02
<MEAN> 6
 7.559160e+01 3.933088e+02 -1.248661e+03 -3.937390e+00 -1.253009e+00 1.770159e+02
<VARIANCE> 6
 9.180994e+01 1.280424e+04 1.446404e+04 2.998339e+02 4.032245e+04 5.181961e+07
<GCONST> 6.865511e+01
<MIXTURE> 6 7.300854e-02
<MEAN> 6
 1.000758e+02 -4.376617e+01 3.393033e+03 -4.773600e+00 6.378239e-01 -5.439099e+00
<VARIANCE> 6
 3.179780e+01 1.280424e+04 1.446404e+04 2.998339e+02 4.032245e+04 5.181961e+07
<GCONST> 6.759479e+01
<MIXTURE> 7 7.759680e-02
<MEAN> 6
 8.999892e+01 7.469083e+02 -2.589183e+03 -2.751134e+00 2.269731e+00 1.109715e+01
<VARIANCE> 6
 3.179780e+01 1.280424e+04 1.805730e+04 2.998339e+02 4.032245e+04 5.181961e+07
<GCONST> 6.781667e+01
<MIXTURE> 8 6.215341e-02
<MEAN> 6
 9.505183e+01 5.908485e+02 2.189533e+03 3.139781e+00 -1.319318e+01 -7.390124e+01
<VARIANCE> 6
 3.179780e+01 1.280424e+04 1.446404e+04 2.998339e+02 4.032245e+04 5.181961e+07
<GCONST> 6.759479e+01
<MIXTURE> 9 5.505155e-02
<MEAN> 6
 1.014135e+02 9.573691e+02 1.873525e+03 -3.964852e+00 1.340657e+00 3.319586e+01
<VARIANCE> 6
 3.179780e+01 5.096047e+04 2.074005e+05 2.998339e+02 4.032245e+04 5.181961e+07
<GCONST> 7.163904e+01
<MIXTURE> 10 6.358323e-02
<MEAN> 6
 8.057119e+01 3.127437e+02 -6.810076e+02 -1.605050e+00 -1.757434e+01 -4.753680e+02
<VARIANCE> 6
 3.179780e+01 1.280424e+04 3.551853e+04 2.998339e+02 4.032245e+04 5.181961e+07
<GCONST> 6.849317e+01
<MIXTURE> 11 7.124791e-02
<MEAN> 6
 9.267805e+01 3.114628e+02 3.201385e+03 -7.880093e+00 -1.910927e+01 4.843755e+02
<VARIANCE> 6
 3.179780e+01 1.280424e+04 4.235847e+04 2.998339e+02 4.032245e+04 5.181961e+07
<GCONST> 6.866928e+01
<MIXTURE> 12 1.021387e-01
<MEAN> 6
 1.040024e+02 3.219489e+01 1.834941e+03 -3.564172e+00 9.551843e+00 1.399227e+02
<VARIANCE> 6
 3.179780e+01 1.711408e+05 6.191439e+05 2.998339e+02 4.032245e+04 5.181961e+07
<GCONST> 7.394417e+01
<MIXTURE> 13 9.227587e-02
<MEAN> 6
 9.851378e+01 6.799078e+02 -1.876098e+03 1.607170e+00 1.301612e+00 -1.754849e+00
<VARIANCE> 6
 3.179780e+01 1.280424e+04 1.446404e+04 2.998339e+02 4.032245e+04 5.181961e+07
<GCONST> 6.759479e+01
<MIXTURE> 14 6.404676e-02
<MEAN> 6
 8.775452e+01 3.838398e+02 1.928642e+03 -2.824805e+00 4.934085e+00 -4.961074e+01
<VARIANCE> 6
 3.179780e+01 1.280424e+04 1.446404e+04 2.998339e+02 4.032245e+04 5.181961e+07
<GCONST> 6.759479e+01
<MIXTURE> 15 5.840822e-02
<MEAN> 6
 8.228747e+01 3.089404e+02 -7.630624e+02 -2.640163e+00 -3.708544e+00 -1.078422e+02
<VARIANCE> 6
 3.179780e+01 1.280424e+04 1.446404e+04 2.998339e+02 4.032245e+04 5.181961e+07
<GCONST> 6.759479e+01
<STATE> 10
<NUMMIXES> 15
<MIXTURE> 1 6.161483e-03
<MEAN> 6
 7.980958e+01 3.670288e+02 3.193848e+03 1.751293e+01 4.833497e+02 1.117604e+03
<VARIANCE> 6
 3.179780e+01 4.790218e+04 1.446404e+04 1.043658e+03 1.071081e+05 2.136400e+08
<GCONST> 7.255489e+01
<MIXTURE> 2 6.957858e-02
<MEAN> 6
 6.294305e+01 4.106400e+01 -3.301680e+00 -5.056439e+01 -7.910594e+02 -8.943044e+03
<VARIANCE> 6
 1.011517e+02 3.718616e+04 1.656904e+05 6.566877e+02 4.032245e+04 5.215524e+07
<GCONST> 7.304706e+01
<MIXTURE> 3 7.943126e-02
<MEAN> 6
 5.913326e+01 4.346678e+02 -6.597215e+01 -1.365040e+02 -1.129170e+03 -1.970855e+03
<VARIANCE> 6
 1.026783e+02 3.478682e+05 2.389314e+05 2.297800e+03 4.664802e+05 1.039731e+08
<GCONST> 8.005470e+01
<MIXTURE> 4 9.111602e-02
<MEAN> 6
 -5.708729e+01 2.087710e+01 -1.111438e+01 -1.894840e+02 2.558162e+03 -1.470084e+04
<VARIANCE> 6
 2.352294e+02 3.838515e+05 2.527931e+05 8.297907e+03 2.017683e+06 1.239891e+09
<GCONST> 8.626567e+01
<MIXTURE> 5 6.346956e-02
<MEAN> 6
 8.825245e+00 1.403495e+02 1.356482e+02 -3.608945e+02 -4.773072e+02 1.329526e+04
<VARIANCE> 6
 2.367157e+02 1.087684e+05 3.442146e+05 2.738548e+03 3.906152e+05 2.207696e+08
<GCONST> 8.084341e+01
<MIXTURE> 6 4.406326e-02
<MEAN> 6
 5.956366e+01 -2.550408e+02 -7.734787e+01 -2.538950e+02 -2.596869e+03 2.245806e+03
<VARIANCE> 6
 1.746720e+02 2.380136e+05 8.911698e+04 9.219558e+03 4.526128e+05 6.212138e+08
<GCONST> 8.236702e+01
<MIXTURE> 7 4.751691e-02
<MEAN> 6
 -7.070480e+01 2.690636e+01 5.193257e+02 2.948528e+01 1.635007e+03 -1.743825e+03
<VARIANCE> 6
 9.230247e+01 1.080103e+05 3.541370e+05 1.930385e+04 6.598730e+04 5.181961e+07
<GCONST> 7.864832e+01
<MIXTURE> 8 6.284067e-02
<MEAN> 6
 -5.664373e+01 6.147698e+01 -3.018820e+02 1.500881e+02 9.730628e+02 2.286066e+03
<VARIANCE> 6
 6.114888e+01 1.736951e+05 9.250765e+04 1.956826e+03 1.151226e+05 5.181961e+07
<GCONST> 7.563679e+01
<MIXTURE> 9 8.524477e-02
<MEAN> 6
 -2.436504e+01 2.108896e+02 -1.513590e+02 -4.066306e+02 1.269126e+03 4.075230e+04
<VARIANCE> 6
 3.438905e+02 7.131528e+05 5.125042e+05 6.657378e+03 1.702700e+06 9.807364e+08
<GCONST> 8.734712e+01
<MIXTURE> 10 6.876811e-02
<MEAN> 6
 -3.470410e+01 -1.806618e+02 -6.362247e+02 -2.462062e+01 1.441439e+03 -1.667791e+03
<VARIANCE> 6
 1.979510e+02 2.389301e+05 3.169252e+05 5.777936e+04 2.065550e+05 8.228691e+07
<GCONST> 8.279406e+01
<MIXTURE> 11 7.799022e-02
<MEAN> 6
 -7.021034e+01 1.509040e+02 -2.434472e+02 -1.900366e+01 5.682575e+02 -6.577736e+03
<VARIANCE> 6
 6.764057e+01 6.084548e+05 3.502992e+05 2.168690e+03 4.385737e+05 2.564533e+08
<GCONST> 8.136230e+01
<MIXTURE> 12 9.079616e-02
<MEAN> 6
 3.827151e+01 2.605640e+02 -1.634589e+02 -2.646405e+02 -1.312277e+03 4.793917e+03
<VARIANCE> 6
 9.725146e+01 3.425359e+05 3.060177e+05 2.579385e+03 2.387855e+05 8.296489e+07
<GCONST> 7.945264e+01
<MIXTURE> 13 1.003303e-01
<MEAN> 6
 -7.096909e+01 -1.444863e+02 -1.905305e+02 3.734355e+01 6.117965e+02 3.509001e+02
<VARIANCE> 6
 5.224612e+01 1.443310e+05 1.005116e+05 2.383906e+03 4.347123e+04 5.181961e+07
<GCONST> 7.460075e+01
<MIXTURE> 14 4.990695e-02
<MEAN> 6
 6.693639e+01 4.813930e+00 -1.272770e+02 -7.743615e+01 -1.579735e+03 -2.111156e+04
<VARIANCE> 6
 1.599851e+02 4.458670e+04 5.966096e+04 1.525613e+03 2.591861e+05 1.602776e+08
<GCONST> 7.649184e+01
<MIXTURE> 15 6.277362e-02
<MEAN> 6
 1.077298e+01 -1.935559e+02 -2.899755e+02 -4.161905e+02 -8.778186e+02 1.364241e+04
<VARIANCE> 6
 3.080952e+02 4.115439e+05 1.775748e+05 4.426427e+03 5.950972e+05 3.925460e+08
<GCONST> 8.325248e+01
<STATE> 11
<NUMMIXES> 15
<MIXTURE> 1 5.749957e-02
<MEAN> 6
 9.220387e+01 4.902687e+01 1.361692e+01 2.496863e+01 -9.540728e+02 8.086022e+02
<VARIANCE> 6
 1.287400e+02 9.345033e+05 4.862946e+05 1.293742e+04 1.168554e+06 7.512267e+08
<GCONST> 8.660378e+01
<MIXTURE> 2 1.516104e-02
<MEAN> 6
 -7.668683e+00 1.551123e+02 1.175105e+02 -3.428679e+01 7.950448e+01 4.401229e+03
<VARIANCE> 6
 1.152821e+04 1.931342e+05 3.987474e+05 1.868387e+06 1.021510e+09 1.502369e+12
<GCONST> 1.086702e+02
<MIXTURE> 3 3.839771e-02
<MEAN> 6
 -1.688378e+01 -8.836836e+00 1.922257e+02 -4.306852e+01 2.001438e+02 8.636191e+01
<VARIANCE> 6
 3.755353e+03 7.555253e+05 1.784358e+06 7.003724e+04 1.876394e+06 1.215617e+09
<GCONST> 9.370810e+01
<MIXTURE> 4 5.421602e-02
<MEAN> 6
 8.621692e+01 -9.925237e+01 2.554091e+02 -7.095882e+00 -1.747933e+01 7.940337e+01
<VARIANCE> 6
 1.437499e+02 1.229996e+06 7.921641e+05 2.998339e+02 4.032245e+04 5.181961e+07
<GCONST> 7.767155e+01
<MIXTURE> 5 7.581808e-02
<MEAN> 6
 7.740468e+01 5.498767e+01 -5.457688e+01 1.868162e+01 -4.352966e+02 -6.560237e+02
<VARIANCE> 6
 2.560388e+02 8.599100e+04 4.590429e+04 1.256160e+04 1.469100e+05 5.181961e+07
<GCONST> 7.776816e+01
<MIXTURE> 6 8.271968e-02
<MEAN> 6
 -4.639651e+01 -1.832455e+01 1.362303e+02 8.592930e+01 8.799925e+02 -4.781114e+02
<VARIANCE> 6
 2.569746e+02 2.065850e+05 2.131753e+05 1.472750e+04 1.169789e+05 5.181961e+07
<GCONST> 8.011508e+01
<MIXTURE> 7 8.265813e-02
<MEAN> 6
 -5.537060e+01 1.914878e+01 3.628333e+01 1.579089e+01 2.171914e+02 1.181334e+02
<VARIANCE> 6
 2.256720e+02 8.844385e+04 1.086338e+05 7.351539e+02 6.954826e+04 5.181961e+07
<GCONST> 7.494534e+01
<MIXTURE> 8 8.964900e-02
<MEAN> 6
 1.816691e+01 -1.538919e-02 2.829784e+00 -7.478658e+01 -2.004824e+02 1.928753e+03
<VARIANCE> 6
 6.376356e+02 2.979657e+04 5.684660e+04 5.453746e+04 3.616237e+05 2.181449e+08
<GCONST> 8.164096e+01
<MIXTURE> 9 8.467061e-02
<MEAN> 6
 8.171226e+01 -2.329152e+01 3.695674e+01 -7.861625e+00 -1.789187e+01 -2.804111e+02
<VARIANCE> 6
 1.250798e+02 1.466656e+05 4.546442e+04 2.998339e+02 4.032245e+04 5.181961e+07
<GCONST> 7.254798e+01
<MIXTURE> 10 7.202276e-02
<MEAN> 6
 -4.481134e+01 -6.826553e+01 5.356204e+01 -8.417372e+01 1.332627e+03 2.051934e+03
<VARIANCE> 6
 2.991693e+02 1.191264e+05 1.066334e+05 3.292318e+04 5.935111e+05 4.634445e+08
<GCONST> 8.364330e+01
<MIXTURE> 11 6.063714e-02
<MEAN> 6
 4.408638e+01 1.967082e+01 1.767816e+01 8.751394e+01 -3.222673e+02 -1.442403e+02
<VARIANCE> 6
 4.382893e+02 2.400056e+05 3.269765e+05 3.252694e+04 1.132625e+05 5.181961e+07
<GCONST> 8.198677e+01
<MIXTURE> 12 7.906549e-02
<MEAN> 6
 7.652116e+01 -4.487849e+01 -9.240469e+01 -3.990376e+00 -3.074939e+01 -2.132549e+02
<VARIANCE> 6
 1.260125e+02 2.879698e+04 1.691411e+05 2.998339e+02 4.032245e+04 5.181961e+07
<GCONST> 7.224133e+01
<MIXTURE> 13 7.843444e-02
<MEAN> 6
 -9.994938e+00 -8.537156e+01 1.089726e+02 5.439499e+01 3.196659e+02 -3.206388e+03
<VARIANCE> 6
 2.574151e+02 1.438856e+05 1.491929e+05 4.544599e+04 1.077511e+05 6.261398e+07
<GCONST> 8.063208e+01
<MIXTURE> 14 7.151680e-02
<MEAN> 6
 6.809830e+01 2.531722e+01 8.783108e+00 -5.017674e+01 -9.466398e+02 -5.400959e+02
<VARIANCE> 6
 2.076991e+02 1.390209e+05 1.045387e+05 2.872709e+04 2.549089e+05 8.752295e+07
<GCONST> 8.076471e+01
<MIXTURE> 15 5.679640e-02
<MEAN> 6
 3.862131e+01 -1.052286e+02 -3.644851e+01 5.802415e+01 -4.484337e+02 -8.880792e+02
<VARIANCE> 6
 4.757050e+02 3.604696e+05 2.667084e+05 4.874916e+04 1.705264e+05 5.305356e+07
<GCONST> 8.310904e+01
<TRANSP> 12
 0.000000e+00 1.000000e+00 0.000000e+00 0.000000e+00 0.000000e+00 0.000000e+00 0.000000e+00 0.000000e+00 0.000000e+00 0.000000e+00 0.000000e+00 0.000000e+00
 0.000000e+00 9.998978e-01 1.021909e-04 0.000000e+00 0.000000e+00 0.000000e+00 0.000000e+00 0.000000e+00 0.000000e+00 0.000000e+00 0.000000e+00 0.000000e+00
 0.000000e+00 0.000000e+00 9.976600e-01 2.340019e-03 0.000000e+00 0.000000e+00 0.000000e+00 0.000000e+00 0.000000e+00 0.000000e+00 0.000000e+00 0.000000e+00
 0.000000e+00 0.000000e+00 0.000000e+00 9.959702e-01 4.029745e-03 0.000000e+00 0.000000e+00 0.000000e+00 0.000000e+00 0.000000e+00 0.000000e+00 0.000000e+00
 0.000000e+00 0.000000e+00 0.000000e+00 0.000000e+00 9.975024e-01 2.497659e-03 0.000000e+00 0.000000e+00 0.000000e+00 0.000000e+00 0.000000e+00 0.000000e+00
 0.000000e+00 0.000000e+00 0.000000e+00 0.000000e+00 0.000000e+00 9.980617e-01 1.938280e-03 0.000000e+00 0.000000e+00 0.000000e+00 0.000000e+00 0.000000e+00
 0.000000e+00 0.000000e+00 0.000000e+00 0.000000e+00 0.000000e+00 0.000000e+00 9.992588e-01 7.412025e-04 0.000000e+00 0.000000e+00 0.000000e+00 0.000000e+00
 0.000000e+00 0.000000e+00 0.000000e+00 0.000000e+00 0.000000e+00 0.000000e+00 0.000000e+00 9.983395e-01 1.660479e-03 0.000000e+00 0.000000e+00 0.000000e+00
 0.000000e+00 0.000000e+00 0.000000e+00 0.000000e+00 0.000000e+00 0.000000e+00 0.000000e+00 0.000000e+00 9.974383e-01 2.561754e-03 0.000000e+00 0.000000e+00
 0.000000e+00 0.000000e+00 0.000000e+00 0.000000e+00 0.000000e+00 0.000000e+00 0.000000e+00 0.000000e+00 0.000000e+00 9.972131e-01 2.786945e-03 0.000000e+00
 0.000000e+00 0.000000e+00 0.000000e+00 0.000000e+00 0.000000e+00 0.000000e+00 0.000000e+00 0.000000e+00 0.000000e+00 0.000000e+00 9.999271e-01 7.286805e-05
 0.000000e+00 0.000000e+00 0.000000e+00 0.000000e+00 0.000000e+00 0.000000e+00 0.000000e+00 0.000000e+00 0.000000e+00 0.000000e+00 0.000000e+00 0.000000e+00
<ENDHMM>
