~o
<STREAMINFO> 1 6
<VECSIZE> 6<NULLD><USER><DIAGC>
~h "SegundoPRIMARIA"
<BEGINHMM>
<NUMSTATES> 15
<STATE> 2
<NUMMIXES> 13
<MIXTURE> 1 6.419056e-02
<MEAN> 6
 2.671484e+01 9.235286e+01 3.149778e+01 2.512814e+02 1.952874e+01 -2.598742e+03
<VARIANCE> 6
 7.746076e+02 1.121434e+05 3.982832e+04 6.027930e+03 2.749763e+05 8.303999e+07
<GCONST> 7.936292e+01
<MIXTURE> 2 3.592394e-02
<MEAN> 6
 7.503706e+01 5.009009e+01 9.055595e+01 -1.205970e+01 -1.010712e+03 7.463304e+03
<VARIANCE> 6
 3.493743e+03 7.017237e+05 6.476664e+05 7.734361e+04 8.099830e+06 5.571038e+09
<GCONST> 9.563263e+01
<MIXTURE> 3 6.754572e-02
<MEAN> 6
 8.848145e+01 -7.920436e+01 -7.742181e+01 -2.566060e+00 -2.443468e+01 -2.666169e+02
<VARIANCE> 6
 1.528322e+02 2.887224e+05 1.883266e+05 2.961554e+02 4.050157e+04 5.219723e+07
<GCONST> 7.484628e+01
<MIXTURE> 4 5.630097e-02
<MEAN> 6
 6.434361e+01 -3.632986e+00 2.588677e+02 -4.229914e+01 -5.804789e+02 -8.060375e+02
<VARIANCE> 6
 6.932239e+02 8.279572e+04 4.267449e+05 4.277667e+04 3.690110e+05 8.934741e+07
<GCONST> 8.364706e+01
<MIXTURE> 5 9.244993e-02
<MEAN> 6
 -4.534909e+01 -3.729288e+01 -4.773167e+00 -4.649059e+01 1.561668e+03 -2.610077e+03
<VARIANCE> 6
 3.086326e+02 1.893545e+05 1.157442e+05 3.857362e+04 8.611078e+05 5.747705e+08
<GCONST> 8.496571e+01
<MIXTURE> 6 8.329619e-02
<MEAN> 6
 9.055928e+01 -3.229630e+01 -8.254319e+00 3.863813e+01 -9.428240e+02 -3.478592e+03
<VARIANCE> 6
 4.885801e+02 2.044349e+05 6.589834e+04 3.382408e+04 1.505050e+06 7.107113e+08
<GCONST> 8.557767e+01
<MIXTURE> 7 7.512371e-02
<MEAN> 6
 6.497019e+01 -1.708470e+02 -2.475545e+02 8.869742e-01 -4.237531e+00 -1.139481e+02
<VARIANCE> 6
 5.433845e+01 2.342314e+05 8.383712e+04 2.961554e+02 4.050157e+04 5.219723e+07
<GCONST> 7.279371e+01
<MIXTURE> 8 1.015238e-01
<MEAN> 6
 -3.913720e+01 7.712897e+01 2.200380e+01 6.122052e+01 7.807425e+02 -4.185252e+02
<VARIANCE> 6
 2.327069e+02 7.680049e+04 3.399847e+04 1.670270e+04 1.840255e+05 5.219723e+07
<GCONST> 7.777678e+01
<MIXTURE> 9 9.573387e-02
<MEAN> 6
 1.434340e+01 -3.594983e+00 3.961802e+01 -3.010387e+02 -7.560530e+01 9.493048e+03
<VARIANCE> 6
 6.606499e+02 6.616445e+04 5.280000e+04 8.813107e+03 8.088840e+05 3.440420e+08
<GCONST> 8.183833e+01
<MIXTURE> 10 1.116997e-01
<MEAN> 6
 8.416621e+01 -1.617501e+01 2.012623e+01 -4.867186e+01 -7.543027e+02 -8.013261e+02
<VARIANCE> 6
 2.599565e+02 8.592405e+04 3.690608e+04 1.965781e+04 1.854378e+05 6.119353e+07
<GCONST> 7.841138e+01
<MIXTURE> 11 8.176992e-02
<MEAN> 6
 8.310662e+01 -5.572293e+01 -5.633355e+01 -1.522408e+00 -2.281609e+01 -3.354305e+02
<VARIANCE> 6
 2.329041e+02 6.777464e+04 5.179321e+04 2.961554e+02 4.050157e+04 5.219723e+07
<GCONST> 7.252737e+01
<MIXTURE> 12 7.018960e-02
<MEAN> 6
 -5.589291e+01 6.146119e+01 3.658284e+01 6.031021e+00 2.487677e+02 3.429830e+02
<VARIANCE> 6
 1.757102e+02 1.075693e+05 6.994117e+04 9.588674e+02 1.048089e+05 5.219723e+07
<GCONST> 7.513359e+01
<MIXTURE> 13 6.375070e-02
<MEAN> 6
 2.009593e+01 2.155273e+01 -1.497328e+01 2.567309e+02 3.561561e+01 -4.946457e+03
<VARIANCE> 6
 7.440541e+02 1.337590e+05 4.058280e+04 6.660624e+03 2.745792e+05 8.578812e+07
<GCONST> 7.964862e+01
<STATE> 3
<NUMMIXES> 13
<MIXTURE> 1 1.072446e-01
<MEAN> 6
 1.027050e+02 -5.721630e+01 -1.146161e+02 -9.618961e+00 -1.407447e+02 1.055077e+04
<VARIANCE> 6
 6.551129e+01 5.796839e+05 2.127207e+05 1.621357e+03 1.171881e+06 8.606870e+08
<GCONST> 8.268584e+01
<MIXTURE> 2 3.540295e-02
<MEAN> 6
 9.647103e+01 1.529109e+02 -2.383963e+02 2.742956e+01 1.011052e+02 -8.340788e+03
<VARIANCE> 6
 3.128982e+01 2.703243e+04 1.353773e+04 2.961554e+02 1.785618e+05 7.153474e+07
<GCONST> 7.005785e+01
<MIXTURE> 3 5.829722e-02
<MEAN> 6
 1.007852e+02 1.373970e+02 1.362669e+01 -1.829004e+00 -2.507916e+01 2.747202e+02
<VARIANCE> 6
 3.128982e+01 1.293270e+04 1.353773e+04 2.961554e+02 4.050157e+04 5.219723e+07
<GCONST> 6.752183e+01
<MIXTURE> 4 8.211377e-02
<MEAN> 6
 9.096807e+01 2.296518e+02 -4.357685e+02 1.981462e+00 4.184433e+01 -1.220306e+02
<VARIANCE> 6
 3.652771e+01 1.960277e+04 1.353773e+04 2.961554e+02 4.050157e+04 5.219723e+07
<GCONST> 6.809251e+01
<MIXTURE> 5 9.752212e-02
<MEAN> 6
 1.058419e+02 -3.629946e+00 -2.821696e+02 -2.060867e+00 -1.393589e+01 2.172105e+02
<VARIANCE> 6
 3.128982e+01 1.293270e+04 1.353773e+04 2.961554e+02 4.050157e+04 5.219723e+07
<GCONST> 6.752183e+01
<MIXTURE> 6 3.900077e-02
<MEAN> 6
 9.234034e+01 7.544557e+02 -1.103571e+02 1.669318e+01 -6.313965e+00 -3.301002e+02
<VARIANCE> 6
 3.128982e+01 1.570846e+04 1.353773e+04 6.551350e+02 4.050157e+04 5.219723e+07
<GCONST> 6.851022e+01
<MIXTURE> 7 9.781677e-02
<MEAN> 6
 9.612627e+01 1.787705e+00 -4.445177e+02 -1.579226e+00 -3.997971e+00 -8.008832e+01
<VARIANCE> 6
 3.128982e+01 1.293270e+04 1.353773e+04 2.961554e+02 4.050157e+04 5.219723e+07
<GCONST> 6.752183e+01
<MIXTURE> 8 6.350232e-03
<MEAN> 6
 6.901104e+01 -1.223478e+02 -2.486338e+03 8.492749e+01 -5.368970e+02 1.231179e+03
<VARIANCE> 6
 5.104067e+01 2.065415e+04 6.418277e+05 1.780450e+03 4.110762e+04 5.219723e+07
<GCONST> 7.414674e+01
<MIXTURE> 9 1.002642e-01
<MEAN> 6
 9.567506e+01 3.180974e+02 -1.817666e+02 -4.981956e+00 -2.881215e+01 1.013162e+03
<VARIANCE> 6
 3.128982e+01 5.114900e+04 1.353773e+04 2.961554e+02 4.050157e+04 5.219723e+07
<GCONST> 6.889681e+01
<MIXTURE> 10 1.043898e-01
<MEAN> 6
 9.526789e+01 -1.430218e+01 -4.367373e+02 -1.929941e+00 -3.207287e+00 -7.398229e+01
<VARIANCE> 6
 3.128982e+01 1.293270e+04 1.353773e+04 2.961554e+02 4.050157e+04 5.219723e+07
<GCONST> 6.752183e+01
<MIXTURE> 11 1.162412e-01
<MEAN> 6
 9.374914e+01 1.175488e+02 -1.469610e+02 -6.043081e+00 2.213296e+01 6.252215e+02
<VARIANCE> 6
 3.128982e+01 1.293270e+04 1.353773e+04 2.961554e+02 4.050157e+04 5.219723e+07
<GCONST> 6.752183e+01
<MIXTURE> 12 9.726512e-02
<MEAN> 6
 9.791045e+01 5.779296e+02 -1.809331e+02 -9.592502e-01 -4.889925e+01 6.180869e+02
<VARIANCE> 6
 3.128982e+01 1.582192e+04 1.353773e+04 2.961554e+02 4.050157e+04 5.219723e+07
<GCONST> 6.772346e+01
<MIXTURE> 13 5.807786e-02
<MEAN> 6
 1.003239e+02 1.189795e+02 -6.743713e+00 -3.473128e+00 -1.566865e+01 4.809305e+02
<VARIANCE> 6
 3.128982e+01 1.293270e+04 1.353773e+04 2.961554e+02 4.050157e+04 5.219723e+07
<GCONST> 6.752183e+01
<STATE> 4
<NUMMIXES> 13
<MIXTURE> 1 1.238674e-01
<MEAN> 6
 8.655199e+01 4.105257e+01 4.221956e+02 8.332014e+01 -2.754538e+02 -8.040546e+02
<VARIANCE> 6
 5.589894e+02 1.788210e+05 3.168726e+04 2.101565e+03 3.667122e+05 1.804533e+08
<GCONST> 7.928496e+01
<MIXTURE> 2 1.030264e-01
<MEAN> 6
 6.801279e+01 3.811979e+01 -7.644920e+02 -6.158389e-01 -1.370979e+01 -3.486811e+02
<VARIANCE> 6
 3.128982e+01 1.293270e+04 1.353773e+04 2.961554e+02 4.050157e+04 5.219723e+07
<GCONST> 6.752183e+01
<MIXTURE> 3 8.780074e-03
<MEAN> 6
 6.882362e+01 3.320246e+01 -1.587617e+03 4.454969e+00 1.646275e+02 -1.317715e+03
<VARIANCE> 6
 3.128982e+01 1.293270e+04 5.050580e+04 2.961554e+02 4.050157e+04 5.219723e+07
<GCONST> 6.883843e+01
<MIXTURE> 4 9.388773e-02
<MEAN> 6
 7.564085e+01 -2.812562e+02 -1.028293e+03 -6.968426e-01 1.047575e+00 -1.713622e+01
<VARIANCE> 6
 3.128982e+01 1.293270e+04 1.353773e+04 2.961554e+02 4.050157e+04 5.219723e+07
<GCONST> 6.752183e+01
<MIXTURE> 5 7.284803e-02
<MEAN> 6
 6.762921e+01 -1.508728e+01 -9.494528e+02 -5.504122e-01 -5.046340e+00 -1.189516e+02
<VARIANCE> 6
 3.128982e+01 1.293270e+04 1.353773e+04 2.961554e+02 4.050157e+04 5.219723e+07
<GCONST> 6.752183e+01
<MIXTURE> 6 7.316803e-02
<MEAN> 6
 7.227698e+01 3.217588e+01 -1.093474e+03 -3.008343e+00 -6.715640e+00 9.801952e+00
<VARIANCE> 6
 3.128982e+01 1.293270e+04 1.353773e+04 2.961554e+02 4.050157e+04 5.219723e+07
<GCONST> 6.752183e+01
<MIXTURE> 7 1.416030e-02
<MEAN> 6
 5.074436e+01 -2.406972e+02 -9.214211e+02 5.358569e+01 8.875113e-01 -3.402677e+03
<VARIANCE> 6
 3.128982e+01 2.094982e+04 1.353773e+04 2.961554e+02 6.326245e+04 5.219723e+07
<GCONST> 6.845015e+01
<MIXTURE> 8 9.340635e-02
<MEAN> 6
 7.564085e+01 -2.812563e+02 -1.028293e+03 -6.968443e-01 1.047559e+00 -1.713594e+01
<VARIANCE> 6
 3.128982e+01 1.293270e+04 1.353773e+04 2.961554e+02 4.050157e+04 5.219723e+07
<GCONST> 6.752183e+01
<MIXTURE> 9 1.128166e-01
<MEAN> 6
 6.774961e+01 -2.009876e+00 -9.185501e+02 -4.938755e-01 -6.140952e+00 -1.465315e+02
<VARIANCE> 6
 3.128982e+01 1.293270e+04 1.353773e+04 2.961554e+02 4.050157e+04 5.219723e+07
<GCONST> 6.752183e+01
<MIXTURE> 10 7.651092e-02
<MEAN> 6
 6.785780e+01 -6.988526e+00 -9.434182e+02 -6.210906e-01 -4.570977e+00 -1.187649e+02
<VARIANCE> 6
 3.128982e+01 1.293270e+04 1.353773e+04 2.961554e+02 4.050157e+04 5.219723e+07
<GCONST> 6.752183e+01
<MIXTURE> 11 7.325020e-02
<MEAN> 6
 7.183235e+01 2.864025e+01 -1.087526e+03 -2.715888e+00 -5.362969e+00 3.676688e+00
<VARIANCE> 6
 3.128982e+01 1.293270e+04 1.353773e+04 2.961554e+02 4.050157e+04 5.219723e+07
<GCONST> 6.752183e+01
<MIXTURE> 12 7.809000e-02
<MEAN> 6
 6.706440e+01 -3.781492e+01 -9.649777e+02 -3.964234e-01 -5.976571e+00 -1.120468e+02
<VARIANCE> 6
 3.128982e+01 1.293270e+04 1.353773e+04 2.961554e+02 4.050157e+04 5.219723e+07
<GCONST> 6.752183e+01
<MIXTURE> 13 7.618109e-02
<MEAN> 6
 6.669736e+01 -5.088771e+01 -9.717249e+02 -2.994899e-01 -6.684202e+00 -1.080483e+02
<VARIANCE> 6
 3.128982e+01 1.293270e+04 1.353773e+04 2.961554e+02 4.050157e+04 5.219723e+07
<GCONST> 6.752183e+01
<STATE> 5
<NUMMIXES> 13
<MIXTURE> 1 8.676614e-02
<MEAN> 6
 7.938246e+01 1.484949e+03 4.543459e+02 -1.512646e+00 -4.771272e+00 -1.810934e+02
<VARIANCE> 6
 3.128982e+01 1.560945e+04 1.353773e+04 2.961554e+02 4.050157e+04 5.219723e+07
<GCONST> 6.770995e+01
<MIXTURE> 2 1.076967e-01
<MEAN> 6
 7.600885e+01 2.013925e+02 -1.381542e+03 1.983176e+00 2.008977e+01 2.421572e+01
<VARIANCE> 6
 3.128982e+01 1.293270e+04 1.353773e+04 2.961554e+02 4.050157e+04 5.219723e+07
<GCONST> 6.752183e+01
<MIXTURE> 3 6.274820e-02
<MEAN> 6
 7.588067e+01 2.865679e+03 4.604326e+02 -1.333809e+00 -9.178155e+00 -1.133431e+02
<VARIANCE> 6
 3.128982e+01 1.293270e+04 1.353773e+04 2.961554e+02 4.050157e+04 5.219723e+07
<GCONST> 6.752183e+01
<MIXTURE> 4 7.961588e-02
<MEAN> 6
 8.193484e+01 1.787266e+02 -2.354643e+03 3.050636e-01 -1.315263e+00 -5.645808e+00
<VARIANCE> 6
 3.128982e+01 1.293270e+04 1.353773e+04 2.961554e+02 4.050157e+04 5.219723e+07
<GCONST> 6.752183e+01
<MIXTURE> 5 4.653093e-02
<MEAN> 6
 1.006878e+02 8.098213e+02 3.325514e+02 -5.447885e+00 -4.976018e+00 6.934011e+01
<VARIANCE> 6
 3.128982e+01 1.293270e+04 1.353773e+04 2.961554e+02 4.050157e+04 5.219723e+07
<GCONST> 6.752183e+01
<MIXTURE> 6 1.069232e-01
<MEAN> 6
 7.895891e+01 2.617917e+03 -2.104686e+02 -1.373920e+00 3.230395e-01 -1.000792e+02
<VARIANCE> 6
 3.128982e+01 7.750980e+04 1.353773e+04 2.961554e+02 4.050157e+04 5.219723e+07
<GCONST> 6.931247e+01
<MIXTURE> 7 1.147015e-01
<MEAN> 6
 8.423991e+01 1.049283e+03 2.840951e+02 -1.067468e+00 -1.536959e+00 -1.707241e+02
<VARIANCE> 6
 3.128982e+01 1.293270e+04 1.353773e+04 2.961554e+02 4.050157e+04 5.219723e+07
<GCONST> 6.752183e+01
<MIXTURE> 8 1.051052e-01
<MEAN> 6
 7.711886e+01 3.351895e+01 -1.937943e+03 -6.379089e-01 -1.787051e+01 -1.741072e+02
<VARIANCE> 6
 3.128982e+01 1.293270e+04 1.060855e+05 2.961554e+02 4.050157e+04 5.219723e+07
<GCONST> 6.958059e+01
<MIXTURE> 9 5.420576e-02
<MEAN> 6
 8.845956e+01 8.934941e+02 2.323074e+02 -1.879681e+00 3.557602e-01 -1.815632e+01
<VARIANCE> 6
 3.128982e+01 1.293270e+04 1.353773e+04 2.961554e+02 4.050157e+04 5.219723e+07
<GCONST> 6.752183e+01
<MIXTURE> 10 3.952668e-02
<MEAN> 6
 8.889235e+01 3.713054e+02 4.059009e+02 -4.165486e+00 -1.020144e+01 4.705087e+02
<VARIANCE> 6
 3.128982e+01 2.349829e+05 1.636083e+04 2.961554e+02 4.050157e+04 5.219723e+07
<GCONST> 7.061098e+01
<MIXTURE> 11 8.005643e-02
<MEAN> 6
 8.190889e+01 1.343108e+02 -2.305937e+03 6.556424e-02 -3.797341e+00 -3.120490e+01
<VARIANCE> 6
 3.128982e+01 1.293270e+04 1.353773e+04 2.961554e+02 4.050157e+04 5.219723e+07
<GCONST> 6.752183e+01
<MIXTURE> 12 6.151590e-02
<MEAN> 6
 7.587695e+01 2.865039e+03 4.602118e+02 -1.344178e+00 -9.381633e+00 -1.156321e+02
<VARIANCE> 6
 3.128982e+01 1.293270e+04 1.353773e+04 2.961554e+02 4.050157e+04 5.219723e+07
<GCONST> 6.752183e+01
<MIXTURE> 13 5.460558e-02
<MEAN> 6
 8.861080e+01 8.823271e+02 2.259373e+02 -1.765261e+00 9.927169e-01 -2.003524e+01
<VARIANCE> 6
 3.128982e+01 1.293270e+04 1.353773e+04 2.961554e+02 4.050157e+04 5.219723e+07
<GCONST> 6.752183e+01
<STATE> 6
<NUMMIXES> 13
<MIXTURE> 1 6.830914e-02
<MEAN> 6
 1.209545e+02 1.883734e+03 1.203032e+03 -1.639162e+00 1.514391e+00 -1.227651e+01
<VARIANCE> 6
 3.128982e+01 5.606223e+04 3.622998e+04 2.961554e+02 4.050157e+04 5.219723e+07
<GCONST> 6.997294e+01
<MIXTURE> 2 7.028321e-02
<MEAN> 6
 6.912707e+01 1.200482e+03 7.340704e+02 5.225145e-01 8.672518e+00 -4.843009e+01
<VARIANCE> 6
 3.128982e+01 1.456070e+04 1.353773e+04 2.961554e+02 4.050157e+04 5.219723e+07
<GCONST> 6.764040e+01
<MIXTURE> 3 8.605406e-02
<MEAN> 6
 7.544376e+01 -9.563694e+02 -1.661035e+02 -2.781490e+00 1.791458e+01 6.504986e+02
<VARIANCE> 6
 3.128982e+01 3.845938e+04 3.721168e+04 2.961554e+02 4.050157e+04 5.219723e+07
<GCONST> 6.962281e+01
<MIXTURE> 4 1.242229e-01
<MEAN> 6
 1.234973e+02 2.474522e+03 1.993510e+02 -6.605602e+00 5.716949e+00 2.183117e+01
<VARIANCE> 6
 3.128982e+01 3.898651e+04 1.353773e+04 2.961554e+02 4.050157e+04 5.219723e+07
<GCONST> 6.862528e+01
<MIXTURE> 5 4.361825e-02
<MEAN> 6
 7.340318e+01 -2.837321e+01 6.210642e+02 8.424392e-01 1.402951e+01 4.478920e+02
<VARIANCE> 6
 3.128982e+01 1.293270e+04 1.353773e+04 2.961554e+02 4.050157e+04 5.219723e+07
<GCONST> 6.752183e+01
<MIXTURE> 6 5.169645e-02
<MEAN> 6
 6.528266e+01 -9.635961e+02 6.309553e+02 1.540427e-02 2.152418e+01 5.172312e+01
<VARIANCE> 6
 3.128982e+01 1.293270e+04 2.174300e+04 2.961554e+02 4.050157e+04 5.219723e+07
<GCONST> 6.799564e+01
<MIXTURE> 7 9.056141e-02
<MEAN> 6
 7.073641e+01 8.903383e+02 6.766869e+02 5.587680e-01 -2.266323e-01 -7.713711e+01
<VARIANCE> 6
 3.128982e+01 1.293270e+04 1.353773e+04 2.961554e+02 4.050157e+04 5.219723e+07
<GCONST> 6.752183e+01
<MIXTURE> 8 3.543853e-02
<MEAN> 6
 1.309430e+02 1.198913e+03 1.313096e+02 -1.971120e+01 1.262229e+02 2.667300e+03
<VARIANCE> 6
 1.005418e+02 1.802297e+05 1.353773e+04 2.611997e+03 3.817112e+05 1.776435e+08
<GCONST> 7.696864e+01
<MIXTURE> 9 9.232587e-02
<MEAN> 6
 7.417146e+01 -1.068344e+03 3.103593e+02 1.603103e+00 2.255878e+01 -5.478409e+02
<VARIANCE> 6
 3.128982e+01 1.293270e+04 8.975479e+04 2.961554e+02 4.050157e+04 5.219723e+07
<GCONST> 6.941342e+01
<MIXTURE> 10 8.825529e-02
<MEAN> 6
 1.329999e+02 1.136820e+03 2.140419e+02 -5.538240e+00 -7.760015e+01 3.444023e+02
<VARIANCE> 6
 3.914271e+01 1.855436e+05 1.999690e+04 2.961554e+02 4.050157e+04 5.219723e+07
<GCONST> 7.079938e+01
<MIXTURE> 11 8.132522e-02
<MEAN> 6
 7.136032e+01 7.903411e+02 6.421291e+02 6.670010e-01 -1.019901e+01 -1.784672e+02
<VARIANCE> 6
 3.128982e+01 1.293270e+04 1.353773e+04 2.961554e+02 4.050157e+04 5.219723e+07
<GCONST> 6.752183e+01
<MIXTURE> 12 1.007493e-01
<MEAN> 6
 7.382168e+01 -1.042074e+03 2.371616e+02 9.126894e-01 4.250626e+00 -1.928443e+02
<VARIANCE> 6
 3.128982e+01 1.293270e+04 5.178047e+04 2.961554e+02 4.050157e+04 5.219723e+07
<GCONST> 6.886336e+01
<MIXTURE> 13 6.715775e-02
<MEAN> 6
 1.215158e+02 1.836826e+03 1.094180e+03 -3.515907e+00 1.517563e+01 3.057276e+01
<VARIANCE> 6
 3.128982e+01 5.649136e+04 7.571703e+04 2.961554e+02 4.050157e+04 5.219723e+07
<GCONST> 7.071767e+01
<STATE> 7
<NUMMIXES> 13
<MIXTURE> 1 7.854671e-02
<MEAN> 6
 9.278072e+01 1.028872e+03 1.184166e+03 -3.767229e+00 6.557114e-01 9.936069e+01
<VARIANCE> 6
 3.128982e+01 2.059677e+04 1.353773e+04 2.961554e+02 4.050157e+04 5.219723e+07
<GCONST> 6.798720e+01
<MIXTURE> 2 7.829484e-02
<MEAN> 6
 9.706725e+01 -6.376199e+02 5.666545e+02 -2.668286e-01 -1.288211e+00 -1.474474e+02
<VARIANCE> 6
 3.128982e+01 1.293270e+04 1.353773e+04 2.961554e+02 4.050157e+04 5.219723e+07
<GCONST> 6.752183e+01
<MIXTURE> 3 8.549791e-02
<MEAN> 6
 9.049699e+01 -1.364260e+03 8.050795e+02 -1.417214e-01 -5.370762e-01 -2.455143e+02
<VARIANCE> 6
 3.128982e+01 1.293270e+04 1.353773e+04 2.961554e+02 4.050157e+04 5.219723e+07
<GCONST> 6.752183e+01
<MIXTURE> 4 9.226076e-02
<MEAN> 6
 8.311246e+01 6.352552e+02 1.057338e+03 -5.774086e+00 1.759353e+00 1.233272e+00
<VARIANCE> 6
 3.128982e+01 1.293270e+04 1.353773e+04 2.961554e+02 4.050157e+04 5.219723e+07
<GCONST> 6.752183e+01
<MIXTURE> 5 1.102610e-01
<MEAN> 6
 9.073929e+01 -8.172504e+01 4.331929e+02 1.739165e+00 -3.490232e+01 1.610313e+02
<VARIANCE> 6
 3.128982e+01 4.464400e+04 1.353773e+04 2.961554e+02 4.050157e+04 5.219723e+07
<GCONST> 6.876079e+01
<MIXTURE> 6 8.710189e-02
<MEAN> 6
 7.522524e+01 4.244165e+02 8.537274e+02 -1.915075e+00 1.049658e+00 1.337624e+00
<VARIANCE> 6
 3.128982e+01 1.293270e+04 1.353773e+04 2.961554e+02 4.050157e+04 5.219723e+07
<GCONST> 6.752183e+01
<MIXTURE> 7 5.965271e-03
<MEAN> 6
 9.216621e+01 -2.517409e+02 -2.139465e+01 5.338182e+00 -2.224493e+02 -7.333641e+02
<VARIANCE> 6
 2.977209e+02 1.051451e+06 4.305163e+05 3.584475e+02 6.542860e+04 7.299721e+07
<GCONST> 7.863827e+01
<MIXTURE> 8 5.871832e-02
<MEAN> 6
 8.160999e+01 -6.208001e+02 4.051643e+02 -7.087986e+00 1.522656e+01 2.347265e+02
<VARIANCE> 6
 3.128982e+01 4.421393e+04 1.353773e+04 2.961554e+02 4.050157e+04 5.219723e+07
<GCONST> 6.875111e+01
<MIXTURE> 9 6.440391e-02
<MEAN> 6
 7.292855e+01 3.351213e+02 6.919006e+02 -1.673717e+00 -8.201613e+00 -1.009140e+02
<VARIANCE> 6
 3.128982e+01 1.293270e+04 1.353773e+04 2.961554e+02 4.050157e+04 5.219723e+07
<GCONST> 6.752183e+01
<MIXTURE> 10 9.022115e-02
<MEAN> 6
 9.023398e+01 -1.440949e+03 8.479750e+02 -1.631687e-01 2.566211e+00 3.369732e+01
<VARIANCE> 6
 3.128982e+01 1.293270e+04 1.353773e+04 2.961554e+02 4.050157e+04 5.219723e+07
<GCONST> 6.752183e+01
<MIXTURE> 11 1.079143e-01
<MEAN> 6
 9.726685e+01 -5.704926e+02 2.173708e+02 -2.072235e+00 -3.643940e+01 5.662391e+02
<VARIANCE> 6
 3.128982e+01 1.293270e+04 1.353773e+04 2.961554e+02 4.050157e+04 5.219723e+07
<GCONST> 6.752183e+01
<MIXTURE> 12 7.881866e-02
<MEAN> 6
 9.705930e+01 -6.371951e+02 5.651694e+02 -2.853629e-01 -1.305827e+00 -1.438531e+02
<VARIANCE> 6
 3.128982e+01 1.293270e+04 1.353773e+04 2.961554e+02 4.050157e+04 5.219723e+07
<GCONST> 6.752183e+01
<MIXTURE> 13 6.198195e-02
<MEAN> 6
 7.247763e+01 3.219561e+02 6.427349e+02 -2.849175e+00 -2.060662e+01 -2.357025e+02
<VARIANCE> 6
 3.128982e+01 1.293270e+04 1.353773e+04 2.961554e+02 4.050157e+04 5.219723e+07
<GCONST> 6.752183e+01
<STATE> 8
<NUMMIXES> 13
<MIXTURE> 1 1.170061e-01
<MEAN> 6
 1.236599e+02 2.518797e+02 2.262673e+02 -5.288533e+00 -8.333473e+00 1.736645e+02
<VARIANCE> 6
 3.128982e+01 4.153323e+04 1.353773e+04 2.961554e+02 4.050157e+04 5.219723e+07
<GCONST> 6.868856e+01
<MIXTURE> 2 6.156129e-02
<MEAN> 6
 1.095971e+02 2.120136e+01 2.976284e+02 -3.289449e+00 6.071020e+00 1.517462e+02
<VARIANCE> 6
 3.128982e+01 1.293270e+04 1.926029e+04 2.961554e+02 4.050157e+04 5.219723e+07
<GCONST> 6.787439e+01
<MIXTURE> 3 7.549655e-02
<MEAN> 6
 1.029674e+02 -3.371407e+02 1.581192e+02 -3.963388e+00 -1.133664e+01 2.323951e+02
<VARIANCE> 6
 3.128982e+01 1.293270e+04 1.353773e+04 2.961554e+02 4.050157e+04 5.219723e+07
<GCONST> 6.752183e+01
<MIXTURE> 4 3.104009e-02
<MEAN> 6
 1.309319e+02 -1.852823e+03 5.767247e+01 -3.865810e+01 -3.429678e+01 7.172874e+02
<VARIANCE> 6
 2.663034e+02 7.825756e+05 5.167261e+04 2.961554e+02 4.050157e+04 5.219723e+07
<GCONST> 7.510545e+01
<MIXTURE> 5 7.419623e-02
<MEAN> 6
 8.767866e+01 -3.529733e+02 1.145935e+02 -4.715390e+00 1.264669e+01 3.583251e+01
<VARIANCE> 6
 3.128982e+01 1.293270e+04 1.353773e+04 2.961554e+02 4.050157e+04 5.219723e+07
<GCONST> 6.752183e+01
<MIXTURE> 6 9.346539e-02
<MEAN> 6
 1.107252e+02 -7.769062e+02 2.026024e+02 -3.821950e+00 -1.725629e+01 -1.652974e+02
<VARIANCE> 6
 3.188325e+01 3.437946e+04 1.681707e+04 2.961554e+02 4.050157e+04 5.219723e+07
<GCONST> 6.873523e+01
<MIXTURE> 7 6.358931e-02
<MEAN> 6
 9.442984e+01 1.317157e+02 1.732432e+02 -3.683295e+00 1.451791e+00 1.962522e+01
<VARIANCE> 6
 3.128982e+01 1.293270e+04 1.353773e+04 2.961554e+02 4.050157e+04 5.219723e+07
<GCONST> 6.752183e+01
<MIXTURE> 8 1.181575e-01
<MEAN> 6
 9.415099e+01 -1.277456e+02 9.389087e+01 -1.694440e+00 -4.634697e+00 -6.308258e+01
<VARIANCE> 6
 3.128982e+01 1.293270e+04 1.353773e+04 2.961554e+02 4.050157e+04 5.219723e+07
<GCONST> 6.752183e+01
<MIXTURE> 9 1.148844e-01
<MEAN> 6
 9.459589e+01 -8.433031e+01 9.454288e+01 -1.556183e+00 -7.875954e+00 -6.126858e+01
<VARIANCE> 6
 3.128982e+01 1.293270e+04 1.353773e+04 2.961554e+02 4.050157e+04 5.219723e+07
<GCONST> 6.752183e+01
<MIXTURE> 10 4.729979e-02
<MEAN> 6
 1.205179e+02 -1.096443e+03 6.061758e+01 -8.492139e+00 2.395972e+01 -3.279218e+02
<VARIANCE> 6
 4.377219e+01 4.094958e+04 1.353773e+04 2.961554e+02 4.050157e+04 5.219723e+07
<GCONST> 6.901012e+01
<MIXTURE> 11 7.364868e-02
<MEAN> 6
 8.739665e+01 -3.628213e+02 1.143297e+02 -4.399188e+00 1.433586e+01 1.532129e+01
<VARIANCE> 6
 3.128982e+01 1.293270e+04 1.353773e+04 2.961554e+02 4.050157e+04 5.219723e+07
<GCONST> 6.752183e+01
<MIXTURE> 12 6.296656e-02
<MEAN> 6
 9.454264e+01 1.205466e+02 1.682823e+02 -3.550657e+00 2.612556e-01 1.312847e+01
<VARIANCE> 6
 3.128982e+01 1.293270e+04 1.353773e+04 2.961554e+02 4.050157e+04 5.219723e+07
<GCONST> 6.752183e+01
<MIXTURE> 13 6.666123e-02
<MEAN> 6
 1.097727e+02 -1.608299e+01 2.231863e+02 -5.076461e+00 1.199209e+00 1.743545e+02
<VARIANCE> 6
 3.128982e+01 1.293270e+04 1.353773e+04 2.961554e+02 4.050157e+04 5.219723e+07
<GCONST> 6.752183e+01
<STATE> 9
<NUMMIXES> 13
<MIXTURE> 1 6.613261e-02
<MEAN> 6
 9.697308e+01 1.598144e+03 -2.390784e+02 -3.262823e+00 1.657488e+00 -8.627337e+01
<VARIANCE> 6
 3.128982e+01 1.731751e+05 1.353773e+04 2.961554e+02 4.050157e+04 5.219723e+07
<GCONST> 7.011637e+01
<MIXTURE> 2 1.041649e-01
<MEAN> 6
 9.001852e+01 -5.753999e+02 -2.656882e+02 -3.603437e+00 -3.715003e+00 1.092775e+02
<VARIANCE> 6
 3.128982e+01 1.293270e+04 2.833907e+04 2.961554e+02 4.050157e+04 5.219723e+07
<GCONST> 6.826058e+01
<MIXTURE> 3 5.354029e-02
<MEAN> 6
 9.604092e+01 -1.963921e+03 -2.312918e+02 -5.045652e+00 -1.374557e+01 -3.391088e+02
<VARIANCE> 6
 3.128982e+01 8.190069e+04 1.353773e+04 2.961554e+02 4.050157e+04 5.219723e+07
<GCONST> 6.936758e+01
<MIXTURE> 4 6.743565e-02
<MEAN> 6
 8.699829e+01 -1.270413e+03 -4.074900e+02 -3.712909e+00 -1.104062e+01 9.964174e+01
<VARIANCE> 6
 3.128982e+01 4.242815e+04 1.353773e+04 2.961554e+02 4.050157e+04 5.219723e+07
<GCONST> 6.870988e+01
<MIXTURE> 5 1.220382e-01
<MEAN> 6
 1.034885e+02 -6.905282e+02 -1.249397e+02 -3.328638e+00 -2.648332e+00 5.012601e+01
<VARIANCE> 6
 6.179455e+01 1.293270e+04 1.353773e+04 2.961554e+02 4.050157e+04 5.219723e+07
<GCONST> 6.820235e+01
<MIXTURE> 6 6.453186e-02
<MEAN> 6
 1.055680e+02 1.035398e+03 -3.835664e+02 -4.889284e+00 -1.473471e+01 5.008427e+02
<VARIANCE> 6
 3.128982e+01 1.609093e+04 1.975255e+04 2.961554e+02 4.050157e+04 5.219723e+07
<GCONST> 6.811813e+01
<MIXTURE> 7 6.713135e-02
<MEAN> 6
 9.887155e+01 -3.495745e+03 -1.277898e+01 -3.956759e+00 2.099380e+01 -7.036686e-01
<VARIANCE> 6
 3.128982e+01 1.267054e+05 1.353773e+04 2.961554e+02 4.050157e+04 5.219723e+07
<GCONST> 6.980393e+01
<MIXTURE> 8 7.130856e-02
<MEAN> 6
 1.004372e+02 -8.482522e+02 -7.681555e+01 -2.001721e+00 -3.274940e+00 -2.110015e+01
<VARIANCE> 6
 3.128982e+01 1.654094e+04 1.353773e+04 2.961554e+02 4.050157e+04 5.219723e+07
<GCONST> 6.776791e+01
<MIXTURE> 9 9.342897e-02
<MEAN> 6
 9.901491e+01 1.508872e+03 -2.447283e+02 -5.102714e+00 8.574887e+00 8.757071e+00
<VARIANCE> 6
 3.128982e+01 3.251502e+04 1.353773e+04 2.961554e+02 4.050157e+04 5.219723e+07
<GCONST> 6.844377e+01
<MIXTURE> 10 9.131964e-02
<MEAN> 6
 1.029266e+02 -2.897999e+03 -2.453484e+02 -1.610679e+00 -1.341680e+01 -2.670776e+02
<VARIANCE> 6
 3.128982e+01 7.330169e+04 1.353773e+04 2.961554e+02 4.050157e+04 5.219723e+07
<GCONST> 6.925665e+01
<MIXTURE> 11 7.013848e-02
<MEAN> 6
 1.007436e+02 -8.992976e+02 -1.038787e+02 -1.942381e+00 -5.869403e-01 6.068087e+00
<VARIANCE> 6
 3.128982e+01 1.393052e+04 1.360328e+04 2.961554e+02 4.050157e+04 5.219723e+07
<GCONST> 6.760098e+01
<MIXTURE> 12 6.930008e-02
<MEAN> 6
 9.910830e+01 -4.002985e+03 1.380195e+01 -2.597656e+00 3.615670e+00 -3.308876e+01
<VARIANCE> 6
 3.128982e+01 2.006669e+04 1.353773e+04 2.961554e+02 4.050157e+04 5.219723e+07
<GCONST> 6.796113e+01
<MIXTURE> 13 5.952373e-02
<MEAN> 6
 1.061194e+02 9.214922e+02 -4.002751e+02 -4.741416e+00 -3.151499e+01 -2.693188e+02
<VARIANCE> 6
 3.128982e+01 5.631072e+04 1.353773e+04 2.961554e+02 4.050157e+04 5.219723e+07
<GCONST> 6.899295e+01
<STATE> 10
<NUMMIXES> 13
<MIXTURE> 1 7.390003e-02
<MEAN> 6
 7.251450e+01 1.760772e+02 -2.570821e+02 -6.684612e-01 2.594216e+00 -5.750988e+01
<VARIANCE> 6
 3.128982e+01 1.293270e+04 2.211524e+04 2.961554e+02 4.050157e+04 5.219723e+07
<GCONST> 6.801261e+01
<MIXTURE> 2 2.019232e-03
<MEAN> 6
 8.598708e+01 -7.056768e+01 1.922824e+02 -3.746548e+00 -1.730531e+02 -4.481418e+03
<VARIANCE> 6
 3.300558e+02 2.021447e+06 7.085350e+05 3.204519e+02 1.009993e+05 5.559058e+07
<GCONST> 7.994293e+01
<MIXTURE> 3 7.635961e-02
<MEAN> 6
 7.857334e+01 -3.363766e+02 -4.660569e+02 2.089393e+00 -1.179686e+01 -3.085196e+02
<VARIANCE> 6
 3.128982e+01 1.924083e+04 1.353773e+04 2.961554e+02 4.050157e+04 5.219723e+07
<GCONST> 6.791911e+01
<MIXTURE> 4 5.766772e-02
<MEAN> 6
 7.405724e+01 9.451295e+01 -3.802597e+02 -1.138935e+00 -3.809453e+00 -5.424620e+01
<VARIANCE> 6
 3.128982e+01 1.293270e+04 1.353773e+04 2.961554e+02 4.050157e+04 5.219723e+07
<GCONST> 6.752183e+01
<MIXTURE> 5 9.733179e-02
<MEAN> 6
 7.203713e+01 -4.271599e+02 -7.517389e+02 -1.079816e+00 -7.025601e+00 -3.516672e+01
<VARIANCE> 6
 3.128982e+01 1.293270e+04 1.353773e+04 2.961554e+02 4.050157e+04 5.219723e+07
<GCONST> 6.752183e+01
<MIXTURE> 6 1.086344e-01
<MEAN> 6
 7.413945e+01 9.056656e+01 -3.825071e+02 -1.182067e+00 -4.002064e+00 -5.504868e+01
<VARIANCE> 6
 3.128982e+01 1.293270e+04 1.353773e+04 2.961554e+02 4.050157e+04 5.219723e+07
<GCONST> 6.752183e+01
<MIXTURE> 7 1.034568e-01
<MEAN> 6
 7.425615e+01 8.645235e+01 -3.840260e+02 -1.254677e+00 -4.298735e+00 -5.392917e+01
<VARIANCE> 6
 3.128982e+01 1.293270e+04 1.353773e+04 2.961554e+02 4.050157e+04 5.219723e+07
<GCONST> 6.752183e+01
<MIXTURE> 8 9.931462e-02
<MEAN> 6
 6.636134e+01 -1.003980e+02 -3.790549e+02 2.189842e+00 5.693614e+00 -4.885764e+01
<VARIANCE> 6
 3.128982e+01 1.293270e+04 1.353773e+04 2.961554e+02 4.050157e+04 5.219723e+07
<GCONST> 6.752183e+01
<MIXTURE> 9 5.769349e-02
<MEAN> 6
 7.423915e+01 9.921478e+01 -3.737785e+02 -1.251991e+00 -3.811640e+00 -4.176546e+01
<VARIANCE> 6
 3.128982e+01 1.293270e+04 1.353773e+04 2.961554e+02 4.050157e+04 5.219723e+07
<GCONST> 6.752183e+01
<MIXTURE> 10 1.103521e-01
<MEAN> 6
 7.422800e+01 8.740999e+01 -3.836997e+02 -1.236843e+00 -4.225710e+00 -5.425151e+01
<VARIANCE> 6
 3.128982e+01 1.293270e+04 1.353773e+04 2.961554e+02 4.050157e+04 5.219723e+07
<GCONST> 6.752183e+01
<MIXTURE> 11 9.847821e-02
<MEAN> 6
 7.200454e+01 -4.307386e+02 -7.549850e+02 -1.075751e+00 -7.508381e+00 -3.960975e+01
<VARIANCE> 6
 3.128982e+01 1.293270e+04 1.353773e+04 2.961554e+02 4.050157e+04 5.219723e+07
<GCONST> 6.752183e+01
<MIXTURE> 12 5.740567e-02
<MEAN> 6
 7.431641e+01 8.332167e+01 -3.854771e+02 -1.291480e+00 -4.480416e+00 -5.436765e+01
<VARIANCE> 6
 3.128982e+01 1.293270e+04 1.353773e+04 2.961554e+02 4.050157e+04 5.219723e+07
<GCONST> 6.752183e+01
<MIXTURE> 13 5.736541e-02
<MEAN> 6
 7.417154e+01 7.296436e+01 -3.920239e+02 -1.222117e+00 -5.252036e+00 -6.850156e+01
<VARIANCE> 6
 3.128982e+01 1.293270e+04 1.353773e+04 2.961554e+02 4.050157e+04 5.219723e+07
<GCONST> 6.752183e+01
<STATE> 11
<NUMMIXES> 13
<MIXTURE> 1 1.346216e-01
<MEAN> 6
 7.637866e+01 1.106548e+02 1.189632e+02 -1.862971e+00 -1.815037e+01 4.703424e+01
<VARIANCE> 6
 3.128982e+01 1.293270e+04 1.353773e+04 2.961554e+02 4.050157e+04 5.219723e+07
<GCONST> 6.752183e+01
<MIXTURE> 2 4.460258e-03
<MEAN> 6
 7.914781e+01 9.059896e+01 9.096103e+01 2.048720e+00 2.579268e+02 -2.676727e+03
<VARIANCE> 6
 2.444379e+02 1.171731e+06 4.482149e+05 3.954482e+02 3.643416e+05 1.118951e+08
<GCONST> 8.083218e+01
<MIXTURE> 3 8.086041e-02
<MEAN> 6
 7.386425e+01 1.434476e+01 1.508770e+02 -1.636367e+00 -9.095668e+00 -1.075130e+02
<VARIANCE> 6
 3.128982e+01 1.293270e+04 1.353773e+04 2.961554e+02 4.050157e+04 5.219723e+07
<GCONST> 6.752183e+01
<MIXTURE> 4 6.944652e-02
<MEAN> 6
 7.433669e+01 2.995497e+01 1.555900e+02 -1.195908e+00 -8.813856e+00 -1.194374e+02
<VARIANCE> 6
 3.128982e+01 1.293270e+04 1.353773e+04 2.961554e+02 4.050157e+04 5.219723e+07
<GCONST> 6.752183e+01
<MIXTURE> 5 1.142793e-01
<MEAN> 6
 7.240741e+01 -2.146038e+01 1.578977e+02 -1.678320e+00 -6.881995e+00 -1.263283e+02
<VARIANCE> 6
 3.128982e+01 1.293270e+04 1.353773e+04 2.961554e+02 4.050157e+04 5.219723e+07
<GCONST> 6.752183e+01
<MIXTURE> 6 7.302705e-02
<MEAN> 6
 7.339051e+01 2.104454e+00 1.541428e+02 -1.612042e+00 -8.238305e+00 -1.168706e+02
<VARIANCE> 6
 3.128982e+01 1.293270e+04 1.353773e+04 2.961554e+02 4.050157e+04 5.219723e+07
<GCONST> 6.752183e+01
<MIXTURE> 7 7.616998e-02
<MEAN> 6
 7.374855e+01 1.558379e+02 -1.120214e+01 -1.003529e+01 -1.188846e+01 5.727012e+02
<VARIANCE> 6
 4.207762e+01 1.293270e+04 1.353773e+04 2.961554e+02 4.050157e+04 5.219723e+07
<GCONST> 6.781805e+01
<MIXTURE> 8 7.069179e-02
<MEAN> 6
 7.350409e+01 5.273763e+00 1.539889e+02 -1.588133e+00 -8.424323e+00 -1.162884e+02
<VARIANCE> 6
 3.128982e+01 1.293270e+04 1.353773e+04 2.961554e+02 4.050157e+04 5.219723e+07
<GCONST> 6.752183e+01
<MIXTURE> 9 7.916261e-02
<MEAN> 6
 7.037732e+01 -2.027126e+02 1.105247e+02 -3.871828e+00 2.318406e+00 -3.761289e+00
<VARIANCE> 6
 3.128982e+01 1.293270e+04 1.353773e+04 2.961554e+02 4.050157e+04 5.219723e+07
<GCONST> 6.752183e+01
<MIXTURE> 10 8.315294e-02
<MEAN> 6
 7.275225e+01 -1.322697e+01 1.570459e+02 -1.636651e+00 -7.295893e+00 -1.241955e+02
<VARIANCE> 6
 3.128982e+01 1.293270e+04 1.353773e+04 2.961554e+02 4.050157e+04 5.219723e+07
<GCONST> 6.752183e+01
<MIXTURE> 11 7.301235e-02
<MEAN> 6
 7.238666e+01 -2.179256e+01 1.578985e+02 -1.682904e+00 -6.858704e+00 -1.262650e+02
<VARIANCE> 6
 3.128982e+01 1.293270e+04 1.353773e+04 2.961554e+02 4.050157e+04 5.219723e+07
<GCONST> 6.752183e+01
<MIXTURE> 12 7.097740e-02
<MEAN> 6
 7.224028e+01 -2.526174e+01 1.574453e+02 -1.733839e+00 -6.712607e+00 -1.254717e+02
<VARIANCE> 6
 3.128982e+01 1.293270e+04 1.353773e+04 2.961554e+02 4.050157e+04 5.219723e+07
<GCONST> 6.752183e+01
<MIXTURE> 13 7.012594e-02
<MEAN> 6
 7.273609e+01 -1.324663e+01 1.455808e+02 -2.164361e+00 -8.167835e+00 -1.001770e+02
<VARIANCE> 6
 3.128982e+01 1.293270e+04 1.353773e+04 2.961554e+02 4.050157e+04 5.219723e+07
<GCONST> 6.752183e+01
<STATE> 12
<NUMMIXES> 13
<MIXTURE> 1 6.267525e-02
<MEAN> 6
 4.845314e+01 4.510934e+02 -8.030693e+01 8.548659e+00 9.207282e+00 -3.148895e+01
<VARIANCE> 6
 3.128982e+01 1.293270e+04 1.353773e+04 2.961554e+02 4.050157e+04 5.219723e+07
<GCONST> 6.752183e+01
<MIXTURE> 2 9.108521e-02
<MEAN> 6
 6.532162e+01 9.352736e+02 -1.469650e+02 -9.013457e-02 -1.225222e-01 -1.332128e+02
<VARIANCE> 6
 3.128982e+01 1.293270e+04 1.353773e+04 2.961554e+02 4.050157e+04 5.219723e+07
<GCONST> 6.752183e+01
<MIXTURE> 3 7.869252e-02
<MEAN> 6
 6.532067e+01 9.360140e+02 -1.467513e+02 -8.706371e-02 -8.627570e-02 -1.336206e+02
<VARIANCE> 6
 3.128982e+01 1.293270e+04 1.353773e+04 2.961554e+02 4.050157e+04 5.219723e+07
<GCONST> 6.752183e+01
<MIXTURE> 4 9.097310e-02
<MEAN> 6
 6.532149e+01 9.353826e+02 -1.469336e+02 -8.968076e-02 -1.171917e-01 -1.332726e+02
<VARIANCE> 6
 3.128982e+01 1.293270e+04 1.353773e+04 2.961554e+02 4.050157e+04 5.219723e+07
<GCONST> 6.752183e+01
<MIXTURE> 5 6.561709e-02
<MEAN> 6
 6.519572e+01 8.357267e+02 -1.599240e+02 -5.666865e-01 -6.435479e+00 -2.003903e+02
<VARIANCE> 6
 3.128982e+01 1.461382e+04 1.353773e+04 2.961554e+02 4.050157e+04 5.219723e+07
<GCONST> 6.764404e+01
<MIXTURE> 6 9.297983e-02
<MEAN> 6
 6.532239e+01 9.346620e+02 -1.471400e+02 -9.267863e-02 -1.524114e-01 -1.328866e+02
<VARIANCE> 6
 3.128982e+01 1.293270e+04 1.353773e+04 2.961554e+02 4.050157e+04 5.219723e+07
<GCONST> 6.752183e+01
<MIXTURE> 7 9.104056e-02
<MEAN> 6
 6.532336e+01 9.338549e+02 -1.473687e+02 -9.603628e-02 -1.917762e-01 -1.324684e+02
<VARIANCE> 6
 3.128982e+01 1.293270e+04 1.353773e+04 2.961554e+02 4.050157e+04 5.219723e+07
<GCONST> 6.752183e+01
<MIXTURE> 8 7.903403e-02
<MEAN> 6
 6.495980e+01 7.652128e+02 -1.596601e+02 -1.033865e+00 -1.433322e+01 -3.544108e+02
<VARIANCE> 6
 3.128982e+01 1.293270e+04 1.353773e+04 2.961554e+02 4.050157e+04 5.219723e+07
<GCONST> 6.752183e+01
<MIXTURE> 9 7.715936e-02
<MEAN> 6
 6.532792e+01 9.295565e+02 -1.485445e+02 -1.139969e-01 -4.001449e-01 -1.305058e+02
<VARIANCE> 6
 3.128982e+01 1.293270e+04 1.353773e+04 2.961554e+02 4.050157e+04 5.219723e+07
<GCONST> 6.752183e+01
<MIXTURE> 10 9.544430e-02
<MEAN> 6
 7.116986e+01 3.327130e+02 2.738669e+02 -7.782673e+01 -6.439406e+02 -2.303256e+03
<VARIANCE> 6
 2.131349e+02 1.473421e+06 1.051136e+05 1.745407e+03 2.964650e+05 1.229689e+08
<GCONST> 8.084695e+01
<MIXTURE> 11 1.541686e-02
<MEAN> 6
 4.732510e+01 4.670774e+02 -7.685477e+01 -7.543975e+01 4.010562e+02 2.192830e+03
<VARIANCE> 6
 3.128982e+01 1.293270e+04 1.353773e+04 6.883634e+02 4.050157e+04 7.596506e+07
<GCONST> 6.874050e+01
<MIXTURE> 12 6.785093e-02
<MEAN> 6
 4.527020e+01 4.422511e+02 -9.287601e+01 7.101661e+00 3.891328e+01 -2.234581e+02
<VARIANCE> 6
 3.128982e+01 1.293270e+04 1.353773e+04 2.961554e+02 4.050157e+04 5.219723e+07
<GCONST> 6.752183e+01
<MIXTURE> 13 9.201986e-02
<MEAN> 6
 6.530332e+01 -2.173719e+02 2.473479e+02 -1.340342e+02 -8.641437e+02 -4.128812e+03
<VARIANCE> 6
 2.371835e+02 2.135406e+06 4.390549e+04 5.586276e+03 9.134195e+04 8.482610e+07
<GCONST> 8.006660e+01
<STATE> 13
<NUMMIXES> 13
<MIXTURE> 1 1.126747e-01
<MEAN> 6
 7.930984e+01 -8.448961e+02 4.072458e+03 -1.385398e+00 -4.855330e+00 -3.623515e+01
<VARIANCE> 6
 3.128982e+01 1.340150e+05 4.580205e+05 2.961554e+02 4.050157e+04 5.219723e+07
<GCONST> 7.338145e+01
<MIXTURE> 2 1.149993e-01
<MEAN> 6
 7.521507e+01 -8.923910e+03 1.475792e+03 -2.581114e+00 -5.199165e+00 -4.674609e+01
<VARIANCE> 6
 3.128982e+01 1.958988e+04 1.766302e+05 2.961554e+02 4.050157e+04 5.219723e+07
<GCONST> 7.050565e+01
<MIXTURE> 3 5.389382e-02
<MEAN> 6
 6.420837e+01 -1.001919e+03 1.346357e+03 1.445385e+00 9.486216e-01 -2.579383e+02
<VARIANCE> 6
 3.128982e+01 1.293270e+04 1.353773e+04 2.961554e+02 4.050157e+04 5.219723e+07
<GCONST> 6.752183e+01
<MIXTURE> 4 6.467678e-02
<MEAN> 6
 5.870717e+01 1.694870e+02 9.882032e+02 -4.108953e-01 3.518213e+00 -2.337176e+02
<VARIANCE> 6
 3.128982e+01 1.293270e+04 1.353773e+04 2.961554e+02 4.050157e+04 5.219723e+07
<GCONST> 6.752183e+01
<MIXTURE> 5 1.163658e-01
<MEAN> 6
 5.337579e+01 -4.740852e+02 2.577082e+03 2.740021e-01 -7.373380e+00 -1.098912e+02
<VARIANCE> 6
 3.128982e+01 1.293270e+04 2.450124e+04 2.961554e+02 4.050157e+04 5.219723e+07
<GCONST> 6.811507e+01
<MIXTURE> 6 4.644682e-02
<MEAN> 6
 6.792632e+01 2.858227e+02 9.342572e+02 -2.727432e+00 -5.477851e+00 -8.929800e+01
<VARIANCE> 6
 3.128982e+01 1.649395e+04 7.564900e+05 2.961554e+02 4.050157e+04 5.219723e+07
<GCONST> 7.178827e+01
<MIXTURE> 7 1.186696e-01
<MEAN> 6
 7.267720e+01 -7.511512e+02 1.845519e+03 1.355079e+00 -6.115129e+00 -1.714078e+02
<VARIANCE> 6
 3.128982e+01 2.047039e+04 2.337228e+04 2.961554e+02 4.050157e+04 5.219723e+07
<GCONST> 6.852711e+01
<MIXTURE> 8 1.008949e-01
<MEAN> 6
 6.549853e+01 -9.056431e+02 1.123068e+03 -1.117673e+00 -8.242511e+00 -6.019564e+01
<VARIANCE> 6
 3.128982e+01 1.293270e+04 1.353773e+04 2.961554e+02 4.050157e+04 5.219723e+07
<GCONST> 6.752183e+01
<MIXTURE> 9 6.739614e-02
<MEAN> 6
 6.084300e+01 2.126207e+02 7.741669e+02 3.928904e-01 1.983559e+01 1.012672e+02
<VARIANCE> 6
 3.128982e+01 1.293270e+04 1.463868e+04 2.961554e+02 4.050157e+04 5.219723e+07
<GCONST> 6.760001e+01
<MIXTURE> 10 7.918511e-02
<MEAN> 6
 6.210941e+01 2.289217e+02 -3.243699e+02 -1.183085e+00 9.347377e+00 1.617761e+02
<VARIANCE> 6
 3.128982e+01 1.293270e+04 1.353773e+04 2.961554e+02 4.050157e+04 5.219723e+07
<GCONST> 6.752183e+01
<MIXTURE> 11 4.314858e-02
<MEAN> 6
 5.955516e+01 -8.342336e+02 1.101352e+03 -2.953936e+00 7.173088e+00 -2.612287e+02
<VARIANCE> 6
 4.843597e+01 1.293270e+04 1.353773e+04 2.961554e+02 4.050157e+04 5.219723e+07
<GCONST> 6.795878e+01
<MIXTURE> 12 1.535490e-02
<MEAN> 6
 7.081445e+01 -9.635114e+02 1.822127e+03 -5.148854e+01 -3.548194e+02 -1.092992e+03
<VARIANCE> 6
 8.019386e+01 1.038841e+05 1.511421e+05 2.329116e+03 6.044347e+05 1.203450e+08
<GCONST> 7.855988e+01
<MIXTURE> 13 6.628881e-02
<MEAN> 6
 5.870703e+01 1.691372e+02 9.836579e+02 -4.733584e-01 4.907547e+00 -2.421814e+02
<VARIANCE> 6
 3.128982e+01 1.293270e+04 1.353773e+04 2.961554e+02 4.050157e+04 5.219723e+07
<GCONST> 6.752183e+01
<STATE> 14
<NUMMIXES> 13
<MIXTURE> 1 8.141841e-03
<MEAN> 6
 -3.081533e+00 -4.476377e+02 9.354233e+00 1.868583e+01 -1.208220e+01 5.029175e+03
<VARIANCE> 6
 8.907947e+03 7.152269e+05 1.223679e+06 1.628769e+06 8.893258e+08 1.288909e+12
<GCONST> 1.104138e+02
<MIXTURE> 2 7.605929e-02
<MEAN> 6
 1.137535e+01 1.729121e+02 9.108037e+01 2.107243e+02 1.508335e+02 -3.148271e+03
<VARIANCE> 6
 9.559146e+02 3.866808e+05 1.952670e+05 8.624711e+03 1.548396e+05 5.219723e+07
<GCONST> 8.172048e+01
<MIXTURE> 3 3.828331e-02
<MEAN> 6
 2.381512e+01 8.244470e+02 -3.054677e+02 -5.125174e+01 -6.051440e+01 3.154436e+03
<VARIANCE> 6
 5.971263e+03 2.122518e+07 1.504139e+06 6.232157e+04 4.526838e+06 3.326638e+09
<GCONST> 9.910724e+01
<MIXTURE> 4 1.099657e-01
<MEAN> 6
 9.973443e+01 -7.270859e+01 -1.289127e+01 -7.774051e+00 -3.117685e+01 -2.092131e+02
<VARIANCE> 6
 3.886962e+02 7.643486e+05 3.713549e+05 2.961554e+02 4.050157e+04 5.219723e+07
<GCONST> 7.743227e+01
<MIXTURE> 5 6.695724e-02
<MEAN> 6
 -3.949065e+01 5.843983e+01 1.260563e+02 -3.929046e+01 1.297725e+03 2.201270e+03
<VARIANCE> 6
 4.498013e+02 3.355180e+05 6.368578e+05 5.365082e+04 6.018112e+05 4.512401e+08
<GCONST> 8.734926e+01
<MIXTURE> 6 8.915727e-02
<MEAN> 6
 7.482133e+01 3.345978e+01 2.035508e+02 2.349066e+01 -4.111081e+02 -5.079367e+02
<VARIANCE> 6
 5.820850e+02 1.290491e+05 5.330212e+05 2.420224e+04 9.071452e+04 5.219723e+07
<GCONST> 8.162836e+01
<MIXTURE> 7 1.260704e-01
<MEAN> 6
 -5.561364e+01 7.690390e+01 -5.895070e+00 8.268220e+00 2.784183e+02 3.490925e+02
<VARIANCE> 6
 3.032165e+02 3.569978e+05 4.270693e+05 1.884758e+03 1.078198e+05 5.219723e+07
<GCONST> 7.939220e+01
<MIXTURE> 8 7.607396e-02
<MEAN> 6
 9.756457e+01 1.574278e+01 -2.242085e+01 2.164000e+01 -8.139695e+02 -1.128690e+03
<VARIANCE> 6
 4.560070e+02 8.999476e+05 3.914548e+05 1.836071e+04 1.316183e+06 6.202974e+08
<GCONST> 8.789142e+01
<MIXTURE> 9 9.984304e-02
<MEAN> 6
 8.228165e+01 2.732343e+02 -4.619012e+02 1.105141e-01 -2.466980e+01 -2.645659e+02
<VARIANCE> 6
 2.099365e+02 5.518610e+05 1.677967e+06 2.961554e+02 4.050157e+04 5.219723e+07
<GCONST> 7.799873e+01
<MIXTURE> 10 8.928880e-02
<MEAN> 6
 3.889444e+01 -1.020255e+02 2.192924e+01 -9.437567e+01 -5.843287e+02 4.453044e+03
<VARIANCE> 6
 8.677023e+02 3.516487e+05 1.963571e+06 7.321130e+04 5.424819e+05 2.907884e+08
<GCONST> 8.894690e+01
<MIXTURE> 11 8.053369e-02
<MEAN> 6
 7.456501e+01 -1.245533e+02 -1.020217e+02 -4.705336e+01 -7.864530e+02 -8.990790e+02
<VARIANCE> 6
 5.312061e+02 3.457792e+05 1.777899e+05 3.151040e+04 2.666942e+05 6.143490e+07
<GCONST> 8.292975e+01
<MIXTURE> 12 7.389110e-02
<MEAN> 6
 -9.715559e+00 -5.423719e+00 3.195470e+01 -3.124799e+01 3.187357e+02 -4.812485e+02
<VARIANCE> 6
 5.495043e+02 2.151954e+05 2.532621e+05 4.141604e+04 1.796502e+05 5.219723e+07
<GCONST> 8.255849e+01
<MIXTURE> 13 6.525540e-02
<MEAN> 6
 -5.190531e+01 -7.496269e+01 -1.580714e+02 -8.729633e+00 1.037297e+03 -3.004327e+03
<VARIANCE> 6
 4.867666e+02 3.949946e+05 2.032905e+06 3.014383e+04 5.615396e+05 3.121438e+08
<GCONST> 8.773780e+01
<TRANSP> 15
 0.000000e+00 1.000000e+00 0.000000e+00 0.000000e+00 0.000000e+00 0.000000e+00 0.000000e+00 0.000000e+00 0.000000e+00 0.000000e+00 0.000000e+00 0.000000e+00 0.000000e+00 0.000000e+00 0.000000e+00
 0.000000e+00 9.999192e-01 8.083192e-05 0.000000e+00 0.000000e+00 0.000000e+00 0.000000e+00 0.000000e+00 0.000000e+00 0.000000e+00 0.000000e+00 0.000000e+00 0.000000e+00 0.000000e+00 0.000000e+00
 0.000000e+00 0.000000e+00 9.972770e-01 2.723035e-03 0.000000e+00 0.000000e+00 0.000000e+00 0.000000e+00 0.000000e+00 0.000000e+00 0.000000e+00 0.000000e+00 0.000000e+00 0.000000e+00 0.000000e+00
 0.000000e+00 0.000000e+00 0.000000e+00 9.958089e-01 4.191127e-03 0.000000e+00 0.000000e+00 0.000000e+00 0.000000e+00 0.000000e+00 0.000000e+00 0.000000e+00 0.000000e+00 0.000000e+00 0.000000e+00
 0.000000e+00 0.000000e+00 0.000000e+00 0.000000e+00 9.973459e-01 2.654180e-03 0.000000e+00 0.000000e+00 0.000000e+00 0.000000e+00 0.000000e+00 0.000000e+00 0.000000e+00 0.000000e+00 0.000000e+00
 0.000000e+00 0.000000e+00 0.000000e+00 0.000000e+00 0.000000e+00 9.957972e-01 4.202757e-03 0.000000e+00 0.000000e+00 0.000000e+00 0.000000e+00 0.000000e+00 0.000000e+00 0.000000e+00 0.000000e+00
 0.000000e+00 0.000000e+00 0.000000e+00 0.000000e+00 0.000000e+00 0.000000e+00 9.957801e-01 4.219879e-03 0.000000e+00 0.000000e+00 0.000000e+00 0.000000e+00 0.000000e+00 0.000000e+00 0.000000e+00
 0.000000e+00 0.000000e+00 0.000000e+00 0.000000e+00 0.000000e+00 0.000000e+00 0.000000e+00 9.976935e-01 2.306493e-03 0.000000e+00 0.000000e+00 0.000000e+00 0.000000e+00 0.000000e+00 0.000000e+00
 0.000000e+00 0.000000e+00 0.000000e+00 0.000000e+00 0.000000e+00 0.000000e+00 0.000000e+00 0.000000e+00 9.967000e-01 3.299956e-03 0.000000e+00 0.000000e+00 0.000000e+00 0.000000e+00 0.000000e+00
 0.000000e+00 0.000000e+00 0.000000e+00 0.000000e+00 0.000000e+00 0.000000e+00 0.000000e+00 0.000000e+00 0.000000e+00 9.974521e-01 2.547913e-03 0.000000e+00 0.000000e+00 0.000000e+00 0.000000e+00
 0.000000e+00 0.000000e+00 0.000000e+00 0.000000e+00 0.000000e+00 0.000000e+00 0.000000e+00 0.000000e+00 0.000000e+00 0.000000e+00 9.968364e-01 3.163623e-03 0.000000e+00 0.000000e+00 0.000000e+00
 0.000000e+00 0.000000e+00 0.000000e+00 0.000000e+00 0.000000e+00 0.000000e+00 0.000000e+00 0.000000e+00 0.000000e+00 0.000000e+00 0.000000e+00 9.925383e-01 7.461741e-03 0.000000e+00 0.000000e+00
 0.000000e+00 0.000000e+00 0.000000e+00 0.000000e+00 0.000000e+00 0.000000e+00 0.000000e+00 0.000000e+00 0.000000e+00 0.000000e+00 0.000000e+00 0.000000e+00 9.980432e-01 1.956780e-03 0.000000e+00
 0.000000e+00 0.000000e+00 0.000000e+00 0.000000e+00 0.000000e+00 0.000000e+00 0.000000e+00 0.000000e+00 0.000000e+00 0.000000e+00 0.000000e+00 0.000000e+00 0.000000e+00 9.999091e-01 9.090995e-05
 0.000000e+00 0.000000e+00 0.000000e+00 0.000000e+00 0.000000e+00 0.000000e+00 0.000000e+00 0.000000e+00 0.000000e+00 0.000000e+00 0.000000e+00 0.000000e+00 0.000000e+00 0.000000e+00 0.000000e+00
<ENDHMM>
~h "SegundoESO"
<BEGINHMM>
<NUMSTATES> 15
<STATE> 2
<NUMMIXES> 13
<MIXTURE> 1 4.775746e-02
<MEAN> 6
 7.271558e+01 -2.021443e+03 4.797912e+03 -7.074389e-01 8.012994e+00 -1.093315e+02
<VARIANCE> 6
 3.128982e+01 2.099063e+05 6.367356e+06 2.961554e+02 4.050157e+04 5.219723e+07
<GCONST> 7.646219e+01
<MIXTURE> 2 7.612634e-02
<MEAN> 6
 5.831362e+01 2.633476e+03 -2.540049e+02 3.823524e-01 -4.871211e+00 -1.906174e+02
<VARIANCE> 6
 3.128982e+01 1.617445e+04 1.353773e+04 2.961554e+02 4.050157e+04 5.219723e+07
<GCONST> 6.774550e+01
<MIXTURE> 3 5.182514e-02
<MEAN> 6
 5.393871e+01 2.823985e+02 -3.978625e+03 2.345520e+00 5.100684e+00 -2.050698e+01
<VARIANCE> 6
 3.128982e+01 8.119032e+04 1.249702e+06 2.961554e+02 4.050157e+04 5.219723e+07
<GCONST> 7.388404e+01
<MIXTURE> 4 1.293869e-01
<MEAN> 6
 6.853570e+01 1.069466e+03 -1.542639e+03 1.525892e+00 -5.993222e+00 -8.071323e+01
<VARIANCE> 6
 3.128982e+01 1.499390e+05 5.902986e+05 2.961554e+02 4.050157e+04 5.219723e+07
<GCONST> 7.374744e+01
<MIXTURE> 5 9.223714e-02
<MEAN> 6
 6.910120e+01 8.057814e+03 -1.223260e+03 -4.884069e-01 -6.619430e+00 -1.101701e+02
<VARIANCE> 6
 3.128982e+01 2.870084e+07 1.353773e+04 2.961554e+02 4.050157e+04 5.219723e+07
<GCONST> 7.522675e+01
<MIXTURE> 6 6.911398e-02
<MEAN> 6
 7.522294e+01 1.149583e+02 -3.880580e+03 -5.781660e-01 -4.790120e+00 -5.117290e+01
<VARIANCE> 6
 3.128982e+01 1.012664e+05 3.024638e+06 2.961554e+02 4.050157e+04 5.219723e+07
<GCONST> 7.498888e+01
<MIXTURE> 7 6.351157e-02
<MEAN> 6
 8.657537e+01 -4.049057e+03 -1.461952e+02 -3.406143e+00 -8.368933e-01 -2.332095e+02
<VARIANCE> 6
 4.275410e+01 1.965427e+06 4.477424e+05 2.961554e+02 4.050157e+04 5.219723e+07
<GCONST> 7.635645e+01
<MIXTURE> 8 1.249165e-01
<MEAN> 6
 6.281822e+01 6.028396e+01 -1.706862e+03 1.441161e-01 -1.569718e+00 -1.611817e+02
<VARIANCE> 6
 3.128982e+01 5.088826e+04 6.949141e+04 2.961554e+02 4.050157e+04 5.219723e+07
<GCONST> 7.052742e+01
<MIXTURE> 9 7.164672e-02
<MEAN> 6
 7.410684e+01 -3.458630e+02 -8.350962e+03 -3.907479e-02 -2.220493e+00 -5.065458e+01
<VARIANCE> 6
 3.128982e+01 1.293270e+04 1.272372e+06 2.961554e+02 4.050157e+04 5.219723e+07
<GCONST> 7.206498e+01
<MIXTURE> 10 7.446293e-02
<MEAN> 6
 7.827289e+01 -2.166894e+02 2.777938e+03 5.715680e-01 -3.261948e+00 -5.033158e+01
<VARIANCE> 6
 3.128982e+01 8.634939e+05 2.310957e+05 2.961554e+02 4.050157e+04 5.219723e+07
<GCONST> 7.456040e+01
<MIXTURE> 11 6.615345e-02
<MEAN> 6
 6.049342e+01 1.827036e+03 -3.029379e+02 3.764167e-01 -4.467041e+00 -2.041758e+02
<VARIANCE> 6
 3.128982e+01 1.293270e+04 1.700438e+04 2.961554e+02 4.050157e+04 5.219723e+07
<GCONST> 6.774982e+01
<MIXTURE> 12 6.602874e-02
<MEAN> 6
 7.741769e+01 2.011777e+03 1.151754e+03 -2.303004e-01 4.461069e+00 -7.669025e+01
<VARIANCE> 6
 3.128982e+01 6.150438e+05 3.525852e+05 2.961554e+02 4.050157e+04 5.219723e+07
<GCONST> 7.464357e+01
<MIXTURE> 13 6.681576e-02
<MEAN> 6
 7.445127e+01 2.286163e+02 -5.027147e+03 -4.134707e-01 -3.309076e+00 -3.746334e+01
<VARIANCE> 6
 3.128982e+01 1.489259e+05 6.798444e+06 2.961554e+02 4.050157e+04 5.219723e+07
<GCONST> 7.618449e+01
<STATE> 3
<NUMMIXES> 13
<MIXTURE> 1 9.882326e-02
<MEAN> 6
 7.234087e+01 6.379050e+02 6.706611e+02 5.355136e-01 -5.111233e+00 -1.357837e+02
<VARIANCE> 6
 3.128982e+01 1.293270e+04 7.736551e+05 2.961554e+02 4.050157e+04 5.219723e+07
<GCONST> 7.156747e+01
<MIXTURE> 2 5.904228e-02
<MEAN> 6
 7.902037e+01 3.624504e+02 4.919565e+02 -1.772767e+00 7.267476e-01 -5.132162e+01
<VARIANCE> 6
 3.128982e+01 2.716942e+04 3.043255e+04 2.961554e+02 4.050157e+04 5.219723e+07
<GCONST> 6.907419e+01
<MIXTURE> 3 7.782164e-02
<MEAN> 6
 6.970456e+01 5.333206e+02 8.939602e+01 -5.222384e-01 -5.095359e+00 -1.372789e+02
<VARIANCE> 6
 3.128982e+01 9.614197e+05 1.353773e+04 2.961554e+02 4.050157e+04 5.219723e+07
<GCONST> 7.183047e+01
<MIXTURE> 4 6.964023e-02
<MEAN> 6
 7.182036e+01 1.416907e+01 1.423619e+03 -4.383955e-01 2.718104e+00 -7.966955e+01
<VARIANCE> 6
 6.966357e+01 6.000855e+04 2.353144e+05 2.961554e+02 4.050157e+04 5.219723e+07
<GCONST> 7.271238e+01
<MIXTURE> 5 6.024155e-02
<MEAN> 6
 6.776038e+01 -3.846382e+01 -1.933237e+02 -7.692026e-02 -9.569386e+00 -2.319449e+02
<VARIANCE> 6
 3.128982e+01 2.104232e+05 1.353773e+04 2.961554e+02 4.050157e+04 5.219723e+07
<GCONST> 7.031119e+01
<MIXTURE> 6 1.264222e-01
<MEAN> 6
 6.664732e+01 -2.610445e+02 2.847398e+02 -1.777515e-01 -4.515916e+00 -1.158194e+02
<VARIANCE> 6
 3.128982e+01 4.059407e+04 1.353773e+04 2.961554e+02 4.050157e+04 5.219723e+07
<GCONST> 6.866569e+01
<MIXTURE> 7 1.005417e-01
<MEAN> 6
 6.888316e+01 4.631125e+02 -2.770645e+02 -4.606929e-01 -3.848366e+00 -6.941072e+01
<VARIANCE> 6
 3.128982e+01 1.866607e+04 1.760167e+04 2.961554e+02 4.050157e+04 5.219723e+07
<GCONST> 6.815128e+01
<MIXTURE> 8 4.855770e-02
<MEAN> 6
 6.973743e+01 -2.126151e+03 3.189846e+01 9.907410e-02 -4.235924e+00 -1.013677e+02
<VARIANCE> 6
 3.128982e+01 1.315335e+05 2.494846e+05 2.961554e+02 4.050157e+04 5.219723e+07
<GCONST> 7.275524e+01
<MIXTURE> 9 6.488928e-02
<MEAN> 6
 7.344090e+01 5.093936e+02 2.868392e+02 -5.930621e-01 -4.582372e+00 -1.491746e+02
<VARIANCE> 6
 3.128982e+01 1.432865e+05 1.353773e+04 2.961554e+02 4.050157e+04 5.219723e+07
<GCONST> 6.992691e+01
<MIXTURE> 10 9.118660e-02
<MEAN> 6
 7.472845e+01 -4.246693e+02 5.678992e+02 -9.526835e-01 -3.601628e+00 -7.368848e+01
<VARIANCE> 6
 3.128982e+01 1.303107e+04 2.066849e+05 2.961554e+02 4.050157e+04 5.219723e+07
<GCONST> 7.025512e+01
<MIXTURE> 11 9.182222e-02
<MEAN> 6
 6.271084e+01 -5.725704e+02 8.395668e+01 -2.672137e-01 -2.457080e+00 -1.116516e+02
<VARIANCE> 6
 3.128982e+01 1.247874e+05 1.353773e+04 2.961554e+02 4.050157e+04 5.219723e+07
<GCONST> 6.978868e+01
<MIXTURE> 12 4.967260e-02
<MEAN> 6
 6.528354e+01 -5.519570e+02 -1.959185e+02 3.617163e-01 -4.259809e+00 -1.624755e+02
<VARIANCE> 6
 3.128982e+01 1.787288e+05 2.689829e+04 2.961554e+02 4.050157e+04 5.219723e+07
<GCONST> 7.083452e+01
<MIXTURE> 13 6.124498e-02
<MEAN> 6
 7.235371e+01 3.397747e+02 2.465635e+02 -4.199034e-01 -5.825764e+00 -1.741767e+02
<VARIANCE> 6
 3.128982e+01 1.951491e+05 1.353773e+04 2.961554e+02 4.050157e+04 5.219723e+07
<GCONST> 7.023583e+01
<STATE> 4
<NUMMIXES> 13
<MIXTURE> 1 7.461597e-02
<MEAN> 6
 -4.487866e+01 5.118957e+02 1.693219e+03 8.481176e+01 9.056949e+02 -3.961977e+03
<VARIANCE> 6
 4.406317e+02 4.342150e+05 6.816934e+06 3.201093e+04 2.557371e+05 1.317241e+08
<GCONST> 8.735365e+01
<MIXTURE> 2 5.593928e-02
<MEAN> 6
 7.290159e+01 2.625977e+02 -7.338344e+01 -9.222166e+00 -1.103785e+03 4.971730e+02
<VARIANCE> 6
 7.328320e+02 1.072916e+07 3.962218e+06 4.301202e+04 1.487647e+06 1.057829e+09
<GCONST> 9.466640e+01
<MIXTURE> 3 9.225343e-02
<MEAN> 6
 8.945487e+01 -2.828149e+02 7.885626e+02 -1.041558e+01 -9.460882e+01 -4.290078e+02
<VARIANCE> 6
 9.759498e+01 1.089652e+06 2.781300e+06 3.147388e+02 4.050157e+04 5.219723e+07
<GCONST> 7.847926e+01
<MIXTURE> 4 1.008527e-01
<MEAN> 6
 6.644281e+01 -4.109250e+02 1.392366e+03 1.554669e+02 -5.828045e+02 1.379358e+03
<VARIANCE> 6
 2.795685e+02 7.980261e+05 5.179703e+06 4.989963e+03 1.430181e+05 5.219723e+07
<GCONST> 8.386711e+01
<MIXTURE> 5 9.418606e-02
<MEAN> 6
 -6.425922e+01 2.129465e+02 6.104437e+02 1.950902e+01 2.249321e+02 6.763970e+00
<VARIANCE> 6
 6.779360e+01 6.865302e+05 4.726556e+06 8.217646e+02 8.972130e+04 5.219723e+07
<GCONST> 7.993830e+01
<MIXTURE> 6 1.013839e-01
<MEAN> 6
 1.389091e+01 -3.060987e+02 5.410634e+02 2.900085e+02 -1.897942e+02 -7.401730e+03
<VARIANCE> 6
 4.303809e+02 1.988908e+06 4.288300e+06 4.095925e+03 3.030269e+05 8.988744e+07
<GCONST> 8.611983e+01
<MIXTURE> 7 6.709368e-02
<MEAN> 6
 -4.962673e+01 -3.627755e+02 -1.230501e+02 1.429444e+02 1.080817e+03 -3.588177e+02
<VARIANCE> 6
 2.137030e+02 7.563852e+05 1.197710e+06 1.001619e+04 1.939385e+05 6.486788e+07
<GCONST> 8.329919e+01
<MIXTURE> 8 9.163447e-02
<MEAN> 6
 8.703307e+01 -6.531414e+02 7.041395e+02 7.558593e+00 -6.799076e+02 -1.087498e+03
<VARIANCE> 6
 1.207209e+02 1.011142e+06 1.055458e+06 7.284972e+03 3.573354e+05 1.741546e+08
<GCONST> 8.417228e+01
<MIXTURE> 9 5.548754e-02
<MEAN> 6
 1.573997e+01 4.280235e+02 8.823259e+02 -3.093907e+02 -2.741270e+02 7.477882e+03
<VARIANCE> 6
 7.308185e+02 9.583124e+05 5.586974e+06 4.227651e+03 4.487633e+05 1.421065e+08
<GCONST> 8.706605e+01
<MIXTURE> 10 7.288022e-02
<MEAN> 6
 -4.993164e+01 3.169735e+02 7.536574e+02 -2.126664e+02 1.757671e+03 6.666785e+03
<VARIANCE> 6
 2.950221e+02 1.419248e+06 3.103341e+06 1.785704e+04 1.090061e+06 9.399237e+08
<GCONST> 9.018114e+01
<MIXTURE> 11 7.903016e-02
<MEAN> 6
 6.767901e+01 1.114134e+02 2.832471e+02 -1.606292e+02 -9.655277e+02 -1.218735e+03
<VARIANCE> 6
 1.753608e+02 3.354616e+05 2.046241e+06 5.122616e+03 2.216247e+05 5.252976e+07
<GCONST> 8.207594e+01
<MIXTURE> 12 5.816310e-02
<MEAN> 6
 -3.991800e+01 -3.383236e+02 1.263570e+02 -1.576073e+01 6.608004e+02 -9.627898e+02
<VARIANCE> 6
 3.934193e+02 6.449826e+06 1.967198e+06 2.123349e+04 3.633349e+05 9.891692e+07
<GCONST> 8.835002e+01
<MIXTURE> 13 5.636608e-02
<MEAN> 6
 1.460082e+01 1.908075e+02 2.788918e+02 -3.201066e+02 -3.753015e+02 6.000541e+03
<VARIANCE> 6
 5.701022e+02 8.639844e+05 4.831386e+06 4.883630e+03 4.863784e+05 1.671963e+08
<GCONST> 8.695609e+01
<STATE> 5
<NUMMIXES> 13
<MIXTURE> 1 3.990063e-02
<MEAN> 6
 7.011208e+01 -6.360078e+02 1.897427e+03 -2.734445e+00 -3.511156e+00 -1.478830e+02
<VARIANCE> 6
 3.128982e+01 1.293270e+04 4.254241e+04 2.961554e+02 4.050157e+04 5.219723e+07
<GCONST> 6.866685e+01
<MIXTURE> 2 1.189213e-01
<MEAN> 6
 7.245859e+01 3.803425e+02 2.868268e+01 2.762799e-01 -1.554729e+01 3.730022e+01
<VARIANCE> 6
 3.128982e+01 2.144719e+05 3.592120e+05 2.961554e+02 4.050157e+04 5.219723e+07
<GCONST> 7.360868e+01
<MIXTURE> 3 4.466019e-02
<MEAN> 6
 5.106240e+01 1.620934e+02 1.121556e+02 -1.297015e+00 2.996156e+00 -1.158749e+02
<VARIANCE> 6
 3.128982e+01 1.293270e+04 3.013721e+05 2.961554e+02 4.050157e+04 5.219723e+07
<GCONST> 7.062469e+01
<MIXTURE> 4 7.493418e-02
<MEAN> 6
 8.488113e+01 -7.956884e+02 3.184731e+02 -1.549263e+00 -1.271903e+01 -1.564849e+02
<VARIANCE> 6
 3.828854e+01 1.364138e+04 2.710896e+04 2.961554e+02 4.050157e+04 5.219723e+07
<GCONST> 6.847141e+01
<MIXTURE> 5 6.260008e-02
<MEAN> 6
 8.781685e+01 -1.680034e+03 4.027900e+02 1.239737e-01 -8.352008e+00 -1.465073e+02
<VARIANCE> 6
 3.128982e+01 5.563461e+04 3.113587e+04 2.961554e+02 4.050157e+04 5.219723e+07
<GCONST> 6.981375e+01
<MIXTURE> 6 1.129449e-01
<MEAN> 6
 7.583581e+01 6.158627e+02 -7.800385e+02 -9.410353e-01 -8.367172e+00 -1.031974e+02
<VARIANCE> 6
 3.128982e+01 2.372430e+05 1.353773e+04 2.961554e+02 4.050157e+04 5.219723e+07
<GCONST> 7.043115e+01
<MIXTURE> 7 7.202370e-02
<MEAN> 6
 8.154161e+01 -6.665980e+02 4.300836e+01 5.543108e-01 -9.460316e+00 -1.228234e+02
<VARIANCE> 6
 3.128982e+01 1.293270e+04 1.353773e+04 2.961554e+02 4.050157e+04 5.219723e+07
<GCONST> 6.752183e+01
<MIXTURE> 8 6.199876e-02
<MEAN> 6
 7.301989e+01 2.474924e+01 -5.622363e+02 -5.270543e-01 -5.236393e+00 -1.972479e+02
<VARIANCE> 6
 3.128982e+01 1.966569e+04 1.681370e+04 2.961554e+02 4.050157e+04 5.219723e+07
<GCONST> 6.815765e+01
<MIXTURE> 9 8.608098e-02
<MEAN> 6
 8.136983e+01 -1.190652e+03 -1.127589e+02 -2.457799e+00 -6.626116e+00 -1.798487e+02
<VARIANCE> 6
 3.128982e+01 1.915744e+05 2.831462e+04 2.961554e+02 4.050157e+04 5.219723e+07
<GCONST> 7.095524e+01
<MIXTURE> 10 1.069841e-01
<MEAN> 6
 5.886273e+01 -3.241661e+02 -4.613737e+02 3.139260e-01 4.921536e-01 -8.965631e+01
<VARIANCE> 6
 3.128982e+01 1.293270e+04 5.789557e+04 2.961554e+02 4.050157e+04 5.219723e+07
<GCONST> 6.897498e+01
<MIXTURE> 11 6.390443e-02
<MEAN> 6
 6.455936e+01 -6.513034e+02 -6.513072e+02 -1.597407e-01 -5.644701e+00 -5.258748e+01
<VARIANCE> 6
 3.128982e+01 1.293270e+04 3.526708e+04 2.961554e+02 4.050157e+04 5.219723e+07
<GCONST> 6.847929e+01
<MIXTURE> 12 9.299773e-02
<MEAN> 6
 8.267891e+01 -8.280391e+02 1.655480e+02 -7.444704e-02 -5.059401e+00 -1.606580e+02
<VARIANCE> 6
 3.128982e+01 1.293270e+04 1.353773e+04 2.961554e+02 4.050157e+04 5.219723e+07
<GCONST> 6.752183e+01
<MIXTURE> 13 6.199110e-02
<MEAN> 6
 7.305287e+01 4.824491e-01 -5.750431e+02 -6.749764e-01 -6.060069e+00 -1.947094e+02
<VARIANCE> 6
 3.128982e+01 2.026179e+04 1.379757e+04 2.961554e+02 4.050157e+04 5.219723e+07
<GCONST> 6.798981e+01
<STATE> 6
<NUMMIXES> 13
<MIXTURE> 1 6.493445e-02
<MEAN> 6
 -4.470428e+01 1.430129e+02 7.955016e+01 -1.524518e+02 1.330134e+03 4.141861e+03
<VARIANCE> 6
 2.222192e+02 8.424533e+05 5.120177e+05 1.067054e+04 5.549087e+05 4.568365e+08
<GCONST> 8.566275e+01
<MIXTURE> 2 7.156845e-02
<MEAN> 6
 8.302081e+01 -1.602156e+02 2.227326e+02 -8.254572e+00 -7.161104e+01 -2.934550e+02
<VARIANCE> 6
 1.379286e+02 6.944602e+05 3.971103e+05 2.961554e+02 4.050157e+04 5.219723e+07
<GCONST> 7.636738e+01
<MIXTURE> 3 6.309756e-02
<MEAN> 6
 8.665678e+01 1.473900e+02 1.122088e+02 4.462362e+01 -1.059666e+03 -1.423048e+03
<VARIANCE> 6
 2.849634e+02 2.284838e+06 9.425771e+05 1.517696e+04 8.351771e+05 5.649952e+08
<GCONST> 8.849306e+01
<MIXTURE> 4 7.693934e-02
<MEAN> 6
 -1.142595e+01 7.122872e+01 -2.483111e+01 1.987313e+02 3.148719e+02 -5.532312e+03
<VARIANCE> 6
 1.557458e+02 4.241393e+05 2.086705e+05 7.887602e+03 1.314323e+05 6.822363e+07
<GCONST> 8.007941e+01
<MIXTURE> 5 1.192488e-01
<MEAN> 6
 7.000746e+01 -5.235583e+01 8.855285e+00 6.705934e+01 -4.547720e+02 -6.935709e+02
<VARIANCE> 6
 1.927530e+02 8.446822e+05 4.199290e+05 1.070070e+04 9.481495e+04 5.219723e+07
<GCONST> 8.139152e+01
<MIXTURE> 6 6.342866e-02
<MEAN> 6
 -4.270982e+01 1.104485e+02 1.151119e+02 1.046607e+02 9.282775e+02 1.599731e+01
<VARIANCE> 6
 1.144602e+02 4.774341e+05 1.971498e+05 9.968573e+03 1.577974e+05 5.219723e+07
<GCONST> 7.998219e+01
<MIXTURE> 7 1.034367e-01
<MEAN> 6
 -2.489544e-01 1.284474e+02 7.891465e+01 -2.212805e+02 1.020922e+02 2.487952e+03
<VARIANCE> 6
 4.839301e+02 5.087081e+05 3.698135e+05 4.856552e+03 1.431116e+05 1.026987e+08
<GCONST> 8.197636e+01
<MIXTURE> 8 1.133600e-01
<MEAN> 6
 3.099256e+01 1.139929e+02 -6.615034e+01 2.056563e+02 -2.479270e+02 -1.813306e+03
<VARIANCE> 6
 3.537341e+02 7.754210e+05 3.903131e+05 4.238201e+03 9.207436e+04 5.219723e+07
<GCONST> 8.088446e+01
<MIXTURE> 9 8.834966e-02
<MEAN> 6
 -5.287217e+01 -4.341935e+01 2.166225e+01 1.533777e+01 1.703206e+02 -7.789383e+01
<VARIANCE> 6
 2.202323e+02 5.131279e+05 4.449912e+05 5.387054e+02 5.518548e+04 5.219723e+07
<GCONST> 7.755420e+01
<MIXTURE> 10 8.832725e-02
<MEAN> 6
 6.946499e+01 6.983125e+01 2.085886e+01 -1.256324e+02 -7.862786e+02 8.227059e+02
<VARIANCE> 6
 2.431813e+02 4.918291e+05 2.329283e+05 7.803982e+03 1.321341e+05 5.219723e+07
<GCONST> 8.050994e+01
<MIXTURE> 11 2.982940e-02
<MEAN> 6
 2.796795e+01 4.185623e+01 -1.413252e+02 -2.951196e+01 -1.053703e+02 1.344545e+03
<VARIANCE> 6
 1.077005e+03 4.957367e+05 3.475050e+06 2.676795e+04 9.385852e+04 5.219723e+07
<GCONST> 8.559917e+01
<MIXTURE> 12 5.050234e-02
<MEAN> 6
 2.829655e+01 -5.055947e+02 2.582734e+00 -2.419819e+02 -3.481053e+02 5.543697e+03
<VARIANCE> 6
 4.741492e+02 3.829509e+06 3.090954e+05 5.548972e+03 2.116766e+05 1.260477e+08
<GCONST> 8.452480e+01
<MIXTURE> 13 6.653599e-02
<MEAN> 6
 -5.041364e+01 -1.002072e+02 -2.376277e+01 3.478486e+01 7.521368e+02 -1.291609e+03
<VARIANCE> 6
 1.274705e+02 4.620817e+05 3.081461e+05 7.905755e+03 1.020932e+05 5.538529e+07
<GCONST> 7.989578e+01
<STATE> 7
<NUMMIXES> 13
<MIXTURE> 1 4.601676e-02
<MEAN> 6
 9.034008e+01 1.026898e+03 1.977989e+03 -1.640690e+00 -6.940421e+00 5.138638e+02
<VARIANCE> 6
 3.128982e+01 1.800549e+05 7.547627e+04 2.961554e+02 4.050157e+04 5.219723e+07
<GCONST> 7.187366e+01
<MIXTURE> 2 1.106462e-01
<MEAN> 6
 1.114412e+02 1.478255e+03 -6.551296e+02 -7.605509e+00 -2.698079e+01 9.001981e+02
<VARIANCE> 6
 3.128982e+01 1.756988e+05 7.582942e+04 2.961554e+02 4.050157e+04 5.219723e+07
<GCONST> 7.185384e+01
<MIXTURE> 3 8.245655e-02
<MEAN> 6
 7.931973e+01 2.239728e+03 -1.162150e+03 -1.284805e+00 8.070660e-01 -2.758595e-01
<VARIANCE> 6
 3.128982e+01 1.263296e+05 1.353773e+04 2.961554e+02 4.050157e+04 5.219723e+07
<GCONST> 6.980096e+01
<MIXTURE> 4 6.963932e-02
<MEAN> 6
 6.027180e+01 2.375198e+03 8.259510e+02 1.002896e+00 -1.252062e+01 2.019068e+01
<VARIANCE> 6
 3.128982e+01 3.646189e+05 1.534068e+05 2.961554e+02 4.050157e+04 5.219723e+07
<GCONST> 7.328854e+01
<MIXTURE> 5 7.971926e-02
<MEAN> 6
 9.177273e+01 9.904712e+02 3.024069e+02 -4.287301e+00 2.269832e+00 -3.788890e+01
<VARIANCE> 6
 3.128982e+01 7.976335e+04 2.404837e+04 2.961554e+02 4.050157e+04 5.219723e+07
<GCONST> 6.991572e+01
<MIXTURE> 6 4.378498e-02
<MEAN> 6
 1.013135e+02 2.048896e+03 -1.528258e+03 -2.550313e+00 3.135714e+00 1.386478e+01
<VARIANCE> 6
 3.128982e+01 1.293270e+04 2.292263e+04 2.961554e+02 4.050157e+04 5.219723e+07
<GCONST> 6.804847e+01
<MIXTURE> 7 1.113745e-01
<MEAN> 6
 1.027327e+02 5.741666e+02 -4.112880e+02 -5.752037e+00 5.897664e+00 3.570786e+01
<VARIANCE> 6
 3.128982e+01 4.426657e+04 4.930623e+04 2.961554e+02 4.050157e+04 5.219723e+07
<GCONST> 7.004487e+01
<MIXTURE> 8 1.020989e-01
<MEAN> 6
 1.023217e+02 9.701158e+02 -1.158487e+03 -6.736026e+00 -1.338183e+01 1.143913e+02
<VARIANCE> 6
 3.128982e+01 1.366112e+05 1.426389e+04 2.961554e+02 4.050157e+04 5.219723e+07
<GCONST> 6.993146e+01
<MIXTURE> 9 5.540517e-02
<MEAN> 6
 6.172258e+01 1.513066e+03 4.527305e+02 -6.287416e+00 -4.647995e+01 5.429119e+02
<VARIANCE> 6
 3.128982e+01 1.248352e+06 1.373942e+06 2.961554e+02 4.050157e+04 5.219723e+07
<GCONST> 7.671160e+01
<MIXTURE> 10 8.179872e-02
<MEAN> 6
 8.746917e+01 1.194841e+03 -1.469829e+03 -4.462513e+00 -5.496076e+00 7.390000e+01
<VARIANCE> 6
 3.128982e+01 2.599164e+04 1.723235e+05 2.961554e+02 4.050157e+04 5.219723e+07
<GCONST> 7.076373e+01
<MIXTURE> 11 8.341409e-02
<MEAN> 6
 1.098422e+02 2.328946e+02 -6.691268e+02 -6.135294e+00 -1.274039e+01 4.407195e+02
<VARIANCE> 6
 3.128982e+01 6.961220e+04 2.677721e+04 2.961554e+02 4.050157e+04 5.219723e+07
<GCONST> 6.988708e+01
<MIXTURE> 12 6.770571e-02
<MEAN> 6
 9.265344e+01 6.269494e+02 -6.917107e+01 -2.667328e+00 1.620699e-01 4.846191e+01
<VARIANCE> 6
 3.128982e+01 5.832136e+04 8.656486e+04 2.961554e+02 4.050157e+04 5.219723e+07
<GCONST> 7.088345e+01
<MIXTURE> 13 6.592867e-02
<MEAN> 6
 6.166085e+01 1.679530e+03 7.154260e+02 -5.677638e+00 7.602739e-01 1.550128e+02
<VARIANCE> 6
 3.128982e+01 7.217221e+05 8.437577e+04 2.961554e+02 4.050157e+04 5.219723e+07
<GCONST> 7.337350e+01
<STATE> 8
<NUMMIXES> 13
<MIXTURE> 1 8.819774e-02
<MEAN> 6
 7.645460e+01 -6.753038e+03 1.674516e+04 -1.285962e+01 -9.808508e+01 1.858518e+03
<VARIANCE> 6
 2.209893e+02 9.839310e+06 7.410528e+07 6.335636e+03 5.325984e+05 1.222103e+08
<GCONST> 9.120899e+01
<MIXTURE> 2 7.489445e-02
<MEAN> 6
 1.014822e+02 -2.956577e+03 1.288744e+04 -9.885187e-02 -2.559916e+01 2.112966e+02
<VARIANCE> 6
 3.128982e+01 5.477762e+05 1.541454e+06 2.961554e+02 4.050157e+04 5.219723e+07
<GCONST> 7.600294e+01
<MIXTURE> 3 8.816382e-02
<MEAN> 6
 9.660715e+01 -3.937300e+03 8.606444e+03 -4.929873e+00 1.714523e+00 8.857540e+00
<VARIANCE> 6
 3.128982e+01 1.293270e+04 1.919216e+06 2.961554e+02 4.050157e+04 5.219723e+07
<GCONST> 7.247601e+01
<MIXTURE> 4 7.056263e-02
<MEAN> 6
 8.314714e+01 -4.709595e+03 1.047898e+04 -5.256003e-01 4.959978e-01 1.650803e+02
<VARIANCE> 6
 3.128982e+01 1.799338e+04 9.824659e+06 2.961554e+02 4.050157e+04 5.219723e+07
<GCONST> 7.443924e+01
<MIXTURE> 5 7.772589e-02
<MEAN> 6
 9.011787e+01 -4.284170e+03 5.341200e+03 -1.460198e+00 -5.343627e+00 -9.564835e+01
<VARIANCE> 6
 3.128982e+01 1.293270e+04 9.208419e+05 2.961554e+02 4.050157e+04 5.219723e+07
<GCONST> 7.174163e+01
<MIXTURE> 6 8.082118e-02
<MEAN> 6
 7.138088e+01 -3.040605e+03 2.702293e+03 -9.652751e-01 -1.614443e+01 2.333624e+02
<VARIANCE> 6
 3.128982e+01 2.509057e+05 2.124667e+05 2.961554e+02 4.050157e+04 5.219723e+07
<GCONST> 7.324045e+01
<MIXTURE> 7 1.138386e-01
<MEAN> 6
 9.062883e+01 -4.470299e+03 2.561332e+03 -1.210782e+00 -9.867515e+00 -4.043021e+02
<VARIANCE> 6
 3.128982e+01 1.293270e+04 3.769684e+05 2.961554e+02 4.050157e+04 5.219723e+07
<GCONST> 7.084850e+01
<MIXTURE> 8 7.490852e-02
<MEAN> 6
 7.533389e+01 -5.489879e+03 2.033634e+02 -4.378265e+00 2.040516e+01 -1.627973e+01
<VARIANCE> 6
 3.128982e+01 1.233453e+05 1.353773e+04 2.961554e+02 4.050157e+04 5.219723e+07
<GCONST> 6.977705e+01
<MIXTURE> 9 4.373732e-02
<MEAN> 6
 8.376025e+01 -4.506016e+03 6.463808e+03 -1.087589e-01 -7.601831e-01 -1.019113e+01
<VARIANCE> 6
 3.128982e+01 1.293270e+04 5.608889e+05 2.961554e+02 4.050157e+04 5.219723e+07
<GCONST> 7.124586e+01
<MIXTURE> 10 8.744296e-02
<MEAN> 6
 8.143800e+01 -3.857122e+03 1.509187e+03 -2.963798e+00 8.644901e+00 -1.901307e+02
<VARIANCE> 6
 3.128982e+01 5.365843e+04 1.649132e+04 2.961554e+02 4.050157e+04 5.219723e+07
<GCONST> 6.914206e+01
<MIXTURE> 11 7.755914e-02
<MEAN> 6
 8.241222e+01 -4.960868e+03 1.252103e+04 3.434881e-01 1.617514e+00 -1.368152e+01
<VARIANCE> 6
 3.128982e+01 1.293270e+04 2.592288e+06 2.961554e+02 4.050157e+04 5.219723e+07
<GCONST> 7.277664e+01
<MIXTURE> 12 3.858067e-02
<MEAN> 6
 8.586457e+01 -4.529161e+03 7.957861e+02 -3.042418e+01 -1.174687e+02 -1.281744e+03
<VARIANCE> 6
 3.128982e+01 4.782173e+04 7.917710e+05 2.961554e+02 3.349911e+05 1.094230e+08
<GCONST> 7.575130e+01
<MIXTURE> 13 8.355524e-02
<MEAN> 6
 8.853074e+01 -4.342690e+03 4.482692e+03 -1.647804e+00 -2.434530e+01 -3.203936e+02
<VARIANCE> 6
 3.128982e+01 1.293270e+04 6.389322e+05 2.961554e+02 4.050157e+04 5.219723e+07
<GCONST> 7.137614e+01
<STATE> 9
<NUMMIXES> 13
<MIXTURE> 1 8.110540e-02
<MEAN> 6
 8.882819e+01 1.735177e+02 1.986327e+03 -4.469706e+00 2.534840e+00 1.122485e+02
<VARIANCE> 6
 3.333649e+01 3.158888e+04 2.704185e+05 2.961554e+02 4.050157e+04 5.219723e+07
<GCONST> 7.147272e+01
<MIXTURE> 2 5.996341e-02
<MEAN> 6
 9.688249e+01 -1.074571e+02 2.243888e+01 -4.856699e+00 -6.114905e+00 8.541002e+01
<VARIANCE> 6
 3.468497e+01 3.666845e+04 1.353773e+04 2.961554e+02 4.050157e+04 5.219723e+07
<GCONST> 6.866700e+01
<MIXTURE> 3 1.025858e-01
<MEAN> 6
 9.026083e+01 4.146419e+02 -2.878529e+03 -2.481061e+00 2.661304e-01 3.403006e+01
<VARIANCE> 6
 3.128982e+01 1.865866e+04 5.611504e+05 2.961554e+02 4.050157e+04 5.219723e+07
<GCONST> 7.161288e+01
<MIXTURE> 4 9.446950e-02
<MEAN> 6
 7.419351e+01 5.697824e+01 -1.619266e+03 -3.136004e+00 6.745450e-01 -8.530898e+01
<VARIANCE> 6
 3.128982e+01 1.293270e+04 3.469677e+05 2.961554e+02 4.050157e+04 5.219723e+07
<GCONST> 7.076557e+01
<MIXTURE> 5 7.968707e-02
<MEAN> 6
 9.545725e+01 -6.881538e+02 -1.134693e+03 -4.071969e+00 -3.298038e+00 1.089313e+02
<VARIANCE> 6
 3.128982e+01 1.293270e+04 2.071332e+04 2.961554e+02 4.050157e+04 5.219723e+07
<GCONST> 6.794712e+01
<MIXTURE> 6 4.847995e-02
<MEAN> 6
 7.639864e+01 -6.509015e+02 -1.852215e+03 -4.888452e+00 9.758906e-01 9.162651e+01
<VARIANCE> 6
 3.128982e+01 7.586029e+04 1.353773e+04 2.961554e+02 4.050157e+04 5.219723e+07
<GCONST> 6.929096e+01
<MIXTURE> 7 5.294112e-02
<MEAN> 6
 8.558879e+01 -2.068447e+02 -8.814573e+02 -4.792733e+00 -2.435286e+00 2.802716e+02
<VARIANCE> 6
 3.128982e+01 7.641781e+04 4.356233e+05 2.961554e+02 4.050157e+04 5.219723e+07
<GCONST> 7.276958e+01
<MIXTURE> 8 1.033063e-01
<MEAN> 6
 9.313948e+01 -1.576605e+02 -1.983287e+03 -3.958303e+00 -6.887664e+00 -2.768304e+01
<VARIANCE> 6
 3.128982e+01 2.235818e+04 6.152704e+04 2.961554e+02 4.050157e+04 5.219723e+07
<GCONST> 6.958325e+01
<MIXTURE> 9 7.857198e-02
<MEAN> 6
 9.247398e+01 2.554324e+02 -3.226762e+02 -3.944813e+00 -1.469981e+00 6.854006e+01
<VARIANCE> 6
 3.128982e+01 1.293270e+04 3.313235e+04 2.961554e+02 4.050157e+04 5.219723e+07
<GCONST> 6.841685e+01
<MIXTURE> 10 8.811755e-02
<MEAN> 6
 8.858161e+01 -2.528226e+02 6.905912e+02 -2.726611e+00 -1.560804e+01 2.818329e+02
<VARIANCE> 6
 3.128982e+01 3.104776e+04 1.597945e+04 2.961554e+02 4.050157e+04 5.219723e+07
<GCONST> 6.856342e+01
<MIXTURE> 11 8.213329e-02
<MEAN> 6
 9.256174e+01 2.180833e+02 -4.149845e+02 -4.136071e+00 -1.523625e-01 6.304300e+01
<VARIANCE> 6
 3.128982e+01 1.294377e+04 1.957571e+04 2.961554e+02 4.050157e+04 5.219723e+07
<GCONST> 6.789149e+01
<MIXTURE> 12 6.879396e-02
<MEAN> 6
 9.368607e+01 -2.366991e+02 2.313105e+01 -3.448185e+00 3.365710e+00 9.266472e+00
<VARIANCE> 6
 3.128982e+01 1.293270e+04 1.353773e+04 2.961554e+02 4.050157e+04 5.219723e+07
<GCONST> 6.752183e+01
<MIXTURE> 13 5.981782e-02
<MEAN> 6
 8.459637e+01 -3.266250e+02 -1.041529e+03 -3.723165e+00 -7.928555e+00 3.656405e+02
<VARIANCE> 6
 3.128982e+01 2.479153e+05 2.473460e+05 2.961554e+02 4.050157e+04 5.219723e+07
<GCONST> 7.338046e+01
<STATE> 10
<NUMMIXES> 13
<MIXTURE> 1 7.569681e-02
<MEAN> 6
 8.718540e+01 -9.606016e+02 2.363782e+03 -4.510121e+00 -6.609321e+00 9.454696e+00
<VARIANCE> 6
 3.128982e+01 1.293270e+04 6.993828e+05 2.961554e+02 4.050157e+04 5.219723e+07
<GCONST> 7.146655e+01
<MIXTURE> 2 1.268875e-01
<MEAN> 6
 8.541876e+01 -2.239073e+03 -7.433200e+03 -6.251057e+00 -2.389429e+00 2.318879e+02
<VARIANCE> 6
 3.562062e+01 8.015796e+06 1.535352e+07 2.961554e+02 4.050157e+04 5.219723e+07
<GCONST> 8.111449e+01
<MIXTURE> 3 7.387333e-02
<MEAN> 6
 8.807108e+01 -7.601624e+02 3.569320e+02 -3.794120e+00 -1.756124e+00 5.249497e+01
<VARIANCE> 6
 3.128982e+01 1.293270e+04 1.353773e+04 2.961554e+02 4.050157e+04 5.219723e+07
<GCONST> 6.752183e+01
<MIXTURE> 4 9.333667e-02
<MEAN> 6
 7.473526e+01 -1.329836e+03 1.091829e+03 -3.650627e+00 4.447442e+00 3.651063e+00
<VARIANCE> 6
 3.128982e+01 2.546573e+04 1.363427e+04 2.961554e+02 4.050157e+04 5.219723e+07
<GCONST> 6.820650e+01
<MIXTURE> 5 7.047787e-02
<MEAN> 6
 6.804669e+01 -4.033618e+03 3.458918e+03 -9.610316e-01 -5.155694e+00 -1.504591e+02
<VARIANCE> 6
 3.128982e+01 2.489337e+04 1.353773e+04 2.961554e+02 4.050157e+04 5.219723e+07
<GCONST> 6.817667e+01
<MIXTURE> 6 5.037569e-02
<MEAN> 6
 8.132758e+01 -1.028983e+03 -1.273274e+03 -3.429822e+00 1.030651e+00 -5.331121e+01
<VARIANCE> 6
 3.128982e+01 1.293270e+04 1.353773e+04 2.961554e+02 4.050157e+04 5.219723e+07
<GCONST> 6.752183e+01
<MIXTURE> 7 6.455158e-02
<MEAN> 6
 8.299570e+01 -9.664806e+02 7.951095e+01 -6.740024e+00 1.550894e+00 7.504109e+00
<VARIANCE> 6
 5.819262e+01 3.161690e+04 1.353773e+04 2.961554e+02 4.050157e+04 5.219723e+07
<GCONST> 6.903622e+01
<MIXTURE> 8 6.681272e-02
<MEAN> 6
 8.382733e+01 -1.310808e+03 -6.570291e+01 -3.763703e+00 -4.295687e+00 -2.101885e+02
<VARIANCE> 6
 3.128982e+01 2.437185e+05 2.835657e+05 2.961554e+02 4.050157e+04 5.219723e+07
<GCONST> 7.350005e+01
<MIXTURE> 9 9.112858e-02
<MEAN> 6
 8.303320e+01 -7.306348e+02 1.717950e+03 -3.368424e+00 -1.299743e+01 8.758414e+01
<VARIANCE> 6
 3.128982e+01 1.683066e+04 9.851062e+05 2.961554e+02 4.050157e+04 5.219723e+07
<GCONST> 7.207254e+01
<MIXTURE> 10 9.772468e-02
<MEAN> 6
 8.190497e+01 -1.437601e+03 -1.242449e+02 -3.147638e+00 5.001431e-01 5.460516e+01
<VARIANCE> 6
 3.128982e+01 3.294879e+04 1.353773e+04 2.961554e+02 4.050157e+04 5.219723e+07
<GCONST> 6.845702e+01
<MIXTURE> 11 5.897558e-02
<MEAN> 6
 7.716470e+01 -8.685646e+02 5.099903e+02 -4.020516e+00 2.734062e-02 4.826350e+01
<VARIANCE> 6
 3.128982e+01 1.293270e+04 1.353773e+04 2.961554e+02 4.050157e+04 5.219723e+07
<GCONST> 6.752183e+01
<MIXTURE> 12 6.594174e-02
<MEAN> 6
 6.721474e+01 -4.257078e+03 3.385611e+03 -4.825980e-01 -8.186378e+00 -1.566339e+02
<VARIANCE> 6
 3.128982e+01 1.293270e+04 1.353773e+04 2.961554e+02 4.050157e+04 5.219723e+07
<GCONST> 6.752183e+01
<MIXTURE> 13 6.420882e-02
<MEAN> 6
 8.256297e+01 -1.063683e+03 5.037183e+01 -5.696228e+00 -3.235461e+00 1.978143e+01
<VARIANCE> 6
 5.919218e+01 2.383789e+04 1.353773e+04 2.961554e+02 4.050157e+04 5.219723e+07
<GCONST> 6.877084e+01
<STATE> 11
<NUMMIXES> 13
<MIXTURE> 1 1.077551e-01
<MEAN> 6
 7.420648e+01 4.156590e+02 6.108837e+02 -3.936415e+00 -6.275492e+00 3.846979e+01
<VARIANCE> 6
 3.128982e+01 2.675250e+04 1.484376e+04 2.961554e+02 4.050157e+04 5.219723e+07
<GCONST> 6.834080e+01
<MIXTURE> 2 6.406558e-02
<MEAN> 6
 7.873467e+01 6.084052e+02 1.856712e+02 -3.509735e+00 -3.340095e+00 2.210461e+01
<VARIANCE> 6
 3.128982e+01 6.957655e+04 1.094589e+05 2.961554e+02 4.050157e+04 5.219723e+07
<GCONST> 7.129456e+01
<MIXTURE> 3 1.023855e-01
<MEAN> 6
 7.469477e+01 1.037146e+03 3.650584e+01 -3.515164e+00 8.461132e+00 -9.770376e+01
<VARIANCE> 6
 3.128982e+01 1.725630e+04 2.163437e+04 2.961554e+02 4.050157e+04 5.219723e+07
<GCONST> 6.827905e+01
<MIXTURE> 4 1.040706e-01
<MEAN> 6
 7.955053e+01 3.931971e+02 -1.366425e+02 -1.797527e+00 -6.011413e+00 -6.684854e+01
<VARIANCE> 6
 3.128982e+01 2.811145e+04 1.371103e+04 2.961554e+02 4.050157e+04 5.219723e+07
<GCONST> 6.831097e+01
<MIXTURE> 5 3.232143e-02
<MEAN> 6
 7.922724e+01 4.133838e+02 2.016378e+02 -4.017574e+00 -8.023623e+00 1.466839e+02
<VARIANCE> 6
 3.128982e+01 1.681302e+05 4.349893e+05 2.961554e+02 4.050157e+04 5.219723e+07
<GCONST> 7.355665e+01
<MIXTURE> 6 5.722956e-02
<MEAN> 6
 7.512398e+01 1.180889e+03 -4.142378e+02 -3.131535e+00 6.360203e+00 -2.366009e+00
<VARIANCE> 6
 3.128982e+01 5.842614e+05 5.297883e+04 2.961554e+02 4.050157e+04 5.219723e+07
<GCONST> 7.269682e+01
<MIXTURE> 7 5.395873e-02
<MEAN> 6
 7.592202e+01 -2.849476e+02 -1.682616e+02 -2.005436e+00 -9.272908e+00 -3.728085e+00
<VARIANCE> 6
 3.128982e+01 1.293270e+04 1.387138e+04 2.961554e+02 4.050157e+04 5.219723e+07
<GCONST> 6.754617e+01
<MIXTURE> 8 1.135733e-01
<MEAN> 6
 7.837896e+01 -2.242686e+02 1.900886e+02 -1.520936e+00 -4.939105e+00 2.455861e+02
<VARIANCE> 6
 3.128982e+01 5.519117e+04 1.353773e+04 2.961554e+02 4.050157e+04 5.219723e+07
<GCONST> 6.897287e+01
<MIXTURE> 9 1.068431e-01
<MEAN> 6
 7.432354e+01 1.061624e+03 -4.008958e+02 -1.170611e+00 -7.384072e+00 8.898653e+01
<VARIANCE> 6
 3.128982e+01 1.652677e+05 5.442037e+04 2.961554e+02 4.050157e+04 5.219723e+07
<GCONST> 7.146089e+01
<MIXTURE> 10 2.288627e-02
<MEAN> 6
 7.902596e+01 4.054468e+02 2.923009e+02 -3.890649e+00 -2.156515e+00 2.059578e+02
<VARIANCE> 6
 3.128982e+01 2.253978e+05 2.011328e+04 2.961554e+02 4.050157e+04 5.219723e+07
<GCONST> 7.077583e+01
<MIXTURE> 11 8.751559e-02
<MEAN> 6
 7.484634e+01 8.606024e+02 -5.708602e+02 -1.693825e+00 -5.908372e+00 1.425821e+02
<VARIANCE> 6
 3.128982e+01 1.652243e+05 3.994207e+04 2.961554e+02 4.050157e+04 5.219723e+07
<GCONST> 7.115132e+01
<MIXTURE> 12 9.327582e-02
<MEAN> 6
 7.874861e+01 2.071506e+02 -3.271183e+02 -2.501838e+00 -2.584069e+00 -5.682775e+01
<VARIANCE> 6
 3.128982e+01 5.471438e+04 1.863923e+04 2.961554e+02 4.050157e+04 5.219723e+07
<GCONST> 6.928398e+01
<MIXTURE> 13 5.408680e-02
<MEAN> 6
 7.541348e+01 -2.930073e+02 -1.818871e+02 -2.479306e+00 -8.658374e+00 1.226639e+01
<VARIANCE> 6
 3.128982e+01 1.293270e+04 1.353773e+04 2.961554e+02 4.050157e+04 5.219723e+07
<GCONST> 6.752183e+01
<STATE> 12
<NUMMIXES> 13
<MIXTURE> 1 6.939142e-02
<MEAN> 6
 6.079821e+01 4.692636e+02 1.552301e+02 -6.766339e-01 -3.525573e+00 -1.372683e+02
<VARIANCE> 6
 3.128982e+01 1.293270e+04 1.353773e+04 2.961554e+02 4.050157e+04 5.219723e+07
<GCONST> 6.752183e+01
<MIXTURE> 2 5.140458e-02
<MEAN> 6
 6.194265e+01 -8.392010e+02 4.501075e+01 -2.353720e-03 -6.410701e+00 1.053356e+02
<VARIANCE> 6
 3.128982e+01 4.335612e+05 1.445890e+05 2.961554e+02 4.050157e+04 5.219723e+07
<GCONST> 7.340251e+01
<MIXTURE> 3 8.566318e-02
<MEAN> 6
 6.430225e+01 9.117199e+01 4.939545e+01 -4.256079e-01 -3.320016e+00 -1.595618e+02
<VARIANCE> 6
 3.128982e+01 1.293270e+04 1.353773e+04 2.961554e+02 4.050157e+04 5.219723e+07
<GCONST> 6.752183e+01
<MIXTURE> 4 5.304801e-02
<MEAN> 6
 5.607299e+01 1.061767e+02 -4.604731e+02 1.502073e-01 -1.319828e+00 9.253387e+01
<VARIANCE> 6
 3.128982e+01 1.293270e+04 1.353773e+04 2.961554e+02 4.050157e+04 5.219723e+07
<GCONST> 6.752183e+01
<MIXTURE> 5 6.767890e-02
<MEAN> 6
 6.098426e+01 1.581997e+02 3.957276e+02 8.036218e-01 -1.535300e+01 -1.601560e+02
<VARIANCE> 6
 3.128982e+01 1.293270e+04 1.353773e+04 2.961554e+02 4.050157e+04 5.219723e+07
<GCONST> 6.752183e+01
<MIXTURE> 6 7.317062e-02
<MEAN> 6
 6.305882e+01 7.141753e+01 5.457396e+00 -3.942377e-01 -3.742097e+00 -1.591970e+02
<VARIANCE> 6
 3.128982e+01 1.293270e+04 1.353773e+04 2.961554e+02 4.050157e+04 5.219723e+07
<GCONST> 6.752183e+01
<MIXTURE> 7 6.934394e-02
<MEAN> 6
 6.484798e+01 3.453777e+02 -1.912295e+02 -3.712707e-01 -1.116037e+01 -9.075803e+01
<VARIANCE> 6
 3.128982e+01 1.293270e+04 1.353773e+04 2.961554e+02 4.050157e+04 5.219723e+07
<GCONST> 6.752183e+01
<MIXTURE> 8 1.322384e-01
<MEAN> 6
 5.852068e+01 2.515703e+01 -1.197494e+02 1.561423e-01 -3.927018e+00 -1.475691e+02
<VARIANCE> 6
 3.128982e+01 1.293270e+04 1.353773e+04 2.961554e+02 4.050157e+04 5.219723e+07
<GCONST> 6.752183e+01
<MIXTURE> 9 1.303922e-01
<MEAN> 6
 5.857308e+01 2.533678e+01 -1.184768e+02 1.461021e-01 -3.941262e+00 -1.479961e+02
<VARIANCE> 6
 3.128982e+01 1.293270e+04 1.353773e+04 2.961554e+02 4.050157e+04 5.219723e+07
<GCONST> 6.752183e+01
<MIXTURE> 10 6.891476e-02
<MEAN> 6
 6.079721e+01 4.691348e+02 1.552200e+02 -6.757845e-01 -3.522913e+00 -1.372588e+02
<VARIANCE> 6
 3.128982e+01 1.293270e+04 1.353773e+04 2.961554e+02 4.050157e+04 5.219723e+07
<GCONST> 6.752183e+01
<MIXTURE> 11 6.913355e-02
<MEAN> 6
 6.484798e+01 3.453766e+02 -1.912285e+02 -3.712695e-01 -1.116038e+01 -9.075774e+01
<VARIANCE> 6
 3.128982e+01 1.293270e+04 1.353773e+04 2.961554e+02 4.050157e+04 5.219723e+07
<GCONST> 6.752183e+01
<MIXTURE> 12 6.200837e-02
<MEAN> 6
 5.903085e+01 2.623910e+01 -1.079581e+02 6.115241e-02 -4.017736e+00 -1.511105e+02
<VARIANCE> 6
 3.128982e+01 1.293270e+04 1.353773e+04 2.961554e+02 4.050157e+04 5.219723e+07
<GCONST> 6.752183e+01
<MIXTURE> 13 6.758241e-02
<MEAN> 6
 6.176255e+01 5.312735e+01 -3.434769e+01 -3.067939e-01 -4.048398e+00 -1.605176e+02
<VARIANCE> 6
 3.128982e+01 1.293270e+04 1.353773e+04 2.961554e+02 4.050157e+04 5.219723e+07
<GCONST> 6.752183e+01
<STATE> 13
<NUMMIXES> 13
<MIXTURE> 1 6.090137e-02
<MEAN> 6
 2.911608e+01 5.994590e+03 2.391636e+02 -4.616379e+01 8.999409e+01 1.188115e+03
<VARIANCE> 6
 3.120189e+03 7.095877e+07 1.433695e+06 2.305949e+04 5.099767e+05 1.187451e+08
<GCONST> 9.310673e+01
<MIXTURE> 2 8.383339e-02
<MEAN> 6
 4.091997e+01 2.370180e+03 -2.934720e+03 1.458436e+02 -1.709542e+02 -7.437258e+02
<VARIANCE> 6
 6.142820e+02 2.203987e+06 2.979575e+06 1.700292e+03 4.050157e+04 5.219723e+07
<GCONST> 8.277898e+01
<MIXTURE> 3 9.789882e-02
<MEAN> 6
 -3.491528e+01 1.234430e+03 -7.630367e+02 8.160874e+00 6.758969e+02 -1.499468e+02
<VARIANCE> 6
 1.164990e+02 2.150820e+06 4.307744e+06 1.535368e+04 1.098069e+05 5.475322e+07
<GCONST> 8.470636e+01
<MIXTURE> 4 9.688152e-02
<MEAN> 6
 1.270330e+01 -5.637136e+03 3.948006e+02 1.183204e+01 3.502094e+01 -1.958550e+02
<VARIANCE> 6
 2.858604e+03 2.641757e+05 1.335592e+05 2.074764e+04 1.912819e+05 5.219723e+07
<GCONST> 8.314425e+01
<MIXTURE> 5 1.304249e-01
<MEAN> 6
 7.930762e+01 8.271548e+02 -2.294378e+03 -1.090934e+01 -3.124163e+02 -1.430715e+02
<VARIANCE> 6
 1.414320e+02 3.716507e+06 2.728231e+06 7.894799e+03 7.265788e+04 5.219723e+07
<GCONST> 8.386456e+01
<MIXTURE> 6 7.445119e-02
<MEAN> 6
 8.917741e+01 1.097274e+03 -3.216910e+03 2.923093e-01 -2.705313e+01 -1.595956e+02
<VARIANCE> 6
 2.188185e+02 7.542902e+05 7.641643e+05 2.961554e+02 4.050157e+04 5.219723e+07
<GCONST> 7.756609e+01
<MIXTURE> 7 1.010776e-01
<MEAN> 6
 3.239236e+00 1.925464e+03 -2.776883e+03 -3.872943e+01 1.357695e+02 -2.826205e+01
<VARIANCE> 6
 3.815228e+02 2.603882e+06 1.752648e+06 2.734992e+04 4.698398e+04 5.219723e+07
<GCONST> 8.486515e+01
<MIXTURE> 8 8.985673e-02
<MEAN> 6
 2.525876e+01 4.125071e+02 1.294968e+03 3.822326e+00 -3.811470e+01 -1.390671e+01
<VARIANCE> 6
 1.010195e+03 7.424660e+05 6.855659e+05 7.709586e+03 4.283096e+04 5.219723e+07
<GCONST> 8.228667e+01
<MIXTURE> 9 4.716407e-02
<MEAN> 6
 9.692020e+01 -7.131033e+03 1.177598e+01 -8.940866e+00 -1.131098e+02 1.885172e+02
<VARIANCE> 6
 3.128982e+01 2.004523e+05 2.258829e+05 3.562423e+02 4.074437e+04 5.219723e+07
<GCONST> 7.326788e+01
<MIXTURE> 10 5.006178e-02
<MEAN> 6
 7.392800e+01 -1.478004e+02 -1.631559e+03 -7.625137e+01 -7.678166e+02 1.826057e+03
<VARIANCE> 6
 6.039743e+02 3.729654e+06 6.107406e+06 2.489181e+04 3.092130e+05 1.487590e+08
<GCONST> 8.976955e+01
<MIXTURE> 11 3.421156e-02
<MEAN> 6
 1.064130e+02 -9.315673e+02 -6.689974e+03 -6.535461e+00 2.635085e+00 7.712044e+01
<VARIANCE> 6
 5.324594e+01 1.026418e+05 3.318383e+05 2.961554e+02 4.050157e+04 5.219723e+07
<GCONST> 7.332410e+01
<MIXTURE> 12 5.484746e-02
<MEAN> 6
 -5.890810e+01 4.206820e+02 -5.652345e+02 -1.753358e+00 2.566400e+02 7.809029e+01
<VARIANCE> 6
 3.832963e+01 8.172651e+05 6.227324e+06 1.205181e+03 5.652717e+04 5.219723e+07
<GCONST> 7.973906e+01
<MIXTURE> 13 7.833219e-02
<MEAN> 6
 1.241144e+01 -4.745519e+02 6.363419e+02 -2.287484e+01 5.451878e+01 2.548112e+01
<VARIANCE> 6
 1.029953e+03 2.020408e+06 1.375851e+06 1.469837e+04 5.249607e+04 5.219723e+07
<GCONST> 8.485245e+01
<STATE> 14
<NUMMIXES> 13
<MIXTURE> 1 2.614635e-02
<MEAN> 6
 -7.519053e+00 -1.244321e+01 2.080467e+02 2.243833e+02 1.207605e+02 -1.228653e+04
<VARIANCE> 6
 8.063411e+02 8.172193e+04 5.573082e+05 6.054445e+03 5.149752e+05 2.148329e+08
<GCONST> 8.330752e+01
<MIXTURE> 2 8.494981e-02
<MEAN> 6
 2.319798e+01 2.526262e+01 1.372371e+02 -1.980429e+02 -1.529951e+02 4.512482e+03
<VARIANCE> 6
 2.748146e+02 2.562730e+05 4.775518e+04 4.994781e+03 1.892244e+05 1.020510e+08
<GCONST> 7.897902e+01
<MIXTURE> 3 5.654651e-02
<MEAN> 6
 6.911774e+01 -1.157404e+02 6.684260e+01 -5.856199e+00 -3.223974e+01 1.308985e+02
<VARIANCE> 6
 4.096456e+01 1.946225e+05 4.050217e+04 2.961554e+02 4.050157e+04 5.219723e+07
<GCONST> 7.159842e+01
<MIXTURE> 4 9.399480e-02
<MEAN> 6
 5.726083e+01 2.962323e+01 3.817149e+01 -4.009468e+01 -4.997820e+02 4.175705e+00
<VARIANCE> 6
 1.307431e+02 7.235460e+04 1.818037e+04 1.263432e+04 9.193004e+04 5.219723e+07
<GCONST> 7.554142e+01
<MIXTURE> 5 6.362268e-02
<MEAN> 6
 -4.511859e+01 9.338593e+01 -1.017943e+02 -3.091315e+01 1.241877e+03 1.118302e+03
<VARIANCE> 6
 9.468623e+01 1.133815e+05 6.881512e+04 1.724486e+04 3.162308e+05 2.347795e+08
<GCONST> 8.004917e+01
<MIXTURE> 6 1.011549e-01
<MEAN> 6
 6.596310e+01 -3.617151e+02 -3.506423e+01 2.168713e+01 -4.037535e+02 -5.369891e+02
<VARIANCE> 6
 1.204876e+02 5.887637e+05 1.257438e+05 5.621421e+03 1.089790e+05 5.219723e+07
<GCONST> 7.885038e+01
<MIXTURE> 7 8.853844e-02
<MEAN> 6
 -4.323418e+01 4.337646e+01 -3.568995e+01 4.434502e+01 5.872427e+02 -9.892476e+02
<VARIANCE> 6
 1.361960e+02 3.497112e+04 2.533876e+04 5.954513e+03 1.133577e+05 5.219723e+07
<GCONST> 7.464447e+01
<MIXTURE> 8 1.086624e-01
<MEAN> 6
 2.689810e+01 -6.522002e+00 -6.544910e+00 1.550049e+02 -2.116086e+02 -1.081587e+03
<VARIANCE> 6
 5.714606e+02 5.290716e+04 5.935890e+04 3.239201e+03 6.266099e+04 5.219723e+07
<GCONST> 7.614222e+01
<MIXTURE> 9 1.046030e-01
<MEAN> 6
 -2.870362e+01 7.476941e+01 -2.660719e+01 -7.562578e+00 1.837258e+02 2.824318e+01
<VARIANCE> 6
 1.085001e+02 1.463642e+05 1.224047e+05 5.823680e+03 5.261418e+04 5.219723e+07
<GCONST> 7.663393e+01
<MIXTURE> 10 8.712162e-02
<MEAN> 6
 1.143801e+01 -1.552820e+02 -2.879581e+01 1.325042e+02 6.525891e+01 -4.782315e+02
<VARIANCE> 6
 4.110470e+02 1.803045e+05 8.297099e+04 1.547531e+03 4.375996e+04 5.219723e+07
<GCONST> 7.627605e+01
<MIXTURE> 11 7.676637e-02
<MEAN> 6
 -1.076324e+01 -7.308226e+00 1.295677e+02 -1.836814e+02 3.260868e+02 2.357752e+03
<VARIANCE> 6
 2.496714e+02 5.521565e+04 4.967266e+04 3.514243e+03 2.408614e+05 1.818732e+08
<GCONST> 7.785500e+01
<MIXTURE> 12 5.077895e-02
<MEAN> 6
 6.718687e+01 -2.406945e+01 1.446096e+01 -4.753452e+01 -1.060178e+03 6.871033e+01
<VARIANCE> 6
 1.851353e+02 6.879555e+04 2.461484e+04 1.483422e+04 3.859992e+05 1.645137e+08
<GCONST> 7.888514e+01
<MIXTURE> 13 5.692254e-02
<MEAN> 6
 6.629733e+01 -1.528043e+02 -5.707487e+01 -2.963765e+00 -6.262780e+01 -3.481955e+01
<VARIANCE> 6
 3.128982e+01 1.175338e+05 5.560899e+04 2.961554e+02 4.050157e+04 5.219723e+07
<GCONST> 7.114165e+01
<TRANSP> 15
 0.000000e+00 1.000000e+00 0.000000e+00 0.000000e+00 0.000000e+00 0.000000e+00 0.000000e+00 0.000000e+00 0.000000e+00 0.000000e+00 0.000000e+00 0.000000e+00 0.000000e+00 0.000000e+00 0.000000e+00
 0.000000e+00 9.990363e-01 9.636754e-04 0.000000e+00 0.000000e+00 0.000000e+00 0.000000e+00 0.000000e+00 0.000000e+00 0.000000e+00 0.000000e+00 0.000000e+00 0.000000e+00 0.000000e+00 0.000000e+00
 0.000000e+00 0.000000e+00 9.994785e-01 5.214487e-04 0.000000e+00 0.000000e+00 0.000000e+00 0.000000e+00 0.000000e+00 0.000000e+00 0.000000e+00 0.000000e+00 0.000000e+00 0.000000e+00 0.000000e+00
 0.000000e+00 0.000000e+00 0.000000e+00 9.996867e-01 3.132764e-04 0.000000e+00 0.000000e+00 0.000000e+00 0.000000e+00 0.000000e+00 0.000000e+00 0.000000e+00 0.000000e+00 0.000000e+00 0.000000e+00
 0.000000e+00 0.000000e+00 0.000000e+00 0.000000e+00 9.991508e-01 8.492172e-04 0.000000e+00 0.000000e+00 0.000000e+00 0.000000e+00 0.000000e+00 0.000000e+00 0.000000e+00 0.000000e+00 0.000000e+00
 0.000000e+00 0.000000e+00 0.000000e+00 0.000000e+00 0.000000e+00 9.999142e-01 8.580869e-05 0.000000e+00 0.000000e+00 0.000000e+00 0.000000e+00 0.000000e+00 0.000000e+00 0.000000e+00 0.000000e+00
 0.000000e+00 0.000000e+00 0.000000e+00 0.000000e+00 0.000000e+00 0.000000e+00 9.974418e-01 2.558194e-03 0.000000e+00 0.000000e+00 0.000000e+00 0.000000e+00 0.000000e+00 0.000000e+00 0.000000e+00
 0.000000e+00 0.000000e+00 0.000000e+00 0.000000e+00 0.000000e+00 0.000000e+00 0.000000e+00 9.935201e-01 6.479851e-03 0.000000e+00 0.000000e+00 0.000000e+00 0.000000e+00 0.000000e+00 0.000000e+00
 0.000000e+00 0.000000e+00 0.000000e+00 0.000000e+00 0.000000e+00 0.000000e+00 0.000000e+00 0.000000e+00 9.982663e-01 1.733720e-03 0.000000e+00 0.000000e+00 0.000000e+00 0.000000e+00 0.000000e+00
 0.000000e+00 0.000000e+00 0.000000e+00 0.000000e+00 0.000000e+00 0.000000e+00 0.000000e+00 0.000000e+00 0.000000e+00 9.972594e-01 2.740613e-03 0.000000e+00 0.000000e+00 0.000000e+00 0.000000e+00
 0.000000e+00 0.000000e+00 0.000000e+00 0.000000e+00 0.000000e+00 0.000000e+00 0.000000e+00 0.000000e+00 0.000000e+00 0.000000e+00 9.982569e-01 1.743137e-03 0.000000e+00 0.000000e+00 0.000000e+00
 0.000000e+00 0.000000e+00 0.000000e+00 0.000000e+00 0.000000e+00 0.000000e+00 0.000000e+00 0.000000e+00 0.000000e+00 0.000000e+00 0.000000e+00 9.982826e-01 1.717363e-03 0.000000e+00 0.000000e+00
 0.000000e+00 0.000000e+00 0.000000e+00 0.000000e+00 0.000000e+00 0.000000e+00 0.000000e+00 0.000000e+00 0.000000e+00 0.000000e+00 0.000000e+00 0.000000e+00 9.992954e-01 7.045581e-04 0.000000e+00
 0.000000e+00 0.000000e+00 0.000000e+00 0.000000e+00 0.000000e+00 0.000000e+00 0.000000e+00 0.000000e+00 0.000000e+00 0.000000e+00 0.000000e+00 0.000000e+00 0.000000e+00 9.997645e-01 2.354800e-04
 0.000000e+00 0.000000e+00 0.000000e+00 0.000000e+00 0.000000e+00 0.000000e+00 0.000000e+00 0.000000e+00 0.000000e+00 0.000000e+00 0.000000e+00 0.000000e+00 0.000000e+00 0.000000e+00 0.000000e+00
<ENDHMM>
~h "QuintoPRIMARIA"
<BEGINHMM>
<NUMSTATES> 15
<STATE> 2
<NUMMIXES> 13
<MIXTURE> 1 6.790657e-02
<MEAN> 6
 -4.171389e+01 3.739682e+01 7.978091e+01 -1.081112e+02 1.410126e+03 3.241988e+03
<VARIANCE> 6
 3.475280e+02 7.719970e+04 3.012889e+05 3.054284e+04 7.730537e+05 6.922497e+08
<GCONST> 8.498853e+01
<MIXTURE> 2 2.118780e-02
<MEAN> 6
 3.398789e+01 -3.408577e+02 -4.972491e+02 -4.381663e+01 -3.331952e+02 3.254466e+03
<VARIANCE> 6
 2.127891e+03 1.398228e+06 3.319190e+06 3.370216e+04 7.610031e+05 1.549385e+08
<GCONST> 9.068234e+01
<MIXTURE> 3 8.262165e-02
<MEAN> 6
 7.870258e+01 5.316504e+01 8.805906e+01 -5.800845e+00 -4.774084e+01 -3.069540e+02
<VARIANCE> 6
 8.976982e+01 2.880455e+04 7.736455e+04 2.961554e+02 4.050157e+04 5.219723e+07
<GCONST> 7.111961e+01
<MIXTURE> 4 6.133149e-02
<MEAN> 6
 -3.359437e+00 3.477556e+00 2.018115e+02 2.327785e+02 2.776140e+02 -7.031354e+03
<VARIANCE> 6
 2.816011e+02 9.825742e+04 2.120612e+05 5.313728e+03 2.329124e+05 7.278796e+07
<GCONST> 7.946725e+01
<MIXTURE> 5 1.073764e-01
<MEAN> 6
 4.317412e+01 -7.081322e+00 -6.551783e+00 1.645005e+02 -2.619109e+02 -5.392252e+02
<VARIANCE> 6
 4.653646e+02 6.901180e+04 6.757191e+04 5.979548e+03 1.342619e+05 5.219723e+07
<GCONST> 7.770725e+01
<MIXTURE> 6 6.364809e-02
<MEAN> 6
 7.227999e+01 6.865125e+01 -1.764723e+02 6.316326e+01 -1.051325e+03 -1.455240e+03
<VARIANCE> 6
 6.895900e+02 1.055360e+05 2.042198e+05 3.059700e+04 1.087583e+06 6.443204e+08
<GCONST> 8.586895e+01
<MIXTURE> 7 1.058879e-01
<MEAN> 6
 6.011596e+01 -7.134418e+01 -9.546740e+00 -2.247797e-01 -1.867942e+01 -1.985302e+02
<VARIANCE> 6
 3.128982e+01 2.075892e+04 1.697798e+05 2.961554e+02 4.050157e+04 5.219723e+07
<GCONST> 7.052406e+01
<MIXTURE> 8 8.511978e-02
<MEAN> 6
 -4.680295e+01 -1.516718e+01 -3.720405e+00 1.884100e+01 2.160062e+02 -2.125460e+01
<VARIANCE> 6
 2.659732e+02 3.667913e+04 8.629997e+04 8.374655e+02 6.275880e+04 5.219723e+07
<GCONST> 7.403418e+01
<MIXTURE> 9 1.104451e-01
<MEAN> 6
 1.209941e+01 1.789102e+01 -1.873369e+01 -2.293756e+02 -1.225373e+02 4.164236e+03
<VARIANCE> 6
 5.429595e+02 4.472584e+04 1.000419e+05 6.038912e+03 3.203447e+05 1.636361e+08
<GCONST> 7.984223e+01
<MIXTURE> 10 7.075371e-02
<MEAN> 6
 7.721924e+01 1.064020e+02 -2.941532e+01 -2.708486e+01 -5.797880e+02 2.208885e+02
<VARIANCE> 6
 2.580156e+02 1.037574e+05 5.555789e+04 1.157439e+04 1.700262e+05 5.228016e+07
<GCONST> 7.822766e+01
<MIXTURE> 11 1.089437e-01
<MEAN> 6
 -4.066761e+01 -3.140349e+01 2.346838e+01 5.026004e+01 7.752573e+02 -4.411043e+02
<VARIANCE> 6
 2.934126e+02 9.586848e+04 6.200533e+04 1.465135e+04 1.420977e+05 5.219723e+07
<GCONST> 7.844165e+01
<MIXTURE> 12 4.752712e-02
<MEAN> 6
 7.192328e+01 -5.752442e+01 -1.130484e+02 -3.337744e+00 -3.243787e+01 -2.916357e+02
<VARIANCE> 6
 1.264219e+02 3.344507e+05 7.066623e+04 2.961554e+02 4.050157e+04 5.219723e+07
<GCONST> 7.382337e+01
<MIXTURE> 13 6.677984e-02
<MEAN> 6
 6.653180e+01 -1.885483e+01 -2.326247e+01 -9.022451e+01 -7.618124e+02 -1.266589e+03
<VARIANCE> 6
 2.319999e+02 1.211082e+05 7.453150e+04 1.243065e+04 1.920533e+05 5.219723e+07
<GCONST> 7.876141e+01
<STATE> 3
<NUMMIXES> 13
<MIXTURE> 1 6.104439e-02
<MEAN> 6
 8.239208e+01 -3.125198e+02 -1.684838e+03 7.512979e+00 -1.075818e+01 2.087836e+02
<VARIANCE> 6
 8.049455e+01 1.618823e+05 1.906634e+06 2.961554e+02 4.050157e+04 5.219723e+07
<GCONST> 7.594144e+01
<MIXTURE> 2 7.271205e-02
<MEAN> 6
 8.959954e+01 2.905667e+02 -1.198666e+03 -3.573124e+00 8.657299e+00 2.204419e+01
<VARIANCE> 6
 4.077229e+01 1.293270e+04 2.795075e+05 2.961554e+02 4.050157e+04 5.219723e+07
<GCONST> 7.081409e+01
<MIXTURE> 3 4.900018e-02
<MEAN> 6
 9.439642e+01 2.309781e+02 4.396432e+02 -4.568587e+00 3.534974e+01 -2.948586e+01
<VARIANCE> 6
 3.128982e+01 1.293270e+04 1.353773e+04 2.961554e+02 4.050157e+04 5.219723e+07
<GCONST> 6.752183e+01
<MIXTURE> 4 8.282900e-02
<MEAN> 6
 8.437702e+01 5.427206e+02 -2.650034e+02 -1.269107e+00 -8.937051e+00 -1.279492e+02
<VARIANCE> 6
 3.128982e+01 1.293270e+04 1.353773e+04 2.961554e+02 4.050157e+04 5.219723e+07
<GCONST> 6.752183e+01
<MIXTURE> 5 7.549163e-02
<MEAN> 6
 9.282658e+01 4.789128e+02 -1.488627e+02 -4.979139e+00 -1.788676e+01 2.345242e+02
<VARIANCE> 6
 3.128982e+01 3.929967e+05 1.353773e+04 2.961554e+02 4.050157e+04 5.219723e+07
<GCONST> 7.093587e+01
<MIXTURE> 6 6.391560e-02
<MEAN> 6
 6.473428e+01 7.558514e+02 -3.056819e+03 7.603964e-01 -7.569476e+00 -1.216895e+02
<VARIANCE> 6
 3.128982e+01 1.293270e+04 8.291245e+04 2.961554e+02 4.050157e+04 5.219723e+07
<GCONST> 6.933413e+01
<MIXTURE> 7 1.273659e-01
<MEAN> 6
 9.890536e+01 9.036129e+01 -1.028661e+02 -7.477593e+00 -2.070959e+01 5.636129e+02
<VARIANCE> 6
 3.128982e+01 1.293270e+04 1.784787e+04 2.961554e+02 4.050157e+04 5.219723e+07
<GCONST> 6.779823e+01
<MIXTURE> 8 5.428764e-02
<MEAN> 6
 9.047235e+01 -2.766946e+02 -1.820975e+02 -4.923654e+00 3.303765e+00 -1.253650e+02
<VARIANCE> 6
 3.128982e+01 7.554641e+05 1.353773e+04 2.961554e+02 4.050157e+04 5.219723e+07
<GCONST> 7.158940e+01
<MIXTURE> 9 7.054539e-02
<MEAN> 6
 9.160587e+01 -2.464558e+02 -1.598661e+02 -4.711147e+00 1.315918e+01 -1.333295e+02
<VARIANCE> 6
 3.128982e+01 1.293270e+04 6.137060e+04 2.961554e+02 4.050157e+04 5.219723e+07
<GCONST> 6.903327e+01
<MIXTURE> 10 8.302891e-02
<MEAN> 6
 8.435287e+01 5.391898e+02 -2.690340e+02 -1.223557e+00 -8.798340e+00 -1.235945e+02
<VARIANCE> 6
 3.128982e+01 1.293270e+04 1.353773e+04 2.961554e+02 4.050157e+04 5.219723e+07
<GCONST> 6.752183e+01
<MIXTURE> 11 1.078784e-01
<MEAN> 6
 9.414380e+01 -1.824313e+01 8.790743e+01 -7.720423e+00 -3.423053e+00 2.420679e+02
<VARIANCE> 6
 3.128982e+01 1.293270e+04 1.723983e+04 2.961554e+02 4.050157e+04 5.219723e+07
<GCONST> 6.776357e+01
<MIXTURE> 12 8.763602e-02
<MEAN> 6
 9.249015e+01 -2.819696e+02 -2.993503e+02 -4.389928e+00 8.620541e+00 -3.705106e+01
<VARIANCE> 6
 3.128982e+01 1.293270e+04 1.917687e+04 2.961554e+02 4.050157e+04 5.219723e+07
<GCONST> 6.787005e+01
<MIXTURE> 13 6.424779e-02
<MEAN> 6
 6.386609e+01 7.869036e+02 -3.199751e+03 7.274328e-01 -1.535330e+00 -3.384137e+01
<VARIANCE> 6
 3.128982e+01 1.293270e+04 6.903551e+04 2.961554e+02 4.050157e+04 5.219723e+07
<GCONST> 6.915096e+01
<STATE> 4
<NUMMIXES> 13
<MIXTURE> 1 6.845120e-02
<MEAN> 6
 8.039959e+01 -3.732841e+02 2.568887e+02 -1.994518e+00 7.432312e-01 -1.457042e+01
<VARIANCE> 6
 3.128982e+01 1.293270e+04 2.040581e+04 2.961554e+02 4.050157e+04 5.219723e+07
<GCONST> 6.793216e+01
<MIXTURE> 2 9.879503e-02
<MEAN> 6
 7.429401e+01 -1.462276e+03 -7.807194e+02 -1.599254e+00 -1.979406e+00 -7.484132e+01
<VARIANCE> 6
 3.128982e+01 3.088574e+04 4.758167e+04 2.961554e+02 4.050157e+04 5.219723e+07
<GCONST> 6.964933e+01
<MIXTURE> 3 7.556210e-02
<MEAN> 6
 7.296442e+01 -5.849499e+02 1.772094e+02 -1.729335e+00 -2.037866e+00 -3.859625e+01
<VARIANCE> 6
 3.128982e+01 1.293270e+04 1.353773e+04 2.961554e+02 4.050157e+04 5.219723e+07
<GCONST> 6.752183e+01
<MIXTURE> 4 3.682925e-02
<MEAN> 6
 9.123384e+01 -1.551133e+03 -1.547577e+03 7.766122e+00 -4.741946e+01 1.816312e+02
<VARIANCE> 6
 8.171185e+01 1.293270e+04 8.332443e+04 7.594202e+02 4.050157e+04 5.219723e+07
<GCONST> 7.124067e+01
<MIXTURE> 5 1.326134e-01
<MEAN> 6
 7.609261e+01 -8.012427e+02 6.226759e+00 7.535329e-02 -7.098537e-01 -6.361451e+01
<VARIANCE> 6
 3.128982e+01 1.293270e+04 2.119881e+04 2.961554e+02 4.050157e+04 5.219723e+07
<GCONST> 6.797029e+01
<MIXTURE> 6 1.091818e-01
<MEAN> 6
 7.173295e+01 -9.424483e+02 -5.175012e+02 -7.401789e-01 -1.461865e+01 9.797382e+01
<VARIANCE> 6
 3.128982e+01 2.353559e+04 2.185973e+04 2.961554e+02 4.050157e+04 5.219723e+07
<GCONST> 6.859975e+01
<MIXTURE> 7 1.077899e-01
<MEAN> 6
 8.096048e+01 -3.779885e+02 1.153466e+02 -4.742989e+00 3.707696e+00 -1.465621e+00
<VARIANCE> 6
 3.128982e+01 1.293270e+04 1.353773e+04 2.961554e+02 4.050157e+04 5.219723e+07
<GCONST> 6.752183e+01
<MIXTURE> 8 6.873684e-02
<MEAN> 6
 7.406310e+01 -1.285889e+03 -7.321919e+01 -5.969965e-01 -1.363762e+01 -8.680363e+01
<VARIANCE> 6
 3.128982e+01 1.293270e+04 3.817614e+04 2.961554e+02 4.050157e+04 5.219723e+07
<GCONST> 6.855856e+01
<MIXTURE> 9 8.326084e-02
<MEAN> 6
 7.918654e+01 -4.623520e+02 -4.166521e+01 -5.028004e+00 3.870664e+00 2.602233e+01
<VARIANCE> 6
 3.128982e+01 1.293270e+04 1.353773e+04 2.961554e+02 4.050157e+04 5.219723e+07
<GCONST> 6.752183e+01
<MIXTURE> 10 5.497075e-03
<MEAN> 6
 7.705003e+01 -1.418708e+03 -1.544577e+02 2.439731e+01 -4.087466e+02 2.296130e+03
<VARIANCE> 6
 4.543560e+01 2.700745e+06 4.002379e+05 6.171865e+02 9.920902e+04 5.219723e+07
<GCONST> 7.825311e+01
<MIXTURE> 11 7.585273e-02
<MEAN> 6
 7.295295e+01 -5.851733e+02 1.773312e+02 -1.724674e+00 -2.048518e+00 -3.859312e+01
<VARIANCE> 6
 3.128982e+01 1.293270e+04 1.353773e+04 2.961554e+02 4.050157e+04 5.219723e+07
<GCONST> 6.752183e+01
<MIXTURE> 12 6.717980e-02
<MEAN> 6
 8.054053e+01 -3.794628e+02 1.744847e+02 -3.453056e+00 2.395783e+00 -2.119140e+01
<VARIANCE> 6
 3.128982e+01 1.293270e+04 1.711652e+04 2.961554e+02 4.050157e+04 5.219723e+07
<GCONST> 6.775639e+01
<MIXTURE> 13 7.022703e-02
<MEAN> 6
 7.392257e+01 -1.298334e+03 -1.403082e+02 -8.882629e-03 -9.478242e+00 -4.992725e+01
<VARIANCE> 6
 3.128982e+01 1.293270e+04 2.911323e+04 2.961554e+02 4.050157e+04 5.219723e+07
<GCONST> 6.828754e+01
<STATE> 5
<NUMMIXES> 13
<MIXTURE> 1 9.450308e-03
<MEAN> 6
 -1.504370e+02 -2.089561e+03 -1.478502e+03 -9.276598e+01 -5.256885e+02 5.263368e+04
<VARIANCE> 6
 5.186652e+02 4.905616e+06 1.353773e+04 5.196904e+02 1.911922e+06 5.219723e+07
<GCONST> 8.068504e+01
<MIXTURE> 2 7.852717e-02
<MEAN> 6
 9.402906e+01 1.026911e+03 2.836861e+03 7.634177e-01 2.105149e+01 7.251934e+01
<VARIANCE> 6
 3.128982e+01 1.293270e+04 1.353773e+04 2.961554e+02 4.050157e+04 5.219723e+07
<GCONST> 6.752183e+01
<MIXTURE> 3 2.351864e-04
<MEAN> 6
 8.090067e+01 7.956326e+01 3.271462e+03 -8.867669e-01 -2.409157e+01 1.527477e+02
<VARIANCE> 6
 1.117833e+02 1.293270e+04 1.353773e+04 2.961554e+02 4.050157e+04 5.219723e+07
<GCONST> 6.879510e+01
<MIXTURE> 4 1.378074e-01
<MEAN> 6
 1.012841e+02 8.032166e+02 2.383127e+02 -3.887650e+00 4.670023e-01 2.824582e+01
<VARIANCE> 6
 3.128982e+01 1.368514e+04 6.289028e+05 2.961554e+02 4.050157e+04 5.219723e+07
<GCONST> 7.141687e+01
<MIXTURE> 5 1.130619e-02
<MEAN> 6
 8.188885e+01 8.374819e+01 -7.268573e+01 1.215041e-01 -8.598697e+01 -5.589155e+02
<VARIANCE> 6
 2.585307e+02 5.408402e+05 1.152579e+06 2.961554e+02 6.093522e+04 5.219723e+07
<GCONST> 7.821966e+01
<MIXTURE> 6 9.098396e-02
<MEAN> 6
 9.632024e+01 9.543702e+02 2.329894e+03 7.000315e-02 -6.251188e+00 -1.153607e+02
<VARIANCE> 6
 3.128982e+01 1.293270e+04 1.353773e+04 2.961554e+02 4.050157e+04 5.219723e+07
<GCONST> 6.752183e+01
<MIXTURE> 7 1.495018e-01
<MEAN> 6
 9.135784e+01 5.871758e+02 1.719088e+03 1.682933e+00 -5.743788e+00 -3.353087e+02
<VARIANCE> 6
 3.128982e+01 1.293270e+04 8.958119e+04 2.961554e+02 4.050157e+04 5.219723e+07
<GCONST> 6.941149e+01
<MIXTURE> 8 1.317203e-01
<MEAN> 6
 9.230657e+01 5.481719e+02 6.521652e+02 -3.852517e+00 1.161280e+01 3.152540e+02
<VARIANCE> 6
 3.128982e+01 1.293270e+04 1.643256e+05 2.961554e+02 4.050157e+04 5.219723e+07
<GCONST> 7.001820e+01
<MIXTURE> 9 9.252643e-02
<MEAN> 6
 9.735953e+01 8.990063e+02 1.877424e+03 -1.049820e+00 1.442115e+00 1.547387e+02
<VARIANCE> 6
 3.128982e+01 1.293270e+04 7.326523e+04 2.961554e+02 4.050157e+04 5.219723e+07
<GCONST> 6.921043e+01
<MIXTURE> 10 6.510615e-02
<MEAN> 6
 9.524699e+01 1.009081e+03 2.513811e+03 -1.085441e+00 -1.831068e+01 -2.739191e+02
<VARIANCE> 6
 3.128982e+01 1.293270e+04 2.073386e+04 2.961554e+02 4.050157e+04 5.219723e+07
<GCONST> 6.794811e+01
<MIXTURE> 11 5.928758e-02
<MEAN> 6
 8.055698e+01 7.793018e+02 -3.075378e+02 -2.439507e+01 7.610912e+01 2.026199e+02
<VARIANCE> 6
 3.128982e+01 4.021442e+04 1.552674e+05 2.961554e+02 4.050157e+04 5.219723e+07
<GCONST> 7.109596e+01
<MIXTURE> 12 8.151811e-02
<MEAN> 6
 9.630363e+01 9.213614e+02 2.247902e+03 3.382605e-01 8.784606e+00 7.254638e+01
<VARIANCE> 6
 3.128982e+01 1.293270e+04 1.388801e+04 2.961554e+02 4.050157e+04 5.219723e+07
<GCONST> 6.754737e+01
<MIXTURE> 13 9.201836e-02
<MEAN> 6
 9.781637e+01 8.868243e+02 1.728649e+03 -1.337801e+00 -1.282839e+00 1.082662e+02
<VARIANCE> 6
 3.128982e+01 1.293270e+04 1.165940e+05 2.961554e+02 4.050157e+04 5.219723e+07
<GCONST> 6.967504e+01
<STATE> 6
<NUMMIXES> 13
<MIXTURE> 1 2.947287e-03
<MEAN> 6
 7.330155e+01 -2.520002e+02 -1.019422e+02 -8.145819e-01 -9.363305e+01 -6.464286e+02
<VARIANCE> 6
 8.137883e+02 6.643834e+06 6.829704e+05 4.269211e+02 1.228789e+05 6.587626e+07
<GCONST> 8.265121e+01
<MIXTURE> 2 1.022498e-01
<MEAN> 6
 8.962400e+01 2.144754e+02 3.732691e+03 -5.115782e-02 -5.366667e+00 -1.540477e+02
<VARIANCE> 6
 3.128982e+01 1.293270e+04 1.353773e+04 2.961554e+02 4.050157e+04 5.219723e+07
<GCONST> 6.752183e+01
<MIXTURE> 3 1.105442e-01
<MEAN> 6
 8.920563e+01 5.703370e+02 -1.358732e+03 1.505851e+00 -1.332623e+01 -2.311461e+02
<VARIANCE> 6
 3.128982e+01 1.293270e+04 1.353773e+04 2.961554e+02 4.050157e+04 5.219723e+07
<GCONST> 6.752183e+01
<MIXTURE> 4 6.816111e-02
<MEAN> 6
 8.117873e+01 -3.530266e+02 2.599356e+03 -6.620888e-01 -1.000075e+01 -1.823729e+02
<VARIANCE> 6
 3.128982e+01 1.293270e+04 1.353773e+04 2.961554e+02 4.050157e+04 5.219723e+07
<GCONST> 6.752183e+01
<MIXTURE> 5 1.029193e-01
<MEAN> 6
 6.873147e+01 6.468110e+02 4.305179e+03 -6.342652e-02 -2.245725e+00 -9.207192e+01
<VARIANCE> 6
 3.128982e+01 1.293270e+04 1.353773e+04 2.961554e+02 4.050157e+04 5.219723e+07
<GCONST> 6.752183e+01
<MIXTURE> 6 5.871668e-02
<MEAN> 6
 8.800148e+01 3.389466e+02 -1.317962e+03 -2.632955e+00 4.315354e+00 4.784987e+01
<VARIANCE> 6
 3.128982e+01 1.293270e+04 1.353773e+04 2.961554e+02 4.050157e+04 5.219723e+07
<GCONST> 6.752183e+01
<MIXTURE> 7 8.713491e-02
<MEAN> 6
 7.161663e+01 -3.558453e+01 3.324724e+03 3.413652e-01 -2.532969e+00 -8.318275e+01
<VARIANCE> 6
 3.128982e+01 1.293270e+04 1.353773e+04 2.961554e+02 4.050157e+04 5.219723e+07
<GCONST> 6.752183e+01
<MIXTURE> 8 1.024918e-01
<MEAN> 6
 6.873148e+01 6.468101e+02 4.305179e+03 -6.342409e-02 -2.245854e+00 -9.207351e+01
<VARIANCE> 6
 3.128982e+01 1.293270e+04 1.353773e+04 2.961554e+02 4.050157e+04 5.219723e+07
<GCONST> 6.752183e+01
<MIXTURE> 9 1.013550e-01
<MEAN> 6
 8.962400e+01 2.144753e+02 3.732691e+03 -5.115692e-02 -5.366673e+00 -1.540473e+02
<VARIANCE> 6
 3.128982e+01 1.293270e+04 1.353773e+04 2.961554e+02 4.050157e+04 5.219723e+07
<GCONST> 6.752183e+01
<MIXTURE> 10 4.943348e-02
<MEAN> 6
 8.074138e+01 -4.962104e+02 2.246566e+03 1.232059e-01 -1.236405e+00 4.807527e+01
<VARIANCE> 6
 3.128982e+01 1.293270e+04 1.871241e+04 2.961554e+02 4.050157e+04 5.219723e+07
<GCONST> 6.784553e+01
<MIXTURE> 11 8.691895e-02
<MEAN> 6
 7.161662e+01 -3.558502e+01 3.324721e+03 3.413954e-01 -2.532973e+00 -8.317644e+01
<VARIANCE> 6
 3.128982e+01 1.293270e+04 1.353773e+04 2.961554e+02 4.050157e+04 5.219723e+07
<GCONST> 6.752183e+01
<MIXTURE> 12 6.804349e-02
<MEAN> 6
 8.117121e+01 -3.574758e+02 2.594292e+03 -5.821308e-01 -8.983713e+00 -1.635481e+02
<VARIANCE> 6
 3.128982e+01 1.293270e+04 1.353773e+04 2.961554e+02 4.050157e+04 5.219723e+07
<GCONST> 6.752183e+01
<MIXTURE> 13 5.908023e-02
<MEAN> 6
 8.863206e+01 3.172997e+02 -1.315338e+03 -3.207581e+00 2.821869e+00 5.135432e+01
<VARIANCE> 6
 3.128982e+01 1.293270e+04 1.353773e+04 2.961554e+02 4.050157e+04 5.219723e+07
<GCONST> 6.752183e+01
<STATE> 7
<NUMMIXES> 13
<MIXTURE> 1 9.018857e-02
<MEAN> 6
 8.257736e+01 1.958889e+03 -2.110935e+02 -1.222804e+00 -1.282488e+01 -3.548574e+02
<VARIANCE> 6
 3.128982e+01 4.250313e+05 3.759712e+04 2.961554e+02 4.050157e+04 5.219723e+07
<GCONST> 7.203568e+01
<MIXTURE> 2 9.954608e-02
<MEAN> 6
 5.964600e+01 -3.350378e+02 -1.262137e+03 1.606566e+00 -3.019098e+00 -1.044317e+02
<VARIANCE> 6
 3.128982e+01 1.293270e+04 1.869405e+04 2.961554e+02 4.050157e+04 5.219723e+07
<GCONST> 6.784455e+01
<MIXTURE> 3 9.545629e-02
<MEAN> 6
 6.966325e+01 1.169032e+03 -4.162730e+02 -7.954037e-01 5.249177e-01 -1.170731e+02
<VARIANCE> 6
 3.128982e+01 1.293270e+04 1.353773e+04 2.961554e+02 4.050157e+04 5.219723e+07
<GCONST> 6.752183e+01
<MIXTURE> 4 8.025475e-02
<MEAN> 6
 7.097089e+01 1.143146e+03 -1.641093e+03 1.356023e+00 1.950122e+00 -1.607939e+02
<VARIANCE> 6
 3.128982e+01 2.516292e+04 3.981402e+04 2.961554e+02 4.050157e+04 5.219723e+07
<GCONST> 6.926617e+01
<MIXTURE> 5 3.658826e-02
<MEAN> 6
 7.094817e+01 -1.751398e+03 -1.126374e+03 3.391024e+00 -7.708382e+00 -1.838088e+02
<VARIANCE> 6
 4.242218e+01 4.743914e+05 1.398010e+05 2.961554e+02 4.050157e+04 5.219723e+07
<GCONST> 7.376322e+01
<MIXTURE> 6 6.717449e-02
<MEAN> 6
 7.100163e+01 -7.690320e+02 -1.470486e+03 -1.358960e-01 -7.446297e-01 4.437441e+01
<VARIANCE> 6
 3.128982e+01 1.293270e+04 1.518712e+04 2.961554e+02 4.050157e+04 5.219723e+07
<GCONST> 6.763680e+01
<MIXTURE> 7 6.964472e-02
<MEAN> 6
 6.644940e+01 1.344098e+03 -6.475106e+02 -8.939945e-01 -3.839241e-01 -5.129399e+01
<VARIANCE> 6
 3.128982e+01 1.293270e+04 1.353773e+04 2.961554e+02 4.050157e+04 5.219723e+07
<GCONST> 6.752183e+01
<MIXTURE> 8 8.427277e-02
<MEAN> 6
 5.829348e+01 1.032730e+03 -1.068928e+03 -4.843388e-01 -1.200793e+01 -1.090815e+02
<VARIANCE> 6
 3.128982e+01 1.487745e+04 1.353773e+04 2.961554e+02 4.050157e+04 5.219723e+07
<GCONST> 6.766191e+01
<MIXTURE> 9 5.547107e-02
<MEAN> 6
 5.771812e+01 -3.839122e+02 -1.509183e+03 4.379571e+00 1.419369e+00 -1.276300e+02
<VARIANCE> 6
 3.128982e+01 1.293270e+04 1.819840e+04 2.961554e+02 4.050157e+04 5.219723e+07
<GCONST> 6.781768e+01
<MIXTURE> 10 6.183966e-02
<MEAN> 6
 7.353033e+01 1.938821e+03 -7.535252e+02 1.059674e-02 -2.308734e+00 -8.745928e+01
<VARIANCE> 6
 3.128982e+01 8.342720e+04 2.911367e+04 2.961554e+02 4.050157e+04 5.219723e+07
<GCONST> 7.015176e+01
<MIXTURE> 11 1.155167e-01
<MEAN> 6
 5.713599e+01 -8.778508e+03 -1.988717e+03 -5.908371e-01 -6.833391e+00 -9.332307e+01
<VARIANCE> 6
 3.128982e+01 2.075147e+07 3.240949e+04 2.961554e+02 4.050157e+04 5.219723e+07
<GCONST> 7.577541e+01
<MIXTURE> 12 7.367505e-02
<MEAN> 6
 6.968031e+01 -6.580411e+02 -1.713141e+03 -1.068290e+00 -1.539374e+01 -1.613774e+02
<VARIANCE> 6
 3.128982e+01 1.293270e+04 1.353773e+04 2.961554e+02 4.050157e+04 5.219723e+07
<GCONST> 6.752183e+01
<MIXTURE> 13 7.036062e-02
<MEAN> 6
 6.633786e+01 1.341049e+03 -6.584034e+02 -9.327437e-01 -2.511766e-01 -4.449036e+01
<VARIANCE> 6
 3.128982e+01 1.293270e+04 1.353773e+04 2.961554e+02 4.050157e+04 5.219723e+07
<GCONST> 6.752183e+01
<STATE> 8
<NUMMIXES> 13
<MIXTURE> 1 1.265483e-01
<MEAN> 6
 8.277428e+01 5.623796e+01 4.201763e+01 -2.654420e+00 1.365756e+00 8.048326e+01
<VARIANCE> 6
 3.128982e+01 2.360206e+04 1.353773e+04 2.961554e+02 4.050157e+04 5.219723e+07
<GCONST> 6.812340e+01
<MIXTURE> 2 8.457085e-04
<MEAN> 6
 6.730189e+01 1.127519e+02 2.192150e+02 -1.306301e+01 -3.245152e+02 -5.691512e+03
<VARIANCE> 6
 1.448384e+03 1.430856e+06 2.656684e+06 6.006589e+02 2.357614e+05 1.573365e+08
<GCONST> 8.491434e+01
<MIXTURE> 3 1.219217e-01
<MEAN> 6
 8.465575e+01 5.865984e+01 -2.111134e+02 3.081235e-01 -4.882033e+00 -9.206073e+00
<VARIANCE> 6
 3.128982e+01 1.293270e+04 1.353773e+04 2.961554e+02 4.050157e+04 5.219723e+07
<GCONST> 6.752183e+01
<MIXTURE> 4 4.112694e-02
<MEAN> 6
 8.479105e+01 6.132224e+01 -2.029393e+02 2.456118e-01 -5.042729e+00 -1.330934e+01
<VARIANCE> 6
 3.128982e+01 1.293270e+04 1.353773e+04 2.961554e+02 4.050157e+04 5.219723e+07
<GCONST> 6.752183e+01
<MIXTURE> 5 7.651518e-02
<MEAN> 6
 8.370844e+01 -2.078226e-01 3.701720e+01 -2.788035e+00 2.824902e+00 6.176824e+01
<VARIANCE> 6
 3.128982e+01 1.293270e+04 1.353773e+04 2.961554e+02 4.050157e+04 5.219723e+07
<GCONST> 6.752183e+01
<MIXTURE> 6 6.902827e-02
<MEAN> 6
 8.474834e+01 6.052290e+01 -2.055956e+02 2.664623e-01 -4.993232e+00 -1.195639e+01
<VARIANCE> 6
 3.128982e+01 1.293270e+04 1.353773e+04 2.961554e+02 4.050157e+04 5.219723e+07
<GCONST> 6.752183e+01
<MIXTURE> 7 9.297245e-02
<MEAN> 6
 8.018369e+01 -2.013502e+02 -3.425004e+02 -1.077409e+00 1.664387e-01 6.008985e+01
<VARIANCE> 6
 3.128982e+01 1.293270e+04 1.353773e+04 2.961554e+02 4.050157e+04 5.219723e+07
<GCONST> 6.752183e+01
<MIXTURE> 8 7.626493e-02
<MEAN> 6
 8.500864e+01 -1.478953e+02 2.182129e+01 -2.199098e+00 9.536550e-01 1.166682e+00
<VARIANCE> 6
 3.128982e+01 1.293270e+04 1.353773e+04 2.961554e+02 4.050157e+04 5.219723e+07
<GCONST> 6.752183e+01
<MIXTURE> 9 9.549453e-02
<MEAN> 6
 7.821473e+01 -5.979871e+01 6.751819e+01 -3.540806e+00 1.141635e+01 8.791170e+01
<VARIANCE> 6
 3.984652e+01 1.293270e+04 1.353773e+04 2.961554e+02 4.050157e+04 5.219723e+07
<GCONST> 6.776357e+01
<MIXTURE> 10 7.968929e-02
<MEAN> 6
 7.958552e+01 -2.812361e+02 -3.317429e+02 -2.060973e+00 -4.538749e-01 7.538635e+01
<VARIANCE> 6
 3.128982e+01 1.702242e+04 1.353773e+04 2.961554e+02 4.050157e+04 5.219723e+07
<GCONST> 6.779660e+01
<MIXTURE> 11 6.799037e-02
<MEAN> 6
 8.448421e+01 5.477630e+01 -2.206898e+02 3.742610e-01 -4.673960e+00 -4.683902e+00
<VARIANCE> 6
 3.128982e+01 1.293270e+04 1.353773e+04 2.961554e+02 4.050157e+04 5.219723e+07
<GCONST> 6.752183e+01
<MIXTURE> 12 7.720390e-02
<MEAN> 6
 8.511322e+01 -1.616281e+02 2.259145e+01 -2.148955e+00 8.013580e-01 -7.659797e+00
<VARIANCE> 6
 3.128982e+01 1.293270e+04 1.353773e+04 2.961554e+02 4.050157e+04 5.219723e+07
<GCONST> 6.752183e+01
<MIXTURE> 13 7.438137e-02
<MEAN> 6
 8.371972e+01 -4.337676e+01 2.962918e+01 -2.699174e+00 1.887156e+00 6.088163e+01
<VARIANCE> 6
 3.128982e+01 1.393284e+04 1.353773e+04 2.961554e+02 4.050157e+04 5.219723e+07
<GCONST> 6.759631e+01
<STATE> 9
<NUMMIXES> 13
<MIXTURE> 1 6.355535e-02
<MEAN> 6
 7.438223e+01 -5.329670e+01 4.310298e+02 -2.013336e+00 -6.348533e+00 1.108729e+02
<VARIANCE> 6
 3.128982e+01 1.293270e+04 1.353773e+04 2.961554e+02 4.050157e+04 5.219723e+07
<GCONST> 6.752183e+01
<MIXTURE> 2 1.107538e-01
<MEAN> 6
 7.055004e+01 4.702783e+02 -2.331356e+02 -1.321494e+00 -7.705657e+00 -5.849040e+01
<VARIANCE> 6
 3.128982e+01 1.293270e+04 1.353773e+04 2.961554e+02 4.050157e+04 5.219723e+07
<GCONST> 6.752183e+01
<MIXTURE> 3 1.004831e-01
<MEAN> 6
 6.312429e+01 5.222615e+01 -2.865162e+02 -1.179963e+00 -5.281841e-01 -1.238386e+01
<VARIANCE> 6
 3.128982e+01 1.293270e+04 1.353773e+04 2.961554e+02 4.050157e+04 5.219723e+07
<GCONST> 6.752183e+01
<MIXTURE> 4 5.446466e-02
<MEAN> 6
 6.993912e+01 3.178822e+02 1.735034e+02 -2.742435e+00 2.624566e+00 -2.167831e+01
<VARIANCE> 6
 3.128982e+01 1.293270e+04 1.353773e+04 2.961554e+02 4.050157e+04 5.219723e+07
<GCONST> 6.752183e+01
<MIXTURE> 5 6.855581e-02
<MEAN> 6
 6.442070e+01 6.625591e+01 -3.993106e+02 -5.617535e-01 -4.448851e+00 -6.819910e+01
<VARIANCE> 6
 3.128982e+01 1.293270e+04 1.353773e+04 2.961554e+02 4.050157e+04 5.219723e+07
<GCONST> 6.752183e+01
<MIXTURE> 6 4.506947e-02
<MEAN> 6
 6.002472e+01 4.417197e+02 4.363114e+02 4.071006e+00 -1.181944e+01 1.937221e+01
<VARIANCE> 6
 5.647212e+01 1.293270e+04 3.810705e+04 2.961554e+02 4.050157e+04 5.219723e+07
<GCONST> 6.914720e+01
<MIXTURE> 7 9.128593e-02
<MEAN> 6
 6.684667e+01 1.694952e+02 1.222283e+02 -2.097557e+00 -1.385588e+00 -7.331736e+01
<VARIANCE> 6
 3.128982e+01 1.293270e+04 1.353773e+04 2.961554e+02 4.050157e+04 5.219723e+07
<GCONST> 6.752183e+01
<MIXTURE> 8 8.988337e-02
<MEAN> 6
 6.995924e+01 7.859560e+02 -2.469212e+02 -1.745944e-01 -8.042550e+00 -1.642505e+02
<VARIANCE> 6
 3.128982e+01 4.862495e+04 1.353773e+04 2.961554e+02 4.050157e+04 5.219723e+07
<GCONST> 6.884621e+01
<MIXTURE> 9 9.900133e-02
<MEAN> 6
 6.318628e+01 5.426670e+01 -2.922696e+02 -1.161748e+00 -7.194030e-01 -1.464608e+01
<VARIANCE> 6
 3.128982e+01 1.293270e+04 1.353773e+04 2.961554e+02 4.050157e+04 5.219723e+07
<GCONST> 6.752183e+01
<MIXTURE> 10 9.198668e-02
<MEAN> 6
 6.679725e+01 1.672333e+02 1.219297e+02 -2.094451e+00 -1.488516e+00 -7.380070e+01
<VARIANCE> 6
 3.128982e+01 1.293270e+04 1.353773e+04 2.961554e+02 4.050157e+04 5.219723e+07
<GCONST> 6.752183e+01
<MIXTURE> 11 6.788390e-02
<MEAN> 6
 6.461339e+01 5.574224e+01 -4.194122e+02 -3.347293e-01 -5.491043e+00 -8.324088e+01
<VARIANCE> 6
 3.128982e+01 1.293270e+04 1.353773e+04 2.961554e+02 4.050157e+04 5.219723e+07
<GCONST> 6.752183e+01
<MIXTURE> 12 6.307752e-02
<MEAN> 6
 7.574018e+01 -9.549751e+01 4.369034e+02 -1.684822e+00 -1.223251e+01 1.526176e+02
<VARIANCE> 6
 3.128982e+01 1.299436e+04 1.353773e+04 2.961554e+02 4.050157e+04 5.219723e+07
<GCONST> 6.752658e+01
<MIXTURE> 13 5.393875e-02
<MEAN> 6
 6.844337e+01 2.424552e+02 1.326440e+02 -2.176712e+00 8.272798e-01 -5.073236e+01
<VARIANCE> 6
 3.128982e+01 1.293270e+04 1.353773e+04 2.961554e+02 4.050157e+04 5.219723e+07
<GCONST> 6.752183e+01
<STATE> 10
<NUMMIXES> 13
<MIXTURE> 1 2.112019e-02
<MEAN> 6
 7.388896e+01 -4.528084e+02 -1.946215e+02 -2.951989e+01 -8.224120e+02 -1.706570e+04
<VARIANCE> 6
 2.189756e+02 3.695753e+05 3.554801e+05 2.961554e+02 1.394109e+05 8.575491e+07
<GCONST> 7.782063e+01
<MIXTURE> 2 1.084730e-01
<MEAN> 6
 9.974886e+01 -5.005043e+02 -5.426577e+02 -1.471521e+00 -2.022678e+00 -5.382458e+01
<VARIANCE> 6
 3.202964e+01 1.293270e+04 1.353773e+04 2.961554e+02 4.050157e+04 5.219723e+07
<GCONST> 6.754520e+01
<MIXTURE> 3 8.191004e-02
<MEAN> 6
 6.108973e+01 1.520304e+01 -6.825535e+02 -2.909372e+00 -4.998275e+00 -8.038181e+01
<VARIANCE> 6
 3.128982e+01 1.293270e+04 1.353773e+04 2.961554e+02 4.050157e+04 5.219723e+07
<GCONST> 6.752183e+01
<MIXTURE> 4 5.267787e-02
<MEAN> 6
 9.780674e+01 -4.986823e+02 -5.418550e+02 -9.906293e-01 -2.407872e+00 -7.950470e+01
<VARIANCE> 6
 3.128982e+01 1.293270e+04 1.353773e+04 2.961554e+02 4.050157e+04 5.219723e+07
<GCONST> 6.752183e+01
<MIXTURE> 5 9.582526e-02
<MEAN> 6
 7.654441e+01 9.181235e+01 -7.345920e+02 -2.243878e+00 -2.635218e+01 1.534936e+02
<VARIANCE> 6
 3.128982e+01 1.293270e+04 1.353773e+04 2.961554e+02 4.050157e+04 5.219723e+07
<GCONST> 6.752183e+01
<MIXTURE> 6 1.000706e-01
<MEAN> 6
 7.017331e+01 -3.443165e+02 -5.905997e+02 -7.520043e-01 -1.453554e+01 -9.174732e+01
<VARIANCE> 6
 3.128982e+01 1.293270e+04 1.353773e+04 2.961554e+02 4.050157e+04 5.219723e+07
<GCONST> 6.752183e+01
<MIXTURE> 7 1.094811e-01
<MEAN> 6
 6.376899e+01 4.771015e+02 -8.465282e+02 -5.219555e-01 -1.876244e+00 1.491795e+01
<VARIANCE> 6
 3.128982e+01 1.293270e+04 1.353773e+04 2.961554e+02 4.050157e+04 5.219723e+07
<GCONST> 6.752183e+01
<MIXTURE> 8 5.290715e-02
<MEAN> 6
 9.749554e+01 -4.977387e+02 -5.412595e+02 -9.214028e-01 -2.579383e+00 -8.574299e+01
<VARIANCE> 6
 3.128982e+01 1.293270e+04 1.353773e+04 2.961554e+02 4.050157e+04 5.219723e+07
<GCONST> 6.752183e+01
<MIXTURE> 9 1.101490e-01
<MEAN> 6
 9.690653e+01 -4.991039e+02 -5.431432e+02 -8.056344e-01 -2.602502e+00 -8.754404e+01
<VARIANCE> 6
 3.128982e+01 1.293270e+04 1.353773e+04 2.961554e+02 4.050157e+04 5.219723e+07
<GCONST> 6.752183e+01
<MIXTURE> 10 7.614627e-02
<MEAN> 6
 7.004004e+01 -4.362397e+02 -5.835563e+02 -1.788204e+00 -1.650964e+01 4.588698e+01
<VARIANCE> 6
 3.128982e+01 2.000945e+04 1.353773e+04 2.961554e+02 4.050157e+04 5.219723e+07
<GCONST> 6.795827e+01
<MIXTURE> 11 8.524137e-02
<MEAN> 6
 6.042067e+01 -3.528919e+00 -6.876657e+02 -2.664600e+00 -3.415022e+00 -5.704831e+01
<VARIANCE> 6
 3.128982e+01 1.293270e+04 1.353773e+04 2.961554e+02 4.050157e+04 5.219723e+07
<GCONST> 6.752183e+01
<MIXTURE> 12 5.311218e-02
<MEAN> 6
 9.618970e+01 -5.001703e+02 -5.450016e+02 -6.703797e-01 -2.725779e+00 -9.175441e+01
<VARIANCE> 6
 3.128982e+01 1.293270e+04 1.353773e+04 2.961554e+02 4.050157e+04 5.219723e+07
<GCONST> 6.752183e+01
<MIXTURE> 13 5.285677e-02
<MEAN> 6
 9.557558e+01 -5.027367e+02 -5.482002e+02 -5.618784e-01 -2.677630e+00 -9.004893e+01
<VARIANCE> 6
 3.128982e+01 1.293270e+04 1.353773e+04 2.961554e+02 4.050157e+04 5.219723e+07
<GCONST> 6.752183e+01
<STATE> 11
<NUMMIXES> 13
<MIXTURE> 1 9.680028e-02
<MEAN> 6
 8.128432e+01 -6.677930e+02 1.360129e+03 -4.632172e-01 -1.584911e+01 -3.382413e+02
<VARIANCE> 6
 3.128982e+01 1.293270e+04 1.353773e+04 2.961554e+02 4.050157e+04 5.219723e+07
<GCONST> 6.752183e+01
<MIXTURE> 2 4.374949e-02
<MEAN> 6
 8.159146e+01 3.231389e+02 1.943863e+03 -7.671251e+01 -1.806537e+03 -3.146345e+04
<VARIANCE> 6
 1.961766e+02 2.881987e+05 3.035488e+06 3.227731e+03 1.064735e+06 1.063149e+09
<GCONST> 8.654584e+01
<MIXTURE> 3 6.880642e-02
<MEAN> 6
 7.421418e+01 -4.432284e+02 1.125039e+03 2.128751e-01 -2.122571e+00 -5.249000e+01
<VARIANCE> 6
 3.128982e+01 1.293270e+04 1.353773e+04 2.961554e+02 4.050157e+04 5.219723e+07
<GCONST> 6.752183e+01
<MIXTURE> 4 5.646135e-02
<MEAN> 6
 7.399972e+01 -4.240361e+02 8.992960e+02 -6.634400e-01 -7.793951e+00 -6.961598e+01
<VARIANCE> 6
 3.128982e+01 1.293270e+04 1.353773e+04 2.961554e+02 4.050157e+04 5.219723e+07
<GCONST> 6.752183e+01
<MIXTURE> 5 9.341870e-02
<MEAN> 6
 8.185169e+01 -7.337180e+02 1.575528e+03 -1.334668e-01 2.302260e-01 1.706424e+00
<VARIANCE> 6
 3.128982e+01 1.293270e+04 1.353773e+04 2.961554e+02 4.050157e+04 5.219723e+07
<GCONST> 6.752183e+01
<MIXTURE> 6 5.720751e-02
<MEAN> 6
 7.399880e+01 -4.253015e+02 8.886044e+02 -8.265991e-01 -9.751796e+00 -8.517305e+01
<VARIANCE> 6
 3.128982e+01 1.293270e+04 1.353773e+04 2.961554e+02 4.050157e+04 5.219723e+07
<GCONST> 6.752183e+01
<MIXTURE> 7 6.587048e-02
<MEAN> 6
 7.399917e+01 -4.233111e+02 9.179360e+02 -4.807513e-01 -5.598649e+00 -5.131298e+01
<VARIANCE> 6
 3.128982e+01 1.293270e+04 1.353773e+04 2.961554e+02 4.050157e+04 5.219723e+07
<GCONST> 6.752183e+01
<MIXTURE> 8 1.223549e-01
<MEAN> 6
 7.399786e+01 -4.256325e+02 8.853396e+02 -8.844233e-01 -1.044074e+01 -9.054143e+01
<VARIANCE> 6
 3.128982e+01 1.293270e+04 1.353773e+04 2.961554e+02 4.050157e+04 5.219723e+07
<GCONST> 6.752183e+01
<MIXTURE> 9 1.207440e-01
<MEAN> 6
 7.399784e+01 -4.256357e+02 8.853086e+02 -8.850014e-01 -1.044762e+01 -9.059463e+01
<VARIANCE> 6
 3.128982e+01 1.293270e+04 1.353773e+04 2.961554e+02 4.050157e+04 5.219723e+07
<GCONST> 6.752183e+01
<MIXTURE> 10 9.323853e-02
<MEAN> 6
 8.185043e+01 -7.337029e+02 1.574605e+03 -1.339045e-01 2.189681e-01 1.486176e+00
<VARIANCE> 6
 3.128982e+01 1.293270e+04 1.353773e+04 2.961554e+02 4.050157e+04 5.219723e+07
<GCONST> 6.752183e+01
<MIXTURE> 11 6.849299e-02
<MEAN> 6
 7.421324e+01 -4.431722e+02 1.124896e+03 2.126080e-01 -2.116060e+00 -5.233273e+01
<VARIANCE> 6
 3.128982e+01 1.293270e+04 1.353773e+04 2.961554e+02 4.050157e+04 5.219723e+07
<GCONST> 6.752183e+01
<MIXTURE> 12 5.657273e-02
<MEAN> 6
 7.399623e+01 -4.260238e+02 8.817118e+02 -9.561375e-01 -1.129012e+01 -9.703584e+01
<VARIANCE> 6
 3.128982e+01 1.293270e+04 1.353773e+04 2.961554e+02 4.050157e+04 5.219723e+07
<GCONST> 6.752183e+01
<MIXTURE> 13 5.627546e-02
<MEAN> 6
 7.397137e+01 -4.281564e+02 8.684528e+02 -1.440745e+00 -1.675749e+01 -1.325007e+02
<VARIANCE> 6
 3.128982e+01 1.293270e+04 1.353773e+04 2.961554e+02 4.050157e+04 5.219723e+07
<GCONST> 6.752183e+01
<STATE> 12
<NUMMIXES> 13
<MIXTURE> 1 1.926841e-02
<MEAN> 6
 7.068004e+01 1.578491e+03 1.541716e+03 6.551664e+00 1.073014e+02 -5.915080e+02
<VARIANCE> 6
 3.128982e+01 1.293270e+04 1.353773e+04 2.961554e+02 4.050157e+04 5.219723e+07
<GCONST> 6.752183e+01
<MIXTURE> 2 4.607505e-02
<MEAN> 6
 7.054963e+01 2.381846e+03 1.408744e+03 -1.202083e+00 -6.366343e+00 9.916279e+01
<VARIANCE> 6
 3.128982e+01 1.293270e+04 1.353773e+04 2.961554e+02 4.050157e+04 5.219723e+07
<GCONST> 6.752183e+01
<MIXTURE> 3 9.765537e-02
<MEAN> 6
 6.551791e+01 1.545791e+03 -2.641948e+02 6.598215e-01 -1.406537e+01 -3.081417e+02
<VARIANCE> 6
 3.128982e+01 1.455816e+04 1.353773e+04 2.961554e+02 4.050157e+04 5.219723e+07
<GCONST> 6.764022e+01
<MIXTURE> 4 1.233964e-01
<MEAN> 6
 6.753009e+01 7.403816e+02 1.110954e+02 -9.398177e+01 -9.554019e+02 -4.458937e+03
<VARIANCE> 6
 5.994872e+01 1.316993e+06 4.715792e+05 2.061611e+03 2.627715e+05 1.439348e+08
<GCONST> 8.117061e+01
<MIXTURE> 5 1.920606e-02
<MEAN> 6
 4.761346e+01 1.311059e+03 5.214608e+02 2.535439e+01 -2.004597e+01 8.044663e+02
<VARIANCE> 6
 3.128982e+01 1.293270e+04 1.559623e+05 2.961554e+02 4.050157e+04 5.219723e+07
<GCONST> 6.996596e+01
<MIXTURE> 6 1.343151e-01
<MEAN> 6
 5.797525e+01 1.437524e+03 1.133044e+03 1.972248e+00 -1.406430e+01 2.794509e+01
<VARIANCE> 6
 3.128982e+01 1.293270e+04 1.353773e+04 2.961554e+02 4.050157e+04 5.219723e+07
<GCONST> 6.752183e+01
<MIXTURE> 7 6.533433e-02
<MEAN> 6
 7.362089e+01 1.384964e+03 1.262216e+03 1.380353e+00 -5.745889e+00 -2.579867e+02
<VARIANCE> 6
 3.128982e+01 1.293270e+04 1.353773e+04 2.961554e+02 4.050157e+04 5.219723e+07
<GCONST> 6.752183e+01
<MIXTURE> 8 7.583404e-02
<MEAN> 6
 6.878099e+01 2.189320e+03 1.203392e+03 -9.238566e-01 -5.432455e+00 -3.459709e+02
<VARIANCE> 6
 3.128982e+01 1.293270e+04 1.353773e+04 2.961554e+02 4.050157e+04 5.219723e+07
<GCONST> 6.752183e+01
<MIXTURE> 9 1.214567e-01
<MEAN> 6
 7.373698e+01 1.288504e+03 1.162749e+03 -3.948998e-01 -1.196282e+01 -3.872641e+01
<VARIANCE> 6
 3.128982e+01 1.293270e+04 1.353773e+04 2.961554e+02 4.050157e+04 5.219723e+07
<GCONST> 6.752183e+01
<MIXTURE> 10 3.932219e-02
<MEAN> 6
 5.460183e+01 1.175727e+03 1.209272e+03 -3.352486e+00 3.824819e+00 1.749666e+02
<VARIANCE> 6
 3.128982e+01 1.293270e+04 1.353773e+04 2.961554e+02 4.050157e+04 5.219723e+07
<GCONST> 6.752183e+01
<MIXTURE> 11 7.587156e-02
<MEAN> 6
 6.877699e+01 2.189006e+03 1.203095e+03 -9.244530e-01 -5.453839e+00 -3.473764e+02
<VARIANCE> 6
 3.128982e+01 1.293270e+04 1.353773e+04 2.961554e+02 4.050157e+04 5.219723e+07
<GCONST> 6.752183e+01
<MIXTURE> 12 6.478917e-02
<MEAN> 6
 7.350561e+01 1.346587e+03 1.228665e+03 1.842592e-01 -4.013153e+00 -2.004206e+02
<VARIANCE> 6
 3.128982e+01 1.293270e+04 1.353773e+04 2.961554e+02 4.050157e+04 5.219723e+07
<GCONST> 6.752183e+01
<MIXTURE> 13 1.174670e-01
<MEAN> 6
 6.448281e+01 9.972269e+01 -1.367571e+01 -1.342969e+02 -1.624035e+03 -8.605243e+03
<VARIANCE> 6
 1.171165e+02 1.219838e+06 2.516105e+05 2.363668e+03 5.412408e+05 1.263186e+08
<GCONST> 8.186420e+01
<STATE> 13
<NUMMIXES> 13
<MIXTURE> 1 2.257731e-02
<MEAN> 6
 6.829254e+01 7.316258e+02 -1.616234e+03 -9.079188e+01 -6.544879e+02 -2.030785e+03
<VARIANCE> 6
 1.250751e+02 6.184957e+04 2.035599e+05 1.831324e+03 4.050157e+04 5.219723e+07
<GCONST> 7.500478e+01
<MIXTURE> 2 4.846606e-02
<MEAN> 6
 4.630880e+01 -1.275611e+02 -7.632334e+02 -2.106010e+02 -1.252699e+03 5.319769e+02
<VARIANCE> 6
 5.637049e+01 1.986560e+06 8.152055e+05 3.366092e+03 2.733524e+05 8.790834e+07
<GCONST> 8.210414e+01
<MIXTURE> 3 5.545721e-02
<MEAN> 6
 5.562199e+01 1.839623e+02 1.237507e+03 -2.913554e+02 -1.890431e+03 1.323140e+04
<VARIANCE> 6
 1.998300e+02 4.636254e+05 4.587672e+06 5.718798e+03 9.366082e+05 4.215432e+08
<GCONST> 8.697142e+01
<MIXTURE> 4 9.189620e-02
<MEAN> 6
 -4.983862e+01 4.199463e+02 -1.236195e+02 -2.202474e+02 2.474304e+03 -2.039958e+03
<VARIANCE> 6
 2.141555e+02 1.819598e+06 8.043508e+05 8.562312e+03 1.732786e+06 8.727284e+08
<GCONST> 8.841338e+01
<MIXTURE> 5 7.571150e-02
<MEAN> 6
 -2.223448e+01 2.747624e+02 -2.771440e+03 -4.297819e+02 1.028583e+03 4.281027e+04
<VARIANCE> 6
 3.917479e+02 1.612902e+06 1.902682e+07 3.780787e+03 1.877340e+06 8.684842e+08
<GCONST> 9.131810e+01
<MIXTURE> 6 8.178979e-02
<MEAN> 6
 9.637118e+00 6.051508e+01 -1.107431e+02 -2.515988e+02 -1.850653e+02 2.217838e+03
<VARIANCE> 6
 5.882076e+02 4.018909e+06 2.467062e+06 3.904735e+03 4.847112e+05 1.733043e+08
<GCONST> 8.766121e+01
<MIXTURE> 7 1.086737e-01
<MEAN> 6
 -5.570860e+01 8.111231e+01 -4.099234e+02 1.671066e+02 1.099477e+03 -2.449733e+02
<VARIANCE> 6
 9.885412e+01 2.772722e+05 1.018681e+06 2.850984e+03 3.125350e+05 5.596427e+07
<GCONST> 8.043580e+01
<MIXTURE> 8 1.033675e-01
<MEAN> 6
 -7.433651e+01 -3.202593e+02 -9.789309e+02 -4.595802e+00 3.687733e+01 1.066168e+03
<VARIANCE> 6
 3.128982e+01 5.783792e+05 1.803994e+06 4.791696e+02 8.480677e+04 5.731595e+07
<GCONST> 7.752833e+01
<MIXTURE> 9 9.568244e-02
<MEAN> 6
 -5.116110e+01 -3.409381e+02 -1.817707e+02 -3.112657e+01 1.052741e+03 -1.180954e+03
<VARIANCE> 6
 1.456996e+02 5.584578e+05 1.197356e+07 3.312105e+04 7.494151e+05 1.642143e+08
<GCONST> 8.839162e+01
<MIXTURE> 10 7.428441e-02
<MEAN> 6
 -6.913348e+01 1.787755e+02 -2.604882e+02 2.716646e+01 8.833462e+02 1.656766e+03
<VARIANCE> 6
 4.826463e+01 9.842103e+05 1.209950e+06 4.614520e+03 1.052129e+05 8.640339e+07
<GCONST> 8.098489e+01
<MIXTURE> 11 1.072462e-01
<MEAN> 6
 1.311109e+01 -1.452425e+02 -2.870356e+02 -4.072146e+02 -8.493202e+02 1.198166e+04
<VARIANCE> 6
 3.736988e+02 9.677203e+05 8.746812e+05 4.427577e+03 4.499382e+05 2.718638e+08
<GCONST> 8.524831e+01
<MIXTURE> 12 6.202931e-02
<MEAN> 6
 -7.005469e+01 -1.127617e+02 -1.141308e+03 -6.400916e+01 1.696022e+03 -2.219590e+04
<VARIANCE> 6
 1.017802e+02 5.422876e+05 6.551454e+06 6.277655e+03 9.435496e+05 6.600204e+08
<GCONST> 8.735876e+01
<MIXTURE> 13 7.280537e-02
<MEAN> 6
 -7.169404e+01 2.501112e+02 -8.662350e+02 1.132762e+01 6.693348e+02 -1.239318e+03
<VARIANCE> 6
 6.302042e+01 9.751760e+05 1.435910e+06 3.364263e+03 5.374277e+04 6.461748e+07
<GCONST> 8.013533e+01
<STATE> 14
<NUMMIXES> 13
<MIXTURE> 1 6.973166e-02
<MEAN> 6
 8.853084e+01 2.303645e+02 6.786980e+02 -3.201283e+00 -2.140937e+01 9.661674e+00
<VARIANCE> 6
 1.942963e+02 1.025612e+06 3.233908e+06 2.961554e+02 4.050157e+04 5.219723e+07
<GCONST> 7.919717e+01
<MIXTURE> 2 1.492242e-02
<MEAN> 6
 -7.661708e+00 1.654677e+02 1.100297e+02 -2.173180e+01 8.095070e+01 6.973475e+03
<VARIANCE> 6
 1.172056e+04 1.850451e+05 3.995217e+05 2.092337e+06 1.145989e+09 1.685126e+12
<GCONST> 1.089889e+02
<MIXTURE> 3 4.801010e-02
<MEAN> 6
 2.530559e+01 1.191433e+02 -2.987438e+02 -1.815479e+01 -2.985891e+02 -1.599422e+03
<VARIANCE> 6
 5.296445e+03 3.000366e+06 2.053479e+06 6.083815e+04 4.793092e+06 3.487628e+09
<GCONST> 9.742249e+01
<MIXTURE> 4 7.801958e-02
<MEAN> 6
 -2.736929e+01 -2.531087e+02 1.472023e+02 2.085231e+02 6.521385e+02 -3.594054e+03
<VARIANCE> 6
 3.464148e+02 8.772861e+05 8.590168e+05 8.237916e+03 1.667888e+05 5.219723e+07
<GCONST> 8.303455e+01
<MIXTURE> 5 7.052514e-02
<MEAN> 6
 4.815973e+01 3.395029e+02 3.572133e+02 1.261630e+02 -3.476686e+02 -1.117246e+03
<VARIANCE> 6
 7.637814e+02 1.810774e+06 2.315721e+06 2.208645e+04 1.067187e+05 5.219723e+07
<GCONST> 8.608125e+01
<MIXTURE> 6 1.000314e-01
<MEAN> 6
 -6.299139e+01 1.635661e+02 -1.755242e+01 1.099336e+01 2.155354e+02 1.868106e+02
<VARIANCE> 6
 1.612818e+02 7.057021e+05 1.124934e+06 7.857567e+02 8.381105e+04 5.219723e+07
<GCONST> 7.928411e+01
<MIXTURE> 7 6.734619e-02
<MEAN> 6
 2.258128e+00 2.105885e-01 -9.655016e+02 -1.924225e+02 8.370808e+00 6.803188e+03
<VARIANCE> 6
 2.764608e+03 2.792002e+05 8.008138e+06 2.706687e+04 7.210022e+05 2.736075e+08
<GCONST> 9.050924e+01
<MIXTURE> 8 1.188258e-01
<MEAN> 6
 8.611987e+01 1.484016e+02 -6.541665e+01 -4.930180e+00 -1.926475e+01 -3.144541e+02
<VARIANCE> 6
 1.347406e+02 2.967867e+05 1.455583e+05 2.961554e+02 4.050157e+04 5.219723e+07
<GCONST> 7.449023e+01
<MIXTURE> 9 9.834986e-02
<MEAN> 6
 8.715892e+01 1.346045e+02 5.709132e+01 -1.310474e+01 -7.139341e+02 -7.009499e+02
<VARIANCE> 6
 1.826116e+02 5.395934e+05 2.992759e+05 1.666468e+04 6.531945e+05 2.863229e+08
<GCONST> 8.462563e+01
<MIXTURE> 10 8.808558e-02
<MEAN> 6
 -5.350713e+01 -1.253766e+02 8.492123e+01 -3.681076e+01 1.251535e+03 1.633527e+02
<VARIANCE> 6
 2.052658e+02 5.940972e+05 4.861958e+05 2.624118e+04 5.068626e+05 3.203750e+08
<GCONST> 8.563681e+01
<MIXTURE> 11 9.597570e-02
<MEAN> 6
 2.383091e+01 -2.144256e+02 1.279354e+02 -2.944761e+01 -2.099992e+02 -8.499368e+02
<VARIANCE> 6
 7.414747e+02 5.500476e+05 1.778742e+05 6.755925e+04 2.539326e+05 1.237668e+08
<GCONST> 8.514199e+01
<MIXTURE> 12 7.945642e-02
<MEAN> 6
 6.578836e+01 -1.790915e+02 -1.562980e+02 1.062768e+01 -7.062722e+02 -1.206748e+02
<VARIANCE> 6
 4.219897e+02 8.678789e+05 1.284338e+06 3.631791e+04 1.906629e+05 5.219723e+07
<GCONST> 8.524068e+01
<MIXTURE> 13 7.005706e-02
<MEAN> 6
 8.457392e+01 6.896439e-01 1.956972e+02 -2.261699e+00 -2.661784e+01 -1.216610e+01
<VARIANCE> 6
 2.992601e+02 1.023754e+06 2.645416e+06 2.961554e+02 4.050157e+04 5.219723e+07
<GCONST> 7.942642e+01
<TRANSP> 15
 0.000000e+00 1.000000e+00 0.000000e+00 0.000000e+00 0.000000e+00 0.000000e+00 0.000000e+00 0.000000e+00 0.000000e+00 0.000000e+00 0.000000e+00 0.000000e+00 0.000000e+00 0.000000e+00 0.000000e+00
 0.000000e+00 9.999064e-01 9.355506e-05 0.000000e+00 0.000000e+00 0.000000e+00 0.000000e+00 0.000000e+00 0.000000e+00 0.000000e+00 0.000000e+00 0.000000e+00 0.000000e+00 0.000000e+00 0.000000e+00
 0.000000e+00 0.000000e+00 9.978707e-01 2.129250e-03 0.000000e+00 0.000000e+00 0.000000e+00 0.000000e+00 0.000000e+00 0.000000e+00 0.000000e+00 0.000000e+00 0.000000e+00 0.000000e+00 0.000000e+00
 0.000000e+00 0.000000e+00 0.000000e+00 9.984304e-01 1.569635e-03 0.000000e+00 0.000000e+00 0.000000e+00 0.000000e+00 0.000000e+00 0.000000e+00 0.000000e+00 0.000000e+00 0.000000e+00 0.000000e+00
 0.000000e+00 0.000000e+00 0.000000e+00 0.000000e+00 9.901098e-01 9.890131e-03 0.000000e+00 0.000000e+00 0.000000e+00 0.000000e+00 0.000000e+00 0.000000e+00 0.000000e+00 0.000000e+00 0.000000e+00
 0.000000e+00 0.000000e+00 0.000000e+00 0.000000e+00 0.000000e+00 9.968266e-01 3.173380e-03 0.000000e+00 0.000000e+00 0.000000e+00 0.000000e+00 0.000000e+00 0.000000e+00 0.000000e+00 0.000000e+00
 0.000000e+00 0.000000e+00 0.000000e+00 0.000000e+00 0.000000e+00 0.000000e+00 9.980661e-01 1.933867e-03 0.000000e+00 0.000000e+00 0.000000e+00 0.000000e+00 0.000000e+00 0.000000e+00 0.000000e+00
 0.000000e+00 0.000000e+00 0.000000e+00 0.000000e+00 0.000000e+00 0.000000e+00 0.000000e+00 9.981370e-01 1.862949e-03 0.000000e+00 0.000000e+00 0.000000e+00 0.000000e+00 0.000000e+00 0.000000e+00
 0.000000e+00 0.000000e+00 0.000000e+00 0.000000e+00 0.000000e+00 0.000000e+00 0.000000e+00 0.000000e+00 9.985685e-01 1.431469e-03 0.000000e+00 0.000000e+00 0.000000e+00 0.000000e+00 0.000000e+00
 0.000000e+00 0.000000e+00 0.000000e+00 0.000000e+00 0.000000e+00 0.000000e+00 0.000000e+00 0.000000e+00 0.000000e+00 9.967903e-01 3.209608e-03 0.000000e+00 0.000000e+00 0.000000e+00 0.000000e+00
 0.000000e+00 0.000000e+00 0.000000e+00 0.000000e+00 0.000000e+00 0.000000e+00 0.000000e+00 0.000000e+00 0.000000e+00 0.000000e+00 9.951647e-01 4.835317e-03 0.000000e+00 0.000000e+00 0.000000e+00
 0.000000e+00 0.000000e+00 0.000000e+00 0.000000e+00 0.000000e+00 0.000000e+00 0.000000e+00 0.000000e+00 0.000000e+00 0.000000e+00 0.000000e+00 9.937747e-01 6.225336e-03 0.000000e+00 0.000000e+00
 0.000000e+00 0.000000e+00 0.000000e+00 0.000000e+00 0.000000e+00 0.000000e+00 0.000000e+00 0.000000e+00 0.000000e+00 0.000000e+00 0.000000e+00 0.000000e+00 9.972488e-01 2.751227e-03 0.000000e+00
 0.000000e+00 0.000000e+00 0.000000e+00 0.000000e+00 0.000000e+00 0.000000e+00 0.000000e+00 0.000000e+00 0.000000e+00 0.000000e+00 0.000000e+00 0.000000e+00 0.000000e+00 9.999220e-01 7.797817e-05
 0.000000e+00 0.000000e+00 0.000000e+00 0.000000e+00 0.000000e+00 0.000000e+00 0.000000e+00 0.000000e+00 0.000000e+00 0.000000e+00 0.000000e+00 0.000000e+00 0.000000e+00 0.000000e+00 0.000000e+00
<ENDHMM>
