~o
<STREAMINFO> 1 6
<VECSIZE> 6<NULLD><USER><DIAGC>
~h "SegundoPRIMARIA"
<BEGINHMM>
<NUMSTATES> 14
<STATE> 2
<NUMMIXES> 13
<MIXTURE> 1 5.508225e-02
<MEAN> 6
 9.533237e+01 4.932648e+02 1.222068e+02 2.730241e+00 -2.952022e+01 1.138199e+03
<VARIANCE> 6
 4.675869e+02 5.584214e+05 1.045638e+06 3.092196e+02 4.044808e+04 5.191738e+07
<GCONST> 7.837485e+01
<MIXTURE> 2 5.150024e-02
<MEAN> 6
 4.110125e+01 -3.123748e+02 4.633437e+02 -5.128548e+01 -3.809408e+02 5.452107e+03
<VARIANCE> 6
 3.048388e+03 1.062835e+06 1.712826e+06 6.996361e+04 2.161290e+06 1.009368e+09
<GCONST> 9.375427e+01
<MIXTURE> 3 9.640343e-02
<MEAN> 6
 4.157967e+01 -3.809962e+01 -1.401625e+02 1.849261e+02 -2.038611e+02 -2.231935e+03
<VARIANCE> 6
 9.031712e+02 1.817383e+05 4.454025e+05 8.948913e+03 1.160084e+05 5.191738e+07
<GCONST> 8.147610e+01
<MIXTURE> 4 8.348024e-02
<MEAN> 6
 -6.410162e+01 -1.311473e+01 -2.337038e+02 -9.381530e+00 1.162919e+02 5.806966e+01
<VARIANCE> 6
 3.270487e+02 1.559404e+05 1.370218e+06 3.603039e+02 4.044808e+04 5.191738e+07
<GCONST> 7.716496e+01
<MIXTURE> 5 8.021712e-02
<MEAN> 6
 -3.548725e+01 -1.834989e+01 1.923622e+02 5.678076e+01 5.287858e+02 -1.142631e+03
<VARIANCE> 6
 4.097756e+02 1.584914e+05 5.147904e+05 2.384610e+04 9.845455e+04 5.191738e+07
<GCONST> 8.150974e+01
<MIXTURE> 6 1.056886e-01
<MEAN> 6
 7.397384e+01 6.133895e+01 -1.179112e+03 6.521448e-02 -1.763609e+01 -1.153272e+02
<VARIANCE> 6
 4.535428e+01 9.413944e+04 5.636770e+05 2.998645e+02 4.044808e+04 5.191738e+07
<GCONST> 7.361281e+01
<MIXTURE> 7 8.698005e-02
<MEAN> 6
 9.800824e+01 -2.639815e+01 3.892888e+02 -1.945095e+01 -4.767224e+02 3.016031e+02
<VARIANCE> 6
 3.279450e+02 1.291016e+05 6.247606e+05 8.983474e+03 3.542270e+05 1.135646e+08
<GCONST> 8.236230e+01
<MIXTURE> 8 8.067835e-02
<MEAN> 6
 -4.508653e+01 -9.765049e+01 -8.260743e+01 -5.201621e+01 1.131570e+03 -5.799492e+02
<VARIANCE> 6
 7.026063e+02 1.631036e+05 1.439066e+06 4.616739e+04 6.720906e+05 4.137539e+08
<GCONST> 8.776266e+01
<MIXTURE> 9 7.025870e-02
<MEAN> 6
 6.110736e+01 -4.345824e+02 1.311243e+03 6.958988e-02 -9.014270e+00 -7.337810e+01
<VARIANCE> 6
 3.171274e+01 2.143123e+05 5.202192e+05 2.998645e+02 4.044808e+04 5.191738e+07
<GCONST> 7.399745e+01
<MIXTURE> 10 8.031093e-02
<MEAN> 6
 2.964745e+01 -2.866585e+01 1.561773e+02 -1.262059e+02 -2.558047e+02 2.758323e+03
<VARIANCE> 6
 7.428507e+02 1.076695e+05 7.696576e+05 3.647638e+04 1.998251e+05 6.024944e+07
<GCONST> 8.340190e+01
<MIXTURE> 11 7.354748e-02
<MEAN> 6
 6.433700e+01 -6.241299e+00 -4.897485e+01 -5.534444e+01 -9.847234e+02 -1.862729e+03
<VARIANCE> 6
 3.704026e+02 2.421737e+05 1.430534e+06 3.472509e+04 2.894559e+05 1.367161e+08
<GCONST> 8.527722e+01
<MIXTURE> 12 8.054848e-02
<MEAN> 6
 -5.076932e+01 -2.307705e+01 -1.392241e+02 1.702342e+01 5.155364e+02 1.538717e+02
<VARIANCE> 6
 7.002065e+02 1.239951e+05 6.150025e+05 1.505761e+04 9.012143e+04 5.191738e+07
<GCONST> 8.142973e+01
<MIXTURE> 13 5.508225e-02
<MEAN> 6
 8.668287e+01 1.943544e+02 -2.868190e+02 -4.303615e+00 -1.099671e+02 -1.743949e+03
<VARIANCE> 6
 4.675869e+02 5.584214e+05 1.045638e+06 3.092196e+02 4.044808e+04 5.191738e+07
<GCONST> 7.837485e+01
<STATE> 3
<NUMMIXES> 13
<MIXTURE> 1 8.438504e-02
<MEAN> 6
 6.649015e+01 5.044728e+02 -1.403212e+02 -3.266755e-01 1.789389e+00 -2.303741e+02
<VARIANCE> 6
 3.171274e+01 1.309607e+04 1.362684e+04 2.998645e+02 4.044808e+04 5.191738e+07
<GCONST> 6.756012e+01
<MIXTURE> 2 6.881205e-02
<MEAN> 6
 5.950839e+01 -4.067213e+02 -1.607255e+02 4.682740e+00 3.728331e+01 1.394643e+03
<VARIANCE> 6
 3.171274e+01 1.309607e+04 1.749708e+04 2.998645e+02 4.044808e+04 5.191738e+07
<GCONST> 6.781010e+01
<MIXTURE> 3 1.026096e-01
<MEAN> 6
 6.966710e+01 2.060865e+02 -2.686082e+02 3.680108e-01 -2.566263e-01 -8.772269e+01
<VARIANCE> 6
 3.171274e+01 1.309607e+04 1.362684e+04 2.998645e+02 4.044808e+04 5.191738e+07
<GCONST> 6.756012e+01
<MIXTURE> 4 7.095750e-02
<MEAN> 6
 7.606126e+01 5.860053e+01 -3.288894e+02 -7.377933e-01 -2.610128e+00 -1.288791e+02
<VARIANCE> 6
 3.171274e+01 1.309607e+04 1.362684e+04 2.998645e+02 4.044808e+04 5.191738e+07
<GCONST> 6.756012e+01
<MIXTURE> 5 1.075773e-01
<MEAN> 6
 6.573574e+01 -5.000853e+01 -2.277485e+02 1.030706e+00 3.278043e+00 -2.294415e+01
<VARIANCE> 6
 3.171274e+01 1.309607e+04 1.362684e+04 2.998645e+02 4.044808e+04 5.191738e+07
<GCONST> 6.756012e+01
<MIXTURE> 6 6.598303e-02
<MEAN> 6
 7.599152e+01 6.115052e+01 -3.269721e+02 -7.378468e-01 -2.736556e+00 -1.253818e+02
<VARIANCE> 6
 3.171274e+01 1.309607e+04 1.362684e+04 2.998645e+02 4.044808e+04 5.191738e+07
<GCONST> 6.756012e+01
<MIXTURE> 7 6.282160e-04
<MEAN> 6
 8.441211e+01 -1.888545e+02 1.582496e+02 8.248305e+00 4.719382e+01 9.513124e+02
<VARIANCE> 6
 8.902399e+02 3.060094e+06 6.897059e+05 3.059635e+03 2.040607e+05 5.191738e+07
<GCONST> 8.421411e+01
<MIXTURE> 8 1.086834e-01
<MEAN> 6
 6.572448e+01 -5.083025e+01 -2.271711e+02 1.027119e+00 3.211951e+00 -2.237284e+01
<VARIANCE> 6
 3.171274e+01 1.309607e+04 1.362684e+04 2.998645e+02 4.044808e+04 5.191738e+07
<GCONST> 6.756012e+01
<MIXTURE> 9 9.449371e-02
<MEAN> 6
 6.936209e+01 1.508394e+02 -2.998380e+02 9.974267e-01 1.752743e+00 -1.000223e+02
<VARIANCE> 6
 3.171274e+01 1.309607e+04 1.362684e+04 2.998645e+02 4.044808e+04 5.191738e+07
<GCONST> 6.756012e+01
<MIXTURE> 10 8.992888e-02
<MEAN> 6
 5.444415e+01 4.175591e+02 -2.244119e+02 9.532725e-01 2.743034e+00 -1.014105e+02
<VARIANCE> 6
 3.171274e+01 1.309607e+04 1.362684e+04 2.998645e+02 4.044808e+04 5.191738e+07
<GCONST> 6.756012e+01
<MIXTURE> 11 7.114667e-02
<MEAN> 6
 7.605612e+01 5.848241e+01 -3.289865e+02 -7.355371e-01 -2.594283e+00 -1.290488e+02
<VARIANCE> 6
 3.171274e+01 1.309607e+04 1.362684e+04 2.998645e+02 4.044808e+04 5.191738e+07
<GCONST> 6.756012e+01
<MIXTURE> 12 6.594601e-02
<MEAN> 6
 7.585011e+01 5.913652e+01 -3.291091e+02 -6.819698e-01 -2.388582e+00 -1.287749e+02
<VARIANCE> 6
 3.171274e+01 1.309607e+04 1.362684e+04 2.998645e+02 4.044808e+04 5.191738e+07
<GCONST> 6.756012e+01
<MIXTURE> 13 6.881205e-02
<MEAN> 6
 5.725583e+01 -4.524965e+02 -2.136361e+02 -2.243898e+00 -4.316352e+01 -1.487506e+03
<VARIANCE> 6
 3.171274e+01 1.309607e+04 1.749708e+04 2.998645e+02 4.044808e+04 5.191738e+07
<GCONST> 6.781010e+01
<STATE> 4
<NUMMIXES> 13
<MIXTURE> 1 1.061204e-01
<MEAN> 6
 9.667796e+01 2.361700e+02 -6.619326e+02 -3.618558e+00 -2.378293e+00 1.073970e+02
<VARIANCE> 6
 3.171274e+01 1.309607e+04 1.362684e+04 2.998645e+02 4.044808e+04 5.191738e+07
<GCONST> 6.756012e+01
<MIXTURE> 2 1.029794e-01
<MEAN> 6
 6.536128e+01 -2.724042e+02 -1.281019e+03 2.673777e+00 -6.456776e+00 4.973955e+01
<VARIANCE> 6
 3.171274e+01 1.309607e+04 1.362684e+04 2.998645e+02 4.044808e+04 5.191738e+07
<GCONST> 6.756012e+01
<MIXTURE> 3 7.217447e-02
<MEAN> 6
 9.650021e+01 -3.905192e+02 -5.324349e+02 -6.656869e-01 -4.207571e+00 -5.806789e+01
<VARIANCE> 6
 3.171274e+01 1.309607e+04 1.362684e+04 2.998645e+02 4.044808e+04 5.191738e+07
<GCONST> 6.756012e+01
<MIXTURE> 4 4.238276e-03
<MEAN> 6
 8.538552e+01 -1.070210e+03 3.046974e+02 2.156317e+00 5.171070e+02 -4.773873e+03
<VARIANCE> 6
 4.243602e+02 2.166360e+06 2.471604e+05 1.440829e+03 3.207666e+05 5.950675e+07
<GCONST> 8.193724e+01
<MIXTURE> 5 6.894367e-02
<MEAN> 6
 8.080736e+01 1.714524e+02 -7.303173e+02 1.071316e+00 1.805913e-01 -1.336150e+02
<VARIANCE> 6
 3.171274e+01 1.309607e+04 1.362684e+04 2.998645e+02 4.044808e+04 5.191738e+07
<GCONST> 6.756012e+01
<MIXTURE> 6 8.868376e-02
<MEAN> 6
 9.707825e+01 8.549763e+01 -3.575726e+02 1.643633e+00 -3.075747e+01 6.852592e+01
<VARIANCE> 6
 3.171274e+01 1.309607e+04 1.362684e+04 2.998645e+02 4.044808e+04 5.191738e+07
<GCONST> 6.756012e+01
<MIXTURE> 7 1.177702e-01
<MEAN> 6
 9.300939e+01 -5.589405e+02 -5.370378e+02 1.539913e+00 -2.469971e+00 -1.507056e+02
<VARIANCE> 6
 3.171274e+01 1.309607e+04 1.362684e+04 2.998645e+02 4.044808e+04 5.191738e+07
<GCONST> 6.756012e+01
<MIXTURE> 8 6.071725e-02
<MEAN> 6
 8.848125e+01 -1.020699e+02 -8.539848e+02 -2.836646e+00 -4.725673e+00 -1.935643e+02
<VARIANCE> 6
 3.171274e+01 1.309607e+04 1.362684e+04 2.998645e+02 4.044808e+04 5.191738e+07
<GCONST> 6.756012e+01
<MIXTURE> 9 1.168445e-01
<MEAN> 6
 9.300726e+01 -5.590090e+02 -5.370439e+02 1.540363e+00 -2.459569e+00 -1.506667e+02
<VARIANCE> 6
 3.171274e+01 1.309607e+04 1.362684e+04 2.998645e+02 4.044808e+04 5.191738e+07
<GCONST> 6.756012e+01
<MIXTURE> 10 6.100825e-02
<MEAN> 6
 8.964808e+01 6.213888e+00 -1.447618e+02 3.019870e+00 4.153132e+01 1.459745e+03
<VARIANCE> 6
 3.171274e+01 1.870454e+04 1.362684e+04 2.998645e+02 4.044808e+04 5.191738e+07
<GCONST> 6.791656e+01
<MIXTURE> 11 7.048232e-02
<MEAN> 6
 9.641785e+01 -3.979393e+02 -5.327725e+02 -5.111243e-01 -5.176718e+00 -7.313435e+01
<VARIANCE> 6
 3.171274e+01 1.309607e+04 1.362684e+04 2.998645e+02 4.044808e+04 5.191738e+07
<GCONST> 6.756012e+01
<MIXTURE> 12 6.901564e-02
<MEAN> 6
 8.080585e+01 1.714751e+02 -7.303225e+02 1.071907e+00 1.814859e-01 -1.335595e+02
<VARIANCE> 6
 3.171274e+01 1.309607e+04 1.362684e+04 2.998645e+02 4.044808e+04 5.191738e+07
<GCONST> 6.756012e+01
<MIXTURE> 13 6.100825e-02
<MEAN> 6
 8.739552e+01 -4.849193e+01 -1.914554e+02 -3.906769e+00 -3.891551e+01 -1.422403e+03
<VARIANCE> 6
 3.171274e+01 1.870454e+04 1.362684e+04 2.998645e+02 4.044808e+04 5.191738e+07
<GCONST> 6.791656e+01
<STATE> 5
<NUMMIXES> 13
<MIXTURE> 1 4.479008e-02
<MEAN> 6
 1.306989e+02 -2.022995e+03 5.591134e+01 -3.979203e+01 -2.401255e+01 9.679645e+00
<VARIANCE> 6
 3.773211e+02 7.975559e+05 2.775190e+04 3.326692e+02 4.044808e+04 5.191738e+07
<GCONST> 7.496082e+01
<MIXTURE> 2 1.017695e-01
<MEAN> 6
 9.270859e+01 -5.401243e+02 2.925616e+02 -8.375594e-01 -7.718346e+00 6.968072e+00
<VARIANCE> 6
 3.171274e+01 1.309607e+04 1.362684e+04 2.998645e+02 4.044808e+04 5.191738e+07
<GCONST> 6.756012e+01
<MIXTURE> 3 8.796717e-02
<MEAN> 6
 9.443294e+01 -1.037653e+02 1.131071e+03 -1.802566e-02 -1.822673e+01 1.948223e+02
<VARIANCE> 6
 3.171274e+01 1.309607e+04 1.362684e+04 2.998645e+02 4.044808e+04 5.191738e+07
<GCONST> 6.756012e+01
<MIXTURE> 4 6.165425e-02
<MEAN> 6
 9.147797e+01 9.590143e+00 6.274689e+02 7.100604e-01 4.112197e+01 1.328108e+03
<VARIANCE> 6
 3.171274e+01 1.309607e+04 1.362684e+04 2.998645e+02 4.044808e+04 5.191738e+07
<GCONST> 6.756012e+01
<MIXTURE> 5 7.163947e-02
<MEAN> 6
 9.890655e+01 -3.304118e+02 8.904459e+02 -1.596070e+00 -1.615237e+00 -5.387351e+01
<VARIANCE> 6
 3.171274e+01 1.309607e+04 4.186489e+04 2.998645e+02 4.044808e+04 5.191738e+07
<GCONST> 6.868253e+01
<MIXTURE> 6 1.145581e-01
<MEAN> 6
 8.869864e+01 4.759250e+01 3.699053e+02 -2.498678e+00 6.320513e+00 -1.831500e+02
<VARIANCE> 6
 3.171274e+01 1.807910e+05 1.362684e+04 2.998645e+02 4.044808e+04 5.191738e+07
<GCONST> 7.018513e+01
<MIXTURE> 7 8.742965e-02
<MEAN> 6
 8.430340e+01 -5.452394e+01 4.764713e+02 -3.935789e+00 9.656861e+00 -6.427764e+01
<VARIANCE> 6
 3.171274e+01 1.309607e+04 1.362684e+04 2.998645e+02 4.044808e+04 5.191738e+07
<GCONST> 6.756012e+01
<MIXTURE> 8 7.749894e-02
<MEAN> 6
 9.704427e+01 -6.392690e+02 5.857145e+02 3.173198e-01 -1.470073e+01 -2.438551e+01
<VARIANCE> 6
 3.171274e+01 1.309607e+04 1.362684e+04 2.998645e+02 4.044808e+04 5.191738e+07
<GCONST> 6.756012e+01
<MIXTURE> 9 5.992040e-02
<MEAN> 6
 9.061501e+01 -6.649086e+02 3.149507e+02 2.041144e+00 -2.548415e+01 -7.076099e+02
<VARIANCE> 6
 3.171274e+01 1.174828e+05 1.437843e+04 2.998645e+02 4.044808e+04 5.191738e+07
<GCONST> 6.980779e+01
<MIXTURE> 10 8.586797e-02
<MEAN> 6
 8.452940e+01 -8.815150e+01 4.653200e+02 -3.647267e+00 1.010282e+01 -2.728996e+01
<VARIANCE> 6
 3.171274e+01 1.409825e+04 1.362684e+04 2.998645e+02 4.044808e+04 5.191738e+07
<GCONST> 6.763385e+01
<MIXTURE> 11 7.738972e-02
<MEAN> 6
 9.704140e+01 -6.391074e+02 5.850510e+02 3.136446e-01 -1.457983e+01 -2.457855e+01
<VARIANCE> 6
 3.171274e+01 1.309607e+04 1.362684e+04 2.998645e+02 4.044808e+04 5.191738e+07
<GCONST> 6.756012e+01
<MIXTURE> 12 6.784616e-02
<MEAN> 6
 9.833167e+01 -3.300824e+02 7.487466e+02 -2.007551e+00 -1.531853e+01 -5.240391e+01
<VARIANCE> 6
 3.171274e+01 1.309607e+04 5.148336e+04 2.998645e+02 4.044808e+04 5.191738e+07
<GCONST> 6.888933e+01
<MIXTURE> 13 6.165425e-02
<MEAN> 6
 8.922541e+01 -3.618508e+01 5.807753e+02 -6.216578e+00 -3.932486e+01 -1.554041e+03
<VARIANCE> 6
 3.171274e+01 1.309607e+04 1.362684e+04 2.998645e+02 4.044808e+04 5.191738e+07
<GCONST> 6.756012e+01
<STATE> 6
<NUMMIXES> 13
<MIXTURE> 1 8.573896e-02
<MEAN> 6
 7.588597e+01 2.865826e+03 4.605109e+02 -1.250525e+00 -8.096944e+00 -1.152702e+02
<VARIANCE> 6
 3.171274e+01 1.309607e+04 1.362684e+04 2.998645e+02 4.044808e+04 5.191738e+07
<GCONST> 6.756012e+01
<MIXTURE> 2 7.797159e-02
<MEAN> 6
 9.727577e+01 9.063578e+02 5.227784e+02 -4.182239e+00 -6.476676e+00 7.716611e+01
<VARIANCE> 6
 3.171274e+01 4.865466e+04 3.454475e+05 2.998645e+02 4.044808e+04 5.191738e+07
<GCONST> 7.210535e+01
<MIXTURE> 3 7.738044e-02
<MEAN> 6
 8.766800e+01 1.130800e+03 -1.141089e+03 -3.079538e+00 8.775803e-01 -5.344819e+00
<VARIANCE> 6
 3.171274e+01 1.309607e+04 2.746611e+04 2.998645e+02 4.044808e+04 5.191738e+07
<GCONST> 6.826103e+01
<MIXTURE> 4 1.079039e-01
<MEAN> 6
 7.177464e+01 1.312837e+03 -1.125724e+03 6.091125e-01 -4.407925e+00 -1.334236e+02
<VARIANCE> 6
 3.171274e+01 1.309607e+04 1.362684e+04 2.998645e+02 4.044808e+04 5.191738e+07
<GCONST> 6.756012e+01
<MIXTURE> 5 8.900179e-02
<MEAN> 6
 6.530045e+01 9.429301e+02 -1.444072e+02 -2.757596e-02 1.695981e+00 -9.484757e+01
<VARIANCE> 6
 3.171274e+01 1.309607e+04 1.362684e+04 2.998645e+02 4.044808e+04 5.191738e+07
<GCONST> 6.756012e+01
<MIXTURE> 6 6.536635e-02
<MEAN> 6
 7.954796e+01 1.461196e+03 4.550720e+02 -1.566765e+00 -4.842110e+00 -1.752574e+02
<VARIANCE> 6
 3.171274e+01 2.122658e+04 1.362684e+04 2.998645e+02 4.044808e+04 5.191738e+07
<GCONST> 6.804306e+01
<MIXTURE> 7 8.626134e-02
<MEAN> 6
 8.643752e+01 9.037382e+02 -5.683602e+02 -9.030989e-01 -1.072236e+01 -9.188850e+01
<VARIANCE> 6
 3.171274e+01 8.515391e+04 1.362684e+04 2.998645e+02 4.044808e+04 5.191738e+07
<GCONST> 6.943227e+01
<MIXTURE> 8 5.603260e-02
<MEAN> 6
 8.236745e+01 2.378258e+03 -2.064345e+02 1.684820e+00 4.518118e+01 1.308296e+03
<VARIANCE> 6
 3.171274e+01 3.976144e+05 1.362684e+04 2.998645e+02 4.044808e+04 5.191738e+07
<GCONST> 7.097328e+01
<MIXTURE> 9 7.470715e-02
<MEAN> 6
 6.525810e+01 8.590847e+02 -1.570684e+02 -4.274429e-01 -2.487584e+00 -1.169421e+02
<VARIANCE> 6
 3.171274e+01 1.596044e+04 1.362684e+04 2.998645e+02 4.044808e+04 5.191738e+07
<GCONST> 6.775792e+01
<MIXTURE> 10 6.873260e-02
<MEAN> 6
 8.872166e+01 1.017185e+03 -2.210628e+03 9.537471e-01 -1.625842e+01 6.076104e+01
<VARIANCE> 6
 3.171274e+01 1.309607e+04 2.129109e+04 2.998645e+02 4.044808e+04 5.191738e+07
<GCONST> 6.800636e+01
<MIXTURE> 11 7.731469e-02
<MEAN> 6
 8.549752e+01 9.982180e+02 2.647951e+02 -1.350576e+00 -2.022207e+00 -1.309387e+02
<VARIANCE> 6
 3.171274e+01 1.371860e+04 1.362684e+04 2.998645e+02 4.044808e+04 5.191738e+07
<GCONST> 6.760655e+01
<MIXTURE> 12 7.754586e-02
<MEAN> 6
 8.848692e+01 9.182680e+02 2.435845e+02 -2.111233e+00 -5.485317e-01 -3.182043e+01
<VARIANCE> 6
 3.171274e+01 1.309607e+04 1.362684e+04 2.998645e+02 4.044808e+04 5.191738e+07
<GCONST> 6.756012e+01
<MIXTURE> 13 5.603260e-02
<MEAN> 6
 8.011489e+01 2.126032e+03 -2.531281e+02 -5.241818e+00 -3.526565e+01 -1.573853e+03
<VARIANCE> 6
 3.171274e+01 3.976144e+05 1.362684e+04 2.998645e+02 4.044808e+04 5.191738e+07
<GCONST> 7.097328e+01
<STATE> 7
<NUMMIXES> 13
<MIXTURE> 1 4.004195e-02
<MEAN> 6
 9.676001e+01 7.605985e+01 1.648779e+03 4.248024e+01 -4.624066e+02 3.466295e+03
<VARIANCE> 6
 5.056483e+01 7.970871e+04 3.021962e+05 9.120124e+02 4.960120e+04 5.191738e+07
<GCONST> 7.424808e+01
<MIXTURE> 2 7.323315e-02
<MEAN> 6
 6.960764e+01 1.660328e+03 3.259665e+02 -1.092387e+02 -7.490441e+02 -2.468063e+03
<VARIANCE> 6
 1.374928e+02 8.691538e+05 3.764413e+04 3.511730e+03 1.075754e+05 9.552794e+07
<GCONST> 7.828678e+01
<MIXTURE> 3 7.818550e-02
<MEAN> 6
 6.694062e+01 5.962178e+02 1.700974e+02 2.105433e+01 -2.745620e+01 1.039379e+03
<VARIANCE> 6
 3.171274e+01 1.667501e+04 1.362684e+04 2.998645e+02 4.044808e+04 5.191738e+07
<GCONST> 6.780171e+01
<MIXTURE> 4 6.823540e-02
<MEAN> 6
 1.667925e+01 2.446596e+02 1.589719e+03 2.895882e+02 1.371615e+02 -6.477279e+03
<VARIANCE> 6
 5.679317e+02 8.708177e+04 1.118118e+05 6.971282e+02 3.824445e+05 5.191738e+07
<GCONST> 7.753491e+01
<MIXTURE> 5 8.319571e-02
<MEAN> 6
 8.230044e+01 -1.278334e+02 -4.158923e+02 -8.086992e+01 -7.490753e+02 -5.493164e+02
<VARIANCE> 6
 8.705147e+01 5.026317e+04 1.362684e+04 3.555582e+03 2.517355e+05 7.933237e+07
<GCONST> 7.464015e+01
<MIXTURE> 6 5.445912e-02
<MEAN> 6
 7.790369e+01 2.208517e+02 1.578931e+03 1.790193e+02 -8.163481e+02 -9.695898e+02
<VARIANCE> 6
 1.498222e+02 4.288112e+04 1.260082e+05 2.755945e+03 4.044808e+04 5.191738e+07
<GCONST> 7.474146e+01
<MIXTURE> 7 6.500369e-02
<MEAN> 6
 6.342864e+01 -1.696407e+02 -4.716775e+02 -1.166574e+02 -3.585828e+02 -1.676095e+03
<VARIANCE> 6
 4.669099e+01 1.989328e+04 1.702313e+04 4.027338e+02 4.044808e+04 5.289580e+07
<GCONST> 6.890117e+01
<MIXTURE> 8 9.691796e-02
<MEAN> 6
 6.449096e+01 2.434353e+02 -1.342986e+02 -3.673492e+01 -8.006292e+02 -1.006394e+04
<VARIANCE> 6
 3.171274e+01 1.079714e+05 1.362684e+04 4.590506e+02 4.044808e+04 5.191738e+07
<GCONST> 7.009550e+01
<MIXTURE> 9 6.863400e-02
<MEAN> 6
 6.394627e+01 5.501269e+02 3.378974e+01 -4.609115e+00 -1.140647e+01 -3.600924e+03
<VARIANCE> 6
 5.437988e+02 1.309607e+04 3.085573e+04 8.793760e+03 8.085970e+05 5.191738e+07
<GCONST> 7.759300e+01
<MIXTURE> 10 1.527731e-01
<MEAN> 6
 6.195133e+01 3.301881e+02 5.269537e+01 -3.823042e+01 -5.032791e+01 3.328624e+03
<VARIANCE> 6
 7.683878e+01 2.954028e+05 1.362684e+04 2.228037e+04 1.004442e+06 6.094079e+08
<GCONST> 8.154427e+01
<MIXTURE> 11 4.717845e-02
<MEAN> 6
 4.791013e+01 5.083320e+02 2.317087e+02 5.087025e+01 -1.071782e+01 -1.818126e+03
<VARIANCE> 6
 3.572496e+01 1.309607e+04 1.362684e+04 2.998645e+02 4.044808e+04 5.191738e+07
<GCONST> 6.767924e+01
<MIXTURE> 12 9.395001e-02
<MEAN> 6
 3.506909e+01 3.680086e+02 5.403944e+00 2.416988e+01 1.006537e+03 -3.812862e+03
<VARIANCE> 6
 9.068005e+01 3.285976e+04 1.362684e+04 1.123857e+04 2.857139e+05 5.191738e+07
<GCONST> 7.510942e+01
<MIXTURE> 13 7.818550e-02
<MEAN> 6
 6.468806e+01 5.445651e+02 1.234038e+02 1.412769e+01 -1.079030e+02 -1.842770e+03
<VARIANCE> 6
 3.171274e+01 1.667501e+04 1.362684e+04 2.998645e+02 4.044808e+04 5.191738e+07
<GCONST> 6.780171e+01
<STATE> 8
<NUMMIXES> 13
<MIXTURE> 1 7.446895e-02
<MEAN> 6
 1.279260e+02 3.784236e+02 1.676356e+03 -3.697414e+00 3.251047e+00 7.761933e+01
<VARIANCE> 6
 3.171274e+01 1.617775e+04 1.362684e+04 2.998645e+02 4.044808e+04 5.191738e+07
<GCONST> 6.777144e+01
<MIXTURE> 2 8.123467e-02
<MEAN> 6
 8.341423e+01 6.495944e+02 1.059823e+03 -5.956830e+00 4.695674e-01 1.569802e+01
<VARIANCE> 6
 3.171274e+01 1.309607e+04 1.362684e+04 2.998645e+02 4.044808e+04 5.191738e+07
<GCONST> 6.756012e+01
<MIXTURE> 3 1.162179e-01
<MEAN> 6
 1.174933e+02 -4.722538e+02 2.420814e+03 -1.224702e+00 2.065770e+00 -2.571577e+02
<VARIANCE> 6
 3.171274e+01 1.309607e+04 3.924803e+04 2.998645e+02 4.044808e+04 5.191738e+07
<GCONST> 6.861798e+01
<MIXTURE> 4 6.162923e-02
<MEAN> 6
 6.929904e+01 1.171801e+03 7.310848e+02 5.609039e-01 7.894013e+00 -4.073793e+01
<VARIANCE> 6
 3.171274e+01 1.854668e+04 1.362684e+04 2.998645e+02 4.044808e+04 5.191738e+07
<GCONST> 6.790810e+01
<MIXTURE> 5 5.818985e-02
<MEAN> 6
 8.356672e+01 5.746371e+02 4.850908e+02 3.138767e+00 3.818503e+01 1.364492e+03
<VARIANCE> 6
 3.171274e+01 1.309607e+04 1.362684e+04 2.998645e+02 4.044808e+04 5.191738e+07
<GCONST> 6.756012e+01
<MIXTURE> 6 7.794145e-02
<MEAN> 6
 7.463048e+01 4.022812e+02 8.158730e+02 -1.597597e+00 -3.177609e-01 -1.750868e+01
<VARIANCE> 6
 3.171274e+01 1.309607e+04 1.362684e+04 2.998645e+02 4.044808e+04 5.191738e+07
<GCONST> 6.756012e+01
<MIXTURE> 7 2.700280e-03
<MEAN> 6
 7.452344e+01 -1.752522e+02 -1.670383e+02 -2.147183e+01 -3.643644e+02 -6.235110e+03
<VARIANCE> 6
 2.404258e+02 1.679059e+06 3.317172e+05 2.485662e+03 2.121724e+05 9.272894e+07
<GCONST> 8.198410e+01
<MIXTURE> 8 1.130278e-01
<MEAN> 6
 8.268549e+01 5.466998e+02 4.612038e+02 -3.201439e-01 -1.862530e+00 -7.016659e+01
<VARIANCE> 6
 3.171274e+01 1.309607e+04 1.362684e+04 2.998645e+02 4.044808e+04 5.191738e+07
<GCONST> 6.756012e+01
<MIXTURE> 9 8.513044e-02
<MEAN> 6
 8.526212e+01 -5.145027e+02 2.036885e+03 -4.827510e+00 1.622555e+00 8.912443e+01
<VARIANCE> 6
 3.171274e+01 1.309607e+04 1.362684e+04 2.998645e+02 4.044808e+04 5.191738e+07
<GCONST> 6.756012e+01
<MIXTURE> 10 1.120038e-01
<MEAN> 6
 7.096656e+01 8.489048e+02 6.631301e+02 6.306427e-01 -1.276798e+00 -5.369060e+01
<VARIANCE> 6
 3.171274e+01 1.309607e+04 1.362684e+04 2.998645e+02 4.044808e+04 5.191738e+07
<GCONST> 6.756012e+01
<MIXTURE> 11 8.305773e-02
<MEAN> 6
 1.125007e+02 2.471181e+02 1.249568e+03 -1.701132e+00 -2.318324e+01 7.677758e+01
<VARIANCE> 6
 1.391839e+02 1.388411e+04 1.362684e+04 2.998645e+02 4.044808e+04 5.191738e+07
<GCONST> 6.909763e+01
<MIXTURE> 12 7.619226e-02
<MEAN> 6
 7.273789e+01 3.275586e+02 6.612155e+02 -2.509266e+00 -1.691044e+01 -2.248392e+02
<VARIANCE> 6
 3.171274e+01 1.309607e+04 1.362684e+04 2.998645e+02 4.044808e+04 5.191738e+07
<GCONST> 6.756012e+01
<MIXTURE> 13 5.818985e-02
<MEAN> 6
 8.131416e+01 5.288619e+02 4.383972e+02 -3.787872e+00 -4.226180e+01 -1.517657e+03
<VARIANCE> 6
 3.171274e+01 1.309607e+04 1.362684e+04 2.998645e+02 4.044808e+04 5.191738e+07
<GCONST> 6.756012e+01
<STATE> 9
<NUMMIXES> 13
<MIXTURE> 1 6.789815e-02
<MEAN> 6
 9.540672e+01 7.078859e+02 1.792144e+02 -8.778977e-02 3.964133e+01 1.383210e+03
<VARIANCE> 6
 3.171274e+01 1.309607e+04 1.362684e+04 2.998645e+02 4.044808e+04 5.191738e+07
<GCONST> 6.756012e+01
<MIXTURE> 2 1.126684e-01
<MEAN> 6
 1.147954e+02 -9.471576e+01 -4.527366e+02 -4.174901e+00 3.805330e-01 -1.391805e+02
<VARIANCE> 6
 3.171274e+01 1.153685e+05 1.362684e+04 2.998645e+02 4.044808e+04 5.191738e+07
<GCONST> 6.973593e+01
<MIXTURE> 3 6.218319e-02
<MEAN> 6
 9.594849e+01 -8.445841e+02 -2.981623e+01 6.210859e-01 -1.765656e+00 2.774706e+00
<VARIANCE> 6
 3.171274e+01 3.473160e+04 1.362684e+04 2.998645e+02 4.044808e+04 5.191738e+07
<GCONST> 6.853545e+01
<MIXTURE> 4 1.022935e-01
<MEAN> 6
 9.520546e+01 1.916752e+02 7.444598e+01 -2.361363e+00 -2.431276e+01 -4.215689e+00
<VARIANCE> 6
 3.171274e+01 1.309607e+04 1.362684e+04 2.998645e+02 4.044808e+04 5.191738e+07
<GCONST> 6.756012e+01
<MIXTURE> 5 6.859859e-02
<MEAN> 6
 8.856780e+01 2.961334e+02 2.329676e+02 1.240053e+00 1.239148e+01 -1.299137e+02
<VARIANCE> 6
 3.171274e+01 1.309607e+04 1.362684e+04 2.998645e+02 4.044808e+04 5.191738e+07
<GCONST> 6.756012e+01
<MIXTURE> 6 7.951754e-02
<MEAN> 6
 9.380518e+01 -9.599189e+01 6.288842e+01 3.782794e-02 3.609817e+00 -1.537418e+02
<VARIANCE> 6
 3.171274e+01 1.309607e+04 1.362684e+04 2.998645e+02 4.044808e+04 5.191738e+07
<GCONST> 6.756012e+01
<MIXTURE> 7 1.035835e-01
<MEAN> 6
 9.401279e+01 -1.028277e+02 5.284343e+01 -5.505854e-02 3.921979e+00 -1.392279e+02
<VARIANCE> 6
 3.171274e+01 1.309607e+04 1.362684e+04 2.998645e+02 4.044808e+04 5.191738e+07
<GCONST> 6.756012e+01
<MIXTURE> 8 3.496864e-03
<MEAN> 6
 7.358846e+01 3.423658e+02 -3.672655e+02 -3.575279e+01 -6.755618e+02 -9.603825e+03
<VARIANCE> 6
 2.120549e+02 1.883439e+06 7.696247e+05 2.047800e+03 2.128957e+05 8.009781e+07
<GCONST> 8.247821e+01
<MIXTURE> 9 1.026363e-01
<MEAN> 6
 9.421689e+01 -1.023489e+02 4.609293e+01 -1.362804e-01 3.993186e+00 -1.318142e+02
<VARIANCE> 6
 3.171274e+01 1.309607e+04 1.362684e+04 2.998645e+02 4.044808e+04 5.191738e+07
<GCONST> 6.756012e+01
<MIXTURE> 10 6.660572e-02
<MEAN> 6
 8.859145e+01 2.956344e+02 2.299860e+02 1.183162e+00 1.290480e+01 -1.271447e+02
<VARIANCE> 6
 3.171274e+01 1.309607e+04 1.362684e+04 2.998645e+02 4.044808e+04 5.191738e+07
<GCONST> 6.756012e+01
<MIXTURE> 11 8.266002e-02
<MEAN> 6
 8.497676e+01 -4.440088e+02 -4.906055e+01 -3.228576e+00 -4.421984e+00 -2.645472e+02
<VARIANCE> 6
 3.171274e+01 1.309607e+04 1.362684e+04 2.998645e+02 4.044808e+04 5.191738e+07
<GCONST> 6.756012e+01
<MIXTURE> 12 7.994601e-02
<MEAN> 6
 9.399794e+01 -1.094806e+02 5.072163e+01 -5.219798e-02 4.130160e+00 -1.356806e+02
<VARIANCE> 6
 3.171274e+01 1.309607e+04 1.362684e+04 2.998645e+02 4.044808e+04 5.191738e+07
<GCONST> 6.756012e+01
<MIXTURE> 13 6.789815e-02
<MEAN> 6
 9.315415e+01 6.621107e+02 1.325208e+02 -7.014428e+00 -4.080550e+01 -1.498939e+03
<VARIANCE> 6
 3.171274e+01 1.309607e+04 1.362684e+04 2.998645e+02 4.044808e+04 5.191738e+07
<GCONST> 6.756012e+01
<STATE> 10
<NUMMIXES> 13
<MIXTURE> 1 8.163495e-02
<MEAN> 6
 9.018431e+01 -1.401952e+03 8.251343e+02 -5.669412e-02 5.307904e-01 -1.548357e+02
<VARIANCE> 6
 3.171274e+01 1.309607e+04 1.362684e+04 2.998645e+02 4.044808e+04 5.191738e+07
<GCONST> 6.756012e+01
<MIXTURE> 2 1.047248e-01
<MEAN> 6
 7.324012e+01 -3.792392e+02 3.544866e+02 1.793412e-01 -6.636598e+00 -1.947860e+02
<VARIANCE> 6
 3.171274e+01 1.309607e+04 1.362684e+04 2.998645e+02 4.044808e+04 5.191738e+07
<GCONST> 6.756012e+01
<MIXTURE> 3 4.977903e-02
<MEAN> 6
 8.013951e+01 2.867902e+02 -6.176920e+02 8.603535e-01 2.283649e+01 -2.966723e+02
<VARIANCE> 6
 3.171274e+01 2.975545e+04 1.362684e+04 2.998645e+02 4.044808e+04 5.191738e+07
<GCONST> 6.838081e+01
<MIXTURE> 4 4.789609e-02
<MEAN> 6
 7.780597e+01 -1.867135e+03 -8.043713e+02 9.993870e-01 -4.469163e+00 -3.265963e+02
<VARIANCE> 6
 3.171274e+01 1.794783e+04 1.362684e+04 2.998645e+02 4.044808e+04 5.191738e+07
<GCONST> 6.787527e+01
<MIXTURE> 5 9.781158e-02
<MEAN> 6
 7.506618e+01 -1.048666e+03 2.444660e+02 1.222689e+00 1.760951e+01 -2.533653e+02
<VARIANCE> 6
 3.171274e+01 1.420649e+04 8.741259e+04 2.998645e+02 4.044808e+04 5.191738e+07
<GCONST> 6.950009e+01
<MIXTURE> 6 1.206943e-01
<MEAN> 6
 6.361863e+01 -4.359934e+02 -5.452820e+02 -7.095165e-01 -4.483059e+00 -2.723467e+01
<VARIANCE> 6
 3.171274e+01 1.309607e+04 1.362684e+04 2.998645e+02 4.044808e+04 5.191738e+07
<GCONST> 6.756012e+01
<MIXTURE> 7 6.064595e-02
<MEAN> 6
 7.388488e+01 -7.224082e+02 -1.789029e+02 -4.249246e-01 2.366252e+01 1.568169e+03
<VARIANCE> 6
 3.171274e+01 1.932503e+04 1.362684e+04 2.998645e+02 4.044808e+04 5.191738e+07
<GCONST> 6.794920e+01
<MIXTURE> 8 7.316521e-02
<MEAN> 6
 6.431085e+01 -5.049179e+02 3.031079e+02 -1.168178e+00 -8.408976e-01 -1.437973e+02
<VARIANCE> 6
 3.171274e+01 1.309607e+04 1.362684e+04 2.998645e+02 4.044808e+04 5.191738e+07
<GCONST> 6.756012e+01
<MIXTURE> 9 6.396832e-02
<MEAN> 6
 5.778820e+01 -1.421592e+03 -6.582112e+02 5.963045e+00 -2.110259e+01 1.887829e+01
<VARIANCE> 6
 3.171274e+01 1.309607e+04 1.362684e+04 2.998645e+02 4.044808e+04 5.191738e+07
<GCONST> 6.756012e+01
<MIXTURE> 10 1.144061e-01
<MEAN> 6
 7.465429e+01 -7.212668e+02 -6.107375e+02 -2.506789e+00 -3.998285e+00 -7.830124e+01
<VARIANCE> 6
 3.171274e+01 1.730193e+05 1.362684e+04 2.998645e+02 4.044808e+04 5.191738e+07
<GCONST> 7.014120e+01
<MIXTURE> 11 5.177690e-02
<MEAN> 6
 5.708327e+01 -9.235562e+02 -4.145479e+02 -1.837842e-01 3.765885e+00 -1.975899e+02
<VARIANCE> 6
 3.171274e+01 8.485934e+04 1.362684e+04 2.998645e+02 4.044808e+04 5.191738e+07
<GCONST> 6.942880e+01
<MIXTURE> 12 7.283581e-02
<MEAN> 6
 6.447586e+01 -5.355204e+02 2.908539e+02 -5.203921e-01 -1.229219e+01 -2.113310e+02
<VARIANCE> 6
 3.171274e+01 1.309607e+04 1.362684e+04 2.998645e+02 4.044808e+04 5.191738e+07
<GCONST> 6.756012e+01
<MIXTURE> 13 6.064595e-02
<MEAN> 6
 7.163232e+01 -7.780140e+02 -2.255965e+02 -7.351563e+00 -5.678432e+01 -1.313980e+03
<VARIANCE> 6
 3.171274e+01 1.932503e+04 1.362684e+04 2.998645e+02 4.044808e+04 5.191738e+07
<GCONST> 6.794920e+01
<STATE> 11
<NUMMIXES> 13
<MIXTURE> 1 5.524365e-02
<MEAN> 6
 7.511213e+01 5.495280e+01 1.478082e+02 3.401383e+00 3.513701e+01 1.324734e+03
<VARIANCE> 6
 3.171274e+01 1.309607e+04 1.362684e+04 2.998645e+02 4.044808e+04 5.191738e+07
<GCONST> 6.756012e+01
<MIXTURE> 2 6.149856e-02
<MEAN> 6
 7.586105e+01 3.967985e+02 1.113513e+02 1.596549e+00 3.746067e+00 4.373714e+01
<VARIANCE> 6
 3.171274e+01 1.309607e+04 1.362684e+04 2.998645e+02 4.044808e+04 5.191738e+07
<GCONST> 6.756012e+01
<MIXTURE> 3 8.938682e-02
<MEAN> 6
 7.389752e+01 3.273468e+01 1.306931e+02 -4.550663e-02 -5.115877e+00 -1.134003e+02
<VARIANCE> 6
 3.171274e+01 1.309607e+04 1.362684e+04 2.998645e+02 4.044808e+04 5.191738e+07
<GCONST> 6.756012e+01
<MIXTURE> 4 3.493805e-03
<MEAN> 6
 7.316409e+01 9.379535e+01 1.332572e+02 -7.163199e+00 -1.326608e+02 -2.383325e+03
<VARIANCE> 6
 9.536054e+01 7.237181e+05 1.970356e+05 1.063556e+03 1.206579e+05 5.191738e+07
<GCONST> 7.770348e+01
<MIXTURE> 5 8.404949e-02
<MEAN> 6
 6.784144e+01 -4.289691e+01 1.764886e+02 6.325030e-01 -5.715100e+00 -1.035410e+02
<VARIANCE> 6
 3.171274e+01 1.309607e+04 5.424021e+04 2.998645e+02 4.044808e+04 5.191738e+07
<GCONST> 6.894150e+01
<MIXTURE> 6 9.800084e-02
<MEAN> 6
 6.798020e+01 -1.684885e+02 -2.138475e+01 1.000867e+00 6.474217e+00 -1.454276e+02
<VARIANCE> 6
 3.171274e+01 1.309607e+04 2.688625e+04 2.998645e+02 4.044808e+04 5.191738e+07
<GCONST> 6.823969e+01
<MIXTURE> 7 9.934720e-02
<MEAN> 6
 6.899683e+01 -1.375096e+02 1.520780e+02 1.604397e+00 4.310155e+00 -9.947243e+01
<VARIANCE> 6
 3.171274e+01 1.309607e+04 1.362684e+04 2.998645e+02 4.044808e+04 5.191738e+07
<GCONST> 6.756012e+01
<MIXTURE> 8 9.390052e-02
<MEAN> 6
 8.231180e+01 1.043211e+02 -4.178451e+01 -4.253245e-02 -1.579489e+01 -1.180389e+02
<VARIANCE> 6
 3.171274e+01 1.309607e+04 1.362684e+04 2.998645e+02 4.044808e+04 5.191738e+07
<GCONST> 6.756012e+01
<MIXTURE> 9 1.084398e-01
<MEAN> 6
 7.394291e+01 2.632196e+01 1.177554e+02 -2.152064e-02 -4.622923e+00 -1.250912e+02
<VARIANCE> 6
 3.171274e+01 1.309607e+04 1.362684e+04 2.998645e+02 4.044808e+04 5.191738e+07
<GCONST> 6.756012e+01
<MIXTURE> 10 1.060683e-01
<MEAN> 6
 6.886210e+01 -1.477636e+02 1.473602e+02 1.679364e+00 5.210478e+00 -8.968851e+01
<VARIANCE> 6
 3.171274e+01 1.309607e+04 1.362684e+04 2.998645e+02 4.044808e+04 5.191738e+07
<GCONST> 6.756012e+01
<MIXTURE> 11 8.681574e-02
<MEAN> 6
 7.333247e+01 6.912873e+00 1.234485e+02 2.040642e-01 -3.069580e+00 -1.404345e+02
<VARIANCE> 6
 3.171274e+01 1.309607e+04 1.362684e+04 2.998645e+02 4.044808e+04 5.191738e+07
<GCONST> 6.756012e+01
<MIXTURE> 12 5.849692e-02
<MEAN> 6
 7.789812e+01 3.579737e+02 5.730121e+01 1.570605e+00 -6.940072e+00 2.061037e+01
<VARIANCE> 6
 3.171274e+01 1.309607e+04 1.362684e+04 2.998645e+02 4.044808e+04 5.191738e+07
<GCONST> 6.756012e+01
<MIXTURE> 13 5.524365e-02
<MEAN> 6
 7.285957e+01 9.177576e+00 1.011146e+02 -3.525255e+00 -4.530982e+01 -1.557415e+03
<VARIANCE> 6
 3.171274e+01 1.309607e+04 1.362684e+04 2.998645e+02 4.044808e+04 5.191738e+07
<GCONST> 6.756012e+01
<STATE> 12
<NUMMIXES> 13
<MIXTURE> 1 6.192026e-02
<MEAN> 6
 9.869480e+01 -3.494154e+03 -1.595316e+01 -3.067116e+00 2.245206e+01 -8.230831e+01
<VARIANCE> 6
 3.171274e+01 9.021529e+04 1.362684e+04 2.998645e+02 4.044808e+04 5.191738e+07
<GCONST> 6.949001e+01
<MIXTURE> 2 3.526043e-02
<MEAN> 6
 8.276787e+01 -8.780269e+03 2.068801e+03 -1.115537e+01 -1.109497e+01 5.194569e+02
<VARIANCE> 6
 3.171274e+01 1.309607e+04 1.383222e+04 2.998645e+02 4.044808e+04 5.191738e+07
<GCONST> 6.757507e+01
<MIXTURE> 3 1.445565e-01
<MEAN> 6
 7.498677e+01 -3.049024e+01 2.053435e+01 -5.418526e+01 -1.337228e+03 -2.050612e+04
<VARIANCE> 6
 1.596664e+02 1.686812e+05 1.257144e+05 2.459424e+03 4.604556e+05 2.370516e+08
<GCONST> 8.000932e+01
<MIXTURE> 4 3.623103e-02
<MEAN> 6
 7.329273e+01 -8.999283e+03 1.732613e+03 -2.939548e+00 6.399367e+00 9.103169e+00
<VARIANCE> 6
 3.171274e+01 1.309607e+04 1.796131e+04 2.998645e+02 4.044808e+04 5.191738e+07
<GCONST> 6.783629e+01
<MIXTURE> 5 5.592553e-02
<MEAN> 6
 9.911195e+01 -4.041709e+03 1.545010e+01 -2.639708e+00 2.361491e+00 1.372079e+01
<VARIANCE> 6
 3.171274e+01 1.309607e+04 1.362684e+04 2.998645e+02 4.044808e+04 5.191738e+07
<GCONST> 6.756012e+01
<MIXTURE> 6 5.137932e-02
<MEAN> 6
 7.330677e+01 -8.856036e+03 9.998690e+02 1.090717e+00 -2.023168e+01 -6.486328e+02
<VARIANCE> 6
 3.171274e+01 1.309607e+04 1.362684e+04 2.998645e+02 4.044808e+04 5.191738e+07
<GCONST> 6.756012e+01
<MIXTURE> 7 3.540378e-02
<MEAN> 6
 9.510182e+01 -1.859083e+03 -2.224685e+02 -4.862559e+00 -1.651268e+01 -7.064678e+02
<VARIANCE> 6
 3.171274e+01 5.061843e+04 1.362684e+04 2.998645e+02 4.044808e+04 5.191738e+07
<GCONST> 6.891211e+01
<MIXTURE> 8 4.492919e-02
<MEAN> 6
 1.013611e+02 -2.597978e+03 -2.286564e+02 -5.192954e+00 -5.150179e+01 -4.017167e+02
<VARIANCE> 6
 3.171274e+01 6.477213e+04 1.362684e+04 2.998645e+02 4.044808e+04 5.191738e+07
<GCONST> 6.915868e+01
<MIXTURE> 9 4.513549e-02
<MEAN> 6
 7.303578e+01 -9.050076e+03 1.345580e+03 3.442407e-02 -9.013678e-01 -2.187189e+01
<VARIANCE> 6
 3.171274e+01 1.309607e+04 1.960461e+04 2.998645e+02 4.044808e+04 5.191738e+07
<GCONST> 6.792384e+01
<MIXTURE> 10 4.495334e-02
<MEAN> 6
 1.036384e+02 -3.037052e+03 -2.613605e+02 -5.885667e-01 -3.086385e+00 -1.391198e+02
<VARIANCE> 6
 3.171274e+01 3.694916e+04 1.362684e+04 2.998645e+02 4.044808e+04 5.191738e+07
<GCONST> 6.859734e+01
<MIXTURE> 11 1.760885e-01
<MEAN> 6
 6.566305e+01 -6.252809e+01 3.609270e+01 -2.015248e+02 -2.183163e+03 -1.597780e+03
<VARIANCE> 6
 1.922247e+02 8.141200e+05 2.309325e+05 6.222105e+03 1.007225e+06 4.897487e+08
<GCONST> 8.481364e+01
<MIXTURE> 12 1.341052e-01
<MEAN> 6
 3.331444e+01 1.628621e+02 2.849556e+02 -3.694087e+02 -9.360826e+02 1.949612e+04
<VARIANCE> 6
 3.871585e+02 5.399897e+05 8.538236e+05 5.963244e+03 6.188842e+05 4.229691e+08
<GCONST> 8.573473e+01
<MIXTURE> 13 1.341052e-01
<MEAN> 6
 2.544390e+01 -1.310739e+02 -8.465476e+01 -4.002975e+02 -1.250759e+03 1.126964e+04
<VARIANCE> 6
 3.871585e+02 5.399897e+05 8.538236e+05 5.963244e+03 6.188842e+05 4.229691e+08
<GCONST> 8.573473e+01
<STATE> 13
<NUMMIXES> 13
<MIXTURE> 1 8.682434e-03
<MEAN> 6
 7.667136e+00 -5.649570e+02 -8.614468e+01 -1.859580e+01 -3.710123e+02 1.078666e+04
<VARIANCE> 6
 7.709310e+03 3.034991e+07 1.076759e+06 9.368541e+05 5.002601e+08 7.238890e+11
<GCONST> 1.121840e+02
<MIXTURE> 2 1.021753e-01
<MEAN> 6
 1.510580e+01 6.076696e+01 3.857874e+01 2.694184e+02 1.155630e+02 -4.963167e+03
<VARIANCE> 6
 6.733582e+02 2.496947e+05 9.921078e+04 6.978177e+03 2.711138e+05 8.905438e+07
<GCONST> 8.113813e+01
<MIXTURE> 3 5.645638e-02
<MEAN> 6
 2.167297e+01 3.020488e+02 -6.410449e+01 -4.726366e+00 1.542616e+01 -3.174028e+03
<VARIANCE> 6
 6.103173e+03 2.083678e+06 1.235992e+06 7.189199e+04 6.087152e+06 3.468171e+09
<GCONST> 9.709236e+01
<MIXTURE> 4 4.493570e-02
<MEAN> 6
 1.049933e+02 4.136830e+02 -5.680223e+00 -8.176311e+00 -2.717714e+01 -3.237092e+02
<VARIANCE> 6
 3.248294e+02 5.104246e+06 3.658053e+05 2.998645e+02 4.044808e+04 5.191738e+07
<GCONST> 7.914227e+01
<MIXTURE> 5 9.080558e-02
<MEAN> 6
 -5.452330e+00 -7.441624e+00 1.382451e+01 -3.062649e+02 6.177192e+02 1.195467e+04
<VARIANCE> 6
 8.006823e+02 1.467582e+05 9.925731e+04 1.022479e+04 1.656714e+06 5.564924e+08
<GCONST> 8.480482e+01
<MIXTURE> 6 7.829592e-02
<MEAN> 6
 6.143219e+01 1.709000e+02 1.337223e+01 4.397775e+01 -2.989977e+02 2.326317e+01
<VARIANCE> 6
 8.898847e+02 1.949934e+05 4.119715e+04 3.289935e+04 1.368925e+05 5.191738e+07
<GCONST> 8.061852e+01
<MIXTURE> 7 7.895360e-02
<MEAN> 6
 -4.223293e+01 1.183794e+02 6.212560e+01 7.997969e+01 1.149521e+03 3.282063e+02
<VARIANCE> 6
 3.055039e+02 2.110711e+05 1.079361e+05 2.190061e+04 3.622078e+05 1.631548e+08
<GCONST> 8.230293e+01
<MIXTURE> 8 7.453383e-02
<MEAN> 6
 9.782781e+01 4.643066e+01 3.259352e+01 4.579678e+01 -8.713267e+02 -1.461771e+03
<VARIANCE> 6
 4.482387e+02 3.650860e+05 1.217767e+05 2.410090e+04 1.544452e+06 7.204970e+08
<GCONST> 8.638605e+01
<MIXTURE> 9 1.322936e-01
<MEAN> 6
 9.262696e+01 -1.164452e+02 -5.283863e+01 -4.357456e+00 -2.859677e+01 -2.609642e+02
<VARIANCE> 6
 2.276958e+02 2.564515e+05 1.013172e+05 2.998645e+02 4.044808e+04 5.191738e+07
<GCONST> 7.451225e+01
<MIXTURE> 10 9.006207e-02
<MEAN> 6
 -5.582678e+01 8.211559e+01 5.209734e-01 7.962091e+00 2.220644e+02 5.847695e+02
<VARIANCE> 6
 2.882352e+02 2.955394e+05 1.460096e+05 1.020996e+03 9.497398e+04 5.191738e+07
<GCONST> 7.733408e+01
<MIXTURE> 11 9.605923e-02
<MEAN> 6
 7.714860e+01 -1.242796e+01 4.240816e+01 -8.520812e+01 -8.481244e+02 -2.465606e+02
<VARIANCE> 6
 5.079685e+02 6.490711e+04 5.914829e+04 2.878261e+04 2.368128e+05 6.895878e+07
<GCONST> 8.001776e+01
<MIXTURE> 12 6.698663e-02
<MEAN> 6
 7.683325e+01 -2.996017e+02 -2.206657e+00 -3.498986e+01 -8.264142e+02 -8.346701e+01
<VARIANCE> 6
 5.927553e+02 4.683127e+05 5.106462e+05 4.495927e+04 5.328271e+05 2.027884e+08
<GCONST> 8.663951e+01
<MIXTURE> 13 7.895360e-02
<MEAN> 6
 -4.922440e+01 -6.539051e+01 -6.928893e+01 2.078427e+01 9.087866e+02 -4.781076e+03
<VARIANCE> 6
 3.055039e+02 2.110711e+05 1.079361e+05 2.190061e+04 3.622078e+05 1.631548e+08
<GCONST> 8.230293e+01
<TRANSP> 14
 0.000000e+00 1.000000e+00 0.000000e+00 0.000000e+00 0.000000e+00 0.000000e+00 0.000000e+00 0.000000e+00 0.000000e+00 0.000000e+00 0.000000e+00 0.000000e+00 0.000000e+00 0.000000e+00
 0.000000e+00 9.997871e-01 2.129355e-04 0.000000e+00 0.000000e+00 0.000000e+00 0.000000e+00 0.000000e+00 0.000000e+00 0.000000e+00 0.000000e+00 0.000000e+00 0.000000e+00 0.000000e+00
 0.000000e+00 0.000000e+00 9.987512e-01 1.248797e-03 0.000000e+00 0.000000e+00 0.000000e+00 0.000000e+00 0.000000e+00 0.000000e+00 0.000000e+00 0.000000e+00 0.000000e+00 0.000000e+00
 0.000000e+00 0.000000e+00 0.000000e+00 9.966873e-01 3.312728e-03 0.000000e+00 0.000000e+00 0.000000e+00 0.000000e+00 0.000000e+00 0.000000e+00 0.000000e+00 0.000000e+00 0.000000e+00
 0.000000e+00 0.000000e+00 0.000000e+00 0.000000e+00 9.960455e-01 3.954522e-03 0.000000e+00 0.000000e+00 0.000000e+00 0.000000e+00 0.000000e+00 0.000000e+00 0.000000e+00 0.000000e+00
 0.000000e+00 0.000000e+00 0.000000e+00 0.000000e+00 0.000000e+00 9.981029e-01 1.897151e-03 0.000000e+00 0.000000e+00 0.000000e+00 0.000000e+00 0.000000e+00 0.000000e+00 0.000000e+00
 0.000000e+00 0.000000e+00 0.000000e+00 0.000000e+00 0.000000e+00 0.000000e+00 9.871615e-01 1.283854e-02 0.000000e+00 0.000000e+00 0.000000e+00 0.000000e+00 0.000000e+00 0.000000e+00
 0.000000e+00 0.000000e+00 0.000000e+00 0.000000e+00 0.000000e+00 0.000000e+00 0.000000e+00 9.967020e-01 3.298056e-03 0.000000e+00 0.000000e+00 0.000000e+00 0.000000e+00 0.000000e+00
 0.000000e+00 0.000000e+00 0.000000e+00 0.000000e+00 0.000000e+00 0.000000e+00 0.000000e+00 0.000000e+00 9.963618e-01 3.638152e-03 0.000000e+00 0.000000e+00 0.000000e+00 0.000000e+00
 0.000000e+00 0.000000e+00 0.000000e+00 0.000000e+00 0.000000e+00 0.000000e+00 0.000000e+00 0.000000e+00 0.000000e+00 9.980002e-01 1.999768e-03 0.000000e+00 0.000000e+00 0.000000e+00
 0.000000e+00 0.000000e+00 0.000000e+00 0.000000e+00 0.000000e+00 0.000000e+00 0.000000e+00 0.000000e+00 0.000000e+00 0.000000e+00 9.984336e-01 1.566422e-03 0.000000e+00 0.000000e+00
 0.000000e+00 0.000000e+00 0.000000e+00 0.000000e+00 0.000000e+00 0.000000e+00 0.000000e+00 0.000000e+00 0.000000e+00 0.000000e+00 0.000000e+00 9.970527e-01 2.947328e-03 0.000000e+00
 0.000000e+00 0.000000e+00 0.000000e+00 0.000000e+00 0.000000e+00 0.000000e+00 0.000000e+00 0.000000e+00 0.000000e+00 0.000000e+00 0.000000e+00 0.000000e+00 9.999440e-01 5.604192e-05
 0.000000e+00 0.000000e+00 0.000000e+00 0.000000e+00 0.000000e+00 0.000000e+00 0.000000e+00 0.000000e+00 0.000000e+00 0.000000e+00 0.000000e+00 0.000000e+00 0.000000e+00 0.000000e+00
<ENDHMM>
~h "SegundoESO"
<BEGINHMM>
<NUMSTATES> 14
<STATE> 2
<NUMMIXES> 13
<MIXTURE> 1 7.865486e-02
<MEAN> 6
 7.175040e+01 1.320474e+04 -1.200071e+03 -7.314907e-01 -4.933612e+00 -1.826712e+02
<VARIANCE> 6
 3.171274e+01 1.309607e+04 1.362684e+04 2.998645e+02 4.044808e+04 5.191738e+07
<GCONST> 6.756012e+01
<MIXTURE> 2 5.767465e-02
<MEAN> 6
 7.911905e+01 2.069856e+03 1.436297e+03 3.297724e+00 4.395536e+01 1.352537e+03
<VARIANCE> 6
 3.171274e+01 4.077672e+05 5.359464e+05 2.998645e+02 4.044808e+04 5.191738e+07
<GCONST> 7.467049e+01
<MIXTURE> 3 1.050519e-01
<MEAN> 6
 6.374543e+01 2.630038e+03 -1.263775e+03 7.699396e-02 -7.481291e+00 -7.504505e+01
<VARIANCE> 6
 3.171274e+01 8.552932e+05 5.626133e+04 2.998645e+02 4.044808e+04 5.191738e+07
<GCONST> 7.315721e+01
<MIXTURE> 4 5.260818e-02
<MEAN> 6
 7.190487e+01 -2.306363e+03 -1.522056e+02 1.996259e-01 -1.965238e+00 -6.753610e+01
<VARIANCE> 6
 3.171274e+01 2.297996e+04 6.247079e+04 2.998645e+02 4.044808e+04 5.191738e+07
<GCONST> 6.964508e+01
<MIXTURE> 5 6.649303e-02
<MEAN> 6
 7.217244e+01 1.526791e+03 -2.403222e+03 4.975002e-02 -3.653223e+00 -1.509376e+02
<VARIANCE> 6
 3.171274e+01 1.309607e+04 1.673380e+05 2.998645e+02 4.044808e+04 5.191738e+07
<GCONST> 7.006808e+01
<MIXTURE> 6 9.198161e-02
<MEAN> 6
 6.126160e+01 1.076419e+03 -7.454448e+02 5.331854e-01 1.722788e+00 -7.989104e+00
<VARIANCE> 6
 3.171274e+01 2.359130e+05 5.170514e+04 2.998645e+02 4.044808e+04 5.191738e+07
<GCONST> 7.178477e+01
<MIXTURE> 7 1.023890e-01
<MEAN> 6
 6.398260e+01 -1.180291e+02 -1.522960e+03 7.691182e-01 3.713753e+00 -1.102628e+02
<VARIANCE> 6
 3.171274e+01 2.227738e+04 1.579752e+04 2.998645e+02 4.044808e+04 5.191738e+07
<GCONST> 6.823918e+01
<MIXTURE> 8 5.496498e-02
<MEAN> 6
 6.534491e+01 -6.886042e+02 -6.708513e+02 2.656110e-01 -7.575163e+00 -1.491511e+02
<VARIANCE> 6
 3.171274e+01 1.309607e+04 2.340503e+04 2.998645e+02 4.044808e+04 5.191738e+07
<GCONST> 6.810103e+01
<MIXTURE> 9 7.416196e-02
<MEAN> 6
 6.572564e+01 8.043500e+02 -1.230903e+03 -2.430306e-01 -9.267759e+00 -1.443829e+02
<VARIANCE> 6
 3.171274e+01 1.309607e+04 1.362684e+04 2.998645e+02 4.044808e+04 5.191738e+07
<GCONST> 6.756012e+01
<MIXTURE> 10 1.097672e-01
<MEAN> 6
 6.407553e+01 -2.086957e+03 -4.657921e+02 2.337946e-05 -5.193329e+00 -1.974602e+02
<VARIANCE> 6
 3.171274e+01 1.473803e+05 2.029303e+04 2.998645e+02 4.044808e+04 5.191738e+07
<GCONST> 7.037906e+01
<MIXTURE> 11 9.036898e-02
<MEAN> 6
 5.923421e+01 -2.416367e+02 -8.319673e+02 -2.292978e+00 5.245027e+00 5.736620e+01
<VARIANCE> 6
 3.171274e+01 5.832891e+04 2.015324e+04 2.998645e+02 4.044808e+04 5.191738e+07
<GCONST> 6.944522e+01
<MIXTURE> 12 5.819162e-02
<MEAN> 6
 6.460722e+01 -7.456721e+02 -5.940911e+02 4.692805e-01 -1.155058e+01 -2.108473e+02
<VARIANCE> 6
 3.171274e+01 1.309607e+04 1.654871e+04 2.998645e+02 4.044808e+04 5.191738e+07
<GCONST> 6.775438e+01
<MIXTURE> 13 5.767465e-02
<MEAN> 6
 7.686649e+01 1.814430e+03 1.143463e+03 -3.628915e+00 -3.649147e+01 -1.529611e+03
<VARIANCE> 6
 3.171274e+01 4.077672e+05 5.359464e+05 2.998645e+02 4.044808e+04 5.191738e+07
<GCONST> 7.467049e+01
<STATE> 3
<NUMMIXES> 13
<MIXTURE> 1 8.152762e-02
<MEAN> 6
 7.025465e+01 -1.482626e+02 1.489945e+03 -2.920795e+00 3.087928e+00 -1.255190e+02
<VARIANCE> 6
 5.420146e+01 7.268886e+04 2.046686e+05 2.998645e+02 4.044808e+04 5.191738e+07
<GCONST> 7.251933e+01
<MIXTURE> 2 7.873474e-02
<MEAN> 6
 7.135344e+01 6.632881e+02 9.377313e+02 3.901772e-01 8.632141e-01 -1.343931e+02
<VARIANCE> 6
 3.171274e+01 1.309607e+04 8.325798e+05 2.998645e+02 4.044808e+04 5.191738e+07
<GCONST> 7.167261e+01
<MIXTURE> 3 6.520194e-02
<MEAN> 6
 6.664590e+01 -3.759442e+02 3.190266e+02 -2.143878e-01 -3.941205e+00 -7.811715e+01
<VARIANCE> 6
 3.171274e+01 1.309607e+04 1.362684e+04 2.998645e+02 4.044808e+04 5.191738e+07
<GCONST> 6.756012e+01
<MIXTURE> 4 8.843388e-02
<MEAN> 6
 6.325057e+01 -6.367685e+02 -7.448503e+00 4.317594e-02 -4.450819e+00 -1.104983e+02
<VARIANCE> 6
 3.171274e+01 5.260048e+04 1.619502e+04 2.998645e+02 4.044808e+04 5.191738e+07
<GCONST> 6.912318e+01
<MIXTURE> 5 8.228168e-02
<MEAN> 6
 7.342722e+01 3.935552e+02 -3.284996e+03 -3.378209e-01 -4.347043e+00 -1.211290e+01
<VARIANCE> 6
 3.171274e+01 1.631732e+05 1.013532e+07 2.998645e+02 4.044808e+04 5.191738e+07
<GCONST> 7.669435e+01
<MIXTURE> 6 5.651630e-02
<MEAN> 6
 6.165967e+01 -2.862745e+02 -2.273520e+02 3.820798e+00 3.914258e+01 1.319597e+03
<VARIANCE> 6
 3.171274e+01 1.709310e+04 3.629899e+04 2.998645e+02 4.044808e+04 5.191738e+07
<GCONST> 6.880623e+01
<MIXTURE> 7 1.039782e-01
<MEAN> 6
 6.425488e+01 2.113751e+01 2.493564e+02 -2.856902e+00 -2.798032e+00 -8.385009e+01
<VARIANCE> 6
 6.274366e+01 1.925450e+04 1.362684e+04 2.998645e+02 4.044808e+04 5.191738e+07
<GCONST> 6.862788e+01
<MIXTURE> 8 6.816006e-02
<MEAN> 6
 5.768763e+01 6.491137e+02 -3.913450e+03 1.964847e+00 -8.808814e-01 -5.253526e+01
<VARIANCE> 6
 3.171274e+01 1.309607e+04 1.262333e+06 2.998645e+02 4.044808e+04 5.191738e+07
<GCONST> 7.208879e+01
<MIXTURE> 9 9.493884e-02
<MEAN> 6
 7.507874e+01 -2.406029e+02 -6.307583e+03 -2.017131e-01 -3.805697e+00 -6.884218e+01
<VARIANCE> 6
 3.171274e+01 2.195382e+04 7.106394e+06 2.998645e+02 4.044808e+04 5.191738e+07
<GCONST> 7.433345e+01
<MIXTURE> 10 9.439680e-02
<MEAN> 6
 5.658503e+01 1.941981e+02 -1.805941e+03 -5.227224e-01 -2.700989e+00 -2.031866e+02
<VARIANCE> 6
 3.171274e+01 1.309607e+04 2.683175e+06 2.998645e+02 4.044808e+04 5.191738e+07
<GCONST> 7.284283e+01
<MIXTURE> 11 6.467407e-02
<MEAN> 6
 6.438461e+01 -7.977476e+02 7.609887e+01 -4.773616e-02 -4.580585e+00 -4.038015e+01
<VARIANCE> 6
 3.171274e+01 1.582059e+05 5.047462e+04 2.998645e+02 4.044808e+04 5.191738e+07
<GCONST> 7.136113e+01
<MIXTURE> 12 6.457010e-02
<MEAN> 6
 6.606461e+01 -3.761793e+02 2.934510e+02 -2.704850e-01 -3.808390e+00 -7.921874e+01
<VARIANCE> 6
 3.171274e+01 1.309607e+04 1.362684e+04 2.998645e+02 4.044808e+04 5.191738e+07
<GCONST> 6.756012e+01
<MIXTURE> 13 5.651630e-02
<MEAN> 6
 5.940711e+01 -3.385707e+02 -3.035612e+02 -3.105840e+00 -4.130425e+01 -1.562552e+03
<VARIANCE> 6
 3.171274e+01 1.709310e+04 3.629899e+04 2.998645e+02 4.044808e+04 5.191738e+07
<GCONST> 6.880623e+01
<STATE> 4
<NUMMIXES> 13
<MIXTURE> 1 7.820007e-02
<MEAN> 6
 8.853365e+01 -3.582875e+03 5.968192e+03 -2.618807e+00 -1.225864e+01 -2.511788e+02
<VARIANCE> 6
 6.096103e+01 2.534694e+06 2.862448e+07 2.998645e+02 4.044808e+04 5.191738e+07
<GCONST> 8.112912e+01
<MIXTURE> 2 7.061382e-02
<MEAN> 6
 4.761645e+01 4.355692e+03 7.551938e+02 -2.057985e+01 -5.105120e+02 4.413939e+02
<VARIANCE> 6
 2.311801e+03 4.821922e+07 2.242371e+07 4.166716e+04 9.089497e+05 2.855162e+08
<GCONST> 9.721727e+01
<MIXTURE> 3 6.448100e-02
<MEAN> 6
 -4.150663e+01 5.183672e+02 3.699444e+03 4.343630e+01 9.880812e+02 2.353232e+03
<VARIANCE> 6
 6.735502e+02 3.235834e+05 2.223892e+06 4.900079e+04 4.269454e+05 1.520485e+08
<GCONST> 8.744551e+01
<MIXTURE> 4 1.074146e-01
<MEAN> 6
 6.697916e+01 2.200499e+03 -2.937686e+03 4.824797e+01 -2.559713e+02 -1.553496e+02
<VARIANCE> 6
 2.802415e+02 2.373766e+06 2.111635e+06 1.435974e+04 5.108406e+04 5.191738e+07
<GCONST> 8.408444e+01
<MIXTURE> 5 9.100404e-02
<MEAN> 6
 9.086861e+01 -5.716293e+02 1.919401e+03 2.195309e+01 -3.174114e+02 -1.681373e+02
<VARIANCE> 6
 9.687753e+01 5.235668e+05 3.967844e+06 4.487472e+03 8.285857e+04 5.191738e+07
<GCONST> 8.146196e+01
<MIXTURE> 6 8.426897e-02
<MEAN> 6
 -3.720464e+01 4.279633e+02 -2.694543e+02 -8.170087e+00 1.066293e+03 -2.221830e+02
<VARIANCE> 6
 1.793071e+02 5.322908e+06 2.918976e+06 2.879592e+04 3.378383e+05 2.178939e+08
<GCONST> 8.878847e+01
<MIXTURE> 7 8.699109e-02
<MEAN> 6
 4.554167e+01 1.025960e+01 2.634606e+03 -3.594284e+01 -8.304075e+02 1.652308e+03
<VARIANCE> 6
 4.870000e+02 2.116213e+05 5.120222e+06 7.497627e+04 2.834726e+05 1.345732e+08
<GCONST> 8.742421e+01
<MIXTURE> 8 5.765112e-02
<MEAN> 6
 -5.575150e+01 -3.591464e+02 6.643622e+02 6.883619e+00 1.753902e+02 1.051096e+02
<VARIANCE> 6
 3.454785e+01 4.691506e+06 2.651147e+06 7.709699e+02 6.171052e+04 5.191738e+07
<GCONST> 8.016440e+01
<MIXTURE> 9 7.664566e-02
<MEAN> 6
 2.159702e+00 1.599794e+03 -1.876281e+03 -1.127452e+00 1.339056e+02 1.248414e+02
<VARIANCE> 6
 5.270375e+02 3.651396e+06 3.613585e+06 3.347021e+04 7.610166e+04 5.191738e+07
<GCONST> 8.692877e+01
<MIXTURE> 10 5.046012e-02
<MEAN> 6
 7.074191e+01 -3.023313e+03 3.290772e+03 -1.385882e+00 -1.295544e+01 -1.596331e+02
<VARIANCE> 6
 3.171274e+01 1.561051e+06 9.926934e+05 2.998645e+02 4.044808e+04 5.191738e+07
<GCONST> 7.662930e+01
<MIXTURE> 11 9.208406e-02
<MEAN> 6
 7.828345e+01 -8.218721e+02 9.846587e+01 -4.565029e+01 -7.469025e+02 -3.647732e+02
<VARIANCE> 6
 2.504742e+02 3.014072e+06 2.924584e+06 1.784342e+04 2.129186e+05 5.191738e+07
<GCONST> 8.618130e+01
<MIXTURE> 12 7.562184e-02
<MEAN> 6
 -1.847564e+00 1.406383e+03 -1.943871e+03 2.307198e+01 1.208882e+02 -7.526839e+02
<VARIANCE> 6
 4.368785e+02 3.883882e+06 3.509373e+06 3.037214e+04 6.266663e+04 5.191738e+07
<GCONST> 8.648224e+01
<MIXTURE> 13 6.448100e-02
<MEAN> 6
 -5.188777e+01 2.908296e+02 3.102936e+03 -4.510818e+01 7.267170e+02 -2.579085e+03
<VARIANCE> 6
 6.735502e+02 3.235834e+05 2.223892e+06 4.900079e+04 4.269454e+05 1.520485e+08
<GCONST> 8.744551e+01
<STATE> 5
<NUMMIXES> 13
<MIXTURE> 1 1.162264e-01
<MEAN> 6
 5.930291e+01 2.266929e+03 -2.814011e+02 2.779502e-01 -4.995443e+00 -1.954806e+02
<VARIANCE> 6
 3.171274e+01 1.724956e+05 1.362684e+04 2.998645e+02 4.044808e+04 5.191738e+07
<GCONST> 7.013817e+01
<MIXTURE> 2 7.738736e-02
<MEAN> 6
 6.881178e+01 1.140419e+03 8.376440e+01 -8.206043e-01 -7.123847e+00 -2.211463e+02
<VARIANCE> 6
 3.171274e+01 1.561127e+04 1.362684e+04 2.998645e+02 4.044808e+04 5.191738e+07
<GCONST> 6.773579e+01
<MIXTURE> 3 2.966568e-02
<MEAN> 6
 8.031777e+01 5.528550e+02 7.390709e+02 1.010742e+00 -4.679922e+00 5.980051e+00
<VARIANCE> 6
 3.171274e+01 1.317239e+04 1.725490e+04 2.998645e+02 4.044808e+04 5.191738e+07
<GCONST> 6.780199e+01
<MIXTURE> 4 8.624040e-02
<MEAN> 6
 6.831645e+01 4.708149e+02 -2.614619e+02 2.486585e-02 -2.844794e-01 -7.904147e+01
<VARIANCE> 6
 3.171274e+01 1.309607e+04 1.362684e+04 2.998645e+02 4.044808e+04 5.191738e+07
<GCONST> 6.756012e+01
<MIXTURE> 5 1.105430e-01
<MEAN> 6
 7.542566e+01 6.489445e+02 -7.755176e+02 -7.456681e-01 -5.252104e+00 -8.204144e+01
<VARIANCE> 6
 3.171274e+01 2.079825e+05 1.362684e+04 2.998645e+02 4.044808e+04 5.191738e+07
<GCONST> 7.032526e+01
<MIXTURE> 6 7.767077e-02
<MEAN> 6
 7.542265e+01 3.037245e+02 3.051738e+02 5.725260e-01 -5.680026e+00 -1.585126e+02
<VARIANCE> 6
 3.171274e+01 1.309607e+04 5.227288e+05 2.998645e+02 4.044808e+04 5.191738e+07
<GCONST> 7.120714e+01
<MIXTURE> 7 6.100775e-02
<MEAN> 6
 7.336818e+01 6.395300e+01 -4.305114e+02 2.725178e+00 3.157657e+01 1.247274e+03
<VARIANCE> 6
 3.171274e+01 1.309607e+04 4.308323e+04 2.998645e+02 4.044808e+04 5.191738e+07
<GCONST> 6.871121e+01
<MIXTURE> 8 9.070864e-02
<MEAN> 6
 7.138373e+01 8.486950e+02 4.879528e+01 -9.987897e-01 -8.240913e+00 -9.367389e+01
<VARIANCE> 6
 3.171274e+01 5.760879e+05 1.362684e+04 2.998645e+02 4.044808e+04 5.191738e+07
<GCONST> 7.134406e+01
<MIXTURE> 9 4.792270e-02
<MEAN> 6
 6.736891e+01 6.112047e+02 -2.384300e+02 5.481255e-02 -4.581991e+00 -1.949923e+02
<VARIANCE> 6
 3.171274e+01 2.527312e+04 1.362684e+04 2.998645e+02 4.044808e+04 5.191738e+07
<GCONST> 6.821754e+01
<MIXTURE> 10 7.974352e-02
<MEAN> 6
 7.515561e+01 5.929316e+02 3.249415e+02 -5.837392e-01 -6.658061e+00 -2.989776e+01
<VARIANCE> 6
 3.171274e+01 5.547035e+04 1.362684e+04 2.998645e+02 4.044808e+04 5.191738e+07
<GCONST> 6.900365e+01
<MIXTURE> 11 8.524148e-02
<MEAN> 6
 7.610238e+01 2.967567e+02 -1.389048e+02 -3.146174e-01 -9.227155e+00 -7.526176e+01
<VARIANCE> 6
 3.171274e+01 1.309607e+04 2.026866e+05 2.998645e+02 4.044808e+04 5.191738e+07
<GCONST> 7.025974e+01
<MIXTURE> 12 7.659740e-02
<MEAN> 6
 7.485611e+01 4.456870e+02 2.722237e+02 -5.342125e-01 -9.682580e+00 -1.025288e+02
<VARIANCE> 6
 3.171274e+01 9.708328e+04 1.362684e+04 2.998645e+02 4.044808e+04 5.191738e+07
<GCONST> 6.956337e+01
<MIXTURE> 13 6.100775e-02
<MEAN> 6
 7.111562e+01 1.817777e+01 -5.135374e+02 -4.201461e+00 -4.887026e+01 -1.634875e+03
<VARIANCE> 6
 3.171274e+01 1.309607e+04 4.308323e+04 2.998645e+02 4.044808e+04 5.191738e+07
<GCONST> 6.871121e+01
<STATE> 6
<NUMMIXES> 13
<MIXTURE> 1 1.040430e-01
<MEAN> 6
 2.732585e+01 6.804513e+00 3.123400e+01 1.487189e+02 -1.208488e+02 -1.017546e+03
<VARIANCE> 6
 3.243511e+02 4.924510e+05 1.615792e+06 2.493635e+03 4.424585e+04 5.191738e+07
<GCONST> 8.049576e+01
<MIXTURE> 2 6.077549e-02
<MEAN> 6
 -3.335969e+01 2.693262e+01 8.895808e+01 -1.068105e+02 9.217631e+02 2.808916e+03
<VARIANCE> 6
 1.999116e+02 7.425633e+05 5.152001e+05 1.090400e+04 3.632538e+05 2.524801e+08
<GCONST> 8.444189e+01
<MIXTURE> 3 9.990632e-02
<MEAN> 6
 7.731958e+01 -1.573274e+02 2.259839e+02 -7.559579e+00 -8.686900e+01 -3.541958e+02
<VARIANCE> 6
 8.905566e+01 5.356612e+05 8.613892e+05 2.998645e+02 4.044808e+04 5.191738e+07
<GCONST> 7.645035e+01
<MIXTURE> 4 1.025402e-01
<MEAN> 6
 -5.151726e-01 -8.599429e+01 3.096502e+02 -1.587706e+02 8.349622e+01 1.057895e+03
<VARIANCE> 6
 4.324152e+02 5.803965e+05 9.421873e+05 3.290909e+03 1.040083e+05 7.299593e+07
<GCONST> 8.188113e+01
<MIXTURE> 5 6.552761e-02
<MEAN> 6
 -2.900982e+01 2.655001e+02 7.101910e+01 3.205068e+01 1.693437e+02 2.072644e+02
<VARIANCE> 6
 2.392974e+02 2.583546e+05 2.999956e+05 1.136743e+03 5.321383e+04 5.191738e+07
<GCONST> 7.726174e+01
<MIXTURE> 6 3.760689e-02
<MEAN> 6
 8.066537e+01 -8.072738e+02 7.521714e+02 2.707266e+01 -7.628605e+02 -1.536792e+02
<VARIANCE> 6
 9.814976e+01 2.687741e+06 2.847638e+06 7.102766e+03 5.867521e+05 3.112406e+08
<GCONST> 8.698664e+01
<MIXTURE> 7 8.876041e-02
<MEAN> 6
 -4.299631e+01 -1.294673e+02 -4.662407e+01 3.551773e+01 6.214667e+02 -9.183585e+02
<VARIANCE> 6
 1.097622e+02 4.344886e+05 1.598826e+06 6.693023e+03 8.849914e+04 5.191738e+07
<GCONST> 8.095702e+01
<MIXTURE> 8 6.175490e-02
<MEAN> 6
 6.437480e+01 2.825999e+02 2.484786e+02 8.628555e+01 -2.527742e+02 7.814307e+02
<VARIANCE> 6
 1.249883e+02 7.803366e+05 4.471966e+05 3.596881e+03 8.531760e+04 5.191738e+07
<GCONST> 7.974084e+01
<MIXTURE> 9 9.475219e-02
<MEAN> 6
 -5.223744e+00 7.365078e+00 -1.611638e+01 1.518664e+02 1.788262e+02 -2.716343e+03
<VARIANCE> 6
 2.774570e+02 3.519680e+05 2.466888e+05 2.706694e+03 1.098865e+05 5.191738e+07
<GCONST> 7.911596e+01
<MIXTURE> 10 9.167033e-02
<MEAN> 6
 6.207043e+01 -1.050031e+02 -1.515697e+02 -1.060460e+02 -5.477362e+02 3.115955e+02
<VARIANCE> 6
 1.314084e+02 5.886425e+05 9.490506e+05 2.628378e+03 9.837302e+04 5.191738e+07
<GCONST> 8.009017e+01
<MIXTURE> 11 6.215592e-02
<MEAN> 6
 2.634354e+01 -1.010402e+03 -8.425407e+01 -1.912641e+02 -2.107663e+02 4.051538e+03
<VARIANCE> 6
 3.282525e+02 2.402798e+06 1.864270e+05 2.940882e+03 1.948335e+05 9.264742e+07
<GCONST> 8.215966e+01
<MIXTURE> 12 6.852183e-02
<MEAN> 6
 -4.924535e+01 -8.461438e+01 1.337076e+02 8.645076e+00 1.023320e+02 -1.042844e+02
<VARIANCE> 6
 1.688607e+02 2.717751e+05 9.521712e+05 3.657030e+02 4.044808e+04 5.191738e+07
<GCONST> 7.671033e+01
<MIXTURE> 13 6.175490e-02
<MEAN> 6
 5.990288e+01 -7.074673e+01 -1.901241e+01 6.229596e+01 -3.696110e+02 -2.100718e+03
<VARIANCE> 6
 1.249883e+02 7.803366e+05 4.471966e+05 3.596881e+03 8.531760e+04 5.191738e+07
<GCONST> 7.974084e+01
<STATE> 7
<NUMMIXES> 13
<MIXTURE> 1 5.178957e-02
<MEAN> 6
 8.341749e+01 -1.755224e+01 1.270807e+03 -4.365666e-01 5.638187e+00 -1.600290e+02
<VARIANCE> 6
 3.171274e+01 1.309607e+04 6.976389e+05 2.998645e+02 4.044808e+04 5.191738e+07
<GCONST> 7.149577e+01
<MIXTURE> 2 1.378665e-01
<MEAN> 6
 8.357802e+01 -8.381870e+02 2.780293e+02 -1.037432e-01 -9.662357e+00 -1.421105e+02
<VARIANCE> 6
 3.412978e+01 1.721793e+04 1.792366e+04 2.998645e+02 4.044808e+04 5.191738e+07
<GCONST> 6.818129e+01
<MIXTURE> 3 3.502047e-02
<MEAN> 6
 6.765582e+01 -3.878211e+02 2.974621e+03 -1.569486e+00 -1.307104e+01 1.533618e+02
<VARIANCE> 6
 3.171274e+01 1.529052e+04 1.362684e+04 2.998645e+02 4.044808e+04 5.191738e+07
<GCONST> 6.771503e+01
<MIXTURE> 4 7.508056e-02
<MEAN> 6
 6.910107e+01 -1.824599e+03 6.896948e+02 1.049839e+00 1.498530e+00 -1.253199e+02
<VARIANCE> 6
 3.171274e+01 2.565157e+05 1.831268e+05 2.998645e+02 4.044808e+04 5.191738e+07
<GCONST> 7.313313e+01
<MIXTURE> 5 7.496804e-02
<MEAN> 6
 8.406152e+01 -8.578578e+02 -2.294265e+02 -2.394506e+00 -6.634275e+00 -1.082728e+02
<VARIANCE> 6
 3.171274e+01 9.813859e+04 4.107383e+04 2.998645e+02 4.044808e+04 5.191738e+07
<GCONST> 7.067751e+01
<MIXTURE> 6 1.066792e-01
<MEAN> 6
 8.221771e+01 -7.192531e+02 7.963902e+01 -7.383828e-02 -5.641856e+00 -9.341882e+01
<VARIANCE> 6
 3.171274e+01 1.309607e+04 1.362684e+04 2.998645e+02 4.044808e+04 5.191738e+07
<GCONST> 6.756012e+01
<MIXTURE> 7 8.546033e-02
<MEAN> 6
 7.651208e+01 -4.108055e+02 6.618189e+02 -4.461848e-01 -6.981517e+00 5.826412e-01
<VARIANCE> 6
 3.171274e+01 1.309607e+04 2.105278e+05 2.998645e+02 4.044808e+04 5.191738e+07
<GCONST> 7.029768e+01
<MIXTURE> 8 7.132070e-02
<MEAN> 6
 7.300249e+01 -1.267967e+03 -4.921653e+01 1.895525e+00 3.857335e+01 1.254033e+03
<VARIANCE> 6
 5.570900e+01 2.248399e+05 1.362684e+04 2.998645e+02 4.044808e+04 5.191738e+07
<GCONST> 7.096661e+01
<MIXTURE> 9 1.029633e-01
<MEAN> 6
 8.251730e+01 -7.663981e+02 1.185376e+02 -1.068622e-01 -4.109934e+00 -1.034631e+02
<VARIANCE> 6
 3.171274e+01 1.309607e+04 1.362684e+04 2.998645e+02 4.044808e+04 5.191738e+07
<GCONST> 6.756012e+01
<MIXTURE> 10 5.637671e-02
<MEAN> 6
 8.128150e+01 -6.804344e+02 6.767957e+02 -1.513717e+00 -1.441943e+01 5.665468e+01
<VARIANCE> 6
 3.171274e+01 5.485085e+04 3.442538e+05 2.998645e+02 4.044808e+04 5.191738e+07
<GCONST> 7.222176e+01
<MIXTURE> 11 5.093540e-02
<MEAN> 6
 6.910035e+01 -6.480645e+02 1.954278e+03 -2.246870e+00 -4.134761e+00 -1.810782e+02
<VARIANCE> 6
 3.171274e+01 1.309607e+04 2.209674e+04 2.998645e+02 4.044808e+04 5.191738e+07
<GCONST> 6.804350e+01
<MIXTURE> 12 8.016755e-02
<MEAN> 6
 7.738218e+01 -4.208699e+02 4.631946e+02 -5.720336e-01 -8.571594e+00 2.833518e+01
<VARIANCE> 6
 3.171274e+01 1.309607e+04 2.583538e+05 2.998645e+02 4.044808e+04 5.191738e+07
<GCONST> 7.050240e+01
<MIXTURE> 13 7.132070e-02
<MEAN> 6
 7.001696e+01 -1.457637e+03 -9.591015e+01 -5.031113e+00 -4.187348e+01 -1.628115e+03
<VARIANCE> 6
 5.570900e+01 2.248399e+05 1.362684e+04 2.998645e+02 4.044808e+04 5.191738e+07
<GCONST> 7.096661e+01
<STATE> 8
<NUMMIXES> 13
<MIXTURE> 1 6.266451e-02
<MEAN> 6
 1.271841e+01 1.752118e+02 -2.342667e+02 -2.987371e+02 -2.194777e+02 8.595570e+03
<VARIANCE> 6
 6.870298e+02 2.829351e+06 1.872936e+06 4.263452e+03 5.074313e+05 2.364838e+08
<GCONST> 8.763455e+01
<MIXTURE> 2 9.276257e-02
<MEAN> 6
 -4.142151e+01 -7.411066e+01 6.268832e+01 1.761476e+02 9.840967e+02 -1.450603e+03
<VARIANCE> 6
 1.387573e+02 6.621380e+05 2.499799e+05 4.493598e+03 1.458399e+05 5.725230e+07
<GCONST> 7.995601e+01
<MIXTURE> 3 7.178072e-02
<MEAN> 6
 8.901529e+01 -7.933462e+01 1.667718e+02 -9.847671e+00 -1.106113e+02 -2.821718e+02
<VARIANCE> 6
 1.150391e+02 6.861668e+05 4.632530e+05 3.962631e+02 5.093518e+04 5.191738e+07
<GCONST> 7.684299e+01
<MIXTURE> 4 6.203184e-02
<MEAN> 6
 4.243413e+01 2.986892e+02 1.172660e+02 -2.492332e+02 -5.786602e+02 3.661102e+03
<VARIANCE> 6
 2.614920e+02 7.344397e+05 2.190369e+05 3.150554e+03 1.518329e+05 5.511721e+07
<GCONST> 8.020837e+01
<MIXTURE> 5 1.241592e-01
<MEAN> 6
 -6.251134e+01 -6.157095e+01 -9.259785e+00 1.741477e+01 4.299315e+02 -2.224448e+02
<VARIANCE> 6
 6.446059e+01 6.240465e+05 5.014165e+05 1.599784e+03 1.602129e+05 5.227176e+07
<GCONST> 7.879634e+01
<MIXTURE> 6 8.203676e-02
<MEAN> 6
 8.569411e+01 1.112229e+02 -1.099225e+02 4.904880e+01 -1.050454e+03 -1.260983e+03
<VARIANCE> 6
 2.358996e+02 2.442598e+06 1.030904e+06 1.500230e+04 1.020650e+06 7.162716e+08
<GCONST> 8.888667e+01
<MIXTURE> 7 4.881713e-02
<MEAN> 6
 -6.947395e+00 2.971348e+02 4.944289e+01 -2.381335e+02 1.278728e+02 2.694451e+03
<VARIANCE> 6
 3.458494e+02 6.464029e+05 1.843771e+05 1.276579e+04 1.039262e+05 9.581745e+07
<GCONST> 8.176110e+01
<MIXTURE> 8 1.040638e-01
<MEAN> 6
 -4.922981e+01 2.386628e+02 6.497691e+01 -1.454033e+02 1.442954e+03 3.090118e+03
<VARIANCE> 6
 1.875703e+02 9.536324e+05 8.096236e+05 1.616525e+04 7.215874e+05 5.645417e+08
<GCONST> 8.696513e+01
<MIXTURE> 9 9.464683e-02
<MEAN> 6
 7.997721e+01 -1.009802e+02 1.566278e+02 2.501269e+01 -6.209313e+02 -2.880710e+02
<VARIANCE> 6
 1.334085e+02 5.527044e+05 4.502317e+05 1.224073e+04 9.604704e+04 5.191738e+07
<GCONST> 8.081105e+01
<MIXTURE> 10 7.008710e-02
<MEAN> 6
 4.014883e+01 2.686906e+02 9.416869e+01 2.514103e+02 -3.124512e+02 -6.727906e+02
<VARIANCE> 6
 4.721336e+02 1.192718e+06 5.705615e+05 2.878684e+03 1.358632e+05 5.191738e+07
<GCONST> 8.198030e+01
<MIXTURE> 11 5.370543e-02
<MEAN> 6
 -1.056573e+01 -3.037373e+01 -9.427914e+01 2.048817e+02 3.462100e+02 -9.842544e+03
<VARIANCE> 6
 1.265236e+02 8.212499e+05 5.155062e+05 3.570138e+04 1.250537e+05 8.104011e+07
<GCONST> 8.306908e+01
<MIXTURE> 12 6.295572e-02
<MEAN> 6
 7.372105e+01 -1.288327e+01 8.351076e+01 -9.904856e+01 -9.854229e+02 -9.463809e+02
<VARIANCE> 6
 1.426642e+02 6.097906e+05 2.091304e+05 1.136736e+04 1.692106e+05 7.195944e+07
<GCONST> 8.102835e+01
<MIXTURE> 13 7.008710e-02
<MEAN> 6
 3.145738e+01 -1.681559e+02 -2.079734e+02 2.299489e+02 -4.598898e+02 -3.554939e+03
<VARIANCE> 6
 4.721336e+02 1.192718e+06 5.705615e+05 2.878684e+03 1.358632e+05 5.191738e+07
<GCONST> 8.198030e+01
<STATE> 9
<NUMMIXES> 13
<MIXTURE> 1 1.139225e-01
<MEAN> 6
 1.022515e+02 1.117353e+03 -7.222337e+02 -5.776161e+00 -6.780740e-01 4.015192e+02
<VARIANCE> 6
 7.482590e+01 2.374921e+05 4.961567e+05 2.998645e+02 4.044808e+04 5.191738e+07
<GCONST> 7.491122e+01
<MIXTURE> 2 3.780424e-02
<MEAN> 6
 8.264918e+01 -8.134424e+02 -9.574658e+03 -3.812963e+00 6.532357e+00 -3.358244e+01
<VARIANCE> 6
 3.171274e+01 1.309607e+04 5.204639e+06 2.998645e+02 4.044808e+04 5.191738e+07
<GCONST> 7.350537e+01
<MIXTURE> 3 8.219623e-02
<MEAN> 6
 9.070441e+01 4.805818e+02 1.675757e+03 -3.022393e+00 -7.844149e+00 2.866257e+02
<VARIANCE> 6
 3.171274e+01 2.548929e+05 5.757513e+05 2.998645e+02 4.044808e+04 5.191738e+07
<GCONST> 7.427228e+01
<MIXTURE> 4 1.002821e-01
<MEAN> 6
 9.528058e+01 -1.458562e+02 2.230409e+01 -4.447533e+00 -4.436099e+00 6.472666e-01
<VARIANCE> 6
 3.171274e+01 5.965123e+04 1.362684e+04 2.998645e+02 4.044808e+04 5.191738e+07
<GCONST> 6.907631e+01
<MIXTURE> 5 3.730119e-02
<MEAN> 6
 7.935603e+01 2.229640e+03 -1.159890e+03 -1.311294e+00 8.256562e-01 -2.075716e+00
<VARIANCE> 6
 3.171274e+01 1.352344e+05 1.362684e+04 2.998645e+02 4.044808e+04 5.191738e+07
<GCONST> 6.989481e+01
<MIXTURE> 6 6.050725e-02
<MEAN> 6
 9.698947e+01 -3.804077e+02 -1.383700e+03 -5.958140e+00 4.737878e-01 8.714946e+01
<VARIANCE> 6
 3.302724e+01 6.635439e+04 2.017654e+05 2.998645e+02 4.044808e+04 5.191738e+07
<GCONST> 7.191849e+01
<MIXTURE> 7 5.579397e-02
<MEAN> 6
 8.539871e+01 -8.870883e+02 2.296889e+03 -3.695107e+00 -6.118997e+00 8.961197e+01
<VARIANCE> 6
 3.171274e+01 3.322509e+04 7.055660e+05 2.998645e+02 4.044808e+04 5.191738e+07
<GCONST> 7.243806e+01
<MIXTURE> 8 5.900501e-02
<MEAN> 6
 8.008756e+01 5.257856e+02 -4.016021e+03 -1.996260e+00 -1.140212e-01 3.984268e+01
<VARIANCE> 6
 6.994032e+01 2.407343e+04 1.325608e+05 2.998645e+02 4.044808e+04 5.191738e+07
<GCONST> 7.123483e+01
<MIXTURE> 9 1.103190e-01
<MEAN> 6
 9.315726e+01 2.645433e+02 -3.695791e+02 -4.152525e+00 -1.883258e+00 1.222792e+02
<VARIANCE> 6
 3.171274e+01 1.674259e+04 2.479172e+04 2.998645e+02 4.044808e+04 5.191738e+07
<GCONST> 6.840422e+01
<MIXTURE> 10 6.988215e-02
<MEAN> 6
 8.399544e+01 -2.301486e+01 -2.033136e+03 6.804993e-01 3.896273e+01 1.469462e+03
<VARIANCE> 6
 7.596085e+01 5.575209e+05 4.655686e+04 2.998645e+02 4.044808e+04 5.191738e+07
<GCONST> 7.341344e+01
<MIXTURE> 11 7.953819e-02
<MEAN> 6
 8.685252e+01 -7.564797e+02 -1.224561e+03 -3.000081e+00 -5.400628e+00 1.795560e+02
<VARIANCE> 6
 3.831110e+01 6.984931e+04 7.414924e+04 2.998645e+02 4.044808e+04 5.191738e+07
<GCONST> 7.111720e+01
<MIXTURE> 12 1.235330e-01
<MEAN> 6
 9.500691e+01 9.380077e+02 -1.776218e+03 -5.502821e+00 -4.316805e+00 2.804956e+02
<VARIANCE> 6
 5.125512e+01 6.697801e+05 1.386952e+06 2.998645e+02 4.044808e+04 5.191738e+07
<GCONST> 7.659767e+01
<MIXTURE> 13 6.988215e-02
<MEAN> 6
 8.050922e+01 -3.216841e+02 -2.119444e+03 -6.246140e+00 -4.148410e+01 -1.412687e+03
<VARIANCE> 6
 7.596085e+01 5.575209e+05 4.655686e+04 2.998645e+02 4.044808e+04 5.191738e+07
<GCONST> 7.341344e+01
<STATE> 10
<NUMMIXES> 13
<MIXTURE> 1 6.153786e-02
<MEAN> 6
 8.123695e+01 1.979609e+01 6.661706e+02 -4.344576e+00 -2.409902e+00 1.369146e+02
<VARIANCE> 6
 3.171274e+01 1.495733e+05 3.346431e+04 2.998645e+02 4.044808e+04 5.191738e+07
<GCONST> 7.089403e+01
<MIXTURE> 2 8.233328e-02
<MEAN> 6
 8.113565e+01 6.833351e+02 2.728021e+02 -4.203034e+00 -7.450405e-01 6.447695e+01
<VARIANCE> 6
 3.171274e+01 3.344705e+04 3.763838e+04 2.998645e+02 4.044808e+04 5.191738e+07
<GCONST> 6.951375e+01
<MIXTURE> 3 9.296587e-02
<MEAN> 6
 7.874567e+01 -1.312068e+02 1.928963e+02 -1.415621e+00 -6.883498e+00 1.041210e+02
<VARIANCE> 6
 3.171274e+01 1.309607e+04 1.362684e+04 2.998645e+02 4.044808e+04 5.191738e+07
<GCONST> 6.756012e+01
<MIXTURE> 4 7.739846e-02
<MEAN> 6
 7.432044e+01 1.072503e+03 1.915072e+01 -3.292691e+00 6.811268e+00 -1.621451e+01
<VARIANCE> 6
 3.171274e+01 1.359226e+04 2.078173e+04 2.998645e+02 4.044808e+04 5.191738e+07
<GCONST> 6.801933e+01
<MIXTURE> 5 9.812900e-02
<MEAN> 6
 8.410121e+01 -1.290625e+03 -1.499352e+02 -4.154023e+00 -2.641834e+00 6.438685e+01
<VARIANCE> 6
 3.171274e+01 6.642847e+04 3.871989e+04 2.998645e+02 4.044808e+04 5.191738e+07
<GCONST> 7.022824e+01
<MIXTURE> 6 8.696841e-02
<MEAN> 6
 7.829266e+01 -5.491531e+00 -8.602975e+02 -5.276330e+00 4.494216e-01 -7.290759e+01
<VARIANCE> 6
 3.171274e+01 3.636478e+04 1.078952e+05 2.998645e+02 4.044808e+04 5.191738e+07
<GCONST> 7.065053e+01
<MIXTURE> 7 6.754737e-02
<MEAN> 6
 7.396351e+01 1.382608e+03 -4.137304e+02 -2.866842e+00 -6.823461e+00 8.433743e+01
<VARIANCE> 6
 3.171274e+01 2.710373e+05 4.054780e+04 2.998645e+02 4.044808e+04 5.191738e+07
<GCONST> 7.168050e+01
<MIXTURE> 8 9.410664e-02
<MEAN> 6
 7.687334e+01 -9.729668e+02 4.720159e+02 -5.145028e+00 1.728017e+01 9.723161e+01
<VARIANCE> 6
 3.171274e+01 1.673755e+05 8.497394e+04 2.998645e+02 4.044808e+04 5.191738e+07
<GCONST> 7.193834e+01
<MIXTURE> 9 6.839966e-02
<MEAN> 6
 7.107461e+01 4.688525e+02 6.127833e+02 -3.731464e+00 4.755369e+00 6.448422e+01
<VARIANCE> 6
 3.171274e+01 1.562657e+04 1.362684e+04 2.998645e+02 4.044808e+04 5.191738e+07
<GCONST> 6.773677e+01
<MIXTURE> 10 6.139385e-02
<MEAN> 6
 7.771790e+01 6.527104e+02 -2.855636e+02 1.256791e+00 3.240513e+01 1.555493e+03
<VARIANCE> 6
 3.171274e+01 4.824537e+04 7.044147e+04 2.998645e+02 4.044808e+04 5.191738e+07
<GCONST> 7.050684e+01
<MIXTURE> 11 8.174156e-02
<MEAN> 6
 7.797252e+01 -3.939365e+02 1.802616e+02 -3.542215e+00 6.594031e+00 7.936480e+01
<VARIANCE> 6
 3.171274e+01 1.368717e+05 1.362684e+04 2.998645e+02 4.044808e+04 5.191738e+07
<GCONST> 6.990685e+01
<MIXTURE> 12 6.604946e-02
<MEAN> 6
 7.439791e+01 1.164921e+03 -5.475474e+02 -2.206192e+00 -4.893241e+00 1.097400e+02
<VARIANCE> 6
 3.171274e+01 1.927255e+05 5.779558e+04 2.998645e+02 4.044808e+04 5.191738e+07
<GCONST> 7.169394e+01
<MIXTURE> 13 6.139385e-02
<MEAN> 6
 7.546534e+01 5.648512e+02 -3.917268e+02 -5.669847e+00 -4.804170e+01 -1.326656e+03
<VARIANCE> 6
 3.171274e+01 4.824537e+04 7.044147e+04 2.998645e+02 4.044808e+04 5.191738e+07
<GCONST> 7.050684e+01
<STATE> 11
<NUMMIXES> 13
<MIXTURE> 1 1.151641e-01
<MEAN> 6
 6.095077e+01 1.926818e+03 9.066400e+02 -1.196240e+00 -1.662918e+00 1.098719e+02
<VARIANCE> 6
 3.171274e+01 7.421732e+05 5.730018e+05 2.998645e+02 4.044808e+04 5.191738e+07
<GCONST> 7.533623e+01
<MIXTURE> 2 6.748545e-02
<MEAN> 6
 6.133655e+01 4.968152e+02 1.143924e+02 3.449743e+00 3.891710e+01 1.307712e+03
<VARIANCE> 6
 3.171274e+01 1.309607e+04 1.362684e+04 2.998645e+02 4.044808e+04 5.191738e+07
<GCONST> 6.756012e+01
<MIXTURE> 3 8.152212e-02
<MEAN> 6
 6.453044e+01 3.577853e+02 -1.163287e+02 4.999122e-01 -8.713005e+00 -1.185150e+02
<VARIANCE> 6
 3.171274e+01 1.309607e+04 1.362684e+04 2.998645e+02 4.044808e+04 5.191738e+07
<GCONST> 6.756012e+01
<MIXTURE> 4 8.206531e-02
<MEAN> 6
 5.438779e+01 8.448052e+02 2.528814e-01 1.327425e+00 2.377180e+00 -1.164561e+02
<VARIANCE> 6
 3.171274e+01 1.309607e+04 1.362684e+04 2.998645e+02 4.044808e+04 5.191738e+07
<GCONST> 6.756012e+01
<MIXTURE> 5 8.292667e-02
<MEAN> 6
 6.184143e+01 3.975251e+01 -6.978897e+01 -4.723135e-01 -3.835782e+00 -1.392713e+02
<VARIANCE> 6
 3.171274e+01 1.309607e+04 1.362684e+04 2.998645e+02 4.044808e+04 5.191738e+07
<GCONST> 6.756012e+01
<MIXTURE> 6 9.894703e-02
<MEAN> 6
 6.184237e+01 3.394791e+01 -7.329160e+01 -4.803710e-01 -3.756389e+00 -1.393541e+02
<VARIANCE> 6
 3.171274e+01 1.309607e+04 1.362684e+04 2.998645e+02 4.044808e+04 5.191738e+07
<GCONST> 6.756012e+01
<MIXTURE> 7 1.954679e-02
<MEAN> 6
 6.359196e+01 2.686311e+02 -8.769644e+01 -3.619775e-02 -6.675500e+00 -1.229112e+02
<VARIANCE> 6
 3.171274e+01 2.258645e+04 1.362684e+04 2.998645e+02 4.044808e+04 5.191738e+07
<GCONST> 6.810515e+01
<MIXTURE> 8 6.178261e-02
<MEAN> 6
 6.020965e+01 4.742331e+02 9.229504e+01 -1.677781e-02 -1.338464e+00 -1.336374e+02
<VARIANCE> 6
 3.171274e+01 1.309607e+04 1.362684e+04 2.998645e+02 4.044808e+04 5.191738e+07
<GCONST> 6.756012e+01
<MIXTURE> 9 9.834244e-02
<MEAN> 6
 6.184360e+01 2.869607e+01 -7.625322e+01 -4.869771e-01 -3.687926e+00 -1.395516e+02
<VARIANCE> 6
 3.171274e+01 1.309607e+04 1.362684e+04 2.998645e+02 4.044808e+04 5.191738e+07
<GCONST> 6.756012e+01
<MIXTURE> 10 8.376674e-02
<MEAN> 6
 6.184389e+01 2.762507e+01 -7.683516e+01 -4.882411e-01 -3.674311e+00 -1.396054e+02
<VARIANCE> 6
 3.171274e+01 1.309607e+04 1.362684e+04 2.998645e+02 4.044808e+04 5.191738e+07
<GCONST> 6.756012e+01
<MIXTURE> 11 7.924658e-02
<MEAN> 6
 6.454665e+01 3.562373e+02 -1.168313e+02 4.898965e-01 -8.771192e+00 -1.183058e+02
<VARIANCE> 6
 3.171274e+01 1.309607e+04 1.362684e+04 2.998645e+02 4.044808e+04 5.191738e+07
<GCONST> 6.756012e+01
<MIXTURE> 12 6.167767e-02
<MEAN> 6
 6.021452e+01 4.736197e+02 8.891676e+01 -6.014056e-03 -1.273097e+00 -1.330993e+02
<VARIANCE> 6
 3.171274e+01 1.309607e+04 1.362684e+04 2.998645e+02 4.044808e+04 5.191738e+07
<GCONST> 6.756012e+01
<MIXTURE> 13 6.748545e-02
<MEAN> 6
 5.908399e+01 4.510400e+02 6.769879e+01 -3.476896e+00 -4.152973e+01 -1.574437e+03
<VARIANCE> 6
 3.171274e+01 1.309607e+04 1.362684e+04 2.998645e+02 4.044808e+04 5.191738e+07
<GCONST> 6.756012e+01
<STATE> 12
<NUMMIXES> 13
<MIXTURE> 1 1.026007e-01
<MEAN> 6
 3.370306e+01 -2.795366e+03 1.589981e+02 1.146905e+01 -1.270626e+01 -1.394969e+02
<VARIANCE> 6
 1.608789e+03 9.108038e+05 4.317469e+05 9.323403e+03 9.310073e+04 5.191738e+07
<GCONST> 8.345506e+01
<MIXTURE> 2 6.862490e-02
<MEAN> 6
 8.201921e+01 -4.027029e+03 8.354304e+02 -2.288324e+00 6.297396e+01 1.128227e+03
<VARIANCE> 6
 3.171274e+01 8.174841e+05 3.665092e+05 2.998645e+02 4.044808e+04 5.191738e+07
<GCONST> 7.498602e+01
<MIXTURE> 3 8.825055e-02
<MEAN> 6
 7.892844e+01 -5.631826e+03 6.622407e+02 1.045531e+02 -2.751263e+02 -4.119015e+02
<VARIANCE> 6
 1.874288e+02 1.583192e+05 2.518729e+04 1.323223e+03 4.044808e+04 5.191738e+07
<GCONST> 7.392789e+01
<MIXTURE> 4 1.266013e-01
<MEAN> 6
 -5.118860e+01 -5.482952e+03 4.375825e+02 6.834486e+00 3.682166e+02 -6.409372e+02
<VARIANCE> 6
 3.171274e+01 2.974688e+05 7.699144e+04 2.337507e+03 1.186568e+05 5.191738e+07
<GCONST> 7.554449e+01
<MIXTURE> 5 6.065634e-02
<MEAN> 6
 1.004075e+02 -7.251211e+03 5.543776e+02 5.567913e+00 -2.376066e+02 2.083071e+03
<VARIANCE> 6
 3.171274e+01 2.969070e+05 7.141725e+04 4.826912e+02 7.256769e+04 5.191738e+07
<GCONST> 7.339827e+01
<MIXTURE> 6 1.077750e-01
<MEAN> 6
 2.688642e+01 -5.541105e+03 2.067460e+02 -2.953480e+01 -4.516599e+01 -8.531894e+01
<VARIANCE> 6
 3.269928e+02 1.340582e+05 5.938065e+04 3.908434e+04 8.409574e+04 5.191738e+07
<GCONST> 7.929330e+01
<MIXTURE> 7 6.071629e-02
<MEAN> 6
 9.608110e+01 -8.591974e+03 -2.931562e+02 -8.682120e+00 1.436561e+01 4.097662e+02
<VARIANCE> 6
 3.171274e+01 2.235506e+06 3.645561e+06 2.998645e+02 4.044808e+04 5.191738e+07
<GCONST> 7.828925e+01
<MIXTURE> 8 6.416409e-02
<MEAN> 6
 7.827370e+01 -6.247506e+03 -1.286457e+02 -1.301813e+02 -5.350364e+02 4.868509e+02
<VARIANCE> 6
 1.617693e+02 1.877665e+05 2.017261e+04 2.845140e+03 4.834684e+04 5.191738e+07
<GCONST> 7.467316e+01
<MIXTURE> 9 6.144486e-02
<MEAN> 6
 9.107806e+01 -6.786215e+03 -5.218908e+02 -5.208983e+00 1.879912e+00 -1.298111e+00
<VARIANCE> 6
 3.171274e+01 1.309607e+04 1.362684e+04 2.998645e+02 4.044808e+04 5.191738e+07
<GCONST> 6.756012e+01
<MIXTURE> 10 5.417470e-02
<MEAN> 6
 -1.957812e+01 -5.928693e+03 4.029879e+02 1.812853e+02 3.727438e+02 -2.250074e+03
<VARIANCE> 6
 2.182940e+02 4.757487e+05 4.104945e+04 1.190107e+03 4.178715e+04 5.191738e+07
<GCONST> 7.559559e+01
<MIXTURE> 11 5.103977e-02
<MEAN> 6
 -2.599014e+01 -5.385415e+03 1.265644e+03 -1.693963e+02 3.698245e+02 4.310499e+03
<VARIANCE> 6
 2.173443e+02 6.211502e+04 5.568049e+05 1.254167e+03 3.149682e+05 1.223031e+08
<GCONST> 7.909192e+01
<MIXTURE> 12 8.531456e-02
<MEAN> 6
 9.883910e+01 -7.204746e+03 -1.996709e+01 -1.355229e+01 -1.100972e+02 -9.798677e+02
<VARIANCE> 6
 3.171274e+01 6.691920e+04 4.351629e+04 2.998645e+02 4.044808e+04 5.191738e+07
<GCONST> 7.035239e+01
<MIXTURE> 13 6.862490e-02
<MEAN> 6
 7.976665e+01 -4.388688e+03 5.932704e+02 -9.214962e+00 -1.747287e+01 -1.753922e+03
<VARIANCE> 6
 3.171274e+01 8.174841e+05 3.665092e+05 2.998645e+02 4.044808e+04 5.191738e+07
<GCONST> 7.498602e+01
<STATE> 13
<NUMMIXES> 13
<MIXTURE> 1 7.413063e-02
<MEAN> 6
 1.623685e+01 8.932696e+01 6.698994e+01 2.287942e+02 -1.720780e+02 -3.796210e+03
<VARIANCE> 6
 5.198381e+02 6.164817e+04 1.096692e+05 2.473049e+03 1.491570e+05 6.099037e+07
<GCONST> 7.756739e+01
<MIXTURE> 2 4.417204e-02
<MEAN> 6
 -4.394990e+01 4.482685e+01 7.632060e+01 -2.525019e+01 1.247403e+03 -1.141182e+03
<VARIANCE> 6
 2.127903e+02 1.360696e+05 4.015625e+05 2.719726e+04 4.671346e+05 3.476361e+08
<GCONST> 8.404352e+01
<MIXTURE> 3 7.333336e-02
<MEAN> 6
 3.692829e+01 1.967248e+02 6.827184e+01 -2.093863e+02 -3.850727e+02 5.579097e+03
<VARIANCE> 6
 2.110235e+02 1.176571e+05 5.482579e+04 4.790182e+03 1.784119e+05 1.209252e+08
<GCONST> 7.814354e+01
<MIXTURE> 4 6.115250e-02
<MEAN> 6
 8.046322e+01 -5.028665e+02 1.299903e+02 -5.783002e+00 -4.298271e+01 2.429584e+02
<VARIANCE> 6
 1.428020e+02 2.916075e+05 1.073898e+05 2.998645e+02 4.044808e+04 5.191738e+07
<GCONST> 7.423238e+01
<MIXTURE> 5 9.744924e-02
<MEAN> 6
 -2.066880e+01 -6.378722e+01 4.459103e+00 4.997304e+01 2.632867e+02 -1.877982e+03
<VARIANCE> 6
 1.698549e+02 9.443913e+04 1.541937e+04 1.646431e+04 8.376770e+04 5.191738e+07
<GCONST> 7.607121e+01
<MIXTURE> 6 9.631684e-02
<MEAN> 6
 6.599506e+01 -1.711640e+01 2.350936e+01 3.806965e+01 -3.912913e+02 -8.255604e+02
<VARIANCE> 6
 1.249184e+02 1.616287e+05 2.867675e+04 1.049049e+04 7.321282e+04 5.191738e+07
<GCONST> 7.633633e+01
<MIXTURE> 7 7.176785e-02
<MEAN> 6
 -4.471140e+01 1.364626e+02 2.105789e+00 4.035614e+01 7.572161e+02 1.375164e+03
<VARIANCE> 6
 1.112397e+02 6.242054e+04 6.513679e+04 8.050239e+03 1.593213e+05 5.191738e+07
<GCONST> 7.660214e+01
<MIXTURE> 8 1.027370e-01
<MEAN> 6
 3.251920e+01 -1.790058e+02 -1.064593e+02 1.416720e+02 -1.054356e+02 -1.556939e+02
<VARIANCE> 6
 5.684567e+02 1.497498e+05 5.972341e+04 1.475004e+03 6.001676e+04 5.191738e+07
<GCONST> 7.634835e+01
<MIXTURE> 9 5.726408e-02
<MEAN> 6
 8.006599e+01 -3.418273e+02 -2.143901e+01 3.272277e+01 -9.355704e+02 -1.992346e+03
<VARIANCE> 6
 1.762306e+02 7.370719e+05 1.310199e+05 1.056126e+04 6.275929e+05 3.277972e+08
<GCONST> 8.371510e+01
<MIXTURE> 10 1.052674e-01
<MEAN> 6
 -5.941585e+00 5.035736e+01 3.905003e+01 -2.038398e+02 2.890429e+02 3.173035e+03
<VARIANCE> 6
 3.874536e+02 1.052716e+05 9.470750e+04 3.668552e+03 1.855049e+05 1.535228e+08
<GCONST> 7.919745e+01
<MIXTURE> 11 6.570888e-02
<MEAN> 6
 7.153863e+01 -3.825037e+01 -7.334155e+00 -9.070514e+01 -9.041453e+02 1.398848e+02
<VARIANCE> 6
 1.508936e+02 1.431231e+05 3.252951e+04 8.534664e+03 1.662584e+05 5.457353e+07
<GCONST> 7.719345e+01
<MIXTURE> 12 7.879555e-02
<MEAN> 6
 7.186981e+01 -1.735517e+02 -3.955250e+01 -7.299128e+00 -3.023523e+01 1.092950e+01
<VARIANCE> 6
 4.639159e+01 2.178431e+05 4.767951e+04 2.998645e+02 4.044808e+04 5.191738e+07
<GCONST> 7.200444e+01
<MIXTURE> 13 7.176785e-02
<MEAN> 6
 -4.893021e+01 3.652622e+01 -9.998185e+01 4.466896e+00 5.975558e+02 -1.506985e+03
<VARIANCE> 6
 1.112397e+02 6.242054e+04 6.513679e+04 8.050239e+03 1.593213e+05 5.191738e+07
<GCONST> 7.660214e+01
<TRANSP> 14
 0.000000e+00 1.000000e+00 0.000000e+00 0.000000e+00 0.000000e+00 0.000000e+00 0.000000e+00 0.000000e+00 0.000000e+00 0.000000e+00 0.000000e+00 0.000000e+00 0.000000e+00 0.000000e+00
 0.000000e+00 9.984488e-01 1.551223e-03 0.000000e+00 0.000000e+00 0.000000e+00 0.000000e+00 0.000000e+00 0.000000e+00 0.000000e+00 0.000000e+00 0.000000e+00 0.000000e+00 0.000000e+00
 0.000000e+00 0.000000e+00 9.993216e-01 6.784308e-04 0.000000e+00 0.000000e+00 0.000000e+00 0.000000e+00 0.000000e+00 0.000000e+00 0.000000e+00 0.000000e+00 0.000000e+00 0.000000e+00
 0.000000e+00 0.000000e+00 0.000000e+00 9.995309e-01 4.691384e-04 0.000000e+00 0.000000e+00 0.000000e+00 0.000000e+00 0.000000e+00 0.000000e+00 0.000000e+00 0.000000e+00 0.000000e+00
 0.000000e+00 0.000000e+00 0.000000e+00 0.000000e+00 9.992219e-01 7.781281e-04 0.000000e+00 0.000000e+00 0.000000e+00 0.000000e+00 0.000000e+00 0.000000e+00 0.000000e+00 0.000000e+00
 0.000000e+00 0.000000e+00 0.000000e+00 0.000000e+00 0.000000e+00 9.998349e-01 1.651302e-04 0.000000e+00 0.000000e+00 0.000000e+00 0.000000e+00 0.000000e+00 0.000000e+00 0.000000e+00
 0.000000e+00 0.000000e+00 0.000000e+00 0.000000e+00 0.000000e+00 0.000000e+00 9.987909e-01 1.209087e-03 0.000000e+00 0.000000e+00 0.000000e+00 0.000000e+00 0.000000e+00 0.000000e+00
 0.000000e+00 0.000000e+00 0.000000e+00 0.000000e+00 0.000000e+00 0.000000e+00 0.000000e+00 9.998734e-01 1.266033e-04 0.000000e+00 0.000000e+00 0.000000e+00 0.000000e+00 0.000000e+00
 0.000000e+00 0.000000e+00 0.000000e+00 0.000000e+00 0.000000e+00 0.000000e+00 0.000000e+00 0.000000e+00 9.988848e-01 1.115161e-03 0.000000e+00 0.000000e+00 0.000000e+00 0.000000e+00
 0.000000e+00 0.000000e+00 0.000000e+00 0.000000e+00 0.000000e+00 0.000000e+00 0.000000e+00 0.000000e+00 0.000000e+00 9.986016e-01 1.398418e-03 0.000000e+00 0.000000e+00 0.000000e+00
 0.000000e+00 0.000000e+00 0.000000e+00 0.000000e+00 0.000000e+00 0.000000e+00 0.000000e+00 0.000000e+00 0.000000e+00 0.000000e+00 9.984995e-01 1.500466e-03 0.000000e+00 0.000000e+00
 0.000000e+00 0.000000e+00 0.000000e+00 0.000000e+00 0.000000e+00 0.000000e+00 0.000000e+00 0.000000e+00 0.000000e+00 0.000000e+00 0.000000e+00 9.967675e-01 3.232494e-03 0.000000e+00
 0.000000e+00 0.000000e+00 0.000000e+00 0.000000e+00 0.000000e+00 0.000000e+00 0.000000e+00 0.000000e+00 0.000000e+00 0.000000e+00 0.000000e+00 0.000000e+00 9.997718e-01 2.282246e-04
 0.000000e+00 0.000000e+00 0.000000e+00 0.000000e+00 0.000000e+00 0.000000e+00 0.000000e+00 0.000000e+00 0.000000e+00 0.000000e+00 0.000000e+00 0.000000e+00 0.000000e+00 0.000000e+00
<ENDHMM>
~h "QuintoPRIMARIA"
<BEGINHMM>
<NUMSTATES> 14
<STATE> 2
<NUMMIXES> 13
<MIXTURE> 1 1.046731e-01
<MEAN> 6
 8.469674e+01 2.358189e+02 1.250108e+03 -1.261906e+00 -3.593246e+01 -2.068568e+02
<VARIANCE> 6
 1.585683e+02 2.842640e+05 4.124455e+06 2.998645e+02 4.044808e+04 5.191738e+07
<GCONST> 7.795982e+01
<MIXTURE> 2 3.600495e-02
<MEAN> 6
 5.224244e+01 -1.216309e+03 -2.246080e+03 -9.096497e+01 -7.141108e+02 4.125635e+03
<VARIANCE> 6
 1.804503e+03 1.842870e+07 1.391654e+07 5.468588e+04 2.292961e+06 1.351320e+09
<GCONST> 9.828237e+01
<MIXTURE> 3 5.957110e-02
<MEAN> 6
 -4.169772e+01 -1.450540e+02 3.630834e+02 1.503725e+02 8.104236e+02 -2.931328e+02
<VARIANCE> 6
 3.839946e+02 2.846047e+05 1.264152e+06 1.410255e+04 1.792340e+05 5.734579e+07
<GCONST> 8.310183e+01
<MIXTURE> 4 9.479737e-02
<MEAN> 6
 -6.573271e+01 1.731616e+02 -1.539465e+02 2.951217e+00 1.864753e+02 2.245245e+02
<VARIANCE> 6
 1.281530e+02 8.097595e+05 1.905150e+06 6.871923e+02 7.217205e+04 5.191738e+07
<GCONST> 7.942964e+01
<MIXTURE> 5 7.215761e-02
<MEAN> 6
 2.069412e+01 4.888447e+02 1.414987e+02 -4.591743e+01 -1.128125e+02 3.918506e+02
<VARIANCE> 6
 1.020293e+03 2.739838e+06 1.258230e+06 4.525957e+04 2.085673e+05 5.208282e+07
<GCONST> 8.756027e+01
<MIXTURE> 6 9.718277e-02
<MEAN> 6
 5.931614e+01 -7.511211e+01 -9.521919e+02 1.261799e+00 -1.908784e+01 -8.026093e+01
<VARIANCE> 6
 5.765445e+01 3.128816e+05 3.354802e+06 2.998645e+02 4.044808e+04 5.191738e+07
<GCONST> 7.683748e+01
<MIXTURE> 7 8.480848e-02
<MEAN> 6
 8.392101e+01 -1.132377e+01 -2.104961e+02 -2.030010e+00 -6.245215e+02 -1.322679e+03
<VARIANCE> 6
 1.969105e+02 7.990229e+05 2.913269e+06 1.317164e+04 2.251300e+05 1.142324e+08
<GCONST> 8.514995e+01
<MIXTURE> 8 8.936645e-02
<MEAN> 6
 -4.539410e+01 4.306815e+01 -5.532550e+02 -1.754142e+02 1.132359e+03 4.015155e+03
<VARIANCE> 6
 4.695607e+02 1.191050e+06 3.257727e+06 1.912191e+04 1.062127e+06 6.045587e+08
<GCONST> 9.012033e+01
<MIXTURE> 9 7.032434e-02
<MEAN> 6
 3.885352e+01 -3.114267e+02 6.545174e+02 1.201351e+02 -3.608210e+02 -1.274121e+03
<VARIANCE> 6
 5.534250e+02 1.960521e+05 2.028514e+06 2.567027e+04 9.646984e+04 5.191738e+07
<GCONST> 8.344757e+01
<MIXTURE> 10 9.465536e-02
<MEAN> 6
 7.584990e+01 1.146234e+02 -1.348934e+02 -1.096079e+00 -3.055550e+01 -1.873322e+02
<VARIANCE> 6
 1.519373e+02 2.270540e+06 1.227433e+06 2.998645e+02 4.044808e+04 5.191738e+07
<GCONST> 7.878296e+01
<MIXTURE> 11 7.400253e-02
<MEAN> 6
 6.383740e+01 -3.780099e+02 -2.685658e+02 -7.297762e+01 -1.013086e+03 1.830669e+03
<VARIANCE> 6
 4.796844e+02 8.915494e+05 1.624172e+06 4.004006e+04 3.867673e+05 2.064949e+08
<GCONST> 8.781061e+01
<MIXTURE> 12 6.239489e-02
<MEAN> 6
 1.184761e+01 -3.004889e+02 4.150504e+01 3.157936e+00 -1.279142e+02 -3.308029e+03
<VARIANCE> 6
 6.505106e+02 2.607943e+05 4.406755e+06 6.243606e+04 1.867034e+05 9.981639e+07
<GCONST> 8.687317e+01
<MIXTURE> 13 5.957110e-02
<MEAN> 6
 -4.953603e+01 -3.584474e+02 -8.665463e+01 1.028709e+02 6.410795e+02 -3.322213e+03
<VARIANCE> 6
 3.839946e+02 2.846047e+05 1.264152e+06 1.410255e+04 1.792340e+05 5.734579e+07
<GCONST> 8.310183e+01
<STATE> 3
<NUMMIXES> 13
<MIXTURE> 1 7.460821e-02
<MEAN> 6
 9.346820e+01 1.996330e+02 -2.310966e+02 -3.270710e+00 4.371210e+00 -1.496325e+03
<VARIANCE> 6
 3.120175e+02 5.099064e+04 1.528617e+05 2.493200e+03 5.947626e+05 2.850147e+08
<GCONST> 8.013230e+01
<MIXTURE> 2 9.466059e-02
<MEAN> 6
 -1.572120e+01 1.779247e+02 8.004303e+02 2.620328e+02 7.478707e+02 -3.311872e+03
<VARIANCE> 6
 2.263177e+02 9.850443e+05 3.008508e+06 1.582090e+03 1.002290e+05 5.191738e+07
<GCONST> 8.181348e+01
<MIXTURE> 3 3.463192e-02
<MEAN> 6
 3.023429e+01 1.870319e+03 2.048590e+03 1.582920e+02 -1.791208e+02 -5.411942e+02
<VARIANCE> 6
 8.309888e+02 5.519114e+05 6.096453e+04 7.095838e+02 8.563033e+04 5.191738e+07
<GCONST> 7.767670e+01
<MIXTURE> 4 1.139819e-01
<MEAN> 6
 9.230219e+01 4.480561e+01 -1.459850e+02 2.750189e+01 -5.212803e+02 8.004010e+03
<VARIANCE> 6
 1.674134e+02 1.058337e+06 7.313636e+06 2.310148e+03 4.372046e+05 1.499467e+08
<GCONST> 8.538420e+01
<MIXTURE> 5 6.914666e-02
<MEAN> 6
 2.352645e+01 3.502831e+02 2.082586e+03 3.175114e+02 -2.069981e+02 -8.877766e+03
<VARIANCE> 6
 3.808469e+02 4.360117e+05 2.664546e+06 2.007772e+03 4.443782e+05 2.076296e+08
<GCONST> 8.451111e+01
<MIXTURE> 6 8.242033e-02
<MEAN> 6
 9.892918e+01 -2.933372e+02 -1.680532e+03 1.270964e+02 -1.369346e+03 1.138622e+03
<VARIANCE> 6
 2.117083e+02 1.618886e+06 7.908668e+06 1.660796e+04 3.725072e+06 3.837448e+09
<GCONST> 9.347949e+01
<MIXTURE> 7 6.743800e-02
<MEAN> 6
 -4.572546e+01 2.905598e+02 5.696926e+02 1.577263e+02 8.099371e+02 2.413074e+03
<VARIANCE> 6
 8.891331e+01 5.580234e+05 3.721566e+06 1.876755e+03 9.965744e+04 5.191738e+07
<GCONST> 8.068869e+01
<MIXTURE> 8 8.025762e-02
<MEAN> 6
 5.626652e+01 -1.529775e+02 4.902462e+02 1.962622e+02 -5.100967e+02 3.108181e+02
<VARIANCE> 6
 1.920738e+02 1.693312e+05 3.040425e+06 4.950199e+03 6.578859e+04 5.191738e+07
<GCONST> 8.061880e+01
<MIXTURE> 9 1.022310e-01
<MEAN> 6
 -6.294850e+01 -4.838196e+02 6.133988e+02 2.939535e+01 6.208055e+02 6.544353e+02
<VARIANCE> 6
 5.461942e+01 6.689576e+04 6.758456e+06 5.669816e+03 4.044808e+04 5.191738e+07
<GCONST> 7.888069e+01
<MIXTURE> 10 5.704569e-02
<MEAN> 6
 -1.404154e+01 1.149871e+02 2.782957e+02 1.855109e+02 2.803759e+02 4.006012e+01
<VARIANCE> 6
 3.088298e+02 2.441950e+06 1.041688e+05 2.724100e+03 4.452187e+04 5.191738e+07
<GCONST> 7.940092e+01
<MIXTURE> 11 8.988211e-02
<MEAN> 6
 2.702999e+01 -7.533387e+02 -5.968058e+02 2.787256e+02 -5.935300e+01 -4.761593e+03
<VARIANCE> 6
 3.786511e+02 5.814861e+05 3.532885e+06 1.485212e+03 1.351543e+05 5.191738e+07
<GCONST> 8.219749e+01
<MIXTURE> 12 6.625064e-02
<MEAN> 6
 7.278661e+01 -4.815819e+02 2.954945e+01 2.004648e+02 -9.498122e+02 -8.110082e+03
<VARIANCE> 6
 1.394119e+02 7.623314e+05 2.248580e+06 3.738886e+03 1.813963e+05 7.827277e+07
<GCONST> 8.264533e+01
<MIXTURE> 13 6.743800e-02
<MEAN> 6
 -4.949722e+01 -8.244034e+00 -2.019618e+02 1.403977e+02 6.836628e+02 -4.690748e+02
<VARIANCE> 6
 8.891331e+01 5.580234e+05 3.721566e+06 1.876755e+03 9.965744e+04 5.191738e+07
<GCONST> 8.068869e+01
<STATE> 4
<NUMMIXES> 13
<MIXTURE> 1 1.208052e-01
<MEAN> 6
 5.835679e+01 -2.378746e+02 8.748123e+02 -9.054327e-01 -1.232131e+01 -8.317085e+01
<VARIANCE> 6
 3.171274e+01 1.309607e+04 1.362684e+04 2.998645e+02 4.044808e+04 5.191738e+07
<GCONST> 6.756012e+01
<MIXTURE> 2 8.356832e-02
<MEAN> 6
 6.103994e+01 -1.121286e+03 4.589291e+02 2.899230e+00 -4.971183e+00 1.137672e+01
<VARIANCE> 6
 3.171274e+01 1.309607e+04 1.362684e+04 2.998645e+02 4.044808e+04 5.191738e+07
<GCONST> 6.756012e+01
<MIXTURE> 3 1.669416e-02
<MEAN> 6
 4.328397e+01 -1.015536e+03 6.394904e+02 2.533193e+01 -3.631231e+01 6.319917e+01
<VARIANCE> 6
 3.535588e+01 1.309607e+04 1.362684e+04 2.998645e+02 4.044808e+04 5.191738e+07
<GCONST> 6.766885e+01
<MIXTURE> 4 9.712733e-02
<MEAN> 6
 4.147104e+01 -4.827792e+02 7.966367e+01 6.198821e+00 -8.451909e-01 -7.403468e+01
<VARIANCE> 6
 1.390603e+02 2.777014e+04 5.967391e+04 2.998645e+02 4.044808e+04 5.191738e+07
<GCONST> 7.126680e+01
<MIXTURE> 5 8.533302e-02
<MEAN> 6
 5.544371e+01 -2.478180e+00 4.025298e+02 -6.779603e-02 -4.455297e+00 -1.499747e+02
<VARIANCE> 6
 3.171274e+01 1.309607e+04 1.362684e+04 2.998645e+02 4.044808e+04 5.191738e+07
<GCONST> 6.756012e+01
<MIXTURE> 6 6.171400e-02
<MEAN> 6
 6.038463e+01 2.197334e+01 3.080570e+02 4.778854e+00 3.959384e+01 1.271222e+03
<VARIANCE> 6
 3.171274e+01 1.309607e+04 1.362684e+04 2.998645e+02 4.044808e+04 5.191738e+07
<GCONST> 6.756012e+01
<MIXTURE> 7 8.201139e-02
<MEAN> 6
 5.568413e+01 6.995701e-01 3.922593e+02 -1.749927e-02 -4.170899e+00 -1.470267e+02
<VARIANCE> 6
 3.171274e+01 1.309607e+04 1.362684e+04 2.998645e+02 4.044808e+04 5.191738e+07
<GCONST> 6.756012e+01
<MIXTURE> 8 6.223341e-02
<MEAN> 6
 5.852655e+01 -1.166728e+02 2.414200e+02 8.196653e-01 -8.730912e+00 -1.928937e+02
<VARIANCE> 6
 5.585613e+01 1.309607e+04 1.362684e+04 2.998645e+02 4.044808e+04 5.191738e+07
<GCONST> 6.812617e+01
<MIXTURE> 9 8.371267e-02
<MEAN> 6
 5.671360e+01 1.128487e+01 3.500161e+02 2.946048e-01 -2.804065e+00 -1.400696e+02
<VARIANCE> 6
 3.171274e+01 1.309607e+04 1.362684e+04 2.998645e+02 4.044808e+04 5.191738e+07
<GCONST> 6.756012e+01
<MIXTURE> 10 1.217170e-01
<MEAN> 6
 5.918318e+01 -4.258570e-01 2.848667e+02 1.307640e+00 -6.698685e-01 -1.700589e+02
<VARIANCE> 6
 3.171274e+01 1.309607e+04 1.362684e+04 2.998645e+02 4.044808e+04 5.191738e+07
<GCONST> 6.756012e+01
<MIXTURE> 11 8.085381e-02
<MEAN> 6
 5.612137e+01 5.754960e+00 3.737510e+02 9.522464e-02 -3.621302e+00 -1.429129e+02
<VARIANCE> 6
 3.171274e+01 1.309607e+04 1.362684e+04 2.998645e+02 4.044808e+04 5.191738e+07
<GCONST> 6.756012e+01
<MIXTURE> 12 4.250115e-02
<MEAN> 6
 4.976822e+01 -2.305989e+02 2.162904e+02 -7.222299e+00 1.350571e+01 4.765149e+02
<VARIANCE> 6
 3.171274e+01 1.758012e+04 1.362684e+04 7.237125e+02 8.027993e+04 5.191738e+07
<GCONST> 6.942113e+01
<MIXTURE> 13 6.171400e-02
<MEAN> 6
 5.813207e+01 -2.380188e+01 2.613634e+02 -2.147784e+00 -4.085299e+01 -1.610927e+03
<VARIANCE> 6
 3.171274e+01 1.309607e+04 1.362684e+04 2.998645e+02 4.044808e+04 5.191738e+07
<GCONST> 6.756012e+01
<STATE> 5
<NUMMIXES> 13
<MIXTURE> 1 8.590744e-02
<MEAN> 6
 9.939044e+01 1.374852e+03 2.302445e+03 -1.965291e+00 3.111530e+00 -3.797164e+00
<VARIANCE> 6
 3.171274e+01 3.619098e+04 1.904358e+05 2.998645e+02 4.044808e+04 5.191738e+07
<GCONST> 7.121388e+01
<MIXTURE> 2 2.083887e-02
<MEAN> 6
 8.875785e+01 3.598115e+02 3.264665e+03 2.702373e+00 8.356128e+01 1.800917e+02
<VARIANCE> 6
 4.457928e+01 1.309607e+04 1.362684e+04 1.020910e+03 2.562158e+05 1.736161e+08
<GCONST> 7.217898e+01
<MIXTURE> 3 6.753726e-02
<MEAN> 6
 8.451124e+01 -4.264360e+02 1.442864e+03 -3.918628e+00 1.763873e+00 1.138379e+01
<VARIANCE> 6
 3.171274e+01 1.309607e+04 1.362684e+04 2.998645e+02 4.044808e+04 5.191738e+07
<GCONST> 6.756012e+01
<MIXTURE> 4 9.602839e-02
<MEAN> 6
 7.424638e+01 -4.312298e+02 1.041886e+03 -3.194575e-02 -1.149941e+00 -1.587977e+01
<VARIANCE> 6
 3.171274e+01 1.309607e+04 1.758553e+04 2.998645e+02 4.044808e+04 5.191738e+07
<GCONST> 6.781516e+01
<MIXTURE> 5 1.099174e-01
<MEAN> 6
 9.093228e+01 4.809096e+02 2.094651e+03 8.192319e-01 3.060216e+00 2.164259e+01
<VARIANCE> 6
 3.171274e+01 2.479958e+04 4.341046e+04 2.998645e+02 4.044808e+04 5.191738e+07
<GCONST> 6.935728e+01
<MIXTURE> 6 9.047612e-02
<MEAN> 6
 7.413384e+01 -4.275419e+02 8.804020e+02 -8.648415e-01 -1.089082e+01 -1.027169e+02
<VARIANCE> 6
 3.171274e+01 1.309607e+04 1.362684e+04 2.998645e+02 4.044808e+04 5.191738e+07
<GCONST> 6.756012e+01
<MIXTURE> 7 1.073001e-01
<MEAN> 6
 7.822637e+01 -7.267686e+02 3.124951e+03 -1.577995e+00 1.903001e-01 -3.332994e+01
<VARIANCE> 6
 3.171274e+01 1.819251e+04 4.791688e+04 2.998645e+02 4.044808e+04 5.191738e+07
<GCONST> 6.914624e+01
<MIXTURE> 8 5.755995e-02
<MEAN> 6
 1.042441e+02 4.487888e+02 1.959090e+03 -2.290747e-01 4.002637e+01 1.569869e+03
<VARIANCE> 6
 3.171274e+01 3.263656e+05 5.900735e+05 2.998645e+02 4.044808e+04 5.191738e+07
<GCONST> 7.454402e+01
<MIXTURE> 9 7.712263e-02
<MEAN> 6
 5.858912e+01 4.035141e+01 3.114684e+03 -5.788309e+00 -1.242111e+01 2.350183e+01
<VARIANCE> 6
 3.982845e+01 3.867123e+04 9.089415e+04 2.998645e+02 4.044808e+04 5.191738e+07
<GCONST> 7.076842e+01
<MIXTURE> 10 8.938592e-02
<MEAN> 6
 7.413332e+01 -4.275904e+02 8.799051e+02 -8.735445e-01 -1.100231e+01 -1.036584e+02
<VARIANCE> 6
 3.171274e+01 1.309607e+04 1.362684e+04 2.998645e+02 4.044808e+04 5.191738e+07
<GCONST> 6.756012e+01
<MIXTURE> 11 4.256647e-02
<MEAN> 6
 9.538441e+01 -3.346882e+02 3.525156e+02 -6.337821e+00 1.778083e+01 7.338860e+02
<VARIANCE> 6
 1.061591e+02 1.058439e+05 5.280769e+05 2.998645e+02 4.044808e+04 5.191738e+07
<GCONST> 7.451518e+01
<MIXTURE> 12 9.779289e-02
<MEAN> 6
 9.750584e+01 9.429044e+01 3.334064e+03 -5.920510e+00 -2.310311e+00 6.847754e+01
<VARIANCE> 6
 3.171274e+01 3.459755e+04 1.708337e+04 2.998645e+02 4.044808e+04 5.191738e+07
<GCONST> 6.875764e+01
<MIXTURE> 13 5.755995e-02
<MEAN> 6
 1.019915e+02 2.202752e+02 1.651826e+03 -7.155713e+00 -4.042046e+01 -1.312280e+03
<VARIANCE> 6
 3.171274e+01 3.263656e+05 5.900735e+05 2.998645e+02 4.044808e+04 5.191738e+07
<GCONST> 7.454402e+01
<STATE> 6
<NUMMIXES> 13
<MIXTURE> 1 7.243013e-02
<MEAN> 6
 6.829836e+01 4.451200e+03 -6.531304e+02 -1.415745e+00 9.123560e-01 -3.081684e+00
<VARIANCE> 6
 3.171274e+01 3.467828e+05 1.362684e+04 2.998645e+02 4.044808e+04 5.191738e+07
<GCONST> 7.083650e+01
<MIXTURE> 2 5.738194e-02
<MEAN> 6
 5.163794e+01 2.292556e+03 2.604853e+03 3.041313e-01 -6.303580e+00 5.423015e+01
<VARIANCE> 6
 3.171274e+01 2.378821e+04 2.576910e+04 2.998645e+02 4.044808e+04 5.191738e+07
<GCONST> 6.879413e+01
<MIXTURE> 3 4.350875e-02
<MEAN> 6
 7.386825e+01 1.322370e+03 2.274687e+03 -5.340797e+00 8.026487e+00 1.230336e+02
<VARIANCE> 6
 3.171274e+01 1.309607e+04 1.362684e+04 2.998645e+02 4.044808e+04 5.191738e+07
<GCONST> 6.756012e+01
<MIXTURE> 4 1.017869e-01
<MEAN> 6
 6.425451e+01 1.310910e+03 -2.350451e+02 -1.253404e+00 -1.013332e+01 6.949519e+00
<VARIANCE> 6
 3.171274e+01 7.226452e+04 1.597078e+04 2.998645e+02 4.044808e+04 5.191738e+07
<GCONST> 6.942685e+01
<MIXTURE> 5 7.364630e-02
<MEAN> 6
 8.180831e+01 1.822648e+03 1.232756e+02 -5.201206e-01 3.269468e+01 1.359514e+03
<VARIANCE> 6
 3.171274e+01 2.441446e+05 1.649291e+05 2.998645e+02 4.044808e+04 5.191738e+07
<GCONST> 7.297903e+01
<MIXTURE> 6 8.148104e-02
<MEAN> 6
 5.880925e+01 1.035636e+03 -1.067893e+03 -7.888679e-01 -9.717572e+00 -1.108702e+02
<VARIANCE> 6
 3.171274e+01 1.451695e+04 1.362684e+04 2.998645e+02 4.044808e+04 5.191738e+07
<GCONST> 6.766312e+01
<MIXTURE> 7 5.693617e-02
<MEAN> 6
 6.370442e+01 5.185860e+02 -2.764161e+02 -9.604939e-01 8.387077e-01 8.252682e+01
<VARIANCE> 6
 5.855756e+01 7.477754e+04 1.362684e+04 2.998645e+02 4.044808e+04 5.191738e+07
<GCONST> 6.991560e+01
<MIXTURE> 8 9.039451e-02
<MEAN> 6
 8.022118e+01 1.009263e+03 1.573050e+02 -2.679714e+00 -1.537437e+01 3.686774e+02
<VARIANCE> 6
 4.216606e+01 2.652521e+04 4.415026e+05 2.998645e+02 4.044808e+04 5.191738e+07
<GCONST> 7.202895e+01
<MIXTURE> 9 7.710703e-02
<MEAN> 6
 6.565361e+01 1.317214e+03 -6.228555e+02 -5.370137e-01 -2.242311e+00 -8.004797e+01
<VARIANCE> 6
 3.171274e+01 1.309607e+04 1.362684e+04 2.998645e+02 4.044808e+04 5.191738e+07
<GCONST> 6.756012e+01
<MIXTURE> 10 1.031309e-01
<MEAN> 6
 7.783383e+01 1.238373e+03 -1.435955e+03 -3.357086e+00 1.701022e+00 -6.485168e+01
<VARIANCE> 6
 3.171274e+01 1.309607e+04 1.028190e+05 2.998645e+02 4.044808e+04 5.191738e+07
<GCONST> 6.958104e+01
<MIXTURE> 11 7.693396e-02
<MEAN> 6
 6.582837e+01 1.327588e+03 -6.371791e+02 -6.948413e-01 -1.968556e+00 -6.795256e+01
<VARIANCE> 6
 3.171274e+01 1.309607e+04 1.362684e+04 2.998645e+02 4.044808e+04 5.191738e+07
<GCONST> 6.756012e+01
<MIXTURE> 12 9.159454e-02
<MEAN> 6
 7.465746e+01 8.614673e+02 5.714584e+02 -3.093131e+00 -4.500334e+00 2.205413e+02
<VARIANCE> 6
 3.171274e+01 2.676942e+04 4.703562e+05 2.998645e+02 4.044808e+04 5.191738e+07
<GCONST> 7.181651e+01
<MIXTURE> 13 7.364630e-02
<MEAN> 6
 7.955575e+01 1.625004e+03 -3.917031e+01 -7.446759e+00 -4.775215e+01 -1.522635e+03
<VARIANCE> 6
 3.171274e+01 2.441446e+05 1.649291e+05 2.998645e+02 4.044808e+04 5.191738e+07
<GCONST> 7.297903e+01
<STATE> 7
<NUMMIXES> 13
<MIXTURE> 1 7.389919e-02
<MEAN> 6
 6.204543e+01 1.086884e+02 1.377441e+01 3.780008e-01 -2.224431e+00 -1.560294e+02
<VARIANCE> 6
 3.171274e+01 1.309607e+04 1.362684e+04 2.998645e+02 4.044808e+04 5.191738e+07
<GCONST> 6.756012e+01
<MIXTURE> 2 7.443625e-02
<MEAN> 6
 6.588950e+01 2.889028e+02 2.691595e+02 -4.412074e-01 1.325792e+00 -1.826746e+02
<VARIANCE> 6
 3.171274e+01 3.414533e+04 2.349506e+05 2.998645e+02 4.044808e+04 5.191738e+07
<GCONST> 7.136577e+01
<MIXTURE> 3 1.071858e-01
<MEAN> 6
 6.158902e+01 3.666191e+02 -3.017473e+02 3.132715e-01 -3.089858e+00 -1.429807e+02
<VARIANCE> 6
 3.241285e+01 1.309607e+04 1.521924e+04 2.998645e+02 4.044808e+04 5.191738e+07
<GCONST> 6.769247e+01
<MIXTURE> 4 7.487410e-02
<MEAN> 6
 6.425075e+01 3.506028e+01 -4.125359e+02 -1.246558e-01 -5.086892e+00 -1.237429e+02
<VARIANCE> 6
 3.171274e+01 1.309607e+04 1.362684e+04 2.998645e+02 4.044808e+04 5.191738e+07
<GCONST> 6.756012e+01
<MIXTURE> 5 7.500085e-02
<MEAN> 6
 6.090727e+01 1.334842e+01 1.451412e+01 3.191103e+00 3.154682e+01 1.256746e+03
<VARIANCE> 6
 3.171274e+01 1.376745e+04 1.362684e+04 2.998645e+02 4.044808e+04 5.191738e+07
<GCONST> 6.761011e+01
<MIXTURE> 6 8.975443e-02
<MEAN> 6
 6.277190e+01 -9.635151e+01 -4.048195e+02 5.940221e-02 -3.558751e+00 -1.062551e+02
<VARIANCE> 6
 3.171274e+01 1.309607e+04 1.362684e+04 2.998645e+02 4.044808e+04 5.191738e+07
<GCONST> 6.756012e+01
<MIXTURE> 7 4.594968e-02
<MEAN> 6
 5.670528e+01 1.279864e+02 -4.994474e+01 -3.046989e-01 7.021842e-01 -8.183126e+01
<VARIANCE> 6
 3.240173e+01 1.014300e+05 1.427565e+04 2.998645e+02 4.044808e+04 5.191738e+07
<GCONST> 6.967517e+01
<MIXTURE> 8 9.251031e-02
<MEAN> 6
 5.877021e+01 -8.209774e+01 -3.517540e+01 -2.894811e-01 -7.999088e+00 -1.535200e+02
<VARIANCE> 6
 3.171274e+01 1.309607e+04 1.362684e+04 2.998645e+02 4.044808e+04 5.191738e+07
<GCONST> 6.756012e+01
<MIXTURE> 9 3.919658e-02
<MEAN> 6
 6.194208e+01 -1.235655e+02 -5.960976e+02 2.102330e-01 2.734236e+00 -7.979884e+01
<VARIANCE> 6
 3.171274e+01 1.309607e+04 3.347124e+04 2.998645e+02 4.044808e+04 5.191738e+07
<GCONST> 6.845876e+01
<MIXTURE> 10 8.179957e-02
<MEAN> 6
 6.023206e+01 -2.087429e+02 -3.207732e+02 5.453581e-02 -4.927988e+00 -1.168624e+02
<VARIANCE> 6
 3.171274e+01 1.309607e+04 1.362684e+04 2.998645e+02 4.044808e+04 5.191738e+07
<GCONST> 6.756012e+01
<MIXTURE> 11 9.224682e-02
<MEAN> 6
 5.814207e+01 -1.353895e+02 -5.765458e+01 -1.114498e-01 -5.564912e+00 -1.140333e+02
<VARIANCE> 6
 3.171274e+01 1.309607e+04 1.362684e+04 2.998645e+02 4.044808e+04 5.191738e+07
<GCONST> 6.756012e+01
<MIXTURE> 12 7.807042e-02
<MEAN> 6
 6.373601e+01 -2.017875e+01 -4.183713e+02 -3.328299e-02 -4.187015e+00 -1.122455e+02
<VARIANCE> 6
 3.171274e+01 1.309607e+04 1.362684e+04 2.998645e+02 4.044808e+04 5.191738e+07
<GCONST> 6.756012e+01
<MIXTURE> 13 7.500085e-02
<MEAN> 6
 5.865471e+01 -3.358549e+01 -3.217950e+01 -3.735536e+00 -4.890001e+01 -1.625403e+03
<VARIANCE> 6
 3.171274e+01 1.376745e+04 1.362684e+04 2.998645e+02 4.044808e+04 5.191738e+07
<GCONST> 6.761011e+01
<STATE> 8
<NUMMIXES> 13
<MIXTURE> 1 9.820146e-04
<MEAN> 6
 7.294633e+01 3.673767e+02 1.260516e+02 -1.103021e+01 -1.278876e+02 -5.878955e+02
<VARIANCE> 6
 1.189083e+03 1.107430e+06 2.369743e+06 5.004345e+02 7.426847e+04 7.948777e+07
<GCONST> 8.232608e+01
<MIXTURE> 2 1.036821e-01
<MEAN> 6
 8.781812e+01 7.202396e+01 -1.914858e+02 -6.813629e-01 -5.714281e+00 -6.452084e+00
<VARIANCE> 6
 3.281989e+01 1.309607e+04 1.362684e+04 2.998645e+02 4.044808e+04 5.191738e+07
<GCONST> 6.759442e+01
<MIXTURE> 3 8.505519e-02
<MEAN> 6
 8.118481e+01 3.428456e+02 2.439847e+02 -1.418405e-01 -4.545266e+00 -4.548518e+01
<VARIANCE> 6
 3.171274e+01 1.309607e+04 1.362684e+04 2.998645e+02 4.044808e+04 5.191738e+07
<GCONST> 6.756012e+01
<MIXTURE> 4 9.881077e-02
<MEAN> 6
 8.502615e+01 -1.280276e+02 -2.689750e+01 2.353949e-03 9.138897e-01 -3.441718e+01
<VARIANCE> 6
 3.171274e+01 1.309607e+04 1.362684e+04 2.998645e+02 4.044808e+04 5.191738e+07
<GCONST> 6.756012e+01
<MIXTURE> 5 6.251907e-02
<MEAN> 6
 7.704639e+01 -8.636086e+00 -2.114251e+02 -9.360161e-01 -4.836322e+00 -5.163312e+01
<VARIANCE> 6
 8.681052e+01 1.309607e+04 1.362684e+04 2.998645e+02 4.044808e+04 5.191738e+07
<GCONST> 6.856712e+01
<MIXTURE> 6 1.070429e-01
<MEAN> 6
 8.495393e+01 2.070695e+01 -1.921491e+02 -3.270470e-01 -2.529735e+00 -2.193305e+01
<VARIANCE> 6
 3.171274e+01 1.309607e+04 1.362684e+04 2.998645e+02 4.044808e+04 5.191738e+07
<GCONST> 6.756012e+01
<MIXTURE> 7 5.969049e-02
<MEAN> 6
 8.085428e+01 -1.472582e+02 -2.859276e+02 3.367501e-01 -8.317175e+00 -1.149040e+01
<VARIANCE> 6
 3.171274e+01 1.309607e+04 1.362684e+04 2.998645e+02 4.044808e+04 5.191738e+07
<GCONST> 6.756012e+01
<MIXTURE> 8 5.614505e-02
<MEAN> 6
 7.877470e+01 1.510210e+02 7.054993e+01 3.651644e+00 3.003114e+01 1.237290e+03
<VARIANCE> 6
 3.171274e+01 1.309607e+04 1.362684e+04 2.998645e+02 4.044808e+04 5.191738e+07
<GCONST> 6.756012e+01
<MIXTURE> 9 1.004429e-01
<MEAN> 6
 8.552372e+01 3.710704e+01 -1.976111e+02 -3.380905e-01 -3.314641e+00 -1.655353e+01
<VARIANCE> 6
 3.171274e+01 1.309607e+04 1.362684e+04 2.998645e+02 4.044808e+04 5.191738e+07
<GCONST> 6.756012e+01
<MIXTURE> 10 9.895560e-02
<MEAN> 6
 8.504026e+01 -1.297658e+02 -2.624413e+01 6.525661e-03 9.128292e-01 -3.440284e+01
<VARIANCE> 6
 3.171274e+01 1.309607e+04 1.362684e+04 2.998645e+02 4.044808e+04 5.191738e+07
<GCONST> 6.756012e+01
<MIXTURE> 11 1.107091e-01
<MEAN> 6
 7.756490e+01 1.264459e+02 4.370375e+01 1.521591e-01 -9.995179e+00 -1.993282e+02
<VARIANCE> 6
 3.171274e+01 1.309607e+04 1.362684e+04 2.998645e+02 4.044808e+04 5.191738e+07
<GCONST> 6.756012e+01
<MIXTURE> 12 5.980014e-02
<MEAN> 6
 8.083353e+01 -1.830580e+02 -3.034948e+02 6.008787e-01 -1.040026e+01 1.965565e+01
<VARIANCE> 6
 3.171274e+01 1.309607e+04 1.362684e+04 2.998645e+02 4.044808e+04 5.191738e+07
<GCONST> 6.756012e+01
<MIXTURE> 13 5.614505e-02
<MEAN> 6
 7.652214e+01 1.052458e+02 2.385631e+01 -3.274994e+00 -5.041570e+01 -1.644858e+03
<VARIANCE> 6
 3.171274e+01 1.309607e+04 1.362684e+04 2.998645e+02 4.044808e+04 5.191738e+07
<GCONST> 6.756012e+01
<STATE> 9
<NUMMIXES> 13
<MIXTURE> 1 7.641943e-03
<MEAN> 6
 8.277053e+01 1.670144e+01 -1.207416e+03 -4.050959e+00 -7.925338e+01 -1.277615e+03
<VARIANCE> 6
 4.098469e+02 3.391916e+05 1.809368e+06 2.998645e+02 4.977871e+04 5.191738e+07
<GCONST> 7.846970e+01
<MIXTURE> 2 7.174602e-02
<MEAN> 6
 1.106979e+02 6.333364e+02 3.638741e+02 -6.535302e+00 2.305243e+00 6.425378e+01
<VARIANCE> 6
 4.639274e+01 1.309607e+04 1.362684e+04 2.998645e+02 4.044808e+04 5.191738e+07
<GCONST> 6.794054e+01
<MIXTURE> 3 1.297217e-01
<MEAN> 6
 7.823988e+01 6.497834e+02 -8.681609e+02 -1.186908e-01 -2.569060e+00 -3.419069e+01
<VARIANCE> 6
 3.171274e+01 1.309607e+04 1.362684e+04 2.998645e+02 4.044808e+04 5.191738e+07
<GCONST> 6.756012e+01
<MIXTURE> 4 2.536089e-02
<MEAN> 6
 9.478651e+01 3.673717e+02 -4.105122e+02 -4.271234e+00 8.441869e+00 2.538148e+01
<VARIANCE> 6
 3.171274e+01 1.309607e+04 1.849218e+04 2.998645e+02 4.044808e+04 5.191738e+07
<GCONST> 6.786542e+01
<MIXTURE> 5 1.172473e-01
<MEAN> 6
 1.020957e+02 5.395620e+02 -1.406140e+03 -5.437737e+00 1.927892e+00 3.003407e+01
<VARIANCE> 6
 3.171274e+01 1.532961e+04 3.198958e+05 2.998645e+02 4.044808e+04 5.191738e+07
<GCONST> 7.087354e+01
<MIXTURE> 6 6.076440e-02
<MEAN> 6
 9.721216e+01 4.659259e+02 -9.971377e+02 -1.723462e+00 2.618471e-01 -5.841632e-01
<VARIANCE> 6
 3.171274e+01 1.309607e+04 1.362684e+04 2.998645e+02 4.044808e+04 5.191738e+07
<GCONST> 6.756012e+01
<MIXTURE> 7 1.464262e-01
<MEAN> 6
 9.402636e+01 7.254446e+02 -2.379173e+03 -1.443282e+00 -1.290656e+00 -4.437045e+01
<VARIANCE> 6
 3.171274e+01 1.309607e+04 3.829953e+05 2.998645e+02 4.044808e+04 5.191738e+07
<GCONST> 7.089609e+01
<MIXTURE> 8 7.575290e-02
<MEAN> 6
 8.981146e+01 4.621959e+02 -1.304938e+03 2.507174e+00 3.470050e+01 1.381256e+03
<VARIANCE> 6
 3.171274e+01 2.402397e+04 1.362684e+04 2.998645e+02 4.044808e+04 5.191738e+07
<GCONST> 6.816685e+01
<MIXTURE> 9 7.890280e-02
<MEAN> 6
 8.192644e+01 3.154239e+02 -6.821206e+02 -1.418139e+00 -6.720532e+00 -1.902724e+02
<VARIANCE> 6
 3.171274e+01 1.309607e+04 1.996325e+04 2.998645e+02 4.044808e+04 5.191738e+07
<GCONST> 6.794197e+01
<MIXTURE> 10 5.476652e-02
<MEAN> 6
 7.126015e+01 3.999271e+02 -1.273797e+03 -2.003870e+00 2.715942e+00 1.554559e+00
<VARIANCE> 6
 3.171274e+01 1.309607e+04 1.362684e+04 2.998645e+02 4.044808e+04 5.191738e+07
<GCONST> 6.756012e+01
<MIXTURE> 11 8.000584e-02
<MEAN> 6
 9.322632e+01 4.828431e+02 9.724202e+01 -3.048304e+00 2.750485e+00 3.149973e-01
<VARIANCE> 6
 3.171274e+01 1.309607e+04 1.362684e+04 2.998645e+02 4.044808e+04 5.191738e+07
<GCONST> 6.756012e+01
<MIXTURE> 12 7.588923e-02
<MEAN> 6
 8.185669e+01 3.053542e+02 -7.604808e+02 -2.426740e+00 -3.189744e+00 -9.733932e+01
<VARIANCE> 6
 3.171274e+01 1.309607e+04 1.673477e+04 2.998645e+02 4.044808e+04 5.191738e+07
<GCONST> 6.776556e+01
<MIXTURE> 13 7.575290e-02
<MEAN> 6
 8.755890e+01 4.001973e+02 -1.351632e+03 -4.419465e+00 -4.574633e+01 -1.500893e+03
<VARIANCE> 6
 3.171274e+01 2.402397e+04 1.362684e+04 2.998645e+02 4.044808e+04 5.191738e+07
<GCONST> 6.816685e+01
<STATE> 10
<NUMMIXES> 13
<MIXTURE> 1 7.351957e-02
<MEAN> 6
 7.953063e+01 -3.634681e+02 2.952953e+02 -2.565860e-01 -2.590739e+00 -1.124201e+02
<VARIANCE> 6
 3.171274e+01 1.309607e+04 1.362684e+04 2.998645e+02 4.044808e+04 5.191738e+07
<GCONST> 6.756012e+01
<MIXTURE> 2 3.780561e-02
<MEAN> 6
 7.887078e+01 -1.706367e+01 8.380029e+01 -3.162840e+00 -4.097892e+01 -6.728541e+02
<VARIANCE> 6
 3.171274e+01 6.858225e+04 1.362684e+04 2.998645e+02 4.044808e+04 5.191738e+07
<GCONST> 6.921584e+01
<MIXTURE> 3 2.540707e-02
<MEAN> 6
 6.874503e+01 3.588028e+01 1.719060e+03 -1.227081e+01 -1.891491e+01 1.006412e+03
<VARIANCE> 6
 3.028375e+02 2.118690e+05 1.747393e+06 2.998645e+02 5.058711e+04 5.191738e+07
<GCONST> 7.767776e+01
<MIXTURE> 4 1.258832e-01
<MEAN> 6
 7.155838e+01 -5.979775e+02 1.423290e+02 -2.623253e-01 -4.737080e+00 -2.160211e+02
<VARIANCE> 6
 3.171274e+01 1.309607e+04 1.362684e+04 2.998645e+02 4.044808e+04 5.191738e+07
<GCONST> 6.756012e+01
<MIXTURE> 5 6.872665e-02
<MEAN> 6
 7.063444e+01 -9.355883e+02 8.265810e+01 2.672468e-01 -1.133395e-01 -2.792134e+01
<VARIANCE> 6
 3.171274e+01 1.309607e+04 1.362684e+04 2.998645e+02 4.044808e+04 5.191738e+07
<GCONST> 6.756012e+01
<MIXTURE> 6 1.245303e-01
<MEAN> 6
 7.155876e+01 -5.979436e+02 1.423671e+02 -2.623629e-01 -4.737689e+00 -2.160426e+02
<VARIANCE> 6
 3.171274e+01 1.309607e+04 1.362684e+04 2.998645e+02 4.044808e+04 5.191738e+07
<GCONST> 6.756012e+01
<MIXTURE> 7 7.398414e-02
<MEAN> 6
 7.951494e+01 -3.625589e+02 2.903184e+02 -2.702742e-01 -2.805713e+00 -1.163897e+02
<VARIANCE> 6
 3.171274e+01 1.309607e+04 1.362684e+04 2.998645e+02 4.044808e+04 5.191738e+07
<GCONST> 6.756012e+01
<MIXTURE> 8 6.348140e-02
<MEAN> 6
 7.268456e+01 -5.750998e+02 1.656648e+02 3.201009e+00 3.548650e+01 1.225059e+03
<VARIANCE> 6
 3.171274e+01 1.309607e+04 1.362684e+04 2.998645e+02 4.044808e+04 5.191738e+07
<GCONST> 6.756012e+01
<MIXTURE> 9 1.259676e-01
<MEAN> 6
 7.155763e+01 -5.980452e+02 1.422522e+02 -2.622420e-01 -4.735905e+00 -2.159807e+02
<VARIANCE> 6
 3.171274e+01 1.309607e+04 1.362684e+04 2.998645e+02 4.044808e+04 5.191738e+07
<GCONST> 6.756012e+01
<MIXTURE> 10 7.441904e-02
<MEAN> 6
 7.947211e+01 -3.597118e+02 2.772824e+02 -3.084379e-01 -3.377216e+00 -1.284959e+02
<VARIANCE> 6
 3.171274e+01 1.309607e+04 1.362684e+04 2.998645e+02 4.044808e+04 5.191738e+07
<GCONST> 6.756012e+01
<MIXTURE> 11 7.375895e-02
<MEAN> 6
 7.944718e+01 -3.576986e+02 2.699426e+02 -3.313827e-01 -3.705784e+00 -1.363149e+02
<VARIANCE> 6
 3.171274e+01 1.309607e+04 1.362684e+04 2.998645e+02 4.044808e+04 5.191738e+07
<GCONST> 6.756012e+01
<MIXTURE> 12 6.902928e-02
<MEAN> 6
 7.056158e+01 -9.702230e+02 9.820335e+01 1.690359e-01 1.569843e-01 -1.066529e+01
<VARIANCE> 6
 3.171274e+01 1.309607e+04 1.362684e+04 2.998645e+02 4.044808e+04 5.191738e+07
<GCONST> 6.756012e+01
<MIXTURE> 13 6.348140e-02
<MEAN> 6
 7.043199e+01 -6.208751e+02 1.189712e+02 -3.725630e+00 -4.496033e+01 -1.657090e+03
<VARIANCE> 6
 3.171274e+01 1.309607e+04 1.362684e+04 2.998645e+02 4.044808e+04 5.191738e+07
<GCONST> 6.756012e+01
<STATE> 11
<NUMMIXES> 13
<MIXTURE> 1 4.253835e-03
<MEAN> 6
 9.011264e+01 -5.052289e+02 1.683241e+02 -9.485127e+00 -1.860103e+02 -2.662625e+03
<VARIANCE> 6
 1.197810e+03 1.369142e+06 9.678789e+05 4.075675e+02 1.116769e+05 1.062118e+08
<GCONST> 8.214259e+01
<MIXTURE> 2 9.893686e-02
<MEAN> 6
 9.947375e+01 -5.005571e+02 -5.429502e+02 -1.426402e+00 -2.623605e+00 -8.034123e+01
<VARIANCE> 6
 3.265130e+01 1.309607e+04 1.362684e+04 2.998645e+02 4.044808e+04 5.191738e+07
<GCONST> 6.758928e+01
<MIXTURE> 3 5.980391e-02
<MEAN> 6
 6.325893e+01 1.571766e+02 -6.875236e+02 -5.117901e-01 -9.714056e+00 -2.093352e+02
<VARIANCE> 6
 3.171274e+01 1.309607e+04 1.362684e+04 2.998645e+02 4.044808e+04 5.191738e+07
<GCONST> 6.756012e+01
<MIXTURE> 4 6.913612e-02
<MEAN> 6
 7.015334e+01 -8.025400e+02 -6.551619e+02 -2.431522e-01 -1.537629e+00 -2.311231e+01
<VARIANCE> 6
 3.171274e+01 1.143766e+05 1.362684e+04 2.998645e+02 4.044808e+04 5.191738e+07
<GCONST> 6.972729e+01
<MIXTURE> 5 1.019649e-01
<MEAN> 6
 9.706280e+01 -4.994479e+02 -5.433702e+02 -8.589462e-01 -3.158219e+00 -1.100773e+02
<VARIANCE> 6
 3.171274e+01 1.309607e+04 1.362684e+04 2.998645e+02 4.044808e+04 5.191738e+07
<GCONST> 6.756012e+01
<MIXTURE> 6 5.804130e-02
<MEAN> 6
 6.433987e+01 -1.887023e+02 -6.629236e+02 2.389880e+00 2.761246e+01 1.178351e+03
<VARIANCE> 6
 3.171274e+01 1.309607e+04 1.362684e+04 2.998645e+02 4.044808e+04 5.191738e+07
<GCONST> 6.756012e+01
<MIXTURE> 7 1.011652e-01
<MEAN> 6
 9.674152e+01 -4.997838e+02 -5.440345e+02 -7.955937e-01 -3.216576e+00 -1.120680e+02
<VARIANCE> 6
 3.171274e+01 1.309607e+04 1.362684e+04 2.998645e+02 4.044808e+04 5.191738e+07
<GCONST> 6.756012e+01
<MIXTURE> 8 1.006557e-01
<MEAN> 6
 9.698962e+01 -4.995135e+02 -5.435091e+02 -8.443326e-01 -3.172204e+00 -1.105740e+02
<VARIANCE> 6
 3.171274e+01 1.309607e+04 1.362684e+04 2.998645e+02 4.044808e+04 5.191738e+07
<GCONST> 6.756012e+01
<MIXTURE> 9 1.155781e-01
<MEAN> 6
 6.321112e+01 -2.115530e+02 -6.862832e+02 -1.073074e+00 -1.259983e+01 -2.627236e+02
<VARIANCE> 6
 3.171274e+01 1.309607e+04 1.362684e+04 2.998645e+02 4.044808e+04 5.191738e+07
<GCONST> 6.756012e+01
<MIXTURE> 10 5.722622e-02
<MEAN> 6
 7.136750e+01 -1.531548e+03 -6.898309e+02 -9.158812e-01 1.545184e+00 -3.907055e+01
<VARIANCE> 6
 3.171274e+01 3.869632e+04 1.362684e+04 2.998645e+02 4.044808e+04 5.191738e+07
<GCONST> 6.864354e+01
<MIXTURE> 11 5.955072e-02
<MEAN> 6
 6.325893e+01 1.571766e+02 -6.875236e+02 -5.117905e-01 -9.714063e+00 -2.093351e+02
<VARIANCE> 6
 3.171274e+01 1.309607e+04 1.362684e+04 2.998645e+02 4.044808e+04 5.191738e+07
<GCONST> 6.756012e+01
<MIXTURE> 12 1.156238e-01
<MEAN> 6
 1.196130e+02 -2.392876e+03 2.690144e+01 -1.634494e+00 -9.719501e-01 1.052547e+01
<VARIANCE> 6
 3.171274e+01 6.458041e+04 1.362684e+04 2.998645e+02 4.044808e+04 5.191738e+07
<GCONST> 6.915572e+01
<MIXTURE> 13 5.804130e-02
<MEAN> 6
 6.208731e+01 -2.344775e+02 -7.096172e+02 -4.536758e+00 -5.283437e+01 -1.703797e+03
<VARIANCE> 6
 3.171274e+01 1.309607e+04 1.362684e+04 2.998645e+02 4.044808e+04 5.191738e+07
<GCONST> 6.756012e+01
<STATE> 12
<NUMMIXES> 13
<MIXTURE> 1 7.663944e-02
<MEAN> 6
 6.676735e+01 -6.929224e+01 -1.171121e+02 -1.238441e+02 -1.891251e+03 -1.389063e+04
<VARIANCE> 6
 1.585846e+02 5.170234e+04 5.509901e+04 5.744698e+03 6.345989e+05 3.032254e+08
<GCONST> 7.941046e+01
<MIXTURE> 2 1.102301e-01
<MEAN> 6
 6.149255e+01 2.967164e+02 -1.309663e+02 -8.844434e+01 -9.061898e+02 -6.467281e+03
<VARIANCE> 6
 9.913293e+01 3.536894e+05 2.940949e+05 1.843973e+03 1.465154e+05 5.518754e+07
<GCONST> 7.823236e+01
<MIXTURE> 3 1.167574e-01
<MEAN> 6
 4.092294e+01 2.545916e+02 -1.642294e+02 -2.558369e+02 -1.385729e+03 4.564692e+03
<VARIANCE> 6
 1.355269e+02 4.132212e+05 3.124698e+05 3.654614e+03 3.811007e+05 1.132350e+08
<GCONST> 8.111998e+01
<MIXTURE> 4 1.134261e-01
<MEAN> 6
 -5.163873e+01 1.296813e+02 -1.152049e+02 -1.816599e+02 2.434862e+03 -1.293558e+04
<VARIANCE> 6
 3.571907e+02 5.030021e+05 4.643872e+05 9.217606e+03 1.334138e+06 8.746040e+08
<GCONST> 8.690430e+01
<MIXTURE> 5 5.234911e-02
<MEAN> 6
 -2.427187e+01 1.491067e+02 -1.106175e+03 -4.127610e+02 1.439478e+03 5.249159e+04
<VARIANCE> 6
 4.783393e+02 1.213549e+06 7.755914e+06 6.462066e+03 2.616238e+06 6.566456e+08
<GCONST> 9.092422e+01
<MIXTURE> 6 7.913198e-02
<MEAN> 6
 -6.211765e+01 -3.323045e+01 1.767840e+02 9.193853e+01 1.583131e+03 -1.155027e+03
<VARIANCE> 6
 2.069753e+02 2.107158e+05 3.754849e+05 2.267969e+04 7.644367e+04 9.556265e+07
<GCONST> 8.110293e+01
<MIXTURE> 7 6.940138e-02
<MEAN> 6
 -6.844492e+01 -5.924223e+01 1.046878e+02 -3.631720e+00 3.415855e+02 -4.081564e+03
<VARIANCE> 6
 4.655370e+01 1.102640e+06 3.773659e+05 9.396555e+02 3.088509e+05 2.692979e+08
<GCONST> 8.051951e+01
<MIXTURE> 8 6.597395e-02
<MEAN> 6
 -6.424244e+01 1.898900e+02 -3.433678e+02 7.001023e+01 7.054553e+02 2.254583e+03
<VARIANCE> 6
 8.456245e+01 1.630667e+05 1.492840e+05 4.861974e+03 6.702077e+04 5.191738e+07
<GCONST> 7.674739e+01
<MIXTURE> 9 8.640351e-02
<MEAN> 6
 -7.643065e-01 2.320415e+02 -5.999076e+01 -3.548746e+02 -1.666685e+01 1.507781e+04
<VARIANCE> 6
 3.169062e+02 3.287405e+05 4.076313e+05 3.966159e+03 6.735439e+05 2.665637e+08
<GCONST> 8.351400e+01
<MIXTURE> 10 4.097783e-02
<MEAN> 6
 -5.754222e+01 -4.741839e+02 -6.244576e+02 7.689814e+00 1.245811e+02 1.069525e+03
<VARIANCE> 6
 1.613715e+02 3.246664e+05 1.362684e+04 2.998645e+02 4.044808e+04 5.191738e+07
<GCONST> 7.239758e+01
<MIXTURE> 11 4.889120e-02
<MEAN> 6
 -3.525085e+01 -7.891634e+01 -5.417762e+02 -7.524495e+01 1.457148e+03 -4.285829e+03
<VARIANCE> 6
 2.605146e+02 9.408442e+04 1.101422e+06 4.227555e+04 1.787117e+05 1.806995e+08
<GCONST> 8.371182e+01
<MIXTURE> 12 7.383106e-02
<MEAN> 6
 1.565988e+01 -1.558165e+02 -1.605091e+02 -4.074484e+02 -9.924598e+02 1.704562e+04
<VARIANCE> 6
 5.228289e+02 2.702696e+05 4.307103e+05 5.260346e+03 7.994009e+05 4.599699e+08
<GCONST> 8.487312e+01
<MIXTURE> 13 6.597395e-02
<MEAN> 6
 -6.792075e+01 2.836396e+01 -4.979170e+02 4.211909e+01 6.019018e+02 -6.275654e+02
<VARIANCE> 6
 8.456245e+01 1.630667e+05 1.492840e+05 4.861974e+03 6.702077e+04 5.191738e+07
<GCONST> 7.674739e+01
<STATE> 13
<NUMMIXES> 13
<MIXTURE> 1 7.490344e-02
<MEAN> 6
 8.546939e+01 -6.963949e+01 7.915023e+01 -6.079674e+00 -1.459501e+01 -4.296964e+01
<VARIANCE> 6
 1.304819e+02 9.795055e+05 7.255022e+05 2.998645e+02 4.044808e+04 5.191738e+07
<GCONST> 7.726419e+01
<MIXTURE> 2 1.486927e-02
<MEAN> 6
 -1.072057e+01 1.592812e+02 1.066201e+02 -2.805308e+01 -8.807524e+00 4.525680e+03
<VARIANCE> 6
 1.130416e+04 1.942029e+05 4.227784e+05 1.806100e+06 9.836626e+08 1.446476e+12
<GCONST> 1.086051e+02
<MIXTURE> 3 5.721868e-02
<MEAN> 6
 9.062856e+01 2.112905e+02 1.001522e+02 2.872550e+01 -1.032912e+03 1.052882e+01
<VARIANCE> 6
 1.931407e+02 1.126004e+06 7.660089e+05 1.803658e+04 1.905178e+06 1.440930e+09
<GCONST> 8.912261e+01
<MIXTURE> 4 6.972506e-02
<MEAN> 6
 -3.791403e+01 8.315601e+01 2.313887e+02 6.355134e+01 7.383635e+02 -1.565078e+03
<VARIANCE> 6
 6.492988e+02 1.391860e+05 5.497795e+05 2.634823e+04 2.480097e+05 7.124798e+07
<GCONST> 8.324605e+01
<MIXTURE> 5 1.277161e-01
<MEAN> 6
 7.159428e+01 3.970084e+01 -3.492583e+01 -2.845681e+00 -6.119324e+02 -7.988967e+02
<VARIANCE> 6
 2.424969e+02 1.756324e+05 9.872979e+04 1.857912e+04 1.928628e+05 5.191738e+07
<GCONST> 7.985923e+01
<MIXTURE> 6 7.821040e-02
<MEAN> 6
 -3.946284e+01 -3.456199e+02 -8.340027e+00 -6.517581e+01 1.110341e+03 1.937358e+03
<VARIANCE> 6
 8.651470e+02 1.058714e+06 2.515612e+05 4.706071e+04 1.289622e+06 8.087860e+08
<GCONST> 8.943827e+01
<MIXTURE> 7 7.948340e-02
<MEAN> 6
 4.116407e+01 2.789481e+01 3.755098e+01 1.322075e+01 -3.336735e+02 -4.566218e+02
<VARIANCE> 6
 8.486868e+02 3.798477e+04 2.639314e+04 3.780496e+04 2.885553e+05 7.557583e+07
<GCONST> 7.975024e+01
<MIXTURE> 8 7.561996e-02
<MEAN> 6
 -5.201655e+01 7.557161e+01 6.245015e+00 2.033426e+01 2.408468e+02 2.965149e+02
<VARIANCE> 6
 2.681396e+02 7.059282e+04 9.710755e+04 7.860195e+02 7.630167e+04 5.191738e+07
<GCONST> 7.494162e+01
<MIXTURE> 9 7.333165e-02
<MEAN> 6
 8.021553e+01 1.538848e+01 5.264031e+01 -2.888268e+00 1.463564e+01 1.161958e+03
<VARIANCE> 6
 1.211831e+02 9.034981e+04 7.346488e+04 2.998645e+02 4.044808e+04 5.191738e+07
<GCONST> 7.251685e+01
<MIXTURE> 10 1.024835e-01
<MEAN> 6
 3.726954e+01 2.359113e+01 1.447953e+00 4.178788e+01 -4.224525e+02 -3.427325e+02
<VARIANCE> 6
 6.066547e+02 6.101616e+05 6.686718e+05 5.156781e+04 2.382637e+05 8.616992e+07
<GCONST> 8.567337e+01
<MIXTURE> 11 8.009630e-02
<MEAN> 6
 2.126459e+01 -2.268151e+01 1.406534e+00 -7.286167e+01 -1.793555e+02 2.136714e+03
<VARIANCE> 6
 1.111734e+03 3.701355e+04 5.300495e+04 5.327379e+04 5.187771e+05 3.048943e+08
<GCONST> 8.301602e+01
<MIXTURE> 12 9.228143e-02
<MEAN> 6
 -3.197278e+01 -5.628941e+01 4.565706e+01 4.931501e+01 7.150995e+02 -1.307500e+03
<VARIANCE> 6
 4.648703e+02 1.256148e+05 1.026964e+05 2.724301e+04 1.986082e+05 6.394480e+07
<GCONST> 8.083470e+01
<MIXTURE> 13 7.333165e-02
<MEAN> 6
 7.581221e+01 -1.048445e+02 -5.577732e+01 -9.814906e+00 -6.581119e+01 -1.720191e+03
<VARIANCE> 6
 1.211831e+02 9.034981e+04 7.346488e+04 2.998645e+02 4.044808e+04 5.191738e+07
<GCONST> 7.251685e+01
<TRANSP> 14
 0.000000e+00 1.000000e+00 0.000000e+00 0.000000e+00 0.000000e+00 0.000000e+00 0.000000e+00 0.000000e+00 0.000000e+00 0.000000e+00 0.000000e+00 0.000000e+00 0.000000e+00 0.000000e+00
 0.000000e+00 9.998842e-01 1.157872e-04 0.000000e+00 0.000000e+00 0.000000e+00 0.000000e+00 0.000000e+00 0.000000e+00 0.000000e+00 0.000000e+00 0.000000e+00 0.000000e+00 0.000000e+00
 0.000000e+00 0.000000e+00 9.961971e-01 3.802921e-03 0.000000e+00 0.000000e+00 0.000000e+00 0.000000e+00 0.000000e+00 0.000000e+00 0.000000e+00 0.000000e+00 0.000000e+00 0.000000e+00
 0.000000e+00 0.000000e+00 0.000000e+00 9.977193e-01 2.280742e-03 0.000000e+00 0.000000e+00 0.000000e+00 0.000000e+00 0.000000e+00 0.000000e+00 0.000000e+00 0.000000e+00 0.000000e+00
 0.000000e+00 0.000000e+00 0.000000e+00 0.000000e+00 9.979499e-01 2.050081e-03 0.000000e+00 0.000000e+00 0.000000e+00 0.000000e+00 0.000000e+00 0.000000e+00 0.000000e+00 0.000000e+00
 0.000000e+00 0.000000e+00 0.000000e+00 0.000000e+00 0.000000e+00 9.981048e-01 1.895221e-03 0.000000e+00 0.000000e+00 0.000000e+00 0.000000e+00 0.000000e+00 0.000000e+00 0.000000e+00
 0.000000e+00 0.000000e+00 0.000000e+00 0.000000e+00 0.000000e+00 0.000000e+00 9.988927e-01 1.107291e-03 0.000000e+00 0.000000e+00 0.000000e+00 0.000000e+00 0.000000e+00 0.000000e+00
 0.000000e+00 0.000000e+00 0.000000e+00 0.000000e+00 0.000000e+00 0.000000e+00 0.000000e+00 9.985288e-01 1.471171e-03 0.000000e+00 0.000000e+00 0.000000e+00 0.000000e+00 0.000000e+00
 0.000000e+00 0.000000e+00 0.000000e+00 0.000000e+00 0.000000e+00 0.000000e+00 0.000000e+00 0.000000e+00 9.977289e-01 2.271093e-03 0.000000e+00 0.000000e+00 0.000000e+00 0.000000e+00
 0.000000e+00 0.000000e+00 0.000000e+00 0.000000e+00 0.000000e+00 0.000000e+00 0.000000e+00 0.000000e+00 0.000000e+00 9.953770e-01 4.622987e-03 0.000000e+00 0.000000e+00 0.000000e+00
 0.000000e+00 0.000000e+00 0.000000e+00 0.000000e+00 0.000000e+00 0.000000e+00 0.000000e+00 0.000000e+00 0.000000e+00 0.000000e+00 9.968964e-01 3.103569e-03 0.000000e+00 0.000000e+00
 0.000000e+00 0.000000e+00 0.000000e+00 0.000000e+00 0.000000e+00 0.000000e+00 0.000000e+00 0.000000e+00 0.000000e+00 0.000000e+00 0.000000e+00 9.975399e-01 2.460078e-03 0.000000e+00
 0.000000e+00 0.000000e+00 0.000000e+00 0.000000e+00 0.000000e+00 0.000000e+00 0.000000e+00 0.000000e+00 0.000000e+00 0.000000e+00 0.000000e+00 0.000000e+00 9.999312e-01 6.879155e-05
 0.000000e+00 0.000000e+00 0.000000e+00 0.000000e+00 0.000000e+00 0.000000e+00 0.000000e+00 0.000000e+00 0.000000e+00 0.000000e+00 0.000000e+00 0.000000e+00 0.000000e+00 0.000000e+00
<ENDHMM>
