~o
<STREAMINFO> 1 6
<VECSIZE> 6<NULLD><USER><DIAGC>
~h "SegundoPRIMARIA"
<BEGINHMM>
<NUMSTATES> 15
<STATE> 2
<NUMMIXES> 11
<MIXTURE> 1 1.179451e-01
<MEAN> 6
 9.105343e+01 2.487639e+02 4.136940e+01 -1.490892e+00 -5.260692e+01 -3.191144e+02
<VARIANCE> 6
 3.896135e+02 5.328772e+05 7.771554e+05 2.998645e+02 4.044808e+04 5.191738e+07
<GCONST> 7.781813e+01
<MIXTURE> 2 5.317771e-02
<MEAN> 6
 -1.520186e+00 -1.750872e+02 2.569000e+02 -1.799970e+02 5.798858e+02 9.824047e+03
<VARIANCE> 6
 1.951048e+03 9.729582e+05 1.830772e+06 7.251618e+04 2.451292e+06 1.133898e+09
<GCONST> 9.356435e+01
<MIXTURE> 3 1.405993e-01
<MEAN> 6
 -3.653674e+01 -1.658800e+01 8.052889e+01 4.352019e+01 5.002056e+02 -7.083137e+02
<VARIANCE> 6
 7.014621e+02 1.343773e+05 5.118191e+05 2.680233e+04 1.072496e+05 5.191738e+07
<GCONST> 8.207889e+01
<MIXTURE> 4 1.121181e-01
<MEAN> 6
 7.546815e+01 2.318491e+01 1.090595e+02 1.437447e+01 -4.059232e+02 -7.881754e+02
<VARIANCE> 6
 5.436672e+02 8.217952e+04 4.829855e+05 2.144123e+04 1.201306e+05 5.191738e+07
<GCONST> 8.116457e+01
<MIXTURE> 5 7.981440e-02
<MEAN> 6
 -6.515624e+01 -1.294707e+01 -2.505894e+02 -8.844063e+00 1.575190e+02 1.942942e+02
<VARIANCE> 6
 3.542632e+02 1.500548e+05 1.332928e+06 5.318814e+02 5.384121e+04 5.191738e+07
<GCONST> 7.785432e+01
<MIXTURE> 6 8.986904e-02
<MEAN> 6
 7.522677e+01 3.966150e+01 -1.085424e+03 5.787081e-01 -1.450597e+01 -1.438514e+02
<VARIANCE> 6
 3.677707e+01 8.475596e+04 6.816739e+05 2.998645e+02 4.044808e+04 5.191738e+07
<GCONST> 7.348824e+01
<MIXTURE> 7 6.684551e-02
<MEAN> 6
 9.927193e+01 -9.399995e+01 2.109964e+02 1.927125e+01 -8.524585e+02 7.181559e+02
<VARIANCE> 6
 4.314133e+02 4.117502e+05 9.775653e+05 1.574630e+04 1.105574e+06 4.292296e+08
<GCONST> 8.727306e+01
<MIXTURE> 8 9.801710e-02
<MEAN> 6
 -5.237577e+01 -6.073693e+01 -1.479657e+02 4.562264e+00 1.148925e+03 -1.979298e+03
<VARIANCE> 6
 6.445556e+02 1.455044e+05 8.650639e+05 4.191701e+04 4.614971e+05 2.916866e+08
<GCONST> 8.623121e+01
<MIXTURE> 9 1.140993e-01
<MEAN> 6
 2.982908e+01 -7.196124e+01 -3.986728e+01 6.122384e+01 -2.805303e+02 -6.720170e+02
<VARIANCE> 6
 6.076498e+02 2.020314e+05 9.761838e+05 5.957975e+04 1.808522e+05 6.648745e+07
<GCONST> 8.455748e+01
<MIXTURE> 10 6.099093e-02
<MEAN> 6
 6.139791e+01 -4.134796e+02 1.200532e+03 8.493420e-01 -7.574409e+00 -3.971243e+01
<VARIANCE> 6
 3.171274e+01 2.348685e+05 6.880829e+05 2.998645e+02 4.044808e+04 5.191738e+07
<GCONST> 7.436870e+01
<MIXTURE> 11 6.628005e-02
<MEAN> 6
 6.625576e+01 -7.694819e+01 7.601662e+01 -8.404544e+01 -1.247117e+03 -1.293127e+03
<VARIANCE> 6
 5.537167e+02 1.899254e+05 8.071350e+05 5.257041e+04 3.788854e+05 2.242042e+08
<GCONST> 8.604251e+01
<STATE> 3
<NUMMIXES> 11
<MIXTURE> 1 8.688746e-02
<MEAN> 6
 7.230622e+01 1.365928e+02 -2.132419e+02 -8.937372e-01 -7.105223e+00 -1.231483e+02
<VARIANCE> 6
 3.171274e+01 1.411568e+04 1.362684e+04 2.998645e+02 4.044808e+04 5.191738e+07
<GCONST> 6.763509e+01
<MIXTURE> 2 1.567928e-03
<MEAN> 6
 8.109913e+01 1.171208e+02 5.962542e+00 5.578776e+00 -4.692744e+01 -1.461637e+02
<VARIANCE> 6
 3.577978e+02 1.881397e+06 4.889143e+05 9.301219e+02 9.504488e+04 5.191738e+07
<GCONST> 8.051728e+01
<MIXTURE> 3 9.564255e-02
<MEAN> 6
 6.861535e+01 2.124172e+00 -2.065674e+02 2.250655e-01 1.122104e+00 -8.526371e+01
<VARIANCE> 6
 3.171274e+01 1.309607e+04 1.362684e+04 2.998645e+02 4.044808e+04 5.191738e+07
<GCONST> 6.756012e+01
<MIXTURE> 4 1.543421e-01
<MEAN> 6
 7.383165e+01 8.377718e+01 -2.731700e+02 -6.488308e-01 -4.616264e+00 -9.464415e+01
<VARIANCE> 6
 3.171274e+01 1.309607e+04 1.362684e+04 2.998645e+02 4.044808e+04 5.191738e+07
<GCONST> 6.756012e+01
<MIXTURE> 5 1.448564e-01
<MEAN> 6
 6.684496e+01 -4.995173e+01 -2.036053e+02 4.593107e-01 1.612226e+00 -5.077640e+01
<VARIANCE> 6
 3.171274e+01 1.309607e+04 1.362684e+04 2.998645e+02 4.044808e+04 5.191738e+07
<GCONST> 6.756012e+01
<MIXTURE> 6 7.820287e-02
<MEAN> 6
 6.866927e+01 1.704109e+02 -3.206823e+02 2.147437e+00 2.758975e+00 -1.867898e+02
<VARIANCE> 6
 3.171274e+01 1.402661e+04 1.362684e+04 2.998645e+02 4.044808e+04 5.191738e+07
<GCONST> 6.762875e+01
<MIXTURE> 7 1.402619e-01
<MEAN> 6
 7.626737e+01 5.421093e+01 -3.027450e+02 -1.099531e+00 -3.713372e+00 -1.192794e+02
<VARIANCE> 6
 3.171274e+01 1.309607e+04 1.362684e+04 2.998645e+02 4.044808e+04 5.191738e+07
<GCONST> 6.756012e+01
<MIXTURE> 8 6.757582e-02
<MEAN> 6
 6.727625e+01 -3.692399e+01 -1.983020e+02 3.649085e-01 1.529653e+00 -6.371524e+01
<VARIANCE> 6
 3.171274e+01 1.309607e+04 1.362684e+04 2.998645e+02 4.044808e+04 5.191738e+07
<GCONST> 6.756012e+01
<MIXTURE> 9 7.083782e-02
<MEAN> 6
 6.759088e+01 1.355323e+02 -3.527691e+02 2.935455e+00 5.314612e+00 -1.353419e+02
<VARIANCE> 6
 3.171274e+01 1.309607e+04 1.362684e+04 2.998645e+02 4.044808e+04 5.191738e+07
<GCONST> 6.756012e+01
<MIXTURE> 10 7.134240e-02
<MEAN> 6
 6.605927e+01 -8.153298e+01 -2.114753e+02 5.596265e-01 1.124474e+00 -2.010769e+01
<VARIANCE> 6
 3.171274e+01 1.309607e+04 1.362684e+04 2.998645e+02 4.044808e+04 5.191738e+07
<GCONST> 6.756012e+01
<MIXTURE> 11 8.847294e-02
<MEAN> 6
 7.206454e+01 1.074120e+02 -2.444855e+02 -4.859638e-01 -4.728365e+00 -1.006009e+02
<VARIANCE> 6
 3.171274e+01 1.309607e+04 1.362684e+04 2.998645e+02 4.044808e+04 5.191738e+07
<GCONST> 6.756012e+01
<STATE> 4
<NUMMIXES> 11
<MIXTURE> 1 3.216182e-02
<MEAN> 6
 7.059238e+01 1.165272e+03 -1.710757e+03 3.827291e+01 -1.139730e+02 1.329896e+03
<VARIANCE> 6
 8.416542e+01 3.322856e+05 3.723905e+05 1.294373e+03 5.554866e+04 5.191738e+07
<GCONST> 7.685745e+01
<MIXTURE> 2 1.087543e-01
<MEAN> 6
 6.544059e+01 -2.705388e+02 -1.284899e+03 2.525328e+00 -5.375926e+00 2.280076e+01
<VARIANCE> 6
 3.171274e+01 1.309607e+04 1.362684e+04 2.998645e+02 4.044808e+04 5.191738e+07
<GCONST> 6.756012e+01
<MIXTURE> 3 1.145404e-01
<MEAN> 6
 5.798406e+01 -4.102751e+02 -1.520795e+02 1.555129e+00 1.207587e+00 -1.125395e+02
<VARIANCE> 6
 3.171274e+01 1.309607e+04 2.196220e+04 2.998645e+02 4.044808e+04 5.191738e+07
<GCONST> 6.803740e+01
<MIXTURE> 4 1.309358e-01
<MEAN> 6
 5.824392e+01 -4.177042e+02 -2.498448e+02 9.368270e-01 -3.831298e+00 -1.550214e+02
<VARIANCE> 6
 3.171274e+01 1.309607e+04 2.295202e+04 2.998645e+02 4.044808e+04 5.191738e+07
<GCONST> 6.808148e+01
<MIXTURE> 5 8.031852e-02
<MEAN> 6
 6.097071e+01 -4.784083e+02 -5.234001e+02 -3.990892e-02 -4.145850e-01 3.496687e+01
<VARIANCE> 6
 3.171274e+01 1.309607e+04 1.362684e+04 2.998645e+02 4.044808e+04 5.191738e+07
<GCONST> 6.756012e+01
<MIXTURE> 6 7.676934e-02
<MEAN> 6
 6.467943e+01 -5.063879e+02 2.864587e+02 -7.585012e-01 -7.131804e+00 -1.488531e+02
<VARIANCE> 6
 3.171274e+01 1.309607e+04 1.362684e+04 2.998645e+02 4.044808e+04 5.191738e+07
<GCONST> 6.756012e+01
<MIXTURE> 7 1.399356e-01
<MEAN> 6
 5.825837e+01 -4.242849e+02 -2.264343e+02 6.711825e-01 -5.865117e+00 -1.721332e+02
<VARIANCE> 6
 3.171274e+01 1.309607e+04 1.362684e+04 2.998645e+02 4.044808e+04 5.191738e+07
<GCONST> 6.756012e+01
<MIXTURE> 8 7.653102e-02
<MEAN> 6
 6.481009e+01 -5.037845e+02 2.868979e+02 -8.486801e-01 -7.912579e+00 -1.515553e+02
<VARIANCE> 6
 3.171274e+01 1.309607e+04 1.362684e+04 2.998645e+02 4.044808e+04 5.191738e+07
<GCONST> 6.756012e+01
<MIXTURE> 9 8.663382e-02
<MEAN> 6
 6.208630e+01 -5.003347e+02 -5.635338e+02 -2.161456e-01 -1.947972e+00 6.611353e+01
<VARIANCE> 6
 3.171274e+01 1.309607e+04 1.362684e+04 2.998645e+02 4.044808e+04 5.191738e+07
<GCONST> 6.756012e+01
<MIXTURE> 10 7.690483e-02
<MEAN> 6
 6.486619e+01 -5.124133e+02 2.843850e+02 -6.051211e-01 -1.024430e+01 -1.673626e+02
<VARIANCE> 6
 3.171274e+01 1.309607e+04 1.362684e+04 2.998645e+02 4.044808e+04 5.191738e+07
<GCONST> 6.756012e+01
<MIXTURE> 11 7.649548e-02
<MEAN> 6
 6.492050e+01 -5.180284e+02 2.825952e+02 -5.119902e-01 -1.195047e+01 -1.767580e+02
<VARIANCE> 6
 3.171274e+01 1.309607e+04 1.362684e+04 2.998645e+02 4.044808e+04 5.191738e+07
<GCONST> 6.756012e+01
<STATE> 5
<NUMMIXES> 11
<MIXTURE> 1 7.501756e-02
<MEAN> 6
 1.057586e+02 2.592647e+02 1.269688e+03 1.735866e-01 -3.511396e+01 1.949491e+02
<VARIANCE> 6
 3.171274e+01 1.464262e+04 1.362684e+04 2.998645e+02 4.044808e+04 5.191738e+07
<GCONST> 6.767174e+01
<MIXTURE> 2 1.589315e-01
<MEAN> 6
 9.037829e+01 -1.403576e+03 8.262229e+02 -8.921859e-02 1.686368e+00 -6.505235e+01
<VARIANCE> 6
 3.171274e+01 1.309607e+04 1.362684e+04 2.998645e+02 4.044808e+04 5.191738e+07
<GCONST> 6.756012e+01
<MIXTURE> 3 1.038326e-01
<MEAN> 6
 9.573092e+01 2.294363e+02 -3.040497e+02 1.230320e+00 -1.198836e+00 2.278519e+02
<VARIANCE> 6
 3.171274e+01 1.309607e+04 3.151784e+04 2.998645e+02 4.044808e+04 5.191738e+07
<GCONST> 6.839862e+01
<MIXTURE> 4 1.791267e-01
<MEAN> 6
 9.983138e+01 -3.369054e+02 7.128113e+02 -4.279792e+00 -1.442998e+01 -1.520741e+02
<VARIANCE> 6
 3.171274e+01 1.309607e+04 5.508617e+04 2.998645e+02 4.044808e+04 5.191738e+07
<GCONST> 6.895697e+01
<MIXTURE> 5 5.192705e-02
<MEAN> 6
 1.009232e+02 -3.825348e+02 3.477284e+02 -1.722171e+00 -6.905685e+01 4.744190e+02
<VARIANCE> 6
 1.304029e+02 3.380055e+05 6.943236e+04 3.034143e+02 4.044808e+04 5.191738e+07
<GCONST> 7.386485e+01
<MIXTURE> 6 7.078907e-02
<MEAN> 6
 9.176537e+01 -1.158926e+01 6.028680e+02 -2.789110e+00 4.012911e+00 -1.316648e+02
<VARIANCE> 6
 3.171274e+01 1.309607e+04 1.362684e+04 2.998645e+02 4.044808e+04 5.191738e+07
<GCONST> 6.756012e+01
<MIXTURE> 7 4.567577e-02
<MEAN> 6
 9.469913e+01 -9.266136e+01 1.136440e+03 3.655982e-02 -1.899652e+01 2.028483e+02
<VARIANCE> 6
 3.171274e+01 1.309607e+04 1.362684e+04 2.998645e+02 4.044808e+04 5.191738e+07
<GCONST> 6.756012e+01
<MIXTURE> 8 5.989582e-02
<MEAN> 6
 9.300513e+01 -4.027330e+02 7.766328e+02 -1.021885e+01 1.627602e+01 5.090364e+02
<VARIANCE> 6
 4.471401e+01 1.309607e+04 1.362684e+04 2.998645e+02 4.044808e+04 5.191738e+07
<GCONST> 6.790369e+01
<MIXTURE> 9 5.315595e-02
<MEAN> 6
 9.538638e+01 -1.434849e+02 1.126978e+03 -2.362546e-01 -8.090393e+00 9.614289e+01
<VARIANCE> 6
 3.171274e+01 1.515493e+04 1.362684e+04 2.998645e+02 4.044808e+04 5.191738e+07
<GCONST> 6.770613e+01
<MIXTURE> 10 7.821175e-02
<MEAN> 6
 9.179719e+01 -1.370203e+01 6.024166e+02 -2.809287e+00 4.192959e+00 -1.281062e+02
<VARIANCE> 6
 3.171274e+01 1.309607e+04 1.362684e+04 2.998645e+02 4.044808e+04 5.191738e+07
<GCONST> 6.756012e+01
<MIXTURE> 11 1.234267e-01
<MEAN> 6
 9.594637e+01 1.591539e+02 -4.079334e+02 -1.531700e+00 -1.642943e+01 1.981859e+02
<VARIANCE> 6
 3.171274e+01 2.025700e+04 1.362684e+04 2.998645e+02 4.044808e+04 5.191738e+07
<GCONST> 6.799631e+01
<STATE> 6
<NUMMIXES> 11
<MIXTURE> 1 8.954728e-02
<MEAN> 6
 1.165655e+02 5.542191e+02 1.364150e+03 -3.885325e+00 6.277674e+00 -4.465784e+01
<VARIANCE> 6
 3.255104e+02 1.654056e+05 1.032817e+05 2.998645e+02 4.044808e+04 5.191738e+07
<GCONST> 7.445030e+01
<MIXTURE> 2 1.381866e-01
<MEAN> 6
 7.324686e+01 1.296882e+03 -1.110974e+03 -1.997421e-01 -3.345967e+00 -6.964549e+01
<VARIANCE> 6
 3.171274e+01 1.309607e+04 1.362684e+04 2.998645e+02 4.044808e+04 5.191738e+07
<GCONST> 6.756012e+01
<MIXTURE> 3 8.441898e-02
<MEAN> 6
 7.605506e+01 2.865860e+03 4.224027e+02 -1.173031e+00 -5.368156e+00 -1.070164e+02
<VARIANCE> 6
 3.171274e+01 1.309607e+04 2.598762e+04 2.998645e+02 4.044808e+04 5.191738e+07
<GCONST> 6.820569e+01
<MIXTURE> 4 7.501810e-02
<MEAN> 6
 8.008454e+01 1.377481e+03 4.584394e+02 -1.994190e+00 -2.911180e+00 -1.141339e+02
<VARIANCE> 6
 3.171274e+01 4.841711e+04 1.362684e+04 2.998645e+02 4.044808e+04 5.191738e+07
<GCONST> 6.886766e+01
<MIXTURE> 5 1.072054e-01
<MEAN> 6
 8.196021e+01 2.184324e+03 -2.516510e+02 -1.741574e+00 3.373434e+00 -8.116345e+01
<VARIANCE> 6
 3.171274e+01 3.655099e+05 1.394702e+04 2.998645e+02 4.044808e+04 5.191738e+07
<GCONST> 7.091232e+01
<MIXTURE> 6 6.122450e-02
<MEAN> 6
 8.096809e+01 5.851129e+02 9.718685e+02 -4.295156e+00 5.289871e-01 3.197889e-01
<VARIANCE> 6
 3.171274e+01 1.594640e+04 2.753574e+04 2.998645e+02 4.044808e+04 5.191738e+07
<GCONST> 6.846048e+01
<MIXTURE> 7 1.059605e-01
<MEAN> 6
 8.725259e+01 1.104066e+03 -9.768156e+02 -2.202636e+00 -3.630105e+00 -5.933635e+01
<VARIANCE> 6
 3.460277e+01 1.309607e+04 8.231832e+04 2.998645e+02 4.044808e+04 5.191738e+07
<GCONST> 6.944588e+01
<MIXTURE> 8 8.205247e-02
<MEAN> 6
 7.127609e+01 8.055980e+02 6.949600e+02 -1.582488e-01 3.883274e-01 -7.908581e+01
<VARIANCE> 6
 3.171274e+01 1.164207e+05 1.362684e+04 2.998645e+02 4.044808e+04 5.191738e+07
<GCONST> 6.974501e+01
<MIXTURE> 9 1.105644e-01
<MEAN> 6
 8.273259e+01 6.000621e+02 4.477377e+02 -9.260445e-01 -1.378864e+00 -6.703491e+01
<VARIANCE> 6
 3.171274e+01 1.309607e+04 1.362684e+04 2.998645e+02 4.044808e+04 5.191738e+07
<GCONST> 6.756012e+01
<MIXTURE> 10 6.364202e-02
<MEAN> 6
 8.876247e+01 1.012096e+03 -2.199428e+03 -2.322968e-01 -1.508668e+01 6.015683e+00
<VARIANCE> 6
 3.171274e+01 1.309607e+04 3.318303e+04 2.998645e+02 4.044808e+04 5.191738e+07
<GCONST> 6.845010e+01
<MIXTURE> 11 8.217642e-02
<MEAN> 6
 7.220659e+01 6.036755e+02 6.821032e+02 -7.424780e-01 -5.567852e+00 -1.007426e+02
<VARIANCE> 6
 3.171274e+01 9.772970e+04 1.362684e+04 2.998645e+02 4.044808e+04 5.191738e+07
<GCONST> 6.957001e+01
<STATE> 7
<NUMMIXES> 11
<MIXTURE> 1 1.310867e-01
<MEAN> 6
 8.270608e+01 -1.685123e+02 4.322804e+02 -2.101733e+00 1.099804e+01 -1.541518e+02
<VARIANCE> 6
 3.171274e+01 1.309607e+04 1.362684e+04 2.998645e+02 4.044808e+04 5.191738e+07
<GCONST> 6.756012e+01
<MIXTURE> 2 8.700447e-02
<MEAN> 6
 7.524632e+01 -1.061548e+03 4.903753e+02 2.687199e+00 4.657788e+01 -8.059562e+02
<VARIANCE> 6
 3.171274e+01 2.014738e+04 4.556349e+04 2.998645e+02 4.044808e+04 5.191738e+07
<GCONST> 6.919794e+01
<MIXTURE> 3 1.111444e-01
<MEAN> 6
 7.225205e+01 -6.421160e+02 -1.955969e+02 -4.766539e+00 -2.432875e+01 6.876805e+01
<VARIANCE> 6
 3.171274e+01 1.309607e+04 1.362684e+04 2.998645e+02 4.044808e+04 5.191738e+07
<GCONST> 6.756012e+01
<MIXTURE> 4 9.003819e-02
<MEAN> 6
 7.283754e+01 -8.675620e+02 -5.620197e+02 -4.250446e+00 2.981221e-01 -2.070727e+02
<VARIANCE> 6
 3.171274e+01 1.309607e+04 1.362684e+04 2.998645e+02 4.044808e+04 5.191738e+07
<GCONST> 6.756012e+01
<MIXTURE> 5 1.118709e-01
<MEAN> 6
 8.737492e+01 -5.695504e+02 3.181413e+02 -2.611821e+00 -1.041679e+01 1.091342e+02
<VARIANCE> 6
 3.171274e+01 3.399638e+04 1.362684e+04 2.998645e+02 4.044808e+04 5.191738e+07
<GCONST> 6.851405e+01
<MIXTURE> 6 7.504164e-02
<MEAN> 6
 7.335696e+01 -8.017687e+02 -1.973616e+02 -3.752227e+00 -9.018930e+00 1.864207e+02
<VARIANCE> 6
 3.171274e+01 1.309607e+04 1.362684e+04 2.998645e+02 4.044808e+04 5.191738e+07
<GCONST> 6.756012e+01
<MIXTURE> 7 1.353257e-01
<MEAN> 6
 7.571770e+01 -1.047459e+03 1.169164e+02 6.078578e-01 -9.192787e+00 -5.138284e+01
<VARIANCE> 6
 3.171274e+01 1.309607e+04 4.184043e+04 2.998645e+02 4.044808e+04 5.191738e+07
<GCONST> 6.868193e+01
<MIXTURE> 8 3.502143e-03
<MEAN> 6
 7.994025e+01 3.076247e+01 -1.339906e+00 2.042287e+00 -1.737165e+02 -4.039798e+03
<VARIANCE> 6
 3.316013e+02 1.753322e+06 5.847478e+05 8.998441e+02 1.144029e+05 6.523798e+07
<GCONST> 8.093041e+01
<MIXTURE> 9 8.564054e-02
<MEAN> 6
 7.379655e+01 -8.366962e+02 -1.961669e+02 -3.357314e+00 -4.968237e+00 2.650949e+02
<VARIANCE> 6
 3.171274e+01 1.309607e+04 1.362684e+04 2.998645e+02 4.044808e+04 5.191738e+07
<GCONST> 6.756012e+01
<MIXTURE> 10 9.595515e-02
<MEAN> 6
 8.324767e+01 -4.462758e+02 -4.047979e+01 -2.404452e+00 -2.204059e+00 -3.883033e+02
<VARIANCE> 6
 3.171274e+01 1.309607e+04 1.362684e+04 2.998645e+02 4.044808e+04 5.191738e+07
<GCONST> 6.756012e+01
<MIXTURE> 11 7.336166e-02
<MEAN> 6
 7.622826e+01 -9.732178e+02 -6.200140e+02 -3.633073e+00 5.014241e+00 -3.193665e-02
<VARIANCE> 6
 3.171274e+01 3.410074e+04 1.362684e+04 2.998645e+02 4.044808e+04 5.191738e+07
<GCONST> 6.851712e+01
<STATE> 8
<NUMMIXES> 11
<MIXTURE> 1 8.994977e-02
<MEAN> 6
 1.162119e+02 -4.872364e+02 2.608965e+03 -1.026947e+00 8.836510e-01 -2.125719e+01
<VARIANCE> 6
 3.171274e+01 1.309607e+04 1.362684e+04 2.998645e+02 4.044808e+04 5.191738e+07
<GCONST> 6.756012e+01
<MIXTURE> 2 1.316145e-01
<MEAN> 6
 6.463872e+01 4.649257e+02 2.128653e+02 -6.495451e+01 -5.141442e+02 -1.157529e+03
<VARIANCE> 6
 7.569151e+01 1.784446e+06 1.160094e+05 1.316799e+03 4.044808e+04 5.191738e+07
<GCONST> 7.696587e+01
<MIXTURE> 3 1.273766e-01
<MEAN> 6
 1.185759e+02 -4.583578e+02 2.261729e+03 -1.399033e+00 3.667598e+00 -4.561769e+02
<VARIANCE> 6
 3.171274e+01 1.309607e+04 1.362684e+04 2.998645e+02 4.044808e+04 5.191738e+07
<GCONST> 6.756012e+01
<MIXTURE> 4 3.796422e-02
<MEAN> 6
 8.753806e+01 -4.990784e+01 1.997586e+03 7.229633e+01 -6.709107e+02 2.176488e+03
<VARIANCE> 6
 3.538018e+01 1.372562e+04 1.362684e+04 3.434014e+03 6.205847e+04 5.191738e+07
<GCONST> 7.058271e+01
<MIXTURE> 5 4.461494e-02
<MEAN> 6
 1.165378e+02 -4.802574e+02 2.559977e+03 -1.206290e+00 6.988113e-01 -3.251220e+01
<VARIANCE> 6
 3.171274e+01 1.309607e+04 1.362684e+04 2.998645e+02 4.044808e+04 5.191738e+07
<GCONST> 6.756012e+01
<MIXTURE> 6 8.827174e-02
<MEAN> 6
 8.576836e+01 -4.938951e+02 2.030474e+03 -5.301061e+00 -3.127931e+00 1.557691e+02
<VARIANCE> 6
 3.171274e+01 1.309607e+04 1.362684e+04 2.998645e+02 4.044808e+04 5.191738e+07
<GCONST> 6.756012e+01
<MIXTURE> 7 8.740275e-02
<MEAN> 6
 8.561629e+01 -5.002563e+02 2.032461e+03 -5.106123e+00 -1.773226e+00 1.373979e+02
<VARIANCE> 6
 3.171274e+01 1.309607e+04 1.362684e+04 2.998645e+02 4.044808e+04 5.191738e+07
<GCONST> 6.756012e+01
<MIXTURE> 8 1.270149e-01
<MEAN> 6
 1.185751e+02 -4.584989e+02 2.261911e+03 -1.397001e+00 3.687395e+00 -4.582864e+02
<VARIANCE> 6
 3.171274e+01 1.309607e+04 1.362684e+04 2.998645e+02 4.044808e+04 5.191738e+07
<GCONST> 6.756012e+01
<MIXTURE> 9 8.997493e-02
<MEAN> 6
 1.162152e+02 -4.871482e+02 2.608440e+03 -1.029403e+00 8.822547e-01 -2.128638e+01
<VARIANCE> 6
 3.171274e+01 1.309607e+04 1.362684e+04 2.998645e+02 4.044808e+04 5.191738e+07
<GCONST> 6.756012e+01
<MIXTURE> 10 8.810794e-02
<MEAN> 6
 8.493716e+01 -5.279093e+02 2.042699e+03 -4.328948e+00 2.521375e+00 7.053798e+01
<VARIANCE> 6
 3.171274e+01 1.309607e+04 1.362684e+04 2.998645e+02 4.044808e+04 5.191738e+07
<GCONST> 6.756012e+01
<MIXTURE> 11 8.770670e-02
<MEAN> 6
 8.485947e+01 -5.309624e+02 2.044019e+03 -4.254877e+00 2.826213e+00 6.478114e+01
<VARIANCE> 6
 3.171274e+01 1.309607e+04 1.362684e+04 2.998645e+02 4.044808e+04 5.191738e+07
<GCONST> 6.756012e+01
<STATE> 9
<NUMMIXES> 11
<MIXTURE> 1 7.257856e-02
<MEAN> 6
 1.148749e+02 -1.041155e+02 -4.529130e+02 -4.201656e+00 4.463180e-01 -1.114459e+02
<VARIANCE> 6
 3.171274e+01 1.180631e+05 1.362684e+04 2.998645e+02 4.044808e+04 5.191738e+07
<GCONST> 6.975902e+01
<MIXTURE> 2 1.255307e-01
<MEAN> 6
 5.692946e+01 -1.268976e+03 -5.566947e+02 3.926487e+00 -6.450839e+00 -9.722027e+00
<VARIANCE> 6
 3.171274e+01 5.085693e+04 2.178666e+04 2.998645e+02 4.044808e+04 5.191738e+07
<GCONST> 6.938608e+01
<MIXTURE> 3 1.035553e-01
<MEAN> 6
 9.637044e+01 -4.017964e+02 -5.344807e+02 -3.103181e-01 -6.670271e+00 -1.207391e+02
<VARIANCE> 6
 3.171274e+01 1.309607e+04 1.362684e+04 2.998645e+02 4.044808e+04 5.191738e+07
<GCONST> 6.756012e+01
<MIXTURE> 4 8.565908e-02
<MEAN> 6
 8.454980e+01 6.786163e+02 -5.932570e+02 -1.575749e+00 1.043143e+00 4.469600e+01
<VARIANCE> 6
 3.171274e+01 4.745265e+04 1.362684e+04 2.998645e+02 4.044808e+04 5.191738e+07
<GCONST> 6.884753e+01
<MIXTURE> 5 1.313342e-01
<MEAN> 6
 8.363018e+01 8.104964e+01 -7.558442e+02 -6.211003e-01 5.984271e-01 -1.461804e+02
<VARIANCE> 6
 3.171274e+01 2.541536e+04 1.362684e+04 2.998645e+02 4.044808e+04 5.191738e+07
<GCONST> 6.822316e+01
<MIXTURE> 6 8.350295e-02
<MEAN> 6
 9.318174e+01 -5.525503e+02 -5.365273e+02 1.553370e+00 -4.961882e+00 -1.809165e+02
<VARIANCE> 6
 3.171274e+01 1.309607e+04 1.362684e+04 2.998645e+02 4.044808e+04 5.191738e+07
<GCONST> 6.756012e+01
<MIXTURE> 7 4.023572e-02
<MEAN> 6
 7.087312e+01 4.371373e+02 -9.388586e+02 -5.355937e+00 -6.747049e+00 -1.972229e+02
<VARIANCE> 6
 3.171274e+01 1.288585e+05 1.587419e+05 2.998645e+02 4.044808e+04 5.191738e+07
<GCONST> 7.230176e+01
<MIXTURE> 8 1.387634e-01
<MEAN> 6
 8.857595e+01 2.659859e+02 -6.687514e+02 -1.311365e+00 6.415524e+00 -1.363198e+02
<VARIANCE> 6
 7.433485e+01 1.309607e+04 1.362684e+04 2.998645e+02 4.044808e+04 5.191738e+07
<GCONST> 6.841197e+01
<MIXTURE> 9 6.631286e-02
<MEAN> 6
 7.777658e+01 -1.811426e+03 -7.949575e+02 8.221925e-01 -3.602203e+00 -2.190000e+02
<VARIANCE> 6
 3.171274e+01 3.685240e+04 1.362684e+04 2.998645e+02 4.044808e+04 5.191738e+07
<GCONST> 6.859473e+01
<MIXTURE> 10 6.871375e-02
<MEAN> 6
 7.422639e+01 -3.005492e+02 -6.147787e+02 4.227133e-01 -7.346218e+00 -1.098261e+02
<VARIANCE> 6
 3.171274e+01 1.309607e+04 1.362684e+04 2.998645e+02 4.044808e+04 5.191738e+07
<GCONST> 6.756012e+01
<MIXTURE> 11 8.379349e-02
<MEAN> 6
 9.287039e+01 -5.629424e+02 -5.372411e+02 1.638147e+00 -3.360584e+00 -1.747491e+02
<VARIANCE> 6
 3.171274e+01 1.309607e+04 1.362684e+04 2.998645e+02 4.044808e+04 5.191738e+07
<GCONST> 6.756012e+01
<STATE> 10
<NUMMIXES> 11
<MIXTURE> 1 4.912541e-02
<MEAN> 6
 7.546380e+01 2.362176e+01 -2.514391e+02 -1.860878e+01 -8.790609e+02 -1.872744e+04
<VARIANCE> 6
 1.260836e+02 5.264632e+05 2.099172e+05 4.623976e+02 9.085501e+04 7.233032e+07
<GCONST> 7.694281e+01
<MIXTURE> 2 8.477491e-02
<MEAN> 6
 6.538215e+01 9.242719e+02 -1.426375e+02 -2.839606e-01 8.881155e-02 -1.235489e+02
<VARIANCE> 6
 3.171274e+01 1.309607e+04 1.362684e+04 2.998645e+02 4.044808e+04 5.191738e+07
<GCONST> 6.756012e+01
<MIXTURE> 3 1.256064e-01
<MEAN> 6
 6.216090e+01 5.286285e+02 -8.067903e+01 -1.725828e+00 -5.834122e+00 -2.469210e+02
<VARIANCE> 6
 3.171274e+01 1.309607e+04 1.362684e+04 2.998645e+02 4.044808e+04 5.191738e+07
<GCONST> 6.756012e+01
<MIXTURE> 4 1.386568e-01
<MEAN> 6
 5.395161e+01 4.139514e+02 -2.303327e+02 8.038732e-01 -2.503871e+00 -1.350848e+02
<VARIANCE> 6
 3.171274e+01 1.309607e+04 1.362684e+04 2.998645e+02 4.044808e+04 5.191738e+07
<GCONST> 6.756012e+01
<MIXTURE> 5 8.400856e-02
<MEAN> 6
 6.538313e+01 9.236932e+02 -1.427238e+02 -2.875507e-01 5.869354e-02 -1.235409e+02
<VARIANCE> 6
 3.171274e+01 1.309607e+04 1.362684e+04 2.998645e+02 4.044808e+04 5.191738e+07
<GCONST> 6.756012e+01
<MIXTURE> 6 6.532428e-02
<MEAN> 6
 5.412231e+01 4.159500e+02 -2.247536e+02 7.755352e-01 -2.616358e+00 -1.373628e+02
<VARIANCE> 6
 3.171274e+01 1.309607e+04 1.362684e+04 2.998645e+02 4.044808e+04 5.191738e+07
<GCONST> 6.756012e+01
<MIXTURE> 7 1.088252e-01
<MEAN> 6
 6.816168e+01 4.706799e+02 -2.062702e+02 2.409475e-01 -2.493775e+00 -1.651268e+02
<VARIANCE> 6
 3.171274e+01 1.309607e+04 1.362684e+04 2.998645e+02 4.044808e+04 5.191738e+07
<GCONST> 6.756012e+01
<MIXTURE> 8 8.653004e-02
<MEAN> 6
 6.540154e+01 9.108768e+02 -1.443348e+02 -3.685194e-01 -5.886495e-01 -1.247823e+02
<VARIANCE> 6
 3.171274e+01 1.309607e+04 1.362684e+04 2.998645e+02 4.044808e+04 5.191738e+07
<GCONST> 6.756012e+01
<MIXTURE> 9 8.327737e-02
<MEAN> 6
 6.541460e+01 8.976680e+02 -1.454414e+02 -4.549306e-01 -1.229429e+00 -1.288869e+02
<VARIANCE> 6
 3.171274e+01 1.312778e+04 1.362684e+04 2.998645e+02 4.044808e+04 5.191738e+07
<GCONST> 6.756253e+01
<MIXTURE> 10 1.075175e-01
<MEAN> 6
 6.818832e+01 4.667241e+02 -2.095065e+02 2.217208e-01 -2.304569e+00 -1.589275e+02
<VARIANCE> 6
 3.171274e+01 1.309607e+04 1.362684e+04 2.998645e+02 4.044808e+04 5.191738e+07
<GCONST> 6.756012e+01
<MIXTURE> 11 6.633727e-02
<MEAN> 6
 5.392245e+01 4.118194e+02 -2.321936e+02 8.207595e-01 -2.611805e+00 -1.369358e+02
<VARIANCE> 6
 3.171274e+01 1.309607e+04 1.362684e+04 2.998645e+02 4.044808e+04 5.191738e+07
<GCONST> 6.756012e+01
<STATE> 11
<NUMMIXES> 11
<MIXTURE> 1 6.909528e-02
<MEAN> 6
 9.873579e+01 7.976296e+02 2.702759e+02 -4.677668e+00 -2.639006e+00 -8.648292e-01
<VARIANCE> 6
 3.171274e+01 1.309607e+04 1.362684e+04 2.998645e+02 4.044808e+04 5.191738e+07
<GCONST> 6.756012e+01
<MIXTURE> 2 7.485115e-02
<MEAN> 6
 9.497938e+01 1.886292e+02 9.905347e+01 -3.185049e+00 -3.655775e+01 1.407057e+02
<VARIANCE> 6
 3.171274e+01 1.309607e+04 1.414485e+04 2.998645e+02 4.044808e+04 5.191738e+07
<GCONST> 6.759743e+01
<MIXTURE> 3 6.309945e-02
<MEAN> 6
 9.576099e+01 -7.090544e+02 -3.563671e+01 7.761301e-02 -5.151436e+00 -8.321998e+01
<VARIANCE> 6
 3.171274e+01 1.294938e+05 1.362684e+04 2.998645e+02 4.044808e+04 5.191738e+07
<GCONST> 6.985144e+01
<MIXTURE> 4 1.544761e-01
<MEAN> 6
 8.740195e+01 3.041445e+02 4.018883e+02 1.909461e+00 -8.569705e+00 5.246658e+01
<VARIANCE> 6
 3.171274e+01 1.309607e+04 1.362684e+04 2.998645e+02 4.044808e+04 5.191738e+07
<GCONST> 6.756012e+01
<MIXTURE> 5 9.349529e-02
<MEAN> 6
 9.072439e+01 7.732472e+02 1.504486e+02 -2.226323e+00 -2.271267e+00 -1.552976e+02
<VARIANCE> 6
 3.171274e+01 7.418750e+04 1.362684e+04 2.998645e+02 4.044808e+04 5.191738e+07
<GCONST> 6.929440e+01
<MIXTURE> 6 8.883989e-02
<MEAN> 6
 9.289476e+01 -9.931561e+01 6.605245e+01 4.706969e-02 2.799698e+00 -1.598116e+02
<VARIANCE> 6
 3.171274e+01 1.309607e+04 1.362684e+04 2.998645e+02 4.044808e+04 5.191738e+07
<GCONST> 6.756012e+01
<MIXTURE> 7 5.672925e-02
<MEAN> 6
 8.352238e+01 5.947226e+01 4.640865e+02 -3.711244e+00 6.918531e+00 -9.091389e+01
<VARIANCE> 6
 3.171274e+01 1.309607e+04 1.362684e+04 2.998645e+02 4.044808e+04 5.191738e+07
<GCONST> 6.756012e+01
<MIXTURE> 8 7.262403e-02
<MEAN> 6
 9.302684e+01 3.861288e+01 8.736147e+00 -9.539001e-01 1.913121e+01 -1.970412e+02
<VARIANCE> 6
 3.171274e+01 2.184406e+04 1.705199e+04 2.998645e+02 4.044808e+04 5.191738e+07
<GCONST> 6.829596e+01
<MIXTURE> 9 1.396253e-01
<MEAN> 6
 9.181736e+01 -7.995133e+01 -3.070670e+01 -5.115718e-01 -1.026551e+00 -1.576631e+02
<VARIANCE> 6
 3.171274e+01 1.309607e+04 2.476376e+04 2.998645e+02 4.044808e+04 5.191738e+07
<GCONST> 6.815746e+01
<MIXTURE> 10 1.020101e-01
<MEAN> 6
 9.268123e+01 7.879355e+02 1.780312e+02 -2.834638e+00 1.274370e+00 -2.048438e+01
<VARIANCE> 6
 3.171274e+01 1.309607e+04 1.362684e+04 2.998645e+02 4.044808e+04 5.191738e+07
<GCONST> 6.756012e+01
<MIXTURE> 11 8.513276e-02
<MEAN> 6
 9.279912e+01 -1.021558e+02 -3.655608e+00 -2.800197e-01 2.646080e+00 -1.231858e+02
<VARIANCE> 6
 3.171274e+01 1.309607e+04 1.740253e+04 2.998645e+02 4.044808e+04 5.191738e+07
<GCONST> 6.780469e+01
<STATE> 12
<NUMMIXES> 11
<MIXTURE> 1 1.357610e-01
<MEAN> 6
 7.900848e+01 3.250026e+02 6.782002e+01 1.151533e+00 -1.136905e+00 8.560786e+01
<VARIANCE> 6
 3.171274e+01 1.309607e+04 1.362684e+04 2.998645e+02 4.044808e+04 5.191738e+07
<GCONST> 6.756012e+01
<MIXTURE> 2 2.109601e-02
<MEAN> 6
 7.193138e+01 2.789974e+02 2.086573e+02 5.963684e-01 -7.836868e-01 -1.217843e+02
<VARIANCE> 6
 3.171274e+01 1.771038e+05 1.373158e+04 2.998645e+02 4.044808e+04 5.191738e+07
<GCONST> 7.017220e+01
<MIXTURE> 3 9.926777e-02
<MEAN> 6
 7.464455e+01 4.774440e+01 1.649562e+02 -9.361978e-01 -5.730815e+00 -1.005944e+02
<VARIANCE> 6
 3.171274e+01 1.309607e+04 1.362684e+04 2.998645e+02 4.044808e+04 5.191738e+07
<GCONST> 6.756012e+01
<MIXTURE> 4 6.631094e-02
<MEAN> 6
 6.688694e+01 -6.783207e+01 1.702195e+02 5.678204e-01 -3.393163e+00 -1.148922e+02
<VARIANCE> 6
 3.171274e+01 1.309607e+04 6.756236e+04 2.998645e+02 4.044808e+04 5.191738e+07
<GCONST> 6.916112e+01
<MIXTURE> 5 1.178695e-01
<MEAN> 6
 6.932209e+01 -1.260052e+02 1.585488e+02 1.186071e+00 3.467185e+00 -1.526145e+02
<VARIANCE> 6
 3.171274e+01 1.309607e+04 1.362684e+04 2.998645e+02 4.044808e+04 5.191738e+07
<GCONST> 6.756012e+01
<MIXTURE> 6 7.785571e-02
<MEAN> 6
 8.397534e+01 8.346604e+01 -3.910399e+01 5.232401e-02 -1.144214e+01 -2.158884e+02
<VARIANCE> 6
 3.171274e+01 1.309607e+04 1.362684e+04 2.998645e+02 4.044808e+04 5.191738e+07
<GCONST> 6.756012e+01
<MIXTURE> 7 9.435844e-02
<MEAN> 6
 7.445332e+01 4.380085e+01 1.661592e+02 -8.790458e-01 -5.222886e+00 -1.049142e+02
<VARIANCE> 6
 3.171274e+01 1.309607e+04 1.362684e+04 2.998645e+02 4.044808e+04 5.191738e+07
<GCONST> 6.756012e+01
<MIXTURE> 8 1.260355e-01
<MEAN> 6
 6.941719e+01 -1.524361e+02 1.376666e+02 1.204459e+00 3.246720e+00 -1.668151e+02
<VARIANCE> 6
 3.171274e+01 1.309607e+04 1.362684e+04 2.998645e+02 4.044808e+04 5.191738e+07
<GCONST> 6.756012e+01
<MIXTURE> 9 9.863507e-02
<MEAN> 6
 7.384126e+01 2.970684e+01 1.691906e+02 -6.635764e-01 -3.823282e+00 -1.214564e+02
<VARIANCE> 6
 3.171274e+01 1.309607e+04 1.362684e+04 2.998645e+02 4.044808e+04 5.191738e+07
<GCONST> 6.756012e+01
<MIXTURE> 10 9.300334e-02
<MEAN> 6
 7.321567e+01 1.550102e+01 1.719991e+02 -4.385951e-01 -2.644671e+00 -1.343499e+02
<VARIANCE> 6
 3.171274e+01 1.309607e+04 1.362684e+04 2.998645e+02 4.044808e+04 5.191738e+07
<GCONST> 6.756012e+01
<MIXTURE> 11 6.979152e-02
<MEAN> 6
 6.748108e+01 -1.839405e+02 -3.884645e+01 6.416296e-01 5.916575e+00 -2.107723e+02
<VARIANCE> 6
 3.171274e+01 1.309607e+04 3.232383e+04 2.998645e+02 4.044808e+04 5.191738e+07
<GCONST> 6.842387e+01
<STATE> 13
<NUMMIXES> 11
<MIXTURE> 1 8.300706e-02
<MEAN> 6
 1.257540e+02 -1.961795e+03 4.911209e+01 -4.272377e+01 -1.472214e+02 -1.027516e+03
<VARIANCE> 6
 4.981610e+02 8.279162e+05 4.183891e+04 3.306817e+02 1.168444e+05 5.191738e+07
<GCONST> 7.674135e+01
<MIXTURE> 2 8.138429e-02
<MEAN> 6
 8.255747e+01 -8.783721e+03 2.064014e+03 -1.104504e+01 -1.008586e+01 4.936488e+02
<VARIANCE> 6
 3.171274e+01 1.309607e+04 1.406255e+04 2.998645e+02 4.044808e+04 5.191738e+07
<GCONST> 6.759158e+01
<MIXTURE> 3 7.059582e-02
<MEAN> 6
 9.876734e+01 -3.430398e+03 -2.005795e+01 -3.355884e+00 2.019960e+01 -6.724879e+01
<VARIANCE> 6
 3.171274e+01 9.446951e+04 1.362684e+04 2.998645e+02 4.044808e+04 5.191738e+07
<GCONST> 6.953607e+01
<MIXTURE> 4 7.979496e-02
<MEAN> 6
 9.517944e+01 -1.867447e+03 -2.231433e+02 -4.757720e+00 -1.066951e+01 -5.946061e+02
<VARIANCE> 6
 3.171274e+01 5.178077e+04 1.362684e+04 2.998645e+02 4.044808e+04 5.191738e+07
<GCONST> 6.893481e+01
<MIXTURE> 5 8.925784e-02
<MEAN> 6
 7.322243e+01 -9.013425e+03 1.612370e+03 -1.976023e+00 4.557141e+00 1.781861e+01
<VARIANCE> 6
 3.171274e+01 1.309607e+04 4.901133e+04 2.998645e+02 4.044808e+04 5.191738e+07
<GCONST> 6.884012e+01
<MIXTURE> 6 1.045805e-01
<MEAN> 6
 1.017151e+02 -2.624736e+03 -2.336230e+02 -3.500810e+00 -2.091652e+01 -2.999617e+02
<VARIANCE> 6
 3.171274e+01 6.952392e+04 1.362684e+04 2.998645e+02 4.044808e+04 5.191738e+07
<GCONST> 6.922948e+01
<MIXTURE> 7 1.141071e-01
<MEAN> 6
 7.331079e+01 -8.855871e+03 1.001443e+03 1.047172e+00 -2.110500e+01 -6.680513e+02
<VARIANCE> 6
 3.171274e+01 1.309607e+04 1.362684e+04 2.998645e+02 4.044808e+04 5.191738e+07
<GCONST> 6.756012e+01
<MIXTURE> 8 1.253062e-01
<MEAN> 6
 9.910654e+01 -4.041676e+03 1.536930e+01 -2.630413e+00 2.397177e+00 1.299475e+01
<VARIANCE> 6
 3.171274e+01 1.309607e+04 1.362684e+04 2.998645e+02 4.044808e+04 5.191738e+07
<GCONST> 6.756012e+01
<MIXTURE> 9 9.093254e-02
<MEAN> 6
 1.037267e+02 -3.054319e+03 -2.621970e+02 -6.380880e-01 -3.877536e+00 -1.266916e+02
<VARIANCE> 6
 3.171274e+01 3.241934e+04 1.362684e+04 2.998645e+02 4.044808e+04 5.191738e+07
<GCONST> 6.846655e+01
<MIXTURE> 10 9.065178e-02
<MEAN> 6
 7.297701e+01 -9.043873e+03 1.406569e+03 -3.890592e-01 1.969529e-01 -2.771841e+01
<VARIANCE> 6
 3.171274e+01 1.309607e+04 4.149861e+04 2.998645e+02 4.044808e+04 5.191738e+07
<GCONST> 6.867374e+01
<MIXTURE> 11 7.037756e-02
<MEAN> 6
 9.906547e+01 -3.542244e+03 -1.080865e+01 -4.201341e+00 2.226223e+01 -6.398118e+01
<VARIANCE> 6
 3.171274e+01 8.057297e+04 1.362684e+04 2.998645e+02 4.044808e+04 5.191738e+07
<GCONST> 6.937697e+01
<STATE> 14
<NUMMIXES> 11
<MIXTURE> 1 1.027401e-02
<MEAN> 6
 4.969155e+00 -4.068051e+02 -1.509319e+02 -3.252140e+01 -3.527617e+02 9.892541e+03
<VARIANCE> 6
 7.533780e+03 2.632433e+07 1.196255e+06 8.420904e+05 4.443803e+08 6.422854e+11
<GCONST> 1.117793e+02
<MIXTURE> 2 1.039452e-01
<MEAN> 6
 1.332703e+01 8.073421e+01 2.098855e+01 2.612025e+02 1.601361e+02 -4.812705e+03
<VARIANCE> 6
 6.588019e+02 2.325959e+05 6.296442e+04 7.069727e+03 2.636315e+05 8.338669e+07
<GCONST> 8.050996e+01
<MIXTURE> 3 8.837394e-02
<MEAN> 6
 4.204242e+01 1.330221e+02 -1.837248e+01 -3.846506e+00 -2.749940e+02 -1.569692e+03
<VARIANCE> 6
 5.371864e+03 1.408656e+06 9.194904e+05 6.313483e+04 4.679210e+06 2.473281e+09
<GCONST> 9.554639e+01
<MIXTURE> 4 3.534990e-02
<MEAN> 6
 1.073331e+02 5.689852e+02 7.975850e+01 -9.295012e+00 -3.274286e+01 -3.678629e+02
<VARIANCE> 6
 1.162744e+02 7.344474e+06 3.824587e+05 2.998645e+02 4.044808e+04 5.191738e+07
<GCONST> 7.852332e+01
<MIXTURE> 5 9.676063e-02
<MEAN> 6
 -1.194932e+01 1.162382e+01 1.767348e+01 -2.774282e+02 7.880510e+02 9.139635e+03
<VARIANCE> 6
 7.929565e+02 1.248852e+05 7.569523e+04 1.249145e+04 1.515654e+06 5.851192e+08
<GCONST> 8.452413e+01
<MIXTURE> 6 8.322145e-02
<MEAN> 6
 7.131905e+01 1.425472e+02 5.210830e+01 3.076213e+01 -4.004091e+02 1.402856e+02
<VARIANCE> 6
 7.391113e+02 2.292937e+05 1.103956e+05 3.109531e+04 1.616854e+05 5.191738e+07
<GCONST> 8.169067e+01
<MIXTURE> 7 1.376480e-01
<MEAN> 6
 -4.553045e+01 3.621414e+01 4.679962e+00 6.085783e+01 9.773489e+02 -1.390290e+03
<VARIANCE> 6
 2.500960e+02 2.143959e+05 8.736641e+04 1.732785e+04 3.087662e+05 1.253672e+08
<GCONST> 8.124972e+01
<MIXTURE> 8 1.304030e-01
<MEAN> 6
 8.380617e+01 -2.702625e+00 2.840922e+01 -2.318653e+01 -9.376939e+02 -9.627512e+02
<VARIANCE> 6
 5.684806e+02 1.219589e+05 5.313759e+04 3.612346e+04 7.777411e+05 3.327878e+08
<GCONST> 8.364417e+01
<MIXTURE> 9 1.390752e-01
<MEAN> 6
 9.289305e+01 -1.216655e+02 -7.318533e+01 -4.363199e+00 -2.739757e+01 -2.662572e+02
<VARIANCE> 6
 2.761281e+02 3.113187e+05 9.779342e+04 2.998645e+02 4.044808e+04 5.191738e+07
<GCONST> 7.486359e+01
<MIXTURE> 10 8.949818e-02
<MEAN> 6
 -5.588093e+01 8.103290e+01 2.964536e+00 6.542174e+00 2.092547e+02 4.188785e+02
<VARIANCE> 6
 2.759373e+02 3.064743e+05 1.378871e+05 9.300794e+02 9.187063e+04 5.191738e+07
<GCONST> 7.714308e+01
<MIXTURE> 11 8.453539e-02
<MEAN> 6
 6.806156e+01 -1.666730e+02 1.476025e+01 -7.841107e+01 -6.644892e+02 5.481706e+01
<VARIANCE> 6
 8.338532e+02 3.832217e+05 2.526701e+05 3.816458e+04 2.327565e+05 6.148158e+07
<GCONST> 8.389119e+01
<TRANSP> 15
 0.000000e+00 1.000000e+00 0.000000e+00 0.000000e+00 0.000000e+00 0.000000e+00 0.000000e+00 0.000000e+00 0.000000e+00 0.000000e+00 0.000000e+00 0.000000e+00 0.000000e+00 0.000000e+00 0.000000e+00
 0.000000e+00 9.998263e-01 1.736585e-04 0.000000e+00 0.000000e+00 0.000000e+00 0.000000e+00 0.000000e+00 0.000000e+00 0.000000e+00 0.000000e+00 0.000000e+00 0.000000e+00 0.000000e+00 0.000000e+00
 0.000000e+00 0.000000e+00 9.982337e-01 1.766304e-03 0.000000e+00 0.000000e+00 0.000000e+00 0.000000e+00 0.000000e+00 0.000000e+00 0.000000e+00 0.000000e+00 0.000000e+00 0.000000e+00 0.000000e+00
 0.000000e+00 0.000000e+00 0.000000e+00 9.964647e-01 3.535360e-03 0.000000e+00 0.000000e+00 0.000000e+00 0.000000e+00 0.000000e+00 0.000000e+00 0.000000e+00 0.000000e+00 0.000000e+00 0.000000e+00
 0.000000e+00 0.000000e+00 0.000000e+00 0.000000e+00 9.960598e-01 3.940254e-03 0.000000e+00 0.000000e+00 0.000000e+00 0.000000e+00 0.000000e+00 0.000000e+00 0.000000e+00 0.000000e+00 0.000000e+00
 0.000000e+00 0.000000e+00 0.000000e+00 0.000000e+00 0.000000e+00 9.982287e-01 1.771218e-03 0.000000e+00 0.000000e+00 0.000000e+00 0.000000e+00 0.000000e+00 0.000000e+00 0.000000e+00 0.000000e+00
 0.000000e+00 0.000000e+00 0.000000e+00 0.000000e+00 0.000000e+00 0.000000e+00 9.954953e-01 4.504647e-03 0.000000e+00 0.000000e+00 0.000000e+00 0.000000e+00 0.000000e+00 0.000000e+00 0.000000e+00
 0.000000e+00 0.000000e+00 0.000000e+00 0.000000e+00 0.000000e+00 0.000000e+00 0.000000e+00 9.864300e-01 1.356998e-02 0.000000e+00 0.000000e+00 0.000000e+00 0.000000e+00 0.000000e+00 0.000000e+00
 0.000000e+00 0.000000e+00 0.000000e+00 0.000000e+00 0.000000e+00 0.000000e+00 0.000000e+00 0.000000e+00 9.976053e-01 2.394722e-03 0.000000e+00 0.000000e+00 0.000000e+00 0.000000e+00 0.000000e+00
 0.000000e+00 0.000000e+00 0.000000e+00 0.000000e+00 0.000000e+00 0.000000e+00 0.000000e+00 0.000000e+00 0.000000e+00 9.959525e-01 4.047404e-03 0.000000e+00 0.000000e+00 0.000000e+00 0.000000e+00
 0.000000e+00 0.000000e+00 0.000000e+00 0.000000e+00 0.000000e+00 0.000000e+00 0.000000e+00 0.000000e+00 0.000000e+00 0.000000e+00 9.972652e-01 2.734745e-03 0.000000e+00 0.000000e+00 0.000000e+00
 0.000000e+00 0.000000e+00 0.000000e+00 0.000000e+00 0.000000e+00 0.000000e+00 0.000000e+00 0.000000e+00 0.000000e+00 0.000000e+00 0.000000e+00 9.983689e-01 1.631130e-03 0.000000e+00 0.000000e+00
 0.000000e+00 0.000000e+00 0.000000e+00 0.000000e+00 0.000000e+00 0.000000e+00 0.000000e+00 0.000000e+00 0.000000e+00 0.000000e+00 0.000000e+00 0.000000e+00 9.934142e-01 6.585713e-03 0.000000e+00
 0.000000e+00 0.000000e+00 0.000000e+00 0.000000e+00 0.000000e+00 0.000000e+00 0.000000e+00 0.000000e+00 0.000000e+00 0.000000e+00 0.000000e+00 0.000000e+00 0.000000e+00 9.999413e-01 5.868663e-05
 0.000000e+00 0.000000e+00 0.000000e+00 0.000000e+00 0.000000e+00 0.000000e+00 0.000000e+00 0.000000e+00 0.000000e+00 0.000000e+00 0.000000e+00 0.000000e+00 0.000000e+00 0.000000e+00 0.000000e+00
<ENDHMM>
~h "SegundoESO"
<BEGINHMM>
<NUMSTATES> 15
<STATE> 2
<NUMMIXES> 11
<MIXTURE> 1 9.216670e-02
<MEAN> 6
 7.270100e+01 5.650812e+03 1.507643e+03 -6.448381e-01 -3.549293e+00 -1.107225e+02
<VARIANCE> 6
 3.171274e+01 5.087233e+07 1.229272e+07 2.998645e+02 4.044808e+04 5.191738e+07
<GCONST> 8.262959e+01
<MIXTURE> 2 7.809722e-02
<MEAN> 6
 7.741043e+01 1.425011e+03 1.268583e+03 -2.004115e+00 8.403372e+00 -1.335615e+02
<VARIANCE> 6
 3.171274e+01 7.583702e+05 2.342930e+05 2.998645e+02 4.044808e+04 5.191738e+07
<GCONST> 7.446350e+01
<MIXTURE> 3 1.196814e-01
<MEAN> 6
 5.674331e+01 4.776763e+02 -3.763479e+03 1.215081e+00 4.301789e-01 -4.808700e+01
<VARIANCE> 6
 3.171274e+01 6.599666e+04 1.319099e+06 2.998645e+02 4.044808e+04 5.191738e+07
<GCONST> 7.375006e+01
<MIXTURE> 4 7.555519e-02
<MEAN> 6
 6.243004e+01 2.115056e+03 -1.184344e+03 4.678456e-02 -3.207510e+00 -7.674649e+01
<VARIANCE> 6
 3.171274e+01 8.132797e+05 6.780627e+04 2.998645e+02 4.044808e+04 5.191738e+07
<GCONST> 7.329349e+01
<MIXTURE> 5 1.409011e-01
<MEAN> 6
 7.472150e+01 2.016994e+02 -3.406298e+03 -1.517347e+00 -2.591167e+00 -4.787377e+01
<VARIANCE> 6
 3.171274e+01 1.208319e+05 8.284734e+06 2.998645e+02 4.044808e+04 5.191738e+07
<GCONST> 7.619234e+01
<MIXTURE> 6 6.238941e-02
<MEAN> 6
 7.050227e+01 1.192905e+03 -2.024593e+03 6.918755e-01 -9.961275e+00 -1.294019e+02
<VARIANCE> 6
 3.171274e+01 2.404330e+05 7.833565e+05 2.998645e+02 4.044808e+04 5.191738e+07
<GCONST> 7.452179e+01
<MIXTURE> 7 8.274866e-02
<MEAN> 6
 7.333499e+01 3.364734e+02 1.637976e+03 -8.483729e-01 1.024974e-01 -1.253620e+02
<VARIANCE> 6
 3.171274e+01 2.285564e+05 3.127526e+05 2.998645e+02 4.044808e+04 5.191738e+07
<GCONST> 7.355296e+01
<MIXTURE> 8 1.102301e-01
<MEAN> 6
 6.713844e+01 6.831741e+02 -8.172625e+02 7.234508e-02 9.752901e-01 -4.634489e+01
<VARIANCE> 6
 3.171274e+01 6.579080e+04 1.409604e+05 2.998645e+02 4.044808e+04 5.191738e+07
<GCONST> 7.151073e+01
<MIXTURE> 9 6.808363e-02
<MEAN> 6
 7.415642e+01 -3.359533e+02 -8.259328e+03 -2.842359e-02 -2.357991e+00 -6.596450e+01
<VARIANCE> 6
 3.171274e+01 1.309607e+04 1.370770e+06 2.998645e+02 4.044808e+04 5.191738e+07
<GCONST> 7.217120e+01
<MIXTURE> 10 1.040034e-01
<MEAN> 6
 6.269248e+01 5.559862e+01 -1.692753e+03 4.343190e-02 -6.787722e-01 -1.321385e+02
<VARIANCE> 6
 3.171274e+01 5.088686e+04 6.621426e+04 2.998645e+02 4.044808e+04 5.191738e+07
<GCONST> 7.049826e+01
<MIXTURE> 11 6.612244e-02
<MEAN> 6
 6.971277e+01 -9.937628e+00 1.595740e+03 -1.948684e+00 2.002189e-01 -1.171837e+02
<VARIANCE> 6
 7.116152e+01 1.038820e+05 7.815127e+04 2.998645e+02 4.044808e+04 5.191738e+07
<GCONST> 7.218590e+01
<STATE> 3
<NUMMIXES> 11
<MIXTURE> 1 3.495055e-02
<MEAN> 6
 5.040635e+01 1.562688e+02 3.157204e+02 -7.384475e-01 -3.531406e+00 -1.386746e+02
<VARIANCE> 6
 3.171274e+01 1.309607e+04 1.256205e+05 2.998645e+02 4.044808e+04 5.191738e+07
<GCONST> 6.978134e+01
<MIXTURE> 2 9.426890e-02
<MEAN> 6
 6.795999e+01 1.325520e+03 7.672735e+01 -9.714854e-01 -3.159667e+00 -1.389049e+02
<VARIANCE> 6
 3.171274e+01 8.705000e+04 1.362684e+04 2.998645e+02 4.044808e+04 5.191738e+07
<GCONST> 6.945428e+01
<MIXTURE> 3 1.129143e-01
<MEAN> 6
 5.937605e+01 2.274249e+03 -2.818001e+02 3.225556e-01 -4.623136e+00 -1.901704e+02
<VARIANCE> 6
 3.171274e+01 1.668304e+05 1.362684e+04 2.998645e+02 4.044808e+04 5.191738e+07
<GCONST> 7.010478e+01
<MIXTURE> 4 1.043659e-01
<MEAN> 6
 6.679523e+01 -2.160246e+03 -1.507189e+02 -1.649476e-01 -3.320311e+00 -8.533141e+01
<VARIANCE> 6
 3.171274e+01 1.279341e+05 2.664650e+05 2.998645e+02 4.044808e+04 5.191738e+07
<GCONST> 7.281252e+01
<MIXTURE> 5 1.215675e-01
<MEAN> 6
 6.567679e+01 -2.293654e+02 2.681052e+02 -4.512165e-01 -4.546921e+00 -1.052813e+02
<VARIANCE> 6
 3.171274e+01 4.844221e+04 1.362684e+04 2.998645e+02 4.044808e+04 5.191738e+07
<GCONST> 6.886818e+01
<MIXTURE> 6 6.569225e-02
<MEAN> 6
 6.484403e+01 -6.872167e+02 -2.246660e+02 5.460582e-01 -6.853296e+00 -1.326853e+02
<VARIANCE> 6
 3.171274e+01 6.348994e+04 1.512200e+05 2.998645e+02 4.044808e+04 5.191738e+07
<GCONST> 7.154538e+01
<MIXTURE> 7 7.723726e-02
<MEAN> 6
 6.321652e+01 -6.609484e+02 2.008133e+01 -2.639227e-01 -3.909160e+00 -1.053254e+02
<VARIANCE> 6
 3.171274e+01 8.483404e+04 1.362684e+04 2.998645e+02 4.044808e+04 5.191738e+07
<GCONST> 6.942850e+01
<MIXTURE> 8 1.432108e-01
<MEAN> 6
 5.975804e+01 -2.922693e+02 -3.670048e+02 4.920485e-02 -1.293554e-01 -8.799393e+01
<VARIANCE> 6
 3.171274e+01 1.465926e+04 8.235895e+04 2.998645e+02 4.044808e+04 5.191738e+07
<GCONST> 6.947192e+01
<MIXTURE> 9 1.219163e-01
<MEAN> 6
 6.570022e+01 -2.496942e+02 2.729523e+02 -4.190220e-01 -4.286601e+00 -9.993103e+01
<VARIANCE> 6
 3.171274e+01 4.539121e+04 1.362684e+04 2.998645e+02 4.044808e+04 5.191738e+07
<GCONST> 6.880312e+01
<MIXTURE> 10 4.353729e-02
<MEAN> 6
 6.574413e+01 -8.574660e+02 1.213642e+02 6.740305e-02 -4.476345e+00 -9.505625e+01
<VARIANCE> 6
 3.171274e+01 4.277877e+05 1.362684e+04 2.998645e+02 4.044808e+04 5.191738e+07
<GCONST> 7.104643e+01
<MIXTURE> 11 8.030062e-02
<MEAN> 6
 6.467582e+01 -6.924438e+02 -4.034962e+02 5.616394e-01 -6.047482e+00 -1.201894e+02
<VARIANCE> 6
 3.171274e+01 2.284677e+04 1.010434e+05 2.998645e+02 4.044808e+04 5.191738e+07
<GCONST> 7.012012e+01
<STATE> 4
<NUMMIXES> 11
<MIXTURE> 1 7.284760e-02
<MEAN> 6
 -4.412885e+01 3.665968e+02 2.963607e+03 -1.604844e+01 9.471459e+02 5.089579e+02
<VARIANCE> 6
 6.355789e+02 3.704627e+05 3.798688e+06 4.873865e+04 4.493758e+05 2.016632e+08
<GCONST> 8.838643e+01
<MIXTURE> 2 4.887813e-02
<MEAN> 6
 6.669725e+00 -7.857499e+02 -9.726445e+01 -4.721729e+01 7.816041e+01 1.089033e+03
<VARIANCE> 6
 2.090559e+03 9.088892e+06 3.462827e+06 4.257535e+04 1.108818e+06 3.782780e+08
<GCONST> 9.408159e+01
<MIXTURE> 3 9.832728e-02
<MEAN> 6
 7.660538e+01 -1.091877e+02 2.947419e+02 -6.360225e+00 -7.181252e+01 -3.508995e+02
<VARIANCE> 6
 7.668143e+01 1.229159e+05 1.146686e+06 2.998645e+02 4.044808e+04 5.191738e+07
<GCONST> 7.511484e+01
<MIXTURE> 4 6.542096e-02
<MEAN> 6
 8.959883e+01 -9.246410e+02 1.601364e+03 1.990899e+01 -4.120429e+02 1.012015e+02
<VARIANCE> 6
 1.354438e+02 7.204906e+05 4.233088e+06 4.502448e+03 1.539057e+05 5.191738e+07
<GCONST> 8.280359e+01
<MIXTURE> 5 1.211367e-01
<MEAN> 6
 2.200119e+01 2.966440e+02 2.097924e+02 1.189389e+02 -5.183099e+01 -1.252793e+03
<VARIANCE> 6
 6.819538e+02 2.493321e+05 9.618572e+05 3.193717e+03 4.044808e+04 5.191738e+07
<GCONST> 8.019727e+01
<MIXTURE> 6 8.963513e-02
<MEAN> 6
 5.509073e+01 5.522634e+01 1.430846e+03 -4.819224e+01 -7.924254e+02 5.603647e+02
<VARIANCE> 6
 3.938795e+02 2.044976e+05 5.699260e+06 4.136045e+04 2.009718e+05 6.928556e+07
<GCONST> 8.568222e+01
<MIXTURE> 7 1.223766e-01
<MEAN> 6
 -4.653774e+01 -4.665409e+01 8.907433e+01 1.200873e+01 1.004467e+02 -7.133928e+01
<VARIANCE> 6
 2.615891e+02 3.566651e+05 2.169156e+06 4.978846e+02 4.044808e+04 5.191738e+07
<GCONST> 7.855174e+01
<MIXTURE> 8 1.037942e-01
<MEAN> 6
 -3.787720e+01 -1.481662e+02 5.434782e+01 2.701529e+01 6.323990e+02 -8.489726e+02
<VARIANCE> 6
 1.872334e+02 4.322507e+05 1.281464e+06 1.144464e+04 9.831271e+04 5.805442e+07
<GCONST> 8.201797e+01
<MIXTURE> 9 7.411168e-02
<MEAN> 6
 -3.660379e+00 -4.681958e+01 3.342596e+02 -8.288968e+01 1.232737e+02 1.857997e+03
<VARIANCE> 6
 3.456709e+02 4.609417e+05 8.708295e+05 1.923438e+04 8.722978e+04 6.301577e+07
<GCONST> 8.279062e+01
<MIXTURE> 10 1.309419e-01
<MEAN> 6
 5.843657e+01 -9.428287e+01 9.925140e+01 -4.485789e+00 -3.837686e+02 1.064564e+01
<VARIANCE> 6
 1.554770e+02 1.824370e+06 1.041431e+06 1.116506e+04 7.311578e+04 5.191738e+07
<GCONST> 8.263213e+01
<MIXTURE> 11 7.234330e-02
<MEAN> 6
 1.466830e+00 -4.155253e+02 -1.314388e+02 -5.549095e+01 2.124405e+01 8.747332e+01
<VARIANCE> 6
 3.602438e+02 6.836897e+05 1.622026e+06 2.333468e+04 8.188680e+04 5.191738e+07
<GCONST> 8.378444e+01
<STATE> 5
<NUMMIXES> 11
<MIXTURE> 1 7.745428e-02
<MEAN> 6
 7.819536e+01 4.035762e+02 7.115460e+02 7.238507e-01 -1.290507e+00 -5.981219e+01
<VARIANCE> 6
 3.171274e+01 4.430337e+04 9.854673e+04 2.998645e+02 4.044808e+04 5.191738e+07
<GCONST> 7.075735e+01
<MIXTURE> 2 6.438974e-02
<MEAN> 6
 8.436599e+01 -8.053809e+02 2.894426e+02 -1.158422e+00 -4.771511e+00 -8.247950e+01
<VARIANCE> 6
 3.171274e+01 1.353255e+04 2.086458e+04 2.998645e+02 4.044808e+04 5.191738e+07
<GCONST> 6.801891e+01
<MIXTURE> 3 4.537814e-02
<MEAN> 6
 7.418150e+01 1.108400e+03 -5.505703e+02 -1.169896e+00 -1.075076e+01 -1.010360e+02
<VARIANCE> 6
 3.171274e+01 9.749692e+04 2.314246e+05 2.998645e+02 4.044808e+04 5.191738e+07
<GCONST> 7.239984e+01
<MIXTURE> 4 1.171659e-01
<MEAN> 6
 7.383230e+01 -4.730253e+02 1.022245e+03 -9.155527e-01 -8.873095e+00 -9.797691e+01
<VARIANCE> 6
 3.171274e+01 2.172489e+04 4.146374e+05 2.998645e+02 4.044808e+04 5.191738e+07
<GCONST> 7.148163e+01
<MIXTURE> 5 1.313812e-01
<MEAN> 6
 8.103613e+01 -8.910142e+02 -3.974388e+01 -1.847811e+00 -3.144070e+00 -1.717939e+02
<VARIANCE> 6
 3.171274e+01 2.939509e+05 4.985791e+04 2.998645e+02 4.044808e+04 5.191738e+07
<GCONST> 7.196835e+01
<MIXTURE> 6 9.671332e-02
<MEAN> 6
 6.880441e+01 4.818857e+02 -1.840876e+02 -1.238721e-01 -6.131562e+00 -1.235185e+02
<VARIANCE> 6
 3.171274e+01 7.758391e+04 1.362684e+04 2.998645e+02 4.044808e+04 5.191738e+07
<GCONST> 6.933916e+01
<MIXTURE> 7 1.290192e-01
<MEAN> 6
 7.468599e+01 2.043792e+02 -6.789536e+02 -8.456485e-01 -4.061762e+00 -1.007286e+02
<VARIANCE> 6
 3.171274e+01 4.395377e+04 1.839381e+04 2.998645e+02 4.044808e+04 5.191738e+07
<GCONST> 6.907091e+01
<MIXTURE> 8 7.483210e-02
<MEAN> 6
 7.549674e+01 5.115361e+02 3.187833e+02 -5.182436e-01 -5.534575e+00 -6.416438e+01
<VARIANCE> 6
 3.171274e+01 8.765214e+04 1.362684e+04 2.998645e+02 4.044808e+04 5.191738e+07
<GCONST> 6.946118e+01
<MIXTURE> 9 8.836599e-02
<MEAN> 6
 8.298510e+01 -7.447168e+02 1.027625e+02 -1.230200e-01 -1.988995e+00 -8.076865e+01
<VARIANCE> 6
 3.171274e+01 1.309607e+04 1.362684e+04 2.998645e+02 4.044808e+04 5.191738e+07
<GCONST> 6.756012e+01
<MIXTURE> 10 1.003553e-01
<MEAN> 6
 6.897098e+01 3.072046e+02 -2.410304e+02 -3.327442e-01 -7.841627e+00 -1.748727e+02
<VARIANCE> 6
 3.171274e+01 6.328632e+04 1.362684e+04 2.998645e+02 4.044808e+04 5.191738e+07
<GCONST> 6.913547e+01
<MIXTURE> 11 7.487511e-02
<MEAN> 6
 7.453887e+01 4.853774e+02 2.630451e+02 -4.452048e-01 -6.641706e+00 -1.046217e+02
<VARIANCE> 6
 3.171274e+01 9.209366e+04 1.440051e+04 2.998645e+02 4.044808e+04 5.191738e+07
<GCONST> 6.956583e+01
<STATE> 6
<NUMMIXES> 11
<MIXTURE> 1 6.236213e-02
<MEAN> 6
 -4.216334e+01 2.804786e+02 1.163454e+02 -1.986448e+02 1.415065e+03 7.737079e+03
<VARIANCE> 6
 2.984422e+02 1.191272e+06 9.512957e+05 1.403783e+04 9.686677e+05 6.888539e+08
<GCONST> 8.816568e+01
<MIXTURE> 2 8.469388e-02
<MEAN> 6
 8.624761e+01 -1.973972e+02 2.033269e+02 -8.482382e+00 -1.514380e+02 -3.282575e+02
<VARIANCE> 6
 1.089311e+02 9.451537e+05 3.854812e+05 7.118721e+02 6.504652e+04 5.191738e+07
<GCONST> 7.775525e+01
<MIXTURE> 3 1.298426e-01
<MEAN> 6
 6.383753e+00 1.345521e+02 3.485817e+01 -2.457346e+02 -1.454106e+01 3.441033e+03
<VARIANCE> 6
 5.772433e+02 7.903192e+05 3.382872e+05 4.080592e+03 1.935893e+05 1.107798e+08
<GCONST> 8.270792e+01
<MIXTURE> 4 6.631791e-02
<MEAN> 6
 8.517413e+01 -3.996471e+01 1.285401e+02 5.056121e+01 -1.080798e+03 -1.675409e+03
<VARIANCE> 6
 1.989172e+02 2.159534e+06 1.020218e+06 1.535932e+04 1.005706e+06 7.099332e+08
<GCONST> 8.858244e+01
<MIXTURE> 5 9.145587e-02
<MEAN> 6
 -3.885342e+01 1.891424e+00 7.578590e+01 1.191781e+02 8.330547e+02 -1.234259e+03
<VARIANCE> 6
 1.484843e+02 6.182833e+05 1.634575e+05 1.267843e+04 1.427483e+05 5.191738e+07
<GCONST> 8.044841e+01
<MIXTURE> 6 1.067856e-01
<MEAN> 6
 5.659837e+01 -4.259017e+01 -3.188852e+01 1.164897e+02 -4.485645e+02 -4.872070e+02
<VARIANCE> 6
 2.070431e+02 8.021509e+05 3.102240e+05 1.859094e+04 8.131452e+04 5.191738e+07
<GCONST> 8.150197e+01
<MIXTURE> 7 1.196361e-01
<MEAN> 6
 7.253790e+00 -9.997808e+00 -3.501100e+01 2.405094e+02 1.209163e+01 -4.797310e+03
<VARIANCE> 6
 3.611515e+02 7.709938e+05 3.661628e+05 4.034496e+03 1.396640e+05 6.767510e+07
<GCONST> 8.146268e+01
<MIXTURE> 8 8.038882e-02
<MEAN> 6
 -5.997241e+01 -8.712342e+01 2.840860e+01 1.493991e+01 2.444826e+02 6.255251e+01
<VARIANCE> 6
 9.085165e+01 6.617938e+05 4.593828e+05 6.435688e+02 7.687545e+04 5.191738e+07
<GCONST> 7.745898e+01
<MIXTURE> 9 5.659099e-02
<MEAN> 6
 4.753235e+01 -1.894995e+02 -1.646623e+02 -9.530682e+01 -6.773558e+02 3.708922e+03
<VARIANCE> 6
 3.983232e+02 3.625526e+06 1.835912e+06 4.966794e+04 2.609819e+05 1.036738e+08
<GCONST> 8.828316e+01
<MIXTURE> 10 1.172627e-01
<MEAN> 6
 7.444238e+01 -3.649657e+01 9.603146e+01 -5.875148e+01 -8.142923e+02 -5.063625e+02
<VARIANCE> 6
 1.589854e+02 4.844528e+05 2.376536e+05 1.487837e+04 1.472770e+05 5.712692e+07
<GCONST> 8.093394e+01
<MIXTURE> 11 8.434496e-02
<MEAN> 6
 -5.255540e+01 1.760260e+00 1.503931e+01 2.339898e+01 9.975618e+02 -2.408982e+03
<VARIANCE> 6
 1.459778e+02 5.828829e+05 4.373003e+05 1.321484e+04 2.035646e+05 1.209924e+08
<GCONST> 8.259891e+01
<STATE> 7
<NUMMIXES> 11
<MIXTURE> 1 7.931922e-02
<MEAN> 6
 9.588352e+01 -1.312829e+02 3.844682e+01 -5.075814e+00 1.655593e+00 4.089394e+00
<VARIANCE> 6
 3.217636e+01 2.658863e+04 1.362684e+04 2.998645e+02 4.044808e+04 5.191738e+07
<GCONST> 6.828279e+01
<MIXTURE> 2 6.282815e-02
<MEAN> 6
 1.109680e+02 1.659714e+03 -5.865997e+02 -5.782494e+00 -5.106928e+01 1.214840e+03
<VARIANCE> 6
 3.171274e+01 1.283779e+05 2.616477e+04 2.998645e+02 4.837609e+04 5.191738e+07
<GCONST> 7.067414e+01
<MIXTURE> 3 1.124599e-01
<MEAN> 6
 9.835473e+01 7.428883e+02 -3.078014e+02 -3.511950e+00 3.629644e+00 9.069592e+01
<VARIANCE> 6
 3.171274e+01 6.769798e+04 2.352059e+05 2.998645e+02 4.044808e+04 5.191738e+07
<GCONST> 7.205128e+01
<MIXTURE> 4 2.885057e-02
<MEAN> 6
 1.034253e+02 2.283215e+02 7.398582e+02 -1.886179e+01 5.520106e+01 1.682408e+03
<VARIANCE> 6
 3.171274e+01 9.860393e+05 1.639628e+06 2.998645e+02 4.044808e+04 5.191738e+07
<GCONST> 7.667168e+01
<MIXTURE> 5 1.087253e-01
<MEAN> 6
 9.285512e+01 2.871252e+02 -2.471503e+02 -3.773174e+00 -2.117264e+00 5.726814e+01
<VARIANCE> 6
 3.171274e+01 1.309607e+04 2.881698e+04 2.998645e+02 4.044808e+04 5.191738e+07
<GCONST> 6.830904e+01
<MIXTURE> 6 7.839866e-02
<MEAN> 6
 7.943609e+01 2.208185e+03 -1.152911e+03 -1.383165e+00 9.288335e-01 -1.156763e+00
<VARIANCE> 6
 3.171274e+01 1.443696e+05 1.362684e+04 2.998645e+02 4.044808e+04 5.191738e+07
<GCONST> 6.996017e+01
<MIXTURE> 7 1.008684e-01
<MEAN> 6
 9.187603e+01 1.095010e+03 -1.374438e+03 -4.694283e+00 -5.986840e+00 6.277142e+01
<VARIANCE> 6
 4.014930e+01 2.275544e+04 1.245114e+05 2.998645e+02 4.044808e+04 5.191738e+07
<GCONST> 7.056085e+01
<MIXTURE> 8 1.011944e-01
<MEAN> 6
 9.439400e+01 -7.073631e+02 -1.142084e+03 -3.862556e+00 -4.796946e-01 5.206815e+01
<VARIANCE> 6
 3.171274e+01 1.309607e+04 1.362684e+04 2.998645e+02 4.044808e+04 5.191738e+07
<GCONST> 6.756012e+01
<MIXTURE> 9 1.020818e-01
<MEAN> 6
 9.254108e+01 2.167471e+02 -4.325944e+02 -4.284862e+00 -5.095563e-01 1.158393e+02
<VARIANCE> 6
 3.171274e+01 1.309607e+04 1.870372e+04 2.998645e+02 4.044808e+04 5.191738e+07
<GCONST> 6.787680e+01
<MIXTURE> 10 1.406410e-01
<MEAN> 6
 1.008400e+02 3.035014e+02 -5.450056e+02 -4.519814e+00 -1.771541e+01 4.313016e+02
<VARIANCE> 6
 5.824307e+01 2.224372e+05 1.817970e+05 2.998645e+02 4.044808e+04 5.191738e+07
<GCONST> 7.359120e+01
<MIXTURE> 11 8.461827e-02
<MEAN> 6
 9.347104e+01 -2.348340e+02 2.478799e+01 -3.599300e+00 3.862888e+00 -2.963530e+01
<VARIANCE> 6
 3.171274e+01 1.309607e+04 1.362684e+04 2.998645e+02 4.044808e+04 5.191738e+07
<GCONST> 6.756012e+01
<STATE> 8
<NUMMIXES> 11
<MIXTURE> 1 6.455176e-02
<MEAN> 6
 7.690951e+01 -6.791170e+03 1.612035e+04 -1.463387e+01 -1.073516e+02 1.945390e+03
<VARIANCE> 6
 2.127926e+02 8.610050e+06 8.089791e+07 6.134404e+03 5.656778e+05 1.224264e+08
<GCONST> 9.115518e+01
<MIXTURE> 2 6.900787e-02
<MEAN> 6
 1.009587e+02 -3.159427e+03 1.233020e+04 -1.195833e+00 -2.052419e+01 1.827698e+02
<VARIANCE> 6
 3.171274e+01 5.492989e+05 2.442362e+06 2.998645e+02 4.044808e+04 5.191738e+07
<GCONST> 7.648512e+01
<MIXTURE> 3 7.165918e-02
<MEAN> 6
 6.861846e+01 -3.896907e+03 3.365008e+03 -1.912269e+00 -8.240801e+00 -2.629536e+02
<VARIANCE> 6
 3.171274e+01 5.468692e+04 1.756204e+04 2.998645e+02 4.044808e+04 5.191738e+07
<GCONST> 6.924312e+01
<MIXTURE> 4 1.077220e-01
<MEAN> 6
 7.757062e+01 -3.456177e+03 1.918750e+03 -2.091812e+00 -3.394772e+00 2.223206e+01
<VARIANCE> 6
 3.171274e+01 3.641697e+05 3.852434e+05 2.998645e+02 4.044808e+04 5.191738e+07
<GCONST> 7.422725e+01
<MIXTURE> 5 5.536941e-02
<MEAN> 6
 9.513941e+01 -4.006375e+03 7.757459e+03 -4.596240e+00 1.513666e+00 1.117053e+00
<VARIANCE> 6
 3.171274e+01 1.309607e+04 1.213768e+06 2.998645e+02 4.044808e+04 5.191738e+07
<GCONST> 7.204956e+01
<MIXTURE> 6 1.093049e-01
<MEAN> 6
 8.278712e+01 -4.830902e+03 1.138562e+04 -2.773753e-02 1.040843e+00 6.997044e+01
<VARIANCE> 6
 3.171274e+01 2.911469e+04 7.368912e+06 2.998645e+02 4.044808e+04 5.191738e+07
<GCONST> 7.465202e+01
<MIXTURE> 7 1.304716e-01
<MEAN> 6
 8.031172e+01 -4.161207e+03 2.458878e+02 -8.086674e+00 4.720874e+01 -1.291548e+02
<VARIANCE> 6
 3.171274e+01 1.554020e+06 1.362684e+04 2.998645e+02 4.044808e+04 5.191738e+07
<GCONST> 7.233640e+01
<MIXTURE> 8 1.402803e-01
<MEAN> 6
 8.813663e+01 -4.364177e+03 4.933969e+03 -1.251131e+00 -1.355644e+01 -1.857256e+02
<VARIANCE> 6
 3.171274e+01 1.309607e+04 1.292774e+06 2.998645e+02 4.044808e+04 5.191738e+07
<GCONST> 7.211263e+01
<MIXTURE> 9 9.088472e-02
<MEAN> 6
 6.764548e+01 -4.133070e+03 3.485691e+03 -5.840552e-01 -1.884408e+00 -4.753642e+01
<VARIANCE> 6
 3.171274e+01 1.309607e+04 1.362684e+04 2.998645e+02 4.044808e+04 5.191738e+07
<GCONST> 6.756012e+01
<MIXTURE> 10 8.199643e-02
<MEAN> 6
 9.001171e+01 -4.477068e+03 2.326263e+03 -3.869761e+00 -2.645153e+01 -5.366210e+02
<VARIANCE> 6
 3.171274e+01 1.309607e+04 5.651189e+05 2.998645e+02 4.044808e+04 5.191738e+07
<GCONST> 7.128511e+01
<MIXTURE> 11 7.874449e-02
<MEAN> 6
 6.716997e+01 -4.274374e+03 3.362459e+03 -3.946896e-01 -7.544843e+00 -1.531897e+02
<VARIANCE> 6
 3.171274e+01 1.309607e+04 1.362684e+04 2.998645e+02 4.044808e+04 5.191738e+07
<GCONST> 6.756012e+01
<STATE> 9
<NUMMIXES> 11
<MIXTURE> 1 9.440650e-02
<MEAN> 6
 5.992121e+01 2.704176e+03 9.153602e+02 2.295307e+00 -1.439439e+01 -3.228360e+01
<VARIANCE> 6
 3.171274e+01 1.002972e+05 1.314439e+05 2.998645e+02 4.044808e+04 5.191738e+07
<GCONST> 7.186247e+01
<MIXTURE> 2 1.214783e-01
<MEAN> 6
 8.277182e+01 -8.170268e+02 -9.496913e+03 -4.039322e+00 6.560318e+00 -1.027078e+01
<VARIANCE> 6
 3.171274e+01 1.309607e+04 5.658849e+06 2.998645e+02 4.044808e+04 5.191738e+07
<GCONST> 7.358905e+01
<MIXTURE> 3 1.051374e-01
<MEAN> 6
 9.603223e+01 -1.622040e+02 -1.650555e+03 -8.175179e+00 9.221725e+00 -2.440123e+01
<VARIANCE> 6
 3.171274e+01 6.571184e+04 4.339659e+04 2.998645e+02 4.044808e+04 5.191738e+07
<GCONST> 7.033142e+01
<MIXTURE> 4 1.030341e-01
<MEAN> 6
 6.767766e+01 -3.867059e+02 2.972284e+03 -1.553553e+00 -1.064898e+01 1.432123e+02
<VARIANCE> 6
 3.171274e+01 1.550346e+04 1.362684e+04 2.998645e+02 4.044808e+04 5.191738e+07
<GCONST> 6.772887e+01
<MIXTURE> 5 6.640015e-02
<MEAN> 6
 6.171177e+01 1.410074e+03 1.599096e+03 -6.216920e+00 8.342675e+00 5.122413e+02
<VARIANCE> 6
 3.171274e+01 5.591850e+04 3.547997e+05 2.998645e+02 4.044808e+04 5.191738e+07
<GCONST> 7.227121e+01
<MIXTURE> 6 9.894669e-02
<MEAN> 6
 7.133556e+01 6.466653e+01 -2.129001e+03 -1.829593e+00 -7.571725e-01 3.694553e+01
<VARIANCE> 6
 3.171274e+01 1.309607e+04 3.306897e+04 2.998645e+02 4.044808e+04 5.191738e+07
<GCONST> 6.844667e+01
<MIXTURE> 7 7.362647e-02
<MEAN> 6
 6.236064e+01 2.006030e+03 -1.324546e+01 -3.059355e+00 -2.226749e+01 1.362393e+02
<VARIANCE> 6
 3.171274e+01 1.309607e+04 2.935235e+05 2.998645e+02 4.044808e+04 5.191738e+07
<GCONST> 7.063004e+01
<MIXTURE> 8 7.903700e-02
<MEAN> 6
 6.276885e+01 8.728683e+02 7.757140e+02 -6.025663e+00 1.341079e+01 5.326569e+02
<VARIANCE> 6
 3.171274e+01 1.336247e+06 1.835256e+05 2.998645e+02 4.044808e+04 5.191738e+07
<GCONST> 7.478574e+01
<MIXTURE> 9 7.254371e-02
<MEAN> 6
 9.185715e+01 -1.017796e+02 -2.122136e+03 -2.253843e+00 -1.158453e+01 -1.312664e+01
<VARIANCE> 6
 3.171274e+01 1.495162e+04 1.945044e+04 2.998645e+02 4.044808e+04 5.191738e+07
<GCONST> 6.804845e+01
<MIXTURE> 10 1.135257e-01
<MEAN> 6
 8.217178e+01 -4.504368e+02 -1.755012e+03 -4.618495e+00 -6.240195e-01 1.641320e+01
<VARIANCE> 6
 3.171274e+01 3.663572e+04 1.463236e+04 2.998645e+02 4.044808e+04 5.191738e+07
<GCONST> 6.866002e+01
<MIXTURE> 11 7.185830e-02
<MEAN> 6
 9.069732e+01 -6.526125e+01 -2.189133e+03 -6.520393e-02 -1.489559e+01 -6.460271e+01
<VARIANCE> 6
 3.171274e+01 1.309607e+04 1.396451e+04 2.998645e+02 4.044808e+04 5.191738e+07
<GCONST> 6.758459e+01
<STATE> 10
<NUMMIXES> 11
<MIXTURE> 1 1.292828e-01
<MEAN> 6
 8.888928e+01 4.341858e+02 2.001107e+03 -3.011102e+00 -7.713406e+00 4.000592e+02
<VARIANCE> 6
 3.171274e+01 2.827049e+05 1.520122e+05 2.998645e+02 4.044808e+04 5.191738e+07
<GCONST> 7.304413e+01
<MIXTURE> 2 1.237662e-01
<MEAN> 6
 8.787662e+01 -2.459938e+02 7.027472e+02 -3.373331e+00 -2.100899e+01 2.756587e+02
<VARIANCE> 6
 3.171274e+01 3.959948e+04 2.041856e+04 2.998645e+02 4.044808e+04 5.191738e+07
<GCONST> 6.907101e+01
<MIXTURE> 3 1.140867e-01
<MEAN> 6
 8.284883e+01 -1.346056e+03 -8.227592e+01 -3.957124e+00 -2.799875e+00 1.190365e+02
<VARIANCE> 6
 3.171274e+01 4.304356e+04 1.362684e+04 2.998645e+02 4.044808e+04 5.191738e+07
<GCONST> 6.875002e+01
<MIXTURE> 4 1.177755e-01
<MEAN> 6
 8.987050e+01 4.260201e+02 -2.978675e+03 -2.515087e+00 2.100644e+00 4.709182e+01
<VARIANCE> 6
 3.171274e+01 1.762195e+04 4.670431e+05 2.998645e+02 4.044808e+04 5.191738e+07
<GCONST> 7.139133e+01
<MIXTURE> 5 6.936424e-02
<MEAN> 6
 8.502380e+01 -8.540507e+02 1.950994e+03 -4.925276e+00 -8.841941e+00 2.272476e+02
<VARIANCE> 6
 3.171274e+01 2.300497e+04 1.167516e+06 2.998645e+02 4.044808e+04 5.191738e+07
<GCONST> 7.257410e+01
<MIXTURE> 6 6.858968e-02
<MEAN> 6
 7.439408e+01 -1.348527e+03 1.090725e+03 -3.697141e+00 5.068449e+00 1.034099e+01
<VARIANCE> 6
 3.171274e+01 2.151801e+04 1.387737e+04 2.998645e+02 4.044808e+04 5.191738e+07
<GCONST> 6.807491e+01
<MIXTURE> 7 3.117045e-02
<MEAN> 6
 8.172658e+01 -4.315594e+02 1.144890e+03 -3.925549e+00 7.885921e+00 3.531389e+02
<VARIANCE> 6
 3.171274e+01 1.866541e+05 2.477656e+06 2.998645e+02 4.044808e+04 5.191738e+07
<GCONST> 7.542009e+01
<MIXTURE> 8 1.091268e-01
<MEAN> 6
 7.752762e+01 -9.710751e+02 -6.861439e+02 -3.607216e+00 9.132999e+00 -1.586081e+01
<VARIANCE> 6
 3.171274e+01 1.309607e+04 9.490742e+05 2.998645e+02 4.044808e+04 5.191738e+07
<GCONST> 7.180356e+01
<MIXTURE> 9 1.202287e-01
<MEAN> 6
 8.479300e+01 -8.015652e+02 3.159585e+02 -5.158092e+00 3.269436e+00 7.408556e+01
<VARIANCE> 6
 3.790610e+01 1.564749e+04 3.324979e+04 2.998645e+02 4.044808e+04 5.191738e+07
<GCONST> 6.880852e+01
<MIXTURE> 10 5.335398e-02
<MEAN> 6
 8.461813e+01 -1.230139e+03 -2.495203e+02 -3.754050e+00 -2.114652e+01 2.357863e+02
<VARIANCE> 6
 3.171274e+01 2.119306e+05 3.936783e+05 2.998645e+02 4.044808e+04 5.191738e+07
<GCONST> 7.370755e+01
<MIXTURE> 11 6.324656e-02
<MEAN> 6
 8.559189e+01 -8.824291e+02 1.588705e+03 -4.972772e+00 -1.020368e+01 2.354167e+02
<VARIANCE> 6
 3.171274e+01 2.171181e+04 1.500875e+06 2.998645e+02 4.044808e+04 5.191738e+07
<GCONST> 7.276743e+01
<STATE> 11
<NUMMIXES> 11
<MIXTURE> 1 5.218372e-02
<MEAN> 6
 6.120060e+01 -1.791314e+03 -5.778812e+01 1.277698e+00 -1.102754e+01 2.033225e+02
<VARIANCE> 6
 3.171274e+01 3.501138e+05 1.660337e+05 2.998645e+02 4.044808e+04 5.191738e+07
<GCONST> 7.334621e+01
<MIXTURE> 2 7.353196e-02
<MEAN> 6
 6.119514e+01 4.599902e+02 9.331130e+01 -7.519323e-02 -2.920211e+00 -1.307160e+02
<VARIANCE> 6
 3.171274e+01 1.309607e+04 1.362684e+04 2.998645e+02 4.044808e+04 5.191738e+07
<GCONST> 6.756012e+01
<MIXTURE> 3 1.580016e-01
<MEAN> 6
 6.399869e+01 3.563978e+02 -1.174626e+02 7.106601e-01 -1.148057e+01 -8.220314e+01
<VARIANCE> 6
 3.171274e+01 1.309607e+04 1.362684e+04 2.998645e+02 4.044808e+04 5.191738e+07
<GCONST> 6.756012e+01
<MIXTURE> 4 9.716432e-02
<MEAN> 6
 5.482236e+01 8.346733e+02 -7.792214e+00 1.852550e+00 1.346385e+00 -1.567842e+02
<VARIANCE> 6
 3.171274e+01 1.309607e+04 1.362684e+04 2.998645e+02 4.044808e+04 5.191738e+07
<GCONST> 6.756012e+01
<MIXTURE> 5 8.694914e-02
<MEAN> 6
 6.132301e+01 4.182020e+01 -5.891404e+01 -5.695069e-01 -4.331158e+00 -1.296736e+02
<VARIANCE> 6
 3.171274e+01 1.309607e+04 1.362684e+04 2.998645e+02 4.044808e+04 5.191738e+07
<GCONST> 6.756012e+01
<MIXTURE> 6 3.181205e-02
<MEAN> 6
 6.223218e+01 1.448510e+02 -2.809319e+01 -4.671740e-01 -5.836525e+00 -1.280209e+02
<VARIANCE> 6
 3.171274e+01 1.937800e+04 1.362684e+04 2.998645e+02 4.044808e+04 5.191738e+07
<GCONST> 6.795193e+01
<MIXTURE> 7 8.913956e-02
<MEAN> 6
 6.124831e+01 3.002946e+01 -6.561932e+01 -5.765179e-01 -4.061324e+00 -1.284373e+02
<VARIANCE> 6
 3.171274e+01 1.309607e+04 1.362684e+04 2.998645e+02 4.044808e+04 5.191738e+07
<GCONST> 6.756012e+01
<MIXTURE> 8 1.605857e-01
<MEAN> 6
 6.107563e+01 4.618852e+02 9.147139e+01 -5.323927e-02 -2.660656e+00 -1.291378e+02
<VARIANCE> 6
 3.171274e+01 1.309607e+04 1.362684e+04 2.998645e+02 4.044808e+04 5.191738e+07
<GCONST> 6.756012e+01
<MIXTURE> 9 8.847164e-02
<MEAN> 6
 6.120352e+01 2.184499e+01 -6.978888e+01 -5.804919e-01 -3.880800e+00 -1.277732e+02
<VARIANCE> 6
 3.171274e+01 1.309607e+04 1.362684e+04 2.998645e+02 4.044808e+04 5.191738e+07
<GCONST> 6.756012e+01
<MIXTURE> 10 8.874393e-02
<MEAN> 6
 6.119579e+01 2.102485e+01 -7.031050e+01 -5.804503e-01 -3.862259e+00 -1.276825e+02
<VARIANCE> 6
 3.171274e+01 1.309607e+04 1.362684e+04 2.998645e+02 4.044808e+04 5.191738e+07
<GCONST> 6.756012e+01
<MIXTURE> 11 7.336884e-02
<MEAN> 6
 6.103221e+01 4.622663e+02 8.883646e+01 -3.739320e-02 -2.563129e+00 -1.281871e+02
<VARIANCE> 6
 3.171274e+01 1.309607e+04 1.362684e+04 2.998645e+02 4.044808e+04 5.191738e+07
<GCONST> 6.756012e+01
<STATE> 12
<NUMMIXES> 11
<MIXTURE> 1 9.066036e-02
<MEAN> 6
 7.385006e+01 4.206206e+02 6.165300e+02 -2.870429e+00 1.800082e+00 1.362500e+01
<VARIANCE> 6
 3.171274e+01 2.466138e+04 1.706949e+04 2.998645e+02 4.044808e+04 5.191738e+07
<GCONST> 6.841829e+01
<MIXTURE> 2 8.198985e-02
<MEAN> 6
 7.492187e+01 1.069719e+03 8.709845e+00 -2.940649e+00 3.114753e+00 1.216013e+01
<VARIANCE> 6
 3.171274e+01 2.192827e+04 2.139222e+04 2.998645e+02 4.044808e+04 5.191738e+07
<GCONST> 6.852657e+01
<MIXTURE> 3 7.873195e-02
<MEAN> 6
 7.929184e+01 4.428424e+02 -1.535093e+02 -1.575980e+00 -6.725972e+00 -1.411677e+01
<VARIANCE> 6
 3.171274e+01 5.866381e+04 4.030179e+04 2.998645e+02 4.044808e+04 5.191738e+07
<GCONST> 7.014398e+01
<MIXTURE> 4 9.605950e-02
<MEAN> 6
 7.840168e+01 -5.754506e+01 -3.846512e+02 -3.060597e+00 -4.975241e+00 3.787410e+01
<VARIANCE> 6
 3.171274e+01 7.259889e+04 1.552395e+05 2.998645e+02 4.044808e+04 5.191738e+07
<GCONST> 7.170567e+01
<MIXTURE> 5 5.736987e-02
<MEAN> 6
 6.640325e+01 -8.137849e+02 -1.511356e+02 -4.094205e+00 2.464514e+00 6.946667e+01
<VARIANCE> 6
 3.171274e+01 2.966214e+04 1.362684e+04 2.998645e+02 4.044808e+04 5.191738e+07
<GCONST> 6.837767e+01
<MIXTURE> 6 7.016663e-02
<MEAN> 6
 8.409359e+01 8.739299e+02 3.541776e+02 -4.728262e+00 8.889754e-01 6.509257e+01
<VARIANCE> 6
 3.171274e+01 6.653921e+04 1.881925e+04 2.998645e+02 4.044808e+04 5.191738e+07
<GCONST> 6.950844e+01
<MIXTURE> 7 1.375327e-01
<MEAN> 6
 7.491721e+01 1.114063e+03 -4.917635e+02 -2.396719e+00 1.222356e+00 4.686488e+01
<VARIANCE> 6
 3.171274e+01 3.450124e+05 5.886825e+04 2.998645e+02 4.044808e+04 5.191738e+07
<GCONST> 7.229465e+01
<MIXTURE> 8 1.043709e-01
<MEAN> 6
 7.812350e+01 -4.892250e+01 -5.626266e+02 -3.740899e+00 -3.465657e+00 6.976125e-01
<VARIANCE> 6
 3.171274e+01 4.339447e+04 2.498160e+05 2.998645e+02 4.044808e+04 5.191738e+07
<GCONST> 7.166681e+01
<MIXTURE> 9 1.378515e-01
<MEAN> 6
 7.773006e+01 -2.083208e+02 1.979453e+02 -1.084593e+00 -3.882925e+00 1.609165e+01
<VARIANCE> 6
 3.171274e+01 4.206265e+04 1.362684e+04 2.998645e+02 4.044808e+04 5.191738e+07
<GCONST> 6.872696e+01
<MIXTURE> 10 6.417475e-02
<MEAN> 6
 7.587928e+01 8.526656e+02 -3.410659e+02 -2.214019e+00 -4.873361e+00 9.142088e+01
<VARIANCE> 6
 3.171274e+01 1.042100e+05 9.814288e+04 2.998645e+02 4.044808e+04 5.191738e+07
<GCONST> 7.160860e+01
<MIXTURE> 11 8.104965e-02
<MEAN> 6
 7.910067e+01 3.771904e+02 -2.146763e+02 -1.578089e+00 -6.376921e+00 -2.084757e+01
<VARIANCE> 6
 3.171274e+01 8.150094e+04 3.911052e+04 2.998645e+02 4.044808e+04 5.191738e+07
<GCONST> 7.044276e+01
<STATE> 13
<NUMMIXES> 11
<MIXTURE> 1 9.806207e-02
<MEAN> 6
 4.258369e+01 5.239964e+03 -1.175811e+02 -6.641734e+01 -3.876550e+02 1.710694e+03
<VARIANCE> 6
 2.804243e+03 4.777050e+07 3.578803e+06 3.182104e+04 1.071788e+06 2.453763e+08
<GCONST> 9.530964e+01
<MIXTURE> 2 1.065049e-01
<MEAN> 6
 3.977065e+01 2.240175e+03 -2.469868e+03 1.655194e+02 -1.695893e+02 -1.036485e+03
<VARIANCE> 6
 6.593166e+02 2.920690e+06 3.631057e+06 2.799140e+03 4.130941e+04 5.191738e+07
<GCONST> 8.384190e+01
<MIXTURE> 3 8.646212e-02
<MEAN> 6
 -3.691189e+01 1.364800e+03 -7.235236e+02 1.190462e+01 9.482371e+02 -2.202272e+02
<VARIANCE> 6
 7.467522e+01 4.078283e+06 3.823034e+06 1.598706e+04 1.999979e+05 8.437453e+07
<GCONST> 8.585453e+01
<MIXTURE> 4 9.919528e-02
<MEAN> 6
 5.719894e+00 -5.603718e+03 4.171370e+02 1.989367e+01 9.119386e+01 -1.872734e+02
<VARIANCE> 6
 2.603956e+03 2.473941e+05 1.185174e+05 2.084555e+04 1.649005e+05 5.191738e+07
<GCONST> 8.271677e+01
<MIXTURE> 5 8.700959e-02
<MEAN> 6
 8.748255e+01 1.161290e+03 -3.132656e+03 1.987526e+00 -3.343968e+01 -1.801515e+02
<VARIANCE> 6
 1.827933e+02 6.174669e+05 8.294858e+05 2.998645e+02 4.044808e+04 5.191738e+07
<GCONST> 7.727383e+01
<MIXTURE> 6 6.273877e-02
<MEAN> 6
 9.670479e+01 -7.443073e+03 -7.270246e+01 -7.590104e+00 -7.358736e+01 2.127659e+02
<VARIANCE> 6
 3.171274e+01 9.841746e+05 9.519572e+05 2.998645e+02 4.044808e+04 5.191738e+07
<GCONST> 7.612608e+01
<MIXTURE> 7 9.303385e-02
<MEAN> 6
 9.800758e+00 1.575480e+03 -1.871167e+03 -1.782438e+02 1.674674e+02 2.037826e+03
<VARIANCE> 6
 5.334390e+02 3.096290e+06 2.450846e+06 3.110917e+03 6.613644e+04 5.191738e+07
<GCONST> 8.387157e+01
<MIXTURE> 8 1.338757e-01
<MEAN> 6
 8.200642e+01 -1.073191e+03 -9.496995e+02 -3.735933e+01 -4.209298e+02 4.157022e+01
<VARIANCE> 6
 1.209173e+02 6.864778e+06 1.915955e+06 1.086839e+04 1.347009e+05 5.191738e+07
<GCONST> 8.489960e+01
<MIXTURE> 9 9.607808e-02
<MEAN> 6
 -5.887727e+00 5.788765e+02 -1.686966e+03 7.845129e+01 1.717392e+02 -1.779277e+03
<VARIANCE> 6
 2.532381e+02 5.220295e+06 4.274854e+06 2.151927e+04 4.044808e+04 5.191738e+07
<GCONST> 8.564755e+01
<MIXTURE> 10 7.409833e-02
<MEAN> 6
 7.235215e+01 2.298836e+03 -3.631339e+03 5.855311e+00 -2.816925e+02 1.551124e+02
<VARIANCE> 6
 1.632581e+02 1.997022e+06 1.003774e+06 1.184666e+04 4.710102e+04 5.191738e+07
<GCONST> 8.235405e+01
<MIXTURE> 11 6.288902e-02
<MEAN> 6
 -5.184479e+01 7.878633e+02 1.808975e+02 -3.737134e+00 3.048242e+02 3.019481e+01
<VARIANCE> 6
 1.177658e+02 9.850099e+05 3.762042e+06 2.348879e+03 5.734167e+04 5.191738e+07
<GCONST> 8.122047e+01
<STATE> 14
<NUMMIXES> 11
<MIXTURE> 1 2.219153e-02
<MEAN> 6
 -6.784754e+00 4.337270e+01 3.715746e+02 2.178492e+02 -4.494633e+01 -8.093670e+03
<VARIANCE> 6
 6.119977e+02 7.145545e+04 6.367097e+05 1.082494e+04 3.480407e+05 1.684576e+08
<GCONST> 8.297676e+01
<MIXTURE> 2 6.642557e-02
<MEAN> 6
 -4.625531e+01 3.793082e+01 -5.910239e+01 -7.511882e+00 1.237091e+03 -9.572130e+01
<VARIANCE> 6
 1.617547e+02 1.014821e+05 5.575984e+04 2.357725e+04 3.130839e+05 2.441443e+08
<GCONST> 8.060532e+01
<MIXTURE> 3 6.307454e-02
<MEAN> 6
 8.069987e+01 -4.227206e+02 -7.263783e+01 2.582648e+01 -8.449509e+02 -1.953491e+03
<VARIANCE> 6
 1.747259e+02 9.196785e+05 1.425219e+05 9.954331e+03 6.237919e+05 2.980440e+08
<GCONST> 8.385160e+01
<MIXTURE> 4 1.216908e-01
<MEAN> 6
 7.323734e+01 -2.512785e+02 3.169050e+01 -9.098110e+00 -4.870739e+01 9.183784e+01
<VARIANCE> 6
 9.478020e+01 3.149778e+05 4.350702e+04 2.998645e+02 4.044808e+04 5.191738e+07
<GCONST> 7.299603e+01
<MIXTURE> 5 7.360794e-02
<MEAN> 6
 9.127502e+00 1.699559e+01 2.457112e+02 -1.661680e+02 1.114341e+02 1.286098e+03
<VARIANCE> 6
 6.192206e+02 3.409468e+05 7.180280e+04 4.222712e+03 1.917235e+05 9.520198e+07
<GCONST> 8.026044e+01
<MIXTURE> 6 1.182562e-01
<MEAN> 6
 5.644977e+01 -1.304598e+01 -6.985505e+01 1.222188e+02 -2.777052e+02 -7.604474e+02
<VARIANCE> 6
 1.851719e+02 1.262376e+05 5.221012e+04 4.251502e+03 6.839155e+04 5.191738e+07
<GCONST> 7.611069e+01
<MIXTURE> 7 1.065860e-01
<MEAN> 6
 -2.150111e+01 -4.143546e+01 1.091521e+01 3.072791e+01 2.541631e+02 -1.840553e+03
<VARIANCE> 6
 1.625810e+02 7.991998e+04 1.522742e+04 1.793665e+04 8.816934e+04 5.191738e+07
<GCONST> 7.598485e+01
<MIXTURE> 8 1.237128e-01
<MEAN> 6
 6.612904e+01 -1.193649e+01 2.815296e+01 -8.241444e+01 -6.613632e+02 2.158127e+02
<VARIANCE> 6
 2.126142e+02 1.957950e+05 1.535517e+04 1.037872e+04 1.895149e+05 5.191738e+07
<GCONST> 7.737567e+01
<MIXTURE> 9 1.147244e-01
<MEAN> 6
 -4.375144e+01 1.509519e+02 -7.147202e+01 4.659407e+00 4.971991e+02 3.921953e+02
<VARIANCE> 6
 1.461051e+02 1.004296e+05 9.053843e+04 4.983367e+03 1.026330e+05 5.191738e+07
<GCONST> 7.676027e+01
<MIXTURE> 10 1.093359e-01
<MEAN> 6
 1.301170e+01 -6.886133e+01 -8.903208e-01 1.581621e+02 -3.400995e-01 -7.567621e+02
<VARIANCE> 6
 2.897723e+02 1.997243e+05 7.071523e+04 2.932256e+03 4.879263e+04 5.191738e+07
<GCONST> 7.661150e+01
<MIXTURE> 11 8.021583e-02
<MEAN> 6
 1.189619e+01 5.109991e+01 5.784502e+01 -2.214159e+02 1.920955e+01 6.580871e+03
<VARIANCE> 6
 5.743077e+02 1.186265e+05 2.462951e+04 4.657873e+03 3.064237e+05 2.095181e+08
<GCONST> 7.941522e+01
<TRANSP> 15
 0.000000e+00 1.000000e+00 0.000000e+00 0.000000e+00 0.000000e+00 0.000000e+00 0.000000e+00 0.000000e+00 0.000000e+00 0.000000e+00 0.000000e+00 0.000000e+00 0.000000e+00 0.000000e+00 0.000000e+00
 0.000000e+00 9.991636e-01 8.363755e-04 0.000000e+00 0.000000e+00 0.000000e+00 0.000000e+00 0.000000e+00 0.000000e+00 0.000000e+00 0.000000e+00 0.000000e+00 0.000000e+00 0.000000e+00 0.000000e+00
 0.000000e+00 0.000000e+00 9.992401e-01 7.598539e-04 0.000000e+00 0.000000e+00 0.000000e+00 0.000000e+00 0.000000e+00 0.000000e+00 0.000000e+00 0.000000e+00 0.000000e+00 0.000000e+00 0.000000e+00
 0.000000e+00 0.000000e+00 0.000000e+00 9.997584e-01 2.416458e-04 0.000000e+00 0.000000e+00 0.000000e+00 0.000000e+00 0.000000e+00 0.000000e+00 0.000000e+00 0.000000e+00 0.000000e+00 0.000000e+00
 0.000000e+00 0.000000e+00 0.000000e+00 0.000000e+00 9.993755e-01 6.244821e-04 0.000000e+00 0.000000e+00 0.000000e+00 0.000000e+00 0.000000e+00 0.000000e+00 0.000000e+00 0.000000e+00 0.000000e+00
 0.000000e+00 0.000000e+00 0.000000e+00 0.000000e+00 0.000000e+00 9.999090e-01 9.099926e-05 0.000000e+00 0.000000e+00 0.000000e+00 0.000000e+00 0.000000e+00 0.000000e+00 0.000000e+00 0.000000e+00
 0.000000e+00 0.000000e+00 0.000000e+00 0.000000e+00 0.000000e+00 0.000000e+00 9.977353e-01 2.264622e-03 0.000000e+00 0.000000e+00 0.000000e+00 0.000000e+00 0.000000e+00 0.000000e+00 0.000000e+00
 0.000000e+00 0.000000e+00 0.000000e+00 0.000000e+00 0.000000e+00 0.000000e+00 0.000000e+00 9.955536e-01 4.446389e-03 0.000000e+00 0.000000e+00 0.000000e+00 0.000000e+00 0.000000e+00 0.000000e+00
 0.000000e+00 0.000000e+00 0.000000e+00 0.000000e+00 0.000000e+00 0.000000e+00 0.000000e+00 0.000000e+00 9.964609e-01 3.539163e-03 0.000000e+00 0.000000e+00 0.000000e+00 0.000000e+00 0.000000e+00
 0.000000e+00 0.000000e+00 0.000000e+00 0.000000e+00 0.000000e+00 0.000000e+00 0.000000e+00 0.000000e+00 0.000000e+00 9.979139e-01 2.086067e-03 0.000000e+00 0.000000e+00 0.000000e+00 0.000000e+00
 0.000000e+00 0.000000e+00 0.000000e+00 0.000000e+00 0.000000e+00 0.000000e+00 0.000000e+00 0.000000e+00 0.000000e+00 0.000000e+00 9.983567e-01 1.643307e-03 0.000000e+00 0.000000e+00 0.000000e+00
 0.000000e+00 0.000000e+00 0.000000e+00 0.000000e+00 0.000000e+00 0.000000e+00 0.000000e+00 0.000000e+00 0.000000e+00 0.000000e+00 0.000000e+00 9.985346e-01 1.465370e-03 0.000000e+00 0.000000e+00
 0.000000e+00 0.000000e+00 0.000000e+00 0.000000e+00 0.000000e+00 0.000000e+00 0.000000e+00 0.000000e+00 0.000000e+00 0.000000e+00 0.000000e+00 0.000000e+00 9.992276e-01 7.724125e-04 0.000000e+00
 0.000000e+00 0.000000e+00 0.000000e+00 0.000000e+00 0.000000e+00 0.000000e+00 0.000000e+00 0.000000e+00 0.000000e+00 0.000000e+00 0.000000e+00 0.000000e+00 0.000000e+00 9.997520e-01 2.480250e-04
 0.000000e+00 0.000000e+00 0.000000e+00 0.000000e+00 0.000000e+00 0.000000e+00 0.000000e+00 0.000000e+00 0.000000e+00 0.000000e+00 0.000000e+00 0.000000e+00 0.000000e+00 0.000000e+00 0.000000e+00
<ENDHMM>
~h "QuintoPRIMARIA"
<BEGINHMM>
<NUMSTATES> 15
<STATE> 2
<NUMMIXES> 11
<MIXTURE> 1 8.686977e-02
<MEAN> 6
 8.241653e+01 6.916288e+02 6.797742e+02 -2.174167e+00 -4.170627e+01 -1.987675e+02
<VARIANCE> 6
 1.367523e+02 9.813212e+05 1.978128e+06 2.998645e+02 4.044808e+04 5.191738e+07
<GCONST> 7.831602e+01
<MIXTURE> 2 3.656319e-02
<MEAN> 6
 5.028986e+01 -1.207262e+03 -2.133492e+03 -1.003055e+02 -7.982762e+02 4.897833e+03
<VARIANCE> 6
 1.885006e+03 1.781006e+07 1.180971e+07 5.686277e+04 2.649056e+06 1.461665e+09
<GCONST> 9.838960e+01
<MIXTURE> 3 9.892601e-02
<MEAN> 6
 -4.339951e+01 -2.530533e+02 1.284632e+02 1.679964e+02 8.004830e+02 -1.924566e+03
<VARIANCE> 6
 3.667403e+02 3.082005e+05 1.097895e+06 1.053253e+04 1.877137e+05 5.766030e+07
<GCONST> 8.275431e+01
<MIXTURE> 4 9.938535e-02
<MEAN> 6
 -6.659164e+01 1.683453e+02 -1.333875e+02 6.041728e+00 2.569050e+02 1.975408e+02
<VARIANCE> 6
 1.074268e+02 7.953288e+05 1.685083e+06 1.048541e+03 9.880000e+04 5.191738e+07
<GCONST> 7.984908e+01
<MIXTURE> 5 1.095075e-01
<MEAN> 6
 4.536787e+01 -5.444402e+01 1.233538e+02 2.349757e+01 -4.300305e+02 -2.922701e+02
<VARIANCE> 6
 7.961829e+02 2.183350e+06 1.164253e+06 4.390874e+04 1.678123e+05 5.191738e+07
<GCONST> 8.675668e+01
<MIXTURE> 6 1.182444e-01
<MEAN> 6
 7.387778e+01 -4.963466e+02 -3.154490e+02 6.068334e-01 -2.395945e+01 -1.392530e+02
<VARIANCE> 6
 2.547473e+02 2.544296e+05 6.802692e+05 2.998645e+02 4.044808e+04 5.191738e+07
<GCONST> 7.652083e+01
<MIXTURE> 7 1.288606e-01
<MEAN> 6
 7.940423e+01 -3.127481e+01 -1.304659e+02 -2.863729e+01 -8.964810e+02 -5.019067e+02
<VARIANCE> 6
 3.249039e+02 6.137601e+05 2.373310e+06 2.584806e+04 3.956530e+05 1.956432e+08
<GCONST> 8.695804e+01
<MIXTURE> 8 8.947200e-02
<MEAN> 6
 -5.026719e+01 5.146910e+01 -3.979348e+02 -1.627960e+02 1.291178e+03 3.128255e+03
<VARIANCE> 6
 3.453507e+02 1.135181e+06 2.462922e+06 1.914516e+04 9.960356e+05 6.418844e+08
<GCONST> 8.948225e+01
<MIXTURE> 9 6.270300e-02
<MEAN> 6
 2.467419e+01 -2.465814e+02 7.495786e+02 6.039650e+01 -2.346280e+02 -1.716298e+03
<VARIANCE> 6
 8.131727e+02 1.831384e+05 3.069938e+06 5.122106e+04 1.770411e+05 6.376546e+07
<GCONST> 8.568213e+01
<MIXTURE> 10 1.012841e-01
<MEAN> 6
 7.109145e+01 2.833625e+02 5.684164e+00 3.009308e-01 -2.633534e+01 -1.128083e+02
<VARIANCE> 6
 2.433879e+02 1.614046e+05 7.456478e+06 2.998645e+02 4.044808e+04 5.191738e+07
<GCONST> 7.841444e+01
<MIXTURE> 11 6.762382e-02
<MEAN> 6
 5.902876e+00 -2.200423e+02 -3.456080e+02 -9.698535e+01 -7.421951e+01 -3.754156e+01
<VARIANCE> 6
 5.846126e+02 3.902054e+05 3.908785e+06 7.273782e+04 2.774777e+05 1.899987e+08
<GCONST> 8.824202e+01
<STATE> 3
<NUMMIXES> 11
<MIXTURE> 1 5.363433e-02
<MEAN> 6
 7.323000e+01 3.286759e+01 -1.081902e+02 1.446256e+02 -7.628854e+02 -6.235635e+02
<VARIANCE> 6
 6.396093e+01 2.134948e+05 4.082794e+05 4.385480e+03 1.692163e+05 1.238367e+08
<GCONST> 7.943607e+01
<MIXTURE> 2 9.029983e-02
<MEAN> 6
 -6.765754e+00 2.529950e+02 8.870535e+02 2.795650e+02 6.389993e+02 -3.671457e+03
<VARIANCE> 6
 2.995865e+02 1.345548e+06 1.493060e+06 1.842904e+03 1.229711e+05 5.191738e+07
<GCONST> 8.206229e+01
<MIXTURE> 3 9.029305e-02
<MEAN> 6
 1.884618e+01 -2.105103e+01 1.583137e+03 3.349618e+02 -5.062166e+01 -1.098781e+04
<VARIANCE> 6
 9.679035e+02 3.980142e+05 3.208475e+06 8.503680e+03 1.220069e+06 2.572353e+08
<GCONST> 8.820612e+01
<MIXTURE> 4 1.268979e-01
<MEAN> 6
 -4.497407e+01 1.860833e+02 7.216932e+02 1.588520e+02 7.196729e+02 1.003773e+02
<VARIANCE> 6
 1.299977e+02 5.718660e+05 1.755261e+06 2.300638e+03 9.244166e+04 5.191738e+07
<GCONST> 8.047000e+01
<MIXTURE> 5 2.896042e-02
<MEAN> 6
 -2.995300e+01 3.926895e+03 -1.486787e+02 3.683155e+01 4.170818e+02 2.792268e+02
<VARIANCE> 6
 3.792258e+01 6.712083e+05 1.139415e+05 9.076865e+03 1.148579e+05 6.553300e+07
<GCONST> 7.848608e+01
<MIXTURE> 6 8.547071e-02
<MEAN> 6
 -5.682834e+01 -1.699576e+02 -5.011841e+02 8.792988e+00 5.428625e+01 1.039369e+03
<VARIANCE> 6
 2.374219e+02 1.888207e+04 2.545219e+06 2.998645e+02 4.631406e+04 5.191738e+07
<GCONST> 7.530449e+01
<MIXTURE> 7 1.442361e-01
<MEAN> 6
 -6.778512e+01 -3.980086e+02 8.970309e+02 5.621614e+00 5.255018e+02 -6.366211e+02
<VARIANCE> 6
 5.610529e+01 7.337106e+04 3.053033e+06 4.246388e+03 9.543916e+04 5.191738e+07
<GCONST> 7.877466e+01
<MIXTURE> 8 1.120586e-01
<MEAN> 6
 5.097659e+01 -5.968881e+02 -1.559558e+02 2.645717e+02 -5.210573e+02 -3.836724e+03
<VARIANCE> 6
 2.828304e+02 6.720593e+05 1.945835e+06 2.585569e+03 1.496474e+05 5.191738e+07
<GCONST> 8.211031e+01
<MIXTURE> 9 9.154522e-02
<MEAN> 6
 -5.247781e+01 -2.403967e+02 -9.637502e+02 8.826715e+01 8.756234e+02 -1.714982e+02
<VARIANCE> 6
 1.501167e+02 9.415515e+04 3.494041e+06 4.342713e+03 2.920032e+05 1.460447e+08
<GCONST> 8.231815e+01
<MIXTURE> 10 8.776011e-02
<MEAN> 6
 -6.416700e+00 -3.240951e+02 -6.156562e+02 2.099493e+02 1.709370e+02 -1.911759e+03
<VARIANCE> 6
 3.230601e+02 1.421490e+05 3.983078e+06 2.979150e+03 1.042803e+05 5.191738e+07
<GCONST> 8.118669e+01
<MIXTURE> 11 8.883062e-02
<MEAN> 6
 -5.888744e+01 -1.955365e+02 -1.073550e+03 6.131126e+00 3.331435e+01 3.500152e+02
<VARIANCE> 6
 1.841866e+02 1.965227e+04 4.406356e+06 2.998645e+02 4.044808e+04 5.191738e+07
<GCONST> 7.550398e+01
<STATE> 4
<NUMMIXES> 11
<MIXTURE> 1 7.086331e-02
<MEAN> 6
 3.619654e+01 2.009302e+03 8.021046e+02 1.383229e+02 -1.359442e+02 -1.322493e+03
<VARIANCE> 6
 6.459459e+02 5.203123e+05 1.552029e+06 2.362133e+03 1.140489e+05 5.191738e+07
<GCONST> 8.209210e+01
<MIXTURE> 2 9.250716e-02
<MEAN> 6
 7.124512e+01 -6.155247e+02 1.412413e+02 -6.454320e-01 -2.866724e+00 -1.378135e+02
<VARIANCE> 6
 3.171274e+01 1.309607e+04 1.362684e+04 2.998645e+02 4.044808e+04 5.191738e+07
<GCONST> 6.756012e+01
<MIXTURE> 3 9.409196e-02
<MEAN> 6
 4.938475e+01 -2.727079e+02 2.770993e+02 2.759626e-01 -1.363969e+00 -3.621222e+01
<VARIANCE> 6
 3.171274e+01 1.309607e+04 1.362684e+04 2.998645e+02 4.044808e+04 5.191738e+07
<GCONST> 6.756012e+01
<MIXTURE> 4 4.500761e-02
<MEAN> 6
 4.938896e+01 -1.066731e+03 5.985110e+02 1.855339e+01 -2.657520e+01 2.414895e+01
<VARIANCE> 6
 6.929000e+01 1.309607e+04 1.362684e+04 2.998645e+02 4.044808e+04 5.191738e+07
<GCONST> 6.834169e+01
<MIXTURE> 5 9.824480e-02
<MEAN> 6
 7.045950e+01 -9.579393e+02 9.358062e+01 2.069177e-01 2.061969e-01 4.144797e+00
<VARIANCE> 6
 3.171274e+01 1.309607e+04 1.362684e+04 2.998645e+02 4.044808e+04 5.191738e+07
<GCONST> 6.756012e+01
<MIXTURE> 6 9.274305e-02
<MEAN> 6
 7.124529e+01 -6.155846e+02 1.411029e+02 -6.445882e-01 -2.866307e+00 -1.379018e+02
<VARIANCE> 6
 3.171274e+01 1.309607e+04 1.362684e+04 2.998645e+02 4.044808e+04 5.191738e+07
<GCONST> 6.756012e+01
<MIXTURE> 7 1.343676e-01
<MEAN> 6
 4.029819e+01 -4.962447e+02 7.222495e+01 5.924885e+00 5.982378e-01 -7.052493e+01
<VARIANCE> 6
 9.655176e+01 1.309607e+04 2.862488e+04 2.998645e+02 4.044808e+04 5.191738e+07
<GCONST> 6.941571e+01
<MIXTURE> 8 9.329107e-02
<MEAN> 6
 7.124540e+01 -6.156271e+02 1.410056e+02 -6.439882e-01 -2.866008e+00 -1.379649e+02
<VARIANCE> 6
 3.171274e+01 1.309607e+04 1.362684e+04 2.998645e+02 4.044808e+04 5.191738e+07
<GCONST> 6.756012e+01
<MIXTURE> 9 9.220219e-02
<MEAN> 6
 7.124586e+01 -6.158008e+02 1.406065e+02 -6.415511e-01 -2.864805e+00 -1.382173e+02
<VARIANCE> 6
 3.171274e+01 1.309607e+04 1.362684e+04 2.998645e+02 4.044808e+04 5.191738e+07
<GCONST> 6.756012e+01
<MIXTURE> 10 7.389142e-02
<MEAN> 6
 3.333686e+01 -3.225747e+02 1.426138e+02 8.573892e+01 -1.887293e+02 1.679237e+02
<VARIANCE> 6
 2.133249e+02 9.539632e+04 2.830668e+06 1.425794e+03 5.313814e+04 5.191738e+07
<GCONST> 7.862019e+01
<MIXTURE> 11 1.127792e-01
<MEAN> 6
 6.191005e+01 -1.120359e+03 4.389781e+02 1.596546e+00 -3.770679e+00 1.607523e+01
<VARIANCE> 6
 3.171274e+01 1.309607e+04 1.362684e+04 2.998645e+02 4.044808e+04 5.191738e+07
<GCONST> 6.756012e+01
<STATE> 5
<NUMMIXES> 11
<MIXTURE> 1 8.232860e-02
<MEAN> 6
 1.028559e+02 3.291203e+02 9.321911e+02 -4.397561e+00 -7.933931e+00 1.323847e+03
<VARIANCE> 6
 3.171274e+01 4.384824e+05 1.170307e+05 2.998645e+02 4.044808e+04 5.191738e+07
<GCONST> 7.322151e+01
<MIXTURE> 2 9.795230e-02
<MEAN> 6
 9.729630e+01 2.050356e+01 -1.596032e+03 1.158662e+02 -1.387323e+03 -9.835290e+02
<VARIANCE> 6
 1.355600e+02 1.013767e+06 8.255646e+06 1.697540e+04 3.984757e+06 3.357766e+09
<GCONST> 9.256432e+01
<MIXTURE> 3 1.534903e-01
<MEAN> 6
 9.504823e+01 1.836845e+02 1.289506e+02 2.611692e+01 -4.681633e+02 5.775144e+03
<VARIANCE> 6
 1.859087e+02 9.996287e+05 2.537914e+06 3.067719e+03 5.692674e+05 2.246216e+08
<GCONST> 8.532523e+01
<MIXTURE> 4 1.058629e-01
<MEAN> 6
 8.106553e+01 1.699753e+02 -1.613341e+01 -2.766642e+00 5.386306e+00 -4.007622e+01
<VARIANCE> 6
 3.243031e+01 1.782562e+04 1.362684e+04 2.998645e+02 4.044808e+04 5.191738e+07
<GCONST> 6.789081e+01
<MIXTURE> 5 4.285770e-02
<MEAN> 6
 6.227693e+01 2.792239e+02 -2.912783e+02 -8.509395e-01 9.721703e+00 -5.819125e+01
<VARIANCE> 6
 3.171274e+01 1.309607e+04 1.362684e+04 2.998645e+02 4.044808e+04 5.191738e+07
<GCONST> 6.756012e+01
<MIXTURE> 6 4.276941e-02
<MEAN> 6
 8.918089e+01 -1.122659e+02 -6.147866e+02 -7.344103e+00 5.758018e+00 8.460844e+01
<VARIANCE> 6
 3.171274e+01 1.309607e+04 1.362684e+04 2.998645e+02 4.044808e+04 5.191738e+07
<GCONST> 6.756012e+01
<MIXTURE> 7 9.765968e-02
<MEAN> 6
 8.661919e+01 -1.930343e+02 -8.124868e+02 -7.831851e-01 2.466045e+00 8.175585e+00
<VARIANCE> 6
 3.171274e+01 1.309607e+04 1.362684e+04 2.998645e+02 4.044808e+04 5.191738e+07
<GCONST> 6.756012e+01
<MIXTURE> 8 1.097029e-01
<MEAN> 6
 9.639515e+01 1.197626e+02 -2.283323e+02 -2.905030e+00 -1.080141e+01 -1.665053e+02
<VARIANCE> 6
 3.171274e+01 1.309607e+04 1.362684e+04 2.998645e+02 4.044808e+04 5.191738e+07
<GCONST> 6.756012e+01
<MIXTURE> 9 9.246176e-02
<MEAN> 6
 8.729271e+01 -2.146231e+02 -8.406416e+02 -1.369482e-01 8.458706e-01 2.903997e+01
<VARIANCE> 6
 3.171274e+01 1.309607e+04 1.362684e+04 2.998645e+02 4.044808e+04 5.191738e+07
<GCONST> 6.756012e+01
<MIXTURE> 10 8.044801e-02
<MEAN> 6
 9.682651e+01 9.296592e+01 -3.004937e+02 -5.052658e+00 -6.836367e+00 -7.295930e+01
<VARIANCE> 6
 3.171274e+01 1.309607e+04 2.578151e+04 2.998645e+02 4.044808e+04 5.191738e+07
<GCONST> 6.819772e+01
<MIXTURE> 11 9.444378e-02
<MEAN> 6
 9.489625e+01 4.579236e+00 2.824068e+02 -4.233568e+00 8.071880e+00 3.302995e+02
<VARIANCE> 6
 4.432108e+01 2.140428e+05 1.683786e+05 2.998645e+02 4.044808e+04 5.191738e+07
<GCONST> 7.320290e+01
<STATE> 6
<NUMMIXES> 11
<MIXTURE> 1 1.519632e-01
<MEAN> 6
 6.077015e+01 3.299103e+03 7.606771e+02 3.357033e-02 -7.533454e+00 8.746302e+01
<VARIANCE> 6
 8.863745e+01 1.628552e+06 2.484454e+06 2.998645e+02 4.044808e+04 5.191738e+07
<GCONST> 7.861685e+01
<MIXTURE> 2 5.355193e-02
<MEAN> 6
 7.915666e+01 1.889831e+03 4.983598e+02 -4.893528e+00 7.999370e+00 -3.550584e+01
<VARIANCE> 6
 3.171274e+01 1.489060e+05 3.151355e+04 2.998645e+02 4.044808e+04 5.191738e+07
<GCONST> 7.082950e+01
<MIXTURE> 3 1.394268e-01
<MEAN> 6
 6.360666e+01 1.152921e+03 -2.279378e+02 -1.074757e+00 -4.847543e+00 6.464207e+00
<VARIANCE> 6
 3.171274e+01 1.241258e+05 1.512767e+04 2.998645e+02 4.044808e+04 5.191738e+07
<GCONST> 6.991357e+01
<MIXTURE> 4 1.053705e-01
<MEAN> 6
 7.784505e+01 1.242922e+03 -1.445013e+03 -3.362148e+00 4.974993e-01 8.429044e+00
<VARIANCE> 6
 3.171274e+01 1.309607e+04 1.017228e+05 2.998645e+02 4.044808e+04 5.191738e+07
<GCONST> 6.957033e+01
<MIXTURE> 5 8.392192e-02
<MEAN> 6
 8.072894e+01 1.034151e+03 2.050164e+02 -2.525824e+00 -1.316450e+01 2.915291e+02
<VARIANCE> 6
 3.440510e+01 1.752167e+04 4.828134e+05 2.998645e+02 4.044808e+04 5.191738e+07
<GCONST> 7.150032e+01
<MIXTURE> 6 8.569480e-02
<MEAN> 6
 5.877806e+01 1.035700e+03 -1.068111e+03 -8.195055e-01 -1.018613e+01 -1.166813e+02
<VARIANCE> 6
 3.171274e+01 1.447026e+04 1.362684e+04 2.998645e+02 4.044808e+04 5.191738e+07
<GCONST> 6.765990e+01
<MIXTURE> 7 8.184948e-02
<MEAN> 6
 6.561763e+01 1.315005e+03 -6.185920e+02 -5.054164e-01 -2.565514e+00 -8.322659e+01
<VARIANCE> 6
 3.171274e+01 1.309607e+04 1.362684e+04 2.998645e+02 4.044808e+04 5.191738e+07
<GCONST> 6.756012e+01
<MIXTURE> 8 5.330761e-02
<MEAN> 6
 6.994120e+01 6.943969e+02 6.839449e+02 -2.967658e+00 6.123314e+00 5.916559e+01
<VARIANCE> 6
 3.171274e+01 1.852875e+04 1.116671e+05 2.998645e+02 4.044808e+04 5.191738e+07
<GCONST> 7.001060e+01
<MIXTURE> 9 8.505331e-02
<MEAN> 6
 8.164413e+01 1.696191e+03 -2.614236e+02 -3.541396e+00 -1.182040e+01 9.150608e+01
<VARIANCE> 6
 3.171274e+01 2.220950e+05 1.948445e+04 2.998645e+02 4.044808e+04 5.191738e+07
<GCONST> 7.074849e+01
<MIXTURE> 10 8.212995e-02
<MEAN> 6
 6.586890e+01 1.329872e+03 -6.390847e+02 -7.295581e-01 -2.120623e+00 -6.307257e+01
<VARIANCE> 6
 3.171274e+01 1.309607e+04 1.362684e+04 2.998645e+02 4.044808e+04 5.191738e+07
<GCONST> 6.756012e+01
<MIXTURE> 11 7.770425e-02
<MEAN> 6
 7.788885e+01 9.609443e+02 3.516866e+02 -2.804782e+00 -8.178236e-01 2.815617e+02
<VARIANCE> 6
 3.171274e+01 2.504135e+04 7.839864e+05 2.998645e+02 4.044808e+04 5.191738e+07
<GCONST> 7.226068e+01
<STATE> 7
<NUMMIXES> 11
<MIXTURE> 1 1.098437e-01
<MEAN> 6
 5.675881e+01 2.355458e+01 4.047242e+02 -4.958898e-01 1.612820e+00 -1.060766e+02
<VARIANCE> 6
 3.171274e+01 1.309607e+04 1.362684e+04 2.998645e+02 4.044808e+04 5.191738e+07
<GCONST> 6.756012e+01
<MIXTURE> 2 7.100368e-02
<MEAN> 6
 5.933840e+01 3.254024e+02 -1.935304e+02 4.114114e-01 2.917223e+00 -9.847147e+01
<VARIANCE> 6
 3.171274e+01 1.841946e+04 2.593016e+04 2.998645e+02 4.044808e+04 5.191738e+07
<GCONST> 6.854457e+01
<MIXTURE> 3 8.144858e-02
<MEAN> 6
 6.147155e+01 -1.154226e+02 -2.310882e+02 1.221211e-01 -5.569000e+00 -9.925565e+01
<VARIANCE> 6
 3.171274e+01 1.309607e+04 9.441466e+04 2.998645e+02 4.044808e+04 5.191738e+07
<GCONST> 6.949577e+01
<MIXTURE> 4 1.117845e-01
<MEAN> 6
 6.079135e+01 -1.558038e+02 -3.079580e+02 2.978408e-01 -5.247635e+00 -9.640953e+01
<VARIANCE> 6
 3.171274e+01 1.309607e+04 6.004598e+04 2.998645e+02 4.044808e+04 5.191738e+07
<GCONST> 6.904318e+01
<MIXTURE> 5 7.919229e-02
<MEAN> 6
 6.064782e+01 2.054051e+01 1.489862e+02 4.750776e-01 -7.004125e-01 -1.373175e+02
<VARIANCE> 6
 3.171274e+01 1.309607e+04 2.650716e+04 2.998645e+02 4.044808e+04 5.191738e+07
<GCONST> 6.822549e+01
<MIXTURE> 6 1.085175e-01
<MEAN> 6
 6.273967e+01 9.851263e+01 -2.859857e+02 1.251817e-01 -2.264373e+00 -1.228864e+02
<VARIANCE> 6
 3.171274e+01 5.270294e+04 7.117052e+04 2.998645e+02 4.044808e+04 5.191738e+07
<GCONST> 7.060551e+01
<MIXTURE> 7 1.203119e-01
<MEAN> 6
 6.179382e+01 -1.232975e+02 -4.133391e+02 3.049128e-01 -5.590729e+00 -1.000623e+02
<VARIANCE> 6
 3.171274e+01 1.309607e+04 3.866067e+04 2.998645e+02 4.044808e+04 5.191738e+07
<GCONST> 6.860289e+01
<MIXTURE> 8 8.234946e-02
<MEAN> 6
 6.020033e+01 -5.445782e-01 2.772461e+01 2.369903e-01 -4.307684e+00 -1.522105e+02
<VARIANCE> 6
 3.171274e+01 1.431986e+04 1.362684e+04 2.998645e+02 4.044808e+04 5.191738e+07
<GCONST> 6.764944e+01
<MIXTURE> 9 6.276226e-02
<MEAN> 6
 5.937932e+01 2.130002e+01 2.084349e+02 2.407486e-01 1.778735e-01 -1.270561e+02
<VARIANCE> 6
 3.171274e+01 1.309607e+04 2.987309e+04 2.998645e+02 4.044808e+04 5.191738e+07
<GCONST> 6.834503e+01
<MIXTURE> 10 7.807377e-02
<MEAN> 6
 6.398772e+01 1.160250e+02 -4.264642e+02 -2.017137e-01 -5.054687e+00 -1.140586e+02
<VARIANCE> 6
 3.171274e+01 1.375017e+04 4.282715e+04 2.998645e+02 4.044808e+04 5.191738e+07
<GCONST> 6.875398e+01
<MIXTURE> 11 9.466273e-02
<MEAN> 6
 5.738904e+01 -7.645741e+01 -1.435673e+01 3.793345e-02 -5.341709e+00 -1.341866e+02
<VARIANCE> 6
 3.171274e+01 1.309607e+04 1.362684e+04 2.998645e+02 4.044808e+04 5.191738e+07
<GCONST> 6.756012e+01
<STATE> 8
<NUMMIXES> 11
<MIXTURE> 1 6.602863e-03
<MEAN> 6
 6.925684e+01 5.506594e-01 -1.220738e+03 4.044997e+00 -1.771093e+02 3.509384e+02
<VARIANCE> 6
 4.762507e+02 9.097019e+05 2.063748e+06 4.140663e+02 1.048613e+05 6.858882e+07
<GCONST> 8.108418e+01
<MIXTURE> 2 7.141192e-02
<MEAN> 6
 6.380142e+01 -3.561664e+02 -2.306905e+03 -2.711354e+00 -1.988012e+01 2.511821e+02
<VARIANCE> 6
 3.171274e+01 4.344665e+04 1.362684e+04 2.998645e+02 4.044808e+04 5.191738e+07
<GCONST> 6.875934e+01
<MIXTURE> 3 1.096863e-01
<MEAN> 6
 7.068452e+01 -3.878382e+02 -6.335469e+02 2.443861e-01 -2.456869e+01 -9.378123e+01
<VARIANCE> 6
 3.171274e+01 5.509530e+04 1.362684e+04 2.998645e+02 4.044808e+04 5.191738e+07
<GCONST> 6.899687e+01
<MIXTURE> 4 9.554440e-02
<MEAN> 6
 7.202308e+01 3.849146e+02 -4.625027e+02 -7.658247e-01 -2.094610e+01 -3.970613e+02
<VARIANCE> 6
 3.171274e+01 1.309607e+04 1.362684e+04 2.998645e+02 4.044808e+04 5.191738e+07
<GCONST> 6.756012e+01
<MIXTURE> 5 1.086815e-01
<MEAN> 6
 7.822065e+01 6.495007e+02 -8.680319e+02 -1.234100e-01 -2.684166e+00 -3.457016e+01
<VARIANCE> 6
 3.171274e+01 1.309607e+04 1.362684e+04 2.998645e+02 4.044808e+04 5.191738e+07
<GCONST> 6.756012e+01
<MIXTURE> 6 6.540079e-02
<MEAN> 6
 6.903377e+01 2.723796e+02 8.373600e+02 -5.981945e-01 1.661067e+00 -2.032185e-01
<VARIANCE> 6
 3.171274e+01 2.444252e+04 1.362684e+04 2.998645e+02 4.044808e+04 5.191738e+07
<GCONST> 6.818413e+01
<MIXTURE> 7 1.221863e-01
<MEAN> 6
 8.240696e+01 3.165071e+02 -6.897870e+02 -1.741686e+00 -5.828777e+00 -1.237396e+02
<VARIANCE> 6
 3.171274e+01 1.309607e+04 1.559091e+04 2.998645e+02 4.044808e+04 5.191738e+07
<GCONST> 6.769476e+01
<MIXTURE> 8 8.980891e-02
<MEAN> 6
 7.078902e+01 3.989113e+02 -1.270099e+03 -2.071436e+00 1.364775e+00 -2.142041e+00
<VARIANCE> 6
 3.171274e+01 1.309607e+04 1.362684e+04 2.998645e+02 4.044808e+04 5.191738e+07
<GCONST> 6.756012e+01
<MIXTURE> 9 1.082203e-01
<MEAN> 6
 7.105368e+01 -1.370649e+03 -6.790466e+02 -7.196120e-01 1.408125e+00 -2.989633e+01
<VARIANCE> 6
 3.171274e+01 9.548463e+04 1.362684e+04 2.998645e+02 4.044808e+04 5.191738e+07
<GCONST> 6.954677e+01
<MIXTURE> 10 1.139395e-01
<MEAN> 6
 8.191219e+01 3.056206e+02 -7.866138e+02 -2.891136e+00 -3.194824e+00 -8.222219e+01
<VARIANCE> 6
 3.171274e+01 1.309607e+04 1.362684e+04 2.998645e+02 4.044808e+04 5.191738e+07
<GCONST> 6.756012e+01
<MIXTURE> 11 1.084929e-01
<MEAN> 6
 7.821984e+01 6.494083e+02 -8.684167e+02 -1.236478e-01 -2.671957e+00 -3.443034e+01
<VARIANCE> 6
 3.171274e+01 1.309607e+04 1.362684e+04 2.998645e+02 4.044808e+04 5.191738e+07
<GCONST> 6.756012e+01
<STATE> 9
<NUMMIXES> 11
<MIXTURE> 1 7.199355e-02
<MEAN> 6
 1.110445e+02 5.951955e+02 2.596626e+02 -5.291852e+00 -9.718774e+00 -2.576922e+02
<VARIANCE> 6
 1.497400e+02 5.583286e+04 7.833573e+04 2.998645e+02 4.044808e+04 5.191738e+07
<GCONST> 7.231131e+01
<MIXTURE> 2 1.280662e-01
<MEAN> 6
 9.286171e+01 7.290119e+02 -2.325978e+03 -7.679996e-01 3.095939e+00 -6.522092e+01
<VARIANCE> 6
 3.171274e+01 1.309607e+04 1.610560e+05 2.998645e+02 4.044808e+04 5.191738e+07
<GCONST> 7.002983e+01
<MIXTURE> 3 1.263961e-01
<MEAN> 6
 9.861359e+01 4.914191e+02 -8.586758e+02 -4.551601e+00 1.907640e+00 3.264946e+01
<VARIANCE> 6
 3.171274e+01 1.309607e+04 6.773938e+04 2.998645e+02 4.044808e+04 5.191738e+07
<GCONST> 6.916374e+01
<MIXTURE> 4 1.325473e-01
<MEAN> 6
 1.012499e+02 9.890565e+02 2.188054e+02 -2.839964e+00 1.684277e+00 9.007504e+01
<VARIANCE> 6
 3.171274e+01 1.309607e+04 1.362684e+04 2.998645e+02 4.044808e+04 5.191738e+07
<GCONST> 6.756012e+01
<MIXTURE> 5 9.287479e-02
<MEAN> 6
 8.902639e+01 5.009400e+02 -1.338707e+03 2.399869e-01 -8.258802e+00 -1.576939e+02
<VARIANCE> 6
 3.171274e+01 2.126983e+04 1.362684e+04 2.998645e+02 4.044808e+04 5.191738e+07
<GCONST> 6.804509e+01
<MIXTURE> 6 7.641289e-02
<MEAN> 6
 9.419794e+01 4.555180e+02 6.232255e+01 -5.375200e+00 4.732389e+00 -2.157205e+01
<VARIANCE> 6
 3.171274e+01 1.309607e+04 1.362684e+04 2.998645e+02 4.044808e+04 5.191738e+07
<GCONST> 6.756012e+01
<MIXTURE> 7 9.344074e-02
<MEAN> 6
 1.021715e+02 5.528952e+02 -1.795417e+03 -3.677276e+00 2.045910e+00 1.267411e+02
<VARIANCE> 6
 3.171274e+01 1.886684e+04 1.362684e+04 2.998645e+02 4.044808e+04 5.191738e+07
<GCONST> 6.792520e+01
<MIXTURE> 8 8.058413e-02
<MEAN> 6
 1.021802e+02 7.375280e+02 1.983189e+02 -3.176597e+00 -1.279269e+00 4.559435e+01
<VARIANCE> 6
 3.171274e+01 1.803392e+04 1.815545e+04 2.998645e+02 4.044808e+04 5.191738e+07
<GCONST> 6.816699e+01
<MIXTURE> 9 2.447512e-02
<MEAN> 6
 9.929599e+01 7.346617e+02 -3.453966e+03 -5.751481e+00 1.190775e+01 -6.366203e+01
<VARIANCE> 6
 3.171274e+01 2.440187e+04 1.268165e+06 2.998645e+02 4.044808e+04 5.191738e+07
<GCONST> 7.271574e+01
<MIXTURE> 10 9.026993e-02
<MEAN> 6
 8.905910e+01 3.736742e+02 -1.308738e+03 -1.860065e+00 7.778430e-01 2.131101e+00
<VARIANCE> 6
 3.171274e+01 1.829108e+04 1.362684e+04 2.998645e+02 4.044808e+04 5.191738e+07
<GCONST> 6.789421e+01
<MIXTURE> 11 8.292165e-02
<MEAN> 6
 9.914367e+01 7.664328e+02 1.076637e+02 -3.348574e+00 7.908769e-02 7.032366e+01
<VARIANCE> 6
 3.171274e+01 1.364736e+04 1.362684e+04 2.998645e+02 4.044808e+04 5.191738e+07
<GCONST> 6.760135e+01
<STATE> 10
<NUMMIXES> 11
<MIXTURE> 1 9.349611e-02
<MEAN> 6
 8.184663e+01 3.748226e+02 2.430584e+02 -4.552155e-01 -1.529854e+00 -4.222155e+01
<VARIANCE> 6
 3.171274e+01 1.309607e+04 1.362684e+04 2.998645e+02 4.044808e+04 5.191738e+07
<GCONST> 6.756012e+01
<MIXTURE> 2 1.280683e-03
<MEAN> 6
 6.871644e+01 3.511649e+02 7.022046e+01 -1.107185e+01 -2.461492e+02 -2.746097e+03
<VARIANCE> 6
 1.093378e+03 8.877994e+05 1.542705e+06 4.525986e+02 1.137845e+05 1.076489e+08
<GCONST> 8.222129e+01
<MIXTURE> 3 7.959902e-02
<MEAN> 6
 8.212016e+01 -1.235164e+02 -2.670170e+02 -1.008996e-01 -3.466868e+00 -2.487110e+01
<VARIANCE> 6
 3.171274e+01 1.309607e+04 1.362684e+04 2.998645e+02 4.044808e+04 5.191738e+07
<GCONST> 6.756012e+01
<MIXTURE> 4 6.944750e-02
<MEAN> 6
 8.495638e+01 -1.212075e+02 -2.722219e+01 -8.206660e-02 -4.344724e-01 -2.583916e+01
<VARIANCE> 6
 3.171274e+01 1.309607e+04 1.362684e+04 2.998645e+02 4.044808e+04 5.191738e+07
<GCONST> 6.756012e+01
<MIXTURE> 5 9.448200e-02
<MEAN> 6
 8.210754e+01 -1.252905e+02 -2.681505e+02 -9.208453e-02 -3.447326e+00 -2.507238e+01
<VARIANCE> 6
 3.171274e+01 1.309607e+04 1.362684e+04 2.998645e+02 4.044808e+04 5.191738e+07
<GCONST> 6.756012e+01
<MIXTURE> 6 1.290184e-01
<MEAN> 6
 8.009940e+01 1.339771e+02 9.412935e+01 6.886906e-01 -8.607255e+00 -1.844565e+02
<VARIANCE> 6
 3.171274e+01 1.309607e+04 1.362684e+04 2.998645e+02 4.044808e+04 5.191738e+07
<GCONST> 6.756012e+01
<MIXTURE> 7 8.923058e-02
<MEAN> 6
 8.209390e+01 -1.271293e+02 -2.691042e+02 -8.388969e-02 -3.430601e+00 -2.541522e+01
<VARIANCE> 6
 3.171274e+01 1.309607e+04 1.362684e+04 2.998645e+02 4.044808e+04 5.191738e+07
<GCONST> 6.756012e+01
<MIXTURE> 8 1.527290e-01
<MEAN> 6
 8.491765e+01 -1.269147e+02 -2.975608e+01 -7.521355e-02 -4.375623e-01 -2.911511e+01
<VARIANCE> 6
 3.171274e+01 1.309607e+04 1.362684e+04 2.998645e+02 4.044808e+04 5.191738e+07
<GCONST> 6.756012e+01
<MIXTURE> 9 1.321618e-01
<MEAN> 6
 7.959676e+01 1.347436e+02 9.025819e+01 8.711955e-01 -9.477372e+00 -2.009002e+02
<VARIANCE> 6
 3.171274e+01 1.309607e+04 1.362684e+04 2.998645e+02 4.044808e+04 5.191738e+07
<GCONST> 6.756012e+01
<MIXTURE> 10 8.842119e-02
<MEAN> 6
 8.160489e+01 1.378710e+02 1.096952e+02 2.023176e-01 -6.223587e+00 -1.442311e+02
<VARIANCE> 6
 3.171274e+01 1.309607e+04 1.362684e+04 2.998645e+02 4.044808e+04 5.191738e+07
<GCONST> 6.756012e+01
<MIXTURE> 11 7.011274e-02
<MEAN> 6
 8.481413e+01 -1.289845e+02 -3.410966e+01 -7.984118e-02 -4.628817e-01 -3.237171e+01
<VARIANCE> 6
 3.171274e+01 1.309607e+04 1.362684e+04 2.998645e+02 4.044808e+04 5.191738e+07
<GCONST> 6.756012e+01
<STATE> 11
<NUMMIXES> 11
<MIXTURE> 1 1.364020e-01
<MEAN> 6
 9.916838e+01 1.425592e+03 2.351739e+03 -1.549126e+00 2.818609e+00 -2.875034e+00
<VARIANCE> 6
 3.171274e+01 2.429504e+04 1.778077e+05 2.998645e+02 4.044808e+04 5.191738e+07
<GCONST> 7.074673e+01
<MIXTURE> 2 1.907475e-02
<MEAN> 6
 8.609044e+01 4.004502e+02 3.250137e+03 1.880257e+01 2.824164e+02 -2.125485e+03
<VARIANCE> 6
 7.472701e+01 2.168847e+04 1.362684e+04 1.252637e+03 4.594835e+05 3.181623e+08
<GCONST> 7.459438e+01
<MIXTURE> 3 8.523423e-02
<MEAN> 6
 7.380038e+01 1.321047e+03 2.278095e+03 -5.304008e+00 1.046550e+01 1.097024e+02
<VARIANCE> 6
 3.171274e+01 1.309607e+04 1.362684e+04 2.998645e+02 4.044808e+04 5.191738e+07
<GCONST> 6.756012e+01
<MIXTURE> 4 8.949584e-02
<MEAN> 6
 9.535844e+01 5.924495e+02 2.180506e+03 2.317051e+00 -1.182583e+01 -6.561911e+01
<VARIANCE> 6
 3.171274e+01 1.309607e+04 1.362684e+04 2.998645e+02 4.044808e+04 5.191738e+07
<GCONST> 6.756012e+01
<MIXTURE> 5 8.318371e-02
<MEAN> 6
 8.212074e+01 -6.013669e+02 2.912933e+03 -1.826672e+00 -2.321399e+00 -6.631624e+01
<VARIANCE> 6
 3.171274e+01 1.309607e+04 1.362684e+04 2.998645e+02 4.044808e+04 5.191738e+07
<GCONST> 6.756012e+01
<MIXTURE> 6 1.165591e-01
<MEAN> 6
 1.008044e+02 4.546461e+01 2.383026e+03 -1.357337e+00 -2.501623e+01 1.143294e+02
<VARIANCE> 6
 1.092731e+02 1.233059e+05 3.734441e+05 2.998645e+02 4.044808e+04 5.191738e+07
<GCONST> 7.435033e+01
<MIXTURE> 7 7.557790e-02
<MEAN> 6
 1.015283e+02 9.720970e+02 1.894057e+03 -4.261019e+00 3.733480e+00 -3.271859e+01
<VARIANCE> 6
 3.171274e+01 3.328427e+04 2.082591e+05 2.998645e+02 4.044808e+04 5.191738e+07
<GCONST> 7.121962e+01
<MIXTURE> 8 9.114034e-02
<MEAN> 6
 8.769251e+01 3.845191e+02 1.927081e+03 -2.848770e+00 5.081501e+00 -4.743579e+01
<VARIANCE> 6
 3.171274e+01 1.309607e+04 1.362684e+04 2.998645e+02 4.044808e+04 5.191738e+07
<GCONST> 6.756012e+01
<MIXTURE> 9 9.922851e-02
<MEAN> 6
 1.000074e+02 -3.696841e+01 3.391754e+03 -4.845290e+00 1.015807e+00 6.824139e+00
<VARIANCE> 6
 3.171274e+01 1.309607e+04 1.362684e+04 2.998645e+02 4.044808e+04 5.191738e+07
<GCONST> 6.756012e+01
<MIXTURE> 10 1.112902e-01
<MEAN> 6
 7.529113e+01 -8.228709e+02 3.286555e+03 -1.406880e+00 1.025626e+00 -3.952793e+00
<VARIANCE> 6
 3.171274e+01 1.309607e+04 1.464876e+04 2.998645e+02 4.044808e+04 5.191738e+07
<GCONST> 6.763243e+01
<MIXTURE> 11 9.280722e-02
<MEAN> 6
 9.290536e+01 2.907201e+02 3.277972e+03 -8.803287e+00 -1.195612e+01 3.884346e+02
<VARIANCE> 6
 3.171274e+01 1.309607e+04 1.362684e+04 2.998645e+02 4.044808e+04 5.191738e+07
<GCONST> 6.756012e+01
<STATE> 12
<NUMMIXES> 11
<MIXTURE> 1 4.866871e-02
<MEAN> 6
 5.712481e+01 1.484730e+02 2.975221e+03 -5.338624e+00 -1.148289e+02 5.927974e+02
<VARIANCE> 6
 3.171274e+01 1.119661e+05 2.281764e+05 5.199136e+02 7.765830e+04 5.191738e+07
<GCONST> 7.372671e+01
<MIXTURE> 2 6.133403e-02
<MEAN> 6
 6.689975e+01 -6.542635e+01 3.583136e+03 -8.962934e+00 -2.190236e+00 1.729644e+02
<VARIANCE> 6
 3.171274e+01 1.309607e+04 2.927616e+05 2.998645e+02 4.044808e+04 5.191738e+07
<GCONST> 7.062743e+01
<MIXTURE> 3 7.185875e-02
<MEAN> 6
 7.518533e+01 1.307111e+03 -4.150444e+02 -1.009946e+02 -7.038450e+02 -2.665424e+03
<VARIANCE> 6
 3.447062e+02 3.820800e+05 3.212469e+05 3.507366e+03 1.944143e+05 1.024234e+08
<GCONST> 8.118829e+01
<MIXTURE> 4 9.542017e-02
<MEAN> 6
 5.440128e+01 5.553211e+01 2.924119e+03 -4.487679e+00 3.332554e+01 -7.590757e+01
<VARIANCE> 6
 3.171274e+01 1.309607e+04 1.362684e+04 2.998645e+02 4.044808e+04 5.191738e+07
<GCONST> 6.756012e+01
<MIXTURE> 5 1.202985e-01
<MEAN> 6
 5.451955e+01 4.181728e+00 1.891061e+01 -6.746497e+01 -7.321436e+02 -5.248754e+03
<VARIANCE> 6
 9.563268e+01 1.344137e+04 8.582134e+04 1.325141e+03 7.906386e+04 5.191738e+07
<GCONST> 7.268634e+01
<MIXTURE> 6 1.386002e-01
<MEAN> 6
 1.576694e+01 -1.039123e+02 -7.856924e+01 -2.309588e+02 -3.470513e+02 4.748536e+03
<VARIANCE> 6
 3.366692e+02 2.325770e+04 7.090372e+04 3.610991e+03 2.369879e+05 1.026043e+08
<GCONST> 7.708372e+01
<MIXTURE> 7 9.457630e-02
<MEAN> 6
 6.683276e+01 6.361152e+01 -1.573291e+02 -6.147263e+01 -1.179125e+03 -1.546718e+04
<VARIANCE> 6
 6.407620e+01 1.212775e+05 7.389723e+04 1.454615e+03 1.554594e+05 9.790756e+07
<GCONST> 7.573978e+01
<MIXTURE> 8 7.369971e-02
<MEAN> 6
 4.931149e+01 -2.867016e+01 -1.478748e+02 -2.467088e+02 -1.932996e+03 8.788059e+03
<VARIANCE> 6
 7.942454e+01 2.226852e+05 9.779027e+04 2.322506e+03 4.241556e+05 1.012802e+08
<GCONST> 7.834782e+01
<MIXTURE> 9 9.682552e-02
<MEAN> 6
 4.483418e+01 7.492972e+02 -2.871170e+02 -2.247359e+02 -1.263380e+03 -1.739233e+03
<VARIANCE> 6
 1.375881e+02 6.620029e+05 3.822266e+05 2.492839e+03 2.335988e+05 9.273930e+07
<GCONST> 8.073616e+01
<MIXTURE> 10 1.255118e-01
<MEAN> 6
 2.717298e+01 2.735666e+02 -1.929920e+02 -3.508680e+02 -1.251248e+03 1.176217e+04
<VARIANCE> 6
 1.015230e+02 2.577347e+05 3.431950e+05 2.394632e+03 3.778784e+05 2.721507e+08
<GCONST> 8.089847e+01
<MIXTURE> 11 7.319663e-02
<MEAN> 6
 5.872388e+01 -1.506135e+01 -1.220941e+02 -1.392929e+02 -1.901612e+03 -9.205783e+03
<VARIANCE> 6
 8.161711e+01 3.335351e+04 7.242620e+04 1.417333e+03 4.014397e+05 1.542418e+08
<GCONST> 7.604792e+01
<STATE> 13
<NUMMIXES> 11
<MIXTURE> 1 1.027981e-01
<MEAN> 6
 8.462677e+01 -4.269985e+02 1.438608e+03 -3.944721e+00 1.288833e+00 1.185244e+01
<VARIANCE> 6
 3.171274e+01 1.309607e+04 1.362684e+04 2.998645e+02 4.044808e+04 5.191738e+07
<GCONST> 6.756012e+01
<MIXTURE> 2 1.178478e-01
<MEAN> 6
 -3.196079e+01 2.204285e+02 -5.939499e+01 -3.107713e+02 2.074082e+03 2.442100e+04
<VARIANCE> 6
 4.850639e+02 3.818986e+05 4.760719e+05 9.496877e+03 1.390114e+06 9.073773e+08
<GCONST> 8.706746e+01
<MIXTURE> 3 9.901174e-02
<MEAN> 6
 7.419012e+01 -4.342253e+02 1.098431e+03 1.084493e-01 -2.571189e-01 -4.302072e+00
<VARIANCE> 6
 3.171274e+01 1.309607e+04 1.362684e+04 2.998645e+02 4.044808e+04 5.191738e+07
<GCONST> 6.756012e+01
<MIXTURE> 4 7.709018e-02
<MEAN> 6
 5.846450e+01 -2.391890e+02 8.745538e+02 -1.374911e+00 -1.468172e+01 -4.444349e+01
<VARIANCE> 6
 3.171274e+01 1.309607e+04 1.362684e+04 2.998645e+02 4.044808e+04 5.191738e+07
<GCONST> 6.756012e+01
<MIXTURE> 5 7.878964e-02
<MEAN> 6
 7.384604e+01 -4.257936e+02 8.854443e+02 -9.144511e-01 -1.081671e+01 -9.456651e+01
<VARIANCE> 6
 3.171274e+01 1.309607e+04 1.362684e+04 2.998645e+02 4.044808e+04 5.191738e+07
<GCONST> 6.756012e+01
<MIXTURE> 6 7.953224e-02
<MEAN> 6
 -4.441806e+00 3.281671e+02 -1.431005e+02 -4.080301e+02 -1.704450e+02 2.567599e+04
<VARIANCE> 6
 1.833125e+02 4.463330e+05 4.437084e+05 3.150042e+03 7.116483e+05 4.613323e+08
<GCONST> 8.373034e+01
<MIXTURE> 7 8.370925e-02
<MEAN> 6
 5.846451e+01 -2.391891e+02 8.745540e+02 -1.374906e+00 -1.468169e+01 -4.444336e+01
<VARIANCE> 6
 3.171274e+01 1.309607e+04 1.362684e+04 2.998645e+02 4.044808e+04 5.191738e+07
<GCONST> 6.756012e+01
<MIXTURE> 8 7.689156e-02
<MEAN> 6
 7.384952e+01 -4.253295e+02 8.897089e+02 -8.347440e-01 -9.878730e+00 -8.714223e+01
<VARIANCE> 6
 3.171274e+01 1.309607e+04 1.362684e+04 2.998645e+02 4.044808e+04 5.191738e+07
<GCONST> 6.756012e+01
<MIXTURE> 9 1.313100e-01
<MEAN> 6
 -5.511105e+01 2.777213e+02 -2.313627e+02 -1.011620e+02 1.752236e+03 -1.849395e+04
<VARIANCE> 6
 3.840850e+02 2.627119e+05 4.268767e+05 5.094715e+03 9.166325e+05 3.764574e+08
<GCONST> 8.443192e+01
<MIXTURE> 10 7.753522e-02
<MEAN> 6
 7.384410e+01 -4.260418e+02 8.832974e+02 -9.591575e-01 -1.133865e+01 -9.861764e+01
<VARIANCE> 6
 3.171274e+01 1.309607e+04 1.362684e+04 2.998645e+02 4.044808e+04 5.191738e+07
<GCONST> 6.756012e+01
<MIXTURE> 11 7.548061e-02
<MEAN> 6
 7.383883e+01 -4.266635e+02 8.783478e+02 -1.078743e+00 -1.271676e+01 -1.089734e+02
<VARIANCE> 6
 3.171274e+01 1.309607e+04 1.362684e+04 2.998645e+02 4.044808e+04 5.191738e+07
<GCONST> 6.756012e+01
<STATE> 14
<NUMMIXES> 11
<MIXTURE> 1 5.905550e-02
<MEAN> 6
 8.544814e+01 -3.088502e+02 1.116207e+02 -6.302406e+00 -1.203510e+01 -1.756427e+01
<VARIANCE> 6
 2.002377e+02 1.321745e+06 9.410016e+05 2.998645e+02 4.044808e+04 5.191738e+07
<GCONST> 7.825220e+01
<MIXTURE> 2 1.432878e-02
<MEAN> 6
 -7.417833e+00 1.568120e+02 1.923999e+01 -2.602045e+01 7.251777e+01 4.823261e+03
<VARIANCE> 6
 1.145046e+04 1.979685e+05 1.811436e+06 1.965326e+06 1.075491e+09 1.581685e+12
<GCONST> 1.103553e+02
<MIXTURE> 3 1.376303e-01
<MEAN> 6
 -3.582071e+01 -1.699781e+01 8.702917e+01 4.927255e+00 9.762819e+02 -3.923222e+02
<VARIANCE> 6
 3.914047e+02 1.235126e+05 1.502568e+05 3.533755e+04 3.699316e+05 1.906938e+08
<GCONST> 8.300116e+01
<MIXTURE> 4 7.423474e-02
<MEAN> 6
 2.985945e+01 -4.551742e+01 8.486966e+01 -4.060934e+01 -2.105045e+02 3.210828e+03
<VARIANCE> 6
 4.179339e+03 1.055943e+06 3.945276e+05 4.888094e+04 3.249442e+06 2.019082e+09
<GCONST> 9.333761e+01
<MIXTURE> 5 1.604531e-01
<MEAN> 6
 7.806158e+01 -6.112066e+01 9.104358e+00 -6.668347e+00 -2.775668e+01 -3.151934e+02
<VARIANCE> 6
 1.154865e+02 1.021351e+05 6.950083e+04 2.998645e+02 4.044808e+04 5.191738e+07
<GCONST> 7.253583e+01
<MIXTURE> 6 9.218154e-02
<MEAN> 6
 -3.167408e+00 -1.969910e+02 9.089169e+01 7.796762e+01 1.446456e+02 -1.653445e+03
<VARIANCE> 6
 2.080922e+03 1.237038e+06 7.510072e+05 2.820852e+04 3.110177e+05 5.191738e+07
<GCONST> 8.688538e+01
<MIXTURE> 7 8.242235e-02
<MEAN> 6
 6.893459e+01 8.288737e+01 -5.906804e+01 2.308197e+01 -4.706268e+02 -1.349533e+02
<VARIANCE> 6
 2.979997e+02 2.630032e+05 1.295082e+05 1.754683e+04 1.284917e+05 5.191738e+07
<GCONST> 8.027719e+01
<MIXTURE> 8 1.030192e-01
<MEAN> 6
 -5.000224e+01 6.090825e+01 2.204018e+01 2.805009e+01 3.359028e+02 1.717159e+02
<VARIANCE> 6
 2.626753e+02 6.657293e+04 9.431964e+04 1.972364e+03 9.964206e+04 5.191738e+07
<GCONST> 7.602017e+01
<MIXTURE> 9 9.205220e-02
<MEAN> 6
 5.080187e+01 3.090035e+01 1.386754e+01 -7.611743e+00 -5.036509e+02 -2.712621e+02
<VARIANCE> 6
 1.100070e+03 3.924158e+04 2.547003e+04 3.963152e+04 5.236304e+05 2.335696e+08
<GCONST> 8.177805e+01
<MIXTURE> 10 1.009845e-01
<MEAN> 6
 2.106530e+01 -1.563286e+01 1.785638e+01 -7.056635e+00 -1.166415e+02 3.709664e+01
<VARIANCE> 6
 6.636458e+02 5.198849e+04 7.792579e+04 4.565844e+04 1.895426e+05 8.760595e+07
<GCONST> 8.081697e+01
<MIXTURE> 11 8.288039e-02
<MEAN> 6
 6.732564e+01 3.078035e+01 -7.787955e+01 -2.195504e+01 -7.607690e+02 -7.967975e+02
<VARIANCE> 6
 3.247027e+02 3.038996e+05 2.069503e+05 2.419495e+04 2.291973e+05 5.972677e+07
<GCONST> 8.201639e+01
<TRANSP> 15
 0.000000e+00 1.000000e+00 0.000000e+00 0.000000e+00 0.000000e+00 0.000000e+00 0.000000e+00 0.000000e+00 0.000000e+00 0.000000e+00 0.000000e+00 0.000000e+00 0.000000e+00 0.000000e+00 0.000000e+00
 0.000000e+00 9.998944e-01 1.055542e-04 0.000000e+00 0.000000e+00 0.000000e+00 0.000000e+00 0.000000e+00 0.000000e+00 0.000000e+00 0.000000e+00 0.000000e+00 0.000000e+00 0.000000e+00 0.000000e+00
 0.000000e+00 0.000000e+00 9.968271e-01 3.172925e-03 0.000000e+00 0.000000e+00 0.000000e+00 0.000000e+00 0.000000e+00 0.000000e+00 0.000000e+00 0.000000e+00 0.000000e+00 0.000000e+00 0.000000e+00
 0.000000e+00 0.000000e+00 0.000000e+00 9.964252e-01 3.574829e-03 0.000000e+00 0.000000e+00 0.000000e+00 0.000000e+00 0.000000e+00 0.000000e+00 0.000000e+00 0.000000e+00 0.000000e+00 0.000000e+00
 0.000000e+00 0.000000e+00 0.000000e+00 0.000000e+00 9.965504e-01 3.449615e-03 0.000000e+00 0.000000e+00 0.000000e+00 0.000000e+00 0.000000e+00 0.000000e+00 0.000000e+00 0.000000e+00 0.000000e+00
 0.000000e+00 0.000000e+00 0.000000e+00 0.000000e+00 0.000000e+00 9.980025e-01 1.997526e-03 0.000000e+00 0.000000e+00 0.000000e+00 0.000000e+00 0.000000e+00 0.000000e+00 0.000000e+00 0.000000e+00
 0.000000e+00 0.000000e+00 0.000000e+00 0.000000e+00 0.000000e+00 0.000000e+00 9.992028e-01 7.972111e-04 0.000000e+00 0.000000e+00 0.000000e+00 0.000000e+00 0.000000e+00 0.000000e+00 0.000000e+00
 0.000000e+00 0.000000e+00 0.000000e+00 0.000000e+00 0.000000e+00 0.000000e+00 0.000000e+00 9.962049e-01 3.795141e-03 0.000000e+00 0.000000e+00 0.000000e+00 0.000000e+00 0.000000e+00 0.000000e+00
 0.000000e+00 0.000000e+00 0.000000e+00 0.000000e+00 0.000000e+00 0.000000e+00 0.000000e+00 0.000000e+00 9.974096e-01 2.590461e-03 0.000000e+00 0.000000e+00 0.000000e+00 0.000000e+00 0.000000e+00
 0.000000e+00 0.000000e+00 0.000000e+00 0.000000e+00 0.000000e+00 0.000000e+00 0.000000e+00 0.000000e+00 0.000000e+00 9.980574e-01 1.942632e-03 0.000000e+00 0.000000e+00 0.000000e+00 0.000000e+00
 0.000000e+00 0.000000e+00 0.000000e+00 0.000000e+00 0.000000e+00 0.000000e+00 0.000000e+00 0.000000e+00 0.000000e+00 0.000000e+00 9.962739e-01 3.726019e-03 0.000000e+00 0.000000e+00 0.000000e+00
 0.000000e+00 0.000000e+00 0.000000e+00 0.000000e+00 0.000000e+00 0.000000e+00 0.000000e+00 0.000000e+00 0.000000e+00 0.000000e+00 0.000000e+00 9.950722e-01 4.927739e-03 0.000000e+00 0.000000e+00
 0.000000e+00 0.000000e+00 0.000000e+00 0.000000e+00 0.000000e+00 0.000000e+00 0.000000e+00 0.000000e+00 0.000000e+00 0.000000e+00 0.000000e+00 0.000000e+00 9.969587e-01 3.041263e-03 0.000000e+00
 0.000000e+00 0.000000e+00 0.000000e+00 0.000000e+00 0.000000e+00 0.000000e+00 0.000000e+00 0.000000e+00 0.000000e+00 0.000000e+00 0.000000e+00 0.000000e+00 0.000000e+00 9.999275e-01 7.256784e-05
 0.000000e+00 0.000000e+00 0.000000e+00 0.000000e+00 0.000000e+00 0.000000e+00 0.000000e+00 0.000000e+00 0.000000e+00 0.000000e+00 0.000000e+00 0.000000e+00 0.000000e+00 0.000000e+00 0.000000e+00
<ENDHMM>
