~o
<STREAMINFO> 1 6
<VECSIZE> 6<NULLD><USER><DIAGC>
~h "SegundoPRIMARIA"
<BEGINHMM>
<NUMSTATES> 14
<STATE> 2
<NUMMIXES> 15
<MIXTURE> 1 5.727515e-02
<MEAN> 6
 3.333052e+01 6.734928e+01 2.818670e+01 3.171645e+02 -1.557637e+02 -8.428945e+03
<VARIANCE> 6
 8.931588e+02 1.010768e+05 1.702712e+05 5.485997e+03 5.366445e+05 1.911789e+08
<GCONST> 8.226258e+01
<MIXTURE> 2 2.452366e-02
<MEAN> 6
 7.519605e+01 2.285860e+01 2.140169e+02 1.292953e+01 -1.378663e+03 3.991736e+03
<VARIANCE> 6
 1.790960e+03 7.436775e+05 1.133161e+06 7.677200e+04 5.866196e+06 4.652192e+09
<GCONST> 9.507157e+01
<MIXTURE> 3 6.853186e-02
<MEAN> 6
 9.365428e+01 -1.272160e+02 -5.375691e+00 -5.421529e+00 -4.090571e+01 -4.246766e+02
<VARIANCE> 6
 1.431807e+02 2.070647e+05 1.570839e+05 3.003832e+02 4.056576e+04 5.205853e+07
<GCONST> 7.428031e+01
<MIXTURE> 4 4.862252e-02
<MEAN> 6
 -3.499130e+01 1.274610e+02 -4.198131e+00 1.192933e+02 1.077219e+03 -2.970555e+03
<VARIANCE> 6
 2.304010e+02 9.575468e+04 4.084611e+04 2.630341e+04 2.397606e+05 1.026422e+08
<GCONST> 7.956580e+01
<MIXTURE> 5 8.278525e-02
<MEAN> 6
 9.455164e+01 -2.302200e+01 5.434309e+01 2.294308e+01 -9.473555e+02 -1.052650e+03
<VARIANCE> 6
 3.247825e+02 2.293797e+05 1.361362e+05 1.867590e+04 1.437950e+06 6.512968e+08
<GCONST> 8.528316e+01
<MIXTURE> 6 8.255360e-02
<MEAN> 6
 9.777781e+00 1.842099e+01 7.497133e+01 -3.028959e+02 -1.715276e+01 1.049042e+04
<VARIANCE> 6
 5.279195e+02 6.362695e+04 9.457973e+04 1.225975e+04 7.311142e+05 3.806519e+08
<GCONST> 8.248799e+01
<MIXTURE> 7 5.898357e-02
<MEAN> 6
 6.365977e+01 -2.009788e+02 -2.854027e+02 1.593034e+00 -6.471539e+00 -8.002123e+01
<VARIANCE> 6
 4.807180e+01 2.377448e+05 1.363016e+05 3.003832e+02 4.056576e+04 5.205853e+07
<GCONST> 7.318515e+01
<MIXTURE> 8 6.218410e-02
<MEAN> 6
 -4.833852e+01 8.658181e+01 4.226973e+01 4.388279e+01 5.533348e+02 8.193979e+02
<VARIANCE> 6
 2.464704e+02 6.240503e+04 9.183775e+04 7.222621e+03 9.676922e+04 5.205853e+07
<GCONST> 7.713662e+01
<MIXTURE> 9 1.040601e-01
<MEAN> 6
 8.664007e+01 1.337387e+01 4.353626e+01 -2.542454e+00 -6.812946e+02 -1.370141e+03
<VARIANCE> 6
 2.412354e+02 6.661805e+04 5.190419e+04 1.593648e+04 1.697978e+05 6.557301e+07
<GCONST> 7.819433e+01
<MIXTURE> 10 1.015920e-01
<MEAN> 6
 7.600288e+01 1.665891e+01 -8.819592e+01 1.535204e-01 -7.266894e+00 -2.102749e+02
<VARIANCE> 6
 1.100391e+02 6.672917e+04 8.347506e+04 3.003832e+02 4.056576e+04 5.205853e+07
<GCONST> 7.225241e+01
<MIXTURE> 11 8.559296e-02
<MEAN> 6
 2.367355e+01 9.598647e+01 1.033069e+01 2.110109e+02 8.217208e+00 -1.205261e+03
<VARIANCE> 6
 7.553343e+02 9.393558e+04 3.960320e+04 4.450672e+03 1.536849e+05 5.205853e+07
<GCONST> 7.780280e+01
<MIXTURE> 12 6.072032e-02
<MEAN> 6
 -4.863432e+01 1.050104e+02 -3.197374e+01 -1.256517e+02 1.764795e+03 1.967307e+02
<VARIANCE> 6
 4.468256e+02 7.852122e+04 3.621122e+05 3.645828e+04 1.370396e+06 1.055860e+09
<GCONST> 8.661243e+01
<MIXTURE> 13 5.952718e-02
<MEAN> 6
 5.983410e+01 -2.030405e+01 1.931915e+02 -2.281841e+02 -9.623885e+02 7.275580e+02
<VARIANCE> 6
 2.956152e+02 8.223516e+04 2.833054e+05 7.904890e+03 4.707905e+05 9.236624e+07
<GCONST> 8.096662e+01
<MIXTURE> 14 5.243757e-02
<MEAN> 6
 -5.505060e+01 9.633830e+01 -5.945470e+00 3.812976e+00 1.570576e+02 2.767651e+02
<VARIANCE> 6
 2.014909e+02 8.479813e+04 9.626800e+04 4.624299e+02 7.028255e+04 5.205853e+07
<GCONST> 7.422058e+01
<MIXTURE> 15 5.010949e-02
<MEAN> 6
 -4.574170e+01 -2.786296e+01 -3.640954e+01 1.002384e+01 1.050168e+03 -2.244139e+03
<VARIANCE> 6
 3.558089e+02 1.352204e+05 4.141760e+04 2.617437e+04 2.746270e+05 1.420999e+08
<GCONST> 8.081552e+01
<STATE> 3
<NUMMIXES> 15
<MIXTURE> 1 5.684548e-02
<MEAN> 6
 9.970945e+01 1.492954e+02 1.499626e+01 -4.394539e+00 -8.815426e+00 4.859061e+02
<VARIANCE> 6
 3.171015e+01 1.281363e+04 1.155935e+04 3.003832e+02 4.056576e+04 5.205853e+07
<GCONST> 6.738103e+01
<MIXTURE> 2 3.108501e-02
<MEAN> 6
 9.517753e+01 5.648007e+02 -1.871819e+02 3.622345e+01 -5.082266e+01 -2.375636e+03
<VARIANCE> 6
 4.856052e+01 9.160573e+04 1.155935e+04 4.122139e+02 4.274782e+04 5.205853e+07
<GCONST> 7.014307e+01
<MIXTURE> 3 1.127605e-01
<MEAN> 6
 9.264760e+01 2.771495e+02 -4.571842e+02 5.644152e-01 1.581543e+01 -4.358835e+01
<VARIANCE> 6
 3.171015e+01 1.281363e+04 1.155935e+04 3.003832e+02 4.056576e+04 5.205853e+07
<GCONST> 6.738103e+01
<MIXTURE> 4 8.905594e-02
<MEAN> 6
 1.062044e+02 -3.693355e+00 -2.829207e+02 -1.193368e+00 -2.732096e+01 -2.573240e+02
<VARIANCE> 6
 3.171015e+01 1.281363e+04 1.155935e+04 3.003832e+02 4.056576e+04 5.205853e+07
<GCONST> 6.738103e+01
<MIXTURE> 5 2.729763e-02
<MEAN> 6
 9.400827e+01 2.559899e+02 -3.776579e+02 3.036344e+00 -3.904319e+00 -2.565485e+02
<VARIANCE> 6
 3.171015e+01 1.281363e+04 1.742171e+04 3.003832e+02 4.056576e+04 5.205853e+07
<GCONST> 6.779126e+01
<MIXTURE> 6 1.156888e-01
<MEAN> 6
 9.766248e+01 9.524549e+00 -4.651681e+02 -1.067477e+00 -5.157585e+00 -1.123462e+02
<VARIANCE> 6
 3.171015e+01 1.281363e+04 1.155935e+04 3.003832e+02 4.056576e+04 5.205853e+07
<GCONST> 6.738103e+01
<MIXTURE> 7 5.774333e-02
<MEAN> 6
 9.195361e+01 -8.648412e+01 -3.980047e+02 -3.963244e+00 -8.796657e+00 -1.152485e+02
<VARIANCE> 6
 3.171015e+01 1.281363e+04 1.155935e+04 3.003832e+02 4.056576e+04 5.205853e+07
<GCONST> 6.738103e+01
<MIXTURE> 8 3.434604e-02
<MEAN> 6
 9.463165e+01 2.613016e+02 -5.600869e+02 -1.544056e+00 3.124078e+00 1.242883e+01
<VARIANCE> 6
 3.171015e+01 1.281363e+04 1.594400e+04 3.003832e+02 4.056576e+04 5.205853e+07
<GCONST> 6.770262e+01
<MIXTURE> 9 8.995576e-02
<MEAN> 6
 9.328999e+01 1.809415e+02 -1.930439e+02 -1.749172e+00 4.364272e+01 -7.151597e+01
<VARIANCE> 6
 3.171015e+01 1.281363e+04 1.155935e+04 3.003832e+02 4.056576e+04 5.205853e+07
<GCONST> 6.738103e+01
<MIXTURE> 10 6.270398e-02
<MEAN> 6
 1.078267e+02 7.975996e+01 7.193201e+01 -1.737095e+01 8.201414e+01 6.724138e+03
<VARIANCE> 6
 6.484367e+01 3.298427e+05 1.854895e+05 1.355437e+03 9.638365e+05 6.961295e+08
<GCONST> 8.138797e+01
<MIXTURE> 11 7.895397e-02
<MEAN> 6
 9.394048e+01 8.468318e+01 -1.649278e+02 -5.580274e+00 7.959304e+00 2.618315e+02
<VARIANCE> 6
 3.171015e+01 1.445856e+04 1.155935e+04 3.003832e+02 4.056576e+04 5.205853e+07
<GCONST> 6.750181e+01
<MIXTURE> 12 6.005339e-02
<MEAN> 6
 9.572502e+01 2.575292e+02 -6.649573e+02 -3.176800e+00 2.076790e+00 3.359402e+01
<VARIANCE> 6
 3.171015e+01 1.281363e+04 1.155935e+04 3.003832e+02 4.056576e+04 5.205853e+07
<GCONST> 6.738103e+01
<MIXTURE> 13 5.567741e-02
<MEAN> 6
 9.949068e+01 1.534699e+02 1.000203e+01 -4.311929e+00 -5.850384e+00 4.372172e+02
<VARIANCE> 6
 3.171015e+01 1.281363e+04 1.155935e+04 3.003832e+02 4.056576e+04 5.205853e+07
<GCONST> 6.738103e+01
<MIXTURE> 14 7.709282e-02
<MEAN> 6
 9.794576e+01 5.138204e+02 -2.156343e+02 -7.514252e+00 -5.909155e+01 9.494861e+02
<VARIANCE> 6
 3.171015e+01 1.325984e+04 1.155935e+04 3.003832e+02 4.056576e+04 5.205853e+07
<GCONST> 6.741526e+01
<MIXTURE> 15 5.071452e-02
<MEAN> 6
 1.036942e+02 -3.076299e+02 -3.024314e+02 -1.090152e+01 -2.472303e+02 1.403223e+04
<VARIANCE> 6
 1.417850e+02 7.317049e+05 1.554260e+05 1.932688e+03 1.171612e+06 9.556349e+08
<GCONST> 8.365707e+01
<STATE> 4
<NUMMIXES> 15
<MIXTURE> 1 3.280709e-02
<MEAN> 6
 1.005750e+02 8.004576e+02 3.113576e+02 -5.086668e+00 -3.961303e+00 7.775129e+01
<VARIANCE> 6
 3.171015e+01 1.281363e+04 1.155935e+04 3.003832e+02 4.056576e+04 5.205853e+07
<GCONST> 6.738103e+01
<MIXTURE> 2 1.115557e-02
<MEAN> 6
 1.087614e+02 -2.377330e+02 6.953563e+01 -1.739815e+01 -6.572662e+01 1.386763e+03
<VARIANCE> 6
 1.837625e+02 2.429272e+05 2.140445e+05 3.003832e+02 7.202065e+04 5.205853e+07
<GCONST> 7.557301e+01
<MIXTURE> 3 8.258211e-02
<MEAN> 6
 9.300451e+01 1.577038e+02 2.373669e+02 -2.705561e+00 -4.336931e+00 1.105549e+02
<VARIANCE> 6
 3.171015e+01 1.281363e+04 1.522297e+04 3.003832e+02 4.056576e+04 5.205853e+07
<GCONST> 6.765634e+01
<MIXTURE> 4 8.259661e-02
<MEAN> 6
 8.958427e+01 5.000831e+02 2.112619e+02 -2.140935e+00 -5.586651e+00 9.322388e+01
<VARIANCE> 6
 3.171015e+01 4.980293e+04 1.155935e+04 3.003832e+02 4.056576e+04 5.205853e+07
<GCONST> 6.873859e+01
<MIXTURE> 5 1.028623e-01
<MEAN> 6
 1.059146e+02 -3.176904e+02 2.179494e+02 -8.359386e+00 -2.466786e+01 3.942915e+02
<VARIANCE> 6
 3.171015e+01 1.964973e+04 1.155935e+04 3.003832e+02 4.056576e+04 5.205853e+07
<GCONST> 6.780859e+01
<MIXTURE> 6 9.656514e-02
<MEAN> 6
 9.529447e+01 -1.033161e+02 7.918236e+01 -2.084761e+00 -1.260599e-01 -3.148865e+01
<VARIANCE> 6
 3.171015e+01 1.339232e+04 1.155935e+04 3.003832e+02 4.056576e+04 5.205853e+07
<GCONST> 6.742520e+01
<MIXTURE> 7 5.632907e-02
<MEAN> 6
 9.637737e+01 -7.015444e+02 5.239684e+00 1.718999e+00 -1.332271e+01 5.953028e+01
<VARIANCE> 6
 3.171015e+01 7.966536e+04 1.155935e+04 3.003832e+02 4.056576e+04 5.205853e+07
<GCONST> 6.920836e+01
<MIXTURE> 8 9.329958e-02
<MEAN> 6
 9.752206e+01 -7.000695e+01 7.225893e+01 -2.997556e+00 -1.843085e+00 1.976836e+01
<VARIANCE> 6
 3.199196e+01 1.281363e+04 1.155935e+04 3.003832e+02 4.056576e+04 5.205853e+07
<GCONST> 6.738988e+01
<MIXTURE> 9 8.999220e-02
<MEAN> 6
 9.028025e+01 -3.423440e+02 7.075785e+01 -4.749548e+00 1.259092e+01 9.503394e+01
<VARIANCE> 6
 3.171015e+01 1.281363e+04 1.155935e+04 3.003832e+02 4.056576e+04 5.205853e+07
<GCONST> 6.738103e+01
<MIXTURE> 10 6.228717e-02
<MEAN> 6
 9.236380e+01 8.124874e+02 1.898237e+02 -2.688055e+00 1.013964e+00 5.378824e+01
<VARIANCE> 6
 3.171015e+01 1.281363e+04 1.155935e+04 3.003832e+02 4.056576e+04 5.205853e+07
<GCONST> 6.738103e+01
<MIXTURE> 11 4.634159e-02
<MEAN> 6
 9.651092e+01 -5.552795e+01 8.395981e+01 -2.521882e+00 -2.056741e+00 -1.736243e+01
<VARIANCE> 6
 3.171015e+01 1.281363e+04 1.155935e+04 3.003832e+02 4.056576e+04 5.205853e+07
<GCONST> 6.738103e+01
<MIXTURE> 12 7.149564e-02
<MEAN> 6
 9.440250e+01 1.121181e+02 1.510217e+02 -3.029436e+00 1.453992e+00 2.127185e+01
<VARIANCE> 6
 3.171015e+01 1.281363e+04 1.155935e+04 3.003832e+02 4.056576e+04 5.205853e+07
<GCONST> 6.738103e+01
<MIXTURE> 13 6.272007e-02
<MEAN> 6
 9.674839e+01 -5.309372e+02 9.872649e+01 2.007995e+00 -2.602249e+01 7.257735e+01
<VARIANCE> 6
 3.455639e+01 1.281363e+04 1.155935e+04 3.003832e+02 4.056576e+04 5.205853e+07
<GCONST> 6.746699e+01
<MIXTURE> 14 6.213837e-02
<MEAN> 6
 9.282421e+01 7.874722e+02 1.925889e+02 -2.947980e+00 1.857952e-01 4.704200e+01
<VARIANCE> 6
 3.171015e+01 1.281363e+04 1.155935e+04 3.003832e+02 4.056576e+04 5.205853e+07
<GCONST> 6.738103e+01
<MIXTURE> 15 4.680566e-02
<MEAN> 6
 9.544910e+01 -1.035019e+02 7.010156e+01 -2.113099e+00 -4.844872e-01 -2.083434e+01
<VARIANCE> 6
 3.171015e+01 1.281363e+04 1.155935e+04 3.003832e+02 4.056576e+04 5.205853e+07
<GCONST> 6.738103e+01
<STATE> 5
<NUMMIXES> 15
<MIXTURE> 1 8.596334e-02
<MEAN> 6
 9.308926e+01 1.035433e+03 1.189475e+03 -3.445049e+00 -1.307331e+00 1.113961e+02
<VARIANCE> 6
 3.171015e+01 2.024134e+04 1.155935e+04 3.003832e+02 4.056576e+04 5.205853e+07
<GCONST> 6.783825e+01
<MIXTURE> 2 6.262810e-02
<MEAN> 6
 1.008174e+02 -3.432965e+02 1.057039e+03 1.458426e+00 7.750969e+00 -3.079051e+02
<VARIANCE> 6
 3.171015e+01 1.281363e+04 1.155935e+04 3.003832e+02 4.056576e+04 5.205853e+07
<GCONST> 6.738103e+01
<MIXTURE> 3 8.474944e-02
<MEAN> 6
 9.055940e+01 -1.345658e+03 7.931847e+02 -1.909149e-01 7.797681e-03 -2.810512e+02
<VARIANCE> 6
 3.171015e+01 1.281363e+04 1.155935e+04 3.003832e+02 4.056576e+04 5.205853e+07
<GCONST> 6.738103e+01
<MIXTURE> 4 1.145968e-01
<MEAN> 6
 1.008891e+02 -3.347415e+02 6.472644e+02 -7.636978e+00 -1.971760e+01 6.683090e+01
<VARIANCE> 6
 3.171015e+01 1.281363e+04 1.258333e+04 3.003832e+02 4.056576e+04 5.205853e+07
<GCONST> 6.746591e+01
<MIXTURE> 5 7.423646e-02
<MEAN> 6
 9.118060e+01 -1.199057e+02 4.529203e+02 3.000777e+00 9.739384e+00 -5.879893e+01
<VARIANCE> 6
 3.171015e+01 1.537042e+04 1.155935e+04 3.003832e+02 4.056576e+04 5.205853e+07
<GCONST> 6.756297e+01
<MIXTURE> 6 6.953809e-02
<MEAN> 6
 9.745085e+01 -6.296950e+02 5.877839e+02 -6.363789e-01 1.834399e+00 -2.008644e+02
<VARIANCE> 6
 3.171015e+01 1.281363e+04 1.155935e+04 3.003832e+02 4.056576e+04 5.205853e+07
<GCONST> 6.738103e+01
<MIXTURE> 7 1.164130e-01
<MEAN> 6
 8.590253e+01 -3.777605e+02 3.204367e+02 -8.240733e+00 1.493158e+01 2.153083e+02
<VARIANCE> 6
 3.171015e+01 1.281363e+04 1.155935e+04 3.003832e+02 4.056576e+04 5.205853e+07
<GCONST> 6.738103e+01
<MIXTURE> 8 5.802983e-02
<MEAN> 6
 9.022768e+01 -1.443971e+03 8.504876e+02 -1.226798e-01 2.406818e+00 5.237985e+01
<VARIANCE> 6
 3.171015e+01 1.281363e+04 1.155935e+04 3.003832e+02 4.056576e+04 5.205853e+07
<GCONST> 6.738103e+01
<MIXTURE> 9 8.043610e-02
<MEAN> 6
 9.708265e+01 -5.892985e+02 4.704311e+02 -1.540810e+00 -2.131172e+00 -1.060177e+02
<VARIANCE> 6
 3.171015e+01 1.281363e+04 1.559500e+04 3.003832e+02 4.056576e+04 5.205853e+07
<GCONST> 6.768049e+01
<MIXTURE> 10 1.371044e-02
<MEAN> 6
 7.955499e+01 -8.818541e+02 -2.457932e+02 -1.540693e+01 1.673969e+02 -6.208315e+02
<VARIANCE> 6
 9.642146e+01 6.657601e+05 3.044544e+05 3.534250e+02 4.119597e+04 5.205853e+07
<GCONST> 7.589260e+01
<MIXTURE> 11 4.378305e-02
<MEAN> 6
 7.918600e+01 -7.506495e+02 4.136505e+02 -8.471550e+00 9.110633e+00 8.586719e+01
<VARIANCE> 6
 3.171015e+01 1.281363e+04 1.155935e+04 3.003832e+02 4.056576e+04 5.205853e+07
<GCONST> 6.738103e+01
<MIXTURE> 12 2.170534e-02
<MEAN> 6
 9.314349e+01 -2.363540e+02 4.301150e+02 -2.362115e+00 -2.508657e+02 -1.294049e+03
<VARIANCE> 6
 3.318759e+01 1.281363e+04 1.155935e+04 3.003832e+02 1.181316e+05 5.205853e+07
<GCONST> 6.849545e+01
<MIXTURE> 13 4.634850e-02
<MEAN> 6
 8.954169e+01 -3.813792e+02 7.713652e+02 -1.265742e+01 5.619790e+01 5.108481e+02
<VARIANCE> 6
 4.113595e+01 1.281363e+04 1.155935e+04 3.003832e+02 4.056576e+04 5.205853e+07
<GCONST> 6.764128e+01
<MIXTURE> 14 6.978467e-02
<MEAN> 6
 9.744869e+01 -6.294547e+02 5.861678e+02 -6.323236e-01 1.809400e+00 -1.970073e+02
<VARIANCE> 6
 3.171015e+01 1.281363e+04 1.155935e+04 3.003832e+02 4.056576e+04 5.205853e+07
<GCONST> 6.738103e+01
<MIXTURE> 15 5.805349e-02
<MEAN> 6
 9.020908e+01 -1.448899e+03 8.535852e+02 -1.370253e-01 2.339276e+00 6.164692e+01
<VARIANCE> 6
 3.171015e+01 1.281363e+04 1.155935e+04 3.003832e+02 4.056576e+04 5.205853e+07
<GCONST> 6.738103e+01
<STATE> 6
<NUMMIXES> 15
<MIXTURE> 1 6.888160e-02
<MEAN> 6
 7.560926e+01 2.005960e+02 -1.357836e+03 2.337256e+00 1.889938e+01 3.236594e+01
<VARIANCE> 6
 3.171015e+01 1.281363e+04 1.155935e+04 3.003832e+02 4.056576e+04 5.205853e+07
<GCONST> 6.738103e+01
<MIXTURE> 2 4.852815e-02
<MEAN> 6
 8.047471e+01 3.969638e+02 -2.008331e+03 8.445393e-01 -2.053795e+01 -5.800034e+02
<VARIANCE> 6
 3.171015e+01 1.281363e+04 1.155935e+04 3.003832e+02 4.056576e+04 5.205853e+07
<GCONST> 6.738103e+01
<MIXTURE> 3 2.374932e-02
<MEAN> 6
 7.664254e+01 1.426716e+01 -1.855914e+03 4.764912e+01 -3.276628e+02 -6.392371e+02
<VARIANCE> 6
 1.357063e+02 3.724063e+05 1.355349e+06 2.468423e+03 9.434303e+04 5.205853e+07
<GCONST> 7.991898e+01
<MIXTURE> 4 5.667109e-02
<MEAN> 6
 8.175294e+01 1.886599e+02 -2.380747e+03 5.944057e-01 -3.558674e+00 4.367730e+01
<VARIANCE> 6
 3.171015e+01 1.281363e+04 1.155935e+04 3.003832e+02 4.056576e+04 5.205853e+07
<GCONST> 6.738103e+01
<MIXTURE> 5 9.387976e-02
<MEAN> 6
 7.460500e+01 3.470307e+01 -1.787434e+03 -5.717269e-01 1.574445e+01 -8.068486e+01
<VARIANCE> 6
 3.171015e+01 1.281363e+04 1.747336e+04 3.003832e+02 4.056576e+04 5.205853e+07
<GCONST> 6.779422e+01
<MIXTURE> 6 7.645585e-02
<MEAN> 6
 8.079617e+01 5.582975e+01 -2.164690e+03 -1.681720e+00 -1.911205e+01 -1.983864e+02
<VARIANCE> 6
 3.171015e+01 1.281363e+04 1.155935e+04 3.003832e+02 4.056576e+04 5.205853e+07
<GCONST> 6.738103e+01
<MIXTURE> 7 9.433371e-02
<MEAN> 6
 7.558489e+01 1.930834e+02 -1.365706e+03 2.352994e+00 1.764362e+01 3.078465e-01
<VARIANCE> 6
 3.171015e+01 1.281363e+04 1.155935e+04 3.003832e+02 4.056576e+04 5.205853e+07
<GCONST> 6.738103e+01
<MIXTURE> 8 8.541194e-02
<MEAN> 6
 7.522224e+01 4.429049e+02 -2.120186e+03 2.341411e+00 -1.961593e+00 -2.800887e+00
<VARIANCE> 6
 3.171015e+01 1.281363e+04 1.155935e+04 3.003832e+02 4.056576e+04 5.205853e+07
<GCONST> 6.738103e+01
<MIXTURE> 9 5.643935e-02
<MEAN> 6
 8.176633e+01 1.911292e+02 -2.380136e+03 5.905618e-01 -3.249187e+00 3.867327e+01
<VARIANCE> 6
 3.171015e+01 1.281363e+04 1.155935e+04 3.003832e+02 4.056576e+04 5.205853e+07
<GCONST> 6.738103e+01
<MIXTURE> 10 7.550953e-02
<MEAN> 6
 8.084081e+01 5.667509e+01 -2.167774e+03 -1.608119e+00 -1.840052e+01 -1.906459e+02
<VARIANCE> 6
 3.171015e+01 1.281363e+04 1.155935e+04 3.003832e+02 4.056576e+04 5.205853e+07
<GCONST> 6.738103e+01
<MIXTURE> 11 8.614210e-02
<MEAN> 6
 7.522157e+01 4.429133e+02 -2.120216e+03 2.341688e+00 -1.959032e+00 -2.770604e+00
<VARIANCE> 6
 3.171015e+01 1.281363e+04 1.155935e+04 3.003832e+02 4.056576e+04 5.205853e+07
<GCONST> 6.738103e+01
<MIXTURE> 12 6.699336e-02
<MEAN> 6
 7.539947e+01 1.392526e+02 -1.437333e+03 2.902534e+00 1.310367e+01 -3.931455e+02
<VARIANCE> 6
 3.171015e+01 1.281363e+04 1.155935e+04 3.003832e+02 4.056576e+04 5.205853e+07
<GCONST> 6.738103e+01
<MIXTURE> 13 5.514732e-02
<MEAN> 6
 7.532046e+01 4.417340e+02 -2.116717e+03 2.311573e+00 -2.270289e+00 -7.077793e+00
<VARIANCE> 6
 3.171015e+01 1.281363e+04 1.155935e+04 3.003832e+02 4.056576e+04 5.205853e+07
<GCONST> 6.738103e+01
<MIXTURE> 14 5.588756e-02
<MEAN> 6
 8.171387e+01 1.758915e+02 -2.376770e+03 5.861057e-01 -4.234190e+00 5.479234e+01
<VARIANCE> 6
 3.171015e+01 1.281363e+04 1.155935e+04 3.003832e+02 4.056576e+04 5.205853e+07
<GCONST> 6.738103e+01
<MIXTURE> 15 5.595906e-02
<MEAN> 6
 8.165368e+01 1.685594e+02 -2.379743e+03 6.162078e-01 -5.677048e+00 7.617619e+01
<VARIANCE> 6
 3.171015e+01 1.281363e+04 1.155935e+04 3.003832e+02 4.056576e+04 5.205853e+07
<GCONST> 6.738103e+01
<STATE> 7
<NUMMIXES> 15
<MIXTURE> 1 7.168680e-02
<MEAN> 6
 1.259195e+02 1.897802e+02 2.376269e+02 -4.929493e+00 -1.529998e+01 2.970759e+02
<VARIANCE> 6
 3.171015e+01 1.597004e+04 1.155935e+04 3.003832e+02 4.056576e+04 5.205853e+07
<GCONST> 6.760123e+01
<MIXTURE> 2 7.028030e-02
<MEAN> 6
 9.735319e+01 -4.072666e+02 -5.269442e+02 1.076301e+00 -4.130416e+00 -8.684467e+01
<VARIANCE> 6
 3.171015e+01 1.281363e+04 1.155935e+04 3.003832e+02 4.056576e+04 5.205853e+07
<GCONST> 6.738103e+01
<MIXTURE> 3 7.221577e-02
<MEAN> 6
 1.132127e+02 -6.406227e+02 1.017834e+02 -3.328025e+00 -3.436978e+00 2.250834e+01
<VARIANCE> 6
 3.171015e+01 1.281363e+04 2.302131e+04 3.003832e+02 4.056576e+04 5.205853e+07
<GCONST> 6.806996e+01
<MIXTURE> 4 7.541972e-02
<MEAN> 6
 9.469389e+01 -6.445538e+02 -1.691694e+02 -3.357987e+00 -3.906388e+00 1.318839e+02
<VARIANCE> 6
 3.171015e+01 1.281363e+04 1.155935e+04 3.003832e+02 4.056576e+04 5.205853e+07
<GCONST> 6.738103e+01
<MIXTURE> 5 1.007099e-01
<MEAN> 6
 1.129580e+02 1.014689e+02 -4.247103e+02 -5.342156e+00 -1.000270e+01 -3.478267e+02
<VARIANCE> 6
 3.171015e+01 2.745298e+05 1.155935e+04 3.003832e+02 4.056576e+04 5.205853e+07
<GCONST> 7.044558e+01
<MIXTURE> 6 5.465675e-02
<MEAN> 6
 1.095944e+02 -1.199925e+03 -8.702440e+02 -2.301424e+00 -3.459668e+01 -5.304951e+02
<VARIANCE> 6
 3.171015e+01 1.281363e+04 1.155935e+04 3.003832e+02 4.056576e+04 5.205853e+07
<GCONST> 6.738103e+01
<MIXTURE> 7 5.083353e-02
<MEAN> 6
 1.095041e+02 1.858337e+01 3.930673e+02 1.023821e+00 -4.816998e+00 -7.297504e+01
<VARIANCE> 6
 3.171015e+01 2.272010e+04 1.155935e+04 3.003832e+02 4.056576e+04 5.205853e+07
<GCONST> 6.795377e+01
<MIXTURE> 8 5.706352e-02
<MEAN> 6
 8.528700e+01 -5.218532e+02 -3.880088e+02 -3.127952e-01 1.927661e+01 -1.582531e+02
<VARIANCE> 6
 3.171015e+01 1.281363e+04 1.155935e+04 3.003832e+02 4.056576e+04 5.205853e+07
<GCONST> 6.738103e+01
<MIXTURE> 9 5.883354e-02
<MEAN> 6
 1.113540e+02 -1.632436e+01 2.868846e+02 -3.150494e+00 5.837765e+00 9.885407e+01
<VARIANCE> 6
 3.171015e+01 1.281363e+04 1.155935e+04 3.003832e+02 4.056576e+04 5.205853e+07
<GCONST> 6.738103e+01
<MIXTURE> 10 6.094358e-02
<MEAN> 6
 1.052927e+02 -9.638113e+02 1.500074e+02 -5.918051e+00 -1.938941e+01 -1.536788e+02
<VARIANCE> 6
 3.171015e+01 1.818394e+04 6.196426e+04 3.003832e+02 4.056576e+04 5.205853e+07
<GCONST> 6.941013e+01
<MIXTURE> 11 6.997991e-02
<MEAN> 6
 9.735319e+01 -4.072748e+02 -5.269451e+02 1.076877e+00 -4.131610e+00 -8.688721e+01
<VARIANCE> 6
 3.171015e+01 1.281363e+04 1.155935e+04 3.003832e+02 4.056576e+04 5.205853e+07
<GCONST> 6.738103e+01
<MIXTURE> 12 7.356661e-02
<MEAN> 6
 1.081226e+02 -7.232105e+02 -2.701328e+02 -4.599278e+00 -2.274994e+00 1.102979e+02
<VARIANCE> 6
 3.171015e+01 1.281363e+04 1.736971e+04 3.003832e+02 4.056576e+04 5.205853e+07
<GCONST> 6.778827e+01
<MIXTURE> 13 7.346049e-02
<MEAN> 6
 1.008988e+02 -8.842873e+02 -7.975529e+01 -2.223492e+00 -1.299703e+00 -3.368011e+01
<VARIANCE> 6
 3.171015e+01 1.281363e+04 1.155935e+04 3.003832e+02 4.056576e+04 5.205853e+07
<GCONST> 6.738103e+01
<MIXTURE> 14 5.783683e-02
<MEAN> 6
 1.130365e+02 -2.705291e+01 2.445278e+02 -4.173343e+00 1.119434e+01 2.402706e+01
<VARIANCE> 6
 3.171015e+01 1.281363e+04 1.155935e+04 3.003832e+02 4.056576e+04 5.205853e+07
<GCONST> 6.738103e+01
<MIXTURE> 15 5.250040e-02
<MEAN> 6
 1.098791e+02 -9.087599e+00 3.566500e+02 -6.329620e-01 1.715540e+00 6.931856e+01
<VARIANCE> 6
 3.171015e+01 1.281363e+04 1.155935e+04 3.003832e+02 4.056576e+04 5.205853e+07
<GCONST> 6.738103e+01
<STATE> 8
<NUMMIXES> 15
<MIXTURE> 1 5.488135e-02
<MEAN> 6
 7.022720e+01 1.643337e+02 -2.238968e+02 -4.215832e-01 -2.163275e+01 -1.919981e+02
<VARIANCE> 6
 3.171015e+01 1.281363e+04 1.155935e+04 3.003832e+02 4.056576e+04 5.205853e+07
<GCONST> 6.738103e+01
<MIXTURE> 2 8.358558e-02
<MEAN> 6
 7.623428e+01 -2.332483e+02 -5.091804e+02 7.612565e-01 -4.670348e+00 -1.613247e+02
<VARIANCE> 6
 3.171015e+01 1.281363e+04 1.155935e+04 3.003832e+02 4.056576e+04 5.205853e+07
<GCONST> 6.738103e+01
<MIXTURE> 3 7.648919e-03
<MEAN> 6
 7.715845e+01 -2.280868e+02 2.233798e+01 1.807730e+00 5.993600e+01 2.930706e+02
<VARIANCE> 6
 1.343074e+02 5.326215e+05 2.833122e+05 3.003832e+02 6.701743e+04 5.205853e+07
<GCONST> 7.625291e+01
<MIXTURE> 4 8.218306e-02
<MEAN> 6
 6.853255e+01 2.702929e+01 -8.222205e+02 -4.375961e-01 -8.304665e+00 -2.565927e+02
<VARIANCE> 6
 3.171015e+01 1.281363e+04 1.155935e+04 3.003832e+02 4.056576e+04 5.205853e+07
<GCONST> 6.738103e+01
<MIXTURE> 5 6.972454e-02
<MEAN> 6
 7.156366e+01 8.234116e+01 -4.447407e+02 -1.241523e+00 8.619732e+00 1.681838e+02
<VARIANCE> 6
 3.171015e+01 1.281363e+04 1.155935e+04 3.003832e+02 4.056576e+04 5.205853e+07
<GCONST> 6.738103e+01
<MIXTURE> 6 2.842731e-03
<MEAN> 6
 7.638509e+01 -2.815596e+02 -1.025580e+03 -7.156672e-01 7.917177e-01 -9.121048e+01
<VARIANCE> 6
 3.171015e+01 1.281363e+04 1.155935e+04 3.003832e+02 4.056576e+04 5.205853e+07
<GCONST> 6.738103e+01
<MIXTURE> 7 1.037355e-01
<MEAN> 6
 7.201223e+01 -4.326876e+02 -7.646490e+02 -1.056742e+00 -7.246994e+00 -9.994832e+00
<VARIANCE> 6
 3.171015e+01 1.281363e+04 1.155935e+04 3.003832e+02 4.056576e+04 5.205853e+07
<GCONST> 6.738103e+01
<MIXTURE> 8 5.780578e-02
<MEAN> 6
 7.637540e+01 -2.812296e+02 -1.025208e+03 -7.142375e-01 8.057472e-01 -9.145792e+01
<VARIANCE> 6
 3.171015e+01 1.281363e+04 1.155935e+04 3.003832e+02 4.056576e+04 5.205853e+07
<GCONST> 6.738103e+01
<MIXTURE> 9 7.640136e-02
<MEAN> 6
 7.088540e+01 2.459418e+01 -1.026773e+03 -2.123302e+00 9.104751e-01 -4.213984e+01
<VARIANCE> 6
 3.171015e+01 1.281363e+04 1.155935e+04 3.003832e+02 4.056576e+04 5.205853e+07
<GCONST> 6.738103e+01
<MIXTURE> 10 1.035819e-01
<MEAN> 6
 7.201218e+01 -4.326931e+02 -7.646562e+02 -1.056732e+00 -7.247338e+00 -1.001436e+01
<VARIANCE> 6
 3.171015e+01 1.281363e+04 1.155935e+04 3.003832e+02 4.056576e+04 5.205853e+07
<GCONST> 6.738103e+01
<MIXTURE> 11 9.858014e-02
<MEAN> 6
 7.157185e+01 2.876739e+01 -1.053124e+03 -2.650931e+00 -5.297459e-01 -3.073950e+01
<VARIANCE> 6
 3.171015e+01 1.281363e+04 1.155935e+04 3.003832e+02 4.056576e+04 5.205853e+07
<GCONST> 6.738103e+01
<MIXTURE> 12 7.757065e-02
<MEAN> 6
 6.876174e+01 2.271361e+01 -8.630017e+02 -6.151846e-01 -4.838530e+00 -1.820493e+02
<VARIANCE> 6
 3.171015e+01 1.281363e+04 1.155935e+04 3.003832e+02 4.056576e+04 5.205853e+07
<GCONST> 6.738103e+01
<MIXTURE> 13 6.895848e-02
<MEAN> 6
 7.051685e+01 8.828551e+01 -5.209654e+02 2.511059e+00 -7.400918e+00 -2.693886e+02
<VARIANCE> 6
 3.171015e+01 1.281363e+04 1.155935e+04 3.003832e+02 4.056576e+04 5.205853e+07
<GCONST> 6.738103e+01
<MIXTURE> 14 5.790856e-02
<MEAN> 6
 7.637619e+01 -2.813290e+02 -1.025224e+03 -7.143687e-01 7.998102e-01 -9.145113e+01
<VARIANCE> 6
 3.171015e+01 1.281363e+04 1.155935e+04 3.003832e+02 4.056576e+04 5.205853e+07
<GCONST> 6.738103e+01
<MIXTURE> 15 5.456747e-02
<MEAN> 6
 7.045271e+01 1.511220e+02 -2.529767e+02 -7.849761e-01 -2.042395e+01 -6.603602e+01
<VARIANCE> 6
 3.171015e+01 1.281363e+04 1.155935e+04 3.003832e+02 4.056576e+04 5.205853e+07
<GCONST> 6.738103e+01
<STATE> 9
<NUMMIXES> 15
<MIXTURE> 1 6.299912e-02
<MEAN> 6
 8.506147e+01 6.884448e+02 1.079884e+03 -6.536407e+00 3.636109e+00 -5.051594e+00
<VARIANCE> 6
 3.171015e+01 1.281363e+04 1.155935e+04 3.003832e+02 4.056576e+04 5.205853e+07
<GCONST> 6.738103e+01
<MIXTURE> 2 5.387270e-03
<MEAN> 6
 8.611905e+01 -2.002849e+02 1.250965e+01 -3.987967e+00 -1.581634e+02 -3.143737e+03
<VARIANCE> 6
 2.702074e+02 1.304637e+06 7.019457e+05 3.955022e+02 8.691578e+04 5.800631e+07
<GCONST> 7.939841e+01
<MIXTURE> 3 9.937984e-02
<MEAN> 6
 5.870951e+01 1.669121e+02 9.834996e+02 8.484340e-02 -1.183097e+00 -1.060388e+02
<VARIANCE> 6
 3.171015e+01 1.281363e+04 1.155935e+04 3.003832e+02 4.056576e+04 5.205853e+07
<GCONST> 6.738103e+01
<MIXTURE> 4 7.258599e-02
<MEAN> 6
 6.189266e+01 1.999771e+02 7.395989e+02 1.663235e+00 1.898618e+01 5.563653e+00
<VARIANCE> 6
 3.171015e+01 1.281363e+04 1.155935e+04 3.003832e+02 4.056576e+04 5.205853e+07
<GCONST> 6.738103e+01
<MIXTURE> 5 5.194454e-02
<MEAN> 6
 7.627915e+01 4.634594e+02 9.060598e+02 -2.399563e+00 1.507603e+00 1.265073e+01
<VARIANCE> 6
 3.171015e+01 1.281363e+04 1.155935e+04 3.003832e+02 4.056576e+04 5.205853e+07
<GCONST> 6.738103e+01
<MIXTURE> 6 9.944803e-02
<MEAN> 6
 5.870950e+01 1.669116e+02 9.835009e+02 8.484418e-02 -1.183127e+00 -1.060404e+02
<VARIANCE> 6
 3.171015e+01 1.281363e+04 1.155935e+04 3.003832e+02 4.056576e+04 5.205853e+07
<GCONST> 6.738103e+01
<MIXTURE> 7 5.244773e-02
<MEAN> 6
 7.311670e+01 -3.323151e+01 6.197124e+02 2.585994e+00 1.551164e+01 -3.648083e+02
<VARIANCE> 6
 3.171015e+01 1.281363e+04 1.155935e+04 3.003832e+02 4.056576e+04 5.205853e+07
<GCONST> 6.738103e+01
<MIXTURE> 8 4.448565e-02
<MEAN> 6
 5.868906e+01 1.662458e+02 9.851521e+02 8.500472e-02 -1.214443e+00 -1.080616e+02
<VARIANCE> 6
 3.171015e+01 1.281363e+04 1.155935e+04 3.003832e+02 4.056576e+04 5.205853e+07
<GCONST> 6.738103e+01
<MIXTURE> 9 9.749484e-02
<MEAN> 6
 7.198765e+01 3.196827e+02 6.800786e+02 -1.894399e+00 -1.020631e+01 8.147968e+01
<VARIANCE> 6
 3.171015e+01 1.281363e+04 1.155935e+04 3.003832e+02 4.056576e+04 5.205853e+07
<GCONST> 6.738103e+01
<MIXTURE> 10 9.940436e-02
<MEAN> 6
 5.870953e+01 1.669128e+02 9.834979e+02 8.484327e-02 -1.183071e+00 -1.060369e+02
<VARIANCE> 6
 3.171015e+01 1.281363e+04 1.155935e+04 3.003832e+02 4.056576e+04 5.205853e+07
<GCONST> 6.738103e+01
<MIXTURE> 11 7.316203e-02
<MEAN> 6
 6.190329e+01 1.999267e+02 7.389838e+02 1.687791e+00 1.926455e+01 3.778533e+00
<VARIANCE> 6
 3.171015e+01 1.281363e+04 1.155935e+04 3.003832e+02 4.056576e+04 5.205853e+07
<GCONST> 6.738103e+01
<MIXTURE> 12 8.909450e-02
<MEAN> 6
 7.175378e+01 3.130122e+02 6.614530e+02 -2.302002e+00 -1.454469e+01 3.304094e+01
<VARIANCE> 6
 3.171015e+01 1.281363e+04 1.155935e+04 3.003832e+02 4.056576e+04 5.205853e+07
<GCONST> 6.738103e+01
<MIXTURE> 13 5.953063e-02
<MEAN> 6
 8.122185e+01 5.947304e+02 1.032200e+03 -5.252563e+00 2.375247e+00 -4.508903e+00
<VARIANCE> 6
 3.171015e+01 1.281363e+04 1.155935e+04 3.003832e+02 4.056576e+04 5.205853e+07
<GCONST> 6.738103e+01
<MIXTURE> 14 4.814277e-02
<MEAN> 6
 7.518883e+01 4.221892e+02 8.525584e+02 -1.970111e+00 1.335008e-02 3.000502e+01
<VARIANCE> 6
 3.171015e+01 1.281363e+04 1.155935e+04 3.003832e+02 4.056576e+04 5.205853e+07
<GCONST> 6.738103e+01
<MIXTURE> 15 4.445785e-02
<MEAN> 6
 5.873557e+01 1.677682e+02 9.813241e+02 8.470691e-02 -1.140912e+00 -1.034107e+02
<VARIANCE> 6
 3.171015e+01 1.281363e+04 1.155935e+04 3.003832e+02 4.056576e+04 5.205853e+07
<GCONST> 6.738103e+01
<STATE> 10
<NUMMIXES> 15
<MIXTURE> 1 8.418556e-02
<MEAN> 6
 7.945995e+01 8.937010e+01 1.484571e+02 -2.446521e+00 -5.208808e+01 -3.980304e+01
<VARIANCE> 6
 3.171015e+01 1.281743e+04 1.155935e+04 3.003832e+02 4.056576e+04 5.205853e+07
<GCONST> 6.738133e+01
<MIXTURE> 2 7.234259e-02
<MEAN> 6
 7.261978e+01 -2.372918e+01 1.661157e+02 -2.557899e+00 -5.314185e+00 -6.905701e+01
<VARIANCE> 6
 3.171015e+01 1.281363e+04 1.155935e+04 3.003832e+02 4.056576e+04 5.205853e+07
<GCONST> 6.738103e+01
<MIXTURE> 3 7.495821e-03
<MEAN> 6
 7.694427e+01 9.278421e+01 5.524476e+01 1.592643e+01 3.242111e+02 -3.450394e+03
<VARIANCE> 6
 1.398828e+02 5.835207e+05 2.960924e+05 8.474179e+02 2.650893e+05 9.304484e+07
<GCONST> 7.942194e+01
<MIXTURE> 4 5.290264e-02
<MEAN> 6
 7.427586e+01 9.128021e+01 -4.931263e+01 -2.246094e+00 1.875030e+01 -9.349263e+01
<VARIANCE> 6
 4.861921e+01 1.281363e+04 1.155935e+04 3.003832e+02 4.056576e+04 5.205853e+07
<GCONST> 6.780841e+01
<MIXTURE> 5 8.395472e-02
<MEAN> 6
 7.210956e+01 -2.574550e+01 1.662395e+02 -2.590672e+00 -4.841861e+00 -7.425691e+01
<VARIANCE> 6
 3.171015e+01 1.281363e+04 1.155935e+04 3.003832e+02 4.056576e+04 5.205853e+07
<GCONST> 6.738103e+01
<MIXTURE> 6 7.434385e-02
<MEAN> 6
 7.619090e+01 -8.403069e+00 1.534234e+02 -2.926009e+00 -1.339443e+01 -8.621853e+00
<VARIANCE> 6
 3.171015e+01 1.281363e+04 1.155935e+04 3.003832e+02 4.056576e+04 5.205853e+07
<GCONST> 6.738103e+01
<MIXTURE> 7 5.023989e-02
<MEAN> 6
 7.705517e+01 -1.861362e+02 1.006466e+02 -4.272379e+00 1.281041e+00 3.964256e+01
<VARIANCE> 6
 3.171015e+01 1.281363e+04 1.155935e+04 3.003832e+02 4.056576e+04 5.205853e+07
<GCONST> 6.738103e+01
<MIXTURE> 8 7.402967e-02
<MEAN> 6
 7.216630e+01 -2.551517e+01 1.662499e+02 -2.585625e+00 -4.886447e+00 -7.371907e+01
<VARIANCE> 6
 3.171015e+01 1.281363e+04 1.155935e+04 3.003832e+02 4.056576e+04 5.205853e+07
<GCONST> 6.738103e+01
<MIXTURE> 9 8.285142e-02
<MEAN> 6
 7.898573e+01 1.386871e+01 1.243946e+02 -3.398155e+00 -3.205983e+01 -2.336522e+00
<VARIANCE> 6
 3.171015e+01 1.281363e+04 1.155935e+04 3.003832e+02 4.056576e+04 5.205853e+07
<GCONST> 6.738103e+01
<MIXTURE> 10 8.049768e-02
<MEAN> 6
 7.232973e+01 -2.513083e+01 1.662361e+02 -2.569753e+00 -5.020962e+00 -7.254021e+01
<VARIANCE> 6
 3.171015e+01 1.281363e+04 1.155935e+04 3.003832e+02 4.056576e+04 5.205853e+07
<GCONST> 6.738103e+01
<MIXTURE> 11 8.436871e-02
<MEAN> 6
 7.176637e+01 -2.671977e+01 1.660437e+02 -2.635973e+00 -4.624508e+00 -7.657513e+01
<VARIANCE> 6
 3.171015e+01 1.281363e+04 1.155935e+04 3.003832e+02 4.056576e+04 5.205853e+07
<GCONST> 6.738103e+01
<MIXTURE> 12 7.336640e-02
<MEAN> 6
 7.168521e+01 -2.696756e+01 1.659586e+02 -2.649038e+00 -4.584517e+00 -7.707781e+01
<VARIANCE> 6
 3.171015e+01 1.281363e+04 1.155935e+04 3.003832e+02 4.056576e+04 5.205853e+07
<GCONST> 6.738103e+01
<MIXTURE> 13 7.297773e-02
<MEAN> 6
 7.163569e+01 -2.738621e+01 1.658910e+02 -2.653924e+00 -4.557809e+00 -7.776579e+01
<VARIANCE> 6
 3.171015e+01 1.281363e+04 1.155935e+04 3.003832e+02 4.056576e+04 5.205853e+07
<GCONST> 6.738103e+01
<MIXTURE> 14 5.298632e-02
<MEAN> 6
 7.236599e+01 -2.243631e+02 1.003456e+02 -4.074492e+00 4.916255e+00 3.527039e+01
<VARIANCE> 6
 3.171015e+01 1.281363e+04 1.155935e+04 3.003832e+02 4.056576e+04 5.205853e+07
<GCONST> 6.738103e+01
<MIXTURE> 15 5.344489e-02
<MEAN> 6
 7.317373e+01 6.936172e+01 -4.880554e+01 -4.699928e+00 1.033966e+01 2.141379e+02
<VARIANCE> 6
 4.216836e+01 1.310021e+04 1.155935e+04 3.003832e+02 4.056576e+04 5.205853e+07
<GCONST> 6.768819e+01
<STATE> 11
<NUMMIXES> 15
<MIXTURE> 1 4.988182e-02
<MEAN> 6
 7.141967e+01 1.313680e+03 -1.119800e+03 6.400496e-01 -5.452369e+00 -1.447514e+02
<VARIANCE> 6
 3.171015e+01 1.281363e+04 1.155935e+04 3.003832e+02 4.056576e+04 5.205853e+07
<GCONST> 6.738103e+01
<MIXTURE> 2 6.334209e-02
<MEAN> 6
 7.883817e+01 1.538734e+03 4.510837e+02 -1.703571e+00 -1.088860e+01 -3.351096e+02
<VARIANCE> 6
 3.171015e+01 1.281363e+04 1.155935e+04 3.003832e+02 4.056576e+04 5.205853e+07
<GCONST> 6.738103e+01
<MIXTURE> 3 9.349315e-02
<MEAN> 6
 6.531174e+01 9.444597e+02 -1.443699e+02 -5.240078e-02 -4.916182e-02 -1.476898e+02
<VARIANCE> 6
 3.171015e+01 1.281363e+04 1.155935e+04 3.003832e+02 4.056576e+04 5.205853e+07
<GCONST> 6.738103e+01
<MIXTURE> 4 6.359100e-02
<MEAN> 6
 4.661750e+01 4.461463e+02 -8.759045e+01 5.137970e+00 4.101954e+01 -2.120678e+02
<VARIANCE> 6
 3.171015e+01 1.281363e+04 1.155935e+04 3.003832e+02 4.056576e+04 5.205853e+07
<GCONST> 6.738103e+01
<MIXTURE> 5 5.685773e-02
<MEAN> 6
 8.223264e+01 1.318438e+03 -2.246364e+02 9.867965e-01 -4.275017e+00 -3.073061e+02
<VARIANCE> 6
 3.171015e+01 2.656332e+05 8.925855e+04 3.003832e+02 4.056576e+04 5.205853e+07
<GCONST> 7.245668e+01
<MIXTURE> 6 5.967993e-02
<MEAN> 6
 6.533931e+01 9.040386e+02 -1.549256e+02 -2.236135e-01 -2.012313e+00 -1.337434e+02
<VARIANCE> 6
 3.171015e+01 1.281363e+04 1.155935e+04 3.003832e+02 4.056576e+04 5.205853e+07
<GCONST> 6.738103e+01
<MIXTURE> 7 8.728960e-02
<MEAN> 6
 8.320892e+01 1.015530e+03 3.418228e+02 -1.775739e+00 -2.868759e+00 -1.112366e+02
<VARIANCE> 6
 3.171015e+01 1.281363e+04 1.155935e+04 3.003832e+02 4.056576e+04 5.205853e+07
<GCONST> 6.738103e+01
<MIXTURE> 8 4.976092e-02
<MEAN> 6
 7.141844e+01 1.313748e+03 -1.119821e+03 6.414099e-01 -5.425278e+00 -1.445849e+02
<VARIANCE> 6
 3.171015e+01 1.281363e+04 1.155935e+04 3.003832e+02 4.056576e+04 5.205853e+07
<GCONST> 6.738103e+01
<MIXTURE> 9 7.790219e-02
<MEAN> 6
 8.393076e+01 1.073444e+03 2.644826e+02 -8.270934e-01 -1.004901e+01 -3.850201e+02
<VARIANCE> 6
 3.171015e+01 1.281363e+04 1.155935e+04 3.003832e+02 4.056576e+04 5.205853e+07
<GCONST> 6.738103e+01
<MIXTURE> 10 9.365032e-02
<MEAN> 6
 6.531464e+01 9.429042e+02 -1.449121e+02 -5.859468e-02 -1.248467e-01 -1.463098e+02
<VARIANCE> 6
 3.171015e+01 1.281363e+04 1.155935e+04 3.003832e+02 4.056576e+04 5.205853e+07
<GCONST> 6.738103e+01
<MIXTURE> 11 9.086939e-02
<MEAN> 6
 8.535046e+01 6.757108e+02 -6.333716e+02 3.554699e+00 1.297033e+01 -1.863816e+02
<VARIANCE> 6
 3.171015e+01 6.408464e+04 1.155935e+04 3.003832e+02 4.056576e+04 5.205853e+07
<GCONST> 6.899073e+01
<MIXTURE> 12 6.235601e-02
<MEAN> 6
 6.505333e+01 7.876245e+02 -1.614527e+02 -8.660119e-01 -1.220232e+01 -3.041576e+02
<VARIANCE> 6
 3.171015e+01 1.281363e+04 1.155935e+04 3.003832e+02 4.056576e+04 5.205853e+07
<GCONST> 6.738103e+01
<MIXTURE> 13 5.175253e-02
<MEAN> 6
 8.001994e+01 1.406106e+03 4.621136e+02 -1.459187e+00 -1.797338e+00 -7.905686e+01
<VARIANCE> 6
 3.171015e+01 1.814794e+04 1.155935e+04 3.003832e+02 4.056576e+04 5.205853e+07
<GCONST> 6.772908e+01
<MIXTURE> 14 4.984645e-02
<MEAN> 6
 7.141969e+01 1.313679e+03 -1.119800e+03 6.400356e-01 -5.452653e+00 -1.447534e+02
<VARIANCE> 6
 3.171015e+01 1.281363e+04 1.155935e+04 3.003832e+02 4.056576e+04 5.205853e+07
<GCONST> 6.738103e+01
<MIXTURE> 15 4.971866e-02
<MEAN> 6
 7.142181e+01 1.313564e+03 -1.119760e+03 6.381757e-01 -5.499796e+00 -1.450908e+02
<VARIANCE> 6
 3.171015e+01 1.281363e+04 1.155935e+04 3.003832e+02 4.056576e+04 5.205853e+07
<GCONST> 6.738103e+01
<STATE> 12
<NUMMIXES> 15
<MIXTURE> 1 8.917917e-02
<MEAN> 6
 7.918816e+01 -8.346087e+02 4.106877e+03 -1.359143e+00 -4.441502e+00 -4.500803e+01
<VARIANCE> 6
 3.171015e+01 1.311353e+05 3.688565e+05 3.003832e+02 4.056576e+04 5.205853e+07
<GCONST> 7.316966e+01
<MIXTURE> 2 9.217198e-02
<MEAN> 6
 7.521784e+01 -8.924003e+03 1.476042e+03 -2.574255e+00 -5.090554e+00 -3.961387e+01
<VARIANCE> 6
 3.171015e+01 1.955882e+04 1.767175e+05 3.003832e+02 4.056576e+04 5.205853e+07
<GCONST> 7.053101e+01
<MIXTURE> 3 4.455430e-02
<MEAN> 6
 6.767522e+01 3.166192e+02 8.506352e+02 -3.059222e+00 -2.867624e+00 -8.503481e+01
<VARIANCE> 6
 3.171015e+01 1.281363e+04 6.397111e+05 3.003832e+02 4.056576e+04 5.205853e+07
<GCONST> 7.139455e+01
<MIXTURE> 4 5.416442e-02
<MEAN> 6
 7.635804e+01 -9.689948e+02 -8.792168e+01 -1.324602e+00 -5.477015e+00 4.771134e+02
<VARIANCE> 6
 3.171015e+01 1.790211e+04 8.209716e+04 3.003832e+02 4.056576e+04 5.205853e+07
<GCONST> 6.967585e+01
<MIXTURE> 5 9.271200e-02
<MEAN> 6
 7.256109e+01 -7.435142e+02 1.845596e+03 1.363827e+00 -6.660658e+00 -1.596170e+02
<VARIANCE> 6
 3.171015e+01 1.853724e+04 2.421654e+04 3.003832e+02 4.056576e+04 5.205853e+07
<GCONST> 6.848985e+01
<MIXTURE> 6 4.801593e-02
<MEAN> 6
 6.528195e+01 -8.952902e+02 1.125894e+03 -1.359760e+00 -9.393288e+00 -8.249479e+01
<VARIANCE> 6
 3.171015e+01 1.281363e+04 1.155935e+04 3.003832e+02 4.056576e+04 5.205853e+07
<GCONST> 6.738103e+01
<MIXTURE> 7 9.332242e-02
<MEAN> 6
 5.337794e+01 -4.740127e+02 2.577063e+03 2.625774e-01 -7.520468e+00 -1.113491e+02
<VARIANCE> 6
 3.171015e+01 1.281363e+04 2.452606e+04 3.003832e+02 4.056576e+04 5.205853e+07
<GCONST> 6.813327e+01
<MIXTURE> 8 7.456543e-02
<MEAN> 6
 7.577868e+01 2.861148e+03 4.590881e+02 -2.328592e+00 -1.564247e+01 -5.068412e+01
<VARIANCE> 6
 3.171015e+01 1.281363e+04 1.155935e+04 3.003832e+02 4.056576e+04 5.205853e+07
<GCONST> 6.738103e+01
<MIXTURE> 9 8.306023e-02
<MEAN> 6
 8.100669e+01 -1.551801e+03 -6.385518e+02 -1.025894e+00 -6.926004e+00 -6.601147e+01
<VARIANCE> 6
 3.171015e+01 1.261178e+05 3.558141e+04 3.003832e+02 4.056576e+04 5.205853e+07
<GCONST> 7.079207e+01
<MIXTURE> 10 8.078935e-02
<MEAN> 6
 6.461137e+01 -9.737544e+02 1.190536e+03 5.912662e-01 1.352520e-01 -1.794621e+02
<VARIANCE> 6
 3.171015e+01 1.281363e+04 6.153491e+04 3.003832e+02 4.056576e+04 5.205853e+07
<GCONST> 6.905315e+01
<MIXTURE> 11 6.702192e-02
<MEAN> 6
 6.532730e+01 -5.190943e+02 1.473241e+03 -9.610140e-01 -6.023537e+00 -1.954628e+02
<VARIANCE> 6
 3.171015e+01 1.281363e+04 1.155935e+04 3.003832e+02 4.056576e+04 5.205853e+07
<GCONST> 6.738103e+01
<MIXTURE> 12 6.439867e-02
<MEAN> 6
 7.307455e+01 -1.051800e+03 3.106257e+02 1.458084e+00 1.965382e+01 -4.378238e+02
<VARIANCE> 6
 3.171015e+01 1.281363e+04 6.990125e+04 3.003832e+02 4.056576e+04 5.205853e+07
<GCONST> 6.918062e+01
<MIXTURE> 13 6.141322e-02
<MEAN> 6
 6.196343e+01 2.238475e+02 -3.308106e+02 -1.103515e+00 1.028217e+01 1.859121e+02
<VARIANCE> 6
 3.171015e+01 1.281363e+04 1.155935e+04 3.003832e+02 4.056576e+04 5.205853e+07
<GCONST> 6.738103e+01
<MIXTURE> 14 1.195906e-02
<MEAN> 6
 7.455931e+01 -1.045803e+03 1.962814e+03 -3.318606e+01 -9.972821e+01 -1.760205e+02
<VARIANCE> 6
 5.349767e+01 6.659210e+04 3.267856e+04 1.552712e+03 4.162712e+05 1.092558e+08
<GCONST> 7.530377e+01
<MIXTURE> 15 4.265951e-02
<MEAN> 6
 6.111688e+01 -8.469508e+02 1.108219e+03 -2.638177e+00 2.430717e+00 -2.155116e+02
<VARIANCE> 6
 4.655867e+01 1.281363e+04 1.155935e+04 3.003832e+02 4.056576e+04 5.205853e+07
<GCONST> 6.776511e+01
<STATE> 13
<NUMMIXES> 15
<MIXTURE> 1 8.197602e-03
<MEAN> 6
 -6.040968e+00 -4.664997e+02 -2.831357e+00 1.606444e+01 7.960254e+01 7.379267e+03
<VARIANCE> 6
 9.149061e+03 7.306476e+05 1.341774e+06 1.648760e+06 9.036296e+08 1.308616e+12
<GCONST> 1.105973e+02
<MIXTURE> 2 9.442061e-02
<MEAN> 6
 1.093049e+02 2.326134e+02 4.132288e+02 -7.047117e+00 -3.414002e+01 -2.855417e+02
<VARIANCE> 6
 2.771798e+02 1.349987e+06 7.335622e+05 3.003832e+02 4.056576e+04 5.205853e+07
<GCONST> 7.835683e+01
<MIXTURE> 3 3.058987e-02
<MEAN> 6
 8.532024e+01 3.328759e+01 1.192093e+01 5.537112e+01 -1.089117e+03 -3.086272e+02
<VARIANCE> 6
 3.463295e+03 5.646292e+05 2.714577e+05 7.490743e+04 6.847546e+06 5.765801e+09
<GCONST> 9.437135e+01
<MIXTURE> 4 6.395338e-02
<MEAN> 6
 -3.942488e+01 -3.093233e+01 1.194348e+02 1.254536e+02 8.396185e+02 -1.715607e+03
<VARIANCE> 6
 3.589559e+02 3.616884e+05 3.126344e+05 1.920695e+04 2.376504e+05 6.817542e+07
<GCONST> 8.264096e+01
<MIXTURE> 5 2.635017e-02
<MEAN> 6
 3.088798e+01 1.233643e+03 -4.549812e+02 -1.401952e+01 -2.922906e+02 -4.913192e+02
<VARIANCE> 6
 6.013092e+03 3.017044e+07 1.766148e+06 4.807477e+04 2.375994e+06 1.919041e+09
<GCONST> 9.817217e+01
<MIXTURE> 6 1.142796e-01
<MEAN> 6
 3.102067e+01 -8.991393e+01 2.080370e+01 2.554312e+02 -1.400773e+02 -3.137160e+03
<VARIANCE> 6
 8.618281e+02 3.485871e+05 7.776876e+05 7.201545e+03 2.475187e+05 8.394069e+07
<GCONST> 8.365895e+01
<MIXTURE> 7 6.797215e-02
<MEAN> 6
 7.653403e+01 1.462930e+02 -4.196747e+02 5.541219e-01 -2.722601e+01 -2.605487e+02
<VARIANCE> 6
 1.392070e+02 6.230801e+05 2.718747e+05 3.003832e+02 4.056576e+04 5.205853e+07
<GCONST> 7.590237e+01
<MIXTURE> 8 9.286066e-02
<MEAN> 6
 9.686495e+01 -3.607236e+01 -4.128086e+01 1.244515e+01 -7.795976e+02 -8.757806e+02
<VARIANCE> 6
 4.698671e+02 8.762134e+05 5.901602e+05 1.897798e+04 9.641544e+05 3.843797e+08
<GCONST> 8.754841e+01
<MIXTURE> 9 9.922628e-02
<MEAN> 6
 -6.492268e+01 1.383728e+01 -1.634392e+02 1.117255e+00 1.812624e+02 3.735790e+02
<VARIANCE> 6
 3.504744e+02 3.601803e+05 8.927849e+05 1.030043e+03 8.412959e+04 5.205853e+07
<GCONST> 7.942836e+01
<MIXTURE> 10 7.606248e-02
<MEAN> 6
 8.435104e+01 -2.141419e+01 1.883851e+02 -1.404060e+01 -4.789992e+02 -9.941563e+02
<VARIANCE> 6
 3.834474e+02 1.013092e+05 5.077984e+05 1.416158e+04 1.117386e+05 5.205853e+07
<GCONST> 8.059032e+01
<MIXTURE> 11 5.576596e-02
<MEAN> 6
 4.261226e+01 -1.121059e+02 1.385922e+01 -2.607798e+02 -8.258116e+02 7.280561e+03
<VARIANCE> 6
 9.826079e+02 3.865060e+05 2.054307e+06 2.732112e+04 5.673778e+05 2.788893e+08
<GCONST> 8.822835e+01
<MIXTURE> 12 8.932444e-02
<MEAN> 6
 -4.467828e+01 -6.436880e+01 3.730346e+00 -1.173468e+02 1.411526e+03 2.061798e+03
<VARIANCE> 6
 6.274287e+02 5.258808e+05 1.738068e+06 4.726661e+04 1.166792e+06 8.245882e+08
<GCONST> 9.027373e+01
<MIXTURE> 13 5.397468e-02
<MEAN> 6
 8.524645e+01 2.809896e+02 -6.418203e+02 -1.213430e+00 -2.720662e+01 -1.483720e+02
<VARIANCE> 6
 2.036484e+02 4.810570e+05 2.407330e+06 3.003832e+02 4.056576e+04 5.205853e+07
<GCONST> 7.820505e+01
<MIXTURE> 14 6.142307e-02
<MEAN> 6
 3.995874e+01 -1.169617e+01 -8.166214e+00 -2.383423e+02 -4.253718e+02 1.554522e+03
<VARIANCE> 6
 1.296598e+03 2.224242e+05 2.491767e+05 6.297845e+03 3.690928e+05 6.438934e+07
<GCONST> 8.248025e+01
<MIXTURE> 15 6.514391e-02
<MEAN> 6
 -4.795076e+01 -1.198918e+02 -6.630625e+01 2.697615e+01 7.184709e+02 -9.535668e+02
<VARIANCE> 6
 4.768848e+02 1.964262e+05 3.134346e+05 2.015067e+04 1.848939e+05 1.030806e+08
<GCONST> 8.252747e+01
<TRANSP> 14
 0.000000e+00 1.000000e+00 0.000000e+00 0.000000e+00 0.000000e+00 0.000000e+00 0.000000e+00 0.000000e+00 0.000000e+00 0.000000e+00 0.000000e+00 0.000000e+00 0.000000e+00 0.000000e+00
 0.000000e+00 9.999229e-01 7.703913e-05 0.000000e+00 0.000000e+00 0.000000e+00 0.000000e+00 0.000000e+00 0.000000e+00 0.000000e+00 0.000000e+00 0.000000e+00 0.000000e+00 0.000000e+00
 0.000000e+00 0.000000e+00 9.974251e-01 2.574917e-03 0.000000e+00 0.000000e+00 0.000000e+00 0.000000e+00 0.000000e+00 0.000000e+00 0.000000e+00 0.000000e+00 0.000000e+00 0.000000e+00
 0.000000e+00 0.000000e+00 0.000000e+00 9.978826e-01 2.117442e-03 0.000000e+00 0.000000e+00 0.000000e+00 0.000000e+00 0.000000e+00 0.000000e+00 0.000000e+00 0.000000e+00 0.000000e+00
 0.000000e+00 0.000000e+00 0.000000e+00 0.000000e+00 9.950156e-01 4.984479e-03 0.000000e+00 0.000000e+00 0.000000e+00 0.000000e+00 0.000000e+00 0.000000e+00 0.000000e+00 0.000000e+00
 0.000000e+00 0.000000e+00 0.000000e+00 0.000000e+00 0.000000e+00 9.950110e-01 4.989018e-03 0.000000e+00 0.000000e+00 0.000000e+00 0.000000e+00 0.000000e+00 0.000000e+00 0.000000e+00
 0.000000e+00 0.000000e+00 0.000000e+00 0.000000e+00 0.000000e+00 0.000000e+00 9.976369e-01 2.363183e-03 0.000000e+00 0.000000e+00 0.000000e+00 0.000000e+00 0.000000e+00 0.000000e+00
 0.000000e+00 0.000000e+00 0.000000e+00 0.000000e+00 0.000000e+00 0.000000e+00 0.000000e+00 9.971284e-01 2.871593e-03 0.000000e+00 0.000000e+00 0.000000e+00 0.000000e+00 0.000000e+00
 0.000000e+00 0.000000e+00 0.000000e+00 0.000000e+00 0.000000e+00 0.000000e+00 0.000000e+00 0.000000e+00 9.943135e-01 5.686566e-03 0.000000e+00 0.000000e+00 0.000000e+00 0.000000e+00
 0.000000e+00 0.000000e+00 0.000000e+00 0.000000e+00 0.000000e+00 0.000000e+00 0.000000e+00 0.000000e+00 0.000000e+00 9.968126e-01 3.187415e-03 0.000000e+00 0.000000e+00 0.000000e+00
 0.000000e+00 0.000000e+00 0.000000e+00 0.000000e+00 0.000000e+00 0.000000e+00 0.000000e+00 0.000000e+00 0.000000e+00 0.000000e+00 9.964248e-01 3.575240e-03 0.000000e+00 0.000000e+00
 0.000000e+00 0.000000e+00 0.000000e+00 0.000000e+00 0.000000e+00 0.000000e+00 0.000000e+00 0.000000e+00 0.000000e+00 0.000000e+00 0.000000e+00 9.983793e-01 1.620756e-03 0.000000e+00
 0.000000e+00 0.000000e+00 0.000000e+00 0.000000e+00 0.000000e+00 0.000000e+00 0.000000e+00 0.000000e+00 0.000000e+00 0.000000e+00 0.000000e+00 0.000000e+00 9.999039e-01 9.607829e-05
 0.000000e+00 0.000000e+00 0.000000e+00 0.000000e+00 0.000000e+00 0.000000e+00 0.000000e+00 0.000000e+00 0.000000e+00 0.000000e+00 0.000000e+00 0.000000e+00 0.000000e+00 0.000000e+00
<ENDHMM>
~h "SegundoESO"
<BEGINHMM>
<NUMSTATES> 14
<STATE> 2
<NUMMIXES> 15
<MIXTURE> 1 5.510388e-02
<MEAN> 6
 7.174850e+01 1.320489e+04 -1.200232e+03 -6.870942e-01 -3.566810e+00 -1.651591e+02
<VARIANCE> 6
 3.171015e+01 1.281363e+04 1.157393e+04 3.003832e+02 4.056576e+04 5.205853e+07
<GCONST> 6.738229e+01
<MIXTURE> 2 5.311421e-02
<MEAN> 6
 7.239587e+01 -2.064640e+03 4.761468e+03 -1.345646e-01 1.456352e+01 -1.191910e+02
<VARIANCE> 6
 3.171015e+01 2.054461e+05 7.299772e+06 3.003832e+02 4.056576e+04 5.205853e+07
<GCONST> 7.660381e+01
<MIXTURE> 3 6.927817e-02
<MEAN> 6
 6.543150e+01 2.189314e+03 -1.268814e+03 -9.735890e-02 -1.048542e+01 -1.320872e+02
<VARIANCE> 6
 3.171015e+01 1.466907e+06 1.155935e+04 3.003832e+02 4.056576e+04 5.205853e+07
<GCONST> 7.212144e+01
<MIXTURE> 4 8.394212e-02
<MEAN> 6
 7.778773e+01 -3.799295e+02 2.863173e+03 8.753543e-01 -2.441921e+00 -6.047204e+01
<VARIANCE> 6
 3.171015e+01 8.185296e+05 1.467557e+05 3.003832e+02 4.056576e+04 5.205853e+07
<GCONST> 7.407931e+01
<MIXTURE> 5 1.046988e-01
<MEAN> 6
 5.700685e+01 6.465137e+02 -3.893273e+03 1.967924e+00 -3.011543e-01 -5.284586e+01
<VARIANCE> 6
 3.171015e+01 1.281363e+04 1.344088e+06 3.003832e+02 4.056576e+04 5.205853e+07
<GCONST> 7.213701e+01
<MIXTURE> 6 5.859173e-02
<MEAN> 6
 7.342937e+01 8.656782e+02 -2.361818e+03 4.620638e-01 -3.371694e+00 -8.937999e+01
<VARIANCE> 6
 3.171015e+01 5.663743e+05 1.445413e+05 3.003832e+02 4.056576e+04 5.205853e+07
<GCONST> 7.369585e+01
<MIXTURE> 7 6.472360e-02
<MEAN> 6
 6.393264e+01 -1.369865e+02 -1.545660e+03 1.398891e+00 3.380625e+00 -1.697743e+02
<VARIANCE> 6
 3.171015e+01 1.931379e+04 1.155935e+04 3.003832e+02 4.056576e+04 5.205853e+07
<GCONST> 6.779134e+01
<MIXTURE> 8 4.721017e-02
<MEAN> 6
 6.002065e+01 1.629624e+03 -1.075294e+03 8.776855e-01 -5.257907e-01 -2.222868e+01
<VARIANCE> 6
 3.171015e+01 1.564808e+05 1.605343e+05 3.003832e+02 4.056576e+04 5.205853e+07
<GCONST> 7.251447e+01
<MIXTURE> 9 3.770738e-02
<MEAN> 6
 7.862460e+01 -2.966672e+03 -1.205546e+01 -2.877586e+00 -2.761129e+01 -9.260096e+01
<VARIANCE> 6
 3.171015e+01 1.590269e+07 9.449689e+05 3.003832e+02 4.056576e+04 5.205853e+07
<GCONST> 7.890842e+01
<MIXTURE> 10 4.572028e-02
<MEAN> 6
 5.500159e+01 1.091270e+02 -3.604071e+03 1.233485e-02 1.893815e+00 -3.025396e+01
<VARIANCE> 6
 3.171015e+01 1.281363e+04 9.411224e+05 3.003832e+02 4.056576e+04 5.205853e+07
<GCONST> 7.178061e+01
<MIXTURE> 11 1.059092e-01
<MEAN> 6
 6.310793e+01 6.093604e+02 -9.803721e+02 1.797953e-01 -9.544036e-01 -5.579183e+01
<VARIANCE> 6
 3.171015e+01 2.753888e+05 6.456827e+04 3.003832e+02 4.056576e+04 5.205853e+07
<GCONST> 7.216893e+01
<MIXTURE> 12 8.183506e-02
<MEAN> 6
 7.034607e+01 -2.233684e+03 5.376086e+01 2.132650e-01 -4.164029e-01 -6.358014e+01
<VARIANCE> 6
 3.171015e+01 5.682849e+04 1.884002e+05 3.003832e+02 4.056576e+04 5.205853e+07
<GCONST> 7.166164e+01
<MIXTURE> 13 7.239808e-02
<MEAN> 6
 7.789079e+01 1.866222e+03 1.307335e+03 -2.038657e-01 4.535583e+00 -5.798841e+01
<VARIANCE> 6
 3.171015e+01 2.877699e+05 1.847404e+05 3.003832e+02 4.056576e+04 5.205853e+07
<GCONST> 7.326414e+01
<MIXTURE> 14 6.354545e-02
<MEAN> 6
 6.028558e+01 2.751967e+02 -1.896273e+03 -3.290630e-01 -1.010951e+01 -1.699273e+02
<VARIANCE> 6
 3.171015e+01 1.281363e+04 1.646336e+04 3.003832e+02 4.056576e+04 5.205853e+07
<GCONST> 6.773468e+01
<MIXTURE> 15 5.619195e-02
<MEAN> 6
 7.471043e+01 5.156493e+02 -2.701240e+03 3.199389e-01 -3.373065e+00 -3.163127e+01
<VARIANCE> 6
 3.171015e+01 4.273718e+05 2.798299e+05 3.003832e+02 4.056576e+04 5.205853e+07
<GCONST> 7.407487e+01
<STATE> 3
<NUMMIXES> 15
<MIXTURE> 1 9.347183e-03
<MEAN> 6
 6.467119e+01 -3.849551e+02 6.692347e+02 -6.180380e+00 8.914559e+01 8.472891e+02
<VARIANCE> 6
 1.189690e+02 1.259136e+06 2.239828e+06 2.163174e+03 9.707748e+04 5.205853e+07
<GCONST> 8.140445e+01
<MIXTURE> 2 8.406524e-02
<MEAN> 6
 7.288219e+01 -3.714917e+02 7.571634e+02 -8.846414e-01 6.868351e-01 -9.287682e+01
<VARIANCE> 6
 3.171015e+01 1.122376e+05 5.768953e+04 3.003832e+02 4.056576e+04 5.205853e+07
<GCONST> 7.115872e+01
<MIXTURE> 3 7.994989e-02
<MEAN> 6
 7.996001e+01 3.275376e+02 4.795944e+02 -2.249585e+00 8.367301e-01 -6.486676e+01
<VARIANCE> 6
 3.171015e+01 1.746688e+04 2.676821e+04 3.003832e+02 4.056576e+04 5.205853e+07
<GCONST> 6.853055e+01
<MIXTURE> 4 8.994368e-02
<MEAN> 6
 7.423159e+01 6.861976e+02 6.071177e+02 6.157849e-01 -8.475409e+00 -8.789437e+01
<VARIANCE> 6
 3.171015e+01 1.281363e+04 5.242624e+05 3.003832e+02 4.056576e+04 5.205853e+07
<GCONST> 7.119553e+01
<MIXTURE> 5 4.524846e-02
<MEAN> 6
 6.301590e+01 1.401509e+02 3.721704e+02 -1.016046e+00 -6.200491e+00 -3.419934e+02
<VARIANCE> 6
 3.171015e+01 1.281363e+04 1.155935e+04 3.003832e+02 4.056576e+04 5.205853e+07
<GCONST> 6.738103e+01
<MIXTURE> 6 5.477986e-02
<MEAN> 6
 7.704436e+01 2.844693e+02 -1.769127e+02 -2.397390e-01 -1.217205e+01 -7.784271e+01
<VARIANCE> 6
 3.171015e+01 1.281363e+04 2.586575e+04 3.003832e+02 4.056576e+04 5.205853e+07
<GCONST> 6.818646e+01
<MIXTURE> 7 5.850872e-02
<MEAN> 6
 7.701049e+01 7.290475e+01 1.515768e+03 -5.715799e-01 -3.745146e+00 -9.927678e+01
<VARIANCE> 6
 3.171015e+01 6.978221e+04 1.389758e+05 3.003832e+02 4.056576e+04 5.205853e+07
<GCONST> 7.156271e+01
<MIXTURE> 8 2.860934e-02
<MEAN> 6
 7.516049e+01 -2.275523e+02 2.244652e+02 -4.472066e-01 -5.064166e+00 -9.372923e+01
<VARIANCE> 6
 3.171015e+01 1.713583e+04 1.155935e+04 3.003832e+02 4.056576e+04 5.205853e+07
<GCONST> 6.767169e+01
<MIXTURE> 9 8.134861e-02
<MEAN> 6
 6.060678e+01 -3.216428e+02 1.613869e+02 -2.658677e-01 7.049518e-01 -1.054210e+02
<VARIANCE> 6
 3.171015e+01 2.859901e+04 1.155935e+04 3.003832e+02 4.056576e+04 5.205853e+07
<GCONST> 6.818390e+01
<MIXTURE> 10 1.000516e-01
<MEAN> 6
 7.643788e+01 2.985204e+02 -7.771579e+02 1.949494e-01 -4.305466e+00 -9.461243e+01
<VARIANCE> 6
 3.171015e+01 5.340637e+04 1.155935e+04 3.003832e+02 4.056576e+04 5.205853e+07
<GCONST> 6.880846e+01
<MIXTURE> 11 1.106634e-01
<MEAN> 6
 6.771158e+01 -3.934881e+02 3.621750e+02 -1.458284e-01 -2.362708e+00 -7.124841e+01
<VARIANCE> 6
 3.171015e+01 1.281363e+04 1.155935e+04 3.003832e+02 4.056576e+04 5.205853e+07
<GCONST> 6.738103e+01
<MIXTURE> 12 6.355274e-02
<MEAN> 6
 6.867719e+01 6.010312e+01 2.070240e+02 -6.551225e-01 -9.244004e+00 -2.131953e+02
<VARIANCE> 6
 3.171015e+01 1.310978e+04 1.155935e+04 3.003832e+02 4.056576e+04 5.205853e+07
<GCONST> 6.740388e+01
<MIXTURE> 13 8.650432e-02
<MEAN> 6
 7.344484e+01 6.283770e+02 3.607662e+02 -3.691921e-01 -2.281151e-02 -1.032882e+02
<VARIANCE> 6
 3.171015e+01 2.879816e+04 1.155935e+04 3.003832e+02 4.056576e+04 5.205853e+07
<GCONST> 6.819083e+01
<MIXTURE> 14 4.488444e-02
<MEAN> 6
 7.764402e+01 -3.148555e+02 7.105428e+02 -1.098199e+00 -2.415397e+00 -8.306094e+01
<VARIANCE> 6
 3.171015e+01 5.164770e+04 5.084252e+05 3.003832e+02 4.056576e+04 5.205853e+07
<GCONST> 7.255879e+01
<MIXTURE> 15 6.248763e-02
<MEAN> 6
 6.723792e+01 9.306392e+00 2.125390e+02 -5.289274e-01 -7.553228e+00 -1.640258e+02
<VARIANCE> 6
 3.171015e+01 1.281363e+04 1.155935e+04 3.003832e+02 4.056576e+04 5.205853e+07
<GCONST> 6.738103e+01
<STATE> 4
<NUMMIXES> 15
<MIXTURE> 1 3.300783e-02
<MEAN> 6
 1.037840e+01 1.352405e+04 -1.426205e+02 1.374257e+01 8.014594e+01 -3.039314e+01
<VARIANCE> 6
 3.013210e+03 2.017573e+05 4.088036e+05 2.743387e+04 3.801742e+05 6.818271e+07
<GCONST> 8.527946e+01
<MIXTURE> 2 6.876453e-02
<MEAN> 6
 -2.780088e+00 7.279260e+02 -1.214592e+03 1.458290e+01 1.034739e+02 -4.491936e+01
<VARIANCE> 6
 5.518568e+02 1.354679e+06 2.178754e+06 2.400511e+04 4.534795e+04 5.205853e+07
<GCONST> 8.462991e+01
<MIXTURE> 3 8.166604e-02
<MEAN> 6
 9.495161e+01 -5.512974e+02 3.994303e+02 -9.159945e+00 -1.222047e+01 -2.590211e+02
<VARIANCE> 6
 7.590138e+01 2.065331e+07 2.475316e+06 3.003832e+02 4.056576e+04 5.205853e+07
<GCONST> 8.100558e+01
<MIXTURE> 4 8.395052e-02
<MEAN> 6
 -1.267555e+00 8.033679e+02 9.557064e+02 -2.683245e+02 2.362379e+02 8.963709e+03
<VARIANCE> 6
 8.092395e+02 8.312114e+06 4.925262e+06 4.013354e+03 6.414822e+05 2.745869e+08
<GCONST> 9.016617e+01
<MIXTURE> 5 8.926266e-02
<MEAN> 6
 3.186377e+01 -5.686524e+03 3.485118e+02 1.483291e+01 -5.415099e+01 -2.054709e+02
<VARIANCE> 6
 2.019304e+03 1.812078e+05 1.254570e+05 2.599527e+04 1.546492e+05 5.205853e+07
<GCONST> 8.236736e+01
<MIXTURE> 6 8.928563e-02
<MEAN> 6
 8.627944e+01 -6.012851e+02 1.732108e+03 1.122173e+01 -2.004985e+02 -2.888936e+01
<VARIANCE> 6
 1.544125e+02 1.431729e+06 1.566517e+06 3.382752e+03 9.994503e+04 5.205853e+07
<GCONST> 8.191235e+01
<MIXTURE> 7 8.205885e-02
<MEAN> 6
 -5.752919e+01 7.143446e+02 5.572551e+02 1.769476e+01 8.606341e+01 -3.923988e+00
<VARIANCE> 6
 1.231552e+02 2.193120e+06 4.138203e+06 4.135051e+02 4.056576e+04 5.205853e+07
<GCONST> 8.008054e+01
<MIXTURE> 8 4.065315e-02
<MEAN> 6
 9.867286e+01 -7.204558e+03 1.432741e+02 -1.202693e+01 -1.996642e+02 -1.667129e+00
<VARIANCE> 6
 3.171015e+01 1.453815e+05 1.172965e+05 8.593718e+02 5.754911e+04 5.205853e+07
<GCONST> 7.352795e+01
<MIXTURE> 9 5.765667e-02
<MEAN> 6
 -4.158194e+01 6.198243e+02 1.211542e+03 6.408218e+01 1.134339e+03 -8.425460e+02
<VARIANCE> 6
 2.092029e+02 4.186311e+06 4.546076e+06 1.778381e+04 2.032998e+05 8.516676e+07
<GCONST> 8.721628e+01
<MIXTURE> 10 9.408939e-02
<MEAN> 6
 5.998634e+01 5.860513e+02 -2.440268e+02 7.199495e+01 -4.462589e+02 -4.099472e+02
<VARIANCE> 6
 3.387611e+02 8.724091e+06 3.655854e+06 3.584802e+04 6.791977e+04 5.205853e+07
<GCONST> 8.732700e+01
<MIXTURE> 11 5.541595e-02
<MEAN> 6
 -5.045662e-01 -1.003309e+02 3.593083e+02 2.633787e+02 2.199326e+02 -7.281879e+03
<VARIANCE> 6
 3.077727e+02 7.033133e+06 5.682196e+06 2.529957e+03 2.123059e+05 1.143471e+08
<GCONST> 8.673210e+01
<MIXTURE> 12 5.675974e-02
<MEAN> 6
 5.931303e+01 2.052381e+02 1.124822e+03 -4.763568e+01 -8.067255e+02 4.739649e+02
<VARIANCE> 6
 2.435239e+02 2.089525e+06 4.655172e+06 3.756286e+04 2.028800e+05 5.807318e+07
<GCONST> 8.705977e+01
<MIXTURE> 13 6.431903e-02
<MEAN> 6
 9.428788e+01 6.793795e+02 5.017670e+02 7.706753e+00 -1.117395e+03 -1.067603e+03
<VARIANCE> 6
 1.803859e+02 1.884448e+07 5.484913e+06 1.832762e+04 8.917046e+05 4.365492e+08
<GCONST> 9.190307e+01
<MIXTURE> 14 4.652439e-02
<MEAN> 6
 -5.439644e+01 -4.084365e+03 8.095357e+02 -3.566732e-01 1.480039e+02 7.057268e+01
<VARIANCE> 6
 3.171015e+01 4.080231e+06 4.759784e+05 3.003832e+02 5.134412e+04 5.205853e+07
<GCONST> 7.709794e+01
<MIXTURE> 15 5.655703e-02
<MEAN> 6
 -4.902948e+01 -1.421362e+03 3.612518e+02 -2.778123e+01 1.238116e+03 -2.953425e+03
<VARIANCE> 6
 8.933255e+01 7.630272e+06 2.976207e+06 1.356560e+04 4.225459e+05 2.174070e+08
<GCONST> 8.794005e+01
<STATE> 5
<NUMMIXES> 15
<MIXTURE> 1 5.406621e-02
<MEAN> 6
 6.901399e+01 1.081196e+03 9.712457e+01 -1.184116e+00 -6.372889e+00 -1.121564e+02
<VARIANCE> 6
 3.171015e+01 5.366857e+04 1.155935e+04 3.003832e+02 4.056576e+04 5.205853e+07
<GCONST> 6.881335e+01
<MIXTURE> 2 7.089339e-02
<MEAN> 6
 6.758405e+01 -4.028791e+02 1.704412e+03 -2.315166e+00 -2.879133e+00 -1.007701e+02
<VARIANCE> 6
 3.981949e+01 8.365937e+04 1.581365e+05 3.003832e+02 4.056576e+04 5.205853e+07
<GCONST> 7.210096e+01
<MIXTURE> 3 9.884068e-02
<MEAN> 6
 5.885440e+01 2.319174e+03 -2.937341e+02 3.763177e-01 -4.880984e+00 -2.017122e+02
<VARIANCE> 6
 3.171015e+01 1.638820e+05 1.155935e+04 3.003832e+02 4.056576e+04 5.205853e+07
<GCONST> 6.992967e+01
<MIXTURE> 4 4.015753e-02
<MEAN> 6
 7.405478e+01 1.140092e+03 -7.311021e+02 -1.461690e+00 -7.437792e+00 -7.385918e+01
<VARIANCE> 6
 3.171015e+01 7.390532e+04 1.155935e+04 3.003832e+02 4.056576e+04 5.205853e+07
<GCONST> 6.913331e+01
<MIXTURE> 5 7.905920e-02
<MEAN> 6
 6.159096e+01 -1.392932e+03 -5.165659e+02 -1.638021e-02 -4.478931e+00 -1.487339e+02
<VARIANCE> 6
 3.171015e+01 6.757833e+05 2.567469e+04 3.003832e+02 4.056576e+04 5.205853e+07
<GCONST> 7.214441e+01
<MIXTURE> 6 6.524369e-02
<MEAN> 6
 6.656819e+01 -3.418829e+01 -2.070164e+02 3.219012e-01 -6.781854e+00 -1.848101e+02
<VARIANCE> 6
 3.171015e+01 1.553012e+05 1.155935e+04 3.003832e+02 4.056576e+04 5.205853e+07
<GCONST> 6.987589e+01
<MIXTURE> 7 6.480290e-02
<MEAN> 6
 6.640713e+01 5.480286e+02 -2.429994e+02 3.305545e-01 -2.306355e+00 -1.630791e+02
<VARIANCE> 6
 3.171015e+01 2.695228e+04 1.155935e+04 3.003832e+02 4.056576e+04 5.205853e+07
<GCONST> 6.812459e+01
<MIXTURE> 8 7.850242e-02
<MEAN> 6
 6.571019e+01 -6.088013e+02 -3.249516e+01 -3.353116e-01 -6.882502e+00 -1.250157e+02
<VARIANCE> 6
 3.171015e+01 4.411583e+04 1.155935e+04 3.003832e+02 4.056576e+04 5.205853e+07
<GCONST> 6.861734e+01
<MIXTURE> 9 9.978379e-02
<MEAN> 6
 6.705529e+01 7.571406e+01 -5.076508e+02 -6.960242e-01 -1.349551e+00 -1.196577e+02
<VARIANCE> 6
 4.579840e+01 4.310382e+04 1.155935e+04 3.003832e+02 4.056576e+04 5.205853e+07
<GCONST> 6.896175e+01
<MIXTURE> 10 2.846092e-02
<MEAN> 6
 6.672285e+01 1.850377e+03 -6.959902e+01 -6.445903e-01 -1.626965e+00 2.600941e+00
<VARIANCE> 6
 3.171015e+01 1.895030e+04 1.155935e+04 3.003832e+02 4.056576e+04 5.205853e+07
<GCONST> 6.777234e+01
<MIXTURE> 11 6.621868e-02
<MEAN> 6
 6.583316e+01 4.093567e+02 -2.068121e+02 5.603345e-01 -3.633994e+00 -1.240692e+02
<VARIANCE> 6
 3.171015e+01 1.281363e+04 1.155935e+04 3.003832e+02 4.056576e+04 5.205853e+07
<GCONST> 6.738103e+01
<MIXTURE> 12 7.521417e-02
<MEAN> 6
 6.611464e+01 -2.445924e+02 -2.048760e+02 5.927700e-01 -4.063337e+00 -1.626241e+02
<VARIANCE> 6
 3.171015e+01 1.143340e+05 1.155935e+04 3.003832e+02 4.056576e+04 5.205853e+07
<GCONST> 6.956965e+01
<MIXTURE> 13 5.892286e-02
<MEAN> 6
 6.556108e+01 -1.030336e+03 6.142041e+01 5.417957e-02 -2.382806e+00 1.803969e+01
<VARIANCE> 6
 3.171015e+01 8.846172e+04 1.155935e+04 3.003832e+02 4.056576e+04 5.205853e+07
<GCONST> 6.931310e+01
<MIXTURE> 14 5.348814e-02
<MEAN> 6
 6.861257e+01 1.122936e+03 7.657812e+01 -9.500675e-01 -5.069681e+00 -1.749751e+02
<VARIANCE> 6
 3.171015e+01 3.428950e+04 1.155935e+04 3.003832e+02 4.056576e+04 5.205853e+07
<GCONST> 6.836536e+01
<MIXTURE> 15 6.629534e-02
<MEAN> 6
 6.576962e+01 4.029670e+02 -2.071117e+02 5.591446e-01 -4.064680e+00 -1.298351e+02
<VARIANCE> 6
 3.171015e+01 1.281363e+04 1.155935e+04 3.003832e+02 4.056576e+04 5.205853e+07
<GCONST> 6.738103e+01
<STATE> 6
<NUMMIXES> 15
<MIXTURE> 1 3.922178e-02
<MEAN> 6
 9.403573e+01 -6.673538e+02 3.964304e+02 -4.058074e+00 1.474285e+01 -3.976518e+01
<VARIANCE> 6
 3.171015e+01 6.586895e+04 1.155935e+04 3.003832e+02 4.056576e+04 5.205853e+07
<GCONST> 6.901819e+01
<MIXTURE> 2 7.868069e-02
<MEAN> 6
 6.850391e+01 -5.591917e+00 -1.169533e+02 -5.379300e+01 -1.209996e+03 -1.674793e+04
<VARIANCE> 6
 7.664298e+01 6.848498e+05 8.070755e+05 1.061554e+03 2.465404e+05 1.036241e+08
<GCONST> 8.024361e+01
<MIXTURE> 3 6.629910e-02
<MEAN> 6
 9.072862e+01 -2.789618e+03 6.471940e+01 -3.912677e+00 5.812582e+00 -7.548058e+01
<VARIANCE> 6
 3.171015e+01 5.015818e+05 1.464321e+04 3.003832e+02 4.056576e+04 5.205853e+07
<GCONST> 7.128477e+01
<MIXTURE> 4 5.567263e-02
<MEAN> 6
 8.717875e+01 -1.623666e+03 5.188672e+02 7.584336e-01 -5.002236e+00 -1.893408e+02
<VARIANCE> 6
 3.171015e+01 1.281363e+04 1.155935e+04 3.003832e+02 4.056576e+04 5.205853e+07
<GCONST> 6.738103e+01
<MIXTURE> 5 9.684272e-02
<MEAN> 6
 8.304478e+01 -7.707685e+02 1.224737e+02 -9.660100e-02 -3.369056e+00 -1.454362e+02
<VARIANCE> 6
 3.171015e+01 1.281363e+04 1.155935e+04 3.003832e+02 4.056576e+04 5.205853e+07
<GCONST> 6.738103e+01
<MIXTURE> 6 9.287035e-02
<MEAN> 6
 7.922875e+01 -1.512683e+03 -6.381005e+01 -2.559597e+00 -9.673742e+00 -2.347418e+02
<VARIANCE> 6
 3.171015e+01 6.344863e+04 1.155935e+04 3.003832e+02 4.056576e+04 5.205853e+07
<GCONST> 6.898075e+01
<MIXTURE> 7 8.892324e-02
<MEAN> 6
 8.302426e+01 -7.827602e+02 1.328087e+02 -1.067236e-01 -3.404104e+00 -1.479250e+02
<VARIANCE> 6
 3.171015e+01 1.281363e+04 1.155935e+04 3.003832e+02 4.056576e+04 5.205853e+07
<GCONST> 6.738103e+01
<MIXTURE> 8 2.746744e-02
<MEAN> 6
 8.127415e+01 -8.165084e+02 3.459772e+02 2.536349e-01 -1.247439e+01 3.985667e+01
<VARIANCE> 6
 3.171015e+01 3.454867e+04 1.081856e+05 3.003832e+02 4.056576e+04 5.205853e+07
<GCONST> 7.060925e+01
<MIXTURE> 9 3.499398e-02
<MEAN> 6
 9.178073e+01 -1.015586e+03 -7.251974e+02 -2.798710e+00 -5.112644e+00 -3.689026e+02
<VARIANCE> 6
 3.171015e+01 2.815404e+06 1.809153e+04 3.003832e+02 4.056576e+04 5.205853e+07
<GCONST> 7.322134e+01
<MIXTURE> 10 9.597622e-02
<MEAN> 6
 8.304572e+01 -7.741501e+02 1.255442e+02 -9.997720e-02 -3.398544e+00 -1.460595e+02
<VARIANCE> 6
 3.171015e+01 1.281363e+04 1.155935e+04 3.003832e+02 4.056576e+04 5.205853e+07
<GCONST> 6.738103e+01
<MIXTURE> 11 8.843298e-02
<MEAN> 6
 8.262442e+01 -8.432601e+02 1.503851e+02 -1.527209e-01 -2.872793e+00 -1.446649e+02
<VARIANCE> 6
 3.171015e+01 1.566177e+04 1.155935e+04 3.003832e+02 4.056576e+04 5.205853e+07
<GCONST> 6.758174e+01
<MIXTURE> 12 5.868296e-02
<MEAN> 6
 8.576267e+01 -9.133838e+02 -3.259427e+02 -3.779509e+00 -8.753533e+00 -1.688170e+02
<VARIANCE> 6
 3.171015e+01 5.538530e+04 1.284104e+04 3.003832e+02 4.056576e+04 5.205853e+07
<GCONST> 6.894999e+01
<MIXTURE> 13 6.445625e-02
<MEAN> 6
 8.922085e+01 -5.381820e+03 -5.166559e+02 -4.388596e+00 1.211611e+01 -1.763903e+02
<VARIANCE> 6
 4.242086e+01 2.440407e+06 1.155935e+04 3.003832e+02 4.056576e+04 5.205853e+07
<GCONST> 7.292145e+01
<MIXTURE> 14 6.594094e-02
<MEAN> 6
 8.135519e+01 -8.053148e+02 4.110150e+02 -8.429717e-01 -1.423895e+01 -3.910136e+01
<VARIANCE> 6
 3.182936e+01 1.281363e+04 1.155935e+04 3.003832e+02 4.056576e+04 5.205853e+07
<GCONST> 6.738478e+01
<MIXTURE> 15 4.551315e-02
<MEAN> 6
 8.897647e+01 -1.634291e+03 3.410493e+02 3.141106e-01 -8.014427e+00 -3.018863e+02
<VARIANCE> 6
 3.171015e+01 1.281363e+04 2.510040e+04 3.003832e+02 4.056576e+04 5.205853e+07
<GCONST> 6.815642e+01
<STATE> 7
<NUMMIXES> 15
<MIXTURE> 1 4.881561e-02
<MEAN> 6
 1.000410e+02 -3.315729e+03 1.174669e+04 -2.049678e+00 -2.092310e+01 1.857638e+02
<VARIANCE> 6
 3.171015e+01 5.362349e+05 4.029024e+06 3.003832e+02 4.056576e+04 5.205853e+07
<GCONST> 7.696888e+01
<MIXTURE> 2 6.019621e-02
<MEAN> 6
 8.975639e+01 -4.261389e+03 6.331724e+03 -1.822178e+00 6.149817e-01 -2.945320e+01
<VARIANCE> 6
 3.171015e+01 3.902168e+04 1.102631e+06 3.003832e+02 4.056576e+04 5.205853e+07
<GCONST> 7.305260e+01
<MIXTURE> 3 2.868442e-02
<MEAN> 6
 7.120824e+01 -3.189316e+03 2.859696e+03 -1.389821e+00 -7.503603e-01 -1.430596e+02
<VARIANCE> 6
 3.171015e+01 1.690008e+05 1.051657e+05 3.003832e+02 4.056576e+04 5.205853e+07
<GCONST> 7.216847e+01
<MIXTURE> 4 4.140368e-02
<MEAN> 6
 7.200986e+01 -6.524085e+03 1.428964e+04 -4.880156e+01 -3.781459e+02 -1.463433e+03
<VARIANCE> 6
 1.879975e+02 7.066444e+06 9.028285e+07 9.821733e+03 6.320325e+05 7.916493e+07
<GCONST> 9.108911e+01
<MIXTURE> 5 7.618671e-02
<MEAN> 6
 6.795255e+01 -4.058951e+03 3.467686e+03 -8.276696e-01 -2.952462e+00 -9.109109e+01
<VARIANCE> 6
 3.171015e+01 2.398092e+04 1.155935e+04 3.003832e+02 4.056576e+04 5.205853e+07
<GCONST> 6.800778e+01
<MIXTURE> 6 5.785535e-02
<MEAN> 6
 8.274985e+01 -4.844236e+03 1.159299e+04 -5.362456e-02 1.322733e+00 7.139429e+01
<VARIANCE> 6
 3.171015e+01 2.703196e+04 6.824852e+06 3.003832e+02 4.056576e+04 5.205853e+07
<GCONST> 7.450838e+01
<MIXTURE> 7 4.981579e-02
<MEAN> 6
 6.714874e+01 -4.276434e+03 3.358678e+03 -4.619213e-01 -9.375340e+00 -1.939014e+02
<VARIANCE> 6
 3.171015e+01 1.281363e+04 1.155935e+04 3.003832e+02 4.056576e+04 5.205853e+07
<GCONST> 6.738103e+01
<MIXTURE> 8 6.476512e-02
<MEAN> 6
 5.869321e+01 -6.153145e+01 -1.153569e+02 -1.584451e+02 -1.346215e+03 1.266285e+03
<VARIANCE> 6
 6.032013e+01 1.656063e+06 2.039676e+05 2.195436e+03 1.086039e+05 5.205853e+07
<GCONST> 7.873008e+01
<MIXTURE> 9 1.041214e-01
<MEAN> 6
 -2.604733e+01 5.075292e+02 -4.977534e+01 -3.787731e+02 1.379864e+03 3.425757e+04
<VARIANCE> 6
 2.012302e+02 2.433798e+06 1.372773e+06 5.676424e+03 1.452516e+06 8.243931e+08
<GCONST> 8.853207e+01
<MIXTURE> 10 6.825133e-02
<MEAN> 6
 2.179710e+01 -5.062587e+02 6.310917e+02 -3.227784e+02 -5.282856e+02 7.706678e+03
<VARIANCE> 6
 3.390845e+02 2.455586e+06 8.335205e+06 2.371924e+03 4.069580e+05 7.896006e+07
<GCONST> 8.637576e+01
<MIXTURE> 11 8.334514e-02
<MEAN> 6
 -5.734947e+01 1.459539e+02 -3.525560e+02 -1.525130e+02 2.838031e+03 -1.708943e+04
<VARIANCE> 6
 1.040138e+02 2.003956e+06 9.823161e+05 9.154226e+03 9.593623e+05 1.033074e+09
<GCONST> 8.763189e+01
<MIXTURE> 12 9.603628e-02
<MEAN> 6
 1.194937e+01 -8.895057e+01 -1.088294e+02 -3.914039e+02 -6.650129e+02 1.099756e+04
<VARIANCE> 6
 2.105129e+02 7.076960e+06 2.867429e+05 2.980026e+03 4.265059e+05 2.330286e+08
<GCONST> 8.494524e+01
<MIXTURE> 13 7.824453e-02
<MEAN> 6
 4.211179e+01 1.358916e+02 2.357407e-01 -3.030175e+02 -1.451618e+03 1.267904e+04
<VARIANCE> 6
 1.238448e+02 6.143197e+05 2.151660e+05 2.272721e+03 4.070838e+05 2.401433e+08
<GCONST> 8.139598e+01
<MIXTURE> 14 8.582213e-02
<MEAN> 6
 8.938210e+01 -4.421123e+03 3.275610e+03 -2.236129e+00 -3.521164e+01 -5.454519e+02
<VARIANCE> 6
 3.171015e+01 1.281363e+04 1.791623e+06 3.003832e+02 4.056576e+04 5.205853e+07
<GCONST> 7.242442e+01
<MIXTURE> 15 5.644471e-02
<MEAN> 6
 5.926277e+01 -2.678411e+01 -7.424936e+01 -1.934451e+02 -2.070725e+03 -1.024142e+03
<VARIANCE> 6
 1.055883e+02 6.972560e+05 9.212850e+05 2.104780e+03 4.591829e+05 1.404483e+08
<GCONST> 8.232477e+01
<STATE> 8
<NUMMIXES> 15
<MIXTURE> 1 5.379273e-02
<MEAN> 6
 -3.448702e+01 -6.643756e+01 4.029414e+01 1.969163e+02 9.605151e+02 -3.275711e+03
<VARIANCE> 6
 1.070074e+02 6.569376e+05 2.261567e+05 3.830732e+03 1.398738e+05 5.253313e+07
<GCONST> 7.930075e+01
<MIXTURE> 2 9.072305e-02
<MEAN> 6
 -9.203893e+00 1.748244e+02 1.340383e+02 -2.447664e+02 2.342729e+02 5.725372e+03
<VARIANCE> 6
 4.040687e+02 1.013290e+06 6.720943e+05 5.520007e+03 2.916354e+05 2.191555e+08
<GCONST> 8.468040e+01
<MIXTURE> 3 7.563697e-02
<MEAN> 6
 8.239310e+01 -2.509904e+02 2.662064e+02 -7.338473e+00 -6.432013e+01 -3.537982e+02
<VARIANCE> 6
 1.334586e+02 6.772835e+05 5.680174e+05 3.003832e+02 4.056576e+04 5.205853e+07
<GCONST> 7.668042e+01
<MIXTURE> 4 5.181016e-02
<MEAN> 6
 8.778166e+01 -9.344949e+01 1.627466e+02 5.237885e+01 -1.086289e+03 -1.241613e+03
<VARIANCE> 6
 2.418361e+02 2.353973e+06 1.171512e+06 1.515771e+04 1.016180e+06 7.286001e+08
<GCONST> 8.902541e+01
<MIXTURE> 5 7.119296e-02
<MEAN> 6
 -2.919734e+00 8.227751e+01 1.380381e+01 -2.895695e+01 7.959903e+01 3.651199e+01
<VARIANCE> 6
 4.113744e+02 3.471981e+05 4.149522e+05 2.974463e+04 4.669792e+04 5.205853e+07
<GCONST> 8.156007e+01
<MIXTURE> 6 1.012716e-01
<MEAN> 6
 -5.148505e+01 6.552458e+01 7.870049e+01 3.531237e+01 6.731596e+02 3.610927e+02
<VARIANCE> 6
 1.361306e+02 4.295261e+05 3.481105e+05 5.017569e+03 1.041605e+05 5.205853e+07
<GCONST> 7.951385e+01
<MIXTURE> 7 3.041012e-02
<MEAN> 6
 3.559808e+01 -1.026298e+03 -8.907006e+01 -1.925718e+02 -2.552467e+02 4.080080e+03
<VARIANCE> 6
 4.260352e+02 4.271844e+06 3.216332e+06 1.018113e+04 1.406184e+05 5.845891e+07
<GCONST> 8.629903e+01
<MIXTURE> 8 5.318377e-02
<MEAN> 6
 4.906070e+01 3.144562e+02 1.357796e+02 1.725228e+02 -3.227333e+02 -1.723786e+02
<VARIANCE> 6
 3.123739e+02 1.153622e+06 4.890300e+05 3.008825e+03 1.018401e+05 5.205853e+07
<GCONST> 8.113840e+01
<MIXTURE> 9 7.129122e-02
<MEAN> 6
 -5.125853e+01 8.170645e+01 1.560966e+02 -9.449467e+01 1.453544e+03 -6.812437e+01
<VARIANCE> 6
 1.545090e+02 8.995541e+05 1.116824e+06 1.588711e+04 4.805492e+05 4.160322e+08
<GCONST> 8.630540e+01
<MIXTURE> 10 6.690736e-02
<MEAN> 6
 8.247436e+01 -4.297966e+01 6.000577e+01 -5.995562e+01 -7.740452e+02 -7.914297e+02
<VARIANCE> 6
 2.164179e+02 9.551839e+05 2.191412e+05 6.645542e+03 1.623048e+05 5.285464e+07
<GCONST> 8.105359e+01
<MIXTURE> 11 5.891585e-02
<MEAN> 6
 -1.343395e+00 -6.964378e+01 -2.002511e+01 2.590116e+02 1.219063e+02 -7.807221e+03
<VARIANCE> 6
 1.981759e+02 7.735891e+05 4.691242e+05 4.941698e+03 1.649667e+05 8.234697e+07
<GCONST> 8.167925e+01
<MIXTURE> 12 8.387273e-02
<MEAN> 6
 7.306848e+01 -8.301641e+01 1.558203e+02 2.848714e+01 -4.752002e+02 -5.752756e+02
<VARIANCE> 6
 1.110566e+02 4.090922e+05 8.416592e+05 9.946915e+03 1.019220e+05 5.205853e+07
<GCONST> 8.080699e+01
<MIXTURE> 13 7.047965e-02
<MEAN> 6
 -5.699464e+01 -7.811333e+01 1.206519e+02 1.132776e+01 1.414713e+02 -1.830755e+02
<VARIANCE> 6
 1.204947e+02 6.059782e+05 1.139448e+06 4.718386e+02 4.907493e+04 5.205853e+07
<GCONST> 7.780515e+01
<MIXTURE> 14 6.538711e-02
<MEAN> 6
 5.018372e+01 2.241580e+02 7.159837e+01 -2.224103e+02 -6.602003e+02 3.700698e+03
<VARIANCE> 6
 2.425232e+02 6.384888e+05 3.294538e+05 4.005146e+03 1.578062e+05 6.308105e+07
<GCONST> 8.081480e+01
<MIXTURE> 15 5.472355e-02
<MEAN> 6
 4.069528e+01 -6.317488e+01 -7.588512e+01 2.216029e+02 -4.674015e+02 -2.229025e+03
<VARIANCE> 6
 2.757941e+02 1.024904e+06 7.856072e+05 4.415146e+03 1.323392e+05 5.205853e+07
<GCONST> 8.201503e+01
<STATE> 9
<NUMMIXES> 15
<MIXTURE> 1 6.679115e-02
<MEAN> 6
 2.231747e+01 5.473348e+02 -2.386095e+02 1.706803e+02 -8.148639e+01 -4.662701e+02
<VARIANCE> 6
 4.185025e+02 1.850088e+06 4.288422e+05 2.346607e+03 4.983673e+04 5.205853e+07
<GCONST> 8.080865e+01
<MIXTURE> 2 7.059223e-02
<MEAN> 6
 7.399168e+01 -8.711129e+02 2.257692e+02 7.664253e+01 -7.451663e+02 3.397756e+02
<VARIANCE> 6
 5.166602e+02 3.516473e+06 8.458412e+05 2.389937e+04 1.196425e+06 7.848667e+08
<GCONST> 9.055318e+01
<MIXTURE> 3 1.375012e-01
<MEAN> 6
 2.356123e+01 4.273733e+02 6.955222e+02 8.008895e+01 -1.191237e+01 -2.479643e+02
<VARIANCE> 6
 6.308344e+02 2.153282e+05 9.381456e+05 3.771331e+02 4.056576e+04 5.205853e+07
<GCONST> 7.781705e+01
<MIXTURE> 4 3.188230e-02
<MEAN> 6
 3.365584e+01 1.938743e+02 4.868275e+01 1.823585e+02 -2.850242e+02 -1.571375e+03
<VARIANCE> 6
 3.310142e+02 4.162306e+05 3.285492e+06 2.227478e+03 6.021541e+04 5.205853e+07
<GCONST> 8.125563e+01
<MIXTURE> 5 6.840672e-02
<MEAN> 6
 5.996541e+01 6.023440e+02 -8.174789e+01 1.627756e+02 -4.825825e+02 -9.963444e+02
<VARIANCE> 6
 1.886551e+02 2.194388e+06 4.671393e+05 4.014012e+03 5.176503e+04 5.205853e+07
<GCONST> 8.084288e+01
<MIXTURE> 6 4.877630e-02
<MEAN> 6
 2.269983e+00 1.795919e+02 -1.496871e+02 2.275479e+02 1.611748e+02 -2.628638e+03
<VARIANCE> 6
 1.391543e+02 5.876146e+05 4.427480e+05 4.144741e+03 4.412177e+04 5.205853e+07
<GCONST> 7.903961e+01
<MIXTURE> 7 2.666587e-02
<MEAN> 6
 1.002454e+02 1.017027e+03 -7.084814e+02 8.225056e+01 -7.479804e+02 2.013055e+02
<VARIANCE> 6
 1.051034e+02 1.206278e+06 1.185974e+05 4.031734e+03 2.351164e+05 1.002442e+08
<GCONST> 8.046165e+01
<MIXTURE> 8 7.036240e-02
<MEAN> 6
 -1.602951e+01 -9.954552e+01 5.776128e+02 8.955052e+00 1.986572e+02 1.612496e+02
<VARIANCE> 6
 9.410238e+01 7.620463e+04 6.769424e+05 3.247131e+03 9.857755e+04 5.205853e+07
<GCONST> 7.759017e+01
<MIXTURE> 9 4.046988e-02
<MEAN> 6
 -1.832891e+01 3.172863e+02 -2.887321e+02 1.323237e+00 3.026290e+01 2.907091e+02
<VARIANCE> 6
 3.171015e+01 1.281363e+04 2.864935e+04 3.003832e+02 4.056576e+04 5.205853e+07
<GCONST> 6.828867e+01
<MIXTURE> 10 7.579938e-02
<MEAN> 6
 5.011884e+01 5.321632e+02 5.304421e+02 3.320958e+00 -2.009459e+02 -1.208077e+01
<VARIANCE> 6
 4.184929e+01 1.203672e+05 8.471223e+05 3.492556e+03 4.056576e+04 5.205853e+07
<GCONST> 7.664619e+01
<MIXTURE> 11 1.116175e-01
<MEAN> 6
 7.464873e+01 -2.144856e+02 9.654704e+01 6.911143e+01 -5.536725e+02 4.143505e+02
<VARIANCE> 6
 1.434758e+02 5.685668e+05 1.050527e+06 3.193906e+03 1.609514e+05 5.205853e+07
<GCONST> 8.093484e+01
<MIXTURE> 12 7.580583e-02
<MEAN> 6
 1.674286e+01 -7.544692e+02 -3.517057e+01 -1.190700e+02 5.997929e+01 1.289567e+03
<VARIANCE> 6
 4.684780e+02 1.821336e+05 6.291265e+05 1.096233e+03 1.999152e+05 1.220974e+08
<GCONST> 8.046695e+01
<MIXTURE> 13 4.514335e-02
<MEAN> 6
 3.498936e+01 5.255105e+01 4.986850e+01 2.629413e+02 -4.934292e+02 -3.685504e+03
<VARIANCE> 6
 1.933683e+02 2.516391e+05 5.052269e+05 2.069808e+03 9.035402e+04 5.205853e+07
<GCONST> 7.867496e+01
<MIXTURE> 14 2.974922e-02
<MEAN> 6
 -1.137353e+01 -4.866225e+02 7.704395e+02 1.911261e+02 3.471645e+02 -4.154151e+03
<VARIANCE> 6
 2.145865e+02 1.051807e+06 1.129355e+06 4.492504e+03 7.537827e+04 5.205853e+07
<GCONST> 8.160748e+01
<MIXTURE> 15 1.004013e-01
<MEAN> 6
 -2.020440e+01 -3.978326e+02 -1.892502e+02 1.370104e+01 1.823909e+02 -3.238602e+02
<VARIANCE> 6
 9.387620e+01 1.472301e+05 7.153628e+05 3.156816e+03 6.807811e+04 5.205853e+07
<GCONST> 7.790315e+01
<STATE> 10
<NUMMIXES> 15
<MIXTURE> 1 6.532233e-02
<MEAN> 6
 9.995712e+01 3.805205e+02 -2.704599e+02 -4.707257e+00 -3.003598e+00 9.261311e+01
<VARIANCE> 6
 4.287041e+01 9.023753e+04 5.995991e+04 3.003832e+02 4.056576e+04 5.205853e+07
<GCONST> 7.128069e+01
<MIXTURE> 2 1.106009e-01
<MEAN> 6
 6.148497e+01 8.048970e+02 6.083304e+02 -1.961110e+00 -6.384275e+00 3.077053e+02
<VARIANCE> 6
 3.171015e+01 3.212662e+06 5.600371e+05 3.003832e+02 4.056576e+04 5.205853e+07
<GCONST> 7.678589e+01
<MIXTURE> 3 6.407124e-02
<MEAN> 6
 9.127195e+01 8.726082e+02 3.312596e+02 -4.480230e+00 -4.169249e+00 3.054306e+02
<VARIANCE> 6
 3.171015e+01 1.903960e+05 1.140731e+06 3.003832e+02 4.056576e+04 5.205853e+07
<GCONST> 7.467156e+01
<MIXTURE> 4 2.642060e-02
<MEAN> 6
 6.770093e+01 -3.847480e+02 2.972987e+03 -1.395048e+00 -1.252428e+01 1.484438e+02
<VARIANCE> 6
 3.171015e+01 1.613821e+04 1.155935e+04 3.003832e+02 4.056576e+04 5.205853e+07
<GCONST> 6.761171e+01
<MIXTURE> 5 5.811130e-02
<MEAN> 6
 1.105774e+02 1.029985e+03 -6.575038e+02 -7.271959e+00 -7.109116e+00 5.810742e+02
<VARIANCE> 6
 3.171015e+01 4.916793e+05 7.467195e+04 3.003832e+02 4.056576e+04 5.205853e+07
<GCONST> 7.289396e+01
<MIXTURE> 6 8.988293e-02
<MEAN> 6
 9.067816e+01 -2.916927e+02 2.734849e+02 -3.412764e+00 -1.083504e+01 1.088348e+02
<VARIANCE> 6
 3.955367e+01 1.854953e+04 1.078043e+05 3.003832e+02 4.056576e+04 5.205853e+07
<GCONST> 7.020481e+01
<MIXTURE> 7 8.893513e-02
<MEAN> 6
 8.535267e+01 -8.271213e+02 1.259667e+03 -5.000580e+00 -7.948664e+00 2.323772e+02
<VARIANCE> 6
 3.171015e+01 2.746417e+04 1.661422e+06 3.003832e+02 4.056576e+04 5.205853e+07
<GCONST> 7.311134e+01
<MIXTURE> 8 3.166369e-02
<MEAN> 6
 9.651807e+01 -6.968239e+02 -1.169197e+03 -3.631072e+00 1.584290e-01 1.664778e+01
<VARIANCE> 6
 3.171015e+01 1.281363e+04 1.155935e+04 3.003832e+02 4.056576e+04 5.205853e+07
<GCONST> 6.738103e+01
<MIXTURE> 9 4.244272e-02
<MEAN> 6
 8.098582e+01 -4.061773e+03 6.743867e+02 -7.381775e+00 2.793058e+01 -1.475493e+02
<VARIANCE> 6
 3.171015e+01 1.057002e+06 3.545436e+05 3.003832e+02 4.056576e+04 5.205853e+07
<GCONST> 7.521706e+01
<MIXTURE> 10 9.032298e-02
<MEAN> 6
 8.283719e+01 -1.452282e+02 -1.096493e+01 -2.406418e+00 -3.732069e+00 6.581125e+00
<VARIANCE> 6
 3.171015e+01 1.920025e+04 1.957814e+05 3.003832e+02 4.056576e+04 5.205853e+07
<GCONST> 7.061495e+01
<MIXTURE> 11 1.060091e-01
<MEAN> 6
 8.146369e+01 -1.131001e+03 4.278029e+02 -3.999389e+00 -4.559390e+00 2.119391e+02
<VARIANCE> 6
 5.172425e+01 8.537739e+04 3.327437e+05 3.003832e+02 4.056576e+04 5.205853e+07
<GCONST> 7.312677e+01
<MIXTURE> 12 3.076562e-02
<MEAN> 6
 7.939139e+01 2.219573e+03 -1.157187e+03 -1.342130e+00 8.809011e-01 -2.039600e+00
<VARIANCE> 6
 3.171015e+01 1.395389e+05 1.155935e+04 3.003832e+02 4.056576e+04 5.205853e+07
<GCONST> 6.976887e+01
<MIXTURE> 13 7.499716e-02
<MEAN> 6
 9.173308e+01 2.558010e+02 -3.674937e+02 -4.424963e+00 -3.424212e+00 1.111360e+02
<VARIANCE> 6
 3.171015e+01 1.281363e+04 2.138906e+04 3.003832e+02 4.056576e+04 5.205853e+07
<GCONST> 6.799641e+01
<MIXTURE> 14 6.581728e-02
<MEAN> 6
 8.837457e+01 2.630958e+02 1.406745e+03 -3.556618e+00 -5.699684e+00 3.185047e+02
<VARIANCE> 6
 3.171015e+01 1.814618e+05 1.070652e+06 3.003832e+02 4.056576e+04 5.205853e+07
<GCONST> 7.456010e+01
<MIXTURE> 15 5.457638e-02
<MEAN> 6
 1.034735e+02 8.144714e+02 -9.854797e+02 -7.583050e+00 -1.043394e+01 2.129270e+02
<VARIANCE> 6
 3.820512e+01 2.583629e+05 8.370926e+04 3.003832e+02 4.056576e+04 5.205853e+07
<GCONST> 7.255107e+01
<STATE> 11
<NUMMIXES> 15
<MIXTURE> 1 1.015434e-01
<MEAN> 6
 7.551858e+01 8.351265e+02 -8.889431e+01 -2.807141e+00 -1.101657e+00 1.560815e+02
<VARIANCE> 6
 3.171015e+01 3.612914e+04 1.467947e+05 3.003832e+02 4.056576e+04 5.205853e+07
<GCONST> 7.095917e+01
<MIXTURE> 2 8.458451e-02
<MEAN> 6
 6.968803e+01 4.409402e+02 1.388174e+02 -7.910442e-01 -1.103199e+01 -1.188400e+02
<VARIANCE> 6
 3.171015e+01 1.281363e+04 1.155935e+04 3.003832e+02 4.056576e+04 5.205853e+07
<GCONST> 6.738103e+01
<MIXTURE> 3 5.410501e-02
<MEAN> 6
 6.487020e+01 1.970711e+01 3.987691e+01 1.256630e+00 -1.018018e+01 -5.936942e+01
<VARIANCE> 6
 3.171015e+01 1.777459e+04 1.155935e+04 3.003832e+02 4.056576e+04 5.205853e+07
<GCONST> 6.770829e+01
<MIXTURE> 4 7.371368e-02
<MEAN> 6
 7.424567e+01 4.145851e+02 6.152966e+02 -4.266720e+00 -7.745809e+00 5.777651e+01
<VARIANCE> 6
 3.171015e+01 2.911739e+04 1.604119e+04 3.003832e+02 4.056576e+04 5.205853e+07
<GCONST> 6.852953e+01
<MIXTURE> 5 3.862028e-02
<MEAN> 6
 7.016050e+01 -5.643247e+02 -1.975607e+02 -4.589253e+00 1.196048e+00 -3.323093e+01
<VARIANCE> 6
 3.171015e+01 6.544842e+04 1.155935e+04 3.003832e+02 4.056576e+04 5.205853e+07
<GCONST> 6.901179e+01
<MIXTURE> 6 6.299876e-02
<MEAN> 6
 5.454881e+01 8.365405e+02 -1.696940e+00 1.343960e+00 4.766061e+00 -1.292238e+02
<VARIANCE> 6
 3.171015e+01 1.281363e+04 1.155935e+04 3.003832e+02 4.056576e+04 5.205853e+07
<GCONST> 6.738103e+01
<MIXTURE> 7 5.273588e-02
<MEAN> 6
 5.926070e+01 3.606780e+01 -1.006201e+02 6.438334e-02 -4.232828e+00 -1.375135e+02
<VARIANCE> 6
 3.171015e+01 1.281363e+04 1.155935e+04 3.003832e+02 4.056576e+04 5.205853e+07
<GCONST> 6.738103e+01
<MIXTURE> 8 9.232249e-02
<MEAN> 6
 7.474921e+01 9.958654e+02 -5.221224e+02 -2.316543e+00 -1.540743e+00 5.939639e+01
<VARIANCE> 6
 3.171015e+01 4.133802e+05 5.458218e+04 3.003832e+02 4.056576e+04 5.205853e+07
<GCONST> 7.240710e+01
<MIXTURE> 9 8.462875e-02
<MEAN> 6
 6.056025e+01 4.786028e+02 1.114910e+02 -2.875020e-01 -1.340915e+00 -1.305333e+02
<VARIANCE> 6
 3.171015e+01 1.281363e+04 1.155935e+04 3.003832e+02 4.056576e+04 5.205853e+07
<GCONST> 6.738103e+01
<MIXTURE> 10 5.236964e-02
<MEAN> 6
 5.902056e+01 3.136481e+01 -1.081198e+02 1.024022e-01 -4.062761e+00 -1.375655e+02
<VARIANCE> 6
 3.171015e+01 1.281363e+04 1.155935e+04 3.003832e+02 4.056576e+04 5.205853e+07
<GCONST> 6.738103e+01
<MIXTURE> 11 7.164864e-02
<MEAN> 6
 6.109063e+01 6.463171e+01 -4.538549e+01 -9.322210e-02 -5.435968e+00 -1.292460e+02
<VARIANCE> 6
 3.171015e+01 1.281363e+04 1.155935e+04 3.003832e+02 4.056576e+04 5.205853e+07
<GCONST> 6.738103e+01
<MIXTURE> 12 4.077774e-02
<MEAN> 6
 7.687787e+01 5.609726e+01 -1.001107e+03 -6.148434e+00 4.662925e+00 -7.678084e+01
<VARIANCE> 6
 3.171015e+01 2.285011e+04 2.931442e+04 3.003832e+02 4.056576e+04 5.205853e+07
<GCONST> 6.889006e+01
<MIXTURE> 13 8.437347e-02
<MEAN> 6
 6.045412e+01 4.802454e+02 1.096450e+02 -2.805318e-01 -1.095392e+00 -1.289577e+02
<VARIANCE> 6
 3.171015e+01 1.281363e+04 1.155935e+04 3.003832e+02 4.056576e+04 5.205853e+07
<GCONST> 6.738103e+01
<MIXTURE> 14 5.265754e-02
<MEAN> 6
 5.826266e+01 2.368133e+01 -1.275962e+02 2.288974e-01 -3.595780e+00 -1.364789e+02
<VARIANCE> 6
 3.171015e+01 1.281363e+04 1.155935e+04 3.003832e+02 4.056576e+04 5.205853e+07
<GCONST> 6.738103e+01
<MIXTURE> 15 5.286475e-02
<MEAN> 6
 5.806206e+01 2.101533e+01 -1.334469e+02 2.718459e-01 -3.435453e+00 -1.354238e+02
<VARIANCE> 6
 3.171015e+01 1.281363e+04 1.155935e+04 3.003832e+02 4.056576e+04 5.205853e+07
<GCONST> 6.738103e+01
<STATE> 12
<NUMMIXES> 15
<MIXTURE> 1 1.128964e-01
<MEAN> 6
 -3.584566e+01 1.694639e+03 -2.021129e+03 5.851158e+00 7.078856e+02 -1.715224e+02
<VARIANCE> 6
 1.483883e+02 2.173122e+06 1.599312e+06 1.770219e+04 1.717256e+05 8.117256e+07
<GCONST> 8.495104e+01
<MIXTURE> 2 5.833344e-02
<MEAN> 6
 1.016488e+02 1.965495e+03 -2.360953e+03 -5.072590e+00 -1.342759e+01 5.075547e+01
<VARIANCE> 6
 3.442018e+01 5.346938e+04 4.159874e+05 3.003832e+02 4.056576e+04 5.205853e+07
<GCONST> 7.247480e+01
<MIXTURE> 3 7.710329e-02
<MEAN> 6
 2.841906e+01 2.100533e+03 -3.078623e+03 1.689040e+02 -1.088800e+02 -1.269690e+03
<VARIANCE> 6
 7.054285e+02 2.385335e+06 9.144570e+05 1.257152e+03 4.528539e+04 5.205853e+07
<GCONST> 8.162222e+01
<MIXTURE> 4 3.691429e-02
<MEAN> 6
 8.567729e+01 -2.853630e+03 -1.107616e+03 -3.563951e+01 -5.129756e+02 1.808745e+03
<VARIANCE> 6
 4.709961e+02 1.949065e+07 5.950580e+06 1.589661e+04 6.251172e+05 1.837570e+08
<GCONST> 9.161523e+01
<MIXTURE> 5 9.671949e-02
<MEAN> 6
 1.180925e+01 1.939273e+03 -2.432973e+03 -1.606095e+02 9.850608e+01 1.488387e+03
<VARIANCE> 6
 5.363458e+02 2.327236e+06 1.550403e+06 1.979818e+03 6.249931e+04 5.205853e+07
<GCONST> 8.262781e+01
<MIXTURE> 6 4.596437e-02
<MEAN> 6
 1.060010e+02 -9.332415e+02 -6.761825e+03 -6.119946e+00 6.310710e+00 1.002450e+02
<VARIANCE> 6
 4.957155e+01 1.043938e+05 1.786266e+05 3.003832e+02 4.056576e+04 5.205853e+07
<GCONST> 7.266328e+01
<MIXTURE> 7 7.848371e-02
<MEAN> 6
 7.766284e+01 2.643819e+03 -3.715751e+03 3.583273e+01 -2.410679e+02 -3.955833e+02
<VARIANCE> 6
 8.852464e+01 1.590571e+06 9.348682e+05 4.648347e+03 5.360346e+04 5.205853e+07
<GCONST> 8.063982e+01
<MIXTURE> 8 3.139113e-02
<MEAN> 6
 7.397899e+01 6.100596e+02 -4.209078e+03 -2.105765e+00 4.106783e+00 -2.297406e+02
<VARIANCE> 6
 3.171015e+01 1.878428e+04 4.841471e+04 3.003832e+02 4.056576e+04 5.205853e+07
<GCONST> 6.919585e+01
<MIXTURE> 9 4.902203e-02
<MEAN> 6
 -7.401469e+00 -8.749481e+02 -1.004395e+03 2.942575e+01 1.895970e+02 -1.077145e+03
<VARIANCE> 6
 2.696533e+02 2.002249e+06 1.161116e+06 2.099742e+04 4.056576e+04 5.205853e+07
<GCONST> 8.342979e+01
<MIXTURE> 10 5.441241e-02
<MEAN> 6
 -6.101374e+01 3.901913e+02 -2.143893e+03 -4.592747e-01 1.958799e+02 7.017160e+01
<VARIANCE> 6
 3.171015e+01 7.940565e+05 2.163734e+06 7.577410e+02 5.545064e+04 5.205853e+07
<GCONST> 7.797762e+01
<MIXTURE> 11 7.814670e-02
<MEAN> 6
 7.881536e+01 4.781895e+02 -2.215520e+03 -6.670827e+01 -5.173591e+02 5.023328e+02
<VARIANCE> 6
 2.307689e+02 1.144036e+06 1.041436e+06 9.147830e+03 1.171543e+05 5.205853e+07
<GCONST> 8.283527e+01
<MIXTURE> 12 1.031192e-01
<MEAN> 6
 8.709157e+01 -1.496035e+00 -1.944741e+03 -1.732810e+00 -1.512048e+01 -7.862039e+01
<VARIANCE> 6
 8.815300e+01 2.733736e+05 8.912585e+04 3.003832e+02 4.056576e+04 5.205853e+07
<GCONST> 7.350636e+01
<MIXTURE> 13 3.130161e-02
<MEAN> 6
 2.184711e+01 3.111285e+03 -5.045203e+03 1.034619e+02 -1.743672e+01 5.259303e+01
<VARIANCE> 6
 6.720160e+02 7.809791e+05 4.132686e+05 6.898269e+02 4.056576e+04 5.205853e+07
<GCONST> 7.895270e+01
<MIXTURE> 14 5.528403e-02
<MEAN> 6
 6.734284e+01 -7.195415e+02 -2.641302e+03 2.857947e+01 -3.115830e+02 -7.649185e+00
<VARIANCE> 6
 9.512565e+02 1.106553e+06 3.351814e+06 3.110952e+04 9.933754e+04 5.205853e+07
<GCONST> 8.644624e+01
<MIXTURE> 15 9.087018e-02
<MEAN> 6
 8.121551e+01 -2.047564e+02 -1.980313e+03 -3.275436e-01 -1.523753e+01 -3.583199e+01
<VARIANCE> 6
 6.467804e+01 7.909130e+05 7.240935e+04 3.003832e+02 4.056576e+04 5.205853e+07
<GCONST> 7.405133e+01
<STATE> 13
<NUMMIXES> 15
<MIXTURE> 1 8.577483e-02
<MEAN> 6
 -3.061026e+00 4.638209e+01 9.214800e+01 -1.987405e+02 3.059789e+02 4.919454e+03
<VARIANCE> 6
 4.612986e+02 1.117834e+05 1.724170e+05 4.080854e+03 2.118346e+05 1.780054e+08
<GCONST> 8.041824e+01
<MIXTURE> 2 5.564713e-02
<MEAN> 6
 -4.522020e+01 3.290297e+01 -5.694153e+01 -2.629420e+01 1.248522e+03 -9.705920e+01
<VARIANCE> 6
 1.513774e+02 1.178336e+05 1.421963e+05 2.101193e+04 3.553234e+05 3.021395e+08
<GCONST> 8.184906e+01
<MIXTURE> 3 4.671337e-02
<MEAN> 6
 7.797327e+01 -3.070392e+02 -1.721721e+01 -9.318330e+00 -5.382562e+01 4.165197e+02
<VARIANCE> 6
 1.333429e+02 5.602544e+05 5.298062e+04 3.003832e+02 4.056576e+04 5.205853e+07
<GCONST> 7.411763e+01
<MIXTURE> 4 5.954644e-02
<MEAN> 6
 7.873032e+01 -2.560202e+02 -2.501485e+01 1.373526e+01 -9.381259e+02 -1.610902e+03
<VARIANCE> 6
 1.672668e+02 5.468009e+05 8.108696e+04 1.188749e+04 6.001504e+05 2.994922e+08
<GCONST> 8.286774e+01
<MIXTURE> 5 6.901290e-02
<MEAN> 6
 1.815050e+01 7.109416e+01 6.285918e+01 2.080906e+02 -2.125767e+02 -3.329938e+03
<VARIANCE> 6
 5.187425e+02 7.758172e+04 8.782496e+04 2.895512e+03 1.383984e+05 8.144701e+07
<GCONST> 7.794513e+01
<MIXTURE> 6 4.226413e-02
<MEAN> 6
 -1.296333e+01 2.765946e+01 5.690434e+01 1.098647e+01 2.068409e+02 -1.843410e+03
<VARIANCE> 6
 2.038436e+02 4.150550e+04 1.155935e+04 2.731896e+04 9.973754e+04 7.005094e+07
<GCONST> 7.612382e+01
<MIXTURE> 7 8.426329e-02
<MEAN> 6
 -4.430061e+01 2.624645e+01 -1.140931e+01 3.735098e+01 7.855560e+02 -6.506394e+02
<VARIANCE> 6
 1.102386e+02 6.115364e+04 2.959916e+04 1.033788e+04 1.016405e+05 5.205853e+07
<GCONST> 7.558720e+01
<MIXTURE> 8 8.898620e-02
<MEAN> 6
 5.901308e+01 -7.510325e+01 -8.264694e-01 4.311426e+01 -2.881101e+02 -8.078294e+01
<VARIANCE> 6
 7.671082e+01 1.409262e+05 7.258112e+04 7.193832e+03 5.084370e+04 5.205853e+07
<GCONST> 7.590112e+01
<MIXTURE> 9 4.598884e-02
<MEAN> 6
 -1.518095e+01 -1.179080e+02 -5.183379e+01 5.223467e+01 2.287698e+02 -1.306151e+03
<VARIANCE> 6
 1.944420e+02 1.195022e+05 6.347398e+04 1.500766e+04 4.136272e+04 5.205853e+07
<GCONST> 7.706120e+01
<MIXTURE> 10 8.635113e-02
<MEAN> 6
 2.727484e+01 -1.494678e+02 -7.607976e+01 1.363217e+02 -7.271533e+01 -3.092466e+02
<VARIANCE> 6
 4.101425e+02 1.124400e+05 5.644392e+04 1.236197e+03 4.160800e+04 5.205853e+07
<GCONST> 7.513867e+01
<MIXTURE> 11 8.092281e-02
<MEAN> 6
 3.776779e+01 1.494309e+02 6.949377e+01 -1.935736e+02 -4.663518e+02 4.108461e+03
<VARIANCE> 6
 2.468363e+02 1.182340e+05 2.539096e+04 4.130005e+03 2.070445e+05 1.001634e+08
<GCONST> 7.734760e+01
<MIXTURE> 12 5.821958e-02
<MEAN> 6
 -4.124968e+01 1.331309e+01 -1.063350e+02 1.998458e+01 2.386344e+02 -9.908799e+01
<VARIANCE> 6
 1.475592e+02 7.512526e+04 7.827219e+04 8.381312e+02 5.336277e+04 5.205853e+07
<GCONST> 7.390028e+01
<MIXTURE> 13 8.284239e-02
<MEAN> 6
 6.724768e+01 -1.939864e+01 6.110909e+00 -2.402064e+01 -6.412307e+02 -8.914936e+02
<VARIANCE> 6
 1.432197e+02 6.877020e+04 1.361603e+04 1.105883e+04 1.332913e+05 5.205853e+07
<GCONST> 7.552833e+01
<MIXTURE> 14 7.071476e-02
<MEAN> 6
 6.786131e+01 -1.364244e+02 -3.604211e+01 -4.619283e+00 -4.193151e+01 -9.205235e+01
<VARIANCE> 6
 3.220632e+01 1.038391e+05 5.658878e+04 3.003832e+02 4.056576e+04 5.205853e+07
<GCONST> 7.107721e+01
<MIXTURE> 15 4.256371e-02
<MEAN> 6
 -1.944035e+01 -8.910562e+01 -3.803529e+00 -2.119901e+01 8.907198e+01 -2.369603e+03
<VARIANCE> 6
 1.458647e+02 3.835966e+04 1.291266e+04 2.255254e+04 1.322913e+05 1.054966e+08
<GCONST> 7.632122e+01
<TRANSP> 14
 0.000000e+00 1.000000e+00 0.000000e+00 0.000000e+00 0.000000e+00 0.000000e+00 0.000000e+00 0.000000e+00 0.000000e+00 0.000000e+00 0.000000e+00 0.000000e+00 0.000000e+00 0.000000e+00
 0.000000e+00 9.989117e-01 1.088345e-03 0.000000e+00 0.000000e+00 0.000000e+00 0.000000e+00 0.000000e+00 0.000000e+00 0.000000e+00 0.000000e+00 0.000000e+00 0.000000e+00 0.000000e+00
 0.000000e+00 0.000000e+00 9.992063e-01 7.937120e-04 0.000000e+00 0.000000e+00 0.000000e+00 0.000000e+00 0.000000e+00 0.000000e+00 0.000000e+00 0.000000e+00 0.000000e+00 0.000000e+00
 0.000000e+00 0.000000e+00 0.000000e+00 9.991139e-01 8.861153e-04 0.000000e+00 0.000000e+00 0.000000e+00 0.000000e+00 0.000000e+00 0.000000e+00 0.000000e+00 0.000000e+00 0.000000e+00
 0.000000e+00 0.000000e+00 0.000000e+00 0.000000e+00 9.992615e-01 7.384660e-04 0.000000e+00 0.000000e+00 0.000000e+00 0.000000e+00 0.000000e+00 0.000000e+00 0.000000e+00 0.000000e+00
 0.000000e+00 0.000000e+00 0.000000e+00 0.000000e+00 0.000000e+00 9.982356e-01 1.764328e-03 0.000000e+00 0.000000e+00 0.000000e+00 0.000000e+00 0.000000e+00 0.000000e+00 0.000000e+00
 0.000000e+00 0.000000e+00 0.000000e+00 0.000000e+00 0.000000e+00 0.000000e+00 9.975170e-01 2.482963e-03 0.000000e+00 0.000000e+00 0.000000e+00 0.000000e+00 0.000000e+00 0.000000e+00
 0.000000e+00 0.000000e+00 0.000000e+00 0.000000e+00 0.000000e+00 0.000000e+00 0.000000e+00 9.999146e-01 8.542299e-05 0.000000e+00 0.000000e+00 0.000000e+00 0.000000e+00 0.000000e+00
 0.000000e+00 0.000000e+00 0.000000e+00 0.000000e+00 0.000000e+00 0.000000e+00 0.000000e+00 0.000000e+00 9.989238e-01 1.076207e-03 0.000000e+00 0.000000e+00 0.000000e+00 0.000000e+00
 0.000000e+00 0.000000e+00 0.000000e+00 0.000000e+00 0.000000e+00 0.000000e+00 0.000000e+00 0.000000e+00 0.000000e+00 9.990975e-01 9.025038e-04 0.000000e+00 0.000000e+00 0.000000e+00
 0.000000e+00 0.000000e+00 0.000000e+00 0.000000e+00 0.000000e+00 0.000000e+00 0.000000e+00 0.000000e+00 0.000000e+00 0.000000e+00 9.989144e-01 1.085582e-03 0.000000e+00 0.000000e+00
 0.000000e+00 0.000000e+00 0.000000e+00 0.000000e+00 0.000000e+00 0.000000e+00 0.000000e+00 0.000000e+00 0.000000e+00 0.000000e+00 0.000000e+00 9.990500e-01 9.499530e-04 0.000000e+00
 0.000000e+00 0.000000e+00 0.000000e+00 0.000000e+00 0.000000e+00 0.000000e+00 0.000000e+00 0.000000e+00 0.000000e+00 0.000000e+00 0.000000e+00 0.000000e+00 9.998223e-01 1.777628e-04
 0.000000e+00 0.000000e+00 0.000000e+00 0.000000e+00 0.000000e+00 0.000000e+00 0.000000e+00 0.000000e+00 0.000000e+00 0.000000e+00 0.000000e+00 0.000000e+00 0.000000e+00 0.000000e+00
<ENDHMM>
~h "QuintoPRIMARIA"
<BEGINHMM>
<NUMSTATES> 14
<STATE> 2
<NUMMIXES> 15
<MIXTURE> 1 5.927650e-02
<MEAN> 6
 -4.053678e+01 -3.971020e+02 -2.681360e+01 -6.901708e+01 1.454019e+03 2.315085e+03
<VARIANCE> 6
 3.564549e+02 9.078722e+05 1.992675e+05 3.910436e+04 1.065928e+06 7.997934e+08
<GCONST> 8.777794e+01
<MIXTURE> 2 2.411396e-02
<MEAN> 6
 3.338546e+01 2.678628e+02 -1.398929e+02 -1.235784e+02 -5.629056e+02 8.814769e+03
<VARIANCE> 6
 1.715037e+03 3.788803e+06 2.340858e+06 4.995459e+04 1.694097e+06 1.400994e+09
<GCONST> 9.451002e+01
<MIXTURE> 3 9.713130e-02
<MEAN> 6
 7.061201e+01 2.295863e+02 -2.054255e+02 -2.273346e+00 -1.850632e+01 -2.090207e+02
<VARIANCE> 6
 1.647729e+02 6.072189e+05 1.256241e+05 3.003832e+02 4.056576e+04 5.205853e+07
<GCONST> 7.527315e+01
<MIXTURE> 4 9.249572e-02
<MEAN> 6
 7.411387e+01 4.551492e+01 -1.840536e+01 -2.064944e+00 -5.124719e+02 -9.371254e+02
<VARIANCE> 6
 3.003679e+02 4.524254e+04 2.745574e+04 1.311684e+04 1.507307e+05 5.205853e+07
<GCONST> 7.684517e+01
<MIXTURE> 5 5.736291e-02
<MEAN> 6
 -2.689852e+01 -5.565739e+01 -1.604337e+00 1.567398e+02 6.785707e+02 -1.772624e+03
<VARIANCE> 6
 2.519277e+02 1.147729e+05 3.425730e+04 6.128278e+03 1.259068e+05 5.205853e+07
<GCONST> 7.688062e+01
<MIXTURE> 6 7.614043e-02
<MEAN> 6
 3.243225e+01 -1.625633e+01 4.315936e+01 1.762715e+02 -1.539794e+02 -4.804587e+02
<VARIANCE> 6
 5.198142e+02 7.198709e+04 1.264054e+05 3.927609e+03 1.121532e+05 5.205853e+07
<GCONST> 7.788351e+01
<MIXTURE> 7 7.320575e-02
<MEAN> 6
 7.705562e+01 2.263558e+01 6.681917e+01 -6.800858e+00 -4.277774e+01 -3.538239e+02
<VARIANCE> 6
 1.558493e+02 1.899146e+04 4.854016e+04 3.003832e+02 4.056576e+04 5.205853e+07
<GCONST> 7.080167e+01
<MIXTURE> 8 5.552977e-02
<MEAN> 6
 8.983305e+00 2.886415e+01 -2.551482e+01 -2.100880e+02 2.869273e+01 3.680576e+03
<VARIANCE> 6
 5.822393e+02 2.260120e+04 7.199386e+04 4.092368e+03 2.586690e+05 1.591572e+08
<GCONST> 7.826982e+01
<MIXTURE> 9 5.524366e-02
<MEAN> 6
 9.020972e+01 4.466149e+01 3.171247e+01 4.583778e+01 -1.019926e+03 -1.197240e+03
<VARIANCE> 6
 1.962945e+02 5.610176e+05 8.716652e+04 1.319034e+04 1.340499e+06 8.174355e+08
<GCONST> 8.503744e+01
<MIXTURE> 10 8.101436e-02
<MEAN> 6
 -4.733396e+01 -1.322507e+01 -1.751908e+01 1.646927e+01 1.832724e+02 1.515333e+02
<VARIANCE> 6
 2.145504e+02 8.939512e+04 7.617601e+04 5.829810e+02 5.361760e+04 5.205853e+07
<GCONST> 7.406310e+01
<MIXTURE> 11 8.323702e-02
<MEAN> 6
 6.037772e+01 -6.400974e+01 1.208728e+02 8.921311e-02 -2.089004e+01 -1.790188e+02
<VARIANCE> 6
 4.003115e+01 3.397535e+04 1.376528e+05 3.003832e+02 4.056576e+04 5.205853e+07
<GCONST> 7.106642e+01
<MIXTURE> 12 6.463055e-02
<MEAN> 6
 6.121372e+01 2.121959e+01 2.467027e+01 -1.519885e+02 -7.847616e+02 4.495056e+02
<VARIANCE> 6
 2.567650e+02 2.110528e+05 1.139995e+05 6.499701e+03 2.300619e+05 6.408736e+07
<GCONST> 7.958061e+01
<MIXTURE> 13 7.746557e-02
<MEAN> 6
 -4.834772e+01 -4.949706e+01 8.745191e+00 -1.289155e+01 9.109667e+02 -1.189694e+03
<VARIANCE> 6
 1.829959e+02 4.339964e+04 1.073604e+05 1.271100e+04 2.123154e+05 1.080904e+08
<GCONST> 7.871341e+01
<MIXTURE> 14 5.109813e-02
<MEAN> 6
 2.591529e+01 -2.187510e+02 6.922598e+01 2.618503e+02 -2.452532e+02 -7.474262e+03
<VARIANCE> 6
 6.977810e+02 3.862694e+05 9.653431e+04 5.319863e+03 4.615507e+05 1.731190e+08
<GCONST> 8.250815e+01
<MIXTURE> 15 5.163524e-02
<MEAN> 6
 6.518128e+00 -1.935474e+01 -7.302885e+01 -2.480377e+02 -1.499363e+02 5.186271e+03
<VARIANCE> 6
 5.069675e+02 7.048861e+04 1.280700e+05 6.772480e+03 4.504731e+05 2.527133e+08
<GCONST> 8.136569e+01
<STATE> 3
<NUMMIXES> 15
<MIXTURE> 1 6.014838e-02
<MEAN> 6
 9.395631e+01 9.254552e+01 -2.624325e+01 -2.984947e+01 -2.469831e+02 2.073045e+04
<VARIANCE> 6
 1.892572e+02 1.044702e+05 9.702393e+04 1.350917e+03 1.353817e+06 8.561569e+08
<GCONST> 8.120468e+01
<MIXTURE> 2 1.030698e-01
<MEAN> 6
 5.728601e+01 -6.051076e+03 -1.885231e+03 -4.891764e-01 -1.262369e+01 -1.634288e+02
<VARIANCE> 6
 3.171015e+01 3.484457e+06 1.425198e+04 3.003832e+02 4.056576e+04 5.205853e+07
<GCONST> 7.319599e+01
<MIXTURE> 3 9.499635e-02
<MEAN> 6
 4.601068e+01 7.110941e+01 6.267799e+01 1.384713e+02 -1.106111e+02 1.759856e+02
<VARIANCE> 6
 4.952798e+02 2.649120e+04 1.155935e+04 3.309461e+03 4.618847e+04 5.205853e+07
<GCONST> 7.338511e+01
<MIXTURE> 4 4.422916e-02
<MEAN> 6
 2.138011e+01 -6.165377e+01 6.240271e+01 3.558786e+02 -3.219390e+00 -1.976266e+04
<VARIANCE> 6
 1.115454e+03 7.878430e+04 4.681930e+04 2.708349e+03 1.071791e+06 4.167445e+08
<GCONST> 8.170972e+01
<MIXTURE> 5 5.403994e-02
<MEAN> 6
 8.891040e+01 -7.894634e+01 5.040659e+01 1.416808e+02 -1.921023e+03 -1.338028e+04
<VARIANCE> 6
 1.804060e+02 2.573971e+05 1.407231e+05 7.714709e+03 1.196874e+06 9.183329e+08
<GCONST> 8.411958e+01
<MIXTURE> 6 6.129838e-02
<MEAN> 6
 4.444143e+01 -2.640502e+02 1.837242e+02 2.405860e+02 -3.273368e+02 -4.139042e+03
<VARIANCE> 6
 5.985400e+02 2.104582e+05 9.824828e+04 1.439916e+03 2.821512e+05 1.090791e+08
<GCONST> 7.950417e+01
<MIXTURE> 7 5.371804e-02
<MEAN> 6
 9.013167e+01 2.952365e+02 -9.156776e+01 5.860899e+01 -8.690101e+02 1.203369e+03
<VARIANCE> 6
 2.466655e+02 1.593935e+05 2.902395e+04 1.541240e+03 1.499756e+05 6.184518e+07
<GCONST> 7.598902e+01
<MIXTURE> 8 7.088318e-02
<MEAN> 6
 -1.766344e+01 -1.769280e+02 4.637662e+02 2.367407e+02 7.034012e+02 -7.203808e+03
<VARIANCE> 6
 2.215208e+02 1.842820e+05 2.410501e+05 2.519350e+03 2.597087e+05 6.642115e+07
<GCONST> 7.925536e+01
<MIXTURE> 9 5.900032e-02
<MEAN> 6
 6.856597e+01 1.553462e+02 7.507568e+01 1.289463e+02 -1.936377e+02 -1.951406e+03
<VARIANCE> 6
 2.249207e+02 4.364679e+04 1.140060e+05 2.030934e+03 2.901348e+05 5.205853e+07
<GCONST> 7.673314e+01
<MIXTURE> 10 4.784896e-02
<MEAN> 6
 1.725779e+01 -2.040276e+02 -6.026194e+02 1.175480e+02 2.437629e+01 -6.558954e+02
<VARIANCE> 6
 6.456613e+02 1.907688e+05 6.427739e+04 5.257488e+02 5.021551e+04 5.205853e+07
<GCONST> 7.558411e+01
<MIXTURE> 11 5.769770e-02
<MEAN> 6
 5.685358e+01 -1.373758e+04 -2.175986e+03 -7.042691e-01 5.367655e+00 5.928263e+01
<VARIANCE> 6
 3.171015e+01 1.373151e+07 1.155935e+04 3.003832e+02 4.056576e+04 5.205853e+07
<GCONST> 7.435797e+01
<MIXTURE> 12 1.049061e-01
<MEAN> 6
 -2.687991e+01 -7.255170e+01 -5.121999e+01 1.155788e+02 5.268351e+02 9.344950e+00
<VARIANCE> 6
 1.443409e+02 8.189513e+04 1.175663e+05 1.477368e+03 4.644321e+04 5.205853e+07
<GCONST> 7.479929e+01
<MIXTURE> 13 8.073645e-02
<MEAN> 6
 1.565241e+01 -4.261924e+01 -1.181474e+02 2.204290e+02 6.832069e+01 -3.433319e+03
<VARIANCE> 6
 3.675690e+02 3.743805e+04 2.509563e+04 1.353219e+03 1.679694e+05 5.498979e+07
<GCONST> 7.465950e+01
<MIXTURE> 14 5.065886e-02
<MEAN> 6
 2.468128e+01 -2.157328e+02 2.659778e+02 2.115961e+02 -5.233720e+02 1.483985e+03
<VARIANCE> 6
 2.495659e+02 1.632058e+05 3.674804e+05 4.657433e+03 1.531521e+05 7.673162e+07
<GCONST> 7.990541e+01
<MIXTURE> 15 5.675343e-02
<MEAN> 6
 5.972260e+01 -7.314557e+01 -2.357218e+02 1.202450e+02 -5.613731e+02 -7.087901e+02
<VARIANCE> 6
 2.213734e+02 1.162236e+05 1.139240e+05 1.895582e+03 1.779671e+05 5.205853e+07
<GCONST> 7.713818e+01
<STATE> 4
<NUMMIXES> 15
<MIXTURE> 1 5.862499e-02
<MEAN> 6
 8.119103e+01 -3.474685e+02 2.607245e+03 -7.464845e-01 -1.108327e+01 -2.026174e+02
<VARIANCE> 6
 3.171015e+01 1.281363e+04 1.155935e+04 3.003832e+02 4.056576e+04 5.205853e+07
<GCONST> 6.738103e+01
<MIXTURE> 2 1.083061e-01
<MEAN> 6
 1.196335e+02 -2.382288e+03 2.673812e+01 -1.609869e+00 -1.000700e+00 2.745189e+01
<VARIANCE> 6
 3.171015e+01 7.196394e+04 1.155935e+04 3.003832e+02 4.056576e+04 5.205853e+07
<GCONST> 6.910669e+01
<MIXTURE> 3 7.391164e-02
<MEAN> 6
 4.701344e+01 3.890647e+02 1.922148e+03 5.281009e-01 -5.178874e-02 8.816371e+00
<VARIANCE> 6
 3.171015e+01 1.281363e+04 1.155935e+04 3.003832e+02 4.056576e+04 5.205853e+07
<GCONST> 6.738103e+01
<MIXTURE> 4 9.450315e-02
<MEAN> 6
 7.355874e+01 -4.403789e+02 1.138154e+03 -9.783011e-02 -4.090444e-01 -2.866441e+02
<VARIANCE> 6
 3.171015e+01 1.281363e+04 1.155935e+04 3.003832e+02 4.056576e+04 5.205853e+07
<GCONST> 6.738103e+01
<MIXTURE> 5 5.714643e-02
<MEAN> 6
 7.386842e+01 -4.259438e+02 8.825094e+02 -9.795396e-01 -9.011290e+00 -1.016333e+02
<VARIANCE> 6
 3.171015e+01 1.281363e+04 1.155935e+04 3.003832e+02 4.056576e+04 5.205853e+07
<GCONST> 6.738103e+01
<MIXTURE> 6 1.014813e-01
<MEAN> 6
 8.186868e+01 -7.359079e+02 1.586493e+03 -1.261860e-01 3.500717e-01 5.391334e+00
<VARIANCE> 6
 3.171015e+01 1.281363e+04 1.155935e+04 3.003832e+02 4.056576e+04 5.205853e+07
<GCONST> 6.738103e+01
<MIXTURE> 7 5.846216e-02
<MEAN> 6
 7.386789e+01 -4.261555e+02 8.811238e+02 -1.008935e+00 -9.302240e+00 -1.037093e+02
<VARIANCE> 6
 3.171015e+01 1.281363e+04 1.155935e+04 3.003832e+02 4.056576e+04 5.205853e+07
<GCONST> 6.738103e+01
<MIXTURE> 8 6.150290e-02
<MEAN> 6
 7.386914e+01 -4.252763e+02 8.870355e+02 -8.925645e-01 -8.141487e+00 -9.546317e+01
<VARIANCE> 6
 3.171015e+01 1.281363e+04 1.155935e+04 3.003832e+02 4.056576e+04 5.205853e+07
<GCONST> 6.738103e+01
<MIXTURE> 9 1.581658e-02
<MEAN> 6
 8.979037e+01 -6.980714e+02 -4.747562e+02 -9.162128e+00 -2.303083e+02 1.105438e+04
<VARIANCE> 6
 7.586177e+02 7.076569e+05 9.426386e+05 3.204710e+02 1.948718e+05 3.388783e+08
<GCONST> 8.247595e+01
<MIXTURE> 10 6.090595e-02
<MEAN> 6
 8.132691e+01 -6.714441e+02 1.364421e+03 -2.921287e-01 -1.039098e+01 -2.793994e+02
<VARIANCE> 6
 3.171015e+01 1.281363e+04 1.155935e+04 3.003832e+02 4.056576e+04 5.205853e+07
<GCONST> 6.738103e+01
<MIXTURE> 11 4.580802e-02
<MEAN> 6
 8.074512e+01 -4.939028e+02 2.254794e+03 1.214641e-01 -1.293004e+00 4.597158e+01
<VARIANCE> 6
 3.171015e+01 1.281363e+04 1.903044e+04 3.003832e+02 4.056576e+04 5.205853e+07
<GCONST> 6.787958e+01
<MIXTURE> 12 8.306010e-02
<MEAN> 6
 4.786056e+01 3.517084e+02 1.747959e+03 3.183870e-01 -1.364545e+01 -2.254841e+02
<VARIANCE> 6
 3.171015e+01 1.281363e+04 1.155935e+04 3.003832e+02 4.056576e+04 5.205853e+07
<GCONST> 6.738103e+01
<MIXTURE> 13 6.071198e-02
<MEAN> 6
 7.386578e+01 -4.267132e+02 8.775754e+02 -1.091153e+00 -1.010812e+01 -1.094605e+02
<VARIANCE> 6
 3.171015e+01 1.281363e+04 1.155935e+04 3.003832e+02 4.056576e+04 5.205853e+07
<GCONST> 6.738103e+01
<MIXTURE> 14 6.169617e-02
<MEAN> 6
 7.386460e+01 -4.269406e+02 8.761669e+02 -1.126909e+00 -1.045499e+01 -1.119280e+02
<VARIANCE> 6
 3.171015e+01 1.281363e+04 1.155935e+04 3.003832e+02 4.056576e+04 5.205853e+07
<GCONST> 6.738103e+01
<MIXTURE> 15 5.805435e-02
<MEAN> 6
 8.117316e+01 -3.586957e+02 2.595131e+03 -5.337585e-01 -8.390780e+00 -1.524945e+02
<VARIANCE> 6
 3.171015e+01 1.281363e+04 1.155935e+04 3.003832e+02 4.056576e+04 5.205853e+07
<GCONST> 6.738103e+01
<STATE> 5
<NUMMIXES> 15
<MIXTURE> 1 6.180431e-02
<MEAN> 6
 7.136163e+01 -8.035309e+02 -1.420095e+03 -1.292644e-01 -1.628264e+00 6.607127e+01
<VARIANCE> 6
 3.171015e+01 1.281363e+04 1.155935e+04 3.003832e+02 4.056576e+04 5.205853e+07
<GCONST> 6.738103e+01
<MIXTURE> 2 4.675267e-02
<MEAN> 6
 5.848302e+01 -3.264483e+02 -1.136741e+03 8.012246e-01 -7.246043e+00 -3.861908e+02
<VARIANCE> 6
 3.171015e+01 1.281363e+04 1.155935e+04 3.003832e+02 4.056576e+04 5.205853e+07
<GCONST> 6.738103e+01
<MIXTURE> 3 1.980615e-02
<MEAN> 6
 6.069124e+01 6.257263e+01 -2.555204e+03 -7.012877e+00 3.834334e+00 -9.901342e+00
<VARIANCE> 6
 3.171015e+01 1.281363e+04 1.155935e+04 3.003832e+02 1.114655e+05 5.205853e+07
<GCONST> 6.839183e+01
<MIXTURE> 4 7.382796e-02
<MEAN> 6
 7.154869e+01 -1.692135e+03 -1.108692e+03 3.442584e+00 -9.720699e+00 -7.080614e+01
<VARIANCE> 6
 3.171015e+01 5.695041e+05 1.908800e+05 3.023677e+02 4.056576e+04 5.205853e+07
<GCONST> 7.398602e+01
<MIXTURE> 5 8.911842e-02
<MEAN> 6
 6.150211e+01 2.027982e+02 -3.214947e+03 9.711744e-01 -1.216641e+01 -1.655588e+02
<VARIANCE> 6
 3.171015e+01 1.281363e+04 1.155935e+04 3.003832e+02 4.056576e+04 5.205853e+07
<GCONST> 6.738103e+01
<MIXTURE> 6 5.676428e-02
<MEAN> 6
 5.709513e+01 -4.171034e+02 -1.601989e+03 2.323614e+00 9.482855e-01 -7.684057e+01
<VARIANCE> 6
 3.725230e+01 1.281363e+04 1.155935e+04 3.003832e+02 4.056576e+04 5.205853e+07
<GCONST> 6.754211e+01
<MIXTURE> 7 7.122902e-02
<MEAN> 6
 6.968355e+01 -6.588661e+02 -1.709968e+03 -9.106433e-01 -1.256416e+01 -1.331825e+02
<VARIANCE> 6
 3.171015e+01 1.281363e+04 1.155935e+04 3.003832e+02 4.056576e+04 5.205853e+07
<GCONST> 6.738103e+01
<MIXTURE> 8 7.687220e-02
<MEAN> 6
 6.189969e+01 1.203604e+02 -2.906515e+03 7.591696e-02 -4.284123e+00 -1.680566e+02
<VARIANCE> 6
 3.171015e+01 1.281363e+04 1.155935e+04 3.003832e+02 4.056576e+04 5.205853e+07
<GCONST> 6.738103e+01
<MIXTURE> 9 5.256577e-02
<MEAN> 6
 5.973373e+01 -2.882907e+02 -1.394205e+03 6.238809e+00 -1.376483e+01 5.089451e+01
<VARIANCE> 6
 3.171015e+01 2.339857e+04 1.155935e+04 3.003832e+02 4.056576e+04 5.205853e+07
<GCONST> 6.798320e+01
<MIXTURE> 10 8.943257e-02
<MEAN> 6
 6.150211e+01 2.027988e+02 -3.214948e+03 9.711809e-01 -1.216639e+01 -1.655587e+02
<VARIANCE> 6
 3.171015e+01 1.281363e+04 1.155935e+04 3.003832e+02 4.056576e+04 5.205853e+07
<GCONST> 6.738103e+01
<MIXTURE> 11 7.130589e-02
<MEAN> 6
 6.960930e+01 -6.518690e+02 -1.731531e+03 -1.268407e+00 -1.914216e+01 -1.962434e+02
<VARIANCE> 6
 3.171015e+01 1.281363e+04 1.155935e+04 3.003832e+02 4.056576e+04 5.205853e+07
<GCONST> 6.738103e+01
<MIXTURE> 12 7.482497e-02
<MEAN> 6
 6.191568e+01 1.216971e+02 -2.911890e+03 9.872705e-02 -5.058143e+00 -1.725501e+02
<VARIANCE> 6
 3.171015e+01 1.281363e+04 1.155935e+04 3.003832e+02 4.056576e+04 5.205853e+07
<GCONST> 6.738103e+01
<MIXTURE> 13 6.805453e-02
<MEAN> 6
 7.076003e+01 -7.467661e+02 -1.509032e+03 -4.828673e-01 1.745565e-01 1.637653e+01
<VARIANCE> 6
 3.171015e+01 1.281363e+04 1.155935e+04 3.003832e+02 4.056576e+04 5.205853e+07
<GCONST> 6.738103e+01
<MIXTURE> 14 1.021637e-01
<MEAN> 6
 5.965162e+01 -3.648088e+02 -1.351447e+03 2.541668e+00 4.029266e+00 -5.422208e+01
<VARIANCE> 6
 3.171015e+01 1.281363e+04 1.155935e+04 3.003832e+02 4.056576e+04 5.205853e+07
<GCONST> 6.738103e+01
<MIXTURE> 15 4.546839e-02
<MEAN> 6
 5.917912e+01 -3.421477e+02 -1.207423e+03 7.521082e-01 -2.432462e+00 -1.701636e+02
<VARIANCE> 6
 3.171015e+01 1.281363e+04 1.510293e+04 3.003832e+02 4.056576e+04 5.205853e+07
<GCONST> 6.764842e+01
<STATE> 6
<NUMMIXES> 15
<MIXTURE> 1 8.518188e-02
<MEAN> 6
 6.763481e+01 4.661367e+03 -6.819688e+02 -9.645631e-01 1.073115e+00 -4.797669e+00
<VARIANCE> 6
 3.171015e+01 1.251609e+05 1.155935e+04 3.003832e+02 4.056576e+04 5.205853e+07
<GCONST> 6.966013e+01
<MIXTURE> 2 8.187173e-02
<MEAN> 6
 6.919573e+01 2.234641e+03 1.251730e+03 -9.736214e-01 -5.532735e+00 -2.377313e+02
<VARIANCE> 6
 3.171015e+01 1.281363e+04 1.294571e+04 3.003832e+02 4.056576e+04 5.205853e+07
<GCONST> 6.749431e+01
<MIXTURE> 3 5.340030e-02
<MEAN> 6
 5.600499e+01 -1.110216e+03 8.312093e+02 -7.117933e-01 -8.840913e+00 -2.271217e+02
<VARIANCE> 6
 3.171015e+01 1.281363e+04 1.155935e+04 3.003832e+02 4.056576e+04 5.205853e+07
<GCONST> 6.738103e+01
<MIXTURE> 4 8.398975e-02
<MEAN> 6
 6.589304e+01 1.241272e+03 -4.964803e+02 4.415563e-01 -1.474496e+01 -7.594497e+01
<VARIANCE> 6
 3.171015e+01 1.281363e+04 1.155935e+04 3.003832e+02 4.056576e+04 5.205853e+07
<GCONST> 6.738103e+01
<MIXTURE> 5 1.046794e-01
<MEAN> 6
 7.098947e+01 1.137391e+03 -1.650706e+03 1.424537e+00 8.106077e-01 -1.801618e+02
<VARIANCE> 6
 3.171015e+01 2.318458e+04 3.751799e+04 3.003832e+02 4.056576e+04 5.205853e+07
<GCONST> 6.915134e+01
<MIXTURE> 6 2.440752e-02
<MEAN> 6
 7.279013e+01 1.485016e+03 1.383619e+03 4.632246e+00 3.273590e+01 -4.177797e+02
<VARIANCE> 6
 3.171015e+01 1.281363e+04 1.868293e+04 3.003832e+02 4.056576e+04 5.205853e+07
<GCONST> 6.786115e+01
<MIXTURE> 7 7.319644e-02
<MEAN> 6
 6.621616e+01 1.353378e+03 -6.826534e+02 -1.076403e+00 -3.511987e-01 -2.971838e+01
<VARIANCE> 6
 3.171015e+01 1.281363e+04 1.155935e+04 3.003832e+02 4.056576e+04 5.205853e+07
<GCONST> 6.738103e+01
<MIXTURE> 8 6.711532e-02
<MEAN> 6
 5.832414e+01 1.070508e+03 -1.073813e+03 -1.891436e-02 -4.207857e+00 -3.118427e+01
<VARIANCE> 6
 3.171015e+01 1.281363e+04 1.155935e+04 3.003832e+02 4.056576e+04 5.205853e+07
<GCONST> 6.738103e+01
<MIXTURE> 9 7.422326e-02
<MEAN> 6
 5.698242e+01 1.376094e+03 1.139619e+03 1.745724e+00 -1.098381e+01 1.653667e+01
<VARIANCE> 6
 3.171015e+01 1.895157e+04 1.155935e+04 3.003832e+02 4.056576e+04 5.205853e+07
<GCONST> 6.777241e+01
<MIXTURE> 10 7.770890e-02
<MEAN> 6
 7.188587e+01 2.179068e+03 -6.402157e+02 -2.365879e+00 -2.414332e+00 1.072976e+02
<VARIANCE> 6
 3.171015e+01 5.504243e+05 7.694308e+04 3.003832e+02 4.056576e+04 5.205853e+07
<GCONST> 7.303679e+01
<MIXTURE> 11 7.390212e-02
<MEAN> 6
 6.621616e+01 1.353378e+03 -6.826535e+02 -1.076403e+00 -3.511956e-01 -2.971841e+01
<VARIANCE> 6
 3.171015e+01 1.281363e+04 1.155935e+04 3.003832e+02 4.056576e+04 5.205853e+07
<GCONST> 6.738103e+01
<MIXTURE> 12 1.463192e-02
<MEAN> 6
 4.939962e+01 6.120409e+02 -3.888789e+02 2.521318e+01 -1.322548e+02 1.794561e+03
<VARIANCE> 6
 3.054694e+02 4.718176e+05 1.220726e+06 5.273339e+02 5.495629e+04 5.205853e+07
<GCONST> 7.877843e+01
<MIXTURE> 13 4.515235e-02
<MEAN> 6
 5.832148e+01 9.760815e+02 -1.060429e+03 -2.497359e+00 -2.934234e+01 -2.879926e+02
<VARIANCE> 6
 3.171015e+01 1.723485e+04 1.155935e+04 3.003832e+02 4.056576e+04 5.205853e+07
<GCONST> 6.767746e+01
<MIXTURE> 14 8.756419e-02
<MEAN> 6
 7.359279e+01 1.308654e+03 1.187420e+03 -4.399545e-01 -8.074371e+00 -7.013798e+01
<VARIANCE> 6
 3.171015e+01 1.281363e+04 1.155935e+04 3.003832e+02 4.056576e+04 5.205853e+07
<GCONST> 6.738103e+01
<MIXTURE> 15 5.296567e-02
<MEAN> 6
 5.607884e+01 -1.103850e+03 8.140013e+02 -6.328348e-01 -6.717864e+00 -1.710350e+02
<VARIANCE> 6
 3.171015e+01 1.281363e+04 1.155935e+04 3.003832e+02 4.056576e+04 5.205853e+07
<GCONST> 6.738103e+01
<STATE> 7
<NUMMIXES> 15
<MIXTURE> 1 2.819658e-02
<MEAN> 6
 5.852554e+01 4.478838e+02 4.574995e+02 5.758479e+00 -9.131105e+00 7.676660e+00
<VARIANCE> 6
 3.171015e+01 1.281363e+04 1.155935e+04 3.003832e+02 4.056576e+04 5.205853e+07
<GCONST> 6.738103e+01
<MIXTURE> 2 4.824653e-02
<MEAN> 6
 6.868472e+01 2.401858e+02 9.523975e+01 -2.186164e+00 3.854613e-01 3.587703e+01
<VARIANCE> 6
 3.171015e+01 1.281363e+04 1.155935e+04 3.003832e+02 4.056576e+04 5.205853e+07
<GCONST> 6.738103e+01
<MIXTURE> 3 1.121086e-01
<MEAN> 6
 6.326057e+01 3.472592e+01 -4.559724e+02 -1.146465e+00 -7.458543e+00 -9.067518e+01
<VARIANCE> 6
 3.171015e+01 1.283751e+04 1.624929e+04 3.003832e+02 4.056576e+04 5.205853e+07
<GCONST> 6.772345e+01
<MIXTURE> 4 8.751119e-03
<MEAN> 6
 7.313468e+01 -9.876365e+00 4.206602e+02 -1.922494e+00 -3.377177e-01 2.965204e+00
<VARIANCE> 6
 3.171015e+01 1.281363e+04 1.155935e+04 3.003832e+02 4.056576e+04 5.205853e+07
<GCONST> 6.738103e+01
<MIXTURE> 5 7.287692e-02
<MEAN> 6
 6.278121e+01 4.682680e+01 -2.540779e+02 -1.121260e+00 -4.439205e+00 -6.547598e+01
<VARIANCE> 6
 3.171015e+01 1.281363e+04 1.155935e+04 3.003832e+02 4.056576e+04 5.205853e+07
<GCONST> 6.738103e+01
<MIXTURE> 6 1.093143e-01
<MEAN> 6
 5.761641e+01 -2.274846e+02 -2.103829e+02 -3.079884e-01 -1.667862e+00 -8.738153e+01
<VARIANCE> 6
 3.171015e+01 1.281363e+04 1.277362e+04 3.003832e+02 4.056576e+04 5.205853e+07
<GCONST> 6.748092e+01
<MIXTURE> 7 7.955169e-02
<MEAN> 6
 6.770198e+01 2.043267e+02 1.010806e+02 -2.483902e+00 -9.988434e-02 4.545469e+01
<VARIANCE> 6
 3.171015e+01 1.281363e+04 1.155935e+04 3.003832e+02 4.056576e+04 5.205853e+07
<GCONST> 6.738103e+01
<MIXTURE> 8 8.798447e-02
<MEAN> 6
 6.349165e+01 1.319811e+02 -2.094175e+02 -1.606995e+00 -3.239598e+00 2.856608e+01
<VARIANCE> 6
 3.171015e+01 1.727933e+04 1.155935e+04 3.003832e+02 4.056576e+04 5.205853e+07
<GCONST> 6.768003e+01
<MIXTURE> 9 5.464756e-02
<MEAN> 6
 5.894298e+01 -4.240673e+01 2.453942e+02 -1.527484e-01 -1.628302e+00 -8.510732e+01
<VARIANCE> 6
 3.171015e+01 1.281363e+04 1.155935e+04 3.003832e+02 4.056576e+04 5.205853e+07
<GCONST> 6.738103e+01
<MIXTURE> 10 5.483160e-02
<MEAN> 6
 7.312885e+01 -9.735431e+00 4.205805e+02 -1.921415e+00 -3.380321e-01 2.873423e+00
<VARIANCE> 6
 3.171015e+01 1.281363e+04 1.155935e+04 3.003832e+02 4.056576e+04 5.205853e+07
<GCONST> 6.738103e+01
<MIXTURE> 11 1.170564e-03
<MEAN> 6
 6.933504e+01 -6.544152e+01 -1.343387e+02 -1.731794e+01 -1.673024e+02 1.358018e+03
<VARIANCE> 6
 8.681465e+02 1.059331e+06 2.176216e+06 6.024958e+02 1.694632e+05 7.737854e+07
<GCONST> 8.286556e+01
<MIXTURE> 12 8.398159e-02
<MEAN> 6
 6.571774e+01 1.450057e+02 1.031687e+02 -2.891862e+00 -4.353954e-01 7.480270e+01
<VARIANCE> 6
 3.171015e+01 1.281363e+04 1.155935e+04 3.003832e+02 4.056576e+04 5.205853e+07
<GCONST> 6.738103e+01
<MIXTURE> 13 9.752362e-02
<MEAN> 6
 5.998080e+01 -1.060309e+02 -6.715096e+02 -1.143170e+00 -4.642587e+00 -8.001559e+01
<VARIANCE> 6
 3.171015e+01 1.281363e+04 1.155935e+04 3.003832e+02 4.056576e+04 5.205853e+07
<GCONST> 6.738103e+01
<MIXTURE> 14 8.502757e-02
<MEAN> 6
 6.179512e+01 -7.487738e+01 -3.354324e+02 -2.745951e-01 -4.086676e+00 -1.102148e+02
<VARIANCE> 6
 3.171015e+01 1.368212e+04 1.155935e+04 3.003832e+02 4.056576e+04 5.205853e+07
<GCONST> 6.744661e+01
<MIXTURE> 15 7.573077e-02
<MEAN> 6
 6.226959e+01 -2.535098e+01 -3.110982e+02 -4.667576e-01 -4.203244e+00 -1.036805e+02
<VARIANCE> 6
 3.171015e+01 1.281363e+04 1.155935e+04 3.003832e+02 4.056576e+04 5.205853e+07
<GCONST> 6.738103e+01
<STATE> 8
<NUMMIXES> 15
<MIXTURE> 1 2.685901e-02
<MEAN> 6
 9.311357e+01 1.004294e+03 -1.339445e+02 -5.513212e+00 5.111343e+00 3.279294e+02
<VARIANCE> 6
 3.171015e+01 1.281363e+04 1.155935e+04 3.003832e+02 4.056576e+04 5.205853e+07
<GCONST> 6.738103e+01
<MIXTURE> 2 5.814238e-02
<MEAN> 6
 9.822839e+01 1.243935e+02 1.205375e-01 -1.053102e+01 8.985682e+00 5.465944e+02
<VARIANCE> 6
 3.171015e+01 1.281363e+04 1.155935e+04 3.003832e+02 4.056576e+04 5.205853e+07
<GCONST> 6.738103e+01
<MIXTURE> 3 5.998145e-02
<MEAN> 6
 7.814254e+01 8.010652e+01 -6.804219e+02 -1.872139e+00 -1.834152e+01 -7.253357e+01
<VARIANCE> 6
 3.171015e+01 1.281363e+04 9.637318e+04 3.003832e+02 4.056576e+04 5.205853e+07
<GCONST> 6.950177e+01
<MIXTURE> 4 5.218137e-02
<MEAN> 6
 9.410378e+01 6.613580e+01 -1.824877e+02 -3.955505e+00 -1.430247e+01 1.029772e+02
<VARIANCE> 6
 4.515739e+01 1.281363e+04 1.155935e+04 3.003832e+02 4.056576e+04 5.205853e+07
<GCONST> 6.773455e+01
<MIXTURE> 5 5.914328e-02
<MEAN> 6
 8.449538e+01 5.637431e+02 -2.803228e+02 -2.204020e+00 2.148077e+00 1.521699e+01
<VARIANCE> 6
 3.171015e+01 1.600662e+04 1.155935e+04 3.003832e+02 4.056576e+04 5.205853e+07
<GCONST> 6.760352e+01
<MIXTURE> 6 4.090732e-02
<MEAN> 6
 1.036935e+02 -4.239768e+02 1.578141e+01 -6.216358e+00 1.500902e+01 1.542276e+02
<VARIANCE> 6
 3.171015e+01 1.281363e+04 1.155935e+04 3.003832e+02 4.056576e+04 5.205853e+07
<GCONST> 6.738103e+01
<MIXTURE> 7 6.365111e-02
<MEAN> 6
 8.564822e+01 -2.645962e+02 -2.949248e+02 -1.680610e+00 2.896105e+00 4.287348e+01
<VARIANCE> 6
 3.171015e+01 1.439177e+04 1.155935e+04 3.003832e+02 4.056576e+04 5.205853e+07
<GCONST> 6.749718e+01
<MIXTURE> 8 2.546160e-02
<MEAN> 6
 9.849503e+01 5.054170e+02 -4.570165e+02 -1.053788e+01 -6.603657e+00 1.021183e+02
<VARIANCE> 6
 7.066105e+01 1.281363e+04 1.155935e+04 3.003832e+02 4.056576e+04 5.205853e+07
<GCONST> 6.818229e+01
<MIXTURE> 9 1.046927e-01
<MEAN> 6
 8.855382e+01 -1.620189e+02 3.067098e+01 -3.058381e+00 3.228121e+00 -4.497366e+01
<VARIANCE> 6
 3.171015e+01 1.281363e+04 1.155935e+04 3.003832e+02 4.056576e+04 5.205853e+07
<GCONST> 6.738103e+01
<MIXTURE> 10 1.009634e-01
<MEAN> 6
 8.946835e+01 -3.043298e+01 3.703526e+01 -3.828793e+00 4.167854e+00 -6.331105e+01
<VARIANCE> 6
 3.171015e+01 1.281363e+04 1.155935e+04 3.003832e+02 4.056576e+04 5.205853e+07
<GCONST> 6.738103e+01
<MIXTURE> 11 1.058555e-01
<MEAN> 6
 8.576587e+01 5.130734e+01 -2.187591e+02 1.015109e-01 -1.446313e+00 -5.965669e+01
<VARIANCE> 6
 3.171015e+01 1.281363e+04 1.155935e+04 3.003832e+02 4.056576e+04 5.205853e+07
<GCONST> 6.738103e+01
<MIXTURE> 12 1.010125e-01
<MEAN> 6
 8.871455e+01 -1.856874e+02 3.156605e+01 -3.273372e+00 2.851123e+00 -4.928892e+01
<VARIANCE> 6
 3.171015e+01 1.281363e+04 1.155935e+04 3.003832e+02 4.056576e+04 5.205853e+07
<GCONST> 6.738103e+01
<MIXTURE> 13 9.209315e-02
<MEAN> 6
 8.447929e+01 2.783007e+01 -2.565031e+02 2.870379e-01 -9.855439e-01 -1.825279e+01
<VARIANCE> 6
 3.171015e+01 1.281363e+04 1.155935e+04 3.003832e+02 4.056576e+04 5.205853e+07
<GCONST> 6.738103e+01
<MIXTURE> 14 4.683868e-02
<MEAN> 6
 8.979071e+01 6.130910e+01 -1.808231e+02 -1.333878e+00 -4.988578e+00 -8.293801e+01
<VARIANCE> 6
 3.705556e+01 1.281363e+04 1.155935e+04 3.003832e+02 4.056576e+04 5.205853e+07
<GCONST> 6.753681e+01
<MIXTURE> 15 6.219244e-02
<MEAN> 6
 8.371052e+01 -2.177190e+02 -3.155918e+02 -9.666800e-01 1.530053e+00 6.337711e+01
<VARIANCE> 6
 3.171015e+01 2.289769e+04 1.155935e+04 3.003832e+02 4.056576e+04 5.205853e+07
<GCONST> 6.796156e+01
<STATE> 9
<NUMMIXES> 15
<MIXTURE> 1 6.697115e-02
<MEAN> 6
 8.962380e+01 2.145778e+02 3.733188e+03 -1.320066e-01 -7.214089e+00 -1.577772e+02
<VARIANCE> 6
 3.171015e+01 1.281363e+04 1.155935e+04 3.003832e+02 4.056576e+04 5.205853e+07
<GCONST> 6.738103e+01
<MIXTURE> 2 6.733470e-02
<MEAN> 6
 6.873112e+01 6.467811e+02 4.305085e+03 -6.910315e-02 -2.479668e+00 -9.714639e+01
<VARIANCE> 6
 3.171015e+01 1.281363e+04 1.155935e+04 3.003832e+02 4.056576e+04 5.205853e+07
<GCONST> 6.738103e+01
<MIXTURE> 3 7.159972e-02
<MEAN> 6
 8.924778e+01 5.724727e+02 -1.359157e+03 1.470708e+00 -1.446293e+01 -2.427544e+02
<VARIANCE> 6
 3.171015e+01 1.281363e+04 1.155935e+04 3.003832e+02 4.056576e+04 5.205853e+07
<GCONST> 6.738103e+01
<MIXTURE> 4 6.817243e-02
<MEAN> 6
 5.348814e+01 3.657023e+02 -6.203085e+03 5.452128e+00 -3.120085e+01 -6.517229e+01
<VARIANCE> 6
 5.180812e+01 4.983838e+04 4.812826e+06 5.683080e+02 4.056576e+04 5.205853e+07
<GCONST> 7.589937e+01
<MIXTURE> 5 5.705623e-02
<MEAN> 6
 7.164951e+01 -3.509038e+01 3.326581e+03 3.004277e-01 -2.822671e+00 -9.548273e+01
<VARIANCE> 6
 3.171015e+01 1.281363e+04 1.155935e+04 3.003832e+02 4.056576e+04 5.205853e+07
<GCONST> 6.738103e+01
<MIXTURE> 6 7.564566e-02
<MEAN> 6
 6.451074e+01 7.292564e+02 -2.917881e+03 8.677996e-01 -1.400972e+01 -1.124259e+02
<VARIANCE> 6
 3.171015e+01 1.281363e+04 3.572988e+04 3.003832e+02 4.056576e+04 5.205853e+07
<GCONST> 6.850952e+01
<MIXTURE> 7 8.682796e-02
<MEAN> 6
 7.411097e+01 6.151421e+02 1.974074e+03 -7.493863e-01 -8.570985e+00 -1.885112e+02
<VARIANCE> 6
 3.171015e+01 1.281363e+04 3.154289e+04 3.003832e+02 4.056576e+04 5.205853e+07
<GCONST> 6.838489e+01
<MIXTURE> 8 7.040118e-02
<MEAN> 6
 5.311876e+01 5.348318e+02 -1.439455e+03 5.912284e-01 1.943123e+00 -1.782021e+02
<VARIANCE> 6
 3.171015e+01 1.281363e+04 3.674995e+04 3.003832e+02 4.056576e+04 5.205853e+07
<GCONST> 6.853767e+01
<MIXTURE> 9 4.476500e-02
<MEAN> 6
 9.439075e+01 2.301276e+02 4.484675e+02 -2.942893e+00 2.684721e+01 -5.529820e+02
<VARIANCE> 6
 3.171015e+01 1.281363e+04 1.155935e+04 3.003832e+02 4.056576e+04 5.205853e+07
<GCONST> 6.738103e+01
<MIXTURE> 10 7.777023e-02
<MEAN> 6
 8.829326e+01 3.286069e+02 -1.316689e+03 -2.897254e+00 3.753444e+00 4.474809e+01
<VARIANCE> 6
 3.171015e+01 1.281363e+04 1.155935e+04 3.003832e+02 4.056576e+04 5.205853e+07
<GCONST> 6.738103e+01
<MIXTURE> 11 5.388088e-02
<MEAN> 6
 6.291825e+01 8.266183e+02 -3.406250e+03 1.223429e-01 9.478278e-01 4.103844e+01
<VARIANCE> 6
 3.171015e+01 1.281363e+04 1.155935e+04 3.003832e+02 4.056576e+04 5.205853e+07
<GCONST> 6.738103e+01
<MIXTURE> 12 6.696270e-02
<MEAN> 6
 6.873125e+01 6.467507e+02 4.305067e+03 -6.904371e-02 -2.484366e+00 -9.723024e+01
<VARIANCE> 6
 3.171015e+01 1.281363e+04 1.155935e+04 3.003832e+02 4.056576e+04 5.205853e+07
<GCONST> 6.738103e+01
<MIXTURE> 13 6.625571e-02
<MEAN> 6
 8.962380e+01 2.145778e+02 3.733188e+03 -1.320095e-01 -7.214056e+00 -1.577774e+02
<VARIANCE> 6
 3.171015e+01 1.281363e+04 1.155935e+04 3.003832e+02 4.056576e+04 5.205853e+07
<GCONST> 6.738103e+01
<MIXTURE> 14 6.950222e-02
<MEAN> 6
 5.256735e+01 5.884097e+02 -2.463469e+03 1.212668e-01 -2.509671e+00 -2.770004e+02
<VARIANCE> 6
 3.171015e+01 1.281363e+04 4.894942e+05 3.003832e+02 4.056576e+04 5.205853e+07
<GCONST> 7.112691e+01
<MIXTURE> 15 5.685383e-02
<MEAN> 6
 7.162193e+01 -3.579646e+01 3.322953e+03 3.403213e-01 -2.855705e+00 -8.795141e+01
<VARIANCE> 6
 3.171015e+01 1.281363e+04 1.155935e+04 3.003832e+02 4.056576e+04 5.205853e+07
<GCONST> 6.738103e+01
<STATE> 10
<NUMMIXES> 15
<MIXTURE> 1 6.822717e-02
<MEAN> 6
 7.841769e+01 -2.173470e+02 4.479142e+02 -8.196906e-01 -2.122104e+01 2.114757e+02
<VARIANCE> 6
 3.171015e+01 1.281363e+04 1.155935e+04 3.003832e+02 4.056576e+04 5.205853e+07
<GCONST> 6.738103e+01
<MIXTURE> 2 6.992546e-02
<MEAN> 6
 8.047141e+01 5.052525e+01 1.232408e+02 -5.796032e+00 -4.552085e-01 9.880853e+01
<VARIANCE> 6
 3.171015e+01 1.281363e+04 1.155935e+04 3.003832e+02 4.056576e+04 5.205853e+07
<GCONST> 6.738103e+01
<MIXTURE> 3 8.554003e-03
<MEAN> 6
 7.848298e+01 -8.844266e+01 8.290312e+02 -5.947107e+00 -9.918095e+01 -4.501258e+02
<VARIANCE> 6
 1.885427e+02 2.554402e+05 3.969921e+06 3.003832e+02 5.184903e+04 5.205853e+07
<GCONST> 7.824062e+01
<MIXTURE> 4 9.454671e-02
<MEAN> 6
 7.344825e+01 -5.862553e+02 1.862839e+02 -1.478230e+00 -5.061157e+00 -1.704964e+02
<VARIANCE> 6
 3.171015e+01 1.281363e+04 1.155935e+04 3.003832e+02 4.056576e+04 5.205853e+07
<GCONST> 6.738103e+01
<MIXTURE> 5 4.762921e-02
<MEAN> 6
 7.854886e+01 -3.102408e+02 1.476671e+02 -3.652910e+00 3.031877e+00 -2.863330e+01
<VARIANCE> 6
 3.171015e+01 1.292581e+05 1.155935e+04 3.003832e+02 4.056576e+04 5.205853e+07
<GCONST> 6.969234e+01
<MIXTURE> 6 2.934492e-02
<MEAN> 6
 8.047781e+01 -4.939076e+02 -4.192593e+01 -5.011090e+00 3.910340e+00 -1.272560e+01
<VARIANCE> 6
 3.171015e+01 1.281363e+04 1.155935e+04 3.003832e+02 4.056576e+04 5.205853e+07
<GCONST> 6.738103e+01
<MIXTURE> 7 6.944584e-02
<MEAN> 6
 7.680679e+01 -8.299106e+02 8.514825e+01 5.092687e-01 -1.318234e-02 -1.972140e+02
<VARIANCE> 6
 3.171015e+01 1.281363e+04 1.622873e+04 3.003832e+02 4.056576e+04 5.205853e+07
<GCONST> 6.772032e+01
<MIXTURE> 8 5.516080e-02
<MEAN> 6
 7.589656e+01 -1.903070e+02 7.858663e+01 -5.278160e+00 4.143667e+00 6.083789e+01
<VARIANCE> 6
 3.171015e+01 1.473619e+04 1.155935e+04 3.003832e+02 4.056576e+04 5.205853e+07
<GCONST> 6.752083e+01
<MIXTURE> 9 1.033959e-01
<MEAN> 6
 7.932155e+01 -3.803943e+02 1.758678e+02 -3.235495e+00 1.544232e+00 -8.796592e+01
<VARIANCE> 6
 3.171015e+01 1.281363e+04 1.618729e+04 3.003832e+02 4.056576e+04 5.205853e+07
<GCONST> 6.771777e+01
<MIXTURE> 10 1.052461e-01
<MEAN> 6
 7.344743e+01 -5.862662e+02 1.862889e+02 -1.477987e+00 -5.061672e+00 -1.704818e+02
<VARIANCE> 6
 3.171015e+01 1.281363e+04 1.155935e+04 3.003832e+02 4.056576e+04 5.205853e+07
<GCONST> 6.738103e+01
<MIXTURE> 11 4.315335e-02
<MEAN> 6
 7.895168e+01 -3.323139e+02 1.194058e+02 -4.006830e+00 3.061991e+00 1.844193e+00
<VARIANCE> 6
 3.171015e+01 1.281363e+04 1.155935e+04 3.003832e+02 4.056576e+04 5.205853e+07
<GCONST> 6.738103e+01
<MIXTURE> 12 7.555766e-02
<MEAN> 6
 7.779767e+01 -1.415442e+01 9.120679e+01 -4.526489e+00 6.894926e+00 -4.312302e+01
<VARIANCE> 6
 3.171015e+01 1.281363e+04 1.155935e+04 3.003832e+02 4.056576e+04 5.205853e+07
<GCONST> 6.738103e+01
<MIXTURE> 13 9.197661e-02
<MEAN> 6
 7.549806e+01 -7.758768e+02 -7.988393e+01 -1.951905e-01 -2.349941e-01 -8.418250e+01
<VARIANCE> 6
 3.171015e+01 1.281363e+04 1.155935e+04 3.003832e+02 4.056576e+04 5.205853e+07
<GCONST> 6.738103e+01
<MIXTURE> 14 6.917191e-02
<MEAN> 6
 7.942066e+01 2.953120e+01 1.083497e+02 -4.866849e+00 4.323329e+00 -2.054054e+00
<VARIANCE> 6
 3.171015e+01 1.281363e+04 1.155935e+04 3.003832e+02 4.056576e+04 5.205853e+07
<GCONST> 6.738103e+01
<MIXTURE> 15 6.863403e-02
<MEAN> 6
 7.908420e+01 -2.945824e+02 3.976848e+02 -1.531079e+00 -1.247063e+01 9.667265e+01
<VARIANCE> 6
 3.171015e+01 1.281363e+04 1.155935e+04 3.003832e+02 4.056576e+04 5.205853e+07
<GCONST> 6.738103e+01
<STATE> 11
<NUMMIXES> 15
<MIXTURE> 1 7.785519e-02
<MEAN> 6
 9.674659e+01 -9.894827e+02 -2.363696e+02 -1.123392e+01 1.044008e+01 -1.025523e+02
<VARIANCE> 6
 7.290426e+01 8.931855e+04 1.659789e+04 3.003832e+02 4.056576e+04 5.205853e+07
<GCONST> 7.051702e+01
<MIXTURE> 2 7.835919e-02
<MEAN> 6
 6.574573e+01 -2.643695e+02 -1.827758e+02 -9.608333e+01 -1.637489e+03 -1.557335e+04
<VARIANCE> 6
 1.593249e+02 2.027400e+05 3.145402e+05 3.576634e+03 4.817031e+05 1.390139e+08
<GCONST> 8.099409e+01
<MIXTURE> 3 6.499397e-02
<MEAN> 6
 7.311649e+01 -1.293286e+03 -7.225439e+01 -1.213668e+00 -8.562980e+00 -3.246140e+02
<VARIANCE> 6
 3.171015e+01 1.281363e+04 1.155935e+04 3.003832e+02 4.056576e+04 5.205853e+07
<GCONST> 6.738103e+01
<MIXTURE> 4 6.093108e-03
<MEAN> 6
 7.186861e+01 -4.765580e+02 -5.167232e+02 5.684497e+01 -1.757949e+02 -2.100031e+01
<VARIANCE> 6
 3.171015e+01 1.624662e+04 1.155935e+04 3.003832e+02 4.056576e+04 5.205853e+07
<GCONST> 6.761841e+01
<MIXTURE> 5 2.572120e-02
<MEAN> 6
 7.072519e+01 -1.002702e+03 -4.244200e+02 1.935674e-01 -3.763258e+00 2.408612e+01
<VARIANCE> 6
 3.171015e+01 1.281363e+04 1.155935e+04 3.003832e+02 4.056576e+04 5.205853e+07
<GCONST> 6.738103e+01
<MIXTURE> 6 5.466267e-02
<MEAN> 6
 7.672777e+01 -2.903684e+02 -5.963597e+02 -3.684205e+00 -1.169659e+01 -9.576892e+01
<VARIANCE> 6
 3.492068e+01 1.281363e+04 1.155935e+04 3.003832e+02 4.056576e+04 5.205853e+07
<GCONST> 6.747747e+01
<MIXTURE> 7 9.119648e-02
<MEAN> 6
 7.086840e+01 -1.126355e+03 -3.396119e+02 1.503822e+00 -1.951270e+01 -3.716833e+01
<VARIANCE> 6
 3.171015e+01 1.281363e+04 1.155935e+04 3.003832e+02 4.056576e+04 5.205853e+07
<GCONST> 6.738103e+01
<MIXTURE> 8 9.144145e-02
<MEAN> 6
 9.984933e+01 -5.020753e+02 -5.401686e+02 -1.653389e+00 -2.618057e+00 -7.802946e+01
<VARIANCE> 6
 3.235847e+01 1.281363e+04 1.155935e+04 3.003832e+02 4.056576e+04 5.205853e+07
<GCONST> 6.740127e+01
<MIXTURE> 9 5.900703e-02
<MEAN> 6
 7.131857e+01 -1.514779e+03 -6.885681e+02 -9.266969e-01 1.519490e+00 -3.596152e+01
<VARIANCE> 6
 3.171015e+01 3.862784e+04 1.155935e+04 3.003832e+02 4.056576e+04 5.205853e+07
<GCONST> 6.848450e+01
<MIXTURE> 10 2.513071e-02
<MEAN> 6
 7.072288e+01 -9.656264e+02 -4.493766e+02 -2.872951e-01 -9.472313e-01 2.736746e+01
<VARIANCE> 6
 3.171015e+01 1.281363e+04 1.155935e+04 3.003832e+02 4.056576e+04 5.205853e+07
<GCONST> 6.738103e+01
<MIXTURE> 11 9.268476e-02
<MEAN> 6
 7.244698e+01 -8.178408e+02 -6.430132e+02 -2.984211e+00 -7.098463e+00 1.422876e+02
<VARIANCE> 6
 3.171015e+01 1.724350e+04 1.155935e+04 3.003832e+02 4.056576e+04 5.205853e+07
<GCONST> 6.767796e+01
<MIXTURE> 12 9.304250e-02
<MEAN> 6
 9.695676e+01 -4.994331e+02 -5.411217e+02 -9.657375e-01 -3.020377e+00 -1.117727e+02
<VARIANCE> 6
 3.171015e+01 1.281363e+04 1.155935e+04 3.003832e+02 4.056576e+04 5.205853e+07
<GCONST> 6.738103e+01
<MIXTURE> 13 9.330439e-02
<MEAN> 6
 9.588802e+01 -5.004092e+02 -5.443274e+02 -7.739793e-01 -3.302287e+00 -1.152772e+02
<VARIANCE> 6
 3.171015e+01 1.281363e+04 1.155935e+04 3.003832e+02 4.056576e+04 5.205853e+07
<GCONST> 6.738103e+01
<MIXTURE> 14 9.097983e-02
<MEAN> 6
 9.750168e+01 -4.994752e+02 -5.402432e+02 -1.077412e+00 -2.902517e+00 -1.073782e+02
<VARIANCE> 6
 3.182783e+01 1.281363e+04 1.155935e+04 3.003832e+02 4.056576e+04 5.205853e+07
<GCONST> 6.738474e+01
<MIXTURE> 15 5.551038e-02
<MEAN> 6
 7.386424e+01 -3.202928e+02 -6.076810e+02 -2.685640e+00 -1.355519e+01 -1.027733e+02
<VARIANCE> 6
 3.171015e+01 1.348596e+04 1.155935e+04 3.003832e+02 4.056576e+04 5.205853e+07
<GCONST> 6.743217e+01
<STATE> 12
<NUMMIXES> 15
<MIXTURE> 1 9.072626e-02
<MEAN> 6
 8.718713e+01 2.934539e+01 -8.605499e+01 -5.375565e+00 -6.973235e+01 -6.842662e+02
<VARIANCE> 6
 8.799831e+01 4.079288e+05 8.381935e+05 3.003832e+02 4.056576e+04 5.205853e+07
<GCONST> 7.614605e+01
<MIXTURE> 2 9.179845e-02
<MEAN> 6
 7.978603e+01 2.414270e+02 -2.834199e+02 1.381281e+01 -7.963470e+02 4.169518e+01
<VARIANCE> 6
 3.312613e+02 1.932154e+06 1.708944e+06 2.084874e+04 5.127787e+05 1.945167e+08
<GCONST> 8.783438e+01
<MIXTURE> 3 4.313103e-02
<MEAN> 6
 5.899492e+00 1.111251e+02 -2.431730e+03 -3.387001e+02 -1.967207e+02 1.301612e+04
<VARIANCE> 6
 8.418870e+02 8.672378e+05 9.124612e+06 7.441120e+03 1.025980e+06 5.199666e+08
<GCONST> 9.028767e+01
<MIXTURE> 4 5.553612e-02
<MEAN> 6
 4.531842e-01 1.653305e+01 5.317068e+01 3.379629e+02 2.255901e+02 -1.218216e+04
<VARIANCE> 6
 3.337552e+02 8.859300e+05 6.009320e+05 3.235940e+03 4.291137e+05 1.006925e+08
<GCONST> 8.331744e+01
<MIXTURE> 5 5.401284e-02
<MEAN> 6
 4.972047e+01 -4.151226e+01 -7.424709e+00 -2.624435e+02 -9.523325e+02 4.807394e+03
<VARIANCE> 6
 2.206424e+02 5.132619e+05 3.818519e+05 4.078799e+03 2.832638e+05 8.079911e+07
<GCONST> 8.150030e+01
<MIXTURE> 6 9.307269e-02
<MEAN> 6
 -6.770065e+01 2.778447e+01 -1.248329e+02 8.073442e+00 1.363313e+02 2.047667e+02
<VARIANCE> 6
 9.668866e+01 2.794870e+05 7.220156e+05 4.812599e+02 5.919197e+04 5.205853e+07
<GCONST> 7.656210e+01
<MIXTURE> 7 7.027088e-02
<MEAN> 6
 -3.610640e+01 -1.036016e+02 3.890451e+01 2.229701e+02 9.257998e+02 -1.960670e+03
<VARIANCE> 6
 1.869274e+02 3.649955e+05 5.838586e+05 3.084133e+03 2.417741e+05 5.205853e+07
<GCONST> 8.054070e+01
<MIXTURE> 8 4.609620e-02
<MEAN> 6
 -4.943544e+01 -2.133396e+02 -1.787226e+02 -2.309162e+02 1.798794e+03 9.737552e+03
<VARIANCE> 6
 1.671633e+02 1.027485e+06 1.350321e+06 9.826470e+03 1.202529e+06 9.052710e+08
<GCONST> 8.792123e+01
<MIXTURE> 9 7.767441e-02
<MEAN> 6
 -5.307410e+00 -8.454270e+00 8.627043e+01 -2.787160e+02 1.421948e+02 3.320942e+03
<VARIANCE> 6
 5.063397e+02 6.047638e+05 5.608769e+05 6.260594e+03 2.729815e+05 1.479361e+08
<GCONST> 8.387581e+01
<MIXTURE> 10 5.094072e-02
<MEAN> 6
 -6.885209e+01 -1.189841e+02 -5.199650e+02 -2.516713e+01 1.209238e+03 -9.747335e+03
<VARIANCE> 6
 9.217784e+01 3.870222e+05 2.721604e+06 8.667330e+03 5.372034e+05 2.859075e+08
<GCONST> 8.496658e+01
<MIXTURE> 11 3.656384e-02
<MEAN> 6
 9.134665e+01 -3.394066e+02 -1.257036e+03 5.095483e+01 -1.363544e+03 5.406113e+02
<VARIANCE> 6
 1.258123e+02 7.958022e+05 4.297625e+06 1.774591e+04 2.134252e+06 1.553882e+09
<GCONST> 9.024429e+01
<MIXTURE> 12 5.767646e-02
<MEAN> 6
 8.053391e+01 1.947691e+02 -8.835516e+01 3.002802e+01 -5.321409e+02 3.775923e+02
<VARIANCE> 6
 1.574955e+02 2.915313e+05 4.708635e+05 1.215438e+04 1.082196e+05 5.205853e+07
<GCONST> 8.049713e+01
<MIXTURE> 13 8.490007e-02
<MEAN> 6
 3.995856e+01 -1.692093e+02 -9.529199e+01 2.480708e+02 -5.271456e+02 -1.167877e+03
<VARIANCE> 6
 3.613460e+02 6.446750e+05 1.018753e+06 3.268969e+03 1.600846e+05 5.205853e+07
<GCONST> 8.197127e+01
<MIXTURE> 14 9.268277e-02
<MEAN> 6
 -6.078072e+01 2.826978e+01 1.369068e+02 4.211840e+01 7.909467e+02 1.959568e+03
<VARIANCE> 6
 1.012210e+02 2.745500e+05 3.810358e+05 8.061644e+03 1.237889e+05 5.739992e+07
<GCONST> 7.960487e+01
<MIXTURE> 15 5.474964e-02
<MEAN> 6
 7.826511e+01 -1.040249e+01 -6.693883e+01 -3.337727e+01 -8.379353e+02 -3.894142e+03
<VARIANCE> 6
 1.070604e+02 2.439810e+05 3.236815e+05 1.605981e+04 2.044504e+05 5.694023e+07
<GCONST> 8.056268e+01
<STATE> 13
<NUMMIXES> 15
<MIXTURE> 1 3.535040e-02
<MEAN> 6
 -5.658581e+00 1.623826e+02 1.037424e+02 -2.238910e+01 3.749105e+01 6.531354e+03
<VARIANCE> 6
 1.175199e+04 1.917414e+05 4.027565e+05 2.173850e+06 1.190574e+09 1.749860e+12
<GCONST> 1.091493e+02
<MIXTURE> 2 9.100253e-02
<MEAN> 6
 7.945643e+01 3.695989e+02 1.743897e+03 -2.423596e+00 -1.579567e+01 2.861940e+01
<VARIANCE> 6
 2.625176e+02 1.188117e+06 1.477578e+06 3.003832e+02 4.056576e+04 5.205853e+07
<GCONST> 7.887499e+01
<MIXTURE> 3 5.273379e-02
<MEAN> 6
 -4.215289e+00 1.471308e+02 1.827555e+02 8.186423e-01 -1.894695e+02 -2.849087e+03
<VARIANCE> 6
 6.772476e+03 3.461490e+05 8.037868e+05 5.142746e+04 4.368168e+06 5.160127e+09
<GCONST> 9.470161e+01
<MIXTURE> 4 7.049994e-02
<MEAN> 6
 -4.132753e+01 5.566200e+01 4.333404e+02 8.541418e+01 3.729622e+02 -1.330851e+03
<VARIANCE> 6
 3.564788e+02 1.890798e+06 1.560635e+06 8.989488e+03 7.169672e+04 5.205853e+07
<GCONST> 8.366855e+01
<MIXTURE> 5 8.526245e-02
<MEAN> 6
 4.794534e+01 8.035487e+02 8.887487e+02 -4.351623e+00 -3.767688e+02 6.273340e+02
<VARIANCE> 6
 8.879246e+02 1.810004e+06 4.098660e+06 2.351237e+04 3.230134e+05 9.449546e+07
<GCONST> 8.856595e+01
<MIXTURE> 6 8.536177e-02
<MEAN> 6
 8.918375e+01 6.233167e+02 -1.818377e+02 -6.360545e+00 -8.096031e+00 4.726046e+01
<VARIANCE> 6
 1.167011e+02 2.149497e+05 2.327611e+05 3.003832e+02 4.056576e+04 5.205853e+07
<GCONST> 7.450642e+01
<MIXTURE> 7 3.612794e-02
<MEAN> 6
 8.685999e+01 1.399869e+02 8.004557e+01 -1.848912e+01 -2.117960e-01 -1.022594e+03
<VARIANCE> 6
 9.719775e+01 1.169989e+05 4.358170e+04 7.414577e+03 5.022462e+05 3.441480e+08
<GCONST> 7.965096e+01
<MIXTURE> 8 4.432718e-02
<MEAN> 6
 -6.747972e+01 7.710229e+01 4.650831e+02 -7.615895e-01 5.527097e+01 5.594105e+02
<VARIANCE> 6
 5.959551e+02 2.352976e+05 1.822097e+06 3.865013e+02 7.236327e+04 5.205853e+07
<GCONST> 7.911600e+01
<MIXTURE> 9 6.320416e-02
<MEAN> 6
 3.599674e+01 -1.505206e+02 7.316875e+02 2.760403e+01 -2.323219e+02 -2.408473e+02
<VARIANCE> 6
 6.973649e+02 1.816715e+05 1.324524e+06 1.735380e+04 9.075391e+04 5.205853e+07
<GCONST> 8.272644e+01
<MIXTURE> 10 5.045911e-02
<MEAN> 6
 -5.295915e+01 -1.424819e+02 3.743436e+02 -4.212230e+01 8.533306e+02 1.175886e+03
<VARIANCE> 6
 2.467665e+02 6.072976e+05 1.702268e+06 1.860221e+04 2.842728e+05 1.937284e+08
<GCONST> 8.567065e+01
<MIXTURE> 11 5.511607e-02
<MEAN> 6
 8.397137e+01 1.916064e+02 1.864262e+02 -2.015513e+00 -9.832498e+00 9.146028e+00
<VARIANCE> 6
 1.863577e+02 2.706438e+05 2.470993e+06 3.003832e+02 4.056576e+04 5.205853e+07
<GCONST> 7.756724e+01
<MIXTURE> 12 9.601503e-02
<MEAN> 6
 8.006870e+01 -2.094919e+02 -3.394075e+01 -1.518695e+00 1.202452e+01 -7.133634e+01
<VARIANCE> 6
 4.987465e+01 1.058884e+05 6.340612e+04 3.003832e+02 4.056576e+04 5.205853e+07
<GCONST> 7.164785e+01
<MIXTURE> 13 1.092920e-01
<MEAN> 6
 8.366264e+01 2.222121e+01 4.918271e+02 -3.649615e+00 -8.179248e+00 6.565700e+01
<VARIANCE> 6
 1.452755e+02 1.224252e+06 1.937786e+06 3.003832e+02 4.056576e+04 5.205853e+07
<GCONST> 7.858441e+01
<MIXTURE> 14 6.523620e-02
<MEAN> 6
 6.370035e+01 -3.078949e+02 2.948315e+01 3.553475e+00 -3.342677e+01 -8.872471e+00
<VARIANCE> 6
 1.989132e+02 1.074920e+05 1.199816e+06 3.003832e+02 4.056576e+04 5.205853e+07
<GCONST> 7.598660e+01
<MIXTURE> 15 5.968535e-02
<MEAN> 6
 1.764184e+01 -2.057990e+02 4.929478e+02 -2.525101e+01 -2.192017e+02 -1.002617e+03
<VARIANCE> 6
 8.714382e+02 1.266013e+05 2.485698e+06 2.683460e+04 1.431144e+05 5.205853e+07
<GCONST> 8.410899e+01
<TRANSP> 14
 0.000000e+00 1.000000e+00 0.000000e+00 0.000000e+00 0.000000e+00 0.000000e+00 0.000000e+00 0.000000e+00 0.000000e+00 0.000000e+00 0.000000e+00 0.000000e+00 0.000000e+00 0.000000e+00
 0.000000e+00 9.999059e-01 9.409031e-05 0.000000e+00 0.000000e+00 0.000000e+00 0.000000e+00 0.000000e+00 0.000000e+00 0.000000e+00 0.000000e+00 0.000000e+00 0.000000e+00 0.000000e+00
 0.000000e+00 0.000000e+00 9.972137e-01 2.786261e-03 0.000000e+00 0.000000e+00 0.000000e+00 0.000000e+00 0.000000e+00 0.000000e+00 0.000000e+00 0.000000e+00 0.000000e+00 0.000000e+00
 0.000000e+00 0.000000e+00 0.000000e+00 9.971303e-01 2.869652e-03 0.000000e+00 0.000000e+00 0.000000e+00 0.000000e+00 0.000000e+00 0.000000e+00 0.000000e+00 0.000000e+00 0.000000e+00
 0.000000e+00 0.000000e+00 0.000000e+00 0.000000e+00 9.961117e-01 3.888328e-03 0.000000e+00 0.000000e+00 0.000000e+00 0.000000e+00 0.000000e+00 0.000000e+00 0.000000e+00 0.000000e+00
 0.000000e+00 0.000000e+00 0.000000e+00 0.000000e+00 0.000000e+00 9.973420e-01 2.658043e-03 0.000000e+00 0.000000e+00 0.000000e+00 0.000000e+00 0.000000e+00 0.000000e+00 0.000000e+00
 0.000000e+00 0.000000e+00 0.000000e+00 0.000000e+00 0.000000e+00 0.000000e+00 9.988711e-01 1.128830e-03 0.000000e+00 0.000000e+00 0.000000e+00 0.000000e+00 0.000000e+00 0.000000e+00
 0.000000e+00 0.000000e+00 0.000000e+00 0.000000e+00 0.000000e+00 0.000000e+00 0.000000e+00 9.984479e-01 1.552123e-03 0.000000e+00 0.000000e+00 0.000000e+00 0.000000e+00 0.000000e+00
 0.000000e+00 0.000000e+00 0.000000e+00 0.000000e+00 0.000000e+00 0.000000e+00 0.000000e+00 0.000000e+00 9.978558e-01 2.144141e-03 0.000000e+00 0.000000e+00 0.000000e+00 0.000000e+00
 0.000000e+00 0.000000e+00 0.000000e+00 0.000000e+00 0.000000e+00 0.000000e+00 0.000000e+00 0.000000e+00 0.000000e+00 9.979160e-01 2.083973e-03 0.000000e+00 0.000000e+00 0.000000e+00
 0.000000e+00 0.000000e+00 0.000000e+00 0.000000e+00 0.000000e+00 0.000000e+00 0.000000e+00 0.000000e+00 0.000000e+00 0.000000e+00 9.972071e-01 2.792905e-03 0.000000e+00 0.000000e+00
 0.000000e+00 0.000000e+00 0.000000e+00 0.000000e+00 0.000000e+00 0.000000e+00 0.000000e+00 0.000000e+00 0.000000e+00 0.000000e+00 0.000000e+00 9.998735e-01 1.264262e-04 0.000000e+00
 0.000000e+00 0.000000e+00 0.000000e+00 0.000000e+00 0.000000e+00 0.000000e+00 0.000000e+00 0.000000e+00 0.000000e+00 0.000000e+00 0.000000e+00 0.000000e+00 9.998016e-01 1.983776e-04
 0.000000e+00 0.000000e+00 0.000000e+00 0.000000e+00 0.000000e+00 0.000000e+00 0.000000e+00 0.000000e+00 0.000000e+00 0.000000e+00 0.000000e+00 0.000000e+00 0.000000e+00 0.000000e+00
<ENDHMM>
