~o
<STREAMINFO> 1 6
<VECSIZE> 6<NULLD><USER><DIAGC>
~h "SegundoPRIMARIA"
<BEGINHMM>
<NUMSTATES> 13
<STATE> 2
<NUMMIXES> 13
<MIXTURE> 1 7.124525e-02
<MEAN> 6
 1.039667e+02 -1.459147e+02 3.901600e+02 -1.004543e+01 -5.972515e+01 -5.670721e+02
<VARIANCE> 6
 1.350598e+02 1.347884e+06 1.402398e+06 3.727773e+02 2.951049e+04 1.545820e+07
<GCONST> 7.696786e+01
<MIXTURE> 2 6.892518e-02
<MEAN> 6
 4.372712e+01 -7.627446e+02 -7.824240e+00 -1.765111e+00 -2.508917e+02 6.789897e+02
<VARIANCE> 6
 4.470198e+03 4.212903e+07 1.854722e+06 3.323911e+04 1.624091e+06 1.137425e+09
<GCONST> 9.698592e+01
<MIXTURE> 3 7.613004e-02
<MEAN> 6
 -4.239767e+01 1.224555e+02 5.692385e+01 -2.015710e+02 1.321902e+03 3.959806e+03
<VARIANCE> 6
 6.299266e+02 3.753024e+05 2.002081e+06 3.143815e+04 1.132644e+06 8.612261e+08
<GCONST> 8.968776e+01
<MIXTURE> 4 6.290220e-02
<MEAN> 6
 -6.555238e+01 1.695975e+02 -2.103132e+02 -5.238173e+00 9.320929e+01 3.972460e+02
<VARIANCE> 6
 1.091731e+02 3.803812e+05 1.087753e+06 3.184514e+02 3.769089e+04 2.023384e+07
<GCONST> 7.559226e+01
<MIXTURE> 5 6.187303e-02
<MEAN> 6
 3.611326e+01 1.565229e+00 -5.247870e+01 2.147148e+02 -2.146761e+02 -1.634682e+03
<VARIANCE> 6
 6.324181e+02 4.619845e+05 1.306772e+06 1.148574e+04 1.540227e+05 5.680736e+07
<GCONST> 8.375207e+01
<MIXTURE> 6 6.225074e-02
<MEAN> 6
 7.303513e+01 6.104208e+02 -7.944666e+02 3.546907e+00 -2.046394e+01 -1.195635e+02
<VARIANCE> 6
 1.024904e+02 4.412509e+05 1.106760e+06 2.593203e+02 1.595152e+04 1.545820e+07
<GCONST> 7.436037e+01
<MIXTURE> 7 1.265137e-01
<MEAN> 6
 8.927926e+01 3.014534e+01 1.273949e+01 3.270895e+00 -7.998015e+02 -1.196511e+03
<VARIANCE> 6
 3.769608e+02 5.090098e+05 1.824399e+06 1.854516e+04 6.677607e+05 2.375841e+08
<GCONST> 8.704207e+01
<MIXTURE> 8 7.449830e-02
<MEAN> 6
 -3.323648e+01 7.955790e+01 3.517381e+01 2.222778e+02 6.992201e+02 -3.807386e+03
<VARIANCE> 6
 5.205164e+02 4.586811e+05 1.419303e+06 8.055034e+03 2.816928e+05 8.873566e+07
<GCONST> 8.432767e+01
<MIXTURE> 9 1.023261e-01
<MEAN> 6
 6.569806e+01 -5.214828e+02 1.700803e+03 -3.144483e-01 -9.746432e-01 -5.973212e+01
<VARIANCE> 6
 8.135335e+01 1.978043e+05 1.328596e+06 2.593203e+02 1.595152e+04 1.545820e+07
<GCONST> 7.350975e+01
<MIXTURE> 10 6.544439e-02
<MEAN> 6
 3.242379e+01 -4.540507e+01 5.782858e+01 -3.031556e+02 -7.540575e+02 6.516279e+03
<VARIANCE> 6
 6.932491e+02 3.312356e+05 1.787712e+06 9.248463e+03 5.777348e+05 1.742798e+08
<GCONST> 8.605094e+01
<MIXTURE> 11 1.046358e-01
<MEAN> 6
 -6.938444e+01 7.090109e+01 -2.458488e+02 9.184321e+00 5.515965e+02 5.023375e+01
<VARIANCE> 6
 4.291105e+02 1.883141e+05 1.946093e+06 7.661702e+03 1.914309e+05 8.791614e+07
<GCONST> 8.311434e+01
<MIXTURE> 12 6.003317e-02
<MEAN> 6
 4.797904e+01 -6.464722e+01 -2.357815e+02 8.829333e+01 -4.529527e+02 -3.392927e+03
<VARIANCE> 6
 6.972282e+02 1.677600e+05 1.553516e+06 3.772078e+04 2.241214e+05 7.242090e+07
<GCONST> 8.481661e+01
<MIXTURE> 13 6.301994e-02
<MEAN> 6
 7.269247e+01 3.287771e+02 -1.011008e+03 1.441586e+00 -3.024820e+01 -2.212816e+02
<VARIANCE> 6
 9.852998e+01 2.690787e+05 1.017718e+06 2.593203e+02 1.595152e+04 1.545820e+07
<GCONST> 7.374248e+01
<STATE> 3
<NUMMIXES> 13
<MIXTURE> 1 7.461645e-02
<MEAN> 6
 7.335712e+01 1.557653e+02 -1.590000e+02 -1.734132e+00 -4.631130e+00 -1.377443e+01
<VARIANCE> 6
 3.129757e+01 1.230843e+04 1.230786e+04 2.593203e+02 1.595152e+04 1.545820e+07
<GCONST> 6.509586e+01
<MIXTURE> 2 1.997202e-02
<MEAN> 6
 7.419954e+01 7.661105e+01 1.386568e+02 2.167373e+01 4.693234e+01 -2.590302e+03
<VARIANCE> 6
 3.129757e+01 2.131256e+04 1.230786e+04 9.159991e+02 2.380965e+05 1.157768e+08
<GCONST> 7.162347e+01
<MIXTURE> 3 9.031736e-02
<MEAN> 6
 7.551318e+01 1.010147e+02 -3.562948e+02 -1.434260e+00 -5.933361e-01 -4.929599e+01
<VARIANCE> 6
 3.129757e+01 1.230843e+04 1.230786e+04 2.593203e+02 1.595152e+04 1.545820e+07
<GCONST> 6.509586e+01
<MIXTURE> 4 1.060256e-03
<MEAN> 6
 8.275951e+01 7.977914e+01 -2.199013e+02 2.463801e+00 -4.745334e+01 5.496018e+02
<VARIANCE> 6
 3.588379e+02 1.064305e+06 6.250790e+05 4.250631e+02 3.804453e+04 2.389562e+07
<GCONST> 7.772156e+01
<MIXTURE> 5 8.429173e-02
<MEAN> 6
 7.609036e+01 9.053082e+01 -3.618076e+02 -1.537982e+00 -1.090897e+00 -6.250610e+01
<VARIANCE> 6
 3.129757e+01 1.230843e+04 1.230786e+04 2.593203e+02 1.595152e+04 1.545820e+07
<GCONST> 6.509586e+01
<MIXTURE> 6 1.272490e-01
<MEAN> 6
 7.370049e+01 3.869157e+01 1.341460e+02 -5.324238e-01 1.161921e-01 1.904886e+01
<VARIANCE> 6
 3.129757e+01 1.230843e+04 1.230786e+04 2.593203e+02 1.595152e+04 1.545820e+07
<GCONST> 6.509586e+01
<MIXTURE> 7 8.337900e-02
<MEAN> 6
 6.714590e+01 -6.371875e+01 2.689250e+02 1.118147e+00 -1.935086e+00 4.506866e+01
<VARIANCE> 6
 3.129757e+01 1.230843e+04 2.354583e+04 2.593203e+02 1.595152e+04 1.545820e+07
<GCONST> 6.574457e+01
<MIXTURE> 8 5.977105e-02
<MEAN> 6
 7.421098e+01 5.395691e+01 1.472335e+02 -5.856935e-01 1.713799e+00 6.797396e+01
<VARIANCE> 6
 3.129757e+01 1.230843e+04 1.230786e+04 2.593203e+02 1.595152e+04 1.545820e+07
<GCONST> 6.509586e+01
<MIXTURE> 9 1.250639e-01
<MEAN> 6
 7.349860e+01 3.366575e+01 1.375005e+02 -4.730325e-01 7.840005e-01 1.482531e+01
<VARIANCE> 6
 3.129757e+01 1.230843e+04 1.230786e+04 2.593203e+02 1.595152e+04 1.545820e+07
<GCONST> 6.509586e+01
<MIXTURE> 10 8.377601e-02
<MEAN> 6
 7.619261e+01 8.874030e+01 -3.626495e+02 -1.557777e+00 -1.175366e+00 -6.515394e+01
<VARIANCE> 6
 3.129757e+01 1.230843e+04 1.230786e+04 2.593203e+02 1.595152e+04 1.545820e+07
<GCONST> 6.509586e+01
<MIXTURE> 11 1.155202e-01
<MEAN> 6
 6.707504e+01 -1.820133e+02 1.508467e+02 1.384231e+00 5.156717e+00 4.164060e+01
<VARIANCE> 6
 3.129757e+01 1.230843e+04 1.343297e+04 2.593203e+02 1.595152e+04 1.545820e+07
<GCONST> 6.518333e+01
<MIXTURE> 12 7.502691e-02
<MEAN> 6
 7.332309e+01 1.580648e+02 -1.661329e+02 -1.724386e+00 -4.197279e+00 -1.813799e+01
<VARIANCE> 6
 3.129757e+01 1.230843e+04 1.230786e+04 2.593203e+02 1.595152e+04 1.545820e+07
<GCONST> 6.509586e+01
<MIXTURE> 13 5.991317e-02
<MEAN> 6
 7.286496e+01 2.088273e+01 1.198963e+02 -3.992434e-01 -7.741704e-01 -6.369301e+00
<VARIANCE> 6
 3.129757e+01 1.230843e+04 1.230786e+04 2.593203e+02 1.595152e+04 1.545820e+07
<GCONST> 6.509586e+01
<STATE> 4
<NUMMIXES> 13
<MIXTURE> 1 9.518057e-02
<MEAN> 6
 9.755615e+01 -2.948423e+02 8.644788e+02 -2.235137e+00 -1.783217e+00 6.939709e+01
<VARIANCE> 6
 3.129757e+01 1.323186e+04 5.527481e+04 2.593203e+02 1.595152e+04 1.545820e+07
<GCONST> 6.667028e+01
<MIXTURE> 2 6.333961e-02
<MEAN> 6
 9.377393e+01 -5.694841e+01 -4.752789e+01 -8.207266e-01 2.882881e+00 2.265051e+00
<VARIANCE> 6
 3.129757e+01 1.230843e+04 1.667447e+04 2.593203e+02 1.595152e+04 1.545820e+07
<GCONST> 6.539950e+01
<MIXTURE> 3 5.763907e-02
<MEAN> 6
 9.296213e+01 -3.510363e+02 1.487097e+02 7.336830e-01 5.224810e+00 -3.884943e+02
<VARIANCE> 6
 3.129757e+01 2.162061e+05 7.138016e+04 2.593203e+02 1.595152e+04 1.545820e+07
<GCONST> 6.971959e+01
<MIXTURE> 4 4.576893e-02
<MEAN> 6
 9.305399e+01 3.836026e+01 -5.131837e+02 -1.636964e+00 1.175665e+01 2.745746e+01
<VARIANCE> 6
 3.129757e+01 1.240556e+04 1.230786e+04 2.593203e+02 1.595152e+04 1.545820e+07
<GCONST> 6.510372e+01
<MIXTURE> 5 8.059990e-02
<MEAN> 6
 9.458199e+01 -3.451606e+02 -5.489862e+02 -1.476925e+00 -5.761129e+00 1.300552e+02
<VARIANCE> 6
 3.129757e+01 1.230843e+04 1.230786e+04 2.593203e+02 1.595152e+04 1.545820e+07
<GCONST> 6.509586e+01
<MIXTURE> 6 8.568848e-02
<MEAN> 6
 9.283197e+01 -7.620220e+01 1.018763e+02 3.324880e-01 3.086117e+00 -8.175270e+01
<VARIANCE> 6
 3.129757e+01 1.230843e+04 1.230786e+04 2.593203e+02 1.595152e+04 1.545820e+07
<GCONST> 6.509586e+01
<MIXTURE> 7 6.559606e-02
<MEAN> 6
 9.356481e+01 -5.534055e+02 -5.303546e+02 2.287251e+00 4.697992e+00 -1.084445e+02
<VARIANCE> 6
 3.129757e+01 1.230843e+04 1.230786e+04 2.593203e+02 1.595152e+04 1.545820e+07
<GCONST> 6.509586e+01
<MIXTURE> 8 9.324925e-02
<MEAN> 6
 8.099197e+01 -3.629827e+02 -6.358211e+01 -4.164103e+00 -2.877925e+00 -2.011989e+02
<VARIANCE> 6
 3.129757e+01 1.230843e+04 1.230786e+04 2.593203e+02 1.595152e+04 1.545820e+07
<GCONST> 6.509586e+01
<MIXTURE> 9 9.211194e-02
<MEAN> 6
 9.208263e+01 -2.895652e+01 -1.326667e+02 -8.679001e-01 3.431485e+00 -3.158210e+01
<VARIANCE> 6
 3.612673e+01 1.256920e+04 1.230786e+04 2.593203e+02 1.595152e+04 1.545820e+07
<GCONST> 6.526031e+01
<MIXTURE> 10 7.669944e-02
<MEAN> 6
 9.463471e+01 -3.481997e+02 -5.489387e+02 -1.425620e+00 -6.332742e+00 1.242094e+02
<VARIANCE> 6
 3.129757e+01 1.230843e+04 1.230786e+04 2.593203e+02 1.595152e+04 1.545820e+07
<GCONST> 6.509586e+01
<MIXTURE> 11 9.244498e-02
<MEAN> 6
 9.168231e+01 -6.166392e+02 2.034693e+02 -4.562818e-01 -1.381864e+01 6.289006e+01
<VARIANCE> 6
 3.129757e+01 8.180793e+04 4.411766e+04 2.593203e+02 1.595152e+04 1.545820e+07
<GCONST> 6.826657e+01
<MIXTURE> 12 8.554216e-02
<MEAN> 6
 9.262524e+01 -9.256972e+01 9.358254e+01 3.569449e-01 4.425871e+00 -8.904963e+01
<VARIANCE> 6
 3.129757e+01 1.230843e+04 1.230786e+04 2.593203e+02 1.595152e+04 1.545820e+07
<GCONST> 6.509586e+01
<MIXTURE> 13 6.611202e-02
<MEAN> 6
 9.333636e+01 -5.707305e+02 -5.274490e+02 2.376359e+00 -3.681988e+00 -1.528449e+02
<VARIANCE> 6
 3.129757e+01 1.230843e+04 1.230786e+04 2.593203e+02 1.595152e+04 1.545820e+07
<GCONST> 6.509586e+01
<STATE> 5
<NUMMIXES> 13
<MIXTURE> 1 3.264171e-02
<MEAN> 6
 7.130430e+01 6.102256e+02 -1.168982e+03 -4.066405e+00 -8.921518e+00 6.881551e+01
<VARIANCE> 6
 3.129757e+01 7.257974e+04 1.230786e+04 2.593203e+02 1.595152e+04 1.545820e+07
<GCONST> 6.687026e+01
<MIXTURE> 2 7.112641e-02
<MEAN> 6
 8.722593e+01 -1.459182e+02 -8.725070e+02 -3.587748e+00 -9.786240e+00 -1.037931e+02
<VARIANCE> 6
 3.129757e+01 1.230843e+04 1.230786e+04 2.593203e+02 1.595152e+04 1.545820e+07
<GCONST> 6.509586e+01
<MIXTURE> 3 1.090390e-01
<MEAN> 6
 6.782695e+01 9.949762e+00 -9.419485e+02 -9.612105e-01 -2.653836e+00 -5.239926e+01
<VARIANCE> 6
 3.129757e+01 1.230843e+04 1.230786e+04 2.593203e+02 1.595152e+04 1.545820e+07
<GCONST> 6.509586e+01
<MIXTURE> 4 2.385910e-02
<MEAN> 6
 7.814980e+01 -1.611837e+02 -6.527871e+02 5.678411e-01 1.355701e+02 8.428123e+02
<VARIANCE> 6
 7.579591e+01 1.679071e+05 1.998077e+05 1.388483e+03 1.425674e+05 5.268977e+07
<GCONST> 7.647505e+01
<MIXTURE> 5 9.526832e-02
<MEAN> 6
 6.580430e+01 -2.686581e+02 -1.275451e+03 3.218908e+00 -1.336562e+01 1.254331e+02
<VARIANCE> 6
 3.129757e+01 1.230843e+04 1.230786e+04 2.593203e+02 1.595152e+04 1.545820e+07
<GCONST> 6.509586e+01
<MIXTURE> 6 7.255745e-02
<MEAN> 6
 6.753569e+01 -2.012173e-01 -8.935402e+02 -6.343433e-01 -3.189534e+00 -8.036345e+01
<VARIANCE> 6
 3.129757e+01 1.230843e+04 1.230786e+04 2.593203e+02 1.595152e+04 1.545820e+07
<GCONST> 6.509586e+01
<MIXTURE> 7 1.014334e-01
<MEAN> 6
 7.216106e+01 -4.321329e+02 -8.155073e+02 -1.774376e+00 7.667013e-02 -4.840086e+01
<VARIANCE> 6
 3.129757e+01 1.230843e+04 1.230786e+04 2.593203e+02 1.595152e+04 1.545820e+07
<GCONST> 6.509586e+01
<MIXTURE> 8 6.453189e-02
<MEAN> 6
 7.558382e+01 1.954539e+02 -1.349986e+03 1.346330e+00 2.558535e+01 8.995507e+01
<VARIANCE> 6
 3.129757e+01 1.230843e+04 1.230786e+04 2.593203e+02 1.595152e+04 1.545820e+07
<GCONST> 6.509586e+01
<MIXTURE> 9 7.436360e-02
<MEAN> 6
 6.389285e+01 -1.558870e+02 -9.394521e+02 2.217832e+00 -1.672832e+01 -7.386527e+01
<VARIANCE> 6
 3.129757e+01 1.230843e+04 1.230786e+04 2.593203e+02 1.595152e+04 1.545820e+07
<GCONST> 6.509586e+01
<MIXTURE> 10 1.157896e-01
<MEAN> 6
 7.042573e+01 5.371881e+01 -1.051443e+03 -2.547280e+00 -7.236837e+00 7.379840e+00
<VARIANCE> 6
 3.129757e+01 1.230843e+04 1.230786e+04 2.593203e+02 1.595152e+04 1.545820e+07
<GCONST> 6.509586e+01
<MIXTURE> 11 1.017547e-01
<MEAN> 6
 7.214542e+01 -4.327840e+02 -8.153439e+02 -1.718219e+00 -1.038494e+00 -5.268963e+01
<VARIANCE> 6
 3.129757e+01 1.230843e+04 1.230786e+04 2.593203e+02 1.595152e+04 1.545820e+07
<GCONST> 6.509586e+01
<MIXTURE> 12 7.221801e-02
<MEAN> 6
 6.738902e+01 -8.023858e+00 -9.081408e+02 -6.539240e-01 -3.469579e+00 -7.644648e+01
<VARIANCE> 6
 3.129757e+01 1.230843e+04 1.230786e+04 2.593203e+02 1.595152e+04 1.545820e+07
<GCONST> 6.509586e+01
<MIXTURE> 13 6.538434e-02
<MEAN> 6
 7.546472e+01 1.594743e+02 -1.396468e+03 1.374267e+00 -1.686588e+00 -1.056988e+02
<VARIANCE> 6
 3.129757e+01 1.230843e+04 1.230786e+04 2.593203e+02 1.595152e+04 1.545820e+07
<GCONST> 6.509586e+01
<STATE> 6
<NUMMIXES> 13
<MIXTURE> 1 1.172541e-01
<MEAN> 6
 1.061662e+02 1.759460e+03 4.961690e+02 -4.145989e+00 -6.875797e-01 3.577056e+00
<VARIANCE> 6
 3.129757e+01 7.879181e+04 2.518447e+04 2.593203e+02 1.595152e+04 1.545820e+07
<GCONST> 6.766837e+01
<MIXTURE> 2 7.385366e-02
<MEAN> 6
 9.865810e+01 8.286586e+02 2.964867e+02 -4.700613e+00 -3.074919e+00 6.657212e+01
<VARIANCE> 6
 3.129757e+01 1.230843e+04 1.230786e+04 2.593203e+02 1.595152e+04 1.545820e+07
<GCONST> 6.509586e+01
<MIXTURE> 3 8.323655e-02
<MEAN> 6
 8.748893e+01 4.976891e+02 4.557643e+02 -4.743476e-01 -3.720564e+00 5.539146e+01
<VARIANCE> 6
 3.129757e+01 1.230843e+04 1.230786e+04 2.593203e+02 1.595152e+04 1.545820e+07
<GCONST> 6.509586e+01
<MIXTURE> 4 6.137461e-02
<MEAN> 6
 9.128091e+01 7.863231e+02 1.822169e+02 -2.345026e+00 7.082615e+00 5.391930e+00
<VARIANCE> 6
 3.129757e+01 1.062898e+05 1.230786e+04 2.593203e+02 1.595152e+04 1.545820e+07
<GCONST> 6.725175e+01
<MIXTURE> 5 5.701985e-02
<MEAN> 6
 9.449983e+01 1.998266e+02 1.109667e+02 -3.426427e+00 6.529244e+00 -5.042747e+02
<VARIANCE> 6
 3.129757e+01 1.230843e+04 1.230786e+04 3.152652e+02 9.071176e+04 3.716794e+07
<GCONST> 6.790665e+01
<MIXTURE> 6 6.971455e-02
<MEAN> 6
 9.041935e+01 1.551380e+02 1.757718e+02 -3.112143e+00 -1.343031e+01 3.445054e+01
<VARIANCE> 6
 3.129757e+01 1.230843e+04 1.230786e+04 2.593203e+02 1.595152e+04 1.545820e+07
<GCONST> 6.509586e+01
<MIXTURE> 7 9.056148e-02
<MEAN> 6
 9.269685e+01 8.193464e+02 2.012976e+02 -2.854479e+00 6.982576e-01 3.715124e+01
<VARIANCE> 6
 3.129757e+01 1.230843e+04 1.230786e+04 2.593203e+02 1.595152e+04 1.545820e+07
<GCONST> 6.509586e+01
<MIXTURE> 8 8.076888e-02
<MEAN> 6
 8.713217e+01 3.067755e+02 4.092422e+02 1.833004e+00 5.126033e-01 -8.376677e+01
<VARIANCE> 6
 3.129757e+01 1.230843e+04 1.230786e+04 2.593203e+02 1.595152e+04 1.545820e+07
<GCONST> 6.509586e+01
<MIXTURE> 9 6.677603e-02
<MEAN> 6
 9.353984e+01 1.051212e+03 1.066973e+03 -3.322910e+00 -1.464321e+00 8.444668e+01
<VARIANCE> 6
 3.129757e+01 2.810814e+04 1.046812e+05 2.593203e+02 1.595152e+04 1.545820e+07
<GCONST> 6.806232e+01
<MIXTURE> 10 7.038937e-02
<MEAN> 6
 9.024963e+01 1.461655e+02 1.830629e+02 -3.072312e+00 -1.121714e+01 1.486591e+01
<VARIANCE> 6
 3.129757e+01 1.230843e+04 1.230786e+04 2.593203e+02 1.595152e+04 1.545820e+07
<GCONST> 6.509586e+01
<MIXTURE> 11 8.980439e-02
<MEAN> 6
 9.290388e+01 7.648136e+02 1.911720e+02 -3.055338e+00 3.474574e-01 4.042074e+01
<VARIANCE> 6
 3.129757e+01 1.333386e+04 1.230786e+04 2.593203e+02 1.595152e+04 1.545820e+07
<GCONST> 6.517588e+01
<MIXTURE> 12 7.995148e-02
<MEAN> 6
 8.710987e+01 2.927421e+02 3.977115e+02 2.368296e+00 2.347979e+00 -1.518488e+02
<VARIANCE> 6
 3.129757e+01 1.230843e+04 1.230786e+04 2.593203e+02 1.595152e+04 1.545820e+07
<GCONST> 6.509586e+01
<MIXTURE> 13 5.928147e-02
<MEAN> 6
 8.988657e+01 6.078662e+02 1.538060e+02 -2.441899e+00 -6.132317e+00 -1.245911e+02
<VARIANCE> 6
 3.129757e+01 1.446865e+05 1.230786e+04 2.593203e+02 1.595152e+04 1.545820e+07
<GCONST> 6.756014e+01
<STATE> 7
<NUMMIXES> 13
<MIXTURE> 1 1.076228e-01
<MEAN> 6
 8.503190e+01 1.425005e+03 -2.776825e+02 -1.977421e+00 1.585697e+01 -5.601723e+01
<VARIANCE> 6
 3.129757e+01 8.121438e+04 2.266374e+04 2.593203e+02 1.595152e+04 1.545820e+07
<GCONST> 6.759319e+01
<MIXTURE> 2 2.737215e-02
<MEAN> 6
 9.321700e+01 1.958678e+03 -5.058630e+02 -5.498652e+00 -4.203416e+01 1.443979e+03
<VARIANCE> 6
 3.129757e+01 4.698298e+04 1.339170e+04 2.593203e+02 5.594839e+04 3.282428e+07
<GCONST> 6.852766e+01
<MIXTURE> 3 8.632811e-02
<MEAN> 6
 1.185357e+02 -4.539154e+02 2.261213e+03 -1.656736e+00 -8.659508e+00 2.279048e+01
<VARIANCE> 6
 3.129757e+01 1.230843e+04 1.230786e+04 2.593203e+02 1.595152e+04 1.545820e+07
<GCONST> 6.509586e+01
<MIXTURE> 4 7.781123e-02
<MEAN> 6
 1.162573e+02 -4.857278e+02 2.601745e+03 -1.063380e+00 5.442662e-01 -9.924663e+00
<VARIANCE> 6
 3.129757e+01 1.230843e+04 1.230786e+04 2.593203e+02 1.595152e+04 1.545820e+07
<GCONST> 6.509586e+01
<MIXTURE> 5 2.383359e-02
<MEAN> 6
 7.206927e+01 -1.272633e+02 -4.332548e+02 -1.873450e+01 -5.239327e+02 -1.070165e+04
<VARIANCE> 6
 9.024902e+01 9.783084e+04 2.214855e+05 2.613022e+02 6.673973e+04 3.230220e+07
<GCONST> 7.329382e+01
<MIXTURE> 6 9.077848e-02
<MEAN> 6
 8.931468e+01 1.020841e+03 -5.736211e+02 -2.715554e+00 -5.569710e+00 4.591089e+01
<VARIANCE> 6
 3.508798e+01 1.230843e+04 1.267459e+04 2.593203e+02 1.595152e+04 1.545820e+07
<GCONST> 6.523954e+01
<MIXTURE> 7 1.291393e-01
<MEAN> 6
 6.213529e+01 5.236226e+02 -6.308470e+02 8.252468e-01 5.914649e+00 3.198647e+01
<VARIANCE> 6
 3.129757e+01 3.785943e+04 1.230786e+04 2.593203e+02 1.595152e+04 1.545820e+07
<GCONST> 6.621946e+01
<MIXTURE> 8 6.835182e-02
<MEAN> 6
 8.462234e+01 6.598413e+02 -6.026859e+02 -2.364799e-01 2.313049e+01 1.331326e+01
<VARIANCE> 6
 3.129757e+01 2.905717e+04 1.230786e+04 2.593203e+02 1.851479e+04 1.545820e+07
<GCONST> 6.610385e+01
<MIXTURE> 9 8.750187e-02
<MEAN> 6
 7.950269e+01 2.078394e+02 -6.971073e+02 9.804904e-01 9.726007e+00 -6.466714e+01
<VARIANCE> 6
 3.129757e+01 1.230843e+04 1.230786e+04 2.593203e+02 1.595152e+04 1.545820e+07
<GCONST> 6.509586e+01
<MIXTURE> 10 9.004153e-02
<MEAN> 6
 7.938354e+01 2.014320e+02 -6.985042e+02 8.346689e-01 7.816126e+00 -5.536390e+01
<VARIANCE> 6
 3.129757e+01 1.230843e+04 1.230786e+04 2.593203e+02 1.595152e+04 1.545820e+07
<GCONST> 6.509586e+01
<MIXTURE> 11 5.459884e-02
<MEAN> 6
 6.981514e+01 7.821796e+01 -6.716442e+02 -5.069489e-01 -1.155877e+01 -2.703891e+02
<VARIANCE> 6
 3.129757e+01 1.230843e+04 1.230786e+04 2.593203e+02 1.595152e+04 1.545820e+07
<GCONST> 6.509586e+01
<MIXTURE> 12 8.750820e-02
<MEAN> 6
 7.933251e+01 1.990134e+02 -6.989312e+02 7.796879e-01 7.148095e+00 -5.213775e+01
<VARIANCE> 6
 3.129757e+01 1.230843e+04 1.230786e+04 2.593203e+02 1.595152e+04 1.545820e+07
<GCONST> 6.509586e+01
<MIXTURE> 13 6.909790e-02
<MEAN> 6
 8.447355e+01 5.885845e+02 -6.078293e+02 -1.058097e+00 -1.402907e+01 4.354983e+01
<VARIANCE> 6
 3.129757e+01 2.494309e+04 1.230786e+04 2.593203e+02 1.595152e+04 1.545820e+07
<GCONST> 6.580217e+01
<STATE> 8
<NUMMIXES> 13
<MIXTURE> 1 1.003483e-01
<MEAN> 6
 9.019010e+01 -1.404496e+03 8.258813e+02 -1.464500e-01 3.316378e+00 4.298811e+01
<VARIANCE> 6
 3.129757e+01 1.230843e+04 1.230786e+04 2.593203e+02 1.595152e+04 1.545820e+07
<GCONST> 6.509586e+01
<MIXTURE> 2 1.091334e-01
<MEAN> 6
 7.532505e+01 -3.565274e+02 3.813615e+02 7.369744e-01 3.669214e+00 -8.301765e+01
<VARIANCE> 6
 3.129757e+01 1.230843e+04 1.230786e+04 2.593203e+02 1.595152e+04 1.545820e+07
<GCONST> 6.509586e+01
<MIXTURE> 3 7.339323e-02
<MEAN> 6
 7.275190e+01 -7.372194e+02 -1.976405e+02 -4.207857e+00 -1.569530e+01 1.795281e+02
<VARIANCE> 6
 3.129757e+01 1.925858e+04 1.230786e+04 2.593203e+02 1.595152e+04 1.545820e+07
<GCONST> 6.554353e+01
<MIXTURE> 4 8.882219e-02
<MEAN> 6
 6.066703e+01 -4.714880e+02 -4.983283e+02 -1.251225e-01 9.004863e+00 -4.588166e+01
<VARIANCE> 6
 3.129757e+01 1.230843e+04 1.230786e+04 2.593203e+02 1.595152e+04 1.545820e+07
<GCONST> 6.509586e+01
<MIXTURE> 5 5.284939e-03
<MEAN> 6
 7.188470e+01 -2.483081e+02 -1.367992e+02 -6.187631e+00 2.068923e+02 -7.741333e+02
<VARIANCE> 6
 1.668214e+02 3.777640e+05 2.053585e+05 7.661202e+02 1.925062e+05 9.411170e+07
<GCONST> 7.838794e+01
<MIXTURE> 6 5.276407e-02
<MEAN> 6
 6.886929e+01 -7.730944e+02 -1.058720e+03 -1.325680e+00 -1.119682e+00 -3.548507e+01
<VARIANCE> 6
 3.129757e+01 1.230843e+04 2.164114e+04 2.593203e+02 1.595152e+04 1.545820e+07
<GCONST> 6.566022e+01
<MIXTURE> 7 9.393097e-02
<MEAN> 6
 7.289095e+01 -7.860954e+02 -6.215085e+02 -3.139468e+00 2.129063e+00 -1.136796e+02
<VARIANCE> 6
 3.129757e+01 1.230843e+04 1.230786e+04 2.593203e+02 1.595152e+04 1.545820e+07
<GCONST> 6.509586e+01
<MIXTURE> 8 1.066896e-01
<MEAN> 6
 6.463830e+01 -4.749309e+02 3.463335e+02 8.913999e-01 1.798201e+00 -1.447909e+02
<VARIANCE> 6
 3.129757e+01 1.230843e+04 1.230786e+04 2.593203e+02 1.595152e+04 1.545820e+07
<GCONST> 6.509586e+01
<MIXTURE> 9 1.022383e-01
<MEAN> 6
 6.488578e+01 -5.195432e+02 -5.569410e+02 -1.614081e+00 4.056533e+00 -3.752591e+01
<VARIANCE> 6
 3.129757e+01 1.230843e+04 1.230786e+04 2.593203e+02 1.595152e+04 1.545820e+07
<GCONST> 6.509586e+01
<MIXTURE> 10 6.003867e-02
<MEAN> 6
 7.492746e+01 -1.025365e+03 3.089016e+02 1.345853e+00 4.377858e+01 -7.671484e+01
<VARIANCE> 6
 3.129757e+01 1.657172e+04 8.642809e+04 2.593203e+02 1.595152e+04 1.545820e+07
<GCONST> 6.734235e+01
<MIXTURE> 11 7.296588e-02
<MEAN> 6
 7.347672e+01 -8.732917e+02 -5.954269e+02 -3.313146e+00 -4.029049e+00 -4.444110e+01
<VARIANCE> 6
 3.129757e+01 2.580868e+04 1.230786e+04 2.593203e+02 1.595152e+04 1.545820e+07
<GCONST> 6.583629e+01
<MIXTURE> 12 7.277127e-02
<MEAN> 6
 7.303798e+01 -7.627506e+02 -1.962621e+02 -3.925162e+00 -1.332695e+01 2.113662e+02
<VARIANCE> 6
 3.129757e+01 1.928516e+04 1.230786e+04 2.593203e+02 1.595152e+04 1.545820e+07
<GCONST> 6.554491e+01
<MIXTURE> 13 6.158723e-02
<MEAN> 6
 7.512811e+01 -1.067025e+03 1.913976e+02 9.768499e-01 -7.244125e+00 -4.425693e+02
<VARIANCE> 6
 3.129757e+01 1.230843e+04 7.076786e+04 2.593203e+02 1.595152e+04 1.545820e+07
<GCONST> 6.684502e+01
<STATE> 9
<NUMMIXES> 13
<MIXTURE> 1 8.003069e-02
<MEAN> 6
 1.148030e+02 -9.619736e+01 -4.530777e+02 -4.145349e+00 6.742824e-01 -4.920285e+01
<VARIANCE> 6
 3.129757e+01 1.152538e+05 1.230786e+04 2.593203e+02 1.595152e+04 1.545820e+07
<GCONST> 6.733271e+01
<MIXTURE> 2 6.363831e-02
<MEAN> 6
 7.588344e+01 2.871073e+03 4.624687e+02 -1.544492e+00 -7.933803e+00 -5.158569e+01
<VARIANCE> 6
 3.129757e+01 1.230843e+04 1.230786e+04 2.593203e+02 1.595152e+04 1.545820e+07
<GCONST> 6.509586e+01
<MIXTURE> 3 1.084703e-01
<MEAN> 6
 8.762814e+01 1.130688e+03 -1.152527e+03 -2.989676e+00 5.502505e-01 -1.629236e+01
<VARIANCE> 6
 3.129757e+01 1.230843e+04 2.599890e+04 2.593203e+02 1.595152e+04 1.545820e+07
<GCONST> 6.584367e+01
<MIXTURE> 4 8.713228e-02
<MEAN> 6
 1.124803e+02 -1.727445e+03 4.195888e+02 -1.459924e+01 -1.200685e+01 -2.072131e+02
<VARIANCE> 6
 2.966851e+02 2.694481e+05 8.323553e+04 3.554187e+02 1.595152e+04 1.545820e+07
<GCONST> 7.265775e+01
<MIXTURE> 5 8.415521e-02
<MEAN> 6
 9.034573e+01 -9.847758e+01 -3.124233e+03 -7.251203e+00 5.349577e+00 8.827585e+01
<VARIANCE> 6
 6.247152e+01 1.230843e+04 1.230786e+04 2.593203e+02 2.046045e+04 1.545820e+07
<GCONST> 6.603597e+01
<MIXTURE> 6 1.022295e-01
<MEAN> 6
 9.924525e+01 -3.764382e+03 3.065261e+00 -4.124073e+00 1.304309e+01 3.154643e+00
<VARIANCE> 6
 3.129757e+01 1.192282e+05 1.230786e+04 2.593203e+02 1.595152e+04 1.545820e+07
<GCONST> 6.736662e+01
<MIXTURE> 7 1.008907e-01
<MEAN> 6
 7.895255e+01 2.618049e+03 -2.104456e+02 -1.355968e+00 1.344168e+00 -8.126814e+01
<VARIANCE> 6
 3.129757e+01 7.823505e+04 1.230786e+04 2.593203e+02 1.595152e+04 1.545820e+07
<GCONST> 6.694530e+01
<MIXTURE> 8 5.564678e-02
<MEAN> 6
 1.000370e+02 -2.525844e+03 -2.303402e+02 -2.900441e+00 3.244853e-01 -2.360352e+00
<VARIANCE> 6
 3.129757e+01 2.856757e+05 1.230786e+04 2.593203e+02 1.595152e+04 1.545820e+07
<GCONST> 6.824043e+01
<MIXTURE> 9 7.459919e-02
<MEAN> 6
 7.787592e+01 -1.790876e+03 -7.910857e+02 8.501704e-01 -1.871529e+00 -2.012490e+02
<VARIANCE> 6
 3.129757e+01 4.581335e+04 1.230786e+04 2.593203e+02 1.595152e+04 1.545820e+07
<GCONST> 6.641015e+01
<MIXTURE> 10 9.322371e-02
<MEAN> 6
 8.878370e+01 1.013648e+03 -2.212310e+03 4.385733e-01 -1.516159e+01 2.735428e+01
<VARIANCE> 6
 3.129757e+01 1.230843e+04 2.121477e+04 2.593203e+02 1.595152e+04 1.545820e+07
<GCONST> 6.564032e+01
<MIXTURE> 11 3.879514e-02
<MEAN> 6
 7.648359e+01 -3.343273e+02 -2.678258e+03 -1.019971e+00 -2.481772e+00 -1.971116e+02
<VARIANCE> 6
 3.129757e+01 1.230843e+04 1.230786e+04 2.593203e+02 3.093439e+04 2.746536e+07
<GCONST> 6.633296e+01
<MIXTURE> 12 5.583077e-02
<MEAN> 6
 7.566025e+01 2.849587e+03 4.551926e+02 -3.244656e+00 -2.449802e+01 -5.233622e+01
<VARIANCE> 6
 3.129757e+01 1.230843e+04 1.230786e+04 2.593203e+02 1.595152e+04 1.545820e+07
<GCONST> 6.509586e+01
<MIXTURE> 13 5.535874e-02
<MEAN> 6
 1.009959e+02 -2.641977e+03 -2.381920e+02 -2.388116e+00 -1.283342e+01 -3.724557e+02
<VARIANCE> 6
 3.129757e+01 2.506983e+05 1.230786e+04 2.593203e+02 1.595152e+04 1.545820e+07
<GCONST> 6.810983e+01
<STATE> 10
<NUMMIXES> 13
<MIXTURE> 1 7.619832e-02
<MEAN> 6
 6.540884e+01 9.329379e+02 -1.441759e+02 -3.180837e-01 1.597366e+00 3.211387e-01
<VARIANCE> 6
 3.129757e+01 1.230843e+04 1.230786e+04 2.593203e+02 1.595152e+04 1.545820e+07
<GCONST> 6.509586e+01
<MIXTURE> 2 8.503511e-02
<MEAN> 6
 5.709322e+01 -1.281470e+03 -5.628032e+02 3.383131e+00 -7.492424e+00 2.491673e+01
<VARIANCE> 6
 3.129757e+01 4.767992e+04 2.471676e+04 2.593203e+02 1.595152e+04 1.545820e+07
<GCONST> 6.714733e+01
<MIXTURE> 3 2.268716e-02
<MEAN> 6
 6.521089e+01 1.999690e+02 -3.172961e+02 9.519982e+00 -1.808678e+02 -3.197570e+03
<VARIANCE> 6
 3.129757e+01 1.620016e+04 1.306289e+04 4.517617e+02 9.192927e+04 3.385161e+07
<GCONST> 6.852054e+01
<MIXTURE> 4 6.546827e-02
<MEAN> 6
 6.478954e+01 -7.642895e+01 -2.271234e+02 3.729269e-01 3.293288e+00 3.496452e+00
<VARIANCE> 6
 3.129757e+01 1.230843e+04 1.230786e+04 2.593203e+02 1.595152e+04 1.545820e+07
<GCONST> 6.509586e+01
<MIXTURE> 5 1.200935e-01
<MEAN> 6
 6.557944e+01 4.974767e+02 -1.554143e+02 -4.676432e-02 3.022256e+00 -2.078219e+02
<VARIANCE> 6
 3.129757e+01 1.230843e+04 1.230786e+04 2.593203e+02 1.595152e+04 1.545820e+07
<GCONST> 6.509586e+01
<MIXTURE> 6 6.740381e-02
<MEAN> 6
 5.914046e+01 -4.231115e+02 -2.165577e+02 2.568625e-01 -4.586241e+00 -1.176815e+02
<VARIANCE> 6
 3.129757e+01 1.230843e+04 1.230786e+04 2.593203e+02 1.595152e+04 1.545820e+07
<GCONST> 6.509586e+01
<MIXTURE> 7 7.997786e-02
<MEAN> 6
 6.382349e+01 1.594671e+02 -2.932318e+02 2.275790e+00 5.735447e+00 1.044753e+02
<VARIANCE> 6
 3.129757e+01 2.218718e+04 1.230786e+04 2.593203e+02 1.595152e+04 1.545820e+07
<GCONST> 6.568509e+01
<MIXTURE> 8 5.871681e-02
<MEAN> 6
 6.128789e+01 3.909716e+02 -2.378650e+02 8.496915e-01 3.930139e+00 -9.508893e+01
<VARIANCE> 6
 5.116277e+01 1.230843e+04 1.230786e+04 2.593203e+02 1.595152e+04 1.545820e+07
<GCONST> 6.558733e+01
<MIXTURE> 9 1.415946e-01
<MEAN> 6
 6.472442e+01 -9.352734e+01 -2.412552e+02 3.788323e-01 -5.382720e-01 -2.776622e+01
<VARIANCE> 6
 3.129757e+01 1.230843e+04 1.230786e+04 2.593203e+02 1.595152e+04 1.545820e+07
<GCONST> 6.509586e+01
<MIXTURE> 10 6.619839e-02
<MEAN> 6
 6.541484e+01 8.781725e+02 -1.406615e+02 -7.216133e-01 -9.068405e-01 -9.850018e+01
<VARIANCE> 6
 3.129757e+01 1.776832e+04 1.230786e+04 2.593203e+02 1.595152e+04 1.545820e+07
<GCONST> 6.546299e+01
<MIXTURE> 11 8.351085e-02
<MEAN> 6
 5.395931e+01 4.272651e+02 -2.319326e+02 8.893097e-01 3.217360e+00 -5.964042e+01
<VARIANCE> 6
 3.129757e+01 1.230843e+04 1.230786e+04 2.593203e+02 1.595152e+04 1.545820e+07
<GCONST> 6.509586e+01
<MIXTURE> 12 6.751918e-02
<MEAN> 6
 5.908281e+01 -4.303798e+02 -2.183008e+02 3.168781e-01 -4.209895e+00 -1.099636e+02
<VARIANCE> 6
 3.129757e+01 1.230843e+04 1.230786e+04 2.593203e+02 1.595152e+04 1.545820e+07
<GCONST> 6.509586e+01
<MIXTURE> 13 6.557517e-02
<MEAN> 6
 6.456518e+01 -1.105978e+02 -2.560990e+02 3.839740e-01 -4.022558e+00 -7.214861e+01
<VARIANCE> 6
 3.129757e+01 1.230843e+04 1.230786e+04 2.593203e+02 1.595152e+04 1.545820e+07
<GCONST> 6.509586e+01
<STATE> 11
<NUMMIXES> 13
<MIXTURE> 1 8.161890e-02
<MEAN> 6
 7.922296e+01 1.491863e+03 4.569963e+02 -1.533565e+00 -5.602746e+00 -1.888794e+02
<VARIANCE> 6
 3.129757e+01 1.442011e+04 1.230786e+04 2.593203e+02 1.595152e+04 1.545820e+07
<GCONST> 6.525420e+01
<MIXTURE> 2 9.107299e-02
<MEAN> 6
 7.045643e+01 9.626925e+02 6.884749e+02 6.512890e-01 2.131984e+00 -4.659882e+01
<VARIANCE> 6
 3.129757e+01 3.282687e+04 1.230786e+04 2.593203e+02 1.595152e+04 1.545820e+07
<GCONST> 6.607682e+01
<MIXTURE> 3 6.518287e-02
<MEAN> 6
 8.255876e+01 6.302876e+02 1.048275e+03 -5.682661e+00 3.128469e+00 -1.003125e+00
<VARIANCE> 6
 3.129757e+01 1.230843e+04 1.230786e+04 2.593203e+02 1.595152e+04 1.545820e+07
<GCONST> 6.509586e+01
<MIXTURE> 4 8.399288e-02
<MEAN> 6
 9.066205e+01 -1.500419e+01 6.241494e+02 -2.264180e+00 -7.409793e-01 -1.516564e+02
<VARIANCE> 6
 3.129757e+01 1.230843e+04 1.230786e+04 2.593203e+02 1.595152e+04 1.545820e+07
<GCONST> 6.509586e+01
<MIXTURE> 5 6.850391e-02
<MEAN> 6
 6.831846e+01 4.714774e+02 2.062945e+02 1.051637e+01 -9.416899e+00 5.483060e+01
<VARIANCE> 6
 4.182385e+01 1.230843e+04 1.230786e+04 2.593203e+02 1.595152e+04 1.545820e+07
<GCONST> 6.538579e+01
<MIXTURE> 6 5.846643e-02
<MEAN> 6
 7.423348e+01 3.831307e+02 7.816519e+02 -1.575703e+00 -1.650790e+00 -3.194892e+01
<VARIANCE> 6
 3.129757e+01 1.230843e+04 1.735821e+04 2.593203e+02 1.595152e+04 1.545820e+07
<GCONST> 6.543969e+01
<MIXTURE> 7 1.129341e-01
<MEAN> 6
 8.272977e+01 1.039332e+03 3.253229e+02 -1.178912e+00 -2.026568e+00 -9.832903e+01
<VARIANCE> 6
 3.129757e+01 1.230843e+04 1.230786e+04 2.593203e+02 1.595152e+04 1.545820e+07
<GCONST> 6.509586e+01
<MIXTURE> 8 6.000378e-02
<MEAN> 6
 7.936956e+01 6.025466e+02 4.505168e+02 -2.609407e-01 -1.480196e+00 -3.050881e+01
<VARIANCE> 6
 3.129757e+01 1.230843e+04 1.230786e+04 2.593203e+02 1.595152e+04 1.545820e+07
<GCONST> 6.509586e+01
<MIXTURE> 9 1.125634e-01
<MEAN> 6
 7.721743e+01 4.065959e+02 5.518725e+01 8.193336e-01 -9.696037e+00 -1.914378e+02
<VARIANCE> 6
 3.129757e+01 1.230843e+04 1.385320e+04 2.593203e+02 1.595152e+04 1.545820e+07
<GCONST> 6.521413e+01
<MIXTURE> 10 9.619708e-02
<MEAN> 6
 8.253577e+01 -5.843265e+01 4.815098e+02 -3.572483e+00 2.107594e+00 -9.141335e+01
<VARIANCE> 6
 3.129757e+01 1.230843e+04 1.230786e+04 2.593203e+02 1.595152e+04 1.545820e+07
<GCONST> 6.509586e+01
<MIXTURE> 11 5.174946e-02
<MEAN> 6
 7.076302e+01 9.227766e+02 6.841982e+02 2.011040e-01 1.712422e+00 -6.003583e+01
<VARIANCE> 6
 3.129757e+01 9.249659e+04 1.230786e+04 2.593203e+02 1.595152e+04 1.545820e+07
<GCONST> 6.711275e+01
<MIXTURE> 12 5.992168e-02
<MEAN> 6
 7.937678e+01 6.024194e+02 4.499358e+02 -2.607080e-01 -1.411355e+00 -2.978623e+01
<VARIANCE> 6
 3.129757e+01 1.230843e+04 1.230786e+04 2.593203e+02 1.595152e+04 1.545820e+07
<GCONST> 6.509586e+01
<MIXTURE> 13 5.776679e-02
<MEAN> 6
 7.301565e+01 3.338929e+02 6.853858e+02 -2.155185e+00 -1.184865e+01 -1.502367e+02
<VARIANCE> 6
 3.129757e+01 1.230843e+04 1.459519e+04 2.593203e+02 1.595152e+04 1.545820e+07
<GCONST> 6.526631e+01
<STATE> 12
<NUMMIXES> 13
<MIXTURE> 1 4.405106e-03
<MEAN> 6
 3.004139e+00 -4.869076e+02 4.204669e+01 4.617272e+01 -2.520516e+02 9.880287e+03
<VARIANCE> 6
 9.652451e+03 6.706163e+05 1.119763e+06 1.704252e+06 9.409289e+08 1.365054e+12
<GCONST> 1.105000e+02
<MIXTURE> 2 6.282531e-02
<MEAN> 6
 2.825200e+01 1.664040e+02 8.584135e+01 2.507363e+02 1.258939e+01 -2.151787e+03
<VARIANCE> 6
 7.798698e+02 2.266545e+05 1.318628e+05 7.298305e+03 2.156380e+05 7.373571e+07
<GCONST> 8.109984e+01
<MIXTURE> 3 9.557088e-02
<MEAN> 6
 2.114364e+01 -1.802771e+00 7.859380e+01 -2.966896e+02 -2.517240e+02 8.421786e+03
<VARIANCE> 6
 6.588774e+02 1.381711e+05 2.231047e+05 9.912404e+03 7.683046e+05 2.839028e+08
<GCONST> 8.388707e+01
<MIXTURE> 4 5.416485e-02
<MEAN> 6
 9.886437e+01 2.305395e+02 8.443387e+01 -3.781528e+00 -6.010711e+00 -2.307382e+02
<VARIANCE> 6
 5.595245e+02 1.072599e+06 4.333728e+05 2.593203e+02 1.595152e+04 1.545820e+07
<GCONST> 7.600832e+01
<MIXTURE> 5 4.431501e-02
<MEAN> 6
 3.547740e+01 3.419587e+01 6.882242e+01 -5.082775e+01 -2.512252e+02 4.810881e+03
<VARIANCE> 6
 5.416654e+03 1.351171e+06 1.196741e+06 9.087430e+04 6.703883e+06 4.057621e+09
<GCONST> 9.699538e+01
<MIXTURE> 6 7.437522e-02
<MEAN> 6
 8.455193e+01 1.095202e+00 2.060798e+02 -9.242661e+00 -4.469258e+02 -6.684605e+01
<VARIANCE> 6
 4.387020e+02 1.046822e+05 3.409982e+05 1.750857e+04 1.420195e+05 5.556408e+07
<GCONST> 8.087662e+01
<MIXTURE> 7 9.853833e-02
<MEAN> 6
 -3.361299e+01 8.543040e+01 -7.075865e-01 3.266929e+01 9.101451e+02 -1.577360e+03
<VARIANCE> 6
 3.083773e+02 9.533370e+04 2.954177e+04 3.548968e+04 2.843677e+05 1.324139e+08
<GCONST> 8.025375e+01
<MIXTURE> 8 1.161850e-01
<MEAN> 6
 9.494384e+01 -9.728191e+01 -5.975327e-01 2.317169e+01 -8.543708e+02 -1.361044e+03
<VARIANCE> 6
 5.193444e+02 5.099029e+05 1.678710e+05 2.530869e+04 1.273174e+06 5.565386e+08
<GCONST> 8.678593e+01
<MIXTURE> 9 1.085001e-01
<MEAN> 6
 -5.153455e+01 8.279900e+01 -1.514469e+01 1.383438e+01 3.011540e+02 4.776471e+02
<VARIANCE> 6
 2.750955e+02 2.187366e+05 1.531608e+05 2.214771e+03 1.078975e+05 3.298256e+07
<GCONST> 7.748257e+01
<MIXTURE> 10 1.051290e-01
<MEAN> 6
 9.333633e+01 -1.739844e+02 -5.746602e+01 -4.956536e+00 -1.777370e+01 -8.282774e+01
<VARIANCE> 6
 2.163656e+02 1.985828e+05 1.039520e+05 2.593203e+02 2.064363e+04 1.545820e+07
<GCONST> 7.220175e+01
<MIXTURE> 11 8.477720e-02
<MEAN> 6
 -4.992646e+01 -6.292421e+01 -5.072905e+01 -2.372258e+01 1.407190e+03 -2.316885e+03
<VARIANCE> 6
 3.600031e+02 3.205552e+05 2.497500e+05 3.514123e+04 8.135456e+05 4.435196e+08
<GCONST> 8.600594e+01
<MIXTURE> 12 8.742205e-02
<MEAN> 6
 8.060424e+01 -1.099157e+01 2.025822e+01 -5.115139e+01 -7.764911e+02 -1.799497e+03
<VARIANCE> 6
 3.318244e+02 1.076269e+05 4.959022e+04 2.606802e+04 2.543484e+05 6.884899e+07
<GCONST> 7.989220e+01
<MIXTURE> 13 6.294936e-02
<MEAN> 6
 2.204085e+01 -1.257058e+01 -5.187276e+01 2.487036e+02 -5.049030e+01 -4.304406e+03
<VARIANCE> 6
 7.192867e+02 2.093073e+05 1.213330e+05 7.581407e+03 2.290782e+05 7.114243e+07
<GCONST> 8.091884e+01
<TRANSP> 13
 0.000000e+00 1.000000e+00 0.000000e+00 0.000000e+00 0.000000e+00 0.000000e+00 0.000000e+00 0.000000e+00 0.000000e+00 0.000000e+00 0.000000e+00 0.000000e+00 0.000000e+00
 0.000000e+00 9.997711e-01 2.289621e-04 0.000000e+00 0.000000e+00 0.000000e+00 0.000000e+00 0.000000e+00 0.000000e+00 0.000000e+00 0.000000e+00 0.000000e+00 0.000000e+00
 0.000000e+00 0.000000e+00 9.985262e-01 1.473787e-03 0.000000e+00 0.000000e+00 0.000000e+00 0.000000e+00 0.000000e+00 0.000000e+00 0.000000e+00 0.000000e+00 0.000000e+00
 0.000000e+00 0.000000e+00 0.000000e+00 9.979317e-01 2.068306e-03 0.000000e+00 0.000000e+00 0.000000e+00 0.000000e+00 0.000000e+00 0.000000e+00 0.000000e+00 0.000000e+00
 0.000000e+00 0.000000e+00 0.000000e+00 0.000000e+00 9.971526e-01 2.847436e-03 0.000000e+00 0.000000e+00 0.000000e+00 0.000000e+00 0.000000e+00 0.000000e+00 0.000000e+00
 0.000000e+00 0.000000e+00 0.000000e+00 0.000000e+00 0.000000e+00 9.967237e-01 3.276306e-03 0.000000e+00 0.000000e+00 0.000000e+00 0.000000e+00 0.000000e+00 0.000000e+00
 0.000000e+00 0.000000e+00 0.000000e+00 0.000000e+00 0.000000e+00 0.000000e+00 9.952783e-01 4.721654e-03 0.000000e+00 0.000000e+00 0.000000e+00 0.000000e+00 0.000000e+00
 0.000000e+00 0.000000e+00 0.000000e+00 0.000000e+00 0.000000e+00 0.000000e+00 0.000000e+00 9.975172e-01 2.482726e-03 0.000000e+00 0.000000e+00 0.000000e+00 0.000000e+00
 0.000000e+00 0.000000e+00 0.000000e+00 0.000000e+00 0.000000e+00 0.000000e+00 0.000000e+00 0.000000e+00 9.974054e-01 2.594529e-03 0.000000e+00 0.000000e+00 0.000000e+00
 0.000000e+00 0.000000e+00 0.000000e+00 0.000000e+00 0.000000e+00 0.000000e+00 0.000000e+00 0.000000e+00 0.000000e+00 9.983358e-01 1.664244e-03 0.000000e+00 0.000000e+00
 0.000000e+00 0.000000e+00 0.000000e+00 0.000000e+00 0.000000e+00 0.000000e+00 0.000000e+00 0.000000e+00 0.000000e+00 0.000000e+00 9.973418e-01 2.658141e-03 0.000000e+00
 0.000000e+00 0.000000e+00 0.000000e+00 0.000000e+00 0.000000e+00 0.000000e+00 0.000000e+00 0.000000e+00 0.000000e+00 0.000000e+00 0.000000e+00 9.999462e-01 5.383273e-05
 0.000000e+00 0.000000e+00 0.000000e+00 0.000000e+00 0.000000e+00 0.000000e+00 0.000000e+00 0.000000e+00 0.000000e+00 0.000000e+00 0.000000e+00 0.000000e+00 0.000000e+00
<ENDHMM>
~h "SegundoESO"
<BEGINHMM>
<NUMSTATES> 13
<STATE> 2
<NUMMIXES> 13
<MIXTURE> 1 9.069280e-02
<MEAN> 6
 9.217899e+01 -1.593599e+03 2.134572e+03 -4.240443e+00 -1.735422e+01 -2.663331e+01
<VARIANCE> 6
 1.489192e+02 5.817450e+06 1.507194e+07 2.593203e+02 1.595152e+04 1.545820e+07
<GCONST> 7.992441e+01
<MIXTURE> 2 6.748498e-02
<MEAN> 6
 -4.021335e+01 6.401509e+02 2.468688e+03 8.877550e+00 9.290640e+02 7.389683e+02
<VARIANCE> 6
 5.706528e+02 1.033410e+06 5.217546e+06 5.551597e+04 3.972391e+05 1.996954e+08
<GCONST> 8.961898e+01
<MIXTURE> 3 4.601970e-02
<MEAN> 6
 4.221466e+01 4.025811e+03 -9.715099e+01 -6.066907e+01 -3.780858e+02 1.610395e+03
<VARIANCE> 6
 2.915290e+03 4.216437e+07 2.662505e+06 3.883719e+04 1.187943e+06 3.640662e+08
<GCONST> 9.562457e+01
<MIXTURE> 4 1.307444e-01
<MEAN> 6
 8.626158e+01 -1.085646e+02 4.775592e+02 1.525291e+01 -5.319977e+02 -3.627462e+02
<VARIANCE> 6
 2.096140e+02 1.613341e+06 5.343591e+06 1.305304e+04 9.863280e+04 3.423488e+07
<GCONST> 8.448244e+01
<MIXTURE> 5 9.427854e-02
<MEAN> 6
 1.518427e+01 9.549964e+02 -1.670870e+03 2.379672e+01 1.186935e+01 -5.772568e+02
<VARIANCE> 6
 9.479709e+02 2.193017e+06 3.350429e+06 3.964413e+04 6.912655e+04 3.772415e+07
<GCONST> 8.668417e+01
<MIXTURE> 6 9.883329e-02
<MEAN> 6
 7.461445e+01 8.280418e+02 5.556120e+02 3.548579e-01 -9.123118e+00 -8.281216e+01
<VARIANCE> 6
 3.129757e+01 6.689742e+05 2.830726e+06 2.593203e+02 1.595152e+04 1.545820e+07
<GCONST> 7.452937e+01
<MIXTURE> 7 6.134294e-02
<MEAN> 6
 -6.242252e+01 -7.638824e+01 5.206557e+02 1.113927e+01 8.672450e+01 2.721268e+02
<VARIANCE> 6
 5.353878e+01 1.076378e+06 4.357186e+06 4.884891e+02 3.507748e+04 1.551771e+07
<GCONST> 7.739824e+01
<MIXTURE> 8 9.424628e-02
<MEAN> 6
 5.126646e+01 1.078705e+02 1.617810e+03 -4.749936e+01 -7.585444e+02 1.132654e+03
<VARIANCE> 6
 6.807039e+02 5.860901e+05 6.868846e+06 6.406734e+04 3.170902e+05 1.331858e+08
<GCONST> 8.901601e+01
<MIXTURE> 9 6.640314e-02
<MEAN> 6
 -4.788749e+01 -1.659022e+03 1.805087e+02 4.411345e+01 6.901797e+02 -2.764494e+02
<VARIANCE> 6
 1.217794e+02 8.493430e+06 1.083415e+06 1.045682e+04 2.276572e+05 4.882927e+07
<GCONST> 8.497435e+01
<MIXTURE> 10 6.123285e-02
<MEAN> 6
 8.345867e+01 1.594174e+03 -8.097977e+02 -3.860017e+00 -1.102110e+01 -1.740645e+02
<VARIANCE> 6
 1.826062e+02 6.078824e+07 4.577225e+05 2.593203e+02 1.595152e+04 1.545820e+07
<GCONST> 7.898055e+01
<MIXTURE> 11 6.616690e-02
<MEAN> 6
 4.728365e+01 -3.227388e+03 3.714498e+02 6.311737e+01 -2.844910e+02 -1.184967e+03
<VARIANCE> 6
 1.300040e+03 8.811315e+06 4.180446e+05 3.061940e+04 1.339769e+05 2.132932e+07
<GCONST> 8.614271e+01
<MIXTURE> 12 5.347930e-02
<MEAN> 6
 7.442705e+01 -3.869684e+01 -6.120449e+03 -3.237058e-01 -8.392995e+00 -7.130621e+01
<VARIANCE> 6
 3.129757e+01 1.798419e+05 9.581252e+06 2.593203e+02 1.595152e+04 1.545820e+07
<GCONST> 7.443498e+01
<MIXTURE> 13 6.892066e-02
<MEAN> 6
 -4.462659e+01 4.357383e+01 1.041715e+03 -3.924178e+01 9.649626e+02 -8.124752e+02
<VARIANCE> 6
 5.021095e+02 9.784207e+05 6.445338e+06 4.023952e+04 4.207341e+05 1.956922e+08
<GCONST> 8.936306e+01
<STATE> 3
<NUMMIXES> 13
<MIXTURE> 1 1.280289e-01
<MEAN> 6
 9.752551e+01 -8.068499e+02 -1.244599e+02 -2.333810e+01 -3.017343e+02 7.130520e+03
<VARIANCE> 6
 2.260262e+02 5.448141e+05 6.197254e+06 6.343728e+02 2.921224e+05 6.923830e+07
<GCONST> 8.238636e+01
<MIXTURE> 2 3.766520e-02
<MEAN> 6
 9.154195e+01 -1.102654e+03 -4.742949e+03 -1.642872e+01 3.438382e+01 3.521494e+02
<VARIANCE> 6
 3.129757e+01 2.474216e+04 3.499538e+05 2.593203e+02 1.595152e+04 1.545820e+07
<GCONST> 6.914165e+01
<MIXTURE> 3 6.737653e-02
<MEAN> 6
 1.153341e+02 -1.342224e+03 -6.294797e+03 -1.130447e+01 2.529099e+01 -6.992839e+01
<VARIANCE> 6
 3.129757e+01 1.230843e+04 1.230786e+04 2.593203e+02 1.595152e+04 1.545820e+07
<GCONST> 6.509586e+01
<MIXTURE> 4 9.640050e-02
<MEAN> 6
 1.042664e+02 -7.643978e+02 -6.682734e+03 -3.299444e+00 5.545691e+00 3.371396e+01
<VARIANCE> 6
 3.129757e+01 1.230843e+04 1.532824e+04 2.593203e+02 1.595152e+04 1.545820e+07
<GCONST> 6.531532e+01
<MIXTURE> 5 9.012537e-02
<MEAN> 6
 8.571234e+01 -8.443340e+02 -7.310867e+03 -6.936874e+00 3.631445e+00 6.353797e+01
<VARIANCE> 6
 3.129757e+01 1.230843e+04 1.067036e+06 2.593203e+02 1.595152e+04 1.545820e+07
<GCONST> 6.955826e+01
<MIXTURE> 6 7.305758e-02
<MEAN> 6
 1.013034e+02 -6.398609e+02 -7.057141e+03 -3.299605e+00 -2.811072e+00 -3.647256e+01
<VARIANCE> 6
 3.129757e+01 1.230843e+04 2.581442e+04 2.593203e+02 1.595152e+04 1.545820e+07
<GCONST> 6.583656e+01
<MIXTURE> 7 7.769093e-02
<MEAN> 6
 8.092994e+01 -7.746172e+02 -1.119456e+04 -1.277612e-02 -2.381851e+00 -2.616459e+01
<VARIANCE> 6
 3.129757e+01 1.230843e+04 2.993346e+05 2.593203e+02 1.595152e+04 1.545820e+07
<GCONST> 6.828719e+01
<MIXTURE> 8 7.095503e-02
<MEAN> 6
 1.085672e+02 -1.104158e+03 -6.452416e+03 -6.516434e+00 -9.555159e-01 6.276776e+00
<VARIANCE> 6
 3.129757e+01 1.331311e+04 1.230786e+04 2.593203e+02 1.595152e+04 1.545820e+07
<GCONST> 6.517432e+01
<MIXTURE> 9 5.691899e-02
<MEAN> 6
 9.586500e+01 -8.337429e+02 -7.440369e+03 -3.188913e+00 2.693393e+00 9.119505e+01
<VARIANCE> 6
 3.129757e+01 1.508924e+04 1.230786e+04 2.593203e+02 1.595152e+04 1.545820e+07
<GCONST> 6.529956e+01
<MIXTURE> 10 9.103408e-02
<MEAN> 6
 8.165563e+01 -8.078041e+02 -9.773400e+03 -2.648181e+00 3.919199e+00 2.382603e+00
<VARIANCE> 6
 3.129757e+01 1.230843e+04 6.347668e+05 2.593203e+02 1.595152e+04 1.545820e+07
<GCONST> 6.903888e+01
<MIXTURE> 11 6.790521e-02
<MEAN> 6
 7.965171e+01 -7.664816e+02 -1.218187e+04 -3.387084e+00 2.414033e+00 -2.879229e+01
<VARIANCE> 6
 3.129757e+01 1.230843e+04 1.166380e+05 2.593203e+02 1.595152e+04 1.545820e+07
<GCONST> 6.734470e+01
<MIXTURE> 12 7.544405e-02
<MEAN> 6
 9.979142e+01 -5.646112e+02 -7.212806e+03 -4.703665e+00 3.549751e+00 7.674545e+01
<VARIANCE> 6
 3.129757e+01 1.330865e+04 1.783545e+04 2.593203e+02 1.595152e+04 1.545820e+07
<GCONST> 6.554494e+01
<MIXTURE> 13 6.738738e-02
<MEAN> 6
 1.147282e+02 -1.359911e+03 -6.300404e+03 -1.035941e+01 2.042797e+01 -1.239278e+02
<VARIANCE> 6
 3.129757e+01 1.246303e+04 1.230786e+04 2.593203e+02 1.595152e+04 1.545820e+07
<GCONST> 6.510835e+01
<STATE> 4
<NUMMIXES> 13
<MIXTURE> 1 9.307880e-02
<MEAN> 6
 9.948340e+01 2.641683e+00 3.790852e+02 -1.708954e+01 5.209829e+01 -7.007842e+01
<VARIANCE> 6
 3.129757e+01 4.960047e+04 6.842556e+05 2.593203e+02 1.595152e+04 1.545820e+07
<GCONST> 7.050767e+01
<MIXTURE> 2 1.013696e-01
<MEAN> 6
 9.268678e+01 -2.016660e+02 -1.907676e+03 -1.009547e+01 -1.054763e+01 8.189954e+01
<VARIANCE> 6
 3.201597e+01 1.230843e+04 7.750947e+04 2.593203e+02 1.595152e+04 1.545820e+07
<GCONST> 6.695872e+01
<MIXTURE> 3 1.002750e-01
<MEAN> 6
 9.332337e+01 2.829338e+02 -1.852039e+03 -4.547341e+00 6.295769e+00 -2.888939e+01
<VARIANCE> 6
 3.129757e+01 1.230843e+04 3.446607e+05 2.593203e+02 1.595152e+04 1.545820e+07
<GCONST> 6.842818e+01
<MIXTURE> 4 4.665076e-02
<MEAN> 6
 8.418374e+01 -1.889902e+03 -2.137538e+03 -2.502716e+00 7.642280e+00 -2.992594e+01
<VARIANCE> 6
 3.129757e+01 9.514320e+05 8.495801e+04 2.593203e+02 1.595152e+04 1.545820e+07
<GCONST> 7.137547e+01
<MIXTURE> 5 6.378236e-02
<MEAN> 6
 7.582551e+01 -6.788167e+01 -1.989765e+03 -2.361167e+00 4.300896e+00 -4.938115e+01
<VARIANCE> 6
 3.129757e+01 1.230843e+04 1.772771e+04 2.593203e+02 1.595152e+04 1.545820e+07
<GCONST> 6.546075e+01
<MIXTURE> 6 6.784371e-02
<MEAN> 6
 7.758489e+01 3.443478e+02 -3.336986e+03 -6.085480e-01 2.301507e+00 -3.664858e+00
<VARIANCE> 6
 3.129757e+01 1.356992e+04 5.486659e+04 2.593203e+02 1.595152e+04 1.545820e+07
<GCONST> 6.668810e+01
<MIXTURE> 7 9.761705e-02
<MEAN> 6
 7.714791e+01 4.077580e+01 -2.613698e+03 6.422951e+00 -1.618256e+01 -1.138271e+02
<VARIANCE> 6
 3.129757e+01 1.230843e+04 5.624466e+04 3.717218e+02 1.595152e+04 1.545820e+07
<GCONST> 6.697541e+01
<MIXTURE> 8 1.111290e-01
<MEAN> 6
 8.979774e+01 4.923552e+02 -3.004798e+03 -2.880201e+00 4.426638e+00 2.888670e+01
<VARIANCE> 6
 3.129757e+01 1.405538e+04 4.238095e+05 2.593203e+02 1.595152e+04 1.545820e+07
<GCONST> 6.876762e+01
<MIXTURE> 9 6.366157e-02
<MEAN> 6
 7.306267e+01 2.523635e+01 -2.204574e+03 -1.614835e+00 7.131007e-01 4.920689e+00
<VARIANCE> 6
 3.129757e+01 1.230843e+04 2.274578e+04 2.593203e+02 1.595152e+04 1.545820e+07
<GCONST> 6.571000e+01
<MIXTURE> 10 1.016650e-01
<MEAN> 6
 8.867065e+01 4.091879e+02 -3.179296e+03 -2.180839e+00 4.634514e+00 -3.306342e+01
<VARIANCE> 6
 3.129757e+01 1.913170e+04 4.706256e+05 2.593203e+02 1.595152e+04 1.545820e+07
<GCONST> 6.918075e+01
<MIXTURE> 11 2.137007e-02
<MEAN> 6
 8.443019e+01 2.524318e+02 -2.241054e+03 -3.066774e+00 2.893562e+00 1.279121e+02
<VARIANCE> 6
 1.007501e+02 1.037775e+05 1.916458e+06 2.593203e+02 1.595152e+04 1.545820e+07
<GCONST> 7.344492e+01
<MIXTURE> 12 6.831785e-02
<MEAN> 6
 7.273728e+01 2.445693e+01 -2.267560e+03 -1.229506e+00 5.896568e-01 4.082049e+00
<VARIANCE> 6
 3.129757e+01 1.230843e+04 1.999377e+04 2.593203e+02 1.595152e+04 1.545820e+07
<GCONST> 6.558104e+01
<MIXTURE> 13 6.322190e-02
<MEAN> 6
 7.604436e+01 -8.723293e+01 -2.031652e+03 -1.729178e+00 3.348924e+00 -6.047007e+01
<VARIANCE> 6
 3.129757e+01 1.230843e+04 2.184679e+04 2.593203e+02 1.595152e+04 1.545820e+07
<GCONST> 6.566968e+01
<STATE> 5
<NUMMIXES> 13
<MIXTURE> 1 7.982434e-02
<MEAN> 6
 5.869623e+01 6.708055e+02 -2.466609e+03 -2.873086e-01 -1.565662e+01 -4.246306e+02
<VARIANCE> 6
 3.129757e+01 1.230843e+04 1.270721e+04 2.593203e+02 1.595152e+04 1.545820e+07
<GCONST> 6.512779e+01
<MIXTURE> 2 8.492457e-02
<MEAN> 6
 5.499716e+01 1.525309e+02 -2.321325e+03 1.998769e-01 -5.472791e-01 -1.506701e+01
<VARIANCE> 6
 3.129757e+01 1.230843e+04 4.999887e+04 2.593203e+02 1.595152e+04 1.545820e+07
<GCONST> 6.649762e+01
<MIXTURE> 3 9.897565e-02
<MEAN> 6
 5.666656e+01 4.942866e+02 -5.501789e+03 7.407462e-01 2.900829e-01 2.183881e+01
<VARIANCE> 6
 3.129757e+01 1.230843e+04 1.293239e+05 2.593203e+02 1.595152e+04 1.545820e+07
<GCONST> 6.744794e+01
<MIXTURE> 4 7.846753e-03
<MEAN> 6
 7.141018e+01 -2.962834e+02 -4.128950e+02 -4.268236e-01 -1.495656e+01 1.241025e+02
<VARIANCE> 6
 1.222222e+02 2.404893e+06 3.077844e+06 2.593203e+02 1.833396e+04 1.545820e+07
<GCONST> 7.739408e+01
<MIXTURE> 5 7.221818e-02
<MEAN> 6
 5.828049e+01 6.657490e+02 -3.337146e+03 1.656856e-01 2.130838e-02 -4.040932e+00
<VARIANCE> 6
 3.129757e+01 1.230843e+04 1.070927e+05 2.593203e+02 1.595152e+04 1.545820e+07
<GCONST> 6.725932e+01
<MIXTURE> 6 7.244824e-02
<MEAN> 6
 5.490379e+01 9.120893e+01 -4.218783e+03 7.387141e-02 6.047951e-01 -1.244980e+01
<VARIANCE> 6
 3.129757e+01 1.230843e+04 1.603011e+05 2.593203e+02 1.595152e+04 1.545820e+07
<GCONST> 6.766267e+01
<MIXTURE> 7 7.979811e-02
<MEAN> 6
 5.797921e+01 6.367375e+02 -3.975887e+03 2.883050e-01 -2.528810e-01 8.322361e-01
<VARIANCE> 6
 3.129757e+01 1.230843e+04 1.846760e+05 2.593203e+02 1.595152e+04 1.545820e+07
<GCONST> 6.780422e+01
<MIXTURE> 8 1.184031e-01
<MEAN> 6
 5.855865e+01 6.828906e+02 -2.841388e+03 1.273466e-01 -5.052270e-01 -1.100713e+01
<VARIANCE> 6
 3.129757e+01 1.230843e+04 3.963241e+04 2.593203e+02 1.595152e+04 1.545820e+07
<GCONST> 6.626527e+01
<MIXTURE> 9 6.419975e-02
<MEAN> 6
 5.497154e+01 1.195344e+02 -3.093962e+03 7.491202e-03 1.581852e-02 -2.229185e-01
<VARIANCE> 6
 3.129757e+01 1.230843e+04 1.754705e+05 2.593203e+02 1.595152e+04 1.545820e+07
<GCONST> 6.775309e+01
<MIXTURE> 10 1.104426e-01
<MEAN> 6
 5.756911e+01 6.065227e+02 -4.506244e+03 4.614783e-01 -6.208558e-02 6.820173e-01
<VARIANCE> 6
 3.129757e+01 1.230843e+04 1.457300e+05 2.593203e+02 1.595152e+04 1.545820e+07
<GCONST> 6.756738e+01
<MIXTURE> 11 7.307934e-02
<MEAN> 6
 5.492727e+01 7.869534e+01 -4.818381e+03 -2.716734e-02 7.656600e+00 -9.790768e+01
<VARIANCE> 6
 3.129757e+01 1.230843e+04 5.761242e+04 2.593203e+02 1.595152e+04 1.545820e+07
<GCONST> 6.663936e+01
<MIXTURE> 12 7.470848e-02
<MEAN> 6
 5.821202e+01 6.579763e+02 -3.494987e+03 1.445056e-01 7.868906e-02 -2.145912e+00
<VARIANCE> 6
 3.129757e+01 1.230843e+04 1.032051e+05 2.593203e+02 1.595152e+04 1.545820e+07
<GCONST> 6.722234e+01
<MIXTURE> 13 6.310485e-02
<MEAN> 6
 5.496278e+01 1.120192e+02 -3.284367e+03 1.735291e-02 -1.416701e-02 1.055437e+00
<VARIANCE> 6
 3.129757e+01 1.230843e+04 1.946145e+05 2.593203e+02 1.595152e+04 1.545820e+07
<GCONST> 6.785664e+01
<STATE> 6
<NUMMIXES> 13
<MIXTURE> 1 8.843785e-02
<MEAN> 6
 7.793153e+01 9.420607e+01 1.218573e+03 -7.356433e-01 -2.239272e+00 -2.215714e+01
<VARIANCE> 6
 3.129757e+01 4.635907e+04 6.595123e+05 2.593203e+02 1.595152e+04 1.545820e+07
<GCONST> 7.040325e+01
<MIXTURE> 2 6.442176e-02
<MEAN> 6
 7.723845e+01 5.376111e+02 7.807720e+02 7.826509e-01 3.597093e+00 -9.836827e+00
<VARIANCE> 6
 3.129757e+01 2.491627e+04 1.507138e+04 2.593203e+02 1.595152e+04 1.545820e+07
<GCONST> 6.600365e+01
<MIXTURE> 3 5.624639e-02
<MEAN> 6
 8.781236e+01 -1.582171e+03 4.306152e+02 -1.084672e-01 -3.493393e+00 -4.071138e+01
<VARIANCE> 6
 3.129757e+01 1.235646e+05 2.559975e+04 2.593203e+02 1.595152e+04 1.545820e+07
<GCONST> 6.813468e+01
<MIXTURE> 4 4.557021e-02
<MEAN> 6
 8.234718e+01 -6.797795e+02 5.888862e+02 -3.374637e+00 -5.315820e+00 6.609980e+01
<VARIANCE> 6
 3.129757e+01 1.230843e+04 1.982502e+05 2.593203e+02 1.595152e+04 1.545820e+07
<GCONST> 6.787515e+01
<MIXTURE> 5 1.147895e-01
<MEAN> 6
 8.353671e+01 -7.659681e+02 1.212978e+02 -1.365459e-01 -1.068552e+00 -3.546851e+01
<VARIANCE> 6
 3.129757e+01 1.230843e+04 1.230786e+04 2.593203e+02 1.595152e+04 1.545820e+07
<GCONST> 6.509586e+01
<MIXTURE> 6 7.194631e-02
<MEAN> 6
 7.534629e+01 -1.682761e+02 2.005510e+02 -7.207733e-01 -2.003825e+00 -8.087276e+00
<VARIANCE> 6
 3.129757e+01 1.230843e+04 1.230786e+04 2.593203e+02 1.595152e+04 1.545820e+07
<GCONST> 6.509586e+01
<MIXTURE> 7 8.048575e-02
<MEAN> 6
 7.809166e+01 1.343215e+02 -1.377666e+02 -4.373396e-01 -2.890851e+00 3.951956e+01
<VARIANCE> 6
 3.129757e+01 6.426164e+04 1.230786e+04 2.593203e+02 1.595152e+04 1.545820e+07
<GCONST> 6.674854e+01
<MIXTURE> 8 8.572233e-02
<MEAN> 6
 7.586424e+01 5.728488e+02 4.368878e+02 -7.751768e-01 1.524274e+00 8.090279e+01
<VARIANCE> 6
 3.129757e+01 2.186183e+04 1.230786e+04 2.593203e+02 1.595152e+04 1.545820e+07
<GCONST> 6.567032e+01
<MIXTURE> 9 8.880863e-02
<MEAN> 6
 8.392177e+01 -7.952795e+02 2.807529e+02 -8.839253e-01 -3.218632e+00 -7.680502e+01
<VARIANCE> 6
 3.129757e+01 1.230843e+04 2.228821e+04 2.593203e+02 1.595152e+04 1.545820e+07
<GCONST> 6.568968e+01
<MIXTURE> 10 8.894032e-02
<MEAN> 6
 7.994720e+01 -5.227712e+02 -5.757817e+01 -2.531374e-01 -7.483823e+00 3.422439e+00
<VARIANCE> 6
 3.129757e+01 1.443767e+04 1.230786e+04 2.593203e+02 1.595152e+04 1.545820e+07
<GCONST> 6.525542e+01
<MIXTURE> 11 8.320419e-02
<MEAN> 6
 8.014145e+01 2.956648e+02 4.006779e+02 -1.707565e+00 1.254007e-01 -4.665161e+01
<VARIANCE> 6
 3.129757e+01 1.539366e+04 1.428923e+04 2.593203e+02 1.595152e+04 1.545820e+07
<GCONST> 6.546880e+01
<MIXTURE> 12 7.736379e-02
<MEAN> 6
 8.237837e+01 -8.657494e+02 1.471034e+02 8.491711e-02 8.074014e+00 -1.799665e+02
<VARIANCE> 6
 3.129757e+01 1.497241e+04 1.230786e+04 2.593203e+02 1.595152e+04 1.545820e+07
<GCONST> 6.529179e+01
<MIXTURE> 13 5.403402e-02
<MEAN> 6
 8.895464e+01 -1.898544e+03 2.972281e+02 -1.934024e-02 -6.531271e+00 -9.547112e+00
<VARIANCE> 6
 3.129757e+01 2.932381e+05 4.529593e+04 2.593203e+02 1.595152e+04 1.545820e+07
<GCONST> 6.956954e+01
<STATE> 7
<NUMMIXES> 13
<MIXTURE> 1 1.001284e-01
<MEAN> 6
 7.176859e+01 2.733573e+02 -5.342959e+02 -1.208943e+00 -2.403576e+00 -4.476645e+01
<VARIANCE> 6
 3.129757e+01 2.924954e+04 1.230786e+04 2.593203e+02 1.595152e+04 1.545820e+07
<GCONST> 6.596144e+01
<MIXTURE> 2 6.075631e-02
<MEAN> 6
 6.649063e+01 8.161616e+02 -1.184511e+03 4.827865e-01 8.251858e-02 -6.749094e+01
<VARIANCE> 6
 3.129757e+01 1.230843e+04 1.357716e+04 2.593203e+02 1.595152e+04 1.545820e+07
<GCONST> 6.519401e+01
<MIXTURE> 3 9.049881e-02
<MEAN> 6
 7.370666e+01 1.106022e+03 -7.530759e+02 -1.314182e+00 -6.849689e+00 -5.380551e+01
<VARIANCE> 6
 3.129757e+01 7.769747e+04 1.230786e+04 2.593203e+02 1.595152e+04 1.545820e+07
<GCONST> 6.693840e+01
<MIXTURE> 4 9.695556e-02
<MEAN> 6
 6.841199e+01 -6.281998e+02 -7.199001e+02 -8.152785e-02 -3.372293e-01 -9.237689e+01
<VARIANCE> 6
 3.129757e+01 1.230843e+04 2.968633e+04 2.593203e+02 1.595152e+04 1.545820e+07
<GCONST> 6.597631e+01
<MIXTURE> 5 1.750360e-02
<MEAN> 6
 6.491203e+01 -3.409789e+02 -1.783469e+02 -3.404457e+00 4.611293e+01 8.670889e+02
<VARIANCE> 6
 3.129757e+01 1.188151e+06 4.127809e+05 4.292300e+02 7.636715e+04 3.397258e+07
<GCONST> 7.603575e+01
<MIXTURE> 6 7.026706e-02
<MEAN> 6
 7.635201e+01 4.292026e+02 -8.110507e+02 -1.199446e-01 -1.595332e+00 -5.662184e+01
<VARIANCE> 6
 3.129757e+01 1.230843e+04 1.230786e+04 2.593203e+02 1.595152e+04 1.545820e+07
<GCONST> 6.509586e+01
<MIXTURE> 7 1.036861e-01
<MEAN> 6
 7.387411e+01 -9.615051e+01 -4.294993e+02 5.704555e-01 -6.395823e+00 -2.223416e+02
<VARIANCE> 6
 3.129757e+01 1.230843e+04 1.244548e+04 2.593203e+02 1.595152e+04 1.545820e+07
<GCONST> 6.510698e+01
<MIXTURE> 8 6.440213e-02
<MEAN> 6
 7.214705e+01 1.304889e+02 -4.972524e+02 -9.337227e-01 -3.950539e+00 -1.297082e+02
<VARIANCE> 6
 3.129757e+01 2.030082e+04 1.356949e+04 2.593203e+02 1.595152e+04 1.545820e+07
<GCONST> 6.569382e+01
<MIXTURE> 9 8.649966e-02
<MEAN> 6
 7.435239e+01 6.502502e+01 -6.661581e+02 -5.836260e-01 -1.534980e+00 -8.656796e+01
<VARIANCE> 6
 3.129757e+01 1.230843e+04 1.230786e+04 2.593203e+02 1.595152e+04 1.545820e+07
<GCONST> 6.509586e+01
<MIXTURE> 10 9.020777e-02
<MEAN> 6
 7.356596e+01 9.577386e+02 -7.366292e+02 -8.429377e-01 -4.093467e+00 -5.444100e+01
<VARIANCE> 6
 3.129757e+01 8.481552e+04 1.230786e+04 2.593203e+02 1.595152e+04 1.545820e+07
<GCONST> 6.702605e+01
<MIXTURE> 11 7.094508e-02
<MEAN> 6
 7.636364e+01 4.284110e+02 -8.121694e+02 -1.192873e-01 -1.597483e+00 -5.647543e+01
<VARIANCE> 6
 3.129757e+01 1.230843e+04 1.230786e+04 2.593203e+02 1.595152e+04 1.545820e+07
<GCONST> 6.509586e+01
<MIXTURE> 12 8.733122e-02
<MEAN> 6
 7.447077e+01 5.796778e+01 -6.699446e+02 -5.681832e-01 -1.639238e+00 -8.685939e+01
<VARIANCE> 6
 3.129757e+01 1.230843e+04 1.230786e+04 2.593203e+02 1.595152e+04 1.545820e+07
<GCONST> 6.509586e+01
<MIXTURE> 13 6.079290e-02
<MEAN> 6
 6.645230e+01 8.009814e+02 -1.238918e+03 5.396125e-01 -7.696685e+00 -1.580997e+02
<VARIANCE> 6
 3.129757e+01 1.230843e+04 1.230786e+04 2.593203e+02 1.595152e+04 1.545820e+07
<GCONST> 6.509586e+01
<STATE> 8
<NUMMIXES> 13
<MIXTURE> 1 1.034009e-01
<MEAN> 6
 6.403181e+01 -1.116866e+02 -1.510293e+03 1.077569e+00 5.922120e+00 -9.836690e+01
<VARIANCE> 6
 3.129757e+01 2.221152e+04 2.010467e+04 2.593203e+02 1.595152e+04 1.545820e+07
<GCONST> 6.617690e+01
<MIXTURE> 2 6.484288e-02
<MEAN> 6
 6.163092e+01 4.905814e+01 -6.071902e+01 -2.992446e-01 -1.765586e+00 -5.504717e+01
<VARIANCE> 6
 3.129757e+01 1.230843e+04 1.230786e+04 2.593203e+02 1.595152e+04 1.545820e+07
<GCONST> 6.509586e+01
<MIXTURE> 3 8.495323e-02
<MEAN> 6
 6.065640e+01 2.807724e+02 -1.880009e+03 -6.988588e-02 -7.676073e+00 -1.365732e+02
<VARIANCE> 6
 3.129757e+01 1.230843e+04 1.544764e+04 2.593203e+02 1.595152e+04 1.545820e+07
<GCONST> 6.532307e+01
<MIXTURE> 4 7.035905e-02
<MEAN> 6
 6.076811e+01 -5.143687e+02 -2.494005e+02 6.478962e-01 -4.735954e+00 -5.327206e+01
<VARIANCE> 6
 3.129757e+01 5.924768e+04 1.230786e+04 2.593203e+02 1.595152e+04 1.545820e+07
<GCONST> 6.666730e+01
<MIXTURE> 5 4.099501e-02
<MEAN> 6
 5.767688e+01 -1.782224e+02 -6.104434e+02 -1.495881e+00 6.319329e+00 -1.251204e+01
<VARIANCE> 6
 3.129757e+01 1.360392e+05 1.887448e+05 2.593203e+02 1.595152e+04 1.545820e+07
<GCONST> 7.022868e+01
<MIXTURE> 6 6.606843e-02
<MEAN> 6
 6.082397e+01 3.829773e+01 -8.365466e+01 -2.018847e-01 -1.857172e+00 -6.815573e+01
<VARIANCE> 6
 3.129757e+01 1.230843e+04 1.230786e+04 2.593203e+02 1.595152e+04 1.545820e+07
<GCONST> 6.509586e+01
<MIXTURE> 7 6.881589e-02
<MEAN> 6
 6.124678e+01 2.689950e+01 -8.810312e+01 -2.197843e-01 -1.989727e+00 -6.622646e+01
<VARIANCE> 6
 3.129757e+01 1.230843e+04 1.230786e+04 2.593203e+02 1.595152e+04 1.545820e+07
<GCONST> 6.509586e+01
<MIXTURE> 8 6.776493e-02
<MEAN> 6
 5.912902e+01 3.080748e+01 -1.263510e+02 1.151819e-02 -1.527472e+00 -8.239803e+01
<VARIANCE> 6
 3.129757e+01 1.230843e+04 1.230786e+04 2.593203e+02 1.595152e+04 1.545820e+07
<GCONST> 6.509586e+01
<MIXTURE> 9 1.443023e-01
<MEAN> 6
 6.017948e+01 -3.156886e+02 -4.132563e+02 2.175788e-01 -8.251488e-03 -1.031128e+01
<VARIANCE> 6
 3.129757e+01 1.230843e+04 1.862240e+04 2.593203e+02 1.595152e+04 1.545820e+07
<GCONST> 6.550999e+01
<MIXTURE> 10 6.827744e-02
<MEAN> 6
 5.989037e+01 2.452614e+01 -1.200155e+02 -4.377177e-02 -1.780886e+00 -7.944792e+01
<VARIANCE> 6
 3.129757e+01 1.230843e+04 1.230786e+04 2.593203e+02 1.595152e+04 1.545820e+07
<GCONST> 6.509586e+01
<MIXTURE> 11 8.838674e-02
<MEAN> 6
 5.674700e+01 8.653548e+01 -3.555215e+02 -7.051243e-01 2.676746e+00 4.260714e+00
<VARIANCE> 6
 3.129757e+01 1.230843e+04 2.943686e+04 2.593203e+02 1.595152e+04 1.545820e+07
<GCONST> 6.596787e+01
<MIXTURE> 12 6.610911e-02
<MEAN> 6
 5.960904e+01 2.368495e+01 -1.266334e+02 -4.695242e-03 -1.703378e+00 -8.128320e+01
<VARIANCE> 6
 3.129757e+01 1.230843e+04 1.230786e+04 2.593203e+02 1.595152e+04 1.545820e+07
<GCONST> 6.509586e+01
<MIXTURE> 13 6.570343e-02
<MEAN> 6
 6.028507e+01 1.987032e+01 -1.089831e+02 -9.872235e-02 -2.352788e+00 -8.360159e+01
<VARIANCE> 6
 3.129757e+01 1.230843e+04 1.230786e+04 2.593203e+02 1.595152e+04 1.545820e+07
<GCONST> 6.509586e+01
<STATE> 9
<NUMMIXES> 13
<MIXTURE> 1 6.464165e-02
<MEAN> 6
 5.782450e+01 2.697000e+03 -2.408095e+02 3.639963e-01 -2.055702e+00 -1.148792e+02
<VARIANCE> 6
 3.129757e+01 1.230843e+04 1.230786e+04 2.593203e+02 1.595152e+04 1.545820e+07
<GCONST> 6.509586e+01
<MIXTURE> 2 6.344288e-02
<MEAN> 6
 5.818687e+01 1.983222e+03 -1.565513e+03 8.802512e-01 -1.556181e+00 -5.004304e+00
<VARIANCE> 6
 3.129757e+01 1.230843e+04 3.853590e+04 2.593203e+02 1.595152e+04 1.545820e+07
<GCONST> 6.623721e+01
<MIXTURE> 3 9.616984e-02
<MEAN> 6
 6.282006e+01 1.809538e+03 -1.657479e+02 4.714051e-01 5.692929e-01 -3.058475e+01
<VARIANCE> 6
 3.129757e+01 1.230843e+04 1.230786e+04 2.593203e+02 1.595152e+04 1.545820e+07
<GCONST> 6.509586e+01
<MIXTURE> 4 7.031135e-02
<MEAN> 6
 5.910258e+01 2.526224e+03 -2.779669e+02 5.989634e-01 -1.613863e+00 -4.684990e+01
<VARIANCE> 6
 3.129757e+01 1.230843e+04 1.230786e+04 2.593203e+02 1.595152e+04 1.545820e+07
<GCONST> 6.509586e+01
<MIXTURE> 5 5.965092e-02
<MEAN> 6
 6.024376e+01 1.839563e+03 -3.288476e+02 4.071780e-01 -7.956526e-01 -1.442729e+02
<VARIANCE> 6
 3.129757e+01 1.230843e+04 1.230786e+04 2.593203e+02 1.595152e+04 1.545820e+07
<GCONST> 6.509586e+01
<MIXTURE> 6 9.212853e-02
<MEAN> 6
 5.927046e+01 1.054970e+03 -5.917352e+02 -1.719995e-01 -6.477551e+00 -1.478155e+02
<VARIANCE> 6
 3.129757e+01 3.293140e+05 1.730908e+05 2.593203e+02 1.595152e+04 1.545820e+07
<GCONST> 7.102617e+01
<MIXTURE> 7 6.302664e-02
<MEAN> 6
 5.780916e+01 2.697701e+03 -2.408711e+02 3.624128e-01 -2.044299e+00 -1.145563e+02
<VARIANCE> 6
 3.129757e+01 1.230843e+04 1.230786e+04 2.593203e+02 1.595152e+04 1.545820e+07
<GCONST> 6.509586e+01
<MIXTURE> 8 1.273984e-01
<MEAN> 6
 5.955025e+01 1.833620e+03 -3.572981e+02 4.388662e-01 -1.172764e+00 -1.494776e+02
<VARIANCE> 6
 3.129757e+01 1.230843e+04 1.230786e+04 2.593203e+02 1.595152e+04 1.545820e+07
<GCONST> 6.509586e+01
<MIXTURE> 9 1.046479e-01
<MEAN> 6
 5.802670e+01 1.716554e+03 -9.701281e+02 4.967803e-02 4.815305e-01 -4.206279e+00
<VARIANCE> 6
 3.129757e+01 1.230843e+04 3.118223e+04 2.593203e+02 1.595152e+04 1.545820e+07
<GCONST> 6.602547e+01
<MIXTURE> 10 7.163453e-02
<MEAN> 6
 5.910063e+01 2.523886e+03 -2.788668e+02 6.023036e-01 -1.609759e+00 -4.515902e+01
<VARIANCE> 6
 3.129757e+01 1.230843e+04 1.230786e+04 2.593203e+02 1.595152e+04 1.545820e+07
<GCONST> 6.509586e+01
<MIXTURE> 11 6.442127e-02
<MEAN> 6
 5.794339e+01 2.691500e+03 -2.403453e+02 3.762419e-01 -2.140237e+00 -1.172554e+02
<VARIANCE> 6
 3.129757e+01 1.230843e+04 1.230786e+04 2.593203e+02 1.595152e+04 1.545820e+07
<GCONST> 6.509586e+01
<MIXTURE> 12 6.287798e-02
<MEAN> 6
 5.800896e+01 2.688320e+03 -2.401439e+02 3.830861e-01 -2.182470e+00 -1.183950e+02
<VARIANCE> 6
 3.129757e+01 1.230843e+04 1.230786e+04 2.593203e+02 1.595152e+04 1.545820e+07
<GCONST> 6.509586e+01
<MIXTURE> 13 5.964995e-02
<MEAN> 6
 5.907853e+01 1.828094e+03 -3.771483e+02 4.692788e-01 -1.740642e+00 -1.629490e+02
<VARIANCE> 6
 3.129757e+01 1.230843e+04 1.230786e+04 2.593203e+02 1.595152e+04 1.545820e+07
<GCONST> 6.509586e+01
<STATE> 10
<NUMMIXES> 13
<MIXTURE> 1 5.799858e-02
<MEAN> 6
 6.146009e+01 -7.470870e+01 1.609119e+03 -2.038017e+00 -4.290394e+00 -1.960071e+01
<VARIANCE> 6
 3.129757e+01 1.404327e+04 1.230786e+04 2.593203e+02 1.595152e+04 1.545820e+07
<GCONST> 6.522772e+01
<MIXTURE> 2 9.752655e-02
<MEAN> 6
 6.779411e+01 -3.990446e+02 2.776222e+00 -4.791954e-01 2.888006e+00 -1.402397e+02
<VARIANCE> 6
 4.756776e+01 1.230843e+04 1.230786e+04 2.593203e+02 1.595152e+04 1.545820e+07
<GCONST> 6.551447e+01
<MIXTURE> 3 7.019722e-02
<MEAN> 6
 6.956114e+01 -2.376502e+03 3.050094e+02 1.694875e-03 -3.654294e+00 -5.619153e+00
<VARIANCE> 6
 3.129757e+01 4.222932e+04 1.551814e+05 2.593203e+02 1.595152e+04 1.545820e+07
<GCONST> 6.886304e+01
<MIXTURE> 4 9.364761e-02
<MEAN> 6
 7.327617e+01 -3.695970e+02 8.345710e+02 -2.102745e-01 -1.690095e+00 -3.589306e+01
<VARIANCE> 6
 3.129757e+01 1.230843e+04 4.641642e+04 2.593203e+02 1.595152e+04 1.545820e+07
<GCONST> 6.642327e+01
<MIXTURE> 5 9.746446e-02
<MEAN> 6
 6.720090e+01 -1.301703e+03 1.596179e+02 5.537757e-01 -2.937833e+00 -8.079618e+01
<VARIANCE> 6
 3.129757e+01 2.251246e+05 3.250012e+04 2.593203e+02 1.595152e+04 1.545820e+07
<GCONST> 6.897324e+01
<MIXTURE> 6 9.884568e-02
<MEAN> 6
 6.650787e+01 -1.964048e+03 -3.884679e+02 -2.038110e-01 5.005141e-01 -8.411078e+01
<VARIANCE> 6
 3.129757e+01 8.040612e+04 1.230786e+04 2.593203e+02 1.595152e+04 1.545820e+07
<GCONST> 6.697266e+01
<MIXTURE> 7 4.479371e-02
<MEAN> 6
 6.973679e+01 -5.262899e+02 1.851091e+03 -2.883775e+00 5.046968e+00 -4.447104e+01
<VARIANCE> 6
 3.129757e+01 6.081355e+04 3.201896e+05 2.593203e+02 1.595152e+04 1.545820e+07
<GCONST> 6.995206e+01
<MIXTURE> 8 9.894700e-02
<MEAN> 6
 6.193875e+01 -6.722335e+02 6.714259e+01 2.650409e-01 5.630537e+00 -4.567445e+01
<VARIANCE> 6
 3.129757e+01 5.784265e+04 1.230786e+04 2.593203e+02 1.595152e+04 1.545820e+07
<GCONST> 6.664330e+01
<MIXTURE> 9 8.388518e-02
<MEAN> 6
 6.591269e+01 -8.815151e+02 -1.225939e+02 1.064226e+00 -1.390548e+00 -7.187336e+01
<VARIANCE> 6
 3.129757e+01 1.994414e+04 8.078097e+04 2.593203e+02 1.595152e+04 1.545820e+07
<GCONST> 6.746001e+01
<MIXTURE> 10 9.034716e-02
<MEAN> 6
 7.487679e+01 -3.810862e+02 7.065555e+02 -5.298579e-01 -1.193179e+00 -3.148106e+01
<VARIANCE> 6
 3.129757e+01 1.230843e+04 1.147505e+05 2.593203e+02 1.595152e+04 1.545820e+07
<GCONST> 6.732838e+01
<MIXTURE> 11 6.995929e-02
<MEAN> 6
 6.611000e+01 -7.520198e+02 -7.562763e+01 6.728883e-01 -8.830899e-01 -1.765059e+02
<VARIANCE> 6
 3.129757e+01 2.093469e+04 1.230786e+04 2.593203e+02 1.595152e+04 1.545820e+07
<GCONST> 6.562698e+01
<MIXTURE> 12 4.034197e-02
<MEAN> 6
 6.209215e+01 -2.491023e+03 -6.065112e+02 -3.845404e-01 -2.036060e+00 -4.612261e+01
<VARIANCE> 6
 3.129757e+01 1.769484e+04 1.302500e+04 2.593203e+02 1.595152e+04 1.545820e+07
<GCONST> 6.551548e+01
<MIXTURE> 13 5.601811e-02
<MEAN> 6
 6.997273e+01 -6.157783e+02 1.790506e+03 -2.910636e+00 -7.839072e-01 -7.689465e+01
<VARIANCE> 6
 3.129757e+01 1.230843e+04 2.015794e+05 2.593203e+02 1.595152e+04 1.545820e+07
<GCONST> 6.789181e+01
<STATE> 11
<NUMMIXES> 13
<MIXTURE> 1 9.021731e-02
<MEAN> 6
 7.189785e+01 7.060554e+02 2.774907e+02 -4.289741e-01 -2.974698e+00 -9.489938e+01
<VARIANCE> 6
 3.129757e+01 3.035203e+04 1.230786e+04 2.593203e+02 1.595152e+04 1.545820e+07
<GCONST> 6.599844e+01
<MIXTURE> 2 1.187741e-01
<MEAN> 6
 5.668243e+01 6.326282e+02 3.958768e+01 6.441801e-01 7.749904e+00 -2.744209e+01
<VARIANCE> 6
 3.129757e+01 4.028919e+04 1.230786e+04 2.593203e+02 1.595152e+04 1.545820e+07
<GCONST> 6.628166e+01
<MIXTURE> 3 3.162207e-02
<MEAN> 6
 5.281239e+01 1.508971e+02 5.121937e+02 9.692364e-02 -2.168539e+00 -1.510366e+02
<VARIANCE> 6
 4.557104e+01 1.230843e+04 1.459517e+05 2.593203e+02 1.595152e+04 1.545820e+07
<GCONST> 6.794463e+01
<MIXTURE> 4 7.429700e-02
<MEAN> 6
 6.365876e+01 1.133890e+02 3.088842e+02 -3.065012e-01 -3.515217e+00 -8.114728e+01
<VARIANCE> 6
 3.129757e+01 1.230843e+04 1.598490e+04 2.593203e+02 1.595152e+04 1.545820e+07
<GCONST> 6.535727e+01
<MIXTURE> 5 7.201684e-02
<MEAN> 6
 6.720365e+01 4.667228e+02 -1.923910e+02 7.205861e-01 -1.048551e+01 -1.952083e+02
<VARIANCE> 6
 3.129757e+01 8.446095e+04 1.230786e+04 2.593203e+02 1.595152e+04 1.545820e+07
<GCONST> 6.702187e+01
<MIXTURE> 6 8.857214e-02
<MEAN> 6
 6.951643e+01 1.115147e+03 7.553226e+01 -7.654746e-01 -1.856086e+00 -1.067334e+02
<VARIANCE> 6
 3.129757e+01 1.649529e+04 1.230786e+04 2.593203e+02 1.595152e+04 1.545820e+07
<GCONST> 6.538865e+01
<MIXTURE> 7 6.724399e-02
<MEAN> 6
 6.723135e+01 -3.858014e+02 3.449427e+02 -6.304336e-02 -4.322347e+00 -5.549775e+01
<VARIANCE> 6
 3.129757e+01 1.230843e+04 1.230786e+04 2.593203e+02 1.595152e+04 1.545820e+07
<GCONST> 6.509586e+01
<MIXTURE> 8 8.066961e-02
<MEAN> 6
 6.555923e+01 4.002757e+02 -1.923980e+02 8.236169e-01 -7.489510e-01 -9.052434e+01
<VARIANCE> 6
 3.129757e+01 1.230843e+04 1.230786e+04 2.593203e+02 1.595152e+04 1.545820e+07
<GCONST> 6.509586e+01
<MIXTURE> 9 1.413148e-02
<MEAN> 6
 7.063253e+01 5.181567e+02 1.620403e+02 -2.814455e-01 -8.531776e+00 -2.315204e+02
<VARIANCE> 6
 3.129757e+01 3.155397e+05 3.293391e+04 2.593203e+02 1.595152e+04 1.545820e+07
<GCONST> 6.932413e+01
<MIXTURE> 10 1.054639e-01
<MEAN> 6
 6.616254e+01 2.170495e+01 2.060124e+02 -2.684858e-01 -3.573330e+00 -7.645676e+01
<VARIANCE> 6
 3.129757e+01 1.230843e+04 1.230786e+04 2.593203e+02 1.595152e+04 1.545820e+07
<GCONST> 6.509586e+01
<MIXTURE> 11 8.104138e-02
<MEAN> 6
 6.554739e+01 4.003049e+02 -1.934887e+02 8.248397e-01 -7.400081e-01 -9.088700e+01
<VARIANCE> 6
 3.129757e+01 1.230843e+04 1.230786e+04 2.593203e+02 1.595152e+04 1.545820e+07
<GCONST> 6.509586e+01
<MIXTURE> 12 1.092181e-01
<MEAN> 6
 6.902516e+01 4.242016e+02 1.556653e+02 -1.179445e-01 -3.238837e+00 -1.272923e+02
<VARIANCE> 6
 3.129757e+01 1.299710e+04 1.230786e+04 2.593203e+02 1.595152e+04 1.545820e+07
<GCONST> 6.515030e+01
<MIXTURE> 13 6.665735e-02
<MEAN> 6
 6.669049e+01 -4.023950e+02 3.386166e+02 -1.280026e-01 -5.493228e+00 -7.248227e+01
<VARIANCE> 6
 3.129757e+01 1.230843e+04 1.230786e+04 2.593203e+02 1.595152e+04 1.545820e+07
<GCONST> 6.509586e+01
<STATE> 12
<NUMMIXES> 13
<MIXTURE> 1 7.562552e-02
<MEAN> 6
 8.295264e+01 -7.092854e+00 8.570968e+01 -4.258429e+00 -1.642481e+01 -3.051123e+01
<VARIANCE> 6
 1.852918e+02 1.757152e+06 1.339552e+06 2.593203e+02 1.595152e+04 1.545820e+07
<GCONST> 7.652527e+01
<MIXTURE> 2 2.901687e-02
<MEAN> 6
 4.435027e+01 -3.536527e+02 -1.933599e+01 -4.356301e+01 -5.269738e+02 2.812829e+03
<VARIANCE> 6
 2.327104e+03 4.565822e+06 3.456348e+06 5.133183e+04 2.052542e+06 1.081330e+09
<GCONST> 9.535158e+01
<MIXTURE> 3 9.980316e-02
<MEAN> 6
 -4.798666e+01 5.555232e+01 4.214950e+01 -3.681837e+01 1.198452e+03 7.986508e+02
<VARIANCE> 6
 1.709836e+02 7.616422e+05 5.100912e+05 2.256651e+04 4.110688e+05 2.701730e+08
<GCONST> 8.521972e+01
<MIXTURE> 4 5.677072e-02
<MEAN> 6
 2.199537e+01 1.451695e+02 1.457009e+02 1.923220e+02 -9.579817e+01 -1.433247e+03
<VARIANCE> 6
 4.317392e+02 4.753096e+05 4.087923e+05 4.826411e+03 7.846325e+04 3.138597e+07
<GCONST> 8.010188e+01
<MIXTURE> 5 9.848228e-02
<MEAN> 6
 6.877740e+01 -1.853159e+02 2.024072e+02 3.257891e+00 -6.001292e+02 1.038086e+02
<VARIANCE> 6
 3.293337e+02 1.781833e+06 9.407691e+05 2.044991e+04 1.620391e+05 6.495523e+07
<GCONST> 8.488248e+01
<MIXTURE> 6 8.532527e-02
<MEAN> 6
 -5.078648e+01 3.767304e+01 1.694766e+01 1.998276e+01 2.731719e+02 1.627297e+02
<VARIANCE> 6
 2.214396e+02 3.185539e+05 6.764972e+05 1.121490e+03 8.158674e+04 2.021398e+07
<GCONST> 7.767737e+01
<MIXTURE> 7 1.052446e-01
<MEAN> 6
 6.172639e+01 -1.022149e+01 -3.656749e+00 4.122365e+00 -4.432612e+02 -2.016724e+02
<VARIANCE> 6
 1.969968e+02 1.564764e+05 9.209276e+04 1.615216e+04 7.403318e+04 2.321511e+07
<GCONST> 7.756406e+01
<MIXTURE> 8 6.318563e-02
<MEAN> 6
 -2.689231e+01 6.359539e+01 3.966763e+01 1.324206e+02 5.695179e+02 -4.936145e+03
<VARIANCE> 6
 2.595788e+02 3.256753e+05 1.184381e+05 1.689751e+04 1.707698e+05 7.811219e+07
<GCONST> 8.091878e+01
<MIXTURE> 9 1.107251e-01
<MEAN> 6
 8.420680e+00 4.262463e+01 7.311802e+01 -2.298313e+02 -1.894972e+01 4.372382e+03
<VARIANCE> 6
 5.373061e+02 6.726126e+05 3.781953e+05 5.297186e+03 2.069304e+05 1.261278e+08
<GCONST> 8.304379e+01
<MIXTURE> 10 7.101988e-02
<MEAN> 6
 7.549899e+01 1.234843e+02 9.378263e+00 -2.233916e+01 -9.052914e+02 -7.824652e+02
<VARIANCE> 6
 3.107635e+02 4.744825e+05 9.630676e+04 2.100543e+04 4.814795e+05 2.426834e+08
<GCONST> 8.365599e+01
<MIXTURE> 11 7.992324e-02
<MEAN> 6
 7.765676e+01 -1.769346e+01 -9.905098e+00 -4.883083e+00 -1.419679e+01 -1.204215e+02
<VARIANCE> 6
 1.223506e+02 3.523421e+05 1.187883e+05 2.593203e+02 1.595152e+04 1.545820e+07
<GCONST> 7.208063e+01
<MIXTURE> 12 6.685600e-02
<MEAN> 6
 -2.456453e+01 -3.004405e+01 -5.092936e+00 2.745605e+00 3.520681e+02 -2.006120e+02
<VARIANCE> 6
 3.622559e+02 6.954403e+04 3.590933e+04 1.938354e+04 1.548665e+05 6.193650e+07
<GCONST> 7.832220e+01
<MIXTURE> 13 5.711360e-02
<MEAN> 6
 1.827498e+01 -1.153492e+02 -7.899182e+01 1.919581e+02 -1.160290e+02 -2.773881e+03
<VARIANCE> 6
 4.211119e+02 4.018348e+05 2.915881e+05 5.139031e+03 8.312109e+04 2.826719e+07
<GCONST> 7.958694e+01
<TRANSP> 13
 0.000000e+00 1.000000e+00 0.000000e+00 0.000000e+00 0.000000e+00 0.000000e+00 0.000000e+00 0.000000e+00 0.000000e+00 0.000000e+00 0.000000e+00 0.000000e+00 0.000000e+00
 0.000000e+00 9.997102e-01 2.898232e-04 0.000000e+00 0.000000e+00 0.000000e+00 0.000000e+00 0.000000e+00 0.000000e+00 0.000000e+00 0.000000e+00 0.000000e+00 0.000000e+00
 0.000000e+00 0.000000e+00 9.895209e-01 1.047906e-02 0.000000e+00 0.000000e+00 0.000000e+00 0.000000e+00 0.000000e+00 0.000000e+00 0.000000e+00 0.000000e+00 0.000000e+00
 0.000000e+00 0.000000e+00 0.000000e+00 9.953666e-01 4.633362e-03 0.000000e+00 0.000000e+00 0.000000e+00 0.000000e+00 0.000000e+00 0.000000e+00 0.000000e+00 0.000000e+00
 0.000000e+00 0.000000e+00 0.000000e+00 0.000000e+00 9.919418e-01 8.058208e-03 0.000000e+00 0.000000e+00 0.000000e+00 0.000000e+00 0.000000e+00 0.000000e+00 0.000000e+00
 0.000000e+00 0.000000e+00 0.000000e+00 0.000000e+00 0.000000e+00 9.988393e-01 1.160764e-03 0.000000e+00 0.000000e+00 0.000000e+00 0.000000e+00 0.000000e+00 0.000000e+00
 0.000000e+00 0.000000e+00 0.000000e+00 0.000000e+00 0.000000e+00 0.000000e+00 9.978487e-01 2.151325e-03 0.000000e+00 0.000000e+00 0.000000e+00 0.000000e+00 0.000000e+00
 0.000000e+00 0.000000e+00 0.000000e+00 0.000000e+00 0.000000e+00 0.000000e+00 0.000000e+00 9.984782e-01 1.521850e-03 0.000000e+00 0.000000e+00 0.000000e+00 0.000000e+00
 0.000000e+00 0.000000e+00 0.000000e+00 0.000000e+00 0.000000e+00 0.000000e+00 0.000000e+00 0.000000e+00 9.950796e-01 4.920378e-03 0.000000e+00 0.000000e+00 0.000000e+00
 0.000000e+00 0.000000e+00 0.000000e+00 0.000000e+00 0.000000e+00 0.000000e+00 0.000000e+00 0.000000e+00 0.000000e+00 9.982988e-01 1.701184e-03 0.000000e+00 0.000000e+00
 0.000000e+00 0.000000e+00 0.000000e+00 0.000000e+00 0.000000e+00 0.000000e+00 0.000000e+00 0.000000e+00 0.000000e+00 0.000000e+00 9.991384e-01 8.616431e-04 0.000000e+00
 0.000000e+00 0.000000e+00 0.000000e+00 0.000000e+00 0.000000e+00 0.000000e+00 0.000000e+00 0.000000e+00 0.000000e+00 0.000000e+00 0.000000e+00 9.999486e-01 5.140352e-05
 0.000000e+00 0.000000e+00 0.000000e+00 0.000000e+00 0.000000e+00 0.000000e+00 0.000000e+00 0.000000e+00 0.000000e+00 0.000000e+00 0.000000e+00 0.000000e+00 0.000000e+00
<ENDHMM>
~h "QuintoPRIMARIA"
<BEGINHMM>
<NUMSTATES> 13
<STATE> 2
<NUMMIXES> 13
<MIXTURE> 1 9.460220e-02
<MEAN> 6
 8.509869e+01 2.982788e+02 1.377533e+03 -1.313654e+00 -1.893234e+01 -1.472538e+02
<VARIANCE> 6
 1.264820e+02 1.768293e+05 3.908296e+06 2.593203e+02 1.595152e+04 1.545820e+07
<GCONST> 7.491794e+01
<MIXTURE> 2 8.120609e-02
<MEAN> 6
 6.175892e+01 -8.684062e+01 3.322551e+02 3.878230e+01 -4.186508e+02 -2.564502e+02
<VARIANCE> 6
 5.213290e+02 3.072834e+05 2.435968e+06 1.809454e+04 5.333960e+04 2.362669e+07
<GCONST> 8.229072e+01
<MIXTURE> 3 8.599970e-02
<MEAN> 6
 -4.530912e+01 -2.516297e+02 1.146547e+02 1.526808e+02 7.691244e+02 -1.363849e+03
<VARIANCE> 6
 2.954117e+02 3.358473e+05 9.431078e+05 9.657667e+03 1.476723e+05 4.724628e+07
<GCONST> 8.194612e+01
<MIXTURE> 4 6.882810e-02
<MEAN> 6
 -3.945015e+00 2.395581e+02 -1.403902e+03 -2.247839e+02 2.959958e+02 8.642626e+03
<VARIANCE> 6
 2.237026e+03 2.632131e+06 1.048244e+07 3.283180e+04 2.573314e+06 9.478518e+08
<GCONST> 9.551825e+01
<MIXTURE> 5 1.046058e-01
<MEAN> 6
 -1.303845e+00 -2.573408e+02 2.394167e+02 3.786566e+00 4.383240e+01 -2.897463e+03
<VARIANCE> 6
 3.746317e+02 6.053066e+05 2.321232e+06 6.604164e+04 1.637569e+05 1.023051e+08
<GCONST> 8.647195e+01
<MIXTURE> 6 8.046921e-02
<MEAN> 6
 7.140125e+01 -6.818466e+02 -2.631816e+02 1.121504e+00 -1.454101e+01 -8.340826e+01
<VARIANCE> 6
 9.681170e+01 2.374144e+05 1.224269e+06 2.593203e+02 1.595152e+04 1.545820e+07
<GCONST> 7.378447e+01
<MIXTURE> 7 5.926083e-02
<MEAN> 6
 8.230126e+01 2.588874e+02 -1.827805e+01 9.038841e-01 -6.990040e+02 8.961805e+02
<VARIANCE> 6
 3.471094e+02 1.130110e+06 3.778955e+06 1.846209e+04 4.191850e+05 2.090087e+08
<GCONST> 8.788712e+01
<MIXTURE> 8 8.773003e-02
<MEAN> 6
 -6.528448e+01 7.153850e+01 -1.348308e+02 3.565579e+00 1.829725e+02 2.670617e+02
<VARIANCE> 6
 1.184571e+02 5.932936e+05 1.704903e+06 6.630908e+02 6.163709e+04 2.819928e+07
<GCONST> 7.812501e+01
<MIXTURE> 9 5.431058e-02
<MEAN> 6
 5.610582e+01 1.449260e+02 -1.117794e+03 2.354091e+00 -1.394294e+01 -4.303520e+01
<VARIANCE> 6
 3.812999e+01 1.103332e+05 4.717643e+06 2.593203e+02 1.595152e+04 1.545820e+07
<GCONST> 7.343536e+01
<MIXTURE> 10 5.913252e-02
<MEAN> 6
 7.614055e+01 5.833549e+02 3.728065e+02 -3.895222e-02 -2.206608e+01 -7.355294e+01
<VARIANCE> 6
 1.504104e+02 9.422513e+05 1.503308e+06 2.593203e+02 1.595152e+04 1.545820e+07
<GCONST> 7.580886e+01
<MIXTURE> 11 7.871924e-02
<MEAN> 6
 -5.802331e+01 -3.225687e+02 -2.108022e+02 -6.944211e+01 1.108246e+03 -3.434126e+02
<VARIANCE> 6
 1.983497e+02 2.683706e+05 2.412897e+06 1.765119e+04 5.694469e+05 2.961413e+08
<GCONST> 8.605108e+01
<MIXTURE> 12 8.778518e-02
<MEAN> 6
 5.136518e+01 -5.732933e+02 5.749064e+00 3.387564e+01 -6.109142e+02 -6.626461e+02
<VARIANCE> 6
 5.279491e+02 6.959328e+05 8.688867e+05 4.545704e+04 1.390004e+05 4.553514e+07
<GCONST> 8.462499e+01
<MIXTURE> 13 5.694218e-02
<MEAN> 6
 7.394010e+01 -1.990542e+02 -6.033182e+02 -5.544125e+01 -1.022029e+03 -1.658991e+03
<VARIANCE> 6
 4.691042e+02 9.383280e+05 3.159016e+06 3.117501e+04 4.769624e+05 2.586453e+08
<GCONST> 8.868925e+01
<STATE> 3
<NUMMIXES> 13
<MIXTURE> 1 3.522498e-02
<MEAN> 6
 8.463562e+01 2.987889e+03 -3.076272e+02 -1.764406e+00 -6.400923e+00 -3.479124e+02
<VARIANCE> 6
 3.129757e+01 1.230843e+04 1.230786e+04 2.593203e+02 1.595152e+04 1.545820e+07
<GCONST> 6.509586e+01
<MIXTURE> 2 1.246440e-01
<MEAN> 6
 8.758975e+01 5.951137e+02 2.810602e+02 4.578544e+01 -5.472725e+02 2.286371e+03
<VARIANCE> 6
 1.237780e+02 1.095185e+06 1.189206e+06 2.033970e+03 2.747589e+05 1.289371e+08
<GCONST> 8.255721e+01
<MIXTURE> 3 4.974984e-02
<MEAN> 6
 4.674541e+01 1.408615e+03 -4.454405e+02 -2.535879e+01 2.057900e+02 2.268706e+03
<VARIANCE> 6
 1.837391e+02 3.663934e+06 1.744549e+04 1.387713e+04 8.492229e+05 1.608899e+08
<GCONST> 8.320797e+01
<MIXTURE> 4 4.222644e-02
<MEAN> 6
 4.493562e+01 8.256006e+02 1.002347e+03 2.023035e+02 -6.774578e+02 1.848436e+03
<VARIANCE> 6
 1.490660e+02 1.694200e+06 2.037305e+06 3.985831e+03 4.439326e+04 5.665384e+07
<GCONST> 8.174533e+01
<MIXTURE> 5 1.300406e-01
<MEAN> 6
 -2.492868e+01 1.188694e+01 3.496830e+02 2.354258e+02 7.579387e+02 -2.675137e+03
<VARIANCE> 6
 1.654392e+02 9.446306e+05 3.337258e+06 2.007908e+03 1.286510e+05 4.341884e+07
<GCONST> 8.187118e+01
<MIXTURE> 6 7.736166e-02
<MEAN> 6
 9.916177e+01 -2.747850e+02 -1.621802e+03 1.120905e+02 -1.114759e+03 -3.665551e+02
<VARIANCE> 6
 1.902387e+02 8.459321e+05 1.027707e+07 1.346788e+04 2.242262e+06 1.593141e+09
<GCONST> 9.138919e+01
<MIXTURE> 7 5.406285e-02
<MEAN> 6
 1.610228e+01 8.504538e+01 1.956618e+03 3.263397e+02 -1.182375e+02 -1.296024e+04
<VARIANCE> 6
 4.013465e+02 5.296918e+05 2.509809e+06 2.105887e+03 5.070197e+05 2.111190e+08
<GCONST> 8.489458e+01
<MIXTURE> 8 7.885935e-02
<MEAN> 6
 6.214627e+01 -2.772457e+02 -6.956278e+02 1.619100e+02 -4.362711e+02 1.175307e+03
<VARIANCE> 6
 1.719679e+02 1.419923e+05 1.451636e+06 5.159124e+03 7.054938e+04 2.074200e+07
<GCONST> 7.878656e+01
<MIXTURE> 9 8.148994e-02
<MEAN> 6
 1.060947e+02 -1.016237e+02 -7.111752e+02 -8.443774e+00 -9.161502e+01 6.464248e+03
<VARIANCE> 6
 1.062764e+02 5.925598e+05 6.443460e+06 2.853415e+02 2.513758e+05 1.109122e+08
<GCONST> 8.127673e+01
<MIXTURE> 10 7.771371e-02
<MEAN> 6
 -5.289607e+01 9.914509e+01 2.578564e+02 1.239044e+02 7.827131e+02 3.079199e+03
<VARIANCE> 6
 6.137766e+01 5.275008e+05 2.489910e+06 1.771304e+03 1.086429e+05 2.695522e+07
<GCONST> 7.923296e+01
<MIXTURE> 11 9.703314e-02
<MEAN> 6
 1.847499e+01 -5.819111e+02 -5.913776e+02 2.800627e+02 -1.310631e+01 -4.888951e+03
<VARIANCE> 6
 2.979218e+02 5.345752e+05 3.090724e+06 1.731755e+03 1.538408e+05 3.662634e+07
<GCONST> 8.167409e+01
<MIXTURE> 12 6.368395e-02
<MEAN> 6
 6.644347e+01 -7.368324e+02 -1.821851e+02 2.281864e+02 -8.230836e+02 -8.228721e+03
<VARIANCE> 6
 1.998421e+02 6.368079e+05 1.564663e+06 4.617908e+03 1.773540e+05 5.488543e+07
<GCONST> 8.229655e+01
<MIXTURE> 13 8.789972e-02
<MEAN> 6
 -5.689517e+01 -1.957124e+02 -1.519080e+03 6.307850e+01 5.083441e+02 6.339938e+02
<VARIANCE> 6
 5.905105e+01 1.837038e+05 8.274432e+06 2.585012e+03 1.478851e+05 3.094277e+07
<GCONST> 8.016475e+01
<STATE> 4
<NUMMIXES> 13
<MIXTURE> 1 2.129014e-02
<MEAN> 6
 6.495697e+01 -1.046448e+03 -7.671494e+02 -1.993551e+01 -3.105538e+02 -1.342525e+03
<VARIANCE> 6
 5.959382e+02 2.478918e+06 1.536768e+06 9.677454e+02 1.501942e+05 6.558650e+07
<GCONST> 8.317946e+01
<MIXTURE> 2 1.182406e-01
<MEAN> 6
 5.685279e+01 -8.329338e+03 -1.717485e+03 6.893026e-01 -5.068113e+00 1.162520e+02
<VARIANCE> 6
 3.129757e+01 8.131817e+05 1.230786e+04 2.593203e+02 1.595152e+04 1.545820e+07
<GCONST> 6.928653e+01
<MIXTURE> 3 5.389839e-02
<MEAN> 6
 5.744648e+01 -1.962774e+04 -2.032430e+03 -9.109223e-01 1.042200e+01 4.209482e+02
<VARIANCE> 6
 3.129757e+01 2.447202e+06 1.230786e+04 2.593203e+02 1.595152e+04 1.545820e+07
<GCONST> 7.038828e+01
<MIXTURE> 4 6.681430e-02
<MEAN> 6
 5.719575e+01 -3.586043e+03 -1.907382e+03 -3.069054e+00 -4.456026e+01 -8.314881e+02
<VARIANCE> 6
 3.129757e+01 1.997012e+05 1.230786e+04 2.593203e+02 1.595152e+04 1.545820e+07
<GCONST> 6.788240e+01
<MIXTURE> 5 3.630130e-02
<MEAN> 6
 6.697508e+01 -3.480703e+02 -2.165530e+03 6.500343e+00 -1.424293e+02 1.626877e+03
<VARIANCE> 6
 3.129757e+01 3.708882e+05 5.014795e+04 2.593203e+02 6.382811e+04 1.967376e+07
<GCONST> 7.153400e+01
<MIXTURE> 6 1.144770e-01
<MEAN> 6
 5.753696e+01 -5.278874e+03 -1.972193e+03 -4.776324e-01 -1.627669e-02 5.404508e+00
<VARIANCE> 6
 3.129757e+01 3.161008e+05 1.230786e+04 2.593203e+02 1.595152e+04 1.545820e+07
<GCONST> 6.834164e+01
<MIXTURE> 7 8.411890e-02
<MEAN> 6
 5.620227e+01 -1.013955e+04 -2.195656e+03 7.347063e-01 9.045136e+00 -1.675924e+02
<VARIANCE> 6
 3.129757e+01 3.502888e+05 1.230786e+04 2.593203e+02 1.595152e+04 1.545820e+07
<GCONST> 6.844434e+01
<MIXTURE> 8 9.683903e-02
<MEAN> 6
 6.319031e+01 -2.507999e+02 -2.362258e+03 -3.633035e+00 2.527730e+00 9.330804e+01
<VARIANCE> 6
 3.129757e+01 2.931159e+04 1.230786e+04 2.593203e+02 1.595152e+04 1.545820e+07
<GCONST> 6.596356e+01
<MIXTURE> 9 1.060124e-01
<MEAN> 6
 5.763733e+01 -6.549312e+03 -1.921234e+03 6.430093e-01 -1.987160e-01 -4.693408e+00
<VARIANCE> 6
 3.129757e+01 2.620530e+05 1.230786e+04 2.593203e+02 1.595152e+04 1.545820e+07
<GCONST> 6.815412e+01
<MIXTURE> 10 6.634778e-02
<MEAN> 6
 5.690529e+01 -1.316665e+04 -2.214401e+03 -1.388621e+00 1.013506e+00 2.049582e+01
<VARIANCE> 6
 3.129757e+01 3.144862e+06 1.230786e+04 2.593203e+02 1.595152e+04 1.545820e+07
<GCONST> 7.063910e+01
<MIXTURE> 11 1.159032e-01
<MEAN> 6
 6.365858e+01 -4.407101e+02 -2.290193e+03 -4.251855e+00 -3.626790e+00 9.310745e+01
<VARIANCE> 6
 3.129757e+01 1.230843e+04 1.230786e+04 2.593203e+02 1.595152e+04 1.545820e+07
<GCONST> 6.509586e+01
<MIXTURE> 12 5.409737e-02
<MEAN> 6
 5.741130e+01 -4.321934e+03 -1.953893e+03 -4.855638e-01 -7.296745e+00 -9.503246e+01
<VARIANCE> 6
 3.129757e+01 4.083390e+05 1.230786e+04 2.593203e+02 1.595152e+04 1.545820e+07
<GCONST> 6.859767e+01
<MIXTURE> 13 6.565113e-02
<MEAN> 6
 5.704590e+01 -1.379480e+04 -2.212059e+03 -1.492263e+00 -1.356128e+00 5.400349e+01
<VARIANCE> 6
 3.129757e+01 3.689619e+06 1.230786e+04 2.593203e+02 1.595152e+04 1.545820e+07
<GCONST> 7.079885e+01
<STATE> 5
<NUMMIXES> 13
<MIXTURE> 1 5.129628e-02
<MEAN> 6
 7.150482e+01 -6.034615e+02 1.541830e+02 -1.713397e-01 -1.567724e-01 -5.012649e+01
<VARIANCE> 6
 3.129757e+01 1.230843e+04 1.230786e+04 2.593203e+02 1.595152e+04 1.545820e+07
<GCONST> 6.509586e+01
<MIXTURE> 2 8.013429e-02
<MEAN> 6
 4.935591e+01 -3.138664e+02 2.481738e+02 5.179023e-02 -1.870803e+00 1.568824e+01
<VARIANCE> 6
 3.129757e+01 1.230843e+04 1.230786e+04 2.593203e+02 1.595152e+04 1.545820e+07
<GCONST> 6.509586e+01
<MIXTURE> 3 1.834550e-02
<MEAN> 6
 4.524936e+01 1.925622e+02 5.389190e+02 -5.768405e+01 4.024993e+02 1.782183e+03
<VARIANCE> 6
 6.017966e+02 1.752321e+05 4.800041e+05 2.385026e+03 1.034810e+05 1.128454e+08
<GCONST> 8.044823e+01
<MIXTURE> 4 2.556700e-02
<MEAN> 6
 4.476220e+01 -1.030119e+03 6.324302e+02 2.374742e+01 -3.238036e+01 3.797126e+01
<VARIANCE> 6
 4.565991e+01 1.230843e+04 1.230786e+04 2.593203e+02 1.595152e+04 1.545820e+07
<GCONST> 6.547354e+01
<MIXTURE> 5 1.016784e-01
<MEAN> 6
 7.148025e+01 -6.087689e+02 1.428965e+02 -2.052494e-02 -7.638451e-01 -7.303024e+01
<VARIANCE> 6
 3.129757e+01 1.230843e+04 1.230786e+04 2.593203e+02 1.595152e+04 1.545820e+07
<GCONST> 6.509586e+01
<MIXTURE> 6 1.007895e-01
<MEAN> 6
 4.880508e+01 -1.044444e+03 1.779776e+01 2.980853e-01 -3.309148e-01 -4.191294e+01
<VARIANCE> 6
 3.129757e+01 1.230843e+04 1.230786e+04 2.593203e+02 1.595152e+04 1.545820e+07
<GCONST> 6.509586e+01
<MIXTURE> 7 9.826504e-02
<MEAN> 6
 7.074773e+01 -1.261101e+03 -1.519272e+02 1.671445e+00 -9.659304e+00 2.797096e+00
<VARIANCE> 6
 3.129757e+01 1.230843e+04 2.278251e+04 2.593203e+02 1.595152e+04 1.545820e+07
<GCONST> 6.571162e+01
<MIXTURE> 8 1.005970e-01
<MEAN> 6
 4.880508e+01 -1.044444e+03 1.779759e+01 2.980876e-01 -3.308997e-01 -4.191306e+01
<VARIANCE> 6
 3.129757e+01 1.230843e+04 1.230786e+04 2.593203e+02 1.595152e+04 1.545820e+07
<GCONST> 6.509586e+01
<MIXTURE> 9 8.817069e-02
<MEAN> 6
 7.068468e+01 -9.272593e+02 8.384763e+01 6.649249e-01 -1.801268e-01 -5.081949e+01
<VARIANCE> 6
 3.129757e+01 1.406543e+04 1.230786e+04 2.593203e+02 1.595152e+04 1.545820e+07
<GCONST> 6.522929e+01
<MIXTURE> 10 9.103709e-02
<MEAN> 6
 7.150601e+01 -6.091656e+02 1.397324e+02 3.642076e-02 -8.236586e-01 -7.724156e+01
<VARIANCE> 6
 3.129757e+01 1.230843e+04 1.230786e+04 2.593203e+02 1.595152e+04 1.545820e+07
<GCONST> 6.509586e+01
<MIXTURE> 11 8.983001e-02
<MEAN> 6
 3.821048e+01 -5.048571e+02 7.936128e+01 6.633634e+00 -8.049494e+00 -1.155211e+02
<VARIANCE> 6
 8.230620e+01 1.230843e+04 2.759060e+04 2.593203e+02 1.595152e+04 1.545820e+07
<GCONST> 6.687000e+01
<MIXTURE> 12 1.025737e-01
<MEAN> 6
 6.146460e+01 -1.121577e+03 4.505126e+02 2.377729e+00 -4.584176e+00 1.381558e+01
<VARIANCE> 6
 3.129757e+01 1.230843e+04 1.230786e+04 2.593203e+02 1.595152e+04 1.545820e+07
<GCONST> 6.509586e+01
<MIXTURE> 13 5.170058e-02
<MEAN> 6
 7.150227e+01 -6.175453e+02 1.248308e+02 2.609925e-01 -1.505917e+00 -1.053115e+02
<VARIANCE> 6
 3.129757e+01 1.230843e+04 1.230786e+04 2.593203e+02 1.595152e+04 1.545820e+07
<GCONST> 6.509586e+01
<STATE> 6
<NUMMIXES> 13
<MIXTURE> 1 3.995772e-02
<MEAN> 6
 5.163952e+01 2.293218e+03 2.605935e+03 2.774225e-01 -6.164817e+00 5.405559e+01
<VARIANCE> 6
 3.129757e+01 2.351524e+04 2.521596e+04 2.593203e+02 1.595152e+04 1.545820e+07
<GCONST> 6.646046e+01
<MIXTURE> 2 1.150885e-01
<MEAN> 6
 9.818384e+01 9.962251e+02 2.190589e+03 -1.456725e+00 -2.169242e+00 1.085259e+01
<VARIANCE> 6
 3.129757e+01 1.893327e+05 1.634426e+05 2.593203e+02 1.595152e+04 1.545820e+07
<GCONST> 7.041531e+01
<MIXTURE> 3 1.232706e-01
<MEAN> 6
 8.756416e+01 -1.928389e+02 -7.768406e+02 -1.863729e+00 -6.210677e+00 1.055162e+02
<VARIANCE> 6
 3.129757e+01 1.230843e+04 5.384871e+04 2.593203e+02 1.595152e+04 1.545820e+07
<GCONST> 6.657180e+01
<MIXTURE> 4 8.694712e-02
<MEAN> 6
 9.871848e+01 -5.005420e+02 -5.415656e+02 -1.418766e+00 -2.667372e-01 -2.379238e+01
<VARIANCE> 6
 3.304248e+01 1.230843e+04 1.230786e+04 2.593203e+02 1.595152e+04 1.545820e+07
<GCONST> 6.515012e+01
<MIXTURE> 5 4.112477e-02
<MEAN> 6
 1.104367e+02 6.339323e+02 3.666120e+02 -6.591348e+00 2.598478e+00 3.613755e+01
<VARIANCE> 6
 4.768299e+01 1.230843e+04 1.298510e+04 2.593203e+02 1.595152e+04 1.545820e+07
<GCONST> 6.557046e+01
<MIXTURE> 6 8.834269e-02
<MEAN> 6
 9.463956e+01 7.243879e+02 -2.339974e+03 -9.544987e-01 1.734894e+00 6.625009e+00
<VARIANCE> 6
 3.129757e+01 1.230843e+04 2.609682e+05 2.593203e+02 1.595152e+04 1.545820e+07
<GCONST> 6.815002e+01
<MIXTURE> 7 6.404327e-02
<MEAN> 6
 9.699520e+01 1.031813e+02 3.354899e+03 -6.501204e+00 -5.784819e+00 5.327490e+01
<VARIANCE> 6
 3.250662e+01 3.689043e+04 1.230786e+04 2.593203e+02 1.595152e+04 1.545820e+07
<GCONST> 6.623143e+01
<MIXTURE> 8 4.106029e-02
<MEAN> 6
 7.932809e+01 -5.237931e+02 -1.439310e+03 -3.436535e+00 1.457199e+00 1.432516e+01
<VARIANCE> 6
 3.129757e+01 1.230843e+04 1.230786e+04 2.593203e+02 1.595152e+04 1.545820e+07
<GCONST> 6.509586e+01
<MIXTURE> 9 1.047013e-01
<MEAN> 6
 9.700500e+01 2.497114e+02 1.126543e+03 -2.185632e+00 6.734685e+00 5.015944e+01
<VARIANCE> 6
 1.003761e+02 1.624048e+05 1.131384e+06 2.593203e+02 1.595152e+04 1.545820e+07
<GCONST> 7.336201e+01
<MIXTURE> 10 6.600541e-02
<MEAN> 6
 9.981008e+01 4.942744e+02 -7.876768e+02 -4.776557e+00 4.366904e+00 5.886613e+01
<VARIANCE> 6
 3.129757e+01 1.230843e+04 4.843027e+05 2.593203e+02 1.595152e+04 1.545820e+07
<GCONST> 6.876833e+01
<MIXTURE> 11 8.768072e-02
<MEAN> 6
 9.636794e+01 -4.985666e+02 -5.439092e+02 -8.249209e-01 -1.138729e+00 -4.630923e+01
<VARIANCE> 6
 3.129757e+01 1.230843e+04 1.230786e+04 2.593203e+02 1.595152e+04 1.545820e+07
<GCONST> 6.509586e+01
<MIXTURE> 12 7.564458e-02
<MEAN> 6
 8.771897e+01 -2.754702e+02 9.848986e+02 -2.943146e+00 6.448772e+00 4.657279e+01
<VARIANCE> 6
 3.494035e+01 8.565350e+04 5.646648e+05 2.593203e+02 1.595152e+04 1.545820e+07
<GCONST> 7.097198e+01
<MIXTURE> 13 6.611233e-02
<MEAN> 6
 9.907935e+01 4.538932e+02 -8.982541e+02 -4.088363e+00 -3.217292e-01 9.155273e-03
<VARIANCE> 6
 3.129757e+01 1.230843e+04 3.987044e+05 2.593203e+02 1.595152e+04 1.545820e+07
<GCONST> 6.857384e+01
<STATE> 7
<NUMMIXES> 13
<MIXTURE> 1 6.282508e-02
<MEAN> 6
 8.307417e+01 1.360159e+03 -6.505824e+01 -2.056189e+00 -1.003402e+01 -1.091855e+01
<VARIANCE> 6
 3.129757e+01 2.051105e+05 1.084055e+05 2.593203e+02 1.595152e+04 1.545820e+07
<GCONST> 7.008476e+01
<MIXTURE> 2 7.939440e-02
<MEAN> 6
 7.049026e+01 3.728937e+03 -6.472940e+02 -1.245883e+00 2.234844e+00 -1.482487e+01
<VARIANCE> 6
 3.129757e+01 1.411052e+06 1.230786e+04 2.593203e+02 1.595152e+04 1.545820e+07
<GCONST> 6.983767e+01
<MIXTURE> 3 5.545041e-02
<MEAN> 6
 7.079006e+01 -1.170782e+03 -6.708821e+02 -5.086188e-01 7.526208e-01 -1.422441e+01
<VARIANCE> 6
 3.129757e+01 1.852169e+05 1.230786e+04 2.593203e+02 1.595152e+04 1.545820e+07
<GCONST> 6.780711e+01
<MIXTURE> 4 7.952297e-02
<MEAN> 6
 7.776776e+01 1.234031e+03 -1.424675e+03 -3.391871e+00 8.445789e-01 5.132366e+00
<VARIANCE> 6
 3.129757e+01 1.230843e+04 1.054996e+05 2.593203e+02 1.595152e+04 1.545820e+07
<GCONST> 6.724433e+01
<MIXTURE> 5 9.518626e-02
<MEAN> 6
 8.273061e+01 3.173286e+02 -6.960659e+02 -1.891313e+00 -4.897786e+00 -8.015247e+01
<VARIANCE> 6
 3.129757e+01 1.230843e+04 2.138900e+04 2.593203e+02 1.595152e+04 1.545820e+07
<GCONST> 6.564850e+01
<MIXTURE> 6 8.069277e-02
<MEAN> 6
 6.895249e+01 1.223557e+03 -2.149341e+02 -1.258882e+00 -1.842674e+00 -6.182449e+01
<VARIANCE> 6
 3.129757e+01 8.154906e+04 1.970326e+04 2.593203e+02 1.595152e+04 1.545820e+07
<GCONST> 6.745732e+01
<MIXTURE> 7 1.108350e-01
<MEAN> 6
 6.621268e+01 2.621775e+02 -8.063131e+02 -1.080895e+00 5.203259e-01 -6.480996e+01
<VARIANCE> 6
 3.129757e+01 1.431775e+04 1.259636e+05 2.593203e+02 1.595152e+04 1.545820e+07
<GCONST> 6.757283e+01
<MIXTURE> 8 5.963024e-02
<MEAN> 6
 6.618579e+01 1.295379e+03 -5.829647e+02 -4.215168e-01 -6.599808e-01 -7.886811e+01
<VARIANCE> 6
 3.129757e+01 1.230843e+04 1.449120e+04 2.593203e+02 1.595152e+04 1.545820e+07
<GCONST> 6.525916e+01
<MIXTURE> 9 6.063663e-02
<MEAN> 6
 5.885106e+01 1.036930e+03 -1.068156e+03 -6.410449e-01 -8.011426e+00 -8.558897e+01
<VARIANCE> 6
 3.129757e+01 1.414993e+04 1.230786e+04 2.593203e+02 1.595152e+04 1.545820e+07
<GCONST> 6.523528e+01
<MIXTURE> 10 9.579212e-02
<MEAN> 6
 7.836745e+01 6.872371e+02 -8.510739e+02 -1.428702e+00 -3.250801e-01 1.087106e+01
<VARIANCE> 6
 3.129757e+01 1.230843e+04 1.230786e+04 2.593203e+02 1.595152e+04 1.545820e+07
<GCONST> 6.509586e+01
<MIXTURE> 11 9.632342e-02
<MEAN> 6
 7.017398e+01 9.961577e+02 -2.820491e+02 -5.053146e-01 -1.415982e+00 -2.050890e+00
<VARIANCE> 6
 3.129757e+01 4.511648e+04 1.230786e+04 2.593203e+02 1.595152e+04 1.545820e+07
<GCONST> 6.639482e+01
<MIXTURE> 12 6.068229e-02
<MEAN> 6
 6.661980e+01 1.347080e+03 -6.623295e+02 -1.037197e+00 -3.598334e-01 -3.843136e+01
<VARIANCE> 6
 3.129757e+01 1.230843e+04 1.230786e+04 2.593203e+02 1.595152e+04 1.545820e+07
<GCONST> 6.509586e+01
<MIXTURE> 13 6.299954e-02
<MEAN> 6
 8.152920e+01 1.342464e+03 -1.959429e+02 -2.946718e+00 -1.533555e+01 -1.014170e+02
<VARIANCE> 6
 3.129757e+01 2.792566e+05 8.332265e+04 2.593203e+02 1.595152e+04 1.545820e+07
<GCONST> 7.013019e+01
<STATE> 8
<NUMMIXES> 13
<MIXTURE> 1 1.237488e-01
<MEAN> 6
 5.618368e+01 1.018299e+01 3.954857e+02 2.486405e-02 -8.231518e-01 -7.252243e+01
<VARIANCE> 6
 3.129757e+01 1.230843e+04 1.230786e+04 2.593203e+02 1.595152e+04 1.545820e+07
<GCONST> 6.509586e+01
<MIXTURE> 2 4.602348e-02
<MEAN> 6
 5.840273e+01 -2.385786e+02 8.757391e+02 -2.479488e-01 -4.322629e+00 -7.809969e+01
<VARIANCE> 6
 3.129757e+01 1.230843e+04 1.230786e+04 2.593203e+02 1.595152e+04 1.545820e+07
<GCONST> 6.509586e+01
<MIXTURE> 3 9.484284e-02
<MEAN> 6
 6.411797e+01 1.703128e+01 -4.236381e+02 -5.655350e-02 -2.267386e+00 -6.326678e+01
<VARIANCE> 6
 3.129757e+01 1.230843e+04 1.230786e+04 2.593203e+02 1.595152e+04 1.545820e+07
<GCONST> 6.509586e+01
<MIXTURE> 4 6.114520e-03
<MEAN> 6
 5.498504e+01 1.777959e+01 -2.467034e+01 -3.755815e+01 1.673751e+02 3.659244e+03
<VARIANCE> 6
 1.737094e+02 3.643671e+05 3.457083e+05 1.130412e+03 3.260205e+05 1.148931e+08
<GCONST> 8.002847e+01
<MIXTURE> 5 8.211692e-02
<MEAN> 6
 6.025653e+01 -2.105166e+02 -3.217096e+02 2.439612e-01 -1.776414e+00 -5.467465e+01
<VARIANCE> 6
 3.129757e+01 1.230843e+04 1.230786e+04 2.593203e+02 1.595152e+04 1.545820e+07
<GCONST> 6.509586e+01
<MIXTURE> 6 8.999491e-02
<MEAN> 6
 6.127617e+01 -3.250449e+01 1.494986e+02 5.093828e-01 -1.795386e+00 -7.292926e+01
<VARIANCE> 6
 3.129757e+01 1.230843e+04 1.727004e+04 2.593203e+02 1.595152e+04 1.545820e+07
<GCONST> 6.543459e+01
<MIXTURE> 7 9.392171e-02
<MEAN> 6
 5.801892e+01 -6.647088e+01 -1.519479e+01 4.534617e-01 -4.520951e+00 -1.189293e+02
<VARIANCE> 6
 3.129757e+01 1.560008e+04 1.230786e+04 2.593203e+02 1.595152e+04 1.545820e+07
<GCONST> 6.533286e+01
<MIXTURE> 8 9.595289e-02
<MEAN> 6
 6.285347e+01 -1.844722e+02 -6.711926e+02 1.433732e-02 -6.016298e+00 -2.226360e+02
<VARIANCE> 6
 3.129757e+01 1.230843e+04 1.230786e+04 2.593203e+02 1.595152e+04 1.545820e+07
<GCONST> 6.509586e+01
<MIXTURE> 9 6.561235e-02
<MEAN> 6
 6.056501e+01 3.665192e+01 4.061474e+01 1.001273e+00 2.092197e+00 -9.860585e+01
<VARIANCE> 6
 3.129757e+01 2.640708e+04 1.230786e+04 2.593203e+02 1.595152e+04 1.545820e+07
<GCONST> 6.585921e+01
<MIXTURE> 10 6.189116e-02
<MEAN> 6
 5.939268e+01 1.170661e+01 2.932579e+02 5.446481e-01 1.911861e+00 -5.275794e+01
<VARIANCE> 6
 3.129757e+01 1.230843e+04 1.230786e+04 2.593203e+02 1.595152e+04 1.545820e+07
<GCONST> 6.509586e+01
<MIXTURE> 11 8.723328e-02
<MEAN> 6
 6.325113e+01 -6.358213e+01 -4.091396e+02 1.470169e-01 -1.323299e+00 -6.161515e+01
<VARIANCE> 6
 3.129757e+01 1.230843e+04 1.230786e+04 2.593203e+02 1.595152e+04 1.545820e+07
<GCONST> 6.509586e+01
<MIXTURE> 12 8.558828e-02
<MEAN> 6
 5.758751e+01 -1.156852e+02 -4.453987e+01 5.313488e-01 -3.790829e+00 -1.058454e+02
<VARIANCE> 6
 3.129757e+01 1.486922e+04 1.230786e+04 2.593203e+02 1.595152e+04 1.545820e+07
<GCONST> 6.528487e+01
<MIXTURE> 13 6.689131e-02
<MEAN> 6
 5.834848e+01 -2.616650e+01 -3.911182e+00 4.718953e-01 -5.340111e+00 -1.401972e+02
<VARIANCE> 6
 3.129757e+01 2.009614e+04 1.230786e+04 2.593203e+02 1.595152e+04 1.545820e+07
<GCONST> 6.558611e+01
<STATE> 9
<NUMMIXES> 13
<MIXTURE> 1 6.440951e-02
<MEAN> 6
 7.535153e+01 5.787006e+02 8.771006e+02 -2.540230e+00 -4.079278e+00 5.577502e+01
<VARIANCE> 6
 3.129757e+01 2.225912e+05 7.375166e+05 2.593203e+02 1.595152e+04 1.545820e+07
<GCONST> 7.208396e+01
<MIXTURE> 2 7.558942e-02
<MEAN> 6
 7.143024e+01 4.602274e+02 -1.867730e+02 -1.481735e+00 -3.709925e+00 5.049257e-01
<VARIANCE> 6
 3.129757e+01 1.230843e+04 1.230786e+04 2.593203e+02 1.595152e+04 1.545820e+07
<GCONST> 6.509586e+01
<MIXTURE> 3 7.965550e-02
<MEAN> 6
 7.889699e+01 -1.046283e+02 -1.211519e+02 -8.008447e-01 -8.119296e+00 -1.055990e+02
<VARIANCE> 6
 3.129757e+01 1.230843e+04 1.331253e+04 2.593203e+02 1.595152e+04 1.545820e+07
<GCONST> 6.517432e+01
<MIXTURE> 4 1.154408e-01
<MEAN> 6
 8.259233e+01 3.760141e+02 2.144380e+02 -1.218283e+00 -2.128080e+00 -1.353458e+01
<VARIANCE> 6
 3.129757e+01 1.230843e+04 1.230786e+04 2.593203e+02 1.595152e+04 1.545820e+07
<GCONST> 6.509586e+01
<MIXTURE> 5 6.416778e-02
<MEAN> 6
 7.257024e+01 -1.655180e+02 -1.758995e+02 -9.030260e-01 7.661384e+00 -1.992740e+01
<VARIANCE> 6
 3.129757e+01 1.230843e+04 1.230786e+04 2.593203e+02 1.595152e+04 1.545820e+07
<GCONST> 6.509586e+01
<MIXTURE> 6 1.002202e-01
<MEAN> 6
 7.263295e+01 1.961375e+02 7.709745e+02 9.238967e-01 1.866174e+00 -5.878332e+01
<VARIANCE> 6
 3.129757e+01 2.479820e+04 1.230786e+04 2.593203e+02 1.595152e+04 1.545820e+07
<GCONST> 6.579635e+01
<MIXTURE> 7 5.050664e-02
<MEAN> 6
 6.841590e+01 1.744468e+02 -1.646366e+02 -1.132210e+00 -4.851525e-02 -8.576907e+01
<VARIANCE> 6
 3.129757e+01 1.230843e+04 1.230786e+04 2.593203e+02 1.595152e+04 1.545820e+07
<GCONST> 6.509586e+01
<MIXTURE> 8 8.763707e-02
<MEAN> 6
 7.549480e+01 1.402127e+02 7.602846e+01 7.095237e-01 -7.950978e+00 -1.866128e+02
<VARIANCE> 6
 3.129757e+01 1.230843e+04 1.230786e+04 2.593203e+02 1.595152e+04 1.545820e+07
<GCONST> 6.509586e+01
<MIXTURE> 9 8.643219e-02
<MEAN> 6
 7.908404e+01 -1.008305e+02 -1.554738e+02 -6.984966e-01 -1.071144e+01 -1.179778e+02
<VARIANCE> 6
 3.129757e+01 1.230843e+04 1.230786e+04 2.593203e+02 1.595152e+04 1.545820e+07
<GCONST> 6.509586e+01
<MIXTURE> 10 9.471662e-02
<MEAN> 6
 7.332200e+01 1.724020e+02 4.482188e+01 7.987247e-01 -3.449487e+00 -1.472950e+02
<VARIANCE> 6
 3.129757e+01 1.230843e+04 1.230786e+04 2.593203e+02 1.595152e+04 1.545820e+07
<GCONST> 6.509586e+01
<MIXTURE> 11 5.683620e-02
<MEAN> 6
 7.894327e+01 2.519233e+00 4.880699e+02 -1.449246e+00 3.718743e+00 -1.591088e+02
<VARIANCE> 6
 3.129757e+01 1.230843e+04 1.230786e+04 2.593203e+02 1.595152e+04 1.545820e+07
<GCONST> 6.509586e+01
<MIXTURE> 12 6.018207e-02
<MEAN> 6
 7.068634e+01 4.416791e+02 -2.642648e+02 -1.357073e+00 -7.788852e+00 -5.981270e+01
<VARIANCE> 6
 3.129757e+01 1.230843e+04 1.865507e+04 2.593203e+02 1.595152e+04 1.545820e+07
<GCONST> 6.551174e+01
<MIXTURE> 13 6.417529e-02
<MEAN> 6
 7.101152e+01 -2.102995e+02 -2.019473e+02 -5.955678e-01 -2.688262e+00 -1.117739e+02
<VARIANCE> 6
 3.129757e+01 1.230843e+04 1.230786e+04 2.593203e+02 1.595152e+04 1.545820e+07
<GCONST> 6.509586e+01
<STATE> 10
<NUMMIXES> 13
<MIXTURE> 1 7.884754e-02
<MEAN> 6
 6.737639e+01 2.402140e+01 -8.443637e+01 -2.843747e+01 -6.404005e+02 -1.033391e+04
<VARIANCE> 6
 1.045350e+02 8.957433e+04 1.569674e+05 4.177148e+02 5.291137e+04 4.405670e+07
<GCONST> 7.355556e+01
<MIXTURE> 2 7.523675e-02
<MEAN> 6
 5.112505e+01 -5.473433e+01 -6.623380e+00 -1.090598e+02 -9.074311e+02 -3.477188e+03
<VARIANCE> 6
 1.292315e+02 1.546093e+04 1.122794e+05 2.041557e+03 1.906940e+05 4.031311e+07
<GCONST> 7.445576e+01
<MIXTURE> 3 1.080468e-01
<MEAN> 6
 6.546415e+01 3.789627e+02 -1.248766e+02 -1.095183e+02 -1.414327e+03 -1.081243e+04
<VARIANCE> 6
 1.080280e+02 7.110614e+05 9.955744e+04 3.133583e+03 6.129314e+05 2.316084e+08
<GCONST> 8.132916e+01
<MIXTURE> 4 9.386473e-02
<MEAN> 6
 -3.136564e+01 8.333064e+01 -1.457397e+02 -3.512508e+02 1.889806e+03 3.341724e+04
<VARIANCE> 6
 2.723085e+02 5.200298e+05 4.961944e+05 6.307866e+03 1.458503e+06 8.964856e+08
<GCONST> 8.646703e+01
<MIXTURE> 5 1.071422e-01
<MEAN> 6
 4.882358e+00 1.194099e+02 -1.808457e+02 -3.818296e+02 -4.648924e+02 1.481780e+04
<VARIANCE> 6
 2.630872e+02 5.464363e+05 2.936392e+05 2.947224e+03 4.109074e+05 3.572864e+08
<GCONST> 8.300982e+01
<MIXTURE> 6 3.746827e-02
<MEAN> 6
 3.520004e+01 -1.831887e+02 -5.734602e+02 -2.356656e+02 -8.673878e+02 4.101302e+03
<VARIANCE> 6
 2.159565e+02 2.718424e+06 1.006297e+06 3.737822e+03 3.338993e+05 4.278907e+07
<GCONST> 8.355634e+01
<MIXTURE> 7 1.061251e-01
<MEAN> 6
 -5.116143e+01 -1.636173e+02 -3.846592e+02 -1.279632e+02 1.949256e+03 -1.969772e+04
<VARIANCE> 6
 3.266484e+02 1.219961e+06 6.147412e+05 6.281340e+03 1.851765e+06 7.378610e+08
<GCONST> 8.775568e+01
<MIXTURE> 8 1.993013e-02
<MEAN> 6
 6.137825e+00 -1.005010e+02 -2.546234e+03 -4.252519e+02 -8.187922e+02 2.358123e+04
<VARIANCE> 6
 2.993775e+02 6.702961e+04 1.593399e+07 7.556967e+03 1.248805e+06 5.811724e+08
<GCONST> 8.757430e+01
<MIXTURE> 9 6.017149e-02
<MEAN> 6
 -5.989642e+01 1.001024e+02 9.724716e+00 2.763379e+01 1.473711e+03 -1.212551e+03
<VARIANCE> 6
 2.123967e+02 9.906809e+04 7.387501e+05 2.543520e+04 1.604485e+05 3.930103e+07
<GCONST> 8.101838e+01
<MIXTURE> 10 1.098296e-01
<MEAN> 6
 4.223100e+01 5.725058e+01 -1.621488e+02 -2.818046e+02 -1.600592e+03 7.900680e+03
<VARIANCE> 6
 2.030944e+02 2.058663e+05 1.835233e+05 4.149670e+03 4.987928e+05 1.716619e+08
<GCONST> 8.110778e+01
<MIXTURE> 11 8.078657e-02
<MEAN> 6
 -6.890842e+01 -1.896360e+02 -2.269011e+02 4.922219e+01 6.718941e+02 9.477972e+02
<VARIANCE> 6
 5.318592e+01 1.441292e+05 7.666471e+04 2.709928e+03 4.616844e+04 3.430242e+07
<GCONST> 7.412218e+01
<MIXTURE> 12 6.078262e-02
<MEAN> 6
 -7.179646e+01 -1.971356e+02 -8.317935e+02 -6.230184e+00 2.068436e+02 -2.004217e+02
<VARIANCE> 6
 5.892273e+01 6.515676e+05 3.630378e+05 7.458764e+02 1.006130e+05 1.247350e+08
<GCONST> 7.806818e+01
<MIXTURE> 13 6.175647e-02
<MEAN> 6
 -5.833153e+01 -2.097415e+01 -3.259815e+02 -7.799765e+00 1.283417e+03 -3.791633e+03
<VARIANCE> 6
 2.262650e+02 1.073379e+05 7.278058e+05 2.109779e+04 1.972150e+05 5.899675e+07
<GCONST> 8.157246e+01
<STATE> 11
<NUMMIXES> 13
<MIXTURE> 1 5.278591e-02
<MEAN> 6
 5.534665e+01 6.818584e+02 7.241243e+00 -3.059201e+00 1.806908e+01 -5.785315e+01
<VARIANCE> 6
 3.129757e+01 1.253019e+04 1.230786e+04 2.593203e+02 1.595152e+04 1.545820e+07
<GCONST> 6.511372e+01
<MIXTURE> 2 9.093209e-02
<MEAN> 6
 6.676480e+01 -7.453504e+01 3.472192e+03 -7.783790e+00 7.792017e+00 -1.463535e+02
<VARIANCE> 6
 3.129757e+01 1.230843e+04 1.399010e+05 2.593203e+02 1.595152e+04 1.545820e+07
<GCONST> 6.752656e+01
<MIXTURE> 3 1.049420e-01
<MEAN> 6
 5.471468e+01 1.126443e+03 -3.311811e+02 -1.590704e+00 2.502063e+01 2.767496e+02
<VARIANCE> 6
 3.129757e+01 1.291529e+05 1.230786e+04 2.593203e+02 1.595152e+04 1.545820e+07
<GCONST> 6.744657e+01
<MIXTURE> 4 8.334569e-02
<MEAN> 6
 5.415964e+01 3.111353e+02 -2.021550e+02 1.351759e+00 2.918087e+00 -1.158071e+02
<VARIANCE> 6
 3.129757e+01 1.230843e+04 1.230786e+04 2.593203e+02 1.595152e+04 1.545820e+07
<GCONST> 6.509586e+01
<MIXTURE> 5 5.424023e-02
<MEAN> 6
 6.134623e+01 3.872914e+02 2.965430e+03 1.042223e+01 2.293461e+02 -1.878066e+03
<VARIANCE> 6
 1.197489e+03 2.282626e+05 1.972909e+06 3.797527e+03 3.554022e+05 1.395529e+08
<GCONST> 8.472558e+01
<MIXTURE> 6 8.366089e-02
<MEAN> 6
 5.415961e+01 3.111328e+02 -2.021543e+02 1.351665e+00 2.917426e+00 -1.158076e+02
<VARIANCE> 6
 3.129757e+01 1.230843e+04 1.230786e+04 2.593203e+02 1.595152e+04 1.545820e+07
<GCONST> 6.509586e+01
<MIXTURE> 7 6.751572e-02
<MEAN> 6
 5.417119e+01 5.852919e+01 2.923246e+03 -2.367568e+00 3.932092e+01 -1.810020e+02
<VARIANCE> 6
 3.129757e+01 1.230843e+04 1.230786e+04 2.593203e+02 1.595152e+04 1.545820e+07
<GCONST> 6.509586e+01
<MIXTURE> 8 8.460453e-02
<MEAN> 6
 5.713531e+01 5.641879e+01 2.991725e+03 -1.581954e+01 -2.224665e+01 1.613251e+03
<VARIANCE> 6
 3.129757e+01 3.733118e+04 2.214485e+05 2.593203e+02 6.685727e+04 3.544400e+07
<GCONST> 7.135817e+01
<MIXTURE> 9 7.140205e-02
<MEAN> 6
 5.778981e+01 3.214757e+02 2.093959e+02 2.172997e-01 -1.406497e+01 -4.160434e+02
<VARIANCE> 6
 3.129757e+01 1.230843e+04 1.230786e+04 2.593203e+02 1.595152e+04 1.545820e+07
<GCONST> 6.509586e+01
<MIXTURE> 10 8.371311e-02
<MEAN> 6
 5.415961e+01 3.111328e+02 -2.021543e+02 1.351665e+00 2.917420e+00 -1.158078e+02
<VARIANCE> 6
 3.129757e+01 1.230843e+04 1.230786e+04 2.593203e+02 1.595152e+04 1.545820e+07
<GCONST> 6.509586e+01
<MIXTURE> 11 8.341691e-02
<MEAN> 6
 5.415960e+01 3.111313e+02 -2.021538e+02 1.351607e+00 2.917023e+00 -1.158081e+02
<VARIANCE> 6
 3.129757e+01 1.230843e+04 1.230786e+04 2.593203e+02 1.595152e+04 1.545820e+07
<GCONST> 6.509586e+01
<MIXTURE> 12 7.071102e-02
<MEAN> 6
 5.783177e+01 3.196084e+02 2.104380e+02 2.168330e-01 -1.492074e+01 -4.330106e+02
<VARIANCE> 6
 3.129757e+01 1.230843e+04 1.230786e+04 2.593203e+02 1.595152e+04 1.545820e+07
<GCONST> 6.509586e+01
<MIXTURE> 13 6.872078e-02
<MEAN> 6
 5.306863e+01 6.472700e+01 2.889055e+03 -2.736413e+00 9.926507e+00 -6.758414e+01
<VARIANCE> 6
 3.129757e+01 1.230843e+04 1.230786e+04 2.593203e+02 1.595152e+04 1.545820e+07
<GCONST> 6.509586e+01
<STATE> 12
<NUMMIXES> 13
<MIXTURE> 1 6.333026e-02
<MEAN> 6
 8.368111e+01 2.691810e+02 1.095339e+02 -6.596839e+00 -7.729705e+00 -1.004130e+02
<VARIANCE> 6
 2.318761e+02 1.388865e+06 4.520593e+05 2.593203e+02 1.595152e+04 1.545820e+07
<GCONST> 7.542805e+01
<MIXTURE> 2 1.216049e-02
<MEAN> 6
 1.945312e+01 7.349304e+02 -2.312745e+02 -8.565898e+01 -1.673324e+02 5.495571e+03
<VARIANCE> 6
 3.387627e+03 4.932183e+06 3.313917e+06 1.770302e+05 3.405903e+07 3.184091e+10
<GCONST> 1.031918e+02
<MIXTURE> 3 7.045922e-02
<MEAN> 6
 -4.361925e+01 -1.577606e+02 1.781369e+02 -4.619852e+01 1.418486e+03 3.877417e+02
<VARIANCE> 6
 3.396372e+02 6.905234e+05 3.359348e+05 4.176917e+04 7.548998e+05 6.435966e+08
<GCONST> 8.748186e+01
<MIXTURE> 4 7.944355e-02
<MEAN> 6
 8.777325e+01 2.378009e+02 -4.678868e+00 2.822508e+01 -9.380255e+02 7.016973e+01
<VARIANCE> 6
 2.003520e+02 7.491523e+05 3.974820e+05 1.549017e+04 1.180594e+06 7.084757e+08
<GCONST> 8.675505e+01
<MIXTURE> 5 9.171717e-02
<MEAN> 6
 1.963907e+01 6.223365e+01 1.399982e+02 2.173090e+02 -9.112228e+01 -3.622856e+03
<VARIANCE> 6
 7.475068e+02 9.667526e+05 4.067005e+05 7.617310e+03 2.893911e+05 6.310707e+07
<GCONST> 8.381559e+01
<MIXTURE> 6 8.986115e-02
<MEAN> 6
 1.783184e+01 -1.747891e+01 -2.758114e+00 3.669088e+01 -5.015100e+01 -2.359355e+03
<VARIANCE> 6
 7.142759e+02 2.572970e+04 4.306243e+04 4.223274e+04 2.087973e+05 1.192399e+08
<GCONST> 7.992106e+01
<MIXTURE> 7 8.140927e-02
<MEAN> 6
 -5.079792e+01 2.860266e+01 7.243677e+01 1.879731e+01 2.128790e+02 2.383238e+02
<VARIANCE> 6
 2.385226e+02 4.482990e+05 1.502428e+05 8.311507e+02 6.029023e+04 2.113060e+07
<GCONST> 7.603092e+01
<MIXTURE> 8 6.381644e-02
<MEAN> 6
 8.074844e+01 -1.079890e+00 3.662812e+01 -6.548261e+00 -8.180687e-01 -5.791631e+01
<VARIANCE> 6
 1.502337e+02 8.073213e+04 7.131489e+04 2.593203e+02 1.595152e+04 1.545820e+07
<GCONST> 7.030223e+01
<MIXTURE> 9 9.292194e-02
<MEAN> 6
 7.609532e+01 7.326337e+01 -1.272300e+01 8.096203e+00 -4.373475e+02 -2.803790e+02
<VARIANCE> 6
 2.888987e+02 1.128481e+05 5.402180e+04 1.323120e+04 1.264882e+05 5.784183e+07
<GCONST> 7.833574e+01
<MIXTURE> 10 8.026622e-02
<MEAN> 6
 1.353351e+01 -1.551376e+01 8.027810e+01 -2.633649e+02 -1.901004e+02 7.404007e+03
<VARIANCE> 6
 6.626641e+02 2.618847e+05 3.400364e+05 6.340190e+03 4.980923e+05 2.382144e+08
<GCONST> 8.389789e+01
<MIXTURE> 11 1.199926e-01
<MEAN> 6
 -4.129150e+01 -3.074442e+01 5.989810e+01 4.952202e+01 8.097933e+02 -8.188842e+02
<VARIANCE> 6
 3.117890e+02 7.170991e+04 7.828395e+04 1.880062e+04 1.798720e+05 8.121433e+07
<GCONST> 7.937231e+01
<MIXTURE> 12 9.034117e-02
<MEAN> 6
 6.477316e+01 -3.844566e+01 -2.196264e+01 -2.778097e+01 -7.552914e+02 -4.648178e+02
<VARIANCE> 6
 2.610576e+02 1.125379e+05 1.143157e+05 2.740054e+04 2.622911e+05 5.781116e+07
<GCONST> 8.043799e+01
<MIXTURE> 13 6.366199e-02
<MEAN> 6
 7.738608e+01 -1.039085e+02 -7.120847e+01 -6.252350e+00 -2.708780e+01 -3.044846e+02
<VARIANCE> 6
 1.367486e+02 7.718523e+04 8.748212e+04 2.593203e+02 1.595152e+04 1.545820e+07
<GCONST> 7.036758e+01
<TRANSP> 13
 0.000000e+00 1.000000e+00 0.000000e+00 0.000000e+00 0.000000e+00 0.000000e+00 0.000000e+00 0.000000e+00 0.000000e+00 0.000000e+00 0.000000e+00 0.000000e+00 0.000000e+00
 0.000000e+00 9.998758e-01 1.241739e-04 0.000000e+00 0.000000e+00 0.000000e+00 0.000000e+00 0.000000e+00 0.000000e+00 0.000000e+00 0.000000e+00 0.000000e+00 0.000000e+00
 0.000000e+00 0.000000e+00 9.963528e-01 3.647196e-03 0.000000e+00 0.000000e+00 0.000000e+00 0.000000e+00 0.000000e+00 0.000000e+00 0.000000e+00 0.000000e+00 0.000000e+00
 0.000000e+00 0.000000e+00 0.000000e+00 9.872928e-01 1.270719e-02 0.000000e+00 0.000000e+00 0.000000e+00 0.000000e+00 0.000000e+00 0.000000e+00 0.000000e+00 0.000000e+00
 0.000000e+00 0.000000e+00 0.000000e+00 0.000000e+00 9.971103e-01 2.889646e-03 0.000000e+00 0.000000e+00 0.000000e+00 0.000000e+00 0.000000e+00 0.000000e+00 0.000000e+00
 0.000000e+00 0.000000e+00 0.000000e+00 0.000000e+00 0.000000e+00 9.986783e-01 1.321681e-03 0.000000e+00 0.000000e+00 0.000000e+00 0.000000e+00 0.000000e+00 0.000000e+00
 0.000000e+00 0.000000e+00 0.000000e+00 0.000000e+00 0.000000e+00 0.000000e+00 9.985848e-01 1.415185e-03 0.000000e+00 0.000000e+00 0.000000e+00 0.000000e+00 0.000000e+00
 0.000000e+00 0.000000e+00 0.000000e+00 0.000000e+00 0.000000e+00 0.000000e+00 0.000000e+00 9.991162e-01 8.837341e-04 0.000000e+00 0.000000e+00 0.000000e+00 0.000000e+00
 0.000000e+00 0.000000e+00 0.000000e+00 0.000000e+00 0.000000e+00 0.000000e+00 0.000000e+00 0.000000e+00 9.985337e-01 1.466217e-03 0.000000e+00 0.000000e+00 0.000000e+00
 0.000000e+00 0.000000e+00 0.000000e+00 0.000000e+00 0.000000e+00 0.000000e+00 0.000000e+00 0.000000e+00 0.000000e+00 9.974492e-01 2.550838e-03 0.000000e+00 0.000000e+00
 0.000000e+00 0.000000e+00 0.000000e+00 0.000000e+00 0.000000e+00 0.000000e+00 0.000000e+00 0.000000e+00 0.000000e+00 0.000000e+00 9.919520e-01 8.047965e-03 0.000000e+00
 0.000000e+00 0.000000e+00 0.000000e+00 0.000000e+00 0.000000e+00 0.000000e+00 0.000000e+00 0.000000e+00 0.000000e+00 0.000000e+00 0.000000e+00 9.999333e-01 6.671086e-05
 0.000000e+00 0.000000e+00 0.000000e+00 0.000000e+00 0.000000e+00 0.000000e+00 0.000000e+00 0.000000e+00 0.000000e+00 0.000000e+00 0.000000e+00 0.000000e+00 0.000000e+00
<ENDHMM>
