~o
<STREAMINFO> 1 6
<VECSIZE> 6<NULLD><USER><DIAGC>
~h "SegundoPRIMARIA"
<BEGINHMM>
<NUMSTATES> 12
<STATE> 2
<NUMMIXES> 15
<MIXTURE> 1 8.900066e-02
<MEAN> 6
 1.058199e+02 -2.074955e+02 3.097997e+02 -8.701850e+00 -4.002776e+01 -3.731728e+02
<VARIANCE> 6
 2.051611e+02 1.124832e+06 5.386119e+05 2.998645e+02 4.044808e+04 5.191738e+07
<GCONST> 7.755722e+01
<MIXTURE> 2 5.990474e-02
<MEAN> 6
 4.158400e+01 -7.175910e+02 -9.821219e-01 -5.635915e+01 -3.511715e+02 4.071649e+03
<VARIANCE> 6
 4.709217e+03 3.879321e+07 1.827029e+06 7.041266e+04 4.583726e+06 3.358614e+09
<GCONST> 9.981144e+01
<MIXTURE> 3 5.701375e-02
<MEAN> 6
 3.101589e+00 -4.106892e+01 -3.627026e+01 2.674576e+02 1.542727e+02 -5.728029e+03
<VARIANCE> 6
 5.037238e+02 4.227483e+05 6.590528e+05 6.326059e+03 2.224092e+05 6.796614e+07
<GCONST> 8.270161e+01
<MIXTURE> 4 4.558941e-02
<MEAN> 6
 -6.514466e+01 2.234783e+02 6.576634e+01 1.365675e+00 1.881970e+02 1.076759e+03
<VARIANCE> 6
 2.840073e+02 4.202566e+05 1.298222e+06 7.033018e+02 5.907865e+04 5.191738e+07
<GCONST> 7.900896e+01
<MIXTURE> 5 6.937425e-02
<MEAN> 6
 1.009753e+02 4.035205e+01 -5.014881e+01 5.344194e+01 -8.524032e+02 -1.676112e+03
<VARIANCE> 6
 5.351602e+02 9.593744e+05 1.031093e+06 2.545372e+04 1.535909e+06 8.729242e+08
<GCONST> 8.990660e+01
<MIXTURE> 6 6.097693e-02
<MEAN> 6
 7.313317e+01 8.313123e+02 -7.535026e+02 5.166506e+00 -3.672595e+01 -5.525065e+01
<VARIANCE> 6
 1.391425e+02 4.353242e+05 6.992980e+05 2.998645e+02 4.044808e+04 5.191738e+07
<GCONST> 7.648071e+01
<MIXTURE> 7 9.132561e-02
<MEAN> 6
 8.711884e+01 3.481488e+01 1.437200e+02 -5.798956e+01 -5.248370e+02 -1.184537e+03
<VARIANCE> 6
 4.898864e+02 1.496075e+05 7.526819e+05 1.209838e+04 1.768685e+05 5.191738e+07
<GCONST> 8.191776e+01
<MIXTURE> 8 8.058487e-02
<MEAN> 6
 -4.825150e+01 -8.477409e+01 7.100948e+01 -5.864972e+01 1.419417e+03 -4.927671e+02
<VARIANCE> 6
 5.881584e+02 6.540997e+05 1.188152e+06 5.323556e+04 8.640056e+05 5.922258e+08
<GCONST> 8.953439e+01
<MIXTURE> 9 8.226002e-02
<MEAN> 6
 3.153609e+01 -9.267268e+01 5.140440e+01 -2.798458e+02 -5.243472e+02 5.142223e+03
<VARIANCE> 6
 9.358457e+02 2.726194e+05 9.925258e+05 8.193359e+03 6.077974e+05 1.784569e+08
<GCONST> 8.552108e+01
<MIXTURE> 10 6.019823e-02
<MEAN> 6
 6.109412e+01 -4.214835e+02 1.339566e+03 -7.001030e-02 -2.770513e+00 -6.094592e+01
<VARIANCE> 6
 3.171274e+01 2.156928e+05 4.660100e+05 2.998645e+02 4.044808e+04 5.191738e+07
<GCONST> 7.389381e+01
<MIXTURE> 11 6.239169e-02
<MEAN> 6
 -4.757446e+01 -7.046908e+01 2.043903e+02 5.450188e+01 6.398288e+02 4.919110e+02
<VARIANCE> 6
 3.767646e+02 2.513965e+05 6.588120e+05 1.884102e+04 1.613409e+05 5.191738e+07
<GCONST> 8.239209e+01
<MIXTURE> 12 7.649319e-02
<MEAN> 6
 5.481833e+01 -1.396520e+02 -1.253316e+02 1.956250e+02 -4.149125e+02 -6.605431e+02
<VARIANCE> 6
 5.133723e+02 3.592716e+05 1.175606e+06 1.215689e+04 2.161392e+05 6.952693e+07
<GCONST> 8.378395e+01
<MIXTURE> 13 6.120581e-02
<MEAN> 6
 7.661486e+01 3.353090e+01 -1.386120e+03 2.419984e-01 -1.458414e+01 -8.513963e+01
<VARIANCE> 6
 3.171274e+01 9.578285e+04 5.244172e+05 2.998645e+02 4.044808e+04 5.191738e+07
<GCONST> 7.320013e+01
<MIXTURE> 14 5.790149e-02
<MEAN> 6
 -5.453085e+01 -6.848111e+01 -1.807282e+02 7.178916e+00 5.979783e+02 -4.894596e+02
<VARIANCE> 6
 7.174116e+02 1.338650e+05 7.583336e+05 1.796025e+04 1.746960e+05 8.265290e+07
<GCONST> 8.304326e+01
<MIXTURE> 15 4.559514e-02
<MEAN> 6
 -7.054961e+01 5.141317e+01 -4.051241e+02 -9.881797e+00 1.003325e+02 -7.379025e+02
<VARIANCE> 6
 3.416996e+02 3.252984e+05 1.261302e+06 5.955291e+02 5.406467e+04 5.191738e+07
<GCONST> 7.865390e+01
<STATE> 3
<NUMMIXES> 15
<MIXTURE> 1 9.319213e-02
<MEAN> 6
 7.064082e+01 1.319657e+02 -2.882714e+02 4.297107e-01 -2.747864e+00 -1.300124e+02
<VARIANCE> 6
 3.171274e+01 1.309607e+04 1.362684e+04 2.998645e+02 4.044808e+04 5.191738e+07
<GCONST> 6.756012e+01
<MIXTURE> 2 5.653280e-02
<MEAN> 6
 6.259858e+01 5.210065e+02 -2.889383e+01 2.977841e+00 -6.163607e+00 -1.825933e+02
<VARIANCE> 6
 3.171274e+01 1.309607e+04 1.663976e+04 2.998645e+02 4.044808e+04 5.191738e+07
<GCONST> 6.775987e+01
<MIXTURE> 3 6.263200e-02
<MEAN> 6
 7.163290e+01 6.533367e+01 -1.461167e+02 -1.149411e+00 -6.059266e+00 -1.025445e+02
<VARIANCE> 6
 3.171274e+01 1.309607e+04 1.362684e+04 2.998645e+02 4.044808e+04 5.191738e+07
<GCONST> 6.756012e+01
<MIXTURE> 4 9.304927e-02
<MEAN> 6
 6.893954e+01 3.941397e+02 -2.111279e+02 7.984397e-01 -7.274830e+00 -1.684308e+02
<VARIANCE> 6
 3.171274e+01 1.323674e+04 1.362684e+04 2.998645e+02 4.044808e+04 5.191738e+07
<GCONST> 6.757080e+01
<MIXTURE> 5 5.745833e-02
<MEAN> 6
 6.664451e+01 -4.795621e+01 -2.335629e+02 4.836338e-01 1.171282e+00 -7.093343e+01
<VARIANCE> 6
 3.171274e+01 1.309607e+04 1.362684e+04 2.998645e+02 4.044808e+04 5.191738e+07
<GCONST> 6.756012e+01
<MIXTURE> 6 1.092808e-01
<MEAN> 6
 7.619387e+01 5.792747e+01 -3.270262e+02 -8.343626e-01 -4.651869e+00 -1.409395e+02
<VARIANCE> 6
 3.171274e+01 1.309607e+04 1.362684e+04 2.998645e+02 4.044808e+04 5.191738e+07
<GCONST> 6.756012e+01
<MIXTURE> 7 8.453199e-02
<MEAN> 6
 5.449102e+01 4.108139e+02 -2.438771e+02 1.080193e+00 2.011042e-01 -1.456523e+02
<VARIANCE> 6
 3.171274e+01 1.309607e+04 1.362684e+04 2.998645e+02 4.044808e+04 5.191738e+07
<GCONST> 6.756012e+01
<MIXTURE> 8 5.718893e-02
<MEAN> 6
 6.672150e+01 -4.231744e+01 -2.386149e+02 5.378702e-01 1.412591e+00 -7.537483e+01
<VARIANCE> 6
 3.171274e+01 1.309607e+04 1.362684e+04 2.998645e+02 4.044808e+04 5.191738e+07
<GCONST> 6.756012e+01
<MIXTURE> 9 8.997446e-02
<MEAN> 6
 7.161588e+01 1.088136e+02 -2.984391e+02 2.022528e-01 -2.888879e+00 -1.285694e+02
<VARIANCE> 6
 3.171274e+01 1.309607e+04 1.362684e+04 2.998645e+02 4.044808e+04 5.191738e+07
<GCONST> 6.756012e+01
<MIXTURE> 10 5.053846e-02
<MEAN> 6
 7.671537e+01 7.071670e+01 -3.109556e+02 -6.619461e-01 1.100475e+00 -6.844128e+01
<VARIANCE> 6
 3.171274e+01 1.309607e+04 1.362684e+04 2.998645e+02 4.044808e+04 5.191738e+07
<GCONST> 6.756012e+01
<MIXTURE> 11 6.395578e-02
<MEAN> 6
 6.697716e+01 -4.109763e+01 -2.143489e+02 3.185427e-01 3.945703e-01 -7.571072e+01
<VARIANCE> 6
 3.171274e+01 1.309607e+04 1.362684e+04 2.998645e+02 4.044808e+04 5.191738e+07
<GCONST> 6.756012e+01
<MIXTURE> 12 1.795073e-02
<MEAN> 6
 6.806281e+01 1.947983e+01 -1.445704e+02 2.229731e-01 -1.366846e+01 -6.653643e+00
<VARIANCE> 6
 5.761086e+01 1.802234e+05 5.335181e+04 2.998645e+02 4.044808e+04 5.191738e+07
<GCONST> 7.214386e+01
<MIXTURE> 13 5.683403e-02
<MEAN> 6
 6.611189e+01 -5.656340e+01 -2.619073e+02 7.772223e-01 2.713598e+00 -7.027295e+01
<VARIANCE> 6
 3.171274e+01 1.309607e+04 1.362684e+04 2.998645e+02 4.044808e+04 5.191738e+07
<GCONST> 6.756012e+01
<MIXTURE> 14 5.623899e-02
<MEAN> 6
 6.589198e+01 -5.923737e+01 -2.731352e+02 9.192656e-01 3.447703e+00 -7.319701e+01
<VARIANCE> 6
 3.171274e+01 1.309607e+04 1.362684e+04 2.998645e+02 4.044808e+04 5.191738e+07
<GCONST> 6.756012e+01
<MIXTURE> 15 5.061183e-02
<MEAN> 6
 7.552399e+01 4.474695e+01 -3.415561e+02 -1.103307e+00 -1.266566e+01 -2.564321e+02
<VARIANCE> 6
 3.171274e+01 1.309607e+04 1.362684e+04 2.998645e+02 4.044808e+04 5.191738e+07
<GCONST> 6.756012e+01
<STATE> 4
<NUMMIXES> 15
<MIXTURE> 1 3.856704e-02
<MEAN> 6
 9.599403e+01 6.799628e+01 -4.230034e+02 -3.876645e+00 -1.325077e+01 3.832358e+02
<VARIANCE> 6
 3.171274e+01 1.337137e+04 1.854602e+04 2.998645e+02 4.044808e+04 5.191738e+07
<GCONST> 6.788913e+01
<MIXTURE> 2 7.103696e-02
<MEAN> 6
 8.764402e+01 4.565544e+02 4.526813e+02 -1.611233e-03 -2.780943e+00 -2.402777e+01
<VARIANCE> 6
 3.171274e+01 1.687604e+04 1.362684e+04 2.998645e+02 4.044808e+04 5.191738e+07
<GCONST> 6.781369e+01
<MIXTURE> 3 5.558021e-02
<MEAN> 6
 9.538324e+01 1.759758e+02 1.218393e+02 -2.404830e+00 -4.440216e+01 2.096307e+02
<VARIANCE> 6
 3.171274e+01 1.309607e+04 1.362684e+04 2.998645e+02 4.044808e+04 5.191738e+07
<GCONST> 6.756012e+01
<MIXTURE> 4 7.910358e-02
<MEAN> 6
 8.860126e+01 -4.569474e+02 3.500201e+02 -3.573284e+00 -8.585568e-01 2.134208e+02
<VARIANCE> 6
 3.171274e+01 4.404033e+04 1.362684e+04 2.998645e+02 4.044808e+04 5.191738e+07
<GCONST> 6.877290e+01
<MIXTURE> 5 6.908382e-02
<MEAN> 6
 9.101085e+01 -2.356620e+01 6.004681e+02 -3.027843e+00 2.343458e+00 -1.080386e+02
<VARIANCE> 6
 3.171274e+01 1.309607e+04 1.362684e+04 2.998645e+02 4.044808e+04 5.191738e+07
<GCONST> 6.756012e+01
<MIXTURE> 6 5.802432e-02
<MEAN> 6
 9.458293e+01 -6.524608e+02 -1.195196e+01 -3.996203e-01 -9.266832e+00 -2.290335e+02
<VARIANCE> 6
 3.171274e+01 1.581108e+05 1.362684e+04 2.998645e+02 4.044808e+04 5.191738e+07
<GCONST> 7.005110e+01
<MIXTURE> 7 5.782751e-02
<MEAN> 6
 8.486474e+01 -4.505705e+02 -5.095954e+01 -5.660175e+00 -9.245670e-01 -2.818897e+02
<VARIANCE> 6
 3.171274e+01 1.309607e+04 1.362684e+04 2.998645e+02 4.044808e+04 5.191738e+07
<GCONST> 6.756012e+01
<MIXTURE> 8 9.413356e-02
<MEAN> 6
 8.735874e+01 1.791639e+02 -4.742404e+01 1.426483e+00 1.162224e+01 -1.783697e+02
<VARIANCE> 6
 3.171274e+01 1.309607e+04 1.362684e+04 2.998645e+02 4.044808e+04 5.191738e+07
<GCONST> 6.756012e+01
<MIXTURE> 9 9.163673e-02
<MEAN> 6
 8.426674e+01 -4.737367e+01 4.738137e+02 -3.225112e+00 1.048497e+01 -1.633537e+02
<VARIANCE> 6
 3.171274e+01 1.309607e+04 1.362684e+04 2.998645e+02 4.044808e+04 5.191738e+07
<GCONST> 6.756012e+01
<MIXTURE> 10 5.061869e-02
<MEAN> 6
 9.234438e+01 -1.003372e+02 8.096144e+01 -5.648265e-02 4.659399e+00 -1.702377e+02
<VARIANCE> 6
 3.171274e+01 1.309607e+04 1.362684e+04 2.998645e+02 4.044808e+04 5.191738e+07
<GCONST> 6.756012e+01
<MIXTURE> 11 5.152304e-02
<MEAN> 6
 9.153251e+01 -2.051053e+01 -8.065417e+01 -7.500782e-01 1.241134e+01 -3.753931e+01
<VARIANCE> 6
 3.171274e+01 1.309607e+04 1.362684e+04 2.998645e+02 4.044808e+04 5.191738e+07
<GCONST> 6.756012e+01
<MIXTURE> 12 8.240553e-02
<MEAN> 6
 8.764162e+01 2.886732e+02 4.105607e+02 2.618701e+00 1.147669e+00 -1.564183e+02
<VARIANCE> 6
 3.171274e+01 1.309607e+04 1.362684e+04 2.998645e+02 4.044808e+04 5.191738e+07
<GCONST> 6.756012e+01
<MIXTURE> 13 1.002287e-01
<MEAN> 6
 9.256819e+01 -9.143177e+01 9.515115e+00 -6.906030e-01 4.431480e+00 -1.145403e+02
<VARIANCE> 6
 3.171274e+01 1.309607e+04 1.636945e+04 2.998645e+02 4.044808e+04 5.191738e+07
<GCONST> 6.774348e+01
<MIXTURE> 14 4.884495e-02
<MEAN> 6
 9.230300e+01 -1.073997e+02 6.039424e+01 -2.199425e-01 4.865403e+00 -1.468484e+02
<VARIANCE> 6
 3.171274e+01 1.309607e+04 1.362684e+04 2.998645e+02 4.044808e+04 5.191738e+07
<GCONST> 6.756012e+01
<MIXTURE> 15 5.135181e-02
<MEAN> 6
 8.948360e+01 -6.019891e+01 -1.172499e+02 -9.203165e-01 -3.820206e+00 -2.372590e+02
<VARIANCE> 6
 3.171274e+01 1.309607e+04 1.362684e+04 2.998645e+02 4.044808e+04 5.191738e+07
<GCONST> 6.756012e+01
<STATE> 5
<NUMMIXES> 15
<MIXTURE> 1 7.707378e-02
<MEAN> 6
 1.291368e+02 3.390534e+02 1.544121e+03 -2.831555e+00 -1.264243e+00 -4.819050e+01
<VARIANCE> 6
 3.171274e+01 1.965902e+04 6.798809e+04 2.998645e+02 4.044808e+04 5.191738e+07
<GCONST> 6.957362e+01
<MIXTURE> 2 5.024063e-02
<MEAN> 6
 1.058031e+02 2.540652e+02 1.271122e+03 -1.859030e-01 -3.128317e+01 1.692609e+02
<VARIANCE> 6
 3.171274e+01 1.538286e+04 1.362684e+04 2.998645e+02 4.044808e+04 5.191738e+07
<GCONST> 6.772105e+01
<MIXTURE> 3 7.915258e-02
<MEAN> 6
 1.241054e+02 2.445300e+03 2.030067e+02 -6.912928e+00 2.043519e+00 -1.164561e+01
<VARIANCE> 6
 3.365089e+01 5.104497e+04 1.362684e+04 2.998645e+02 4.044808e+04 5.191738e+07
<GCONST> 6.897983e+01
<MIXTURE> 4 1.035073e-01
<MEAN> 6
 9.952324e+01 -3.751980e+03 3.303010e+00 -4.805406e+00 1.223009e+01 3.404217e+00
<VARIANCE> 6
 3.171274e+01 1.264164e+05 1.362684e+04 2.998645e+02 4.044808e+04 5.191738e+07
<GCONST> 6.982738e+01
<MIXTURE> 5 5.914482e-02
<MEAN> 6
 7.588207e+01 2.865548e+03 4.604059e+02 -1.301590e+00 -8.804874e+00 -1.147740e+02
<VARIANCE> 6
 3.171274e+01 1.309607e+04 1.362684e+04 2.998645e+02 4.044808e+04 5.191738e+07
<GCONST> 6.756012e+01
<MIXTURE> 6 6.906759e-02
<MEAN> 6
 1.032234e+02 -1.590639e+03 5.898203e+02 -1.419807e+00 1.472776e+00 -3.933916e+02
<VARIANCE> 6
 3.171274e+01 9.748116e+04 1.541833e+04 2.998645e+02 4.044808e+04 5.191738e+07
<GCONST> 6.969098e+01
<MIXTURE> 7 5.570615e-02
<MEAN> 6
 9.861415e+01 -2.378182e+03 -2.261197e+02 -3.248058e+00 -2.035026e+01 -5.628490e+02
<VARIANCE> 6
 3.635072e+01 4.335703e+05 1.362684e+04 2.998645e+02 4.044808e+04 5.191738e+07
<GCONST> 7.119635e+01
<MIXTURE> 8 1.010957e-01
<MEAN> 6
 7.895159e+01 2.615827e+03 -2.105626e+02 -1.376224e+00 -2.138844e-01 -1.037602e+02
<VARIANCE> 6
 3.171274e+01 8.081469e+04 1.362684e+04 2.998645e+02 4.044808e+04 5.191738e+07
<GCONST> 6.937996e+01
<MIXTURE> 9 5.992725e-02
<MEAN> 6
 1.206749e+02 1.829524e+03 1.276461e+03 -1.037916e+00 5.894641e-01 1.853898e+01
<VARIANCE> 6
 3.171274e+01 5.362757e+04 1.362684e+04 2.998645e+02 4.044808e+04 5.191738e+07
<GCONST> 6.896986e+01
<MIXTURE> 10 5.276966e-02
<MEAN> 6
 1.132867e+02 1.896302e+03 6.061742e+02 -5.123252e+00 6.859100e+00 5.704236e+01
<VARIANCE> 6
 6.759871e+01 6.210375e+04 3.644761e+04 2.998645e+02 4.044808e+04 5.191738e+07
<GCONST> 7.085732e+01
<MIXTURE> 11 4.818609e-02
<MEAN> 6
 9.640809e+01 -2.282403e+02 1.058948e+03 -1.297078e+00 8.804459e+00 -4.592173e+00
<VARIANCE> 6
 3.171274e+01 1.549280e+04 1.362684e+04 2.998645e+02 4.044808e+04 5.191738e+07
<GCONST> 6.772818e+01
<MIXTURE> 12 5.805758e-02
<MEAN> 6
 7.588206e+01 2.865546e+03 4.604052e+02 -1.301625e+00 -8.805593e+00 -1.147824e+02
<VARIANCE> 6
 3.171274e+01 1.309607e+04 1.362684e+04 2.998645e+02 4.044808e+04 5.191738e+07
<GCONST> 6.756012e+01
<MIXTURE> 13 7.338157e-02
<MEAN> 6
 9.879800e+01 -3.544467e+02 7.339977e+02 -1.696364e+00 -9.764402e+00 -2.315308e+02
<VARIANCE> 6
 3.171274e+01 1.309607e+04 4.524826e+04 2.998645e+02 4.044808e+04 5.191738e+07
<GCONST> 6.876024e+01
<MIXTURE> 14 5.926584e-02
<MEAN> 6
 1.015947e+02 -2.714814e+03 -2.375903e+02 -2.753228e+00 -1.189166e+01 -2.374576e+02
<VARIANCE> 6
 3.171274e+01 2.006169e+05 1.362684e+04 2.998645e+02 4.044808e+04 5.191738e+07
<GCONST> 7.028920e+01
<MIXTURE> 15 5.342147e-02
<MEAN> 6
 1.094138e+02 1.752649e+03 5.176840e+02 -5.417626e+00 -7.948833e+00 -1.114655e+02
<VARIANCE> 6
 6.500381e+01 6.436117e+04 3.503873e+04 2.998645e+02 4.044808e+04 5.191738e+07
<GCONST> 7.081445e+01
<STATE> 6
<NUMMIXES> 15
<MIXTURE> 1 6.999702e-02
<MEAN> 6
 9.338115e+01 1.049364e+03 8.272523e+02 -3.919102e+00 -1.669134e+00 1.227968e+02
<VARIANCE> 6
 3.171274e+01 3.229355e+04 2.623693e+05 2.998645e+02 4.044808e+04 5.191738e+07
<GCONST> 7.142038e+01
<MIXTURE> 2 7.239876e-02
<MEAN> 6
 7.952138e+01 1.483107e+03 4.566795e+02 -1.580200e+00 -5.499724e+00 -1.887737e+02
<VARIANCE> 6
 3.171274e+01 1.584093e+04 1.362684e+04 2.998645e+02 4.044808e+04 5.191738e+07
<GCONST> 6.775040e+01
<MIXTURE> 3 5.395773e-02
<MEAN> 6
 6.525713e+01 9.652227e+02 -1.334268e+02 4.072905e-02 6.540798e+00 -3.475696e+01
<VARIANCE> 6
 3.171274e+01 1.309607e+04 1.362684e+04 2.998645e+02 4.044808e+04 5.191738e+07
<GCONST> 6.756012e+01
<MIXTURE> 4 6.486618e-02
<MEAN> 6
 8.491035e+01 1.029417e+03 2.974042e+02 -1.340579e+00 -2.500953e+00 -1.205581e+02
<VARIANCE> 6
 3.171274e+01 1.309607e+04 1.362684e+04 2.998645e+02 4.044808e+04 5.191738e+07
<GCONST> 6.756012e+01
<MIXTURE> 5 7.379324e-03
<MEAN> 6
 7.433437e+01 8.028585e+02 -1.821924e+03 7.135735e+01 -3.192135e+02 1.565207e+02
<VARIANCE> 6
 7.291810e+01 4.168964e+05 6.735639e+05 2.112181e+03 4.044808e+04 5.191738e+07
<GCONST> 7.770595e+01
<MIXTURE> 6 5.036912e-02
<MEAN> 6
 6.963648e+01 1.123068e+03 7.191140e+02 5.229930e-01 6.894265e+00 -4.229906e+01
<VARIANCE> 6
 3.171274e+01 2.871124e+04 1.362684e+04 2.998645e+02 4.044808e+04 5.191738e+07
<GCONST> 6.834509e+01
<MIXTURE> 7 7.428578e-02
<MEAN> 6
 9.703988e+01 8.107055e+02 2.628648e+02 -4.315421e+00 -3.564691e+00 5.914803e+01
<VARIANCE> 6
 3.171274e+01 1.309607e+04 1.362684e+04 2.998645e+02 4.044808e+04 5.191738e+07
<GCONST> 6.756012e+01
<MIXTURE> 8 9.097379e-02
<MEAN> 6
 8.748406e+01 1.137303e+03 -1.158899e+03 -2.978347e+00 1.499312e+00 -8.964765e+00
<VARIANCE> 6
 3.171274e+01 1.309607e+04 2.570523e+04 2.998645e+02 4.044808e+04 5.191738e+07
<GCONST> 6.819476e+01
<MIXTURE> 9 8.712878e-02
<MEAN> 6
 6.525176e+01 8.576119e+02 -1.574735e+02 -4.343503e-01 -4.188108e+00 -1.532298e+02
<VARIANCE> 6
 3.171274e+01 1.553694e+04 1.362684e+04 2.998645e+02 4.044808e+04 5.191738e+07
<GCONST> 6.773102e+01
<MIXTURE> 10 1.091539e-01
<MEAN> 6
 9.266850e+01 7.423718e+02 1.831501e+02 -2.983555e+00 -2.384206e+00 7.441939e+00
<VARIANCE> 6
 3.171274e+01 1.452324e+04 1.362684e+04 2.998645e+02 4.044808e+04 5.191738e+07
<GCONST> 6.766354e+01
<MIXTURE> 11 8.034975e-02
<MEAN> 6
 8.879633e+01 1.014128e+03 -2.210546e+03 1.145370e-01 -1.349498e+01 3.315528e+01
<VARIANCE> 6
 3.171274e+01 1.309607e+04 2.076001e+04 2.998645e+02 4.044808e+04 5.191738e+07
<GCONST> 6.798109e+01
<MIXTURE> 12 6.505170e-02
<MEAN> 6
 8.551562e+01 1.010905e+03 2.770869e+02 -1.244189e+00 -2.287194e+00 -1.085144e+02
<VARIANCE> 6
 3.171274e+01 1.309607e+04 1.362684e+04 2.998645e+02 4.044808e+04 5.191738e+07
<GCONST> 6.756012e+01
<MIXTURE> 13 5.805419e-02
<MEAN> 6
 9.374510e+01 1.406047e+03 -3.833891e+02 -5.020011e+00 -6.324792e+00 3.611266e+02
<VARIANCE> 6
 3.171274e+01 1.842684e+05 1.253633e+05 2.998645e+02 4.044808e+04 5.191738e+07
<GCONST> 7.242337e+01
<MIXTURE> 14 6.210544e-02
<MEAN> 6
 7.077982e+01 8.705635e+02 6.672742e+02 7.096022e-01 1.811807e-01 -1.882659e+01
<VARIANCE> 6
 3.171274e+01 1.309607e+04 1.362684e+04 2.998645e+02 4.044808e+04 5.191738e+07
<GCONST> 6.756012e+01
<MIXTURE> 15 5.390963e-02
<MEAN> 6
 6.533817e+01 9.198840e+02 -1.552233e+02 -1.859038e-01 -5.801659e+00 -2.295317e+02
<VARIANCE> 6
 3.171274e+01 1.309607e+04 1.362684e+04 2.998645e+02 4.044808e+04 5.191738e+07
<GCONST> 6.756012e+01
<STATE> 7
<NUMMIXES> 15
<MIXTURE> 1 5.259165e-02
<MEAN> 6
 1.162281e+02 -4.867945e+02 2.606539e+03 -1.038897e+00 8.438544e-01 -2.175276e+01
<VARIANCE> 6
 3.171274e+01 1.309607e+04 1.362684e+04 2.998645e+02 4.044808e+04 5.191738e+07
<GCONST> 6.756012e+01
<MIXTURE> 2 2.938398e-02
<MEAN> 6
 7.810797e+01 7.211059e+00 1.948865e+03 1.451741e+02 -8.346777e+02 2.768531e+01
<VARIANCE> 6
 9.937586e+01 1.309607e+04 1.362684e+04 3.410266e+03 4.044808e+04 5.191738e+07
<GCONST> 7.113351e+01
<MIXTURE> 3 5.915981e-02
<MEAN> 6
 1.185559e+02 -4.592996e+02 2.264692e+03 -1.387285e+00 3.022819e+00 -4.479280e+02
<VARIANCE> 6
 3.171274e+01 1.309607e+04 1.362684e+04 2.998645e+02 4.044808e+04 5.191738e+07
<GCONST> 6.756012e+01
<MIXTURE> 4 9.309506e-02
<MEAN> 6
 6.792498e+01 1.390593e+03 2.362301e+02 -8.863944e+01 -6.997928e+02 -4.369484e+03
<VARIANCE> 6
 1.142291e+02 8.987417e+05 1.020355e+05 4.269640e+03 1.400218e+05 1.094057e+08
<GCONST> 7.972671e+01
<MIXTURE> 5 2.996226e-02
<MEAN> 6
 9.239131e+01 -1.851719e+02 2.032082e+03 1.662698e+00 -2.798517e+02 2.617741e+03
<VARIANCE> 6
 3.171274e+01 1.309607e+04 1.362684e+04 3.625174e+02 4.044808e+04 5.191738e+07
<GCONST> 6.774986e+01
<MIXTURE> 6 9.828288e-02
<MEAN> 6
 1.162549e+02 -4.861167e+02 2.602407e+03 -1.057500e+00 8.331692e-01 -2.203466e+01
<VARIANCE> 6
 3.171274e+01 1.309607e+04 1.362684e+04 2.998645e+02 4.044808e+04 5.191738e+07
<GCONST> 6.756012e+01
<MIXTURE> 7 1.009854e-01
<MEAN> 6
 8.494820e+01 -5.281432e+02 2.039046e+03 -4.394075e+00 7.548414e+00 4.311852e+01
<VARIANCE> 6
 3.171274e+01 1.309607e+04 1.362684e+04 2.998645e+02 4.044808e+04 5.191738e+07
<GCONST> 6.756012e+01
<MIXTURE> 8 5.904863e-02
<MEAN> 6
 1.185538e+02 -4.595015e+02 2.265117e+03 -1.384140e+00 3.002834e+00 -4.499789e+02
<VARIANCE> 6
 3.171274e+01 1.309607e+04 1.362684e+04 2.998645e+02 4.044808e+04 5.191738e+07
<GCONST> 6.756012e+01
<MIXTURE> 9 4.900925e-02
<MEAN> 6
 8.516440e+01 -5.184370e+02 2.034718e+03 -4.432001e+00 8.399391e+00 5.766907e+01
<VARIANCE> 6
 3.171274e+01 1.309607e+04 1.362684e+04 2.998645e+02 4.044808e+04 5.191738e+07
<GCONST> 6.756012e+01
<MIXTURE> 10 1.088030e-01
<MEAN> 6
 8.494334e+01 -5.283322e+02 2.039150e+03 -4.387992e+00 7.532663e+00 4.288884e+01
<VARIANCE> 6
 3.171274e+01 1.309607e+04 1.362684e+04 2.998645e+02 4.044808e+04 5.191738e+07
<GCONST> 6.756012e+01
<MIXTURE> 11 1.000726e-01
<MEAN> 6
 1.978033e+01 -2.087968e+03 1.396620e+02 -1.818760e+02 5.748682e+01 1.593512e+03
<VARIANCE> 6
 2.783604e+03 8.860046e+04 2.371194e+04 9.753539e+03 6.493688e+05 5.191738e+07
<GCONST> 8.075870e+01
<MIXTURE> 12 5.913703e-02
<MEAN> 6
 1.185610e+02 -4.585503e+02 2.263529e+03 -1.399023e+00 2.957609e+00 -4.371345e+02
<VARIANCE> 6
 3.171274e+01 1.309607e+04 1.362684e+04 2.998645e+02 4.044808e+04 5.191738e+07
<GCONST> 6.756012e+01
<MIXTURE> 13 5.899299e-02
<MEAN> 6
 1.185625e+02 -4.584305e+02 2.263240e+03 -1.400828e+00 2.989112e+00 -4.363739e+02
<VARIANCE> 6
 3.171274e+01 1.309607e+04 1.362684e+04 2.998645e+02 4.044808e+04 5.191738e+07
<GCONST> 6.756012e+01
<MIXTURE> 14 5.250899e-02
<MEAN> 6
 1.162926e+02 -4.852033e+02 2.596642e+03 -1.082237e+00 8.163764e-01 -2.261208e+01
<VARIANCE> 6
 3.171274e+01 1.309607e+04 1.362684e+04 2.998645e+02 4.044808e+04 5.191738e+07
<GCONST> 6.756012e+01
<MIXTURE> 15 4.896439e-02
<MEAN> 6
 8.473290e+01 -5.372618e+02 2.043428e+03 -4.363209e+00 6.579727e+00 3.165039e+01
<VARIANCE> 6
 3.171274e+01 1.309607e+04 1.362684e+04 2.998645e+02 4.044808e+04 5.191738e+07
<GCONST> 6.756012e+01
<STATE> 8
<NUMMIXES> 15
<MIXTURE> 1 1.248200e-02
<MEAN> 6
 7.990318e+01 4.224079e+02 -4.517571e+01 -7.517259e+00 -8.329208e+01 -2.222442e+03
<VARIANCE> 6
 2.015891e+02 3.802517e+05 1.957844e+05 5.617897e+02 7.847476e+04 5.191738e+07
<GCONST> 7.673367e+01
<MIXTURE> 2 8.413760e-02
<MEAN> 6
 6.538544e+01 -2.722069e+02 -1.282094e+03 2.614623e+00 -5.967207e+00 4.022473e+01
<VARIANCE> 6
 3.171274e+01 1.309607e+04 1.362684e+04 2.998645e+02 4.044808e+04 5.191738e+07
<GCONST> 6.756012e+01
<MIXTURE> 3 7.177588e-02
<MEAN> 6
 7.954826e+01 1.889921e+02 -7.010750e+02 -2.023951e-01 6.019723e-01 -1.574109e+02
<VARIANCE> 6
 3.171274e+01 1.309607e+04 1.362684e+04 2.998645e+02 4.044808e+04 5.191738e+07
<GCONST> 6.756012e+01
<MIXTURE> 4 6.285359e-02
<MEAN> 6
 6.964764e+01 4.410920e+02 -1.088969e+03 -5.531137e+00 2.691672e-01 1.989627e+01
<VARIANCE> 6
 3.171274e+01 3.813450e+04 1.362684e+04 2.998645e+02 4.044808e+04 5.191738e+07
<GCONST> 6.862892e+01
<MIXTURE> 5 3.801015e-02
<MEAN> 6
 7.148708e+01 1.063119e+03 -1.440232e+03 6.584212e+00 -2.522356e+01 8.070046e+01
<VARIANCE> 6
 3.171274e+01 1.339089e+04 2.937217e+04 2.998645e+02 4.044808e+04 5.191738e+07
<GCONST> 6.835039e+01
<MIXTURE> 6 5.365425e-02
<MEAN> 6
 8.871966e+01 -8.907353e+01 -8.282079e+02 -3.554590e+00 6.950258e+00 -1.281460e+02
<VARIANCE> 6
 3.171274e+01 1.309607e+04 1.362684e+04 2.998645e+02 4.044808e+04 5.191738e+07
<GCONST> 6.756012e+01
<MIXTURE> 7 7.366876e-02
<MEAN> 6
 7.954828e+01 1.889909e+02 -7.010757e+02 -2.023778e-01 6.018972e-01 -1.574123e+02
<VARIANCE> 6
 3.171274e+01 1.309607e+04 1.362684e+04 2.998645e+02 4.044808e+04 5.191738e+07
<GCONST> 6.756012e+01
<MIXTURE> 8 7.857154e-02
<MEAN> 6
 7.063330e+01 7.234161e+00 -9.152103e+02 -2.108732e+00 -3.716503e+00 -2.890238e+02
<VARIANCE> 6
 3.171274e+01 1.309607e+04 1.362684e+04 2.998645e+02 4.044808e+04 5.191738e+07
<GCONST> 6.756012e+01
<MIXTURE> 9 8.399390e-02
<MEAN> 6
 6.538543e+01 -2.722069e+02 -1.282094e+03 2.614620e+00 -5.967204e+00 4.022447e+01
<VARIANCE> 6
 3.171274e+01 1.309607e+04 1.362684e+04 2.998645e+02 4.044808e+04 5.191738e+07
<GCONST> 6.756012e+01
<MIXTURE> 10 7.390326e-02
<MEAN> 6
 7.954828e+01 1.889907e+02 -7.010758e+02 -2.023729e-01 6.018804e-01 -1.574122e+02
<VARIANCE> 6
 3.171274e+01 1.309607e+04 1.362684e+04 2.998645e+02 4.044808e+04 5.191738e+07
<GCONST> 6.756012e+01
<MIXTURE> 11 7.199789e-02
<MEAN> 6
 7.954829e+01 1.889897e+02 -7.010764e+02 -2.023586e-01 6.017970e-01 -1.574141e+02
<VARIANCE> 6
 3.171274e+01 1.309607e+04 1.362684e+04 2.998645e+02 4.044808e+04 5.191738e+07
<GCONST> 6.756012e+01
<MIXTURE> 12 7.687398e-02
<MEAN> 6
 7.053941e+01 3.200577e+00 -9.105954e+02 -2.019792e+00 -5.248447e+00 -3.005128e+02
<VARIANCE> 6
 3.171274e+01 1.309607e+04 1.362684e+04 2.998645e+02 4.044808e+04 5.191738e+07
<GCONST> 6.756012e+01
<MIXTURE> 13 6.204057e-02
<MEAN> 6
 7.716064e+01 8.758432e+01 -1.054938e+03 -8.324640e+00 -6.081808e+00 9.780587e+01
<VARIANCE> 6
 3.171274e+01 1.309607e+04 1.362684e+04 2.998645e+02 4.044808e+04 5.191738e+07
<GCONST> 6.756012e+01
<MIXTURE> 14 1.021687e-01
<MEAN> 6
 8.403172e+01 7.542686e+02 -5.342836e+02 -3.297548e+00 -6.235199e+00 -2.528614e+00
<VARIANCE> 6
 3.171274e+01 5.447790e+04 1.362684e+04 2.998645e+02 4.044808e+04 5.191738e+07
<GCONST> 6.898560e+01
<MIXTURE> 15 5.385163e-02
<MEAN> 6
 8.822385e+01 -1.071132e+02 -8.600151e+02 -3.086540e+00 -1.078129e+01 -4.556635e+02
<VARIANCE> 6
 3.171274e+01 1.309607e+04 1.362684e+04 2.998645e+02 4.044808e+04 5.191738e+07
<GCONST> 6.756012e+01
<STATE> 9
<NUMMIXES> 15
<MIXTURE> 1 6.960995e-02
<MEAN> 6
 6.445153e+01 -5.134368e+02 2.876929e+02 -1.342462e+00 -4.264201e+00 -1.481791e+02
<VARIANCE> 6
 3.171274e+01 1.309607e+04 1.362684e+04 2.998645e+02 4.044808e+04 5.191738e+07
<GCONST> 6.756012e+01
<MIXTURE> 2 7.398289e-02
<MEAN> 6
 9.640109e+01 -4.078764e+02 -5.332113e+02 -1.343956e-01 -8.129109e+00 -1.485782e+02
<VARIANCE> 6
 3.171274e+01 1.309607e+04 1.362684e+04 2.998645e+02 4.044808e+04 5.191738e+07
<GCONST> 6.756012e+01
<MIXTURE> 3 5.392506e-02
<MEAN> 6
 7.675503e+01 -1.743545e+03 -7.807980e+02 7.452812e-01 -5.390628e+00 -2.158635e+02
<VARIANCE> 6
 3.171274e+01 6.254476e+04 1.362684e+04 2.998645e+02 4.044808e+04 5.191738e+07
<GCONST> 6.912369e+01
<MIXTURE> 4 5.573221e-02
<MEAN> 6
 6.519289e+01 -2.217146e+02 -2.131297e+02 -1.520523e+00 -2.031441e+01 -4.373058e+02
<VARIANCE> 6
 3.171274e+01 5.833869e+04 1.362684e+04 2.998645e+02 4.044808e+04 5.191738e+07
<GCONST> 6.905406e+01
<MIXTURE> 5 8.281142e-02
<MEAN> 6
 7.510047e+01 -1.050507e+03 2.490909e+02 1.258498e+00 1.731842e+01 -2.584994e+02
<VARIANCE> 6
 3.171274e+01 1.615992e+04 8.797941e+04 2.998645e+02 4.044808e+04 5.191738e+07
<GCONST> 6.963539e+01
<MIXTURE> 6 7.765328e-02
<MEAN> 6
 5.690832e+01 -1.289743e+03 -5.667419e+02 3.437878e+00 -8.667324e+00 3.394302e+01
<VARIANCE> 6
 3.171274e+01 3.917127e+04 1.829861e+04 2.998645e+02 4.044808e+04 5.191738e+07
<GCONST> 6.895053e+01
<MIXTURE> 7 7.931396e-02
<MEAN> 6
 7.250848e+01 -7.601260e+02 -1.940870e+02 -3.479590e+00 -1.229678e+01 1.212403e+02
<VARIANCE> 6
 3.171274e+01 1.372628e+04 1.362684e+04 2.998645e+02 4.044808e+04 5.191738e+07
<GCONST> 6.760712e+01
<MIXTURE> 8 8.533518e-02
<MEAN> 6
 5.878923e+01 -4.125828e+02 -1.714818e+02 7.109571e-01 3.910189e+00 -8.757539e+01
<VARIANCE> 6
 3.171274e+01 1.309607e+04 1.815420e+04 2.998645e+02 4.044808e+04 5.191738e+07
<GCONST> 6.784697e+01
<MIXTURE> 9 5.668136e-02
<MEAN> 6
 9.305212e+01 -5.559479e+02 -5.379156e+02 1.385319e+00 -3.218074e+00 -1.806859e+02
<VARIANCE> 6
 3.171274e+01 1.309607e+04 1.362684e+04 2.998645e+02 4.044808e+04 5.191738e+07
<GCONST> 6.756012e+01
<MIXTURE> 10 8.582396e-02
<MEAN> 6
 6.116157e+01 -4.948452e+02 -5.297522e+02 -3.942578e-01 1.893501e-01 -4.081873e+01
<VARIANCE> 6
 3.171274e+01 1.309607e+04 1.362684e+04 2.998645e+02 4.044808e+04 5.191738e+07
<GCONST> 6.756012e+01
<MIXTURE> 11 6.948142e-02
<MEAN> 6
 6.474542e+01 -5.183578e+02 2.859530e+02 -1.448003e+00 -8.618912e+00 -1.661916e+02
<VARIANCE> 6
 3.171274e+01 1.309607e+04 1.362684e+04 2.998645e+02 4.044808e+04 5.191738e+07
<GCONST> 6.756012e+01
<MIXTURE> 12 4.584678e-02
<MEAN> 6
 5.973152e+01 -4.038369e+02 -2.032582e+02 5.549366e-01 1.023252e+01 3.180591e+01
<VARIANCE> 6
 3.171274e+01 1.309607e+04 1.362684e+04 2.998645e+02 4.044808e+04 5.191738e+07
<GCONST> 6.756012e+01
<MIXTURE> 13 6.114410e-02
<MEAN> 6
 7.398266e+01 -8.882158e+02 -5.389164e+02 -3.937789e+00 -3.720508e-01 -1.483827e+02
<VARIANCE> 6
 3.171274e+01 1.309607e+04 2.073628e+04 2.998645e+02 4.044808e+04 5.191738e+07
<GCONST> 6.797995e+01
<MIXTURE> 14 5.642496e-02
<MEAN> 6
 9.267314e+01 -5.663961e+02 -5.395889e+02 1.406511e+00 -1.398229e+00 -1.800454e+02
<VARIANCE> 6
 3.171274e+01 1.309607e+04 1.362684e+04 2.998645e+02 4.044808e+04 5.191738e+07
<GCONST> 6.756012e+01
<MIXTURE> 15 4.619379e-02
<MEAN> 6
 5.890403e+01 -4.417189e+02 -2.491288e+02 -1.188560e-01 -1.579277e+01 -3.296765e+02
<VARIANCE> 6
 3.171274e+01 1.309607e+04 1.362684e+04 2.998645e+02 4.044808e+04 5.191738e+07
<GCONST> 6.756012e+01
<STATE> 10
<NUMMIXES> 15
<MIXTURE> 1 5.996462e-02
<MEAN> 6
 8.006232e+01 5.991539e+02 6.859339e+02 -1.955514e+00 2.238575e+00 -1.390381e+01
<VARIANCE> 6
 3.171274e+01 1.309607e+04 9.623066e+04 2.998645e+02 4.044808e+04 5.191738e+07
<GCONST> 6.951482e+01
<MIXTURE> 2 9.472462e-02
<MEAN> 6
 7.426943e+01 -3.441850e+02 3.726631e+02 -8.479809e-03 -1.782174e+00 -1.258725e+02
<VARIANCE> 6
 3.171274e+01 1.309607e+04 1.362684e+04 2.998645e+02 4.044808e+04 5.191738e+07
<GCONST> 6.756012e+01
<MIXTURE> 3 1.151560e-01
<MEAN> 6
 7.834829e+01 3.675022e+02 1.040562e+02 4.393739e-01 -4.123750e+00 -3.243637e-01
<VARIANCE> 6
 3.171274e+01 1.309607e+04 1.362684e+04 2.998645e+02 4.044808e+04 5.191738e+07
<GCONST> 6.756012e+01
<MIXTURE> 4 8.082142e-02
<MEAN> 6
 7.481556e+01 6.053008e+01 1.520450e+02 -1.292110e-01 -6.570395e+00 -1.230992e+02
<VARIANCE> 6
 3.171274e+01 1.309607e+04 1.362684e+04 2.998645e+02 4.044808e+04 5.191738e+07
<GCONST> 6.756012e+01
<MIXTURE> 5 2.196783e-02
<MEAN> 6
 6.615508e+01 -8.053927e+00 4.502786e+02 9.427228e-01 -1.027660e+01 1.034674e+02
<VARIANCE> 6
 3.171274e+01 1.309607e+04 1.362684e+04 2.998645e+02 4.044808e+04 5.191738e+07
<GCONST> 6.756012e+01
<MIXTURE> 6 7.470714e-02
<MEAN> 6
 6.962741e+01 -1.296865e+02 1.584799e+02 1.401442e+00 2.883950e+00 -1.580834e+02
<VARIANCE> 6
 3.171274e+01 1.309607e+04 1.362684e+04 2.998645e+02 4.044808e+04 5.191738e+07
<GCONST> 6.756012e+01
<MIXTURE> 7 3.648843e-03
<MEAN> 6
 7.428886e+01 1.624631e+02 1.198135e+02 -1.003956e+00 -1.096976e+02 -2.450903e+03
<VARIANCE> 6
 1.418402e+02 2.382370e+05 6.244904e+04 6.880459e+02 8.008781e+04 5.191738e+07
<GCONST> 7.499499e+01
<MIXTURE> 8 6.833990e-02
<MEAN> 6
 7.445662e+01 4.949022e+01 1.549363e+02 1.148773e-02 -5.527192e+00 -1.368945e+02
<VARIANCE> 6
 3.171274e+01 1.309607e+04 1.362684e+04 2.998645e+02 4.044808e+04 5.191738e+07
<GCONST> 6.756012e+01
<MIXTURE> 9 7.434635e-02
<MEAN> 6
 6.969260e+01 -1.261947e+02 1.603360e+02 1.386325e+00 2.660788e+00 -1.584320e+02
<VARIANCE> 6
 3.171274e+01 1.309607e+04 1.362684e+04 2.998645e+02 4.044808e+04 5.191738e+07
<GCONST> 6.756012e+01
<MIXTURE> 10 5.270630e-02
<MEAN> 6
 7.324001e+01 3.417644e+02 7.092519e+02 -1.850797e+00 -8.534923e+00 -1.166025e+02
<VARIANCE> 6
 3.171274e+01 1.309607e+04 1.436709e+04 2.998645e+02 4.044808e+04 5.191738e+07
<GCONST> 6.761301e+01
<MIXTURE> 11 7.921598e-02
<MEAN> 6
 7.420020e+01 4.171841e+01 1.568096e+02 1.068617e-01 -4.848627e+00 -1.449753e+02
<VARIANCE> 6
 3.171274e+01 1.309607e+04 1.362684e+04 2.998645e+02 4.044808e+04 5.191738e+07
<GCONST> 6.756012e+01
<MIXTURE> 12 6.539638e-02
<MEAN> 6
 7.334250e+01 1.660645e+01 1.620573e+02 3.935073e-01 -2.903272e+00 -1.617324e+02
<VARIANCE> 6
 3.171274e+01 1.309607e+04 1.362684e+04 2.998645e+02 4.044808e+04 5.191738e+07
<GCONST> 6.756012e+01
<MIXTURE> 13 7.459925e-02
<MEAN> 6
 6.958633e+01 -1.509211e+02 1.511766e+02 1.399011e+00 2.635443e+00 -1.705079e+02
<VARIANCE> 6
 3.171274e+01 1.309607e+04 1.362684e+04 2.998645e+02 4.044808e+04 5.191738e+07
<GCONST> 6.756012e+01
<MIXTURE> 14 7.386944e-02
<MEAN> 6
 6.957333e+01 -1.575607e+02 1.470415e+02 1.398795e+00 2.567262e+00 -1.754138e+02
<VARIANCE> 6
 3.171274e+01 1.309607e+04 1.362684e+04 2.998645e+02 4.044808e+04 5.191738e+07
<GCONST> 6.756012e+01
<MIXTURE> 15 6.051597e-02
<MEAN> 6
 7.828777e+01 5.643384e+02 5.619749e+02 -1.066015e+00 -9.392567e+00 -2.698971e+02
<VARIANCE> 6
 3.171274e+01 1.309607e+04 8.355546e+04 2.998645e+02 4.044808e+04 5.191738e+07
<GCONST> 6.937358e+01
<STATE> 11
<NUMMIXES> 15
<MIXTURE> 1 4.866050e-03
<MEAN> 6
 7.432358e+00 -5.086383e+02 4.782067e+01 7.287486e+01 -5.419002e+02 6.890792e+03
<VARIANCE> 6
 1.002234e+04 6.278471e+05 9.573414e+05 1.631888e+06 9.126639e+08 1.323379e+12
<GCONST> 1.102101e+02
<MIXTURE> 2 9.012450e-02
<MEAN> 6
 -1.865744e+01 8.837725e+01 2.981585e+01 9.699052e+01 5.435356e+02 -3.614479e+03
<VARIANCE> 6
 2.920416e+02 1.782657e+05 3.773532e+04 3.519237e+04 1.906306e+05 6.275936e+07
<GCONST> 7.991504e+01
<MIXTURE> 3 4.899798e-02
<MEAN> 6
 3.810353e+01 -7.123008e+01 1.190073e+02 2.554197e+00 -4.120150e+02 -2.408197e+03
<VARIANCE> 6
 4.925668e+03 1.023519e+06 1.102164e+06 7.663709e+04 5.313984e+06 3.239948e+09
<GCONST> 9.591254e+01
<MIXTURE> 4 7.856480e-02
<MEAN> 6
 9.449234e+01 -1.281502e+02 5.292318e+00 -4.985699e+00 -3.779889e+01 -1.966242e+02
<VARIANCE> 6
 1.801936e+02 1.152920e+05 6.646327e+04 2.998645e+02 4.044808e+04 5.191738e+07
<GCONST> 7.305719e+01
<MIXTURE> 5 5.520680e-02
<MEAN> 6
 3.951653e+01 1.685924e+02 9.148531e+01 2.582304e+02 -9.858490e+01 -1.200225e+03
<VARIANCE> 6
 6.047426e+02 2.265183e+05 1.125231e+05 7.062017e+03 2.261483e+05 8.405694e+07
<GCONST> 8.083199e+01
<MIXTURE> 6 5.903244e-02
<MEAN> 6
 -3.819017e+01 3.304150e+01 1.121158e+01 -1.721434e+02 1.744946e+03 4.752521e+03
<VARIANCE> 6
 3.663721e+02 1.269164e+05 8.052720e+04 3.893381e+04 1.162136e+06 1.020435e+09
<GCONST> 8.525743e+01
<MIXTURE> 7 5.458127e-02
<MEAN> 6
 1.045449e+02 -2.714302e+01 -3.600594e+01 -1.820745e+01 -8.218243e+02 5.317917e+03
<VARIANCE> 6
 4.211225e+02 7.868654e+05 1.031430e+05 1.063870e+04 1.394147e+06 6.214118e+08
<GCONST> 8.585743e+01
<MIXTURE> 8 8.721130e-02
<MEAN> 6
 -5.430118e+01 4.640349e+01 4.573525e+00 6.462872e+00 2.267505e+02 5.685762e+02
<VARIANCE> 6
 2.067541e+02 2.264444e+05 8.663263e+04 1.028306e+03 9.155003e+04 5.191738e+07
<GCONST> 7.618395e+01
<MIXTURE> 9 9.545749e-02
<MEAN> 6
 9.270570e+01 -4.380521e+01 -1.621297e+02 -3.875098e+00 -1.739508e+01 -2.897007e+02
<VARIANCE> 6
 4.320466e+02 7.549544e+05 1.930593e+05 2.998645e+02 4.044808e+04 5.191738e+07
<GCONST> 7.687723e+01
<MIXTURE> 10 8.508365e-02
<MEAN> 6
 2.511902e+01 -8.302668e+00 6.238691e+01 -3.071723e+02 -4.075425e+02 8.372883e+03
<VARIANCE> 6
 5.992255e+02 1.429694e+05 1.720672e+05 8.629959e+03 6.932520e+05 2.428024e+08
<GCONST> 8.316883e+01
<MIXTURE> 11 6.401465e-02
<MEAN> 6
 8.477961e+01 2.462530e+01 1.138751e+02 3.698018e+00 -5.357631e+02 -1.467495e+02
<VARIANCE> 6
 2.876307e+02 1.339236e+05 1.979129e+05 1.594168e+04 1.328725e+05 5.191738e+07
<GCONST> 7.992855e+01
<MIXTURE> 12 9.749680e-02
<MEAN> 6
 -5.153275e+01 1.836184e+01 -3.892331e+01 5.173372e+01 1.022037e+03 -1.119054e+03
<VARIANCE> 6
 2.700281e+02 1.941937e+05 2.052047e+05 1.756841e+04 2.439880e+05 1.352909e+08
<GCONST> 8.193584e+01
<MIXTURE> 13 6.683222e-02
<MEAN> 6
 8.300517e+01 3.153244e+01 4.440641e+01 4.431043e+01 -9.827111e+02 -5.802080e+03
<VARIANCE> 6
 3.104687e+02 5.112046e+04 5.162224e+04 3.241976e+04 8.727118e+05 3.175937e+08
<GCONST> 8.210116e+01
<MIXTURE> 14 5.604466e-02
<MEAN> 6
 7.690353e+01 -9.854699e+01 -9.770762e+00 -1.284184e+02 -7.923550e+02 -1.180714e+03
<VARIANCE> 6
 3.403046e+02 2.327089e+05 1.139374e+05 1.254939e+04 2.113949e+05 5.191738e+07
<GCONST> 8.032213e+01
<MIXTURE> 15 5.566653e-02
<MEAN> 6
 3.198871e+01 -4.177713e+00 -2.771343e+01 2.437455e+02 -2.481237e+02 -3.935213e+03
<VARIANCE> 6
 5.919771e+02 2.190943e+05 1.026908e+05 7.333215e+03 2.165036e+05 8.148734e+07
<GCONST> 8.064896e+01
<TRANSP> 12
 0.000000e+00 1.000000e+00 0.000000e+00 0.000000e+00 0.000000e+00 0.000000e+00 0.000000e+00 0.000000e+00 0.000000e+00 0.000000e+00 0.000000e+00 0.000000e+00
 0.000000e+00 9.998181e-01 1.818864e-04 0.000000e+00 0.000000e+00 0.000000e+00 0.000000e+00 0.000000e+00 0.000000e+00 0.000000e+00 0.000000e+00 0.000000e+00
 0.000000e+00 0.000000e+00 9.987808e-01 1.219162e-03 0.000000e+00 0.000000e+00 0.000000e+00 0.000000e+00 0.000000e+00 0.000000e+00 0.000000e+00 0.000000e+00
 0.000000e+00 0.000000e+00 0.000000e+00 9.979574e-01 2.042538e-03 0.000000e+00 0.000000e+00 0.000000e+00 0.000000e+00 0.000000e+00 0.000000e+00 0.000000e+00
 0.000000e+00 0.000000e+00 0.000000e+00 0.000000e+00 9.974108e-01 2.589175e-03 0.000000e+00 0.000000e+00 0.000000e+00 0.000000e+00 0.000000e+00 0.000000e+00
 0.000000e+00 0.000000e+00 0.000000e+00 0.000000e+00 0.000000e+00 9.977441e-01 2.255853e-03 0.000000e+00 0.000000e+00 0.000000e+00 0.000000e+00 0.000000e+00
 0.000000e+00 0.000000e+00 0.000000e+00 0.000000e+00 0.000000e+00 0.000000e+00 9.875398e-01 1.246016e-02 0.000000e+00 0.000000e+00 0.000000e+00 0.000000e+00
 0.000000e+00 0.000000e+00 0.000000e+00 0.000000e+00 0.000000e+00 0.000000e+00 0.000000e+00 9.945840e-01 5.416003e-03 0.000000e+00 0.000000e+00 0.000000e+00
 0.000000e+00 0.000000e+00 0.000000e+00 0.000000e+00 0.000000e+00 0.000000e+00 0.000000e+00 0.000000e+00 9.983458e-01 1.654226e-03 0.000000e+00 0.000000e+00
 0.000000e+00 0.000000e+00 0.000000e+00 0.000000e+00 0.000000e+00 0.000000e+00 0.000000e+00 0.000000e+00 0.000000e+00 9.985725e-01 1.427453e-03 0.000000e+00
 0.000000e+00 0.000000e+00 0.000000e+00 0.000000e+00 0.000000e+00 0.000000e+00 0.000000e+00 0.000000e+00 0.000000e+00 0.000000e+00 9.999424e-01 5.763969e-05
 0.000000e+00 0.000000e+00 0.000000e+00 0.000000e+00 0.000000e+00 0.000000e+00 0.000000e+00 0.000000e+00 0.000000e+00 0.000000e+00 0.000000e+00 0.000000e+00
<ENDHMM>
~h "SegundoESO"
<BEGINHMM>
<NUMSTATES> 12
<STATE> 2
<NUMMIXES> 15
<MIXTURE> 1 7.344577e-02
<MEAN> 6
 7.175246e+01 1.320457e+04 -1.200086e+03 -8.120325e-01 -7.044586e+00 -1.953963e+02
<VARIANCE> 6
 3.171274e+01 1.309607e+04 1.362684e+04 2.998645e+02 4.044808e+04 5.191738e+07
<GCONST> 6.756012e+01
<MIXTURE> 2 3.951302e-02
<MEAN> 6
 5.903920e+01 6.011074e+02 -3.226093e+03 2.895595e+01 -3.738319e+01 -4.105462e+02
<VARIANCE> 6
 1.629201e+02 2.097400e+05 5.527944e+06 2.338230e+03 4.044808e+04 5.191738e+07
<GCONST> 8.002956e+01
<MIXTURE> 3 9.492624e-02
<MEAN> 6
 6.383975e+01 2.677489e+03 -1.277780e+03 -2.560650e-01 -1.104670e+01 -8.616043e+01
<VARIANCE> 6
 3.171274e+01 8.080206e+05 5.467652e+04 2.998645e+02 4.044808e+04 5.191738e+07
<GCONST> 7.307178e+01
<MIXTURE> 4 5.350274e-02
<MEAN> 6
 6.162823e+01 1.010753e+03 -7.500560e+02 6.099246e-01 4.732780e+00 1.848999e+01
<VARIANCE> 6
 3.171274e+01 3.084214e+05 4.816169e+04 2.998645e+02 4.044808e+04 5.191738e+07
<GCONST> 7.198180e+01
<MIXTURE> 5 3.957847e-02
<MEAN> 6
 5.688721e+01 -2.633280e+02 -8.155610e+02 2.312365e-01 2.331768e+00 -3.695480e+01
<VARIANCE> 6
 3.171274e+01 1.309607e+04 1.362684e+04 2.998645e+02 4.044808e+04 5.191738e+07
<GCONST> 6.756012e+01
<MIXTURE> 6 6.198084e-02
<MEAN> 6
 7.217151e+01 1.526684e+03 -2.402675e+03 4.022212e-02 -4.164065e+00 -1.640583e+02
<VARIANCE> 6
 3.171274e+01 1.309607e+04 1.674095e+05 2.998645e+02 4.044808e+04 5.191738e+07
<GCONST> 7.006851e+01
<MIXTURE> 7 7.641555e-02
<MEAN> 6
 5.995880e+01 -2.644814e+02 -1.791741e+02 -3.884165e-01 -1.502801e+01 -2.180275e+02
<VARIANCE> 6
 3.171274e+01 1.773754e+04 1.362684e+04 2.998645e+02 4.044808e+04 5.191738e+07
<GCONST> 6.786348e+01
<MIXTURE> 8 9.778260e-02
<MEAN> 6
 6.406699e+01 -1.143488e+02 -1.515078e+03 8.641139e-01 1.281039e+00 -1.442112e+02
<VARIANCE> 6
 3.171274e+01 2.298669e+04 1.837688e+04 2.998645e+02 4.044808e+04 5.191738e+07
<GCONST> 6.842177e+01
<MIXTURE> 9 5.389584e-02
<MEAN> 6
 6.580049e+01 -6.036995e+02 -7.657806e+02 -6.470580e-01 -1.151708e+00 -6.913980e+00
<VARIANCE> 6
 3.171274e+01 1.309607e+04 2.999404e+04 2.998645e+02 4.044808e+04 5.191738e+07
<GCONST> 6.834908e+01
<MIXTURE> 10 7.890546e-02
<MEAN> 6
 6.600468e+01 8.225688e+02 -1.226176e+03 -3.916731e-02 -5.617659e+00 -1.171883e+02
<VARIANCE> 6
 3.171274e+01 1.309607e+04 1.362684e+04 2.998645e+02 4.044808e+04 5.191738e+07
<GCONST> 6.756012e+01
<MIXTURE> 11 6.419250e-02
<MEAN> 6
 6.138095e+01 -3.228074e+02 -4.148967e+02 5.817670e-01 2.641354e+00 -5.284531e+01
<VARIANCE> 6
 3.171274e+01 1.309607e+04 1.481355e+04 2.998645e+02 4.044808e+04 5.191738e+07
<GCONST> 6.764362e+01
<MIXTURE> 12 7.022781e-02
<MEAN> 6
 6.127441e+01 2.935448e+02 -1.890617e+03 -4.618192e-01 -8.608662e+00 -9.926418e+01
<VARIANCE> 6
 3.171274e+01 1.309607e+04 1.362684e+04 2.998645e+02 4.044808e+04 5.191738e+07
<GCONST> 6.756012e+01
<MIXTURE> 13 7.738895e-02
<MEAN> 6
 6.400080e+01 -7.527604e+02 -5.547544e+02 3.726090e-01 -1.296650e+01 -1.128240e+02
<VARIANCE> 6
 3.171274e+01 1.309607e+04 1.767400e+04 2.998645e+02 4.044808e+04 5.191738e+07
<GCONST> 6.782016e+01
<MIXTURE> 14 6.482194e-02
<MEAN> 6
 5.941665e+01 -3.427132e+02 -4.065445e+02 4.179946e-01 9.653366e-01 -8.740711e+01
<VARIANCE> 6
 3.171274e+01 1.309607e+04 1.697707e+04 2.998645e+02 4.044808e+04 5.191738e+07
<GCONST> 6.777994e+01
<MIXTURE> 15 5.339775e-02
<MEAN> 6
 6.087886e+01 8.033582e+02 -8.276966e+02 -1.300907e+00 6.552742e+00 -5.253625e+01
<VARIANCE> 6
 3.171274e+01 4.297970e+05 4.024446e+04 2.998645e+02 4.044808e+04 5.191738e+07
<GCONST> 7.213405e+01
<STATE> 3
<NUMMIXES> 15
<MIXTURE> 1 5.564353e-02
<MEAN> 6
 7.752332e+01 1.554027e+03 1.233943e+03 -3.720855e-01 1.137036e+00 -6.264928e+01
<VARIANCE> 6
 3.171274e+01 9.025872e+05 3.683558e+05 2.998645e+02 4.044808e+04 5.191738e+07
<GCONST> 7.509007e+01
<MIXTURE> 2 5.229639e-02
<MEAN> 6
 7.534739e+01 2.269222e+02 -3.038081e+03 8.954263e-02 -2.374657e+00 -1.527356e+01
<VARIANCE> 6
 3.171274e+01 1.362333e+05 7.412668e+06 2.998645e+02 4.044808e+04 5.191738e+07
<GCONST> 7.620108e+01
<MIXTURE> 3 1.012414e-01
<MEAN> 6
 7.662673e+01 3.708899e+02 3.349856e+02 -1.287907e+00 -2.082880e+00 -1.075086e+02
<VARIANCE> 6
 3.171274e+01 8.226116e+04 1.362684e+04 2.998645e+02 4.044808e+04 5.191738e+07
<GCONST> 6.939771e+01
<MIXTURE> 4 7.571992e-02
<MEAN> 6
 8.306707e+01 -8.160317e+02 2.460335e+02 -6.851630e-01 -3.107311e+00 -1.208765e+02
<VARIANCE> 6
 3.171274e+01 1.309607e+04 2.117936e+04 2.998645e+02 4.044808e+04 5.191738e+07
<GCONST> 6.800110e+01
<MIXTURE> 5 6.931925e-02
<MEAN> 6
 7.306519e+01 6.625069e+02 9.946818e+02 5.406680e-01 -1.559466e+00 -1.352534e+02
<VARIANCE> 6
 3.171274e+01 1.309607e+04 5.647928e+05 2.998645e+02 4.044808e+04 5.191738e+07
<GCONST> 7.128453e+01
<MIXTURE> 6 5.244165e-02
<MEAN> 6
 7.667117e+01 -8.073536e+01 1.308657e+03 -7.946706e-01 -2.169207e+00 -8.518062e+01
<VARIANCE> 6
 3.171274e+01 8.485385e+04 5.094549e+05 2.998645e+02 4.044808e+04 5.191738e+07
<GCONST> 7.305003e+01
<MIXTURE> 7 5.520401e-02
<MEAN> 6
 7.036497e+01 -3.592333e+02 3.246270e+02 -3.132622e-01 -2.974731e+00 -3.024096e+01
<VARIANCE> 6
 3.171274e+01 1.309607e+04 1.362684e+04 2.998645e+02 4.044808e+04 5.191738e+07
<GCONST> 6.756012e+01
<MIXTURE> 8 7.169979e-02
<MEAN> 6
 8.253516e+01 -6.333581e+02 9.405148e+01 -3.033761e+00 -3.996194e+00 -9.162752e+01
<VARIANCE> 6
 8.151907e+01 1.238091e+05 1.838241e+05 2.998645e+02 4.044808e+04 5.191738e+07
<GCONST> 7.335260e+01
<MIXTURE> 9 7.135246e-02
<MEAN> 6
 7.593983e+01 2.894037e+02 -7.601854e+02 -1.823805e-01 -2.513056e+00 -9.479656e+01
<VARIANCE> 6
 3.171274e+01 4.289370e+04 1.362684e+04 2.998645e+02 4.044808e+04 5.191738e+07
<GCONST> 6.874652e+01
<MIXTURE> 10 7.145213e-02
<MEAN> 6
 7.016199e+01 -2.592914e+02 1.178903e+03 -1.267197e+00 -1.691232e+00 -8.262273e+01
<VARIANCE> 6
 4.464737e+01 3.842279e+04 2.148630e+05 2.998645e+02 4.044808e+04 5.191738e+07
<GCONST> 7.173650e+01
<MIXTURE> 11 4.421385e-02
<MEAN> 6
 7.411354e+01 -3.426291e+02 -8.321873e+03 -3.025520e-02 -1.802869e+00 -4.748138e+01
<VARIANCE> 6
 3.171274e+01 1.309607e+04 1.282789e+06 2.998645e+02 4.044808e+04 5.191738e+07
<GCONST> 7.210486e+01
<MIXTURE> 12 8.538307e-02
<MEAN> 6
 8.247660e+01 -7.194415e+02 5.921791e+01 -2.853156e-02 -3.058661e+00 -8.071646e+01
<VARIANCE> 6
 3.171274e+01 2.118056e+04 1.362684e+04 2.998645e+02 4.044808e+04 5.191738e+07
<GCONST> 6.804088e+01
<MIXTURE> 13 8.631304e-02
<MEAN> 6
 7.530999e+01 3.913299e+02 2.257748e+02 -6.758596e-01 -4.249743e+00 -3.169908e+01
<VARIANCE> 6
 3.171274e+01 2.968795e+04 3.482429e+05 2.998645e+02 4.044808e+04 5.191738e+07
<GCONST> 7.161940e+01
<MIXTURE> 14 5.516145e-02
<MEAN> 6
 7.024174e+01 -3.637606e+02 3.191838e+02 -3.467287e-01 -3.110673e+00 -3.044294e+01
<VARIANCE> 6
 3.171274e+01 1.309607e+04 1.362684e+04 2.998645e+02 4.044808e+04 5.191738e+07
<GCONST> 6.756012e+01
<MIXTURE> 15 5.247335e-02
<MEAN> 6
 7.503948e+01 1.504331e+02 -3.978027e+03 -8.381295e-01 -1.051353e+01 -1.551399e+02
<VARIANCE> 6
 3.171274e+01 1.445167e+05 7.732834e+06 2.998645e+02 4.044808e+04 5.191738e+07
<GCONST> 7.630238e+01
<STATE> 4
<NUMMIXES> 15
<MIXTURE> 1 7.999410e-02
<MEAN> 6
 8.686441e+01 -3.931026e+03 8.787567e+03 -1.361771e+00 -1.552571e+01 -2.705497e+01
<VARIANCE> 6
 7.970972e+01 8.447143e+05 1.483075e+07 2.998645e+02 4.044808e+04 5.191738e+07
<GCONST> 7.964088e+01
<MIXTURE> 2 4.323923e-02
<MEAN> 6
 6.350902e+01 -2.418435e+02 4.631966e+03 -3.128258e+01 -7.155762e+02 1.048325e+03
<VARIANCE> 6
 5.748964e+02 2.417447e+07 7.911550e+07 3.591477e+04 7.080640e+05 2.453994e+08
<GCONST> 9.584627e+01
<MIXTURE> 3 7.023176e-02
<MEAN> 6
 -6.369489e+01 7.392451e+02 4.057231e+03 8.224016e+01 4.787595e+02 4.350652e+02
<VARIANCE> 6
 1.720132e+02 1.536172e+05 1.439141e+06 3.602062e+03 1.537976e+05 5.191738e+07
<GCONST> 8.019443e+01
<MIXTURE> 4 6.144381e-02
<MEAN> 6
 8.604710e+01 -4.298459e+02 4.140322e+03 9.460066e+01 -4.591345e+02 7.014527e+02
<VARIANCE> 6
 1.531531e+02 2.242338e+05 1.464259e+06 4.424644e+03 6.117938e+04 5.191738e+07
<GCONST> 7.975768e+01
<MIXTURE> 5 6.546804e-02
<MEAN> 6
 3.267994e+01 1.190742e+02 4.255246e+03 2.919252e+02 -6.324863e+02 -6.343724e+03
<VARIANCE> 6
 5.495189e+02 2.640997e+05 2.625663e+06 6.890668e+03 4.563440e+05 1.331985e+08
<GCONST> 8.517751e+01
<MIXTURE> 6 8.398032e-02
<MEAN> 6
 -9.106491e+00 -4.833575e+01 2.797069e+03 -3.370681e+02 2.934505e+02 1.065204e+04
<VARIANCE> 6
 7.951104e+02 1.551793e+05 2.326082e+06 4.307996e+03 6.225695e+05 1.655364e+08
<GCONST> 8.495232e+01
<MIXTURE> 7 6.590572e-02
<MEAN> 6
 9.506747e+01 -1.227362e+03 1.350970e+03 1.528654e+01 -6.300543e+02 1.025452e+02
<VARIANCE> 6
 1.542477e+02 6.157729e+05 6.097878e+05 7.366655e+03 1.990531e+05 5.191738e+07
<GCONST> 8.158853e+01
<MIXTURE> 8 4.594950e-02
<MEAN> 6
 6.886370e+01 1.721342e+02 1.479451e+03 -1.648149e+02 -9.185220e+02 -6.601008e+02
<VARIANCE> 6
 3.213525e+02 1.053117e+05 3.500910e+06 9.175461e+03 1.491719e+05 5.191738e+07
<GCONST> 8.223532e+01
<MIXTURE> 9 8.221067e-02
<MEAN> 6
 -3.365231e+01 4.808472e+02 2.570700e+03 1.229900e+02 1.169871e+03 -2.735496e+03
<VARIANCE> 6
 3.600732e+02 4.730716e+06 4.265010e+06 4.219595e+04 2.222764e+05 1.728978e+08
<GCONST> 8.947908e+01
<MIXTURE> 10 7.240960e-02
<MEAN> 6
 8.262166e+01 -1.422543e+03 2.779893e+03 -2.837895e+00 -4.207237e+01 6.457091e+01
<VARIANCE> 6
 1.952428e+02 9.292006e+05 2.742119e+06 2.998645e+02 4.044808e+04 5.191738e+07
<GCONST> 7.894409e+01
<MIXTURE> 11 8.958263e-02
<MEAN> 6
 -3.096881e+01 -7.433803e+02 3.434317e+02 3.001687e+01 1.944557e+02 -4.843871e+02
<VARIANCE> 6
 6.453043e+02 6.538216e+06 2.739030e+06 1.664902e+04 9.287253e+04 5.191738e+07
<GCONST> 8.693753e+01
<MIXTURE> 12 7.853992e-02
<MEAN> 6
 -6.657360e+01 9.531102e+01 2.320031e+03 -4.024986e+01 1.106279e+03 -2.073110e+03
<VARIANCE> 6
 9.262800e+01 8.618773e+04 1.268216e+06 1.310255e+04 7.251408e+05 1.775819e+08
<GCONST> 8.294289e+01
<MIXTURE> 13 6.899012e-02
<MEAN> 6
 8.864278e+01 -5.175811e+02 2.762466e+02 -1.408234e+01 -7.143536e+01 -2.350353e+02
<VARIANCE> 6
 3.171274e+01 9.305449e+05 2.125685e+06 2.998645e+02 4.044808e+04 5.191738e+07
<GCONST> 7.687338e+01
<MIXTURE> 14 4.690238e-02
<MEAN> 6
 5.786381e+01 -1.600353e+03 1.033948e+03 9.818937e+01 -5.455151e+02 -5.995660e+02
<VARIANCE> 6
 4.434387e+02 1.556456e+06 1.671306e+06 2.600999e+04 1.038056e+05 5.191738e+07
<GCONST> 8.519054e+01
<MIXTURE> 15 4.512419e-02
<MEAN> 6
 6.189569e+01 2.098443e+01 7.785415e+02 -2.058509e+02 -1.067671e+03 -1.442478e+03
<VARIANCE> 6
 3.484666e+02 1.049845e+05 3.655346e+06 9.154592e+03 1.445414e+05 5.191738e+07
<GCONST> 8.232257e+01
<STATE> 5
<NUMMIXES> 15
<MIXTURE> 1 8.325912e-02
<MEAN> 6
 7.013509e+01 9.878652e+02 1.371422e+02 -8.296301e-01 -9.378542e+00 -1.469989e+02
<VARIANCE> 6
 3.171274e+01 5.926661e+04 1.488583e+04 2.998645e+02 4.044808e+04 5.191738e+07
<GCONST> 6.915822e+01
<MIXTURE> 2 9.755924e-02
<MEAN> 6
 5.615855e+01 3.909335e+02 -2.939091e+03 3.885872e-01 -2.566018e+00 -1.633751e+02
<VARIANCE> 6
 3.171274e+01 6.612745e+04 3.226037e+06 2.998645e+02 4.044808e+04 5.191738e+07
<GCONST> 7.464635e+01
<MIXTURE> 3 8.570626e-02
<MEAN> 6
 6.729172e+01 -2.184514e+03 -1.463262e+02 3.528815e-01 -4.725337e+00 -9.890108e+01
<VARIANCE> 6
 3.171274e+01 1.035718e+05 1.970085e+05 2.998645e+02 4.044808e+04 5.191738e+07
<GCONST> 7.229927e+01
<MIXTURE> 4 9.168805e-02
<MEAN> 6
 5.921693e+01 2.280100e+03 -2.858335e+02 3.429949e-01 -5.363148e+00 -2.026202e+02
<VARIANCE> 6
 3.171274e+01 1.780663e+05 1.362684e+04 2.998645e+02 4.044808e+04 5.191738e+07
<GCONST> 7.016995e+01
<MIXTURE> 5 3.521708e-02
<MEAN> 6
 7.406742e+01 1.123361e+03 -7.274675e+02 -1.443858e+00 -7.346846e+00 -7.190904e+01
<VARIANCE> 6
 3.171274e+01 8.204056e+04 1.362684e+04 2.998645e+02 4.044808e+04 5.191738e+07
<GCONST> 6.939502e+01
<MIXTURE> 6 8.367477e-02
<MEAN> 6
 6.364953e+01 5.763724e+01 2.293570e+02 -1.009678e+00 -6.243644e+00 -1.440014e+02
<VARIANCE> 6
 6.732371e+01 1.881608e+04 1.362684e+04 2.998645e+02 4.044808e+04 5.191738e+07
<GCONST> 6.867531e+01
<MIXTURE> 7 4.770893e-02
<MEAN> 6
 7.622141e+01 -1.438755e+03 -7.824474e+01 -1.893223e+00 -6.954765e+00 -1.547567e+02
<VARIANCE> 6
 4.278646e+01 5.352777e+04 2.229920e+04 2.998645e+02 4.044808e+04 5.191738e+07
<GCONST> 6.976001e+01
<MIXTURE> 8 5.959805e-02
<MEAN> 6
 6.737984e+01 5.437350e+02 -2.356111e+02 1.240575e-02 -2.384975e+00 -1.628116e+02
<VARIANCE> 6
 3.171274e+01 2.815272e+04 1.362684e+04 2.998645e+02 4.044808e+04 5.191738e+07
<GCONST> 6.832544e+01
<MIXTURE> 9 6.426398e-02
<MEAN> 6
 6.483986e+01 -7.783041e+02 3.132164e+01 1.787045e-01 -5.874178e+00 -1.153824e+02
<VARIANCE> 6
 3.171274e+01 8.422313e+04 1.362684e+04 2.998645e+02 4.044808e+04 5.191738e+07
<GCONST> 6.942126e+01
<MIXTURE> 10 5.278044e-02
<MEAN> 6
 7.003342e+01 5.271030e+01 -3.405924e+02 -7.071762e-01 -3.342030e+00 -8.824829e+01
<VARIANCE> 6
 3.171274e+01 1.606319e+04 3.820371e+04 2.998645e+02 4.044808e+04 5.191738e+07
<GCONST> 6.879523e+01
<MIXTURE> 11 5.073487e-02
<MEAN> 6
 6.845726e+01 1.399894e+03 2.694088e+01 -1.090410e+00 -3.540285e+00 -9.870776e+01
<VARIANCE> 6
 3.171274e+01 1.525910e+05 1.362684e+04 2.998645e+02 4.044808e+04 5.191738e+07
<GCONST> 7.001556e+01
<MIXTURE> 12 6.808945e-02
<MEAN> 6
 6.049007e+01 -3.236362e+02 1.739050e+02 -2.676875e-01 -3.081940e+00 -2.239480e+02
<VARIANCE> 6
 3.171274e+01 2.963825e+04 1.362684e+04 2.998645e+02 4.044808e+04 5.191738e+07
<GCONST> 6.837686e+01
<MIXTURE> 13 6.327824e-02
<MEAN> 6
 6.530699e+01 -6.909154e+02 -6.002258e+01 2.616640e-01 -3.429617e+00 -1.832819e+02
<VARIANCE> 6
 3.171274e+01 4.905800e+04 1.919451e+04 2.998645e+02 4.044808e+04 5.191738e+07
<GCONST> 6.922339e+01
<MIXTURE> 14 6.376678e-02
<MEAN> 6
 6.786503e+01 4.595180e+02 -2.520336e+02 -7.175768e-02 -1.910888e-01 -1.119820e+02
<VARIANCE> 6
 3.171274e+01 1.309607e+04 1.418906e+04 2.998645e+02 4.044808e+04 5.191738e+07
<GCONST> 6.760054e+01
<MIXTURE> 15 5.261248e-02
<MEAN> 6
 6.919182e+01 1.078639e+01 -3.996722e+02 -1.157906e+00 -1.289706e+01 -2.961018e+02
<VARIANCE> 6
 3.171274e+01 1.621957e+04 3.404641e+04 2.998645e+02 4.044808e+04 5.191738e+07
<GCONST> 6.868970e+01
<STATE> 6
<NUMMIXES> 15
<MIXTURE> 1 7.773881e-02
<MEAN> 6
 8.483856e+01 -1.443735e+02 2.017723e+02 -6.505552e+00 -8.765988e+01 -2.187392e+02
<VARIANCE> 6
 1.153645e+02 7.258459e+05 3.895839e+05 2.998645e+02 4.044808e+04 5.191738e+07
<GCONST> 7.621956e+01
<MIXTURE> 2 5.857868e-02
<MEAN> 6
 -3.882881e+01 3.318605e+02 1.530762e+02 -2.272086e+02 1.307529e+03 1.183613e+04
<VARIANCE> 6
 2.166237e+02 9.909182e+05 8.479835e+05 9.288485e+03 1.017261e+06 5.943888e+08
<GCONST> 8.703462e+01
<MIXTURE> 3 7.073335e-02
<MEAN> 6
 8.483487e+01 -1.272370e+02 1.039114e+01 4.220846e+01 -1.076199e+03 -1.390737e+03
<VARIANCE> 6
 2.298678e+02 2.780219e+06 7.176123e+05 1.509759e+04 9.853391e+05 6.866147e+08
<GCONST> 8.855681e+01
<MIXTURE> 4 5.987439e-02
<MEAN> 6
 -1.541308e+01 -6.419852e+01 1.099851e+01 2.556504e+02 4.871736e+02 -8.518903e+03
<VARIANCE> 6
 1.271453e+02 6.404223e+05 3.073542e+05 3.411370e+03 1.663007e+05 7.316770e+07
<GCONST> 8.014292e+01
<MIXTURE> 5 9.056365e-02
<MEAN> 6
 5.323167e-01 1.792473e+02 7.383521e+01 -2.416848e+02 8.157409e+01 1.741263e+03
<VARIANCE> 6
 4.722107e+02 5.114096e+05 3.124342e+05 3.015076e+03 1.334111e+05 8.227510e+07
<GCONST> 8.101991e+01
<MIXTURE> 6 8.091374e-02
<MEAN> 6
 -4.415029e+01 -4.799236e+01 6.528705e+01 1.380526e+02 9.017621e+02 6.476329e+02
<VARIANCE> 6
 1.034373e+02 5.099284e+05 2.547059e+05 3.865948e+03 1.443598e+05 5.191738e+07
<GCONST> 7.916132e+01
<MIXTURE> 7 8.516401e-02
<MEAN> 6
 6.768998e+01 -1.737496e+02 1.413908e+02 1.399105e+02 -5.200386e+02 -1.086850e+02
<VARIANCE> 6
 1.719469e+02 7.219738e+05 4.839051e+05 3.109016e+03 1.026986e+05 5.191738e+07
<GCONST> 8.010062e+01
<MIXTURE> 8 4.223126e-02
<MEAN> 6
 2.290535e+01 1.305609e+02 -1.325598e+02 -3.084583e+02 -4.512006e+02 8.649875e+03
<VARIANCE> 6
 4.303669e+02 2.885826e+06 1.597075e+06 4.146085e+03 3.911629e+05 1.830048e+08
<GCONST> 8.648273e+01
<MIXTURE> 9 8.360084e-02
<MEAN> 6
 8.005632e+01 -5.325103e+01 1.201740e+02 -6.053182e+01 -7.357730e+02 -1.624337e+03
<VARIANCE> 6
 1.300918e+02 4.652733e+05 2.880321e+05 4.499227e+03 1.327536e+05 5.296155e+07
<GCONST> 7.950969e+01
<MIXTURE> 10 4.804371e-02
<MEAN> 6
 -5.683450e+01 3.403768e+01 1.699096e+02 1.923792e+01 2.689885e+02 1.089036e+03
<VARIANCE> 6
 9.543169e+01 4.680676e+05 4.605875e+05 6.321879e+02 7.164602e+04 5.191738e+07
<GCONST> 7.707614e+01
<MIXTURE> 11 6.261452e-02
<MEAN> 6
 2.939122e+01 2.162248e+02 2.009346e+01 2.256006e+02 -2.717431e+02 -8.339378e+02
<VARIANCE> 6
 3.710766e+02 1.096784e+06 2.532954e+05 1.331363e+03 1.056506e+05 5.191738e+07
<GCONST> 7.982089e+01
<MIXTURE> 12 7.899010e-02
<MEAN> 6
 -5.697012e+01 -8.347045e+00 6.132282e+01 -2.900060e+01 1.120816e+03 -5.066562e+03
<VARIANCE> 6
 9.636258e+01 6.906841e+05 5.334519e+05 7.357600e+03 2.935902e+05 1.658452e+08
<GCONST> 8.264793e+01
<MIXTURE> 13 6.500801e-02
<MEAN> 6
 5.581978e+01 1.725166e+02 8.312846e+01 -2.042581e+02 -7.885631e+02 2.869125e+03
<VARIANCE> 6
 1.572818e+02 6.283586e+05 2.475835e+05 2.893236e+03 1.786635e+05 5.191738e+07
<GCONST> 7.968422e+01
<MIXTURE> 14 4.829352e-02
<MEAN> 6
 2.401385e+01 -2.135028e+02 -1.301717e+02 2.710917e+02 -3.448279e+02 -5.071902e+03
<VARIANCE> 6
 2.887696e+02 7.788626e+05 8.221002e+05 3.602091e+03 1.515182e+05 5.433262e+07
<GCONST> 8.180646e+01
<MIXTURE> 15 4.737088e-02
<MEAN> 6
 -6.038797e+01 -1.976939e+02 -6.781718e+01 8.536178e+00 1.622685e+02 -6.544339e+02
<VARIANCE> 6
 8.417227e+01 5.853231e+05 5.259103e+05 5.069892e+02 6.387844e+04 5.191738e+07
<GCONST> 7.697133e+01
<STATE> 7
<NUMMIXES> 15
<MIXTURE> 1 9.848300e-02
<MEAN> 6
 7.144500e+01 -6.448233e+02 1.957335e+03 -3.094262e+00 -4.121476e+00 -2.164407e+02
<VARIANCE> 6
 3.171274e+01 1.309607e+04 3.733671e+04 2.998645e+02 4.044808e+04 5.191738e+07
<GCONST> 6.856805e+01
<MIXTURE> 2 9.431612e-02
<MEAN> 6
 6.776219e+01 -4.112430e+03 3.411503e+03 -8.659309e-01 -5.247098e+00 -1.507309e+02
<VARIANCE> 6
 3.171274e+01 4.342375e+04 1.381487e+04 2.998645e+02 4.044808e+04 5.191738e+07
<GCONST> 6.877251e+01
<MIXTURE> 3 5.015048e-02
<MEAN> 6
 8.449495e+01 -7.697655e+02 4.420814e+02 -2.924086e+00 9.020443e+00 8.879395e+01
<VARIANCE> 6
 4.732266e+01 1.819723e+04 1.362684e+04 2.998645e+02 4.044808e+04 5.191738e+07
<GCONST> 6.828934e+01
<MIXTURE> 4 8.160435e-02
<MEAN> 6
 8.769650e+01 -4.250797e+03 2.552273e+03 -2.898151e+00 -5.753652e+00 -2.382892e+02
<VARIANCE> 6
 3.171274e+01 9.346802e+04 1.439669e+06 2.998645e+02 4.044808e+04 5.191738e+07
<GCONST> 7.418555e+01
<MIXTURE> 5 6.027782e-02
<MEAN> 6
 8.658781e+01 -9.215775e+02 2.552739e+03 -5.001265e+00 -9.207573e+00 1.665618e+02
<VARIANCE> 6
 3.171274e+01 1.500250e+04 6.135739e+05 2.998645e+02 4.044808e+04 5.191738e+07
<GCONST> 7.150328e+01
<MIXTURE> 6 4.976583e-02
<MEAN> 6
 8.190060e+01 -6.658647e+02 1.109480e+03 -8.414978e-01 -3.300670e+01 -3.171564e+01
<VARIANCE> 6
 3.171274e+01 1.256900e+05 2.619150e+04 2.998645e+02 4.044808e+04 5.191738e+07
<GCONST> 7.047502e+01
<MIXTURE> 7 9.173994e-03
<MEAN> 6
 8.337827e+01 3.332320e+02 2.546486e+03 -4.174993e+01 -5.360068e+02 1.970404e+04
<VARIANCE> 6
 4.609072e+02 1.659986e+06 2.897860e+06 1.807257e+03 7.554987e+05 1.658787e+08
<GCONST> 8.632372e+01
<MIXTURE> 8 8.174014e-02
<MEAN> 6
 7.920726e+01 -4.297588e+01 -9.570513e+02 -3.078140e+00 -2.444490e+01 -6.093801e+01
<VARIANCE> 6
 3.171274e+01 4.790634e+04 1.601358e+04 2.998645e+02 4.044808e+04 5.191738e+07
<GCONST> 6.901845e+01
<MIXTURE> 9 7.779544e-02
<MEAN> 6
 8.645502e+01 -5.706148e+02 -2.864696e+02 -5.608466e+00 -3.588391e+01 3.780543e+02
<VARIANCE> 6
 3.171274e+01 6.518190e+04 1.431729e+06 2.998645e+02 4.044808e+04 5.191738e+07
<GCONST> 7.381958e+01
<MIXTURE> 10 6.023970e-02
<MEAN> 6
 8.386581e+01 -1.023556e+03 -1.098334e+03 -2.752744e+00 -8.357867e+00 1.295649e+02
<VARIANCE> 6
 3.171274e+01 3.664340e+04 7.905083e+04 2.998645e+02 4.044808e+04 5.191738e+07
<GCONST> 7.034709e+01
<MIXTURE> 11 7.381659e-02
<MEAN> 6
 8.225087e+01 -1.439258e+03 -1.470359e+02 -2.773762e+00 -2.809754e+00 1.177521e+02
<VARIANCE> 6
 3.171274e+01 3.553288e+04 1.480103e+04 2.998645e+02 4.044808e+04 5.191738e+07
<GCONST> 6.864091e+01
<MIXTURE> 12 5.357831e-02
<MEAN> 6
 8.054614e+01 -4.003478e+03 2.576262e+02 -8.346942e+00 5.012063e+01 -1.237087e+02
<VARIANCE> 6
 3.171274e+01 1.866025e+06 1.362684e+04 2.998645e+02 4.044808e+04 5.191738e+07
<GCONST> 7.251936e+01
<MIXTURE> 13 9.838668e-02
<MEAN> 6
 8.340482e+01 -9.817656e+02 7.208514e+01 -6.614655e+00 1.347508e+00 5.623788e+01
<VARIANCE> 6
 6.469721e+01 4.499015e+04 1.362684e+04 2.998645e+02 4.044808e+04 5.191738e+07
<GCONST> 6.950725e+01
<MIXTURE> 14 6.022060e-02
<MEAN> 6
 7.488277e+01 -1.371003e+03 1.060338e+03 -3.994201e+00 4.484064e+00 8.168478e+01
<VARIANCE> 6
 3.171274e+01 2.921406e+04 2.294303e+04 2.998645e+02 4.044808e+04 5.191738e+07
<GCONST> 6.888342e+01
<MIXTURE> 15 5.043193e-02
<MEAN> 6
 8.190971e+01 -8.333848e+02 4.180363e+02 -4.420990e+00 -1.628250e+00 -7.225220e+00
<VARIANCE> 6
 4.672520e+01 1.309607e+04 1.729182e+04 2.998645e+02 4.044808e+04 5.191738e+07
<GCONST> 6.818587e+01
<STATE> 8
<NUMMIXES> 15
<MIXTURE> 1 7.751445e-02
<MEAN> 6
 3.803323e+01 -1.768654e+03 1.360232e+02 -3.131267e+00 -7.339156e+01 1.646425e+02
<VARIANCE> 6
 2.460698e+03 3.873300e+07 2.532610e+05 1.923993e+04 1.478178e+05 5.191738e+07
<GCONST> 8.828348e+01
<MIXTURE> 2 8.087697e-02
<MEAN> 6
 -3.788566e+01 -6.106646e+01 -4.339866e+02 -1.307480e+01 9.249978e+02 -2.010951e+02
<VARIANCE> 6
 1.387650e+02 3.888876e+06 2.155878e+06 1.613054e+04 2.397658e+05 1.625693e+08
<GCONST> 8.669989e+01
<MIXTURE> 3 6.513987e-02
<MEAN> 6
 7.614709e+01 -2.929312e+02 6.687772e+02 -6.793084e+00 -5.410354e+01 -2.303914e+02
<VARIANCE> 6
 7.207869e+01 2.532441e+05 2.309852e+06 3.813004e+02 4.044808e+04 5.191738e+07
<GCONST> 7.671635e+01
<MIXTURE> 4 4.272359e-02
<MEAN> 6
 8.623749e+01 -9.651522e+02 -1.104796e+02 1.157297e+01 -8.439365e+02 -1.380023e+03
<VARIANCE> 6
 1.768412e+02 2.239455e+07 4.251382e+06 1.172900e+04 6.179288e+05 2.917900e+08
<GCONST> 9.058509e+01
<MIXTURE> 5 9.214652e-02
<MEAN> 6
 5.864064e+01 4.284373e+02 6.116819e+01 5.294841e+01 -2.415605e+02 -5.954973e+02
<VARIANCE> 6
 1.020962e+02 5.691812e+05 7.507542e+05 6.405444e+03 5.293225e+04 5.191738e+07
<GCONST> 7.984081e+01
<MIXTURE> 6 4.817406e-02
<MEAN> 6
 2.570578e+01 4.443720e+02 6.907067e+02 1.291382e+02 -5.656571e+01 -8.717216e+02
<VARIANCE> 6
 3.008418e+02 3.369830e+05 1.332096e+06 2.446227e+03 4.044808e+04 5.191738e+07
<GCONST> 7.973914e+01
<MIXTURE> 7 7.928860e-02
<MEAN> 6
 3.629774e+01 1.990648e+03 -3.269687e+03 4.785151e+01 -7.238719e+01 -1.854454e+02
<VARIANCE> 6
 1.308333e+03 3.007538e+06 1.426950e+06 2.185353e+04 7.651820e+04 5.191738e+07
<GCONST> 8.629402e+01
<MIXTURE> 8 7.164911e-02
<MEAN> 6
 -1.729882e+01 1.760599e+02 2.897570e+02 3.683891e+01 1.606955e+02 -4.484012e+02
<VARIANCE> 6
 1.642884e+02 2.084558e+05 6.120457e+05 6.409990e+03 9.677253e+04 5.191738e+07
<GCONST> 7.971182e+01
<MIXTURE> 9 6.919283e-02
<MEAN> 6
 -5.302431e+01 1.353307e+02 -9.162018e+01 4.761300e+00 2.655692e+02 -2.371374e+02
<VARIANCE> 6
 1.275821e+02 5.491484e+05 2.769855e+06 1.217604e+03 6.777388e+04 5.191738e+07
<GCONST> 7.992019e+01
<MIXTURE> 10 5.242835e-02
<MEAN> 6
 7.013651e+01 1.483193e+01 -1.764098e+02 -2.799345e+01 -5.017329e+02 1.472466e+03
<VARIANCE> 6
 1.462312e+02 1.094792e+06 2.299820e+06 8.930527e+03 8.825126e+04 5.191738e+07
<GCONST> 8.281721e+01
<MIXTURE> 11 6.288327e-02
<MEAN> 6
 4.935987e+00 -1.704760e+02 7.293970e+01 -1.640416e+02 8.912272e+01 2.388920e+03
<VARIANCE> 6
 5.457275e+02 8.648377e+05 2.101782e+06 2.440524e+03 1.416344e+05 8.786093e+07
<GCONST> 8.351022e+01
<MIXTURE> 12 6.444721e-02
<MEAN> 6
 1.588515e+01 -1.841077e+02 -3.834090e+02 1.529209e+02 -2.825311e+00 -1.706123e+03
<VARIANCE> 6
 3.845032e+02 4.915274e+05 3.326169e+05 1.829226e+03 6.458462e+04 5.191738e+07
<GCONST> 7.915178e+01
<MIXTURE> 13 7.982137e-02
<MEAN> 6
 -2.542939e+01 1.319337e+00 -2.414329e+02 3.873519e+01 2.789016e+02 -1.048024e+03
<VARIANCE> 6
 1.665638e+02 5.671655e+05 2.615095e+05 7.284260e+03 8.954885e+04 5.191738e+07
<GCONST> 7.992645e+01
<MIXTURE> 14 6.183771e-02
<MEAN> 6
 1.241645e+01 -7.727264e+02 -2.203715e+02 -1.797424e+02 3.991610e+01 3.588170e+03
<VARIANCE> 6
 4.817757e+02 2.800178e+06 8.137189e+05 2.821846e+03 1.879019e+05 1.332356e+08
<GCONST> 8.445576e+01
<MIXTURE> 15 5.169687e-02
<MEAN> 6
 6.513850e+01 -3.026801e+02 -6.513051e+02 -7.640195e+01 -5.986384e+02 -2.974984e+02
<VARIANCE> 6
 1.482469e+02 1.075904e+06 2.055831e+06 9.680172e+03 9.132917e+04 5.191738e+07
<GCONST> 8.281622e+01
<STATE> 9
<NUMMIXES> 15
<MIXTURE> 1 7.746963e-02
<MEAN> 6
 1.062774e+02 9.693745e+02 -6.649013e+02 -6.292016e+00 -5.788948e+00 6.056038e+02
<VARIANCE> 6
 3.171274e+01 4.586417e+05 1.019102e+05 2.998645e+02 4.044808e+04 5.191738e+07
<GCONST> 7.312813e+01
<MIXTURE> 2 3.734222e-02
<MEAN> 6
 8.243986e+01 -8.092467e+02 -9.614850e+03 -3.650079e+00 4.933197e+00 -3.415629e+01
<VARIANCE> 6
 3.171274e+01 1.309607e+04 5.342002e+06 2.998645e+02 4.044808e+04 5.191738e+07
<GCONST> 7.353143e+01
<MIXTURE> 3 9.563409e-02
<MEAN> 6
 9.218150e+01 1.103763e+03 -3.108342e+02 -4.727394e+00 -2.035063e-01 1.858280e+02
<VARIANCE> 6
 3.171274e+01 3.340009e+04 1.563360e+06 2.998645e+02 4.044808e+04 5.191738e+07
<GCONST> 7.323891e+01
<MIXTURE> 4 7.185142e-02
<MEAN> 6
 9.703825e+01 3.106604e+02 -1.504498e+02 -4.128137e+00 -5.629327e+00 8.986893e+01
<VARIANCE> 6
 3.564241e+01 8.211891e+04 5.650080e+04 2.998645e+02 4.044808e+04 5.191738e+07
<GCONST> 7.093500e+01
<MIXTURE> 5 8.448975e-02
<MEAN> 6
 9.022770e+01 2.050934e+03 -1.847845e+03 -4.754232e+00 -2.553132e+00 2.333046e+02
<VARIANCE> 6
 1.578449e+02 1.549378e+05 9.558981e+05 2.998645e+02 4.044808e+04 5.191738e+07
<GCONST> 7.588632e+01
<MIXTURE> 6 4.488460e-02
<MEAN> 6
 8.950464e+01 2.669141e+02 2.081305e+03 -3.156619e+00 1.118384e+00 1.710842e+02
<VARIANCE> 6
 3.171274e+01 2.323685e+04 1.572308e+05 2.998645e+02 4.044808e+04 5.191738e+07
<GCONST> 7.057921e+01
<MIXTURE> 7 4.129990e-02
<MEAN> 6
 9.654177e+01 -6.954846e+02 -1.161158e+03 -4.028991e+00 -3.213322e+00 8.081493e+01
<VARIANCE> 6
 3.171274e+01 1.309607e+04 1.381858e+04 2.998645e+02 4.044808e+04 5.191738e+07
<GCONST> 6.757408e+01
<MIXTURE> 8 6.792166e-02
<MEAN> 6
 8.965063e+01 4.289316e+02 -2.963768e+03 -2.851890e+00 1.184546e+00 -7.693000e+00
<VARIANCE> 6
 3.171274e+01 1.679198e+04 6.164376e+05 2.998645e+02 4.044808e+04 5.191738e+07
<GCONST> 7.162062e+01
<MIXTURE> 9 7.969289e-02
<MEAN> 6
 7.749987e+01 -1.188456e+02 -2.920487e+03 -3.155076e+00 -3.779794e+00 2.522966e+02
<VARIANCE> 6
 4.614788e+01 1.405732e+06 1.746094e+06 2.998645e+02 4.044808e+04 5.191738e+07
<GCONST> 7.746434e+01
<MIXTURE> 10 7.286583e-02
<MEAN> 6
 8.901909e+01 -3.089112e+02 -1.782448e+03 -5.730501e+00 -9.480514e-01 3.272085e+00
<VARIANCE> 6
 7.304613e+01 4.024097e+04 4.132976e+04 2.998645e+02 4.044808e+04 5.191738e+07
<GCONST> 7.062660e+01
<MIXTURE> 11 5.855947e-02
<MEAN> 6
 9.142531e+01 -2.488879e+02 2.955143e+02 -3.805524e+00 3.303982e+00 1.430529e+02
<VARIANCE> 6
 4.581954e+01 1.309607e+04 1.255033e+05 2.998645e+02 4.044808e+04 5.191738e+07
<GCONST> 7.014839e+01
<MIXTURE> 12 6.263035e-02
<MEAN> 6
 8.630090e+01 -2.883189e+01 3.643987e+02 -5.021516e+00 5.367744e+00 9.824395e+01
<VARIANCE> 6
 3.171274e+01 2.079681e+04 1.209302e+06 2.998645e+02 4.044808e+04 5.191738e+07
<GCONST> 7.250836e+01
<MIXTURE> 13 6.120968e-02
<MEAN> 6
 8.150230e+01 1.827400e+01 -2.172891e+03 -1.099780e+00 -6.058927e+00 -1.456279e+01
<VARIANCE> 6
 1.071388e+02 1.309607e+04 2.218784e+04 2.998645e+02 4.044808e+04 5.191738e+07
<GCONST> 6.926501e+01
<MIXTURE> 14 8.549382e-02
<MEAN> 6
 9.245376e+01 2.481465e+02 -3.642453e+02 -4.099844e+00 6.323534e-02 6.615461e+01
<VARIANCE> 6
 3.171274e+01 1.309607e+04 3.087663e+04 2.998645e+02 4.044808e+04 5.191738e+07
<GCONST> 6.837807e+01
<MIXTURE> 15 5.861588e-02
<MEAN> 6
 8.883310e+01 -2.866566e+02 2.057352e+02 -3.308602e+00 -1.877911e+00 6.800415e+00
<VARIANCE> 6
 4.415746e+01 1.309607e+04 1.365498e+05 2.998645e+02 4.044808e+04 5.191738e+07
<GCONST> 7.019580e+01
<STATE> 10
<NUMMIXES> 15
<MIXTURE> 1 4.448611e-02
<MEAN> 6
 8.021088e+01 8.097096e+02 2.751794e+02 -4.555586e+00 2.405868e+00 -2.880505e+01
<VARIANCE> 6
 3.171274e+01 2.816168e+04 3.996696e+04 2.998645e+02 4.044808e+04 5.191738e+07
<GCONST> 6.940178e+01
<MIXTURE> 2 8.992223e-02
<MEAN> 6
 7.889422e+01 2.036984e+02 -5.852787e+01 -1.639052e+00 -7.373723e+00 4.119946e+01
<VARIANCE> 6
 3.171274e+01 6.998447e+04 6.438061e+04 2.998645e+02 4.044808e+04 5.191738e+07
<GCONST> 7.078885e+01
<MIXTURE> 3 7.571290e-02
<MEAN> 6
 6.071364e+01 4.672954e+02 9.336148e+01 -1.328470e-01 -9.892797e-01 -1.276570e+02
<VARIANCE> 6
 3.171274e+01 1.309607e+04 1.362684e+04 2.998645e+02 4.044808e+04 5.191738e+07
<GCONST> 6.756012e+01
<MIXTURE> 4 5.995226e-02
<MEAN> 6
 6.137052e+01 2.035760e+03 8.707543e+02 -1.955070e+00 6.837175e+00 4.619930e+01
<VARIANCE> 6
 3.171274e+01 4.040204e+05 5.351644e+05 2.998645e+02 4.044808e+04 5.191738e+07
<GCONST> 7.465981e+01
<MIXTURE> 5 8.394187e-02
<MEAN> 6
 6.430368e+01 3.518900e+02 -1.144265e+02 3.359659e-01 -6.365433e+00 -9.369697e+01
<VARIANCE> 6
 3.171274e+01 1.309607e+04 1.362684e+04 2.998645e+02 4.044808e+04 5.191738e+07
<GCONST> 6.756012e+01
<MIXTURE> 6 7.909190e-02
<MEAN> 6
 7.441257e+01 1.011845e+03 -1.453443e+02 -1.850858e+00 -7.223465e+00 6.132361e+01
<VARIANCE> 6
 3.171274e+01 7.988903e+04 5.995147e+04 2.998645e+02 4.044808e+04 5.191738e+07
<GCONST> 7.084993e+01
<MIXTURE> 7 4.673769e-02
<MEAN> 6
 6.180097e+01 5.837561e+01 -3.812703e+01 -2.919655e-01 -1.495312e+00 -4.901978e+01
<VARIANCE> 6
 3.171274e+01 1.309607e+04 1.362684e+04 2.998645e+02 4.044808e+04 5.191738e+07
<GCONST> 6.756012e+01
<MIXTURE> 8 4.796755e-02
<MEAN> 6
 5.468945e+01 8.421147e+02 -1.285701e+00 1.122889e+00 3.881294e+00 -7.835340e+01
<VARIANCE> 6
 3.171274e+01 1.309607e+04 1.362684e+04 2.998645e+02 4.044808e+04 5.191738e+07
<GCONST> 6.756012e+01
<MIXTURE> 9 5.452832e-02
<MEAN> 6
 7.281991e+01 4.206808e+02 6.340833e+02 -3.808316e+00 3.770926e+00 3.306384e+01
<VARIANCE> 6
 3.171274e+01 2.547716e+04 1.640620e+04 2.998645e+02 4.044808e+04 5.191738e+07
<GCONST> 6.841121e+01
<MIXTURE> 10 9.693592e-02
<MEAN> 6
 6.119663e+01 2.846586e+01 -6.569702e+01 -4.122987e-01 -3.715492e+00 -1.192347e+02
<VARIANCE> 6
 3.171274e+01 1.309607e+04 1.362684e+04 2.998645e+02 4.044808e+04 5.191738e+07
<GCONST> 6.756012e+01
<MIXTURE> 11 8.358399e-02
<MEAN> 6
 7.430138e+01 1.054438e+03 -5.199406e+02 -2.637466e+00 -7.007290e+00 1.451067e+02
<VARIANCE> 6
 3.171274e+01 2.320840e+05 5.259280e+04 2.998645e+02 4.044808e+04 5.191738e+07
<GCONST> 7.178545e+01
<MIXTURE> 12 7.535091e-02
<MEAN> 6
 6.068120e+01 4.680056e+02 9.297762e+01 -1.271474e-01 -8.964874e-01 -1.271747e+02
<VARIANCE> 6
 3.171274e+01 1.309607e+04 1.362684e+04 2.998645e+02 4.044808e+04 5.191738e+07
<GCONST> 6.756012e+01
<MIXTURE> 13 8.385406e-02
<MEAN> 6
 7.860947e+01 1.902063e+02 -2.013479e+02 -2.140066e+00 -5.029459e+00 -2.992921e+00
<VARIANCE> 6
 3.171274e+01 7.912688e+04 4.299300e+04 2.998645e+02 4.044808e+04 5.191738e+07
<GCONST> 7.050784e+01
<MIXTURE> 14 3.110632e-02
<MEAN> 6
 6.116348e+01 -1.463136e+03 -2.425386e+01 8.206964e-01 -7.737973e+00 3.142527e+02
<VARIANCE> 6
 3.171274e+01 1.079424e+06 1.010317e+05 2.998645e+02 4.044808e+04 5.191738e+07
<GCONST> 7.397537e+01
<MIXTURE> 15 4.673106e-02
<MEAN> 6
 6.067826e+01 1.452051e+01 -8.349787e+01 -5.444510e-01 -8.454613e+00 -2.459327e+02
<VARIANCE> 6
 3.171274e+01 1.309607e+04 1.362684e+04 2.998645e+02 4.044808e+04 5.191738e+07
<GCONST> 6.756012e+01
<STATE> 11
<NUMMIXES> 15
<MIXTURE> 1 4.441467e-02
<MEAN> 6
 5.653434e-01 7.393892e+01 1.074837e+02 2.404634e+02 -3.414192e+01 -6.866764e+03
<VARIANCE> 6
 4.829534e+02 6.838657e+04 8.501951e+04 3.379334e+03 2.330671e+05 1.174410e+08
<GCONST> 7.875671e+01
<MIXTURE> 2 1.950455e-02
<MEAN> 6
 -4.525813e+01 2.605947e+01 1.994328e+02 -7.439134e+01 1.320132e+03 1.392869e+03
<VARIANCE> 6
 3.070575e+02 1.613051e+05 7.883555e+05 2.011141e+04 6.769782e+05 3.964767e+08
<GCONST> 8.545562e+01
<MIXTURE> 3 6.969532e-02
<MEAN> 6
 1.211337e+01 -1.213866e+02 1.731225e+02 -1.440837e+02 2.017064e+01 -1.219493e+03
<VARIANCE> 6
 6.788669e+02 3.897016e+05 6.535514e+04 1.602583e+03 1.319172e+05 7.389185e+07
<GCONST> 7.879583e+01
<MIXTURE> 4 6.338826e-02
<MEAN> 6
 7.538659e+01 -2.479836e+02 4.729889e+01 -1.069493e+01 -4.003757e+01 1.908841e+02
<VARIANCE> 6
 1.069457e+02 2.974218e+05 3.236006e+04 2.998645e+02 4.044808e+04 5.191738e+07
<GCONST> 7.276344e+01
<MIXTURE> 5 7.700518e-02
<MEAN> 6
 -4.733672e+01 7.211593e+01 -3.140259e+01 3.706821e+01 9.258575e+02 -9.449711e+02
<VARIANCE> 6
 1.325075e+02 5.518771e+04 4.151827e+04 1.301254e+04 1.605068e+05 9.226401e+07
<GCONST> 7.726621e+01
<MIXTURE> 6 5.437995e-02
<MEAN> 6
 6.688536e+01 1.279574e+02 2.230410e+01 6.515980e+01 -2.964397e+02 1.185765e+02
<VARIANCE> 6
 1.316566e+02 1.485105e+05 2.457902e+04 8.106392e+03 1.030822e+05 5.191738e+07
<GCONST> 7.623438e+01
<MIXTURE> 7 9.060244e-02
<MEAN> 6
 6.244074e+00 -2.470837e+01 2.103118e+01 1.415054e+02 5.150336e+01 -3.975018e+02
<VARIANCE> 6
 2.579343e+02 2.343378e+05 7.135563e+04 1.873766e+03 4.620499e+04 5.191738e+07
<GCONST> 7.616164e+01
<MIXTURE> 8 5.970550e-02
<MEAN> 6
 -3.402932e+01 4.587690e+02 -8.173988e+00 -2.406813e+01 4.981136e+02 6.808263e+02
<VARIANCE> 6
 7.065513e+01 2.656193e+05 1.373102e+05 8.246688e+03 1.117371e+05 5.191738e+07
<GCONST> 7.801152e+01
<MIXTURE> 9 6.757227e-02
<MEAN> 6
 8.198861e+01 -4.492942e+02 -1.051527e+02 2.241747e+01 -7.815464e+02 -1.269892e+03
<VARIANCE> 6
 1.832128e+02 8.474817e+05 1.295683e+05 7.848133e+03 5.574611e+05 2.177074e+08
<GCONST> 8.305774e+01
<MIXTURE> 10 9.173855e-02
<MEAN> 6
 6.475045e+00 3.608333e+01 8.622063e+01 -2.247299e+02 1.329311e+02 6.669882e+03
<VARIANCE> 6
 5.627308e+02 1.229197e+05 3.464621e+04 3.981738e+03 3.120448e+05 1.926604e+08
<GCONST> 7.954911e+01
<MIXTURE> 11 6.893567e-02
<MEAN> 6
 6.148236e+01 -5.880385e+01 1.947729e+01 -1.433163e+02 -7.385844e+02 1.321253e+03
<VARIANCE> 6
 2.250194e+02 2.219855e+05 1.375968e+04 4.138936e+03 1.773249e+05 5.756528e+07
<GCONST> 7.656567e+01
<MIXTURE> 12 7.461031e-02
<MEAN> 6
 4.499759e+01 -1.177669e+02 -1.491593e+02 1.352136e+02 -2.283502e+02 -7.997862e+02
<VARIANCE> 6
 1.720648e+02 1.490897e+05 7.078738e+04 1.920977e+03 4.319897e+04 5.191738e+07
<GCONST> 7.525420e+01
<MIXTURE> 13 9.261417e-02
<MEAN> 6
 -3.280481e+01 -1.352999e+01 -1.315131e+01 1.488416e+01 2.476252e+02 -1.518780e+02
<VARIANCE> 6
 2.549400e+02 7.580089e+04 2.638740e+04 4.387975e+03 5.305689e+04 5.191738e+07
<GCONST> 7.501570e+01
<MIXTURE> 14 7.096028e-02
<MEAN> 6
 6.903249e+01 -3.310413e+02 -2.754572e+00 -4.653079e+00 -5.126313e+01 5.197355e+01
<VARIANCE> 6
 3.171274e+01 2.621796e+05 5.376988e+04 2.998645e+02 4.044808e+04 5.191738e+07
<GCONST> 7.192950e+01
<MIXTURE> 15 5.471999e-02
<MEAN> 6
 6.437908e+01 -3.196858e+01 -2.907600e+01 3.687689e+01 -4.236959e+02 -1.992386e+03
<VARIANCE> 6
 1.260868e+02 1.608597e+05 2.508826e+04 9.581025e+03 9.927215e+04 5.191738e+07
<GCONST> 7.642100e+01
<TRANSP> 12
 0.000000e+00 1.000000e+00 0.000000e+00 0.000000e+00 0.000000e+00 0.000000e+00 0.000000e+00 0.000000e+00 0.000000e+00 0.000000e+00 0.000000e+00 0.000000e+00
 0.000000e+00 9.985545e-01 1.445498e-03 0.000000e+00 0.000000e+00 0.000000e+00 0.000000e+00 0.000000e+00 0.000000e+00 0.000000e+00 0.000000e+00 0.000000e+00
 0.000000e+00 0.000000e+00 9.994294e-01 5.706249e-04 0.000000e+00 0.000000e+00 0.000000e+00 0.000000e+00 0.000000e+00 0.000000e+00 0.000000e+00 0.000000e+00
 0.000000e+00 0.000000e+00 0.000000e+00 9.991212e-01 8.787767e-04 0.000000e+00 0.000000e+00 0.000000e+00 0.000000e+00 0.000000e+00 0.000000e+00 0.000000e+00
 0.000000e+00 0.000000e+00 0.000000e+00 0.000000e+00 9.993703e-01 6.296969e-04 0.000000e+00 0.000000e+00 0.000000e+00 0.000000e+00 0.000000e+00 0.000000e+00
 0.000000e+00 0.000000e+00 0.000000e+00 0.000000e+00 0.000000e+00 9.999059e-01 9.413885e-05 0.000000e+00 0.000000e+00 0.000000e+00 0.000000e+00 0.000000e+00
 0.000000e+00 0.000000e+00 0.000000e+00 0.000000e+00 0.000000e+00 0.000000e+00 9.982540e-01 1.746024e-03 0.000000e+00 0.000000e+00 0.000000e+00 0.000000e+00
 0.000000e+00 0.000000e+00 0.000000e+00 0.000000e+00 0.000000e+00 0.000000e+00 0.000000e+00 9.997858e-01 2.142581e-04 0.000000e+00 0.000000e+00 0.000000e+00
 0.000000e+00 0.000000e+00 0.000000e+00 0.000000e+00 0.000000e+00 0.000000e+00 0.000000e+00 0.000000e+00 9.988827e-01 1.117358e-03 0.000000e+00 0.000000e+00
 0.000000e+00 0.000000e+00 0.000000e+00 0.000000e+00 0.000000e+00 0.000000e+00 0.000000e+00 0.000000e+00 0.000000e+00 9.991590e-01 8.410430e-04 0.000000e+00
 0.000000e+00 0.000000e+00 0.000000e+00 0.000000e+00 0.000000e+00 0.000000e+00 0.000000e+00 0.000000e+00 0.000000e+00 0.000000e+00 9.997602e-01 2.398420e-04
 0.000000e+00 0.000000e+00 0.000000e+00 0.000000e+00 0.000000e+00 0.000000e+00 0.000000e+00 0.000000e+00 0.000000e+00 0.000000e+00 0.000000e+00 0.000000e+00
<ENDHMM>
~h "QuintoPRIMARIA"
<BEGINHMM>
<NUMSTATES> 12
<STATE> 2
<NUMMIXES> 15
<MIXTURE> 1 5.013521e-02
<MEAN> 6
 6.879758e+01 2.817073e+02 9.894356e+02 -2.871915e-01 -1.161486e+01 -3.418040e+01
<VARIANCE> 6
 3.171274e+01 4.185574e+05 6.388572e+06 2.998645e+02 4.044808e+04 5.191738e+07
<GCONST> 7.717484e+01
<MIXTURE> 2 1.254095e-02
<MEAN> 6
 -2.465668e+00 -5.543073e+01 -4.644566e+02 -1.506421e+02 2.519324e+02 1.566232e+04
<VARIANCE> 6
 1.281469e+03 2.499505e+05 2.042280e+06 4.707224e+04 1.845062e+06 1.225273e+09
<GCONST> 9.125551e+01
<MIXTURE> 3 5.066632e-02
<MEAN> 6
 -8.317874e+00 3.955955e+00 1.212332e+02 2.115415e+02 4.994994e+02 -6.195314e+03
<VARIANCE> 6
 1.986045e+02 6.797485e+04 1.439096e+05 4.841489e+03 1.777050e+05 7.881513e+07
<GCONST> 7.807788e+01
<MIXTURE> 4 5.359006e-02
<MEAN> 6
 4.122855e+01 5.171292e+01 6.194112e+01 1.794580e+02 -1.609500e+02 -3.510339e+01
<VARIANCE> 6
 3.917564e+02 6.542660e+04 4.970576e+04 4.932935e+03 1.452517e+05 5.191738e+07
<GCONST> 7.705554e+01
<MIXTURE> 5 1.051817e-01
<MEAN> 6
 7.798083e+01 5.063133e+01 5.125812e+01 -6.672340e+00 -4.509926e+01 -2.583075e+02
<VARIANCE> 6
 1.174361e+02 3.924727e+04 3.217204e+04 2.998645e+02 4.044808e+04 5.191738e+07
<GCONST> 7.082591e+01
<MIXTURE> 6 7.493902e-02
<MEAN> 6
 -4.529766e+01 5.483024e-02 1.310280e+01 1.657071e+01 1.835555e+02 -1.070716e+02
<VARIANCE> 6
 1.924485e+02 1.309607e+04 5.742248e+04 5.589856e+02 5.923611e+04 5.191738e+07
<GCONST> 7.180592e+01
<MIXTURE> 7 5.662556e-02
<MEAN> 6
 7.146391e+01 8.306076e+01 -3.407737e+01 1.044943e+02 -1.086416e+03 -3.211300e+03
<VARIANCE> 6
 8.269013e+02 1.185039e+05 4.415414e+04 2.835907e+04 1.253365e+06 7.624058e+08
<GCONST> 8.486913e+01
<MIXTURE> 8 8.544512e-02
<MEAN> 6
 7.979317e+01 4.864230e+01 -1.623521e+01 -1.309313e+01 -5.601978e+02 -5.683713e+02
<VARIANCE> 6
 1.871446e+02 3.369502e+04 1.936248e+04 9.439876e+03 1.876175e+05 6.674615e+07
<GCONST> 7.586661e+01
<MIXTURE> 9 7.267435e-02
<MEAN> 6
 5.839271e+01 1.148326e+01 1.459023e+02 -1.997277e-03 -1.941888e+01 -2.845251e+02
<VARIANCE> 6
 3.171274e+01 1.309607e+04 3.612155e+04 2.998645e+02 4.044808e+04 5.191738e+07
<GCONST> 6.853496e+01
<MIXTURE> 10 6.505620e-02
<MEAN> 6
 -3.840514e+01 -1.416753e+01 -2.179438e+01 -7.970351e+01 1.464003e+03 7.998369e+02
<VARIANCE> 6
 2.352638e+02 2.929532e+04 8.836205e+04 2.729609e+04 6.380117e+05 5.840396e+08
<GCONST> 8.192844e+01
<MIXTURE> 11 1.052092e-01
<MEAN> 6
 1.047704e+01 2.185750e+01 1.522986e+01 -2.220365e+02 -6.540352e+01 4.151354e+03
<VARIANCE> 6
 4.804555e+02 2.752710e+04 6.007309e+04 5.407965e+03 3.250363e+05 1.810019e+08
<GCONST> 7.872958e+01
<MIXTURE> 12 6.546094e-02
<MEAN> 6
 5.818520e+01 -2.487941e+00 4.580068e+01 -1.311750e+02 -7.705182e+02 1.658659e+02
<VARIANCE> 6
 1.591574e+02 1.012803e+05 5.803693e+04 8.770472e+03 1.921592e+05 5.191738e+07
<GCONST> 7.760203e+01
<MIXTURE> 13 9.826483e-02
<MEAN> 6
 -3.553354e+01 3.716726e+01 -2.907351e+01 4.455745e+01 6.199768e+02 6.443869e+01
<VARIANCE> 6
 2.068945e+02 7.778891e+04 5.410354e+04 7.888644e+03 1.537163e+05 5.191738e+07
<GCONST> 7.720109e+01
<MIXTURE> 14 5.026986e-02
<MEAN> 6
 6.068351e+01 -1.388104e+02 6.716521e+01 -6.464999e-01 -2.444284e+01 -1.363351e+02
<VARIANCE> 6
 3.171274e+01 1.309607e+04 2.390604e+05 2.998645e+02 4.044808e+04 5.191738e+07
<GCONST> 7.042479e+01
<MIXTURE> 15 5.364749e-02
<MEAN> 6
 3.571385e+01 -4.906767e+01 -1.723306e+01 1.664633e+02 -2.952734e+02 -1.890113e+03
<VARIANCE> 6
 4.119621e+02 5.803001e+04 5.832536e+04 4.892701e+03 1.507082e+05 5.191738e+07
<GCONST> 7.717447e+01
<STATE> 3
<NUMMIXES> 15
<MIXTURE> 1 7.979282e-02
<MEAN> 6
 6.429337e+01 -4.375661e+01 -1.197309e+02 4.372266e+01 -4.432814e+02 -2.772131e+02
<VARIANCE> 6
 4.497957e+02 1.503977e+05 1.341470e+06 1.332204e+04 8.297436e+04 5.191738e+07
<GCONST> 8.175499e+01
<MIXTURE> 2 5.119202e-02
<MEAN> 6
 8.897941e+01 -2.899448e+02 -1.568489e+03 6.261554e+01 -9.441099e+02 -2.796892e+02
<VARIANCE> 6
 2.220812e+02 5.288271e+05 8.324615e+06 1.373045e+04 1.365566e+06 9.145715e+08
<GCONST> 8.983186e+01
<MIXTURE> 3 6.528866e-02
<MEAN> 6
 1.810081e+01 -2.713326e+02 5.093423e+02 2.501326e+02 -2.025261e+02 -5.364042e+03
<VARIANCE> 6
 6.119661e+02 2.539560e+05 3.012630e+06 5.056887e+03 2.787654e+05 8.180106e+07
<GCONST> 8.409361e+01
<MIXTURE> 4 6.316909e-02
<MEAN> 6
 -3.967122e+01 -4.447622e+01 6.393172e+01 1.264012e+02 6.254540e+02 -4.593753e+02
<VARIANCE> 6
 3.921861e+02 1.520402e+05 8.080476e+05 1.507098e+04 1.362923e+05 5.191738e+07
<GCONST> 8.174152e+01
<MIXTURE> 5 9.069196e-02
<MEAN> 6
 9.461245e+01 4.212990e+02 8.378033e+02 -4.871380e+00 -1.526046e+01 -1.417365e+02
<VARIANCE> 6
 5.005753e+01 1.407790e+05 5.697190e+06 2.998645e+02 4.044808e+04 5.191738e+07
<GCONST> 7.642714e+01
<MIXTURE> 6 7.430076e-02
<MEAN> 6
 -1.421488e+00 -1.015038e+01 -2.335262e+03 -2.997311e+02 8.189839e+01 1.162217e+04
<VARIANCE> 6
 9.048993e+02 2.794833e+05 1.192684e+07 6.458127e+03 9.518505e+05 3.760917e+08
<GCONST> 8.895470e+01
<MIXTURE> 7 6.070169e-02
<MEAN> 6
 2.917933e+01 -1.645842e+02 3.698471e+00 4.917969e+01 -1.143610e+02 -2.300514e+02
<VARIANCE> 6
 6.248302e+02 8.518942e+04 3.478744e+05 1.418999e+04 6.889945e+04 5.191738e+07
<GCONST> 8.004283e+01
<MIXTURE> 8 5.328283e-02
<MEAN> 6
 5.575687e+01 2.874103e+02 1.027021e+03 4.193988e+00 -3.895924e+01 -2.138236e+02
<VARIANCE> 6
 1.142393e+02 6.576331e+05 4.697344e+05 2.998645e+02 4.044808e+04 5.191738e+07
<GCONST> 7.629816e+01
<MIXTURE> 9 7.227045e-02
<MEAN> 6
 -7.199119e+01 -1.171907e+02 -3.904316e+01 3.934427e+00 1.802773e+02 1.882029e+02
<VARIANCE> 6
 7.385748e+01 6.357539e+04 1.430173e+06 6.546684e+02 6.576500e+04 5.191738e+07
<GCONST> 7.590582e+01
<MIXTURE> 10 6.056636e-02
<MEAN> 6
 8.499747e+01 -2.928295e+02 2.914573e+02 1.364428e+00 -3.736190e+01 -3.480127e+02
<VARIANCE> 6
 5.944561e+01 3.364908e+05 2.509971e+06 2.998645e+02 4.044808e+04 5.191738e+07
<GCONST> 7.665070e+01
<MIXTURE> 11 8.686522e-02
<MEAN> 6
 5.498877e+01 -6.078237e+02 -1.694904e+02 3.038147e+00 -2.529853e+01 -7.197665e+01
<VARIANCE> 6
 3.497370e+01 1.846530e+05 7.166014e+05 2.998645e+02 4.044808e+04 5.191738e+07
<GCONST> 7.426663e+01
<MIXTURE> 12 6.986225e-02
<MEAN> 6
 -6.052765e+01 -1.298083e+02 -1.043741e+03 -5.481105e+01 1.148868e+03 -3.388080e+03
<VARIANCE> 6
 2.212673e+02 4.082191e+05 3.830534e+06 1.456853e+04 7.747181e+05 3.296029e+08
<GCONST> 8.726498e+01
<MIXTURE> 13 5.053622e-02
<MEAN> 6
 6.867971e+01 3.261412e+01 1.524515e+02 -1.429989e+02 -1.018726e+03 -1.233468e+03
<VARIANCE> 6
 3.772842e+02 4.282992e+05 3.749628e+06 1.062632e+04 2.816652e+05 8.685271e+07
<GCONST> 8.516430e+01
<MIXTURE> 14 5.676121e-02
<MEAN> 6
 1.347986e+01 -1.435146e+02 -2.642511e+02 -5.895063e+01 -1.263015e+02 1.699522e+02
<VARIANCE> 6
 7.624628e+02 5.477191e+04 8.412264e+05 2.037104e+04 1.141736e+05 5.191738e+07
<GCONST> 8.154988e+01
<MIXTURE> 15 6.459627e-02
<MEAN> 6
 -4.534888e+01 -1.730637e+02 -3.217143e+02 6.978709e+01 5.088812e+02 -1.797818e+03
<VARIANCE> 6
 3.559124e+02 1.348742e+05 9.517609e+05 1.405794e+04 1.176512e+05 5.191738e+07
<GCONST> 8.147169e+01
<STATE> 4
<NUMMIXES> 15
<MIXTURE> 1 1.957275e-02
<MEAN> 6
 5.360470e+01 2.290691e+02 -7.857723e+03 2.545272e+01 -6.837815e+01 1.495692e+02
<VARIANCE> 6
 2.235941e+02 6.141293e+05 1.095560e+07 9.687604e+02 4.044808e+04 5.191738e+07
<GCONST> 8.122337e+01
<MIXTURE> 2 9.381028e-02
<MEAN> 6
 8.097920e+01 -3.103080e+02 3.776760e+02 -8.911610e-01 -5.061009e+00 1.174939e+02
<VARIANCE> 6
 3.171274e+01 1.340776e+04 1.362684e+04 2.998645e+02 4.044808e+04 5.191738e+07
<GCONST> 6.758363e+01
<MIXTURE> 3 9.984331e-02
<MEAN> 6
 7.371619e+01 -5.836250e+02 1.751784e+02 -1.056397e+00 -2.638083e+00 -5.590649e+01
<VARIANCE> 6
 3.171274e+01 1.309607e+04 1.362684e+04 2.998645e+02 4.044808e+04 5.191738e+07
<GCONST> 6.756012e+01
<MIXTURE> 4 7.063065e-02
<MEAN> 6
 6.317544e+01 -4.106277e+02 2.319177e+00 3.841083e-01 -1.211988e+01 -3.215396e+01
<VARIANCE> 6
 3.171274e+01 1.309607e+04 1.362684e+04 2.998645e+02 4.044808e+04 5.191738e+07
<GCONST> 6.756012e+01
<MIXTURE> 5 5.703411e-02
<MEAN> 6
 8.529120e+01 -1.887083e+02 2.431030e+01 -3.211522e+00 1.162692e+00 -1.843369e+01
<VARIANCE> 6
 3.171274e+01 1.309607e+04 1.362684e+04 2.998645e+02 4.044808e+04 5.191738e+07
<GCONST> 6.756012e+01
<MIXTURE> 6 3.804670e-02
<MEAN> 6
 8.805880e+01 -9.641429e+02 -1.713454e+02 -8.885326e+00 5.805096e+00 1.163194e+02
<VARIANCE> 6
 3.171274e+01 4.108503e+04 1.362684e+04 2.998645e+02 4.044808e+04 5.191738e+07
<GCONST> 6.870345e+01
<MIXTURE> 7 6.182231e-02
<MEAN> 6
 8.147910e+01 -2.830152e+02 1.041056e+02 -3.529600e+00 2.229351e+00 -2.026462e+01
<VARIANCE> 6
 3.171274e+01 1.309607e+04 1.362684e+04 2.998645e+02 4.044808e+04 5.191738e+07
<GCONST> 6.756012e+01
<MIXTURE> 8 4.737962e-02
<MEAN> 6
 7.767138e+01 -8.493683e+02 1.318060e+02 1.193162e+00 -2.060965e+00 -1.438242e+02
<VARIANCE> 6
 3.171274e+01 1.309607e+04 1.362684e+04 2.998645e+02 4.044808e+04 5.191738e+07
<GCONST> 6.756012e+01
<MIXTURE> 9 5.620392e-02
<MEAN> 6
 8.562865e+01 -1.815783e+02 3.396206e+01 -3.289270e+00 8.358143e+00 1.302710e+01
<VARIANCE> 6
 3.171274e+01 1.309607e+04 1.362684e+04 2.998645e+02 4.044808e+04 5.191738e+07
<GCONST> 6.756012e+01
<MIXTURE> 10 9.928679e-02
<MEAN> 6
 7.370425e+01 -5.837357e+02 1.752466e+02 -1.055485e+00 -2.638666e+00 -5.577751e+01
<VARIANCE> 6
 3.171274e+01 1.309607e+04 1.362684e+04 2.998645e+02 4.044808e+04 5.191738e+07
<GCONST> 6.756012e+01
<MIXTURE> 11 1.063988e-01
<MEAN> 6
 7.570425e+01 -7.782105e+02 -6.584909e+01 4.417432e-01 4.165556e-01 -1.181136e+02
<VARIANCE> 6
 3.171274e+01 1.309607e+04 1.362684e+04 2.998645e+02 4.044808e+04 5.191738e+07
<GCONST> 6.756012e+01
<MIXTURE> 12 7.124664e-02
<MEAN> 6
 6.317527e+01 -4.106382e+02 2.309493e+00 3.840140e-01 -1.211951e+01 -3.217797e+01
<VARIANCE> 6
 3.171274e+01 1.309607e+04 1.362684e+04 2.998645e+02 4.044808e+04 5.191738e+07
<GCONST> 6.756012e+01
<MIXTURE> 13 6.535067e-02
<MEAN> 6
 8.101848e+01 -3.151577e+02 1.279278e+02 -3.147128e+00 2.044584e+00 -4.270459e+01
<VARIANCE> 6
 3.171274e+01 1.309607e+04 1.362684e+04 2.998645e+02 4.044808e+04 5.191738e+07
<GCONST> 6.756012e+01
<MIXTURE> 14 5.713001e-02
<MEAN> 6
 8.504064e+01 -2.064401e+02 3.185378e+01 -3.305156e+00 1.515483e+00 -1.687881e+01
<VARIANCE> 6
 3.171274e+01 1.309607e+04 1.362684e+04 2.998645e+02 4.044808e+04 5.191738e+07
<GCONST> 6.756012e+01
<MIXTURE> 15 5.619613e-02
<MEAN> 6
 8.460862e+01 -2.167426e+02 2.335659e+01 -3.370843e+00 -5.552887e+00 -8.006152e+01
<VARIANCE> 6
 3.171274e+01 1.309607e+04 1.362684e+04 2.998645e+02 4.044808e+04 5.191738e+07
<GCONST> 6.756012e+01
<STATE> 5
<NUMMIXES> 15
<MIXTURE> 1 6.224002e-03
<MEAN> 6
 7.067340e+01 7.628364e+02 -1.346683e+03 -1.898886e+01 -1.616508e+02 1.370561e+04
<VARIANCE> 6
 3.365906e+02 4.258386e+06 3.888242e+06 3.390351e+02 1.898918e+05 1.324580e+08
<GCONST> 8.396609e+01
<MIXTURE> 2 5.556227e-03
<MEAN> 6
 1.049175e+02 3.535044e+02 -1.885221e+02 3.288653e-01 -2.262996e+02 2.720275e+03
<VARIANCE> 6
 3.171274e+01 1.309607e+04 1.362684e+04 2.998645e+02 4.183991e+04 5.191738e+07
<GCONST> 6.759395e+01
<MIXTURE> 3 1.064409e-01
<MEAN> 6
 8.136665e+01 -3.526071e+02 2.615732e+03 -3.695349e-01 -1.034087e+01 1.283724e+01
<VARIANCE> 6
 3.171274e+01 1.309607e+04 1.362684e+04 2.998645e+02 4.044808e+04 5.191738e+07
<GCONST> 6.756012e+01
<MIXTURE> 4 6.014059e-02
<MEAN> 6
 9.446458e+01 2.419434e+02 4.446189e+02 -4.605015e+00 2.346098e+01 3.501584e+02
<VARIANCE> 6
 3.171274e+01 1.309607e+04 1.362684e+04 2.998645e+02 4.044808e+04 5.191738e+07
<GCONST> 6.756012e+01
<MIXTURE> 5 9.408332e-02
<MEAN> 6
 7.573815e+01 -8.059967e+02 3.256036e+03 -1.712657e+00 1.197008e+00 -3.440705e+00
<VARIANCE> 6
 3.171274e+01 1.309607e+04 1.956249e+04 2.998645e+02 4.044808e+04 5.191738e+07
<GCONST> 6.792169e+01
<MIXTURE> 6 6.751956e-02
<MEAN> 6
 7.369624e+01 -4.360060e+02 1.123753e+03 -2.118353e-01 2.208569e+00 -2.511466e+02
<VARIANCE> 6
 3.171274e+01 1.309607e+04 1.362684e+04 2.998645e+02 4.044808e+04 5.191738e+07
<GCONST> 6.756012e+01
<MIXTURE> 7 6.573002e-02
<MEAN> 6
 7.495361e+01 -4.234249e+02 9.043062e+02 -4.359837e-01 -1.932695e+00 -4.246545e+01
<VARIANCE> 6
 3.171274e+01 1.309607e+04 1.362684e+04 2.998645e+02 4.044808e+04 5.191738e+07
<GCONST> 6.756012e+01
<MIXTURE> 8 9.346969e-02
<MEAN> 6
 8.466634e+01 -4.274896e+02 1.436612e+03 -3.947396e+00 1.400471e+00 4.477293e+00
<VARIANCE> 6
 3.171274e+01 1.309607e+04 1.362684e+04 2.998645e+02 4.044808e+04 5.191738e+07
<GCONST> 6.756012e+01
<MIXTURE> 9 6.930375e-02
<MEAN> 6
 7.449444e+01 -4.277186e+02 8.887587e+02 -7.992209e-01 -6.916146e+00 -9.232760e+01
<VARIANCE> 6
 3.171274e+01 1.309607e+04 1.362684e+04 2.998645e+02 4.044808e+04 5.191738e+07
<GCONST> 6.756012e+01
<MIXTURE> 10 9.227061e-02
<MEAN> 6
 9.785509e+01 9.520629e+01 -6.554029e+00 -1.227654e+01 -1.784017e+00 2.845998e+02
<VARIANCE> 6
 3.171274e+01 1.309607e+04 1.362684e+04 2.998645e+02 4.044808e+04 5.191738e+07
<GCONST> 6.756012e+01
<MIXTURE> 11 1.018194e-01
<MEAN> 6
 8.166505e+01 -5.241570e+02 2.573491e+03 -8.863932e-01 -2.706324e+00 -1.563644e+01
<VARIANCE> 6
 3.171274e+01 1.309607e+04 1.011453e+05 2.998645e+02 4.044808e+04 5.191738e+07
<GCONST> 6.956464e+01
<MIXTURE> 12 5.123392e-02
<MEAN> 6
 7.428611e+01 -4.276896e+02 9.932398e+02 -4.176828e-01 -2.594414e+00 -1.163530e+02
<VARIANCE> 6
 3.171274e+01 1.309607e+04 1.896110e+04 2.998645e+02 4.044808e+04 5.191738e+07
<GCONST> 6.789046e+01
<MIXTURE> 13 5.169751e-02
<MEAN> 6
 9.853531e+01 1.519512e+01 -6.676069e+01 -8.063313e+00 -2.376179e+01 4.152398e+02
<VARIANCE> 6
 3.171274e+01 2.806262e+04 1.362684e+04 2.998645e+02 4.044808e+04 5.191738e+07
<GCONST> 6.832224e+01
<MIXTURE> 14 6.897006e-02
<MEAN> 6
 7.449298e+01 -4.286489e+02 8.795049e+02 -9.349383e-01 -8.355576e+00 -1.030109e+02
<VARIANCE> 6
 3.171274e+01 1.309607e+04 1.362684e+04 2.998645e+02 4.044808e+04 5.191738e+07
<GCONST> 6.756012e+01
<MIXTURE> 15 6.553429e-02
<MEAN> 6
 7.408404e+01 -4.349855e+02 8.612473e+02 -2.622635e+00 -2.542835e+01 -2.282791e+02
<VARIANCE> 6
 3.171274e+01 1.309607e+04 1.362684e+04 2.998645e+02 4.044808e+04 5.191738e+07
<GCONST> 6.756012e+01
<STATE> 6
<NUMMIXES> 15
<MIXTURE> 1 5.261912e-02
<MEAN> 6
 8.286076e+01 1.756047e+03 -2.604383e+02 -2.366329e+00 -1.658315e+01 -3.505388e+02
<VARIANCE> 6
 3.171274e+01 6.733543e+05 2.079827e+04 2.998645e+02 4.044808e+04 5.191738e+07
<GCONST> 7.192290e+01
<MIXTURE> 2 8.764411e-02
<MEAN> 6
 6.590562e+01 1.334184e+03 -5.771481e+02 -6.628784e-01 1.438835e+00 -6.903189e+01
<VARIANCE> 6
 3.171274e+01 1.309607e+04 2.503135e+04 2.998645e+02 4.044808e+04 5.191738e+07
<GCONST> 6.816820e+01
<MIXTURE> 3 2.930133e-02
<MEAN> 6
 5.168975e+01 2.302575e+03 2.616138e+03 -4.373378e-02 -4.398808e+00 3.120788e+01
<VARIANCE> 6
 3.171274e+01 2.027068e+04 2.146963e+04 2.998645e+02 4.044808e+04 5.191738e+07
<GCONST> 6.845158e+01
<MIXTURE> 4 5.848069e-02
<MEAN> 6
 5.715179e+01 -8.610979e+03 -1.993766e+03 -5.496413e-01 -6.140878e+00 -7.896566e+01
<VARIANCE> 6
 3.171274e+01 2.188737e+07 3.324683e+04 2.998645e+02 4.044808e+04 5.191738e+07
<GCONST> 7.587338e+01
<MIXTURE> 5 8.952751e-02
<MEAN> 6
 6.165696e+01 1.547803e+02 -3.033982e+03 2.086962e-01 -3.998565e+00 -1.125152e+02
<VARIANCE> 6
 3.171274e+01 1.309607e+04 4.999820e+04 2.998645e+02 4.044808e+04 5.191738e+07
<GCONST> 6.886006e+01
<MIXTURE> 6 8.221366e-02
<MEAN> 6
 6.983341e+01 1.115850e+03 -1.043911e+03 1.353402e+00 -1.906100e+00 -1.380424e+02
<VARIANCE> 6
 3.171274e+01 8.139069e+04 4.485166e+05 2.998645e+02 4.044808e+04 5.191738e+07
<GCONST> 7.288097e+01
<MIXTURE> 7 5.248807e-02
<MEAN> 6
 6.836845e+01 -5.961838e+02 -1.583791e+03 2.769456e-01 -2.950157e+00 4.928906e+01
<VARIANCE> 6
 3.171274e+01 3.722645e+04 9.828687e+04 2.998645e+02 4.044808e+04 5.191738e+07
<GCONST> 7.058067e+01
<MIXTURE> 8 5.033442e-02
<MEAN> 6
 7.599592e+01 1.080336e+03 -7.969619e+02 -1.186561e+00 -1.734156e+00 4.739508e+01
<VARIANCE> 6
 3.171274e+01 5.678451e+05 1.469741e+04 2.998645e+02 4.044808e+04 5.191738e+07
<GCONST> 7.140527e+01
<MIXTURE> 9 9.619221e-02
<MEAN> 6
 5.404192e+01 5.329238e+02 -2.606392e+03 -3.583696e-01 -2.705015e+00 -6.444799e+01
<VARIANCE> 6
 3.171274e+01 1.309607e+04 2.811218e+06 2.998645e+02 4.044808e+04 5.191738e+07
<GCONST> 7.288945e+01
<MIXTURE> 10 8.061370e-02
<MEAN> 6
 7.542896e+01 -1.369186e+03 -4.358512e+02 -1.584069e+00 -3.338838e+00 -1.324807e+02
<VARIANCE> 6
 3.171274e+01 1.309607e+04 2.240091e+05 2.998645e+02 4.044808e+04 5.191738e+07
<GCONST> 7.035976e+01
<MIXTURE> 11 1.038421e-01
<MEAN> 6
 6.815768e+01 1.687376e+03 1.224599e+03 -7.467034e-02 1.034638e+00 -2.253203e+02
<VARIANCE> 6
 4.605910e+01 2.262662e+05 1.755850e+04 2.998645e+02 4.044808e+04 5.191738e+07
<GCONST> 7.103622e+01
<MIXTURE> 12 5.147585e-02
<MEAN> 6
 5.928143e+01 9.274139e+02 -1.052408e+03 -7.732376e-01 -9.311183e+00 -1.529526e+02
<VARIANCE> 6
 3.171274e+01 5.515017e+04 1.362684e+04 2.998645e+02 4.044808e+04 5.191738e+07
<GCONST> 6.899786e+01
<MIXTURE> 13 6.930432e-02
<MEAN> 6
 7.316398e+01 -1.408457e+03 -8.342902e+02 -1.361510e+00 -5.678204e+00 2.607237e+00
<VARIANCE> 6
 3.171274e+01 2.504971e+05 6.626649e+04 2.998645e+02 4.044808e+04 5.191738e+07
<GCONST> 7.209290e+01
<MIXTURE> 14 4.368816e-02
<MEAN> 6
 7.636716e+01 7.223702e+02 -8.157307e+02 -1.369927e+00 -4.617747e+00 1.143608e+02
<VARIANCE> 6
 3.171274e+01 6.641571e+05 1.362684e+04 2.998645e+02 4.044808e+04 5.191738e+07
<GCONST> 7.148631e+01
<MIXTURE> 15 5.225314e-02
<MEAN> 6
 6.818004e+01 -6.106399e+02 -1.714725e+03 -1.254426e+00 -1.312692e+01 -3.869971e+01
<VARIANCE> 6
 3.171274e+01 3.201817e+04 1.239933e+05 2.998645e+02 4.044808e+04 5.191738e+07
<GCONST> 7.066229e+01
<STATE> 7
<NUMMIXES> 15
<MIXTURE> 1 2.776208e-02
<MEAN> 6
 5.865355e+01 4.466391e+02 4.614302e+02 5.572848e+00 -9.932103e+00 -6.118534e-01
<VARIANCE> 6
 3.171274e+01 1.309607e+04 1.362684e+04 2.998645e+02 4.044808e+04 5.191738e+07
<GCONST> 6.756012e+01
<MIXTURE> 2 9.430778e-04
<MEAN> 6
 6.841125e+01 -7.057213e+01 -5.760199e+01 -1.961180e+01 -2.078899e+02 -2.967912e+03
<VARIANCE> 6
 8.718785e+02 1.160970e+06 1.662208e+06 3.209279e+02 2.087785e+05 1.247083e+08
<GCONST> 8.274807e+01
<MIXTURE> 3 6.940197e-02
<MEAN> 6
 6.467973e+01 4.169751e+02 -4.896165e+02 -8.554858e-01 -9.913075e+00 -9.833905e+01
<VARIANCE> 6
 3.171274e+01 1.309607e+04 3.180009e+04 2.998645e+02 4.044808e+04 5.191738e+07
<GCONST> 6.840755e+01
<MIXTURE> 4 6.542517e-02
<MEAN> 6
 5.688497e+01 -2.151684e+02 -1.726414e+02 -1.417203e-01 -2.378887e-01 -7.568253e+01
<VARIANCE> 6
 3.171274e+01 1.309607e+04 1.362684e+04 2.998645e+02 4.044808e+04 5.191738e+07
<GCONST> 6.756012e+01
<MIXTURE> 5 5.854024e-02
<MEAN> 6
 5.805474e+01 3.070333e+02 -2.160674e+02 -3.070209e-01 -2.381010e+00 -9.347128e+01
<VARIANCE> 6
 3.171274e+01 1.309607e+04 1.362684e+04 2.998645e+02 4.044808e+04 5.191738e+07
<GCONST> 6.756012e+01
<MIXTURE> 6 1.039753e-01
<MEAN> 6
 6.487961e+01 1.257400e+02 1.040794e+02 -2.693247e+00 2.837062e+00 2.421637e+01
<VARIANCE> 6
 3.171274e+01 1.309607e+04 1.362684e+04 2.998645e+02 4.044808e+04 5.191738e+07
<GCONST> 6.756012e+01
<MIXTURE> 7 6.503411e-02
<MEAN> 6
 5.922101e+01 -2.174899e+02 -2.840211e+02 -2.473854e-01 -3.845840e+00 -1.139460e+02
<VARIANCE> 6
 3.171274e+01 1.309607e+04 1.362684e+04 2.998645e+02 4.044808e+04 5.191738e+07
<GCONST> 6.756012e+01
<MIXTURE> 8 6.665356e-02
<MEAN> 6
 6.896879e+01 -3.716397e+02 -5.755543e+02 -1.125234e+00 -1.502487e+01 1.699990e+01
<VARIANCE> 6
 3.171274e+01 2.248368e+04 1.362684e+04 2.998645e+02 4.044808e+04 5.191738e+07
<GCONST> 6.810059e+01
<MIXTURE> 9 8.029852e-02
<MEAN> 6
 6.307014e+01 1.778624e+01 -3.095987e+02 -6.377052e-01 -4.381533e+00 -8.379292e+01
<VARIANCE> 6
 3.171274e+01 1.309607e+04 1.362684e+04 2.998645e+02 4.044808e+04 5.191738e+07
<GCONST> 6.756012e+01
<MIXTURE> 10 7.057460e-02
<MEAN> 6
 6.346902e+01 1.456819e+02 -6.340237e+02 -1.112243e+00 -9.369361e+00 -1.744940e+02
<VARIANCE> 6
 3.171274e+01 1.309607e+04 1.362684e+04 2.998645e+02 4.044808e+04 5.191738e+07
<GCONST> 6.756012e+01
<MIXTURE> 11 7.662753e-02
<MEAN> 6
 6.340805e+01 2.021953e+01 -3.209400e+02 -5.061014e-01 -7.745705e-01 -2.220740e+01
<VARIANCE> 6
 3.171274e+01 1.309607e+04 1.362684e+04 2.998645e+02 4.044808e+04 5.191738e+07
<GCONST> 6.756012e+01
<MIXTURE> 12 1.146692e-01
<MEAN> 6
 6.114124e+01 -9.777210e+01 -6.501021e+02 -1.077482e+00 -6.329917e+00 -1.024749e+02
<VARIANCE> 6
 3.171274e+01 1.309607e+04 1.362684e+04 2.998645e+02 4.044808e+04 5.191738e+07
<GCONST> 6.756012e+01
<MIXTURE> 13 4.398708e-02
<MEAN> 6
 6.314334e+01 2.089999e+02 -2.548109e+02 -8.672739e-01 -5.045185e+00 -4.356886e+01
<VARIANCE> 6
 3.171274e+01 2.622829e+04 1.362684e+04 2.998645e+02 4.044808e+04 5.191738e+07
<GCONST> 6.825464e+01
<MIXTURE> 14 7.958826e-02
<MEAN> 6
 6.300720e+01 -1.354736e+01 -3.433925e+02 -4.611897e-01 -3.920970e+00 -9.147620e+01
<VARIANCE> 6
 3.171274e+01 1.309607e+04 1.362684e+04 2.998645e+02 4.044808e+04 5.191738e+07
<GCONST> 6.756012e+01
<MIXTURE> 15 7.645636e-02
<MEAN> 6
 6.281338e+01 -2.852802e+01 -3.609073e+02 -7.047381e-01 -1.043210e+01 -2.062126e+02
<VARIANCE> 6
 3.171274e+01 1.309607e+04 1.362684e+04 2.998645e+02 4.044808e+04 5.191738e+07
<GCONST> 6.756012e+01
<STATE> 8
<NUMMIXES> 15
<MIXTURE> 1 8.509333e-02
<MEAN> 6
 8.143518e+01 7.475984e+01 3.318144e+01 -2.193910e+00 5.633392e+00 -2.527034e+01
<VARIANCE> 6
 3.171274e+01 1.309607e+04 1.362684e+04 2.998645e+02 4.044808e+04 5.191738e+07
<GCONST> 6.756012e+01
<MIXTURE> 2 9.557401e-02
<MEAN> 6
 7.829454e+01 2.349134e+02 -6.567325e+02 -6.074747e-01 -1.795431e+01 -3.599372e+02
<VARIANCE> 6
 3.171274e+01 3.150384e+04 4.007846e+04 2.998645e+02 4.044808e+04 5.191738e+07
<GCONST> 6.951671e+01
<MIXTURE> 3 5.053769e-02
<MEAN> 6
 8.776201e+01 -3.956274e+02 -2.102076e+02 -4.377551e+00 -3.638617e+00 -1.914864e+01
<VARIANCE> 6
 3.171274e+01 1.309607e+04 1.362684e+04 2.998645e+02 4.044808e+04 5.191738e+07
<GCONST> 6.756012e+01
<MIXTURE> 4 9.119646e-02
<MEAN> 6
 8.486007e+01 5.961208e+01 -2.107061e+02 7.089281e-02 -3.228602e+00 -4.572955e+01
<VARIANCE> 6
 3.171274e+01 1.309607e+04 1.362684e+04 2.998645e+02 4.044808e+04 5.191738e+07
<GCONST> 6.756012e+01
<MIXTURE> 5 4.845057e-02
<MEAN> 6
 8.351637e+01 -1.619298e+02 -3.342487e+02 -8.629332e-01 1.057377e+01 1.276327e+02
<VARIANCE> 6
 3.171274e+01 1.309607e+04 1.362684e+04 2.998645e+02 4.044808e+04 5.191738e+07
<GCONST> 6.756012e+01
<MIXTURE> 6 5.031452e-02
<MEAN> 6
 9.930792e+01 -4.987678e+02 -5.413049e+02 -1.421227e+00 -2.365879e+00 -6.169763e+01
<VARIANCE> 6
 3.319304e+01 1.309607e+04 1.362684e+04 2.998645e+02 4.044808e+04 5.191738e+07
<GCONST> 6.760573e+01
<MIXTURE> 7 8.450010e-02
<MEAN> 6
 8.143631e+01 7.473943e+01 3.317847e+01 -2.194412e+00 5.633187e+00 -2.523804e+01
<VARIANCE> 6
 3.171274e+01 1.309607e+04 1.362684e+04 2.998645e+02 4.044808e+04 5.191738e+07
<GCONST> 6.756012e+01
<MIXTURE> 8 6.259264e-02
<MEAN> 6
 8.486057e+01 5.962532e+01 -2.106706e+02 7.070184e-02 -3.229167e+00 -4.574912e+01
<VARIANCE> 6
 3.171274e+01 1.309607e+04 1.362684e+04 2.998645e+02 4.044808e+04 5.191738e+07
<GCONST> 6.756012e+01
<MIXTURE> 9 5.161698e-02
<MEAN> 6
 9.726647e+01 -4.963633e+02 -5.399582e+02 -9.498712e-01 -2.757438e+00 -8.476051e+01
<VARIANCE> 6
 3.171274e+01 1.309607e+04 1.362684e+04 2.998645e+02 4.044808e+04 5.191738e+07
<GCONST> 6.756012e+01
<MIXTURE> 10 8.502658e-02
<MEAN> 6
 8.144327e+01 7.461268e+01 3.316296e+01 -2.197599e+00 5.632248e+00 -2.503197e+01
<VARIANCE> 6
 3.171274e+01 1.309607e+04 1.362684e+04 2.998645e+02 4.044808e+04 5.191738e+07
<GCONST> 6.756012e+01
<MIXTURE> 11 8.433986e-02
<MEAN> 6
 8.145152e+01 7.446344e+01 3.314409e+01 -2.201354e+00 5.631058e+00 -2.478878e+01
<VARIANCE> 6
 3.171274e+01 1.309607e+04 1.362684e+04 2.998645e+02 4.044808e+04 5.191738e+07
<GCONST> 6.756012e+01
<MIXTURE> 12 6.066204e-02
<MEAN> 6
 8.478887e+01 5.774706e+01 -2.155920e+02 9.886950e-02 -3.146125e+00 -4.282056e+01
<VARIANCE> 6
 3.171274e+01 1.309607e+04 1.362684e+04 2.998645e+02 4.044808e+04 5.191738e+07
<GCONST> 6.756012e+01
<MIXTURE> 13 5.124528e-02
<MEAN> 6
 9.620184e+01 -4.973396e+02 -5.418918e+02 -7.574676e-01 -2.968661e+00 -9.132053e+01
<VARIANCE> 6
 3.171274e+01 1.309607e+04 1.362684e+04 2.998645e+02 4.044808e+04 5.191738e+07
<GCONST> 6.756012e+01
<MIXTURE> 14 5.029294e-02
<MEAN> 6
 9.723061e+01 -4.964950e+02 -5.401141e+02 -9.428026e-01 -2.754473e+00 -8.475251e+01
<VARIANCE> 6
 3.171274e+01 1.309607e+04 1.362684e+04 2.998645e+02 4.044808e+04 5.191738e+07
<GCONST> 6.756012e+01
<MIXTURE> 15 4.852135e-02
<MEAN> 6
 8.228101e+01 -1.968054e+02 -3.472925e+02 -9.179285e-01 -3.228748e+00 -3.017456e+01
<VARIANCE> 6
 3.171274e+01 1.309607e+04 1.362684e+04 2.998645e+02 4.044808e+04 5.191738e+07
<GCONST> 6.756012e+01
<STATE> 9
<NUMMIXES> 15
<MIXTURE> 1 5.408671e-02
<MEAN> 6
 9.574448e+01 1.528478e+02 3.347838e+03 -5.278093e+00 3.132121e+01 5.699882e+02
<VARIANCE> 6
 3.171274e+01 3.471278e+04 1.362684e+04 2.998645e+02 4.307393e+04 5.191738e+07
<GCONST> 6.859781e+01
<MIXTURE> 2 4.131643e-02
<MEAN> 6
 1.050125e+02 4.560416e+02 -1.715956e+03 -7.876910e+00 1.004497e+01 4.107281e+02
<VARIANCE> 6
 3.171274e+01 1.309607e+04 1.362684e+04 2.998645e+02 4.044808e+04 5.191738e+07
<GCONST> 6.756012e+01
<MIXTURE> 3 8.067285e-02
<MEAN> 6
 6.982545e+01 4.034803e+02 -3.460777e+02 -6.349546e+01 -1.000903e+03 -1.232061e+04
<VARIANCE> 6
 1.556632e+02 1.025741e+06 2.496608e+06 1.826218e+03 2.467956e+05 1.492752e+08
<GCONST> 8.339394e+01
<MIXTURE> 4 6.144357e-02
<MEAN> 6
 9.006213e+01 5.942057e+02 -1.364390e+03 8.484858e-01 -2.337749e+01 -2.704639e+02
<VARIANCE> 6
 3.171274e+01 1.309607e+04 1.362684e+04 2.998645e+02 4.044808e+04 5.191738e+07
<GCONST> 6.756012e+01
<MIXTURE> 5 6.822162e-02
<MEAN> 6
 8.977319e+01 7.463275e+02 -2.572953e+03 -2.512397e+00 2.661761e+00 -1.763305e+01
<VARIANCE> 6
 3.171274e+01 1.309607e+04 1.362684e+04 2.998645e+02 4.044808e+04 5.191738e+07
<GCONST> 6.756012e+01
<MIXTURE> 6 3.853419e-02
<MEAN> 6
 9.041524e+01 2.724944e+02 -1.310241e+03 -4.346699e+00 -4.059635e-01 3.253467e+01
<VARIANCE> 6
 3.171274e+01 1.309607e+04 1.362684e+04 2.998645e+02 4.044808e+04 5.191738e+07
<GCONST> 6.756012e+01
<MIXTURE> 7 5.907504e-02
<MEAN> 6
 1.024990e+02 -1.577144e+01 2.813889e+03 -2.916061e+00 -1.224846e+01 6.437609e+01
<VARIANCE> 6
 3.171274e+01 2.542332e+04 2.062494e+05 2.998645e+02 4.044808e+04 5.191738e+07
<GCONST> 7.094051e+01
<MIXTURE> 8 6.487666e-02
<MEAN> 6
 8.697308e+01 4.100273e+02 -1.327187e+03 -5.927655e-01 5.743114e+00 -6.450271e+00
<VARIANCE> 6
 3.171274e+01 1.309607e+04 1.362684e+04 2.998645e+02 4.044808e+04 5.191738e+07
<GCONST> 6.756012e+01
<MIXTURE> 9 8.655340e-02
<MEAN> 6
 9.862206e+01 6.775490e+02 -1.874708e+03 1.439671e+00 7.131270e-01 2.825117e+01
<VARIANCE> 6
 3.171274e+01 1.309607e+04 1.362684e+04 2.998645e+02 4.044808e+04 5.191738e+07
<GCONST> 6.756012e+01
<MIXTURE> 10 6.700708e-02
<MEAN> 6
 4.574894e+01 1.149493e+03 -3.887821e+02 -2.346208e+02 -1.322972e+03 3.473917e+03
<VARIANCE> 6
 3.412925e+02 1.864558e+06 3.611998e+06 4.082027e+03 1.223402e+06 1.680537e+08
<GCONST> 8.766960e+01
<MIXTURE> 11 7.617706e-02
<MEAN> 6
 -4.053683e+01 4.156489e+02 -4.139811e+02 -3.782625e+02 2.333712e+03 3.868333e+04
<VARIANCE> 6
 3.013050e+02 1.487254e+06 2.486070e+06 7.986481e+03 2.059607e+06 1.051296e+09
<GCONST> 8.997086e+01
<MIXTURE> 12 7.722955e-02
<MEAN> 6
 6.099162e+01 3.088487e+02 -3.440389e+02 -1.362558e+02 -1.524585e+03 -8.474841e+03
<VARIANCE> 6
 1.036157e+02 8.870627e+05 1.171295e+05 2.947301e+03 4.414648e+05 1.391564e+08
<GCONST> 8.077226e+01
<MIXTURE> 13 8.829465e-02
<MEAN> 6
 -1.784882e+00 3.414200e+02 -6.481099e+02 -4.167900e+02 -5.447610e+02 1.609780e+04
<VARIANCE> 6
 2.596178e+02 1.856528e+06 3.445693e+06 5.109559e+03 5.926478e+05 5.783112e+08
<GCONST> 8.808017e+01
<MIXTURE> 14 8.229929e-02
<MEAN> 6
 3.523655e+01 -1.043981e+02 -3.398254e+02 -3.343584e+02 -1.519318e+03 1.001932e+04
<VARIANCE> 6
 1.825694e+02 1.125734e+06 3.431359e+05 5.874641e+03 3.813152e+05 1.793337e+08
<GCONST> 8.344876e+01
<MIXTURE> 15 5.420359e-02
<MEAN> 6
 9.497225e+01 1.701300e+02 3.324888e+03 -8.170021e+00 -1.953845e+01 2.927148e+02
<VARIANCE> 6
 3.171274e+01 3.373796e+04 1.560012e+04 2.998645e+02 4.044808e+04 5.191738e+07
<GCONST> 6.864166e+01
<STATE> 10
<NUMMIXES> 15
<MIXTURE> 1 2.878672e-04
<MEAN> 6
 7.798105e+01 4.521730e+02 3.203219e+03 8.576498e+00 5.786920e+02 -1.437069e+03
<VARIANCE> 6
 3.171274e+01 4.397843e+04 1.363582e+04 1.093334e+03 1.077984e+05 2.024909e+08
<GCONST> 7.240710e+01
<MIXTURE> 2 8.388308e-02
<MEAN> 6
 8.513810e+01 8.308176e+01 7.665437e+01 -1.188688e+01 -1.201393e+02 -9.704091e+02
<VARIANCE> 6
 6.728037e+01 4.322413e+05 2.865498e+05 5.340748e+02 5.615962e+04 5.191738e+07
<GCONST> 7.576019e+01
<MIXTURE> 3 7.922482e-02
<MEAN> 6
 -5.068652e+00 -1.517619e+01 1.475477e+02 -2.635583e+02 1.885147e+02 4.296524e+03
<VARIANCE> 6
 5.911605e+02 3.591443e+05 4.206860e+05 5.581343e+03 3.170451e+05 1.835566e+08
<GCONST> 8.347249e+01
<MIXTURE> 4 6.865930e-02
<MEAN> 6
 -3.599586e+01 -2.356562e+02 1.630723e+02 2.058987e+02 9.316101e+02 -1.663494e+03
<VARIANCE> 6
 1.645510e+02 5.231798e+05 9.781893e+05 4.202848e+03 1.901288e+05 5.191738e+07
<GCONST> 8.135576e+01
<MIXTURE> 5 6.997719e-02
<MEAN> 6
 3.312728e+01 -2.183574e+02 2.362688e+02 2.724102e+02 -5.304570e+02 -2.887264e+03
<VARIANCE> 6
 3.051399e+02 5.968843e+05 1.514676e+06 4.211482e+03 2.608725e+05 1.000086e+08
<GCONST> 8.351635e+01
<MIXTURE> 6 2.249612e-02
<MEAN> 6
 2.875830e+01 2.374352e+02 -4.971177e+02 -2.758180e+01 -4.973382e+02 9.629645e+02
<VARIANCE> 6
 3.765222e+03 2.624326e+06 4.443368e+06 1.314237e+05 1.221080e+07 8.662364e+09
<GCONST> 1.003344e+02
<MIXTURE> 7 9.871998e-02
<MEAN> 6
 9.093462e+01 1.362301e+02 -6.933757e+01 1.690072e+01 -9.125696e+02 6.541456e+02
<VARIANCE> 6
 1.544161e+02 1.388477e+06 8.284462e+05 1.295126e+04 9.999723e+05 5.491476e+08
<GCONST> 8.724625e+01
<MIXTURE> 8 9.075674e-02
<MEAN> 6
 -6.456775e+01 1.591272e+02 -2.403971e+02 1.173494e+01 1.967314e+02 4.384653e+01
<VARIANCE> 6
 8.896378e+01 5.558540e+05 8.549711e+05 7.301693e+02 7.436701e+04 5.191738e+07
<GCONST> 7.797778e+01
<MIXTURE> 9 5.702619e-02
<MEAN> 6
 6.886215e+01 4.960810e+01 -1.033606e+02 1.338208e+02 -4.621832e+02 1.377113e+03
<VARIANCE> 6
 2.385455e+02 7.612514e+05 1.013561e+06 7.974026e+03 1.351421e+05 5.191738e+07
<GCONST> 8.243671e+01
<MIXTURE> 10 8.107842e-02
<MEAN> 6
 -5.427446e+01 -7.170525e+01 -5.013491e+01 -1.085894e+02 1.636817e+03 -1.421320e+03
<VARIANCE> 6
 2.166967e+02 1.794428e+06 9.209069e+05 2.478913e+04 8.139159e+05 6.331619e+08
<GCONST> 8.853308e+01
<MIXTURE> 11 8.332359e-02
<MEAN> 6
 6.858147e+01 8.891609e+00 2.635561e+01 -1.604333e+02 -8.435999e+02 -7.736488e+02
<VARIANCE> 6
 2.236700e+02 4.855870e+05 1.807193e+05 5.243833e+03 1.667034e+05 5.822069e+07
<GCONST> 8.010378e+01
<MIXTURE> 12 5.441399e-02
<MEAN> 6
 -2.545356e+00 -2.087731e+02 1.981186e+02 3.029873e+02 2.972834e+02 -9.959357e+03
<VARIANCE> 6
 2.032759e+02 8.006116e+05 4.195535e+05 3.832368e+03 2.270018e+05 7.900617e+07
<GCONST> 8.165089e+01
<MIXTURE> 13 9.242983e-02
<MEAN> 6
 -5.936261e+01 -3.543575e+01 1.643940e+02 3.166431e+01 8.363207e+02 6.979759e+02
<VARIANCE> 6
 1.143172e+02 1.976134e+05 2.693343e+05 9.222566e+03 1.484507e+05 7.167136e+07
<GCONST> 7.958904e+01
<MIXTURE> 14 6.121225e-02
<MEAN> 6
 2.404122e+01 -2.783612e+02 -2.477132e+02 -2.984626e+02 -5.299952e+02 6.984083e+03
<VARIANCE> 6
 7.015082e+02 1.541594e+06 1.572013e+06 6.210841e+03 4.991363e+05 2.214435e+08
<GCONST> 8.716705e+01
<MIXTURE> 15 5.623423e-02
<MEAN> 6
 6.670360e+01 -2.335657e+02 -5.365031e+02 1.139422e+02 -5.528094e+02 -1.001594e+03
<VARIANCE> 6
 2.424940e+02 7.578901e+05 1.270844e+06 1.092704e+04 1.368919e+05 5.191738e+07
<GCONST> 8.300284e+01
<STATE> 11
<NUMMIXES> 15
<MIXTURE> 1 5.694004e-02
<MEAN> 6
 8.604580e+01 3.425125e+02 1.718431e+03 -2.278107e+00 -1.389967e+01 6.186372e+01
<VARIANCE> 6
 1.831702e+02 1.182702e+06 6.688137e+05 2.998645e+02 4.044808e+04 5.191738e+07
<GCONST> 7.771053e+01
<MIXTURE> 2 4.003665e-02
<MEAN> 6
 -5.216845e+00 1.676858e+02 7.455991e+01 3.716067e+01 -6.437709e+01 6.777990e+02
<VARIANCE> 6
 1.289932e+04 1.995240e+05 4.015028e+05 2.266246e+06 1.262471e+09 1.861166e+12
<GCONST> 1.094411e+02
<MIXTURE> 3 7.597867e-02
<MEAN> 6
 5.120912e+00 2.282665e+01 2.455231e+02 -3.505700e+01 3.758892e+01 1.672680e+03
<VARIANCE> 6
 7.461208e+03 5.320050e+05 5.916172e+05 2.022990e+04 1.956920e+06 2.785544e+09
<GCONST> 9.256927e+01
<MIXTURE> 4 5.044920e-02
<MEAN> 6
 3.657806e+01 1.707139e+03 1.057413e+03 -1.641368e+01 -2.136232e+02 1.260203e+02
<VARIANCE> 6
 1.202796e+03 2.518834e+06 4.305352e+06 2.354835e+04 2.402556e+05 6.938426e+07
<GCONST> 8.864578e+01
<MIXTURE> 5 6.446947e-02
<MEAN> 6
 -5.155951e+01 3.977258e+02 1.172073e+03 1.098215e+01 4.330118e+02 -2.229358e+02
<VARIANCE> 6
 1.803792e+02 1.987783e+06 1.452879e+06 9.133346e+03 1.437923e+05 5.191738e+07
<GCONST> 8.367488e+01
<MIXTURE> 6 4.979712e-02
<MEAN> 6
 1.633556e+01 -4.816589e+02 2.877784e+02 5.889807e+01 1.766010e+02 4.736962e+02
<VARIANCE> 6
 2.823378e+03 4.591520e+05 8.965259e+04 1.284792e+04 1.718602e+05 5.191738e+07
<GCONST> 8.269432e+01
<MIXTURE> 7 7.277616e-02
<MEAN> 6
 9.464079e+01 6.936969e+02 1.619790e+02 -7.995176e+00 -5.185144e+00 -4.906888e+01
<VARIANCE> 6
 1.306231e+02 1.187373e+05 2.779518e+04 2.998645e+02 4.044808e+04 5.191738e+07
<GCONST> 7.189313e+01
<MIXTURE> 8 9.251039e-02
<MEAN> 6
 8.449918e+01 5.823483e+02 -6.954224e+02 -4.146996e+00 -4.092377e+00 3.174652e+01
<VARIANCE> 6
 9.496510e+01 2.606817e+05 2.952382e+05 2.998645e+02 4.044808e+04 5.191738e+07
<GCONST> 7.472363e+01
<MIXTURE> 9 7.023456e-02
<MEAN> 6
 9.017052e+01 3.847818e+02 -3.125377e+02 -7.301301e+00 -1.493656e+01 1.073956e+01
<VARIANCE> 6
 3.431347e+02 4.873264e+06 2.164437e+05 2.998645e+02 4.044808e+04 5.191738e+07
<GCONST> 7.862602e+01
<MIXTURE> 10 7.205071e-02
<MEAN> 6
 8.407338e+01 -2.167479e+02 -3.321051e+02 -1.421929e+00 9.202958e+00 -5.218061e+01
<VARIANCE> 6
 3.845125e+01 6.591084e+04 3.268733e+05 2.998645e+02 4.044808e+04 5.191738e+07
<GCONST> 7.254631e+01
<MIXTURE> 11 7.917225e-02
<MEAN> 6
 7.471537e+01 8.375422e+00 1.455565e+02 -2.517675e+00 7.698450e+00 -1.604544e+02
<VARIANCE> 6
 5.946369e+01 1.504535e+05 6.928513e+04 2.998645e+02 4.044808e+04 5.191738e+07
<GCONST> 7.225629e+01
<MIXTURE> 12 8.821905e-02
<MEAN> 6
 4.810641e+01 4.866856e+01 1.155768e+03 -1.004657e+01 -3.022132e+02 -1.961264e+01
<VARIANCE> 6
 9.979528e+02 4.706166e+05 1.478606e+06 1.877989e+04 1.086547e+05 5.191738e+07
<GCONST> 8.440302e+01
<MIXTURE> 13 7.685578e-02
<MEAN> 6
 7.669672e+01 -1.594444e+02 3.945630e+01 -2.158278e+00 1.229647e+01 -1.162130e+02
<VARIANCE> 6
 6.862128e+01 1.842821e+05 4.111242e+04 2.998645e+02 4.044808e+04 5.191738e+07
<GCONST> 7.208043e+01
<MIXTURE> 14 6.029208e-02
<MEAN> 6
 8.187644e+01 1.319151e+02 1.545738e+03 -2.588370e+00 -8.358455e+00 2.408645e+01
<VARIANCE> 6
 1.910192e+02 1.329037e+06 8.886131e+05 2.998645e+02 4.044808e+04 5.191738e+07
<GCONST> 7.815329e+01
<MIXTURE> 15 4.994749e-02
<MEAN> 6
 -5.339708e-01 -6.991782e+02 1.712456e+02 3.221717e+01 5.047845e+01 -1.480370e+03
<VARIANCE> 6
 3.079714e+03 5.321162e+05 8.383815e+04 1.434174e+04 1.820758e+05 5.191738e+07
<GCONST> 8.302939e+01
<TRANSP> 12
 0.000000e+00 1.000000e+00 0.000000e+00 0.000000e+00 0.000000e+00 0.000000e+00 0.000000e+00 0.000000e+00 0.000000e+00 0.000000e+00 0.000000e+00 0.000000e+00
 0.000000e+00 9.998534e-01 1.466025e-04 0.000000e+00 0.000000e+00 0.000000e+00 0.000000e+00 0.000000e+00 0.000000e+00 0.000000e+00 0.000000e+00 0.000000e+00
 0.000000e+00 0.000000e+00 9.997491e-01 2.508950e-04 0.000000e+00 0.000000e+00 0.000000e+00 0.000000e+00 0.000000e+00 0.000000e+00 0.000000e+00 0.000000e+00
 0.000000e+00 0.000000e+00 0.000000e+00 9.981236e-01 1.876440e-03 0.000000e+00 0.000000e+00 0.000000e+00 0.000000e+00 0.000000e+00 0.000000e+00 0.000000e+00
 0.000000e+00 0.000000e+00 0.000000e+00 0.000000e+00 9.972406e-01 2.759369e-03 0.000000e+00 0.000000e+00 0.000000e+00 0.000000e+00 0.000000e+00 0.000000e+00
 0.000000e+00 0.000000e+00 0.000000e+00 0.000000e+00 0.000000e+00 9.990076e-01 9.923085e-04 0.000000e+00 0.000000e+00 0.000000e+00 0.000000e+00 0.000000e+00
 0.000000e+00 0.000000e+00 0.000000e+00 0.000000e+00 0.000000e+00 0.000000e+00 9.988709e-01 1.129040e-03 0.000000e+00 0.000000e+00 0.000000e+00 0.000000e+00
 0.000000e+00 0.000000e+00 0.000000e+00 0.000000e+00 0.000000e+00 0.000000e+00 0.000000e+00 9.984478e-01 1.552142e-03 0.000000e+00 0.000000e+00 0.000000e+00
 0.000000e+00 0.000000e+00 0.000000e+00 0.000000e+00 0.000000e+00 0.000000e+00 0.000000e+00 0.000000e+00 9.976586e-01 2.341391e-03 0.000000e+00 0.000000e+00
 0.000000e+00 0.000000e+00 0.000000e+00 0.000000e+00 0.000000e+00 0.000000e+00 0.000000e+00 0.000000e+00 0.000000e+00 9.998891e-01 1.109418e-04 0.000000e+00
 0.000000e+00 0.000000e+00 0.000000e+00 0.000000e+00 0.000000e+00 0.000000e+00 0.000000e+00 0.000000e+00 0.000000e+00 0.000000e+00 9.997606e-01 2.393788e-04
 0.000000e+00 0.000000e+00 0.000000e+00 0.000000e+00 0.000000e+00 0.000000e+00 0.000000e+00 0.000000e+00 0.000000e+00 0.000000e+00 0.000000e+00 0.000000e+00
<ENDHMM>
