~o
<STREAMINFO> 1 6
<VECSIZE> 6<NULLD><USER><DIAGC>
~h "SegundoPRIMARIA"
<BEGINHMM>
<NUMSTATES> 12
<STATE> 2
<NUMMIXES> 14
<MIXTURE> 1 6.091516e-02
<MEAN> 6
 9.111347e+01 3.609719e+02 1.537436e+02 1.858535e+00 -2.847209e+01 -3.103245e+02
<VARIANCE> 6
 5.105489e+02 4.740909e+05 1.523735e+06 2.998198e+02 4.022584e+04 5.158639e+07
<GCONST> 7.863280e+01
<MIXTURE> 2 7.687573e-02
<MEAN> 6
 -2.819584e+01 1.021062e+01 3.404049e+01 -2.566622e+02 1.295203e+03 6.460441e+03
<VARIANCE> 6
 7.345943e+02 2.934522e+05 1.565172e+06 1.957223e+04 1.355916e+06 9.715049e+08
<GCONST> 8.917577e+01
<MIXTURE> 3 5.727427e-02
<MEAN> 6
 5.262949e+01 4.112119e+01 1.763591e+02 3.197316e+01 -2.996329e+02 -3.943983e+02
<VARIANCE> 6
 7.556841e+02 1.163433e+05 1.806332e+06 3.151971e+04 1.275606e+05 5.158639e+07
<GCONST> 8.359948e+01
<MIXTURE> 4 5.295639e-02
<MEAN> 6
 -5.268451e+00 2.996226e+01 -1.778472e+02 2.960008e+02 4.935818e+02 -9.062354e+03
<VARIANCE> 6
 4.482884e+02 2.913345e+05 1.566665e+06 5.825241e+03 5.653871e+05 1.520049e+08
<GCONST> 8.473403e+01
<MIXTURE> 5 5.915961e-02
<MEAN> 6
 9.514077e+01 -2.329795e+02 -1.090955e+02 8.595454e+01 -1.111613e+03 -2.560701e+02
<VARIANCE> 6
 7.478873e+02 6.902622e+05 1.425888e+06 2.650237e+04 2.060375e+06 1.195516e+09
<GCONST> 9.088489e+01
<MIXTURE> 6 1.128195e-01
<MEAN> 6
 7.071639e+01 2.279924e+02 -7.222491e+02 1.368238e+00 -1.698867e+01 -8.188110e+01
<VARIANCE> 6
 9.152083e+01 3.591326e+04 1.371786e+06 2.998198e+02 4.022584e+04 5.158639e+07
<GCONST> 7.422853e+01
<MIXTURE> 7 7.517704e-02
<MEAN> 6
 -6.454987e+01 -3.341344e+01 -2.034992e+02 -7.956222e+00 1.165006e+02 1.029544e+02
<VARIANCE> 6
 3.071015e+02 1.551951e+05 1.481096e+06 3.989300e+02 4.022584e+04 5.158639e+07
<GCONST> 7.726499e+01
<MIXTURE> 8 9.003222e-02
<MEAN> 6
 9.261064e+01 -3.658469e+01 2.174485e+02 -5.669066e+01 -7.122228e+02 -2.257649e+03
<VARIANCE> 6
 4.715602e+02 1.662780e+05 1.288965e+06 9.287377e+03 3.271513e+05 9.657928e+07
<GCONST> 8.349454e+01
<MIXTURE> 9 8.405275e-02
<MEAN> 6
 -4.620204e+01 -7.906153e+01 6.762996e+01 8.612727e+01 7.694860e+02 1.113162e+03
<VARIANCE> 6
 2.447018e+02 2.266664e+05 6.684948e+05 1.366849e+04 2.192661e+05 5.158639e+07
<GCONST> 8.185098e+01
<MIXTURE> 10 5.556701e-02
<MEAN> 6
 6.829606e+01 -6.085743e+02 1.892946e+03 1.378182e-01 -7.247165e+00 1.826086e+01
<VARIANCE> 6
 9.328690e+01 7.282373e+04 2.455832e+06 2.998198e+02 4.022584e+04 5.158639e+07
<GCONST> 7.553693e+01
<MIXTURE> 11 7.143181e-02
<MEAN> 6
 4.717811e+01 -1.419202e+02 -2.640626e+02 2.101752e+02 -3.652103e+02 -1.527084e+03
<VARIANCE> 6
 7.152346e+02 2.239230e+05 3.067229e+05 1.110738e+04 2.740052e+05 7.586505e+07
<GCONST> 8.253337e+01
<MIXTURE> 12 6.400294e-02
<MEAN> 6
 4.195398e+01 -2.474586e+01 1.917428e+01 -3.010588e+02 -9.850283e+02 5.838616e+03
<VARIANCE> 6
 5.771971e+02 2.570029e+05 1.492582e+06 9.460535e+03 5.428896e+05 1.943916e+08
<GCONST> 8.550324e+01
<MIXTURE> 13 7.915758e-02
<MEAN> 6
 -6.299559e+01 3.518073e+00 -2.844046e+02 3.072626e+00 5.813250e+02 -1.275739e+03
<VARIANCE> 6
 5.353725e+02 1.559215e+05 1.658671e+06 9.980439e+03 1.559250e+05 1.101460e+08
<GCONST> 8.327169e+01
<MIXTURE> 14 6.039450e-02
<MEAN> 6
 8.697222e+01 2.290417e+02 -3.039606e+02 3.534198e-02 -7.024464e+01 -3.860817e+02
<VARIANCE> 6
 4.193634e+02 5.178445e+05 1.366056e+06 2.998198e+02 4.022584e+04 5.158639e+07
<GCONST> 7.841508e+01
<STATE> 3
<NUMMIXES> 14
<MIXTURE> 1 5.957249e-02
<MEAN> 6
 7.926221e+01 3.220801e+02 -3.124595e+01 1.608475e+00 -1.720988e+01 9.713750e+01
<VARIANCE> 6
 3.185104e+01 1.195217e+04 1.387160e+04 2.998198e+02 4.022584e+04 5.158639e+07
<GCONST> 6.747881e+01
<MIXTURE> 2 5.345038e-02
<MEAN> 6
 9.112027e+01 -6.176631e+02 -5.147205e+01 -1.638124e+00 -5.453176e-01 1.793147e+02
<VARIANCE> 6
 4.693121e+01 8.340064e+04 1.387160e+04 2.998198e+02 4.022584e+04 5.158639e+07
<GCONST> 6.980917e+01
<MIXTURE> 3 5.644448e-02
<MEAN> 6
 9.287102e+01 -1.846058e+02 -5.349677e+02 -2.414311e+00 8.680132e+00 8.624567e+01
<VARIANCE> 6
 3.185104e+01 3.321673e+04 1.387160e+04 2.998198e+02 4.022584e+04 5.158639e+07
<GCONST> 6.850095e+01
<MIXTURE> 4 9.581245e-02
<MEAN> 6
 8.480405e+01 -6.692899e+00 -1.462736e+02 -7.907283e-01 -1.679704e+00 -1.643147e+02
<VARIANCE> 6
 3.185104e+01 1.514050e+04 1.387160e+04 2.998198e+02 4.022584e+04 5.158639e+07
<GCONST> 6.771527e+01
<MIXTURE> 5 6.909491e-02
<MEAN> 6
 7.328113e+01 1.840270e+02 -2.848530e+02 -1.004948e+00 -5.155973e+00 -2.469503e+01
<VARIANCE> 6
 3.185104e+01 1.195217e+04 1.387160e+04 2.998198e+02 4.022584e+04 5.158639e+07
<GCONST> 6.747881e+01
<MIXTURE> 6 9.660150e-02
<MEAN> 6
 9.494614e+01 -3.657670e+02 -5.460790e+02 -1.040392e+00 -4.229018e+00 -2.903240e+01
<VARIANCE> 6
 3.185104e+01 1.195217e+04 1.387160e+04 2.998198e+02 4.022584e+04 5.158639e+07
<GCONST> 6.747881e+01
<MIXTURE> 7 9.771296e-02
<MEAN> 6
 7.882355e+01 3.747329e+01 -2.867381e+02 -1.083485e+00 1.807132e-01 -8.346648e+01
<VARIANCE> 6
 3.185104e+01 1.195217e+04 1.387160e+04 2.998198e+02 4.022584e+04 5.158639e+07
<GCONST> 6.747881e+01
<MIXTURE> 8 9.416407e-02
<MEAN> 6
 6.661290e+01 1.582901e+02 -3.798271e+02 3.415965e+00 4.087125e-01 -1.260709e+01
<VARIANCE> 6
 3.185104e+01 1.195217e+04 1.387160e+04 2.998198e+02 4.022584e+04 5.158639e+07
<GCONST> 6.747881e+01
<MIXTURE> 9 5.073184e-02
<MEAN> 6
 9.351148e+01 -5.523543e+02 -5.303882e+02 2.099535e+00 8.148146e-01 -2.037656e+02
<VARIANCE> 6
 3.185104e+01 1.195217e+04 1.387160e+04 2.998198e+02 4.022584e+04 5.158639e+07
<GCONST> 6.747881e+01
<MIXTURE> 10 9.898961e-02
<MEAN> 6
 7.884074e+01 3.692005e+01 -2.866681e+02 -1.081231e+00 2.104184e-01 -8.393555e+01
<VARIANCE> 6
 3.185104e+01 1.195217e+04 1.387160e+04 2.998198e+02 4.022584e+04 5.158639e+07
<GCONST> 6.747881e+01
<MIXTURE> 11 6.892877e-02
<MEAN> 6
 7.237448e+01 1.697739e+02 -3.201291e+02 -2.418007e-01 -2.740795e+00 -3.957101e+01
<VARIANCE> 6
 3.185104e+01 1.195217e+04 1.387160e+04 2.998198e+02 4.022584e+04 5.158639e+07
<GCONST> 6.747881e+01
<MIXTURE> 12 5.800110e-02
<MEAN> 6
 7.941892e+01 3.096166e+02 -3.740937e+01 1.449692e+00 -1.599040e+01 8.146973e+01
<VARIANCE> 6
 3.185104e+01 1.195217e+04 1.387160e+04 2.998198e+02 4.022584e+04 5.158639e+07
<GCONST> 6.747881e+01
<MIXTURE> 13 4.941559e-02
<MEAN> 6
 8.554831e+01 -3.684939e+02 -7.161277e+01 -2.857416e+00 -2.972903e+00 -1.221404e+02
<VARIANCE> 6
 3.185104e+01 1.313236e+05 1.387160e+04 2.998198e+02 4.022584e+04 5.158639e+07
<GCONST> 6.987556e+01
<MIXTURE> 14 5.104345e-02
<MEAN> 6
 9.311660e+01 -5.720428e+02 -5.284278e+02 1.998839e+00 -2.301898e+00 -1.565412e+02
<VARIANCE> 6
 3.185104e+01 1.195217e+04 1.387160e+04 2.998198e+02 4.022584e+04 5.158639e+07
<GCONST> 6.747881e+01
<STATE> 4
<NUMMIXES> 14
<MIXTURE> 1 8.180133e-02
<MEAN> 6
 7.485663e+01 7.662218e+01 1.303095e+02 -4.109397e-01 -5.925630e+00 4.399417e+01
<VARIANCE> 6
 3.185104e+01 1.195217e+04 1.387160e+04 2.998198e+02 4.022584e+04 5.158639e+07
<GCONST> 6.747881e+01
<MIXTURE> 2 2.734569e-03
<MEAN> 6
 8.297524e+01 -6.422750e+02 1.357770e+02 5.737244e+00 5.904672e+02 -4.080698e+03
<VARIANCE> 6
 2.149868e+02 1.627692e+06 2.769949e+05 4.728193e+02 2.406852e+05 8.012372e+07
<GCONST> 7.998131e+01
<MIXTURE> 3 7.610208e-02
<MEAN> 6
 7.198499e+01 -3.718200e+02 3.457123e+02 -4.181538e-01 -6.061257e+00 -1.527454e+02
<VARIANCE> 6
 3.185104e+01 1.195217e+04 1.387160e+04 2.998198e+02 4.022584e+04 5.158639e+07
<GCONST> 6.747881e+01
<MIXTURE> 4 5.130386e-02
<MEAN> 6
 6.748897e+01 -5.013337e+01 2.950686e+02 1.533486e+00 -4.599860e+00 -2.904632e+01
<VARIANCE> 6
 3.185104e+01 1.195217e+04 2.367409e+04 2.998198e+02 4.022584e+04 5.158639e+07
<GCONST> 6.801335e+01
<MIXTURE> 5 5.381909e-02
<MEAN> 6
 6.789600e+01 -3.864270e+01 -1.701235e+02 6.939260e-01 1.960437e+00 -1.480920e+02
<VARIANCE> 6
 3.185104e+01 1.195217e+04 1.387160e+04 2.998198e+02 4.022584e+04 5.158639e+07
<GCONST> 6.747881e+01
<MIXTURE> 6 8.276851e-02
<MEAN> 6
 7.262551e+01 -3.862884e+00 1.449162e+02 5.492195e-01 -1.644446e+00 -1.212103e+02
<VARIANCE> 6
 3.185104e+01 1.195217e+04 1.387160e+04 2.998198e+02 4.022584e+04 5.158639e+07
<GCONST> 6.747881e+01
<MIXTURE> 7 9.798807e-02
<MEAN> 6
 6.921004e+01 -1.605194e+02 1.482048e+02 1.300976e+00 3.255910e+00 -1.381618e+02
<VARIANCE> 6
 3.185104e+01 1.195217e+04 1.387160e+04 2.998198e+02 4.022584e+04 5.158639e+07
<GCONST> 6.747881e+01
<MIXTURE> 8 7.100525e-02
<MEAN> 6
 6.715748e+01 -5.596228e+01 -1.911566e+02 8.753071e-01 1.074259e+00 -1.516825e+02
<VARIANCE> 6
 3.185104e+01 1.195217e+04 1.387160e+04 2.998198e+02 4.022584e+04 5.158639e+07
<GCONST> 6.747881e+01
<MIXTURE> 9 1.053392e-01
<MEAN> 6
 6.316528e+01 -5.076288e+02 2.482676e+02 3.431017e-01 -1.735622e+00 -6.646237e+01
<VARIANCE> 6
 3.185104e+01 1.195217e+04 1.409238e+04 2.998198e+02 4.022584e+04 5.158639e+07
<GCONST> 6.749461e+01
<MIXTURE> 10 9.287458e-02
<MEAN> 6
 7.033209e+01 -8.212843e+01 1.564599e+02 1.150262e+00 1.301928e+00 -1.347581e+02
<VARIANCE> 6
 3.185104e+01 1.195217e+04 1.387160e+04 2.998198e+02 4.022584e+04 5.158639e+07
<GCONST> 6.747881e+01
<MIXTURE> 11 8.391348e-02
<MEAN> 6
 7.440671e+01 5.450464e+01 1.203988e+02 -1.917798e-01 -3.453808e+00 -2.492668e+01
<VARIANCE> 6
 3.185104e+01 1.195217e+04 1.387160e+04 2.998198e+02 4.022584e+04 5.158639e+07
<GCONST> 6.747881e+01
<MIXTURE> 12 7.645138e-02
<MEAN> 6
 6.927945e+01 -2.565073e+02 3.229799e+01 1.486754e-01 -5.317596e+00 -2.010028e+02
<VARIANCE> 6
 3.185104e+01 1.195217e+04 1.387160e+04 2.998198e+02 4.022584e+04 5.158639e+07
<GCONST> 6.747881e+01
<MIXTURE> 13 6.999940e-02
<MEAN> 6
 6.613169e+01 -7.822187e+01 -2.245214e+02 1.609112e+00 5.979700e+00 -1.826043e+02
<VARIANCE> 6
 3.185104e+01 1.195217e+04 1.387160e+04 2.998198e+02 4.022584e+04 5.158639e+07
<GCONST> 6.747881e+01
<MIXTURE> 14 5.384633e-02
<MEAN> 6
 6.632297e+01 -7.708878e+01 -2.156400e+02 1.270947e+00 1.432207e+00 -1.691237e+02
<VARIANCE> 6
 3.185104e+01 1.195217e+04 1.387160e+04 2.998198e+02 4.022584e+04 5.158639e+07
<GCONST> 6.747881e+01
<STATE> 5
<NUMMIXES> 14
<MIXTURE> 1 6.962300e-02
<MEAN> 6
 9.643176e+01 8.029945e+02 2.677884e+02 -4.366031e+00 -2.547625e+00 3.826408e+01
<VARIANCE> 6
 3.683880e+01 1.195217e+04 1.387160e+04 2.998198e+02 4.022584e+04 5.158639e+07
<GCONST> 6.762430e+01
<MIXTURE> 2 9.710380e-02
<MEAN> 6
 8.775821e+01 4.516257e+02 4.266234e+02 -3.914707e-01 6.860000e-01 -5.658015e+01
<VARIANCE> 6
 3.185104e+01 1.214936e+04 1.387160e+04 2.998198e+02 4.022584e+04 5.158639e+07
<GCONST> 6.749518e+01
<MIXTURE> 3 1.222052e-01
<MEAN> 6
 9.161544e+01 2.078209e+02 1.808203e+02 -1.579441e+00 -5.209932e+00 -1.229966e+02
<VARIANCE> 6
 3.185104e+01 1.195217e+04 1.387160e+04 2.998198e+02 4.022584e+04 5.158639e+07
<GCONST> 6.747881e+01
<MIXTURE> 4 1.860739e-03
<MEAN> 6
 8.351263e+01 -1.172779e+02 -1.614389e+02 1.139159e+00 -9.959233e+01 -2.814904e+03
<VARIANCE> 6
 4.361590e+02 1.678111e+06 6.080952e+05 4.710436e+02 1.461572e+05 9.423909e+07
<GCONST> 8.116527e+01
<MIXTURE> 5 1.232487e-01
<MEAN> 6
 9.335866e+01 -4.074623e+01 1.109481e+02 -4.491028e-01 1.903650e+00 -1.571355e+02
<VARIANCE> 6
 3.185104e+01 1.375002e+04 1.387160e+04 2.998198e+02 4.022584e+04 5.158639e+07
<GCONST> 6.761894e+01
<MIXTURE> 6 4.460116e-02
<MEAN> 6
 8.701176e+01 -3.440103e+02 3.719387e+02 -1.672323e+00 1.008442e+00 2.093081e+01
<VARIANCE> 6
 3.185104e+01 1.620282e+04 1.387160e+04 2.998198e+02 4.022584e+04 5.158639e+07
<GCONST> 6.778309e+01
<MIXTURE> 7 6.419177e-02
<MEAN> 6
 9.388844e+01 1.245372e+02 1.301459e+02 -2.323358e+00 1.967256e+00 -1.116165e+00
<VARIANCE> 6
 3.185104e+01 1.195217e+04 1.387160e+04 2.998198e+02 4.022584e+04 5.158639e+07
<GCONST> 6.747881e+01
<MIXTURE> 8 9.386691e-02
<MEAN> 6
 9.573240e+01 -1.028372e+02 3.096404e+01 -1.780556e-01 4.266736e+00 -1.002634e+02
<VARIANCE> 6
 3.185104e+01 1.195217e+04 1.387160e+04 2.998198e+02 4.022584e+04 5.158639e+07
<GCONST> 6.747881e+01
<MIXTURE> 9 4.627763e-02
<MEAN> 6
 9.065150e+01 8.199493e+02 1.603512e+02 -1.808063e+00 5.927448e+00 -1.606593e+02
<VARIANCE> 6
 3.185104e+01 7.753391e+04 1.387160e+04 2.998198e+02 4.022584e+04 5.158639e+07
<GCONST> 6.934862e+01
<MIXTURE> 10 8.994175e-02
<MEAN> 6
 8.287638e+01 -5.145431e+01 4.606321e+02 -4.311360e+00 1.098613e+01 -7.591863e+01
<VARIANCE> 6
 3.185104e+01 1.195217e+04 1.387160e+04 2.998198e+02 4.022584e+04 5.158639e+07
<GCONST> 6.747881e+01
<MIXTURE> 11 5.664500e-02
<MEAN> 6
 8.971053e+01 -6.611075e+02 3.217041e+02 -5.604457e-01 -3.355351e+01 3.747079e+02
<VARIANCE> 6
 3.185104e+01 7.143686e+04 1.387160e+04 2.998198e+02 4.022584e+04 5.158639e+07
<GCONST> 6.926672e+01
<MIXTURE> 12 4.750900e-02
<MEAN> 6
 9.072430e+01 6.908478e+02 1.726166e+02 -2.567474e+00 1.774799e+00 -6.677518e+01
<VARIANCE> 6
 3.185104e+01 4.827018e+04 1.387160e+04 2.998198e+02 4.022584e+04 5.158639e+07
<GCONST> 6.887472e+01
<MIXTURE> 13 7.849985e-02
<MEAN> 6
 9.270699e+01 7.995735e+02 2.099681e+02 -3.167161e+00 3.143451e-01 9.264886e+00
<VARIANCE> 6
 3.185104e+01 1.195217e+04 1.387160e+04 2.998198e+02 4.022584e+04 5.158639e+07
<GCONST> 6.747881e+01
<MIXTURE> 14 6.439022e-02
<MEAN> 6
 9.382598e+01 8.488486e+01 1.155183e+02 -2.585702e+00 -7.328609e+00 -7.338339e+01
<VARIANCE> 6
 3.185104e+01 1.201396e+04 1.387160e+04 2.998198e+02 4.022584e+04 5.158639e+07
<GCONST> 6.748397e+01
<STATE> 6
<NUMMIXES> 14
<MIXTURE> 1 1.104199e-02
<MEAN> 6
 7.933921e+01 -3.244579e+02 -3.592905e+02 -9.053744e+00 -6.679510e+02 -2.007737e+04
<VARIANCE> 6
 1.352967e+02 6.682290e+05 2.299713e+05 2.998198e+02 1.027175e+05 8.415311e+07
<GCONST> 7.718390e+01
<MIXTURE> 2 9.875739e-02
<MEAN> 6
 9.039426e+01 -9.526147e+01 -3.122284e+03 -7.466415e+00 6.774046e-01 2.742883e+02
<VARIANCE> 6
 6.303936e+01 1.195217e+04 1.387160e+04 2.998198e+02 4.022584e+04 5.158639e+07
<GCONST> 6.816151e+01
<MIXTURE> 3 4.450372e-02
<MEAN> 6
 7.650216e+01 -3.357651e+02 -2.677462e+03 -9.294899e-01 -4.108698e+00 -1.889958e+02
<VARIANCE> 6
 3.185104e+01 1.195217e+04 1.387160e+04 2.998198e+02 4.022584e+04 5.158639e+07
<GCONST> 6.747881e+01
<MIXTURE> 4 1.143222e-01
<MEAN> 6
 5.961710e+01 -4.220630e+02 -4.683983e+02 6.034153e-01 -5.275039e+00 -1.273468e+02
<VARIANCE> 6
 3.185104e+01 1.195217e+04 1.387160e+04 2.998198e+02 4.022584e+04 5.158639e+07
<GCONST> 6.747881e+01
<MIXTURE> 5 7.712287e-02
<MEAN> 6
 7.782801e+01 -1.842006e+03 -7.999422e+02 8.904709e-01 -2.428352e+00 -2.237834e+02
<VARIANCE> 6
 3.185104e+01 2.566386e+04 1.387160e+04 2.998198e+02 4.022584e+04 5.158639e+07
<GCONST> 6.824298e+01
<MIXTURE> 6 6.650198e-02
<MEAN> 6
 7.988335e+01 1.735323e+02 -7.193473e+02 2.011089e+00 2.228522e+00 -8.517448e+01
<VARIANCE> 6
 3.185104e+01 1.195217e+04 1.387160e+04 2.998198e+02 4.022584e+04 5.158639e+07
<GCONST> 6.747881e+01
<MIXTURE> 7 7.730836e-02
<MEAN> 6
 7.384311e+01 -3.646591e+02 -5.986758e+02 1.072305e+00 -9.968126e+00 -3.019459e+02
<VARIANCE> 6
 3.185104e+01 4.754823e+04 1.387160e+04 2.998198e+02 4.022584e+04 5.158639e+07
<GCONST> 6.885964e+01
<MIXTURE> 8 1.020465e-01
<MEAN> 6
 8.522256e+01 -2.025043e+02 -8.614149e+02 -4.827361e+00 -1.098666e+01 -1.059364e+02
<VARIANCE> 6
 3.185104e+01 1.649121e+04 1.387160e+04 2.998198e+02 4.022584e+04 5.158639e+07
<GCONST> 6.780073e+01
<MIXTURE> 9 7.056539e-02
<MEAN> 6
 7.438289e+01 -7.622917e+02 -6.008438e+02 -3.894043e+00 4.113732e+00 -1.412388e+02
<VARIANCE> 6
 3.185104e+01 2.459318e+04 1.387160e+04 2.998198e+02 4.022584e+04 5.158639e+07
<GCONST> 6.820037e+01
<MIXTURE> 10 6.804131e-02
<MEAN> 6
 6.564701e+01 -4.875080e+02 -5.610695e+02 -4.766176e-01 -2.807772e-01 -4.369253e+01
<VARIANCE> 6
 3.185104e+01 1.195217e+04 1.387160e+04 2.998198e+02 4.022584e+04 5.158639e+07
<GCONST> 6.747881e+01
<MIXTURE> 11 6.905504e-02
<MEAN> 6
 7.394630e+01 -6.169062e+02 -6.071232e+02 -2.796714e+00 3.262267e-01 -1.227130e+02
<VARIANCE> 6
 3.185104e+01 6.013556e+04 1.387160e+04 2.998198e+02 4.022584e+04 5.158639e+07
<GCONST> 6.909451e+01
<MIXTURE> 12 6.578240e-02
<MEAN> 6
 7.659144e+01 -8.700328e+02 -6.458308e+02 -3.229587e+00 1.819157e+00 -5.825133e+01
<VARIANCE> 6
 3.185104e+01 9.141848e+04 1.387160e+04 2.998198e+02 4.022584e+04 5.158639e+07
<GCONST> 6.951335e+01
<MIXTURE> 13 6.660128e-02
<MEAN> 6
 7.989336e+01 1.728879e+02 -7.192083e+02 2.009416e+00 2.069134e+00 -8.640920e+01
<VARIANCE> 6
 3.185104e+01 1.195217e+04 1.387160e+04 2.998198e+02 4.022584e+04 5.158639e+07
<GCONST> 6.747881e+01
<MIXTURE> 14 6.833547e-02
<MEAN> 6
 6.506429e+01 -5.082319e+02 -5.680744e+02 -8.324517e-01 -2.102628e-01 -4.020463e+01
<VARIANCE> 6
 3.185104e+01 1.195217e+04 1.387160e+04 2.998198e+02 4.022584e+04 5.158639e+07
<GCONST> 6.747881e+01
<STATE> 7
<NUMMIXES> 14
<MIXTURE> 1 8.867906e-02
<MEAN> 6
 1.289599e+02 3.466917e+02 1.566425e+03 -3.142997e+00 -6.755450e-02 1.078262e+00
<VARIANCE> 6
 3.185104e+01 1.786255e+04 5.682838e+04 2.998198e+02 4.022584e+04 5.158639e+07
<GCONST> 6.929080e+01
<MIXTURE> 2 1.079384e-01
<MEAN> 6
 1.174880e+02 -4.727610e+02 2.421575e+03 -1.214737e+00 1.507213e+00 -2.505391e+02
<VARIANCE> 6
 3.185104e+01 1.195217e+04 3.908192e+04 2.998198e+02 4.022584e+04 5.158639e+07
<GCONST> 6.851463e+01
<MIXTURE> 3 7.092571e-02
<MEAN> 6
 9.708419e+01 -2.501563e+02 1.050036e+03 -7.551237e-01 6.574621e+00 -1.091688e+02
<VARIANCE> 6
 3.185104e+01 1.461500e+04 1.387160e+04 2.998198e+02 4.022584e+04 5.158639e+07
<GCONST> 6.767995e+01
<MIXTURE> 4 5.985613e-02
<MEAN> 6
 1.053777e+02 2.554337e+02 1.263772e+03 -1.427400e-01 -3.158492e+01 1.708407e+02
<VARIANCE> 6
 3.185104e+01 1.554621e+04 1.387160e+04 2.998198e+02 4.022584e+04 5.158639e+07
<GCONST> 6.774171e+01
<MIXTURE> 5 5.529692e-02
<MEAN> 6
 9.285726e+01 7.029530e+00 6.572599e+02 -1.649426e+00 -5.826022e+00 -1.843377e+02
<VARIANCE> 6
 3.185104e+01 1.195217e+04 1.387160e+04 2.998198e+02 4.022584e+04 5.158639e+07
<GCONST> 6.747881e+01
<MIXTURE> 6 5.733648e-02
<MEAN> 6
 9.263521e+01 1.019935e+03 1.182068e+03 -3.887554e+00 4.302381e-01 9.801930e+01
<VARIANCE> 6
 3.185104e+01 2.199805e+04 1.387160e+04 2.998198e+02 4.022584e+04 5.158639e+07
<GCONST> 6.808885e+01
<MIXTURE> 7 9.915727e-02
<MEAN> 6
 1.214382e+02 1.842735e+03 1.129805e+03 -3.287546e+00 3.665455e+00 7.541753e+01
<VARIANCE> 6
 3.185104e+01 6.397170e+04 6.827523e+04 2.998198e+02 4.022584e+04 5.158639e+07
<GCONST> 7.075005e+01
<MIXTURE> 8 7.916987e-02
<MEAN> 6
 8.525465e+01 -5.147816e+02 2.036923e+03 -4.825302e+00 1.770635e+00 8.779395e+01
<VARIANCE> 6
 3.185104e+01 1.195217e+04 1.387160e+04 2.998198e+02 4.022584e+04 5.158639e+07
<GCONST> 6.747881e+01
<MIXTURE> 9 8.093620e-02
<MEAN> 6
 1.017869e+02 -3.349590e+02 5.791318e+02 -5.800576e+00 -1.370917e+01 -3.055765e+02
<VARIANCE> 6
 3.185104e+01 1.195217e+04 1.708612e+04 2.998198e+02 4.022584e+04 5.158639e+07
<GCONST> 6.768724e+01
<MIXTURE> 10 3.928297e-02
<MEAN> 6
 1.252830e+02 -1.544522e+02 4.468459e+02 -9.282936e+00 -7.786029e+01 -5.145986e+02
<VARIANCE> 6
 3.206547e+02 1.752217e+05 1.217301e+05 2.998198e+02 1.156201e+05 1.356544e+08
<GCONST> 7.666786e+01
<MIXTURE> 11 7.765889e-02
<MEAN> 6
 8.231126e+01 6.014186e+02 1.048706e+03 -5.280362e+00 3.084749e+00 -3.390140e+01
<VARIANCE> 6
 3.185104e+01 1.195217e+04 1.387160e+04 2.998198e+02 4.022584e+04 5.158639e+07
<GCONST> 6.747881e+01
<MIXTURE> 12 6.887747e-02
<MEAN> 6
 9.444824e+01 -4.039696e+02 7.739988e+02 -9.471310e+00 1.625512e+01 2.556371e+02
<VARIANCE> 6
 4.064138e+01 1.436178e+04 1.387160e+04 2.998198e+02 4.022584e+04 5.158639e+07
<GCONST> 6.790619e+01
<MIXTURE> 13 5.878066e-02
<MEAN> 6
 9.596364e+01 3.258495e+02 1.061677e+03 -3.702031e+00 4.122066e-01 3.207665e+01
<VARIANCE> 6
 3.185104e+01 1.195217e+04 1.387160e+04 2.998198e+02 4.022584e+04 5.158639e+07
<GCONST> 6.747881e+01
<MIXTURE> 14 5.609377e-02
<MEAN> 6
 9.246581e+01 -1.830511e+01 6.444642e+02 -1.723076e+00 -3.471562e+00 -2.463594e+02
<VARIANCE> 6
 3.185104e+01 1.195217e+04 1.387160e+04 2.998198e+02 4.022584e+04 5.158639e+07
<GCONST> 6.747881e+01
<STATE> 8
<NUMMIXES> 14
<MIXTURE> 1 6.874758e-02
<MEAN> 6
 1.115761e+02 1.631900e+02 -4.494604e+02 -3.676468e+00 5.585268e-02 -2.365973e+02
<VARIANCE> 6
 3.185104e+01 1.195217e+04 1.387160e+04 2.998198e+02 4.022584e+04 5.158639e+07
<GCONST> 6.747881e+01
<MIXTURE> 2 9.922789e-02
<MEAN> 6
 1.268085e+02 -1.989130e+03 5.488483e+01 -4.025566e+01 -9.651984e+01 -4.743993e+02
<VARIANCE> 6
 4.646519e+02 8.829448e+05 5.200662e+04 2.998198e+02 7.340609e+04 5.158639e+07
<GCONST> 7.638441e+01
<MIXTURE> 3 8.241286e-02
<MEAN> 6
 9.816714e+01 -3.194469e+03 -4.369890e+01 -1.145213e+00 1.159246e+01 -1.453152e+02
<VARIANCE> 6
 3.185104e+01 4.945617e+04 1.387160e+04 2.998198e+02 4.022584e+04 5.158639e+07
<GCONST> 6.889899e+01
<MIXTURE> 4 9.400838e-02
<MEAN> 6
 9.505544e+01 -1.854767e+03 -2.224014e+02 -4.745106e+00 -1.270930e+01 -6.482007e+02
<VARIANCE> 6
 3.185104e+01 4.806957e+04 1.387160e+04 2.998198e+02 4.022584e+04 5.158639e+07
<GCONST> 6.887055e+01
<MIXTURE> 5 5.489752e-02
<MEAN> 6
 1.181384e+02 -3.384883e+02 -4.566481e+02 -5.141787e+00 1.234280e-01 -3.779660e+01
<VARIANCE> 6
 3.185104e+01 5.652027e+04 1.387160e+04 2.998198e+02 4.022584e+04 5.158639e+07
<GCONST> 6.903250e+01
<MIXTURE> 6 6.339753e-02
<MEAN> 6
 1.012676e+02 -2.510943e+03 -2.400578e+02 -4.717881e+00 -1.848569e+01 -1.962822e+02
<VARIANCE> 6
 3.185104e+01 5.287004e+04 1.387160e+04 2.998198e+02 4.022584e+04 5.158639e+07
<GCONST> 6.896574e+01
<MIXTURE> 7 7.451428e-02
<MEAN> 6
 9.909555e+01 -4.050780e+03 1.551683e+01 -2.615252e+00 2.735402e+00 2.065981e+01
<VARIANCE> 6
 3.185104e+01 1.195217e+04 1.387160e+04 2.998198e+02 4.022584e+04 5.158639e+07
<GCONST> 6.747881e+01
<MIXTURE> 8 5.177172e-02
<MEAN> 6
 1.039332e+02 -3.046907e+03 -2.671636e+02 -6.907713e-01 -2.251292e+00 -8.345863e+01
<VARIANCE> 6
 3.185104e+01 2.451546e+04 1.387160e+04 2.998198e+02 4.022584e+04 5.158639e+07
<GCONST> 6.819720e+01
<MIXTURE> 9 9.881528e-02
<MEAN> 6
 9.933278e+01 -3.673444e+03 -1.342113e+00 -4.388520e+00 2.414772e+01 -1.392463e+02
<VARIANCE> 6
 3.185104e+01 3.124644e+04 1.387160e+04 2.998198e+02 4.022584e+04 5.158639e+07
<GCONST> 6.843980e+01
<MIXTURE> 10 7.526839e-02
<MEAN> 6
 9.909563e+01 -4.050990e+03 1.552271e+01 -2.614614e+00 2.746138e+00 2.058960e+01
<VARIANCE> 6
 3.185104e+01 1.195217e+04 1.387160e+04 2.998198e+02 4.022584e+04 5.158639e+07
<GCONST> 6.747881e+01
<MIXTURE> 11 6.832410e-02
<MEAN> 6
 1.116714e+02 1.581835e+02 -4.495471e+02 -3.702972e+00 2.198145e-01 -2.216113e+02
<VARIANCE> 6
 3.185104e+01 1.195217e+04 1.387160e+04 2.998198e+02 4.022584e+04 5.158639e+07
<GCONST> 6.747881e+01
<MIXTURE> 12 6.169795e-02
<MEAN> 6
 1.021873e+02 -2.664108e+03 -2.366152e+02 -3.416327e+00 -3.240031e+01 -4.336949e+02
<VARIANCE> 6
 3.185104e+01 4.589602e+04 1.387160e+04 2.998198e+02 4.022584e+04 5.158639e+07
<GCONST> 6.882428e+01
<MIXTURE> 13 5.487629e-02
<MEAN> 6
 1.193344e+02 -4.881181e+02 -4.565360e+02 -4.311778e+00 8.882916e-01 -1.785843e+02
<VARIANCE> 6
 3.185104e+01 6.187464e+04 1.387160e+04 2.998198e+02 4.022584e+04 5.158639e+07
<GCONST> 6.912301e+01
<MIXTURE> 14 5.203349e-02
<MEAN> 6
 1.041970e+02 -3.113987e+03 -2.797771e+02 -7.283210e-01 -1.793114e+00 -6.102884e+01
<VARIANCE> 6
 3.185104e+01 2.420570e+04 1.387160e+04 2.998198e+02 4.022584e+04 5.158639e+07
<GCONST> 6.818449e+01
<STATE> 9
<NUMMIXES> 14
<MIXTURE> 1 5.503348e-02
<MEAN> 6
 6.934169e+01 4.240757e+01 -9.369441e+02 -1.820786e+00 -5.898367e+00 -1.339276e+02
<VARIANCE> 6
 3.185104e+01 1.195217e+04 2.575335e+04 2.998198e+02 4.022584e+04 5.158639e+07
<GCONST> 6.809753e+01
<MIXTURE> 2 5.328961e-02
<MEAN> 6
 6.537595e+01 9.392278e+02 -1.415927e+02 -1.794157e-01 2.612695e-01 -1.387625e+02
<VARIANCE> 6
 3.185104e+01 1.195217e+04 1.387160e+04 2.998198e+02 4.022584e+04 5.158639e+07
<GCONST> 6.747881e+01
<MIXTURE> 3 1.050676e-01
<MEAN> 6
 7.301305e+01 1.287754e+03 -1.091039e+03 -2.300694e-01 -5.983591e+00 -1.004140e+02
<VARIANCE> 6
 3.185104e+01 1.195217e+04 1.387160e+04 2.998198e+02 4.022584e+04 5.158639e+07
<GCONST> 6.747881e+01
<MIXTURE> 4 3.649946e-02
<MEAN> 6
 6.558916e+01 -1.531732e+02 -2.005308e+02 -1.151167e+00 -1.414190e+01 -4.026979e+02
<VARIANCE> 6
 3.185104e+01 2.177867e+04 1.387160e+04 2.998198e+02 4.022584e+04 5.158639e+07
<GCONST> 6.807883e+01
<MIXTURE> 5 9.346222e-02
<MEAN> 6
 5.397538e+01 4.162448e+02 -2.162159e+02 7.322309e-01 -3.106467e+00 -1.422722e+02
<VARIANCE> 6
 3.185104e+01 1.195217e+04 1.387160e+04 2.998198e+02 4.022584e+04 5.158639e+07
<GCONST> 6.747881e+01
<MIXTURE> 6 5.577901e-02
<MEAN> 6
 5.724859e+01 -1.358635e+03 -6.076438e+02 3.978406e+00 -1.337431e+01 5.136860e+01
<VARIANCE> 6
 3.185104e+01 1.908474e+04 1.387160e+04 2.998198e+02 4.022584e+04 5.158639e+07
<GCONST> 6.794679e+01
<MIXTURE> 7 8.447024e-02
<MEAN> 6
 6.912629e+01 -2.648629e+02 -9.691010e+02 -1.410030e+00 -9.247468e+00 -2.042030e+01
<VARIANCE> 6
 3.185104e+01 3.647840e+05 5.270880e+04 2.998198e+02 4.022584e+04 5.158639e+07
<GCONST> 7.223215e+01
<MIXTURE> 8 8.019308e-02
<MEAN> 6
 6.604156e+01 5.366279e+02 -1.280506e+02 -9.165394e-01 -1.970579e+00 -1.628976e+02
<VARIANCE> 6
 3.185104e+01 1.195217e+04 1.387160e+04 2.998198e+02 4.022584e+04 5.158639e+07
<GCONST> 6.747881e+01
<MIXTURE> 9 7.363990e-02
<MEAN> 6
 6.859453e+01 -7.768519e+02 -2.576595e+02 -2.591715e+00 -8.430023e+00 -2.126082e+02
<VARIANCE> 6
 4.757540e+01 1.507534e+04 1.387160e+04 2.998198e+02 4.022584e+04 5.158639e+07
<GCONST> 6.811221e+01
<MIXTURE> 10 4.699298e-02
<MEAN> 6
 6.624130e+01 -2.719007e+02 -1.265572e+03 2.937166e+00 -1.555439e+01 4.725114e+01
<VARIANCE> 6
 3.185104e+01 2.085232e+04 1.387160e+04 2.998198e+02 4.022584e+04 5.158639e+07
<GCONST> 6.803537e+01
<MIXTURE> 11 9.884661e-02
<MEAN> 6
 6.635693e+01 -5.700877e+01 -9.234404e+02 -4.786119e-01 -1.097184e+01 -2.100420e+02
<VARIANCE> 6
 3.185104e+01 1.354477e+04 1.387160e+04 2.998198e+02 4.022584e+04 5.158639e+07
<GCONST> 6.760390e+01
<MIXTURE> 12 1.080572e-01
<MEAN> 6
 6.000259e+01 -4.328798e+02 -2.060263e+02 -7.820427e-01 -3.635972e+00 -1.234973e+02
<VARIANCE> 6
 3.185104e+01 1.195217e+04 1.387160e+04 2.998198e+02 4.022584e+04 5.158639e+07
<GCONST> 6.747881e+01
<MIXTURE> 13 5.363756e-02
<MEAN> 6
 6.542589e+01 9.033800e+02 -1.472250e+02 -4.102398e-01 -1.155251e+00 -1.255864e+02
<VARIANCE> 6
 3.185104e+01 1.195217e+04 1.387160e+04 2.998198e+02 4.022584e+04 5.158639e+07
<GCONST> 6.747881e+01
<MIXTURE> 14 5.501898e-02
<MEAN> 6
 6.902389e+01 2.443039e+01 -9.742594e+02 -1.585125e+00 -8.073914e+00 -1.268710e+02
<VARIANCE> 6
 3.185104e+01 1.195217e+04 2.253671e+04 2.998198e+02 4.022584e+04 5.158639e+07
<GCONST> 6.796412e+01
<STATE> 10
<NUMMIXES> 14
<MIXTURE> 1 9.199760e-02
<MEAN> 6
 9.018748e+01 -1.401808e+03 8.251043e+02 -6.088820e-02 -3.477243e-01 -1.771032e+02
<VARIANCE> 6
 3.185104e+01 1.206338e+04 1.387160e+04 2.998198e+02 4.022584e+04 5.158639e+07
<GCONST> 6.748808e+01
<MIXTURE> 2 2.690226e-02
<MEAN> 6
 8.279916e+01 -8.780833e+03 2.068462e+03 -1.113432e+01 -1.268595e+01 5.392363e+02
<VARIANCE> 6
 3.185104e+01 1.195217e+04 1.411139e+04 2.998198e+02 4.022584e+04 5.158639e+07
<GCONST> 6.749596e+01
<MIXTURE> 3 1.037308e-01
<MEAN> 6
 7.577343e+01 2.860835e+03 4.590356e+02 -2.382792e+00 -1.583214e+01 -5.697199e+01
<VARIANCE> 6
 3.185104e+01 1.195217e+04 1.387160e+04 2.998198e+02 4.022584e+04 5.158639e+07
<GCONST> 6.747881e+01
<MIXTURE> 4 8.792043e-02
<MEAN> 6
 7.894859e+01 2.615861e+03 -2.105783e+02 -1.392926e+00 -1.145794e+00 -1.389754e+02
<VARIANCE> 6
 3.185104e+01 7.886288e+04 1.387160e+04 2.998198e+02 4.022584e+04 5.158639e+07
<GCONST> 6.936561e+01
<MIXTURE> 5 5.428437e-02
<MEAN> 6
 6.977538e+01 1.104325e+03 7.158905e+02 5.365382e-01 6.289254e+00 -4.439922e+01
<VARIANCE> 6
 3.185104e+01 3.203354e+04 1.387160e+04 2.998198e+02 4.022584e+04 5.158639e+07
<GCONST> 6.846468e+01
<MIXTURE> 6 5.594751e-02
<MEAN> 6
 7.893253e+01 6.017358e+02 4.541311e+02 -1.517032e-01 -2.959759e+00 -1.651299e+02
<VARIANCE> 6
 3.185104e+01 1.195217e+04 1.387160e+04 2.998198e+02 4.022584e+04 5.158639e+07
<GCONST> 6.747881e+01
<MIXTURE> 7 8.220403e-02
<MEAN> 6
 7.507076e+01 -1.063807e+03 3.155534e+02 1.615396e+00 2.647355e+01 -4.470307e+02
<VARIANCE> 6
 3.185104e+01 1.195217e+04 6.868497e+04 2.998198e+02 4.022584e+04 5.158639e+07
<GCONST> 6.907850e+01
<MIXTURE> 8 9.181652e-02
<MEAN> 6
 7.363416e+01 3.604338e+02 7.371625e+02 -1.422877e+00 -4.544309e+00 -3.777909e+01
<VARIANCE> 6
 3.185104e+01 1.195217e+04 1.387160e+04 2.998198e+02 4.022584e+04 5.158639e+07
<GCONST> 6.747881e+01
<MIXTURE> 9 9.139434e-02
<MEAN> 6
 7.988282e+01 1.402636e+03 4.588775e+02 -1.836973e+00 -5.697119e+00 -2.108842e+02
<VARIANCE> 6
 3.185104e+01 3.862781e+04 1.387160e+04 2.998198e+02 4.022584e+04 5.158639e+07
<GCONST> 6.865187e+01
<MIXTURE> 10 5.110365e-02
<MEAN> 6
 7.508937e+01 -9.560695e+02 -1.006628e+02 -1.476779e+00 -2.232982e+01 6.225692e+02
<VARIANCE> 6
 3.185104e+01 2.806144e+04 4.748845e+04 2.998198e+02 4.022584e+04 5.158639e+07
<GCONST> 6.956294e+01
<MIXTURE> 11 4.596462e-02
<MEAN> 6
 7.119473e+01 3.788756e+02 2.864684e+02 -7.785900e-01 -1.182462e+01 -3.336913e+02
<VARIANCE> 6
 3.185104e+01 1.272730e+04 1.471877e+04 2.998198e+02 4.022584e+04 5.158639e+07
<GCONST> 6.760093e+01
<MIXTURE> 12 1.014332e-01
<MEAN> 6
 7.321281e+01 -8.961146e+03 1.318428e+03 -3.494726e-01 -5.419265e+00 -2.405071e+02
<VARIANCE> 6
 3.185104e+01 1.565313e+04 1.021127e+05 2.998198e+02 4.022584e+04 5.158639e+07
<GCONST> 6.974480e+01
<MIXTURE> 13 6.071949e-02
<MEAN> 6
 7.104554e+01 8.566160e+02 6.619576e+02 5.649891e-01 -6.354343e-01 -4.760510e+01
<VARIANCE> 6
 3.185104e+01 1.195217e+04 1.387160e+04 2.998198e+02 4.022584e+04 5.158639e+07
<GCONST> 6.747881e+01
<MIXTURE> 14 5.456947e-02
<MEAN> 6
 7.851658e+01 5.928498e+02 4.274982e+02 -9.060457e-03 -1.134951e+00 -2.028843e+02
<VARIANCE> 6
 3.185104e+01 1.195217e+04 1.387160e+04 2.998198e+02 4.022584e+04 5.158639e+07
<GCONST> 6.747881e+01
<STATE> 11
<NUMMIXES> 14
<MIXTURE> 1 7.119001e-03
<MEAN> 6
 7.583999e+00 -7.749966e+02 -6.488053e+01 -7.994000e+00 -3.583977e+02 8.077350e+03
<VARIANCE> 6
 8.158641e+03 2.581524e+07 1.054863e+06 1.123225e+06 6.055101e+08 8.762706e+11
<GCONST> 1.126217e+02
<MIXTURE> 2 5.721136e-02
<MEAN> 6
 2.860922e+01 1.893589e+02 6.827242e+01 2.537151e+02 3.452441e+01 -2.436485e+03
<VARIANCE> 6
 7.337061e+02 2.524279e+05 8.350206e+04 6.966391e+03 2.218976e+05 8.454998e+07
<GCONST> 8.080856e+01
<MIXTURE> 3 5.409198e-02
<MEAN> 6
 3.840847e+01 2.984141e+02 -5.060016e+01 -3.314911e+01 -3.368323e+02 3.255639e+03
<VARIANCE> 6
 5.497576e+03 3.501570e+06 1.257782e+06 7.238489e+04 5.537523e+06 3.408640e+09
<GCONST> 9.741929e+01
<MIXTURE> 4 3.802420e-02
<MEAN> 6
 1.073780e+02 3.410244e+02 3.054728e+01 -9.653501e+00 -3.020482e+01 -3.216057e+02
<VARIANCE> 6
 2.516738e+02 5.984894e+06 2.769635e+05 2.998198e+02 4.022584e+04 5.158639e+07
<GCONST> 7.875600e+01
<MIXTURE> 5 9.148899e-02
<MEAN> 6
 9.608523e+00 5.032122e+00 3.965208e+01 -3.081003e+02 5.127903e+01 1.095184e+04
<VARIANCE> 6
 6.915837e+02 1.118168e+05 1.071508e+05 9.613378e+03 1.029161e+06 3.837442e+08
<GCONST> 8.355350e+01
<MIXTURE> 6 8.769893e-02
<MEAN> 6
 7.243760e+01 9.431958e+00 1.919588e+02 7.055191e+00 -5.222146e+02 -6.580324e+02
<VARIANCE> 6
 4.659203e+02 6.952260e+04 2.588919e+05 3.057613e+04 1.910305e+05 5.158639e+07
<GCONST> 8.103178e+01
<MIXTURE> 7 1.145253e-01
<MEAN> 6
 -3.672300e+01 8.664259e+01 3.265962e+01 7.057128e+01 7.588118e+02 -1.008267e+03
<VARIANCE> 6
 3.003615e+02 1.492359e+05 5.111688e+04 1.985408e+04 1.985327e+05 5.559035e+07
<GCONST> 7.941579e+01
<MIXTURE> 8 9.823595e-02
<MEAN> 6
 9.252505e+01 2.539132e+01 4.402293e+01 4.639442e+01 -9.356979e+02 -2.817867e+03
<VARIANCE> 6
 4.649937e+02 2.226003e+05 9.102741e+04 2.853857e+04 1.500244e+06 6.804781e+08
<GCONST> 8.571979e+01
<MIXTURE> 9 8.169927e-02
<MEAN> 6
 -5.568908e+01 8.585124e+01 4.073476e+00 8.098494e+00 1.941838e+02 4.979413e+02
<VARIANCE> 6
 2.801895e+02 2.889709e+05 1.331444e+05 7.934978e+02 8.482121e+04 5.158639e+07
<GCONST> 7.681952e+01
<MIXTURE> 10 7.047485e-02
<MEAN> 6
 9.559207e+01 -1.343697e+02 6.240402e+01 -5.089006e+00 -4.164048e+01 -2.451930e+02
<VARIANCE> 6
 2.108160e+02 1.168138e+05 5.683125e+04 2.998198e+02 4.022584e+04 5.158639e+07
<GCONST> 7.305864e+01
<MIXTURE> 11 8.660305e-02
<MEAN> 6
 8.124265e+01 -5.935698e+01 -2.382863e+01 -1.101795e+02 -7.612542e+02 2.416389e+02
<VARIANCE> 6
 5.758710e+02 3.801794e+05 7.083153e+04 1.699771e+04 2.665796e+05 7.251201e+07
<GCONST> 8.173312e+01
<MIXTURE> 12 8.563001e-02
<MEAN> 6
 -5.135283e+01 -1.456808e+01 -2.852753e+01 -2.398197e+01 1.442712e+03 -4.105760e+03
<VARIANCE> 6
 3.244781e+02 2.502324e+05 2.278038e+05 3.141936e+04 8.660636e+05 4.643082e+08
<GCONST> 8.555882e+01
<MIXTURE> 13 6.900072e-02
<MEAN> 6
 8.729936e+01 -8.188899e+01 -2.165977e+02 -2.869213e+00 -1.712008e+01 -2.950226e+02
<VARIANCE> 6
 2.726841e+02 4.317277e+05 1.074131e+05 2.998198e+02 4.022584e+04 5.158639e+07
<GCONST> 7.525978e+01
<MIXTURE> 14 5.737913e-02
<MEAN> 6
 2.139475e+01 2.677311e+01 -2.605439e+01 2.541259e+02 -4.422467e+01 -4.926833e+03
<VARIANCE> 6
 6.455620e+02 2.101294e+05 7.600875e+04 7.832228e+03 2.255142e+05 8.205898e+07
<GCONST> 8.050655e+01
<TRANSP> 12
 0.000000e+00 1.000000e+00 0.000000e+00 0.000000e+00 0.000000e+00 0.000000e+00 0.000000e+00 0.000000e+00 0.000000e+00 0.000000e+00 0.000000e+00 0.000000e+00
 0.000000e+00 9.997986e-01 2.014227e-04 0.000000e+00 0.000000e+00 0.000000e+00 0.000000e+00 0.000000e+00 0.000000e+00 0.000000e+00 0.000000e+00 0.000000e+00
 0.000000e+00 0.000000e+00 9.983959e-01 1.604135e-03 0.000000e+00 0.000000e+00 0.000000e+00 0.000000e+00 0.000000e+00 0.000000e+00 0.000000e+00 0.000000e+00
 0.000000e+00 0.000000e+00 0.000000e+00 9.987133e-01 1.286636e-03 0.000000e+00 0.000000e+00 0.000000e+00 0.000000e+00 0.000000e+00 0.000000e+00 0.000000e+00
 0.000000e+00 0.000000e+00 0.000000e+00 0.000000e+00 9.976977e-01 2.302345e-03 0.000000e+00 0.000000e+00 0.000000e+00 0.000000e+00 0.000000e+00 0.000000e+00
 0.000000e+00 0.000000e+00 0.000000e+00 0.000000e+00 0.000000e+00 9.970004e-01 2.999632e-03 0.000000e+00 0.000000e+00 0.000000e+00 0.000000e+00 0.000000e+00
 0.000000e+00 0.000000e+00 0.000000e+00 0.000000e+00 0.000000e+00 0.000000e+00 9.969319e-01 3.068064e-03 0.000000e+00 0.000000e+00 0.000000e+00 0.000000e+00
 0.000000e+00 0.000000e+00 0.000000e+00 0.000000e+00 0.000000e+00 0.000000e+00 0.000000e+00 9.920387e-01 7.961213e-03 0.000000e+00 0.000000e+00 0.000000e+00
 0.000000e+00 0.000000e+00 0.000000e+00 0.000000e+00 0.000000e+00 0.000000e+00 0.000000e+00 0.000000e+00 9.986787e-01 1.321331e-03 0.000000e+00 0.000000e+00
 0.000000e+00 0.000000e+00 0.000000e+00 0.000000e+00 0.000000e+00 0.000000e+00 0.000000e+00 0.000000e+00 0.000000e+00 9.977481e-01 2.251892e-03 0.000000e+00
 0.000000e+00 0.000000e+00 0.000000e+00 0.000000e+00 0.000000e+00 0.000000e+00 0.000000e+00 0.000000e+00 0.000000e+00 0.000000e+00 9.999443e-01 5.567234e-05
 0.000000e+00 0.000000e+00 0.000000e+00 0.000000e+00 0.000000e+00 0.000000e+00 0.000000e+00 0.000000e+00 0.000000e+00 0.000000e+00 0.000000e+00 0.000000e+00
<ENDHMM>
~h "SegundoESO"
<BEGINHMM>
<NUMSTATES> 12
<STATE> 2
<NUMMIXES> 14
<MIXTURE> 1 7.656379e-02
<MEAN> 6
 7.175246e+01 1.320457e+04 -1.200088e+03 -8.115146e-01 -7.033180e+00 -1.953540e+02
<VARIANCE> 6
 3.185104e+01 1.195217e+04 1.387160e+04 2.998198e+02 4.022584e+04 5.158639e+07
<GCONST> 6.747881e+01
<MIXTURE> 2 6.186768e-02
<MEAN> 6
 6.690513e+01 8.759665e+02 -7.272042e+02 2.954530e+00 -5.817736e+00 -1.479494e+01
<VARIANCE> 6
 3.802277e+01 2.046070e+04 7.059216e+04 2.998198e+02 4.022584e+04 5.158639e+07
<GCONST> 6.982060e+01
<MIXTURE> 3 6.669196e-02
<MEAN> 6
 7.644475e+01 -4.594776e+01 -3.000683e+03 -6.683722e-01 -7.178788e+00 -1.059579e+02
<VARIANCE> 6
 3.185104e+01 1.282223e+04 8.158297e+05 2.998198e+02 4.022584e+04 5.158639e+07
<GCONST> 7.162344e+01
<MIXTURE> 4 5.732479e-02
<MEAN> 6
 6.062321e+01 6.190264e+02 -5.248945e+03 1.096043e+00 -1.092208e+00 1.159624e+01
<VARIANCE> 6
 8.504985e+01 1.195217e+04 8.761316e+05 2.998198e+02 4.022584e+04 5.158639e+07
<GCONST> 7.260666e+01
<MIXTURE> 5 5.944864e-02
<MEAN> 6
 7.290242e+01 5.784205e+02 -5.795533e+03 2.414078e-02 -4.742278e+00 1.115403e+01
<VARIANCE> 6
 3.185104e+01 1.130147e+05 8.927683e+06 2.998198e+02 4.022584e+04 5.158639e+07
<GCONST> 7.619249e+01
<MIXTURE> 6 6.458255e-02
<MEAN> 6
 7.217157e+01 1.526643e+03 -2.402772e+03 3.823684e-02 -4.427696e+00 -1.706642e+02
<VARIANCE> 6
 3.185104e+01 1.195217e+04 1.673036e+05 2.998198e+02 4.022584e+04 5.158639e+07
<GCONST> 6.996878e+01
<MIXTURE> 7 9.482364e-02
<MEAN> 6
 5.551508e+01 1.468656e+02 -2.833832e+03 3.693368e-01 4.478161e+00 -5.402937e+01
<VARIANCE> 6
 3.185104e+01 1.195217e+04 2.103009e+06 2.998198e+02 4.022584e+04 5.158639e+07
<GCONST> 7.250010e+01
<MIXTURE> 8 5.596046e-02
<MEAN> 6
 6.621255e+01 3.194382e+03 -1.268175e+03 -7.885603e-01 -1.931152e+01 -1.044916e+02
<VARIANCE> 6
 3.185104e+01 4.382312e+05 1.387160e+04 2.998198e+02 4.022584e+04 5.158639e+07
<GCONST> 7.108065e+01
<MIXTURE> 9 1.140479e-01
<MEAN> 6
 5.855716e+01 6.660006e+02 -3.442536e+03 2.005641e+00 -1.803334e+00 -7.879661e+01
<VARIANCE> 6
 3.185104e+01 1.195217e+04 6.227748e+05 2.998198e+02 4.022584e+04 5.158639e+07
<GCONST> 7.128316e+01
<MIXTURE> 10 6.357209e-02
<MEAN> 6
 7.401297e+01 -2.422934e+02 -7.394171e+03 -1.940932e-01 -2.723250e+00 -1.324636e+02
<VARIANCE> 6
 3.185104e+01 1.195217e+04 7.582089e+04 2.998198e+02 4.022584e+04 5.158639e+07
<GCONST> 6.917735e+01
<MIXTURE> 11 7.680513e-02
<MEAN> 6
 5.942177e+01 1.740152e+03 -1.085961e+03 4.150444e-01 -3.521778e-02 -1.329992e+01
<VARIANCE> 6
 3.185104e+01 6.608986e+04 1.196091e+05 2.998198e+02 4.022584e+04 5.158639e+07
<GCONST> 7.134330e+01
<MIXTURE> 12 6.388798e-02
<MEAN> 6
 7.420032e+01 -4.236773e+02 -9.153973e+03 7.147454e-02 -2.149568e+00 -1.295001e+01
<VARIANCE> 6
 3.185104e+01 1.195217e+04 8.496687e+05 2.998198e+02 4.022584e+04 5.158639e+07
<GCONST> 7.159382e+01
<MIXTURE> 13 7.851156e-02
<MEAN> 6
 6.630321e+01 8.200959e+02 -1.232197e+03 2.712291e-01 -4.671289e+00 -1.030301e+02
<VARIANCE> 6
 3.185104e+01 1.195217e+04 1.387160e+04 2.998198e+02 4.022584e+04 5.158639e+07
<GCONST> 6.747881e+01
<MIXTURE> 14 6.588932e-02
<MEAN> 6
 7.654685e+01 -9.254935e+01 -3.691900e+03 -6.322633e-01 -6.904060e+00 -1.027744e+02
<VARIANCE> 6
 3.185104e+01 1.195217e+04 1.862673e+06 2.998198e+02 4.022584e+04 5.158639e+07
<GCONST> 7.237874e+01
<STATE> 3
<NUMMIXES> 14
<MIXTURE> 1 5.889174e-02
<MEAN> 6
 7.771662e+01 1.978939e+03 1.209391e+03 -1.897069e-01 2.771993e+00 -9.323621e+01
<VARIANCE> 6
 3.185104e+01 6.907708e+05 6.970195e+05 2.998198e+02 4.022584e+04 5.158639e+07
<GCONST> 7.545268e+01
<MIXTURE> 2 1.199673e-01
<MEAN> 6
 7.519900e+01 -3.946074e+02 5.709060e+02 -1.455083e+00 -3.279778e+00 5.072518e+01
<VARIANCE> 6
 3.185104e+01 1.195217e+04 2.243535e+05 2.998198e+02 4.022584e+04 5.158639e+07
<GCONST> 7.026219e+01
<MIXTURE> 3 1.119545e-01
<MEAN> 6
 7.229607e+01 6.525591e+02 9.602314e+02 5.103292e-01 -4.523747e+00 -1.177388e+02
<VARIANCE> 6
 3.185104e+01 1.195217e+04 4.901021e+05 2.998198e+02 4.022584e+04 5.158639e+07
<GCONST> 7.104359e+01
<MIXTURE> 4 4.398467e-02
<MEAN> 6
 8.792443e+01 -1.628899e+03 4.470860e+02 7.302555e-01 -4.697655e+00 -2.035226e+02
<VARIANCE> 6
 3.185104e+01 1.195217e+04 1.884606e+04 2.998198e+02 4.022584e+04 5.158639e+07
<GCONST> 6.778528e+01
<MIXTURE> 5 5.563675e-02
<MEAN> 6
 7.565207e+01 4.114860e+02 -7.936335e+02 -4.906314e-01 -2.759270e+00 -6.939927e+01
<VARIANCE> 6
 3.185104e+01 1.195217e+04 1.387160e+04 2.998198e+02 4.022584e+04 5.158639e+07
<GCONST> 6.747881e+01
<MIXTURE> 6 6.382451e-02
<MEAN> 6
 8.313692e+01 -7.227704e+02 7.923278e+01 2.165522e-02 -1.645468e+00 -1.207896e+02
<VARIANCE> 6
 3.185104e+01 1.195217e+04 1.387160e+04 2.998198e+02 4.022584e+04 5.158639e+07
<GCONST> 6.747881e+01
<MIXTURE> 7 2.694282e-02
<MEAN> 6
 6.111630e+01 -9.049919e+01 1.609464e+03 -2.026025e+00 -2.392041e+00 -1.786664e+02
<VARIANCE> 6
 3.185104e+01 1.202766e+04 1.387160e+04 2.998198e+02 4.022584e+04 5.158639e+07
<GCONST> 6.748511e+01
<MIXTURE> 8 7.356377e-02
<MEAN> 6
 7.370747e+01 6.319533e+02 3.501342e+02 -4.300158e-01 -1.717460e+00 -8.103888e+01
<VARIANCE> 6
 3.185104e+01 2.321057e+04 1.387160e+04 2.998198e+02 4.022584e+04 5.158639e+07
<GCONST> 6.814251e+01
<MIXTURE> 9 8.007449e-02
<MEAN> 6
 8.910812e+01 -2.107681e+03 -1.599106e+02 -4.006235e+00 6.133004e+00 -1.880500e+02
<VARIANCE> 6
 3.185104e+01 1.851885e+06 1.593675e+05 2.998198e+02 4.022584e+04 5.158639e+07
<GCONST> 7.496323e+01
<MIXTURE> 10 6.858457e-02
<MEAN> 6
 7.326033e+01 6.356849e+01 -5.546824e+02 -7.990392e-01 -3.860661e+00 -1.685321e+02
<VARIANCE> 6
 3.185104e+01 1.963235e+04 2.244252e+04 2.998198e+02 4.022584e+04 5.158639e+07
<GCONST> 6.845620e+01
<MIXTURE> 11 1.022168e-01
<MEAN> 6
 7.698473e+01 3.718391e+02 4.743089e+02 -1.033170e+00 1.162048e+00 -5.836016e+01
<VARIANCE> 6
 3.185104e+01 1.940200e+04 2.353342e+05 2.998198e+02 4.022584e+04 5.158639e+07
<GCONST> 7.079444e+01
<MIXTURE> 12 6.279853e-02
<MEAN> 6
 7.664606e+01 4.642045e+02 3.452499e+02 -1.564965e+00 -1.139814e+00 -9.881718e+01
<VARIANCE> 6
 3.185104e+01 5.153423e+04 1.387160e+04 2.998198e+02 4.022584e+04 5.158639e+07
<GCONST> 6.894015e+01
<MIXTURE> 13 6.351767e-02
<MEAN> 6
 8.293544e+01 -7.123427e+02 7.017711e+01 2.194563e-02 -1.963749e+00 -1.091782e+02
<VARIANCE> 6
 3.185104e+01 1.195217e+04 1.387160e+04 2.998198e+02 4.022584e+04 5.158639e+07
<GCONST> 6.747881e+01
<MIXTURE> 14 6.800893e-02
<MEAN> 6
 7.352264e+01 2.940818e+01 -5.920515e+02 -7.837470e-01 -5.637129e+00 -1.935874e+02
<VARIANCE> 6
 3.185104e+01 1.693969e+04 1.646543e+04 2.998198e+02 4.022584e+04 5.158639e+07
<GCONST> 6.799898e+01
<STATE> 4
<NUMMIXES> 14
<MIXTURE> 1 8.182406e-02
<MEAN> 6
 8.604578e+01 -4.147925e+03 7.283639e+03 -1.691401e+00 -1.366196e+01 -8.151956e+01
<VARIANCE> 6
 7.757865e+01 3.033197e+06 3.592608e+07 2.998198e+02 4.022584e+04 5.158639e+07
<GCONST> 8.176487e+01
<MIXTURE> 2 5.461247e-02
<MEAN> 6
 6.337735e+01 5.988912e+02 2.911888e+03 -2.596069e+01 -7.238822e+02 1.071885e+03
<VARIANCE> 6
 7.561337e+02 1.282930e+07 3.872060e+07 4.788265e+04 9.135590e+05 3.835954e+08
<GCONST> 9.576131e+01
<MIXTURE> 3 7.266646e-02
<MEAN> 6
 -2.169155e+01 8.957314e+02 4.000157e+03 2.713990e+02 7.037563e+02 -5.293287e+03
<VARIANCE> 6
 5.733341e+02 4.895030e+05 2.271332e+06 7.319269e+03 3.559971e+05 9.302571e+07
<GCONST> 8.514509e+01
<MIXTURE> 4 8.062053e-02
<MEAN> 6
 7.480041e+01 -3.273924e+02 3.177482e+03 1.386066e+02 -4.869332e+02 9.749883e+02
<VARIANCE> 6
 3.067919e+02 1.270396e+06 4.027384e+06 3.919573e+03 8.053388e+04 5.158639e+07
<GCONST> 8.334584e+01
<MIXTURE> 5 9.451945e-02
<MEAN> 6
 -3.020495e+01 -1.557583e+02 6.689644e+01 1.502751e+01 5.250189e+02 -9.634630e+02
<VARIANCE> 6
 5.198591e+02 8.214567e+06 3.458964e+06 2.838799e+04 3.987221e+05 9.941393e+07
<GCONST> 8.982327e+01
<MIXTURE> 6 5.860710e-02
<MEAN> 6
 5.007336e+01 1.631104e+02 2.503894e+03 -3.035486e+01 -8.949578e+02 6.731813e+02
<VARIANCE> 6
 3.740189e+02 1.770515e+05 5.363295e+06 6.909062e+04 2.594746e+05 1.027122e+08
<GCONST> 8.658788e+01
<MIXTURE> 7 9.670977e-02
<MEAN> 6
 -6.628505e+01 7.334154e+02 3.149196e+03 4.136536e+01 3.471472e+02 -2.359552e+02
<VARIANCE> 6
 7.775410e+01 6.462927e+05 1.881047e+06 2.015359e+03 1.499434e+05 5.158639e+07
<GCONST> 8.049249e+01
<MIXTURE> 8 4.501678e-02
<MEAN> 6
 1.009135e+02 5.142410e+02 2.704807e+03 -9.369584e+00 -1.351586e+02 2.468704e+02
<VARIANCE> 6
 3.185104e+01 1.108160e+06 1.374939e+06 2.998198e+02 4.516727e+04 5.158639e+07
<GCONST> 7.672054e+01
<MIXTURE> 9 7.100658e-02
<MEAN> 6
 9.185935e+01 -4.373441e+02 1.310228e+03 -4.607216e+01 -8.337374e+02 -2.062956e+03
<VARIANCE> 6
 1.325484e+02 1.167082e+06 2.161912e+06 8.081574e+03 1.433842e+05 5.158639e+07
<GCONST> 8.310012e+01
<MIXTURE> 10 9.420742e-02
<MEAN> 6
 8.435783e+01 -3.537492e+02 7.720132e+02 -6.931410e+00 -3.764876e+01 -1.049567e+02
<VARIANCE> 6
 3.185104e+01 6.714204e+05 3.030290e+06 2.998198e+02 4.022584e+04 5.158639e+07
<GCONST> 7.689387e+01
<MIXTURE> 11 5.287708e-02
<MEAN> 6
 -6.591864e+01 3.283300e+02 2.516948e+03 -1.126844e+02 1.671586e+03 -5.588824e+02
<VARIANCE> 6
 1.266905e+02 6.931507e+05 2.702336e+06 1.533190e+04 3.782110e+05 3.610491e+08
<GCONST> 8.631306e+01
<MIXTURE> 12 8.108255e-02
<MEAN> 6
 7.242299e+01 -1.551078e+03 2.440526e+03 2.668983e+00 -1.100246e+01 -1.624930e+02
<VARIANCE> 6
 3.185104e+01 1.112114e+06 1.618214e+06 2.998198e+02 4.022584e+04 5.158639e+07
<GCONST> 7.677116e+01
<MIXTURE> 13 5.760227e-02
<MEAN> 6
 -1.480345e+01 1.366071e+02 2.915191e+03 -3.324042e+02 4.512360e+02 8.877303e+03
<VARIANCE> 6
 4.994556e+02 4.520278e+05 2.657194e+06 4.416189e+03 2.845416e+05 1.542392e+08
<GCONST> 8.486075e+01
<MIXTURE> 14 5.860747e-02
<MEAN> 6
 4.916030e+01 1.476094e+01 1.293264e+03 -9.472661e+01 -9.799897e+02 2.867711e+02
<VARIANCE> 6
 3.706956e+02 1.702985e+05 5.659669e+06 6.236700e+04 2.387336e+05 9.310094e+07
<GCONST> 8.630992e+01
<STATE> 5
<NUMMIXES> 14
<MIXTURE> 1 6.376201e-02
<MEAN> 6
 6.926246e+01 -2.073895e+02 7.923146e+01 -4.682662e-01 -1.082919e+01 -1.260430e+02
<VARIANCE> 6
 3.185104e+01 8.578394e+05 2.941872e+04 2.998198e+02 4.022584e+04 5.158639e+07
<GCONST> 7.250410e+01
<MIXTURE> 2 9.464473e-02
<MEAN> 6
 6.930007e+01 1.144196e+03 8.998371e+01 -8.021915e-01 -5.492386e+00 -1.587317e+02
<VARIANCE> 6
 3.185104e+01 1.191107e+05 1.387160e+04 2.998198e+02 4.022584e+04 5.158639e+07
<GCONST> 6.977795e+01
<MIXTURE> 3 2.998982e-02
<MEAN> 6
 7.408157e+01 1.113016e+03 -7.251144e+02 -1.433471e+00 -7.381094e+00 -7.304180e+01
<VARIANCE> 6
 3.185104e+01 8.698651e+04 1.387160e+04 2.998198e+02 4.022584e+04 5.158639e+07
<GCONST> 6.946365e+01
<MIXTURE> 4 5.514313e-02
<MEAN> 6
 5.667646e+01 1.352577e+02 1.657950e+02 -1.091699e+00 -2.098318e+00 -1.047590e+02
<VARIANCE> 6
 5.440295e+01 1.195217e+04 2.004576e+05 2.998198e+02 4.022584e+04 5.158639e+07
<GCONST> 7.068492e+01
<MIXTURE> 5 1.024778e-01
<MEAN> 6
 6.043444e+01 -3.721869e+02 -2.487912e+02 -2.039140e-01 -4.687913e+00 -1.220924e+02
<VARIANCE> 6
 3.185104e+01 7.155347e+04 1.081070e+05 2.998198e+02 4.022584e+04 5.158639e+07
<GCONST> 7.132162e+01
<MIXTURE> 6 6.757455e-02
<MEAN> 6
 6.864159e+01 2.180770e+01 2.400944e+02 -4.397756e-01 -5.579487e+00 -1.156296e+02
<VARIANCE> 6
 3.185104e+01 2.918345e+04 1.387160e+04 2.998198e+02 4.022584e+04 5.158639e+07
<GCONST> 6.837151e+01
<MIXTURE> 7 3.276923e-02
<MEAN> 6
 6.017928e+01 2.132989e+03 -2.342045e+02 1.594292e-01 -4.495384e+00 -2.092154e+02
<VARIANCE> 6
 3.185104e+01 4.146881e+05 1.387160e+04 2.998198e+02 4.022584e+04 5.158639e+07
<GCONST> 7.102543e+01
<MIXTURE> 8 2.694011e-02
<MEAN> 6
 6.193937e+01 -2.139188e+03 -5.017052e+02 -1.159762e-01 -3.002018e+00 -1.168505e+02
<VARIANCE> 6
 3.185104e+01 1.555393e+05 1.981035e+04 2.998198e+02 4.022584e+04 5.158639e+07
<GCONST> 7.040116e+01
<MIXTURE> 9 8.699740e-02
<MEAN> 6
 6.653920e+01 -3.909035e+02 3.085567e+02 -3.252485e-01 -5.473191e+00 -9.943773e+01
<VARIANCE> 6
 3.185104e+01 1.195217e+04 1.387160e+04 2.998198e+02 4.022584e+04 5.158639e+07
<GCONST> 6.747881e+01
<MIXTURE> 10 1.028631e-01
<MEAN> 6
 6.893752e+01 -1.002119e+03 5.587590e+01 -2.132404e-01 -9.507492e+00 -1.412055e+02
<VARIANCE> 6
 4.010534e+01 3.541731e+05 4.152875e+04 2.998198e+02 4.022584e+04 5.158639e+07
<GCONST> 7.219467e+01
<MIXTURE> 11 9.547379e-02
<MEAN> 6
 6.605356e+01 4.253925e+02 -2.208365e+02 6.441986e-01 -2.193737e+00 -1.252230e+02
<VARIANCE> 6
 3.185104e+01 1.195217e+04 1.387160e+04 2.998198e+02 4.022584e+04 5.158639e+07
<GCONST> 6.747881e+01
<MIXTURE> 12 8.481923e-02
<MEAN> 6
 6.224403e+01 -5.325556e+02 -4.167265e+02 4.694675e-02 -3.962302e+00 -1.141820e+02
<VARIANCE> 6
 3.185104e+01 5.644793e+04 1.159083e+05 2.998198e+02 4.022584e+04 5.158639e+07
<GCONST> 7.115417e+01
<MIXTURE> 13 8.951863e-02
<MEAN> 6
 6.667381e+01 3.448953e+02 -2.301887e+02 1.227624e-01 -7.370201e+00 -1.874882e+02
<VARIANCE> 6
 3.185104e+01 6.440717e+04 1.387160e+04 2.998198e+02 4.022584e+04 5.158639e+07
<GCONST> 6.916312e+01
<MIXTURE> 14 6.691746e-02
<MEAN> 6
 6.696869e+01 -5.159643e+01 2.110804e+02 -3.862498e-01 -6.175341e+00 -1.434950e+02
<VARIANCE> 6
 3.733205e+01 2.667757e+04 1.387160e+04 2.998198e+02 4.022584e+04 5.158639e+07
<GCONST> 6.844051e+01
<STATE> 6
<NUMMIXES> 14
<MIXTURE> 1 6.412067e-02
<MEAN> 6
 -4.776948e+01 1.738029e+02 1.702359e+02 -1.754385e+02 1.553824e+03 5.255933e+03
<VARIANCE> 6
 2.197393e+02 1.077363e+06 8.371826e+05 1.383124e+04 7.517079e+05 6.663108e+08
<GCONST> 8.732959e+01
<MIXTURE> 2 2.462251e-02
<MEAN> 6
 3.327220e+01 2.425193e+02 -5.173587e+02 4.989386e+00 -4.130584e+02 4.084578e+01
<VARIANCE> 6
 1.491060e+02 2.363402e+06 1.492105e+06 6.908781e+04 8.970017e+04 5.158639e+07
<GCONST> 8.522936e+01
<MIXTURE> 3 8.224235e-02
<MEAN> 6
 8.449416e+01 -1.408003e+02 2.187106e+02 -6.637198e+00 -8.090926e+01 -1.144310e+02
<VARIANCE> 6
 9.565863e+01 6.443281e+05 3.318304e+05 2.998198e+02 4.022584e+04 5.158639e+07
<GCONST> 7.574061e+01
<MIXTURE> 4 5.842710e-02
<MEAN> 6
 -2.938396e+01 -6.630384e+01 7.934335e+01 2.212016e+02 8.500799e+02 -5.309700e+03
<VARIANCE> 6
 9.052779e+01 5.887818e+05 2.082679e+05 3.600187e+03 1.481335e+05 6.018834e+07
<GCONST> 7.907291e+01
<MIXTURE> 5 7.321578e-02
<MEAN> 6
 8.234171e+01 -4.078350e+01 -1.853208e+01 1.901574e+01 -1.092596e+03 -4.466297e+02
<VARIANCE> 6
 4.284334e+02 3.116681e+06 5.396094e+05 2.346496e+04 8.765431e+05 5.942794e+08
<GCONST> 8.918814e+01
<MIXTURE> 6 1.283010e-01
<MEAN> 6
 7.842693e-01 2.388897e+02 4.521828e+01 -2.609040e+02 4.480595e+01 4.283825e+03
<VARIANCE> 6
 5.219666e+02 6.962656e+05 4.141653e+05 4.271177e+03 2.220860e+05 1.349420e+08
<GCONST> 8.306320e+01
<MIXTURE> 7 7.988914e-02
<MEAN> 6
 -5.976160e+01 -4.242555e+01 8.297612e+01 1.339831e+01 1.544759e+02 -1.485958e+01
<VARIANCE> 6
 8.916438e+01 5.566891e+05 4.301336e+05 4.303453e+02 5.406590e+04 5.158639e+07
<GCONST> 7.644067e+01
<MIXTURE> 8 5.737738e-02
<MEAN> 6
 6.751836e+01 1.688136e+01 7.522855e+01 1.343752e+02 -4.290902e+02 6.769150e+02
<VARIANCE> 6
 1.825203e+02 7.773377e+05 3.860647e+05 2.873839e+03 7.929263e+04 5.158639e+07
<GCONST> 7.966459e+01
<MIXTURE> 9 8.906989e-02
<MEAN> 6
 8.013667e+01 -8.484926e+01 1.851738e+02 -4.106237e+01 -7.390253e+02 -1.679212e+03
<VARIANCE> 6
 1.242143e+02 5.341256e+05 3.031913e+05 5.993218e+03 1.170541e+05 5.534826e+07
<GCONST> 7.985770e+01
<MIXTURE> 10 8.173859e-02
<MEAN> 6
 6.101995e+00 3.444865e+01 4.780902e+00 2.594021e+02 -9.567598e+00 -5.287196e+03
<VARIANCE> 6
 2.197855e+02 7.014443e+05 3.374116e+05 3.073707e+03 1.046836e+05 6.218394e+07
<GCONST> 8.014481e+01
<MIXTURE> 11 6.625731e-02
<MEAN> 6
 -5.045533e+01 1.168311e+02 2.023941e+02 5.767040e+01 9.037786e+02 1.684333e+03
<VARIANCE> 6
 8.531538e+01 4.813868e+05 2.527937e+05 9.030452e+03 1.659697e+05 5.364291e+07
<GCONST> 7.992415e+01
<MIXTURE> 12 6.297062e-02
<MEAN> 6
 4.937459e+01 -8.351742e+01 6.885436e+01 2.125913e+02 -5.802649e+02 -1.843448e+03
<VARIANCE> 6
 2.471142e+02 7.017575e+05 3.939113e+05 3.217398e+03 1.155475e+05 5.158639e+07
<GCONST> 8.037487e+01
<MIXTURE> 13 6.589287e-02
<MEAN> 6
 5.607266e+01 1.176295e+02 4.638055e+01 -2.047619e+02 -8.116777e+02 3.039832e+03
<VARIANCE> 6
 1.589823e+02 6.105628e+05 1.898147e+05 3.746204e+03 1.560798e+05 5.158639e+07
<GCONST> 7.951738e+01
<MIXTURE> 14 6.563772e-02
<MEAN> 6
 -5.608024e+01 -9.261852e+01 4.430145e+01 2.053092e+01 8.157699e+02 -2.571835e+03
<VARIANCE> 6
 9.649643e+01 5.227639e+05 3.328598e+05 7.156354e+03 1.453286e+05 8.430613e+07
<GCONST> 8.049161e+01
<STATE> 7
<NUMMIXES> 14
<MIXTURE> 1 5.275464e-02
<MEAN> 6
 8.962364e+01 2.458345e+02 2.088512e+03 -2.414358e+00 -5.231333e+00 1.597407e+02
<VARIANCE> 6
 3.185104e+01 1.546658e+04 1.368668e+05 2.998198e+02 4.022584e+04 5.158639e+07
<GCONST> 7.002575e+01
<MIXTURE> 2 7.833797e-02
<MEAN> 6
 6.769968e+01 -4.126602e+03 3.418027e+03 -7.932644e-01 -5.474939e+00 -1.332535e+02
<VARIANCE> 6
 3.185104e+01 3.610197e+04 1.387160e+04 2.998198e+02 4.022584e+04 5.158639e+07
<GCONST> 6.858425e+01
<MIXTURE> 3 6.570940e-02
<MEAN> 6
 7.801934e+01 -3.490229e+03 2.830483e+02 -8.689590e+00 3.593604e+01 1.487559e+02
<VARIANCE> 6
 8.191602e+01 2.261094e+06 3.312887e+04 2.998198e+02 4.022584e+04 5.158639e+07
<GCONST> 7.453669e+01
<MIXTURE> 4 4.627615e-02
<MEAN> 6
 8.654420e+01 -9.239514e+02 2.632173e+03 -4.996884e+00 -8.869002e+00 1.554941e+02
<VARIANCE> 6
 3.185104e+01 1.455139e+04 5.551599e+05 2.998198e+02 4.022584e+04 5.158639e+07
<GCONST> 7.136500e+01
<MIXTURE> 5 5.162887e-02
<MEAN> 6
 8.685789e+01 -7.282129e+02 4.398333e+02 -4.898161e+00 -1.229868e+01 1.356917e+02
<VARIANCE> 6
 3.204746e+01 3.057180e+04 1.316547e+05 2.998198e+02 4.022584e+04 5.158639e+07
<GCONST> 7.067447e+01
<MIXTURE> 6 9.799812e-02
<MEAN> 6
 8.738170e+01 -2.040863e+02 7.487467e+02 -3.341805e+00 -2.294858e+01 1.525924e+02
<VARIANCE> 6
 3.185104e+01 4.326040e+04 3.173032e+04 2.998198e+02 4.022584e+04 5.158639e+07
<GCONST> 6.959257e+01
<MIXTURE> 7 7.914893e-02
<MEAN> 6
 8.456061e+01 -1.140670e+03 -4.189295e+02 -4.269731e+00 -1.040732e+01 2.381853e+02
<VARIANCE> 6
 3.185104e+01 2.924954e+04 4.253322e+05 2.998198e+02 4.022584e+04 5.158639e+07
<GCONST> 7.179679e+01
<MIXTURE> 8 9.995091e-02
<MEAN> 6
 6.931571e+01 -2.156795e+03 -2.493073e+02 -7.819790e-01 -5.992002e-01 -4.774887e+01
<VARIANCE> 6
 3.185104e+01 4.086952e+04 3.028886e+04 2.998198e+02 4.022584e+04 5.158639e+07
<GCONST> 6.948922e+01
<MIXTURE> 9 6.709723e-02
<MEAN> 6
 7.576440e+01 -1.119765e+03 6.021907e+02 -3.008206e+00 9.434635e+00 -1.908094e+00
<VARIANCE> 6
 3.185104e+01 6.866465e+04 2.168138e+05 2.998198e+02 4.022584e+04 5.158639e+07
<GCONST> 7.197633e+01
<MIXTURE> 10 8.055407e-02
<MEAN> 6
 8.526778e+01 -7.380878e+02 -1.460993e+02 -4.491889e+00 -1.804562e+01 2.653305e+02
<VARIANCE> 6
 3.185104e+01 6.275757e+04 1.748540e+06 2.998198e+02 4.022584e+04 5.158639e+07
<GCONST> 7.397387e+01
<MIXTURE> 11 8.246892e-02
<MEAN> 6
 7.140400e+01 -6.456664e+02 1.958997e+03 -3.018131e+00 -9.456376e-01 -1.400852e+02
<VARIANCE> 6
 3.185104e+01 1.195217e+04 3.735559e+04 2.998198e+02 4.022584e+04 5.158639e+07
<GCONST> 6.846945e+01
<MIXTURE> 12 7.081214e-02
<MEAN> 6
 7.640337e+01 -1.410892e+03 4.634883e+02 -3.194361e+00 2.708994e-01 1.805880e+02
<VARIANCE> 6
 3.185104e+01 5.087224e+04 3.275349e+05 2.998198e+02 4.022584e+04 5.158639e+07
<GCONST> 7.208897e+01
<MIXTURE> 13 6.896735e-02
<MEAN> 6
 8.913348e+01 -4.398151e+03 4.021038e+03 -1.536226e+00 -1.760630e+01 -2.770078e+02
<VARIANCE> 6
 3.185104e+01 1.195217e+04 2.068827e+06 2.998198e+02 4.022584e+04 5.158639e+07
<GCONST> 7.248371e+01
<MIXTURE> 14 5.827783e-02
<MEAN> 6
 8.472896e+01 -8.202735e+02 3.022318e+02 -6.041891e+00 -4.331579e+00 4.815371e+01
<VARIANCE> 6
 3.847840e+01 2.422397e+04 7.104639e+04 2.998198e+02 4.022584e+04 5.158639e+07
<GCONST> 7.000776e+01
<STATE> 8
<NUMMIXES> 14
<MIXTURE> 1 7.887583e-02
<MEAN> 6
 4.772403e+01 -1.340764e+03 1.427547e+02 -1.924062e+01 -1.656032e+02 4.848158e+02
<VARIANCE> 6
 1.545935e+03 3.780570e+07 2.722537e+05 2.232872e+04 1.195635e+05 5.158639e+07
<GCONST> 8.779710e+01
<MIXTURE> 2 4.613760e-02
<MEAN> 6
 6.930015e+01 2.106841e+03 -3.569755e+03 7.108485e+01 -2.526746e+02 -4.467512e+02
<VARIANCE> 6
 4.369622e+02 2.853220e+06 1.277554e+06 1.120695e+04 4.906102e+04 5.158639e+07
<GCONST> 8.391540e+01
<MIXTURE> 3 6.433394e-02
<MEAN> 6
 5.460419e+00 -2.191462e+02 2.569275e+02 -4.321252e+01 9.920119e+01 1.538991e+03
<VARIANCE> 6
 4.708020e+02 9.235750e+05 1.546233e+06 2.672105e+04 9.079835e+04 6.164413e+07
<GCONST> 8.471553e+01
<MIXTURE> 4 8.565350e-02
<MEAN> 6
 7.381003e+01 -2.466843e+02 8.203998e+02 -3.721135e+00 -5.560526e+01 -1.302570e+02
<VARIANCE> 6
 8.496268e+01 6.015773e+05 2.111159e+06 3.814642e+02 4.022584e+04 5.158639e+07
<GCONST> 7.764458e+01
<MIXTURE> 5 7.369344e-02
<MEAN> 6
 -3.578388e+01 2.005924e+02 -4.347777e+02 -3.182859e+01 8.697820e+02 8.896286e+02
<VARIANCE> 6
 1.952430e+02 1.848146e+06 3.009153e+06 1.832330e+04 2.632194e+05 1.729053e+08
<GCONST> 8.691329e+01
<MIXTURE> 6 1.136038e-01
<MEAN> 6
 5.154077e+01 3.480629e+02 -2.273440e+02 1.152447e+02 -2.118654e+02 -1.171258e+03
<VARIANCE> 6
 2.791677e+02 8.927972e+05 5.804403e+05 2.547276e+03 6.057282e+04 5.158639e+07
<GCONST> 8.024588e+01
<MIXTURE> 7 6.442446e-02
<MEAN> 6
 -5.537014e+01 7.820450e+00 -1.205976e+01 3.887687e+00 2.341176e+02 -1.719956e+02
<VARIANCE> 6
 1.122557e+02 5.529732e+05 3.278054e+06 8.900057e+02 5.784015e+04 5.158639e+07
<GCONST> 7.948930e+01
<MIXTURE> 8 3.769630e-02
<MEAN> 6
 8.501189e+01 1.651735e+02 -1.070595e+02 -6.492665e+00 -1.058638e+03 -3.479083e+02
<VARIANCE> 6
 2.914674e+02 1.699991e+07 6.691864e+06 1.687064e+04 5.038340e+05 3.185339e+08
<GCONST> 9.150988e+01
<MIXTURE> 9 6.660613e-02
<MEAN> 6
 6.935269e+00 1.548038e+03 -2.819575e+03 3.454062e+00 1.103282e+02 3.955309e+01
<VARIANCE> 6
 3.975110e+02 3.587872e+06 2.026038e+06 3.268277e+04 6.141782e+04 5.158639e+07
<GCONST> 8.580598e+01
<MIXTURE> 10 7.429670e-02
<MEAN> 6
 -1.292059e+01 4.107177e+02 -1.094354e+02 9.470805e+01 2.182033e+02 -1.191579e+03
<VARIANCE> 6
 3.316997e+02 2.079128e+05 9.111523e+04 3.655216e+03 1.125969e+05 5.158639e+07
<GCONST> 7.809049e+01
<MIXTURE> 11 1.149630e-01
<MEAN> 6
 6.527567e+01 -1.514389e+02 -6.238526e+02 -7.614005e+01 -5.213237e+02 1.010407e+03
<VARIANCE> 6
 1.795433e+02 1.112910e+06 2.272049e+06 8.870514e+03 8.895245e+04 5.158639e+07
<GCONST> 8.302147e+01
<MIXTURE> 12 5.070670e-02
<MEAN> 6
 -4.256022e+01 -8.145569e+02 1.746129e+02 8.251337e+00 5.438092e+02 1.811822e+02
<VARIANCE> 6
 1.019514e+02 1.692266e+07 1.043322e+06 9.105293e+03 1.321150e+05 5.158639e+07
<GCONST> 8.482065e+01
<MIXTURE> 13 6.378257e-02
<MEAN> 6
 -2.110523e+01 1.969565e+02 -9.028732e+01 5.325727e-01 2.477355e+02 -5.606287e+02
<VARIANCE> 6
 2.760556e+02 5.982042e+05 1.534333e+05 1.282270e+04 9.890510e+04 5.158639e+07
<GCONST> 8.061023e+01
<MIXTURE> 14 6.505740e-02
<MEAN> 6
 2.120728e+00 -5.200490e+02 -9.099345e+01 -7.032191e+01 3.828030e+01 -2.835215e+02
<VARIANCE> 6
 4.525298e+02 7.773013e+05 1.088520e+06 2.238039e+04 1.057267e+05 6.268171e+07
<GCONST> 8.414417e+01
<STATE> 9
<NUMMIXES> 14
<MIXTURE> 1 7.339795e-02
<MEAN> 6
 9.478662e+01 -1.893526e+02 2.869059e+01 -3.667890e+00 2.162384e+00 2.350646e-01
<VARIANCE> 6
 3.185104e+01 1.718342e+04 1.387160e+04 2.998198e+02 4.022584e+04 5.158639e+07
<GCONST> 6.784184e+01
<MIXTURE> 2 9.148639e-02
<MEAN> 6
 9.630993e+01 -8.927778e+02 -7.827261e+03 -5.554114e+00 5.260089e+00 1.049033e+02
<VARIANCE> 6
 1.641062e+02 7.084543e+04 4.480535e+06 2.998198e+02 4.022584e+04 5.158639e+07
<GCONST> 7.667550e+01
<MIXTURE> 3 4.785772e-02
<MEAN> 6
 8.064496e+01 -7.036252e+01 -9.002050e+02 -3.628811e+00 2.653441e+00 1.098108e+01
<VARIANCE> 6
 3.185104e+01 4.743657e+04 1.907091e+04 2.998198e+02 4.022584e+04 5.158639e+07
<GCONST> 6.917561e+01
<MIXTURE> 4 6.100192e-02
<MEAN> 6
 6.127714e+01 2.101445e+03 7.274496e+02 -1.877527e+00 -1.389321e+00 1.064713e+02
<VARIANCE> 6
 3.185104e+01 2.714375e+05 5.226204e+05 2.998198e+02 4.022584e+04 5.158639e+07
<GCONST> 7.423064e+01
<MIXTURE> 5 6.349244e-02
<MEAN> 6
 8.124431e+01 5.184193e+02 -3.940938e+03 -2.172983e+00 9.636745e-01 -1.080396e+01
<VARIANCE> 6
 7.576254e+01 2.306742e+04 1.811953e+05 2.998198e+02 4.022584e+04 5.158639e+07
<GCONST> 7.157259e+01
<MIXTURE> 6 5.464930e-02
<MEAN> 6
 1.019138e+02 4.666504e+02 -3.689207e+02 -5.798050e+00 1.087618e+01 1.051581e+02
<VARIANCE> 6
 4.969429e+01 7.687812e+04 7.758403e+04 2.998198e+02 4.022584e+04 5.158639e+07
<GCONST> 7.150646e+01
<MIXTURE> 7 6.101912e-02
<MEAN> 6
 1.031214e+02 1.038733e+03 -1.032865e+03 -7.733720e+00 -6.134174e+00 1.880858e+02
<VARIANCE> 6
 8.465923e+01 5.582279e+04 6.259041e+04 2.998198e+02 4.022584e+04 5.158639e+07
<GCONST> 7.150442e+01
<MIXTURE> 8 7.771625e-02
<MEAN> 6
 9.165427e+01 -6.311798e+03 1.516677e+01 -6.422492e+00 3.160765e+00 1.254782e+02
<VARIANCE> 6
 5.491935e+01 5.062873e+06 1.802772e+06 2.998198e+02 4.022584e+04 5.158639e+07
<GCONST> 7.893963e+01
<MIXTURE> 9 8.641323e-02
<MEAN> 6
 9.184892e+01 1.083601e+02 -2.178170e+03 -3.061302e+00 -6.905844e+00 3.965439e+00
<VARIANCE> 6
 3.185104e+01 9.364268e+04 8.190385e+04 2.998198e+02 4.022584e+04 5.158639e+07
<GCONST> 7.131309e+01
<MIXTURE> 10 9.328149e-02
<MEAN> 6
 8.884634e+01 1.816329e+03 -1.354091e+03 -3.424782e+00 -3.104903e+00 1.241731e+02
<VARIANCE> 6
 1.019052e+02 2.885740e+05 9.101042e+04 2.998198e+02 4.022584e+04 5.158639e+07
<GCONST> 7.370695e+01
<MIXTURE> 11 9.275156e-02
<MEAN> 6
 9.237157e+01 2.493722e+02 -3.426077e+02 -3.960631e+00 1.738803e+00 1.854717e+01
<VARIANCE> 6
 3.185104e+01 1.195217e+04 2.805429e+04 2.998198e+02 4.022584e+04 5.158639e+07
<GCONST> 6.818311e+01
<MIXTURE> 12 6.545211e-02
<MEAN> 6
 7.462971e+01 -4.018437e+02 -2.005175e+03 -3.947287e+00 2.765714e+00 3.933168e+01
<VARIANCE> 6
 3.185104e+01 3.471839e+05 4.400230e+04 2.998198e+02 4.022584e+04 5.158639e+07
<GCONST> 7.200216e+01
<MIXTURE> 13 7.592147e-02
<MEAN> 6
 9.486172e+01 -5.467397e+02 -1.307544e+03 -4.533573e+00 -5.804593e+00 9.790761e+01
<VARIANCE> 6
 4.918647e+01 4.645982e+04 9.208956e+04 2.998198e+02 4.022584e+04 5.158639e+07
<GCONST> 7.116396e+01
<MIXTURE> 14 5.550899e-02
<MEAN> 6
 1.016876e+02 3.734819e+02 -4.488934e+02 -5.975449e+00 6.567894e+00 1.470941e+02
<VARIANCE> 6
 5.788949e+01 6.680282e+04 6.140879e+04 2.998198e+02 4.022584e+04 5.158639e+07
<GCONST> 7.128482e+01
<STATE> 10
<NUMMIXES> 14
<MIXTURE> 1 6.390831e-02
<MEAN> 6
 7.548733e+01 4.902690e+02 5.623293e+02 -3.956590e+00 -7.443307e+00 5.168104e+01
<VARIANCE> 6
 3.185104e+01 3.437184e+04 2.284292e+04 2.998198e+02 4.022584e+04 5.158639e+07
<GCONST> 6.903394e+01
<MIXTURE> 2 8.938155e-02
<MEAN> 6
 6.227029e+01 4.614879e+02 1.120543e+02 -4.328672e-01 -3.643308e+00 -1.517398e+02
<VARIANCE> 6
 3.185104e+01 1.195217e+04 1.387160e+04 2.998198e+02 4.022584e+04 5.158639e+07
<GCONST> 6.747881e+01
<MIXTURE> 3 5.837798e-02
<MEAN> 6
 6.082729e+01 7.306329e+01 -2.941263e+01 -1.980889e-01 -4.681094e+00 -1.503631e+02
<VARIANCE> 6
 3.185104e+01 1.195217e+04 1.387160e+04 2.998198e+02 4.022584e+04 5.158639e+07
<GCONST> 6.747881e+01
<MIXTURE> 4 1.158237e-01
<MEAN> 6
 7.505968e+01 9.846244e+02 -2.073413e+02 -2.575541e+00 -3.172991e+00 1.142378e+02
<VARIANCE> 6
 3.185104e+01 8.888118e+04 1.056585e+05 2.998198e+02 4.022584e+04 5.158639e+07
<GCONST> 7.151557e+01
<MIXTURE> 5 6.727012e-02
<MEAN> 6
 6.994466e+01 -5.464771e+02 -1.341535e+02 -2.970022e+00 -2.804767e+00 2.877073e+01
<VARIANCE> 6
 3.185104e+01 9.511912e+04 1.387160e+04 2.998198e+02 4.022584e+04 5.158639e+07
<GCONST> 6.955303e+01
<MIXTURE> 6 5.000056e-02
<MEAN> 6
 5.472600e+01 8.374974e+02 -2.792268e+00 1.212493e+00 3.773686e+00 -8.610783e+01
<VARIANCE> 6
 3.185104e+01 1.195217e+04 1.387160e+04 2.998198e+02 4.022584e+04 5.158639e+07
<GCONST> 6.747881e+01
<MIXTURE> 7 6.479555e-02
<MEAN> 6
 5.927016e+01 2.929686e+01 -9.452906e+01 4.189502e-02 -4.108896e+00 -1.623803e+02
<VARIANCE> 6
 3.185104e+01 1.195217e+04 1.387160e+04 2.998198e+02 4.022584e+04 5.158639e+07
<GCONST> 6.747881e+01
<MIXTURE> 8 1.007456e-01
<MEAN> 6
 7.823078e+01 1.467726e+02 -1.262763e+02 -1.501763e+00 -6.715205e+00 -1.280196e+01
<VARIANCE> 6
 3.185104e+01 1.116525e+05 4.753957e+04 2.998198e+02 4.022584e+04 5.158639e+07
<GCONST> 7.094501e+01
<MIXTURE> 9 5.607441e-02
<MEAN> 6
 7.496152e+01 1.076390e+03 -4.712827e+02 -2.809562e+00 3.221313e+00 7.309336e+01
<VARIANCE> 6
 3.185104e+01 4.727152e+05 6.524992e+04 2.998198e+02 4.022584e+04 5.158639e+07
<GCONST> 7.270477e+01
<MIXTURE> 10 7.593796e-02
<MEAN> 6
 6.103105e+01 4.774279e+02 1.047389e+02 -3.335266e-01 -1.224341e+00 -1.340852e+02
<VARIANCE> 6
 3.185104e+01 1.195217e+04 1.387160e+04 2.998198e+02 4.022584e+04 5.158639e+07
<GCONST> 6.747881e+01
<MIXTURE> 11 7.537901e-02
<MEAN> 6
 7.893766e+01 3.713684e+02 -2.919085e+01 -2.078660e+00 -6.555167e+00 7.093945e+00
<VARIANCE> 6
 3.185104e+01 1.542550e+05 7.901555e+04 2.998198e+02 4.022584e+04 5.158639e+07
<GCONST> 7.177631e+01
<MIXTURE> 12 5.881605e-02
<MEAN> 6
 7.819449e+01 1.408046e+02 -1.576960e+01 -1.793372e+00 -8.333245e+00 4.796831e+01
<VARIANCE> 6
 3.185104e+01 1.007586e+05 1.952761e+05 2.998198e+02 4.022584e+04 5.158639e+07
<GCONST> 7.225520e+01
<MIXTURE> 13 6.499993e-02
<MEAN> 6
 5.842120e+01 1.935403e+01 -1.204907e+02 2.027744e-01 -3.724446e+00 -1.587155e+02
<VARIANCE> 6
 3.185104e+01 1.195217e+04 1.387160e+04 2.998198e+02 4.022584e+04 5.158639e+07
<GCONST> 6.747881e+01
<MIXTURE> 14 5.840634e-02
<MEAN> 6
 5.934978e+01 3.148000e+01 -8.970154e+01 8.991107e-03 -4.711895e+00 -1.730839e+02
<VARIANCE> 6
 3.185104e+01 1.195217e+04 1.387160e+04 2.998198e+02 4.022584e+04 5.158639e+07
<GCONST> 6.747881e+01
<STATE> 11
<NUMMIXES> 14
<MIXTURE> 1 3.007285e-02
<MEAN> 6
 -4.292115e+01 4.885082e+01 5.526608e+01 -7.498560e+01 1.279937e+03 2.609879e+03
<VARIANCE> 6
 2.206573e+02 1.422376e+05 4.526083e+05 1.977134e+04 4.991951e+05 3.880317e+08
<GCONST> 8.410124e+01
<MIXTURE> 2 3.696024e-02
<MEAN> 6
 8.010445e+01 -9.770187e+01 -4.007071e+01 3.082326e+01 -1.027103e+03 -3.141300e+03
<VARIANCE> 6
 2.004852e+02 2.776058e+05 5.214936e+04 1.356589e+04 7.489268e+05 3.540153e+08
<GCONST> 8.245039e+01
<MIXTURE> 3 1.051347e-01
<MEAN> 6
 5.673661e+01 1.495627e+01 3.078869e+00 3.080954e+01 -3.144197e+02 -4.505469e+02
<VARIANCE> 6
 1.000388e+02 1.158007e+05 4.648931e+04 1.113318e+04 5.051176e+04 5.158639e+07
<GCONST> 7.594584e+01
<MIXTURE> 4 1.061998e-01
<MEAN> 6
 6.914478e+01 -1.512447e+02 1.304885e+01 -5.934277e+00 -4.002708e+01 4.223669e+01
<VARIANCE> 6
 5.127541e+01 1.777987e+05 4.677273e+04 2.998198e+02 4.022584e+04 5.158639e+07
<GCONST> 7.187016e+01
<MIXTURE> 5 6.878412e-02
<MEAN> 6
 8.676517e+00 -4.756023e+00 1.637916e+02 -1.737684e+02 1.209425e+02 1.912356e+03
<VARIANCE> 6
 5.104995e+02 2.761132e+05 7.988551e+04 3.503032e+03 2.016900e+05 9.288687e+07
<GCONST> 7.980234e+01
<MIXTURE> 6 4.651835e-02
<MEAN> 6
 1.880398e+00 4.084613e+01 8.104005e+01 2.260603e+02 -6.126445e+01 -6.463182e+03
<VARIANCE> 6
 4.316492e+02 6.980064e+04 8.182124e+04 3.293791e+03 2.186375e+05 1.440066e+08
<GCONST> 7.874091e+01
<MIXTURE> 7 5.266918e-02
<MEAN> 6
 7.697112e+01 -6.423160e+02 -7.170203e+01 -1.138579e+01 -4.002891e+02 4.550151e+02
<VARIANCE> 6
 1.901070e+02 7.887698e+05 1.415825e+05 4.386522e+03 1.154556e+05 5.158639e+07
<GCONST> 7.951542e+01
<MIXTURE> 8 9.648914e-02
<MEAN> 6
 -4.588117e+01 2.244138e+01 -2.016520e+01 2.940475e+01 8.535777e+02 -8.827953e+02
<VARIANCE> 6
 1.117069e+02 5.962416e+04 3.236264e+04 1.089924e+04 1.682865e+05 7.294502e+07
<GCONST> 7.655881e+01
<MIXTURE> 9 6.770340e-02
<MEAN> 6
 2.586409e+01 4.213617e+01 3.924203e+01 1.408997e+02 -2.896055e+01 -2.380862e+02
<VARIANCE> 6
 5.093935e+02 1.540086e+05 7.479900e+04 1.542399e+03 5.388700e+04 5.158639e+07
<GCONST> 7.642232e+01
<MIXTURE> 10 8.345325e-02
<MEAN> 6
 -1.938821e+01 -6.889264e+01 1.341701e+01 1.838266e+01 1.698287e+02 -1.046860e+03
<VARIANCE> 6
 1.385165e+02 5.472178e+04 1.540593e+04 1.399600e+04 8.319702e+04 5.158639e+07
<GCONST> 7.514504e+01
<MIXTURE> 11 7.831649e-02
<MEAN> 6
 -3.566692e+01 1.227404e+02 -6.488657e+01 1.879634e+00 2.662060e+02 1.428092e+02
<VARIANCE> 6
 1.327611e+02 1.346806e+05 1.159669e+05 3.388237e+03 5.469621e+04 5.158639e+07
<GCONST> 7.618392e+01
<MIXTURE> 12 8.323166e-02
<MEAN> 6
 6.145127e+01 1.214567e+01 2.118526e+01 -7.088329e+01 -7.190970e+02 3.604263e+02
<VARIANCE> 6
 1.936106e+02 7.168188e+04 1.387160e+04 1.423551e+04 1.535021e+05 5.158639e+07
<GCONST> 7.627444e+01
<MIXTURE> 13 7.715029e-02
<MEAN> 6
 8.213697e+00 2.380131e+01 5.698270e+01 -2.111514e+02 2.068956e+01 5.823667e+03
<VARIANCE> 6
 5.767343e+02 7.258641e+04 2.290516e+04 4.192781e+03 3.019681e+05 2.026865e+08
<GCONST> 7.870266e+01
<MIXTURE> 14 6.710167e-02
<MEAN> 6
 2.351915e+01 -1.561140e+02 -9.570010e+01 1.318111e+02 -6.664532e+01 -7.183953e+02
<VARIANCE> 6
 5.165237e+02 1.369646e+05 6.842260e+04 1.536069e+03 4.913291e+04 5.158639e+07
<GCONST> 7.613335e+01
<TRANSP> 12
 0.000000e+00 1.000000e+00 0.000000e+00 0.000000e+00 0.000000e+00 0.000000e+00 0.000000e+00 0.000000e+00 0.000000e+00 0.000000e+00 0.000000e+00 0.000000e+00
 0.000000e+00 9.984931e-01 1.506881e-03 0.000000e+00 0.000000e+00 0.000000e+00 0.000000e+00 0.000000e+00 0.000000e+00 0.000000e+00 0.000000e+00 0.000000e+00
 0.000000e+00 0.000000e+00 9.991896e-01 8.103748e-04 0.000000e+00 0.000000e+00 0.000000e+00 0.000000e+00 0.000000e+00 0.000000e+00 0.000000e+00 0.000000e+00
 0.000000e+00 0.000000e+00 0.000000e+00 9.992587e-01 7.412762e-04 0.000000e+00 0.000000e+00 0.000000e+00 0.000000e+00 0.000000e+00 0.000000e+00 0.000000e+00
 0.000000e+00 0.000000e+00 0.000000e+00 0.000000e+00 9.994728e-01 5.272188e-04 0.000000e+00 0.000000e+00 0.000000e+00 0.000000e+00 0.000000e+00 0.000000e+00
 0.000000e+00 0.000000e+00 0.000000e+00 0.000000e+00 0.000000e+00 9.998996e-01 1.004338e-04 0.000000e+00 0.000000e+00 0.000000e+00 0.000000e+00 0.000000e+00
 0.000000e+00 0.000000e+00 0.000000e+00 0.000000e+00 0.000000e+00 0.000000e+00 9.985136e-01 1.486449e-03 0.000000e+00 0.000000e+00 0.000000e+00 0.000000e+00
 0.000000e+00 0.000000e+00 0.000000e+00 0.000000e+00 0.000000e+00 0.000000e+00 0.000000e+00 9.997376e-01 2.624459e-04 0.000000e+00 0.000000e+00 0.000000e+00
 0.000000e+00 0.000000e+00 0.000000e+00 0.000000e+00 0.000000e+00 0.000000e+00 0.000000e+00 0.000000e+00 9.989139e-01 1.086086e-03 0.000000e+00 0.000000e+00
 0.000000e+00 0.000000e+00 0.000000e+00 0.000000e+00 0.000000e+00 0.000000e+00 0.000000e+00 0.000000e+00 0.000000e+00 9.991496e-01 8.504654e-04 0.000000e+00
 0.000000e+00 0.000000e+00 0.000000e+00 0.000000e+00 0.000000e+00 0.000000e+00 0.000000e+00 0.000000e+00 0.000000e+00 0.000000e+00 9.998247e-01 1.753258e-04
 0.000000e+00 0.000000e+00 0.000000e+00 0.000000e+00 0.000000e+00 0.000000e+00 0.000000e+00 0.000000e+00 0.000000e+00 0.000000e+00 0.000000e+00 0.000000e+00
<ENDHMM>
~h "QuintoPRIMARIA"
<BEGINHMM>
<NUMSTATES> 12
<STATE> 2
<NUMMIXES> 14
<MIXTURE> 1 7.330076e-02
<MEAN> 6
 9.344746e+01 3.980634e+02 2.004063e+02 -3.640914e+00 -4.012857e+01 -1.398669e+02
<VARIANCE> 6
 6.037098e+01 1.709039e+05 3.989478e+06 2.998198e+02 4.022584e+04 5.158639e+07
<GCONST> 7.644002e+01
<MIXTURE> 2 5.457306e-02
<MEAN> 6
 5.368683e+01 1.663506e+02 -1.377315e+03 -1.731193e+01 -7.495449e+02 4.615776e+02
<VARIANCE> 6
 1.930042e+03 2.644561e+06 1.386698e+07 5.313054e+04 2.071942e+06 1.162686e+09
<GCONST> 9.612411e+01
<MIXTURE> 3 6.619968e-02
<MEAN> 6
 -2.193631e+01 -3.844908e+02 2.041746e+02 2.407363e+02 5.306913e+02 -4.815264e+03
<VARIANCE> 6
 3.012399e+02 3.197322e+05 1.946963e+06 4.429425e+03 1.856570e+05 5.158639e+07
<GCONST> 8.217863e+01
<MIXTURE> 4 8.409674e-02
<MEAN> 6
 -5.913407e+01 -1.205458e+02 1.620065e+01 5.064079e+01 6.316363e+02 7.856784e+02
<VARIANCE> 6
 1.383410e+02 3.912828e+05 2.182333e+06 9.484468e+03 1.221515e+05 5.158639e+07
<GCONST> 8.205927e+01
<MIXTURE> 5 7.874733e-02
<MEAN> 6
 4.760764e+01 -2.503531e+02 3.796963e+02 1.302482e+02 -4.436406e+02 -6.746404e+02
<VARIANCE> 6
 3.701094e+02 2.012839e+05 2.410320e+06 1.633205e+04 6.680551e+04 5.158639e+07
<GCONST> 8.241800e+01
<MIXTURE> 6 9.970118e-02
<MEAN> 6
 5.937805e+01 -4.948925e+02 -3.950797e+02 1.780717e+00 -2.102330e+01 -8.961400e+01
<VARIANCE> 6
 7.724027e+01 1.773059e+05 1.187110e+06 2.998198e+02 4.022584e+04 5.158639e+07
<GCONST> 7.551106e+01
<MIXTURE> 7 7.465332e-02
<MEAN> 6
 -1.827570e+01 -2.165719e+02 -1.103270e+03 -2.799573e+02 5.081046e+02 1.137583e+04
<VARIANCE> 6
 7.601287e+02 4.747165e+05 6.455846e+06 7.037797e+03 1.210089e+06 3.967888e+08
<GCONST> 8.907589e+01
<MIXTURE> 8 7.910980e-02
<MEAN> 6
 5.994850e+01 4.464352e+02 -7.656655e+02 8.243845e-01 -2.388474e+01 -1.125904e+02
<VARIANCE> 6
 6.544136e+01 2.007340e+05 7.581529e+06 2.998198e+02 4.022584e+04 5.158639e+07
<GCONST> 7.732359e+01
<MIXTURE> 9 6.348383e-02
<MEAN> 6
 7.567457e+01 2.631479e+02 4.160495e+01 -1.784259e+01 -6.503105e+02 8.124958e+02
<VARIANCE> 6
 3.649812e+02 5.657180e+05 2.961578e+06 1.838709e+04 2.882776e+05 1.198740e+08
<GCONST> 8.606723e+01
<MIXTURE> 10 7.246983e-02
<MEAN> 6
 -6.529631e+01 -1.243326e+02 -2.098116e+02 4.166987e+00 1.199942e+02 4.720934e+02
<VARIANCE> 6
 2.068830e+02 8.083971e+04 2.156166e+06 4.438789e+02 5.435210e+04 5.158639e+07
<GCONST> 7.700104e+01
<MIXTURE> 11 6.336638e-02
<MEAN> 6
 8.062494e+01 -1.972508e+01 2.146186e+03 1.225259e-01 -3.135323e+01 -2.992778e+02
<VARIANCE> 6
 6.352779e+01 2.461880e+05 2.011676e+06 2.998198e+02 4.022584e+04 5.158639e+07
<GCONST> 7.617129e+01
<MIXTURE> 12 7.684258e-02
<MEAN> 6
 1.543626e+01 -2.306693e+02 4.434835e+02 -2.214676e+00 -2.085556e+02 -1.896241e+03
<VARIANCE> 6
 4.852849e+02 1.459269e+05 2.511758e+06 4.415312e+04 1.359439e+05 5.158639e+07
<GCONST> 8.411353e+01
<MIXTURE> 13 5.151993e-02
<MEAN> 6
 -6.563023e+01 -3.910651e+02 -4.953556e+02 -3.322845e+01 1.263579e+03 -7.527532e+03
<VARIANCE> 6
 1.398513e+02 2.834284e+05 2.932131e+06 1.189430e+04 6.415621e+05 2.975311e+08
<GCONST> 8.568030e+01
<MIXTURE> 14 6.165912e-02
<MEAN> 6
 6.721539e+01 -1.175521e+02 -4.971644e+02 -8.531024e+01 -9.332291e+02 -1.267994e+03
<VARIANCE> 6
 4.123369e+02 4.619205e+05 2.430698e+06 2.621906e+04 3.068190e+05 1.116534e+08
<GCONST> 8.613510e+01
<STATE> 3
<NUMMIXES> 14
<MIXTURE> 1 9.845138e-02
<MEAN> 6
 5.657195e+01 -1.790198e+01 -7.131612e+01 3.925801e-02 -5.906507e+00 -1.770349e+02
<VARIANCE> 6
 3.185104e+01 1.876655e+04 1.387160e+04 2.998198e+02 4.022584e+04 5.158639e+07
<GCONST> 6.792998e+01
<MIXTURE> 2 7.828235e-04
<MEAN> 6
 7.101848e+01 3.426118e+01 2.801642e+01 -2.414594e+00 -1.522157e+01 4.150472e+03
<VARIANCE> 6
 1.321827e+03 8.001790e+05 1.842769e+06 6.661609e+02 3.005118e+05 9.354350e+07
<GCONST> 8.370211e+01
<MIXTURE> 3 1.149919e-01
<MEAN> 6
 6.398929e+01 -1.425544e+01 -3.935164e+02 2.308227e-02 -3.523773e+00 -1.076668e+02
<VARIANCE> 6
 3.185104e+01 1.234523e+04 1.387160e+04 2.998198e+02 4.022584e+04 5.158639e+07
<GCONST> 6.751117e+01
<MIXTURE> 4 1.168427e-01
<MEAN> 6
 5.927172e+01 2.495386e+02 -1.727863e+02 -4.479783e-02 -6.182544e-01 -5.738865e+01
<VARIANCE> 6
 3.297271e+01 1.195217e+04 1.387160e+04 2.998198e+02 4.022584e+04 5.158639e+07
<GCONST> 6.751342e+01
<MIXTURE> 5 8.030653e-02
<MEAN> 6
 6.979030e+01 -1.639097e+02 -1.790225e+02 -7.381022e-01 -6.257201e+00 -5.520097e+01
<VARIANCE> 6
 3.185104e+01 1.195217e+04 1.387160e+04 2.998198e+02 4.022584e+04 5.158639e+07
<GCONST> 6.747881e+01
<MIXTURE> 6 5.220728e-02
<MEAN> 6
 6.355468e+01 1.544092e+02 -6.680398e+02 -3.335463e-01 -5.489320e+00 -1.442715e+02
<VARIANCE> 6
 3.185104e+01 1.195217e+04 1.387160e+04 2.998198e+02 4.022584e+04 5.158639e+07
<GCONST> 6.747881e+01
<MIXTURE> 7 8.339248e-02
<MEAN> 6
 6.183738e+01 -2.096253e+02 -2.779929e+02 1.481137e-01 -4.572881e+00 -1.293387e+02
<VARIANCE> 6
 3.185104e+01 1.195217e+04 1.387160e+04 2.998198e+02 4.022584e+04 5.158639e+07
<GCONST> 6.747881e+01
<MIXTURE> 8 6.288261e-02
<MEAN> 6
 6.174368e+01 -1.704803e+02 -6.743265e+02 -6.719804e-01 -4.371346e+00 -1.432912e+02
<VARIANCE> 6
 3.185104e+01 1.195217e+04 1.387160e+04 2.998198e+02 4.022584e+04 5.158639e+07
<GCONST> 6.747881e+01
<MIXTURE> 9 2.172662e-02
<MEAN> 6
 5.703605e+01 1.444917e+01 -7.167305e+01 7.272346e-02 -5.387982e+00 -1.771989e+02
<VARIANCE> 6
 3.185104e+01 1.972684e+04 1.387160e+04 2.998198e+02 4.022584e+04 5.158639e+07
<GCONST> 6.797988e+01
<MIXTURE> 10 1.005437e-01
<MEAN> 6
 5.646757e+01 -4.193107e+01 -7.593645e+01 6.470390e-02 -5.592156e+00 -1.664635e+02
<VARIANCE> 6
 3.185104e+01 1.971657e+04 1.387160e+04 2.998198e+02 4.022584e+04 5.158639e+07
<GCONST> 6.797936e+01
<MIXTURE> 11 5.961487e-02
<MEAN> 6
 6.370178e+01 -4.977515e+01 -3.847242e+02 1.506002e-01 -3.308154e+00 -1.061480e+02
<VARIANCE> 6
 3.185104e+01 1.195217e+04 1.387160e+04 2.998198e+02 4.022584e+04 5.158639e+07
<GCONST> 6.747881e+01
<MIXTURE> 12 8.509369e-02
<MEAN> 6
 6.163686e+01 -2.163515e+02 -2.736185e+02 1.225566e-01 -4.602717e+00 -1.280391e+02
<VARIANCE> 6
 3.185104e+01 1.195217e+04 1.387160e+04 2.998198e+02 4.022584e+04 5.158639e+07
<GCONST> 6.747881e+01
<MIXTURE> 13 6.323744e-02
<MEAN> 6
 6.170568e+01 -1.720211e+02 -6.782733e+02 -6.694202e-01 -3.864374e+00 -1.414307e+02
<VARIANCE> 6
 3.185104e+01 1.195217e+04 1.387160e+04 2.998198e+02 4.022584e+04 5.158639e+07
<GCONST> 6.747881e+01
<MIXTURE> 14 5.988052e-02
<MEAN> 6
 6.311952e+01 -9.369447e+01 -4.163820e+02 -5.012125e-03 -3.680444e+00 -9.400711e+01
<VARIANCE> 6
 3.185104e+01 1.195217e+04 1.387160e+04 2.998198e+02 4.022584e+04 5.158639e+07
<GCONST> 6.747881e+01
<STATE> 4
<NUMMIXES> 14
<MIXTURE> 1 6.174870e-02
<MEAN> 6
 9.183888e+01 3.303268e+02 3.259496e+03 -4.116728e+00 2.591423e+01 1.815368e+02
<VARIANCE> 6
 3.185104e+01 1.195217e+04 1.387160e+04 4.298632e+02 1.058985e+05 7.192274e+07
<GCONST> 6.913940e+01
<MIXTURE> 2 5.795222e-02
<MEAN> 6
 7.931320e+01 -6.911235e+02 3.065610e+03 -1.513560e+00 -1.203948e+00 -4.415873e+01
<VARIANCE> 6
 3.185104e+01 1.814203e+04 4.663525e+04 2.998198e+02 4.022584e+04 5.158639e+07
<GCONST> 6.910864e+01
<MIXTURE> 3 7.603598e-02
<MEAN> 6
 8.462437e+01 -4.270906e+02 1.437249e+03 -3.916119e+00 1.393259e+00 8.156226e+00
<VARIANCE> 6
 3.185104e+01 1.195217e+04 1.387160e+04 2.998198e+02 4.022584e+04 5.158639e+07
<GCONST> 6.747881e+01
<MIXTURE> 4 6.227120e-02
<MEAN> 6
 1.000951e+02 -4.434070e+01 3.393982e+03 -4.785016e+00 4.868830e-01 -3.055749e+00
<VARIANCE> 6
 3.185104e+01 1.195217e+04 1.387160e+04 2.998198e+02 4.022584e+04 5.158639e+07
<GCONST> 6.747881e+01
<MIXTURE> 5 5.562149e-02
<MEAN> 6
 7.457061e+01 -4.349429e+02 1.093661e+03 4.968617e-02 -9.829445e-02 -7.665951e+00
<VARIANCE> 6
 3.185104e+01 1.195217e+04 1.387160e+04 2.998198e+02 4.022584e+04 5.158639e+07
<GCONST> 6.747881e+01
<MIXTURE> 6 6.339125e-02
<MEAN> 6
 5.954790e+01 -2.296648e+02 8.753262e+02 -4.255967e-01 -7.438999e+00 -9.142131e+01
<VARIANCE> 6
 3.185104e+01 1.195217e+04 1.387160e+04 2.998198e+02 4.022584e+04 5.158639e+07
<GCONST> 6.747881e+01
<MIXTURE> 7 1.038841e-01
<MEAN> 6
 9.159312e+01 4.893243e+02 2.053888e+03 -5.001199e-01 -2.969233e+00 -4.770769e+01
<VARIANCE> 6
 3.185104e+01 1.692800e+04 2.179786e+04 2.998198e+02 4.022584e+04 5.158639e+07
<GCONST> 6.827884e+01
<MIXTURE> 8 1.054863e-01
<MEAN> 6
 7.433765e+01 -4.210487e+02 8.820836e+02 -9.754891e-01 -1.098662e+01 -9.722362e+01
<VARIANCE> 6
 3.185104e+01 1.195217e+04 1.387160e+04 2.998198e+02 4.022584e+04 5.158639e+07
<GCONST> 6.747881e+01
<MIXTURE> 9 1.110025e-01
<MEAN> 6
 6.948875e+01 5.537083e+00 2.985500e+03 -7.367866e+00 4.460530e+00 4.101460e+02
<VARIANCE> 6
 4.219070e+02 2.320689e+04 1.442938e+05 2.998198e+02 4.022584e+04 5.158639e+07
<GCONST> 7.306808e+01
<MIXTURE> 10 2.612170e-02
<MEAN> 6
 9.169863e+01 2.553128e+02 2.199441e+03 4.852919e+00 -2.006597e+01 -3.385480e+02
<VARIANCE> 6
 8.543433e+01 8.783089e+04 6.752999e+05 2.998198e+02 4.022584e+04 5.158639e+07
<GCONST> 7.434531e+01
<MIXTURE> 11 1.038057e-01
<MEAN> 6
 7.433802e+01 -4.211236e+02 8.817057e+02 -9.833161e-01 -1.107668e+01 -9.795969e+01
<VARIANCE> 6
 3.185104e+01 1.195217e+04 1.387160e+04 2.998198e+02 4.022584e+04 5.158639e+07
<GCONST> 6.747881e+01
<MIXTURE> 12 5.026336e-02
<MEAN> 6
 7.448186e+01 -4.246029e+02 9.769835e+02 -3.438180e-01 -3.722410e+00 -3.685583e+01
<VARIANCE> 6
 3.185104e+01 1.195217e+04 1.867621e+04 2.998198e+02 4.022584e+04 5.158639e+07
<GCONST> 6.777622e+01
<MIXTURE> 13 6.382730e-02
<MEAN> 6
 5.952742e+01 -2.299036e+02 8.754125e+02 -4.265995e-01 -7.450950e+00 -9.164066e+01
<VARIANCE> 6
 3.185104e+01 1.195217e+04 1.387160e+04 2.998198e+02 4.022584e+04 5.158639e+07
<GCONST> 6.747881e+01
<MIXTURE> 14 5.858150e-02
<MEAN> 6
 7.705184e+01 -7.676373e+02 3.190500e+03 -1.764270e+00 6.933844e-02 -1.705167e+01
<VARIANCE> 6
 3.185104e+01 1.362449e+04 3.912856e+04 2.998198e+02 4.022584e+04 5.158639e+07
<GCONST> 6.864678e+01
<STATE> 5
<NUMMIXES> 14
<MIXTURE> 1 1.012808e-01
<MEAN> 6
 7.976109e+01 -3.705300e+02 2.888855e+02 -3.318081e-01 3.781082e-01 -2.728295e+01
<VARIANCE> 6
 3.185104e+01 1.195217e+04 1.387160e+04 2.998198e+02 4.022584e+04 5.158639e+07
<GCONST> 6.747881e+01
<MIXTURE> 2 8.017979e-02
<MEAN> 6
 7.337937e+01 -8.093331e+02 -1.662018e+01 1.051690e+00 -1.036707e-01 -1.340033e+02
<VARIANCE> 6
 3.185104e+01 1.195217e+04 1.387160e+04 2.998198e+02 4.022584e+04 5.158639e+07
<GCONST> 6.747881e+01
<MIXTURE> 3 4.054462e-02
<MEAN> 6
 3.432035e+01 -4.944682e+02 6.551994e+01 8.759654e+00 -4.878880e+00 -1.306292e+02
<VARIANCE> 6
 6.657130e+01 1.195217e+04 3.615543e+04 2.998198e+02 4.022584e+04 5.158639e+07
<GCONST> 6.917400e+01
<MIXTURE> 4 3.800047e-02
<MEAN> 6
 9.195565e+01 -1.546771e+03 -1.515912e+03 4.388688e+00 -3.674125e+01 1.090770e+02
<VARIANCE> 6
 3.931966e+01 1.195217e+04 7.644406e+04 5.413904e+02 4.022584e+04 5.158639e+07
<GCONST> 6.998714e+01
<MIXTURE> 5 1.546699e-02
<MEAN> 6
 7.274319e+01 -1.027609e+03 -2.818808e+02 6.846911e-01 -2.286045e+01 -3.727348e+00
<VARIANCE> 6
 3.185104e+01 3.039412e+05 2.260633e+05 2.998198e+02 4.022584e+04 5.158639e+07
<GCONST> 7.350571e+01
<MIXTURE> 6 6.979232e-02
<MEAN> 6
 5.952917e+01 -1.113219e+03 4.762065e+02 4.852394e+00 -7.214315e+00 -7.271863e-01
<VARIANCE> 6
 3.185104e+01 1.195217e+04 1.387160e+04 2.998198e+02 4.022584e+04 5.158639e+07
<GCONST> 6.747881e+01
<MIXTURE> 7 6.632164e-02
<MEAN> 6
 7.038033e+01 -4.785293e+02 -5.669763e+02 -3.011573e-01 -2.233179e+01 -6.364441e-02
<VARIANCE> 6
 3.185104e+01 6.687341e+04 1.387160e+04 2.998198e+02 4.022584e+04 5.158639e+07
<GCONST> 6.920070e+01
<MIXTURE> 8 9.378103e-02
<MEAN> 6
 7.146460e+01 -1.148043e+03 -2.392541e+02 5.895889e-01 -1.000172e+01 -5.765018e+01
<VARIANCE> 6
 3.185104e+01 1.866615e+04 6.250857e+04 2.998198e+02 4.022584e+04 5.158639e+07
<GCONST> 6.943008e+01
<MIXTURE> 9 7.814800e-02
<MEAN> 6
 7.200034e+01 -5.929005e+02 1.657366e+02 -4.917085e-01 -5.401392e+00 -1.204821e+02
<VARIANCE> 6
 3.185104e+01 1.195217e+04 1.387160e+04 2.998198e+02 4.022584e+04 5.158639e+07
<GCONST> 6.747881e+01
<MIXTURE> 10 9.850398e-02
<MEAN> 6
 7.416558e+01 -1.458388e+03 -7.796266e+02 -1.514631e+00 -2.654938e+00 -8.770203e+01
<VARIANCE> 6
 3.185104e+01 3.175240e+04 4.547526e+04 2.998198e+02 4.022584e+04 5.158639e+07
<GCONST> 6.964320e+01
<MIXTURE> 11 7.801993e-02
<MEAN> 6
 7.200031e+01 -5.929016e+02 1.657359e+02 -4.917046e-01 -5.401389e+00 -1.204816e+02
<VARIANCE> 6
 3.185104e+01 1.195217e+04 1.387160e+04 2.998198e+02 4.022584e+04 5.158639e+07
<GCONST> 6.747881e+01
<MIXTURE> 12 9.372905e-02
<MEAN> 6
 7.349255e+01 -1.317240e+03 -8.122889e+01 1.771399e-01 -7.072370e+00 -1.649831e+02
<VARIANCE> 6
 3.185104e+01 1.195217e+04 3.265444e+04 2.998198e+02 4.022584e+04 5.158639e+07
<GCONST> 6.833495e+01
<MIXTURE> 13 8.086921e-02
<MEAN> 6
 7.335936e+01 -8.111010e+02 -1.485433e+01 1.052216e+00 4.217641e-02 -1.333260e+02
<VARIANCE> 6
 3.185104e+01 1.195217e+04 1.387160e+04 2.998198e+02 4.022584e+04 5.158639e+07
<GCONST> 6.747881e+01
<MIXTURE> 14 6.534371e-02
<MEAN> 6
 7.032504e+01 -5.471758e+02 -5.666729e+02 -6.715900e-01 -1.973168e+01 -2.457693e+01
<VARIANCE> 6
 3.185104e+01 8.368441e+04 1.387160e+04 2.998198e+02 4.022584e+04 5.158639e+07
<GCONST> 6.942496e+01
<STATE> 6
<NUMMIXES> 14
<MIXTURE> 1 6.080979e-02
<MEAN> 6
 7.873030e+01 6.394304e+00 4.896640e+02 -1.334806e+00 -2.129137e+00 -2.471452e+02
<VARIANCE> 6
 3.185104e+01 1.195217e+04 1.387160e+04 2.998198e+02 4.022584e+04 5.158639e+07
<GCONST> 6.747881e+01
<MIXTURE> 2 7.529626e-02
<MEAN> 6
 7.995998e+01 3.605154e+02 2.393322e+02 -3.226414e-01 3.106861e+00 -9.762646e+01
<VARIANCE> 6
 3.185104e+01 1.195217e+04 1.387160e+04 2.998198e+02 4.022584e+04 5.158639e+07
<GCONST> 6.747881e+01
<MIXTURE> 3 1.381262e-02
<MEAN> 6
 7.152705e+01 1.353134e+02 5.371770e+01 -5.650546e+01 -3.809964e+01 7.164517e+03
<VARIANCE> 6
 3.037073e+02 1.254932e+05 1.720763e+05 1.455761e+03 6.260665e+05 2.022175e+08
<GCONST> 8.029438e+01
<MIXTURE> 4 5.064011e-02
<MEAN> 6
 7.544810e+01 1.963162e+02 8.228589e+01 1.329731e+00 -4.087707e+00 -2.570782e+02
<VARIANCE> 6
 3.185104e+01 1.195217e+04 1.387160e+04 2.998198e+02 4.022584e+04 5.158639e+07
<GCONST> 6.747881e+01
<MIXTURE> 5 9.617945e-02
<MEAN> 6
 7.478688e+01 1.857457e+02 6.980006e+01 1.354288e+00 -6.309594e+00 -2.476664e+02
<VARIANCE> 6
 3.185104e+01 1.195217e+04 1.387160e+04 2.998198e+02 4.022584e+04 5.158639e+07
<GCONST> 6.747881e+01
<MIXTURE> 6 5.834613e-02
<MEAN> 6
 5.481425e+01 -3.685946e+00 4.443326e+02 -1.312145e-01 -2.360472e+00 -1.356159e+02
<VARIANCE> 6
 3.185104e+01 1.195217e+04 1.387160e+04 2.998198e+02 4.022584e+04 5.158639e+07
<GCONST> 6.747881e+01
<MIXTURE> 7 7.018849e-02
<MEAN> 6
 5.741635e+01 6.940462e+01 2.551018e+02 7.022006e-01 -5.385589e+00 -2.458914e+02
<VARIANCE> 6
 3.185104e+01 1.195217e+04 1.387160e+04 2.998198e+02 4.022584e+04 5.158639e+07
<GCONST> 6.747881e+01
<MIXTURE> 8 9.110391e-02
<MEAN> 6
 6.244197e+01 -1.528064e+02 1.368692e+02 4.438849e-01 -6.521892e+00 -2.496764e+02
<VARIANCE> 6
 3.185104e+01 2.113031e+04 1.387160e+04 2.998198e+02 4.022584e+04 5.158639e+07
<GCONST> 6.804861e+01
<MIXTURE> 9 1.076778e-01
<MEAN> 6
 5.674395e+01 3.511317e+01 3.074167e+02 3.856771e-01 -2.935178e+00 -1.843152e+02
<VARIANCE> 6
 3.185104e+01 1.195217e+04 1.387160e+04 2.998198e+02 4.022584e+04 5.158639e+07
<GCONST> 6.747881e+01
<MIXTURE> 10 9.643020e-02
<MEAN> 6
 7.478482e+01 1.857850e+02 6.979106e+01 1.353976e+00 -6.304288e+00 -2.475776e+02
<VARIANCE> 6
 3.185104e+01 1.195217e+04 1.387160e+04 2.998198e+02 4.022584e+04 5.158639e+07
<GCONST> 6.747881e+01
<MIXTURE> 11 9.879328e-02
<MEAN> 6
 6.085405e+01 -8.887880e+01 1.555124e+02 -9.530257e-02 -1.082306e+01 -2.584646e+02
<VARIANCE> 6
 3.185104e+01 1.195217e+04 1.387160e+04 2.998198e+02 4.022584e+04 5.158639e+07
<GCONST> 6.747881e+01
<MIXTURE> 12 7.245132e-02
<MEAN> 6
 5.716171e+01 4.125891e+01 2.544643e+02 7.707152e-01 -5.018660e+00 -2.477969e+02
<VARIANCE> 6
 3.185104e+01 1.195217e+04 1.387160e+04 2.998198e+02 4.022584e+04 5.158639e+07
<GCONST> 6.747881e+01
<MIXTURE> 13 5.756237e-02
<MEAN> 6
 5.491877e+01 -1.650957e+00 4.383758e+02 -1.206954e-01 -2.292506e+00 -1.357902e+02
<VARIANCE> 6
 3.185104e+01 1.195217e+04 1.387160e+04 2.998198e+02 4.022584e+04 5.158639e+07
<GCONST> 6.747881e+01
<MIXTURE> 14 5.063270e-02
<MEAN> 6
 7.436803e+01 1.770810e+02 6.388370e+01 1.341224e+00 -9.119447e+00 -2.597686e+02
<VARIANCE> 6
 3.185104e+01 1.195217e+04 1.387160e+04 2.998198e+02 4.022584e+04 5.158639e+07
<GCONST> 6.747881e+01
<STATE> 7
<NUMMIXES> 14
<MIXTURE> 1 4.154621e-03
<MEAN> 6
 7.575519e+01 2.033515e+02 -2.901239e+02 2.522000e+00 2.093305e+02 -7.861839e+03
<VARIANCE> 6
 3.647350e+02 2.950987e+05 6.088213e+05 5.098304e+02 3.723961e+05 8.552264e+07
<GCONST> 8.016686e+01
<MIXTURE> 2 8.195481e-02
<MEAN> 6
 8.495228e+01 -1.226731e+02 -2.300073e+01 1.045375e-01 1.139431e+00 -6.701617e+01
<VARIANCE> 6
 3.185104e+01 1.195217e+04 1.387160e+04 2.998198e+02 4.022584e+04 5.158639e+07
<GCONST> 6.747881e+01
<MIXTURE> 3 5.818797e-02
<MEAN> 6
 9.935885e+01 -4.976996e+02 -5.399342e+02 -1.356774e+00 -2.413078e+00 -7.016872e+01
<VARIANCE> 6
 3.185104e+01 1.195217e+04 1.387160e+04 2.998198e+02 4.022584e+04 5.158639e+07
<GCONST> 6.747881e+01
<MIXTURE> 4 8.509643e-02
<MEAN> 6
 8.493720e+01 4.138752e+01 -2.090060e+02 5.376802e-01 -8.345576e+00 -3.506465e+01
<VARIANCE> 6
 3.185104e+01 1.195217e+04 1.387160e+04 2.998198e+02 4.022584e+04 5.158639e+07
<GCONST> 6.747881e+01
<MIXTURE> 5 6.435813e-02
<MEAN> 6
 8.162734e+01 -1.677266e+02 -2.801339e+02 1.710926e-01 -3.386163e+00 -4.417467e+01
<VARIANCE> 6
 3.185104e+01 1.195217e+04 1.387160e+04 2.998198e+02 4.022584e+04 5.158639e+07
<GCONST> 6.747881e+01
<MIXTURE> 6 8.801464e-02
<MEAN> 6
 8.487471e+01 3.897503e+01 -2.105583e+02 5.338614e-01 -8.022122e+00 -3.512294e+01
<VARIANCE> 6
 3.185104e+01 1.195217e+04 1.387160e+04 2.998198e+02 4.022584e+04 5.158639e+07
<GCONST> 6.747881e+01
<MIXTURE> 7 1.129416e-01
<MEAN> 6
 8.494972e+01 -1.278636e+02 -2.221109e+01 1.176343e-01 1.148304e+00 -6.939395e+01
<VARIANCE> 6
 3.185104e+01 1.195217e+04 1.387160e+04 2.998198e+02 4.022584e+04 5.158639e+07
<GCONST> 6.747881e+01
<MIXTURE> 8 5.981646e-02
<MEAN> 6
 9.742444e+01 -4.988019e+02 -5.419277e+02 -9.221374e-01 -2.685617e+00 -8.851492e+01
<VARIANCE> 6
 3.185104e+01 1.195217e+04 1.387160e+04 2.998198e+02 4.022584e+04 5.158639e+07
<GCONST> 6.747881e+01
<MIXTURE> 9 7.291846e-02
<MEAN> 6
 8.161237e+01 -1.882399e+02 -2.857155e+02 2.088266e-01 -2.871747e+00 -3.356093e+01
<VARIANCE> 6
 3.185104e+01 1.195217e+04 1.387160e+04 2.998198e+02 4.022584e+04 5.158639e+07
<GCONST> 6.747881e+01
<MIXTURE> 10 8.207585e-02
<MEAN> 6
 8.495052e+01 -1.307630e+02 -2.174300e+01 1.251589e-01 1.155449e+00 -7.071685e+01
<VARIANCE> 6
 3.185104e+01 1.195217e+04 1.387160e+04 2.998198e+02 4.022584e+04 5.158639e+07
<GCONST> 6.747881e+01
<MIXTURE> 11 8.787344e-02
<MEAN> 6
 8.475117e+01 3.338882e+01 -2.129169e+02 5.135163e-01 -7.335008e+00 -3.529057e+01
<VARIANCE> 6
 3.185104e+01 1.195217e+04 1.387160e+04 2.998198e+02 4.022584e+04 5.158639e+07
<GCONST> 6.747881e+01
<MIXTURE> 12 8.505426e-02
<MEAN> 6
 8.466440e+01 2.965298e+01 -2.148461e+02 5.040545e-01 -6.942926e+00 -3.551126e+01
<VARIANCE> 6
 3.185104e+01 1.195217e+04 1.387160e+04 2.998198e+02 4.022584e+04 5.158639e+07
<GCONST> 6.747881e+01
<MIXTURE> 13 5.950315e-02
<MEAN> 6
 9.600883e+01 -5.002143e+02 -5.444341e+02 -6.494050e-01 -2.960552e+00 -9.736975e+01
<VARIANCE> 6
 3.185104e+01 1.195217e+04 1.387160e+04 2.998198e+02 4.022584e+04 5.158639e+07
<GCONST> 6.747881e+01
<MIXTURE> 14 5.802410e-02
<MEAN> 6
 9.732883e+01 -5.025349e+02 -5.456829e+02 -9.345461e-01 -2.539516e+00 -8.196691e+01
<VARIANCE> 6
 3.265804e+01 1.195217e+04 1.387160e+04 2.998198e+02 4.022584e+04 5.158639e+07
<GCONST> 6.750384e+01
<STATE> 8
<NUMMIXES> 14
<MIXTURE> 1 8.298282e-02
<MEAN> 6
 7.991026e+01 2.025676e+03 -1.518025e+02 -3.255415e+00 -5.230246e+00 -1.584822e+02
<VARIANCE> 6
 3.185104e+01 3.568097e+05 2.428202e+05 2.998198e+02 4.022584e+04 5.158639e+07
<GCONST> 7.373758e+01
<MIXTURE> 2 8.407915e-02
<MEAN> 6
 6.921256e+01 1.152370e+03 -2.682065e+02 -1.165720e+00 -5.492590e+00 -6.217496e+01
<VARIANCE> 6
 3.185104e+01 7.927250e+04 1.387160e+04 2.998198e+02 4.022584e+04 5.158639e+07
<GCONST> 6.937079e+01
<MIXTURE> 3 3.799945e-02
<MEAN> 6
 5.606310e+01 1.376941e+03 1.146236e+03 3.192157e+00 -1.151325e+01 8.678939e+01
<VARIANCE> 6
 3.185104e+01 1.892047e+04 2.126043e+04 2.998198e+02 4.022584e+04 5.158639e+07
<GCONST> 6.836515e+01
<MIXTURE> 4 8.643847e-02
<MEAN> 6
 7.792449e+01 6.806556e+02 -8.483265e+02 -1.510873e+00 -1.517495e+00 -5.717959e+00
<VARIANCE> 6
 3.185104e+01 1.195217e+04 1.387160e+04 2.998198e+02 4.022584e+04 5.158639e+07
<GCONST> 6.747881e+01
<MIXTURE> 5 5.236967e-02
<MEAN> 6
 6.624686e+01 1.306770e+03 -6.048917e+02 -6.235631e-01 -1.753974e+00 -9.568945e+01
<VARIANCE> 6
 3.185104e+01 1.195217e+04 1.451079e+04 2.998198e+02 4.022584e+04 5.158639e+07
<GCONST> 6.752386e+01
<MIXTURE> 6 1.115518e-01
<MEAN> 6
 6.944847e+01 4.853157e+02 -2.572849e+02 -1.452887e+00 -7.864131e+00 -8.948895e+01
<VARIANCE> 6
 3.185104e+01 1.195217e+04 1.387160e+04 2.998198e+02 4.022584e+04 5.158639e+07
<GCONST> 6.747881e+01
<MIXTURE> 7 8.754537e-02
<MEAN> 6
 7.183949e+01 2.031862e+02 7.281132e+02 7.396843e-01 -2.932484e+00 -1.072332e+02
<VARIANCE> 6
 3.185104e+01 1.328919e+04 1.387160e+04 2.998198e+02 4.022584e+04 5.158639e+07
<GCONST> 6.758485e+01
<MIXTURE> 8 4.365731e-02
<MEAN> 6
 7.842558e+01 3.514910e+02 -6.033400e+02 -6.585597e-01 -1.484664e+01 -2.424414e+02
<VARIANCE> 6
 3.185104e+01 1.195217e+04 1.387160e+04 2.998198e+02 4.022584e+04 5.158639e+07
<GCONST> 6.747881e+01
<MIXTURE> 9 6.864557e-02
<MEAN> 6
 6.949096e+01 9.927406e+02 -2.488240e+02 -1.600688e+00 -3.398874e+00 -3.801566e+01
<VARIANCE> 6
 3.185104e+01 6.492368e+04 1.387160e+04 2.998198e+02 4.022584e+04 5.158639e+07
<GCONST> 6.917111e+01
<MIXTURE> 10 4.699402e-02
<MEAN> 6
 6.949810e+01 4.076863e+02 -1.104197e+03 -1.844543e+00 -1.525616e+00 -3.727875e+01
<VARIANCE> 6
 3.185104e+01 1.195217e+04 5.223776e+04 2.998198e+02 4.022584e+04 5.158639e+07
<GCONST> 6.880478e+01
<MIXTURE> 11 9.492283e-02
<MEAN> 6
 6.364558e+01 4.446641e+02 -4.063959e+02 -1.049990e+00 -2.361387e+00 -2.051765e+02
<VARIANCE> 6
 3.185104e+01 1.195217e+04 1.759267e+05 2.998198e+02 4.022584e+04 5.158639e+07
<GCONST> 7.001904e+01
<MIXTURE> 12 6.421774e-02
<MEAN> 6
 7.265233e+01 8.556781e+02 8.412407e+02 -2.733476e+00 -1.785955e+00 1.158821e+02
<VARIANCE> 6
 3.185104e+01 3.914571e+04 2.364717e+05 2.998198e+02 4.022584e+04 5.158639e+07
<GCONST> 7.150117e+01
<MIXTURE> 13 5.319682e-02
<MEAN> 6
 6.640384e+01 1.330412e+03 -6.403469e+02 -8.741884e-01 -1.051877e+00 -7.075703e+01
<VARIANCE> 6
 3.185104e+01 1.195217e+04 1.387160e+04 2.998198e+02 4.022584e+04 5.158639e+07
<GCONST> 6.747881e+01
<MIXTURE> 14 8.535374e-02
<MEAN> 6
 7.608105e+01 1.542146e+03 -5.385203e+02 -2.531131e+00 -8.810780e+00 -2.347578e+02
<VARIANCE> 6
 3.185104e+01 3.226929e+05 2.975238e+05 2.998198e+02 4.022584e+04 5.158639e+07
<GCONST> 7.384026e+01
<STATE> 9
<NUMMIXES> 14
<MIXTURE> 1 1.026220e-01
<MEAN> 6
 6.801819e+01 4.544088e+03 -6.659231e+02 -1.268642e+00 2.268942e-01 -1.785252e+01
<VARIANCE> 6
 3.185104e+01 2.355809e+05 1.387160e+04 2.998198e+02 4.022584e+04 5.158639e+07
<GCONST> 7.045995e+01
<MIXTURE> 2 9.102730e-02
<MEAN> 6
 1.106338e+02 6.335811e+02 3.624259e+02 -6.509609e+00 1.896452e+00 6.670090e+01
<VARIANCE> 6
 4.656268e+01 1.195217e+04 1.387160e+04 2.998198e+02 4.022584e+04 5.158639e+07
<GCONST> 6.785854e+01
<MIXTURE> 3 5.228929e-02
<MEAN> 6
 1.048424e+02 4.579429e+02 -1.723538e+03 -7.649317e+00 9.921456e+00 3.062651e+02
<VARIANCE> 6
 3.185104e+01 1.195217e+04 1.387160e+04 2.998198e+02 4.022584e+04 5.158639e+07
<GCONST> 6.747881e+01
<MIXTURE> 4 7.090345e-02
<MEAN> 6
 9.985090e+01 5.197488e+02 -4.926185e+02 -7.233626e+00 2.836957e+00 -6.047356e+00
<VARIANCE> 6
 3.185104e+01 1.262568e+04 8.796856e+04 2.998198e+02 4.022584e+04 5.158639e+07
<GCONST> 6.938077e+01
<MIXTURE> 5 9.586850e-02
<MEAN> 6
 8.950520e+01 5.780942e+02 -1.358395e+03 5.968495e-01 -2.452672e+01 -2.269479e+02
<VARIANCE> 6
 3.185104e+01 1.195217e+04 1.387160e+04 2.998198e+02 4.022584e+04 5.158639e+07
<GCONST> 6.747881e+01
<MIXTURE> 6 8.478487e-02
<MEAN> 6
 8.989012e+01 7.462896e+02 -2.578503e+03 -2.616178e+00 3.596802e+00 -1.316343e+01
<VARIANCE> 6
 3.185104e+01 1.195217e+04 1.387160e+04 2.998198e+02 4.022584e+04 5.158639e+07
<GCONST> 6.747881e+01
<MIXTURE> 7 2.058707e-02
<MEAN> 6
 1.108768e+02 2.555465e+02 -6.527878e+02 -4.739936e+00 -1.681179e+01 -3.059494e+03
<VARIANCE> 6
 4.323642e+02 1.271272e+05 7.151486e+05 4.582108e+02 3.081027e+05 1.955288e+08
<GCONST> 8.018645e+01
<MIXTURE> 8 9.207533e-02
<MEAN> 6
 9.264733e+01 4.770852e+02 1.087523e+02 -3.060192e+00 3.160589e+00 5.965414e+00
<VARIANCE> 6
 3.185104e+01 1.195217e+04 1.387160e+04 2.998198e+02 4.022584e+04 5.158639e+07
<GCONST> 6.747881e+01
<MIXTURE> 9 5.436238e-02
<MEAN> 6
 8.790369e+01 3.512859e+02 -1.312592e+03 -2.211436e+00 5.787640e+00 2.875552e+01
<VARIANCE> 6
 3.185104e+01 1.195217e+04 1.387160e+04 2.998198e+02 4.022584e+04 5.158639e+07
<GCONST> 6.747881e+01
<MIXTURE> 10 8.940530e-02
<MEAN> 6
 5.152991e+01 2.274922e+03 2.588729e+03 8.531711e-01 -6.710873e+00 8.941608e+00
<VARIANCE> 6
 3.185104e+01 3.324278e+04 3.426909e+04 2.998198e+02 4.022584e+04 5.158639e+07
<GCONST> 6.940614e+01
<MIXTURE> 11 5.196961e-02
<MEAN> 6
 9.906521e+01 6.891346e+02 -1.885843e+03 2.149480e+00 -1.832707e+00 -1.902342e+00
<VARIANCE> 6
 3.185104e+01 1.195217e+04 1.387160e+04 2.998198e+02 4.022584e+04 5.158639e+07
<GCONST> 6.747881e+01
<MIXTURE> 12 8.678032e-02
<MEAN> 6
 9.765344e+01 4.714991e+02 -1.003851e+03 -1.934885e+00 -1.275789e+00 5.444213e+00
<VARIANCE> 6
 3.185104e+01 1.195217e+04 1.387160e+04 2.998198e+02 4.022584e+04 5.158639e+07
<GCONST> 6.747881e+01
<MIXTURE> 13 5.494796e-02
<MEAN> 6
 8.913544e+01 3.133594e+02 -1.307115e+03 -3.239517e+00 2.687988e+00 3.410801e+01
<VARIANCE> 6
 3.185104e+01 1.195217e+04 1.387160e+04 2.998198e+02 4.022584e+04 5.158639e+07
<GCONST> 6.747881e+01
<MIXTURE> 14 5.236559e-02
<MEAN> 6
 9.820203e+01 6.706712e+02 -1.870762e+03 9.628260e-01 2.127402e+00 2.491480e+00
<VARIANCE> 6
 3.185104e+01 1.195217e+04 1.387160e+04 2.998198e+02 4.022584e+04 5.158639e+07
<GCONST> 6.747881e+01
<STATE> 10
<NUMMIXES> 14
<MIXTURE> 1 4.194891e-02
<MEAN> 6
 6.179079e+01 -2.060261e+02 -1.718700e+01 -2.341971e+02 -2.530883e+03 1.251157e+03
<VARIANCE> 6
 1.465854e+02 1.778378e+05 7.462983e+04 8.169900e+03 3.305311e+05 4.658675e+08
<GCONST> 8.099987e+01
<MIXTURE> 2 8.936140e-02
<MEAN> 6
 6.896562e+01 2.875653e+02 -1.653803e+02 -7.898270e+01 -1.177746e+03 -1.311133e+04
<VARIANCE> 6
 9.285483e+01 9.652804e+05 1.455840e+05 1.772528e+03 3.910673e+05 1.893370e+08
<GCONST> 8.064281e+01
<MIXTURE> 3 8.086403e-02
<MEAN> 6
 4.800435e+01 3.353587e+02 -2.445583e+02 -2.396611e+02 -1.454292e+03 4.981256e+03
<VARIANCE> 6
 8.946637e+01 1.353772e+06 2.059180e+05 2.943252e+03 3.073638e+05 1.034714e+08
<GCONST> 8.095263e+01
<MIXTURE> 4 6.355063e-02
<MEAN> 6
 -5.290678e+01 3.978058e+02 8.892541e+00 -2.225268e+02 2.542151e+03 -2.518244e+03
<VARIANCE> 6
 2.034910e+02 1.011754e+06 4.732234e+05 6.162703e+03 1.675774e+06 5.214166e+08
<GCONST> 8.636752e+01
<MIXTURE> 5 8.227269e-02
<MEAN> 6
 -2.563353e+01 -5.227786e+01 -3.176284e+02 -2.768792e+02 1.133385e+03 1.205299e+04
<VARIANCE> 6
 2.913837e+02 1.701491e+05 5.099653e+05 7.736966e+03 4.995259e+05 2.906317e+08
<GCONST> 8.345118e+01
<MIXTURE> 6 4.690043e-02
<MEAN> 6
 -3.044524e+01 3.356170e+00 -6.434471e+02 -4.236490e+02 1.676460e+03 5.821673e+04
<VARIANCE> 6
 4.703475e+02 1.531889e+06 4.372674e+06 6.537484e+03 3.026289e+06 8.017273e+08
<GCONST> 9.092406e+01
<MIXTURE> 7 7.655185e-02
<MEAN> 6
 2.215561e+01 3.633522e+01 4.314429e+00 -2.917705e+02 -7.184703e+02 4.370639e+03
<VARIANCE> 6
 1.670641e+02 1.229932e+05 3.920661e+05 3.944230e+03 2.078946e+05 9.652662e+07
<GCONST> 7.965483e+01
<MIXTURE> 8 7.992718e-02
<MEAN> 6
 -6.433484e+01 -2.179128e+00 1.582345e+02 1.215184e+02 1.459047e+03 3.085966e+02
<VARIANCE> 6
 1.033933e+02 2.963793e+05 4.681147e+05 1.071827e+04 9.884603e+04 6.415422e+07
<GCONST> 8.007949e+01
<MIXTURE> 9 7.728776e-02
<MEAN> 6
 5.845167e+01 3.986559e+01 6.852349e+01 -9.310751e+01 -9.015450e+02 -4.612092e+03
<VARIANCE> 6
 1.176948e+02 4.449672e+04 2.499445e+05 2.229335e+03 1.006876e+05 5.158639e+07
<GCONST> 7.591553e+01
<MIXTURE> 10 1.147724e-01
<MEAN> 6
 7.355579e+00 -1.349071e+02 -1.252076e+02 -4.038505e+02 -6.271063e+02 1.479956e+04
<VARIANCE> 6
 3.854935e+02 1.057461e+06 4.958628e+05 4.199411e+03 6.297264e+05 3.468254e+08
<GCONST> 8.532729e+01
<MIXTURE> 11 5.713247e-02
<MEAN> 6
 -7.563815e+01 -5.673574e+02 -2.492825e+02 1.057419e+01 3.002335e+02 -1.665997e+03
<VARIANCE> 6
 3.185104e+01 3.203548e+05 2.065634e+05 5.521649e+02 2.755449e+05 2.294773e+08
<GCONST> 7.749554e+01
<MIXTURE> 12 6.514201e-02
<MEAN> 6
 -6.762621e+01 1.896449e+02 -2.658716e+02 4.287082e+01 6.316052e+02 9.465399e+02
<VARIANCE> 6
 4.394011e+01 8.129820e+05 3.416201e+05 4.837998e+03 5.970016e+04 5.158639e+07
<GCONST> 7.840012e+01
<MIXTURE> 13 5.993207e-02
<MEAN> 6
 -6.553658e+01 2.623515e+01 -1.948300e+02 -9.115278e+01 1.938211e+03 -2.733173e+04
<VARIANCE> 6
 1.375634e+02 7.171224e+05 4.303698e+05 3.513206e+03 9.946284e+05 6.209266e+08
<GCONST> 8.462788e+01
<MIXTURE> 14 6.434100e-02
<MEAN> 6
 -6.924008e+01 1.671191e+02 -4.753237e+02 1.100703e+01 5.499954e+02 -7.956512e+02
<VARIANCE> 6
 4.729681e+01 8.825142e+05 4.082423e+05 4.390168e+03 5.093884e+04 5.158639e+07
<GCONST> 7.847812e+01
<STATE> 11
<NUMMIXES> 14
<MIXTURE> 1 6.551396e-02
<MEAN> 6
 8.808249e+01 -2.016218e+01 -1.882182e+01 -5.243479e+00 -2.333144e+01 8.022363e+01
<VARIANCE> 6
 1.418916e+02 1.269528e+06 7.831252e+05 2.998198e+02 4.022584e+04 5.158639e+07
<GCONST> 7.767175e+01
<MIXTURE> 2 1.169383e-02
<MEAN> 6
 -7.280225e+00 1.575376e+02 1.111141e+02 -2.514911e+01 6.245654e+01 5.186208e+03
<VARIANCE> 6
 1.162499e+04 1.996146e+05 4.092835e+05 1.951296e+06 1.067637e+09 1.569937e+12
<GCONST> 1.088693e+02
<MIXTURE> 3 5.686512e-02
<MEAN> 6
 1.264319e+01 2.863467e+02 1.747410e+02 -2.383009e+01 -1.235052e+02 4.263649e+01
<VARIANCE> 6
 4.835772e+03 2.232996e+06 1.643527e+06 6.027642e+04 3.120856e+06 1.890322e+09
<GCONST> 9.576260e+01
<MIXTURE> 4 7.720490e-02
<MEAN> 6
 -3.472160e+01 1.165924e+01 1.726711e+02 1.404314e+02 7.354041e+02 -2.189126e+03
<VARIANCE> 6
 4.169613e+02 1.403632e+05 2.715865e+05 1.374650e+04 1.559122e+05 5.158639e+07
<GCONST> 8.066863e+01
<MIXTURE> 5 1.088134e-01
<MEAN> 6
 5.343773e+01 -3.724961e+01 7.855193e+01 3.759700e+01 -5.559762e+02 -2.364715e+02
<VARIANCE> 6
 6.314780e+02 8.322984e+05 5.810476e+05 4.061443e+04 1.848563e+05 5.158639e+07
<GCONST> 8.487784e+01
<MIXTURE> 6 7.825274e-02
<MEAN> 6
 -5.787378e+01 1.038856e+02 -7.720884e+00 1.543433e+01 2.225763e+02 2.726573e+02
<VARIANCE> 6
 2.219996e+02 1.971653e+05 1.690585e+05 6.718058e+02 7.712367e+04 5.158639e+07
<GCONST> 7.618164e+01
<MIXTURE> 7 5.382449e-02
<MEAN> 6
 8.638026e+01 2.108313e+02 3.852077e+01 6.633624e+00 -7.128775e+02 1.203756e+03
<VARIANCE> 6
 1.978997e+02 2.948038e+05 1.170038e+05 1.401748e+04 7.320424e+05 3.058803e+08
<GCONST> 8.316940e+01
<MIXTURE> 8 8.531421e-02
<MEAN> 6
 8.349751e+01 8.053023e+00 5.110863e+01 -8.292115e+00 -2.261067e+01 -2.904276e+02
<VARIANCE> 6
 1.257529e+02 2.787327e+05 3.469109e+04 2.998198e+02 4.022584e+04 5.158639e+07
<GCONST> 7.291805e+01
<MIXTURE> 9 7.512428e-02
<MEAN> 6
 -4.547005e+01 -6.337757e+01 3.155270e+01 -7.740749e+01 1.268263e+03 2.331793e+03
<VARIANCE> 6
 3.053654e+02 1.253080e+05 1.295623e+05 3.090040e+04 5.889631e+05 4.172654e+08
<GCONST> 8.373309e+01
<MIXTURE> 10 1.010605e-01
<MEAN> 6
 4.889716e+01 1.471445e+01 -9.992389e+00 5.117526e+01 -3.153391e+02 -6.978758e+02
<VARIANCE> 6
 6.762510e+02 4.894766e+04 5.558337e+04 2.867794e+04 1.281241e+05 5.158639e+07
<GCONST> 7.905138e+01
<MIXTURE> 11 8.251657e-02
<MEAN> 6
 7.621479e+01 -1.928196e+01 -6.547797e+01 -4.182554e+00 -3.136626e+01 -1.977619e+02
<VARIANCE> 6
 1.210752e+02 3.674174e+04 1.506494e+05 2.998198e+02 4.022584e+04 5.158639e+07
<GCONST> 7.232227e+01
<MIXTURE> 12 9.197660e-02
<MEAN> 6
 1.368884e+01 -2.827842e+01 3.193463e+01 -9.411126e+01 -1.324604e+02 1.292493e+03
<VARIANCE> 6
 5.602438e+02 8.652188e+04 1.059381e+05 5.845262e+04 3.699300e+05 2.107293e+08
<GCONST> 8.325752e+01
<MIXTURE> 13 5.752977e-02
<MEAN> 6
 -3.249957e+01 -3.541979e+02 2.707462e+01 3.497273e+01 5.955639e+02 -1.252220e+03
<VARIANCE> 6
 5.015332e+02 1.372668e+06 1.800930e+05 3.270762e+04 1.864024e+05 5.869628e+07
<GCONST> 8.389734e+01
<MIXTURE> 14 5.335598e-02
<MEAN> 6
 7.875862e+01 1.966751e+00 -5.213113e+01 -2.654817e+01 -9.550229e+02 -2.240928e+03
<VARIANCE> 6
 2.177941e+02 2.448509e+05 1.143828e+05 2.103452e+04 5.129000e+05 1.965626e+08
<GCONST> 8.266476e+01
<TRANSP> 12
 0.000000e+00 1.000000e+00 0.000000e+00 0.000000e+00 0.000000e+00 0.000000e+00 0.000000e+00 0.000000e+00 0.000000e+00 0.000000e+00 0.000000e+00 0.000000e+00
 0.000000e+00 9.998449e-01 1.550985e-04 0.000000e+00 0.000000e+00 0.000000e+00 0.000000e+00 0.000000e+00 0.000000e+00 0.000000e+00 0.000000e+00 0.000000e+00
 0.000000e+00 0.000000e+00 9.986804e-01 1.319634e-03 0.000000e+00 0.000000e+00 0.000000e+00 0.000000e+00 0.000000e+00 0.000000e+00 0.000000e+00 0.000000e+00
 0.000000e+00 0.000000e+00 0.000000e+00 9.977567e-01 2.243219e-03 0.000000e+00 0.000000e+00 0.000000e+00 0.000000e+00 0.000000e+00 0.000000e+00 0.000000e+00
 0.000000e+00 0.000000e+00 0.000000e+00 0.000000e+00 9.983125e-01 1.687433e-03 0.000000e+00 0.000000e+00 0.000000e+00 0.000000e+00 0.000000e+00 0.000000e+00
 0.000000e+00 0.000000e+00 0.000000e+00 0.000000e+00 0.000000e+00 9.984200e-01 1.579993e-03 0.000000e+00 0.000000e+00 0.000000e+00 0.000000e+00 0.000000e+00
 0.000000e+00 0.000000e+00 0.000000e+00 0.000000e+00 0.000000e+00 0.000000e+00 9.981889e-01 1.811066e-03 0.000000e+00 0.000000e+00 0.000000e+00 0.000000e+00
 0.000000e+00 0.000000e+00 0.000000e+00 0.000000e+00 0.000000e+00 0.000000e+00 0.000000e+00 9.987491e-01 1.250868e-03 0.000000e+00 0.000000e+00 0.000000e+00
 0.000000e+00 0.000000e+00 0.000000e+00 0.000000e+00 0.000000e+00 0.000000e+00 0.000000e+00 0.000000e+00 9.971374e-01 2.862602e-03 0.000000e+00 0.000000e+00
 0.000000e+00 0.000000e+00 0.000000e+00 0.000000e+00 0.000000e+00 0.000000e+00 0.000000e+00 0.000000e+00 0.000000e+00 9.978255e-01 2.174457e-03 0.000000e+00
 0.000000e+00 0.000000e+00 0.000000e+00 0.000000e+00 0.000000e+00 0.000000e+00 0.000000e+00 0.000000e+00 0.000000e+00 0.000000e+00 9.999412e-01 5.875541e-05
 0.000000e+00 0.000000e+00 0.000000e+00 0.000000e+00 0.000000e+00 0.000000e+00 0.000000e+00 0.000000e+00 0.000000e+00 0.000000e+00 0.000000e+00 0.000000e+00
<ENDHMM>
