~o
<STREAMINFO> 1 6
<VECSIZE> 6<NULLD><USER><DIAGC>
~h "SegundoPRIMARIA"
<BEGINHMM>
<NUMSTATES> 14
<STATE> 2
<NUMMIXES> 13
<MIXTURE> 1 6.309614e-02
<MEAN> 6
 3.529363e+01 8.825713e+01 7.532409e+00 3.021852e+02 -2.210736e+02 -6.895283e+03
<VARIANCE> 6
 7.614424e+02 9.552876e+04 1.463972e+05 6.150335e+03 4.148998e+05 1.615808e+08
<GCONST> 8.158430e+01
<MIXTURE> 2 3.510918e-02
<MEAN> 6
 6.033237e+01 5.745917e+00 2.560797e+02 -3.278896e+01 -8.185428e+02 5.834462e+03
<VARIANCE> 6
 2.715281e+03 6.016162e+05 1.138726e+06 7.973279e+04 6.015366e+06 3.723564e+09
<GCONST> 9.512092e+01
<MIXTURE> 3 6.279723e-02
<MEAN> 6
 9.227259e+01 -7.787695e+01 6.080662e+01 -4.804476e+00 -4.944149e+01 -4.688646e+02
<VARIANCE> 6
 1.822263e+02 2.238456e+05 1.156971e+05 3.003832e+02 4.056576e+04 5.205853e+07
<GCONST> 7.429357e+01
<MIXTURE> 4 9.035295e-02
<MEAN> 6
 -3.759785e+01 6.882729e+01 -1.127888e+01 7.824301e+01 1.033558e+03 -2.362842e+03
<VARIANCE> 6
 2.406168e+02 1.088993e+05 3.903645e+04 2.934133e+04 2.223040e+05 1.057777e+08
<GCONST> 7.975630e+01
<MIXTURE> 5 8.767255e-02
<MEAN> 6
 9.395808e+01 -1.573932e+01 4.614588e+01 2.748499e+01 -9.622149e+02 -1.900757e+03
<VARIANCE> 6
 3.079037e+02 2.091212e+05 9.627640e+04 2.018304e+04 1.336882e+06 6.163802e+08
<GCONST> 8.474052e+01
<MIXTURE> 6 9.654715e-02
<MEAN> 6
 1.287389e+01 2.156997e+01 9.737664e+01 -3.014590e+02 -7.582488e+01 1.017445e+04
<VARIANCE> 6
 6.601517e+02 6.264806e+04 1.196114e+05 1.120704e+04 8.805096e+05 3.595506e+08
<GCONST> 8.296995e+01
<MIXTURE> 7 7.622803e-02
<MEAN> 6
 6.483681e+01 -1.345374e+02 -2.478508e+02 1.377312e+00 -3.559928e+00 -8.740555e+01
<VARIANCE> 6
 5.244535e+01 2.127384e+05 1.129441e+05 3.003832e+02 4.056576e+04 5.205853e+07
<GCONST> 7.297311e+01
<MIXTURE> 8 1.071350e-01
<MEAN> 6
 -5.350200e+01 8.222193e+01 1.165230e+01 1.618037e+01 3.499227e+02 5.191822e+02
<VARIANCE> 6
 2.240882e+02 7.967513e+04 9.578487e+04 2.821419e+03 1.220862e+05 5.205853e+07
<GCONST> 7.662024e+01
<MIXTURE> 9 8.003130e-02
<MEAN> 6
 8.256464e+01 5.658292e+01 8.658038e+01 1.499775e+01 -5.649498e+02 -3.457173e+02
<VARIANCE> 6
 3.305237e+02 5.741152e+04 1.046040e+05 1.820126e+04 1.568415e+05 5.205853e+07
<GCONST> 7.888400e+01
<MIXTURE> 10 8.947209e-02
<MEAN> 6
 8.008060e+01 -4.162601e+01 -1.243146e+02 -7.634176e-01 -1.176802e+01 -2.962559e+02
<VARIANCE> 6
 1.229127e+02 7.049586e+04 1.124478e+05 3.003832e+02 4.056576e+04 5.205853e+07
<GCONST> 7.271591e+01
<MIXTURE> 11 7.707736e-02
<MEAN> 6
 1.634196e+01 8.269552e+01 2.222220e+01 2.101545e+02 1.067673e+02 -1.509996e+03
<VARIANCE> 6
 7.846745e+02 9.846048e+04 3.370307e+04 4.357370e+03 1.433572e+05 5.205853e+07
<GCONST> 7.763588e+01
<MIXTURE> 12 6.555453e-02
<MEAN> 6
 -5.198857e+01 9.026729e+01 -4.437304e+01 -8.915813e+01 1.675858e+03 -2.631028e+03
<VARIANCE> 6
 3.654765e+02 8.013030e+04 2.692782e+05 3.219300e+04 1.109406e+06 7.645522e+08
<GCONST> 8.547702e+01
<MIXTURE> 13 6.833617e-02
<MEAN> 6
 7.331832e+01 -6.207265e+01 6.088933e+01 -1.518317e+02 -9.382103e+02 -1.321336e+03
<VARIANCE> 6
 3.752402e+02 8.292084e+04 1.213539e+05 1.420719e+04 2.990318e+05 7.161106e+07
<GCONST> 8.024351e+01
<STATE> 3
<NUMMIXES> 13
<MIXTURE> 1 5.793363e-02
<MEAN> 6
 9.959628e+01 1.533581e+02 9.827267e+00 -4.225540e+00 -5.518941e+00 4.639981e+02
<VARIANCE> 6
 3.171015e+01 1.281363e+04 1.155935e+04 3.003832e+02 4.056576e+04 5.205853e+07
<GCONST> 6.738103e+01
<MIXTURE> 2 1.124173e-01
<MEAN> 6
 9.738691e+01 5.143178e+02 -2.123045e+02 3.217088e+00 -6.158165e+01 3.926635e+02
<VARIANCE> 6
 3.171015e+01 3.221075e+04 1.155935e+04 7.133981e+02 4.056576e+04 5.205853e+07
<GCONST> 6.916780e+01
<MIXTURE> 3 1.089438e-01
<MEAN> 6
 9.266249e+01 2.766905e+02 -4.463480e+02 7.312174e-01 1.724109e+01 -8.134439e+01
<VARIANCE> 6
 3.171015e+01 1.281363e+04 1.155935e+04 3.003832e+02 4.056576e+04 5.205853e+07
<GCONST> 6.738103e+01
<MIXTURE> 4 9.052037e-02
<MEAN> 6
 1.061635e+02 -2.360120e+00 -2.859458e+02 -9.741519e-01 -2.515981e+01 -3.112868e+02
<VARIANCE> 6
 3.171015e+01 1.281363e+04 1.155935e+04 3.003832e+02 4.056576e+04 5.205853e+07
<GCONST> 6.738103e+01
<MIXTURE> 5 3.146831e-02
<MEAN> 6
 9.394062e+01 2.570235e+02 -3.797482e+02 1.195888e+00 2.902587e+00 -1.486871e+02
<VARIANCE> 6
 3.171015e+01 1.281363e+04 2.462265e+04 3.003832e+02 4.056576e+04 5.205853e+07
<GCONST> 6.813721e+01
<MIXTURE> 6 9.410547e-02
<MEAN> 6
 9.768088e+01 8.974811e+00 -4.657459e+02 -1.139136e+00 -5.492156e+00 -1.105186e+02
<VARIANCE> 6
 3.171015e+01 1.281363e+04 1.155935e+04 3.003832e+02 4.056576e+04 5.205853e+07
<GCONST> 6.738103e+01
<MIXTURE> 7 7.859515e-02
<MEAN> 6
 9.361478e+01 -6.004350e+01 -4.161010e+02 -2.297202e+00 3.141192e-02 -2.227865e+02
<VARIANCE> 6
 3.171015e+01 1.281363e+04 1.155935e+04 3.003832e+02 4.056576e+04 5.205853e+07
<GCONST> 6.738103e+01
<MIXTURE> 8 4.510651e-02
<MEAN> 6
 9.454971e+01 2.621526e+02 -5.670621e+02 -1.770290e+00 4.241622e+00 4.852005e+00
<VARIANCE> 6
 3.171015e+01 1.281363e+04 1.546089e+04 3.003832e+02 4.056576e+04 5.205853e+07
<GCONST> 6.767185e+01
<MIXTURE> 9 8.353876e-02
<MEAN> 6
 9.332084e+01 1.688501e+02 -1.866422e+02 -1.416739e+00 4.429802e+01 -2.228690e+02
<VARIANCE> 6
 3.171015e+01 1.281363e+04 1.155935e+04 3.003832e+02 4.056576e+04 5.205853e+07
<GCONST> 6.738103e+01
<MIXTURE> 10 1.041499e-01
<MEAN> 6
 1.053677e+02 -8.275683e+01 -1.863121e+02 -1.391914e+01 -5.438745e+01 1.054354e+04
<VARIANCE> 6
 1.209841e+02 6.087412e+05 1.498619e+05 1.714047e+03 1.065271e+06 8.745587e+08
<GCONST> 8.297412e+01
<MIXTURE> 11 7.846065e-02
<MEAN> 6
 9.385217e+01 8.711569e+01 -1.675299e+02 -4.641456e+00 8.428188e+00 1.190290e+02
<VARIANCE> 6
 3.171015e+01 1.527787e+04 1.155935e+04 3.003832e+02 4.056576e+04 5.205853e+07
<GCONST> 6.755693e+01
<MIXTURE> 12 5.765738e-02
<MEAN> 6
 9.565835e+01 2.579399e+02 -6.603646e+02 -3.140512e+00 2.289149e+00 3.046949e+01
<VARIANCE> 6
 3.171015e+01 1.281363e+04 1.155935e+04 3.003832e+02 4.056576e+04 5.205853e+07
<GCONST> 6.738103e+01
<MIXTURE> 13 5.708499e-02
<MEAN> 6
 9.925424e+01 1.520148e+02 1.295887e-01 -4.373826e+00 -1.429630e+00 4.309905e+02
<VARIANCE> 6
 3.171015e+01 1.281363e+04 1.155935e+04 3.003832e+02 4.056576e+04 5.205853e+07
<GCONST> 6.738103e+01
<STATE> 4
<NUMMIXES> 13
<MIXTURE> 1 4.113510e-02
<MEAN> 6
 9.968734e+01 7.983470e+02 2.961936e+02 -4.942566e+00 -3.899336e+00 7.828492e+01
<VARIANCE> 6
 3.171015e+01 1.281363e+04 1.155935e+04 3.003832e+02 4.056576e+04 5.205853e+07
<GCONST> 6.738103e+01
<MIXTURE> 2 7.054849e-02
<MEAN> 6
 1.071668e+02 -2.646497e+02 2.106760e+02 -1.249959e+01 -4.162869e+01 9.193447e+02
<VARIANCE> 6
 5.458871e+01 3.196081e+04 5.391490e+04 3.003832e+02 4.056576e+04 5.205853e+07
<GCONST> 7.037814e+01
<MIXTURE> 3 8.117304e-02
<MEAN> 6
 9.318612e+01 1.499229e+02 2.289663e+02 -2.898336e+00 -2.963091e+00 1.050190e+02
<VARIANCE> 6
 3.171015e+01 1.281363e+04 1.558701e+04 3.003832e+02 4.056576e+04 5.205853e+07
<GCONST> 6.767998e+01
<MIXTURE> 4 8.733141e-02
<MEAN> 6
 8.962977e+01 4.778236e+02 2.131539e+02 -2.182033e+00 -6.013644e+00 9.982737e+01
<VARIANCE> 6
 3.171015e+01 5.096292e+04 1.155935e+04 3.003832e+02 4.056576e+04 5.205853e+07
<GCONST> 6.876162e+01
<MIXTURE> 5 6.143904e-02
<MEAN> 6
 1.017680e+02 -4.145185e+02 1.668357e+02 -4.924399e+00 -1.813596e+01 1.417482e+02
<VARIANCE> 6
 3.278722e+01 1.792050e+04 1.155935e+04 3.003832e+02 4.056576e+04 5.205853e+07
<GCONST> 6.774987e+01
<MIXTURE> 6 9.217308e-02
<MEAN> 6
 9.533392e+01 -1.086884e+02 8.726892e+01 -2.304618e+00 -1.902561e-01 -2.804086e+01
<VARIANCE> 6
 3.171015e+01 1.652694e+04 1.155935e+04 3.003832e+02 4.056576e+04 5.205853e+07
<GCONST> 6.763551e+01
<MIXTURE> 7 6.104131e-02
<MEAN> 6
 9.630947e+01 -6.950565e+02 8.282113e+00 2.003633e+00 -1.587958e+01 7.104607e+01
<VARIANCE> 6
 3.171015e+01 1.012051e+05 1.155935e+04 3.003832e+02 4.056576e+04 5.205853e+07
<GCONST> 6.944767e+01
<MIXTURE> 8 9.129462e-02
<MEAN> 6
 9.799184e+01 -7.315503e+01 8.271716e+01 -3.030716e+00 -2.850469e+00 -4.773501e-01
<VARIANCE> 6
 3.375709e+01 1.281363e+04 1.155935e+04 3.003832e+02 4.056576e+04 5.205853e+07
<GCONST> 6.744359e+01
<MIXTURE> 9 7.994273e-02
<MEAN> 6
 9.141531e+01 -3.117131e+02 7.634888e+01 -4.258340e+00 8.437521e+00 7.095406e+01
<VARIANCE> 6
 3.171015e+01 1.502837e+04 1.155935e+04 3.003832e+02 4.056576e+04 5.205853e+07
<GCONST> 6.754047e+01
<MIXTURE> 10 1.163341e-01
<MEAN> 6
 9.231558e+01 8.023983e+02 1.878355e+02 -2.694541e+00 1.098939e+00 5.087667e+01
<VARIANCE> 6
 3.171015e+01 1.281363e+04 1.155935e+04 3.003832e+02 4.056576e+04 5.205853e+07
<GCONST> 6.738103e+01
<MIXTURE> 11 9.352401e-02
<MEAN> 6
 9.617723e+01 -8.135769e+01 7.677910e+01 -2.297337e+00 -2.076876e+00 -2.559862e+01
<VARIANCE> 6
 3.171015e+01 1.281363e+04 1.155935e+04 3.003832e+02 4.056576e+04 5.205853e+07
<GCONST> 6.738103e+01
<MIXTURE> 12 6.895896e-02
<MEAN> 6
 9.437341e+01 1.095845e+02 1.525575e+02 -2.943310e+00 1.069454e+00 2.294104e+01
<VARIANCE> 6
 3.171015e+01 1.281363e+04 1.261819e+04 3.003832e+02 4.056576e+04 5.205853e+07
<GCONST> 6.746867e+01
<MIXTURE> 13 5.508836e-02
<MEAN> 6
 9.510362e+01 -4.973810e+02 1.016923e+02 5.802730e-01 -1.061575e+01 5.241887e+01
<VARIANCE> 6
 5.784391e+01 1.281363e+04 1.155935e+04 3.003832e+02 4.056576e+04 5.205853e+07
<GCONST> 6.798214e+01
<STATE> 5
<NUMMIXES> 13
<MIXTURE> 1 8.762646e-02
<MEAN> 6
 9.308920e+01 1.035431e+03 1.189475e+03 -3.445195e+00 -1.307002e+00 1.114136e+02
<VARIANCE> 6
 3.171015e+01 2.024075e+04 1.155935e+04 3.003832e+02 4.056576e+04 5.205853e+07
<GCONST> 6.783822e+01
<MIXTURE> 2 6.239668e-02
<MEAN> 6
 1.007991e+02 -3.435628e+02 1.060534e+03 1.494829e+00 8.981413e+00 -2.999958e+02
<VARIANCE> 6
 3.171015e+01 1.281363e+04 1.155935e+04 3.003832e+02 4.056576e+04 5.205853e+07
<GCONST> 6.738103e+01
<MIXTURE> 3 8.804173e-02
<MEAN> 6
 9.055466e+01 -1.347253e+03 7.939666e+02 -1.912869e-01 4.734306e-01 -2.608911e+02
<VARIANCE> 6
 3.171015e+01 1.281363e+04 1.155935e+04 3.003832e+02 4.056576e+04 5.205853e+07
<GCONST> 6.738103e+01
<MIXTURE> 4 7.854766e-02
<MEAN> 6
 1.002984e+02 -3.399043e+02 6.722131e+02 -7.744614e+00 -2.063155e+01 7.663277e+00
<VARIANCE> 6
 3.171015e+01 1.281363e+04 1.155935e+04 3.003832e+02 4.056576e+04 5.205853e+07
<GCONST> 6.738103e+01
<MIXTURE> 5 5.855846e-02
<MEAN> 6
 9.127425e+01 -1.245588e+02 4.515470e+02 3.355106e+00 1.149179e+01 -2.759341e+01
<VARIANCE> 6
 3.171015e+01 1.900747e+04 1.155935e+04 3.003832e+02 4.056576e+04 5.205853e+07
<GCONST> 6.777535e+01
<MIXTURE> 6 1.317601e-01
<MEAN> 6
 9.746385e+01 -6.277861e+02 5.860798e+02 -5.569666e-01 2.149699e+00 -2.040899e+02
<VARIANCE> 6
 3.171015e+01 1.281363e+04 1.155935e+04 3.003832e+02 4.056576e+04 5.205853e+07
<GCONST> 6.738103e+01
<MIXTURE> 7 1.111946e-01
<MEAN> 6
 8.575310e+01 -3.729556e+02 3.175252e+02 -8.356494e+00 1.669216e+01 2.803262e+02
<VARIANCE> 6
 3.171015e+01 1.281363e+04 1.155935e+04 3.003832e+02 4.056576e+04 5.205853e+07
<GCONST> 6.738103e+01
<MIXTURE> 8 1.166048e-01
<MEAN> 6
 9.021681e+01 -1.446830e+03 8.523210e+02 -1.308264e-01 2.379489e+00 5.840677e+01
<VARIANCE> 6
 3.171015e+01 1.281363e+04 1.155935e+04 3.003832e+02 4.056576e+04 5.205853e+07
<GCONST> 6.738103e+01
<MIXTURE> 9 8.907312e-02
<MEAN> 6
 9.725804e+01 -5.916705e+02 4.950544e+02 -9.063194e-01 -2.190565e-01 -1.100483e+02
<VARIANCE> 6
 3.171015e+01 1.281363e+04 1.427520e+04 3.003832e+02 4.056576e+04 5.205853e+07
<GCONST> 6.759206e+01
<MIXTURE> 10 1.404072e-02
<MEAN> 6
 7.991098e+01 -8.744668e+02 -2.383700e+02 -1.531057e+01 1.608515e+02 -6.213799e+02
<VARIANCE> 6
 1.084634e+02 6.706197e+05 3.083298e+05 3.601685e+02 4.623372e+04 5.205853e+07
<GCONST> 7.616447e+01
<MIXTURE> 11 4.119426e-02
<MEAN> 6
 8.016619e+01 -7.185499e+02 4.059299e+02 -1.043883e+01 1.274504e+01 2.008194e+02
<VARIANCE> 6
 3.171015e+01 1.281363e+04 1.155935e+04 3.003832e+02 4.056576e+04 5.205853e+07
<GCONST> 6.738103e+01
<MIXTURE> 12 5.039278e-02
<MEAN> 6
 9.277881e+01 -2.084993e+02 4.512654e+02 6.726620e-01 -8.984931e+01 -8.441526e+02
<VARIANCE> 6
 3.171015e+01 1.281363e+04 1.155935e+04 3.003832e+02 6.900576e+04 5.205853e+07
<GCONST> 6.791230e+01
<MIXTURE> 13 7.055431e-02
<MEAN> 6
 9.367564e+01 -3.689525e+02 7.427526e+02 -1.081425e+01 2.616310e+01 3.318059e+02
<VARIANCE> 6
 6.245671e+01 1.281363e+04 1.155935e+04 3.003832e+02 4.056576e+04 5.205853e+07
<GCONST> 6.805887e+01
<STATE> 6
<NUMMIXES> 13
<MIXTURE> 1 6.702001e-02
<MEAN> 6
 7.561146e+01 2.008829e+02 -1.358507e+03 2.372541e+00 1.924301e+01 2.332003e+01
<VARIANCE> 6
 3.171015e+01 1.281363e+04 1.155935e+04 3.003832e+02 4.056576e+04 5.205853e+07
<GCONST> 6.738103e+01
<MIXTURE> 2 5.549881e-02
<MEAN> 6
 7.933641e+01 4.061025e+02 -2.030245e+03 1.210312e+00 -1.619991e+01 -4.296687e+02
<VARIANCE> 6
 3.171015e+01 1.281363e+04 1.155935e+04 3.003832e+02 4.056576e+04 5.205853e+07
<GCONST> 6.738103e+01
<MIXTURE> 3 2.386744e-02
<MEAN> 6
 7.668012e+01 1.484384e+01 -1.855869e+03 4.764636e+01 -3.272723e+02 -7.703467e+02
<VARIANCE> 6
 1.349655e+02 3.727539e+05 1.349823e+06 2.453777e+03 9.466115e+04 5.205853e+07
<GCONST> 7.990776e+01
<MIXTURE> 4 1.130950e-01
<MEAN> 6
 8.172796e+01 1.821959e+02 -2.379356e+03 5.935012e-01 -4.039444e+00 5.150864e+01
<VARIANCE> 6
 3.171015e+01 1.281363e+04 1.155935e+04 3.003832e+02 4.056576e+04 5.205853e+07
<GCONST> 6.738103e+01
<MIXTURE> 5 9.696843e-02
<MEAN> 6
 7.461696e+01 3.621001e+01 -1.780944e+03 -4.200481e-01 1.633691e+01 -1.125760e+02
<VARIANCE> 6
 3.171015e+01 1.281363e+04 1.857540e+04 3.003832e+02 4.056576e+04 5.205853e+07
<GCONST> 6.785538e+01
<MIXTURE> 6 7.599629e-02
<MEAN> 6
 8.077951e+01 5.533415e+01 -2.163307e+03 -1.710506e+00 -1.935783e+01 -2.011891e+02
<VARIANCE> 6
 3.171015e+01 1.281363e+04 1.155935e+04 3.003832e+02 4.056576e+04 5.205853e+07
<GCONST> 6.738103e+01
<MIXTURE> 7 9.346476e-02
<MEAN> 6
 7.555246e+01 1.822584e+02 -1.379170e+03 2.428305e+00 1.623979e+01 -6.907867e+01
<VARIANCE> 6
 3.171015e+01 1.281363e+04 1.155935e+04 3.003832e+02 4.056576e+04 5.205853e+07
<GCONST> 6.738103e+01
<MIXTURE> 8 8.209944e-02
<MEAN> 6
 7.508728e+01 4.446919e+02 -2.124703e+03 2.357867e+00 -1.669489e+00 -5.020702e+00
<VARIANCE> 6
 3.171015e+01 1.281363e+04 1.155935e+04 3.003832e+02 4.056576e+04 5.205853e+07
<GCONST> 6.738103e+01
<MIXTURE> 9 1.127089e-01
<MEAN> 6
 8.171946e+01 1.794736e+02 -2.378489e+03 5.916810e-01 -4.185372e+00 5.390888e+01
<VARIANCE> 6
 3.171015e+01 1.281363e+04 1.155935e+04 3.003832e+02 4.056576e+04 5.205853e+07
<GCONST> 6.738103e+01
<MIXTURE> 10 7.502913e-02
<MEAN> 6
 8.083958e+01 5.644735e+01 -2.167445e+03 -1.611574e+00 -1.839967e+01 -1.907602e+02
<VARIANCE> 6
 3.171015e+01 1.281363e+04 1.155935e+04 3.003832e+02 4.056576e+04 5.205853e+07
<GCONST> 6.738103e+01
<MIXTURE> 11 8.280928e-02
<MEAN> 6
 7.507645e+01 4.448411e+02 -2.125220e+03 2.362734e+00 -1.624573e+00 -4.472404e+00
<VARIANCE> 6
 3.171015e+01 1.281363e+04 1.155935e+04 3.003832e+02 4.056576e+04 5.205853e+07
<GCONST> 6.738103e+01
<MIXTURE> 12 6.668361e-02
<MEAN> 6
 7.547813e+01 1.593566e+02 -1.408263e+03 2.667174e+00 1.408797e+01 -2.296667e+02
<VARIANCE> 6
 3.171015e+01 1.281363e+04 1.155935e+04 3.003832e+02 4.056576e+04 5.205853e+07
<GCONST> 6.738103e+01
<MIXTURE> 13 5.474998e-02
<MEAN> 6
 7.621881e+01 4.327102e+02 -2.094915e+03 2.090775e+00 -4.915625e+00 -7.142958e+01
<VARIANCE> 6
 3.171015e+01 1.281363e+04 1.155935e+04 3.003832e+02 4.056576e+04 5.205853e+07
<GCONST> 6.738103e+01
<STATE> 7
<NUMMIXES> 13
<MIXTURE> 1 7.198556e-02
<MEAN> 6
 1.258968e+02 1.892144e+02 2.374807e+02 -4.950876e+00 -1.485042e+01 2.850821e+02
<VARIANCE> 6
 3.171015e+01 1.607754e+04 1.155935e+04 3.003832e+02 4.056576e+04 5.205853e+07
<GCONST> 6.760795e+01
<MIXTURE> 2 7.045197e-02
<MEAN> 6
 9.734684e+01 -4.072139e+02 -5.262944e+02 1.046774e+00 -3.998037e+00 -8.398552e+01
<VARIANCE> 6
 3.171015e+01 1.281363e+04 1.155935e+04 3.003832e+02 4.056576e+04 5.205853e+07
<GCONST> 6.738103e+01
<MIXTURE> 3 6.802103e-02
<MEAN> 6
 1.133041e+02 -6.377290e+02 1.028333e+02 -3.309776e+00 -5.058204e+00 4.379320e+01
<VARIANCE> 6
 3.171015e+01 1.281363e+04 2.501258e+04 3.003832e+02 4.056576e+04 5.205853e+07
<GCONST> 6.815292e+01
<MIXTURE> 4 8.777217e-02
<MEAN> 6
 9.538838e+01 -6.700917e+02 -1.564438e+02 -3.195020e+00 -3.577565e+00 9.666311e+01
<VARIANCE> 6
 3.171015e+01 1.281363e+04 1.155935e+04 3.003832e+02 4.056576e+04 5.205853e+07
<GCONST> 6.738103e+01
<MIXTURE> 5 9.997217e-02
<MEAN> 6
 1.129511e+02 1.093701e+02 -4.240241e+02 -5.354982e+00 -1.028222e+01 -3.448110e+02
<VARIANCE> 6
 3.171015e+01 2.692100e+05 1.155935e+04 3.003832e+02 4.056576e+04 5.205853e+07
<GCONST> 7.042602e+01
<MIXTURE> 6 5.424352e-02
<MEAN> 6
 1.096085e+02 -1.202250e+03 -8.714516e+02 -2.321650e+00 -3.376503e+01 -5.073774e+02
<VARIANCE> 6
 3.171015e+01 1.281363e+04 1.155935e+04 3.003832e+02 4.056576e+04 5.205853e+07
<GCONST> 6.738103e+01
<MIXTURE> 7 1.039127e-01
<MEAN> 6
 1.096309e+02 6.020489e+00 3.766580e+02 2.610042e-01 -1.263376e+00 3.560887e+00
<VARIANCE> 6
 3.171015e+01 1.711614e+04 1.155935e+04 3.003832e+02 4.056576e+04 5.205853e+07
<GCONST> 6.767055e+01
<MIXTURE> 8 5.887880e-02
<MEAN> 6
 8.543240e+01 -5.232108e+02 -3.850838e+02 -4.529395e-01 1.912596e+01 -1.497095e+02
<VARIANCE> 6
 3.171015e+01 1.281363e+04 1.155935e+04 3.003832e+02 4.056576e+04 5.205853e+07
<GCONST> 6.738103e+01
<MIXTURE> 9 1.160212e-01
<MEAN> 6
 1.122165e+02 -2.323006e+01 2.639200e+02 -3.640341e+00 7.829083e+00 5.153340e+01
<VARIANCE> 6
 3.171015e+01 1.281363e+04 1.155935e+04 3.003832e+02 4.056576e+04 5.205853e+07
<GCONST> 6.738103e+01
<MIXTURE> 10 5.765326e-02
<MEAN> 6
 1.040777e+02 -9.258436e+02 7.924631e+01 -5.212636e+00 -1.760696e+01 -1.214974e+02
<VARIANCE> 6
 3.171015e+01 1.295461e+04 7.856560e+04 3.003832e+02 4.056576e+04 5.205853e+07
<GCONST> 6.930841e+01
<MIXTURE> 11 7.015035e-02
<MEAN> 6
 9.734693e+01 -4.073998e+02 -5.263112e+02 1.059528e+00 -4.024833e+00 -8.491541e+01
<VARIANCE> 6
 3.171015e+01 1.281363e+04 1.155935e+04 3.003832e+02 4.056576e+04 5.205853e+07
<GCONST> 6.738103e+01
<MIXTURE> 12 7.879428e-02
<MEAN> 6
 1.081914e+02 -7.199918e+02 -2.404395e+02 -4.339816e+00 -1.883311e+00 1.048297e+02
<VARIANCE> 6
 3.171015e+01 1.281363e+04 2.556081e+04 3.003832e+02 4.056576e+04 5.205853e+07
<GCONST> 6.817460e+01
<MIXTURE> 13 6.213023e-02
<MEAN> 6
 1.029193e+02 -9.362793e+02 -2.170064e+01 -3.084239e+00 -4.137596e+00 -3.847899e+01
<VARIANCE> 6
 3.171015e+01 1.401548e+04 2.949341e+04 3.003832e+02 4.056576e+04 5.205853e+07
<GCONST> 6.840736e+01
<STATE> 8
<NUMMIXES> 13
<MIXTURE> 1 1.128745e-01
<MEAN> 6
 7.036542e+01 1.562168e+02 -2.413640e+02 -6.924850e-01 -2.095585e+01 -1.089596e+02
<VARIANCE> 6
 3.171015e+01 1.281363e+04 1.155935e+04 3.003832e+02 4.056576e+04 5.205853e+07
<GCONST> 6.738103e+01
<MIXTURE> 2 8.552127e-02
<MEAN> 6
 7.649033e+01 -2.253363e+02 -5.017083e+02 -2.133039e-01 -1.122009e+01 -3.174266e+01
<VARIANCE> 6
 3.171015e+01 1.281363e+04 1.155935e+04 3.003832e+02 4.056576e+04 5.205853e+07
<GCONST> 6.738103e+01
<MIXTURE> 3 7.778497e-03
<MEAN> 6
 7.706060e+01 -2.234710e+02 2.247368e+01 1.718656e+00 6.565759e+01 2.072760e+02
<VARIANCE> 6
 1.315098e+02 5.247885e+05 2.787770e+05 3.003832e+02 6.614047e+04 5.205853e+07
<GCONST> 7.618774e+01
<MIXTURE> 4 8.362236e-02
<MEAN> 6
 6.856060e+01 2.697447e+01 -8.246326e+02 -4.536191e-01 -8.448456e+00 -2.604804e+02
<VARIANCE> 6
 3.171015e+01 1.281363e+04 1.188925e+04 3.003832e+02 4.056576e+04 5.205853e+07
<GCONST> 6.740917e+01
<MIXTURE> 5 6.622706e-02
<MEAN> 6
 7.128996e+01 8.782214e+01 -4.632750e+02 -2.874942e-01 5.536312e+00 6.179379e+01
<VARIANCE> 6
 3.171015e+01 1.281363e+04 1.155935e+04 3.003832e+02 4.056576e+04 5.205853e+07
<GCONST> 6.738103e+01
<MIXTURE> 6 2.949025e-03
<MEAN> 6
 7.575906e+01 -2.232509e+02 -1.023871e+03 -9.277065e-01 8.263624e-01 -1.101318e+02
<VARIANCE> 6
 3.171015e+01 1.651752e+04 1.155935e+04 3.003832e+02 4.056576e+04 5.205853e+07
<GCONST> 6.763494e+01
<MIXTURE> 7 1.043505e-01
<MEAN> 6
 7.202711e+01 -4.319211e+02 -7.632271e+02 -1.030114e+00 -7.299787e+00 -1.049933e+01
<VARIANCE> 6
 3.171015e+01 1.281363e+04 1.155935e+04 3.003832e+02 4.056576e+04 5.205853e+07
<GCONST> 6.738103e+01
<MIXTURE> 8 1.159007e-01
<MEAN> 6
 7.637928e+01 -2.816255e+02 -1.025353e+03 -7.162197e-01 7.827628e-01 -9.082818e+01
<VARIANCE> 6
 3.171015e+01 1.281363e+04 1.155935e+04 3.003832e+02 4.056576e+04 5.205853e+07
<GCONST> 6.738103e+01
<MIXTURE> 9 7.519672e-02
<MEAN> 6
 7.066883e+01 2.349926e+01 -1.017360e+03 -1.963424e+00 1.248818e+00 -4.637491e+01
<VARIANCE> 6
 3.171015e+01 1.281363e+04 1.155935e+04 3.003832e+02 4.056576e+04 5.205853e+07
<GCONST> 6.738103e+01
<MIXTURE> 10 1.041956e-01
<MEAN> 6
 7.202639e+01 -4.320072e+02 -7.633421e+02 -1.030084e+00 -7.304587e+00 -1.079666e+01
<VARIANCE> 6
 3.171015e+01 1.281363e+04 1.155935e+04 3.003832e+02 4.056576e+04 5.205853e+07
<GCONST> 6.738103e+01
<MIXTURE> 11 9.592693e-02
<MEAN> 6
 7.175474e+01 3.010627e+01 -1.060451e+03 -2.802506e+00 -9.461073e-01 -2.703286e+01
<VARIANCE> 6
 3.171015e+01 1.281363e+04 1.155935e+04 3.003832e+02 4.056576e+04 5.205853e+07
<GCONST> 6.738103e+01
<MIXTURE> 12 7.961910e-02
<MEAN> 6
 6.879639e+01 2.296677e+01 -8.653450e+02 -6.402007e-01 -4.992099e+00 -1.862777e+02
<VARIANCE> 6
 3.171015e+01 1.281363e+04 1.195045e+04 3.003832e+02 4.056576e+04 5.205853e+07
<GCONST> 6.741431e+01
<MIXTURE> 13 6.581566e-02
<MEAN> 6
 7.065912e+01 8.572491e+01 -5.106063e+02 2.028025e+00 -4.440814e+00 -2.085779e+02
<VARIANCE> 6
 3.171015e+01 1.281363e+04 1.155935e+04 3.003832e+02 4.056576e+04 5.205853e+07
<GCONST> 6.738103e+01
<STATE> 9
<NUMMIXES> 13
<MIXTURE> 1 6.376889e-02
<MEAN> 6
 8.484885e+01 6.836158e+02 1.077479e+03 -6.483930e+00 3.560242e+00 -5.118480e+00
<VARIANCE> 6
 3.171015e+01 1.281363e+04 1.155935e+04 3.003832e+02 4.056576e+04 5.205853e+07
<GCONST> 6.738103e+01
<MIXTURE> 2 5.378647e-03
<MEAN> 6
 8.615253e+01 -2.002927e+02 1.259682e+01 -4.198623e+00 -1.550017e+02 -3.408818e+03
<VARIANCE> 6
 2.692284e+02 1.307865e+06 7.019758e+05 3.893885e+02 9.098901e+04 5.278964e+07
<GCONST> 7.933328e+01
<MIXTURE> 3 9.672917e-02
<MEAN> 6
 5.871021e+01 1.670128e+02 9.834651e+02 8.076986e-02 -1.357787e+00 -1.077070e+02
<VARIANCE> 6
 3.171015e+01 1.281363e+04 1.155935e+04 3.003832e+02 4.056576e+04 5.205853e+07
<GCONST> 6.738103e+01
<MIXTURE> 4 7.299603e-02
<MEAN> 6
 6.193093e+01 2.002979e+02 7.396836e+02 1.699329e+00 1.837025e+01 -1.260684e+01
<VARIANCE> 6
 3.171015e+01 1.281363e+04 1.155935e+04 3.003832e+02 4.056576e+04 5.205853e+07
<GCONST> 6.738103e+01
<MIXTURE> 5 1.040675e-01
<MEAN> 6
 7.552795e+01 4.363222e+02 8.709102e+02 -2.089924e+00 7.159055e-01 2.259574e+01
<VARIANCE> 6
 3.171015e+01 1.281363e+04 1.155935e+04 3.003832e+02 4.056576e+04 5.205853e+07
<GCONST> 6.738103e+01
<MIXTURE> 6 9.679546e-02
<MEAN> 6
 5.871002e+01 1.670064e+02 9.834809e+02 8.076991e-02 -1.358108e+00 -1.077260e+02
<VARIANCE> 6
 3.171015e+01 1.281363e+04 1.155935e+04 3.003832e+02 4.056576e+04 5.205853e+07
<GCONST> 6.738103e+01
<MIXTURE> 7 5.238038e-02
<MEAN> 6
 7.311651e+01 -3.324142e+01 6.197982e+02 2.640872e+00 1.538312e+01 -3.795777e+02
<VARIANCE> 6
 3.171015e+01 1.281363e+04 1.155935e+04 3.003832e+02 4.056576e+04 5.205853e+07
<GCONST> 6.738103e+01
<MIXTURE> 8 9.696691e-02
<MEAN> 6
 5.871023e+01 1.670133e+02 9.834639e+02 8.077013e-02 -1.357769e+00 -1.077057e+02
<VARIANCE> 6
 3.171015e+01 1.281363e+04 1.155935e+04 3.003832e+02 4.056576e+04 5.205853e+07
<GCONST> 6.738103e+01
<MIXTURE> 9 9.332721e-02
<MEAN> 6
 7.195404e+01 3.183215e+02 6.786120e+02 -1.799014e+00 -9.741642e+00 6.141123e+01
<VARIANCE> 6
 3.171015e+01 1.281363e+04 1.155935e+04 3.003832e+02 4.056576e+04 5.205853e+07
<GCONST> 6.738103e+01
<MIXTURE> 10 9.675309e-02
<MEAN> 6
 5.871051e+01 1.670227e+02 9.834407e+02 8.076848e-02 -1.357318e+00 -1.076782e+02
<VARIANCE> 6
 3.171015e+01 1.281363e+04 1.155935e+04 3.003832e+02 4.056576e+04 5.205853e+07
<GCONST> 6.738103e+01
<MIXTURE> 11 7.357889e-02
<MEAN> 6
 6.196127e+01 2.001647e+02 7.379999e+02 1.769482e+00 1.910943e+01 -1.861052e+01
<VARIANCE> 6
 3.171015e+01 1.281363e+04 1.155935e+04 3.003832e+02 4.056576e+04 5.205853e+07
<GCONST> 6.738103e+01
<MIXTURE> 12 8.630788e-02
<MEAN> 6
 7.165928e+01 3.102987e+02 6.533982e+02 -2.434723e+00 -1.664647e+01 -2.042598e+01
<VARIANCE> 6
 3.171015e+01 1.281363e+04 1.155935e+04 3.003832e+02 4.056576e+04 5.205853e+07
<GCONST> 6.738103e+01
<MIXTURE> 13 6.092260e-02
<MEAN> 6
 8.138032e+01 5.989417e+02 1.034907e+03 -5.334081e+00 2.482798e+00 -4.975813e+00
<VARIANCE> 6
 3.171015e+01 1.281363e+04 1.155935e+04 3.003832e+02 4.056576e+04 5.205853e+07
<GCONST> 6.738103e+01
<STATE> 10
<NUMMIXES> 13
<MIXTURE> 1 8.484701e-02
<MEAN> 6
 7.940676e+01 8.680872e+01 1.482009e+02 -2.521434e+00 -5.213323e+01 -5.037958e+01
<VARIANCE> 6
 3.171015e+01 1.281363e+04 1.155935e+04 3.003832e+02 4.056576e+04 5.205853e+07
<GCONST> 6.738103e+01
<MIXTURE> 2 7.145450e-02
<MEAN> 6
 7.295296e+01 -1.713833e+01 1.675348e+02 -2.544620e+00 -6.032048e+00 -6.443161e+01
<VARIANCE> 6
 3.171015e+01 1.281363e+04 1.155935e+04 3.003832e+02 4.056576e+04 5.205853e+07
<GCONST> 6.738103e+01
<MIXTURE> 3 7.418145e-03
<MEAN> 6
 7.690704e+01 9.489016e+01 5.575089e+01 1.565147e+01 3.259212e+02 -3.510886e+03
<VARIANCE> 6
 1.389392e+02 5.841501e+05 2.971759e+05 8.435760e+02 2.674517e+05 9.064720e+07
<GCONST> 7.939812e+01
<MIXTURE> 4 1.055192e-01
<MEAN> 6
 7.377332e+01 8.231366e+01 -4.798903e+01 -3.481153e+00 1.385845e+01 6.250754e+01
<VARIANCE> 6
 4.608835e+01 1.281363e+04 1.155935e+04 3.003832e+02 4.056576e+04 5.205853e+07
<GCONST> 6.775495e+01
<MIXTURE> 5 8.236309e-02
<MEAN> 6
 7.224043e+01 -2.406211e+01 1.669897e+02 -2.554410e+00 -5.188796e+00 -7.686423e+01
<VARIANCE> 6
 3.171015e+01 1.281363e+04 1.155935e+04 3.003832e+02 4.056576e+04 5.205853e+07
<GCONST> 6.738103e+01
<MIXTURE> 6 7.466456e-02
<MEAN> 6
 7.585101e+01 -5.857511e+00 1.562354e+02 -2.849847e+00 -1.286298e+01 -1.832511e+01
<VARIANCE> 6
 3.171015e+01 1.281363e+04 1.155935e+04 3.003832e+02 4.056576e+04 5.205853e+07
<GCONST> 6.738103e+01
<MIXTURE> 7 1.156062e-01
<MEAN> 6
 7.524280e+01 -2.082179e+02 9.414195e+01 -4.352673e+00 4.364043e+00 4.190015e+01
<VARIANCE> 6
 3.782356e+01 1.281363e+04 1.155935e+04 3.003832e+02 4.056576e+04 5.205853e+07
<GCONST> 6.755733e+01
<MIXTURE> 8 7.266205e-02
<MEAN> 6
 7.233264e+01 -2.304156e+01 1.670152e+02 -2.555776e+00 -5.286468e+00 -7.496503e+01
<VARIANCE> 6
 3.171015e+01 1.281363e+04 1.155935e+04 3.003832e+02 4.056576e+04 5.205853e+07
<GCONST> 6.738103e+01
<MIXTURE> 9 7.964402e-02
<MEAN> 6
 7.896389e+01 1.344186e+01 1.234949e+02 -3.323114e+00 -3.248293e+01 -2.125475e+01
<VARIANCE> 6
 3.171015e+01 1.281363e+04 1.155935e+04 3.003832e+02 4.056576e+04 5.205853e+07
<GCONST> 6.738103e+01
<MIXTURE> 10 7.913234e-02
<MEAN> 6
 7.259569e+01 -2.318646e+01 1.668351e+02 -2.527141e+00 -5.536203e+00 -7.424612e+01
<VARIANCE> 6
 3.171015e+01 1.281363e+04 1.155935e+04 3.003832e+02 4.056576e+04 5.205853e+07
<GCONST> 6.738103e+01
<MIXTURE> 11 8.278953e-02
<MEAN> 6
 7.153886e+01 -2.682883e+01 1.665157e+02 -2.641046e+00 -4.722302e+00 -8.227625e+01
<VARIANCE> 6
 3.171015e+01 1.281363e+04 1.155935e+04 3.003832e+02 4.056576e+04 5.205853e+07
<GCONST> 6.738103e+01
<MIXTURE> 12 7.208423e-02
<MEAN> 6
 7.133470e+01 -2.801443e+01 1.661198e+02 -2.676579e+00 -4.646497e+00 -8.389817e+01
<VARIANCE> 6
 3.171015e+01 1.281363e+04 1.155935e+04 3.003832e+02 4.056576e+04 5.205853e+07
<GCONST> 6.738103e+01
<MIXTURE> 13 7.180253e-02
<MEAN> 6
 7.121803e+01 -3.188563e+01 1.646625e+02 -2.698092e+00 -4.585225e+00 -8.620229e+01
<VARIANCE> 6
 3.171015e+01 1.281363e+04 1.155935e+04 3.003832e+02 4.056576e+04 5.205853e+07
<GCONST> 6.738103e+01
<STATE> 11
<NUMMIXES> 13
<MIXTURE> 1 9.977282e-02
<MEAN> 6
 7.141987e+01 1.313668e+03 -1.119796e+03 6.406843e-01 -5.437823e+00 -1.443284e+02
<VARIANCE> 6
 3.171015e+01 1.281363e+04 1.155935e+04 3.003832e+02 4.056576e+04 5.205853e+07
<GCONST> 6.738103e+01
<MIXTURE> 2 5.619487e-02
<MEAN> 6
 7.898390e+01 1.523245e+03 4.528021e+02 -1.653159e+00 -9.448889e+00 -2.932265e+02
<VARIANCE> 6
 3.171015e+01 1.281363e+04 1.155935e+04 3.003832e+02 4.056576e+04 5.205853e+07
<GCONST> 6.738103e+01
<MIXTURE> 3 9.124517e-02
<MEAN> 6
 6.530427e+01 9.469637e+02 -1.433748e+02 -4.369247e-02 1.038096e-01 -1.493855e+02
<VARIANCE> 6
 3.171015e+01 1.281363e+04 1.155935e+04 3.003832e+02 4.056576e+04 5.205853e+07
<GCONST> 6.738103e+01
<MIXTURE> 4 6.361253e-02
<MEAN> 6
 4.662097e+01 4.461642e+02 -8.758887e+01 5.149919e+00 4.109779e+01 -2.115364e+02
<VARIANCE> 6
 3.171015e+01 1.281363e+04 1.155935e+04 3.003832e+02 4.056576e+04 5.205853e+07
<GCONST> 6.738103e+01
<MIXTURE> 5 5.804300e-02
<MEAN> 6
 8.236663e+01 1.317118e+03 -2.186822e+02 1.002268e+00 -4.195950e+00 -3.420620e+02
<VARIANCE> 6
 3.171015e+01 2.598403e+05 9.026362e+04 3.003832e+02 4.056576e+04 5.205853e+07
<GCONST> 7.244583e+01
<MIXTURE> 6 6.243633e-02
<MEAN> 6
 6.529998e+01 8.861069e+02 -1.562897e+02 -3.128236e-01 -3.304394e+00 -1.555271e+02
<VARIANCE> 6
 3.171015e+01 1.388011e+04 1.155935e+04 3.003832e+02 4.056576e+04 5.205853e+07
<GCONST> 6.746098e+01
<MIXTURE> 7 8.392005e-02
<MEAN> 6
 8.324877e+01 1.029343e+03 3.322174e+02 -1.622226e+00 -3.973912e+00 -1.480764e+02
<VARIANCE> 6
 3.171015e+01 1.281363e+04 1.155935e+04 3.003832e+02 4.056576e+04 5.205853e+07
<GCONST> 6.738103e+01
<MIXTURE> 8 9.952953e-02
<MEAN> 6
 7.141987e+01 1.313668e+03 -1.119796e+03 6.406841e-01 -5.437824e+00 -1.443300e+02
<VARIANCE> 6
 3.171015e+01 1.281363e+04 1.155935e+04 3.003832e+02 4.056576e+04 5.205853e+07
<GCONST> 6.738103e+01
<MIXTURE> 9 8.327957e-02
<MEAN> 6
 8.368439e+01 1.061346e+03 2.861474e+02 -1.045246e+00 -7.925140e+00 -2.965369e+02
<VARIANCE> 6
 3.171015e+01 1.281363e+04 1.155935e+04 3.003832e+02 4.056576e+04 5.205853e+07
<GCONST> 6.738103e+01
<MIXTURE> 10 9.137897e-02
<MEAN> 6
 6.531295e+01 9.423475e+02 -1.449881e+02 -6.206994e-02 -1.295219e-01 -1.454714e+02
<VARIANCE> 6
 3.171015e+01 1.281363e+04 1.155935e+04 3.003832e+02 4.056576e+04 5.205853e+07
<GCONST> 6.738103e+01
<MIXTURE> 11 9.081566e-02
<MEAN> 6
 8.535429e+01 6.748252e+02 -6.336169e+02 3.566751e+00 1.281279e+01 -1.947457e+02
<VARIANCE> 6
 3.171015e+01 6.393266e+04 1.155935e+04 3.003832e+02 4.056576e+04 5.205853e+07
<GCONST> 6.898835e+01
<MIXTURE> 12 6.422335e-02
<MEAN> 6
 6.511357e+01 8.086071e+02 -1.605604e+02 -7.451181e-01 -1.019393e+01 -2.654255e+02
<VARIANCE> 6
 3.171015e+01 1.417506e+04 1.155935e+04 3.003832e+02 4.056576e+04 5.205853e+07
<GCONST> 6.748201e+01
<MIXTURE> 13 5.553482e-02
<MEAN> 6
 7.962835e+01 1.451353e+03 4.590880e+02 -1.509360e+00 -4.408423e+00 -1.514547e+02
<VARIANCE> 6
 3.171015e+01 1.729295e+04 1.155935e+04 3.003832e+02 4.056576e+04 5.205853e+07
<GCONST> 6.768082e+01
<STATE> 12
<NUMMIXES> 13
<MIXTURE> 1 8.922538e-02
<MEAN> 6
 7.919998e+01 -8.362394e+02 4.105067e+03 -1.353368e+00 -4.783740e+00 -4.126141e+01
<VARIANCE> 6
 3.171015e+01 1.307844e+05 3.713060e+05 3.003832e+02 4.056576e+04 5.205853e+07
<GCONST> 7.317361e+01
<MIXTURE> 2 9.212131e-02
<MEAN> 6
 7.521784e+01 -8.924002e+03 1.476042e+03 -2.574306e+00 -5.092618e+00 -3.967141e+01
<VARIANCE> 6
 3.171015e+01 1.955914e+04 1.767170e+05 3.003832e+02 4.056576e+04 5.205853e+07
<GCONST> 7.053102e+01
<MIXTURE> 3 4.286687e-02
<MEAN> 6
 6.774858e+01 3.144628e+02 8.935864e+02 -3.093747e+00 -2.897012e+00 -7.970287e+01
<VARIANCE> 6
 3.171015e+01 1.281363e+04 6.277102e+05 3.003832e+02 4.056576e+04 5.205853e+07
<GCONST> 7.137562e+01
<MIXTURE> 4 5.681334e-02
<MEAN> 6
 7.463746e+01 -1.012124e+03 1.482163e+02 3.531100e-01 8.216241e+00 -3.253083e+01
<VARIANCE> 6
 3.171015e+01 1.953451e+04 1.085959e+05 3.003832e+02 4.056576e+04 5.205853e+07
<GCONST> 7.004285e+01
<MIXTURE> 5 1.027713e-01
<MEAN> 6
 7.283014e+01 -7.809555e+02 1.854435e+03 -1.799461e+00 -3.691093e+00 -8.989211e+01
<VARIANCE> 6
 3.171015e+01 3.251934e+04 2.517867e+04 3.261229e+02 4.056576e+04 5.205853e+07
<GCONST> 6.917307e+01
<MIXTURE> 6 9.458949e-02
<MEAN> 6
 6.345355e+01 -8.758250e+02 1.119575e+03 -1.876147e+00 -3.884883e+00 -1.328123e+02
<VARIANCE> 6
 3.246593e+01 1.281363e+04 1.155935e+04 3.003832e+02 4.056576e+04 5.205853e+07
<GCONST> 6.740459e+01
<MIXTURE> 7 9.326043e-02
<MEAN> 6
 5.337708e+01 -4.740243e+02 2.577096e+03 2.657345e-01 -7.481820e+00 -1.106824e+02
<VARIANCE> 6
 3.171015e+01 1.281363e+04 2.451741e+04 3.003832e+02 4.056576e+04 5.205853e+07
<GCONST> 6.813292e+01
<MIXTURE> 8 7.452425e-02
<MEAN> 6
 7.577868e+01 2.861148e+03 4.590880e+02 -2.328585e+00 -1.564243e+01 -5.068402e+01
<VARIANCE> 6
 3.171015e+01 1.281363e+04 1.155935e+04 3.003832e+02 4.056576e+04 5.205853e+07
<GCONST> 6.738103e+01
<MIXTURE> 9 8.767333e-02
<MEAN> 6
 8.104601e+01 -1.517929e+03 -6.274555e+02 -1.038610e+00 -7.324531e+00 -6.583293e+01
<VARIANCE> 6
 3.171015e+01 1.418896e+05 3.667762e+04 3.003832e+02 4.056576e+04 5.205853e+07
<GCONST> 7.094025e+01
<MIXTURE> 10 7.715026e-02
<MEAN> 6
 6.447763e+01 -9.750999e+02 1.186853e+03 6.256809e-01 1.963967e+00 -2.044171e+02
<VARIANCE> 6
 3.171015e+01 1.281363e+04 6.666519e+04 3.003832e+02 4.056576e+04 5.205853e+07
<GCONST> 6.913322e+01
<MIXTURE> 11 6.727733e-02
<MEAN> 6
 6.536380e+01 -5.198560e+02 1.473965e+03 -9.468552e-01 -5.948976e+00 -1.956379e+02
<VARIANCE> 6
 3.171015e+01 1.281363e+04 1.155935e+04 3.003832e+02 4.056576e+04 5.205853e+07
<GCONST> 6.738103e+01
<MIXTURE> 12 5.866720e-02
<MEAN> 6
 7.412390e+01 -1.017030e+03 1.614414e+02 2.345640e-01 9.144662e+00 -2.085200e+01
<VARIANCE> 6
 3.171015e+01 1.281363e+04 1.020984e+05 3.003832e+02 4.056576e+04 5.205853e+07
<GCONST> 6.955948e+01
<MIXTURE> 13 6.304996e-02
<MEAN> 6
 6.205990e+01 2.276321e+02 -3.254655e+02 -1.165213e+00 9.782904e+00 1.762182e+02
<VARIANCE> 6
 3.171015e+01 1.281363e+04 1.155935e+04 3.003832e+02 4.056576e+04 5.205853e+07
<GCONST> 6.738103e+01
<STATE> 13
<NUMMIXES> 13
<MIXTURE> 1 8.431702e-03
<MEAN> 6
 3.294558e+00 -4.666550e+02 1.676423e+01 2.983840e+01 -2.775960e+02 7.322809e+03
<VARIANCE> 6
 9.625261e+03 7.174539e+05 1.278096e+06 1.600124e+06 8.794799e+08 1.274405e+12
<GCONST> 1.104977e+02
<MIXTURE> 2 9.399489e-02
<MEAN> 6
 1.092246e+02 2.145211e+02 4.584117e+02 -7.228650e+00 -3.804498e+01 -2.926184e+02
<VARIANCE> 6
 2.459302e+02 1.332360e+06 8.420089e+05 3.003832e+02 4.056576e+04 5.205853e+07
<GCONST> 7.836194e+01
<MIXTURE> 3 6.012643e-02
<MEAN> 6
 4.290042e+01 -6.319014e+01 -5.379202e+00 -7.588161e+01 -1.832660e+02 6.141000e+03
<VARIANCE> 6
 5.039985e+03 5.374985e+05 3.344878e+05 8.561952e+04 5.547804e+06 3.314355e+09
<GCONST> 9.427557e+01
<MIXTURE> 4 1.134213e-01
<MEAN> 6
 -3.822663e+01 -9.042410e+01 1.984316e+01 5.175533e+01 8.030962e+02 -8.543181e+02
<VARIANCE> 6
 4.272959e+02 2.748147e+05 2.480993e+05 3.326434e+04 2.303703e+05 1.041383e+08
<GCONST> 8.325109e+01
<MIXTURE> 5 2.929780e-02
<MEAN> 6
 3.185522e+01 1.122317e+03 -3.780416e+02 -3.807713e+01 -2.129103e+02 1.528828e+03
<VARIANCE> 6
 5.541788e+03 2.754653e+07 1.915367e+06 5.381973e+04 2.641046e+06 1.866795e+09
<GCONST> 9.827171e+01
<MIXTURE> 6 9.793096e-02
<MEAN> 6
 2.807271e+01 -7.383396e+01 2.833289e+01 2.611702e+02 -8.064935e+01 -3.688784e+03
<VARIANCE> 6
 9.413279e+02 3.773651e+05 6.893264e+05 6.358685e+03 2.233752e+05 7.215193e+07
<GCONST> 8.332746e+01
<MIXTURE> 7 6.163432e-02
<MEAN> 6
 8.138200e+01 3.322065e+02 -4.452736e+02 2.646539e-01 -3.568663e+01 -3.217396e+02
<VARIANCE> 6
 1.929103e+02 6.134521e+05 7.699425e+05 3.003832e+02 4.056576e+04 5.205853e+07
<GCONST> 7.725404e+01
<MIXTURE> 8 9.382624e-02
<MEAN> 6
 9.692513e+01 -4.307909e+01 -9.368944e+00 1.679286e+00 -7.509109e+02 -1.123035e+03
<VARIANCE> 6
 4.021621e+02 8.011022e+05 4.916553e+05 1.731467e+04 7.873276e+05 3.047140e+08
<GCONST> 8.659399e+01
<MIXTURE> 9 1.081677e-01
<MEAN> 6
 -6.432486e+01 3.953174e+00 -1.394251e+02 3.151342e+00 2.140510e+02 3.738783e+02
<VARIANCE> 6
 3.408857e+02 3.444230e+05 7.529061e+05 1.297331e+03 8.989290e+04 5.205853e+07
<GCONST> 7.948245e+01
<MIXTURE> 10 1.154096e-01
<MEAN> 6
 6.169032e+01 -2.835983e+01 8.562691e+01 -8.490363e+01 -3.797368e+02 5.360554e+02
<VARIANCE> 6
 1.340641e+03 1.429116e+05 3.213983e+05 2.936279e+04 1.635766e+05 5.205853e+07
<GCONST> 8.283899e+01
<MIXTURE> 11 7.422723e-02
<MEAN> 6
 5.436449e+01 -8.200452e+01 2.040498e+01 -1.514650e+02 -9.091686e+02 2.832714e+03
<VARIANCE> 6
 8.424651e+02 3.428420e+05 2.068594e+06 4.868662e+04 4.004170e+05 1.874507e+08
<GCONST> 8.779345e+01
<MIXTURE> 12 8.170439e-02
<MEAN> 6
 -5.135447e+01 -2.574892e+01 -2.784167e+01 -5.536829e+01 1.260982e+03 -1.764211e+03
<VARIANCE> 6
 5.144282e+02 4.635949e+05 2.044645e+06 3.799010e+04 8.686924e+05 4.565769e+08
<GCONST> 8.900692e+01
<MIXTURE> 13 6.143681e-02
<MEAN> 6
 7.947210e+01 1.132999e+02 -6.112338e+02 -6.114258e-01 -2.696082e+01 -2.110954e+02
<VARIANCE> 6
 1.649883e+02 4.953767e+05 1.396449e+06 3.003832e+02 4.056576e+04 5.205853e+07
<GCONST> 7.747927e+01
<TRANSP> 14
 0.000000e+00 1.000000e+00 0.000000e+00 0.000000e+00 0.000000e+00 0.000000e+00 0.000000e+00 0.000000e+00 0.000000e+00 0.000000e+00 0.000000e+00 0.000000e+00 0.000000e+00 0.000000e+00
 0.000000e+00 9.999230e-01 7.702399e-05 0.000000e+00 0.000000e+00 0.000000e+00 0.000000e+00 0.000000e+00 0.000000e+00 0.000000e+00 0.000000e+00 0.000000e+00 0.000000e+00 0.000000e+00
 0.000000e+00 0.000000e+00 9.973804e-01 2.619538e-03 0.000000e+00 0.000000e+00 0.000000e+00 0.000000e+00 0.000000e+00 0.000000e+00 0.000000e+00 0.000000e+00 0.000000e+00 0.000000e+00
 0.000000e+00 0.000000e+00 0.000000e+00 9.978905e-01 2.109565e-03 0.000000e+00 0.000000e+00 0.000000e+00 0.000000e+00 0.000000e+00 0.000000e+00 0.000000e+00 0.000000e+00 0.000000e+00
 0.000000e+00 0.000000e+00 0.000000e+00 0.000000e+00 9.949192e-01 5.080812e-03 0.000000e+00 0.000000e+00 0.000000e+00 0.000000e+00 0.000000e+00 0.000000e+00 0.000000e+00 0.000000e+00
 0.000000e+00 0.000000e+00 0.000000e+00 0.000000e+00 0.000000e+00 9.950113e-01 4.988694e-03 0.000000e+00 0.000000e+00 0.000000e+00 0.000000e+00 0.000000e+00 0.000000e+00 0.000000e+00
 0.000000e+00 0.000000e+00 0.000000e+00 0.000000e+00 0.000000e+00 0.000000e+00 9.976344e-01 2.365672e-03 0.000000e+00 0.000000e+00 0.000000e+00 0.000000e+00 0.000000e+00 0.000000e+00
 0.000000e+00 0.000000e+00 0.000000e+00 0.000000e+00 0.000000e+00 0.000000e+00 0.000000e+00 9.971355e-01 2.864501e-03 0.000000e+00 0.000000e+00 0.000000e+00 0.000000e+00 0.000000e+00
 0.000000e+00 0.000000e+00 0.000000e+00 0.000000e+00 0.000000e+00 0.000000e+00 0.000000e+00 0.000000e+00 9.943163e-01 5.683688e-03 0.000000e+00 0.000000e+00 0.000000e+00 0.000000e+00
 0.000000e+00 0.000000e+00 0.000000e+00 0.000000e+00 0.000000e+00 0.000000e+00 0.000000e+00 0.000000e+00 0.000000e+00 9.968327e-01 3.167321e-03 0.000000e+00 0.000000e+00 0.000000e+00
 0.000000e+00 0.000000e+00 0.000000e+00 0.000000e+00 0.000000e+00 0.000000e+00 0.000000e+00 0.000000e+00 0.000000e+00 0.000000e+00 9.964229e-01 3.577089e-03 0.000000e+00 0.000000e+00
 0.000000e+00 0.000000e+00 0.000000e+00 0.000000e+00 0.000000e+00 0.000000e+00 0.000000e+00 0.000000e+00 0.000000e+00 0.000000e+00 0.000000e+00 9.983802e-01 1.619861e-03 0.000000e+00
 0.000000e+00 0.000000e+00 0.000000e+00 0.000000e+00 0.000000e+00 0.000000e+00 0.000000e+00 0.000000e+00 0.000000e+00 0.000000e+00 0.000000e+00 0.000000e+00 9.999040e-01 9.604678e-05
 0.000000e+00 0.000000e+00 0.000000e+00 0.000000e+00 0.000000e+00 0.000000e+00 0.000000e+00 0.000000e+00 0.000000e+00 0.000000e+00 0.000000e+00 0.000000e+00 0.000000e+00 0.000000e+00
<ENDHMM>
~h "SegundoESO"
<BEGINHMM>
<NUMSTATES> 14
<STATE> 2
<NUMMIXES> 13
<MIXTURE> 1 5.498528e-02
<MEAN> 6
 7.174892e+01 1.320487e+04 -1.200183e+03 -6.962179e-01 -3.865600e+00 -1.696443e+02
<VARIANCE> 6
 3.171015e+01 1.281363e+04 1.157823e+04 3.003832e+02 4.056576e+04 5.205853e+07
<GCONST> 6.738267e+01
<MIXTURE> 2 6.632237e-02
<MEAN> 6
 7.270424e+01 -1.969661e+03 4.340475e+03 5.603513e-01 9.664410e+00 -1.397599e+02
<VARIANCE> 6
 3.171015e+01 2.174992e+05 6.621360e+06 3.003832e+02 4.056576e+04 5.205853e+07
<GCONST> 7.656328e+01
<MIXTURE> 3 6.630308e-02
<MEAN> 6
 6.532609e+01 2.249694e+03 -1.271909e+03 -1.180639e-01 -1.086378e+01 -1.343809e+02
<VARIANCE> 6
 3.171015e+01 1.408752e+06 1.155935e+04 3.003832e+02 4.056576e+04 5.205853e+07
<GCONST> 7.208099e+01
<MIXTURE> 4 7.141035e-02
<MEAN> 6
 7.832920e+01 6.760790e+02 2.232269e+03 8.858146e-02 -1.097347e-01 -4.636600e+01
<VARIANCE> 6
 3.171015e+01 1.415182e+06 7.425888e+05 3.003832e+02 4.056576e+04 5.205853e+07
<GCONST> 7.624818e+01
<MIXTURE> 5 1.042769e-01
<MEAN> 6
 5.701309e+01 6.465491e+02 -3.899508e+03 1.962013e+00 -2.676004e-01 -5.294419e+01
<VARIANCE> 6
 3.171015e+01 1.281363e+04 1.319968e+06 3.003832e+02 4.056576e+04 5.205853e+07
<GCONST> 7.211890e+01
<MIXTURE> 6 1.091641e-01
<MEAN> 6
 7.390878e+01 7.310756e+02 -2.550509e+03 3.894550e-01 -3.547093e+00 -5.294555e+01
<VARIANCE> 6
 3.171015e+01 5.195796e+05 2.389637e+05 3.003832e+02 4.056576e+04 5.205853e+07
<GCONST> 7.411237e+01
<MIXTURE> 7 1.332589e-01
<MEAN> 6
 6.274498e+01 6.310376e+01 -1.717077e+03 2.454322e-01 -1.426216e+00 -1.429360e+02
<VARIANCE> 6
 3.171015e+01 5.261947e+04 5.338336e+04 3.003832e+02 4.056576e+04 5.205853e+07
<GCONST> 7.032362e+01
<MIXTURE> 8 6.587468e-02
<MEAN> 6
 6.148980e+01 1.357566e+03 -1.048306e+03 8.548936e-01 -1.565409e+00 -4.007560e+01
<VARIANCE> 6
 3.171015e+01 3.016145e+05 1.596803e+05 3.003832e+02 4.056576e+04 5.205853e+07
<GCONST> 7.316535e+01
<MIXTURE> 9 3.976291e-02
<MEAN> 6
 7.867972e+01 -2.654713e+03 5.103756e+01 -2.601083e+00 -2.372081e+01 -6.674078e+01
<VARIANCE> 6
 3.171015e+01 1.656438e+07 9.555566e+05 3.003832e+02 4.056576e+04 5.205853e+07
<GCONST> 7.896033e+01
<MIXTURE> 10 4.728735e-02
<MEAN> 6
 5.512689e+01 1.138338e+02 -3.545082e+03 1.621173e-02 1.956627e+00 -2.760936e+01
<VARIANCE> 6
 3.171015e+01 1.281363e+04 1.011010e+06 3.003832e+02 4.056576e+04 5.205853e+07
<GCONST> 7.185224e+01
<MIXTURE> 11 8.804800e-02
<MEAN> 6
 6.270948e+01 6.001949e+02 -9.828436e+02 1.746777e-02 -3.128750e-01 -5.020248e+01
<VARIANCE> 6
 3.171015e+01 3.446338e+05 5.417859e+04 3.003832e+02 4.056576e+04 5.205853e+07
<GCONST> 7.221780e+01
<MIXTURE> 12 8.199745e-02
<MEAN> 6
 7.032585e+01 -2.228454e+03 5.619447e+01 2.101385e-01 -2.494325e-01 -6.150605e+01
<VARIANCE> 6
 3.171015e+01 6.009759e+04 1.872296e+05 3.003832e+02 4.056576e+04 5.205853e+07
<GCONST> 7.171133e+01
<MIXTURE> 13 7.128375e-02
<MEAN> 6
 7.791023e+01 9.708964e+02 1.952479e+03 2.162014e-02 1.301989e+00 -4.277116e+01
<VARIANCE> 6
 3.171015e+01 1.585773e+06 8.019333e+05 3.003832e+02 4.056576e+04 5.205853e+07
<GCONST> 7.643888e+01
<STATE> 3
<NUMMIXES> 13
<MIXTURE> 1 5.618113e-03
<MEAN> 6
 6.814291e+01 -8.315932e+02 6.052195e+02 -9.808123e+00 2.926712e+01 6.405104e+02
<VARIANCE> 6
 1.199452e+02 1.483912e+06 3.512114e+06 3.262423e+02 4.951297e+04 5.205853e+07
<GCONST> 7.946173e+01
<MIXTURE> 2 8.923738e-02
<MEAN> 6
 7.287518e+01 -2.473634e+02 7.514961e+02 2.844506e-01 5.367643e+00 -1.186989e+02
<VARIANCE> 6
 3.171015e+01 1.901128e+05 5.325861e+04 3.003832e+02 4.056576e+04 5.205853e+07
<GCONST> 7.160580e+01
<MIXTURE> 3 7.141467e-02
<MEAN> 6
 7.755854e+01 4.435839e+02 4.260723e+02 -1.598163e+00 1.354580e+00 -6.546581e+01
<VARIANCE> 6
 3.171015e+01 3.541305e+04 1.339645e+04 3.003832e+02 4.056576e+04 5.205853e+07
<GCONST> 6.854510e+01
<MIXTURE> 4 9.069204e-02
<MEAN> 6
 7.407867e+01 6.826464e+02 5.839060e+02 7.440270e-01 -8.010903e+00 -1.091623e+02
<VARIANCE> 6
 3.171015e+01 1.281363e+04 5.205071e+05 3.003832e+02 4.056576e+04 5.205853e+07
<GCONST> 7.118834e+01
<MIXTURE> 5 6.348992e-02
<MEAN> 6
 6.446498e+01 1.128397e+02 3.254164e+02 -5.834705e-01 -8.292915e+00 -1.790285e+02
<VARIANCE> 6
 3.171015e+01 1.281363e+04 1.208960e+04 3.003832e+02 4.056576e+04 5.205853e+07
<GCONST> 6.742589e+01
<MIXTURE> 6 5.777867e-02
<MEAN> 6
 7.692574e+01 2.834756e+02 -1.561752e+02 -4.410064e-01 -1.252199e+01 -9.860943e+01
<VARIANCE> 6
 3.171015e+01 1.281363e+04 3.411867e+04 3.003832e+02 4.056576e+04 5.205853e+07
<GCONST> 6.846338e+01
<MIXTURE> 7 1.300364e-01
<MEAN> 6
 7.730408e+01 -5.154971e+01 1.037946e+03 -9.958645e-01 -2.293097e+00 -1.042990e+02
<VARIANCE> 6
 3.171015e+01 1.154402e+05 4.528221e+05 3.003832e+02 4.056576e+04 5.205853e+07
<GCONST> 7.324728e+01
<MIXTURE> 8 3.293699e-02
<MEAN> 6
 7.439903e+01 -2.237762e+02 2.245798e+02 -4.938370e-01 -5.114560e+00 -9.261305e+01
<VARIANCE> 6
 3.171015e+01 2.217011e+04 1.155935e+04 3.003832e+02 4.056576e+04 5.205853e+07
<GCONST> 6.792927e+01
<MIXTURE> 9 8.030729e-02
<MEAN> 6
 6.054782e+01 -3.246081e+02 1.603666e+02 -2.601372e-01 7.751676e-01 -1.065951e+02
<VARIANCE> 6
 3.171015e+01 2.814253e+04 1.155935e+04 3.003832e+02 4.056576e+04 5.205853e+07
<GCONST> 6.816780e+01
<MIXTURE> 10 9.996618e-02
<MEAN> 6
 7.643968e+01 2.980904e+02 -7.776013e+02 1.988914e-01 -4.253630e+00 -9.329344e+01
<VARIANCE> 6
 3.171015e+01 5.350376e+04 1.155935e+04 3.003832e+02 4.056576e+04 5.205853e+07
<GCONST> 6.881027e+01
<MIXTURE> 11 1.100705e-01
<MEAN> 6
 6.767088e+01 -3.943120e+02 3.633574e+02 -1.406139e-01 -2.528296e+00 -7.817722e+01
<VARIANCE> 6
 3.171015e+01 1.281363e+04 1.155935e+04 3.003832e+02 4.056576e+04 5.205853e+07
<GCONST> 6.738103e+01
<MIXTURE> 12 9.723297e-02
<MEAN> 6
 6.795251e+01 1.790305e+01 2.037476e+02 -5.021547e-01 -7.845104e+00 -1.768071e+02
<VARIANCE> 6
 3.171015e+01 1.281363e+04 1.155935e+04 3.003832e+02 4.056576e+04 5.205853e+07
<GCONST> 6.738103e+01
<MIXTURE> 13 7.116919e-02
<MEAN> 6
 7.471170e+01 5.476392e+02 3.571289e+02 -8.042885e-01 -3.032092e-01 -9.558487e+01
<VARIANCE> 6
 3.171015e+01 5.684126e+04 1.155935e+04 3.003832e+02 4.056576e+04 5.205853e+07
<GCONST> 6.887079e+01
<STATE> 4
<NUMMIXES> 13
<MIXTURE> 1 4.498541e-02
<MEAN> 6
 1.541736e+01 1.063648e+04 -1.873259e+02 -1.670457e+01 -1.042185e+01 4.463342e+02
<VARIANCE> 6
 2.538618e+03 2.350758e+07 5.399322e+05 3.659605e+04 4.043525e+05 8.926570e+07
<GCONST> 9.076353e+01
<MIXTURE> 2 7.723846e-02
<MEAN> 6
 9.039069e+00 1.179700e+03 -4.157371e+01 -4.240031e+01 7.935083e+01 8.212520e+02
<VARIANCE> 6
 5.811911e+02 2.478863e+06 5.679160e+06 5.012930e+04 9.917881e+04 6.280777e+07
<GCONST> 8.795060e+01
<MIXTURE> 3 8.647325e-02
<MEAN> 6
 9.481253e+01 -4.019601e+02 3.883038e+02 -9.223045e+00 -8.208704e+00 -2.455570e+02
<VARIANCE> 6
 7.569450e+01 2.146035e+07 2.393424e+06 3.003832e+02 4.056576e+04 5.205853e+07
<GCONST> 8.100754e+01
<MIXTURE> 4 4.744956e-02
<MEAN> 6
 -2.725181e+01 3.598757e+02 9.214534e+02 -2.468135e+02 9.026277e+02 1.199167e+04
<VARIANCE> 6
 3.879257e+02 7.965948e+06 4.497530e+06 6.480756e+03 9.167996e+05 3.840842e+08
<GCONST> 9.046941e+01
<MIXTURE> 5 9.696492e-02
<MEAN> 6
 2.577938e+01 -5.681949e+03 3.608734e+02 1.465584e+01 -2.343632e+01 -1.487419e+02
<VARIANCE> 6
 2.312390e+03 1.991789e+05 1.281646e+05 2.466085e+04 1.629194e+05 5.205853e+07
<GCONST> 8.261819e+01
<MIXTURE> 6 8.987864e-02
<MEAN> 6
 8.660016e+01 -5.567313e+02 1.680770e+03 9.956792e+00 -2.230243e+02 -8.056073e+01
<VARIANCE> 6
 1.557775e+02 1.497898e+06 1.665963e+06 3.793799e+03 1.116516e+05 5.205853e+07
<GCONST> 8.225333e+01
<MIXTURE> 7 1.166785e-01
<MEAN> 6
 -5.746676e+01 -8.531572e+02 7.480438e+02 1.114328e+01 1.001112e+02 3.927863e+01
<VARIANCE> 6
 7.215249e+01 7.665268e+06 2.271873e+06 4.188913e+02 4.165328e+04 5.205853e+07
<GCONST> 8.023700e+01
<MIXTURE> 8 4.039629e-02
<MEAN> 6
 9.861202e+01 -7.198115e+03 1.399586e+02 -1.202649e+01 -2.026837e+02 -3.281396e+01
<VARIANCE> 6
 3.171015e+01 1.457883e+05 1.215256e+05 9.174852e+02 5.857205e+04 5.205853e+07
<GCONST> 7.364922e+01
<MIXTURE> 9 1.051725e-01
<MEAN> 6
 -4.505025e+01 -3.214619e+02 7.837444e+02 5.189998e+01 1.154499e+03 -3.067659e+03
<VARIANCE> 6
 1.934540e+02 6.570750e+06 4.050320e+06 1.718815e+04 2.290918e+05 1.408064e+08
<GCONST> 8.806149e+01
<MIXTURE> 10 8.151487e-02
<MEAN> 6
 5.954713e+01 7.201836e+02 -1.258167e+02 8.935259e+01 -4.263757e+02 -3.426858e+02
<VARIANCE> 6
 3.693676e+02 6.931824e+06 4.067855e+06 3.357673e+04 8.131738e+04 5.205853e+07
<GCONST> 8.740491e+01
<MIXTURE> 11 7.243835e-02
<MEAN> 6
 -1.042873e+01 -1.704925e+02 -7.172214e+02 1.047966e+02 2.016797e+02 -3.945493e+03
<VARIANCE> 6
 2.576927e+02 4.044546e+06 5.034854e+06 3.341697e+04 1.014071e+05 9.458510e+07
<GCONST> 8.753254e+01
<MIXTURE> 12 7.258073e-02
<MEAN> 6
 5.731608e+01 -4.054012e+01 7.595016e+02 -3.685007e+01 -7.086567e+02 2.008726e+02
<VARIANCE> 6
 3.595356e+02 2.232033e+06 4.727686e+06 4.141818e+04 1.760029e+05 5.205853e+07
<GCONST> 8.737706e+01
<MIXTURE> 13 6.818318e-02
<MEAN> 6
 8.768305e+01 5.717695e+02 5.247927e+02 -3.081760e+01 -1.177994e+03 1.985128e+02
<VARIANCE> 6
 4.223408e+02 1.694260e+07 5.513044e+06 2.603230e+04 8.462633e+05 4.885017e+08
<GCONST> 9.306357e+01
<STATE> 5
<NUMMIXES> 13
<MIXTURE> 1 1.047933e-01
<MEAN> 6
 6.881817e+01 1.092630e+03 8.824045e+01 -1.018683e+00 -5.603668e+00 -1.486498e+02
<VARIANCE> 6
 3.171015e+01 4.048727e+04 1.155935e+04 3.003832e+02 4.056576e+04 5.205853e+07
<GCONST> 6.853151e+01
<MIXTURE> 2 7.120091e-02
<MEAN> 6
 6.759573e+01 -4.025513e+02 1.702934e+03 -2.334108e+00 -3.082877e+00 -1.037242e+02
<VARIANCE> 6
 3.978910e+01 8.376144e+04 1.587783e+05 3.003832e+02 4.056576e+04 5.205853e+07
<GCONST> 7.210547e+01
<MIXTURE> 3 1.041680e-01
<MEAN> 6
 5.906206e+01 2.294646e+03 -2.899442e+02 3.621923e-01 -4.613003e+00 -1.930498e+02
<VARIANCE> 6
 3.171015e+01 1.674349e+05 1.155935e+04 3.003832e+02 4.056576e+04 5.205853e+07
<GCONST> 6.995112e+01
<MIXTURE> 4 4.036864e-02
<MEAN> 6
 7.405331e+01 1.137955e+03 -7.306177e+02 -1.462424e+00 -7.500392e+00 -7.398683e+01
<VARIANCE> 6
 3.171015e+01 7.483427e+04 1.155935e+04 3.003832e+02 4.056576e+04 5.205853e+07
<GCONST> 6.914580e+01
<MIXTURE> 5 7.783081e-02
<MEAN> 6
 6.159679e+01 -1.404898e+03 -5.163320e+02 -1.313384e-02 -4.389360e+00 -1.516851e+02
<VARIANCE> 6
 3.171015e+01 6.757209e+05 2.533268e+04 3.003832e+02 4.056576e+04 5.205853e+07
<GCONST> 7.213091e+01
<MIXTURE> 6 7.973786e-02
<MEAN> 6
 6.656509e+01 4.041025e+00 -2.050289e+02 4.273614e-01 -6.865286e+00 -2.007822e+02
<VARIANCE> 6
 3.171015e+01 2.005191e+05 1.155935e+04 3.003832e+02 4.056576e+04 5.205853e+07
<GCONST> 7.013143e+01
<MIXTURE> 7 7.808503e-02
<MEAN> 6
 6.629771e+01 4.988235e+02 -2.369687e+02 3.614430e-01 -1.522516e+00 -1.340311e+02
<VARIANCE> 6
 3.171015e+01 2.069090e+04 1.155935e+04 3.003832e+02 4.056576e+04 5.205853e+07
<GCONST> 6.786021e+01
<MIXTURE> 8 6.531504e-02
<MEAN> 6
 6.571361e+01 -7.524669e+02 7.419941e+00 -3.647425e-01 -6.690616e+00 -6.988007e+01
<VARIANCE> 6
 3.171015e+01 1.017562e+05 1.155935e+04 3.003832e+02 4.056576e+04 5.205853e+07
<GCONST> 6.945310e+01
<MIXTURE> 9 9.852337e-02
<MEAN> 6
 6.704612e+01 7.369064e+01 -5.087753e+02 -6.627330e-01 -1.347753e+00 -1.193468e+02
<VARIANCE> 6
 4.590517e+01 4.222220e+04 1.155935e+04 3.003832e+02 4.056576e+04 5.205853e+07
<GCONST> 6.894341e+01
<MIXTURE> 10 2.575125e-02
<MEAN> 6
 6.761578e+01 1.824130e+03 -2.814669e+01 -9.272450e-01 -1.241823e+00 2.838807e+01
<VARIANCE> 6
 3.171015e+01 3.056122e+04 1.155935e+04 3.003832e+02 4.056576e+04 5.205853e+07
<GCONST> 6.825025e+01
<MIXTURE> 11 1.046240e-01
<MEAN> 6
 6.575095e+01 4.060481e+02 -2.059328e+02 5.649879e-01 -3.829331e+00 -1.249477e+02
<VARIANCE> 6
 3.171015e+01 1.281363e+04 1.155935e+04 3.003832e+02 4.056576e+04 5.205853e+07
<GCONST> 6.738103e+01
<MIXTURE> 12 8.372465e-02
<MEAN> 6
 6.606387e+01 -2.035026e+02 -2.088251e+02 6.639443e-01 -3.754575e+00 -1.766674e+02
<VARIANCE> 6
 3.171015e+01 1.519422e+05 1.155935e+04 3.003832e+02 4.056576e+04 5.205853e+07
<GCONST> 6.985402e+01
<MIXTURE> 13 6.581653e-02
<MEAN> 6
 6.547440e+01 -8.241689e+02 2.240209e+01 -2.425740e-01 -5.236713e+00 -4.911621e+01
<VARIANCE> 6
 3.171015e+01 1.121229e+05 1.155935e+04 3.003832e+02 4.056576e+04 5.205853e+07
<GCONST> 6.955012e+01
<STATE> 6
<NUMMIXES> 13
<MIXTURE> 1 1.010242e-01
<MEAN> 6
 8.516273e+01 -7.730513e+02 4.106764e+02 -1.235993e+00 -9.121579e+00 -2.110550e+01
<VARIANCE> 6
 6.386161e+01 2.498292e+04 1.155935e+04 3.003832e+02 4.056576e+04 5.205853e+07
<GCONST> 6.874879e+01
<MIXTURE> 2 8.818480e-02
<MEAN> 6
 6.838420e+01 1.471095e+01 -1.463438e+02 -5.917253e+01 -1.227408e+03 -1.531250e+04
<VARIANCE> 6
 7.572727e+01 7.263149e+05 7.736481e+05 1.244414e+03 2.493328e+05 9.880259e+07
<GCONST> 8.037061e+01
<MIXTURE> 3 6.652262e-02
<MEAN> 6
 9.071066e+01 -2.762370e+03 6.983118e+01 -3.872764e+00 2.344521e+00 -6.286378e+01
<VARIANCE> 6
 3.171015e+01 5.172992e+05 1.405831e+04 3.003832e+02 4.056576e+04 5.205853e+07
<GCONST> 7.127486e+01
<MIXTURE> 4 9.864768e-02
<MEAN> 6
 8.797549e+01 -1.626729e+03 4.435015e+02 5.784557e-01 -6.367126e+00 -2.414434e+02
<VARIANCE> 6
 3.171015e+01 1.281363e+04 1.952242e+04 3.003832e+02 4.056576e+04 5.205853e+07
<GCONST> 6.790511e+01
<MIXTURE> 5 9.426154e-02
<MEAN> 6
 8.295999e+01 -7.774509e+02 1.271856e+02 -7.256386e-02 -3.665085e+00 -1.486295e+02
<VARIANCE> 6
 3.171015e+01 1.281363e+04 1.155935e+04 3.003832e+02 4.056576e+04 5.205853e+07
<GCONST> 6.738103e+01
<MIXTURE> 6 8.482148e-02
<MEAN> 6
 7.896851e+01 -1.541027e+03 -5.606692e+01 -2.483284e+00 -1.002238e+01 -2.523327e+02
<VARIANCE> 6
 3.171015e+01 5.718380e+04 1.155935e+04 3.003832e+02 4.056576e+04 5.205853e+07
<GCONST> 6.887679e+01
<MIXTURE> 7 8.784824e-02
<MEAN> 6
 8.290881e+01 -7.925304e+02 1.381828e+02 -8.928389e-02 -3.625729e+00 -1.500946e+02
<VARIANCE> 6
 3.171015e+01 1.281363e+04 1.155935e+04 3.003832e+02 4.056576e+04 5.205853e+07
<GCONST> 6.738103e+01
<MIXTURE> 8 3.421480e-02
<MEAN> 6
 8.346450e+01 -8.120999e+02 1.930787e+02 -9.748960e-01 -1.456085e+01 2.622852e+01
<VARIANCE> 6
 3.171015e+01 3.209602e+04 1.613842e+05 3.003832e+02 4.056576e+04 5.205853e+07
<GCONST> 7.093555e+01
<MIXTURE> 9 5.200930e-02
<MEAN> 6
 9.140654e+01 -3.078058e+03 -6.219624e+02 -3.966661e+00 -5.549630e+00 -3.420482e+02
<VARIANCE> 6
 3.171015e+01 7.465042e+06 2.797168e+04 3.003832e+02 4.056576e+04 5.205853e+07
<GCONST> 7.463221e+01
<MIXTURE> 10 9.378749e-02
<MEAN> 6
 8.295222e+01 -7.821058e+02 1.305297e+02 -7.970206e-02 -3.670857e+00 -1.487427e+02
<VARIANCE> 6
 3.171015e+01 1.281363e+04 1.155935e+04 3.003832e+02 4.056576e+04 5.205853e+07
<GCONST> 6.738103e+01
<MIXTURE> 11 8.777221e-02
<MEAN> 6
 8.273858e+01 -8.172817e+02 1.498451e+02 -1.014040e-01 -3.387986e+00 -1.518562e+02
<VARIANCE> 6
 3.171015e+01 1.392107e+04 1.155935e+04 3.003832e+02 4.056576e+04 5.205853e+07
<GCONST> 6.746393e+01
<MIXTURE> 12 5.949198e-02
<MEAN> 6
 8.479677e+01 -9.696728e+02 -2.778528e+02 -3.784800e+00 -5.264802e+00 -1.296019e+02
<VARIANCE> 6
 3.171015e+01 5.595269e+04 1.522487e+04 3.003832e+02 4.056576e+04 5.205853e+07
<GCONST> 6.913046e+01
<MIXTURE> 13 5.139093e-02
<MEAN> 6
 8.837915e+01 -4.464219e+03 -5.213134e+02 -4.040390e+00 8.783644e+00 -3.383153e+02
<VARIANCE> 6
 3.943526e+01 4.895730e+06 1.703641e+04 3.003832e+02 4.056576e+04 5.205853e+07
<GCONST> 7.393253e+01
<STATE> 7
<NUMMIXES> 13
<MIXTURE> 1 6.492729e-02
<MEAN> 6
 9.848259e+01 -3.496930e+03 1.073499e+04 -2.498296e+00 -1.700304e+01 1.620043e+02
<VARIANCE> 6
 3.171015e+01 4.838608e+05 6.928865e+06 3.003832e+02 4.056576e+04 5.205853e+07
<GCONST> 7.740828e+01
<MIXTURE> 2 1.249244e-01
<MEAN> 6
 8.906654e+01 -4.393792e+03 4.280377e+03 -1.427070e+00 -1.629758e+01 -2.691609e+02
<VARIANCE> 6
 3.171015e+01 1.298176e+04 2.547292e+06 3.003832e+02 4.056576e+04 5.205853e+07
<GCONST> 7.278936e+01
<MIXTURE> 3 2.909406e-02
<MEAN> 6
 7.121663e+01 -3.159529e+03 2.836219e+03 -1.456652e+00 2.499994e+00 -6.863277e+01
<VARIANCE> 6
 3.171015e+01 1.917606e+05 1.188273e+05 3.003832e+02 4.056576e+04 5.205853e+07
<GCONST> 7.241695e+01
<MIXTURE> 4 4.231945e-02
<MEAN> 6
 7.176852e+01 -6.461053e+03 1.374375e+04 -5.369355e+01 -4.019380e+02 -1.338113e+03
<VARIANCE> 6
 1.890634e+02 6.999158e+06 9.438753e+07 1.004137e+04 6.304028e+05 8.006942e+07
<GCONST> 9.116055e+01
<MIXTURE> 5 7.571573e-02
<MEAN> 6
 6.795666e+01 -4.057949e+03 3.467129e+03 -8.294034e-01 -2.906710e+00 -9.092825e+01
<VARIANCE> 6
 3.171015e+01 2.427662e+04 1.155935e+04 3.003832e+02 4.056576e+04 5.205853e+07
<GCONST> 6.802003e+01
<MIXTURE> 6 5.816998e-02
<MEAN> 6
 8.275809e+01 -4.842455e+03 1.152220e+04 -3.223139e-02 1.710383e+00 6.203580e+01
<VARIANCE> 6
 3.171015e+01 2.666524e+04 6.906578e+06 3.003832e+02 4.056576e+04 5.205853e+07
<GCONST> 7.450662e+01
<MIXTURE> 7 4.961803e-02
<MEAN> 6
 6.714960e+01 -4.276095e+03 3.359177e+03 -4.612496e-01 -9.343974e+00 -1.930950e+02
<VARIANCE> 6
 3.171015e+01 1.281363e+04 1.155935e+04 3.003832e+02 4.056576e+04 5.205853e+07
<GCONST> 6.738103e+01
<MIXTURE> 8 1.014205e-01
<MEAN> 6
 5.708280e+01 -1.173935e+02 -5.019358e+01 -1.813974e+02 -1.487189e+03 1.361495e+03
<VARIANCE> 6
 9.092212e+01 1.274458e+06 3.958603e+05 2.188321e+03 3.005557e+05 5.205853e+07
<GCONST> 8.055627e+01
<MIXTURE> 9 9.378908e-02
<MEAN> 6
 -2.656281e+01 5.026069e+02 -2.679929e+01 -3.855277e+02 1.383720e+03 3.701250e+04
<VARIANCE> 6
 2.127647e+02 2.774741e+06 1.120317e+06 5.665308e+03 1.651674e+06 8.209555e+08
<GCONST> 8.863804e+01
<MIXTURE> 10 7.856336e-02
<MEAN> 6
 2.154798e+01 -4.717494e+02 4.842112e+02 -3.121797e+02 -4.405339e+02 8.058785e+03
<VARIANCE> 6
 3.193355e+02 1.925463e+06 7.277381e+06 1.762073e+03 3.914859e+05 7.174844e+07
<GCONST> 8.550509e+01
<MIXTURE> 11 8.581172e-02
<MEAN> 6
 -5.560429e+01 3.295162e+01 -3.205619e+02 -1.452851e+02 2.785442e+03 -1.835664e+04
<VARIANCE> 6
 1.248806e+02 1.928688e+06 9.229928e+05 9.270529e+03 9.763392e+05 9.877793e+08
<GCONST> 8.769948e+01
<MIXTURE> 12 1.154085e-01
<MEAN> 6
 1.511098e+01 -9.127605e+01 -7.193616e+01 -3.800996e+02 -7.121401e+02 1.076030e+04
<VARIANCE> 6
 2.409347e+02 5.966952e+06 2.595608e+05 3.350543e+03 4.159569e+05 2.323229e+08
<GCONST> 8.489914e+01
<MIXTURE> 13 8.022800e-02
<MEAN> 6
 4.801458e+01 1.034411e+02 -1.216418e+02 -2.690538e+02 -1.698841e+03 9.164155e+03
<VARIANCE> 6
 1.464845e+02 5.424699e+05 5.330521e+05 3.402086e+03 5.160043e+05 2.507572e+08
<GCONST> 8.303046e+01
<STATE> 8
<NUMMIXES> 13
<MIXTURE> 1 7.217909e-02
<MEAN> 6
 -3.439511e+01 -5.691199e+01 4.924961e+01 1.839038e+02 8.723249e+02 -2.935689e+03
<VARIANCE> 6
 1.426308e+02 5.886602e+05 2.871708e+05 5.140350e+03 1.283544e+05 5.205853e+07
<GCONST> 7.991626e+01
<MIXTURE> 2 9.031671e-02
<MEAN> 6
 -1.633610e+01 2.285376e+02 1.828138e+02 -2.432459e+02 4.485602e+02 9.144677e+03
<VARIANCE> 6
 4.646101e+02 9.463816e+05 8.708719e+05 5.834378e+03 5.371220e+05 2.810506e+08
<GCONST> 8.592566e+01
<MIXTURE> 3 8.620889e-02
<MEAN> 6
 8.219185e+01 -2.299435e+02 2.476857e+02 -7.908161e+00 -8.902601e+01 -4.070981e+02
<VARIANCE> 6
 1.308054e+02 6.301764e+05 6.075824e+05 3.284059e+02 4.107978e+04 5.205853e+07
<GCONST> 7.675738e+01
<MIXTURE> 4 5.318896e-02
<MEAN> 6
 8.800217e+01 -1.233634e+02 2.168829e+02 4.814378e+01 -1.074374e+03 -1.395471e+03
<VARIANCE> 6
 2.327731e+02 2.371548e+06 1.317370e+06 1.397296e+04 9.912423e+05 6.929515e+08
<GCONST> 8.895559e+01
<MIXTURE> 5 9.044267e-02
<MEAN> 6
 6.356743e+00 8.021824e+01 3.442345e+01 -3.001653e+01 1.830627e+01 2.271137e+02
<VARIANCE> 6
 4.885102e+02 3.471157e+05 4.469907e+05 3.924059e+04 4.677215e+04 5.205853e+07
<GCONST> 8.208472e+01
<MIXTURE> 6 7.324609e-02
<MEAN> 6
 -5.175331e+01 1.119565e+02 8.767453e+01 3.064176e+01 4.685964e+02 7.861580e+02
<VARIANCE> 6
 1.423221e+02 2.655992e+05 4.252768e+05 2.299637e+03 9.731364e+04 5.205853e+07
<GCONST> 7.842967e+01
<MIXTURE> 7 5.258860e-02
<MEAN> 6
 3.182480e+01 -5.989195e+02 -1.156639e+02 -1.018925e+02 -2.580366e+02 2.890968e+03
<VARIANCE> 6
 4.329933e+02 3.483902e+06 2.373715e+06 4.063658e+04 1.266454e+05 6.345967e+07
<GCONST> 8.716910e+01
<MIXTURE> 8 8.785519e-02
<MEAN> 6
 5.630368e+01 1.970950e+02 7.250713e+01 1.569594e+02 -3.628430e+02 -6.749846e+02
<VARIANCE> 6
 3.305900e+02 1.029066e+06 4.728407e+05 4.515102e+03 9.302968e+04 5.205853e+07
<GCONST> 8.136256e+01
<MIXTURE> 9 8.486278e-02
<MEAN> 6
 -5.325355e+01 2.086379e+01 7.451143e+01 -3.764591e+01 1.270580e+03 -3.692161e+03
<VARIANCE> 6
 1.370728e+02 8.327901e+05 7.518676e+05 1.262253e+04 4.259310e+05 2.207682e+08
<GCONST> 8.472852e+01
<MIXTURE> 10 1.138487e-01
<MEAN> 6
 6.944466e+01 7.830019e+01 7.012497e+01 -1.288784e+02 -7.678878e+02 1.513233e+03
<VARIANCE> 6
 3.336886e+02 7.183110e+05 2.678565e+05 1.035135e+04 1.431040e+05 6.416648e+07
<GCONST> 8.191353e+01
<MIXTURE> 11 6.184794e-02
<MEAN> 6
 -3.105840e-01 -8.573061e+01 -6.128614e+01 1.874602e+02 7.932977e+01 -6.937876e+03
<VARIANCE> 6
 2.107498e+02 8.200561e+05 2.453017e+05 2.386015e+04 1.440032e+05 8.531425e+07
<GCONST> 8.262471e+01
<MIXTURE> 12 7.297479e-02
<MEAN> 6
 6.237764e+01 -1.560532e+02 5.745149e+01 7.000156e+01 -5.866041e+02 -1.709234e+03
<VARIANCE> 6
 3.608587e+02 5.246033e+05 8.187340e+05 2.422814e+04 1.060531e+05 5.205853e+07
<GCONST> 8.313651e+01
<MIXTURE> 13 5.993688e-02
<MEAN> 6
 -5.745776e+01 -1.481958e+02 9.707165e+01 9.280421e+00 1.705739e+02 -3.013002e+02
<VARIANCE> 6
 1.159494e+02 7.062703e+05 1.299557e+06 4.877188e+02 6.059600e+04 5.205853e+07
<GCONST> 7.829530e+01
<STATE> 9
<NUMMIXES> 13
<MIXTURE> 1 7.892918e-02
<MEAN> 6
 2.703911e+01 7.407758e+02 -2.140806e+02 1.877234e+02 -6.344200e+01 -1.119089e+02
<VARIANCE> 6
 4.302075e+02 1.950092e+06 4.440927e+05 1.422599e+03 5.537915e+04 5.205853e+07
<GCONST> 8.052878e+01
<MIXTURE> 2 7.168980e-02
<MEAN> 6
 7.926728e+01 -5.363190e+02 2.762786e+02 1.197652e+02 -8.989112e+02 -3.241260e+02
<VARIANCE> 6
 4.183481e+02 3.827654e+06 1.021796e+06 1.600688e+04 1.471873e+06 1.039831e+09
<GCONST> 9.070355e+01
<MIXTURE> 3 1.133967e-01
<MEAN> 6
 1.899481e+01 5.726724e+02 1.103515e+03 7.701271e+01 3.531564e+00 -2.282928e+02
<VARIANCE> 6
 6.067791e+02 2.087707e+05 8.558276e+05 3.029869e+02 4.056576e+04 5.205853e+07
<GCONST> 7.743649e+01
<MIXTURE> 4 5.071033e-02
<MEAN> 6
 3.605157e+01 1.858235e+02 3.306884e+02 2.323117e+02 -3.798532e+02 -2.946562e+03
<VARIANCE> 6
 2.234739e+02 2.327543e+05 2.119080e+06 2.876577e+03 9.092487e+04 5.205853e+07
<GCONST> 8.051082e+01
<MIXTURE> 5 8.724955e-02
<MEAN> 6
 6.030523e+01 6.222499e+02 -1.828263e+01 1.653980e+02 -5.021672e+02 -9.361323e+02
<VARIANCE> 6
 1.657477e+02 2.369756e+06 6.897500e+05 3.165555e+03 4.363835e+04 5.205853e+07
<GCONST> 8.077176e+01
<MIXTURE> 6 1.142543e-01
<MEAN> 6
 -3.517740e+00 -9.316519e+00 7.860550e+01 2.359174e+02 2.152916e+02 -4.525026e+03
<VARIANCE> 6
 1.790929e+02 7.761424e+05 8.325169e+05 3.523542e+03 6.777411e+04 5.205853e+07
<GCONST> 8.046851e+01
<MIXTURE> 7 5.427672e-02
<MEAN> 6
 9.570559e+01 8.810139e+02 -5.345535e+02 8.998045e+01 -7.423699e+02 5.514150e+02
<VARIANCE> 6
 1.663872e+02 1.013598e+06 2.671221e+05 4.618100e+03 2.510673e+05 1.185541e+08
<GCONST> 8.192815e+01
<MIXTURE> 8 1.070210e-01
<MEAN> 6
 -1.589265e+01 -1.712118e+02 7.250653e+02 1.075532e+01 1.488732e+02 1.301418e+02
<VARIANCE> 6
 6.462344e+01 8.685146e+04 6.111782e+05 2.148875e+03 8.610806e+04 5.205853e+07
<GCONST> 7.669487e+01
<MIXTURE> 9 5.893716e-02
<MEAN> 6
 -1.892776e+01 3.012493e+02 -3.748067e+02 5.901643e+00 2.440498e+01 2.507320e+02
<VARIANCE> 6
 3.171015e+01 1.281363e+04 8.029720e+04 3.003832e+02 4.056576e+04 5.205853e+07
<GCONST> 6.931927e+01
<MIXTURE> 10 6.733543e-02
<MEAN> 6
 4.769537e+01 6.627230e+02 1.049122e+03 8.272908e+00 -1.691707e+02 -1.060434e+02
<VARIANCE> 6
 3.588933e+01 9.908345e+04 4.329511e+05 2.762646e+03 4.056576e+04 5.205853e+07
<GCONST> 7.539230e+01
<MIXTURE> 11 1.010290e-01
<MEAN> 6
 7.727731e+01 -2.459539e+02 3.142663e+02 9.139134e+01 -6.769271e+02 3.065183e+02
<VARIANCE> 6
 1.255897e+02 5.310549e+05 7.232306e+05 2.431113e+03 1.675957e+05 5.205853e+07
<GCONST> 8.012769e+01
<MIXTURE> 12 3.457424e-02
<MEAN> 6
 1.037394e+01 -3.154323e+02 7.319255e+02 -9.779547e+01 6.665269e+01 1.411200e+03
<VARIANCE> 6
 2.268079e+02 4.807237e+04 5.495638e+05 7.586494e+02 1.656690e+05 1.355716e+08
<GCONST> 7.782301e+01
<MIXTURE> 13 6.057175e-02
<MEAN> 6
 3.171577e+01 -8.817809e+01 -1.868031e+02 2.503525e+02 -4.857640e+02 -3.133138e+03
<VARIANCE> 6
 3.557485e+02 3.715822e+05 6.484671e+05 2.333909e+03 9.966791e+04 5.205853e+07
<GCONST> 8.014215e+01
<STATE> 10
<NUMMIXES> 13
<MIXTURE> 1 6.067199e-02
<MEAN> 6
 9.862283e+01 3.769098e+02 -2.996544e+02 -5.163641e+00 -3.855124e+00 1.374551e+02
<VARIANCE> 6
 4.952654e+01 6.551912e+04 5.255611e+04 3.003832e+02 4.056576e+04 5.205853e+07
<GCONST> 7.097312e+01
<MIXTURE> 2 1.046805e-01
<MEAN> 6
 6.151793e+01 8.246110e+02 6.177352e+02 -1.920297e+00 -8.179854e+00 3.261826e+02
<VARIANCE> 6
 3.171015e+01 3.206348e+06 5.744713e+05 3.003832e+02 4.056576e+04 5.205853e+07
<GCONST> 7.680936e+01
<MIXTURE> 3 1.110260e-01
<MEAN> 6
 9.020132e+01 5.747593e+02 9.620309e+02 -3.893171e+00 -4.419091e+00 3.086393e+02
<VARIANCE> 6
 3.171015e+01 2.549607e+05 1.316373e+06 3.003832e+02 4.056576e+04 5.205853e+07
<GCONST> 7.510677e+01
<MIXTURE> 4 2.535033e-02
<MEAN> 6
 6.773226e+01 -3.837591e+02 2.972839e+03 -1.383965e+00 -1.250549e+01 1.444840e+02
<VARIANCE> 6
 3.171015e+01 1.639586e+04 1.155935e+04 3.003832e+02 4.056576e+04 5.205853e+07
<GCONST> 6.762755e+01
<MIXTURE> 5 1.034320e-01
<MEAN> 6
 1.076155e+02 9.590480e+02 -7.656575e+02 -7.527831e+00 -6.481524e+00 3.978253e+02
<VARIANCE> 6
 3.853497e+01 3.837175e+05 1.144917e+05 3.003832e+02 4.056576e+04 5.205853e+07
<GCONST> 7.326837e+01
<MIXTURE> 6 1.101265e-01
<MEAN> 6
 8.962186e+01 -2.680862e+02 2.250200e+02 -3.613238e+00 -8.655013e+00 1.483638e+02
<VARIANCE> 6
 4.848774e+01 2.127046e+04 1.047862e+05 3.003832e+02 4.056576e+04 5.205853e+07
<GCONST> 7.051694e+01
<MIXTURE> 7 8.549816e-02
<MEAN> 6
 8.535464e+01 -8.333325e+02 1.287898e+03 -5.206771e+00 -8.891397e+00 2.423754e+02
<VARIANCE> 6
 3.171015e+01 2.535753e+04 1.618614e+06 3.003832e+02 4.056576e+04 5.205853e+07
<GCONST> 7.300543e+01
<MIXTURE> 8 7.725942e-02
<MEAN> 6
 8.908105e+01 -6.225999e+02 -1.419419e+03 -3.356579e+00 -5.180385e+00 7.622959e+01
<VARIANCE> 6
 1.051924e+02 4.127577e+04 1.429608e+05 3.003832e+02 4.056576e+04 5.205853e+07
<GCONST> 7.226503e+01
<MIXTURE> 9 4.233418e-02
<MEAN> 6
 8.135275e+01 -4.018744e+03 6.381209e+02 -7.635223e+00 2.202324e+01 -1.708718e+02
<VARIANCE> 6
 3.171015e+01 1.072859e+06 3.731925e+05 3.003832e+02 4.056576e+04 5.205853e+07
<GCONST> 7.528320e+01
<MIXTURE> 10 7.137466e-02
<MEAN> 6
 8.260020e+01 -1.167109e+02 -1.923146e+01 -2.752685e+00 -7.789132e+00 1.099722e+02
<VARIANCE> 6
 3.171015e+01 1.664598e+04 4.431162e+05 3.003832e+02 4.056576e+04 5.205853e+07
<GCONST> 7.128903e+01
<MIXTURE> 11 9.520189e-02
<MEAN> 6
 8.133844e+01 -1.161177e+03 4.322739e+02 -3.926205e+00 -6.413167e+00 2.392888e+02
<VARIANCE> 6
 5.385306e+01 7.715401e+04 3.421334e+05 3.003832e+02 4.056576e+04 5.205853e+07
<GCONST> 7.309366e+01
<MIXTURE> 12 4.595997e-02
<MEAN> 6
 8.579778e+01 1.903866e+03 -1.182807e+03 -2.767316e+00 4.996688e-01 3.042403e+01
<VARIANCE> 6
 9.159776e+01 3.341671e+05 1.802654e+04 3.003832e+02 4.056576e+04 5.205853e+07
<GCONST> 7.214729e+01
<MIXTURE> 13 6.701367e-02
<MEAN> 6
 9.253358e+01 2.550794e+02 -3.609567e+02 -4.609606e+00 -1.878567e+00 9.834594e+01
<VARIANCE> 6
 3.171015e+01 1.281363e+04 2.509599e+04 3.003832e+02 4.056576e+04 5.205853e+07
<GCONST> 6.815625e+01
<STATE> 11
<NUMMIXES> 13
<MIXTURE> 1 8.600903e-02
<MEAN> 6
 7.567407e+01 8.507657e+02 2.437178e+00 -2.987488e+00 1.490706e+00 1.425665e+02
<VARIANCE> 6
 3.171015e+01 3.377615e+04 1.155080e+05 3.003832e+02 4.056576e+04 5.205853e+07
<GCONST> 7.065212e+01
<MIXTURE> 2 1.012361e-01
<MEAN> 6
 6.855067e+01 4.449429e+02 1.371855e+02 -7.332059e-01 -1.045652e+01 -1.257650e+02
<VARIANCE> 6
 3.171015e+01 1.281363e+04 1.155935e+04 3.003832e+02 4.056576e+04 5.205853e+07
<GCONST> 6.738103e+01
<MIXTURE> 3 6.714550e-02
<MEAN> 6
 6.435143e+01 3.559511e+01 3.280149e+01 9.654875e-01 -9.537142e+00 -7.422050e+01
<VARIANCE> 6
 3.171015e+01 1.698716e+04 1.155935e+04 3.003832e+02 4.056576e+04 5.205853e+07
<GCONST> 6.766298e+01
<MIXTURE> 4 7.448110e-02
<MEAN> 6
 7.425796e+01 4.152417e+02 6.139756e+02 -4.260725e+00 -7.941661e+00 5.680968e+01
<VARIANCE> 6
 3.171015e+01 2.881662e+04 1.620039e+04 3.003832e+02 4.056576e+04 5.205853e+07
<GCONST> 6.852901e+01
<MIXTURE> 5 4.040545e-02
<MEAN> 6
 7.037192e+01 -5.524883e+02 -1.975903e+02 -4.636424e+00 8.681758e-01 -2.145772e+01
<VARIANCE> 6
 3.171015e+01 6.695623e+04 1.155935e+04 3.003832e+02 4.056576e+04 5.205853e+07
<GCONST> 6.903456e+01
<MIXTURE> 6 6.331119e-02
<MEAN> 6
 5.455252e+01 8.364644e+02 -1.751811e+00 1.390139e+00 4.647070e+00 -1.276590e+02
<VARIANCE> 6
 3.171015e+01 1.281363e+04 1.155935e+04 3.003832e+02 4.056576e+04 5.205853e+07
<GCONST> 6.738103e+01
<MIXTURE> 7 1.013873e-01
<MEAN> 6
 5.850109e+01 2.803208e+01 -1.197493e+02 1.912441e-01 -3.664227e+00 -1.372048e+02
<VARIANCE> 6
 3.171015e+01 1.281363e+04 1.155935e+04 3.003832e+02 4.056576e+04 5.205853e+07
<GCONST> 6.738103e+01
<MIXTURE> 8 7.737490e-02
<MEAN> 6
 7.480087e+01 1.116156e+03 -4.995196e+02 -2.408388e+00 -9.893711e-01 1.093057e+02
<VARIANCE> 6
 3.171015e+01 4.028002e+05 6.452424e+04 3.003832e+02 4.056576e+04 5.205853e+07
<GCONST> 7.254851e+01
<MIXTURE> 9 7.689867e-02
<MEAN> 6
 6.052029e+01 4.789509e+02 1.119657e+02 -2.664593e-01 -1.179091e+00 -1.271506e+02
<VARIANCE> 6
 3.171015e+01 1.281363e+04 1.155935e+04 3.003832e+02 4.056576e+04 5.205853e+07
<GCONST> 6.738103e+01
<MIXTURE> 10 1.016001e-01
<MEAN> 6
 5.843290e+01 2.736486e+01 -1.214761e+02 2.031813e-01 -3.618925e+00 -1.370398e+02
<VARIANCE> 6
 3.171015e+01 1.281363e+04 1.155935e+04 3.003832e+02 4.056576e+04 5.205853e+07
<GCONST> 6.738103e+01
<MIXTURE> 11 6.790245e-02
<MEAN> 6
 6.108997e+01 5.536379e+01 -5.267829e+01 -7.445885e-02 -5.253955e+00 -1.277335e+02
<VARIANCE> 6
 3.171015e+01 1.281363e+04 1.155935e+04 3.003832e+02 4.056576e+04 5.205853e+07
<GCONST> 6.738103e+01
<MIXTURE> 12 6.523161e-02
<MEAN> 6
 7.572177e+01 3.364406e+02 -7.698489e+02 -4.415812e+00 5.896438e-01 3.365604e+01
<VARIANCE> 6
 3.171015e+01 1.084900e+05 5.900288e+04 3.003832e+02 4.056576e+04 5.205853e+07
<GCONST> 7.114728e+01
<MIXTURE> 13 7.694472e-02
<MEAN> 6
 6.004497e+01 4.842390e+02 1.038087e+02 -2.440445e-01 4.696457e-02 -1.195872e+02
<VARIANCE> 6
 3.171015e+01 1.281363e+04 1.155935e+04 3.003832e+02 4.056576e+04 5.205853e+07
<GCONST> 6.738103e+01
<STATE> 12
<NUMMIXES> 13
<MIXTURE> 1 1.147924e-01
<MEAN> 6
 -3.556878e+01 1.772270e+03 -2.017652e+03 5.356437e+00 7.098315e+02 -1.777738e+02
<VARIANCE> 6
 1.387788e+02 2.094617e+06 1.640695e+06 1.736674e+04 1.787030e+05 8.301974e+07
<GCONST> 8.491604e+01
<MIXTURE> 2 5.687739e-02
<MEAN> 6
 1.016169e+02 1.941592e+03 -2.477507e+03 -5.000068e+00 -2.169067e+01 3.942245e+01
<VARIANCE> 6
 4.013539e+01 8.304439e+04 3.225023e+05 3.003832e+02 4.056576e+04 5.205853e+07
<GCONST> 7.281413e+01
<MIXTURE> 3 5.954040e-02
<MEAN> 6
 3.413791e+01 2.472914e+03 -3.035327e+03 1.681529e+02 -1.675696e+02 -1.256516e+03
<VARIANCE> 6
 7.543420e+02 2.263830e+06 8.674441e+05 1.442375e+03 4.056576e+04 5.205853e+07
<GCONST> 8.161159e+01
<MIXTURE> 4 4.560691e-02
<MEAN> 6
 8.746072e+01 -2.366059e+03 -1.257235e+03 -4.042432e+01 -6.161053e+02 1.267764e+03
<VARIANCE> 6
 3.937998e+02 1.859953e+07 5.571744e+06 1.502399e+04 5.591199e+05 1.649126e+08
<GCONST> 9.104742e+01
<MIXTURE> 5 9.950107e-02
<MEAN> 6
 1.193412e+01 2.014024e+03 -2.412634e+03 -1.591380e+02 9.841061e+01 1.482055e+03
<VARIANCE> 6
 5.357351e+02 2.241374e+06 1.661519e+06 1.949120e+03 6.379670e+04 5.205853e+07
<GCONST> 8.266321e+01
<MIXTURE> 6 4.907609e-02
<MEAN> 6
 1.060096e+02 -9.335718e+02 -6.761635e+03 -6.131875e+00 6.203493e+00 1.064705e+02
<VARIANCE> 6
 4.971419e+01 1.045973e+05 1.786472e+05 3.003832e+02 4.056576e+04 5.205853e+07
<GCONST> 7.266821e+01
<MIXTURE> 7 8.653621e-02
<MEAN> 6
 7.881286e+01 2.532650e+03 -3.666323e+03 2.559370e+01 -2.812193e+02 -3.438080e+02
<VARIANCE> 6
 8.793114e+01 1.624131e+06 1.001623e+06 5.095955e+03 7.049494e+04 5.205853e+07
<GCONST> 8.108881e+01
<MIXTURE> 8 7.282365e-02
<MEAN> 6
 7.339735e+01 3.781714e+02 -3.148394e+03 1.581532e+00 -2.379049e+00 -3.147747e+02
<VARIANCE> 6
 3.171015e+01 1.030326e+05 1.125822e+06 3.003832e+02 4.056576e+04 5.205853e+07
<GCONST> 7.404434e+01
<MIXTURE> 9 5.970754e-02
<MEAN> 6
 -5.451619e+00 -7.053409e+02 -1.271409e+03 3.845264e+01 1.831749e+02 -1.266343e+03
<VARIANCE> 6
 2.788840e+02 2.265708e+06 1.747798e+06 2.480211e+04 4.056576e+04 5.205853e+07
<GCONST> 8.416257e+01
<MIXTURE> 10 5.317116e-02
<MEAN> 6
 -6.133870e+01 4.822672e+02 -2.200219e+03 -6.123280e-01 2.115160e+02 1.169731e+02
<VARIANCE> 6
 3.171015e+01 8.134285e+05 2.373514e+06 8.628620e+02 5.859407e+04 5.205853e+07
<GCONST> 7.827932e+01
<MIXTURE> 11 1.268915e-01
<MEAN> 6
 7.368241e+01 -2.109363e+02 -2.186590e+03 -3.415161e+01 -3.787994e+02 6.778364e+02
<VARIANCE> 6
 5.193732e+02 1.465411e+06 2.356705e+06 2.056945e+04 9.111805e+04 5.205853e+07
<GCONST> 8.526967e+01
<MIXTURE> 12 1.233603e-01
<MEAN> 6
 8.779987e+01 3.043453e+01 -2.011985e+03 -2.204594e+00 -1.533102e+01 -4.035923e+01
<VARIANCE> 6
 3.802570e+01 6.889245e+05 7.500734e+04 3.003832e+02 4.056576e+04 5.205853e+07
<GCONST> 7.341737e+01
<MIXTURE> 13 5.208638e-02
<MEAN> 6
 2.183223e+01 2.672419e+03 -4.526866e+03 1.211085e+02 -5.078503e+00 -3.039053e+02
<VARIANCE> 6
 6.139526e+02 1.358841e+06 8.898642e+05 1.288929e+03 4.056576e+04 5.205853e+07
<GCONST> 8.080827e+01
<STATE> 13
<NUMMIXES> 13
<MIXTURE> 1 8.258966e-02
<MEAN> 6
 -1.236320e-01 5.203995e+01 1.075554e+02 -2.017811e+02 2.755473e+02 5.790485e+03
<VARIANCE> 6
 5.097151e+02 1.266738e+05 1.912462e+05 4.291902e+03 2.272041e+05 1.803226e+08
<GCONST> 8.088015e+01
<MIXTURE> 2 6.111683e-02
<MEAN> 6
 -4.494975e+01 3.300888e+01 -6.162115e+01 -2.244307e+01 1.247181e+03 -2.139596e+02
<VARIANCE> 6
 1.474437e+02 1.149331e+05 1.036228e+05 2.113213e+04 3.194848e+05 2.807288e+08
<GCONST> 8.130724e+01
<MIXTURE> 3 1.105660e-01
<MEAN> 6
 7.056507e+01 -1.476742e+02 -2.286206e+01 -6.148373e+00 -4.104564e+01 9.296268e+01
<VARIANCE> 6
 7.039369e+01 1.908805e+05 5.977996e+04 3.003832e+02 4.056576e+04 5.205853e+07
<GCONST> 7.252281e+01
<MIXTURE> 4 7.499769e-02
<MEAN> 6
 8.012365e+01 -3.308083e+02 -3.416204e+01 1.087495e+01 -8.372465e+02 -1.449315e+03
<VARIANCE> 6
 1.760421e+02 6.186249e+05 7.463948e+04 1.021571e+04 5.559444e+05 2.434385e+08
<GCONST> 8.252415e+01
<MIXTURE> 5 8.346187e-02
<MEAN> 6
 2.346547e+01 7.634570e+01 6.562233e+01 1.888270e+02 -2.153634e+02 -2.174546e+03
<VARIANCE> 6
 4.743034e+02 7.198360e+04 8.470066e+04 3.048575e+03 1.093674e+05 5.205853e+07
<GCONST> 7.711296e+01
<MIXTURE> 6 9.341987e-02
<MEAN> 6
 -1.297393e+01 -3.143233e+01 2.419151e+01 -1.884784e+01 1.325342e+02 -1.972986e+03
<VARIANCE> 6
 2.507991e+02 4.540894e+04 1.403537e+04 2.820001e+04 1.319391e+05 1.046887e+08
<GCONST> 7.732839e+01
<MIXTURE> 7 7.365359e-02
<MEAN> 6
 -4.325295e+01 1.080530e+01 -1.606486e-01 4.391941e+01 7.470211e+02 -7.612012e+02
<VARIANCE> 6
 1.187329e+02 5.705744e+04 2.449961e+04 1.004356e+04 9.707276e+04 5.205853e+07
<GCONST> 7.532815e+01
<MIXTURE> 8 7.218689e-02
<MEAN> 6
 6.226659e+01 2.777675e+00 6.369759e+01 3.449910e+01 -3.319839e+02 -3.092201e+02
<VARIANCE> 6
 1.064247e+02 1.232364e+05 3.992014e+04 7.335088e+03 7.408052e+04 5.205853e+07
<GCONST> 7.589241e+01
<MIXTURE> 9 5.961290e-02
<MEAN> 6
 -1.482773e+01 -1.045773e+02 -1.174150e+01 6.104480e+01 1.943667e+02 -1.649039e+03
<VARIANCE> 6
 1.813559e+02 1.054040e+05 6.845166e+04 1.489545e+04 4.502470e+04 5.205853e+07
<GCONST> 7.701881e+01
<MIXTURE> 10 6.978822e-02
<MEAN> 6
 3.056474e+01 -2.136722e+02 -1.134235e+02 1.308898e+02 -7.555425e+01 -2.264993e+02
<VARIANCE> 6
 4.225741e+02 1.245712e+05 6.299974e+04 1.396981e+03 4.056576e+04 5.205853e+07
<GCONST> 7.547778e+01
<MIXTURE> 11 8.183318e-02
<MEAN> 6
 4.283633e+01 1.409164e+02 6.276544e+01 -1.848170e+02 -5.562912e+02 3.501070e+03
<VARIANCE> 6
 2.630734e+02 1.220631e+05 2.180968e+04 3.938711e+03 2.113577e+05 8.683286e+07
<GCONST> 7.712151e+01
<MIXTURE> 12 6.451370e-02
<MEAN> 6
 -4.200270e+01 3.577042e+01 -1.105752e+02 1.223388e+01 2.889005e+02 -4.695477e+01
<VARIANCE> 6
 1.431062e+02 7.140859e+04 8.947186e+04 1.633710e+03 6.381461e+04 5.205853e+07
<GCONST> 7.479893e+01
<MIXTURE> 13 7.205312e-02
<MEAN> 6
 6.323608e+01 -7.272604e+01 -3.713395e+01 -9.417430e-01 -4.976390e+02 -8.631272e+02
<VARIANCE> 6
 1.075078e+02 6.812593e+04 3.947631e+04 9.716696e+03 1.023118e+05 5.205853e+07
<GCONST> 7.590266e+01
<TRANSP> 14
 0.000000e+00 1.000000e+00 0.000000e+00 0.000000e+00 0.000000e+00 0.000000e+00 0.000000e+00 0.000000e+00 0.000000e+00 0.000000e+00 0.000000e+00 0.000000e+00 0.000000e+00 0.000000e+00
 0.000000e+00 9.989144e-01 1.085667e-03 0.000000e+00 0.000000e+00 0.000000e+00 0.000000e+00 0.000000e+00 0.000000e+00 0.000000e+00 0.000000e+00 0.000000e+00 0.000000e+00 0.000000e+00
 0.000000e+00 0.000000e+00 9.992024e-01 7.976113e-04 0.000000e+00 0.000000e+00 0.000000e+00 0.000000e+00 0.000000e+00 0.000000e+00 0.000000e+00 0.000000e+00 0.000000e+00 0.000000e+00
 0.000000e+00 0.000000e+00 0.000000e+00 9.991341e-01 8.658751e-04 0.000000e+00 0.000000e+00 0.000000e+00 0.000000e+00 0.000000e+00 0.000000e+00 0.000000e+00 0.000000e+00 0.000000e+00
 0.000000e+00 0.000000e+00 0.000000e+00 0.000000e+00 9.992605e-01 7.395282e-04 0.000000e+00 0.000000e+00 0.000000e+00 0.000000e+00 0.000000e+00 0.000000e+00 0.000000e+00 0.000000e+00
 0.000000e+00 0.000000e+00 0.000000e+00 0.000000e+00 0.000000e+00 9.982497e-01 1.750336e-03 0.000000e+00 0.000000e+00 0.000000e+00 0.000000e+00 0.000000e+00 0.000000e+00 0.000000e+00
 0.000000e+00 0.000000e+00 0.000000e+00 0.000000e+00 0.000000e+00 0.000000e+00 9.975333e-01 2.466782e-03 0.000000e+00 0.000000e+00 0.000000e+00 0.000000e+00 0.000000e+00 0.000000e+00
 0.000000e+00 0.000000e+00 0.000000e+00 0.000000e+00 0.000000e+00 0.000000e+00 0.000000e+00 9.999158e-01 8.414157e-05 0.000000e+00 0.000000e+00 0.000000e+00 0.000000e+00 0.000000e+00
 0.000000e+00 0.000000e+00 0.000000e+00 0.000000e+00 0.000000e+00 0.000000e+00 0.000000e+00 0.000000e+00 9.984938e-01 1.506212e-03 0.000000e+00 0.000000e+00 0.000000e+00 0.000000e+00
 0.000000e+00 0.000000e+00 0.000000e+00 0.000000e+00 0.000000e+00 0.000000e+00 0.000000e+00 0.000000e+00 0.000000e+00 9.991368e-01 8.631392e-04 0.000000e+00 0.000000e+00 0.000000e+00
 0.000000e+00 0.000000e+00 0.000000e+00 0.000000e+00 0.000000e+00 0.000000e+00 0.000000e+00 0.000000e+00 0.000000e+00 0.000000e+00 9.989082e-01 1.091778e-03 0.000000e+00 0.000000e+00
 0.000000e+00 0.000000e+00 0.000000e+00 0.000000e+00 0.000000e+00 0.000000e+00 0.000000e+00 0.000000e+00 0.000000e+00 0.000000e+00 0.000000e+00 9.989862e-01 1.013767e-03 0.000000e+00
 0.000000e+00 0.000000e+00 0.000000e+00 0.000000e+00 0.000000e+00 0.000000e+00 0.000000e+00 0.000000e+00 0.000000e+00 0.000000e+00 0.000000e+00 0.000000e+00 9.998248e-01 1.752622e-04
 0.000000e+00 0.000000e+00 0.000000e+00 0.000000e+00 0.000000e+00 0.000000e+00 0.000000e+00 0.000000e+00 0.000000e+00 0.000000e+00 0.000000e+00 0.000000e+00 0.000000e+00 0.000000e+00
<ENDHMM>
~h "QuintoPRIMARIA"
<BEGINHMM>
<NUMSTATES> 14
<STATE> 2
<NUMMIXES> 13
<MIXTURE> 1 7.151181e-02
<MEAN> 6
 -4.102771e+01 -3.615152e+02 -2.283730e+01 -5.509256e+01 1.384270e+03 4.452214e+02
<VARIANCE> 6
 3.511994e+02 7.391805e+05 1.884105e+05 3.720089e+04 8.929034e+05 6.250753e+08
<GCONST> 8.702800e+01
<MIXTURE> 2 3.030660e-02
<MEAN> 6
 3.198337e+01 1.254768e+02 -7.808714e+01 -8.655711e+01 -5.051747e+02 6.575776e+03
<VARIANCE> 6
 1.882156e+03 3.323255e+06 1.920234e+06 6.259424e+04 2.302886e+06 1.758957e+09
<GCONST> 9.503394e+01
<MIXTURE> 3 9.816827e-02
<MEAN> 6
 7.106707e+01 2.139048e+02 -1.818807e+02 -2.782827e+00 -1.584551e+01 -2.225176e+02
<VARIANCE> 6
 1.682902e+02 6.045944e+05 1.402459e+05 3.003832e+02 4.056576e+04 5.205853e+07
<GCONST> 7.540004e+01
<MIXTURE> 4 8.332223e-02
<MEAN> 6
 7.067471e+01 5.069496e+01 -1.192167e+01 1.658830e+01 -4.053262e+02 -5.298804e+02
<VARIANCE> 6
 3.817585e+02 4.094146e+04 2.290083e+04 1.492050e+04 1.256231e+05 5.205853e+07
<GCONST> 7.675029e+01
<MIXTURE> 5 5.960948e-02
<MEAN> 6
 -3.195849e+01 -5.540047e-01 3.666547e+00 1.146829e+02 7.434225e+02 -1.199650e+03
<VARIANCE> 6
 2.698736e+02 7.638680e+04 4.203325e+04 1.233701e+04 1.575653e+05 5.336590e+07
<GCONST> 7.769563e+01
<MIXTURE> 6 1.132502e-01
<MEAN> 6
 2.499559e+01 -9.393568e+01 6.866917e+01 2.139973e+02 -1.405788e+02 -3.067218e+03
<VARIANCE> 6
 6.010016e+02 1.689494e+05 1.184571e+05 5.246066e+03 2.283198e+05 8.235819e+07
<GCONST> 8.027585e+01
<MIXTURE> 7 7.800790e-02
<MEAN> 6
 7.587557e+01 1.859230e+01 8.620805e+01 -5.978889e+00 -4.059154e+01 -3.512854e+02
<VARIANCE> 6
 1.523606e+02 1.932836e+04 6.093391e+04 3.003832e+02 4.056576e+04 5.205853e+07
<GCONST> 7.102400e+01
<MIXTURE> 8 1.063174e-01
<MEAN> 6
 9.030099e+00 7.597240e+00 -4.302780e+01 -2.297136e+02 -8.444499e+01 4.521789e+03
<VARIANCE> 6
 5.685335e+02 4.689339e+04 1.020729e+05 5.490100e+03 3.707526e+05 2.031900e+08
<GCONST> 8.022305e+01
<MIXTURE> 9 6.545435e-02
<MEAN> 6
 8.624429e+01 3.913096e+01 2.982488e+01 3.708310e+01 -9.756987e+02 -1.151901e+03
<VARIANCE> 6
 2.665070e+02 5.774740e+05 7.746359e+04 1.676083e+04 1.054265e+06 5.783676e+08
<GCONST> 8.490752e+01
<MIXTURE> 10 7.642080e-02
<MEAN> 6
 -4.804770e+01 -1.392995e+01 -7.923697e+00 1.591302e+01 1.682354e+02 1.253831e+02
<VARIANCE> 6
 2.176232e+02 8.719770e+04 8.970741e+04 5.396304e+02 4.894032e+04 5.205853e+07
<GCONST> 7.404739e+01
<MIXTURE> 11 7.423183e-02
<MEAN> 6
 5.983543e+01 -7.176094e+01 1.042342e+02 9.929808e-02 -1.753075e+01 -1.829811e+02
<VARIANCE> 6
 3.322912e+01 3.401148e+04 1.380395e+05 3.003832e+02 4.056576e+04 5.205853e+07
<GCONST> 7.088406e+01
<MIXTURE> 12 7.818109e-02
<MEAN> 6
 6.445868e+01 -1.995932e+00 6.833848e+00 -1.046811e+02 -7.397193e+02 -2.382125e+02
<VARIANCE> 6
 2.589440e+02 1.412971e+05 1.118339e+05 1.203172e+04 1.909895e+05 5.205853e+07
<GCONST> 7.939042e+01
<MIXTURE> 13 6.481615e-02
<MEAN> 6
 -4.721803e+01 -7.382175e+01 1.721593e+01 3.836268e+00 7.857202e+02 -1.013635e+03
<VARIANCE> 6
 2.206846e+02 4.895074e+04 7.868101e+04 1.257203e+04 1.488296e+05 8.085000e+07
<GCONST> 7.805362e+01
<STATE> 3
<NUMMIXES> 13
<MIXTURE> 1 5.916703e-02
<MEAN> 6
 9.434453e+01 1.056717e+02 -5.384451e+01 -2.925633e+01 -1.964111e+02 1.963826e+04
<VARIANCE> 6
 1.977520e+02 1.006888e+05 7.663816e+04 1.330409e+03 1.314032e+06 8.274332e+08
<GCONST> 8.089661e+01
<MIXTURE> 2 1.036325e-01
<MEAN> 6
 5.728746e+01 -6.052476e+03 -1.885260e+03 -4.749557e-01 -1.238140e+01 -1.600480e+02
<VARIANCE> 6
 3.171015e+01 3.480831e+06 1.424629e+04 3.003832e+02 4.056576e+04 5.205853e+07
<GCONST> 7.319455e+01
<MIXTURE> 3 6.502928e-02
<MEAN> 6
 5.038899e+01 1.148405e+02 5.933056e+01 1.479123e+02 -1.219229e+02 -5.019017e+02
<VARIANCE> 6
 5.562455e+02 2.364139e+04 1.155935e+04 3.898165e+03 5.540537e+04 5.205853e+07
<GCONST> 7.373305e+01
<MIXTURE> 4 6.039148e-02
<MEAN> 6
 2.207939e+01 -2.794242e+01 1.217748e+02 3.356816e+02 -2.351740e+01 -1.629526e+04
<VARIANCE> 6
 9.904270e+02 9.035178e+04 9.786229e+04 3.559207e+03 9.623730e+05 3.793826e+08
<GCONST> 8.253668e+01
<MIXTURE> 5 5.697143e-02
<MEAN> 6
 8.853620e+01 -1.239933e+02 1.182629e+02 1.379278e+02 -1.907504e+03 -1.135506e+04
<VARIANCE> 6
 1.917540e+02 3.127316e+05 2.053669e+05 8.991909e+03 1.174276e+06 1.063420e+09
<GCONST> 8.503413e+01
<MIXTURE> 6 1.228088e-01
<MEAN> 6
 3.010185e+01 -2.949872e+02 2.127962e+02 2.296236e+02 -3.062612e+02 -1.960719e+03
<VARIANCE> 6
 5.236179e+02 1.804899e+05 2.142463e+05 1.695556e+03 2.166372e+05 8.597007e+07
<GCONST> 7.965759e+01
<MIXTURE> 7 5.641528e-02
<MEAN> 6
 9.011851e+01 2.800060e+02 -8.393003e+01 6.243015e+01 -8.703815e+02 7.445449e+02
<VARIANCE> 6
 2.383083e+02 1.329507e+05 2.633203e+04 1.711584e+03 1.676168e+05 6.207534e+07
<GCONST> 7.589557e+01
<MIXTURE> 8 7.115332e-02
<MEAN> 6
 -1.679877e+01 -1.944282e+02 3.710766e+02 2.280540e+02 6.749807e+02 -5.832041e+03
<VARIANCE> 6
 1.951346e+02 1.617744e+05 2.666857e+05 1.835798e+03 1.548449e+05 5.215526e+07
<GCONST> 7.802389e+01
<MIXTURE> 9 1.140336e-01
<MEAN> 6
 6.182718e+01 6.239134e+01 -1.012673e+02 1.242115e+02 -3.655527e+02 -1.141535e+03
<VARIANCE> 6
 2.730155e+02 7.514888e+04 1.433780e+05 2.021556e+03 2.590079e+05 5.205853e+07
<GCONST> 7.758138e+01
<MIXTURE> 10 5.498768e-02
<MEAN> 6
 1.872696e+01 -1.777573e+02 -4.768522e+02 1.120537e+02 -1.006497e+01 1.175351e+02
<VARIANCE> 6
 6.524074e+02 1.579126e+05 3.146837e+05 6.235945e+02 5.648679e+04 5.205853e+07
<GCONST> 7.728220e+01
<MIXTURE> 11 5.803709e-02
<MEAN> 6
 5.685353e+01 -1.373766e+04 -2.175983e+03 -7.042332e-01 5.367359e+00 5.928032e+01
<VARIANCE> 6
 3.171015e+01 1.373019e+07 1.155935e+04 3.003832e+02 4.056576e+04 5.205853e+07
<GCONST> 7.435788e+01
<MIXTURE> 12 1.095959e-01
<MEAN> 6
 -2.789277e+01 -1.042403e+02 1.065318e+01 1.210173e+02 5.337454e+02 -8.182495e+01
<VARIANCE> 6
 1.955065e+02 9.005049e+04 1.596626e+05 1.527528e+03 4.301075e+04 5.205853e+07
<GCONST> 7.546030e+01
<MIXTURE> 13 6.776613e-02
<MEAN> 6
 2.793154e+01 -1.708011e+01 -2.316194e+01 1.865749e+02 -6.972325e+01 -1.716479e+03
<VARIANCE> 6
 5.082829e+02 1.959008e+04 1.155935e+04 4.279216e+03 9.567225e+04 5.205853e+07
<GCONST> 7.409442e+01
<STATE> 4
<NUMMIXES> 13
<MIXTURE> 1 1.085242e-01
<MEAN> 6
 8.118343e+01 -3.526920e+02 2.601824e+03 -6.425772e-01 -9.771680e+00 -1.782523e+02
<VARIANCE> 6
 3.171015e+01 1.281363e+04 1.155935e+04 3.003832e+02 4.056576e+04 5.205853e+07
<GCONST> 6.738103e+01
<MIXTURE> 2 1.013298e-01
<MEAN> 6
 1.196451e+02 -2.379815e+03 2.671245e+01 -1.611309e+00 -1.202003e+00 3.231807e+01
<VARIANCE> 6
 3.171015e+01 7.461241e+04 1.155935e+04 3.003832e+02 4.056576e+04 5.205853e+07
<GCONST> 6.914283e+01
<MIXTURE> 3 7.522641e-02
<MEAN> 6
 4.710428e+01 3.855618e+02 1.901130e+03 5.267658e-01 -1.012422e+00 -8.777771e+00
<VARIANCE> 6
 3.171015e+01 1.281363e+04 1.391549e+04 3.003832e+02 4.056576e+04 5.205853e+07
<GCONST> 6.756654e+01
<MIXTURE> 4 8.843426e-02
<MEAN> 6
 7.326955e+01 -4.342617e+02 1.122062e+03 -1.417640e+00 4.356957e+00 -1.470597e+02
<VARIANCE> 6
 3.171015e+01 1.281363e+04 1.155935e+04 3.003832e+02 4.056576e+04 5.205853e+07
<GCONST> 6.738103e+01
<MIXTURE> 5 1.429787e-01
<MEAN> 6
 7.330501e+01 -4.181951e+02 8.984052e+02 -1.371538e+00 -5.965807e+00 -8.153968e+01
<VARIANCE> 6
 3.171015e+01 1.281363e+04 1.155935e+04 3.003832e+02 4.056576e+04 5.205853e+07
<GCONST> 6.738103e+01
<MIXTURE> 6 8.906779e-02
<MEAN> 6
 8.187838e+01 -7.364512e+02 1.593769e+03 -1.271342e-01 4.153379e-01 6.414176e+00
<VARIANCE> 6
 3.171015e+01 1.281363e+04 1.155935e+04 3.003832e+02 4.056576e+04 5.205853e+07
<GCONST> 6.738103e+01
<MIXTURE> 7 6.572255e-02
<MEAN> 6
 7.320392e+01 -4.142016e+02 9.124892e+02 -1.277332e+00 -4.066697e+00 -6.449094e+01
<VARIANCE> 6
 3.171015e+01 1.281363e+04 1.155935e+04 3.003832e+02 4.056576e+04 5.205853e+07
<GCONST> 6.738103e+01
<MIXTURE> 8 7.653300e-02
<MEAN> 6
 7.298851e+01 -4.066427e+02 9.423681e+02 -1.192455e+00 -1.448616e+00 -4.349593e+01
<VARIANCE> 6
 3.171015e+01 1.281363e+04 1.155935e+04 3.003832e+02 4.056576e+04 5.205853e+07
<GCONST> 6.738103e+01
<MIXTURE> 9 9.179002e-03
<MEAN> 6
 6.997801e+01 -3.683372e+02 -1.221697e+02 -1.313440e+01 -2.927471e+02 1.321167e+04
<VARIANCE> 6
 3.386395e+02 6.340591e+05 1.130118e+06 4.139644e+02 2.048830e+05 1.558305e+08
<GCONST> 8.127018e+01
<MIXTURE> 10 6.325204e-02
<MEAN> 6
 8.135906e+01 -6.762619e+02 1.372976e+03 -3.162824e-01 -9.073920e+00 -2.584644e+02
<VARIANCE> 6
 3.171015e+01 1.281363e+04 1.155935e+04 3.003832e+02 4.056576e+04 5.205853e+07
<GCONST> 6.738103e+01
<MIXTURE> 11 4.316717e-02
<MEAN> 6
 8.074615e+01 -4.934946e+02 2.256528e+03 1.203254e-01 -1.280246e+00 4.553242e+01
<VARIANCE> 6
 3.171015e+01 1.281363e+04 1.922767e+04 3.003832e+02 4.056576e+04 5.205853e+07
<GCONST> 6.788989e+01
<MIXTURE> 12 7.118115e-02
<MEAN> 6
 4.783920e+01 3.517457e+02 1.754726e+03 3.049661e-01 -1.374328e+01 -2.279574e+02
<VARIANCE> 6
 3.171015e+01 1.281363e+04 1.155935e+04 3.003832e+02 4.056576e+04 5.205853e+07
<GCONST> 6.738103e+01
<MIXTURE> 13 6.539265e-02
<MEAN> 6
 7.340403e+01 -4.225555e+02 8.831334e+02 -1.539231e+00 -8.736915e+00 -1.066426e+02
<VARIANCE> 6
 3.171015e+01 1.281363e+04 1.155935e+04 3.003832e+02 4.056576e+04 5.205853e+07
<GCONST> 6.738103e+01
<STATE> 5
<NUMMIXES> 13
<MIXTURE> 1 6.156720e-02
<MEAN> 6
 7.119820e+01 -7.871576e+02 -1.444758e+03 -2.901684e-01 -1.095350e+00 4.966354e+01
<VARIANCE> 6
 3.171015e+01 1.281363e+04 1.155935e+04 3.003832e+02 4.056576e+04 5.205853e+07
<GCONST> 6.738103e+01
<MIXTURE> 2 9.773100e-02
<MEAN> 6
 5.894330e+01 -3.330445e+02 -1.187502e+03 1.039279e+00 -3.776705e+00 -2.401698e+02
<VARIANCE> 6
 3.171015e+01 1.281363e+04 1.635357e+04 3.003832e+02 4.056576e+04 5.205853e+07
<GCONST> 6.772798e+01
<MIXTURE> 3 2.163393e-02
<MEAN> 6
 6.065881e+01 6.273783e+01 -2.571219e+03 -5.961532e+00 9.393207e+00 -1.058482e+01
<VARIANCE> 6
 3.171015e+01 1.281363e+04 1.155935e+04 3.003832e+02 9.934295e+04 5.205853e+07
<GCONST> 6.827669e+01
<MIXTURE> 4 7.600468e-02
<MEAN> 6
 7.139552e+01 -1.655130e+03 -1.115451e+03 3.558191e+00 -1.063204e+01 -3.401960e+01
<VARIANCE> 6
 3.171015e+01 6.078937e+05 1.893847e+05 3.003832e+02 4.056576e+04 5.205853e+07
<GCONST> 7.403680e+01
<MIXTURE> 5 8.842183e-02
<MEAN> 6
 6.149946e+01 2.032184e+02 -3.216086e+03 9.749346e-01 -1.206657e+01 -1.641483e+02
<VARIANCE> 6
 3.171015e+01 1.281363e+04 1.155935e+04 3.003832e+02 4.056576e+04 5.205853e+07
<GCONST> 6.738103e+01
<MIXTURE> 6 6.538349e-02
<MEAN> 6
 5.700950e+01 -4.099538e+02 -1.585674e+03 3.331090e+00 1.063835e+00 -1.059849e+02
<VARIANCE> 6
 3.370844e+01 1.281363e+04 1.155935e+04 3.003832e+02 4.056576e+04 5.205853e+07
<GCONST> 6.744215e+01
<MIXTURE> 7 7.451674e-02
<MEAN> 6
 6.970818e+01 -6.607866e+02 -1.704601e+03 -8.593891e-01 -1.152636e+01 -1.232704e+02
<VARIANCE> 6
 3.171015e+01 1.281363e+04 1.155935e+04 3.003832e+02 4.056576e+04 5.205853e+07
<GCONST> 6.738103e+01
<MIXTURE> 8 7.652136e-02
<MEAN> 6
 6.190773e+01 1.212276e+02 -2.909824e+03 6.704968e-02 -4.334393e+00 -1.641459e+02
<VARIANCE> 6
 3.171015e+01 1.281363e+04 1.155935e+04 3.003832e+02 4.056576e+04 5.205853e+07
<GCONST> 6.738103e+01
<MIXTURE> 9 1.391546e-01
<MEAN> 6
 5.979915e+01 -3.405701e+02 -1.355214e+03 3.313519e+00 -1.348719e+00 -1.284656e+01
<VARIANCE> 6
 3.171015e+01 1.281363e+04 1.155935e+04 3.003832e+02 4.056576e+04 5.205853e+07
<GCONST> 6.738103e+01
<MIXTURE> 10 8.873363e-02
<MEAN> 6
 6.149951e+01 2.032277e+02 -3.216097e+03 9.749943e-01 -1.206652e+01 -1.641540e+02
<VARIANCE> 6
 3.171015e+01 1.281363e+04 1.155935e+04 3.003832e+02 4.056576e+04 5.205853e+07
<GCONST> 6.738103e+01
<MIXTURE> 11 7.375512e-02
<MEAN> 6
 6.962092e+01 -6.527006e+02 -1.729346e+03 -1.234626e+00 -1.859294e+01 -1.921717e+02
<VARIANCE> 6
 3.171015e+01 1.281363e+04 1.155935e+04 3.003832e+02 4.056576e+04 5.205853e+07
<GCONST> 6.738103e+01
<MIXTURE> 12 7.469447e-02
<MEAN> 6
 6.192915e+01 1.230814e+02 -2.917591e+03 1.053754e-01 -5.501304e+00 -1.719371e+02
<VARIANCE> 6
 3.171015e+01 1.281363e+04 1.155935e+04 3.003832e+02 4.056576e+04 5.205853e+07
<GCONST> 6.738103e+01
<MIXTURE> 13 6.187626e-02
<MEAN> 6
 7.097668e+01 -7.660111e+02 -1.477437e+03 -4.158586e-01 -3.579987e-01 3.042927e+01
<VARIANCE> 6
 3.171015e+01 1.281363e+04 1.155935e+04 3.003832e+02 4.056576e+04 5.205853e+07
<GCONST> 6.738103e+01
<STATE> 6
<NUMMIXES> 13
<MIXTURE> 1 9.458618e-02
<MEAN> 6
 6.799087e+01 4.550453e+03 -6.667935e+02 -1.259883e+00 7.462532e-01 -1.204734e+00
<VARIANCE> 6
 3.171015e+01 2.305370e+05 1.155935e+04 3.003832e+02 4.056576e+04 5.205853e+07
<GCONST> 7.027094e+01
<MIXTURE> 2 8.199596e-02
<MEAN> 6
 6.919579e+01 2.234646e+03 1.251731e+03 -9.730985e-01 -5.496342e+00 -2.369999e+02
<VARIANCE> 6
 3.171015e+01 1.281363e+04 1.294602e+04 3.003832e+02 4.056576e+04 5.205853e+07
<GCONST> 6.749432e+01
<MIXTURE> 3 1.063862e-01
<MEAN> 6
 5.604522e+01 -1.106857e+03 8.223683e+02 -6.321100e-01 -6.743235e+00 -1.809800e+02
<VARIANCE> 6
 3.171015e+01 1.281363e+04 1.155935e+04 3.003832e+02 4.056576e+04 5.205853e+07
<GCONST> 6.738103e+01
<MIXTURE> 4 8.463717e-02
<MEAN> 6
 6.587734e+01 1.241189e+03 -4.972890e+02 4.542326e-01 -1.452916e+01 -8.076659e+01
<VARIANCE> 6
 3.171015e+01 1.281363e+04 1.155935e+04 3.003832e+02 4.056576e+04 5.205853e+07
<GCONST> 6.738103e+01
<MIXTURE> 5 9.982914e-02
<MEAN> 6
 7.101545e+01 1.123648e+03 -1.666979e+03 1.512154e+00 1.831597e+00 -1.796782e+02
<VARIANCE> 6
 3.171015e+01 2.003121e+04 3.224992e+04 3.003832e+02 4.056576e+04 5.205853e+07
<GCONST> 6.885384e+01
<MIXTURE> 6 1.123206e-01
<MEAN> 6
 7.338348e+01 1.347391e+03 1.229748e+03 6.673798e-01 6.749886e-01 -1.466269e+02
<VARIANCE> 6
 3.171015e+01 1.281869e+04 1.749516e+04 3.003832e+02 4.056576e+04 5.205853e+07
<GCONST> 6.779585e+01
<MIXTURE> 7 7.263780e-02
<MEAN> 6
 6.620681e+01 1.352826e+03 -6.825143e+02 -1.081714e+00 -3.754147e-01 -2.957788e+01
<VARIANCE> 6
 3.171015e+01 1.281363e+04 1.155935e+04 3.003832e+02 4.056576e+04 5.205853e+07
<GCONST> 6.738103e+01
<MIXTURE> 8 5.898745e-02
<MEAN> 6
 5.832667e+01 1.068700e+03 -1.073696e+03 -2.615203e-02 -4.358949e+00 -3.576091e+01
<VARIANCE> 6
 3.171015e+01 1.281363e+04 1.155935e+04 3.003832e+02 4.056576e+04 5.205853e+07
<GCONST> 6.738103e+01
<MIXTURE> 9 7.384031e-02
<MEAN> 6
 5.700296e+01 1.375661e+03 1.140500e+03 1.668109e+00 -1.108873e+01 2.333670e+01
<VARIANCE> 6
 3.171015e+01 1.906770e+04 1.155935e+04 3.003832e+02 4.056576e+04 5.205853e+07
<GCONST> 6.777852e+01
<MIXTURE> 10 7.409654e-02
<MEAN> 6
 7.183087e+01 1.957180e+03 -6.984183e+02 -2.029346e+00 -1.605554e+00 1.087050e+02
<VARIANCE> 6
 3.171015e+01 3.275186e+05 1.040646e+05 3.003832e+02 4.056576e+04 5.205853e+07
<GCONST> 7.281959e+01
<MIXTURE> 11 7.333740e-02
<MEAN> 6
 6.620676e+01 1.352824e+03 -6.825113e+02 -1.081682e+00 -3.753758e-01 -2.957756e+01
<VARIANCE> 6
 3.171015e+01 1.281363e+04 1.155935e+04 3.003832e+02 4.056576e+04 5.205853e+07
<GCONST> 6.738103e+01
<MIXTURE> 12 1.419670e-02
<MEAN> 6
 5.062969e+01 7.111523e+02 -2.272687e+02 2.185870e+01 -1.119514e+02 1.888908e+03
<VARIANCE> 6
 3.146697e+02 4.055165e+05 1.075157e+06 4.050413e+02 5.448332e+04 5.205853e+07
<GCONST> 7.825720e+01
<MIXTURE> 13 5.314334e-02
<MEAN> 6
 5.834325e+01 9.934135e+02 -1.063113e+03 -1.756131e+00 -2.198904e+01 -2.304094e+02
<VARIANCE> 6
 3.171015e+01 1.714259e+04 1.155935e+04 3.003832e+02 4.056576e+04 5.205853e+07
<GCONST> 6.767209e+01
<STATE> 7
<NUMMIXES> 13
<MIXTURE> 1 2.813348e-02
<MEAN> 6
 5.853998e+01 4.477887e+02 4.578379e+02 5.741207e+00 -9.192597e+00 6.760045e+00
<VARIANCE> 6
 3.171015e+01 1.281363e+04 1.155935e+04 3.003832e+02 4.056576e+04 5.205853e+07
<GCONST> 6.738103e+01
<MIXTURE> 2 4.453935e-02
<MEAN> 6
 6.848340e+01 2.322454e+02 8.995204e+01 -2.267420e+00 2.890620e-01 4.221279e+01
<VARIANCE> 6
 3.171015e+01 1.281363e+04 1.155935e+04 3.003832e+02 4.056576e+04 5.205853e+07
<GCONST> 6.738103e+01
<MIXTURE> 3 1.036297e-01
<MEAN> 6
 6.294188e+01 3.072806e+01 -4.694793e+02 -1.087139e+00 -6.946655e+00 -9.215408e+01
<VARIANCE> 6
 3.171015e+01 1.605889e+04 2.123150e+04 3.003832e+02 4.056576e+04 5.205853e+07
<GCONST> 6.821478e+01
<MIXTURE> 4 8.995880e-03
<MEAN> 6
 7.278972e+01 -1.085322e+01 4.190212e+02 -1.882893e+00 -6.907986e-01 -8.531671e+00
<VARIANCE> 6
 3.171015e+01 1.281363e+04 1.155935e+04 3.003832e+02 4.056576e+04 5.205853e+07
<GCONST> 6.738103e+01
<MIXTURE> 5 1.680826e-01
<MEAN> 6
 6.203824e+01 -2.018784e+00 -2.617026e+02 -8.344293e-01 -4.023054e+00 -6.730907e+01
<VARIANCE> 6
 3.171015e+01 2.589418e+04 1.155935e+04 3.003832e+02 4.056576e+04 5.205853e+07
<GCONST> 6.808454e+01
<MIXTURE> 6 9.046408e-02
<MEAN> 6
 5.809319e+01 -1.944862e+02 -2.131505e+02 -3.623483e-01 -1.221951e+00 -7.551840e+01
<VARIANCE> 6
 3.171015e+01 1.281363e+04 6.471167e+04 3.003832e+02 4.056576e+04 5.205853e+07
<GCONST> 6.910349e+01
<MIXTURE> 7 7.324906e-02
<MEAN> 6
 6.807941e+01 2.183453e+02 9.676579e+01 -2.411185e+00 2.345986e-01 4.435524e+01
<VARIANCE> 6
 3.171015e+01 1.281363e+04 1.155935e+04 3.003832e+02 4.056576e+04 5.205853e+07
<GCONST> 6.738103e+01
<MIXTURE> 8 1.697371e-01
<MEAN> 6
 6.201277e+01 -5.221452e+00 -2.635338e+02 -8.134847e-01 -4.030768e+00 -6.990585e+01
<VARIANCE> 6
 3.171015e+01 2.565432e+04 1.155935e+04 3.003832e+02 4.056576e+04 5.205853e+07
<GCONST> 6.807523e+01
<MIXTURE> 9 7.191490e-02
<MEAN> 6
 6.052377e+01 1.474297e+01 1.853189e+02 -1.186099e+00 2.051997e-01 7.200912e+00
<VARIANCE> 6
 3.171015e+01 1.281363e+04 1.158092e+04 3.003832e+02 4.056576e+04 5.205853e+07
<GCONST> 6.738290e+01
<MIXTURE> 10 5.627209e-02
<MEAN> 6
 7.280274e+01 -1.108073e+01 4.190009e+02 -1.886224e+00 -6.868637e-01 -8.154146e+00
<VARIANCE> 6
 3.171015e+01 1.281363e+04 1.155935e+04 3.003832e+02 4.056576e+04 5.205853e+07
<GCONST> 6.738103e+01
<MIXTURE> 11 1.154304e-03
<MEAN> 6
 6.970886e+01 -1.089915e+02 -1.224636e+02 -1.706154e+01 -1.351199e+02 6.199627e+02
<VARIANCE> 6
 8.811739e+02 1.082286e+06 2.204979e+06 5.505889e+02 1.777916e+05 9.959323e+07
<GCONST> 8.312530e+01
<MIXTURE> 12 6.764528e-02
<MEAN> 6
 6.695185e+01 1.771713e+02 1.013851e+02 -2.827296e+00 -1.007601e-01 6.470223e+01
<VARIANCE> 6
 3.171015e+01 1.281363e+04 1.155935e+04 3.003832e+02 4.056576e+04 5.205853e+07
<GCONST> 6.738103e+01
<MIXTURE> 13 1.161334e-01
<MEAN> 6
 6.082073e+01 -8.708672e+01 -6.012082e+02 -1.086694e+00 -4.855907e+00 -6.562440e+01
<VARIANCE> 6
 3.171015e+01 1.281363e+04 1.821716e+04 3.003832e+02 4.056576e+04 5.205853e+07
<GCONST> 6.783591e+01
<STATE> 8
<NUMMIXES> 13
<MIXTURE> 1 2.560781e-02
<MEAN> 6
 9.332520e+01 1.011519e+03 -1.308067e+02 -5.521647e+00 5.685724e+00 3.501647e+02
<VARIANCE> 6
 3.171015e+01 1.281363e+04 1.155935e+04 3.003832e+02 4.056576e+04 5.205853e+07
<GCONST> 6.738103e+01
<MIXTURE> 2 6.370855e-02
<MEAN> 6
 9.813019e+01 1.218702e+02 -6.892220e+00 -1.010982e+01 4.033984e+00 5.425980e+02
<VARIANCE> 6
 3.171015e+01 1.281363e+04 1.181236e+04 3.003832e+02 4.056576e+04 5.205853e+07
<GCONST> 6.740269e+01
<MIXTURE> 3 6.048789e-02
<MEAN> 6
 7.816909e+01 7.879138e+01 -6.782416e+02 -1.899564e+00 -1.796667e+01 -6.607040e+01
<VARIANCE> 6
 3.171015e+01 1.281363e+04 9.752150e+04 3.003832e+02 4.056576e+04 5.205853e+07
<GCONST> 6.951361e+01
<MIXTURE> 4 1.217625e-01
<MEAN> 6
 9.062122e+01 5.914867e+01 -1.877197e+02 -1.967913e+00 -5.962028e+00 -2.632195e+01
<VARIANCE> 6
 4.363349e+01 1.281363e+04 1.155935e+04 3.003832e+02 4.056576e+04 5.205853e+07
<GCONST> 6.770022e+01
<MIXTURE> 5 6.216322e-02
<MEAN> 6
 8.458488e+01 5.526585e+02 -2.778800e+02 -2.021697e+00 1.225737e+00 -2.784567e+00
<VARIANCE> 6
 3.171015e+01 3.062411e+04 1.155935e+04 3.003832e+02 4.056576e+04 5.205853e+07
<GCONST> 6.825231e+01
<MIXTURE> 6 4.105112e-02
<MEAN> 6
 1.036806e+02 -4.247066e+02 1.560644e+01 -6.197673e+00 1.521982e+01 1.465335e+02
<VARIANCE> 6
 3.171015e+01 1.281363e+04 1.155935e+04 3.003832e+02 4.056576e+04 5.205853e+07
<GCONST> 6.738103e+01
<MIXTURE> 7 1.183239e-01
<MEAN> 6
 8.477196e+01 -2.536113e+02 -3.046117e+02 -1.394500e+00 2.338090e+00 6.036364e+01
<VARIANCE> 6
 3.171015e+01 1.463607e+04 1.155935e+04 3.003832e+02 4.056576e+04 5.205853e+07
<GCONST> 6.751402e+01
<MIXTURE> 8 2.697664e-02
<MEAN> 6
 9.797109e+01 5.050385e+02 -4.505879e+02 -1.034137e+01 -6.801579e+00 1.123745e+02
<VARIANCE> 6
 7.569804e+01 1.281363e+04 1.155935e+04 3.003832e+02 4.056576e+04 5.205853e+07
<GCONST> 6.825114e+01
<MIXTURE> 9 1.046730e-01
<MEAN> 6
 8.863277e+01 -1.597944e+02 2.979307e+01 -2.961897e+00 3.828577e+00 -4.496826e+01
<VARIANCE> 6
 3.171015e+01 1.281363e+04 1.155935e+04 3.003832e+02 4.056576e+04 5.205853e+07
<GCONST> 6.738103e+01
<MIXTURE> 10 9.751648e-02
<MEAN> 6
 8.949072e+01 -2.865586e+01 3.656338e+01 -3.786957e+00 4.826328e+00 -5.502114e+01
<VARIANCE> 6
 3.171015e+01 1.281363e+04 1.155935e+04 3.003832e+02 4.056576e+04 5.205853e+07
<GCONST> 6.738103e+01
<MIXTURE> 11 9.072607e-02
<MEAN> 6
 8.556577e+01 4.928619e+01 -2.223530e+02 1.399493e-01 -1.166150e+00 -4.861599e+01
<VARIANCE> 6
 3.171015e+01 1.281363e+04 1.155935e+04 3.003832e+02 4.056576e+04 5.205853e+07
<GCONST> 6.738103e+01
<MIXTURE> 12 1.008397e-01
<MEAN> 6
 8.881709e+01 -1.872144e+02 3.027551e+01 -3.196447e+00 3.388638e+00 -5.218809e+01
<VARIANCE> 6
 3.171015e+01 1.281363e+04 1.155935e+04 3.003832e+02 4.056576e+04 5.205853e+07
<GCONST> 6.738103e+01
<MIXTURE> 13 8.613615e-02
<MEAN> 6
 8.410225e+01 1.699276e+01 -2.672689e+02 2.802968e-01 -7.951316e-01 -4.155427e+00
<VARIANCE> 6
 3.171015e+01 1.281363e+04 1.155935e+04 3.003832e+02 4.056576e+04 5.205853e+07
<GCONST> 6.738103e+01
<STATE> 9
<NUMMIXES> 13
<MIXTURE> 1 6.697474e-02
<MEAN> 6
 8.962276e+01 2.146681e+02 3.733476e+03 -1.362356e-01 -7.354567e+00 -1.582422e+02
<VARIANCE> 6
 3.171015e+01 1.281363e+04 1.155935e+04 3.003832e+02 4.056576e+04 5.205853e+07
<GCONST> 6.738103e+01
<MIXTURE> 2 6.733298e-02
<MEAN> 6
 6.872891e+01 6.472679e+02 4.305369e+03 -7.009266e-02 -2.404279e+00 -9.580653e+01
<VARIANCE> 6
 3.171015e+01 1.281363e+04 1.155935e+04 3.003832e+02 4.056576e+04 5.205853e+07
<GCONST> 6.738103e+01
<MIXTURE> 3 7.212590e-02
<MEAN> 6
 8.922591e+01 5.715253e+02 -1.358942e+03 1.475645e+00 -1.415404e+01 -2.401130e+02
<VARIANCE> 6
 3.171015e+01 1.281363e+04 1.155935e+04 3.003832e+02 4.056576e+04 5.205853e+07
<GCONST> 6.738103e+01
<MIXTURE> 4 7.767704e-02
<MEAN> 6
 5.334204e+01 3.896811e+02 -5.885204e+03 4.232162e+00 -2.816192e+01 -2.350150e+02
<VARIANCE> 6
 4.579249e+01 4.864569e+04 5.000710e+06 5.136888e+02 4.056576e+04 5.205853e+07
<GCONST> 7.568897e+01
<MIXTURE> 5 1.139066e-01
<MEAN> 6
 7.163575e+01 -3.544277e+01 3.324771e+03 3.202206e-01 -2.844762e+00 -9.187831e+01
<VARIANCE> 6
 3.171015e+01 1.281363e+04 1.155935e+04 3.003832e+02 4.056576e+04 5.205853e+07
<GCONST> 6.738103e+01
<MIXTURE> 6 7.994398e-02
<MEAN> 6
 6.348319e+01 7.168676e+02 -2.904612e+03 7.524401e-01 -1.386853e+01 -8.473941e+01
<VARIANCE> 6
 3.171015e+01 1.281363e+04 3.362629e+04 3.003832e+02 4.056576e+04 5.205853e+07
<GCONST> 6.844884e+01
<MIXTURE> 7 8.682363e-02
<MEAN> 6
 7.411097e+01 6.151412e+02 1.974076e+03 -7.494119e-01 -8.571303e+00 -1.885059e+02
<VARIANCE> 6
 3.171015e+01 1.281363e+04 3.154216e+04 3.003832e+02 4.056576e+04 5.205853e+07
<GCONST> 6.838486e+01
<MIXTURE> 8 1.201090e-01
<MEAN> 6
 5.289231e+01 5.565052e+02 -1.723756e+03 9.079454e-01 7.023594e-01 -1.656362e+02
<VARIANCE> 6
 3.171015e+01 1.281363e+04 2.021316e+05 3.003832e+02 4.056576e+04 5.205853e+07
<GCONST> 7.024246e+01
<MIXTURE> 9 4.483878e-02
<MEAN> 6
 9.440838e+01 2.302067e+02 4.481836e+02 -2.974315e+00 2.750238e+01 -5.478367e+02
<VARIANCE> 6
 3.171015e+01 1.281363e+04 1.155935e+04 3.003832e+02 4.056576e+04 5.205853e+07
<GCONST> 6.738103e+01
<MIXTURE> 10 7.720077e-02
<MEAN> 6
 8.829904e+01 3.279067e+02 -1.316755e+03 -2.922013e+00 3.648705e+00 4.907019e+01
<VARIANCE> 6
 3.171015e+01 1.281363e+04 1.155935e+04 3.003832e+02 4.056576e+04 5.205853e+07
<GCONST> 6.738103e+01
<MIXTURE> 11 5.984634e-02
<MEAN> 6
 6.244043e+01 8.143080e+02 -3.394469e+03 -4.048397e-02 1.190102e+00 4.875049e+01
<VARIANCE> 6
 3.171015e+01 1.281363e+04 1.206754e+04 3.003832e+02 4.056576e+04 5.205853e+07
<GCONST> 6.742406e+01
<MIXTURE> 12 6.695819e-02
<MEAN> 6
 6.873347e+01 6.462609e+02 4.304782e+03 -6.808391e-02 -2.561337e+00 -9.860365e+01
<VARIANCE> 6
 3.171015e+01 1.281363e+04 1.155935e+04 3.003832e+02 4.056576e+04 5.205853e+07
<GCONST> 6.738103e+01
<MIXTURE> 13 6.626320e-02
<MEAN> 6
 8.962490e+01 2.144912e+02 3.732907e+03 -1.411472e-01 -7.319990e+00 -1.577373e+02
<VARIANCE> 6
 3.171015e+01 1.281363e+04 1.155935e+04 3.003832e+02 4.056576e+04 5.205853e+07
<GCONST> 6.738103e+01
<STATE> 10
<NUMMIXES> 13
<MIXTURE> 1 1.379953e-01
<MEAN> 6
 7.860338e+01 -2.541881e+02 4.242979e+02 -3.320147e-01 -1.908787e+01 1.010468e+02
<VARIANCE> 6
 3.171015e+01 1.281363e+04 1.155935e+04 3.003832e+02 4.056576e+04 5.205853e+07
<GCONST> 6.738103e+01
<MIXTURE> 2 1.383281e-01
<MEAN> 6
 7.998119e+01 3.956984e+01 1.151730e+02 -5.335531e+00 2.098304e+00 5.291320e+01
<VARIANCE> 6
 3.171015e+01 1.281363e+04 1.155935e+04 3.003832e+02 4.056576e+04 5.205853e+07
<GCONST> 6.738103e+01
<MIXTURE> 3 8.797038e-03
<MEAN> 6
 7.855309e+01 -8.364378e+01 8.268330e+02 -5.679659e+00 -9.516531e+01 -3.384622e+02
<VARIANCE> 6
 1.893850e+02 2.538572e+05 3.913464e+06 3.003832e+02 4.884084e+04 5.205853e+07
<GCONST> 7.816476e+01
<MIXTURE> 4 8.545039e-02
<MEAN> 6
 7.302962e+01 -5.932503e+02 1.864872e+02 -9.082812e-01 -3.486328e+00 -1.330877e+02
<VARIANCE> 6
 3.171015e+01 1.281363e+04 1.155935e+04 3.003832e+02 4.056576e+04 5.205853e+07
<GCONST> 6.738103e+01
<MIXTURE> 5 8.550582e-02
<MEAN> 6
 7.829504e+01 -3.994989e+02 1.520772e+02 -2.629015e+00 1.468830e+00 -9.873438e-02
<VARIANCE> 6
 3.171015e+01 1.221590e+05 1.155935e+04 3.003832e+02 4.056576e+04 5.205853e+07
<GCONST> 6.963585e+01
<MIXTURE> 6 1.122745e-02
<MEAN> 6
 8.127186e+01 -5.016554e+02 -6.217000e+01 -5.861924e+00 2.504245e+00 -1.975867e+01
<VARIANCE> 6
 3.171015e+01 1.281363e+04 1.155935e+04 3.003832e+02 4.056576e+04 5.205853e+07
<GCONST> 6.738103e+01
<MIXTURE> 7 7.496318e-02
<MEAN> 6
 7.609755e+01 -8.015761e+02 1.489662e+01 3.455714e-01 9.421620e-01 -1.642192e+02
<VARIANCE> 6
 3.171015e+01 1.281363e+04 1.827649e+04 3.003832e+02 4.056576e+04 5.205853e+07
<GCONST> 6.783916e+01
<MIXTURE> 8 5.593257e-02
<MEAN> 6
 7.741261e+01 -2.055204e+02 9.162000e+01 -4.745787e+00 3.850786e+00 3.313032e+01
<VARIANCE> 6
 3.171015e+01 3.093645e+04 1.155935e+04 3.003832e+02 4.056576e+04 5.205853e+07
<GCONST> 6.826246e+01
<MIXTURE> 9 1.006043e-01
<MEAN> 6
 7.922459e+01 -3.875616e+02 1.257539e+02 -3.068587e+00 1.937258e+00 -4.668370e+01
<VARIANCE> 6
 3.171015e+01 1.281363e+04 1.599501e+04 3.003832e+02 4.056576e+04 5.205853e+07
<GCONST> 6.770581e+01
<MIXTURE> 10 9.514330e-02
<MEAN> 6
 7.300169e+01 -5.937075e+02 1.867043e+02 -9.033192e-01 -3.518035e+00 -1.325658e+02
<VARIANCE> 6
 3.171015e+01 1.281363e+04 1.155935e+04 3.003832e+02 4.056576e+04 5.205853e+07
<GCONST> 6.738103e+01
<MIXTURE> 11 4.821626e-02
<MEAN> 6
 7.850285e+01 -3.395288e+02 1.041847e+02 -3.931387e+00 2.493094e+00 7.848945e+00
<VARIANCE> 6
 3.171015e+01 1.819061e+04 1.155935e+04 3.003832e+02 4.056576e+04 5.205853e+07
<GCONST> 6.773143e+01
<MIXTURE> 12 7.999302e-02
<MEAN> 6
 7.745290e+01 -3.283851e+01 8.881542e+01 -4.843645e+00 6.580163e+00 -9.992936e+00
<VARIANCE> 6
 3.171015e+01 1.281363e+04 1.155935e+04 3.003832e+02 4.056576e+04 5.205853e+07
<GCONST> 6.738103e+01
<MIXTURE> 13 7.782955e-02
<MEAN> 6
 7.554199e+01 -7.794137e+02 -6.606454e+01 -9.779646e-02 9.760453e-01 -1.179659e+02
<VARIANCE> 6
 3.171015e+01 1.281363e+04 1.155935e+04 3.003832e+02 4.056576e+04 5.205853e+07
<GCONST> 6.738103e+01
<STATE> 11
<NUMMIXES> 13
<MIXTURE> 1 7.555278e-02
<MEAN> 6
 9.757808e+01 -9.814142e+02 -2.440030e+02 -1.118196e+01 1.617459e+01 4.434305e+01
<VARIANCE> 6
 6.708635e+01 7.767504e+04 1.745574e+04 3.003832e+02 4.056576e+04 5.205853e+07
<GCONST> 7.034457e+01
<MIXTURE> 2 6.112811e-02
<MEAN> 6
 7.315957e+01 -3.841089e+02 -2.602321e+02 -5.256258e+01 -1.127623e+03 -1.658819e+04
<VARIANCE> 6
 3.091155e+02 2.955620e+05 4.300101e+05 1.135218e+03 4.849304e+05 2.050775e+08
<GCONST> 8.159442e+01
<MIXTURE> 3 7.531397e-02
<MEAN> 6
 7.445024e+01 -1.273762e+03 -8.093266e+01 -2.066081e+00 -6.306042e+00 -2.883554e+02
<VARIANCE> 6
 3.171015e+01 1.281363e+04 1.155935e+04 3.003832e+02 4.056576e+04 5.205853e+07
<GCONST> 6.738103e+01
<MIXTURE> 4 6.076161e-03
<MEAN> 6
 7.174256e+01 -4.736548e+02 -5.145419e+02 5.734763e+01 -1.709609e+02 5.877084e+01
<VARIANCE> 6
 3.171015e+01 1.618890e+04 1.155935e+04 3.003832e+02 4.056576e+04 5.205853e+07
<GCONST> 6.761485e+01
<MIXTURE> 5 2.910298e-02
<MEAN> 6
 7.075284e+01 -1.007115e+03 -4.137583e+02 2.481283e-01 -3.260864e+00 1.907162e+01
<VARIANCE> 6
 3.171015e+01 1.281363e+04 1.155935e+04 3.003832e+02 4.056576e+04 5.205853e+07
<GCONST> 6.738103e+01
<MIXTURE> 6 1.089033e-01
<MEAN> 6
 7.534479e+01 -3.007356e+02 -6.011465e+02 -3.217394e+00 -1.173961e+01 -1.009056e+02
<VARIANCE> 6
 3.175293e+01 1.281363e+04 1.155935e+04 3.003832e+02 4.056576e+04 5.205853e+07
<GCONST> 6.738238e+01
<MIXTURE> 7 8.559231e-02
<MEAN> 6
 7.076933e+01 -1.129577e+03 -3.383041e+02 1.534615e+00 -1.660688e+01 -3.711567e+01
<VARIANCE> 6
 3.171015e+01 1.281363e+04 1.155935e+04 3.003832e+02 4.056576e+04 5.205853e+07
<GCONST> 6.738103e+01
<MIXTURE> 8 1.940400e-01
<MEAN> 6
 9.865724e+01 -5.004858e+02 -5.401854e+02 -1.360954e+00 -2.037148e+00 -6.464635e+01
<VARIANCE> 6
 3.372900e+01 1.281363e+04 1.155935e+04 3.003832e+02 4.056576e+04 5.205853e+07
<GCONST> 6.744275e+01
<MIXTURE> 9 7.625220e-02
<MEAN> 6
 7.131445e+01 -1.389322e+03 -6.803766e+02 -1.374581e+00 1.249720e+00 -1.270631e+01
<VARIANCE> 6
 3.171015e+01 9.391588e+04 1.155935e+04 3.003832e+02 4.056576e+04 5.205853e+07
<GCONST> 6.937292e+01
<MIXTURE> 10 2.775144e-02
<MEAN> 6
 7.075071e+01 -9.520474e+02 -4.490744e+02 -4.224343e-01 7.958878e-02 2.755675e+01
<VARIANCE> 6
 3.171015e+01 1.281363e+04 1.155935e+04 3.003832e+02 4.056576e+04 5.205853e+07
<GCONST> 6.738103e+01
<MIXTURE> 11 7.984016e-02
<MEAN> 6
 7.267222e+01 -7.905906e+02 -6.460114e+02 -2.847859e+00 -1.011298e+01 1.584668e+02
<VARIANCE> 6
 3.171015e+01 1.675530e+04 1.155935e+04 3.003832e+02 4.056576e+04 5.205853e+07
<GCONST> 6.764924e+01
<MIXTURE> 12 9.010764e-02
<MEAN> 6
 9.721864e+01 -4.989637e+02 -5.402770e+02 -1.010857e+00 -2.399800e+00 -8.908220e+01
<VARIANCE> 6
 3.171015e+01 1.281363e+04 1.155935e+04 3.003832e+02 4.056576e+04 5.205853e+07
<GCONST> 6.738103e+01
<MIXTURE> 13 9.031525e-02
<MEAN> 6
 9.547189e+01 -5.008949e+02 -5.458657e+02 -7.003223e-01 -2.935825e+00 -9.844713e+01
<VARIANCE> 6
 3.171015e+01 1.281363e+04 1.155935e+04 3.003832e+02 4.056576e+04 5.205853e+07
<GCONST> 6.738103e+01
<STATE> 12
<NUMMIXES> 13
<MIXTURE> 1 9.774109e-02
<MEAN> 6
 8.745006e+01 6.101932e+01 -1.175885e+02 -5.476713e+00 -9.022704e+01 -6.813133e+02
<VARIANCE> 6
 8.900885e+01 4.194428e+05 8.488298e+05 3.526292e+02 4.740208e+04 5.205853e+07
<GCONST> 7.651402e+01
<MIXTURE> 2 9.556919e-02
<MEAN> 6
 7.707069e+01 2.342335e+02 -2.747324e+02 3.716460e+01 -7.875367e+02 -2.794658e+01
<VARIANCE> 6
 3.847354e+02 1.993332e+06 1.656710e+06 2.169978e+04 4.430723e+05 1.818714e+08
<GCONST> 8.781084e+01
<MIXTURE> 3 3.872791e-02
<MEAN> 6
 1.225123e+00 1.098904e+02 -2.615836e+03 -3.521516e+02 -7.740321e+01 1.616943e+04
<VARIANCE> 6
 8.563382e+02 8.504389e+05 9.661944e+06 7.005990e+03 1.156769e+06 6.154141e+08
<GCONST> 9.057062e+01
<MIXTURE> 4 6.093204e-02
<MEAN> 6
 4.316693e+00 5.872711e+01 1.265272e+02 3.306269e+02 1.721384e+02 -1.061713e+04
<VARIANCE> 6
 6.550501e+02 4.318849e+05 3.826523e+05 4.011529e+03 6.386777e+05 1.318822e+08
<GCONST> 8.370427e+01
<MIXTURE> 5 5.504275e-02
<MEAN> 6
 4.979889e+01 -3.680301e+01 -5.596085e+01 -2.668703e+02 -9.932050e+02 5.226462e+03
<VARIANCE> 6
 2.291177e+02 5.145716e+05 5.982146e+05 4.026075e+03 3.370166e+05 9.186337e+07
<GCONST> 8.227854e+01
<MIXTURE> 6 9.732787e-02
<MEAN> 6
 -6.735059e+01 4.125784e+01 -1.108281e+02 8.825863e+00 1.609438e+02 4.650748e+02
<VARIANCE> 6
 9.481420e+01 2.749127e+05 6.521024e+05 5.218348e+02 6.670536e+04 5.205853e+07
<GCONST> 7.662462e+01
<MIXTURE> 7 1.290662e-01
<MEAN> 6
 -5.175343e+01 -3.855777e+01 9.624743e+01 1.131395e+02 9.233638e+02 6.279974e+02
<VARIANCE> 6
 1.809721e+02 3.088940e+05 4.519284e+05 1.330028e+04 1.832925e+05 5.588340e+07
<GCONST> 8.134080e+01
<MIXTURE> 8 5.276126e-02
<MEAN> 6
 -5.356640e+01 -1.691865e+02 -2.197066e+02 -2.027081e+02 1.858418e+03 4.310262e+03
<VARIANCE> 6
 1.604173e+02 8.042062e+05 1.512666e+06 9.987407e+03 1.084172e+06 8.581706e+08
<GCONST> 8.760776e+01
<MIXTURE> 9 8.287244e-02
<MEAN> 6
 -4.511366e+00 -1.331241e+01 1.249147e+01 -2.790403e+02 1.253913e+02 3.259333e+03
<VARIANCE> 6
 5.138121e+02 6.951586e+05 7.128682e+05 6.099792e+03 2.860467e+05 1.479635e+08
<GCONST> 8.429047e+01
<MIXTURE> 10 5.131875e-02
<MEAN> 6
 -7.075174e+01 -8.294089e+01 -4.194141e+02 -7.537463e+00 9.326901e+02 -7.078659e+03
<VARIANCE> 6
 6.944350e+01 3.594086e+05 2.466344e+06 5.229037e+03 3.562853e+05 2.345972e+08
<GCONST> 8.339709e+01
<MIXTURE> 11 3.812302e-02
<MEAN> 6
 9.148069e+01 -3.096250e+02 -1.248670e+03 4.080832e+01 -1.394784e+03 5.503381e+02
<VARIANCE> 6
 1.232762e+02 8.339201e+05 4.280386e+06 1.798903e+04 2.195377e+06 1.543581e+09
<GCONST> 9.030189e+01
<MIXTURE> 12 1.252944e-01
<MEAN> 6
 7.590766e+01 6.907125e+01 -1.022129e+02 1.968692e+01 -7.008114e+02 -1.293858e+03
<VARIANCE> 6
 1.827280e+02 2.870120e+05 4.330369e+05 2.022111e+04 1.650383e+05 5.270344e+07
<GCONST> 8.148972e+01
<MIXTURE> 13 7.504822e-02
<MEAN> 6
 1.867978e+01 -2.346362e+02 -1.127619e+02 2.638792e+02 -1.846345e+02 -3.299675e+03
<VARIANCE> 6
 7.012245e+02 8.589353e+05 1.198912e+06 2.515340e+03 3.053259e+05 5.205853e+07
<GCONST> 8.346765e+01
<STATE> 13
<NUMMIXES> 13
<MIXTURE> 1 3.730918e-02
<MEAN> 6
 -5.741292e+00 1.593678e+02 1.084533e+02 -2.515255e+01 5.692789e+01 4.756756e+03
<VARIANCE> 6
 1.160467e+04 1.979618e+05 4.081308e+05 2.069506e+06 1.131654e+09 1.663247e+12
<GCONST> 1.090312e+02
<MIXTURE> 2 8.278885e-02
<MEAN> 6
 8.455199e+01 2.919444e+02 1.522647e+03 -3.185833e+00 -1.326784e+01 7.371849e+01
<VARIANCE> 6
 2.066986e+02 1.121575e+06 1.886002e+06 3.003832e+02 4.056576e+04 5.205853e+07
<GCONST> 7.882236e+01
<MIXTURE> 3 6.482274e-02
<MEAN> 6
 -1.276644e+01 1.720203e+02 2.109734e+02 -5.971763e+00 -1.998981e+02 -9.365551e+02
<VARIANCE> 6
 6.809549e+03 3.375263e+05 1.032813e+06 4.212635e+04 2.944951e+06 3.327740e+09
<GCONST> 9.390013e+01
<MIXTURE> 4 7.303782e-02
<MEAN> 6
 -4.235467e+01 -3.223405e+00 4.815279e+02 8.810693e+01 4.288259e+02 -1.232446e+03
<VARIANCE> 6
 3.476411e+02 1.752802e+06 1.651998e+06 9.303302e+03 8.948777e+04 5.205853e+07
<GCONST> 8.388051e+01
<MIXTURE> 5 8.787466e-02
<MEAN> 6
 4.813013e+01 7.805677e+02 9.400506e+02 5.082154e+00 -3.675050e+02 2.090749e+02
<VARIANCE> 6
 7.838093e+02 1.837039e+06 4.033894e+06 2.122802e+04 2.410705e+05 6.055605e+07
<GCONST> 8.760034e+01
<MIXTURE> 6 8.533733e-02
<MEAN> 6
 8.926926e+01 6.263688e+02 -1.121423e+02 -6.789082e+00 -6.705165e+00 3.785503e+01
<VARIANCE> 6
 1.158789e+02 2.391759e+05 1.868822e+05 3.003832e+02 4.056576e+04 5.205853e+07
<GCONST> 7.438661e+01
<MIXTURE> 7 4.632454e-02
<MEAN> 6
 8.234331e+01 1.268539e+02 1.006816e+02 -1.321665e+01 -1.118612e+02 -2.467557e+02
<VARIANCE> 6
 1.898359e+02 1.272734e+05 9.472272e+04 9.265182e+03 4.743705e+05 2.532288e+08
<GCONST> 8.103979e+01
<MIXTURE> 8 4.023438e-02
<MEAN> 6
 -6.082035e+01 8.316833e+01 5.493069e+02 -2.655354e+00 1.460273e+02 2.816470e+02
<VARIANCE> 6
 1.800416e+02 4.237076e+05 2.081281e+06 3.876549e+02 4.056576e+04 5.205853e+07
<GCONST> 7.806442e+01
<MIXTURE> 9 1.149643e-01
<MEAN> 6
 2.083438e+01 -1.963529e+02 5.983489e+02 3.707235e+00 -1.881910e+02 -5.704741e+02
<VARIANCE> 6
 8.427014e+02 1.411082e+05 1.915720e+06 2.356352e+04 1.088020e+05 5.205853e+07
<GCONST> 8.351938e+01
<MIXTURE> 10 4.044982e-02
<MEAN> 6
 -5.290347e+01 -9.990337e+01 1.976309e+02 -6.295020e+01 9.115453e+02 1.178482e+03
<VARIANCE> 6
 2.381692e+02 8.388200e+05 1.432599e+06 1.633512e+04 3.093832e+05 2.276255e+08
<GCONST> 8.590161e+01
<MIXTURE> 11 1.279965e-01
<MEAN> 6
 7.236788e+01 -1.060893e+02 1.543270e+02 6.822321e-01 -2.165310e+01 -3.034698e+01
<VARIANCE> 6
 2.522073e+02 3.940042e+05 1.880669e+06 3.003832e+02 4.056576e+04 5.205853e+07
<GCONST> 7.797239e+01
<MIXTURE> 12 1.096204e-01
<MEAN> 6
 8.052996e+01 -1.883593e+02 -8.806594e+01 -1.511814e+00 1.007775e+01 -7.324086e+01
<VARIANCE> 6
 5.447313e+01 9.799552e+04 1.267968e+05 3.003832e+02 4.056576e+04 5.205853e+07
<GCONST> 7.235161e+01
<MIXTURE> 13 8.895071e-02
<MEAN> 6
 8.248884e+01 1.846298e+02 8.124875e+02 -3.450488e+00 -1.208343e+01 6.838929e+01
<VARIANCE> 6
 1.982273e+02 1.360454e+06 2.271614e+06 3.003832e+02 4.056576e+04 5.205853e+07
<GCONST> 7.915962e+01
<TRANSP> 14
 0.000000e+00 1.000000e+00 0.000000e+00 0.000000e+00 0.000000e+00 0.000000e+00 0.000000e+00 0.000000e+00 0.000000e+00 0.000000e+00 0.000000e+00 0.000000e+00 0.000000e+00 0.000000e+00
 0.000000e+00 9.999070e-01 9.304895e-05 0.000000e+00 0.000000e+00 0.000000e+00 0.000000e+00 0.000000e+00 0.000000e+00 0.000000e+00 0.000000e+00 0.000000e+00 0.000000e+00 0.000000e+00
 0.000000e+00 0.000000e+00 9.971973e-01 2.802658e-03 0.000000e+00 0.000000e+00 0.000000e+00 0.000000e+00 0.000000e+00 0.000000e+00 0.000000e+00 0.000000e+00 0.000000e+00 0.000000e+00
 0.000000e+00 0.000000e+00 0.000000e+00 9.973209e-01 2.679064e-03 0.000000e+00 0.000000e+00 0.000000e+00 0.000000e+00 0.000000e+00 0.000000e+00 0.000000e+00 0.000000e+00 0.000000e+00
 0.000000e+00 0.000000e+00 0.000000e+00 0.000000e+00 9.961101e-01 3.889926e-03 0.000000e+00 0.000000e+00 0.000000e+00 0.000000e+00 0.000000e+00 0.000000e+00 0.000000e+00 0.000000e+00
 0.000000e+00 0.000000e+00 0.000000e+00 0.000000e+00 0.000000e+00 9.973378e-01 2.662215e-03 0.000000e+00 0.000000e+00 0.000000e+00 0.000000e+00 0.000000e+00 0.000000e+00 0.000000e+00
 0.000000e+00 0.000000e+00 0.000000e+00 0.000000e+00 0.000000e+00 0.000000e+00 9.988722e-01 1.127854e-03 0.000000e+00 0.000000e+00 0.000000e+00 0.000000e+00 0.000000e+00 0.000000e+00
 0.000000e+00 0.000000e+00 0.000000e+00 0.000000e+00 0.000000e+00 0.000000e+00 0.000000e+00 9.984415e-01 1.558536e-03 0.000000e+00 0.000000e+00 0.000000e+00 0.000000e+00 0.000000e+00
 0.000000e+00 0.000000e+00 0.000000e+00 0.000000e+00 0.000000e+00 0.000000e+00 0.000000e+00 0.000000e+00 9.978560e-01 2.144034e-03 0.000000e+00 0.000000e+00 0.000000e+00 0.000000e+00
 0.000000e+00 0.000000e+00 0.000000e+00 0.000000e+00 0.000000e+00 0.000000e+00 0.000000e+00 0.000000e+00 0.000000e+00 9.978868e-01 2.113237e-03 0.000000e+00 0.000000e+00 0.000000e+00
 0.000000e+00 0.000000e+00 0.000000e+00 0.000000e+00 0.000000e+00 0.000000e+00 0.000000e+00 0.000000e+00 0.000000e+00 0.000000e+00 9.971649e-01 2.835117e-03 0.000000e+00 0.000000e+00
 0.000000e+00 0.000000e+00 0.000000e+00 0.000000e+00 0.000000e+00 0.000000e+00 0.000000e+00 0.000000e+00 0.000000e+00 0.000000e+00 0.000000e+00 9.998717e-01 1.283086e-04 0.000000e+00
 0.000000e+00 0.000000e+00 0.000000e+00 0.000000e+00 0.000000e+00 0.000000e+00 0.000000e+00 0.000000e+00 0.000000e+00 0.000000e+00 0.000000e+00 0.000000e+00 9.998012e-01 1.988134e-04
 0.000000e+00 0.000000e+00 0.000000e+00 0.000000e+00 0.000000e+00 0.000000e+00 0.000000e+00 0.000000e+00 0.000000e+00 0.000000e+00 0.000000e+00 0.000000e+00 0.000000e+00 0.000000e+00
<ENDHMM>
