~o
<STREAMINFO> 1 6
<VECSIZE> 6<NULLD><USER><DIAGC>
~h "SegundoPRIMARIA"
<BEGINHMM>
<NUMSTATES> 15
<STATE> 2
<NUMMIXES> 14
<MIXTURE> 1 6.381495e-02
<MEAN> 6
 9.943373e+01 9.583972e+01 2.672758e+02 -7.096278e+00 -2.378891e+01 -4.309406e+02
<VARIANCE> 6
 3.537719e+02 1.818811e+06 4.785359e+05 2.998339e+02 4.032245e+04 5.181961e+07
<GCONST> 7.845927e+01
<MIXTURE> 2 7.137970e-02
<MEAN> 6
 -3.348318e+00 -1.654063e+02 -1.685243e+00 2.919899e+02 3.905169e+02 -7.656423e+03
<VARIANCE> 6
 5.201982e+02 6.400824e+05 3.117234e+05 6.488967e+03 5.106108e+05 1.207178e+08
<GCONST> 8.383089e+01
<MIXTURE> 3 4.600875e-02
<MEAN> 6
 2.978502e+01 2.987445e+02 -5.409772e+02 -9.604045e+01 -2.070966e+02 6.387829e+03
<VARIANCE> 6
 4.422313e+03 2.440166e+07 1.753379e+06 1.105631e+05 7.297713e+06 6.600873e+09
<GCONST> 1.008358e+02
<MIXTURE> 4 7.659966e-02
<MEAN> 6
 6.222383e+01 8.992907e+01 -1.627574e+02 1.639324e+02 -2.765378e+02 -3.465419e+02
<VARIANCE> 6
 5.330806e+02 7.114741e+05 3.910124e+05 2.630398e+04 2.243823e+05 8.355876e+07
<GCONST> 8.439716e+01
<MIXTURE> 5 7.971879e-02
<MEAN> 6
 -3.620770e+01 -4.714689e+02 -5.364748e+00 -2.031526e+02 1.494902e+03 6.447094e+03
<VARIANCE> 6
 6.104700e+02 5.245105e+05 2.458635e+05 4.004986e+04 1.739004e+06 9.702595e+08
<GCONST> 8.868402e+01
<MIXTURE> 6 5.834747e-02
<MEAN> 6
 -5.309890e+01 -2.669778e+01 1.114756e+02 9.428432e+01 9.615284e+02 1.545381e+03
<VARIANCE> 6
 2.093106e+02 8.008321e+05 5.078999e+05 1.411262e+04 3.223011e+05 1.369072e+08
<GCONST> 8.407541e+01
<MIXTURE> 7 5.384830e-02
<MEAN> 6
 9.244386e+01 -2.126474e+03 3.550351e+02 -6.967124e+00 -2.777900e+01 -1.622310e+02
<VARIANCE> 6
 2.255529e+02 3.696690e+07 9.939908e+05 2.998339e+02 4.032245e+04 5.181961e+07
<GCONST> 8.175201e+01
<MIXTURE> 8 6.684105e-02
<MEAN> 6
 1.065501e+02 -9.023701e+01 3.281905e+01 8.550258e+01 -1.169167e+03 -6.587091e+03
<VARIANCE> 6
 6.624873e+02 5.746118e+05 2.766670e+05 3.430484e+04 4.968232e+06 2.893623e+09
<GCONST> 9.096268e+01
<MIXTURE> 9 8.962180e-02
<MEAN> 6
 7.848717e+01 1.146200e+03 -2.709938e+02 4.299188e-01 -1.176739e+01 -2.733133e+02
<VARIANCE> 6
 3.179780e+01 1.335348e+06 4.093920e+05 2.998339e+02 4.032245e+04 5.181961e+07
<GCONST> 7.558496e+01
<MIXTURE> 10 6.626005e-02
<MEAN> 6
 -7.130981e+01 3.189666e+02 -1.132138e+02 8.514391e+00 1.693094e+02 5.682902e+02
<VARIANCE> 6
 1.812004e+02 4.679571e+06 5.447177e+05 1.009352e+03 1.051564e+05 6.371634e+07
<GCONST> 8.124382e+01
<MIXTURE> 11 1.119502e-01
<MEAN> 6
 6.298719e+01 -1.819404e+02 -1.034380e+02 -1.609764e+02 -9.079515e+02 3.838074e+03
<VARIANCE> 6
 1.260476e+03 4.740057e+05 4.990950e+05 4.298503e+04 5.752545e+05 2.726250e+08
<GCONST> 8.771082e+01
<MIXTURE> 12 8.673126e-02
<MEAN> 6
 6.952376e+01 -4.331181e+02 3.034812e+02 -7.685545e+01 -4.964039e+02 -7.637658e+02
<VARIANCE> 6
 1.036307e+03 4.728351e+05 3.204715e+05 3.024000e+04 1.984571e+05 5.181961e+07
<GCONST> 8.399326e+01
<MIXTURE> 13 6.997443e-02
<MEAN> 6
 8.036990e+01 -6.601138e+02 5.572941e+02 -1.977124e+00 -1.453981e+01 -3.104889e+02
<VARIANCE> 6
 3.164512e+02 5.141539e+05 4.761198e+05 2.998339e+02 4.032245e+04 5.181961e+07
<GCONST> 7.707930e+01
<MIXTURE> 14 5.877625e-02
<MEAN> 6
 -6.108909e+01 -1.578010e+02 -5.004667e+01 1.953803e+01 7.752874e+02 -3.654079e+03
<VARIANCE> 6
 2.058859e+02 5.806159e+05 5.340414e+05 1.181565e+04 3.707870e+05 2.230154e+08
<GCONST> 8.423798e+01
<STATE> 3
<NUMMIXES> 14
<MIXTURE> 1 1.659742e-03
<MEAN> 6
 7.430819e+01 5.444601e+01 4.225463e+01 7.803267e+00 -6.781277e+01 1.651138e+03
<VARIANCE> 6
 4.623558e+02 6.352745e+05 1.119707e+06 1.179731e+03 8.692395e+04 5.181961e+07
<GCONST> 8.066310e+01
<MIXTURE> 2 6.110857e-02
<MEAN> 6
 8.754468e+01 -1.148789e+02 -8.441031e+02 -3.224622e+00 5.583993e+00 -9.392714e+01
<VARIANCE> 6
 3.179780e+01 1.280424e+04 1.446404e+04 2.998339e+02 4.032245e+04 5.181961e+07
<GCONST> 6.759479e+01
<MIXTURE> 3 9.122291e-02
<MEAN> 6
 7.759371e+01 -2.827231e+02 -9.786498e+02 -3.071104e+00 1.941802e-01 -4.932154e+01
<VARIANCE> 6
 3.179780e+01 1.280424e+04 1.446404e+04 2.998339e+02 4.032245e+04 5.181961e+07
<GCONST> 6.759479e+01
<MIXTURE> 4 7.982909e-02
<MEAN> 6
 9.408515e+01 4.067062e+01 -4.497765e+02 -1.061705e+00 4.197758e+00 -1.911032e+02
<VARIANCE> 6
 3.179780e+01 1.280424e+04 1.572734e+04 2.998339e+02 4.032245e+04 5.181961e+07
<GCONST> 6.767851e+01
<MIXTURE> 5 4.980014e-02
<MEAN> 6
 9.458509e+01 -3.435904e+02 -5.473815e+02 -6.963246e-01 4.651424e+00 8.474761e+01
<VARIANCE> 6
 3.179780e+01 1.280424e+04 1.446404e+04 2.998339e+02 4.032245e+04 5.181961e+07
<GCONST> 6.759479e+01
<MIXTURE> 6 7.781784e-02
<MEAN> 6
 7.789177e+01 -6.900728e+02 -6.445073e+02 -3.843318e+00 7.366487e+00 1.144753e+01
<VARIANCE> 6
 3.179780e+01 1.280424e+04 1.446404e+04 2.998339e+02 4.032245e+04 5.181961e+07
<GCONST> 6.759479e+01
<MIXTURE> 7 5.910372e-02
<MEAN> 6
 9.412914e+01 -3.256828e+02 -5.506994e+02 -1.236869e+00 2.162011e+00 1.196630e+02
<VARIANCE> 6
 3.179780e+01 1.280424e+04 1.446404e+04 2.998339e+02 4.032245e+04 5.181961e+07
<GCONST> 6.759479e+01
<MIXTURE> 8 9.589149e-02
<MEAN> 6
 9.313873e+01 -5.574286e+02 -5.356071e+02 1.656596e+00 -3.854425e+00 -1.355251e+02
<VARIANCE> 6
 3.179780e+01 1.280424e+04 1.446404e+04 2.998339e+02 4.032245e+04 5.181961e+07
<GCONST> 6.759479e+01
<MIXTURE> 9 9.207511e-02
<MEAN> 6
 7.759372e+01 -2.827232e+02 -9.786495e+02 -3.071110e+00 1.941864e-01 -4.932101e+01
<VARIANCE> 6
 3.179780e+01 1.280424e+04 1.446404e+04 2.998339e+02 4.032245e+04 5.181961e+07
<GCONST> 6.759479e+01
<MIXTURE> 10 1.080316e-01
<MEAN> 6
 8.958691e+01 -3.749567e+02 -3.172075e+01 -7.547504e+00 8.008233e+00 2.278979e+02
<VARIANCE> 6
 3.179780e+01 1.992583e+04 1.446404e+04 2.998339e+02 4.032245e+04 5.181961e+07
<GCONST> 6.803703e+01
<MIXTURE> 11 9.612162e-02
<MEAN> 6
 9.313763e+01 -5.574835e+02 -5.356004e+02 1.657307e+00 -3.845609e+00 -1.355124e+02
<VARIANCE> 6
 3.179780e+01 1.280424e+04 1.446404e+04 2.998339e+02 4.032245e+04 5.181961e+07
<GCONST> 6.759479e+01
<MIXTURE> 12 7.827757e-02
<MEAN> 6
 9.477473e+01 -7.495687e+02 -7.157551e+00 -8.805516e-01 -1.255119e+01 -1.877332e+02
<VARIANCE> 6
 3.179780e+01 5.460073e+04 1.446404e+04 2.998339e+02 4.032245e+04 5.181961e+07
<GCONST> 6.904506e+01
<MIXTURE> 13 5.962568e-02
<MEAN> 6
 9.444852e+01 -3.431357e+02 -5.502929e+02 -1.159318e+00 -1.939692e+00 8.487951e+01
<VARIANCE> 6
 3.179780e+01 1.280424e+04 1.446404e+04 2.998339e+02 4.032245e+04 5.181961e+07
<GCONST> 6.759479e+01
<MIXTURE> 14 4.938261e-02
<MEAN> 6
 9.464372e+01 -3.732960e+02 -5.530624e+02 -1.433516e+00 -1.368148e+01 4.709443e+01
<VARIANCE> 6
 3.179780e+01 1.280424e+04 1.446404e+04 2.998339e+02 4.032245e+04 5.181961e+07
<GCONST> 6.759479e+01
<STATE> 4
<NUMMIXES> 14
<MIXTURE> 1 6.188022e-02
<MEAN> 6
 7.382648e+01 2.048504e+02 -2.027831e+02 -2.831063e+00 8.698896e+00 8.430886e+01
<VARIANCE> 6
 3.179780e+01 1.280424e+04 1.446404e+04 2.998339e+02 4.032245e+04 5.181961e+07
<GCONST> 6.759479e+01
<MIXTURE> 2 3.479083e-02
<MEAN> 6
 7.658852e+01 1.221531e+02 -7.299573e+02 -1.676892e+00 -1.401834e+00 -8.938257e+00
<VARIANCE> 6
 3.337835e+01 1.850014e+04 1.982162e+05 2.998339e+02 4.032245e+04 5.181961e+07
<GCONST> 7.062898e+01
<MIXTURE> 3 1.206405e-01
<MEAN> 6
 6.798369e+01 4.213988e+00 -9.106942e+02 -8.315885e-01 -4.366564e+00 -1.209627e+02
<VARIANCE> 6
 3.179780e+01 1.280424e+04 1.787548e+04 2.998339e+02 4.032245e+04 5.181961e+07
<GCONST> 6.780655e+01
<MIXTURE> 4 8.012058e-02
<MEAN> 6
 7.688739e+01 7.365132e+01 -3.402939e+02 -1.208120e+00 -2.082551e+00 -9.513129e+01
<VARIANCE> 6
 3.179780e+01 1.280424e+04 1.446404e+04 2.998339e+02 4.032245e+04 5.181961e+07
<GCONST> 6.759479e+01
<MIXTURE> 5 8.063423e-02
<MEAN> 6
 7.689278e+01 7.345834e+01 -3.402903e+02 -1.207793e+00 -2.093018e+00 -9.528267e+01
<VARIANCE> 6
 3.179780e+01 1.280424e+04 1.446404e+04 2.998339e+02 4.032245e+04 5.181961e+07
<GCONST> 6.759479e+01
<MIXTURE> 6 3.903900e-02
<MEAN> 6
 6.352695e+01 -2.017068e+02 -9.321201e+02 3.173050e+00 -1.620202e+01 -1.486130e+02
<VARIANCE> 6
 3.179780e+01 2.055103e+04 1.446404e+04 2.998339e+02 4.032245e+04 5.181961e+07
<GCONST> 6.806792e+01
<MIXTURE> 7 9.195112e-02
<MEAN> 6
 7.546884e+01 1.702258e+02 -1.361327e+03 1.265822e+00 1.346272e+01 6.628549e+00
<VARIANCE> 6
 3.179780e+01 1.280424e+04 1.446404e+04 2.998339e+02 4.032245e+04 5.181961e+07
<GCONST> 6.759479e+01
<MIXTURE> 8 6.126130e-02
<MEAN> 6
 7.686536e+01 8.191266e+01 -3.269655e+02 -1.246959e+00 -1.005552e+00 -8.446590e+01
<VARIANCE> 6
 3.179780e+01 1.280424e+04 1.446404e+04 2.998339e+02 4.032245e+04 5.181961e+07
<GCONST> 6.759479e+01
<MIXTURE> 9 6.557474e-02
<MEAN> 6
 6.785264e+01 -4.571787e+00 -9.490712e+02 -9.844412e-01 -2.996416e+00 -8.677782e+01
<VARIANCE> 6
 3.179780e+01 1.280424e+04 1.470308e+04 2.998339e+02 4.032245e+04 5.181961e+07
<GCONST> 6.761118e+01
<MIXTURE> 10 8.107809e-02
<MEAN> 6
 7.690208e+01 7.312901e+01 -3.402624e+02 -1.207313e+00 -2.110072e+00 -9.553374e+01
<VARIANCE> 6
 3.179780e+01 1.280424e+04 1.446404e+04 2.998339e+02 4.032245e+04 5.181961e+07
<GCONST> 6.759479e+01
<MIXTURE> 11 8.004873e-02
<MEAN> 6
 7.690416e+01 7.305376e+01 -3.402637e+02 -1.207175e+00 -2.114249e+00 -9.559409e+01
<VARIANCE> 6
 3.179780e+01 1.280424e+04 1.446404e+04 2.998339e+02 4.032245e+04 5.181961e+07
<GCONST> 6.759479e+01
<MIXTURE> 12 6.637730e-02
<MEAN> 6
 6.778786e+01 -7.808505e+00 -9.604266e+02 -1.018485e+00 -2.649325e+00 -7.819418e+01
<VARIANCE> 6
 3.179780e+01 1.280424e+04 1.446404e+04 2.998339e+02 4.032245e+04 5.181961e+07
<GCONST> 6.759479e+01
<MIXTURE> 13 7.528682e-02
<MEAN> 6
 7.878312e+01 1.743170e+02 -7.207707e+02 1.290954e+00 3.566600e+00 -7.377578e+01
<VARIANCE> 6
 3.179780e+01 1.280424e+04 1.446404e+04 2.998339e+02 4.032245e+04 5.181961e+07
<GCONST> 6.759479e+01
<MIXTURE> 14 6.128673e-02
<MEAN> 6
 7.686785e+01 6.702442e+01 -3.517937e+02 -1.200777e+00 -3.867613e+00 -1.090829e+02
<VARIANCE> 6
 3.179780e+01 1.280424e+04 1.446404e+04 2.998339e+02 4.032245e+04 5.181961e+07
<GCONST> 6.759479e+01
<STATE> 5
<NUMMIXES> 14
<MIXTURE> 1 1.080746e-01
<MEAN> 6
 7.908463e+01 3.133116e+02 1.957958e+01 1.498222e+00 -1.444799e+01 1.267753e+02
<VARIANCE> 6
 3.179780e+01 1.280424e+04 1.446404e+04 2.998339e+02 4.032245e+04 5.181961e+07
<GCONST> 6.759479e+01
<MIXTURE> 2 5.715180e-02
<MEAN> 6
 7.363813e+01 3.807885e+01 1.191766e+02 1.821225e-02 -3.482982e+00 -7.317318e+01
<VARIANCE> 6
 3.179780e+01 1.280424e+04 1.446404e+04 2.998339e+02 4.032245e+04 5.181961e+07
<GCONST> 6.759479e+01
<MIXTURE> 3 6.870685e-02
<MEAN> 6
 6.981120e+01 -1.599075e+02 1.379727e+02 5.227097e-01 5.604691e+00 -8.001041e+01
<VARIANCE> 6
 3.179780e+01 1.280424e+04 1.446404e+04 2.998339e+02 4.032245e+04 5.181961e+07
<GCONST> 6.759479e+01
<MIXTURE> 4 1.146341e-01
<MEAN> 6
 7.416558e+01 -3.553275e+02 3.587826e+02 -2.186111e+00 2.528872e-01 -7.948522e+00
<VARIANCE> 6
 3.179780e+01 1.280424e+04 1.446404e+04 2.998339e+02 4.032245e+04 5.181961e+07
<GCONST> 6.759479e+01
<MIXTURE> 5 1.143887e-01
<MEAN> 6
 7.328227e+01 2.495013e+01 1.147017e+02 1.125886e-01 -2.201894e+00 -8.459116e+01
<VARIANCE> 6
 3.179780e+01 1.280424e+04 1.446404e+04 2.998339e+02 4.032245e+04 5.181961e+07
<GCONST> 6.759479e+01
<MIXTURE> 6 3.579996e-02
<MEAN> 6
 7.271417e+01 3.706805e+02 2.077669e+02 1.455148e+00 1.741895e+01 2.219909e+02
<VARIANCE> 6
 3.179780e+01 3.495925e+04 1.446404e+04 2.998339e+02 4.032245e+04 5.181961e+07
<GCONST> 6.859919e+01
<MIXTURE> 7 6.491807e-02
<MEAN> 6
 6.979960e+01 -1.568703e+02 1.390558e+02 5.361543e-01 5.641426e+00 -8.018517e+01
<VARIANCE> 6
 3.179780e+01 1.280424e+04 1.446404e+04 2.998339e+02 4.032245e+04 5.181961e+07
<GCONST> 6.759479e+01
<MIXTURE> 8 5.760847e-02
<MEAN> 6
 7.386514e+01 4.475528e+01 1.296630e+02 1.676820e-01 2.872381e-01 -7.355493e+01
<VARIANCE> 6
 3.179780e+01 1.280424e+04 1.446404e+04 2.998339e+02 4.032245e+04 5.181961e+07
<GCONST> 6.759479e+01
<MIXTURE> 9 1.084799e-01
<MEAN> 6
 7.306186e+01 1.733743e+01 1.166920e+02 1.730224e-01 -1.497024e+00 -8.921278e+01
<VARIANCE> 6
 3.179780e+01 1.280424e+04 1.446404e+04 2.998339e+02 4.032245e+04 5.181961e+07
<GCONST> 6.759479e+01
<MIXTURE> 10 2.056587e-02
<MEAN> 6
 7.473199e+01 -3.850781e+02 8.307430e+01 2.842882e+00 -1.489271e+01 -2.471820e+00
<VARIANCE> 6
 3.179780e+01 1.343090e+04 8.695891e+04 2.998339e+02 4.032245e+04 5.181961e+07
<GCONST> 6.943634e+01
<MIXTURE> 11 6.979921e-02
<MEAN> 6
 7.008929e+01 -1.763072e+02 1.232638e+02 4.295864e-01 4.864975e+00 -7.918368e+01
<VARIANCE> 6
 3.179780e+01 1.280424e+04 1.446404e+04 2.998339e+02 4.032245e+04 5.181961e+07
<GCONST> 6.759479e+01
<MIXTURE> 12 6.525125e-02
<MEAN> 6
 7.026586e+01 -1.843083e+02 1.145938e+02 3.753152e-01 4.307752e+00 -7.883221e+01
<VARIANCE> 6
 3.179780e+01 1.280424e+04 1.446404e+04 2.998339e+02 4.032245e+04 5.181961e+07
<GCONST> 6.759479e+01
<MIXTURE> 13 5.700956e-02
<MEAN> 6
 7.294532e+01 1.400669e+01 1.057255e+02 1.797083e-01 -9.908233e-01 -8.762274e+01
<VARIANCE> 6
 3.179780e+01 1.280424e+04 1.446404e+04 2.998339e+02 4.032245e+04 5.181961e+07
<GCONST> 6.759479e+01
<MIXTURE> 14 5.759239e-02
<MEAN> 6
 7.254191e+01 4.865487e+00 9.530151e+01 7.940784e-02 -3.399773e+00 -8.450215e+01
<VARIANCE> 6
 3.179780e+01 1.280424e+04 1.446404e+04 2.998339e+02 4.032245e+04 5.181961e+07
<GCONST> 6.759479e+01
<STATE> 6
<NUMMIXES> 14
<MIXTURE> 1 8.355434e-02
<MEAN> 6
 5.873904e+01 1.695700e+02 9.766694e+02 -8.790443e-02 -5.226455e+00 -9.328649e+01
<VARIANCE> 6
 3.179780e+01 1.280424e+04 1.446404e+04 2.998339e+02 4.032245e+04 5.181961e+07
<GCONST> 6.759479e+01
<MIXTURE> 2 7.994862e-02
<MEAN> 6
 7.107162e+01 4.121999e+02 -1.108723e+03 7.162717e+01 -2.205005e+02 -4.061581e+03
<VARIANCE> 6
 1.785307e+02 2.805499e+05 1.033767e+06 2.003017e+03 1.166378e+05 8.915797e+07
<GCONST> 8.018040e+01
<MIXTURE> 3 5.878727e-02
<MEAN> 6
 5.988448e+01 1.895704e+02 8.561437e+02 4.419295e-01 3.392573e+00 -2.880432e+00
<VARIANCE> 6
 3.179780e+01 1.280424e+04 1.733257e+04 2.998339e+02 4.032245e+04 5.181961e+07
<GCONST> 6.777570e+01
<MIXTURE> 4 4.815182e-02
<MEAN> 6
 6.080387e+01 1.938811e+02 7.416329e+02 2.677896e+00 3.176478e+01 3.050710e+01
<VARIANCE> 6
 3.179780e+01 1.280424e+04 1.446404e+04 2.998339e+02 4.032245e+04 5.181961e+07
<GCONST> 6.759479e+01
<MIXTURE> 5 8.306373e-02
<MEAN> 6
 5.873711e+01 1.695166e+02 9.768526e+02 -8.867532e-02 -5.245220e+00 -9.346790e+01
<VARIANCE> 6
 3.179780e+01 1.280424e+04 1.446404e+04 2.998339e+02 4.032245e+04 5.181961e+07
<GCONST> 6.759479e+01
<MIXTURE> 6 8.360162e-02
<MEAN> 6
 5.873911e+01 1.695719e+02 9.766630e+02 -8.787587e-02 -5.225764e+00 -9.328031e+01
<VARIANCE> 6
 3.179780e+01 1.280424e+04 1.446404e+04 2.998339e+02 4.032245e+04 5.181961e+07
<GCONST> 6.759479e+01
<MIXTURE> 7 8.327829e-02
<MEAN> 6
 5.873870e+01 1.695607e+02 9.767015e+02 -8.803941e-02 -5.229736e+00 -9.331828e+01
<VARIANCE> 6
 3.179780e+01 1.280424e+04 1.446404e+04 2.998339e+02 4.032245e+04 5.181961e+07
<GCONST> 6.759479e+01
<MIXTURE> 8 4.875790e-02
<MEAN> 6
 6.080547e+01 1.941677e+02 7.384276e+02 2.260476e+00 2.513633e+01 3.537122e+01
<VARIANCE> 6
 3.179780e+01 1.280424e+04 1.446404e+04 2.998339e+02 4.032245e+04 5.181961e+07
<GCONST> 6.759479e+01
<MIXTURE> 9 8.360949e-02
<MEAN> 6
 5.873915e+01 1.695731e+02 9.766588e+02 -8.785917e-02 -5.225357e+00 -9.327650e+01
<VARIANCE> 6
 3.179780e+01 1.280424e+04 1.446404e+04 2.998339e+02 4.032245e+04 5.181961e+07
<GCONST> 6.759479e+01
<MIXTURE> 10 8.355291e-02
<MEAN> 6
 5.873925e+01 1.695759e+02 9.766494e+02 -8.782008e-02 -5.224414e+00 -9.326704e+01
<VARIANCE> 6
 3.179780e+01 1.280424e+04 1.446404e+04 2.998339e+02 4.032245e+04 5.181961e+07
<GCONST> 6.759479e+01
<MIXTURE> 11 8.326966e-02
<MEAN> 6
 5.873973e+01 1.695890e+02 9.766041e+02 -8.762681e-02 -5.219749e+00 -9.322255e+01
<VARIANCE> 6
 3.179780e+01 1.280424e+04 1.446404e+04 2.998339e+02 4.032245e+04 5.181961e+07
<GCONST> 6.759479e+01
<MIXTURE> 12 8.306726e-02
<MEAN> 6
 5.874196e+01 1.696507e+02 9.763916e+02 -8.673058e-02 -5.198051e+00 -9.301361e+01
<VARIANCE> 6
 3.179780e+01 1.280424e+04 1.446404e+04 2.998339e+02 4.032245e+04 5.181961e+07
<GCONST> 6.759479e+01
<MIXTURE> 13 4.898144e-02
<MEAN> 6
 6.081776e+01 1.940113e+02 7.369335e+02 2.345110e+00 2.613245e+01 3.182910e+01
<VARIANCE> 6
 3.179780e+01 1.280424e+04 1.446404e+04 2.998339e+02 4.032245e+04 5.181961e+07
<GCONST> 6.759479e+01
<MIXTURE> 14 4.837025e-02
<MEAN> 6
 6.083414e+01 1.938126e+02 7.328042e+02 2.175455e+00 2.316026e+01 3.444112e+01
<VARIANCE> 6
 3.179780e+01 1.280424e+04 1.446404e+04 2.998339e+02 4.032245e+04 5.181961e+07
<GCONST> 6.759479e+01
<STATE> 7
<NUMMIXES> 14
<MIXTURE> 1 1.000448e-01
<MEAN> 6
 1.200858e+02 2.255151e+03 2.756378e+02 -5.206034e+00 -5.888412e+00 1.606038e+02
<VARIANCE> 6
 8.050283e+01 1.290547e+05 2.956908e+04 2.998339e+02 4.032245e+04 5.181961e+07
<GCONST> 7.154920e+01
<MIXTURE> 2 4.673750e-02
<MEAN> 6
 9.921244e+01 7.983044e+02 2.787062e+02 -4.747810e+00 -3.159958e+00 8.815664e+00
<VARIANCE> 6
 3.179780e+01 1.280424e+04 1.446404e+04 2.998339e+02 4.032245e+04 5.181961e+07
<GCONST> 6.759479e+01
<MIXTURE> 3 7.099394e-02
<MEAN> 6
 8.833105e+01 3.229879e+02 2.594840e+02 6.302677e-01 -4.451232e-01 -1.313352e+02
<VARIANCE> 6
 3.179780e+01 1.280424e+04 1.484746e+04 2.998339e+02 4.032245e+04 5.181961e+07
<GCONST> 6.762094e+01
<MIXTURE> 4 1.005768e-01
<MEAN> 6
 9.190190e+01 5.100945e+01 1.144652e+01 -5.150725e-02 5.033867e+00 -9.334196e+01
<VARIANCE> 6
 3.179780e+01 2.150199e+04 1.729925e+04 2.998339e+02 4.032245e+04 5.181961e+07
<GCONST> 6.829214e+01
<MIXTURE> 5 6.775763e-02
<MEAN> 6
 8.321465e+01 5.516918e+02 4.440184e+02 -3.076643e-01 1.044966e+00 -5.286724e+01
<VARIANCE> 6
 3.179780e+01 1.280424e+04 1.446404e+04 2.998339e+02 4.032245e+04 5.181961e+07
<GCONST> 6.759479e+01
<MIXTURE> 6 5.054632e-02
<MEAN> 6
 9.251727e+01 -5.647009e+01 7.533183e+01 -1.352288e-01 1.275243e+00 -1.732163e+02
<VARIANCE> 6
 3.179780e+01 1.280424e+04 1.446404e+04 2.998339e+02 4.032245e+04 5.181961e+07
<GCONST> 6.759479e+01
<MIXTURE> 7 5.808786e-02
<MEAN> 6
 9.013812e+01 -5.156570e+00 -7.609338e+01 6.511300e-01 1.966798e+00 -1.985784e+02
<VARIANCE> 6
 3.179780e+01 1.653174e+04 1.446404e+04 2.998339e+02 4.032245e+04 5.181961e+07
<GCONST> 6.785029e+01
<MIXTURE> 8 9.696003e-02
<MEAN> 6
 9.277350e+01 1.013100e+02 1.079329e+02 -1.223394e+00 -1.421393e+01 -8.523193e+01
<VARIANCE> 6
 3.179780e+01 1.565398e+04 1.446404e+04 2.998339e+02 4.032245e+04 5.181961e+07
<GCONST> 6.779573e+01
<MIXTURE> 9 6.666733e-02
<MEAN> 6
 9.224696e+01 8.171709e+02 1.807856e+02 -2.587456e+00 1.342242e+00 1.471814e+01
<VARIANCE> 6
 3.179780e+01 1.280424e+04 1.446404e+04 2.998339e+02 4.032245e+04 5.181961e+07
<GCONST> 6.759479e+01
<MIXTURE> 10 1.062695e-01
<MEAN> 6
 9.195415e+01 -9.595750e+01 2.861669e+01 1.639275e-01 -3.255567e+00 -1.862027e+02
<VARIANCE> 6
 3.179780e+01 1.280424e+04 1.446404e+04 2.998339e+02 4.032245e+04 5.181961e+07
<GCONST> 6.759479e+01
<MIXTURE> 11 6.652884e-02
<MEAN> 6
 8.324581e+01 5.508879e+02 4.439633e+02 -3.062400e-01 1.041326e+00 -5.294432e+01
<VARIANCE> 6
 3.179780e+01 1.280424e+04 1.446404e+04 2.998339e+02 4.032245e+04 5.181961e+07
<GCONST> 6.759479e+01
<MIXTURE> 12 5.290965e-02
<MEAN> 6
 8.886797e+01 -5.525669e+01 -1.051911e+02 1.132746e+00 -1.102191e+01 -3.758581e+02
<VARIANCE> 6
 3.179780e+01 2.034434e+04 1.446404e+04 2.998339e+02 4.032245e+04 5.181961e+07
<GCONST> 6.805782e+01
<MIXTURE> 13 6.522922e-02
<MEAN> 6
 9.214255e+01 7.357182e+02 1.652912e+02 -2.753879e+00 1.386169e+00 -3.514322e+01
<VARIANCE> 6
 3.179780e+01 1.972754e+04 1.446404e+04 2.998339e+02 4.032245e+04 5.181961e+07
<GCONST> 6.802702e+01
<MIXTURE> 14 5.067980e-02
<MEAN> 6
 9.158038e+01 -9.771750e+01 3.094638e+01 2.003186e-01 -6.222400e+00 -2.262133e+02
<VARIANCE> 6
 3.179780e+01 1.280424e+04 1.446404e+04 2.998339e+02 4.032245e+04 5.181961e+07
<GCONST> 6.759479e+01
<STATE> 8
<NUMMIXES> 14
<MIXTURE> 1 8.689431e-02
<MEAN> 6
 6.578142e+01 9.857224e+02 -1.778839e+02 -8.424128e-01 8.919115e-01 -7.868442e+01
<VARIANCE> 6
 3.179780e+01 1.280424e+04 1.446404e+04 2.998339e+02 4.032245e+04 5.181961e+07
<GCONST> 6.759479e+01
<MIXTURE> 2 8.638135e-02
<MEAN> 6
 6.517941e+01 -6.706409e+01 -2.547480e+02 1.220530e+00 -2.312001e+00 -1.429332e+02
<VARIANCE> 6
 3.179780e+01 1.280424e+04 1.446404e+04 2.998339e+02 4.032245e+04 5.181961e+07
<GCONST> 6.759479e+01
<MIXTURE> 3 5.776526e-02
<MEAN> 6
 5.856251e+01 -4.184617e+02 -1.946244e+02 9.674158e-01 3.737990e+00 -5.287902e+01
<VARIANCE> 6
 3.179780e+01 1.280424e+04 4.675689e+04 2.998339e+02 4.032245e+04 5.181961e+07
<GCONST> 6.876808e+01
<MIXTURE> 4 5.837253e-02
<MEAN> 6
 5.814115e+01 4.582262e+02 -1.270079e+02 -2.131265e-01 -1.143599e+01 -1.451286e+02
<VARIANCE> 6
 3.179780e+01 1.280424e+04 1.446404e+04 2.998339e+02 4.032245e+04 5.181961e+07
<GCONST> 6.759479e+01
<MIXTURE> 5 8.732937e-02
<MEAN> 6
 6.517892e+01 -6.706023e+01 -2.548577e+02 1.221266e+00 -2.300761e+00 -1.429136e+02
<VARIANCE> 6
 3.179780e+01 1.280424e+04 1.446404e+04 2.998339e+02 4.032245e+04 5.181961e+07
<GCONST> 6.759479e+01
<MIXTURE> 6 4.526187e-02
<MEAN> 6
 6.374944e+01 -5.008048e+02 -5.375440e+02 -1.017899e+00 4.475201e+00 -8.053777e+01
<VARIANCE> 6
 3.179780e+01 1.280424e+04 1.446404e+04 2.998339e+02 4.032245e+04 5.181961e+07
<GCONST> 6.759479e+01
<MIXTURE> 7 7.976601e-02
<MEAN> 6
 6.249779e+01 6.922211e+02 -6.051020e+02 -4.495455e-01 -1.069886e+00 1.477380e+01
<VARIANCE> 6
 3.179780e+01 7.259972e+04 1.446404e+04 2.998339e+02 4.032245e+04 5.181961e+07
<GCONST> 6.932997e+01
<MIXTURE> 8 8.703049e-02
<MEAN> 6
 6.517776e+01 -6.705093e+01 -2.551152e+02 1.223000e+00 -2.274287e+00 -1.428675e+02
<VARIANCE> 6
 3.179780e+01 1.280424e+04 1.446404e+04 2.998339e+02 4.032245e+04 5.181961e+07
<GCONST> 6.759479e+01
<MIXTURE> 9 8.602416e-02
<MEAN> 6
 6.517696e+01 -6.704424e+01 -2.552976e+02 1.224233e+00 -2.255587e+00 -1.428368e+02
<VARIANCE> 6
 3.179780e+01 1.280424e+04 1.446404e+04 2.998339e+02 4.032245e+04 5.181961e+07
<GCONST> 6.759479e+01
<MIXTURE> 10 8.819747e-02
<MEAN> 6
 6.595044e+01 8.228865e+02 -1.660391e+02 -1.246153e+00 -5.669151e+00 -2.016105e+02
<VARIANCE> 6
 3.179780e+01 2.179288e+04 1.446404e+04 2.998339e+02 4.032245e+04 5.181961e+07
<GCONST> 6.812659e+01
<MIXTURE> 11 5.366639e-02
<MEAN> 6
 5.868112e+01 -4.202043e+02 -1.895711e+02 5.697750e-01 -2.054106e+00 -5.099186e+01
<VARIANCE> 6
 3.179780e+01 1.280424e+04 1.446404e+04 2.998339e+02 4.032245e+04 5.181961e+07
<GCONST> 6.759479e+01
<MIXTURE> 12 8.513351e-02
<MEAN> 6
 5.480566e+01 4.113119e+02 -2.337920e+02 1.209288e+00 -7.657409e+00 -7.232532e+01
<VARIANCE> 6
 3.179780e+01 1.280424e+04 1.446404e+04 2.998339e+02 4.032245e+04 5.181961e+07
<GCONST> 6.759479e+01
<MIXTURE> 13 5.266635e-02
<MEAN> 6
 5.864875e+01 -4.302926e+02 -2.304161e+02 7.279680e-01 -2.271871e+00 -5.338383e+01
<VARIANCE> 6
 3.179780e+01 1.280424e+04 1.446404e+04 2.998339e+02 4.032245e+04 5.181961e+07
<GCONST> 6.759479e+01
<MIXTURE> 14 4.547996e-02
<MEAN> 6
 6.389982e+01 -5.088551e+02 -5.494429e+02 -1.113856e+00 3.471733e+00 -7.211750e+01
<VARIANCE> 6
 3.179780e+01 1.280424e+04 1.446404e+04 2.998339e+02 4.032245e+04 5.181961e+07
<GCONST> 6.759479e+01
<STATE> 9
<NUMMIXES> 14
<MIXTURE> 1 2.844112e-02
<MEAN> 6
 7.287324e+01 -9.143601e+02 2.202153e+03 -3.434607e+01 -1.106350e+02 -1.183243e+03
<VARIANCE> 6
 9.370102e+01 4.244005e+05 2.608037e+06 2.018600e+03 5.165364e+05 1.509035e+08
<GCONST> 8.289713e+01
<MIXTURE> 2 6.493872e-02
<MEAN> 6
 7.515228e+01 -1.060927e+03 4.687603e+02 1.843214e+00 4.608232e+01 -5.180780e+02
<VARIANCE> 6
 3.179780e+01 1.351192e+04 3.801939e+04 2.998339e+02 4.032245e+04 5.181961e+07
<GCONST> 6.861501e+01
<MIXTURE> 3 6.572308e-02
<MEAN> 6
 7.174586e+01 -5.951796e+02 2.057994e+03 2.996371e-01 -1.745386e+01 -5.035448e+02
<VARIANCE> 6
 3.179780e+01 1.280424e+04 1.446404e+04 2.998339e+02 4.032245e+04 5.181961e+07
<GCONST> 6.759479e+01
<MIXTURE> 4 6.530238e-02
<MEAN> 6
 6.295543e+01 -5.792842e+02 2.316522e+02 2.145232e+00 6.224194e-01 -2.321198e+02
<VARIANCE> 6
 3.179780e+01 1.280424e+04 1.446404e+04 2.998339e+02 4.032245e+04 5.181961e+07
<GCONST> 6.759479e+01
<MIXTURE> 5 9.474327e-02
<MEAN> 6
 6.534492e+01 -5.192191e+02 1.473880e+03 -9.536540e-01 -6.320536e+00 -2.004080e+02
<VARIANCE> 6
 3.179780e+01 1.280424e+04 1.446404e+04 2.998339e+02 4.032245e+04 5.181961e+07
<GCONST> 6.759479e+01
<MIXTURE> 6 1.093057e-01
<MEAN> 6
 7.210965e+01 -8.965249e+02 -5.627080e+02 -4.274774e+00 -1.165767e+01 -2.105170e+02
<VARIANCE> 6
 3.179780e+01 1.280424e+04 1.446404e+04 2.998339e+02 4.032245e+04 5.181961e+07
<GCONST> 6.759479e+01
<MIXTURE> 7 9.470741e-02
<MEAN> 6
 7.295356e+01 -7.731074e+02 1.766213e+03 1.878129e+00 -6.600893e+00 -4.881194e+01
<VARIANCE> 6
 3.179780e+01 1.280424e+04 1.446404e+04 2.998339e+02 4.032245e+04 5.181961e+07
<GCONST> 6.759479e+01
<MIXTURE> 8 5.365134e-02
<MEAN> 6
 7.506920e+01 -9.713096e+02 -3.607560e+01 -1.677420e+00 -2.871032e+00 8.727237e+02
<VARIANCE> 6
 3.179780e+01 1.640558e+04 2.667878e+04 2.998339e+02 4.032245e+04 5.181961e+07
<GCONST> 6.845483e+01
<MIXTURE> 9 9.352788e-02
<MEAN> 6
 6.534492e+01 -5.192190e+02 1.473880e+03 -9.536528e-01 -6.320515e+00 -2.004083e+02
<VARIANCE> 6
 3.179780e+01 1.280424e+04 1.446404e+04 2.998339e+02 4.032245e+04 5.181961e+07
<GCONST> 6.759479e+01
<MIXTURE> 10 3.313030e-02
<MEAN> 6
 8.139555e+01 -1.250640e+03 2.291869e+03 -9.332192e-01 -5.585316e+01 -3.992611e+02
<VARIANCE> 6
 3.179780e+01 1.280424e+04 2.638255e+05 2.998339e+02 4.032245e+04 5.181961e+07
<GCONST> 7.049841e+01
<MIXTURE> 11 6.595143e-02
<MEAN> 6
 7.495753e+01 -9.936173e+02 -3.500892e+01 -1.121139e+00 4.952468e+00 6.443398e+02
<VARIANCE> 6
 3.179780e+01 1.280424e+04 2.528981e+04 2.998339e+02 4.032245e+04 5.181961e+07
<GCONST> 6.815352e+01
<MIXTURE> 12 9.722517e-02
<MEAN> 6
 7.230487e+01 -8.033450e+02 1.786239e+03 2.050753e+00 -1.244503e+00 -1.527610e+02
<VARIANCE> 6
 3.179780e+01 1.280424e+04 1.446404e+04 2.998339e+02 4.032245e+04 5.181961e+07
<GCONST> 6.759479e+01
<MIXTURE> 13 6.827414e-02
<MEAN> 6
 7.512325e+01 -1.095382e+03 3.351603e+02 2.396625e+00 1.185013e+01 -8.058865e+02
<VARIANCE> 6
 3.179780e+01 1.280424e+04 4.610449e+04 2.998339e+02 4.032245e+04 5.181961e+07
<GCONST> 6.875403e+01
<MIXTURE> 14 6.505871e-02
<MEAN> 6
 6.305953e+01 -5.874785e+02 2.324591e+02 1.834008e+00 -8.828330e+00 -2.655461e+02
<VARIANCE> 6
 3.179780e+01 1.280424e+04 1.446404e+04 2.998339e+02 4.032245e+04 5.181961e+07
<GCONST> 6.759479e+01
<STATE> 10
<NUMMIXES> 14
<MIXTURE> 1 7.112721e-02
<MEAN> 6
 9.141288e+01 -2.394797e+01 6.235539e+02 -2.469569e+00 -2.585569e+00 -2.004522e+02
<VARIANCE> 6
 3.179780e+01 1.280424e+04 1.446404e+04 2.998339e+02 4.032245e+04 5.181961e+07
<GCONST> 6.759479e+01
<MIXTURE> 2 4.989553e-02
<MEAN> 6
 1.057776e+02 -6.809717e+02 2.311280e+02 -1.093516e+01 1.427296e+01 1.957943e+02
<VARIANCE> 6
 6.369965e+01 1.983348e+05 5.493014e+04 2.998339e+02 4.032245e+04 5.181961e+07
<GCONST> 7.236414e+01
<MIXTURE> 3 7.802690e-02
<MEAN> 6
 9.734774e+01 -6.263813e+02 5.760173e+02 -8.114157e-01 1.358987e+00 -2.410396e+02
<VARIANCE> 6
 3.179780e+01 1.280424e+04 1.446404e+04 2.998339e+02 4.032245e+04 5.181961e+07
<GCONST> 6.759479e+01
<MIXTURE> 4 6.262648e-02
<MEAN> 6
 9.615787e+01 -1.934808e+03 -2.235890e+02 -5.107447e+00 -1.166496e+01 -5.021180e+02
<VARIANCE> 6
 3.179780e+01 8.684210e+04 1.446404e+04 2.998339e+02 4.032245e+04 5.181961e+07
<GCONST> 6.950909e+01
<MIXTURE> 5 8.723795e-02
<MEAN> 6
 8.288782e+01 -1.259327e+02 4.544113e+02 -2.520376e+00 4.761823e+00 -2.106753e+02
<VARIANCE> 6
 3.179780e+01 1.280424e+04 1.446404e+04 2.998339e+02 4.032245e+04 5.181961e+07
<GCONST> 6.759479e+01
<MIXTURE> 6 6.422830e-02
<MEAN> 6
 9.318575e+01 -5.658227e+02 2.858906e+02 -8.473414e-01 -8.298776e+00 -4.430541e+00
<VARIANCE> 6
 3.179780e+01 1.280424e+04 1.446404e+04 2.998339e+02 4.032245e+04 5.181961e+07
<GCONST> 6.759479e+01
<MIXTURE> 7 9.882189e-02
<MEAN> 6
 1.036907e+02 -2.877570e+03 -2.766686e+02 -2.011267e+00 -2.805430e+00 -1.785752e+01
<VARIANCE> 6
 3.179780e+01 8.504023e+04 1.446404e+04 2.998339e+02 4.032245e+04 5.181961e+07
<GCONST> 6.948813e+01
<MIXTURE> 8 6.762213e-02
<MEAN> 6
 9.520314e+01 -3.701642e+02 7.107727e+02 -1.366730e+01 8.719933e+00 3.432578e+02
<VARIANCE> 6
 8.145257e+01 1.280424e+04 1.446404e+04 2.998339e+02 4.032245e+04 5.181961e+07
<GCONST> 6.853541e+01
<MIXTURE> 9 9.570854e-02
<MEAN> 6
 1.045931e+02 -1.693081e+03 6.036682e+02 -5.733353e+00 3.523359e+01 -1.556705e+02
<VARIANCE> 6
 3.179780e+01 4.823734e+04 1.484162e+04 2.998339e+02 4.032245e+04 5.181961e+07
<GCONST> 6.894691e+01
<MIXTURE> 10 7.057801e-02
<MEAN> 6
 8.676842e+01 -3.184669e+02 3.863495e+02 -8.635740e-01 8.108367e+00 -1.531992e+02
<VARIANCE> 6
 3.179780e+01 1.280424e+04 1.446404e+04 2.998339e+02 4.032245e+04 5.181961e+07
<GCONST> 6.759479e+01
<MIXTURE> 11 7.857537e-02
<MEAN> 6
 9.734738e+01 -6.263824e+02 5.759553e+02 -8.110507e-01 1.358833e+00 -2.408606e+02
<VARIANCE> 6
 3.179780e+01 1.280424e+04 1.446404e+04 2.998339e+02 4.032245e+04 5.181961e+07
<GCONST> 6.759479e+01
<MIXTURE> 12 7.053101e-02
<MEAN> 6
 9.142039e+01 -2.449341e+01 6.234542e+02 -2.469490e+00 -2.578245e+00 -2.002672e+02
<VARIANCE> 6
 3.179780e+01 1.280424e+04 1.446404e+04 2.998339e+02 4.032245e+04 5.181961e+07
<GCONST> 6.759479e+01
<MIXTURE> 13 5.437866e-02
<MEAN> 6
 9.087495e+01 -6.321060e+02 2.981231e+02 -2.471554e+00 3.492342e+00 1.452184e+02
<VARIANCE> 6
 3.179780e+01 2.054252e+04 1.446404e+04 2.998339e+02 4.032245e+04 5.181961e+07
<GCONST> 6.806750e+01
<MIXTURE> 14 5.063246e-02
<MEAN> 6
 9.985477e+01 -9.039309e+02 9.185601e+01 -8.401626e+00 -1.364379e+01 -4.548131e+02
<VARIANCE> 6
 8.666985e+01 1.319694e+05 6.693719e+04 2.998339e+02 4.032245e+04 5.181961e+07
<GCONST> 7.246237e+01
<STATE> 11
<NUMMIXES> 14
<MIXTURE> 1 3.551914e-02
<MEAN> 6
 3.351315e+01 -5.429750e+02 -5.777933e+02 4.557169e+01 5.765074e+01 -1.175306e+03
<VARIANCE> 6
 6.702206e+01 3.253148e+05 1.761559e+04 8.536942e+02 8.461318e+04 5.181961e+07
<GCONST> 7.356007e+01
<MIXTURE> 2 6.242555e-02
<MEAN> 6
 7.236726e+01 -1.876388e+01 -1.626150e+02 -3.021279e+01 -9.000706e+02 -1.518091e+04
<VARIANCE> 6
 1.107665e+02 6.571425e+04 1.060021e+05 4.795591e+02 6.078029e+04 5.573887e+07
<GCONST> 7.342305e+01
<MIXTURE> 3 6.234945e-02
<MEAN> 6
 6.499798e+01 7.677722e+01 -2.296748e-01 -2.132119e+02 -2.035535e+03 4.747320e+03
<VARIANCE> 6
 1.284434e+02 1.462547e+05 1.981924e+05 2.234782e+03 4.817394e+05 1.421221e+08
<GCONST> 7.954211e+01
<MIXTURE> 4 4.610545e-02
<MEAN> 6
 -2.855828e+01 4.768736e+02 1.827565e+03 -2.515607e+02 1.913451e+03 1.340004e+03
<VARIANCE> 6
 6.459252e+02 3.687454e+05 1.997505e+06 1.288242e+04 1.033424e+06 1.020550e+09
<GCONST> 8.887883e+01
<MIXTURE> 5 7.570856e-02
<MEAN> 6
 7.903826e+01 4.458849e+01 -8.185928e+01 -4.050845e+01 -1.657775e+03 -3.354625e+04
<VARIANCE> 6
 1.547182e+02 1.470793e+05 2.465012e+05 2.144728e+03 7.154309e+05 2.063561e+08
<GCONST> 8.067924e+01
<MIXTURE> 6 8.532104e-02
<MEAN> 6
 2.463066e+01 -6.685906e+01 1.056703e+01 -2.750175e+02 -2.467173e+02 5.982989e+03
<VARIANCE> 6
 3.452315e+02 4.036597e+04 1.770964e+05 2.443631e+03 6.217663e+05 1.711680e+08
<GCONST> 7.966139e+01
<MIXTURE> 7 1.101945e-01
<MEAN> 6
 -3.044841e+01 8.809721e+01 -8.257162e+01 -3.518705e+02 2.413158e+03 3.034096e+04
<VARIANCE> 6
 2.477879e+02 1.094302e+05 2.994768e+05 5.083429e+03 1.366504e+06 6.892119e+08
<GCONST> 8.376524e+01
<MIXTURE> 8 7.296664e-02
<MEAN> 6
 4.085242e+01 -3.003872e+02 1.098543e+03 -2.846329e+02 -1.237347e+03 1.198624e+03
<VARIANCE> 6
 2.009156e+02 1.633159e+05 1.762958e+06 8.190545e+03 1.087184e+05 6.627501e+07
<GCONST> 8.133266e+01
<MIXTURE> 9 8.183458e-02
<MEAN> 6
 5.147634e+01 1.161223e+02 -4.515441e+01 -3.403605e+02 -2.031800e+03 2.240941e+04
<VARIANCE> 6
 1.520409e+02 1.505939e+05 4.029010e+05 3.058188e+03 6.998248e+05 3.731441e+08
<GCONST> 8.210184e+01
<MIXTURE> 10 5.982738e-02
<MEAN> 6
 1.304855e-01 1.450463e+02 6.363801e+02 -4.302997e+02 4.230710e+02 4.202768e+04
<VARIANCE> 6
 2.197023e+02 1.612125e+05 1.477649e+06 4.319819e+03 1.229351e+06 9.354374e+08
<GCONST> 8.566547e+01
<MIXTURE> 11 9.727313e-02
<MEAN> 6
 2.022713e+01 5.218261e+01 3.606274e+01 -4.212397e+02 -9.664971e+02 1.240271e+04
<VARIANCE> 6
 2.272803e+02 7.704105e+04 2.439728e+05 2.649988e+03 1.995298e+05 3.362107e+08
<GCONST> 7.982963e+01
<MIXTURE> 12 9.563182e-02
<MEAN> 6
 6.818861e+01 -1.253600e+02 -2.241268e+02 -1.063027e+02 -1.101542e+03 -4.516011e+03
<VARIANCE> 6
 1.381370e+02 5.554477e+04 1.474327e+05 9.673801e+02 4.081678e+05 6.755622e+07
<GCONST> 7.660408e+01
<MIXTURE> 13 5.437990e-02
<MEAN> 6
 6.639799e+01 -5.795243e+01 -1.377575e+02 -1.910109e+02 -2.580389e+03 -4.414314e+03
<VARIANCE> 6
 1.669344e+02 4.828552e+04 1.580115e+05 2.417274e+03 7.273171e+05 3.866408e+08
<GCONST> 7.996069e+01
<MIXTURE> 14 6.044778e-02
<MEAN> 6
 -5.090899e+00 1.051673e+01 -7.221264e+01 -4.326882e+02 2.509225e+02 3.188861e+04
<VARIANCE> 6
 2.092254e+02 9.104963e+04 9.325963e+05 4.430163e+03 6.428478e+05 8.935802e+08
<GCONST> 8.391616e+01
<STATE> 12
<NUMMIXES> 14
<MIXTURE> 1 6.922651e-02
<MEAN> 6
 1.022733e+02 1.634168e+03 2.219312e+02 -5.171464e+00 9.472278e-01 2.041746e+01
<VARIANCE> 6
 3.179780e+01 2.242901e+04 1.800239e+05 2.998339e+02 4.032245e+04 5.181961e+07
<GCONST> 7.067679e+01
<MIXTURE> 2 5.168981e-02
<MEAN> 6
 -4.594959e+01 4.804237e+01 1.001347e+02 -1.395648e+02 2.406222e+03 -2.374040e+04
<VARIANCE> 6
 2.813249e+02 2.897930e+05 1.302667e+05 9.323325e+03 1.009751e+06 6.279730e+08
<GCONST> 8.424453e+01
<MIXTURE> 3 6.615066e-02
<MEAN> 6
 9.069781e+01 9.211185e+02 1.155720e+03 -4.641915e+00 1.254328e+00 6.805756e+01
<VARIANCE> 6
 3.179780e+01 3.917522e+04 1.446404e+04 2.998339e+02 4.032245e+04 5.181961e+07
<GCONST> 6.871305e+01
<MIXTURE> 4 5.029404e-02
<MEAN> 6
 6.938015e+01 1.157454e+03 7.292183e+02 5.914446e-01 7.265939e+00 -4.058997e+01
<VARIANCE> 6
 3.179780e+01 2.000614e+04 1.446404e+04 2.998339e+02 4.032245e+04 5.181961e+07
<GCONST> 6.804105e+01
<MIXTURE> 5 1.019975e-01
<MEAN> 6
 8.408398e+01 1.143554e+03 -9.666160e+02 -3.013132e+00 -1.850041e+00 2.036905e+01
<VARIANCE> 6
 5.622015e+01 2.399438e+04 1.446404e+04 2.998339e+02 4.032245e+04 5.181961e+07
<GCONST> 6.879271e+01
<MIXTURE> 6 6.398357e-02
<MEAN> 6
 7.830585e+01 5.203699e+02 9.604070e+02 -3.641594e+00 1.384592e+00 3.384957e-01
<VARIANCE> 6
 3.179780e+01 1.280424e+04 1.446404e+04 2.998339e+02 4.032245e+04 5.181961e+07
<GCONST> 6.759479e+01
<MIXTURE> 7 9.070063e-02
<MEAN> 6
 8.850970e+01 1.012659e+03 -2.208668e+03 4.100509e-01 -1.603839e+01 5.333994e+01
<VARIANCE> 6
 3.179780e+01 1.280424e+04 2.190516e+04 2.998339e+02 4.032245e+04 5.181961e+07
<GCONST> 6.800984e+01
<MIXTURE> 8 8.769769e-02
<MEAN> 6
 9.557870e+01 1.161758e+03 6.380685e+01 -3.407553e+00 3.374768e+00 8.104233e+00
<VARIANCE> 6
 3.179780e+01 4.559798e+04 1.274062e+05 2.998339e+02 4.032245e+04 5.181961e+07
<GCONST> 7.104059e+01
<MIXTURE> 9 6.749738e-02
<MEAN> 6
 -5.225546e+01 3.166324e+01 -6.644182e+01 -9.984679e+01 1.249470e+03 -7.892460e+03
<VARIANCE> 6
 2.067416e+02 2.901408e+04 4.594407e+05 3.159876e+03 1.711729e+05 1.975141e+08
<GCONST> 7.888207e+01
<MIXTURE> 10 6.602881e-02
<MEAN> 6
 8.480582e+01 1.171120e+03 -1.240618e+03 -2.425226e+00 1.549497e+00 -1.979427e+00
<VARIANCE> 6
 3.179780e+01 1.280424e+04 1.446404e+04 2.998339e+02 4.032245e+04 5.181961e+07
<GCONST> 6.759479e+01
<MIXTURE> 11 8.713296e-02
<MEAN> 6
 7.109650e+01 8.277954e+02 6.569801e+02 5.784253e-01 -5.076027e+00 -1.381439e+02
<VARIANCE> 6
 3.179780e+01 1.280424e+04 1.446404e+04 2.998339e+02 4.032245e+04 5.181961e+07
<GCONST> 6.759479e+01
<MIXTURE> 12 5.584104e-02
<MEAN> 6
 1.001402e+02 1.208297e+03 -2.578483e+02 -2.443115e+00 -3.165513e+01 4.951263e+02
<VARIANCE> 6
 3.179780e+01 1.556382e+05 2.690564e+04 2.998339e+02 4.032245e+04 5.181961e+07
<GCONST> 7.071321e+01
<MIXTURE> 13 8.983089e-02
<MEAN> 6
 7.284969e+01 3.391095e+02 6.845106e+02 -2.168290e+00 -1.248002e+01 -1.745423e+02
<VARIANCE> 6
 3.179780e+01 1.280424e+04 1.446404e+04 2.998339e+02 4.032245e+04 5.181961e+07
<GCONST> 6.759479e+01
<MIXTURE> 14 5.191861e-02
<MEAN> 6
 -5.242180e+01 -7.776116e+01 -4.300519e+01 -1.492668e+02 2.220035e+03 -2.643000e+04
<VARIANCE> 6
 3.025872e+02 2.141614e+05 1.361360e+05 6.466928e+03 1.098370e+06 6.814672e+08
<GCONST> 8.385908e+01
<STATE> 13
<NUMMIXES> 14
<MIXTURE> 1 5.437633e-02
<MEAN> 6
 6.800031e+01 3.005806e+02 1.093823e+03 -3.297163e+00 1.483475e+00 -1.087014e+00
<VARIANCE> 6
 3.179780e+01 1.468055e+04 5.868574e+05 2.998339e+02 4.032245e+04 5.181961e+07
<GCONST> 7.143465e+01
<MIXTURE> 2 9.163462e-02
<MEAN> 6
 7.879416e+01 -8.181119e+02 4.254619e+03 -2.233762e+00 1.224002e+01 1.513766e+01
<VARIANCE> 6
 3.179780e+01 8.861036e+04 1.483091e+05 2.998339e+02 4.032245e+04 5.181961e+07
<GCONST> 7.185689e+01
<MIXTURE> 3 5.931817e-02
<MEAN> 6
 5.321482e+01 -4.326154e+02 2.712598e+03 -1.525836e-01 9.922881e-01 -2.925025e+00
<VARIANCE> 6
 3.179780e+01 1.280424e+04 1.446404e+04 2.998339e+02 4.032245e+04 5.181961e+07
<GCONST> 6.759479e+01
<MIXTURE> 4 6.468433e-02
<MEAN> 6
 7.670522e+01 4.277979e+02 -2.092278e+03 1.899579e+00 -5.594863e+00 -1.665479e+02
<VARIANCE> 6
 3.179780e+01 1.280424e+04 1.446404e+04 2.998339e+02 4.032245e+04 5.181961e+07
<GCONST> 6.759479e+01
<MIXTURE> 5 4.822429e-02
<MEAN> 6
 5.546296e+01 -1.022335e+03 -3.953030e+02 1.811230e+00 1.684488e+01 -2.090244e+02
<VARIANCE> 6
 3.179780e+01 2.577657e+04 1.446404e+04 2.998339e+02 4.032245e+04 5.181961e+07
<GCONST> 6.829447e+01
<MIXTURE> 6 1.150216e-01
<MEAN> 6
 6.951277e+01 4.509894e+02 -1.958216e+02 -7.032841e-02 1.291480e+00 -3.052109e+00
<VARIANCE> 6
 3.179780e+01 1.280424e+04 1.446404e+04 2.998339e+02 4.032245e+04 5.181961e+07
<GCONST> 6.759479e+01
<MIXTURE> 7 9.004448e-02
<MEAN> 6
 6.304970e+01 2.046517e+02 -3.432268e+02 3.564310e+00 -9.065046e-01 -2.234193e+01
<VARIANCE> 6
 3.179780e+01 1.280424e+04 1.446404e+04 2.998339e+02 4.032245e+04 5.181961e+07
<GCONST> 6.759479e+01
<MIXTURE> 8 5.484859e-02
<MEAN> 6
 8.300268e+01 1.068890e+02 -2.218501e+03 -1.062581e+00 -2.654334e+01 -2.810552e+02
<VARIANCE> 6
 3.179780e+01 1.280424e+04 1.446404e+04 2.998339e+02 4.032245e+04 5.181961e+07
<GCONST> 6.759479e+01
<MIXTURE> 9 9.052527e-02
<MEAN> 6
 6.304909e+01 2.046166e+02 -3.432239e+02 3.565842e+00 -9.092916e-01 -2.236886e+01
<VARIANCE> 6
 3.179780e+01 1.280424e+04 1.446404e+04 2.998339e+02 4.032245e+04 5.181961e+07
<GCONST> 6.759479e+01
<MIXTURE> 10 7.814781e-02
<MEAN> 6
 5.350696e+01 -5.051981e+02 2.474426e+03 5.751907e-01 -1.399858e+01 -1.941557e+02
<VARIANCE> 6
 3.179780e+01 1.280424e+04 1.446404e+04 2.998339e+02 4.032245e+04 5.181961e+07
<GCONST> 6.759479e+01
<MIXTURE> 11 8.208671e-02
<MEAN> 6
 8.219679e+01 2.102120e+02 -2.370671e+03 4.589763e-01 -1.039034e+00 -1.316464e+01
<VARIANCE> 6
 3.179780e+01 1.280424e+04 1.446404e+04 2.998339e+02 4.032245e+04 5.181961e+07
<GCONST> 6.759479e+01
<MIXTURE> 12 6.594117e-02
<MEAN> 6
 7.579255e+01 4.363256e+02 -2.111711e+03 2.090486e+00 -2.461974e+00 -9.123307e+01
<VARIANCE> 6
 3.179780e+01 1.280424e+04 1.446404e+04 2.998339e+02 4.032245e+04 5.181961e+07
<GCONST> 6.759479e+01
<MIXTURE> 13 7.523005e-02
<MEAN> 6
 5.838891e+01 -1.423115e+03 -6.541956e+02 3.988074e+00 -1.769335e+01 1.188204e+01
<VARIANCE> 6
 3.179780e+01 1.280424e+04 1.446404e+04 2.998339e+02 4.032245e+04 5.181961e+07
<GCONST> 6.759479e+01
<MIXTURE> 14 2.991711e-02
<MEAN> 6
 7.254643e+01 -6.634235e+02 3.716950e+03 -3.780698e+00 8.304742e+00 -7.140903e+02
<VARIANCE> 6
 9.680486e+02 1.692889e+05 1.294733e+06 7.038068e+02 1.360734e+05 5.181961e+07
<GCONST> 8.015646e+01
<STATE> 14
<NUMMIXES> 14
<MIXTURE> 1 5.631063e-03
<MEAN> 6
 1.529947e+00 -3.260845e+02 -4.673326e+00 5.188067e+01 -3.176221e+02 3.027302e+02
<VARIANCE> 6
 9.263013e+03 8.654008e+05 1.376686e+06 1.328833e+06 7.320876e+08 1.061490e+12
<GCONST> 1.101691e+02
<MIXTURE> 2 6.639770e-02
<MEAN> 6
 -3.633360e+01 1.380937e+02 7.877346e+01 1.029077e+02 9.070951e+02 -1.111414e+03
<VARIANCE> 6
 2.990183e+02 1.778495e+05 6.524441e+04 2.191552e+04 2.638663e+05 8.813687e+07
<GCONST> 8.067491e+01
<MIXTURE> 3 6.211895e-02
<MEAN> 6
 1.001495e+02 1.409899e+02 2.916917e+01 3.796329e+01 -1.110932e+03 2.331685e+02
<VARIANCE> 6
 5.519057e+02 9.472536e+05 2.316048e+05 2.876197e+04 2.762067e+06 1.816691e+09
<GCONST> 8.987333e+01
<MIXTURE> 4 4.683052e-02
<MEAN> 6
 9.248669e+01 1.527109e+02 -6.670231e+00 -1.139975e+00 -2.742833e+01 -2.592079e+02
<VARIANCE> 6
 7.065165e+02 4.071115e+05 2.262450e+06 2.998339e+02 4.032245e+04 5.181961e+07
<GCONST> 7.920758e+01
<MIXTURE> 5 7.980639e-02
<MEAN> 6
 5.396687e+00 -3.441778e+00 -8.550427e+01 2.439274e+01 1.245944e+02 -1.972665e+03
<VARIANCE> 6
 4.014388e+03 3.401663e+05 2.755866e+06 5.039834e+04 1.039867e+06 2.894708e+08
<GCONST> 9.105722e+01
<MIXTURE> 6 1.164738e-01
<MEAN> 6
 2.806583e+01 6.465180e+01 2.818549e+01 2.405140e+02 -6.719053e+01 -2.840752e+03
<VARIANCE> 6
 7.295739e+02 1.721872e+05 1.211296e+05 7.011612e+03 1.892843e+05 6.501239e+07
<GCONST> 8.037709e+01
<MIXTURE> 7 9.413094e-02
<MEAN> 6
 -5.608795e+01 3.235500e+01 -3.274304e+01 5.563394e+00 2.446769e+02 4.623937e+02
<VARIANCE> 6
 2.845602e+02 1.630358e+05 2.424420e+05 1.258843e+03 8.928452e+04 5.181961e+07
<GCONST> 7.737926e+01
<MIXTURE> 8 1.078568e-01
<MEAN> 6
 8.715855e+01 1.181941e+01 7.684685e+01 -1.704427e+01 -5.768124e+02 -4.618685e+02
<VARIANCE> 6
 3.059601e+02 1.385038e+05 1.938487e+05 1.594110e+04 1.907883e+05 6.467389e+07
<GCONST> 8.058465e+01
<MIXTURE> 9 8.040689e-02
<MEAN> 6
 9.468865e+01 -7.546709e+01 5.122522e+01 -4.771806e+00 -2.866167e+01 -2.103411e+02
<VARIANCE> 6
 2.465446e+02 9.625068e+04 7.995745e+04 2.998339e+02 4.032245e+04 5.181961e+07
<GCONST> 7.336993e+01
<MIXTURE> 10 5.514899e-02
<MEAN> 6
 -3.985406e+01 5.489801e+01 1.782571e+01 -1.731237e+02 1.654074e+03 5.091607e+03
<VARIANCE> 6
 4.991161e+02 1.118256e+05 1.712654e+05 3.733173e+04 1.153546e+06 1.136967e+09
<GCONST> 8.625335e+01
<MIXTURE> 11 7.676338e-02
<MEAN> 6
 1.962733e+01 1.035357e+00 7.832183e+01 -2.873183e+02 -2.085530e+02 7.080787e+03
<VARIANCE> 6
 5.777086e+02 9.661109e+04 1.691703e+05 9.023005e+03 5.082328e+05 2.102679e+08
<GCONST> 8.231356e+01
<MIXTURE> 12 7.313329e-02
<MEAN> 6
 7.607439e+01 2.418316e+01 3.050977e+01 -4.958434e+01 -1.021505e+03 -1.390451e+03
<VARIANCE> 6
 4.053537e+02 8.343504e+04 4.567568e+04 3.903652e+04 4.308919e+05 1.708809e+08
<GCONST> 8.159551e+01
<MIXTURE> 13 6.606869e-02
<MEAN> 6
 9.039211e+01 -1.547078e+02 -2.922717e+02 -4.500031e+00 -2.815326e+01 -2.236060e+02
<VARIANCE> 6
 2.762951e+02 7.392468e+05 1.315112e+05 2.998339e+02 4.032245e+04 5.181961e+07
<GCONST> 7.602013e+01
<MIXTURE> 14 6.848285e-02
<MEAN> 6
 -4.288268e+01 -1.980717e+01 -2.025785e+01 3.961388e+01 7.911908e+02 -2.363333e+03
<VARIANCE> 6
 3.585677e+02 1.310270e+05 7.140655e+04 2.123409e+04 2.224090e+05 9.067082e+07
<GCONST> 8.046706e+01
<TRANSP> 15
 0.000000e+00 1.000000e+00 0.000000e+00 0.000000e+00 0.000000e+00 0.000000e+00 0.000000e+00 0.000000e+00 0.000000e+00 0.000000e+00 0.000000e+00 0.000000e+00 0.000000e+00 0.000000e+00 0.000000e+00
 0.000000e+00 9.997375e-01 2.625283e-04 0.000000e+00 0.000000e+00 0.000000e+00 0.000000e+00 0.000000e+00 0.000000e+00 0.000000e+00 0.000000e+00 0.000000e+00 0.000000e+00 0.000000e+00 0.000000e+00
 0.000000e+00 0.000000e+00 9.971685e-01 2.831479e-03 0.000000e+00 0.000000e+00 0.000000e+00 0.000000e+00 0.000000e+00 0.000000e+00 0.000000e+00 0.000000e+00 0.000000e+00 0.000000e+00 0.000000e+00
 0.000000e+00 0.000000e+00 0.000000e+00 9.980973e-01 1.902691e-03 0.000000e+00 0.000000e+00 0.000000e+00 0.000000e+00 0.000000e+00 0.000000e+00 0.000000e+00 0.000000e+00 0.000000e+00 0.000000e+00
 0.000000e+00 0.000000e+00 0.000000e+00 0.000000e+00 9.984330e-01 1.567004e-03 0.000000e+00 0.000000e+00 0.000000e+00 0.000000e+00 0.000000e+00 0.000000e+00 0.000000e+00 0.000000e+00 0.000000e+00
 0.000000e+00 0.000000e+00 0.000000e+00 0.000000e+00 0.000000e+00 9.902335e-01 9.766529e-03 0.000000e+00 0.000000e+00 0.000000e+00 0.000000e+00 0.000000e+00 0.000000e+00 0.000000e+00 0.000000e+00
 0.000000e+00 0.000000e+00 0.000000e+00 0.000000e+00 0.000000e+00 0.000000e+00 9.979154e-01 2.084557e-03 0.000000e+00 0.000000e+00 0.000000e+00 0.000000e+00 0.000000e+00 0.000000e+00 0.000000e+00
 0.000000e+00 0.000000e+00 0.000000e+00 0.000000e+00 0.000000e+00 0.000000e+00 0.000000e+00 9.985521e-01 1.447836e-03 0.000000e+00 0.000000e+00 0.000000e+00 0.000000e+00 0.000000e+00 0.000000e+00
 0.000000e+00 0.000000e+00 0.000000e+00 0.000000e+00 0.000000e+00 0.000000e+00 0.000000e+00 0.000000e+00 9.954816e-01 4.518415e-03 0.000000e+00 0.000000e+00 0.000000e+00 0.000000e+00 0.000000e+00
 0.000000e+00 0.000000e+00 0.000000e+00 0.000000e+00 0.000000e+00 0.000000e+00 0.000000e+00 0.000000e+00 0.000000e+00 9.958559e-01 4.144161e-03 0.000000e+00 0.000000e+00 0.000000e+00 0.000000e+00
 0.000000e+00 0.000000e+00 0.000000e+00 0.000000e+00 0.000000e+00 0.000000e+00 0.000000e+00 0.000000e+00 0.000000e+00 0.000000e+00 9.966082e-01 3.391850e-03 0.000000e+00 0.000000e+00 0.000000e+00
 0.000000e+00 0.000000e+00 0.000000e+00 0.000000e+00 0.000000e+00 0.000000e+00 0.000000e+00 0.000000e+00 0.000000e+00 0.000000e+00 0.000000e+00 9.975119e-01 2.488128e-03 0.000000e+00 0.000000e+00
 0.000000e+00 0.000000e+00 0.000000e+00 0.000000e+00 0.000000e+00 0.000000e+00 0.000000e+00 0.000000e+00 0.000000e+00 0.000000e+00 0.000000e+00 0.000000e+00 9.976106e-01 2.389402e-03 0.000000e+00
 0.000000e+00 0.000000e+00 0.000000e+00 0.000000e+00 0.000000e+00 0.000000e+00 0.000000e+00 0.000000e+00 0.000000e+00 0.000000e+00 0.000000e+00 0.000000e+00 0.000000e+00 9.999467e-01 5.339633e-05
 0.000000e+00 0.000000e+00 0.000000e+00 0.000000e+00 0.000000e+00 0.000000e+00 0.000000e+00 0.000000e+00 0.000000e+00 0.000000e+00 0.000000e+00 0.000000e+00 0.000000e+00 0.000000e+00 0.000000e+00
<ENDHMM>
~h "SegundoESO"
<BEGINHMM>
<NUMSTATES> 15
<STATE> 2
<NUMMIXES> 14
<MIXTURE> 1 4.506842e-02
<MEAN> 6
 7.174676e+01 1.320498e+04 -1.200282e+03 -6.594940e-01 -2.579946e+00 -1.492212e+02
<VARIANCE> 6
 3.179780e+01 1.280424e+04 1.446404e+04 2.998339e+02 4.032245e+04 5.181961e+07
<GCONST> 6.759479e+01
<MIXTURE> 2 3.823275e-02
<MEAN> 6
 7.217014e+01 1.526623e+03 -2.402904e+03 5.149914e-02 -4.048634e+00 -1.618589e+02
<VARIANCE> 6
 3.179780e+01 1.280424e+04 1.672607e+05 2.998339e+02 4.032245e+04 5.181961e+07
<GCONST> 7.004267e+01
<MIXTURE> 3 7.198898e-02
<MEAN> 6
 5.848385e+01 6.682975e+02 -3.590378e+03 1.951121e+00 -2.400663e+00 -5.859851e+01
<VARIANCE> 6
 3.179780e+01 1.280424e+04 9.038789e+05 2.998339e+02 4.032245e+04 5.181961e+07
<GCONST> 7.172981e+01
<MIXTURE> 4 4.442858e-02
<MEAN> 6
 6.595688e+01 1.824462e+03 -9.854670e+01 -5.224053e-01 -2.399858e+00 -8.310905e+00
<VARIANCE> 6
 3.179780e+01 3.215252e+04 1.872040e+04 2.998339e+02 4.032245e+04 5.181961e+07
<GCONST> 6.877345e+01
<MIXTURE> 5 1.424995e-02
<MEAN> 6
 7.224879e+01 2.909671e+03 1.828035e+02 -4.768432e-01 -3.237124e+00 1.719283e+01
<VARIANCE> 6
 3.179780e+01 1.374384e+06 5.216916e+05 2.998339e+02 4.032245e+04 5.181961e+07
<GCONST> 7.585618e+01
<MIXTURE> 6 6.433068e-02
<MEAN> 6
 7.514729e+01 1.322805e+02 -4.051467e+03 -4.288160e-01 -6.475998e+00 -7.791264e+01
<VARIANCE> 6
 3.179780e+01 1.140350e+05 3.578470e+06 2.998339e+02 4.032245e+04 5.181961e+07
<GCONST> 7.529254e+01
<MIXTURE> 7 5.894469e-02
<MEAN> 6
 6.161966e+01 -1.754561e+03 -4.383230e+02 -4.335957e-02 -4.744020e+00 -1.683298e+02
<VARIANCE> 6
 3.179780e+01 5.036792e+05 4.376408e+04 2.998339e+02 4.032245e+04 5.181961e+07
<GCONST> 7.237410e+01
<MIXTURE> 8 1.102692e-01
<MEAN> 6
 6.281161e+01 6.898186e+01 -1.736973e+03 5.844373e-01 -2.372823e+00 -1.828261e+02
<VARIANCE> 6
 3.179780e+01 5.065888e+04 5.793596e+04 2.998339e+02 4.032245e+04 5.181961e+07
<GCONST> 7.035780e+01
<MIXTURE> 9 6.749555e-02
<MEAN> 6
 7.410473e+01 -3.466505e+02 -8.357235e+03 -4.032836e-02 -2.166162e+00 -5.125632e+01
<VARIANCE> 6
 3.179780e+01 1.280424e+04 1.269313e+06 2.998339e+02 4.032245e+04 5.181961e+07
<GCONST> 7.206935e+01
<MIXTURE> 10 1.230854e-01
<MEAN> 6
 6.429205e+01 1.566438e+03 -1.252128e+03 -2.769210e-01 -6.631678e+00 -1.040950e+02
<VARIANCE> 6
 3.179780e+01 1.266044e+06 3.246228e+04 2.998339e+02 4.032245e+04 5.181961e+07
<GCONST> 7.299707e+01
<MIXTURE> 11 1.281617e-01
<MEAN> 6
 6.173101e+01 3.469443e+01 -7.528578e+02 -2.775887e-01 1.681693e+00 -6.576337e+01
<VARIANCE> 6
 3.179780e+01 6.468441e+05 2.219601e+04 2.998339e+02 4.032245e+04 5.181961e+07
<GCONST> 7.194536e+01
<MIXTURE> 12 1.135509e-01
<MEAN> 6
 5.879585e+01 2.335638e+03 -2.916360e+02 4.869454e-01 -4.390694e+00 -1.938466e+02
<VARIANCE> 6
 3.179780e+01 1.694638e+05 1.446404e+04 2.998339e+02 4.032245e+04 5.181961e+07
<GCONST> 7.017764e+01
<MIXTURE> 13 5.716849e-02
<MEAN> 6
 5.534875e+01 2.839278e+02 -4.074045e+03 7.792773e-01 1.055792e+00 -2.236334e+01
<VARIANCE> 6
 3.179780e+01 6.133214e+04 1.482259e+06 2.998339e+02 4.032245e+04 5.181961e+07
<GCONST> 7.379097e+01
<MIXTURE> 14 6.299920e-02
<MEAN> 6
 7.469804e+01 1.787600e+02 -4.919088e+03 -4.411449e-01 -6.317215e+00 -7.309732e+01
<VARIANCE> 6
 3.179780e+01 1.659131e+05 6.579354e+06 2.998339e+02 4.032245e+04 5.181961e+07
<GCONST> 7.627650e+01
<STATE> 3
<NUMMIXES> 14
<MIXTURE> 1 5.067073e-02
<MEAN> 6
 7.585132e+01 1.680405e+02 1.397365e+03 -6.048139e-01 -3.227703e+00 -9.227718e+01
<VARIANCE> 6
 3.179780e+01 1.501773e+05 7.975065e+05 2.998339e+02 4.032245e+04 5.181961e+07
<GCONST> 7.406665e+01
<MIXTURE> 2 7.202835e-02
<MEAN> 6
 6.900771e+01 1.169018e+03 1.132755e+02 -7.785943e-01 -5.809824e+00 -2.142668e+02
<VARIANCE> 6
 3.179780e+01 1.676353e+04 1.446404e+04 2.998339e+02 4.032245e+04 5.181961e+07
<GCONST> 6.786421e+01
<MIXTURE> 3 6.482033e-02
<MEAN> 6
 5.716859e+01 1.392956e+02 3.907282e+02 5.199755e-01 7.401114e-01 -1.246647e+02
<VARIANCE> 6
 4.583919e+01 1.280424e+04 4.342088e+04 2.998339e+02 4.032245e+04 5.181961e+07
<GCONST> 6.905980e+01
<MIXTURE> 4 8.326864e-02
<MEAN> 6
 6.925380e+01 -3.881417e+02 5.462014e+02 -2.851276e-01 -4.473312e+00 -8.544124e+01
<VARIANCE> 6
 3.179780e+01 1.280424e+04 6.843384e+04 2.998339e+02 4.032245e+04 5.181961e+07
<GCONST> 6.914899e+01
<MIXTURE> 5 9.627645e-02
<MEAN> 6
 7.782612e+01 4.177053e+02 5.932344e+02 -6.752976e-01 -2.554789e+00 -5.044224e+01
<VARIANCE> 6
 3.179780e+01 4.337296e+04 5.402633e+04 2.998339e+02 4.032245e+04 5.181961e+07
<GCONST> 7.013264e+01
<MIXTURE> 6 8.107103e-02
<MEAN> 6
 6.815785e+01 4.939370e+02 -2.835295e+02 -3.347743e-01 -1.309580e+00 -7.745942e+01
<VARIANCE> 6
 3.179780e+01 1.362187e+04 1.446404e+04 2.998339e+02 4.032245e+04 5.181961e+07
<GCONST> 6.765668e+01
<MIXTURE> 7 6.819529e-02
<MEAN> 6
 7.607960e+01 3.069824e+02 -7.783369e+02 -3.381232e-01 -2.599554e+00 -8.975773e+01
<VARIANCE> 6
 3.179780e+01 2.892174e+04 1.446404e+04 2.998339e+02 4.032245e+04 5.181961e+07
<GCONST> 6.840961e+01
<MIXTURE> 8 7.436942e-02
<MEAN> 6
 6.163054e+01 -2.727766e+02 1.843549e+02 -6.012622e-01 -4.173502e+00 -8.806610e+01
<VARIANCE> 6
 3.179780e+01 4.313543e+04 1.446404e+04 2.998339e+02 4.032245e+04 5.181961e+07
<GCONST> 6.880936e+01
<MIXTURE> 9 5.333469e-02
<MEAN> 6
 7.300349e+01 4.769374e+02 2.447975e+02 -4.324519e-01 -3.581680e+00 -9.185237e+01
<VARIANCE> 6
 3.179780e+01 4.772244e+04 1.695956e+04 2.998339e+02 4.032245e+04 5.181961e+07
<GCONST> 6.906958e+01
<MIXTURE> 10 1.014311e-01
<MEAN> 6
 6.007909e+01 -3.450154e+02 -2.320625e+02 -2.453085e-01 -2.915469e+00 -8.119904e+01
<VARIANCE> 6
 3.179780e+01 2.085232e+04 5.151462e+04 2.998339e+02 4.032245e+04 5.181961e+07
<GCONST> 6.935268e+01
<MIXTURE> 11 5.943296e-02
<MEAN> 6
 7.291206e+01 -7.701301e+01 -5.179239e+02 -3.087954e-01 -2.513927e+00 -1.707616e+02
<VARIANCE> 6
 3.179780e+01 1.319901e+04 2.064242e+04 2.998339e+02 4.032245e+04 5.181961e+07
<GCONST> 6.798083e+01
<MIXTURE> 12 8.689008e-02
<MEAN> 6
 6.840028e+01 3.580666e+02 -2.534220e+02 -3.123842e-01 -8.321876e+00 -1.945713e+02
<VARIANCE> 6
 3.179780e+01 7.356320e+04 1.446404e+04 2.998339e+02 4.032245e+04 5.181961e+07
<GCONST> 6.934315e+01
<MIXTURE> 13 5.464219e-02
<MEAN> 6
 6.161391e+01 -3.160998e+02 1.074698e+01 -4.648104e-01 -5.404176e+00 -7.284186e+01
<VARIANCE> 6
 3.179780e+01 4.314083e+04 5.336962e+04 2.998339e+02 4.032245e+04 5.181961e+07
<GCONST> 7.011505e+01
<MIXTURE> 14 5.346667e-02
<MEAN> 6
 7.295712e+01 3.706438e+02 1.688867e+02 -4.713636e-01 -5.069239e+00 -9.282318e+01
<VARIANCE> 6
 3.179780e+01 3.532759e+04 1.446404e+04 2.998339e+02 4.032245e+04 5.181961e+07
<GCONST> 6.860967e+01
<STATE> 4
<NUMMIXES> 14
<MIXTURE> 1 3.497803e-02
<MEAN> 6
 7.747775e+01 -4.599806e+02 4.316336e+02 -2.259729e-01 -6.164403e+00 -7.068478e+01
<VARIANCE> 6
 3.179780e+01 2.035336e+04 2.891151e+04 2.998339e+02 4.032245e+04 5.181961e+07
<GCONST> 6.875082e+01
<MIXTURE> 2 7.980029e-02
<MEAN> 6
 8.312051e+01 -6.912922e+02 3.907794e+02 -4.208698e+00 8.312915e-01 -1.314627e+02
<VARIANCE> 6
 3.179780e+01 6.602671e+04 6.317944e+05 2.998339e+02 4.032245e+04 5.181961e+07
<GCONST> 7.301196e+01
<MIXTURE> 3 8.321947e-02
<MEAN> 6
 8.291483e+01 -7.594891e+02 9.960723e+01 -2.204041e-01 -4.602991e+00 -6.415272e+01
<VARIANCE> 6
 3.179780e+01 1.280424e+04 1.446404e+04 2.998339e+02 4.032245e+04 5.181961e+07
<GCONST> 6.759479e+01
<MIXTURE> 4 7.010975e-02
<MEAN> 6
 7.243118e+01 -2.251327e+03 -2.285858e+02 3.533288e-01 -2.473778e-01 -1.048689e+02
<VARIANCE> 6
 3.179780e+01 2.893396e+04 6.108782e+04 2.998339e+02 4.032245e+04 5.181961e+07
<GCONST> 6.985067e+01
<MIXTURE> 5 7.961730e-02
<MEAN> 6
 7.450735e+01 -1.152261e+03 1.886347e+01 -4.815754e-01 4.166945e+00 -2.587181e+02
<VARIANCE> 6
 6.662653e+01 3.470651e+04 1.446404e+04 2.998339e+02 4.032245e+04 5.181961e+07
<GCONST> 6.933164e+01
<MIXTURE> 6 6.688957e-02
<MEAN> 6
 7.739721e+01 -4.367753e+02 -8.828011e+01 -4.803314e-01 -1.028123e+01 -1.540899e+02
<VARIANCE> 6
 3.179780e+01 1.280424e+04 1.446404e+04 2.998339e+02 4.032245e+04 5.181961e+07
<GCONST> 6.759479e+01
<MIXTURE> 7 7.438012e-02
<MEAN> 6
 8.218644e+01 -8.033904e+02 1.345346e+02 -2.006378e-01 -2.982996e+00 -8.637173e+01
<VARIANCE> 6
 3.179780e+01 1.280424e+04 1.446404e+04 2.998339e+02 4.032245e+04 5.181961e+07
<GCONST> 6.759479e+01
<MIXTURE> 8 1.002357e-01
<MEAN> 6
 8.960075e+01 -2.612774e+03 -2.084456e+02 -2.944741e+00 -1.082000e+00 -1.684706e+02
<VARIANCE> 6
 3.986189e+01 1.694554e+06 1.255736e+05 2.998339e+02 4.032245e+04 5.181961e+07
<GCONST> 7.486743e+01
<MIXTURE> 9 8.303385e-02
<MEAN> 6
 8.800243e+01 -1.632372e+03 4.360907e+02 5.737718e-01 -5.166003e+00 -2.101904e+02
<VARIANCE> 6
 3.179780e+01 1.280424e+04 2.068999e+04 2.998339e+02 4.032245e+04 5.181961e+07
<GCONST> 6.795277e+01
<MIXTURE> 10 5.316814e-02
<MEAN> 6
 7.555968e+01 -2.721478e+02 2.306690e+02 -7.278919e-03 -7.462542e+00 -1.849989e+02
<VARIANCE> 6
 3.179780e+01 1.503521e+04 1.446404e+04 2.998339e+02 4.032245e+04 5.181961e+07
<GCONST> 6.775540e+01
<MIXTURE> 11 7.332817e-02
<MEAN> 6
 8.053320e+01 -8.249922e+02 2.388075e+02 -4.809231e-01 -7.187931e+00 -8.024626e+01
<VARIANCE> 6
 3.179780e+01 1.280424e+04 2.795862e+04 2.998339e+02 4.032245e+04 5.181961e+07
<GCONST> 6.825385e+01
<MIXTURE> 12 8.196005e-02
<MEAN> 6
 8.287392e+01 -7.635327e+02 1.028390e+02 -2.218977e-01 -4.432807e+00 -6.587943e+01
<VARIANCE> 6
 3.179780e+01 1.280424e+04 1.446404e+04 2.998339e+02 4.032245e+04 5.181961e+07
<GCONST> 6.759479e+01
<MIXTURE> 13 6.583511e-02
<MEAN> 6
 7.770776e+01 -4.760402e+02 -7.012531e+01 -4.282314e-01 -9.680279e+00 -1.662727e+02
<VARIANCE> 6
 3.179780e+01 1.376199e+04 1.446404e+04 2.998339e+02 4.032245e+04 5.181961e+07
<GCONST> 6.766692e+01
<MIXTURE> 14 5.341003e-02
<MEAN> 6
 7.475275e+01 -3.269365e+02 2.112169e+02 7.344736e-02 -8.650611e+00 -2.321913e+02
<VARIANCE> 6
 3.179780e+01 1.711882e+04 1.446404e+04 2.998339e+02 4.032245e+04 5.181961e+07
<GCONST> 6.788519e+01
<STATE> 5
<NUMMIXES> 14
<MIXTURE> 1 7.099727e-02
<MEAN> 6
 9.020784e+01 3.170505e+02 -1.597093e+02 4.529827e+01 -1.227971e+03 -2.201833e+03
<VARIANCE> 6
 2.600007e+02 2.001982e+06 5.242064e+05 1.827256e+04 1.159556e+06 9.444189e+08
<GCONST> 8.871002e+01
<MIXTURE> 2 9.039631e-02
<MEAN> 6
 -4.796355e+01 3.349059e+02 1.669249e+02 -1.522035e+02 1.548913e+03 3.646195e+03
<VARIANCE> 6
 2.139675e+02 9.155849e+05 6.771801e+05 1.714138e+04 6.689681e+05 5.873864e+08
<GCONST> 8.690003e+01
<MIXTURE> 3 5.391814e-02
<MEAN> 6
 8.929544e+01 2.033896e+02 3.070242e+01 -1.897950e+01 -2.204398e+02 -5.444807e+02
<VARIANCE> 6
 1.597055e+02 1.130990e+06 2.732671e+05 7.484300e+02 1.032397e+05 5.181961e+07
<GCONST> 7.848346e+01
<MIXTURE> 4 7.262284e-02
<MEAN> 6
 6.176876e+00 3.036763e+02 2.550011e+02 -2.549660e+02 5.392352e+01 5.459676e+03
<VARIANCE> 6
 6.824019e+02 5.755834e+05 3.328556e+05 3.526828e+03 2.078159e+05 1.370760e+08
<GCONST> 8.268009e+01
<MIXTURE> 5 5.576822e-02
<MEAN> 6
 -2.695651e+01 -4.538788e+01 6.098717e+01 2.417528e+02 8.787097e+02 -7.498737e+03
<VARIANCE> 6
 9.130887e+01 5.668177e+05 1.768702e+05 3.756243e+03 1.618509e+05 7.156765e+07
<GCONST> 7.918423e+01
<MIXTURE> 6 7.706275e-02
<MEAN> 6
 5.129394e+01 -1.210133e+02 -4.854987e+01 2.109059e+02 -5.163772e+02 -8.745748e+02
<VARIANCE> 6
 2.091024e+02 4.966966e+05 4.220537e+05 2.985911e+03 1.088571e+05 5.181961e+07
<GCONST> 7.980144e+01
<MIXTURE> 7 3.724942e-02
<MEAN> 6
 3.157460e+01 -2.708914e+02 -3.529934e+02 -9.077192e+01 -5.295312e+02 4.379647e+03
<VARIANCE> 6
 1.126929e+03 4.841036e+06 3.137289e+06 6.420354e+04 5.283814e+05 2.905418e+08
<GCONST> 9.214066e+01
<MIXTURE> 8 1.133570e-01
<MEAN> 6
 -4.974726e+01 1.078134e+02 1.763750e+02 6.525157e+01 9.122261e+02 8.119864e+02
<VARIANCE> 6
 8.369424e+01 4.463740e+05 1.935381e+05 8.909317e+03 1.692255e+05 5.181961e+07
<GCONST> 7.953369e+01
<MIXTURE> 9 7.240535e-02
<MEAN> 6
 7.781322e+01 -1.126715e+02 2.867545e+02 2.354884e+01 -5.562341e+02 -1.780098e+02
<VARIANCE> 6
 1.118946e+02 6.275671e+05 4.286592e+05 1.377199e+04 1.504321e+05 6.897588e+07
<GCONST> 8.156377e+01
<MIXTURE> 10 9.106522e-02
<MEAN> 6
 9.504174e+00 -2.821391e+01 -3.882118e+01 2.643597e+02 -5.391766e+01 -5.141459e+03
<VARIANCE> 6
 2.525397e+02 6.983982e+05 3.292221e+05 3.788512e+03 1.208653e+05 7.106682e+07
<GCONST> 8.074116e+01
<MIXTURE> 11 5.320170e-02
<MEAN> 6
 5.194975e+01 -3.731088e+01 1.182986e+02 -1.266470e+02 -7.607666e+02 2.731000e+03
<VARIANCE> 6
 1.180525e+02 1.484438e+06 1.222118e+05 3.103969e+04 1.386795e+05 5.935716e+07
<GCONST> 8.180447e+01
<MIXTURE> 12 6.663875e-02
<MEAN> 6
 -6.400117e+01 -1.287845e+02 1.026312e+02 1.629885e+01 4.057854e+02 -1.135673e+03
<VARIANCE> 6
 4.712149e+01 3.919735e+05 2.821377e+05 9.359424e+02 1.345275e+05 5.242704e+07
<GCONST> 7.673511e+01
<MIXTURE> 13 7.326131e-02
<MEAN> 6
 7.198133e+01 4.240279e+01 7.232172e+01 -1.101856e+02 -9.600275e+02 -8.978561e+02
<VARIANCE> 6
 1.287347e+02 4.029823e+05 2.114898e+05 1.047476e+04 1.832679e+05 8.257780e+07
<GCONST> 8.065828e+01
<MIXTURE> 14 7.186548e-02
<MEAN> 6
 4.471654e+00 -1.003640e+01 3.934445e+01 -2.679498e+02 -5.736980e+01 2.688621e+03
<VARIANCE> 6
 5.146763e+02 6.722073e+05 2.457331e+05 3.852975e+03 2.166680e+05 1.311223e+08
<GCONST> 8.233549e+01
<STATE> 6
<NUMMIXES> 14
<MIXTURE> 1 5.677297e-02
<MEAN> 6
 1.013125e+02 -2.965997e+03 1.291086e+04 -2.955232e-02 -2.827372e+01 2.347497e+02
<VARIANCE> 6
 3.179780e+01 5.570860e+05 1.673634e+06 2.998339e+02 4.032245e+04 5.181961e+07
<GCONST> 7.611881e+01
<MIXTURE> 2 6.656449e-02
<MEAN> 6
 5.521951e+01 -6.078311e+03 1.706095e+04 2.292573e+01 2.441134e+02 -1.154461e+03
<VARIANCE> 6
 1.350893e+03 1.283658e+07 5.954216e+07 1.156215e+04 6.557424e+05 8.755954e+07
<GCONST> 9.354263e+01
<MIXTURE> 3 6.719774e-02
<MEAN> 6
 9.648579e+01 -3.943227e+03 8.536625e+03 -4.868759e+00 1.750146e+00 7.431472e+00
<VARIANCE> 6
 3.179780e+01 1.280424e+04 1.948338e+06 2.998339e+02 4.032245e+04 5.181961e+07
<GCONST> 7.249785e+01
<MIXTURE> 4 9.122381e-02
<MEAN> 6
 8.941988e+01 -4.323210e+03 4.851669e+03 -1.374638e+00 -1.261651e+01 -1.766518e+02
<VARIANCE> 6
 3.179780e+01 1.280424e+04 1.064323e+06 2.998339e+02 4.032245e+04 5.181961e+07
<GCONST> 7.189321e+01
<MIXTURE> 5 6.207018e-02
<MEAN> 6
 7.476300e+01 -2.530731e+03 8.316046e+03 -8.635435e-01 1.354914e+00 -8.916378e+00
<VARIANCE> 6
 3.179780e+01 1.007573e+05 1.231261e+06 2.998339e+02 4.032245e+04 5.181961e+07
<GCONST> 7.410185e+01
<MIXTURE> 6 7.021743e-02
<MEAN> 6
 7.462443e+01 -1.680396e+03 5.129044e+03 -1.088400e-02 -1.292182e+01 -3.975055e+02
<VARIANCE> 6
 3.179780e+01 2.971787e+04 6.304973e+05 2.998339e+02 4.032245e+04 5.181961e+07
<GCONST> 7.221159e+01
<MIXTURE> 7 7.684143e-02
<MEAN> 6
 9.071667e+01 -4.478825e+03 2.513842e+03 -1.371266e+00 -1.941152e+01 -4.188751e+02
<VARIANCE> 6
 3.179780e+01 1.280424e+04 2.873952e+05 2.998339e+02 4.032245e+04 5.181961e+07
<GCONST> 7.058397e+01
<MIXTURE> 8 8.621401e-02
<MEAN> 6
 7.118719e+01 -2.496639e+03 3.027058e+03 -1.903982e+00 -1.139314e+01 -2.686749e+02
<VARIANCE> 6
 3.179780e+01 6.900568e+05 4.040064e+04 2.998339e+02 4.032245e+04 5.181961e+07
<GCONST> 7.260896e+01
<MIXTURE> 9 5.441603e-02
<MEAN> 6
 8.279250e+01 -4.805122e+03 1.187474e+04 -4.784772e-01 3.494493e-01 1.625748e+02
<VARIANCE> 6
 3.179780e+01 3.577789e+04 8.464857e+06 2.998339e+02 4.032245e+04 5.181961e+07
<GCONST> 7.499435e+01
<MIXTURE> 10 8.920220e-02
<MEAN> 6
 6.180866e+01 -1.827183e+03 1.924740e+03 1.907883e+01 -9.451689e+02 2.192484e+02
<VARIANCE> 6
 1.731033e+02 4.594610e+06 1.691718e+06 2.942055e+04 1.040249e+05 5.513663e+07
<GCONST> 8.552996e+01
<MIXTURE> 11 6.589608e-02
<MEAN> 6
 8.649682e+01 -4.407479e+03 5.468749e+03 -1.064179e+00 -1.287321e+01 -1.669776e+02
<VARIANCE> 6
 3.179780e+01 1.280424e+04 1.466123e+06 2.998339e+02 4.032245e+04 5.181961e+07
<GCONST> 7.221349e+01
<MIXTURE> 12 9.290912e-02
<MEAN> 6
 1.898564e+01 1.003320e+02 -6.058358e+01 -3.089350e+02 -3.861875e+02 1.348142e+04
<VARIANCE> 6
 6.420162e+02 1.568355e+07 1.150024e+07 8.113828e+03 1.267593e+06 2.937428e+08
<GCONST> 9.287005e+01
<MIXTURE> 13 6.365982e-02
<MEAN> 6
 7.177142e+01 -1.678167e+03 2.513913e+03 1.247857e+00 -2.742790e+01 1.614996e+02
<VARIANCE> 6
 3.179780e+01 6.755076e+05 1.758635e+05 2.998339e+02 4.032245e+04 5.181961e+07
<GCONST> 7.405852e+01
<MIXTURE> 14 5.680067e-02
<MEAN> 6
 8.273221e+01 -4.872213e+03 1.124460e+04 3.503798e-01 1.396089e+00 -1.718159e-01
<VARIANCE> 6
 3.179780e+01 1.901508e+04 5.371092e+06 2.998339e+02 4.032245e+04 5.181961e+07
<GCONST> 7.390736e+01
<STATE> 7
<NUMMIXES> 14
<MIXTURE> 1 5.593525e-02
<MEAN> 6
 8.044793e+01 -7.727974e+01 3.171766e+03 5.166439e-01 -2.960617e+00 -1.352599e+02
<VARIANCE> 6
 3.179780e+01 4.168690e+05 1.446404e+04 2.998339e+02 4.032245e+04 5.181961e+07
<GCONST> 7.107777e+01
<MIXTURE> 2 7.819120e-02
<MEAN> 6
 6.763384e+01 -4.144101e+03 3.424313e+03 -7.086464e-01 -6.451992e+00 -1.458247e+02
<VARIANCE> 6
 3.179780e+01 2.803164e+04 1.446404e+04 2.998339e+02 4.032245e+04 5.181961e+07
<GCONST> 6.837834e+01
<MIXTURE> 3 6.315089e-02
<MEAN> 6
 7.115981e+01 6.376495e+02 1.583885e+03 9.335836e-01 -1.347033e+01 -1.885494e+02
<VARIANCE> 6
 3.179780e+01 1.280424e+04 3.350517e+05 2.998339e+02 4.032245e+04 5.181961e+07
<GCONST> 7.073740e+01
<MIXTURE> 4 8.137529e-02
<MEAN> 6
 7.145845e+01 -6.549216e+02 1.970733e+03 -2.926918e+00 -1.138888e+00 -1.384919e+02
<VARIANCE> 6
 3.179780e+01 1.280424e+04 3.034691e+04 2.998339e+02 4.032245e+04 5.181961e+07
<GCONST> 6.833582e+01
<MIXTURE> 5 6.537868e-02
<MEAN> 6
 7.545951e+01 -1.211911e+01 5.569894e+01 -3.487634e+00 -1.385474e+01 -1.990549e+02
<VARIANCE> 6
 3.179780e+01 6.731250e+04 3.010900e+04 2.998339e+02 4.032245e+04 5.181961e+07
<GCONST> 6.998751e+01
<MIXTURE> 6 1.019164e-01
<MEAN> 6
 8.036421e+01 -4.027052e+03 1.269146e+02 -5.709826e+00 2.009946e+00 2.679856e+02
<VARIANCE> 6
 3.249249e+01 3.691295e+06 5.842263e+05 6.219642e+02 5.391567e+04 5.181961e+07
<GCONST> 7.799915e+01
<MIXTURE> 7 9.248042e-02
<MEAN> 6
 7.445326e+01 1.119212e+03 -7.489237e+02 -4.891759e-02 -1.294714e+01 -4.265926e+01
<VARIANCE> 6
 3.179780e+01 7.349845e+04 1.446404e+04 2.998339e+02 4.032245e+04 5.181961e+07
<GCONST> 6.934227e+01
<MIXTURE> 8 6.452829e-02
<MEAN> 6
 7.733546e+01 -5.020860e+02 1.649321e+03 6.809806e-01 -1.206902e+01 -6.843652e+01
<VARIANCE> 6
 3.179780e+01 1.119008e+06 4.302041e+05 2.998339e+02 4.032245e+04 5.181961e+07
<GCONST> 7.545779e+01
<MIXTURE> 9 5.638110e-02
<MEAN> 6
 7.360854e+01 6.229807e+02 -4.335282e+02 1.883765e-01 -3.007331e+01 -1.089252e+02
<VARIANCE> 6
 3.179780e+01 2.453638e+04 3.613762e+05 2.998339e+02 4.032245e+04 5.181961e+07
<GCONST> 7.146342e+01
<MIXTURE> 10 8.960193e-02
<MEAN> 6
 6.712737e+01 -1.272763e+02 1.643830e+03 -1.347693e+00 -2.053079e-01 -1.885505e+02
<VARIANCE> 6
 1.153540e+02 2.351837e+04 2.801000e+04 2.998339e+02 4.032245e+04 5.181961e+07
<GCONST> 7.015230e+01
<MIXTURE> 11 7.158035e-02
<MEAN> 6
 7.968011e+01 -1.404734e+03 -1.163839e+02 -2.225729e+00 -7.637847e+00 -1.531481e+01
<VARIANCE> 6
 3.179780e+01 1.932668e+05 3.378434e+04 2.998339e+02 4.032245e+04 5.181961e+07
<GCONST> 7.115741e+01
<MIXTURE> 12 6.499407e-02
<MEAN> 6
 7.183392e+01 6.933290e+02 1.205143e+03 9.643701e-02 -1.450826e+01 -1.396969e+02
<VARIANCE> 6
 3.179780e+01 1.280424e+04 1.654317e+05 2.998339e+02 4.032245e+04 5.181961e+07
<GCONST> 7.003168e+01
<MIXTURE> 13 5.153986e-02
<MEAN> 6
 7.674951e+01 3.531939e+02 -3.318585e+02 -3.508330e+00 -4.983080e+00 -7.901385e+01
<VARIANCE> 6
 4.325572e+01 8.072812e+04 1.957223e+05 2.998339e+02 4.032245e+04 5.181961e+07
<GCONST> 7.234886e+01
<MIXTURE> 14 6.292874e-02
<MEAN> 6
 7.615920e+01 -7.669023e+02 1.578394e+03 9.586841e-01 -1.062887e+01 -1.983655e+02
<VARIANCE> 6
 3.332673e+01 1.145982e+06 4.491433e+05 2.998339e+02 4.032245e+04 5.181961e+07
<GCONST> 7.557166e+01
<STATE> 8
<NUMMIXES> 14
<MIXTURE> 1 4.994524e-02
<MEAN> 6
 2.852395e+01 3.019521e+03 -2.887511e+03 3.337141e+01 -3.207961e+01 -1.177018e+02
<VARIANCE> 6
 1.523100e+03 1.467093e+06 2.510322e+06 2.094573e+04 8.907732e+04 5.181961e+07
<GCONST> 8.640071e+01
<MIXTURE> 2 9.559593e-02
<MEAN> 6
 -4.405475e+01 4.343096e+02 1.092319e+03 -4.191201e+01 1.115190e+03 4.900170e+02
<VARIANCE> 6
 3.564632e+02 1.665287e+06 5.859882e+06 3.586533e+04 4.110129e+05 2.656931e+08
<GCONST> 8.962440e+01
<MIXTURE> 3 9.318753e-02
<MEAN> 6
 7.904272e+01 -1.668554e+02 3.200990e+02 -5.290969e+00 -7.346969e+01 -4.999832e+02
<VARIANCE> 6
 4.898838e+01 1.298054e+05 8.791721e+05 3.140262e+02 4.032245e+04 5.181961e+07
<GCONST> 7.449680e+01
<MIXTURE> 4 4.254284e-02
<MEAN> 6
 6.891689e+01 1.768868e+02 1.267773e+03 2.949770e+01 -9.602577e+02 -2.125932e+01
<VARIANCE> 6
 6.986917e+02 6.125368e+06 7.315830e+06 4.515428e+04 6.433126e+05 3.985798e+08
<GCONST> 9.290562e+01
<MIXTURE> 5 6.364504e-02
<MEAN> 6
 8.997726e+01 -1.781832e+02 7.926981e+02 1.255631e+01 -2.744995e+02 3.906031e+02
<VARIANCE> 6
 2.099864e+02 1.382374e+06 6.075902e+06 3.327081e+03 9.623221e+04 5.181961e+07
<GCONST> 8.348111e+01
<MIXTURE> 6 5.116989e-02
<MEAN> 6
 -5.869023e+01 3.285555e+02 6.334596e+02 1.376904e+01 1.535679e+02 1.390304e+02
<VARIANCE> 6
 1.204832e+02 6.677310e+05 3.263647e+06 5.863370e+02 4.032245e+04 5.181961e+07
<GCONST> 7.897061e+01
<MIXTURE> 7 8.742829e-02
<MEAN> 6
 5.421273e+01 -6.742922e+01 -1.437323e+02 1.345229e+02 -3.581637e+02 -5.572311e+02
<VARIANCE> 6
 2.622794e+02 6.771486e+05 1.110183e+06 5.787962e+03 7.303409e+04 5.181961e+07
<GCONST> 8.156785e+01
<MIXTURE> 8 9.414710e-02
<MEAN> 6
 -4.809322e+01 5.537078e+01 5.763303e+01 4.425414e+01 6.542491e+02 -2.187285e+02
<VARIANCE> 6
 1.588525e+02 5.695254e+05 1.476855e+06 1.009563e+04 7.767393e+04 5.181961e+07
<GCONST> 8.179663e+01
<MIXTURE> 9 8.401863e-02
<MEAN> 6
 9.957983e+00 -1.485000e+01 1.064470e+02 -2.347461e+02 2.412323e+01 4.691411e+03
<VARIANCE> 6
 5.079027e+02 8.346135e+05 3.600091e+06 4.906212e+03 1.584180e+05 7.859095e+07
<GCONST> 8.463977e+01
<MIXTURE> 10 9.789467e-02
<MEAN> 6
 -1.654178e+01 1.973292e+02 -1.927890e+02 2.622739e+01 2.067808e+02 -9.823896e+02
<VARIANCE> 6
 2.316938e+02 3.833238e+05 3.146756e+05 1.985157e+04 8.527517e+04 5.181961e+07
<GCONST> 8.100157e+01
<MIXTURE> 11 6.909437e-02
<MEAN> 6
 5.989560e+01 1.380008e+02 -7.344100e+01 -1.627237e+02 -7.017394e+02 1.149709e+03
<VARIANCE> 6
 2.038002e+02 3.265187e+05 2.129858e+06 4.286219e+03 1.716224e+05 5.181961e+07
<GCONST> 8.179170e+01
<MIXTURE> 12 5.260558e-02
<MEAN> 6
 1.021344e+01 -1.456411e+02 -1.303816e+02 1.795042e+02 -2.945039e+01 -4.049942e+03
<VARIANCE> 6
 2.603239e+02 1.288775e+06 4.520236e+06 1.658365e+04 8.281583e+04 5.181961e+07
<GCONST> 8.478629e+01
<MIXTURE> 13 6.615215e-02
<MEAN> 6
 8.166662e+01 -4.903825e+02 1.311320e+02 -1.078525e+01 -5.277943e+02 -1.018431e+03
<VARIANCE> 6
 1.310900e+02 1.090156e+06 2.633866e+06 6.531975e+03 1.562477e+05 5.181961e+07
<GCONST> 8.309589e+01
<MIXTURE> 14 5.233312e-02
<MEAN> 6
 -6.009816e+01 1.662600e+01 -7.558179e+01 2.615639e+00 9.342473e+01 -2.276211e+02
<VARIANCE> 6
 7.779700e+01 4.551758e+05 2.705838e+06 3.743077e+02 4.032245e+04 5.181961e+07
<GCONST> 7.751375e+01
<STATE> 9
<NUMMIXES> 14
<MIXTURE> 1 5.784645e-02
<MEAN> 6
 4.800927e+01 4.387626e+02 -3.868843e+02 2.072276e+02 -3.212819e+02 -1.312479e+03
<VARIANCE> 6
 5.203512e+02 3.056469e+05 9.492996e+06 9.045463e+02 6.021127e+04 5.181961e+07
<GCONST> 8.155435e+01
<MIXTURE> 2 5.884978e-02
<MEAN> 6
 8.276665e+01 -2.116901e+00 -1.801905e+02 8.469592e+01 -4.504431e+02 6.144377e+02
<VARIANCE> 6
 1.384413e+02 1.667462e+06 6.101005e+06 2.636625e+03 5.548684e+04 5.181961e+07
<GCONST> 8.247292e+01
<MIXTURE> 3 4.316159e-02
<MEAN> 6
 4.447432e+01 6.911898e+02 1.583988e+02 9.228370e+01 -8.522750e+01 2.291057e+02
<VARIANCE> 6
 2.471645e+02 1.122296e+05 4.717717e+05 5.394727e+02 4.032245e+04 5.181961e+07
<GCONST> 7.588840e+01
<MIXTURE> 4 8.616161e-02
<MEAN> 6
 9.265074e+00 1.564869e+02 -3.854684e+01 1.857503e+02 -4.503653e+01 -5.388109e+02
<VARIANCE> 6
 2.565945e+02 3.191125e+05 1.414786e+05 1.011325e+03 7.913586e+04 6.322294e+07
<GCONST> 7.726808e+01
<MIXTURE> 5 7.675952e-02
<MEAN> 6
 8.249305e+01 1.344517e+02 9.790337e+00 7.733737e+01 -7.592914e+02 1.376326e+03
<VARIANCE> 6
 1.743137e+02 8.994101e+05 7.333865e+05 8.563806e+03 1.229828e+06 7.733297e+08
<GCONST> 8.694695e+01
<MIXTURE> 6 8.724920e-02
<MEAN> 6
 9.289867e+00 -8.398032e+02 -9.170840e+02 7.863763e+01 4.361808e+01 -6.621867e+01
<VARIANCE> 6
 1.148195e+03 4.374311e+05 9.636535e+04 8.755159e+02 4.032245e+04 5.181961e+07
<GCONST> 7.768054e+01
<MIXTURE> 7 6.871919e-02
<MEAN> 6
 5.692679e+01 4.558688e+02 -2.142543e+02 1.901139e+02 -5.445306e+02 -1.840392e+03
<VARIANCE> 6
 2.447459e+02 4.760963e+05 2.887650e+05 1.665857e+03 4.032245e+04 5.181961e+07
<GCONST> 7.796027e+01
<MIXTURE> 8 9.950455e-02
<MEAN> 6
 -2.881012e+01 3.936484e+01 -2.954808e+02 1.803584e+02 7.479921e+02 -3.904430e+03
<VARIANCE> 6
 8.140200e+01 3.530156e+05 2.495040e+05 2.359741e+03 9.186955e+04 5.181961e+07
<GCONST> 7.758587e+01
<MIXTURE> 9 6.551957e-02
<MEAN> 6
 2.457063e+01 -7.631240e+02 -4.161291e+02 2.781084e+02 -2.789956e+02 -5.208768e+03
<VARIANCE> 6
 4.275359e+02 1.620967e+06 9.702957e+06 2.371697e+03 1.923056e+05 5.181961e+07
<GCONST> 8.517326e+01
<MIXTURE> 10 7.935101e-02
<MEAN> 6
 2.039165e+00 -1.106199e+01 -3.271470e+02 2.466209e+02 1.032191e+02 -5.088574e+03
<VARIANCE> 6
 1.670763e+02 3.849408e+05 4.281386e+05 1.614333e+03 6.272736e+04 5.181961e+07
<GCONST> 7.817027e+01
<MIXTURE> 11 9.376431e-02
<MEAN> 6
 6.688887e+01 -3.570604e+01 -3.773986e+01 1.034874e+02 -5.600018e+02 -1.142756e+02
<VARIANCE> 6
 8.348525e+01 5.022377e+05 2.510534e+05 1.921592e+03 2.145450e+05 5.181961e+07
<GCONST> 7.861265e+01
<MIXTURE> 12 4.615581e-02
<MEAN> 6
 1.012297e+02 -7.812986e+01 -9.341387e+02 6.502072e+01 -1.109120e+03 2.909014e+03
<VARIANCE> 6
 2.033604e+02 3.577967e+06 6.369918e+06 3.831276e+03 1.250694e+05 2.181010e+08
<GCONST> 8.628770e+01
<MIXTURE> 13 7.680050e-02
<MEAN> 6
 4.342954e+01 -1.646666e+02 -3.697010e+02 1.886621e+02 -3.732226e+02 -1.240887e+03
<VARIANCE> 6
 1.525659e+02 2.533901e+05 2.338717e+05 2.251312e+03 4.032245e+04 5.181961e+07
<GCONST> 7.694728e+01
<MIXTURE> 14 6.012916e-02
<MEAN> 6
 8.084793e+01 -2.051805e+02 -6.118404e+02 7.307912e+01 -4.991457e+02 -7.210529e+01
<VARIANCE> 6
 1.421062e+02 1.842573e+06 3.989143e+06 2.157682e+03 7.032095e+04 5.181961e+07
<GCONST> 8.221049e+01
<STATE> 10
<NUMMIXES> 14
<MIXTURE> 1 7.886475e-02
<MEAN> 6
 1.116571e+02 1.434780e+03 -7.520905e+02 -7.713294e+00 -1.745654e+01 8.758371e+02
<VARIANCE> 6
 3.179780e+01 1.733202e+05 8.126895e+04 2.998339e+02 4.032245e+04 5.181961e+07
<GCONST> 7.192625e+01
<MIXTURE> 2 7.878362e-02
<MEAN> 6
 1.056483e+02 -9.337045e+02 -6.740086e+03 -6.296209e+00 5.614195e+00 1.185861e+02
<VARIANCE> 6
 5.677893e+01 1.036001e+05 1.861856e+05 2.998339e+02 4.032245e+04 5.181961e+07
<GCONST> 7.282039e+01
<MIXTURE> 3 1.088682e-01
<MEAN> 6
 8.973556e+01 3.784718e+02 2.012732e+03 -4.087667e+00 -3.512431e+00 4.724456e+02
<VARIANCE> 6
 3.179780e+01 2.512465e+05 2.023678e+05 2.998339e+02 4.032245e+04 5.181961e+07
<GCONST> 7.320986e+01
<MIXTURE> 4 5.260463e-02
<MEAN> 6
 9.021008e+01 4.260461e+02 -3.448576e+03 -2.424382e+00 5.991479e+00 -1.267729e+01
<VARIANCE> 6
 3.179780e+01 1.866516e+04 2.338838e+05 2.998339e+02 4.032245e+04 5.181961e+07
<GCONST> 7.075482e+01
<MIXTURE> 5 9.114783e-02
<MEAN> 6
 1.034139e+02 3.996129e+02 -4.704601e+02 -6.228472e+00 7.651783e+00 -3.872863e+01
<VARIANCE> 6
 4.703236e+01 6.364244e+04 2.675290e+04 2.998339e+02 4.032245e+04 5.181961e+07
<GCONST> 7.020470e+01
<MIXTURE> 6 6.696299e-02
<MEAN> 6
 9.365892e+01 5.326773e+02 2.076434e+02 -4.248660e+00 -1.424403e+01 1.704224e+02
<VARIANCE> 6
 3.179780e+01 3.587082e+05 6.333550e+04 2.998339e+02 4.032245e+04 5.181961e+07
<GCONST> 7.240430e+01
<MIXTURE> 7 3.322215e-02
<MEAN> 6
 9.450520e+01 3.063286e+02 -1.792827e+03 -5.078033e+00 4.374314e+00 3.028076e+02
<VARIANCE> 6
 3.179780e+01 1.280424e+04 4.056603e+05 2.998339e+02 4.032245e+04 5.181961e+07
<GCONST> 7.092863e+01
<MIXTURE> 8 1.004797e-01
<MEAN> 6
 9.486013e+01 -2.046016e+02 2.445311e+01 -4.045183e+00 1.656006e+00 1.666522e+01
<VARIANCE> 6
 3.179780e+01 1.395211e+04 1.446404e+04 2.998339e+02 4.032245e+04 5.181961e+07
<GCONST> 6.768063e+01
<MIXTURE> 9 7.653892e-02
<MEAN> 6
 9.255784e+01 2.804189e+02 -2.713295e+02 -3.793419e+00 9.424401e-01 3.260336e+01
<VARIANCE> 6
 3.179780e+01 1.280424e+04 1.844133e+04 2.998339e+02 4.032245e+04 5.181961e+07
<GCONST> 6.783771e+01
<MIXTURE> 10 8.387583e-02
<MEAN> 6
 1.017469e+02 1.959531e+03 -2.309396e+03 -5.823822e+00 -8.005760e+00 2.472333e+02
<VARIANCE> 6
 3.694246e+01 5.916238e+04 5.468329e+05 2.998339e+02 4.032245e+04 5.181961e+07
<GCONST> 7.290773e+01
<MIXTURE> 11 4.253959e-02
<MEAN> 6
 8.744331e+01 -9.299587e+02 2.822849e+03 -4.891677e+00 -6.558041e+00 2.957202e+02
<VARIANCE> 6
 3.179780e+01 1.599059e+04 4.507587e+05 2.998339e+02 4.032245e+04 5.181961e+07
<GCONST> 7.125627e+01
<MIXTURE> 12 6.693431e-02
<MEAN> 6
 9.255015e+01 2.140171e+02 -4.471230e+02 -4.306953e+00 2.493855e-01 7.028464e+01
<VARIANCE> 6
 3.179780e+01 1.280424e+04 1.643154e+04 2.998339e+02 4.032245e+04 5.181961e+07
<GCONST> 6.772232e+01
<MIXTURE> 13 5.330787e-02
<MEAN> 6
 8.272215e+01 -8.135776e+02 -9.642266e+03 -3.719437e+00 7.669998e+00 -2.141595e+01
<VARIANCE> 6
 3.179780e+01 1.280424e+04 5.059696e+06 2.998339e+02 4.032245e+04 5.181961e+07
<GCONST> 7.345218e+01
<MIXTURE> 14 6.585395e-02
<MEAN> 6
 9.366147e+01 2.661551e+02 9.704326e+01 -4.115162e+00 -2.399904e+01 3.519379e+02
<VARIANCE> 6
 3.179780e+01 5.137675e+05 6.265597e+04 2.998339e+02 4.032245e+04 5.181961e+07
<GCONST> 7.275278e+01
<STATE> 11
<NUMMIXES> 14
<MIXTURE> 1 5.454861e-02
<MEAN> 6
 7.343674e+01 4.766767e+02 5.717498e+02 -3.793861e+00 -6.728096e+00 5.746151e+01
<VARIANCE> 6
 3.179780e+01 1.668005e+04 1.446404e+04 2.998339e+02 4.032245e+04 5.181961e+07
<GCONST> 6.785922e+01
<MIXTURE> 2 1.141540e-01
<MEAN> 6
 7.189289e+01 1.406594e+02 -1.035489e+03 -2.403032e+00 -1.060179e+00 5.673508e+01
<VARIANCE> 6
 3.179780e+01 2.599436e+05 7.957916e+06 2.998339e+02 4.032245e+04 5.181961e+07
<GCONST> 7.691573e+01
<MIXTURE> 3 3.392961e-02
<MEAN> 6
 7.928104e+01 2.252387e+03 -1.165921e+03 -1.245189e+00 7.531113e-01 -1.369650e+00
<VARIANCE> 6
 3.179780e+01 1.206257e+05 1.446404e+04 2.998339e+02 4.032245e+04 5.181961e+07
<GCONST> 6.983770e+01
<MIXTURE> 4 5.064582e-02
<MEAN> 6
 7.983329e+01 -8.149360e+02 5.583078e+02 -4.753017e+00 2.915105e+00 6.401397e+01
<VARIANCE> 6
 3.179780e+01 1.280424e+04 8.593340e+04 2.998339e+02 4.032245e+04 5.181961e+07
<GCONST> 6.937669e+01
<MIXTURE> 5 6.256754e-02
<MEAN> 6
 8.349517e+01 -5.610122e+02 -1.304036e+03 -4.658095e+00 -6.033945e+00 1.994839e+02
<VARIANCE> 6
 3.179780e+01 1.901790e+05 2.645625e+05 2.998339e+02 4.032245e+04 5.181961e+07
<GCONST> 7.319939e+01
<MIXTURE> 6 9.810387e-02
<MEAN> 6
 7.559426e+01 1.012221e+03 -1.545858e+02 -2.586478e+00 1.020486e+00 5.328060e+01
<VARIANCE> 6
 3.179780e+01 7.000370e+04 1.160766e+05 2.998339e+02 4.032245e+04 5.181961e+07
<GCONST> 7.137614e+01
<MIXTURE> 7 8.050665e-02
<MEAN> 6
 7.788763e+01 -3.879217e+02 1.650630e+02 -3.408995e+00 -4.584340e+00 2.526013e+02
<VARIANCE> 6
 3.179780e+01 2.145213e+05 1.446404e+04 2.998339e+02 4.032245e+04 5.181961e+07
<GCONST> 7.041342e+01
<MIXTURE> 8 7.281569e-02
<MEAN> 6
 7.919078e+01 3.317919e+02 -2.341183e+02 -2.234891e+00 -3.765457e+00 -3.322429e+01
<VARIANCE> 6
 3.179780e+01 7.413924e+04 3.322303e+04 2.998339e+02 4.032245e+04 5.181961e+07
<GCONST> 7.018253e+01
<MIXTURE> 9 1.033723e-01
<MEAN> 6
 8.074211e+01 1.027604e+02 3.650248e+02 -3.650950e+00 -1.419918e+01 1.564775e+02
<VARIANCE> 6
 3.179780e+01 1.193881e+05 1.848540e+05 2.998339e+02 4.032245e+04 5.181961e+07
<GCONST> 7.237529e+01
<MIXTURE> 10 5.723494e-02
<MEAN> 6
 7.937589e+01 -8.676204e+02 -1.052151e+02 -4.056193e+00 3.480051e+00 2.302274e+01
<VARIANCE> 6
 3.179780e+01 5.508781e+05 1.446404e+04 2.998339e+02 4.032245e+04 5.181961e+07
<GCONST> 7.135652e+01
<MIXTURE> 11 3.551382e-02
<MEAN> 6
 7.451394e+01 -1.327682e+03 1.097962e+03 -3.566979e+00 4.644265e+00 -4.338937e+01
<VARIANCE> 6
 3.179780e+01 2.387344e+04 1.446404e+04 2.998339e+02 4.032245e+04 5.181961e+07
<GCONST> 6.821777e+01
<MIXTURE> 12 1.014383e-01
<MEAN> 6
 7.583405e+01 1.029489e+03 -3.173850e+02 -2.241398e+00 -2.625032e+00 7.263541e+01
<VARIANCE> 6
 3.179780e+01 1.115405e+05 1.180967e+05 2.998339e+02 4.032245e+04 5.181961e+07
<GCONST> 7.185924e+01
<MIXTURE> 13 7.344320e-02
<MEAN> 6
 7.837659e+01 2.149320e+02 -3.224481e+02 -2.565152e+00 -1.819901e+00 -5.687585e+01
<VARIANCE> 6
 3.179780e+01 1.007420e+05 3.754292e+04 2.998339e+02 4.032245e+04 5.181961e+07
<GCONST> 7.061139e+01
<MIXTURE> 14 6.169577e-02
<MEAN> 6
 8.063513e+01 -6.485109e+02 -1.584050e+03 -4.373756e+00 -3.231414e+00 1.312732e+02
<VARIANCE> 6
 3.179780e+01 2.114187e+05 2.154695e+05 2.998339e+02 4.032245e+04 5.181961e+07
<GCONST> 7.310001e+01
<STATE> 12
<NUMMIXES> 14
<MIXTURE> 1 2.818311e-02
<MEAN> 6
 6.072659e+01 5.051165e+02 3.273429e+02 2.288051e+00 -9.578604e+00 2.007786e+02
<VARIANCE> 6
 3.179780e+01 2.558884e+06 3.060972e+04 2.998339e+02 4.032245e+04 5.181961e+07
<GCONST> 7.364198e+01
<MIXTURE> 2 1.026875e-01
<MEAN> 6
 5.939794e+01 4.847726e+02 9.656375e+01 4.236680e-02 -3.534600e+00 -1.471849e+02
<VARIANCE> 6
 3.179780e+01 1.280424e+04 1.446404e+04 2.998339e+02 4.032245e+04 5.181961e+07
<GCONST> 6.759479e+01
<MIXTURE> 3 1.071850e-01
<MEAN> 6
 6.541596e+01 4.315697e+01 7.968887e+01 -1.435942e-01 -1.042728e+01 -1.976340e+02
<VARIANCE> 6
 3.179780e+01 1.280424e+04 1.446404e+04 2.998339e+02 4.032245e+04 5.181961e+07
<GCONST> 6.759479e+01
<MIXTURE> 4 7.736567e-02
<MEAN> 6
 6.345061e+01 3.553011e+02 -1.771211e+02 3.477049e-01 -1.362986e+01 -1.126379e+02
<VARIANCE> 6
 3.179780e+01 1.280424e+04 1.446404e+04 2.998339e+02 4.032245e+04 5.181961e+07
<GCONST> 6.759479e+01
<MIXTURE> 5 4.177838e-02
<MEAN> 6
 5.638105e+01 1.094703e+02 -4.852291e+02 -2.164301e+00 -1.357406e+01 1.236968e+02
<VARIANCE> 6
 3.179780e+01 1.280424e+04 1.446404e+04 2.998339e+02 4.032245e+04 5.181961e+07
<GCONST> 6.759479e+01
<MIXTURE> 6 7.019415e-02
<MEAN> 6
 5.443678e+01 8.459279e+02 5.035486e-01 1.347317e+00 2.028407e+00 -1.205734e+02
<VARIANCE> 6
 3.179780e+01 1.280424e+04 1.446404e+04 2.998339e+02 4.032245e+04 5.181961e+07
<GCONST> 6.759479e+01
<MIXTURE> 7 5.587813e-02
<MEAN> 6
 5.935579e+01 4.461116e+01 -1.003829e+02 1.453283e-02 -3.569777e+00 -1.558802e+02
<VARIANCE> 6
 3.179780e+01 1.280424e+04 1.446404e+04 2.998339e+02 4.032245e+04 5.181961e+07
<GCONST> 6.759479e+01
<MIXTURE> 8 8.618987e-02
<MEAN> 6
 5.860895e+01 2.941640e+01 -1.229268e+02 1.242335e-01 -3.493652e+00 -1.650020e+02
<VARIANCE> 6
 3.179780e+01 1.280424e+04 1.446404e+04 2.998339e+02 4.032245e+04 5.181961e+07
<GCONST> 6.759479e+01
<MIXTURE> 9 6.637124e-02
<MEAN> 6
 6.400516e+01 6.598600e+01 4.062449e+01 -2.445641e-01 -8.678044e+00 -1.683791e+02
<VARIANCE> 6
 3.179780e+01 1.280424e+04 1.446404e+04 2.998339e+02 4.032245e+04 5.181961e+07
<GCONST> 6.759479e+01
<MIXTURE> 10 1.025122e-01
<MEAN> 6
 5.939786e+01 4.847787e+02 9.655677e+01 4.243935e-02 -3.534216e+00 -1.471835e+02
<VARIANCE> 6
 3.179780e+01 1.280424e+04 1.446404e+04 2.998339e+02 4.032245e+04 5.181961e+07
<GCONST> 6.759479e+01
<MIXTURE> 11 8.554415e-02
<MEAN> 6
 5.850816e+01 2.877672e+01 -1.256380e+02 1.420874e-01 -3.424717e+00 -1.650855e+02
<VARIANCE> 6
 3.179780e+01 1.280424e+04 1.446404e+04 2.998339e+02 4.032245e+04 5.181961e+07
<GCONST> 6.759479e+01
<MIXTURE> 12 7.744521e-02
<MEAN> 6
 6.345108e+01 3.552648e+02 -1.771216e+02 3.474547e-01 -1.363164e+01 -1.126287e+02
<VARIANCE> 6
 3.179780e+01 1.280424e+04 1.446404e+04 2.998339e+02 4.032245e+04 5.181961e+07
<GCONST> 6.759479e+01
<MIXTURE> 13 4.264832e-02
<MEAN> 6
 6.152679e+01 -1.764412e+03 -1.351206e+02 2.521583e+00 -3.186128e+01 2.672865e+02
<VARIANCE> 6
 3.179780e+01 3.056113e+05 1.965723e+05 2.998339e+02 4.032245e+04 5.181961e+07
<GCONST> 7.337669e+01
<MIXTURE> 14 5.596448e-02
<MEAN> 6
 5.801318e+01 1.913764e+01 -1.425535e+02 2.190430e-01 -3.940473e+00 -1.783255e+02
<VARIANCE> 6
 3.179780e+01 1.280424e+04 1.446404e+04 2.998339e+02 4.032245e+04 5.181961e+07
<GCONST> 6.759479e+01
<STATE> 13
<NUMMIXES> 14
<MIXTURE> 1 2.145640e-02
<MEAN> 6
 2.301089e+01 1.344165e+04 -9.365266e+01 5.740057e+00 3.346215e+00 2.044638e+02
<VARIANCE> 6
 3.492943e+03 2.416211e+05 7.887381e+05 2.483606e+04 4.083199e+05 7.144657e+07
<GCONST> 8.628340e+01
<MIXTURE> 2 7.718976e-02
<MEAN> 6
 5.658246e+01 1.235293e+03 1.010028e+03 1.472018e+01 -8.020307e+01 -5.218298e+01
<VARIANCE> 6
 8.153276e+01 9.193218e+05 4.423888e+05 1.262493e+03 4.032245e+04 5.181961e+07
<GCONST> 7.766840e+01
<MIXTURE> 3 4.056686e-02
<MEAN> 6
 -3.144204e+01 -5.562226e+03 5.738563e+02 2.938745e+00 3.388015e+02 -1.616519e+02
<VARIANCE> 6
 5.859932e+02 3.039663e+05 2.798774e+05 1.968670e+04 1.441330e+05 5.445803e+07
<GCONST> 8.214648e+01
<MIXTURE> 4 7.011092e-02
<MEAN> 6
 9.041990e+01 -4.899273e+03 7.435670e+01 -8.928002e+00 -4.162023e+01 -2.338084e+01
<VARIANCE> 6
 9.528405e+01 1.197022e+07 1.161288e+06 2.998339e+02 4.032245e+04 5.181961e+07
<GCONST> 7.991827e+01
<MIXTURE> 5 7.314861e-02
<MEAN> 6
 6.628133e+01 -2.789814e+03 2.816078e+02 2.691663e+01 -3.768787e+02 -4.773353e+02
<VARIANCE> 6
 5.266165e+02 1.084982e+07 4.256965e+05 1.386168e+04 7.913773e+04 5.181961e+07
<GCONST> 8.503398e+01
<MIXTURE> 6 1.048310e-01
<MEAN> 6
 -6.391642e+00 -6.020334e+01 7.870819e+02 6.552512e+00 7.200049e+01 -5.728944e+02
<VARIANCE> 6
 2.229706e+02 2.430214e+05 6.123319e+05 1.280519e+04 6.026631e+04 5.181961e+07
<GCONST> 8.038765e+01
<MIXTURE> 7 9.392683e-02
<MEAN> 6
 -1.124917e+01 -8.559952e+02 -1.026564e+02 -1.402542e+02 3.955003e+02 2.941811e+03
<VARIANCE> 6
 4.632572e+02 7.534680e+05 3.522638e+05 3.350822e+03 3.684888e+05 2.049699e+08
<GCONST> 8.354263e+01
<MIXTURE> 8 8.211063e-02
<MEAN> 6
 3.821611e+01 -2.260995e+03 8.688461e+01 -1.608012e+02 -2.688683e+02 2.479871e+03
<VARIANCE> 6
 2.885767e+02 3.565248e+06 1.087417e+05 1.621430e+03 9.140927e+04 5.181961e+07
<GCONST> 7.995314e+01
<MIXTURE> 9 6.611913e-02
<MEAN> 6
 2.125900e+01 4.967751e+02 4.107675e+02 1.295492e+02 -2.349885e+01 -9.454774e+02
<VARIANCE> 6
 4.015472e+02 2.121782e+05 3.413147e+05 1.674617e+03 4.032245e+04 5.181961e+07
<GCONST> 7.781961e+01
<MIXTURE> 10 8.739774e-02
<MEAN> 6
 -3.074309e+01 3.413840e+02 1.196946e+02 2.978889e+01 4.542934e+02 -8.299053e+02
<VARIANCE> 6
 7.120225e+01 4.351154e+05 9.797164e+04 8.001887e+03 1.028730e+05 5.181961e+07
<GCONST> 7.806055e+01
<MIXTURE> 11 3.723062e-02
<MEAN> 6
 7.432996e+01 -1.457939e+03 2.461904e+02 -7.902637e+00 -6.853883e+02 -1.505845e+01
<VARIANCE> 6
 1.354610e+02 2.246450e+06 4.835712e+05 6.948573e+03 3.446075e+05 1.199486e+08
<GCONST> 8.384879e+01
<MIXTURE> 12 7.337562e-02
<MEAN> 6
 -4.148888e+01 -3.072666e+02 7.482661e+01 2.420663e+01 3.770877e+02 -1.278187e+03
<VARIANCE> 6
 8.033768e+01 4.734798e+05 4.327947e+05 1.111945e+03 1.299964e+05 5.181961e+07
<GCONST> 7.801180e+01
<MIXTURE> 13 1.088728e-01
<MEAN> 6
 5.886662e+01 2.379628e+02 -2.145131e+01 1.301155e+01 -3.237723e+02 -5.299598e+02
<VARIANCE> 6
 5.335234e+01 3.403508e+05 1.401929e+05 4.947334e+03 7.448828e+04 5.181961e+07
<GCONST> 7.708096e+01
<MIXTURE> 14 6.359972e-02
<MEAN> 6
 1.440294e+01 1.564585e+02 7.712039e+01 1.236446e+02 -5.930931e+01 -1.149730e+03
<VARIANCE> 6
 5.178292e+02 2.864144e+05 1.958637e+05 1.588854e+03 4.032245e+04 5.181961e+07
<GCONST> 7.776599e+01
<STATE> 14
<NUMMIXES> 14
<MIXTURE> 1 2.632268e-02
<MEAN> 6
 -3.822923e+01 6.131481e+01 1.475672e+02 -1.119691e+02 1.253419e+03 5.955979e+03
<VARIANCE> 6
 3.538248e+02 1.498851e+05 5.194973e+05 2.099921e+04 6.229262e+05 4.389120e+08
<GCONST> 8.516854e+01
<MIXTURE> 2 6.210745e-02
<MEAN> 6
 8.138487e+01 -4.218938e+02 -5.396506e+01 1.476373e+01 -7.974652e+02 -1.556422e+03
<VARIANCE> 6
 1.979477e+02 5.979936e+05 6.321948e+04 1.001571e+04 6.410355e+05 2.431634e+08
<GCONST> 8.256296e+01
<MIXTURE> 3 7.948907e-02
<MEAN> 6
 2.482593e+01 1.267997e+02 1.039418e+02 -2.214855e+02 -2.290161e+02 6.634059e+03
<VARIANCE> 6
 3.299078e+02 1.257838e+05 3.846263e+04 4.195174e+03 2.551856e+05 1.383253e+08
<GCONST> 7.866239e+01
<MIXTURE> 4 1.152055e-01
<MEAN> 6
 6.961597e+01 -2.275256e+02 -6.634107e+00 -6.484004e+00 -4.306489e+01 1.259761e+02
<VARIANCE> 6
 5.210555e+01 2.096280e+05 4.495152e+04 2.998339e+02 4.032245e+04 5.181961e+07
<GCONST> 7.201814e+01
<MIXTURE> 5 9.670533e-02
<MEAN> 6
 -4.596386e+01 4.042381e+01 -3.302250e+01 2.917776e+01 9.595833e+02 -1.367355e+03
<VARIANCE> 6
 1.107752e+02 6.950882e+04 4.119848e+04 1.238269e+04 1.725101e+05 9.215730e+07
<GCONST> 7.733141e+01
<MIXTURE> 6 6.177870e-02
<MEAN> 6
 5.755984e+01 5.983786e+01 5.184256e+01 2.931018e+01 -2.790893e+02 -2.540629e+02
<VARIANCE> 6
 1.206970e+02 1.845992e+05 3.134250e+04 1.116936e+04 4.660759e+04 5.181961e+07
<GCONST> 7.613295e+01
<MIXTURE> 7 6.089550e-02
<MEAN> 6
 3.656255e-01 4.909108e+01 7.673502e+01 2.216600e+02 -2.318106e+01 -6.059409e+03
<VARIANCE> 6
 4.408900e+02 7.044882e+04 7.551894e+04 3.356889e+03 2.105440e+05 1.305521e+08
<GCONST> 7.857434e+01
<MIXTURE> 8 7.500592e-02
<MEAN> 6
 -2.879712e+01 -6.562976e+01 1.167251e-01 5.336465e+01 2.306941e+02 -4.649247e+01
<VARIANCE> 6
 2.644184e+02 6.733977e+04 1.614461e+04 1.692938e+03 7.323229e+04 5.181961e+07
<GCONST> 7.381053e+01
<MIXTURE> 9 9.032051e-02
<MEAN> 6
 6.457484e+01 -2.882042e+00 1.417548e+01 -5.267314e+01 -7.110374e+02 -3.126388e+02
<VARIANCE> 6
 1.805958e+02 7.205551e+04 1.446404e+04 1.332944e+04 1.499183e+05 5.181961e+07
<GCONST> 7.616699e+01
<MIXTURE> 10 5.913416e-02
<MEAN> 6
 2.325789e+01 -3.657055e+01 5.730130e+00 1.486414e+02 -3.059939e+01 -2.130121e+02
<VARIANCE> 6
 4.605620e+02 1.014800e+05 4.826711e+04 1.425562e+03 5.621680e+04 5.181961e+07
<GCONST> 7.543440e+01
<MIXTURE> 11 9.349694e-02
<MEAN> 6
 -1.047329e+01 -3.516464e+01 5.429855e+01 -1.645429e+02 2.622639e+02 3.820482e+02
<VARIANCE> 6
 3.370320e+02 6.461814e+04 3.964036e+04 2.708461e+03 1.746836e+05 1.242896e+08
<GCONST> 7.712429e+01
<MIXTURE> 12 5.604627e-02
<MEAN> 6
 -3.549938e+01 6.646539e+01 -1.665306e+02 -1.853729e+01 2.492847e+02 5.051225e+02
<VARIANCE> 6
 1.297837e+02 8.034361e+04 9.554787e+04 4.193824e+03 5.976195e+04 5.181961e+07
<GCONST> 7.575735e+01
<MIXTURE> 13 6.553850e-02
<MEAN> 6
 5.636653e+01 -9.071203e+01 -1.053622e+02 4.833295e+01 -3.173890e+02 -4.260429e+02
<VARIANCE> 6
 1.061290e+02 5.953690e+04 9.296847e+04 9.511050e+03 6.050041e+04 5.181961e+07
<GCONST> 7.606018e+01
<MIXTURE> 14 5.778256e-02
<MEAN> 6
 1.828464e+01 -2.200194e+02 -1.122635e+02 1.354841e+02 -4.027269e+01 -7.725924e+02
<VARIANCE> 6
 4.586325e+02 1.230798e+05 5.717968e+04 1.497266e+03 4.941223e+04 5.181961e+07
<GCONST> 7.571268e+01
<TRANSP> 15
 0.000000e+00 1.000000e+00 0.000000e+00 0.000000e+00 0.000000e+00 0.000000e+00 0.000000e+00 0.000000e+00 0.000000e+00 0.000000e+00 0.000000e+00 0.000000e+00 0.000000e+00 0.000000e+00 0.000000e+00
 0.000000e+00 9.991089e-01 8.911525e-04 0.000000e+00 0.000000e+00 0.000000e+00 0.000000e+00 0.000000e+00 0.000000e+00 0.000000e+00 0.000000e+00 0.000000e+00 0.000000e+00 0.000000e+00 0.000000e+00
 0.000000e+00 0.000000e+00 9.993584e-01 6.416216e-04 0.000000e+00 0.000000e+00 0.000000e+00 0.000000e+00 0.000000e+00 0.000000e+00 0.000000e+00 0.000000e+00 0.000000e+00 0.000000e+00 0.000000e+00
 0.000000e+00 0.000000e+00 0.000000e+00 9.985548e-01 1.445207e-03 0.000000e+00 0.000000e+00 0.000000e+00 0.000000e+00 0.000000e+00 0.000000e+00 0.000000e+00 0.000000e+00 0.000000e+00 0.000000e+00
 0.000000e+00 0.000000e+00 0.000000e+00 0.000000e+00 9.998484e-01 1.515498e-04 0.000000e+00 0.000000e+00 0.000000e+00 0.000000e+00 0.000000e+00 0.000000e+00 0.000000e+00 0.000000e+00 0.000000e+00
 0.000000e+00 0.000000e+00 0.000000e+00 0.000000e+00 0.000000e+00 9.953127e-01 4.687297e-03 0.000000e+00 0.000000e+00 0.000000e+00 0.000000e+00 0.000000e+00 0.000000e+00 0.000000e+00 0.000000e+00
 0.000000e+00 0.000000e+00 0.000000e+00 0.000000e+00 0.000000e+00 0.000000e+00 9.984651e-01 1.534885e-03 0.000000e+00 0.000000e+00 0.000000e+00 0.000000e+00 0.000000e+00 0.000000e+00 0.000000e+00
 0.000000e+00 0.000000e+00 0.000000e+00 0.000000e+00 0.000000e+00 0.000000e+00 0.000000e+00 9.998350e-01 1.649899e-04 0.000000e+00 0.000000e+00 0.000000e+00 0.000000e+00 0.000000e+00 0.000000e+00
 0.000000e+00 0.000000e+00 0.000000e+00 0.000000e+00 0.000000e+00 0.000000e+00 0.000000e+00 0.000000e+00 9.977883e-01 2.211763e-03 0.000000e+00 0.000000e+00 0.000000e+00 0.000000e+00 0.000000e+00
 0.000000e+00 0.000000e+00 0.000000e+00 0.000000e+00 0.000000e+00 0.000000e+00 0.000000e+00 0.000000e+00 0.000000e+00 9.983997e-01 1.600296e-03 0.000000e+00 0.000000e+00 0.000000e+00 0.000000e+00
 0.000000e+00 0.000000e+00 0.000000e+00 0.000000e+00 0.000000e+00 0.000000e+00 0.000000e+00 0.000000e+00 0.000000e+00 0.000000e+00 9.989596e-01 1.040396e-03 0.000000e+00 0.000000e+00 0.000000e+00
 0.000000e+00 0.000000e+00 0.000000e+00 0.000000e+00 0.000000e+00 0.000000e+00 0.000000e+00 0.000000e+00 0.000000e+00 0.000000e+00 0.000000e+00 9.987087e-01 1.291351e-03 0.000000e+00 0.000000e+00
 0.000000e+00 0.000000e+00 0.000000e+00 0.000000e+00 0.000000e+00 0.000000e+00 0.000000e+00 0.000000e+00 0.000000e+00 0.000000e+00 0.000000e+00 0.000000e+00 9.995117e-01 4.883285e-04 0.000000e+00
 0.000000e+00 0.000000e+00 0.000000e+00 0.000000e+00 0.000000e+00 0.000000e+00 0.000000e+00 0.000000e+00 0.000000e+00 0.000000e+00 0.000000e+00 0.000000e+00 0.000000e+00 9.998118e-01 1.881463e-04
 0.000000e+00 0.000000e+00 0.000000e+00 0.000000e+00 0.000000e+00 0.000000e+00 0.000000e+00 0.000000e+00 0.000000e+00 0.000000e+00 0.000000e+00 0.000000e+00 0.000000e+00 0.000000e+00 0.000000e+00
<ENDHMM>
~h "QuintoPRIMARIA"
<BEGINHMM>
<NUMSTATES> 15
<STATE> 2
<NUMMIXES> 14
<MIXTURE> 1 8.537116e-02
<MEAN> 6
 8.153156e+01 4.097225e+02 1.249879e+01 -2.461092e+00 -4.013085e+01 -1.848219e+02
<VARIANCE> 6
 1.756535e+02 1.407035e+06 1.317494e+06 2.998339e+02 4.032245e+04 5.181961e+07
<GCONST> 7.851518e+01
<MIXTURE> 2 2.442810e-02
<MEAN> 6
 8.090018e+01 -1.969677e+03 -1.473975e+03 4.763512e+01 -1.059010e+03 -8.712580e+02
<VARIANCE> 6
 5.952896e+02 2.163773e+07 6.109640e+06 2.586152e+04 2.680067e+06 1.827677e+09
<GCONST> 9.621981e+01
<MIXTURE> 3 5.427760e-02
<MEAN> 6
 -3.045883e+01 -2.245739e+02 2.310286e+02 2.235872e+02 7.161143e+02 -3.785010e+03
<VARIANCE> 6
 2.577180e+02 6.621648e+05 6.397761e+05 5.743435e+03 1.640423e+05 5.181961e+07
<GCONST> 8.177824e+01
<MIXTURE> 4 8.204079e-02
<MEAN> 6
 -6.621224e+01 2.832424e+02 -7.837067e+01 3.171942e+00 1.589507e+02 -1.982533e+01
<VARIANCE> 6
 1.182132e+02 8.076469e+05 1.335419e+06 5.101567e+02 6.197740e+04 5.181961e+07
<GCONST> 7.853891e+01
<MIXTURE> 5 8.146852e-02
<MEAN> 6
 3.854974e+01 2.292570e+02 6.301356e+01 1.146194e+01 -3.893521e+02 -6.960678e+00
<VARIANCE> 6
 6.350295e+02 2.620942e+06 9.267748e+05 4.328901e+04 1.799225e+05 5.181961e+07
<GCONST> 8.653867e+01
<MIXTURE> 6 1.047475e-01
<MEAN> 6
 6.878015e+01 -5.814244e+02 -8.165121e+00 1.075440e+00 -1.962679e+01 -1.300974e+02
<VARIANCE> 6
 1.184831e+02 1.287576e+05 8.093291e+05 2.998339e+02 4.032245e+04 5.181961e+07
<GCONST> 7.524285e+01
<MIXTURE> 7 9.242959e-02
<MEAN> 6
 7.516425e+01 -7.871082e+01 3.021232e+01 2.067176e+00 -5.693239e+02 -7.024497e+02
<VARIANCE> 6
 2.449215e+02 5.391291e+05 2.511157e+06 1.575560e+04 9.662414e+04 5.181961e+07
<GCONST> 8.336897e+01
<MIXTURE> 8 6.429949e-02
<MEAN> 6
 -5.315630e+01 1.692116e+02 -3.587708e+02 -1.358272e+02 1.497476e+03 1.330386e+03
<VARIANCE> 6
 2.648490e+02 1.942093e+06 2.275928e+06 2.301155e+04 9.530520e+05 7.560498e+08
<GCONST> 8.997839e+01
<MIXTURE> 9 6.212764e-02
<MEAN> 6
 1.729049e+01 -3.284367e+02 5.667783e+02 2.193690e+02 -1.618461e+02 -4.906744e+03
<VARIANCE> 6
 5.545067e+02 2.578344e+05 2.415571e+06 1.506151e+04 1.651929e+05 7.014087e+07
<GCONST> 8.420364e+01
<MIXTURE> 10 5.566359e-02
<MEAN> 6
 7.807273e+01 4.200421e+02 6.961552e+02 -6.981857e-01 -1.690382e+01 -1.195367e+02
<VARIANCE> 6
 2.549611e+02 1.308339e+05 6.351079e+06 2.998339e+02 4.032245e+04 5.181961e+07
<GCONST> 7.808537e+01
<MIXTURE> 11 6.870835e-02
<MEAN> 6
 7.368075e+01 -1.406385e+02 -2.188852e+02 -5.039999e+01 -1.080789e+03 -1.371570e+02
<VARIANCE> 6
 4.298029e+02 9.912076e+05 1.406472e+06 3.139776e+04 4.453939e+05 2.606619e+08
<GCONST> 8.779381e+01
<MIXTURE> 12 8.559384e-02
<MEAN> 6
 1.652669e+00 -9.129662e+01 -7.077802e+02 -2.762918e+02 -5.795189e+01 6.483399e+03
<VARIANCE> 6
 6.948465e+02 7.429460e+05 7.225278e+06 7.130085e+03 4.621332e+05 2.362945e+08
<GCONST> 8.807870e+01
<MIXTURE> 13 8.297015e-02
<MEAN> 6
 -5.805532e+01 -1.926092e+02 -5.543916e+01 4.075904e+01 7.102197e+02 4.558499e+02
<VARIANCE> 6
 1.935206e+02 2.028195e+05 1.637967e+06 9.903812e+03 1.884828e+05 6.516726e+07
<GCONST> 8.216159e+01
<MIXTURE> 14 5.540160e-02
<MEAN> 6
 7.008038e+01 3.036013e+02 -4.943815e+02 4.476917e-01 -2.846833e+01 -1.117232e+02
<VARIANCE> 6
 2.630827e+02 1.266169e+05 7.613014e+06 2.998339e+02 4.032245e+04 5.181961e+07
<GCONST> 7.826520e+01
<STATE> 3
<NUMMIXES> 14
<MIXTURE> 1 1.037118e-01
<MEAN> 6
 4.845798e+01 4.135345e+02 1.225657e+01 2.443148e+02 -5.788673e+02 -8.943055e+02
<VARIANCE> 6
 1.775031e+02 2.251111e+06 1.592429e+06 2.729721e+03 8.880177e+04 5.181961e+07
<GCONST> 8.218335e+01
<MIXTURE> 2 1.131813e-01
<MEAN> 6
 2.977118e+01 -3.002134e+02 -2.421237e+01 1.831641e+02 -1.742734e+02 -8.917221e+02
<VARIANCE> 6
 5.504006e+02 5.441808e+04 5.385272e+06 6.290036e+03 6.753917e+04 5.181961e+07
<GCONST> 8.137201e+01
<MIXTURE> 3 6.575536e-02
<MEAN> 6
 2.288190e+01 3.131143e+02 1.393755e+03 3.270145e+02 -5.518592e+01 -8.007627e+03
<VARIANCE> 6
 3.284761e+02 4.646388e+05 3.856112e+06 2.443063e+03 4.325939e+05 1.330414e+08
<GCONST> 8.452064e+01
<MIXTURE> 4 1.149723e-01
<MEAN> 6
 -5.991647e+01 5.687291e+02 1.051217e+02 9.125968e+01 6.723806e+02 2.832458e+03
<VARIANCE> 6
 6.048894e+01 4.964994e+05 6.265491e+05 1.214822e+03 1.159985e+05 6.602340e+07
<GCONST> 7.836224e+01
<MIXTURE> 5 5.673366e-02
<MEAN> 6
 1.582626e+00 1.155452e+03 1.600874e+03 2.127000e+02 2.754408e+02 -1.012402e+03
<VARIANCE> 6
 4.230073e+02 9.698128e+05 9.506961e+05 3.248953e+03 1.456660e+05 5.181961e+07
<GCONST> 8.236290e+01
<MIXTURE> 6 4.987108e-02
<MEAN> 6
 -5.181685e+01 -1.617105e+02 -3.100472e+03 -2.991995e+01 3.914263e+02 1.143861e+03
<VARIANCE> 6
 3.179780e+01 2.216730e+04 6.701441e+06 9.917161e+03 2.174975e+05 6.723228e+07
<GCONST> 7.972650e+01
<MIXTURE> 7 8.395605e-02
<MEAN> 6
 -6.388095e+01 -5.656985e+02 1.431473e+03 1.156956e+01 6.652795e+02 -9.380697e+02
<VARIANCE> 6
 4.470985e+01 4.688505e+04 4.122484e+06 7.160719e+03 4.524923e+04 5.181961e+07
<GCONST> 7.817446e+01
<MIXTURE> 8 5.813593e-02
<MEAN> 6
 -3.836255e+01 1.138417e+02 8.592971e+02 2.035646e+02 9.294083e+02 1.003695e+03
<VARIANCE> 6
 8.386265e+01 6.229840e+05 2.566489e+06 1.578061e+03 1.588879e+05 5.181961e+07
<GCONST> 8.065996e+01
<MIXTURE> 9 3.764507e-02
<MEAN> 6
 7.283678e+01 -4.116304e+02 3.411133e+02 2.131740e+02 -9.815740e+02 -1.170496e+04
<VARIANCE> 6
 5.301242e+01 8.042111e+05 2.596094e+06 2.565501e+03 1.501910e+05 5.480939e+07
<GCONST> 8.095387e+01
<MIXTURE> 10 8.720305e-02
<MEAN> 6
 -7.282066e+01 -3.170071e+02 5.995628e+02 5.412610e+00 1.296433e+02 8.936555e+02
<VARIANCE> 6
 3.179780e+01 3.188724e+04 1.956240e+06 5.402844e+02 4.032245e+04 5.181961e+07
<GCONST> 7.400319e+01
<MIXTURE> 11 4.070242e-02
<MEAN> 6
 -7.380853e+01 -1.183184e+02 -1.283951e+03 -2.352925e+01 8.295411e+02 -5.439462e+03
<VARIANCE> 6
 3.179780e+01 1.777376e+04 5.664092e+05 5.693733e+03 7.335398e+05 2.224512e+08
<GCONST> 7.889219e+01
<MIXTURE> 12 7.151110e-02
<MEAN> 6
 -1.843748e+01 5.073251e+02 2.304553e+02 2.413756e+02 5.832224e+02 -2.135701e+03
<VARIANCE> 6
 1.405652e+02 1.549949e+06 5.071687e+05 2.746842e+03 1.232409e+05 5.181961e+07
<GCONST> 8.076665e+01
<MIXTURE> 13 5.457388e-02
<MEAN> 6
 -1.103859e+00 -5.778023e+02 5.897249e+02 3.145912e+02 5.327481e+02 -1.208138e+04
<VARIANCE> 6
 4.409669e+02 9.805828e+05 1.762928e+06 1.326329e+03 5.118597e+05 1.431422e+08
<GCONST> 8.440995e+01
<MIXTURE> 14 6.203411e-02
<MEAN> 6
 -4.161696e+01 -1.329501e+02 1.601987e+02 1.736660e+02 7.354591e+02 -1.275556e+03
<VARIANCE> 6
 7.340645e+01 3.976629e+05 4.399645e+06 1.160152e+03 1.106751e+05 5.181961e+07
<GCONST> 7.994760e+01
<STATE> 4
<NUMMIXES> 14
<MIXTURE> 1 7.112732e-02
<MEAN> 6
 5.084873e+01 -2.291413e+02 2.740489e+02 -5.905247e-01 -2.172630e+01 -4.678142e+02
<VARIANCE> 6
 3.179780e+01 1.280424e+04 1.446404e+04 2.998339e+02 4.032245e+04 5.181961e+07
<GCONST> 6.759479e+01
<MIXTURE> 2 8.422247e-02
<MEAN> 6
 1.205436e+02 -2.206717e+03 4.919224e+01 -8.560239e-01 -2.119954e+00 -1.103596e+01
<VARIANCE> 6
 3.179780e+01 8.559823e+04 1.446404e+04 2.998339e+02 4.032245e+04 5.181961e+07
<GCONST> 6.949467e+01
<MIXTURE> 3 3.518850e-02
<MEAN> 6
 4.406881e+01 -1.022870e+03 6.353407e+02 2.440214e+01 -4.003695e+01 5.666096e+01
<VARIANCE> 6
 3.179780e+01 1.280424e+04 1.446404e+04 2.998339e+02 4.032245e+04 5.181961e+07
<GCONST> 6.759479e+01
<MIXTURE> 4 5.333602e-02
<MEAN> 6
 7.450433e+01 9.057813e+02 -1.467073e+01 1.021099e+02 -5.942206e+02 1.886113e+03
<VARIANCE> 6
 4.925234e+01 1.074256e+06 1.142279e+06 2.019649e+03 1.057330e+05 5.181961e+07
<GCONST> 7.970253e+01
<MIXTURE> 5 5.512541e-02
<MEAN> 6
 2.728211e+01 -4.398566e+02 2.317486e+02 1.447633e+01 1.867290e+01 -8.750931e+02
<VARIANCE> 6
 3.179780e+01 1.280424e+04 2.022765e+04 2.998339e+02 4.828936e+04 5.181961e+07
<GCONST> 6.811047e+01
<MIXTURE> 6 8.211812e-02
<MEAN> 6
 5.456102e+01 -2.606250e+02 -7.237566e+01 5.503885e-01 -2.026048e+00 -8.585744e+01
<VARIANCE> 6
 3.179780e+01 1.280424e+04 1.446404e+04 2.998339e+02 4.032245e+04 5.181961e+07
<GCONST> 6.759479e+01
<MIXTURE> 7 9.009745e-02
<MEAN> 6
 6.107074e+01 -1.121323e+03 4.584883e+02 2.856245e+00 -4.945560e+00 1.162461e+01
<VARIANCE> 6
 3.179780e+01 1.280424e+04 1.446404e+04 2.998339e+02 4.032245e+04 5.181961e+07
<GCONST> 6.759479e+01
<MIXTURE> 8 1.021342e-01
<MEAN> 6
 1.189112e+02 -2.522552e+03 8.292608e+00 -2.226496e+00 -3.885728e-01 5.270538e+01
<VARIANCE> 6
 3.179780e+01 2.077844e+04 1.446404e+04 2.998339e+02 4.032245e+04 5.181961e+07
<GCONST> 6.807892e+01
<MIXTURE> 9 8.991762e-02
<MEAN> 6
 6.107075e+01 -1.121323e+03 4.584877e+02 2.856215e+00 -4.945512e+00 1.162512e+01
<VARIANCE> 6
 3.179780e+01 1.280424e+04 1.446404e+04 2.998339e+02 4.032245e+04 5.181961e+07
<GCONST> 6.759479e+01
<MIXTURE> 10 7.706317e-02
<MEAN> 6
 4.814319e+01 -4.847651e+02 1.268066e+02 1.030548e+00 -4.619699e+00 1.016276e+02
<VARIANCE> 6
 3.179780e+01 1.280424e+04 1.446404e+04 2.998339e+02 4.032245e+04 5.181961e+07
<GCONST> 6.759479e+01
<MIXTURE> 11 8.533689e-02
<MEAN> 6
 5.452770e+01 -2.623274e+02 -7.441483e+01 5.587974e-01 -1.709006e+00 -7.979269e+01
<VARIANCE> 6
 3.179780e+01 1.280424e+04 1.446404e+04 2.998339e+02 4.032245e+04 5.181961e+07
<GCONST> 6.759479e+01
<MIXTURE> 12 6.857190e-02
<MEAN> 6
 5.077276e+01 -2.354645e+02 2.705749e+02 -4.900214e-01 -1.897596e+01 -4.050751e+02
<VARIANCE> 6
 3.179780e+01 1.280424e+04 1.446404e+04 2.998339e+02 4.032245e+04 5.181961e+07
<GCONST> 6.759479e+01
<MIXTURE> 13 5.724523e-02
<MEAN> 6
 4.130508e+01 -5.421281e+02 -7.504096e+01 2.833385e+00 -3.515540e+00 1.679855e+02
<VARIANCE> 6
 3.179780e+01 1.280424e+04 1.446404e+04 2.998339e+02 4.032245e+04 5.181961e+07
<GCONST> 6.759479e+01
<MIXTURE> 14 4.851112e-02
<MEAN> 6
 7.400982e+01 2.799088e+02 -4.862485e+02 8.862948e+01 -6.494325e+02 1.262934e+03
<VARIANCE> 6
 1.297037e+02 1.229831e+06 9.035748e+05 1.578000e+03 1.107784e+05 5.181961e+07
<GCONST> 8.037150e+01
<STATE> 5
<NUMMIXES> 14
<MIXTURE> 1 7.447284e-02
<MEAN> 6
 7.149621e+01 3.372166e+02 -1.140755e+03 1.049185e+02 -1.602774e+03 5.132728e+03
<VARIANCE> 6
 2.334361e+03 1.188030e+06 1.133604e+07 7.298305e+04 8.878772e+06 7.610040e+09
<GCONST> 9.896396e+01
<MIXTURE> 2 5.726223e-02
<MEAN> 6
 9.691114e+01 1.441895e+03 2.880308e+03 -2.361471e+00 7.507452e+00 1.686689e+01
<VARIANCE> 6
 3.179780e+01 3.045614e+04 1.446404e+04 2.998339e+02 4.032245e+04 5.181961e+07
<GCONST> 6.846130e+01
<MIXTURE> 3 7.640722e-02
<MEAN> 6
 1.011944e+02 7.313731e+01 3.428432e+02 7.665880e+00 -3.395568e+02 4.863258e+03
<VARIANCE> 6
 1.874412e+02 1.186130e+06 1.466108e+06 3.515726e+02 3.826249e+05 1.511766e+08
<GCONST> 8.199624e+01
<MIXTURE> 4 9.762092e-02
<MEAN> 6
 8.545090e+01 2.273574e+03 -2.953396e+02 -3.092752e+00 -1.984170e+01 -3.824301e+02
<VARIANCE> 6
 3.179780e+01 5.279812e+05 1.446404e+04 2.998339e+02 4.032245e+04 5.181961e+07
<GCONST> 7.131407e+01
<MIXTURE> 5 7.270547e-02
<MEAN> 6
 1.077232e+02 -1.108650e+02 2.345262e+03 -3.172575e+00 -1.197948e+01 9.454102e+01
<VARIANCE> 6
 3.179780e+01 1.005691e+05 1.518419e+05 2.998339e+02 4.032245e+04 5.181961e+07
<GCONST> 7.200703e+01
<MIXTURE> 6 7.597072e-02
<MEAN> 6
 4.869985e+01 1.605514e+03 -2.097693e+01 -3.702078e+01 -9.564457e+01 7.929478e+02
<VARIANCE> 6
 1.971809e+02 1.692652e+06 4.509141e+05 8.719626e+03 7.568533e+05 9.795193e+07
<GCONST> 8.468246e+01
<MIXTURE> 7 5.416379e-02
<MEAN> 6
 1.006057e+02 1.316212e+03 1.936300e+03 -5.685647e-01 2.346742e+00 -5.622391e+02
<VARIANCE> 6
 3.179780e+01 4.998305e+04 9.516945e+04 2.998339e+02 4.032245e+04 5.181961e+07
<GCONST> 7.084068e+01
<MIXTURE> 8 9.700032e-02
<MEAN> 6
 1.014096e+02 1.784416e+01 6.990215e+02 -6.649606e+00 2.597667e+01 9.699034e+02
<VARIANCE> 6
 3.179780e+01 1.301628e+05 2.132767e+05 2.998339e+02 4.032245e+04 5.181961e+07
<GCONST> 7.260472e+01
<MIXTURE> 9 5.386161e-02
<MEAN> 6
 9.479545e+01 -2.160563e+02 -9.110335e+02 1.111415e+02 -6.246306e+02 -7.506538e+03
<VARIANCE> 6
 1.000679e+02 5.363114e+05 4.699606e+06 6.343175e+03 9.584723e+05 5.272164e+08
<GCONST> 8.679993e+01
<MIXTURE> 10 8.582827e-02
<MEAN> 6
 1.019546e+02 8.785230e+02 1.805908e+03 -5.501570e+00 -9.188528e+00 3.316620e+02
<VARIANCE> 6
 3.179780e+01 4.022009e+04 3.192251e+05 2.998339e+02 4.032245e+04 5.181961e+07
<GCONST> 7.183360e+01
<MIXTURE> 11 6.047279e-02
<MEAN> 6
 8.649928e+01 3.663691e+02 -3.532492e+02 -2.203437e+00 -5.375064e+01 3.593352e+01
<VARIANCE> 6
 3.179780e+01 7.398239e+04 2.045629e+04 2.998339e+02 4.032245e+04 5.181961e+07
<GCONST> 6.969547e+01
<MIXTURE> 12 8.172034e-02
<MEAN> 6
 1.002575e+02 1.408419e+03 2.073512e+03 -1.004376e+00 4.533240e-01 -3.343877e+01
<VARIANCE> 6
 3.179780e+01 1.999033e+04 3.884138e+04 2.998339e+02 4.032245e+04 5.181961e+07
<GCONST> 6.902808e+01
<MIXTURE> 13 5.838478e-02
<MEAN> 6
 1.012974e+02 -1.442186e+02 -1.311466e+03 -2.309945e+01 -9.511916e+01 1.514701e+04
<VARIANCE> 6
 1.596549e+02 4.328768e+05 6.207760e+06 7.258122e+02 5.993769e+05 1.298375e+08
<GCONST> 8.329253e+01
<MIXTURE> 14 5.410708e-02
<MEAN> 6
 9.585808e+01 -4.704711e+02 -1.669464e+03 1.077564e+02 -1.157412e+03 -5.387479e+03
<VARIANCE> 6
 1.052685e+02 6.564903e+05 7.760914e+06 4.419917e+03 9.577952e+05 5.013722e+08
<GCONST> 8.714217e+01
<STATE> 6
<NUMMIXES> 14
<MIXTURE> 1 7.652249e-02
<MEAN> 6
 6.820209e+01 4.460347e+03 -6.548629e+02 -1.423027e+00 3.897769e-01 1.254124e+01
<VARIANCE> 6
 3.179780e+01 3.447586e+05 1.446404e+04 2.998339e+02 4.032245e+04 5.181961e+07
<GCONST> 7.088785e+01
<MIXTURE> 2 7.289477e-02
<MEAN> 6
 8.001331e+01 1.832890e+03 2.249216e+02 -4.284052e+00 1.924106e+00 5.025998e+01
<VARIANCE> 6
 3.179780e+01 1.344364e+05 1.437159e+05 2.998339e+02 4.032245e+04 5.181961e+07
<GCONST> 7.224226e+01
<MIXTURE> 3 6.695420e-02
<MEAN> 6
 7.433525e+01 7.999811e+02 9.305815e+02 -1.220042e+00 -1.009840e+01 3.510083e+02
<VARIANCE> 6
 3.179780e+01 1.280424e+04 8.030435e+04 2.998339e+02 4.032245e+04 5.181961e+07
<GCONST> 6.930894e+01
<MIXTURE> 4 8.646294e-02
<MEAN> 6
 5.863673e+01 1.034500e+03 -1.068384e+03 -1.074993e+00 -1.218618e+01 -1.268549e+02
<VARIANCE> 6
 3.179780e+01 1.481478e+04 1.446404e+04 2.998339e+02 4.032245e+04 5.181961e+07
<GCONST> 6.774063e+01
<MIXTURE> 5 4.494145e-02
<MEAN> 6
 7.374589e+01 1.326424e+03 2.278802e+03 -5.297688e+00 5.340245e+00 7.426791e+01
<VARIANCE> 6
 3.179780e+01 1.280424e+04 1.446404e+04 2.998339e+02 4.032245e+04 5.181961e+07
<GCONST> 6.759479e+01
<MIXTURE> 6 6.881811e-02
<MEAN> 6
 7.885764e+01 7.004565e+02 -8.466744e+02 5.928195e-02 -6.653255e+00 -5.221491e-01
<VARIANCE> 6
 3.179780e+01 1.280424e+04 1.446404e+04 2.998339e+02 4.032245e+04 5.181961e+07
<GCONST> 6.759479e+01
<MIXTURE> 7 1.884466e-02
<MEAN> 6
 7.897130e+01 1.021612e+03 1.768252e+03 -1.314192e+00 2.821722e+01 1.229781e+03
<VARIANCE> 6
 3.179780e+01 2.844850e+04 1.850145e+05 2.998339e+02 4.032245e+04 5.181961e+07
<GCONST> 7.094187e+01
<MIXTURE> 8 1.159342e-01
<MEAN> 6
 8.146593e+01 1.218439e+03 1.688531e+02 -3.831225e+00 -2.960879e+00 1.054504e+02
<VARIANCE> 6
 3.179780e+01 3.015684e+04 1.588560e+04 2.998339e+02 4.032245e+04 5.181961e+07
<GCONST> 6.854517e+01
<MIXTURE> 9 7.951060e-02
<MEAN> 6
 7.454971e+01 1.175176e+03 -4.603567e+02 -1.690854e+00 -6.401341e+00 6.655879e+01
<VARIANCE> 6
 3.179780e+01 1.280424e+04 2.419405e+05 2.998339e+02 4.032245e+04 5.181961e+07
<GCONST> 7.041180e+01
<MIXTURE> 10 6.228688e-02
<MEAN> 6
 5.157310e+01 2.281958e+03 2.594582e+03 6.729276e-01 -7.117025e+00 1.645790e+01
<VARIANCE> 6
 3.179780e+01 2.910437e+04 3.053194e+04 2.998339e+02 4.032245e+04 5.181961e+07
<GCONST> 6.916301e+01
<MIXTURE> 11 9.286645e-02
<MEAN> 6
 7.837488e+01 1.247482e+03 -1.496361e+03 -3.521660e+00 4.162152e-01 3.133567e+00
<VARIANCE> 6
 3.179780e+01 1.280424e+04 9.271326e+04 2.998339e+02 4.032245e+04 5.181961e+07
<GCONST> 6.945263e+01
<MIXTURE> 12 8.683402e-02
<MEAN> 6
 7.172333e+01 9.461259e+02 -2.672980e+02 3.534634e-02 -8.375080e+00 -6.750816e+01
<VARIANCE> 6
 3.179780e+01 1.280424e+04 1.446404e+04 2.998339e+02 4.032245e+04 5.181961e+07
<GCONST> 6.759479e+01
<MIXTURE> 13 5.825838e-02
<MEAN> 6
 7.882088e+01 1.717872e+03 -3.202958e+01 -3.122224e+00 -1.754648e+00 -8.762151e+01
<VARIANCE> 6
 3.179780e+01 3.614578e+05 1.419918e+05 2.998339e+02 4.032245e+04 5.181961e+07
<GCONST> 7.321925e+01
<MIXTURE> 14 6.885358e-02
<MEAN> 6
 7.860889e+01 6.758904e+02 -8.669845e+02 2.453970e-01 -4.427315e+00 -3.990162e+00
<VARIANCE> 6
 3.179780e+01 1.280424e+04 1.446404e+04 2.998339e+02 4.032245e+04 5.181961e+07
<GCONST> 6.759479e+01
<STATE> 7
<NUMMIXES> 14
<MIXTURE> 1 1.546338e-03
<MEAN> 6
 7.453825e+01 4.126413e+02 -1.208865e+02 -6.582513e+00 -4.448944e+01 1.356835e+03
<VARIANCE> 6
 1.304979e+03 1.256709e+06 2.195346e+06 1.494090e+03 1.341372e+05 6.620939e+07
<GCONST> 8.397128e+01
<MIXTURE> 2 1.068745e-01
<MEAN> 6
 7.308758e+01 2.255811e+02 7.281221e+02 1.289442e+00 -1.990124e+00 -1.546913e+02
<VARIANCE> 6
 3.179780e+01 1.280424e+04 1.446404e+04 2.998339e+02 4.032245e+04 5.181961e+07
<GCONST> 6.759479e+01
<MIXTURE> 3 7.753988e-02
<MEAN> 6
 8.037988e+01 3.462484e+02 2.304945e+02 -5.811316e-01 -7.118962e+00 -9.471530e+01
<VARIANCE> 6
 3.179780e+01 1.280424e+04 1.446404e+04 2.998339e+02 4.032245e+04 5.181961e+07
<GCONST> 6.759479e+01
<MIXTURE> 4 4.137322e-02
<MEAN> 6
 6.442232e+01 3.234269e+02 3.423979e+02 -8.408482e-01 -4.566104e+00 -9.228358e+01
<VARIANCE> 6
 3.179780e+01 6.581910e+04 1.446404e+04 2.998339e+02 4.032245e+04 5.181961e+07
<GCONST> 6.923192e+01
<MIXTURE> 5 9.028711e-02
<MEAN> 6
 5.842764e+01 3.970237e+01 3.490628e+02 1.395006e-01 -3.460222e-02 -1.289135e+02
<VARIANCE> 6
 3.179780e+01 1.280424e+04 1.446404e+04 2.998339e+02 4.032245e+04 5.181961e+07
<GCONST> 6.759479e+01
<MIXTURE> 6 8.343664e-02
<MEAN> 6
 7.876633e+01 1.208008e+01 4.927481e+02 -1.193261e+00 -1.690643e+00 -2.078205e+02
<VARIANCE> 6
 3.179780e+01 1.280424e+04 1.446404e+04 2.998339e+02 4.032245e+04 5.181961e+07
<GCONST> 6.759479e+01
<MIXTURE> 7 7.863425e-02
<MEAN> 6
 5.663631e+01 1.142845e+01 4.145971e+02 -1.589466e-01 -1.325354e+00 -1.172259e+02
<VARIANCE> 6
 3.179780e+01 1.280424e+04 1.446404e+04 2.998339e+02 4.032245e+04 5.181961e+07
<GCONST> 6.759479e+01
<MIXTURE> 8 8.409949e-02
<MEAN> 6
 5.853598e+01 4.216343e+01 3.453941e+02 1.676311e-01 -2.013284e-02 -1.313573e+02
<VARIANCE> 6
 3.179780e+01 1.280424e+04 1.446404e+04 2.998339e+02 4.032245e+04 5.181961e+07
<GCONST> 6.759479e+01
<MIXTURE> 9 5.110568e-02
<MEAN> 6
 6.588329e+01 -1.178084e+02 3.018297e+02 -2.574918e-01 -2.048309e+00 -3.641160e+01
<VARIANCE> 6
 3.179780e+01 1.280424e+04 1.446404e+04 2.998339e+02 4.032245e+04 5.181961e+07
<GCONST> 6.759479e+01
<MIXTURE> 10 5.330117e-02
<MEAN> 6
 7.153458e+01 1.214883e+02 8.280150e+02 5.486941e-01 1.987434e-01 2.918189e+01
<VARIANCE> 6
 3.179780e+01 4.143366e+04 1.446404e+04 2.998339e+02 4.032245e+04 5.181961e+07
<GCONST> 6.876910e+01
<MIXTURE> 11 7.923132e-02
<MEAN> 6
 8.050472e+01 3.289478e+02 2.330833e+02 -5.409551e-01 -7.873326e+00 -1.157504e+02
<VARIANCE> 6
 3.179780e+01 1.280424e+04 1.446404e+04 2.998339e+02 4.032245e+04 5.181961e+07
<GCONST> 6.759479e+01
<MIXTURE> 12 8.985080e-02
<MEAN> 6
 5.836781e+01 3.844192e+01 3.510622e+02 1.248664e-01 -4.743391e-02 -1.277704e+02
<VARIANCE> 6
 3.179780e+01 1.280424e+04 1.446404e+04 2.998339e+02 4.032245e+04 5.181961e+07
<GCONST> 6.759479e+01
<MIXTURE> 13 8.389848e-02
<MEAN> 6
 5.843182e+01 3.901355e+01 3.494649e+02 1.373998e-01 -2.595919e-02 -1.284335e+02
<VARIANCE> 6
 3.179780e+01 1.280424e+04 1.446404e+04 2.998339e+02 4.032245e+04 5.181961e+07
<GCONST> 6.759479e+01
<MIXTURE> 14 7.875063e-02
<MEAN> 6
 5.640091e+01 7.219929e+00 4.136049e+02 -1.591095e-01 -1.294131e+00 -1.414371e+02
<VARIANCE> 6
 3.179780e+01 1.280424e+04 1.446404e+04 2.998339e+02 4.032245e+04 5.181961e+07
<GCONST> 6.759479e+01
<STATE> 8
<NUMMIXES> 14
<MIXTURE> 1 1.005337e-01
<MEAN> 6
 8.494912e+01 -1.154256e+02 -1.375736e+00 2.589925e-01 -1.516597e+00 -1.036405e+01
<VARIANCE> 6
 3.179780e+01 1.280424e+04 1.446404e+04 2.998339e+02 4.032245e+04 5.181961e+07
<GCONST> 6.759479e+01
<MIXTURE> 2 6.785602e-02
<MEAN> 6
 7.367050e+01 1.304933e+02 -3.433715e+00 -4.662005e-01 -5.560003e+00 -1.460366e+02
<VARIANCE> 6
 3.179780e+01 1.280424e+04 1.446404e+04 2.998339e+02 4.032245e+04 5.181961e+07
<GCONST> 6.759479e+01
<MIXTURE> 3 1.191844e-02
<MEAN> 6
 5.460602e+01 1.235528e+03 -3.268186e+02 1.221814e+00 1.491401e+01 5.424924e+02
<VARIANCE> 6
 1.226727e+02 2.495733e+05 1.773918e+05 2.998339e+02 4.032245e+04 5.181961e+07
<GCONST> 7.442158e+01
<MIXTURE> 4 1.145926e-01
<MEAN> 6
 5.858052e+01 -3.517603e+01 -2.931441e+00 1.331214e-01 -9.315391e+00 -1.803927e+02
<VARIANCE> 6
 3.179780e+01 1.280424e+04 1.446404e+04 2.998339e+02 4.032245e+04 5.181961e+07
<GCONST> 6.759479e+01
<MIXTURE> 5 5.500107e-02
<MEAN> 6
 5.882296e+01 -3.011782e+01 -1.948095e+00 1.052489e-01 -9.175176e+00 -1.797165e+02
<VARIANCE> 6
 3.179780e+01 1.280424e+04 1.446404e+04 2.998339e+02 4.032245e+04 5.181961e+07
<GCONST> 6.759479e+01
<MIXTURE> 6 6.808621e-02
<MEAN> 6
 5.548134e+01 2.765063e+02 -1.723536e+02 -1.102494e-01 -1.782894e+00 -4.644442e+01
<VARIANCE> 6
 3.179780e+01 1.280424e+04 1.446404e+04 2.998339e+02 4.032245e+04 5.181961e+07
<GCONST> 6.759479e+01
<MIXTURE> 7 5.399086e-02
<MEAN> 6
 5.937215e+01 -1.888143e+01 6.352165e+00 1.092539e-01 -8.012999e+00 -1.712458e+02
<VARIANCE> 6
 3.179780e+01 1.280424e+04 1.446404e+04 2.998339e+02 4.032245e+04 5.181961e+07
<GCONST> 6.759479e+01
<MIXTURE> 8 6.790782e-02
<MEAN> 6
 7.292570e+01 1.394913e+02 -8.623671e+00 -3.721384e-01 -4.869539e+00 -1.417351e+02
<VARIANCE> 6
 3.179780e+01 1.280424e+04 1.446404e+04 2.998339e+02 4.032245e+04 5.181961e+07
<GCONST> 6.759479e+01
<MIXTURE> 9 1.149443e-01
<MEAN> 6
 5.857825e+01 -3.521555e+01 -2.936073e+00 1.334071e-01 -9.316603e+00 -1.804050e+02
<VARIANCE> 6
 3.179780e+01 1.280424e+04 1.446404e+04 2.998339e+02 4.032245e+04 5.181961e+07
<GCONST> 6.759479e+01
<MIXTURE> 10 1.008211e-01
<MEAN> 6
 8.497192e+01 -1.170044e+02 -1.483561e+00 2.611783e-01 -1.505515e+00 -1.080058e+01
<VARIANCE> 6
 3.179780e+01 1.280424e+04 1.446404e+04 2.998339e+02 4.032245e+04 5.181961e+07
<GCONST> 6.759479e+01
<MIXTURE> 11 6.884072e-02
<MEAN> 6
 7.041682e+01 1.752141e+02 -3.608141e+01 -1.102391e-01 -2.656792e+00 -1.166037e+02
<VARIANCE> 6
 3.179780e+01 1.280424e+04 1.446404e+04 2.998339e+02 4.032245e+04 5.181961e+07
<GCONST> 6.759479e+01
<MIXTURE> 12 6.638955e-02
<MEAN> 6
 7.269283e+01 1.389755e+02 -1.066747e+01 -3.485638e-01 -4.749551e+00 -1.417591e+02
<VARIANCE> 6
 3.179780e+01 1.280424e+04 1.446404e+04 2.998339e+02 4.032245e+04 5.181961e+07
<GCONST> 6.759479e+01
<MIXTURE> 13 5.515295e-02
<MEAN> 6
 5.843524e+01 -3.813760e+01 -3.831228e+00 1.531150e-01 -9.376673e+00 -1.807515e+02
<VARIANCE> 6
 3.179780e+01 1.280424e+04 1.446404e+04 2.998339e+02 4.032245e+04 5.181961e+07
<GCONST> 6.759479e+01
<MIXTURE> 14 5.390731e-02
<MEAN> 6
 5.796324e+01 -4.778639e+01 -1.298258e+01 1.289311e-01 -1.116533e+01 -1.928336e+02
<VARIANCE> 6
 3.179780e+01 1.280424e+04 1.446404e+04 2.998339e+02 4.032245e+04 5.181961e+07
<GCONST> 6.759479e+01
<STATE> 9
<NUMMIXES> 14
<MIXTURE> 1 1.168916e-01
<MEAN> 6
 1.099514e+02 6.208407e+02 3.767939e+02 -6.325590e+00 3.926296e+00 -7.224666e+01
<VARIANCE> 6
 5.394024e+01 1.280424e+04 1.446404e+04 2.998339e+02 4.032245e+04 5.181961e+07
<GCONST> 6.812326e+01
<MIXTURE> 2 6.221346e-02
<MEAN> 6
 1.049685e+02 4.524555e+02 -1.725940e+03 -7.693255e+00 1.034937e+01 2.808171e+02
<VARIANCE> 6
 3.179780e+01 1.280424e+04 1.446404e+04 2.998339e+02 4.032245e+04 5.181961e+07
<GCONST> 6.759479e+01
<MIXTURE> 3 4.400516e-02
<MEAN> 6
 9.370045e+01 4.519066e+02 -1.155541e+03 -9.111533e+00 -2.281193e+01 6.457931e+02
<VARIANCE> 6
 1.198585e+02 2.960802e+04 1.446404e+04 2.998339e+02 4.032245e+04 5.181961e+07
<GCONST> 6.975996e+01
<MIXTURE> 4 8.839920e-02
<MEAN> 6
 9.890900e+01 7.675629e+02 7.051457e+01 -3.104875e+00 2.819967e-01 2.030857e+01
<VARIANCE> 6
 3.179780e+01 1.280424e+04 1.446404e+04 2.998339e+02 4.032245e+04 5.181961e+07
<GCONST> 6.759479e+01
<MIXTURE> 5 8.226237e-02
<MEAN> 6
 9.666895e+01 4.141706e+02 -2.224004e+02 -2.204800e+00 -3.780744e+00 -6.183822e+01
<VARIANCE> 6
 3.179780e+01 8.332870e+04 1.446404e+04 2.998339e+02 4.032245e+04 5.181961e+07
<GCONST> 6.946780e+01
<MIXTURE> 6 4.034157e-02
<MEAN> 6
 9.803526e+01 7.460506e+02 -3.430634e+03 -6.825383e+00 8.532615e+00 6.339956e+01
<VARIANCE> 6
 3.179780e+01 2.579696e+04 1.126792e+06 2.998339e+02 4.032245e+04 5.181961e+07
<GCONST> 7.265073e+01
<MIXTURE> 7 1.723131e-02
<MEAN> 6
 1.022880e+02 4.930430e+02 -6.694384e+02 -1.909260e+01 5.993212e+00 1.828309e+02
<VARIANCE> 6
 3.179780e+01 1.280424e+04 1.464504e+04 2.998339e+02 4.032245e+04 5.181961e+07
<GCONST> 6.760722e+01
<MIXTURE> 8 1.057132e-01
<MEAN> 6
 9.120227e+01 4.572597e+02 1.368391e+02 -3.677261e+00 8.379709e-01 4.402575e+01
<VARIANCE> 6
 3.179780e+01 1.280424e+04 1.446404e+04 2.998339e+02 4.032245e+04 5.181961e+07
<GCONST> 6.759479e+01
<MIXTURE> 9 6.416078e-02
<MEAN> 6
 9.878384e+01 6.818688e+02 -1.879480e+03 1.763777e+00 -3.760241e-01 1.686436e+01
<VARIANCE> 6
 3.179780e+01 1.280424e+04 1.446404e+04 2.998339e+02 4.032245e+04 5.181961e+07
<GCONST> 6.759479e+01
<MIXTURE> 10 8.981471e-02
<MEAN> 6
 9.891067e+01 7.634895e+02 7.148292e+01 -3.100707e+00 3.014531e-01 2.116153e+01
<VARIANCE> 6
 3.179780e+01 1.280424e+04 1.446404e+04 2.998339e+02 4.032245e+04 5.181961e+07
<GCONST> 6.759479e+01
<MIXTURE> 11 6.334624e-02
<MEAN> 6
 9.661984e+01 3.448927e+02 -2.194889e+02 -3.131212e+00 -2.975163e+00 -6.225031e+01
<VARIANCE> 6
 3.179780e+01 4.558731e+04 1.446404e+04 2.998339e+02 4.032245e+04 5.181961e+07
<GCONST> 6.886464e+01
<MIXTURE> 12 9.773068e-02
<MEAN> 6
 8.956851e+01 7.449905e+02 -2.561207e+03 -2.335226e+00 1.973719e+00 -1.069796e+01
<VARIANCE> 6
 3.179780e+01 1.280424e+04 1.446404e+04 2.998339e+02 4.032245e+04 5.181961e+07
<GCONST> 6.759479e+01
<MIXTURE> 13 6.488994e-02
<MEAN> 6
 9.849440e+01 6.717292e+02 -1.871318e+03 1.139703e+00 1.032638e+00 1.705442e+01
<VARIANCE> 6
 3.179780e+01 1.280424e+04 1.446404e+04 2.998339e+02 4.032245e+04 5.181961e+07
<GCONST> 6.759479e+01
<MIXTURE> 14 6.298938e-02
<MEAN> 6
 9.592052e+01 2.831672e+02 -2.604030e+02 -4.017668e+00 -4.297323e+00 -8.945094e+01
<VARIANCE> 6
 3.179780e+01 2.901355e+04 1.446404e+04 2.998339e+02 4.032245e+04 5.181961e+07
<GCONST> 6.841277e+01
<STATE> 10
<NUMMIXES> 14
<MIXTURE> 1 7.678033e-02
<MEAN> 6
 7.336777e+01 4.825250e+02 -2.376292e+02 -1.644828e+00 -2.732483e+00 -5.827462e+01
<VARIANCE> 6
 3.179780e+01 1.280424e+04 1.446404e+04 2.998339e+02 4.032245e+04 5.181961e+07
<GCONST> 6.759479e+01
<MIXTURE> 2 8.763322e-02
<MEAN> 6
 9.870946e+01 -4.990697e+02 -5.421892e+02 -1.185791e+00 -3.448201e+00 -6.921343e+01
<VARIANCE> 6
 3.345129e+01 1.280424e+04 1.446404e+04 2.998339e+02 4.032245e+04 5.181961e+07
<GCONST> 6.764548e+01
<MIXTURE> 3 1.034258e-01
<MEAN> 6
 8.207471e+01 3.090860e+02 -6.977828e+02 -1.868749e+00 -4.991692e+00 -2.125883e+02
<VARIANCE> 6
 3.179780e+01 1.280424e+04 2.690386e+04 2.998339e+02 4.032245e+04 5.181961e+07
<GCONST> 6.821539e+01
<MIXTURE> 4 5.287692e-02
<MEAN> 6
 7.113078e+01 -1.193032e+03 -6.722460e+02 -4.065595e-02 2.110966e+00 3.886065e+01
<VARIANCE> 6
 3.179780e+01 1.726317e+05 1.446404e+04 2.998339e+02 4.032245e+04 5.181961e+07
<GCONST> 7.019617e+01
<MIXTURE> 5 6.390233e-02
<MEAN> 6
 8.443822e+01 1.648163e+01 -2.525823e+02 -5.396020e-01 -2.474932e+00 -2.681568e+01
<VARIANCE> 6
 3.179780e+01 1.280424e+04 1.446404e+04 2.998339e+02 4.032245e+04 5.181961e+07
<GCONST> 6.759479e+01
<MIXTURE> 6 6.104508e-02
<MEAN> 6
 8.285564e+01 -2.103273e+02 -3.517430e+02 6.089885e-01 -1.222636e+01 8.387878e+01
<VARIANCE> 6
 3.179780e+01 1.280424e+04 1.446404e+04 2.998339e+02 4.032245e+04 5.181961e+07
<GCONST> 6.759479e+01
<MIXTURE> 7 9.138998e-02
<MEAN> 6
 9.615384e+01 -4.983124e+02 -5.448948e+02 -5.557998e-01 -5.176959e+00 -1.049115e+02
<VARIANCE> 6
 3.179780e+01 1.280424e+04 1.446404e+04 2.998339e+02 4.032245e+04 5.181961e+07
<GCONST> 6.759479e+01
<MIXTURE> 8 6.431199e-02
<MEAN> 6
 8.458319e+01 2.887273e+01 -2.448571e+02 -6.981452e-01 -1.790734e+00 -2.220382e+01
<VARIANCE> 6
 3.179780e+01 1.280424e+04 1.446404e+04 2.998339e+02 4.032245e+04 5.181961e+07
<GCONST> 6.759479e+01
<MIXTURE> 9 7.540984e-02
<MEAN> 6
 8.746838e+01 -2.749395e+02 -9.493452e+02 7.363773e-02 -4.656527e+00 5.823108e+01
<VARIANCE> 6
 3.179780e+01 1.280424e+04 4.210725e+04 2.998339e+02 4.032245e+04 5.181961e+07
<GCONST> 6.866334e+01
<MIXTURE> 10 4.950212e-02
<MEAN> 6
 6.275959e+01 4.522703e+02 -3.864583e+02 1.109780e+00 6.056069e+00 -1.927466e+02
<VARIANCE> 6
 3.179780e+01 1.280424e+04 1.446404e+04 2.998339e+02 4.032245e+04 5.181961e+07
<GCONST> 6.759479e+01
<MIXTURE> 11 6.933097e-02
<MEAN> 6
 7.491077e+01 -9.130626e+01 -1.360972e+03 -2.731562e+00 6.281736e-01 1.015747e+01
<VARIANCE> 6
 3.179780e+01 2.345869e+05 7.279762e+04 2.998339e+02 4.032245e+04 5.181961e+07
<GCONST> 7.211885e+01
<MIXTURE> 12 6.422853e-02
<MEAN> 6
 8.442809e+01 1.518209e+01 -2.530530e+02 -5.257570e-01 -2.526082e+00 -2.730033e+01
<VARIANCE> 6
 3.179780e+01 1.280424e+04 1.446404e+04 2.998339e+02 4.032245e+04 5.181961e+07
<GCONST> 6.759479e+01
<MIXTURE> 13 7.588442e-02
<MEAN> 6
 7.328499e+01 4.826019e+02 -2.368271e+02 -1.652968e+00 -2.721191e+00 -5.967825e+01
<VARIANCE> 6
 3.179780e+01 1.280424e+04 1.446404e+04 2.998339e+02 4.032245e+04 5.181961e+07
<GCONST> 6.759479e+01
<MIXTURE> 14 6.422894e-02
<MEAN> 6
 8.423950e+01 -2.333555e+00 -2.650239e+02 -3.476532e-01 -3.725710e+00 -2.993215e+01
<VARIANCE> 6
 3.179780e+01 1.280424e+04 1.446404e+04 2.998339e+02 4.032245e+04 5.181961e+07
<GCONST> 6.759479e+01
<STATE> 11
<NUMMIXES> 14
<MIXTURE> 1 7.382245e-02
<MEAN> 6
 9.809507e+01 -2.248737e+01 3.440860e+03 -4.863923e+00 1.735066e+00 -2.043154e+01
<VARIANCE> 6
 3.179780e+01 1.280424e+04 1.446404e+04 2.998339e+02 4.032245e+04 5.181961e+07
<GCONST> 6.759479e+01
<MIXTURE> 2 7.424884e-02
<MEAN> 6
 8.426978e+01 -4.183517e+02 1.451370e+03 -3.898446e+00 -1.741851e+00 -8.800630e+00
<VARIANCE> 6
 3.179780e+01 1.280424e+04 1.446404e+04 2.998339e+02 4.032245e+04 5.181961e+07
<GCONST> 6.759479e+01
<MIXTURE> 3 4.972520e-02
<MEAN> 6
 7.457587e+01 3.015546e+02 3.121225e+03 1.119127e+01 4.690302e+01 -2.209424e+03
<VARIANCE> 6
 2.372111e+02 1.853093e+05 1.645652e+06 1.021918e+03 3.490843e+05 1.777179e+08
<GCONST> 8.162785e+01
<MIXTURE> 4 9.086597e-02
<MEAN> 6
 8.263162e+01 -5.828969e+02 2.888063e+03 -1.482487e+00 -1.442829e+00 -8.380284e-01
<VARIANCE> 6
 3.179780e+01 1.280424e+04 1.446404e+04 2.998339e+02 4.032245e+04 5.181961e+07
<GCONST> 6.759479e+01
<MIXTURE> 5 1.079434e-01
<MEAN> 6
 9.526358e+01 5.939899e+02 2.158889e+03 1.450394e+00 -9.724237e+00 -4.903392e+01
<VARIANCE> 6
 3.179780e+01 1.280424e+04 1.446404e+04 2.998339e+02 4.032245e+04 5.181961e+07
<GCONST> 6.759479e+01
<MIXTURE> 6 6.107526e-02
<MEAN> 6
 9.228373e+01 3.188760e+02 3.263482e+03 -7.802535e+00 6.939048e+00 8.385618e+02
<VARIANCE> 6
 3.179780e+01 1.280424e+04 1.446404e+04 2.998339e+02 4.032245e+04 5.181961e+07
<GCONST> 6.759479e+01
<MIXTURE> 7 1.136839e-01
<MEAN> 6
 8.771236e+01 3.776700e+02 1.923526e+03 -2.774296e+00 5.839350e+00 -3.144524e+01
<VARIANCE> 6
 3.179780e+01 1.280424e+04 1.446404e+04 2.998339e+02 4.032245e+04 5.181961e+07
<GCONST> 6.759479e+01
<MIXTURE> 8 7.496637e-02
<MEAN> 6
 7.459633e+01 -8.602761e+02 3.355093e+03 -9.990461e-01 6.212853e-01 -1.089387e+01
<VARIANCE> 6
 3.179780e+01 1.280424e+04 1.446404e+04 2.998339e+02 4.032245e+04 5.181961e+07
<GCONST> 6.759479e+01
<MIXTURE> 9 4.183580e-02
<MEAN> 6
 9.276652e+01 -4.641704e+02 8.122040e+02 -3.714985e+00 -4.223882e-01 7.559341e+01
<VARIANCE> 6
 3.179780e+01 1.280424e+04 1.373225e+05 2.998339e+02 4.032245e+04 5.181961e+07
<GCONST> 6.984544e+01
<MIXTURE> 10 4.266402e-02
<MEAN> 6
 9.299770e+01 2.530103e+02 2.506644e+03 8.003534e+00 -2.829004e+01 -2.117483e+02
<VARIANCE> 6
 3.179780e+01 3.864130e+04 1.742320e+04 2.998339e+02 4.032245e+04 5.181961e+07
<GCONST> 6.888547e+01
<MIXTURE> 11 7.415084e-02
<MEAN> 6
 8.433152e+01 -4.190834e+02 1.449813e+03 -3.915881e+00 -1.743136e+00 -7.516283e+00
<VARIANCE> 6
 3.179780e+01 1.280424e+04 1.446404e+04 2.998339e+02 4.032245e+04 5.181961e+07
<GCONST> 6.759479e+01
<MIXTURE> 12 7.452614e-02
<MEAN> 6
 7.657608e+01 -7.612484e+02 3.177230e+03 -2.217783e+00 1.665945e+00 4.478230e+00
<VARIANCE> 6
 3.179780e+01 1.280424e+04 1.446404e+04 2.998339e+02 4.032245e+04 5.181961e+07
<GCONST> 6.759479e+01
<MIXTURE> 13 6.020504e-02
<MEAN> 6
 1.028576e+02 -7.851887e+01 3.321826e+03 -4.540742e+00 -1.510921e+00 7.853297e+00
<VARIANCE> 6
 3.179780e+01 1.280424e+04 1.522318e+04 2.998339e+02 4.032245e+04 5.181961e+07
<GCONST> 6.764594e+01
<MIXTURE> 14 6.027825e-02
<MEAN> 6
 9.245421e+01 3.098151e+02 3.240856e+03 -9.752274e+00 -1.631847e+01 9.722519e+02
<VARIANCE> 6
 3.179780e+01 1.280424e+04 1.477776e+04 2.998339e+02 4.032245e+04 5.181961e+07
<GCONST> 6.761624e+01
<STATE> 12
<NUMMIXES> 14
<MIXTURE> 1 6.086486e-02
<MEAN> 6
 5.814463e+01 2.259459e+01 3.061954e+03 -8.913860e+00 1.125473e+01 2.290985e+02
<VARIANCE> 6
 6.048501e+01 2.535592e+04 1.468724e+05 2.998339e+02 4.032245e+04 5.181961e+07
<GCONST> 7.123891e+01
<MIXTURE> 2 7.562002e-02
<MEAN> 6
 6.344873e+01 1.452996e+02 -6.414097e+02 -5.672318e-01 -9.083816e+00 -1.874041e+02
<VARIANCE> 6
 3.179780e+01 1.280424e+04 1.446404e+04 2.998339e+02 4.032245e+04 5.181961e+07
<GCONST> 6.759479e+01
<MIXTURE> 3 6.198033e-02
<MEAN> 6
 6.351585e+01 -1.445796e+01 -4.089054e+02 -2.692386e-01 -5.415859e+00 -1.435209e+02
<VARIANCE> 6
 3.179780e+01 1.280424e+04 1.446404e+04 2.998339e+02 4.032245e+04 5.181961e+07
<GCONST> 6.759479e+01
<MIXTURE> 4 1.068031e-01
<MEAN> 6
 6.355571e+01 -7.506695e+00 -4.113747e+02 -2.898040e-01 -5.579758e+00 -1.455545e+02
<VARIANCE> 6
 3.179780e+01 1.280424e+04 1.446404e+04 2.998339e+02 4.032245e+04 5.181961e+07
<GCONST> 6.759479e+01
<MIXTURE> 5 8.978015e-02
<MEAN> 6
 6.280420e+01 -1.854799e+02 -6.711029e+02 -7.780491e-01 -8.092631e+00 -1.886357e+02
<VARIANCE> 6
 3.179780e+01 1.280424e+04 1.446404e+04 2.998339e+02 4.032245e+04 5.181961e+07
<GCONST> 6.759479e+01
<MIXTURE> 6 9.363218e-02
<MEAN> 6
 6.724110e+01 -2.249997e+02 -2.353500e+02 -8.428028e-01 -6.789402e+00 -1.326035e+02
<VARIANCE> 6
 3.179780e+01 1.280424e+04 1.446404e+04 2.998339e+02 4.032245e+04 5.181961e+07
<GCONST> 6.759479e+01
<MIXTURE> 7 8.730190e-02
<MEAN> 6
 5.836247e+01 -2.380219e+02 8.748690e+02 -8.361086e-01 -1.231175e+01 -1.004637e+02
<VARIANCE> 6
 3.179780e+01 1.280424e+04 1.446404e+04 2.998339e+02 4.032245e+04 5.181961e+07
<GCONST> 6.759479e+01
<MIXTURE> 8 6.706740e-02
<MEAN> 6
 6.255080e+01 -2.069515e+02 -3.150096e+02 -2.140113e-01 -4.418730e+00 -1.446783e+02
<VARIANCE> 6
 3.179780e+01 1.280424e+04 1.446404e+04 2.998339e+02 4.032245e+04 5.181961e+07
<GCONST> 6.759479e+01
<MIXTURE> 9 5.393666e-02
<MEAN> 6
 6.342388e+01 -5.382493e+01 -3.793750e+02 -1.480713e-01 -4.344550e+00 -1.360176e+02
<VARIANCE> 6
 3.179780e+01 1.280424e+04 1.446404e+04 2.998339e+02 4.032245e+04 5.181961e+07
<GCONST> 6.759479e+01
<MIXTURE> 10 9.012840e-02
<MEAN> 6
 6.280429e+01 -1.854822e+02 -6.711034e+02 -7.780702e-01 -8.092872e+00 -1.886336e+02
<VARIANCE> 6
 3.179780e+01 1.280424e+04 1.446404e+04 2.998339e+02 4.032245e+04 5.181961e+07
<GCONST> 6.759479e+01
<MIXTURE> 11 3.225549e-02
<MEAN> 6
 6.400852e+01 -3.495515e+02 -2.297640e+03 -2.987379e+00 -1.308280e+01 3.173787e+02
<VARIANCE> 6
 3.179780e+01 1.012793e+05 2.296690e+04 2.998339e+02 4.032245e+04 5.181961e+07
<GCONST> 7.012527e+01
<MIXTURE> 12 5.930560e-02
<MEAN> 6
 6.325831e+01 -5.406285e+01 -3.964449e+02 -1.758925e-01 -4.679068e+00 -1.348312e+02
<VARIANCE> 6
 3.179780e+01 1.280424e+04 1.446404e+04 2.998339e+02 4.032245e+04 5.181961e+07
<GCONST> 6.759479e+01
<MIXTURE> 13 6.725518e-02
<MEAN> 6
 6.221721e+01 -2.174387e+02 -3.158275e+02 -2.322178e-01 -4.419586e+00 -1.430676e+02
<VARIANCE> 6
 3.179780e+01 1.280424e+04 1.446404e+04 2.998339e+02 4.032245e+04 5.181961e+07
<GCONST> 6.759479e+01
<MIXTURE> 14 5.405603e-02
<MEAN> 6
 6.283055e+01 -9.331676e+01 -4.005006e+02 -1.953640e-01 -5.213452e+00 -1.361828e+02
<VARIANCE> 6
 3.179780e+01 1.280424e+04 1.446404e+04 2.998339e+02 4.032245e+04 5.181961e+07
<GCONST> 6.759479e+01
<STATE> 13
<NUMMIXES> 14
<MIXTURE> 1 5.844153e-02
<MEAN> 6
 7.679383e+01 8.001842e-01 -5.582787e+01 -7.744745e+01 -8.733527e+02 -6.478995e+03
<VARIANCE> 6
 9.541502e+01 9.860698e+04 9.958191e+04 2.316075e+03 1.942416e+05 6.853691e+07
<GCONST> 7.656050e+01
<MIXTURE> 2 4.744911e-02
<MEAN> 6
 8.403568e+01 -4.390895e+01 -1.592655e+02 -1.834155e+01 -8.127898e+01 -9.397494e+02
<VARIANCE> 6
 3.179780e+01 5.526873e+04 1.047129e+05 4.294350e+02 5.634313e+04 5.181961e+07
<GCONST> 7.173057e+01
<MIXTURE> 3 3.009723e-02
<MEAN> 6
 7.944630e+01 -4.612676e+02 -1.983499e+02 -9.002155e+00 -2.670648e+01 -1.397834e+03
<VARIANCE> 6
 3.179780e+01 2.801152e+04 1.760056e+04 2.998339e+02 4.032245e+04 5.181961e+07
<GCONST> 6.857388e+01
<MIXTURE> 4 1.109132e-02
<MEAN> 6
 7.237811e+01 -1.264448e+03 -1.873656e+02 -3.642496e-01 -3.305302e+01 -6.721767e+01
<VARIANCE> 6
 3.179780e+01 1.280424e+04 2.504188e+04 2.998339e+02 4.032245e+04 5.181961e+07
<GCONST> 6.814366e+01
<MIXTURE> 5 5.373555e-02
<MEAN> 6
 5.981262e+01 7.092836e+01 9.394839e+00 -2.203106e+02 -1.240974e+03 1.846893e+03
<VARIANCE> 6
 1.356781e+02 2.342156e+05 1.482248e+05 2.478698e+03 2.545187e+05 5.795206e+07
<GCONST> 7.834578e+01
<MIXTURE> 6 6.673704e-02
<MEAN> 6
 -5.288257e+01 -8.899368e+01 1.110261e+02 -1.967799e+02 1.874495e+03 1.775245e+03
<VARIANCE> 6
 2.367089e+02 4.163079e+05 2.577490e+05 1.383523e+04 1.059774e+06 9.672033e+08
<GCONST> 8.599147e+01
<MIXTURE> 7 1.401217e-01
<MEAN> 6
 6.658480e+01 2.306423e+02 -9.715305e+01 1.366640e+02 -7.728025e+02 1.462719e+02
<VARIANCE> 6
 7.171746e+02 5.114896e+05 2.372436e+05 2.802699e+04 5.368225e+05 2.815321e+08
<GCONST> 8.601460e+01
<MIXTURE> 8 8.138636e-02
<MEAN> 6
 -5.451033e+01 9.399388e+01 2.712436e+02 7.500058e+01 1.348488e+03 1.259947e+03
<VARIANCE> 6
 1.464782e+02 1.942989e+05 2.473835e+05 2.423690e+04 1.763721e+05 8.191178e+07
<GCONST> 8.100712e+01
<MIXTURE> 9 7.248910e-02
<MEAN> 6
 -1.138714e+01 -4.423661e+01 1.249685e+02 -3.364290e+02 3.394020e+02 1.100658e+04
<VARIANCE> 6
 3.312709e+02 1.757141e+05 1.386098e+05 3.935603e+03 4.345549e+05 3.064937e+08
<GCONST> 8.154684e+01
<MIXTURE> 10 1.328942e-01
<MEAN> 6
 -6.552964e+01 1.112702e+02 4.368891e+01 2.777240e+01 5.417838e+02 -3.867585e+02
<VARIANCE> 6
 7.295098e+01 1.668053e+05 1.533901e+05 2.878362e+03 1.611568e+05 8.450926e+07
<GCONST> 7.748985e+01
<MIXTURE> 11 1.682037e-02
<MEAN> 6
 1.936384e+01 -9.587154e+01 1.104154e+02 -4.084240e+02 -6.798881e+02 2.083198e+04
<VARIANCE> 6
 5.921810e+02 2.595920e+05 2.264602e+06 4.341491e+03 9.414996e+05 6.010358e+08
<GCONST> 8.685622e+01
<MIXTURE> 12 4.958238e-02
<MEAN> 6
 2.989429e+01 3.234307e+01 4.196568e+01 -3.192636e+02 -7.246720e+02 6.655661e+03
<VARIANCE> 6
 1.936867e+02 2.375774e+05 1.492640e+05 2.203951e+03 2.651310e+05 1.098486e+08
<GCONST> 7.928583e+01
<MIXTURE> 13 1.146258e-01
<MEAN> 6
 -2.064562e+01 1.336283e+02 2.733677e+02 2.282714e+02 6.565073e+02 -8.081134e+03
<VARIANCE> 6
 5.465070e+02 1.684743e+05 5.908629e+05 2.848682e+04 3.819378e+05 1.200087e+08
<GCONST> 8.436797e+01
<MIXTURE> 14 1.244021e-01
<MEAN> 6
 6.768536e+01 2.015447e+01 -2.554950e+02 1.206590e+02 -9.791579e+02 -2.364879e+03
<VARIANCE> 6
 7.178685e+02 6.892069e+05 2.553205e+05 2.978183e+04 8.462412e+05 3.999404e+08
<GCONST> 8.725416e+01
<STATE> 14
<NUMMIXES> 14
<MIXTURE> 1 4.156509e-02
<MEAN> 6
 8.959214e+01 9.508990e+01 1.233878e+02 2.639217e+01 -7.914446e+02 2.916334e+01
<VARIANCE> 6
 3.513152e+02 7.659784e+05 1.302750e+06 1.432282e+04 1.109508e+06 6.070744e+08
<GCONST> 8.823103e+01
<MIXTURE> 2 1.979572e-02
<MEAN> 6
 -6.323420e+00 1.540646e+02 1.153104e+02 -2.957084e+01 6.022775e+01 4.394811e+03
<VARIANCE> 6
 1.166944e+04 1.977684e+05 4.076411e+05 2.037875e+06 1.115660e+09 1.640163e+12
<GCONST> 1.089909e+02
<MIXTURE> 3 3.709454e-02
<MEAN> 6
 -2.353161e+01 -8.872775e+01 7.617311e+01 -5.965350e+01 2.478484e+02 1.631319e+03
<VARIANCE> 6
 5.157953e+03 3.643924e+05 6.325962e+05 4.914865e+04 2.853622e+06 2.870303e+09
<GCONST> 9.318352e+01
<MIXTURE> 4 7.636060e-02
<MEAN> 6
 8.606916e+01 -8.792619e+01 2.658665e+02 -7.260975e+00 -6.084964e+00 5.743120e+00
<VARIANCE> 6
 1.523289e+02 1.181236e+06 7.119064e+05 2.998339e+02 4.032245e+04 5.181961e+07
<GCONST> 7.758224e+01
<MIXTURE> 5 9.148424e-02
<MEAN> 6
 -2.790254e+01 -1.440372e+02 1.227961e+02 8.286069e+01 5.729347e+02 -1.847890e+03
<VARIANCE> 6
 4.252447e+02 2.479588e+05 2.150782e+05 1.841908e+04 1.377106e+05 5.181961e+07
<GCONST> 8.119704e+01
<MIXTURE> 6 1.331856e-01
<MEAN> 6
 6.372766e+01 7.278068e+00 -9.899979e+00 4.233865e+01 -3.596295e+02 -7.314005e+02
<VARIANCE> 6
 4.576947e+02 6.163227e+04 4.379064e+04 1.674058e+04 1.288482e+05 5.181961e+07
<GCONST> 7.812485e+01
<MIXTURE> 7 8.782484e-02
<MEAN> 6
 -4.993465e+01 -4.980888e+01 5.081085e+01 1.595674e+01 2.284526e+02 1.610589e+02
<VARIANCE> 6
 2.110447e+02 5.102850e+04 9.065673e+04 8.668071e+02 6.900573e+04 5.181961e+07
<GCONST> 7.430435e+01
<MIXTURE> 8 7.251647e-02
<MEAN> 6
 1.462521e+01 1.179797e+00 5.063087e+01 -1.165024e+01 -4.547313e+01 -7.862188e+01
<VARIANCE> 6
 3.909355e+02 5.080405e+04 1.900584e+05 3.987140e+04 1.254273e+05 7.246273e+07
<GCONST> 8.041811e+01
<MIXTURE> 9 9.771605e-02
<MEAN> 6
 8.044207e+01 -1.983646e+01 8.598317e+01 -6.204806e+00 -1.588723e+01 -1.073631e+02
<VARIANCE> 6
 1.385282e+02 9.014172e+04 2.993911e+04 2.998339e+02 4.032245e+04 5.181961e+07
<GCONST> 7.174557e+01
<MIXTURE> 10 7.041433e-02
<MEAN> 6
 -4.053886e+01 -7.668750e+01 1.580824e+01 -3.344569e+01 1.084963e+03 1.151943e+03
<VARIANCE> 6
 2.223180e+02 5.828502e+04 6.641437e+04 2.339635e+04 3.706639e+05 2.661637e+08
<GCONST> 8.079115e+01
<MIXTURE> 11 5.771116e-02
<MEAN> 6
 6.777390e+01 2.520857e+01 4.442819e+01 -6.194763e+00 -5.526457e+02 1.624687e+03
<VARIANCE> 6
 4.350418e+02 2.499701e+05 1.870449e+05 2.251249e+04 2.291882e+05 6.813454e+07
<GCONST> 8.207203e+01
<MIXTURE> 12 8.969676e-02
<MEAN> 6
 7.571680e+01 -3.750180e+01 -6.265545e+01 -3.650534e+00 -2.546327e+01 -7.756260e+01
<VARIANCE> 6
 1.376464e+02 2.826198e+04 1.659147e+05 2.998339e+02 4.032245e+04 5.181961e+07
<GCONST> 7.229163e+01
<MIXTURE> 13 7.042884e-02
<MEAN> 6
 5.959932e+00 -1.299017e+02 6.149784e+00 -3.685867e+01 -2.986171e+01 -6.024749e+02
<VARIANCE> 6
 3.661525e+02 8.807042e+04 7.469147e+04 4.739284e+04 2.854269e+05 1.987860e+08
<GCONST> 8.197303e+01
<MIXTURE> 14 5.380753e-02
<MEAN> 6
 5.928210e+01 -1.529691e+02 -4.278368e+01 -2.516859e+01 -7.051632e+02 -1.365180e+02
<VARIANCE> 6
 4.361497e+02 2.397207e+05 2.001947e+05 3.026988e+04 2.454598e+05 7.080486e+07
<GCONST> 8.250376e+01
<TRANSP> 15
 0.000000e+00 1.000000e+00 0.000000e+00 0.000000e+00 0.000000e+00 0.000000e+00 0.000000e+00 0.000000e+00 0.000000e+00 0.000000e+00 0.000000e+00 0.000000e+00 0.000000e+00 0.000000e+00 0.000000e+00
 0.000000e+00 9.998997e-01 1.002604e-04 0.000000e+00 0.000000e+00 0.000000e+00 0.000000e+00 0.000000e+00 0.000000e+00 0.000000e+00 0.000000e+00 0.000000e+00 0.000000e+00 0.000000e+00 0.000000e+00
 0.000000e+00 0.000000e+00 9.964155e-01 3.584498e-03 0.000000e+00 0.000000e+00 0.000000e+00 0.000000e+00 0.000000e+00 0.000000e+00 0.000000e+00 0.000000e+00 0.000000e+00 0.000000e+00 0.000000e+00
 0.000000e+00 0.000000e+00 0.000000e+00 9.950694e-01 4.930656e-03 0.000000e+00 0.000000e+00 0.000000e+00 0.000000e+00 0.000000e+00 0.000000e+00 0.000000e+00 0.000000e+00 0.000000e+00 0.000000e+00
 0.000000e+00 0.000000e+00 0.000000e+00 0.000000e+00 9.954234e-01 4.576611e-03 0.000000e+00 0.000000e+00 0.000000e+00 0.000000e+00 0.000000e+00 0.000000e+00 0.000000e+00 0.000000e+00 0.000000e+00
 0.000000e+00 0.000000e+00 0.000000e+00 0.000000e+00 0.000000e+00 9.979818e-01 2.018163e-03 0.000000e+00 0.000000e+00 0.000000e+00 0.000000e+00 0.000000e+00 0.000000e+00 0.000000e+00 0.000000e+00
 0.000000e+00 0.000000e+00 0.000000e+00 0.000000e+00 0.000000e+00 0.000000e+00 9.977946e-01 2.205324e-03 0.000000e+00 0.000000e+00 0.000000e+00 0.000000e+00 0.000000e+00 0.000000e+00 0.000000e+00
 0.000000e+00 0.000000e+00 0.000000e+00 0.000000e+00 0.000000e+00 0.000000e+00 0.000000e+00 9.986991e-01 1.300939e-03 0.000000e+00 0.000000e+00 0.000000e+00 0.000000e+00 0.000000e+00 0.000000e+00
 0.000000e+00 0.000000e+00 0.000000e+00 0.000000e+00 0.000000e+00 0.000000e+00 0.000000e+00 0.000000e+00 9.964756e-01 3.524381e-03 0.000000e+00 0.000000e+00 0.000000e+00 0.000000e+00 0.000000e+00
 0.000000e+00 0.000000e+00 0.000000e+00 0.000000e+00 0.000000e+00 0.000000e+00 0.000000e+00 0.000000e+00 0.000000e+00 9.986434e-01 1.356616e-03 0.000000e+00 0.000000e+00 0.000000e+00 0.000000e+00
 0.000000e+00 0.000000e+00 0.000000e+00 0.000000e+00 0.000000e+00 0.000000e+00 0.000000e+00 0.000000e+00 0.000000e+00 0.000000e+00 9.954380e-01 4.562048e-03 0.000000e+00 0.000000e+00 0.000000e+00
 0.000000e+00 0.000000e+00 0.000000e+00 0.000000e+00 0.000000e+00 0.000000e+00 0.000000e+00 0.000000e+00 0.000000e+00 0.000000e+00 0.000000e+00 9.983449e-01 1.655137e-03 0.000000e+00 0.000000e+00
 0.000000e+00 0.000000e+00 0.000000e+00 0.000000e+00 0.000000e+00 0.000000e+00 0.000000e+00 0.000000e+00 0.000000e+00 0.000000e+00 0.000000e+00 0.000000e+00 9.997467e-01 2.532307e-04 0.000000e+00
 0.000000e+00 0.000000e+00 0.000000e+00 0.000000e+00 0.000000e+00 0.000000e+00 0.000000e+00 0.000000e+00 0.000000e+00 0.000000e+00 0.000000e+00 0.000000e+00 0.000000e+00 9.998960e-01 1.039905e-04
 0.000000e+00 0.000000e+00 0.000000e+00 0.000000e+00 0.000000e+00 0.000000e+00 0.000000e+00 0.000000e+00 0.000000e+00 0.000000e+00 0.000000e+00 0.000000e+00 0.000000e+00 0.000000e+00 0.000000e+00
<ENDHMM>
