~o
<STREAMINFO> 1 6
<VECSIZE> 6<NULLD><USER><DIAGC>
~h "SegundoPRIMARIA"
<BEGINHMM>
<NUMSTATES> 15
<STATE> 2
<NUMMIXES> 12
<MIXTURE> 1 9.873825e-02
<MEAN> 6
 9.766046e+01 -9.548155e+01 5.723176e+02 -4.478946e+00 -3.947540e+01 -2.440581e+02
<VARIANCE> 6
 2.892683e+02 3.509944e+05 3.152093e+06 2.940807e+02 3.743564e+04 4.829342e+07
<GCONST> 7.833376e+01
<MIXTURE> 2 8.486748e-02
<MEAN> 6
 -3.787063e+01 1.952798e+01 5.796666e+01 -1.361462e+02 1.313529e+03 3.323378e+03
<VARIANCE> 6
 7.194631e+02 4.531046e+05 1.938266e+06 6.171023e+04 1.230896e+06 9.259924e+08
<GCONST> 9.080679e+01
<MIXTURE> 3 9.615251e-02
<MEAN> 6
 3.606866e+01 -7.859380e+01 -2.213883e+00 2.310560e+02 -2.815548e+02 -2.558384e+03
<VARIANCE> 6
 7.884153e+02 2.456837e+05 1.224239e+06 8.561273e+03 1.925661e+05 6.057577e+07
<GCONST> 8.326952e+01
<MIXTURE> 4 8.666897e-02
<MEAN> 6
 -3.185710e+01 -2.473007e+01 7.431309e+01 6.661485e+01 6.462277e+02 -2.663193e+03
<VARIANCE> 6
 3.844450e+02 1.619229e+05 4.679880e+05 3.886394e+04 2.258321e+05 6.523196e+07
<GCONST> 8.291897e+01
<MIXTURE> 5 7.870801e-02
<MEAN> 6
 8.736457e+01 -5.532927e+01 -6.212947e-01 4.761058e+01 -1.120072e+03 -6.444535e+02
<VARIANCE> 6
 7.601968e+02 6.828016e+05 1.930776e+06 3.356505e+04 1.242864e+06 6.513276e+08
<GCONST> 9.031693e+01
<MIXTURE> 6 6.389779e-02
<MEAN> 6
 7.101624e+01 4.798200e+02 -6.691026e+02 4.509260e+00 -3.703129e+01 -1.953005e+02
<VARIANCE> 6
 9.419053e+01 4.465380e+05 1.035406e+06 2.940807e+02 3.743564e+04 4.829342e+07
<GCONST> 7.633920e+01
<MIXTURE> 7 7.532224e-02
<MEAN> 6
 -6.536687e+01 -1.039359e+01 -2.898943e+02 -7.862984e+00 1.254341e+02 9.861406e+01
<VARIANCE> 6
 3.306076e+02 1.641632e+05 1.391328e+06 4.332795e+02 4.096455e+04 4.829342e+07
<GCONST> 7.736723e+01
<MIXTURE> 8 9.390563e-02
<MEAN> 6
 8.424107e+01 2.676667e+01 1.690162e+02 -5.144688e+01 -5.869766e+02 -1.678879e+03
<VARIANCE> 6
 4.661591e+02 1.429306e+05 8.142505e+05 1.023347e+04 2.110118e+05 5.439125e+07
<GCONST> 8.195673e+01
<MIXTURE> 9 7.301036e-02
<MEAN> 6
 6.323875e+01 -4.599073e+02 1.358019e+03 -6.028671e-02 -7.426202e+00 -7.666084e+01
<VARIANCE> 6
 4.199882e+01 2.015325e+05 5.282246e+05 2.940807e+02 3.743564e+04 4.829342e+07
<GCONST> 7.406293e+01
<MIXTURE> 10 9.678474e-02
<MEAN> 6
 -6.290380e+01 -2.399641e+01 -2.091790e+02 3.672872e+01 6.778958e+02 7.856146e+02
<VARIANCE> 6
 3.518710e+02 1.829105e+05 1.653549e+06 1.045810e+04 1.861708e+05 8.334537e+07
<GCONST> 8.295377e+01
<MIXTURE> 11 7.735535e-02
<MEAN> 6
 3.489314e+01 -4.147203e+00 6.744200e+01 -2.822599e+02 -7.294014e+02 5.357465e+03
<VARIANCE> 6
 6.492819e+02 1.971691e+05 1.460321e+06 9.639542e+03 5.294418e+05 1.347436e+08
<GCONST> 8.496121e+01
<MIXTURE> 12 7.429950e-02
<MEAN> 6
 7.190556e+01 1.161766e+02 -9.375396e+02 6.383846e-01 -1.975337e+01 -1.165511e+02
<VARIANCE> 6
 6.492410e+01 1.109991e+05 8.547818e+05 2.940807e+02 3.743564e+04 4.829342e+07
<GCONST> 7.438339e+01
<STATE> 3
<NUMMIXES> 12
<MIXTURE> 1 3.898885e-02
<MEAN> 6
 1.141564e+02 -3.708076e+02 3.070166e+02 -1.385433e+01 -4.956884e+01 5.288005e+02
<VARIANCE> 6
 3.163787e+01 3.204842e+04 1.827680e+04 2.940807e+02 3.743564e+04 4.829342e+07
<GCONST> 6.857704e+01
<MIXTURE> 2 2.594793e-02
<MEAN> 6
 9.687965e+01 -4.902859e+02 -3.928071e+01 -3.725003e+01 5.865261e+02 2.440851e+03
<VARIANCE> 6
 3.588943e+02 1.277385e+05 1.373229e+04 1.220919e+03 1.802674e+05 2.712716e+08
<GCONST> 7.682372e+01
<MIXTURE> 3 5.536252e-03
<MEAN> 6
 9.624518e+01 -4.020011e+02 -2.920846e+02 6.519880e+00 4.664503e+02 -9.957823e+03
<VARIANCE> 6
 3.163787e+01 1.276023e+04 1.373229e+04 2.940807e+02 6.688002e+04 4.829342e+07
<GCONST> 6.795053e+01
<MIXTURE> 4 7.054622e-02
<MEAN> 6
 4.159343e+01 2.507969e+02 -2.612036e+02 -2.959629e+01 1.147692e+03 1.152165e+03
<VARIANCE> 6
 2.462973e+02 1.032104e+05 1.545956e+05 1.822648e+04 1.950366e+05 2.633156e+08
<GCONST> 8.140733e+01
<MIXTURE> 5 5.088430e-03
<MEAN> 6
 9.762489e+01 -6.038509e+02 -1.741420e+02 1.181290e+01 -2.491994e+02 -2.828187e+03
<VARIANCE> 6
 3.163787e+01 1.276023e+04 1.373229e+04 2.940807e+02 3.743564e+04 4.829342e+07
<GCONST> 6.737025e+01
<MIXTURE> 6 7.760187e-02
<MEAN> 6
 8.950675e+01 -8.947922e+02 -8.915305e+01 1.362066e+02 -1.394464e+03 -1.520954e+03
<VARIANCE> 6
 6.804737e+02 1.183257e+06 1.660778e+05 2.195336e+04 2.582590e+06 2.166241e+09
<GCONST> 8.981129e+01
<MIXTURE> 7 1.052316e-01
<MEAN> 6
 6.012011e+01 4.960299e+02 -1.118698e+03 9.869405e+01 -1.707247e+02 -3.448117e+01
<VARIANCE> 6
 1.743363e+02 4.458326e+05 5.284461e+05 3.853525e+03 7.077074e+04 4.829342e+07
<GCONST> 7.949040e+01
<MIXTURE> 8 1.408243e-01
<MEAN> 6
 2.319509e+01 1.291972e+02 1.319175e+02 2.786915e+02 -2.009146e+02 -2.715818e+03
<VARIANCE> 6
 3.924962e+02 2.258483e+05 1.209474e+06 2.089756e+03 3.947466e+05 4.829342e+07
<GCONST> 8.155672e+01
<MIXTURE> 9 1.424759e-01
<MEAN> 6
 8.673008e+01 2.684859e+02 -3.946315e+02 7.202242e+01 -7.587388e+02 5.218630e+03
<VARIANCE> 6
 5.114019e+02 3.803454e+05 1.410435e+06 7.114016e+03 1.737457e+05 1.354522e+08
<GCONST> 8.393196e+01
<MIXTURE> 10 1.180469e-01
<MEAN> 6
 -1.448190e+01 -5.658460e+01 -1.054504e+03 2.989671e+02 4.716792e+02 -1.247017e+04
<VARIANCE> 6
 2.157726e+02 1.607621e+05 1.769032e+06 3.216088e+03 6.124249e+05 5.909404e+07
<GCONST> 8.207085e+01
<MIXTURE> 11 1.661763e-01
<MEAN> 6
 5.538148e+01 -1.683418e+02 -6.883609e+02 1.794131e+02 -6.405371e+02 -3.224813e+03
<VARIANCE> 6
 7.674722e+02 1.653100e+05 2.365492e+06 9.110276e+03 4.555019e+05 3.291650e+08
<GCONST> 8.612082e+01
<MIXTURE> 12 1.035255e-01
<MEAN> 6
 4.213094e+01 -4.996206e+02 -9.548636e+02 7.998557e+01 -8.035693e+01 -1.176853e+03
<VARIANCE> 6
 1.412834e+02 3.436133e+05 2.132619e+05 1.793493e+03 6.006272e+04 4.829342e+07
<GCONST> 7.718345e+01
<STATE> 4
<NUMMIXES> 12
<MIXTURE> 1 1.129172e-01
<MEAN> 6
 9.428148e+01 -3.347057e+02 -5.503193e+02 -1.125784e+00 1.254538e+00 1.120330e+02
<VARIANCE> 6
 3.163787e+01 1.276023e+04 1.373229e+04 2.940807e+02 3.743564e+04 4.829342e+07
<GCONST> 6.737025e+01
<MIXTURE> 2 1.224456e-01
<MEAN> 6
 9.043174e+01 -9.543676e+01 -3.123084e+03 -7.448898e+00 8.840325e-01 2.608503e+02
<VARIANCE> 6
 6.251260e+01 1.276023e+04 1.373229e+04 2.940807e+02 3.743564e+04 4.829342e+07
<GCONST> 6.805125e+01
<MIXTURE> 3 6.548958e-02
<MEAN> 6
 9.466312e+01 5.003189e+01 -3.933692e+02 -1.731721e+00 -9.950012e+00 4.509601e+01
<VARIANCE> 6
 3.163787e+01 1.276023e+04 1.680579e+04 2.940807e+02 3.743564e+04 4.829342e+07
<GCONST> 6.757222e+01
<MIXTURE> 4 8.046186e-02
<MEAN> 6
 8.745879e+01 -1.203674e+02 -8.500749e+02 -3.366908e+00 3.552406e+00 -1.233879e+02
<VARIANCE> 6
 3.163787e+01 1.276023e+04 1.373229e+04 2.940807e+02 3.743564e+04 4.829342e+07
<GCONST> 6.737025e+01
<MIXTURE> 5 8.709275e-02
<MEAN> 6
 9.477249e+01 -3.700949e+02 -5.500464e+02 -8.863702e-01 -6.536466e+00 3.913358e+01
<VARIANCE> 6
 3.163787e+01 1.276023e+04 1.373229e+04 2.940807e+02 3.743564e+04 4.829342e+07
<GCONST> 6.737025e+01
<MIXTURE> 6 1.282377e-01
<MEAN> 6
 9.279571e+01 -5.637073e+02 -5.405044e+02 1.529729e+00 -2.477147e+00 -1.304255e+02
<VARIANCE> 6
 3.163787e+01 1.276023e+04 1.373229e+04 2.940807e+02 3.743564e+04 4.829342e+07
<GCONST> 6.737025e+01
<MIXTURE> 7 2.624230e-03
<MEAN> 6
 7.803945e+01 -1.121791e+02 5.659568e-01 6.286762e+00 -6.102760e+01 2.936823e+02
<VARIANCE> 6
 4.139925e+02 2.023631e+06 6.162007e+05 4.077370e+02 1.044998e+05 4.829342e+07
<GCONST> 8.016521e+01
<MIXTURE> 8 9.122388e-02
<MEAN> 6
 9.453188e+01 -3.496009e+02 -5.501716e+02 -1.054680e+00 -2.480388e+00 7.971840e+01
<VARIANCE> 6
 3.163787e+01 1.276023e+04 1.373229e+04 2.940807e+02 3.743564e+04 4.829342e+07
<GCONST> 6.737025e+01
<MIXTURE> 9 1.270760e-01
<MEAN> 6
 9.279511e+01 -5.637309e+02 -5.405040e+02 1.529916e+00 -2.472384e+00 -1.304110e+02
<VARIANCE> 6
 3.163787e+01 1.276023e+04 1.373229e+04 2.940807e+02 3.743564e+04 4.829342e+07
<GCONST> 6.737025e+01
<MIXTURE> 10 5.554506e-02
<MEAN> 6
 7.650236e+01 -3.339039e+02 -2.679458e+03 -9.382068e-01 -2.421797e+00 -1.754277e+02
<VARIANCE> 6
 3.163787e+01 1.276023e+04 1.373229e+04 2.940807e+02 3.743564e+04 4.829342e+07
<GCONST> 6.737025e+01
<MIXTURE> 11 5.941700e-02
<MEAN> 6
 8.219598e+01 -3.172420e+02 -8.602956e+02 -7.749238e+00 -7.691708e+00 2.685090e+01
<VARIANCE> 6
 3.163787e+01 1.276023e+04 1.373229e+04 2.940807e+02 3.743564e+04 4.829342e+07
<GCONST> 6.737025e+01
<MIXTURE> 12 6.744820e-02
<MEAN> 6
 9.162017e+01 2.444939e+01 -4.886889e+02 -1.905931e+00 1.237961e+01 -1.634290e+02
<VARIANCE> 6
 3.163787e+01 1.276023e+04 1.373229e+04 2.940807e+02 3.743564e+04 4.829342e+07
<GCONST> 6.737025e+01
<STATE> 5
<NUMMIXES> 12
<MIXTURE> 1 8.047917e-02
<MEAN> 6
 9.404608e+01 6.803825e+02 1.553764e+02 -3.517418e+00 -3.058391e+00 5.263621e+01
<VARIANCE> 6
 3.163787e+01 1.276023e+04 1.373229e+04 2.940807e+02 3.743564e+04 4.829342e+07
<GCONST> 6.737025e+01
<MIXTURE> 2 1.041060e-01
<MEAN> 6
 8.885430e+01 -3.312316e+00 5.820436e+02 -2.915380e+00 4.508961e+00 -9.887223e+01
<VARIANCE> 6
 3.163787e+01 1.276023e+04 1.373229e+04 2.940807e+02 3.743564e+04 4.829342e+07
<GCONST> 6.737025e+01
<MIXTURE> 3 1.232595e-01
<MEAN> 6
 8.380759e+01 2.376276e+02 1.193544e+01 1.503542e+00 -8.550648e+00 1.530473e+01
<VARIANCE> 6
 3.163787e+01 1.276023e+04 1.373229e+04 2.940807e+02 3.743564e+04 4.829342e+07
<GCONST> 6.737025e+01
<MIXTURE> 4 8.724696e-02
<MEAN> 6
 9.168385e+01 1.576472e+02 1.784127e+02 -1.597135e+00 -6.308377e+00 -9.835485e+01
<VARIANCE> 6
 3.163787e+01 1.276023e+04 1.373229e+04 2.940807e+02 3.743564e+04 4.829342e+07
<GCONST> 6.737025e+01
<MIXTURE> 5 9.839525e-02
<MEAN> 6
 8.730968e+01 -4.152612e+01 -9.583499e+01 -1.010765e+00 1.096887e+00 -8.265643e+01
<VARIANCE> 6
 3.163787e+01 1.348018e+04 1.373229e+04 2.940807e+02 3.743564e+04 4.829342e+07
<GCONST> 6.742514e+01
<MIXTURE> 6 2.022585e-03
<MEAN> 6
 8.159621e+01 1.852577e+00 -6.212592e+01 2.548657e+00 -3.802219e+01 -1.576087e+02
<VARIANCE> 6
 3.152605e+02 3.711466e+05 5.261034e+05 3.205786e+02 5.693632e+04 4.829342e+07
<GCONST> 7.719089e+01
<MIXTURE> 7 1.036667e-01
<MEAN> 6
 9.208215e+01 -7.157846e+01 9.362124e+01 -5.135524e-01 1.445856e+00 -1.177432e+02
<VARIANCE> 6
 3.163787e+01 1.276023e+04 1.373229e+04 2.940807e+02 3.743564e+04 4.829342e+07
<GCONST> 6.737025e+01
<MIXTURE> 8 1.321230e-01
<MEAN> 6
 8.718295e+01 3.585697e+02 4.288520e+02 1.220443e+00 -3.298249e+00 -5.007162e+01
<VARIANCE> 6
 3.163787e+01 1.709289e+04 1.373229e+04 2.940807e+02 3.743564e+04 4.829342e+07
<GCONST> 6.766258e+01
<MIXTURE> 9 4.014660e-03
<MEAN> 6
 9.288773e+01 -2.031338e+02 2.977866e+02 -3.781067e-01 3.374707e+00 1.628139e+02
<VARIANCE> 6
 3.163787e+01 7.090294e+05 5.981910e+04 2.940807e+02 3.743564e+04 4.829342e+07
<GCONST> 7.285939e+01
<MIXTURE> 10 7.907130e-02
<MEAN> 6
 8.417537e+01 -3.548441e+02 -6.215990e+01 -3.707623e+00 -6.513382e-01 -9.320988e+01
<VARIANCE> 6
 3.163787e+01 1.900747e+04 1.373229e+04 2.940807e+02 3.743564e+04 4.829342e+07
<GCONST> 6.776875e+01
<MIXTURE> 11 1.008457e-01
<MEAN> 6
 9.195788e+01 -8.909217e+01 8.427052e+01 -3.104724e-01 2.407912e+00 -1.193528e+02
<VARIANCE> 6
 3.163787e+01 1.276023e+04 1.373229e+04 2.940807e+02 3.743564e+04 4.829342e+07
<GCONST> 6.737025e+01
<MIXTURE> 12 8.474366e-02
<MEAN> 6
 9.176791e+01 1.105972e+02 1.512232e+02 -2.229110e+00 -5.750092e+00 -7.671664e+01
<VARIANCE> 6
 3.163787e+01 1.277205e+04 1.373229e+04 2.940807e+02 3.743564e+04 4.829342e+07
<GCONST> 6.737117e+01
<STATE> 6
<NUMMIXES> 12
<MIXTURE> 1 9.003443e-02
<MEAN> 6
 1.058332e+02 2.539427e+02 1.271178e+03 -2.843316e-02 -3.204647e+01 1.738845e+02
<VARIANCE> 6
 3.163787e+01 1.549811e+04 1.373229e+04 2.940807e+02 3.743564e+04 4.829342e+07
<GCONST> 6.756464e+01
<MIXTURE> 2 1.081250e-01
<MEAN> 6
 1.281158e+02 3.779440e+02 1.663944e+03 -3.468182e+00 4.347557e-01 2.249530e+01
<VARIANCE> 6
 3.163787e+01 1.540866e+04 1.373229e+04 2.940807e+02 3.743564e+04 4.829342e+07
<GCONST> 6.755884e+01
<MIXTURE> 3 5.627342e-02
<MEAN> 6
 8.670937e+01 -4.501217e+02 2.029468e+03 -4.511615e+00 -3.701757e+01 5.032592e+02
<VARIANCE> 6
 3.163787e+01 2.221470e+04 1.373229e+04 2.940807e+02 3.743564e+04 4.829342e+07
<GCONST> 6.792467e+01
<MIXTURE> 4 5.264125e-02
<MEAN> 6
 1.298134e+02 -1.948525e+03 4.737554e+01 -3.871634e+01 -2.554347e+01 6.601027e+01
<VARIANCE> 6
 4.106702e+02 8.475044e+05 4.045929e+04 2.940807e+02 3.743564e+04 4.829342e+07
<GCONST> 7.521019e+01
<MIXTURE> 5 1.021131e-01
<MEAN> 6
 8.259664e+01 6.246682e+02 1.049721e+03 -5.586100e+00 2.085621e+00 7.942961e-01
<VARIANCE> 6
 3.163787e+01 1.276023e+04 1.373229e+04 2.940807e+02 3.743564e+04 4.829342e+07
<GCONST> 6.737025e+01
<MIXTURE> 6 7.549834e-02
<MEAN> 6
 1.162640e+02 -4.859857e+02 2.601001e+03 -1.062075e+00 8.450316e-01 -2.048368e+01
<VARIANCE> 6
 3.163787e+01 1.276023e+04 1.373229e+04 2.940807e+02 3.743564e+04 4.829342e+07
<GCONST> 6.737025e+01
<MIXTURE> 7 8.565698e-02
<MEAN> 6
 9.266481e+01 1.022089e+03 1.182556e+03 -3.865866e+00 3.707812e-01 9.923689e+01
<VARIANCE> 6
 3.163787e+01 2.175116e+04 1.373229e+04 2.940807e+02 3.743564e+04 4.829342e+07
<GCONST> 6.790358e+01
<MIXTURE> 8 8.743500e-02
<MEAN> 6
 1.185611e+02 -4.603908e+02 2.264394e+03 -1.382654e+00 4.931861e+00 -4.901521e+02
<VARIANCE> 6
 3.163787e+01 1.276023e+04 1.373229e+04 2.940807e+02 3.743564e+04 4.829342e+07
<GCONST> 6.737025e+01
<MIXTURE> 9 5.449027e-02
<MEAN> 6
 1.348045e+02 9.696162e+01 9.013145e+02 -9.084914e+00 1.347455e+01 5.982881e+02
<VARIANCE> 6
 3.163787e+01 2.230094e+04 6.837973e+04 2.940807e+02 4.952885e+04 6.966129e+07
<GCONST> 7.018015e+01
<MIXTURE> 10 9.338696e-02
<MEAN> 6
 7.492055e+01 4.113506e+02 8.355630e+02 -1.741890e+00 7.381271e-01 -7.619922e-01
<VARIANCE> 6
 3.163787e+01 1.276023e+04 1.373229e+04 2.940807e+02 3.743564e+04 4.829342e+07
<GCONST> 6.737025e+01
<MIXTURE> 11 1.263263e-01
<MEAN> 6
 7.266996e+01 3.273125e+02 6.638238e+02 -2.425133e+00 -1.503467e+01 -1.905440e+02
<VARIANCE> 6
 3.163787e+01 1.276023e+04 1.373229e+04 2.940807e+02 3.743564e+04 4.829342e+07
<GCONST> 6.737025e+01
<MIXTURE> 12 6.801667e-02
<MEAN> 6
 8.463729e+01 -5.407224e+02 2.046246e+03 -3.885619e+00 5.436797e+00 3.271455e+01
<VARIANCE> 6
 3.163787e+01 1.276023e+04 1.373229e+04 2.940807e+02 3.743564e+04 4.829342e+07
<GCONST> 6.737025e+01
<STATE> 7
<NUMMIXES> 12
<MIXTURE> 1 8.443215e-02
<MEAN> 6
 7.915480e+01 2.777298e+03 -2.373986e+02 -2.184191e+00 -6.060243e-02 1.746248e+02
<VARIANCE> 6
 3.163787e+01 2.632552e+04 1.373229e+04 2.940807e+02 3.743564e+04 4.829342e+07
<GCONST> 6.809445e+01
<MIXTURE> 2 7.945032e-02
<MEAN> 6
 9.082380e+01 1.092854e+03 -1.015494e+03 -4.005064e+00 1.165376e+00 -1.146085e+01
<VARIANCE> 6
 3.163787e+01 1.276023e+04 1.998791e+04 2.940807e+02 3.743564e+04 4.829342e+07
<GCONST> 6.774562e+01
<MIXTURE> 3 9.321818e-02
<MEAN> 6
 7.168932e+01 1.312728e+03 -1.125367e+03 6.821511e-01 -3.973667e+00 -1.197082e+02
<VARIANCE> 6
 3.163787e+01 1.276023e+04 1.373229e+04 2.940807e+02 3.743564e+04 4.829342e+07
<GCONST> 6.737025e+01
<MIXTURE> 4 2.686806e-02
<MEAN> 6
 7.057625e+01 5.550941e+02 -1.124332e+03 -4.999720e+00 -6.579413e+00 -4.117490e+01
<VARIANCE> 6
 3.163787e+01 2.716763e+04 1.373229e+04 2.940807e+02 3.743564e+04 4.829342e+07
<GCONST> 6.812595e+01
<MIXTURE> 5 8.463485e-02
<MEAN> 6
 8.842041e+01 1.375720e+03 -4.047439e+02 -3.026932e+00 -1.893135e+01 3.903357e+02
<VARIANCE> 6
 5.300903e+01 3.569608e+05 5.663470e+04 2.940807e+02 3.743564e+04 4.829342e+07
<GCONST> 7.263452e+01
<MIXTURE> 6 1.172533e-01
<MEAN> 6
 8.879543e+01 1.013421e+03 -2.212308e+03 3.844641e-01 -1.515600e+01 2.321316e+01
<VARIANCE> 6
 3.163787e+01 1.276023e+04 2.124197e+04 2.940807e+02 3.743564e+04 4.829342e+07
<GCONST> 6.780647e+01
<MIXTURE> 7 8.907983e-02
<MEAN> 6
 7.168931e+01 1.312728e+03 -1.125367e+03 6.821523e-01 -3.973650e+00 -1.197082e+02
<VARIANCE> 6
 3.163787e+01 1.276023e+04 1.373229e+04 2.940807e+02 3.743564e+04 4.829342e+07
<GCONST> 6.737025e+01
<MIXTURE> 8 6.732336e-02
<MEAN> 6
 8.583990e+01 8.836512e+02 -5.618079e+02 -8.171782e-01 -3.040790e+00 -1.021776e+02
<VARIANCE> 6
 3.163787e+01 5.651332e+04 1.373229e+04 2.940807e+02 3.743564e+04 4.829342e+07
<GCONST> 6.885838e+01
<MIXTURE> 9 1.081494e-01
<MEAN> 6
 6.580008e+01 -2.711356e+02 -1.281101e+03 3.665706e+00 -1.586089e+01 9.397796e+01
<VARIANCE> 6
 3.163787e+01 1.276023e+04 1.373229e+04 2.940807e+02 3.743564e+04 4.829342e+07
<GCONST> 6.737025e+01
<MIXTURE> 10 9.806965e-02
<MEAN> 6
 8.047114e+01 1.856624e+03 -1.928605e+02 -4.362178e-01 -2.529282e+00 -6.315820e+01
<VARIANCE> 6
 3.163787e+01 2.206366e+05 1.373229e+04 2.940807e+02 3.743564e+04 4.829342e+07
<GCONST> 7.022043e+01
<MIXTURE> 11 8.449712e-02
<MEAN> 6
 8.055426e+01 1.151949e+03 -1.316269e+03 2.776482e-01 -6.046745e+00 1.916110e+01
<VARIANCE> 6
 3.704810e+01 1.276023e+04 1.934612e+04 2.940807e+02 3.743564e+04 4.829342e+07
<GCONST> 6.787085e+01
<MIXTURE> 12 6.701051e-02
<MEAN> 6
 8.519321e+01 6.996185e+02 -6.033356e+02 -2.455782e+00 -5.059188e+00 4.619923e+01
<VARIANCE> 6
 3.163787e+01 4.115201e+04 1.373229e+04 2.940807e+02 3.743564e+04 4.829342e+07
<GCONST> 6.854118e+01
<STATE> 8
<NUMMIXES> 12
<MIXTURE> 1 5.982259e-02
<MEAN> 6
 9.615524e+01 -2.176364e+02 1.067848e+03 -1.230715e+00 8.201549e+00 -2.218283e+01
<VARIANCE> 6
 3.163787e+01 1.670653e+04 1.373229e+04 2.940807e+02 3.743564e+04 4.829342e+07
<GCONST> 6.763971e+01
<MIXTURE> 2 1.074743e-01
<MEAN> 6
 9.887506e+01 -3.502471e+03 -1.406638e+01 -3.775946e+00 2.299305e+01 -3.540166e+01
<VARIANCE> 6
 3.163787e+01 8.620807e+04 1.373229e+04 2.940807e+02 3.743564e+04 4.829342e+07
<GCONST> 6.928069e+01
<MIXTURE> 3 9.719101e-02
<MEAN> 6
 9.061263e+01 -1.350601e+03 7.945713e+02 1.304627e-01 -1.160338e+00 -2.418932e+02
<VARIANCE> 6
 3.163787e+01 1.276023e+04 1.373229e+04 2.940807e+02 3.743564e+04 4.829342e+07
<GCONST> 6.737025e+01
<MIXTURE> 4 2.221208e-02
<MEAN> 6
 9.153823e+01 -8.122938e+02 3.670502e+02 1.211160e+01 -8.339121e+01 -1.814237e+03
<VARIANCE> 6
 1.127733e+02 4.411036e+05 2.324583e+05 2.940807e+02 3.743564e+04 4.829342e+07
<GCONST> 7.501318e+01
<MIXTURE> 5 6.763838e-02
<MEAN> 6
 9.552558e+01 -1.903226e+03 -2.248777e+02 -4.897758e+00 -8.089727e+00 -4.978784e+02
<VARIANCE> 6
 3.163787e+01 5.872458e+04 1.373229e+04 2.940807e+02 3.743564e+04 4.829342e+07
<GCONST> 6.889677e+01
<MIXTURE> 6 1.122156e-01
<MEAN> 6
 1.008318e+02 -3.395156e+02 6.151140e+02 -4.643196e+00 -1.253725e+01 -3.834194e+02
<VARIANCE> 6
 3.163787e+01 1.276023e+04 1.378645e+04 2.940807e+02 3.743564e+04 4.829342e+07
<GCONST> 6.737419e+01
<MIXTURE> 7 7.805497e-02
<MEAN> 6
 1.020888e+02 -2.767069e+03 -2.335482e+02 -3.675440e+00 -4.114516e+01 -3.593171e+02
<VARIANCE> 6
 3.163787e+01 9.136382e+04 1.373229e+04 2.940807e+02 3.743564e+04 4.829342e+07
<GCONST> 6.933876e+01
<MIXTURE> 8 1.108000e-01
<MEAN> 6
 9.441135e+01 -3.986883e+02 7.800531e+02 -9.981026e+00 1.668099e+01 3.092856e+02
<VARIANCE> 6
 4.317434e+01 1.276023e+04 1.373229e+04 2.940807e+02 3.743564e+04 4.829342e+07
<GCONST> 6.768114e+01
<MIXTURE> 9 1.114230e-01
<MEAN> 6
 9.021433e+01 -1.446725e+03 8.512843e+02 -1.414316e-01 2.859181e+00 5.443216e+01
<VARIANCE> 6
 3.163787e+01 1.276023e+04 1.373229e+04 2.940807e+02 3.743564e+04 4.829342e+07
<GCONST> 6.737025e+01
<MIXTURE> 10 9.731508e-02
<MEAN> 6
 9.910702e+01 -4.043086e+03 1.549181e+01 -2.633620e+00 2.378943e+00 1.457022e+01
<VARIANCE> 6
 3.163787e+01 1.276023e+04 1.373229e+04 2.940807e+02 3.743564e+04 4.829342e+07
<GCONST> 6.737025e+01
<MIXTURE> 11 7.535718e-02
<MEAN> 6
 1.030805e+02 -2.933633e+03 -2.500654e+02 -1.594027e+00 -1.346191e+01 -2.194276e+02
<VARIANCE> 6
 3.163787e+01 7.082845e+04 1.373229e+04 2.940807e+02 3.743564e+04 4.829342e+07
<GCONST> 6.908418e+01
<MIXTURE> 12 6.049321e-02
<MEAN> 6
 9.782938e+01 -2.794005e+02 1.031679e+03 -3.475201e-01 4.609344e+00 -1.986794e+02
<VARIANCE> 6
 3.163787e+01 1.276023e+04 1.373229e+04 2.940807e+02 3.743564e+04 4.829342e+07
<GCONST> 6.737025e+01
<STATE> 9
<NUMMIXES> 12
<MIXTURE> 1 8.602019e-02
<MEAN> 6
 5.608843e+01 -9.473811e+02 -4.085055e+02 1.330518e+00 1.168166e+01 -1.677885e+02
<VARIANCE> 6
 3.163787e+01 1.066812e+05 1.373229e+04 2.940807e+02 3.743564e+04 4.829342e+07
<GCONST> 6.949376e+01
<MIXTURE> 2 7.142314e-02
<MEAN> 6
 7.244334e+01 -6.974594e+02 -1.997231e+02 -3.994463e+00 -3.038017e+01 -1.399448e+02
<VARIANCE> 6
 3.163787e+01 2.648997e+04 1.373229e+04 2.940807e+02 3.743564e+04 4.829342e+07
<GCONST> 6.810068e+01
<MIXTURE> 3 1.002592e-01
<MEAN> 6
 6.955219e+01 -7.724238e+02 -9.278514e+02 -1.776663e+00 -4.433104e-01 -7.605430e+01
<VARIANCE> 6
 3.163787e+01 1.276023e+04 8.150199e+04 2.940807e+02 3.743564e+04 4.829342e+07
<GCONST> 6.915112e+01
<MIXTURE> 4 1.280076e-01
<MEAN> 6
 6.323214e+01 -5.008580e+02 -5.336543e+02 -8.252298e-01 3.931212e+00 -8.865111e+01
<VARIANCE> 6
 3.163787e+01 1.276023e+04 1.373229e+04 2.940807e+02 3.743564e+04 4.829342e+07
<GCONST> 6.737025e+01
<MIXTURE> 5 7.304921e-02
<MEAN> 6
 7.334560e+01 -7.761918e+02 -6.143667e+02 -3.537505e+00 3.998840e+00 -1.017160e+02
<VARIANCE> 6
 3.163787e+01 1.276023e+04 1.373229e+04 2.940807e+02 3.743564e+04 4.829342e+07
<GCONST> 6.737025e+01
<MIXTURE> 6 9.075058e-02
<MEAN> 6
 7.783392e+01 -1.827599e+03 -7.969680e+02 8.159376e-01 -3.050994e+00 -2.199383e+02
<VARIANCE> 6
 3.163787e+01 3.110936e+04 1.373229e+04 2.940807e+02 3.743564e+04 4.829342e+07
<GCONST> 6.826143e+01
<MIXTURE> 7 5.803579e-02
<MEAN> 6
 6.295629e+01 -4.978887e+02 -5.300287e+02 -7.274938e-01 4.130269e+00 -8.933578e+01
<VARIANCE> 6
 3.163787e+01 1.276023e+04 1.373229e+04 2.940807e+02 3.743564e+04 4.829342e+07
<GCONST> 6.737025e+01
<MIXTURE> 8 5.809185e-02
<MEAN> 6
 7.583350e+01 -9.424510e+02 -6.402066e+02 -2.898424e+00 -1.445828e+00 -6.960902e+01
<VARIANCE> 6
 3.163787e+01 6.307766e+04 1.373229e+04 2.940807e+02 3.743564e+04 4.829342e+07
<GCONST> 6.896828e+01
<MIXTURE> 9 1.049626e-01
<MEAN> 6
 5.839189e+01 -1.424905e+03 -6.575601e+02 4.490171e+00 -1.826352e+01 4.912896e+00
<VARIANCE> 6
 3.163787e+01 1.276023e+04 1.373229e+04 2.940807e+02 3.743564e+04 4.829342e+07
<GCONST> 6.737025e+01
<MIXTURE> 10 9.764630e-02
<MEAN> 6
 7.223466e+01 -7.352926e+02 -2.097548e+02 -3.939940e+00 -1.692139e+01 -1.036843e+02
<VARIANCE> 6
 3.163787e+01 1.276023e+04 1.373229e+04 2.940807e+02 3.743564e+04 4.829342e+07
<GCONST> 6.737025e+01
<MIXTURE> 11 5.796545e-02
<MEAN> 6
 6.348238e+01 -5.036366e+02 -5.369108e+02 -9.144768e-01 3.757175e+00 -8.790940e+01
<VARIANCE> 6
 3.163787e+01 1.276023e+04 1.373229e+04 2.940807e+02 3.743564e+04 4.829342e+07
<GCONST> 6.737025e+01
<MIXTURE> 12 7.377076e-02
<MEAN> 6
 7.222044e+01 -8.156754e+02 -6.018243e+02 -3.657669e+00 2.660605e+00 -1.136838e+02
<VARIANCE> 6
 3.163787e+01 1.276023e+04 1.373229e+04 2.940807e+02 3.743564e+04 4.829342e+07
<GCONST> 6.737025e+01
<STATE> 10
<NUMMIXES> 12
<MIXTURE> 1 7.160418e-02
<MEAN> 6
 5.273614e+01 4.245780e+02 -2.683380e+02 1.003375e+00 9.859825e-01 -6.250324e+01
<VARIANCE> 6
 3.163787e+01 1.276023e+04 1.373229e+04 2.940807e+02 3.743564e+04 4.829342e+07
<GCONST> 6.737025e+01
<MIXTURE> 2 1.303760e-01
<MEAN> 6
 7.953049e+01 2.062127e+02 -6.989633e+02 1.795764e+00 9.349617e+00 -1.563632e+02
<VARIANCE> 6
 3.163787e+01 1.276023e+04 1.373229e+04 2.940807e+02 3.743564e+04 4.829342e+07
<GCONST> 6.737025e+01
<MIXTURE> 3 5.471922e-02
<MEAN> 6
 5.904671e+01 -3.960881e+02 -1.244999e+02 2.288027e+00 1.916846e+00 -3.953611e+01
<VARIANCE> 6
 3.163787e+01 1.276023e+04 3.363010e+04 2.940807e+02 3.743564e+04 4.829342e+07
<GCONST> 6.826591e+01
<MIXTURE> 4 7.756385e-02
<MEAN> 6
 7.069276e+01 5.086964e+01 -1.055691e+03 -2.927959e+00 -2.711080e+00 2.413392e+01
<VARIANCE> 6
 3.163787e+01 1.276023e+04 1.373229e+04 2.940807e+02 3.743564e+04 4.829342e+07
<GCONST> 6.737025e+01
<MIXTURE> 5 8.247105e-02
<MEAN> 6
 7.341087e+01 -2.310636e+02 -6.247751e+02 1.928841e-01 -4.975212e+00 -4.764660e+01
<VARIANCE> 6
 3.163787e+01 5.803829e+04 1.373229e+04 2.940807e+02 3.743564e+04 4.829342e+07
<GCONST> 6.888501e+01
<MIXTURE> 6 1.013598e-01
<MEAN> 6
 5.928353e+01 -4.097746e+02 -1.961361e+02 6.849634e-01 -2.017963e+00 -7.047546e+01
<VARIANCE> 6
 3.163787e+01 1.276023e+04 1.373229e+04 2.940807e+02 3.743564e+04 4.829342e+07
<GCONST> 6.737025e+01
<MIXTURE> 7 7.812690e-02
<MEAN> 6
 6.799486e+01 1.860557e+01 -8.526571e+02 -7.225147e-01 -6.718139e+00 -1.861498e+02
<VARIANCE> 6
 3.163787e+01 1.276023e+04 1.426610e+04 2.940807e+02 3.743564e+04 4.829342e+07
<GCONST> 6.740839e+01
<MIXTURE> 8 8.360061e-02
<MEAN> 6
 6.497912e+01 -1.599824e+02 -9.280432e+02 -8.523489e-01 -1.022765e+01 -1.502982e+02
<VARIANCE> 6
 3.163787e+01 1.628070e+04 1.373229e+04 2.940807e+02 3.743564e+04 4.829342e+07
<GCONST> 6.761389e+01
<MIXTURE> 9 6.972010e-02
<MEAN> 6
 6.935756e+01 3.672491e+01 -1.012668e+03 -1.871730e+00 -3.244743e+00 -2.447611e+01
<VARIANCE> 6
 3.163787e+01 1.276023e+04 1.894105e+04 2.940807e+02 3.743564e+04 4.829342e+07
<GCONST> 6.769183e+01
<MIXTURE> 10 9.983812e-02
<MEAN> 6
 5.929227e+01 -4.096967e+02 -1.971555e+02 6.890038e-01 -2.111355e+00 -7.211713e+01
<VARIANCE> 6
 3.163787e+01 1.276023e+04 1.373229e+04 2.940807e+02 3.743564e+04 4.829342e+07
<GCONST> 6.737025e+01
<MIXTURE> 11 7.196286e-02
<MEAN> 6
 5.408560e+01 3.701038e+02 -2.752088e+02 1.431952e+00 -1.015308e+00 -3.417045e+01
<VARIANCE> 6
 3.163787e+01 1.276023e+04 1.373229e+04 2.940807e+02 3.743564e+04 4.829342e+07
<GCONST> 6.737025e+01
<MIXTURE> 12 7.864236e-02
<MEAN> 6
 6.725010e+01 -1.187256e+01 -9.057899e+02 -8.133892e-01 -6.749060e+00 -1.696774e+02
<VARIANCE> 6
 3.163787e+01 1.276023e+04 1.373229e+04 2.940807e+02 3.743564e+04 4.829342e+07
<GCONST> 6.737025e+01
<STATE> 11
<NUMMIXES> 12
<MIXTURE> 1 7.371887e-02
<MEAN> 6
 7.141783e+01 1.461761e+02 -2.324841e+02 -8.927059e-01 -6.739861e+00 -1.036256e+02
<VARIANCE> 6
 3.163787e+01 1.276023e+04 1.373229e+04 2.940807e+02 3.743564e+04 4.829342e+07
<GCONST> 6.737025e+01
<MIXTURE> 2 1.503394e-01
<MEAN> 6
 7.340834e+01 1.254910e+01 8.499907e+01 1.024835e+00 -2.646352e-01 -1.878690e+02
<VARIANCE> 6
 3.163787e+01 1.559874e+04 1.373229e+04 2.940807e+02 3.743564e+04 4.829342e+07
<GCONST> 6.757111e+01
<MIXTURE> 3 1.198103e-03
<MEAN> 6
 7.722526e+01 -9.143114e+01 -9.038360e+01 -3.635260e+00 -1.282795e+02 -3.096130e+03
<VARIANCE> 6
 1.210417e+02 1.351884e+06 5.529197e+05 2.940807e+02 7.651801e+04 4.829342e+07
<GCONST> 7.778532e+01
<MIXTURE> 4 8.535381e-02
<MEAN> 6
 7.431508e+01 7.097118e+01 -3.163564e+02 -5.597259e-01 -3.732915e+00 -1.198291e+02
<VARIANCE> 6
 3.163787e+01 1.276023e+04 1.373229e+04 2.940807e+02 3.743564e+04 4.829342e+07
<GCONST> 6.737025e+01
<MIXTURE> 5 7.539944e-02
<MEAN> 6
 6.710445e+01 -3.845322e+01 -2.057539e+02 2.478313e-01 2.236623e+00 -1.198877e+02
<VARIANCE> 6
 3.163787e+01 1.276023e+04 1.373229e+04 2.940807e+02 3.743564e+04 4.829342e+07
<GCONST> 6.737025e+01
<MIXTURE> 6 8.367037e-02
<MEAN> 6
 7.365047e+01 7.973743e+01 -3.097738e+02 -5.063041e-01 -3.472389e+00 -1.173194e+02
<VARIANCE> 6
 3.163787e+01 1.276023e+04 1.373229e+04 2.940807e+02 3.743564e+04 4.829342e+07
<GCONST> 6.737025e+01
<MIXTURE> 7 1.324706e-01
<MEAN> 6
 7.074619e+01 -1.557601e+02 2.804346e+01 5.849100e-01 1.488982e-01 -1.807949e+02
<VARIANCE> 6
 3.163787e+01 1.843333e+04 1.373229e+04 2.940807e+02 3.743564e+04 4.829342e+07
<GCONST> 6.773807e+01
<MIXTURE> 8 7.817373e-02
<MEAN> 6
 6.669141e+01 -4.968979e+01 -2.267565e+02 3.101053e-01 2.391623e+00 -1.167679e+02
<VARIANCE> 6
 3.163787e+01 1.276023e+04 1.373229e+04 2.940807e+02 3.743564e+04 4.829342e+07
<GCONST> 6.737025e+01
<MIXTURE> 9 8.508265e-02
<MEAN> 6
 7.437411e+01 7.014211e+01 -3.169520e+02 -5.642086e-01 -3.756980e+00 -1.201223e+02
<VARIANCE> 6
 3.163787e+01 1.276023e+04 1.373229e+04 2.940807e+02 3.743564e+04 4.829342e+07
<GCONST> 6.737025e+01
<MIXTURE> 10 8.110063e-02
<MEAN> 6
 7.376396e+01 7.717282e+01 -3.124805e+02 -5.002182e-01 -3.407687e+00 -1.186564e+02
<VARIANCE> 6
 3.163787e+01 1.276023e+04 1.373229e+04 2.940807e+02 3.743564e+04 4.829342e+07
<GCONST> 6.737025e+01
<MIXTURE> 11 7.744753e-02
<MEAN> 6
 6.630270e+01 -5.922105e+01 -2.526140e+02 4.068103e-01 3.606024e+00 -1.138655e+02
<VARIANCE> 6
 3.163787e+01 1.276023e+04 1.373229e+04 2.940807e+02 3.743564e+04 4.829342e+07
<GCONST> 6.737025e+01
<MIXTURE> 12 7.600010e-02
<MEAN> 6
 6.615636e+01 -6.950080e+01 -2.453739e+02 3.620819e-01 2.689452e+00 -1.095108e+02
<VARIANCE> 6
 3.163787e+01 1.276023e+04 1.373229e+04 2.940807e+02 3.743564e+04 4.829342e+07
<GCONST> 6.737025e+01
<STATE> 12
<NUMMIXES> 12
<MIXTURE> 1 1.132111e-01
<MEAN> 6
 7.051750e+01 9.393218e+02 6.809539e+02 6.479757e-01 -1.355445e+00 -1.016916e+02
<VARIANCE> 6
 3.163787e+01 3.818801e+04 1.373229e+04 2.940807e+02 3.743564e+04 4.829342e+07
<GCONST> 6.846643e+01
<MIXTURE> 2 1.332581e-01
<MEAN> 6
 7.153468e+01 -3.652072e+02 3.383907e+02 -1.276940e-01 -4.841590e+00 -1.598095e+02
<VARIANCE> 6
 3.163787e+01 1.276023e+04 1.373229e+04 2.940807e+02 3.743564e+04 4.829342e+07
<GCONST> 6.737025e+01
<MIXTURE> 3 1.276678e-01
<MEAN> 6
 6.577370e+01 9.452877e+02 -1.445698e+02 -2.700050e-01 1.383405e+00 -1.444342e+02
<VARIANCE> 6
 3.163787e+01 1.276023e+04 1.373229e+04 2.940807e+02 3.743564e+04 4.829342e+07
<GCONST> 6.737025e+01
<MIXTURE> 4 5.209323e-02
<MEAN> 6
 7.105160e+01 3.821364e+02 2.341740e+02 7.627773e-01 8.658926e+00 2.967520e+01
<VARIANCE> 6
 3.163787e+01 1.887087e+04 1.373229e+04 2.940807e+02 3.743564e+04 4.829342e+07
<GCONST> 6.776154e+01
<MIXTURE> 5 1.286355e-01
<MEAN> 6
 7.507968e+01 -1.025314e+03 1.614491e+02 5.395214e-01 9.468091e+00 -3.796776e+01
<VARIANCE> 6
 3.163787e+01 1.938628e+04 1.030995e+05 2.940807e+02 3.743564e+04 4.829342e+07
<GCONST> 6.980443e+01
<MIXTURE> 6 6.071084e-02
<MEAN> 6
 6.660866e+01 -3.826785e+01 3.827621e+02 2.013527e+00 -9.680923e+00 5.839402e+01
<VARIANCE> 6
 3.163787e+01 1.276023e+04 1.373229e+04 2.940807e+02 3.743564e+04 4.829342e+07
<GCONST> 6.737025e+01
<MIXTURE> 7 6.532660e-02
<MEAN> 6
 5.963140e+01 4.759016e+02 -2.894225e+01 -1.470150e+00 -6.923246e+00 -2.545859e+02
<VARIANCE> 6
 3.163787e+01 1.276023e+04 1.373229e+04 2.940807e+02 3.743564e+04 4.829342e+07
<GCONST> 6.737025e+01
<MIXTURE> 8 6.848844e-02
<MEAN> 6
 6.434777e+01 -5.077479e+02 3.004041e+02 -3.437172e-01 -2.767068e+00 -1.536045e+02
<VARIANCE> 6
 3.163787e+01 1.276023e+04 1.373229e+04 2.940807e+02 3.743564e+04 4.829342e+07
<GCONST> 6.737025e+01
<MIXTURE> 9 1.036848e-01
<MEAN> 6
 6.743273e+01 7.593693e+02 -1.201169e+02 -2.331495e+00 -5.201234e+00 -2.013125e+02
<VARIANCE> 6
 3.163787e+01 1.801674e+04 1.373229e+04 2.940807e+02 3.743564e+04 4.829342e+07
<GCONST> 6.771521e+01
<MIXTURE> 10 6.541910e-03
<MEAN> 6
 7.034001e+01 9.979218e+02 7.058588e+02 -5.477777e-01 -1.199830e+00 -1.590494e+02
<VARIANCE> 6
 3.163787e+01 4.950343e+05 2.199305e+04 2.940807e+02 3.743564e+04 4.829342e+07
<GCONST> 7.149953e+01
<MIXTURE> 11 7.253159e-02
<MEAN> 6
 6.601132e+01 -2.452599e+02 2.813764e+02 1.964478e+00 1.511253e+01 -1.665274e+02
<VARIANCE> 6
 3.163787e+01 1.276023e+04 1.373229e+04 2.940807e+02 3.743564e+04 4.829342e+07
<GCONST> 6.737025e+01
<MIXTURE> 12 6.783548e-02
<MEAN> 6
 6.433945e+01 -5.491677e+02 2.846779e+02 -2.722944e-01 -1.616726e+01 -2.147357e+02
<VARIANCE> 6
 3.163787e+01 1.276023e+04 1.373229e+04 2.940807e+02 3.743564e+04 4.829342e+07
<GCONST> 6.737025e+01
<STATE> 13
<NUMMIXES> 12
<MIXTURE> 1 7.884809e-02
<MEAN> 6
 7.642854e+01 -8.978804e+01 -1.758664e+02 -2.981541e+01 -1.218701e+03 -2.471911e+04
<VARIANCE> 6
 1.254348e+02 2.920411e+05 1.648399e+05 1.252403e+03 4.013239e+05 2.327815e+08
<GCONST> 7.975739e+01
<MIXTURE> 2 2.855501e-02
<MEAN> 6
 8.275805e+01 -8.781292e+03 2.067490e+03 -1.117645e+01 -1.097145e+01 5.211852e+02
<VARIANCE> 6
 3.163787e+01 1.276023e+04 1.402960e+04 2.940807e+02 3.743564e+04 4.829342e+07
<GCONST> 6.739166e+01
<MIXTURE> 3 1.073263e-01
<MEAN> 6
 7.320769e+01 -8.961439e+03 1.317905e+03 -3.198714e-01 -4.722667e+00 -2.242811e+02
<VARIANCE> 6
 3.163787e+01 1.556069e+04 1.017952e+05 2.940807e+02 3.743564e+04 4.829342e+07
<GCONST> 6.957188e+01
<MIXTURE> 4 8.820757e-02
<MEAN> 6
 -7.248640e+01 2.782062e+02 1.163874e+01 -9.661344e+00 1.207677e+03 -4.593100e+03
<VARIANCE> 6
 2.170011e+02 1.310693e+05 1.982568e+06 1.591325e+04 5.969681e+05 3.375987e+08
<GCONST> 8.530244e+01
<MIXTURE> 5 5.585273e-02
<MEAN> 6
 3.095667e+01 -2.837211e+01 4.085680e+02 -3.203259e+02 -9.048094e+02 3.353575e+03
<VARIANCE> 6
 2.544192e+02 7.770389e+04 1.567621e+06 4.270407e+03 5.497215e+05 1.385422e+08
<GCONST> 8.241529e+01
<MIXTURE> 6 1.074377e-01
<MEAN> 6
 6.207769e+01 -2.301875e+02 -7.596035e+01 -2.459360e+02 -2.314425e+03 5.853954e+03
<VARIANCE> 6
 1.905496e+02 9.266750e+05 1.870951e+05 6.409375e+03 7.760771e+05 5.373353e+08
<GCONST> 8.458556e+01
<MIXTURE> 7 1.199189e-01
<MEAN> 6
 -2.184556e+01 8.457161e+01 5.074308e+01 -3.977527e+02 1.629638e+03 3.733986e+04
<VARIANCE> 6
 2.937426e+02 2.590112e+05 6.164506e+05 5.943051e+03 1.659680e+06 8.232874e+08
<GCONST> 8.604726e+01
<MIXTURE> 8 5.888673e-02
<MEAN> 6
 1.650461e+01 -4.713083e+02 -9.592558e+01 -4.364205e+02 -6.504031e+02 2.582041e+04
<VARIANCE> 6
 3.323782e+02 2.483592e+06 3.980314e+05 5.246435e+03 8.472041e+05 5.348528e+08
<GCONST> 8.676554e+01
<MIXTURE> 9 1.233557e-01
<MEAN> 6
 6.387318e+01 -1.241440e+02 -1.274116e+02 -1.119422e+02 -1.199891e+03 -5.730997e+03
<VARIANCE> 6
 1.549492e+02 9.850948e+04 1.788655e+05 2.480825e+03 6.371344e+05 8.436071e+07
<GCONST> 7.909435e+01
<MIXTURE> 10 7.269044e-02
<MEAN> 6
 -4.517130e+01 4.248728e+01 5.239213e+01 -1.749536e+02 2.272916e+03 -1.449123e+04
<VARIANCE> 6
 2.102144e+02 1.170788e+06 1.007470e+05 9.429484e+03 1.457475e+06 7.724817e+08
<GCONST> 8.567788e+01
<MIXTURE> 11 8.207416e-02
<MEAN> 6
 2.288522e+01 -6.901106e+00 4.520618e+01 -3.892364e+02 -1.038046e+03 1.052915e+04
<VARIANCE> 6
 3.675281e+02 4.499766e+04 1.970963e+05 4.092994e+03 3.098434e+05 2.813627e+08
<GCONST> 8.025589e+01
<MIXTURE> 12 7.683707e-02
<MEAN> 6
 -5.265175e+01 -1.577279e+02 -1.339592e+02 -1.606521e+02 2.077521e+03 -1.811742e+04
<VARIANCE> 6
 2.531348e+02 3.530378e+05 1.773786e+05 6.449191e+03 1.167770e+06 5.138486e+08
<GCONST> 8.422131e+01
<STATE> 14
<NUMMIXES> 12
<MIXTURE> 1 1.120508e-02
<MEAN> 6
 1.384020e+01 6.992808e+02 -1.699817e+02 -5.410500e+01 -3.436068e+02 7.432640e+03
<VARIANCE> 6
 7.121181e+03 3.621996e+07 1.243223e+06 5.625119e+05 2.903493e+08 4.417087e+11
<GCONST> 1.108771e+02
<MIXTURE> 2 1.278307e-01
<MEAN> 6
 2.808522e+01 1.235846e+02 2.316888e+01 2.437744e+02 -4.194276e+01 -2.836051e+03
<VARIANCE> 6
 7.257758e+02 2.019203e+05 1.103803e+05 7.310112e+03 1.790694e+05 6.367321e+07
<GCONST> 8.040363e+01
<MIXTURE> 3 6.709225e-02
<MEAN> 6
 5.383415e+01 2.116440e+02 3.795000e+01 -2.459801e+00 -5.260553e+02 2.193338e+03
<VARIANCE> 6
 4.179670e+03 1.546054e+06 1.102903e+06 6.130847e+04 3.579146e+06 2.245272e+09
<GCONST> 9.517633e+01
<MIXTURE> 4 5.445040e-02
<MEAN> 6
 1.050749e+02 -4.383249e-01 5.221152e+01 -9.047026e+00 -2.383151e+01 -3.288980e+02
<VARIANCE> 6
 8.940611e+01 2.964835e+06 3.258764e+05 2.940807e+02 3.743564e+04 4.829342e+07
<GCONST> 7.702409e+01
<MIXTURE> 5 9.109030e-02
<MEAN> 6
 -3.954930e+01 1.947241e+01 8.613241e+00 -1.003401e+02 1.448932e+03 1.430364e+03
<VARIANCE> 6
 4.995704e+02 1.482888e+05 1.044528e+05 5.007325e+04 1.005410e+06 7.787011e+08
<GCONST> 8.581970e+01
<MIXTURE> 6 7.574669e-02
<MEAN> 6
 9.114877e+01 5.975560e+01 1.216175e+02 6.133277e+00 -5.651540e+02 7.923961e+02
<VARIANCE> 6
 2.489664e+02 2.104610e+05 1.582667e+05 1.539300e+04 2.413710e+05 8.540197e+07
<GCONST> 8.107231e+01
<MIXTURE> 7 1.386547e-01
<MEAN> 6
 -4.215370e+01 9.207573e+01 2.285568e+01 7.164520e+01 7.745450e+02 -9.878896e+02
<VARIANCE> 6
 3.607477e+02 1.781652e+05 1.217973e+05 1.739906e+04 1.811757e+05 6.227898e+07
<GCONST> 8.053455e+01
<MIXTURE> 8 7.372414e-02
<MEAN> 6
 8.559665e+01 1.057471e+01 6.298109e+01 4.969293e+01 -1.001566e+03 -3.968497e+03
<VARIANCE> 6
 5.249971e+02 6.583779e+04 7.192048e+04 3.690027e+04 1.298644e+06 5.737277e+08
<GCONST> 8.432938e+01
<MIXTURE> 9 7.748409e-02
<MEAN> 6
 -5.532604e+01 1.378915e+02 1.724637e+01 7.477670e+00 1.892428e+02 4.380591e+02
<VARIANCE> 6
 2.941280e+02 2.637733e+05 1.367146e+05 7.281683e+02 7.233138e+04 4.829342e+07
<GCONST> 7.649213e+01
<MIXTURE> 10 1.163437e-01
<MEAN> 6
 9.257850e+01 -6.774097e+01 -6.670049e+01 -4.723173e+00 -2.640074e+01 -2.423332e+02
<VARIANCE> 6
 2.360934e+02 1.451126e+05 1.112168e+05 2.940807e+02 3.743564e+04 4.829342e+07
<GCONST> 7.390303e+01
<MIXTURE> 11 9.146173e-02
<MEAN> 6
 2.786319e+01 2.733117e+01 9.727240e+01 -2.794661e+02 -3.365840e+02 5.316500e+03
<VARIANCE> 6
 7.445063e+02 1.036615e+05 1.262225e+05 8.697422e+03 5.144794e+05 1.690943e+08
<GCONST> 8.210233e+01
<MIXTURE> 12 7.426661e-02
<MEAN> 6
 8.662047e+01 -1.285717e+02 -1.528452e+01 -5.067920e+01 -7.586230e+02 -1.888759e+03
<VARIANCE> 6
 2.716752e+02 2.866212e+05 1.451883e+05 1.865263e+04 2.354474e+05 7.514344e+07
<GCONST> 8.142147e+01
<TRANSP> 15
 0.000000e+00 1.000000e+00 0.000000e+00 0.000000e+00 0.000000e+00 0.000000e+00 0.000000e+00 0.000000e+00 0.000000e+00 0.000000e+00 0.000000e+00 0.000000e+00 0.000000e+00 0.000000e+00 0.000000e+00
 0.000000e+00 9.998212e-01 1.787974e-04 0.000000e+00 0.000000e+00 0.000000e+00 0.000000e+00 0.000000e+00 0.000000e+00 0.000000e+00 0.000000e+00 0.000000e+00 0.000000e+00 0.000000e+00 0.000000e+00
 0.000000e+00 0.000000e+00 9.939582e-01 6.041854e-03 0.000000e+00 0.000000e+00 0.000000e+00 0.000000e+00 0.000000e+00 0.000000e+00 0.000000e+00 0.000000e+00 0.000000e+00 0.000000e+00 0.000000e+00
 0.000000e+00 0.000000e+00 0.000000e+00 9.963871e-01 3.612942e-03 0.000000e+00 0.000000e+00 0.000000e+00 0.000000e+00 0.000000e+00 0.000000e+00 0.000000e+00 0.000000e+00 0.000000e+00 0.000000e+00
 0.000000e+00 0.000000e+00 0.000000e+00 0.000000e+00 9.979563e-01 2.043633e-03 0.000000e+00 0.000000e+00 0.000000e+00 0.000000e+00 0.000000e+00 0.000000e+00 0.000000e+00 0.000000e+00 0.000000e+00
 0.000000e+00 0.000000e+00 0.000000e+00 0.000000e+00 0.000000e+00 9.955257e-01 4.474332e-03 0.000000e+00 0.000000e+00 0.000000e+00 0.000000e+00 0.000000e+00 0.000000e+00 0.000000e+00 0.000000e+00
 0.000000e+00 0.000000e+00 0.000000e+00 0.000000e+00 0.000000e+00 0.000000e+00 9.968349e-01 3.165075e-03 0.000000e+00 0.000000e+00 0.000000e+00 0.000000e+00 0.000000e+00 0.000000e+00 0.000000e+00
 0.000000e+00 0.000000e+00 0.000000e+00 0.000000e+00 0.000000e+00 0.000000e+00 0.000000e+00 9.950127e-01 4.987251e-03 0.000000e+00 0.000000e+00 0.000000e+00 0.000000e+00 0.000000e+00 0.000000e+00
 0.000000e+00 0.000000e+00 0.000000e+00 0.000000e+00 0.000000e+00 0.000000e+00 0.000000e+00 0.000000e+00 9.967084e-01 3.291591e-03 0.000000e+00 0.000000e+00 0.000000e+00 0.000000e+00 0.000000e+00
 0.000000e+00 0.000000e+00 0.000000e+00 0.000000e+00 0.000000e+00 0.000000e+00 0.000000e+00 0.000000e+00 0.000000e+00 9.978223e-01 2.177701e-03 0.000000e+00 0.000000e+00 0.000000e+00 0.000000e+00
 0.000000e+00 0.000000e+00 0.000000e+00 0.000000e+00 0.000000e+00 0.000000e+00 0.000000e+00 0.000000e+00 0.000000e+00 0.000000e+00 9.988312e-01 1.168827e-03 0.000000e+00 0.000000e+00 0.000000e+00
 0.000000e+00 0.000000e+00 0.000000e+00 0.000000e+00 0.000000e+00 0.000000e+00 0.000000e+00 0.000000e+00 0.000000e+00 0.000000e+00 0.000000e+00 9.979215e-01 2.078481e-03 0.000000e+00 0.000000e+00
 0.000000e+00 0.000000e+00 0.000000e+00 0.000000e+00 0.000000e+00 0.000000e+00 0.000000e+00 0.000000e+00 0.000000e+00 0.000000e+00 0.000000e+00 0.000000e+00 9.976900e-01 2.309994e-03 0.000000e+00
 0.000000e+00 0.000000e+00 0.000000e+00 0.000000e+00 0.000000e+00 0.000000e+00 0.000000e+00 0.000000e+00 0.000000e+00 0.000000e+00 0.000000e+00 0.000000e+00 0.000000e+00 9.999408e-01 5.921826e-05
 0.000000e+00 0.000000e+00 0.000000e+00 0.000000e+00 0.000000e+00 0.000000e+00 0.000000e+00 0.000000e+00 0.000000e+00 0.000000e+00 0.000000e+00 0.000000e+00 0.000000e+00 0.000000e+00 0.000000e+00
<ENDHMM>
~h "SegundoESO"
<BEGINHMM>
<NUMSTATES> 15
<STATE> 2
<NUMMIXES> 12
<MIXTURE> 1 5.981616e-02
<MEAN> 6
 7.257951e+01 1.098542e+04 -1.215819e+03 -6.774833e-01 -3.324789e+00 -1.378260e+02
<VARIANCE> 6
 3.163787e+01 3.532923e+07 3.054694e+04 2.940807e+02 3.743564e+04 4.829342e+07
<GCONST> 7.609590e+01
<MIXTURE> 2 9.439926e-02
<MEAN> 6
 6.746189e+01 1.430242e+03 4.829058e+01 -1.120891e+00 -3.701288e+00 -8.847926e+01
<VARIANCE> 6
 3.163787e+01 9.337211e+04 1.373229e+04 2.940807e+02 3.743564e+04 4.829342e+07
<GCONST> 6.936050e+01
<MIXTURE> 3 1.178238e-01
<MEAN> 6
 7.465562e+01 2.385252e+02 -4.436501e+03 -4.035984e-01 -6.676395e+00 -4.178252e+01
<VARIANCE> 6
 3.163787e+01 1.551302e+05 5.871752e+06 2.940807e+02 3.743564e+04 4.829342e+07
<GCONST> 7.592633e+01
<MIXTURE> 4 8.403182e-02
<MEAN> 6
 5.815856e+01 6.641385e+02 -3.669608e+03 2.006452e+00 -1.522284e+00 -5.117263e+01
<VARIANCE> 6
 3.163787e+01 1.276023e+04 9.460136e+05 2.940807e+02 3.743564e+04 4.829342e+07
<GCONST> 7.160275e+01
<MIXTURE> 5 8.941178e-02
<MEAN> 6
 6.515942e+01 1.626844e+03 -1.712384e+03 3.105748e-01 -1.283214e+00 -6.775706e+01
<VARIANCE> 6
 5.294627e+01 4.485904e+04 6.274339e+05 2.940807e+02 3.743564e+04 4.829342e+07
<GCONST> 7.296425e+01
<MIXTURE> 6 8.265609e-02
<MEAN> 6
 5.832499e+01 2.633425e+03 -2.540449e+02 3.825607e-01 -4.585171e+00 -1.708371e+02
<VARIANCE> 6
 3.163787e+01 1.619045e+04 1.373229e+04 2.940807e+02 3.743564e+04 4.829342e+07
<GCONST> 6.760834e+01
<MIXTURE> 7 8.762024e-02
<MEAN> 6
 6.659071e+01 8.344106e+02 -1.041654e+03 1.352087e+00 -4.033850e+00 -6.765195e+01
<VARIANCE> 6
 3.163787e+01 1.276023e+04 9.213468e+04 2.940807e+02 3.743564e+04 4.829342e+07
<GCONST> 6.927374e+01
<MIXTURE> 8 1.028768e-01
<MEAN> 6
 7.463676e+01 -2.927704e+02 -7.465177e+03 -1.049718e-01 -3.100488e+00 -7.531950e+01
<VARIANCE> 6
 3.163787e+01 1.779747e+04 3.996924e+06 2.940807e+02 3.743564e+04 4.829342e+07
<GCONST> 7.337650e+01
<MIXTURE> 9 7.793118e-02
<MEAN> 6
 6.265302e+01 7.204783e+01 -1.604764e+03 2.547174e-01 2.490294e-01 -1.320034e+02
<VARIANCE> 6
 3.163787e+01 4.385196e+04 1.545697e+05 2.940807e+02 3.743564e+04 4.829342e+07
<GCONST> 7.102563e+01
<MIXTURE> 10 6.505437e-02
<MEAN> 6
 6.031171e+01 1.833593e+03 -3.250142e+02 3.242218e-01 -3.646319e+00 -1.940233e+02
<VARIANCE> 6
 3.163787e+01 1.276023e+04 1.373229e+04 2.940807e+02 3.743564e+04 4.829342e+07
<GCONST> 6.737025e+01
<MIXTURE> 11 6.010377e-02
<MEAN> 6
 5.545736e+01 2.670864e+02 -4.062735e+03 7.058588e-01 1.311810e+00 -2.397772e+01
<VARIANCE> 6
 3.163787e+01 5.771706e+04 1.457915e+06 2.940807e+02 3.743564e+04 4.829342e+07
<GCONST> 7.354448e+01
<MIXTURE> 12 7.825317e-02
<MEAN> 6
 6.291044e+01 5.698241e+01 -1.701587e+03 4.031143e-01 -7.012540e-01 -1.300322e+02
<VARIANCE> 6
 3.163787e+01 5.064636e+04 9.631281e+04 2.940807e+02 3.743564e+04 4.829342e+07
<GCONST> 7.069664e+01
<STATE> 3
<NUMMIXES> 12
<MIXTURE> 1 7.517946e-02
<MEAN> 6
 7.506624e+01 5.783726e+02 5.019392e+02 -8.046314e-02 -1.252341e+00 -4.924695e+01
<VARIANCE> 6
 3.163787e+01 4.081821e+04 7.671112e+04 2.940807e+02 3.743564e+04 4.829342e+07
<GCONST> 7.025334e+01
<MIXTURE> 2 1.055844e-01
<MEAN> 6
 8.202155e+01 -7.853920e+02 1.297089e+02 -3.607942e-01 -6.421487e+00 -8.028519e+01
<VARIANCE> 6
 3.163787e+01 1.539570e+04 1.985403e+04 2.940807e+02 3.743564e+04 4.829342e+07
<GCONST> 6.792667e+01
<MIXTURE> 3 3.696762e-02
<MEAN> 6
 6.025362e+01 1.750633e+02 3.639875e+02 -2.670376e+00 9.805547e+00 -1.242087e+02
<VARIANCE> 6
 1.693327e+02 1.276023e+04 1.010224e+05 2.940807e+02 3.743564e+04 4.829342e+07
<GCONST> 7.104335e+01
<MIXTURE> 4 7.461853e-02
<MEAN> 6
 7.180905e+01 -3.829906e+02 4.440137e+02 -1.188299e-01 -5.483546e+00 -6.168750e+01
<VARIANCE> 6
 3.163787e+01 1.276023e+04 1.414608e+05 2.940807e+02 3.743564e+04 4.829342e+07
<GCONST> 6.970251e+01
<MIXTURE> 5 1.453885e-01
<MEAN> 6
 7.090432e+01 4.415972e+02 -3.090952e+02 -2.799073e-01 -1.815054e+00 -6.125090e+01
<VARIANCE> 6
 3.163787e+01 1.276023e+04 1.215493e+05 2.940807e+02 3.743564e+04 4.829342e+07
<GCONST> 6.955081e+01
<MIXTURE> 6 9.235328e-02
<MEAN> 6
 7.231937e+01 2.997532e+01 -5.120499e+02 -6.408667e-01 -3.108003e+00 -1.510180e+02
<VARIANCE> 6
 3.163787e+01 1.769895e+04 3.734842e+04 2.940807e+02 3.743564e+04 4.829342e+07
<GCONST> 6.869797e+01
<MIXTURE> 7 9.117669e-02
<MEAN> 6
 6.436230e+01 -6.208017e+02 4.286713e+01 8.159174e-02 -4.539491e-01 -8.638001e+01
<VARIANCE> 6
 3.163787e+01 1.412352e+05 4.679139e+04 2.940807e+02 3.743564e+04 4.829342e+07
<GCONST> 7.100029e+01
<MIXTURE> 8 1.166013e-02
<MEAN> 6
 7.188524e+01 1.429376e+02 1.377140e+03 -1.252330e+00 -2.821276e+00 3.526747e+01
<VARIANCE> 6
 3.163787e+01 2.889922e+05 1.756296e+06 2.940807e+02 3.743564e+04 4.829342e+07
<GCONST> 7.534152e+01
<MIXTURE> 9 9.673509e-02
<MEAN> 6
 6.660696e+01 -4.707651e+01 2.075208e+02 -5.613183e-01 -5.799651e+00 -1.019880e+02
<VARIANCE> 6
 3.163787e+01 3.146687e+04 1.373229e+04 2.940807e+02 3.743564e+04 4.829342e+07
<GCONST> 6.827284e+01
<MIXTURE> 10 1.234816e-01
<MEAN> 6
 6.174855e+01 -4.570343e+02 -3.985693e+02 -2.944644e-02 4.557779e-01 -7.707307e+01
<VARIANCE> 6
 3.163787e+01 5.125346e+04 1.028449e+05 2.940807e+02 3.743564e+04 4.829342e+07
<GCONST> 7.077417e+01
<MIXTURE> 11 7.036206e-02
<MEAN> 6
 7.014423e+01 -4.069342e+02 1.935518e+02 -3.622452e-01 -6.449414e+00 -7.948250e+01
<VARIANCE> 6
 4.214714e+01 1.276023e+04 6.912981e+04 2.940807e+02 3.743564e+04 4.829342e+07
<GCONST> 6.927330e+01
<MIXTURE> 12 7.638023e-02
<MEAN> 6
 7.473601e+01 5.137509e+02 3.562344e+02 -6.418570e-01 -2.440024e+00 -6.437496e+01
<VARIANCE> 6
 3.163787e+01 4.832523e+04 4.586024e+04 2.940807e+02 3.743564e+04 4.829342e+07
<GCONST> 6.990771e+01
<STATE> 4
<NUMMIXES> 12
<MIXTURE> 1 4.614104e-03
<MEAN> 6
 7.241570e+01 -7.952625e+03 2.158790e+04 -6.251046e+00 4.008937e+01 -3.704294e+02
<VARIANCE> 6
 2.096626e+02 5.513345e+06 5.746842e+06 7.896873e+03 5.331001e+05 9.948257e+07
<GCONST> 8.803578e+01
<MIXTURE> 2 9.882791e-02
<MEAN> 6
 -4.489606e+01 6.816828e+02 3.787445e+03 4.850659e+01 7.791550e+02 -1.292491e+03
<VARIANCE> 6
 6.608259e+02 4.809564e+05 1.862391e+06 4.849281e+04 2.767702e+05 1.031386e+08
<GCONST> 8.681335e+01
<MIXTURE> 3 6.565565e-02
<MEAN> 6
 8.742487e+01 -7.614226e+02 2.987853e+03 -2.897685e+00 -4.278551e+01 -5.072643e+01
<VARIANCE> 6
 1.715259e+02 2.567317e+06 5.642760e+06 2.940807e+02 3.743564e+04 4.829342e+07
<GCONST> 8.038329e+01
<MIXTURE> 4 9.686576e-02
<MEAN> 6
 8.530634e+01 -1.343193e+03 2.991992e+02 -2.234091e+00 -4.410435e+00 -1.039034e+02
<VARIANCE> 6
 5.341765e+01 4.432093e+05 6.610588e+04 2.940807e+02 3.743564e+04 4.829342e+07
<GCONST> 7.301326e+01
<MIXTURE> 5 9.461553e-02
<MEAN> 6
 8.707681e+01 -6.277908e+02 2.244163e+03 2.833926e+01 -6.057756e+02 -5.627808e+02
<VARIANCE> 6
 1.920110e+02 9.016848e+05 3.244598e+06 1.240469e+04 1.292615e+05 4.829342e+07
<GCONST> 8.387756e+01
<MIXTURE> 6 1.552635e-01
<MEAN> 6
 7.616116e+01 -1.412244e+03 -2.772775e+02 -1.566140e+00 -4.683698e+00 -1.175302e+02
<VARIANCE> 6
 1.017686e+02 2.676473e+06 1.398722e+05 2.940807e+02 3.743564e+04 4.829342e+07
<GCONST> 7.620551e+01
<MIXTURE> 7 8.952767e-02
<MEAN> 6
 7.671833e+01 4.801744e+02 1.260606e+03 -3.768551e-01 -8.193049e+00 -8.854981e+01
<VARIANCE> 6
 3.163787e+01 1.265579e+06 1.376148e+06 2.940807e+02 3.743564e+04 4.829342e+07
<GCONST> 7.657449e+01
<MIXTURE> 8 5.332429e-02
<MEAN> 6
 -5.376115e+01 -3.094836e+02 1.057403e+03 7.963417e+00 6.374360e+01 1.772329e+02
<VARIANCE> 6
 4.489814e+02 3.208155e+06 4.181851e+06 3.347112e+02 3.743564e+04 4.829342e+07
<GCONST> 8.139816e+01
<MIXTURE> 9 7.583473e-02
<MEAN> 6
 7.145884e+01 -9.320943e+01 1.687123e+03 -1.835672e+00 -4.397845e+00 -1.495936e+02
<VARIANCE> 6
 5.513593e+01 1.857135e+05 7.538474e+04 2.940807e+02 3.743564e+04 4.829342e+07
<GCONST> 7.230643e+01
<MIXTURE> 10 1.141397e-01
<MEAN> 6
 4.753011e+01 1.360815e+02 2.606245e+03 -1.196616e+01 -7.519713e+02 5.084885e+02
<VARIANCE> 6
 7.506637e+02 1.813102e+06 4.770232e+06 7.399188e+04 4.125817e+05 1.734351e+08
<GCONST> 9.054989e+01
<MIXTURE> 11 5.998616e-02
<MEAN> 6
 -4.308252e+01 -2.054446e+02 1.878368e+03 -6.761462e+01 1.140048e+03 1.666479e+03
<VARIANCE> 6
 6.164509e+02 3.458262e+06 1.870502e+06 4.521332e+04 5.122215e+05 2.608790e+08
<GCONST> 9.019447e+01
<MIXTURE> 12 9.123130e-02
<MEAN> 6
 7.443047e+01 1.384693e+02 9.105731e+02 -1.231963e-01 -9.021489e+00 -9.756910e+01
<VARIANCE> 6
 3.163787e+01 1.816628e+06 1.280354e+06 2.940807e+02 3.743564e+04 4.829342e+07
<GCONST> 7.686380e+01
<STATE> 5
<NUMMIXES> 12
<MIXTURE> 1 1.176026e-01
<MEAN> 6
 6.886205e+01 -4.738637e+01 -1.775731e+02 -4.673408e+01 -9.159215e+02 -1.238437e+04
<VARIANCE> 6
 6.847922e+01 6.055968e+05 6.845308e+05 7.215801e+02 1.286129e+05 7.827706e+07
<GCONST> 7.852602e+01
<MIXTURE> 2 1.100921e-01
<MEAN> 6
 5.847191e+01 5.303279e+01 -2.889276e+02 -1.344167e+02 -1.146457e+03 -1.438784e+03
<VARIANCE> 6
 7.197546e+01 1.020769e+06 6.385044e+05 1.490428e+03 2.667587e+05 4.829342e+07
<GCONST> 8.000026e+01
<MIXTURE> 3 4.497372e-02
<MEAN> 6
 5.256356e+00 1.792866e+02 2.130815e+02 -3.424118e+02 -1.852572e+02 1.416081e+04
<VARIANCE> 6
 3.143030e+02 2.103555e+05 5.761528e+06 1.472666e+03 4.903895e+05 2.091081e+08
<GCONST> 8.415704e+01
<MIXTURE> 4 6.431900e-02
<MEAN> 6
 -3.260864e+01 8.300312e+02 -1.444873e+02 -3.795345e+02 1.839606e+03 3.874695e+04
<VARIANCE> 6
 2.815881e+02 1.775396e+06 9.876412e+05 7.992217e+03 2.215486e+06 9.802464e+08
<GCONST> 8.916084e+01
<MIXTURE> 5 5.697687e-02
<MEAN> 6
 6.306097e+01 -2.207871e+02 1.410338e+02 -1.989654e+02 -2.281678e+03 -3.224931e+01
<VARIANCE> 6
 1.390149e+02 4.533352e+05 8.490758e+04 8.307934e+03 3.604484e+05 6.105896e+08
<GCONST> 8.238556e+01
<MIXTURE> 6 6.219150e-02
<MEAN> 6
 1.549535e+01 -1.027273e+03 -2.911795e+02 -3.767870e+02 -6.901740e+02 1.586970e+04
<VARIANCE> 6
 3.490631e+02 1.403776e+07 2.479751e+06 4.818378e+03 8.438462e+05 3.554436e+08
<GCONST> 8.987823e+01
<MIXTURE> 7 1.090963e-01
<MEAN> 6
 -5.440529e+01 -7.864183e+02 1.677343e+02 -7.551485e+00 1.726087e+03 -6.299438e+03
<VARIANCE> 6
 7.836131e+01 2.450040e+06 3.608203e+05 2.017019e+04 8.088526e+05 2.127256e+08
<GCONST> 8.558719e+01
<MIXTURE> 8 6.553841e-02
<MEAN> 6
 2.212528e+01 1.089111e+02 -4.053697e+01 -2.920953e+02 -6.736416e+02 5.297102e+03
<VARIANCE> 6
 1.839456e+02 7.843936e+05 8.404396e+04 2.971183e+03 2.234234e+05 1.554214e+08
<GCONST> 8.032885e+01
<MIXTURE> 9 8.800709e-02
<MEAN> 6
 4.529142e+01 -9.851101e+01 -5.933692e+01 -2.426883e+02 -1.182920e+03 4.323053e+03
<VARIANCE> 6
 7.717713e+01 9.561739e+05 1.091612e+06 1.921317e+03 1.631701e+05 5.067588e+07
<GCONST> 8.035150e+01
<MIXTURE> 10 1.227285e-01
<MEAN> 6
 -3.010008e+01 -3.305216e+02 6.480093e+01 -2.563062e+02 1.466438e+03 8.735280e+03
<VARIANCE> 6
 2.025826e+02 1.188564e+06 9.006006e+05 4.150645e+03 5.123303e+05 2.743040e+08
<GCONST> 8.494498e+01
<MIXTURE> 11 7.284894e-02
<MEAN> 6
 1.080517e+01 -3.667111e+02 -5.156708e+01 -3.503368e+02 -5.503875e+02 7.596503e+03
<VARIANCE> 6
 3.029815e+02 5.853394e+05 1.712559e+05 5.609602e+03 1.519587e+05 1.422143e+08
<GCONST> 8.140825e+01
<MIXTURE> 12 8.561058e-02
<MEAN> 6
 -6.149568e+01 -3.983232e+02 -4.990984e+02 -5.151379e+01 1.639845e+03 -1.877319e+04
<VARIANCE> 6
 1.071678e+02 1.966916e+06 9.476070e+05 5.150739e+03 1.088268e+06 6.380410e+08
<GCONST> 8.667623e+01
<STATE> 6
<NUMMIXES> 12
<MIXTURE> 1 2.032913e-02
<MEAN> 6
 4.958677e+01 -1.842848e+02 -5.918843e+02 -7.061829e+01 -8.495242e+02 5.008037e+03
<VARIANCE> 6
 1.685917e+03 4.198580e+06 2.870760e+06 6.267929e+04 1.953818e+06 1.494631e+09
<GCONST> 9.523390e+01
<MIXTURE> 2 7.785528e-02
<MEAN> 6
 8.602990e+01 -5.786667e+01 1.525592e+02 -5.726378e+00 -7.882787e+01 -3.130651e+02
<VARIANCE> 6
 1.092976e+02 5.322798e+05 4.019474e+05 2.940807e+02 3.743564e+04 4.829342e+07
<GCONST> 7.571738e+01
<MIXTURE> 3 6.417838e-02
<MEAN> 6
 -4.068080e+01 -1.862444e+00 1.238137e+02 1.470920e+02 9.390755e+02 -1.188035e+03
<VARIANCE> 6
 1.510341e+02 4.828694e+05 1.937672e+05 9.587038e+03 1.451429e+05 5.041995e+07
<GCONST> 8.009622e+01
<MIXTURE> 4 1.099565e-01
<MEAN> 6
 4.581288e+01 -4.221030e+01 -1.196742e+01 1.414199e+02 -4.767755e+02 -7.901133e+02
<VARIANCE> 6
 2.196879e+02 1.004505e+06 5.051730e+05 2.818171e+04 1.009496e+05 4.829342e+07
<GCONST> 8.283374e+01
<MIXTURE> 5 1.042191e-01
<MEAN> 6
 -6.099036e+01 -3.196862e+01 -8.346912e+00 1.161283e+01 2.579354e+02 -1.461264e+02
<VARIANCE> 6
 7.164814e+01 5.098664e+05 5.329031e+05 7.374735e+02 8.618270e+04 4.829342e+07
<GCONST> 7.728729e+01
<MIXTURE> 6 1.358427e-01
<MEAN> 6
 3.771929e+00 2.444958e+02 -7.633536e+00 -2.562679e+02 3.516377e+01 3.850150e+03
<VARIANCE> 6
 6.103455e+02 6.949466e+05 5.206971e+05 3.689576e+03 1.971543e+05 1.140980e+08
<GCONST> 8.301338e+01
<MIXTURE> 7 8.754035e-02
<MEAN> 6
 8.785566e+01 1.618700e+02 9.578091e+01 3.412055e+01 -8.942506e+02 -1.019916e+03
<VARIANCE> 6
 2.403082e+02 1.458284e+06 6.439902e+05 1.466339e+04 5.712092e+05 3.048741e+08
<GCONST> 8.646143e+01
<MIXTURE> 8 7.978188e-02
<MEAN> 6
 -5.071693e+01 1.989000e+02 1.459640e+02 -1.270289e+02 1.418973e+03 2.411735e+03
<VARIANCE> 6
 1.729835e+02 8.074688e+05 8.024097e+05 1.573192e+04 5.503676e+05 4.616316e+08
<GCONST> 8.620956e+01
<MIXTURE> 9 9.219754e-02
<MEAN> 6
 7.740230e+01 -1.586283e+02 1.175649e+02 3.357801e+01 -5.296324e+02 -9.637658e+02
<VARIANCE> 6
 1.242491e+02 4.547624e+05 3.790809e+05 1.165009e+04 7.668767e+04 4.829342e+07
<GCONST> 8.002596e+01
<MIXTURE> 10 8.575729e-02
<MEAN> 6
 9.354584e-01 -6.654671e+01 -2.545820e+01 2.598010e+02 1.035125e+02 -6.203187e+03
<VARIANCE> 6
 2.433122e+02 6.662399e+05 3.832336e+05 3.193037e+03 1.423254e+05 6.769127e+07
<GCONST> 8.075248e+01
<MIXTURE> 11 7.255084e-02
<MEAN> 6
 6.737503e+01 1.511626e+02 6.915246e+01 -1.653431e+02 -8.805126e+02 1.848061e+03
<VARIANCE> 6
 1.971194e+02 4.866122e+05 2.115828e+05 7.314895e+03 1.146983e+05 5.657146e+07
<GCONST> 8.006741e+01
<MIXTURE> 12 6.950270e-02
<MEAN> 6
 -4.784734e+01 -1.021773e+02 8.542966e+00 5.885896e+01 7.940161e+02 -9.199189e+02
<VARIANCE> 6
 1.551875e+02 4.423735e+05 2.464187e+05 1.291811e+04 1.203688e+05 4.904928e+07
<GCONST> 8.035963e+01
<STATE> 7
<NUMMIXES> 12
<MIXTURE> 1 7.722040e-02
<MEAN> 6
 9.807250e+01 -3.491177e+03 1.084852e+04 -1.899366e+00 -2.585368e+01 2.009510e+02
<VARIANCE> 6
 3.163787e+01 4.977147e+05 7.800677e+06 2.940807e+02 3.743564e+04 4.829342e+07
<GCONST> 7.737616e+01
<MIXTURE> 2 2.601086e-02
<MEAN> 6
 7.118607e+01 -3.328850e+03 2.966064e+03 -2.628677e+00 -2.603846e+00 -1.750838e+01
<VARIANCE> 6
 3.163787e+01 6.764106e+04 4.800590e+04 2.940807e+02 3.743564e+04 4.829342e+07
<GCONST> 7.028970e+01
<MIXTURE> 3 7.445227e-02
<MEAN> 6
 2.049157e-01 -3.114298e+02 -6.427340e+01 3.167285e+02 1.283537e+02 -1.123333e+04
<VARIANCE> 6
 1.987600e+02 1.400639e+06 1.108719e+06 4.257512e+03 3.161128e+05 4.995684e+07
<GCONST> 8.313748e+01
<MIXTURE> 4 7.473835e-02
<MEAN> 6
 6.804411e+01 -4.035010e+03 3.459460e+03 -9.600224e-01 -4.180621e+00 -1.333214e+02
<VARIANCE> 6
 3.163787e+01 2.475140e+04 1.373229e+04 2.940807e+02 3.743564e+04 4.829342e+07
<GCONST> 6.803279e+01
<MIXTURE> 5 1.431230e-01
<MEAN> 6
 8.905072e+01 -4.394900e+03 4.279222e+03 -1.425343e+00 -1.628196e+01 -2.622183e+02
<VARIANCE> 6
 3.163787e+01 1.276023e+04 2.502136e+06 2.940807e+02 3.743564e+04 4.829342e+07
<GCONST> 7.257539e+01
<MIXTURE> 6 6.681522e-02
<MEAN> 6
 8.275730e+01 -4.843084e+03 1.151517e+04 -2.585378e-02 1.871262e+00 5.809217e+01
<VARIANCE> 6
 3.163787e+01 2.635783e+04 6.886834e+06 2.940807e+02 3.743564e+04 4.829342e+07
<GCONST> 7.431329e+01
<MIXTURE> 7 1.005474e-01
<MEAN> 6
 -2.209948e+01 -3.028517e+01 -9.041113e+01 2.535038e+02 7.060307e+02 -9.507559e+03
<VARIANCE> 6
 5.826764e+01 4.413200e+05 3.019608e+05 1.966416e+03 1.687005e+05 6.185282e+07
<GCONST> 7.826801e+01
<MIXTURE> 8 7.588080e-02
<MEAN> 6
 -3.908000e+01 -2.676673e+01 -2.253647e+01 1.902332e+02 1.067183e+03 -1.644399e+02
<VARIANCE> 6
 4.794356e+01 5.374615e+05 7.270609e+05 1.787765e+03 1.977340e+05 4.829342e+07
<GCONST> 7.896487e+01
<MIXTURE> 9 9.482127e-02
<MEAN> 6
 -5.530495e+01 2.770348e+02 -4.583633e+01 1.030820e+02 9.171794e+02 2.282221e+03
<VARIANCE> 6
 6.521255e+01 2.443939e+05 8.504714e+05 1.114263e+03 7.756002e+04 4.829342e+07
<GCONST> 7.723256e+01
<MIXTURE> 10 1.144818e-01
<MEAN> 6
 -5.404797e+01 -2.622733e+02 -4.280100e+02 6.503062e+01 4.880298e+02 1.841585e+03
<VARIANCE> 6
 4.914159e+01 8.297147e+05 8.402643e+05 5.843963e+02 4.151869e+04 4.829342e+07
<GCONST> 7.688956e+01
<MIXTURE> 11 7.010248e-02
<MEAN> 6
 6.721286e+01 -4.257288e+03 3.385613e+03 -4.399088e-01 -7.784857e+00 -1.533686e+02
<VARIANCE> 6
 3.163787e+01 1.276023e+04 1.373229e+04 2.940807e+02 3.743564e+04 4.829342e+07
<GCONST> 6.737025e+01
<MIXTURE> 12 8.179594e-02
<MEAN> 6
 -4.111363e+01 -2.930424e+02 -2.136983e+02 1.576612e+02 7.236118e+02 -1.840062e+02
<VARIANCE> 6
 7.065874e+01 5.712016e+05 7.045899e+05 1.062822e+03 1.090745e+05 4.829342e+07
<GCONST> 7.826727e+01
<STATE> 8
<NUMMIXES> 12
<MIXTURE> 1 7.079352e-02
<MEAN> 6
 3.084158e+01 -1.645836e+03 1.973804e+02 -5.925484e+00 -4.839215e+01 5.297648e+01
<VARIANCE> 6
 2.652435e+03 3.914775e+07 1.978770e+05 1.899568e+04 1.782980e+05 4.829342e+07
<GCONST> 8.822473e+01
<MIXTURE> 2 8.910572e-02
<MEAN> 6
 -1.535956e+00 7.747444e+01 3.045341e+01 1.356198e+02 1.256316e+02 -1.734280e+03
<VARIANCE> 6
 2.230128e+02 3.863009e+05 5.768597e+05 1.976458e+03 8.792884e+04 4.829342e+07
<GCONST> 7.923036e+01
<MIXTURE> 3 1.234787e-01
<MEAN> 6
 6.866934e+00 -4.016707e+02 1.338714e+02 -1.567898e+02 8.501267e+01 2.074301e+03
<VARIANCE> 6
 4.650350e+02 1.017148e+06 6.804607e+05 2.081650e+03 1.362772e+05 1.016013e+08
<GCONST> 8.233234e+01
<MIXTURE> 4 1.176759e-01
<MEAN> 6
 4.384058e+01 3.077049e+02 1.842531e+02 1.133483e+02 -1.290335e+02 -8.836613e+02
<VARIANCE> 6
 3.069550e+02 4.612234e+05 8.198236e+05 2.080480e+03 3.743564e+04 4.829342e+07
<GCONST> 7.927599e+01
<MIXTURE> 5 4.341376e-02
<MEAN> 6
 5.952372e+01 -1.186176e+01 1.735567e+02 -5.250378e+01 -6.949542e+02 1.143067e+03
<VARIANCE> 6
 1.611100e+03 1.517879e+07 6.075320e+06 2.738152e+04 8.829858e+05 3.500316e+08
<GCONST> 9.414932e+01
<MIXTURE> 6 7.119370e-02
<MEAN> 6
 7.395470e+01 -2.288443e+02 3.092524e+02 -8.585196e+00 -5.966373e+01 -2.484758e+02
<VARIANCE> 6
 9.391476e+01 5.173906e+05 1.678104e+06 3.393257e+02 3.743564e+04 4.829342e+07
<GCONST> 7.710953e+01
<MIXTURE> 7 8.808019e-02
<MEAN> 6
 -3.656033e+01 3.149313e+02 -3.027791e+02 -1.084668e+01 8.808498e+02 -3.184298e+01
<VARIANCE> 6
 9.061016e+01 1.962322e+06 2.285897e+06 1.348750e+04 1.976663e+05 1.202675e+08
<GCONST> 8.497482e+01
<MIXTURE> 8 8.617581e-02
<MEAN> 6
 3.968500e+01 1.739008e+03 -3.285448e+03 2.841961e+01 -8.762753e+01 -1.846980e+02
<VARIANCE> 6
 1.471083e+03 3.480494e+06 1.446887e+06 2.308935e+04 9.060602e+04 4.829342e+07
<GCONST> 8.672284e+01
<MIXTURE> 9 7.119662e-02
<MEAN> 6
 6.673353e+01 7.856230e+01 1.210111e+02 -1.139568e+01 -4.385267e+02 1.778105e+02
<VARIANCE> 6
 1.436883e+02 9.203070e+05 1.385344e+06 6.955079e+03 8.271061e+04 4.829342e+07
<GCONST> 8.173196e+01
<MIXTURE> 10 1.189694e-01
<MEAN> 6
 -2.568788e+01 2.079871e+02 1.270029e+02 1.788193e+01 1.683352e+02 4.002549e+01
<VARIANCE> 6
 1.556952e+02 2.873867e+05 4.281020e+05 2.991695e+03 5.595793e+04 4.829342e+07
<GCONST> 7.823962e+01
<MIXTURE> 11 5.042345e-02
<MEAN> 6
 -5.193147e+01 -5.870471e+01 -1.549235e+02 9.752761e+00 2.744758e+02 -5.876344e+02
<VARIANCE> 6
 8.534101e+01 4.490066e+05 4.464043e+06 1.045443e+03 8.080324e+04 4.829342e+07
<GCONST> 7.974506e+01
<MIXTURE> 12 6.929807e-02
<MEAN> 6
 6.281516e+01 -3.483962e+02 -2.954707e+02 -7.397980e+01 -4.999211e+02 2.488110e+02
<VARIANCE> 6
 1.630143e+02 9.723322e+05 1.208977e+06 6.973052e+03 7.757388e+04 4.829342e+07
<GCONST> 8.171544e+01
<STATE> 9
<NUMMIXES> 12
<MIXTURE> 1 1.166551e-01
<MEAN> 6
 4.969781e+01 3.454912e+02 -2.324980e+01 1.955242e+02 -4.496470e+02 -1.441770e+03
<VARIANCE> 6
 1.168788e+02 1.948906e+06 4.698939e+05 2.144387e+03 4.524446e+04 4.829342e+07
<GCONST> 7.941469e+01
<MIXTURE> 2 9.606721e-02
<MEAN> 6
 9.440979e+01 1.914696e+02 1.965228e+02 7.101117e+00 -9.120464e+02 1.519579e+04
<VARIANCE> 6
 2.182128e+02 1.359114e+06 1.328940e+06 3.328239e+03 8.819379e+05 3.766277e+08
<GCONST> 8.618181e+01
<MIXTURE> 3 9.254141e-02
<MEAN> 6
 1.153071e+01 3.240654e+02 -1.772142e+02 2.497142e+02 -3.357479e+01 -3.123100e+03
<VARIANCE> 6
 1.275518e+02 1.095994e+06 4.746795e+05 1.697378e+03 3.743564e+04 4.829342e+07
<GCONST> 7.851338e+01
<MIXTURE> 4 1.010680e-01
<MEAN> 6
 3.647484e+01 4.963719e+01 -1.126354e+02 2.467805e+02 -4.006277e+02 -3.195543e+03
<VARIANCE> 6
 1.660305e+02 2.750451e+05 2.764902e+06 2.568114e+03 9.705566e+04 4.829342e+07
<GCONST> 8.052341e+01
<MIXTURE> 5 6.054867e-02
<MEAN> 6
 8.321970e+01 6.907794e+02 -2.232262e+03 9.979318e+01 -4.904928e+02 -3.494416e+01
<VARIANCE> 6
 1.857334e+02 1.948640e+06 9.586852e+05 2.701161e+03 1.093361e+05 4.829342e+07
<GCONST> 8.170396e+01
<MIXTURE> 6 4.082871e-02
<MEAN> 6
 -1.514096e+01 2.285298e+02 5.348944e+01 2.049985e+02 3.256957e+02 -5.322918e+03
<VARIANCE> 6
 8.143038e+01 8.604246e+05 1.992486e+06 4.633747e+02 5.667695e+04 4.829342e+07
<GCONST> 7.837355e+01
<MIXTURE> 7 6.990553e-02
<MEAN> 6
 7.208521e+01 2.806488e+02 -2.824506e+02 1.551796e+02 -5.499291e+02 3.992396e+02
<VARIANCE> 6
 1.679537e+02 1.716807e+05 3.419066e+05 3.728495e+03 7.186070e+04 4.829342e+07
<GCONST> 7.804568e+01
<MIXTURE> 8 7.800596e-02
<MEAN> 6
 7.821191e+01 -5.382433e+02 4.949758e+02 6.953481e+01 -4.761817e+02 8.297703e+02
<VARIANCE> 6
 1.102371e+02 1.229351e+06 8.483613e+05 1.509639e+03 1.314518e+05 4.829342e+07
<GCONST> 8.020178e+01
<MIXTURE> 9 9.540932e-02
<MEAN> 6
 7.586082e+01 -2.371555e+01 9.876565e+01 1.973790e+02 -8.014761e+02 -1.364651e+04
<VARIANCE> 6
 4.334873e+02 1.894983e+06 4.905516e+05 6.949751e+03 1.136220e+06 5.398908e+08
<GCONST> 8.755369e+01
<MIXTURE> 10 9.112263e-02
<MEAN> 6
 1.759430e+01 -6.296642e+01 -5.347492e+01 1.969096e+02 -5.137630e+01 -2.631532e+02
<VARIANCE> 6
 2.880855e+02 6.646303e+05 3.856518e+05 6.898848e+02 5.985241e+04 4.829342e+07
<GCONST> 7.818916e+01
<MIXTURE> 11 8.058666e-02
<MEAN> 6
 6.735168e+01 -3.532682e+01 6.195357e+01 1.293658e+02 -5.704062e+02 -1.172435e+03
<VARIANCE> 6
 6.019981e+01 2.060690e+05 2.787268e+05 2.011916e+03 1.940504e+05 4.829342e+07
<GCONST> 7.737440e+01
<MIXTURE> 12 7.724183e-02
<MEAN> 6
 7.713953e+01 -7.802649e+02 2.484788e+02 6.017275e+01 -4.657304e+02 6.478550e+02
<VARIANCE> 6
 1.326974e+02 1.742931e+06 6.365738e+05 7.989407e+02 1.708583e+05 4.829342e+07
<GCONST> 8.007495e+01
<STATE> 10
<NUMMIXES> 12
<MIXTURE> 1 9.607662e-02
<MEAN> 6
 1.106720e+02 9.631447e+02 -6.445598e+02 -7.407341e+00 -2.105966e+00 5.112353e+02
<VARIANCE> 6
 3.163787e+01 4.943838e+05 6.868123e+04 2.940807e+02 3.743564e+04 4.829342e+07
<GCONST> 7.263695e+01
<MIXTURE> 2 1.134834e-01
<MEAN> 6
 9.633496e+01 -8.931573e+02 -7.824160e+03 -5.580854e+00 4.388350e+00 1.185561e+02
<VARIANCE> 6
 1.632410e+02 7.159662e+04 4.506414e+06 2.940807e+02 3.743564e+04 4.829342e+07
<GCONST> 7.652934e+01
<MIXTURE> 3 5.421641e-02
<MEAN> 6
 9.315741e+01 1.072178e+03 7.005887e+02 -4.679375e+00 -7.460968e-01 3.160507e+02
<VARIANCE> 6
 3.163787e+01 4.652123e+04 1.130553e+06 2.940807e+02 3.743564e+04 4.829342e+07
<GCONST> 7.307454e+01
<MIXTURE> 4 1.176071e-01
<MEAN> 6
 9.551081e+01 -1.499511e+02 -1.073813e+03 -6.364094e+00 -4.260242e+00 1.636432e+02
<VARIANCE> 6
 3.163787e+01 2.445891e+04 1.520685e+06 2.940807e+02 3.743564e+04 4.829342e+07
<GCONST> 7.272807e+01
<MIXTURE> 5 8.590100e-02
<MEAN> 6
 9.016424e+01 4.018273e+02 -2.860894e+03 -2.892517e+00 2.533894e+00 5.758372e+01
<VARIANCE> 6
 3.163787e+01 2.181240e+04 5.409281e+05 2.940807e+02 3.743564e+04 4.829342e+07
<GCONST> 7.157993e+01
<MIXTURE> 6 1.170339e-01
<MEAN> 6
 9.518004e+01 -1.199037e+02 2.471339e+01 -4.476626e+00 -6.641927e+00 5.711375e+01
<VARIANCE> 6
 3.200908e+01 8.199977e+04 1.373229e+04 2.940807e+02 3.743564e+04 4.829342e+07
<GCONST> 6.924229e+01
<MIXTURE> 7 7.493576e-02
<MEAN> 6
 1.021508e+02 1.951780e+03 -2.202348e+03 -6.023296e+00 -1.905735e+00 2.098734e+02
<VARIANCE> 6
 3.576774e+01 5.588712e+04 6.963459e+05 2.940807e+02 3.743564e+04 4.829342e+07
<GCONST> 7.289604e+01
<MIXTURE> 8 4.906476e-02
<MEAN> 6
 9.692688e+01 -6.924520e+02 -1.171464e+03 -3.952373e+00 -1.024713e+00 5.674680e+01
<VARIANCE> 6
 3.163787e+01 1.276023e+04 1.382739e+04 2.940807e+02 3.743564e+04 4.829342e+07
<GCONST> 6.737715e+01
<MIXTURE> 9 5.910998e-02
<MEAN> 6
 8.949634e+01 2.547961e+02 1.933230e+03 -2.704059e+00 -3.348120e+00 1.697349e+02
<VARIANCE> 6
 3.163787e+01 1.823953e+04 3.939588e+05 2.940807e+02 3.743564e+04 4.829342e+07
<GCONST> 7.108400e+01
<MIXTURE> 10 7.487427e-02
<MEAN> 6
 9.467011e+01 3.454695e+02 -3.539419e+02 -4.485899e+00 -2.581269e+00 8.165138e+01
<VARIANCE> 6
 3.163787e+01 2.584675e+04 2.351384e+04 2.940807e+02 3.743564e+04 4.829342e+07
<GCONST> 6.861394e+01
<MIXTURE> 11 7.979044e-02
<MEAN> 6
 1.013864e+02 8.248234e+02 -8.741669e+02 -5.785769e+00 2.782557e+00 8.304945e+01
<VARIANCE> 6
 3.163787e+01 7.418691e+04 1.590309e+05 2.940807e+02 3.743564e+04 4.829342e+07
<GCONST> 7.157985e+01
<MIXTURE> 12 7.787221e-02
<MEAN> 6
 9.272629e+01 2.466066e+02 -3.987151e+02 -4.275240e+00 -1.784278e+00 9.668884e+01
<VARIANCE> 6
 3.163787e+01 1.329386e+04 2.047524e+04 2.940807e+02 3.743564e+04 4.829342e+07
<GCONST> 6.781068e+01
<STATE> 11
<NUMMIXES> 12
<MIXTURE> 1 6.182452e-02
<MEAN> 6
 7.924927e+01 2.260501e+03 -1.166954e+03 -1.232774e+00 7.155991e-01 -2.230911e+00
<VARIANCE> 6
 3.163787e+01 1.192219e+05 1.373229e+04 2.940807e+02 3.743564e+04 4.829342e+07
<GCONST> 6.960490e+01
<MIXTURE> 2 5.746939e-02
<MEAN> 6
 6.772279e+01 -3.839736e+02 2.972972e+03 -1.391014e+00 -1.240300e+01 1.415149e+02
<VARIANCE> 6
 3.163787e+01 1.639206e+04 1.373229e+04 2.940807e+02 3.743564e+04 4.829342e+07
<GCONST> 6.762071e+01
<MIXTURE> 3 6.675379e-02
<MEAN> 6
 8.042825e+01 1.268399e+02 7.528804e+02 -4.698341e+00 1.729254e+00 3.759990e+01
<VARIANCE> 6
 3.163787e+01 1.577041e+04 1.373229e+04 2.940807e+02 3.743564e+04 4.829342e+07
<GCONST> 6.758205e+01
<MIXTURE> 4 6.740217e-02
<MEAN> 6
 7.385963e+01 6.916270e+02 -4.220701e+03 -1.381383e+00 -6.769846e+00 1.291320e+02
<VARIANCE> 6
 3.163787e+01 1.081844e+05 3.236407e+04 2.940807e+02 3.743564e+04 4.829342e+07
<GCONST> 7.036505e+01
<MIXTURE> 5 1.213284e-01
<MEAN> 6
 8.405486e+01 2.813541e+02 -1.471406e+03 -4.327904e+00 9.048979e-01 7.969054e+01
<VARIANCE> 6
 3.163787e+01 9.385839e+05 1.409461e+05 2.940807e+02 3.743564e+04 4.829342e+07
<GCONST> 7.399692e+01
<MIXTURE> 6 1.336063e-01
<MEAN> 6
 8.482352e+01 -7.720516e+02 2.066452e+03 -4.607860e+00 -1.044704e+01 7.454723e+01
<VARIANCE> 6
 3.163787e+01 8.119320e+04 7.935042e+05 2.940807e+02 3.743564e+04 4.829342e+07
<GCONST> 7.327745e+01
<MIXTURE> 7 1.104199e-01
<MEAN> 6
 7.425260e+01 -2.739525e+02 -2.002760e+03 -4.099388e+00 4.751635e+00 -4.347250e+00
<VARIANCE> 6
 3.163787e+01 1.607867e+05 4.348443e+04 2.940807e+02 3.743564e+04 4.829342e+07
<GCONST> 7.105666e+01
<MIXTURE> 8 6.467614e-02
<MEAN> 6
 8.261758e+01 -2.318600e+02 -8.719108e+02 -4.968499e+00 -2.752986e+00 1.039056e+02
<VARIANCE> 6
 3.163787e+01 1.229034e+05 1.571115e+04 2.940807e+02 3.743564e+04 4.829342e+07
<GCONST> 6.976994e+01
<MIXTURE> 9 9.050219e-02
<MEAN> 6
 8.327163e+01 -8.831309e+02 -1.337690e+03 -2.198861e+00 -3.593983e+00 1.818838e+02
<VARIANCE> 6
 3.163787e+01 8.856896e+05 4.338045e+05 2.940807e+02 3.743564e+04 4.829342e+07
<GCONST> 7.506313e+01
<MIXTURE> 10 1.124726e-01
<MEAN> 6
 7.192262e+01 4.943029e+02 5.718373e+02 -5.179974e+00 -7.340850e+00 1.781258e+02
<VARIANCE> 6
 3.163787e+01 1.276023e+04 1.589892e+04 2.940807e+02 3.743564e+04 4.829342e+07
<GCONST> 6.751675e+01
<MIXTURE> 11 5.163278e-02
<MEAN> 6
 7.561211e+01 -1.321989e+03 1.164583e+03 -4.463102e+00 2.903107e-01 9.324579e+00
<VARIANCE> 6
 3.163787e+01 4.309649e+04 1.373229e+04 2.940807e+02 3.743564e+04 4.829342e+07
<GCONST> 6.858736e+01
<MIXTURE> 12 6.189858e-02
<MEAN> 6
 8.077467e+01 -1.825151e+02 -9.578460e+02 -5.363923e+00 -1.853926e+01 1.103132e+01
<VARIANCE> 6
 3.163787e+01 1.488962e+05 2.011099e+04 2.940807e+02 3.743564e+04 4.829342e+07
<GCONST> 7.020868e+01
<STATE> 12
<NUMMIXES> 12
<MIXTURE> 1 1.044838e-01
<MEAN> 6
 5.935266e+01 5.154333e+02 7.462335e+01 3.084914e-01 2.913638e-01 -1.407981e+02
<VARIANCE> 6
 3.163787e+01 1.276023e+04 1.373229e+04 2.940807e+02 3.743564e+04 4.829342e+07
<GCONST> 6.737025e+01
<MIXTURE> 2 8.859280e-02
<MEAN> 6
 5.439104e+01 8.525220e+02 2.092019e+00 9.819711e-01 3.432391e+00 -1.491818e+02
<VARIANCE> 6
 3.163787e+01 1.276023e+04 1.373229e+04 2.940807e+02 3.743564e+04 4.829342e+07
<GCONST> 6.737025e+01
<MIXTURE> 3 6.971659e-02
<MEAN> 6
 6.133047e+01 1.499484e+02 3.547948e+02 -3.672430e-01 -6.433847e+00 -1.652272e+02
<VARIANCE> 6
 3.163787e+01 1.276023e+04 1.983893e+04 2.940807e+02 3.743564e+04 4.829342e+07
<GCONST> 6.773814e+01
<MIXTURE> 4 1.009709e-01
<MEAN> 6
 6.226009e+01 3.665699e+02 -1.932941e+02 1.343525e+00 -1.136386e+01 -1.265826e+02
<VARIANCE> 6
 3.163787e+01 1.276023e+04 1.373229e+04 2.940807e+02 3.743564e+04 4.829342e+07
<GCONST> 6.737025e+01
<MIXTURE> 5 1.190467e-01
<MEAN> 6
 6.053761e+01 2.657545e+01 -8.014834e+01 -1.439530e-01 -2.601975e+00 -1.508924e+02
<VARIANCE> 6
 3.163787e+01 1.276023e+04 1.373229e+04 2.940807e+02 3.743564e+04 4.829342e+07
<GCONST> 6.737025e+01
<MIXTURE> 6 1.099729e-01
<MEAN> 6
 5.975779e+01 3.017231e+01 -9.640691e+01 -2.131167e-02 -2.688855e+00 -1.482985e+02
<VARIANCE> 6
 3.163787e+01 1.276023e+04 1.373229e+04 2.940807e+02 3.743564e+04 4.829342e+07
<GCONST> 6.737025e+01
<MIXTURE> 7 5.712084e-02
<MEAN> 6
 6.037405e+01 4.240106e+01 -7.788287e+01 -1.405030e-01 -2.796250e+00 -1.471367e+02
<VARIANCE> 6
 3.163787e+01 1.276023e+04 1.373229e+04 2.940807e+02 3.743564e+04 4.829342e+07
<GCONST> 6.737025e+01
<MIXTURE> 8 1.064091e-01
<MEAN> 6
 5.859207e+01 3.067220e+01 -1.250137e+02 1.868317e-01 -2.511142e+00 -1.421501e+02
<VARIANCE> 6
 3.163787e+01 1.276023e+04 1.373229e+04 2.940807e+02 3.743564e+04 4.829342e+07
<GCONST> 6.737025e+01
<MIXTURE> 9 1.042998e-01
<MEAN> 6
 5.935083e+01 5.154547e+02 7.451044e+01 3.100030e-01 2.986878e-01 -1.407891e+02
<VARIANCE> 6
 3.163787e+01 1.276023e+04 1.373229e+04 2.940807e+02 3.743564e+04 4.829342e+07
<GCONST> 6.737025e+01
<MIXTURE> 10 8.169466e-02
<MEAN> 6
 5.700254e+01 1.023801e+02 -3.137820e+02 3.866968e-02 -3.177571e+00 -2.313886e+01
<VARIANCE> 6
 3.163787e+01 1.276023e+04 4.753645e+04 2.940807e+02 3.743564e+04 4.829342e+07
<GCONST> 6.861200e+01
<MIXTURE> 11 2.101459e-03
<MEAN> 6
 7.586347e+01 -3.640488e+00 -3.168052e+02 -6.844504e+00 -1.382328e+02 1.676799e+03
<VARIANCE> 6
 1.409323e+02 1.796701e+06 3.198180e+06 3.237963e+02 7.445398e+04 5.289266e+07
<GCONST> 8.013692e+01
<MIXTURE> 12 5.553209e-02
<MEAN> 6
 5.873688e+01 2.336481e+01 -1.244770e+02 1.715745e-01 -2.513168e+00 -1.452357e+02
<VARIANCE> 6
 3.163787e+01 1.276023e+04 1.373229e+04 2.940807e+02 3.743564e+04 4.829342e+07
<GCONST> 6.737025e+01
<STATE> 13
<NUMMIXES> 12
<MIXTURE> 1 1.617002e-01
<MEAN> 6
 8.039600e+01 2.860673e+02 2.356560e+02 -4.014756e+00 -1.010689e+00 1.881192e+02
<VARIANCE> 6
 3.163787e+01 3.543479e+05 2.336487e+04 2.940807e+02 3.743564e+04 4.829342e+07
<GCONST> 7.122568e+01
<MIXTURE> 2 5.745428e-02
<MEAN> 6
 9.549099e+01 -7.594821e+03 -2.883411e+02 -6.816818e+00 -4.119943e+00 4.083735e+02
<VARIANCE> 6
 3.163787e+01 1.529493e+06 1.502270e+06 2.940807e+02 3.743564e+04 4.829342e+07
<GCONST> 7.685159e+01
<MIXTURE> 3 8.357277e-02
<MEAN> 6
 6.139606e+01 2.031772e+03 8.733918e+02 -1.999552e+00 6.710436e+00 3.217867e+01
<VARIANCE> 6
 3.163787e+01 3.988262e+05 5.025406e+05 2.940807e+02 3.743564e+04 4.829342e+07
<GCONST> 7.441237e+01
<MIXTURE> 4 9.288076e-02
<MEAN> 6
 7.705038e+01 4.838108e+02 -1.318334e+02 -2.895329e+00 -5.050125e+00 7.754741e+01
<VARIANCE> 6
 3.163787e+01 3.309544e+05 5.579549e+04 2.940807e+02 3.743564e+04 4.829342e+07
<GCONST> 7.202783e+01
<MIXTURE> 5 1.435071e-02
<MEAN> 6
 8.448904e+01 -3.322131e+03 2.643908e+02 -4.439163e+00 3.384806e+01 -2.306784e+02
<VARIANCE> 6
 3.163787e+01 4.974465e+04 1.373229e+04 2.940807e+02 3.743564e+04 4.829342e+07
<GCONST> 6.873082e+01
<MIXTURE> 6 4.679444e-02
<MEAN> 6
 8.774809e+01 -4.242028e+02 5.911392e+02 -3.428553e+00 -1.699598e+01 2.962513e+02
<VARIANCE> 6
 3.163787e+01 2.016754e+04 1.373229e+04 2.940807e+02 3.743564e+04 4.829342e+07
<GCONST> 6.782799e+01
<MIXTURE> 7 8.315276e-02
<MEAN> 6
 7.818426e+01 -1.092779e+03 -8.006727e+01 -4.272601e+00 -3.356569e+00 1.054118e+02
<VARIANCE> 6
 8.793919e+01 1.438745e+05 1.373229e+04 2.940807e+02 3.743564e+04 4.829342e+07
<GCONST> 7.081514e+01
<MIXTURE> 8 8.237956e-02
<MEAN> 6
 7.544246e+01 8.596702e+02 -3.093566e+02 -2.579086e+00 -1.329362e+00 7.156403e+01
<VARIANCE> 6
 3.163787e+01 2.134694e+05 8.112187e+04 2.940807e+02 3.743564e+04 4.829342e+07
<GCONST> 7.196361e+01
<MIXTURE> 9 9.748992e-02
<MEAN> 6
 7.429801e+01 1.153042e+03 -4.839321e+02 -2.932255e+00 3.500899e-01 7.610718e+01
<VARIANCE> 6
 3.163787e+01 3.006561e+05 6.324275e+04 2.940807e+02 3.743564e+04 4.829342e+07
<GCONST> 7.205711e+01
<MIXTURE> 10 1.035965e-01
<MEAN> 6
 7.980918e+01 -8.389366e+02 3.117389e+02 -4.580856e+00 7.668186e+00 8.128272e+01
<VARIANCE> 6
 4.776947e+01 2.013824e+04 2.762692e+04 2.940807e+02 3.743564e+04 4.829342e+07
<GCONST> 6.893761e+01
<MIXTURE> 11 1.037488e-01
<MEAN> 6
 7.784925e+01 2.266772e+02 -2.468087e+02 -2.812870e+00 -7.638899e+00 7.649363e+01
<VARIANCE> 6
 3.163787e+01 2.346159e+05 3.803126e+04 2.940807e+02 3.743564e+04 4.829342e+07
<GCONST> 7.130052e+01
<MIXTURE> 12 7.284092e-02
<MEAN> 6
 6.964870e+01 -1.359014e+03 -1.605101e+02 -3.183218e+00 -7.961569e-01 4.997113e+01
<VARIANCE> 6
 7.578291e+01 3.375488e+05 1.373229e+04 2.940807e+02 3.743564e+04 4.829342e+07
<GCONST> 7.151915e+01
<STATE> 14
<NUMMIXES> 12
<MIXTURE> 1 9.589098e-02
<MEAN> 6
 1.980296e+01 1.187474e+02 5.816415e+01 1.872835e+02 -1.544744e+02 -2.063162e+03
<VARIANCE> 6
 5.617972e+02 7.582818e+04 5.104762e+04 3.218064e+03 1.016805e+05 5.198335e+07
<GCONST> 7.680770e+01
<MIXTURE> 2 3.043431e-02
<MEAN> 6
 -2.991676e+01 2.747312e+01 1.682332e+02 -3.102009e+01 8.580758e+02 2.388145e+03
<VARIANCE> 6
 6.962630e+02 1.183792e+05 6.370163e+05 3.378205e+04 8.673048e+05 4.167966e+08
<GCONST> 8.656812e+01
<MIXTURE> 3 7.078946e-02
<MEAN> 6
 7.079668e+01 3.327245e+01 -1.416234e+01 -1.492039e+01 -1.008351e+03 -1.751871e+03
<VARIANCE> 6
 3.015348e+02 2.207132e+05 3.894532e+04 2.232764e+04 5.769319e+05 3.013516e+08
<GCONST> 8.241353e+01
<MIXTURE> 4 9.333589e-02
<MEAN> 6
 6.666093e+01 -1.529278e+02 -4.065740e+01 -2.896795e+00 -5.075332e+01 -2.548635e+00
<VARIANCE> 6
 4.084501e+01 1.159596e+05 5.661127e+04 2.940807e+02 3.743564e+04 4.829342e+07
<GCONST> 7.124904e+01
<MIXTURE> 5 9.044831e-02
<MEAN> 6
 -3.636548e+01 -5.509740e+00 1.928529e+01 2.321071e+01 8.101608e+02 -3.726737e+03
<VARIANCE> 6
 2.065737e+02 6.118570e+04 2.467581e+04 2.585407e+04 3.640282e+05 1.964024e+08
<GCONST> 7.955405e+01
<MIXTURE> 6 4.947146e-02
<MEAN> 6
 8.489880e+01 -5.303027e+02 -6.079023e+01 -2.819137e+01 -4.462306e+02 1.245508e+03
<VARIANCE> 6
 1.495743e+02 3.121535e+05 3.507155e+04 3.917521e+03 2.480188e+05 4.829342e+07
<GCONST> 7.753873e+01
<MIXTURE> 7 1.031690e-01
<MEAN> 6
 1.109730e+01 4.225661e+01 1.158040e+02 -2.092032e+02 2.430208e+01 5.564547e+03
<VARIANCE> 6
 4.722094e+02 8.504930e+04 5.473493e+04 4.820854e+03 2.432354e+05 1.360289e+08
<GCONST> 7.905680e+01
<MIXTURE> 8 1.184489e-01
<MEAN> 6
 -4.623455e+01 3.120562e+01 -8.796290e+01 1.068565e+01 6.286126e+02 5.255080e+02
<VARIANCE> 6
 1.191441e+02 5.519450e+04 7.124328e+04 6.176141e+03 1.880662e+05 4.829342e+07
<GCONST> 7.646587e+01
<MIXTURE> 9 7.708720e-02
<MEAN> 6
 6.025216e+01 6.057814e+01 3.474544e+01 3.937434e+00 -4.288069e+02 9.662048e+01
<VARIANCE> 6
 1.296156e+02 5.525468e+04 3.317411e+04 1.251273e+04 7.317841e+04 4.829342e+07
<GCONST> 7.554903e+01
<MIXTURE> 10 1.151551e-01
<MEAN> 6
 -1.295034e+01 -8.032683e+01 -1.185927e+01 -1.640627e+01 1.416756e+02 -5.486439e+02
<VARIANCE> 6
 3.004607e+02 5.216538e+04 2.804877e+04 1.975465e+04 6.995888e+04 4.829342e+07
<GCONST> 7.657607e+01
<MIXTURE> 11 8.143688e-02
<MEAN> 6
 3.248920e+01 -1.074417e+02 -1.024913e+02 1.218867e+02 -1.017694e+02 -1.102733e+02
<VARIANCE> 6
 5.648014e+02 3.726417e+04 8.405770e+04 1.404576e+03 3.982208e+04 4.829342e+07
<GCONST> 7.476126e+01
<MIXTURE> 12 7.411263e-02
<MEAN> 6
 5.568837e+01 -3.336178e+01 -2.796373e+01 -5.977437e+01 -5.057747e+02 -1.486186e+02
<VARIANCE> 6
 1.444814e+02 4.947362e+04 3.560392e+04 1.359707e+04 9.252197e+04 4.829342e+07
<GCONST> 7.593544e+01
<TRANSP> 15
 0.000000e+00 1.000000e+00 0.000000e+00 0.000000e+00 0.000000e+00 0.000000e+00 0.000000e+00 0.000000e+00 0.000000e+00 0.000000e+00 0.000000e+00 0.000000e+00 0.000000e+00 0.000000e+00 0.000000e+00
 0.000000e+00 9.989526e-01 1.047417e-03 0.000000e+00 0.000000e+00 0.000000e+00 0.000000e+00 0.000000e+00 0.000000e+00 0.000000e+00 0.000000e+00 0.000000e+00 0.000000e+00 0.000000e+00 0.000000e+00
 0.000000e+00 0.000000e+00 9.995468e-01 4.531812e-04 0.000000e+00 0.000000e+00 0.000000e+00 0.000000e+00 0.000000e+00 0.000000e+00 0.000000e+00 0.000000e+00 0.000000e+00 0.000000e+00 0.000000e+00
 0.000000e+00 0.000000e+00 0.000000e+00 9.995183e-01 4.817334e-04 0.000000e+00 0.000000e+00 0.000000e+00 0.000000e+00 0.000000e+00 0.000000e+00 0.000000e+00 0.000000e+00 0.000000e+00 0.000000e+00
 0.000000e+00 0.000000e+00 0.000000e+00 0.000000e+00 9.975884e-01 2.411630e-03 0.000000e+00 0.000000e+00 0.000000e+00 0.000000e+00 0.000000e+00 0.000000e+00 0.000000e+00 0.000000e+00 0.000000e+00
 0.000000e+00 0.000000e+00 0.000000e+00 0.000000e+00 0.000000e+00 9.998935e-01 1.065489e-04 0.000000e+00 0.000000e+00 0.000000e+00 0.000000e+00 0.000000e+00 0.000000e+00 0.000000e+00 0.000000e+00
 0.000000e+00 0.000000e+00 0.000000e+00 0.000000e+00 0.000000e+00 0.000000e+00 9.970800e-01 2.920003e-03 0.000000e+00 0.000000e+00 0.000000e+00 0.000000e+00 0.000000e+00 0.000000e+00 0.000000e+00
 0.000000e+00 0.000000e+00 0.000000e+00 0.000000e+00 0.000000e+00 0.000000e+00 0.000000e+00 9.997913e-01 2.086943e-04 0.000000e+00 0.000000e+00 0.000000e+00 0.000000e+00 0.000000e+00 0.000000e+00
 0.000000e+00 0.000000e+00 0.000000e+00 0.000000e+00 0.000000e+00 0.000000e+00 0.000000e+00 0.000000e+00 9.975324e-01 2.467592e-03 0.000000e+00 0.000000e+00 0.000000e+00 0.000000e+00 0.000000e+00
 0.000000e+00 0.000000e+00 0.000000e+00 0.000000e+00 0.000000e+00 0.000000e+00 0.000000e+00 0.000000e+00 0.000000e+00 9.986125e-01 1.387424e-03 0.000000e+00 0.000000e+00 0.000000e+00 0.000000e+00
 0.000000e+00 0.000000e+00 0.000000e+00 0.000000e+00 0.000000e+00 0.000000e+00 0.000000e+00 0.000000e+00 0.000000e+00 0.000000e+00 9.979828e-01 2.017174e-03 0.000000e+00 0.000000e+00 0.000000e+00
 0.000000e+00 0.000000e+00 0.000000e+00 0.000000e+00 0.000000e+00 0.000000e+00 0.000000e+00 0.000000e+00 0.000000e+00 0.000000e+00 0.000000e+00 9.982707e-01 1.729311e-03 0.000000e+00 0.000000e+00
 0.000000e+00 0.000000e+00 0.000000e+00 0.000000e+00 0.000000e+00 0.000000e+00 0.000000e+00 0.000000e+00 0.000000e+00 0.000000e+00 0.000000e+00 0.000000e+00 9.988095e-01 1.190482e-03 0.000000e+00
 0.000000e+00 0.000000e+00 0.000000e+00 0.000000e+00 0.000000e+00 0.000000e+00 0.000000e+00 0.000000e+00 0.000000e+00 0.000000e+00 0.000000e+00 0.000000e+00 0.000000e+00 9.997612e-01 2.388117e-04
 0.000000e+00 0.000000e+00 0.000000e+00 0.000000e+00 0.000000e+00 0.000000e+00 0.000000e+00 0.000000e+00 0.000000e+00 0.000000e+00 0.000000e+00 0.000000e+00 0.000000e+00 0.000000e+00 0.000000e+00
<ENDHMM>
~h "QuintoPRIMARIA"
<BEGINHMM>
<NUMSTATES> 15
<STATE> 2
<NUMMIXES> 12
<MIXTURE> 1 8.829735e-02
<MEAN> 6
 -2.840593e+01 -1.002148e+02 2.236205e+02 1.641475e+02 7.411510e+02 -4.519856e+03
<VARIANCE> 6
 5.364351e+02 3.201577e+05 2.570362e+05 1.837609e+04 2.481268e+05 7.212349e+07
<GCONST> 8.278014e+01
<MIXTURE> 2 4.145856e-02
<MEAN> 6
 2.422861e+01 -3.254250e+02 -1.596016e+02 -1.560043e+01 -3.185944e+02 2.793241e+03
<VARIANCE> 6
 1.987171e+03 2.651176e+06 2.180725e+06 6.997020e+04 1.534214e+06 8.696915e+08
<GCONST> 9.399042e+01
<MIXTURE> 3 7.992502e-02
<MEAN> 6
 7.676929e+01 3.726120e+01 4.315004e+01 -6.892749e+00 -4.210977e+01 -4.441638e+02
<VARIANCE> 6
 1.278201e+02 4.523971e+04 8.042708e+04 2.940807e+02 3.743564e+04 4.829342e+07
<GCONST> 7.179976e+01
<MIXTURE> 4 1.235579e-01
<MEAN> 6
 3.823345e+01 -3.391660e+01 1.486718e+00 1.624337e+02 -2.318994e+02 -1.660482e+03
<VARIANCE> 6
 6.585226e+02 1.006617e+05 1.131744e+05 1.489496e+04 1.500051e+05 5.432908e+07
<GCONST> 8.001124e+01
<MIXTURE> 5 9.330165e-02
<MEAN> 6
 7.521886e+01 -1.612679e+01 -2.723022e+02 -2.952913e+00 -2.031168e+01 -1.984773e+02
<VARIANCE> 6
 2.163434e+02 6.151416e+05 1.173945e+05 2.940807e+02 3.743564e+04 4.829342e+07
<GCONST> 7.531407e+01
<MIXTURE> 6 5.711481e-02
<MEAN> 6
 8.699323e+01 1.359774e+02 -9.919141e+01 4.260138e+01 -1.138401e+03 -1.875514e+03
<VARIANCE> 6
 1.991658e+02 2.292006e+05 2.432142e+05 1.801291e+04 1.218959e+06 6.980522e+08
<GCONST> 8.524161e+01
<MIXTURE> 7 6.399964e-02
<MEAN> 6
 -4.646377e+01 3.399960e+01 4.223022e+01 4.943302e+01 5.510499e+02 1.364274e+03
<VARIANCE> 6
 2.964780e+02 7.964824e+04 6.915378e+04 5.107633e+03 1.466579e+05 4.829342e+07
<GCONST> 7.727585e+01
<MIXTURE> 8 1.272116e-01
<MEAN> 6
 7.249109e+01 6.698319e+01 -3.590617e+01 -5.833310e+01 -7.420987e+02 -4.064423e+02
<VARIANCE> 6
 2.532746e+02 3.012025e+05 9.016588e+04 1.798924e+04 1.907375e+05 5.878582e+07
<GCONST> 8.043228e+01
<MIXTURE> 9 1.083419e-01
<MEAN> 6
 1.063102e+01 -2.965239e+01 7.147479e+00 -2.509119e+02 -1.123614e+02 4.957613e+03
<VARIANCE> 6
 6.627947e+02 1.093327e+05 1.410916e+05 6.373203e+03 4.184007e+05 1.857546e+08
<GCONST> 8.172703e+01
<MIXTURE> 10 6.775097e-02
<MEAN> 6
 -4.810651e+01 -1.344863e+02 6.875909e+01 -1.345187e+02 1.544051e+03 2.608573e+03
<VARIANCE> 6
 3.000856e+02 2.528143e+05 2.433895e+05 2.154368e+04 8.188258e+05 7.138732e+08
<GCONST> 8.555383e+01
<MIXTURE> 11 8.040027e-02
<MEAN> 6
 6.360049e+01 -9.754988e+01 -9.054278e+00 -1.102983e-01 -1.395150e+01 -1.637814e+02
<VARIANCE> 6
 4.923722e+01 4.376166e+04 2.217184e+05 2.940807e+02 3.743564e+04 4.829342e+07
<GCONST> 7.182663e+01
<MIXTURE> 12 6.793962e-02
<MEAN> 6
 -5.301717e+01 -6.735405e+00 -1.699796e+01 1.241991e+01 3.174688e+02 -6.304211e+02
<VARIANCE> 6
 2.546788e+02 9.372211e+04 1.011749e+05 1.695837e+03 1.117971e+05 4.829342e+07
<GCONST> 7.629314e+01
<STATE> 3
<NUMMIXES> 12
<MIXTURE> 1 9.056970e-02
<MEAN> 6
 9.740602e+01 5.372132e+01 -5.256203e+01 -2.383378e+01 -3.286305e+02 1.498849e+04
<VARIANCE> 6
 1.114908e+02 1.199149e+05 1.256318e+05 1.696839e+03 1.252115e+06 6.675518e+08
<GCONST> 8.097285e+01
<MIXTURE> 2 7.169797e-02
<MEAN> 6
 5.799875e+01 1.424216e+02 1.268266e+02 1.262876e+02 -5.947192e+01 4.702969e+02
<VARIANCE> 6
 3.491641e+02 2.268983e+04 4.669954e+04 2.583251e+03 3.743564e+04 4.829342e+07
<GCONST> 7.374396e+01
<MIXTURE> 3 9.815320e-02
<MEAN> 6
 1.640717e+01 3.640642e+02 3.492295e+02 3.497625e+02 1.431763e+02 -1.781574e+04
<VARIANCE> 6
 1.034920e+03 6.072097e+05 2.551855e+05 6.007553e+03 1.083651e+06 2.165838e+08
<GCONST> 8.552583e+01
<MIXTURE> 4 7.081968e-02
<MEAN> 6
 8.864916e+01 1.843863e+02 -3.323846e+02 1.290027e+02 -1.887555e+03 -5.527038e+03
<VARIANCE> 6
 1.168015e+02 1.269760e+06 2.111300e+06 1.297487e+04 1.425522e+06 1.364790e+09
<GCONST> 8.907998e+01
<MIXTURE> 5 7.787847e-02
<MEAN> 6
 3.837681e+01 4.622832e+01 1.059692e+02 2.358839e+02 -1.108507e+02 2.215097e+03
<VARIANCE> 6
 4.351345e+02 9.716566e+04 1.155193e+05 6.246797e+03 7.100569e+05 9.970161e+07
<GCONST> 8.087490e+01
<MIXTURE> 6 1.007832e-01
<MEAN> 6
 8.422035e+01 1.492903e+02 -3.489837e+01 1.362733e+02 -8.752772e+02 -5.501367e+03
<VARIANCE> 6
 1.874436e+02 2.224927e+05 4.208613e+04 4.452542e+03 3.156596e+05 8.712892e+07
<GCONST> 7.856741e+01
<MIXTURE> 7 1.134947e-01
<MEAN> 6
 -3.029085e+01 -1.582245e+02 2.442376e+02 1.829004e+02 7.846843e+02 -1.875329e+03
<VARIANCE> 6
 1.506277e+02 1.782040e+05 1.675064e+05 2.214888e+03 7.489105e+04 4.829342e+07
<GCONST> 7.678109e+01
<MIXTURE> 8 5.891424e-02
<MEAN> 6
 5.936620e+01 -2.881170e+00 -4.257543e+02 1.437813e+02 -3.340886e+02 2.524907e+02
<VARIANCE> 6
 2.581765e+02 1.649965e+05 1.127062e+05 3.663639e+03 8.305030e+04 4.829342e+07
<GCONST> 7.745335e+01
<MIXTURE> 9 8.165669e-02
<MEAN> 6
 2.677867e+01 -2.791408e+01 -5.787713e+01 2.047696e+02 -1.213930e+02 -2.426232e+03
<VARIANCE> 6
 3.899829e+02 3.450546e+04 1.992943e+04 3.990516e+03 8.379397e+04 4.829342e+07
<GCONST> 7.466279e+01
<MIXTURE> 10 1.039160e-01
<MEAN> 6
 -5.192028e+00 -2.578184e+02 5.487360e+01 1.551974e+02 2.130761e+02 -2.695567e+03
<VARIANCE> 6
 1.147666e+02 2.487029e+05 3.028214e+05 8.869590e+03 4.421899e+04 4.829342e+07
<GCONST> 7.829517e+01
<MIXTURE> 11 7.402858e-02
<MEAN> 6
 3.068842e+01 -5.248689e+02 4.367296e+02 1.831258e+02 -2.083210e+02 -2.702038e+02
<VARIANCE> 6
 3.715582e+02 1.401154e+05 1.667907e+05 4.701107e+03 1.845225e+05 5.097638e+07
<GCONST> 7.914764e+01
<MIXTURE> 12 5.806928e-02
<MEAN> 6
 5.244582e+01 -1.141399e+02 -5.606003e+02 1.466218e+02 -3.259072e+02 -1.858989e+02
<VARIANCE> 6
 2.838392e+02 1.897015e+05 1.676992e+05 3.873690e+03 8.129130e+04 4.829342e+07
<GCONST> 7.811937e+01
<STATE> 4
<NUMMIXES> 12
<MIXTURE> 1 4.643651e-02
<MEAN> 6
 8.126920e+01 -3.192586e+02 -2.255023e+02 3.620426e+01 -6.113766e+02 4.470187e+03
<VARIANCE> 6
 3.163787e+01 2.045706e+06 2.045968e+05 5.077341e+02 5.960295e+04 4.829342e+07
<GCONST> 7.615990e+01
<MIXTURE> 2 7.628031e-02
<MEAN> 6
 8.472485e+01 -1.090346e+02 -2.418949e+03 7.756897e+00 -2.395523e+01 4.489185e+02
<VARIANCE> 6
 1.161393e+02 1.092793e+05 5.097822e+05 2.940807e+02 3.743564e+04 4.829342e+07
<GCONST> 7.443250e+01
<MIXTURE> 3 1.256415e-02
<MEAN> 6
 8.670840e+01 1.183707e+03 4.411188e+01 -2.400268e+01 -1.901463e+02 6.570752e+03
<VARIANCE> 6
 3.163787e+01 2.958587e+05 1.431540e+04 2.940807e+02 1.016787e+05 4.829342e+07
<GCONST> 7.155458e+01
<MIXTURE> 4 1.559567e-01
<MEAN> 6
 5.298061e+01 5.524243e+02 -1.597225e+03 1.217507e+00 -1.572931e+00 -1.733638e+02
<VARIANCE> 6
 3.163787e+01 1.276023e+04 1.068613e+05 2.940807e+02 3.743564e+04 4.829342e+07
<GCONST> 6.942203e+01
<MIXTURE> 5 3.523415e-02
<MEAN> 6
 5.020846e+01 2.152732e+02 -8.590961e+03 2.850725e+01 -7.378767e+01 1.390341e+02
<VARIANCE> 6
 8.404425e+01 1.933866e+04 3.599623e+06 9.310596e+02 3.743564e+04 4.829342e+07
<GCONST> 7.548431e+01
<MIXTURE> 6 7.602320e-02
<MEAN> 6
 6.442251e+01 7.180663e+02 -2.871740e+03 7.848934e-01 -1.506058e+01 -1.058310e+02
<VARIANCE> 6
 3.163787e+01 1.276023e+04 3.875064e+04 2.940807e+02 3.743564e+04 4.829342e+07
<GCONST> 6.840764e+01
<MIXTURE> 7 1.539665e-01
<MEAN> 6
 6.171579e+01 1.168739e+02 -2.887365e+03 -4.110980e-01 3.746636e+00 -6.011212e+01
<VARIANCE> 6
 3.163787e+01 1.276023e+04 2.517295e+04 2.940807e+02 3.743564e+04 4.829342e+07
<GCONST> 6.797627e+01
<MIXTURE> 8 8.328641e-02
<MEAN> 6
 6.291320e+01 8.275474e+02 -3.410626e+03 1.499581e-01 8.759666e-01 4.138779e+01
<VARIANCE> 6
 3.163787e+01 1.276023e+04 1.373229e+04 2.940807e+02 3.743564e+04 4.829342e+07
<GCONST> 6.737025e+01
<MIXTURE> 9 6.968118e-02
<MEAN> 6
 5.216258e+01 5.454729e+02 -3.073628e+03 -1.250226e-01 -1.117818e-01 -2.165881e+02
<VARIANCE> 6
 3.163787e+01 1.276023e+04 2.256171e+06 2.940807e+02 3.743564e+04 4.829342e+07
<GCONST> 7.247192e+01
<MIXTURE> 10 1.557576e-01
<MEAN> 6
 6.151862e+01 2.015027e+02 -3.208333e+03 9.884104e-01 -1.133733e+01 -1.627923e+02
<VARIANCE> 6
 3.163787e+01 1.276023e+04 1.373229e+04 2.940807e+02 3.743564e+04 4.829342e+07
<GCONST> 6.737025e+01
<MIXTURE> 11 5.937328e-02
<MEAN> 6
 6.323111e+01 7.436017e+02 -3.000604e+03 9.920166e-01 -7.247113e+00 4.467966e+01
<VARIANCE> 6
 3.163787e+01 1.276023e+04 3.981570e+04 2.940807e+02 3.743564e+04 4.829342e+07
<GCONST> 6.843475e+01
<MIXTURE> 12 7.542067e-02
<MEAN> 6
 5.395263e+01 4.609691e+02 -4.662313e+03 -2.950643e+00 -5.160439e+00 -4.754378e+01
<VARIANCE> 6
 3.163787e+01 1.276023e+04 2.091682e+06 2.940807e+02 3.743564e+04 4.829342e+07
<GCONST> 7.239622e+01
<STATE> 5
<NUMMIXES> 12
<MIXTURE> 1 8.287193e-02
<MEAN> 6
 7.749456e+01 2.133309e+03 5.395666e+02 -8.260711e+00 9.455725e+00 -7.813345e+01
<VARIANCE> 6
 3.163787e+01 2.630068e+05 1.441662e+04 2.940807e+02 3.743564e+04 4.829342e+07
<GCONST> 7.044473e+01
<MIXTURE> 2 7.303807e-02
<MEAN> 6
 5.716043e+01 -6.408614e+03 -1.899482e+03 -3.783563e-01 -1.162837e+01 -1.402645e+02
<VARIANCE> 6
 3.163787e+01 4.890000e+06 2.164476e+04 2.940807e+02 3.743564e+04 4.829342e+07
<GCONST> 7.377388e+01
<MIXTURE> 3 7.944866e-02
<MEAN> 6
 6.787495e+01 4.586315e+03 -6.717624e+02 -1.190033e+00 9.419731e-01 7.650475e-01
<VARIANCE> 6
 3.163787e+01 1.934029e+05 1.373229e+04 2.940807e+02 3.743564e+04 4.829342e+07
<GCONST> 7.008868e+01
<MIXTURE> 4 6.882656e-02
<MEAN> 6
 7.183215e+01 -1.678884e+03 -1.043609e+03 6.013711e+00 -2.850489e+00 5.545991e+01
<VARIANCE> 6
 3.163787e+01 2.946387e+05 6.611074e+04 2.940807e+02 3.743564e+04 4.829342e+07
<GCONST> 7.208125e+01
<MIXTURE> 5 7.696227e-02
<MEAN> 6
 7.256281e+01 1.887481e+03 -6.654481e+02 -1.905395e+00 -3.383897e+00 1.653870e+02
<VARIANCE> 6
 3.163787e+01 4.969913e+05 1.442928e+05 2.940807e+02 3.743564e+04 4.829342e+07
<GCONST> 7.338458e+01
<MIXTURE> 6 8.450811e-02
<MEAN> 6
 7.102597e+01 1.118004e+03 -1.672877e+03 1.517662e+00 2.966958e+00 -1.586570e+02
<VARIANCE> 6
 3.163787e+01 1.902329e+04 3.006729e+04 2.940807e+02 3.743564e+04 4.829342e+07
<GCONST> 6.855327e+01
<MIXTURE> 7 9.426784e-02
<MEAN> 6
 5.944971e+01 -3.327971e+02 -1.272823e+03 2.031129e+00 -3.960152e+00 -1.195515e+02
<VARIANCE> 6
 3.163787e+01 1.276023e+04 2.244363e+04 2.940807e+02 3.743564e+04 4.829342e+07
<GCONST> 6.786151e+01
<MIXTURE> 8 9.271103e-02
<MEAN> 6
 6.549041e+01 1.272749e+03 -5.583052e+02 -3.728751e-02 -6.534089e+00 -8.397371e+01
<VARIANCE> 6
 3.163787e+01 1.276023e+04 1.373229e+04 2.940807e+02 3.743564e+04 4.829342e+07
<GCONST> 6.737025e+01
<MIXTURE> 9 9.716142e-02
<MEAN> 6
 5.833038e+01 1.033448e+03 -1.068640e+03 -6.630319e-01 -1.189852e+01 -1.209559e+02
<VARIANCE> 6
 3.163787e+01 1.477400e+04 1.373229e+04 2.940807e+02 3.743564e+04 4.829342e+07
<GCONST> 6.751678e+01
<MIXTURE> 10 1.034738e-01
<MEAN> 6
 6.625257e+01 1.352326e+03 -6.752896e+02 -1.047578e+00 -1.189419e+00 -3.107892e+01
<VARIANCE> 6
 3.163787e+01 1.276023e+04 1.373229e+04 2.940807e+02 3.743564e+04 4.829342e+07
<GCONST> 6.737025e+01
<MIXTURE> 11 8.657208e-02
<MEAN> 6
 5.840316e+01 -3.743293e+02 -1.439779e+03 3.189164e+00 1.216931e+00 -9.800671e+01
<VARIANCE> 6
 3.163787e+01 1.276023e+04 2.986491e+04 2.940807e+02 3.743564e+04 4.829342e+07
<GCONST> 6.814719e+01
<MIXTURE> 12 6.014886e-02
<MEAN> 6
 5.703191e+01 -1.169356e+04 -2.098657e+03 -7.111101e-01 3.263497e-02 1.808134e+01
<VARIANCE> 6
 3.163787e+01 2.474183e+07 2.393392e+04 2.940807e+02 3.743564e+04 4.829342e+07
<GCONST> 7.549571e+01
<STATE> 6
<NUMMIXES> 12
<MIXTURE> 1 8.192126e-02
<MEAN> 6
 8.883254e+01 9.724519e+01 1.089259e+02 -5.095551e+00 -6.992327e-01 -1.286600e+01
<VARIANCE> 6
 3.163787e+01 1.276023e+04 1.373229e+04 2.940807e+02 3.743564e+04 4.829342e+07
<GCONST> 6.737025e+01
<MIXTURE> 2 6.959975e-02
<MEAN> 6
 9.609636e+01 5.071879e+02 1.693521e+02 -8.087398e+00 -1.535619e+00 1.414592e+02
<VARIANCE> 6
 3.163787e+01 4.849638e+04 4.014604e+05 2.940807e+02 3.743564e+04 4.829342e+07
<GCONST> 7.208076e+01
<MIXTURE> 3 8.044536e-02
<MEAN> 6
 8.709173e+01 4.094791e+01 7.987111e+01 -4.735940e+00 -1.503545e-02 8.387338e+01
<VARIANCE> 6
 3.163787e+01 3.479530e+04 1.373229e+04 2.940807e+02 3.743564e+04 4.829342e+07
<GCONST> 6.837340e+01
<MIXTURE> 4 9.256741e-02
<MEAN> 6
 1.008776e+02 -1.444258e+02 -2.285317e+01 -7.159036e+00 -8.384033e+00 3.256110e+02
<VARIANCE> 6
 3.163787e+01 8.667650e+04 1.373229e+04 2.940807e+02 3.743564e+04 4.829342e+07
<GCONST> 6.928610e+01
<MIXTURE> 5 1.029585e-01
<MEAN> 6
 8.756783e+01 -1.850219e+02 4.028958e+01 -3.661493e+00 1.395971e+00 -9.405964e+00
<VARIANCE> 6
 3.163787e+01 1.276023e+04 1.373229e+04 2.940807e+02 3.743564e+04 4.829342e+07
<GCONST> 6.737025e+01
<MIXTURE> 6 9.303063e-02
<MEAN> 6
 8.225789e+01 2.995089e+01 8.082741e+01 -3.897341e+00 7.718250e-01 2.773391e+01
<VARIANCE> 6
 3.260461e+01 1.276023e+04 1.373229e+04 2.940807e+02 3.743564e+04 4.829342e+07
<GCONST> 6.740034e+01
<MIXTURE> 7 1.272711e-02
<MEAN> 6
 8.308765e+01 -5.656337e+02 1.662852e+02 -3.014220e+00 -2.470038e+01 2.829906e+02
<VARIANCE> 6
 1.151868e+02 2.944690e+05 8.212084e+04 2.940807e+02 3.743564e+04 4.829342e+07
<GCONST> 7.358974e+01
<MIXTURE> 8 1.147771e-01
<MEAN> 6
 7.729729e+01 -3.588520e+01 7.905414e+01 -4.254332e+00 6.011235e+00 4.397014e+01
<VARIANCE> 6
 3.163787e+01 1.276023e+04 1.373229e+04 2.940807e+02 3.743564e+04 4.829342e+07
<GCONST> 6.737025e+01
<MIXTURE> 9 1.038600e-01
<MEAN> 6
 8.771768e+01 -1.937237e+02 4.052738e+01 -3.778679e+00 1.685902e+00 -8.537949e+00
<VARIANCE> 6
 3.163787e+01 1.276023e+04 1.373229e+04 2.940807e+02 3.743564e+04 4.829342e+07
<GCONST> 6.737025e+01
<MIXTURE> 10 9.222031e-02
<MEAN> 6
 9.644396e+01 -1.515959e+02 -2.683958e+02 -5.144464e+00 5.788478e+00 -5.475479e+01
<VARIANCE> 6
 3.163787e+01 3.953799e+04 1.373229e+04 2.940807e+02 3.743564e+04 4.829342e+07
<GCONST> 6.850117e+01
<MIXTURE> 11 8.533172e-02
<MEAN> 6
 8.683816e+01 6.191859e+01 9.540377e+01 -4.269005e+00 -1.976583e+00 3.028269e+00
<VARIANCE> 6
 3.163787e+01 1.276023e+04 1.373229e+04 2.940807e+02 3.743564e+04 4.829342e+07
<GCONST> 6.737025e+01
<MIXTURE> 12 7.051627e-02
<MEAN> 6
 9.601711e+01 4.096790e+02 -7.325928e+01 -7.711502e+00 4.670026e+00 6.119174e+01
<VARIANCE> 6
 3.163787e+01 3.318693e+04 5.838534e+05 2.940807e+02 3.743564e+04 4.829342e+07
<GCONST> 7.207597e+01
<STATE> 7
<NUMMIXES> 12
<MIXTURE> 1 9.657090e-02
<MEAN> 6
 7.298124e+01 -4.095293e+02 1.048616e+03 -1.631873e+00 3.935754e+00 6.166187e+01
<VARIANCE> 6
 3.163787e+01 1.276023e+04 1.373229e+04 2.940807e+02 3.743564e+04 4.829342e+07
<GCONST> 6.737025e+01
<MIXTURE> 2 9.271368e-02
<MEAN> 6
 7.121227e+01 7.231232e+02 2.257778e+02 -8.628747e+00 1.800084e+01 2.403415e+01
<VARIANCE> 6
 3.163787e+01 6.842666e+04 1.537695e+04 2.940807e+02 3.743564e+04 4.829342e+07
<GCONST> 6.916280e+01
<MIXTURE> 3 6.801835e-02
<MEAN> 6
 7.124379e+01 3.143176e+01 6.761316e+02 -3.236480e+00 -2.108246e+00 1.068710e+02
<VARIANCE> 6
 3.163787e+01 1.276023e+04 1.373229e+04 2.940807e+02 3.743564e+04 4.829342e+07
<GCONST> 6.737025e+01
<MIXTURE> 4 1.286668e-01
<MEAN> 6
 6.709205e+01 2.095721e+02 1.691845e+02 -2.889468e+00 5.029470e+00 -3.345295e+01
<VARIANCE> 6
 3.163787e+01 1.276023e+04 1.373229e+04 2.940807e+02 3.743564e+04 4.829342e+07
<GCONST> 6.737025e+01
<MIXTURE> 5 7.813369e-02
<MEAN> 6
 5.941479e+01 -5.144544e+01 2.583282e+02 -9.807332e-01 1.777975e+00 -1.471119e+02
<VARIANCE> 6
 3.163787e+01 1.276023e+04 1.373229e+04 2.940807e+02 3.743564e+04 4.829342e+07
<GCONST> 6.737025e+01
<MIXTURE> 6 7.357774e-02
<MEAN> 6
 7.680129e+01 -1.653298e+02 4.487949e+02 -6.615921e-01 -1.973047e+01 -3.617170e+00
<VARIANCE> 6
 3.163787e+01 1.462874e+04 1.373229e+04 2.940807e+02 3.743564e+04 4.829342e+07
<GCONST> 6.750690e+01
<MIXTURE> 7 4.600065e-03
<MEAN> 6
 5.311774e+01 9.591184e+02 9.496658e+01 1.732517e+01 -7.321706e+01 1.529889e+03
<VARIANCE> 6
 4.216688e+02 6.597979e+05 5.179933e+05 2.940807e+02 7.956680e+04 4.829342e+07
<GCONST> 7.828990e+01
<MIXTURE> 8 7.815820e-02
<MEAN> 6
 6.582384e+01 1.633570e+02 1.473920e+02 -3.012529e+00 4.751299e+00 -1.743380e+01
<VARIANCE> 6
 3.163787e+01 1.276023e+04 1.373229e+04 2.940807e+02 3.743564e+04 4.829342e+07
<GCONST> 6.737025e+01
<MIXTURE> 9 1.277281e-01
<MEAN> 6
 7.371199e+01 -3.372982e+01 4.584645e+02 -2.565933e+00 -1.822648e+00 1.370687e+02
<VARIANCE> 6
 3.163787e+01 1.276023e+04 1.373229e+04 2.940807e+02 3.743564e+04 4.829342e+07
<GCONST> 6.737025e+01
<MIXTURE> 10 9.912971e-02
<MEAN> 6
 7.245896e+01 -3.825205e+02 9.363826e+02 -1.821959e+00 -6.972348e+00 -2.716583e+01
<VARIANCE> 6
 3.163787e+01 1.276023e+04 1.456481e+04 2.940807e+02 3.743564e+04 4.829342e+07
<GCONST> 6.742911e+01
<MIXTURE> 11 7.577132e-02
<MEAN> 6
 6.220328e+01 4.317896e+02 4.261747e+02 2.281326e+00 -6.341793e+00 -3.736767e+01
<VARIANCE> 6
 3.195369e+01 1.276023e+04 1.373229e+04 2.940807e+02 3.743564e+04 4.829342e+07
<GCONST> 6.738019e+01
<MIXTURE> 12 7.689028e-02
<MEAN> 6
 6.397086e+01 1.116983e+02 1.288253e+02 -3.230208e+00 5.508963e+00 1.257992e-02
<VARIANCE> 6
 3.163787e+01 1.276023e+04 1.373229e+04 2.940807e+02 3.743564e+04 4.829342e+07
<GCONST> 6.737025e+01
<STATE> 8
<NUMMIXES> 12
<MIXTURE> 1 8.896320e-02
<MEAN> 6
 9.551954e+01 9.849367e+02 2.469410e+03 2.435859e-02 1.812587e+00 -7.942991e+01
<VARIANCE> 6
 3.163787e+01 1.276023e+04 7.937179e+04 2.940807e+02 3.743564e+04 4.829342e+07
<GCONST> 6.912465e+01
<MIXTURE> 2 1.291216e-01
<MEAN> 6
 8.118536e+01 -3.547717e+02 2.597435e+03 -5.739627e-01 -8.512855e+00 -1.602128e+02
<VARIANCE> 6
 3.163787e+01 1.276023e+04 1.373229e+04 2.940807e+02 3.743564e+04 4.829342e+07
<GCONST> 6.737025e+01
<MIXTURE> 3 9.796321e-02
<MEAN> 6
 6.923035e+01 2.239366e+03 1.247111e+03 -1.123835e+00 -3.959309e+00 -9.209500e+01
<VARIANCE> 6
 3.163787e+01 1.330675e+04 1.390254e+04 2.940807e+02 3.743564e+04 4.829342e+07
<GCONST> 6.742451e+01
<MIXTURE> 4 1.051425e-01
<MEAN> 6
 8.186668e+01 -7.346061e+02 1.586583e+03 -1.308862e-01 3.382297e-01 3.658387e+00
<VARIANCE> 6
 3.163787e+01 1.276023e+04 1.373229e+04 2.940807e+02 3.743564e+04 4.829342e+07
<GCONST> 6.737025e+01
<MIXTURE> 5 7.171880e-02
<MEAN> 6
 7.947984e+01 6.034042e+02 1.975608e+03 1.044799e+00 -3.852588e+00 -3.269596e+02
<VARIANCE> 6
 6.332255e+01 1.276023e+04 2.674596e+04 2.940807e+02 3.743564e+04 4.829342e+07
<GCONST> 6.873077e+01
<MIXTURE> 6 1.325317e-01
<MEAN> 6
 7.336238e+01 1.347472e+03 1.229629e+03 6.561620e-01 2.188206e-01 -1.597857e+02
<VARIANCE> 6
 3.163787e+01 1.283238e+04 1.745270e+04 2.940807e+02 3.743564e+04 4.829342e+07
<GCONST> 6.761563e+01
<MIXTURE> 7 2.906231e-03
<MEAN> 6
 7.551395e+01 -9.421492e+00 -1.797586e+02 -3.198165e+00 -1.142437e+02 -3.164317e+02
<VARIANCE> 6
 7.637873e+02 7.528779e+05 1.042546e+06 4.091220e+02 1.617925e+05 8.366186e+07
<GCONST> 8.130476e+01
<MIXTURE> 8 8.785347e-02
<MEAN> 6
 5.686954e+01 1.374287e+03 1.135644e+03 2.062748e+00 -1.043967e+01 -2.345173e+00
<VARIANCE> 6
 3.163787e+01 1.899824e+04 1.373229e+04 2.940807e+02 3.743564e+04 4.829342e+07
<GCONST> 6.776826e+01
<MIXTURE> 9 7.436702e-02
<MEAN> 6
 8.146658e+01 -6.776581e+02 1.378481e+03 -2.821012e-01 -1.169748e+01 -3.008357e+02
<VARIANCE> 6
 3.163787e+01 1.276023e+04 1.373229e+04 2.940807e+02 3.743564e+04 4.829342e+07
<GCONST> 6.737025e+01
<MIXTURE> 10 4.786243e-02
<MEAN> 6
 8.074380e+01 -4.951869e+02 2.250871e+03 1.208810e-01 -1.075162e+00 4.706516e+01
<VARIANCE> 6
 3.163787e+01 1.276023e+04 1.893973e+04 2.940807e+02 3.743564e+04 4.829342e+07
<GCONST> 6.769176e+01
<MIXTURE> 11 8.016378e-02
<MEAN> 6
 9.763622e+01 8.764114e+02 1.763582e+03 -1.175069e+00 -1.475707e+00 9.142805e+01
<VARIANCE> 6
 3.163787e+01 1.276023e+04 2.041981e+05 2.940807e+02 3.743564e+04 4.829342e+07
<GCONST> 7.006960e+01
<MIXTURE> 12 8.140168e-02
<MEAN> 6
 7.478558e+01 6.171839e+02 1.955695e+03 -7.439159e-01 -5.542127e+00 -1.341986e+02
<VARIANCE> 6
 3.163787e+01 1.276023e+04 3.318866e+04 2.940807e+02 3.743564e+04 4.829342e+07
<GCONST> 6.825270e+01
<STATE> 9
<NUMMIXES> 12
<MIXTURE> 1 1.252035e-01
<MEAN> 6
 6.237125e+01 1.470106e+02 -1.329392e+02 -3.758391e+00 1.542957e+01 -5.685403e+01
<VARIANCE> 6
 3.163787e+01 1.276023e+04 1.373229e+04 2.940807e+02 3.743564e+04 4.829342e+07
<GCONST> 6.737025e+01
<MIXTURE> 2 1.116875e-01
<MEAN> 6
 7.113602e+01 -7.780304e+02 -1.465635e+03 -3.516155e-01 -1.388191e+00 -8.598374e+00
<VARIANCE> 6
 3.163787e+01 1.276023e+04 1.373229e+04 2.940807e+02 3.743564e+04 4.829342e+07
<GCONST> 6.737025e+01
<MIXTURE> 3 4.927600e-03
<MEAN> 6
 7.420063e+01 1.109342e+02 -1.695129e+02 -6.047717e+00 -2.262440e+02 -2.977336e+03
<VARIANCE> 6
 9.910739e+02 1.203750e+06 1.565586e+06 5.449026e+02 2.055899e+05 1.563685e+08
<GCONST> 8.359274e+01
<MIXTURE> 4 1.937377e-02
<MEAN> 6
 6.455048e+01 -1.001836e+02 -1.681850e+02 3.418015e+01 -1.205353e+02 8.052256e+01
<VARIANCE> 6
 3.163787e+01 2.786240e+04 1.373229e+04 1.683380e+03 1.051295e+06 8.845875e+08
<GCONST> 7.613888e+01
<MIXTURE> 5 6.368515e-02
<MEAN> 6
 6.989670e+01 -6.658254e+02 -1.698657e+03 -7.392435e-01 -1.000105e+01 -1.140206e+02
<VARIANCE> 6
 3.163787e+01 1.276023e+04 1.373229e+04 2.940807e+02 3.743564e+04 4.829342e+07
<GCONST> 6.737025e+01
<MIXTURE> 6 7.924552e-02
<MEAN> 6
 6.778288e+01 7.153774e+01 -1.304987e+02 -4.086255e+00 3.765559e+00 7.773872e+01
<VARIANCE> 6
 3.163787e+01 1.276023e+04 1.373229e+04 2.940807e+02 3.743564e+04 4.829342e+07
<GCONST> 6.737025e+01
<MIXTURE> 7 1.379679e-01
<MEAN> 6
 6.984583e+01 -6.601867e+02 -1.715964e+03 -9.124933e-01 -1.376166e+01 -1.532125e+02
<VARIANCE> 6
 3.163787e+01 1.276023e+04 1.373229e+04 2.940807e+02 3.743564e+04 4.829342e+07
<GCONST> 6.737025e+01
<MIXTURE> 8 1.255979e-01
<MEAN> 6
 6.243017e+01 1.456533e+02 -1.331867e+02 -3.749619e+00 1.528664e+01 -5.576632e+01
<VARIANCE> 6
 3.163787e+01 1.276023e+04 1.373229e+04 2.940807e+02 3.743564e+04 4.829342e+07
<GCONST> 6.737025e+01
<MIXTURE> 9 7.610915e-02
<MEAN> 6
 6.575362e+01 -7.123782e+01 -2.651310e+02 -7.894123e-01 -7.262650e+00 -1.494409e+02
<VARIANCE> 6
 3.163787e+01 1.276023e+04 1.373229e+04 2.940807e+02 3.743564e+04 4.829342e+07
<GCONST> 6.737025e+01
<MIXTURE> 10 1.120557e-01
<MEAN> 6
 7.099971e+01 -7.657664e+02 -1.484084e+03 -4.061993e-01 -9.472634e-01 -6.824386e+00
<VARIANCE> 6
 3.163787e+01 1.276023e+04 1.373229e+04 2.940807e+02 3.743564e+04 4.829342e+07
<GCONST> 6.737025e+01
<MIXTURE> 11 8.067821e-02
<MEAN> 6
 6.708254e+01 6.922658e+01 -1.399774e+02 -3.735421e+00 3.561051e+00 4.748326e+01
<VARIANCE> 6
 3.163787e+01 1.276023e+04 1.373229e+04 2.940807e+02 3.743564e+04 4.829342e+07
<GCONST> 6.737025e+01
<MIXTURE> 12 6.346522e-02
<MEAN> 6
 6.980400e+01 -6.557782e+02 -1.730119e+03 -1.200993e+00 -1.904645e+01 -2.027713e+02
<VARIANCE> 6
 3.163787e+01 1.276023e+04 1.373229e+04 2.940807e+02 3.743564e+04 4.829342e+07
<GCONST> 6.737025e+01
<STATE> 10
<NUMMIXES> 12
<MIXTURE> 1 8.528334e-02
<MEAN> 6
 1.012216e+02 9.905342e+02 2.417345e+02 -2.807985e+00 -2.337353e+00 2.927304e+02
<VARIANCE> 6
 3.163787e+01 1.276023e+04 1.373229e+04 2.940807e+02 3.743564e+04 4.829342e+07
<GCONST> 6.737025e+01
<MIXTURE> 2 1.051386e-01
<MEAN> 6
 8.960897e+01 5.886584e+02 -1.363146e+03 9.264090e-01 -2.391998e+01 -2.750741e+02
<VARIANCE> 6
 3.163787e+01 1.276023e+04 1.373229e+04 2.940807e+02 3.743564e+04 4.829342e+07
<GCONST> 6.737025e+01
<MIXTURE> 3 1.364501e-01
<MEAN> 6
 9.274697e+01 9.728324e+02 -1.454625e+02 -5.499172e+00 -1.609087e+01 -1.962561e+02
<VARIANCE> 6
 3.163787e+01 1.369266e+04 1.373229e+04 2.940807e+02 3.743564e+04 4.829342e+07
<GCONST> 6.744078e+01
<MIXTURE> 4 7.022084e-02
<MEAN> 6
 8.669412e+01 3.762963e+02 -1.311191e+03 -1.057442e+00 7.750489e+00 1.629340e+01
<VARIANCE> 6
 3.163787e+01 1.276023e+04 1.373229e+04 2.940807e+02 3.743564e+04 4.829342e+07
<GCONST> 6.737025e+01
<MIXTURE> 5 8.502707e-02
<MEAN> 6
 1.012146e+02 9.910825e+02 2.416786e+02 -2.817153e+00 -2.455173e+00 2.939580e+02
<VARIANCE> 6
 3.163787e+01 1.276023e+04 1.373229e+04 2.940807e+02 3.743564e+04 4.829342e+07
<GCONST> 6.737025e+01
<MIXTURE> 6 8.654921e-02
<MEAN> 6
 8.804620e+01 2.951410e+02 -1.308264e+03 -2.911999e+00 2.573313e+00 5.491613e+01
<VARIANCE> 6
 3.163787e+01 1.276023e+04 1.373229e+04 2.940807e+02 3.743564e+04 4.829342e+07
<GCONST> 6.737025e+01
<MIXTURE> 7 7.129001e-03
<MEAN> 6
 7.661788e+01 5.850299e+01 -1.957755e+02 -4.551563e+00 -1.725025e+02 -2.119680e+03
<VARIANCE> 6
 6.917042e+02 8.049812e+05 1.154336e+06 4.026511e+02 1.619569e+05 1.067020e+08
<GCONST> 8.160274e+01
<MIXTURE> 8 1.001492e-01
<MEAN> 6
 8.926084e+01 5.729722e+02 -1.358907e+03 1.319194e+00 -1.731990e+01 -2.270206e+02
<VARIANCE> 6
 3.163787e+01 1.276023e+04 1.373229e+04 2.940807e+02 3.743564e+04 4.829342e+07
<GCONST> 6.737025e+01
<MIXTURE> 9 8.511992e-02
<MEAN> 6
 1.012389e+02 9.892621e+02 2.418686e+02 -2.786626e+00 -2.071014e+00 2.899269e+02
<VARIANCE> 6
 3.163787e+01 1.276023e+04 1.373229e+04 2.940807e+02 3.743564e+04 4.829342e+07
<GCONST> 6.737025e+01
<MIXTURE> 10 8.490581e-02
<MEAN> 6
 1.012509e+02 9.883797e+02 2.419610e+02 -2.771792e+00 -1.891661e+00 2.880249e+02
<VARIANCE> 6
 3.163787e+01 1.276023e+04 1.373229e+04 2.940807e+02 3.743564e+04 4.829342e+07
<GCONST> 6.737025e+01
<MIXTURE> 11 8.397209e-02
<MEAN> 6
 8.862704e+01 2.711516e+02 -1.313909e+03 -3.285793e+00 1.369152e+00 5.387711e+01
<VARIANCE> 6
 3.163787e+01 1.276023e+04 1.373229e+04 2.940807e+02 3.743564e+04 4.829342e+07
<GCONST> 6.737025e+01
<MIXTURE> 12 7.004320e-02
<MEAN> 6
 8.707591e+01 3.433289e+02 -1.311605e+03 -1.877330e+00 5.391660e+00 4.117837e+01
<VARIANCE> 6
 3.163787e+01 1.276023e+04 1.373229e+04 2.940807e+02 3.743564e+04 4.829342e+07
<GCONST> 6.737025e+01
<STATE> 11
<NUMMIXES> 12
<MIXTURE> 1 1.323189e-01
<MEAN> 6
 8.194476e+01 5.050756e+02 -2.476390e+02 -2.078085e+00 1.532771e+00 -7.308467e+01
<VARIANCE> 6
 3.163787e+01 1.276023e+04 1.373229e+04 2.940807e+02 3.743564e+04 4.829342e+07
<GCONST> 6.737025e+01
<MIXTURE> 2 8.583650e-02
<MEAN> 6
 8.481474e+01 7.666711e+01 -2.140073e+02 -4.673625e-01 -2.594251e+00 -5.911314e+01
<VARIANCE> 6
 3.163787e+01 1.276023e+04 1.373229e+04 2.940807e+02 3.743564e+04 4.829342e+07
<GCONST> 6.737025e+01
<MIXTURE> 3 3.427760e-03
<MEAN> 6
 8.343243e+01 6.315926e+02 1.279884e+03 -1.572823e+01 -9.145417e+02 -3.133883e+04
<VARIANCE> 6
 4.862053e+02 6.507406e+05 2.590001e+06 3.905302e+02 3.578455e+05 3.580224e+08
<GCONST> 8.381840e+01
<MIXTURE> 4 1.370273e-01
<MEAN> 6
 8.093690e+01 -1.741261e+02 -3.605521e+02 -2.347198e+00 8.411093e-01 5.322387e+01
<VARIANCE> 6
 3.163787e+01 1.276023e+04 1.373229e+04 2.940807e+02 3.743564e+04 4.829342e+07
<GCONST> 6.737025e+01
<MIXTURE> 5 2.173077e-02
<MEAN> 6
 8.471027e+01 3.450856e+02 -7.017275e+02 -9.168829e-01 2.394392e+00 -2.188481e+02
<VARIANCE> 6
 3.163787e+01 1.276023e+04 2.595383e+04 2.940807e+02 3.743564e+04 4.829342e+07
<GCONST> 6.800682e+01
<MIXTURE> 6 1.347332e-01
<MEAN> 6
 8.192734e+01 5.036496e+02 -2.524090e+02 -2.081941e+00 1.544594e+00 -6.801746e+01
<VARIANCE> 6
 3.163787e+01 1.276023e+04 1.373229e+04 2.940807e+02 3.743564e+04 4.829342e+07
<GCONST> 6.737025e+01
<MIXTURE> 7 8.372486e-02
<MEAN> 6
 8.484318e+01 7.819508e+01 -2.117630e+02 -4.664722e-01 -2.731484e+00 -5.967469e+01
<VARIANCE> 6
 3.163787e+01 1.276023e+04 1.373229e+04 2.940807e+02 3.743564e+04 4.829342e+07
<GCONST> 6.737025e+01
<MIXTURE> 8 5.862153e-02
<MEAN> 6
 7.836732e+01 -3.298340e+02 -4.799033e+02 -3.174477e+00 -1.220580e+01 7.119141e+01
<VARIANCE> 6
 4.424010e+01 1.276023e+04 1.591454e+04 2.940807e+02 3.743564e+04 4.829342e+07
<GCONST> 6.785301e+01
<MIXTURE> 9 8.812504e-02
<MEAN> 6
 8.474036e+01 7.291786e+01 -2.195582e+02 -4.701877e-01 -2.279690e+00 -5.768809e+01
<VARIANCE> 6
 3.163787e+01 1.276023e+04 1.373229e+04 2.940807e+02 3.743564e+04 4.829342e+07
<GCONST> 6.737025e+01
<MIXTURE> 10 8.400372e-02
<MEAN> 6
 8.464980e+01 6.865733e+01 -2.258764e+02 -4.751428e-01 -1.958633e+00 -5.604099e+01
<VARIANCE> 6
 3.163787e+01 1.276023e+04 1.373229e+04 2.940807e+02 3.743564e+04 4.829342e+07
<GCONST> 6.737025e+01
<MIXTURE> 11 1.014916e-01
<MEAN> 6
 7.950690e+01 -2.275849e+02 -3.458363e+02 -2.654193e+00 2.223289e-01 4.513865e+01
<VARIANCE> 6
 3.163787e+01 1.276023e+04 1.373229e+04 2.940807e+02 3.743564e+04 4.829342e+07
<GCONST> 6.737025e+01
<MIXTURE> 12 6.892287e-02
<MEAN> 6
 7.313846e+01 -3.892207e+02 -5.173522e+02 -2.385867e+00 -1.659201e+01 1.298168e+02
<VARIANCE> 6
 3.163787e+01 1.276023e+04 1.373229e+04 2.940807e+02 3.743564e+04 4.829342e+07
<GCONST> 6.737025e+01
<STATE> 12
<NUMMIXES> 12
<MIXTURE> 1 9.699665e-02
<MEAN> 6
 7.808162e+01 -8.490480e+02 8.505424e+01 -9.698539e-01 1.452715e+00 -8.790582e+01
<VARIANCE> 6
 3.163787e+01 1.276023e+04 1.427848e+04 2.940807e+02 3.743564e+04 4.829342e+07
<GCONST> 6.740926e+01
<MIXTURE> 2 9.336137e-02
<MEAN> 6
 8.077248e+01 -3.811684e+02 2.926746e+02 -2.244762e+00 2.161351e+00 -9.559434e+01
<VARIANCE> 6
 3.163787e+01 1.276023e+04 1.855399e+04 2.940807e+02 3.743564e+04 4.829342e+07
<GCONST> 6.767119e+01
<MIXTURE> 3 9.851555e-02
<MEAN> 6
 7.305753e+01 -5.778063e+02 1.731169e+02 -1.955471e+00 -1.588558e+00 -7.335160e+01
<VARIANCE> 6
 3.163787e+01 1.276023e+04 1.373229e+04 2.940807e+02 3.743564e+04 4.829342e+07
<GCONST> 6.737025e+01
<MIXTURE> 4 1.125127e-01
<MEAN> 6
 7.563029e+01 -1.349221e+03 -1.190619e+02 -1.563881e+00 -3.646972e+00 -8.895650e+01
<VARIANCE> 6
 3.163787e+01 1.276023e+04 5.035530e+04 2.940807e+02 3.743564e+04 4.829342e+07
<GCONST> 6.866960e+01
<MIXTURE> 5 6.484625e-02
<MEAN> 6
 7.893252e+01 -3.821272e+02 1.259840e+02 -3.698628e+00 3.294897e+00 -7.421921e+01
<VARIANCE> 6
 3.163787e+01 1.276023e+04 1.373229e+04 2.940807e+02 3.743564e+04 4.829342e+07
<GCONST> 6.737025e+01
<MIXTURE> 6 3.941341e-02
<MEAN> 6
 8.343388e+01 -8.524945e+02 -6.696596e+01 -6.310848e+00 -1.956589e+01 -1.201783e+02
<VARIANCE> 6
 8.504387e+01 1.607492e+05 9.225773e+04 2.940807e+02 3.743564e+04 4.829342e+07
<GCONST> 7.279741e+01
<MIXTURE> 7 1.128555e-01
<MEAN> 6
 7.889220e+01 -3.876944e+02 1.253567e+02 -3.715421e+00 3.293325e+00 -7.499595e+01
<VARIANCE> 6
 3.163787e+01 1.276023e+04 1.373229e+04 2.940807e+02 3.743564e+04 4.829342e+07
<GCONST> 6.737025e+01
<MIXTURE> 8 5.975887e-02
<MEAN> 6
 7.986501e+01 -4.356503e+02 -2.478615e+01 -4.515917e+00 3.713900e+00 -3.944298e+01
<VARIANCE> 6
 3.163787e+01 1.276023e+04 1.394096e+04 2.940807e+02 3.743564e+04 4.829342e+07
<GCONST> 6.738533e+01
<MIXTURE> 9 9.884877e-02
<MEAN> 6
 7.305300e+01 -5.778806e+02 1.731584e+02 -1.953783e+00 -1.592899e+00 -7.337474e+01
<VARIANCE> 6
 3.163787e+01 1.276023e+04 1.373229e+04 2.940807e+02 3.743564e+04 4.829342e+07
<GCONST> 6.737025e+01
<MIXTURE> 10 9.562355e-02
<MEAN> 6
 7.633958e+01 -7.899764e+02 -7.138255e+01 -7.697533e-01 5.803048e-01 -7.601782e+01
<VARIANCE> 6
 3.163787e+01 1.276023e+04 1.373229e+04 2.940807e+02 3.743564e+04 4.829342e+07
<GCONST> 6.737025e+01
<MIXTURE> 11 6.606317e-02
<MEAN> 6
 7.793821e+01 -3.952428e+02 8.866043e+01 -3.904565e+00 4.091970e+00 -6.547381e+01
<VARIANCE> 6
 3.163787e+01 1.276023e+04 1.373229e+04 2.940807e+02 3.743564e+04 4.829342e+07
<GCONST> 6.737025e+01
<MIXTURE> 12 6.118545e-02
<MEAN> 6
 7.937095e+01 -4.574599e+02 -6.616270e+01 -4.308714e+00 3.304465e+00 -1.535380e+01
<VARIANCE> 6
 3.163787e+01 1.276023e+04 1.373229e+04 2.940807e+02 3.743564e+04 4.829342e+07
<GCONST> 6.737025e+01
<STATE> 13
<NUMMIXES> 12
<MIXTURE> 1 8.112483e-02
<MEAN> 6
 9.167616e+01 -1.552252e+03 -1.551940e+03 7.411961e+00 -4.487729e+01 1.374888e+02
<VARIANCE> 6
 4.981964e+01 1.276023e+04 7.922547e+04 7.273466e+02 3.743564e+04 4.829342e+07
<GCONST> 7.048241e+01
<MIXTURE> 2 3.233285e-03
<MEAN> 6
 -1.537391e+02 -1.857766e+03 -1.467154e+03 -9.726430e+01 -5.659285e+01 5.320608e+04
<VARIANCE> 6
 3.163787e+01 1.276023e+04 1.373229e+04 2.940807e+02 1.813942e+06 4.829342e+07
<GCONST> 7.125089e+01
<MIXTURE> 3 7.572480e-02
<MEAN> 6
 6.802839e+01 2.485715e+02 -3.927671e+02 -8.214031e+01 -8.522624e+02 -5.667070e+03
<VARIANCE> 6
 1.327268e+02 4.369383e+05 2.807268e+06 1.914911e+03 1.769588e+05 7.400894e+07
<GCONST> 8.151162e+01
<MIXTURE> 4 1.026016e-01
<MEAN> 6
 7.667657e+01 9.941360e+01 -7.477518e+02 -2.988179e+00 -1.929684e+01 1.015515e+02
<VARIANCE> 6
 3.163787e+01 1.276023e+04 1.373229e+04 2.940807e+02 3.743564e+04 4.829342e+07
<GCONST> 6.737025e+01
<MIXTURE> 5 4.500753e-02
<MEAN> 6
 7.078081e+01 -9.816799e+02 -4.198492e+02 -9.216383e-01 -3.570099e+00 -1.877892e+02
<VARIANCE> 6
 3.163787e+01 1.276023e+04 1.373229e+04 2.940807e+02 3.743564e+04 4.829342e+07
<GCONST> 6.737025e+01
<MIXTURE> 6 7.156668e-02
<MEAN> 6
 7.373013e+01 -8.263506e+02 -6.424008e+02 -6.308687e+00 -4.337382e+00 2.299089e+02
<VARIANCE> 6
 3.163787e+01 1.276023e+04 1.373229e+04 2.940807e+02 3.743564e+04 4.829342e+07
<GCONST> 6.737025e+01
<MIXTURE> 7 8.456361e-02
<MEAN> 6
 7.092332e+01 -1.046069e+03 -3.867512e+02 -1.365161e-01 -8.361586e+00 -3.486573e+02
<VARIANCE> 6
 3.163787e+01 1.276023e+04 1.373229e+04 2.940807e+02 3.743564e+04 4.829342e+07
<GCONST> 6.737025e+01
<MIXTURE> 8 8.917905e-02
<MEAN> 6
 7.790374e+01 -1.347862e+03 -9.389926e+02 -6.319642e+00 -8.522651e+00 -2.067718e+02
<VARIANCE> 6
 3.163787e+01 1.276023e+04 1.509986e+04 2.940807e+02 3.743564e+04 4.829342e+07
<GCONST> 6.746518e+01
<MIXTURE> 9 1.334730e-01
<MEAN> 6
 4.561812e+01 1.036011e+01 -5.774827e+01 -2.582636e+02 -1.485698e+03 4.183775e+03
<VARIANCE> 6
 2.656944e+02 1.547500e+06 3.929285e+06 5.522596e+03 7.260736e+05 1.807044e+08
<GCONST> 8.717011e+01
<MIXTURE> 10 1.218661e-01
<MEAN> 6
 -3.602223e+01 2.636851e+02 -6.091186e+02 -3.781499e+02 1.891792e+03 3.246352e+04
<VARIANCE> 6
 3.355014e+02 2.540462e+06 3.951316e+06 1.138468e+04 2.934000e+06 1.254692e+09
<GCONST> 9.196236e+01
<MIXTURE> 11 1.242348e-01
<MEAN> 6
 8.802064e+00 9.068095e+01 -9.739656e+02 -3.776878e+02 -7.848382e+02 8.832556e+03
<VARIANCE> 6
 2.881102e+02 2.723833e+06 5.014292e+06 7.280294e+03 6.049698e+05 2.558910e+08
<GCONST> 8.850208e+01
<MIXTURE> 12 6.741925e-02
<MEAN> 6
 6.280491e+01 -1.293594e+02 -4.366237e+02 -1.096334e+02 -1.422347e+03 -1.161811e+04
<VARIANCE> 6
 1.246410e+02 1.181072e+06 2.051061e+06 2.290012e+03 4.633879e+05 1.117855e+08
<GCONST> 8.368323e+01
<STATE> 14
<NUMMIXES> 12
<MIXTURE> 1 1.256143e-01
<MEAN> 6
 9.037231e+01 5.024740e+02 -3.250919e+02 -4.534019e+00 -2.451182e+01 -9.256685e+01
<VARIANCE> 6
 9.959099e+01 2.315638e+05 1.263344e+06 2.940807e+02 3.743564e+04 4.829342e+07
<GCONST> 7.593726e+01
<MIXTURE> 2 1.923099e-02
<MEAN> 6
 -4.564873e+00 1.773704e+02 6.270355e+01 3.598799e+01 -1.684228e+02 8.339520e+02
<VARIANCE> 6
 1.296415e+04 1.835159e+05 4.001814e+05 2.107922e+06 1.178174e+09 1.740454e+12
<GCONST> 1.091505e+02
<MIXTURE> 3 6.137429e-02
<MEAN> 6
 4.872561e+01 4.627883e+02 6.348159e+02 7.168442e+01 -3.885402e+02 2.179022e+02
<VARIANCE> 6
 7.315533e+02 2.031005e+06 4.818706e+06 2.896399e+04 1.706732e+05 4.829342e+07
<GCONST> 8.754861e+01
<MIXTURE> 4 1.076506e-01
<MEAN> 6
 -6.440521e+01 2.015009e+02 -1.089391e+02 7.252987e+00 2.420664e+02 1.551042e+02
<VARIANCE> 6
 8.963550e+01 8.633128e+05 1.459940e+06 9.769958e+02 8.179726e+04 4.829342e+07
<GCONST> 7.927474e+01
<MIXTURE> 5 9.418997e-02
<MEAN> 6
 5.457709e-01 1.261654e+02 -3.118213e+02 -1.058771e+02 8.668681e+01 2.594387e+03
<VARIANCE> 6
 4.658371e+03 1.739686e+06 2.516228e+06 4.330013e+04 2.544558e+06 1.332071e+09
<GCONST> 9.501655e+01
<MIXTURE> 6 7.278378e-02
<MEAN> 6
 -3.054260e+01 -2.740014e+02 2.350852e+02 2.101869e+02 6.246954e+02 -3.426624e+03
<VARIANCE> 6
 3.115497e+02 7.090726e+05 1.181219e+06 5.287977e+03 1.468128e+05 4.829342e+07
<GCONST> 8.238550e+01
<MIXTURE> 7 1.159796e-01
<MEAN> 6
 8.175048e+01 5.943456e+01 3.874748e+01 -1.647224e+01 -6.520198e+02 -5.295223e+02
<VARIANCE> 6
 1.945611e+02 6.415820e+05 1.014799e+06 1.585741e+04 3.340007e+05 1.172303e+08
<GCONST> 8.446985e+01
<MIXTURE> 8 7.209318e-02
<MEAN> 6
 7.955679e+01 3.465178e+02 1.295757e+03 -2.628830e+00 -2.474515e+01 -4.583797e+01
<VARIANCE> 6
 2.250390e+02 1.344765e+06 2.685703e+06 2.940807e+02 3.743564e+04 4.829342e+07
<GCONST> 7.926576e+01
<MIXTURE> 9 1.070047e-01
<MEAN> 6
 2.381170e+01 -2.914066e+02 3.566725e+02 -1.938010e+01 -2.453836e+02 -2.526966e+02
<VARIANCE> 6
 6.919347e+02 4.344722e+05 7.506100e+05 5.659192e+04 1.828412e+05 7.653405e+07
<GCONST> 8.529052e+01
<MIXTURE> 10 9.117869e-02
<MEAN> 6
 -5.454450e+01 -2.279396e+02 -1.088121e+02 -3.287509e+01 1.004619e+03 4.986322e+02
<VARIANCE> 6
 1.786089e+02 3.284216e+05 2.484670e+06 2.190759e+04 3.963760e+05 1.847213e+08
<GCONST> 8.555923e+01
<MIXTURE> 11 6.909532e-02
<MEAN> 6
 7.399448e+01 -4.440822e+02 2.989855e+02 2.468892e+00 -2.207596e+01 -1.070747e+02
<VARIANCE> 6
 2.327142e+02 5.485781e+05 1.015273e+06 2.940807e+02 3.743564e+04 4.829342e+07
<GCONST> 7.742987e+01
<MIXTURE> 12 6.335769e-02
<MEAN> 6
 4.043063e+01 -1.436852e+02 -3.380758e+00 1.624180e+01 -4.447137e+02 -1.278169e+03
<VARIANCE> 6
 9.262802e+02 1.339788e+06 4.314900e+06 4.546173e+04 2.225449e+05 4.829342e+07
<GCONST> 8.797437e+01
<TRANSP> 15
 0.000000e+00 1.000000e+00 0.000000e+00 0.000000e+00 0.000000e+00 0.000000e+00 0.000000e+00 0.000000e+00 0.000000e+00 0.000000e+00 0.000000e+00 0.000000e+00 0.000000e+00 0.000000e+00 0.000000e+00
 0.000000e+00 9.999282e-01 7.177776e-05 0.000000e+00 0.000000e+00 0.000000e+00 0.000000e+00 0.000000e+00 0.000000e+00 0.000000e+00 0.000000e+00 0.000000e+00 0.000000e+00 0.000000e+00 0.000000e+00
 0.000000e+00 0.000000e+00 9.976359e-01 2.364076e-03 0.000000e+00 0.000000e+00 0.000000e+00 0.000000e+00 0.000000e+00 0.000000e+00 0.000000e+00 0.000000e+00 0.000000e+00 0.000000e+00 0.000000e+00
 0.000000e+00 0.000000e+00 0.000000e+00 9.966228e-01 3.377211e-03 0.000000e+00 0.000000e+00 0.000000e+00 0.000000e+00 0.000000e+00 0.000000e+00 0.000000e+00 0.000000e+00 0.000000e+00 0.000000e+00
 0.000000e+00 0.000000e+00 0.000000e+00 0.000000e+00 9.977671e-01 2.232929e-03 0.000000e+00 0.000000e+00 0.000000e+00 0.000000e+00 0.000000e+00 0.000000e+00 0.000000e+00 0.000000e+00 0.000000e+00
 0.000000e+00 0.000000e+00 0.000000e+00 0.000000e+00 0.000000e+00 9.985189e-01 1.481118e-03 0.000000e+00 0.000000e+00 0.000000e+00 0.000000e+00 0.000000e+00 0.000000e+00 0.000000e+00 0.000000e+00
 0.000000e+00 0.000000e+00 0.000000e+00 0.000000e+00 0.000000e+00 0.000000e+00 9.981764e-01 1.823562e-03 0.000000e+00 0.000000e+00 0.000000e+00 0.000000e+00 0.000000e+00 0.000000e+00 0.000000e+00
 0.000000e+00 0.000000e+00 0.000000e+00 0.000000e+00 0.000000e+00 0.000000e+00 0.000000e+00 9.969699e-01 3.030079e-03 0.000000e+00 0.000000e+00 0.000000e+00 0.000000e+00 0.000000e+00 0.000000e+00
 0.000000e+00 0.000000e+00 0.000000e+00 0.000000e+00 0.000000e+00 0.000000e+00 0.000000e+00 0.000000e+00 9.931020e-01 6.898029e-03 0.000000e+00 0.000000e+00 0.000000e+00 0.000000e+00 0.000000e+00
 0.000000e+00 0.000000e+00 0.000000e+00 0.000000e+00 0.000000e+00 0.000000e+00 0.000000e+00 0.000000e+00 0.000000e+00 9.937048e-01 6.295154e-03 0.000000e+00 0.000000e+00 0.000000e+00 0.000000e+00
 0.000000e+00 0.000000e+00 0.000000e+00 0.000000e+00 0.000000e+00 0.000000e+00 0.000000e+00 0.000000e+00 0.000000e+00 0.000000e+00 9.980932e-01 1.906720e-03 0.000000e+00 0.000000e+00 0.000000e+00
 0.000000e+00 0.000000e+00 0.000000e+00 0.000000e+00 0.000000e+00 0.000000e+00 0.000000e+00 0.000000e+00 0.000000e+00 0.000000e+00 0.000000e+00 9.980059e-01 1.994072e-03 0.000000e+00 0.000000e+00
 0.000000e+00 0.000000e+00 0.000000e+00 0.000000e+00 0.000000e+00 0.000000e+00 0.000000e+00 0.000000e+00 0.000000e+00 0.000000e+00 0.000000e+00 0.000000e+00 9.964643e-01 3.535645e-03 0.000000e+00
 0.000000e+00 0.000000e+00 0.000000e+00 0.000000e+00 0.000000e+00 0.000000e+00 0.000000e+00 0.000000e+00 0.000000e+00 0.000000e+00 0.000000e+00 0.000000e+00 0.000000e+00 9.998959e-01 1.041217e-04
 0.000000e+00 0.000000e+00 0.000000e+00 0.000000e+00 0.000000e+00 0.000000e+00 0.000000e+00 0.000000e+00 0.000000e+00 0.000000e+00 0.000000e+00 0.000000e+00 0.000000e+00 0.000000e+00 0.000000e+00
<ENDHMM>
