~o
<STREAMINFO> 1 6
<VECSIZE> 6<NULLD><USER><DIAGC>
~h "SegundoPRIMARIA"
<BEGINHMM>
<NUMSTATES> 15
<STATE> 2
<NUMMIXES> 13
<MIXTURE> 1 6.430543e-02
<MEAN> 6
 2.596445e+01 9.603056e+01 3.470028e+01 2.559689e+02 5.750634e+01 -2.664218e+03
<VARIANCE> 6
 7.893081e+02 1.181329e+05 4.012175e+04 6.131938e+03 2.821326e+05 8.483020e+07
<GCONST> 7.950523e+01
<MIXTURE> 2 3.787609e-02
<MEAN> 6
 7.417773e+01 4.233797e+01 9.555263e+01 -1.298776e+01 -9.731703e+02 7.147065e+03
<VARIANCE> 6
 3.508642e+03 6.933150e+05 6.579301e+05 7.632238e+04 7.889956e+06 5.356794e+09
<GCONST> 9.556180e+01
<MIXTURE> 3 6.715322e-02
<MEAN> 6
 8.837538e+01 -7.002956e+01 -6.492236e+01 -2.456493e+00 -2.504498e+01 -2.723484e+02
<VARIANCE> 6
 1.525452e+02 2.868303e+05 1.810913e+05 2.961554e+02 4.050157e+04 5.219723e+07
<GCONST> 7.479865e+01
<MIXTURE> 4 5.794922e-02
<MEAN> 6
 6.475291e+01 1.603892e+00 2.460038e+02 -3.806693e+01 -5.775907e+02 -8.354909e+02
<VARIANCE> 6
 6.675417e+02 7.884841e+04 3.990203e+05 4.237068e+04 3.495683e+05 8.485490e+07
<GCONST> 8.337804e+01
<MIXTURE> 5 9.362631e-02
<MEAN> 6
 -4.510538e+01 -3.647575e+01 -5.376337e+00 -4.535941e+01 1.558856e+03 -2.654997e+03
<VARIANCE> 6
 3.063836e+02 1.875173e+05 1.099614e+05 3.871936e+04 8.382412e+05 5.605170e+08
<GCONST> 8.484914e+01
<MIXTURE> 6 8.364560e-02
<MEAN> 6
 9.010663e+01 -2.846445e+01 -6.666534e+00 3.833411e+01 -9.454267e+02 -3.516346e+03
<VARIANCE> 6
 4.880517e+02 1.913430e+05 6.414293e+04 3.397928e+04 1.469975e+06 6.926644e+08
<GCONST> 8.543870e+01
<MIXTURE> 7 7.643016e-02
<MEAN> 6
 6.515532e+01 -1.680474e+02 -2.491574e+02 8.567631e-01 -4.147743e+00 -1.150281e+02
<VARIANCE> 6
 5.629300e+01 2.326389e+05 8.652601e+04 2.961554e+02 4.050157e+04 5.219723e+07
<GCONST> 7.285380e+01
<MIXTURE> 8 9.714054e-02
<MEAN> 6
 -3.937502e+01 8.133498e+01 2.363607e+01 6.106055e+01 7.721935e+02 -2.813089e+02
<VARIANCE> 6
 2.242905e+02 7.452232e+04 3.426650e+04 1.593304e+04 1.816419e+05 5.219723e+07
<GCONST> 7.765746e+01
<MIXTURE> 9 9.584580e-02
<MEAN> 6
 1.414136e+01 -3.718774e+00 3.975880e+01 -3.005596e+02 -7.194566e+01 9.439816e+03
<VARIANCE> 6
 6.584536e+02 6.603143e+04 5.307936e+04 8.848576e+03 8.022172e+05 3.420767e+08
<GCONST> 8.182828e+01
<MIXTURE> 10 1.091273e-01
<MEAN> 6
 8.435664e+01 -1.936712e+01 1.894967e+01 -5.004653e+01 -7.551751e+02 -7.631915e+02
<VARIANCE> 6
 2.596563e+02 8.996508e+04 3.657038e+04 1.937701e+04 1.825546e+05 6.071849e+07
<GCONST> 7.840919e+01
<MIXTURE> 11 8.084939e-02
<MEAN> 6
 8.336211e+01 -6.437537e+01 -6.227301e+01 -1.632400e+00 -2.269621e+01 -3.353963e+02
<VARIANCE> 6
 2.360690e+02 7.027287e+04 5.440557e+04 2.961554e+02 4.050157e+04 5.219723e+07
<GCONST> 7.262627e+01
<MIXTURE> 12 7.134126e-02
<MEAN> 6
 -5.599548e+01 5.807233e+01 3.600618e+01 6.177186e+00 2.580371e+02 3.042126e+02
<VARIANCE> 6
 1.758842e+02 1.088723e+05 7.192189e+04 1.050326e+03 1.092160e+05 5.219723e+07
<GCONST> 7.530683e+01
<MIXTURE> 13 6.422172e-02
<MEAN> 6
 1.955327e+01 1.731165e+01 -1.833813e+01 2.516194e+02 1.991299e+01 -4.882247e+03
<VARIANCE> 6
 7.517092e+02 1.280518e+05 3.972380e+04 6.507125e+03 2.743828e+05 8.255796e+07
<GCONST> 7.953145e+01
<STATE> 3
<NUMMIXES> 13
<MIXTURE> 1 1.074350e-01
<MEAN> 6
 1.027640e+02 -5.553637e+01 -1.154828e+02 -9.432844e+00 -1.473949e+02 1.055344e+04
<VARIANCE> 6
 6.439511e+01 5.804328e+05 2.105009e+05 1.614998e+03 1.172341e+06 8.601989e+08
<GCONST> 8.265535e+01
<MIXTURE> 2 3.503229e-02
<MEAN> 6
 9.636375e+01 1.542298e+02 -2.384721e+02 2.708479e+01 1.111844e+02 -8.344121e+03
<VARIANCE> 6
 3.128982e+01 2.461168e+04 1.353773e+04 2.961554e+02 1.774056e+05 6.922210e+07
<GCONST> 6.992467e+01
<MIXTURE> 3 5.736836e-02
<MEAN> 6
 1.009196e+02 1.391771e+02 1.691003e+01 -1.643567e+00 -2.356014e+01 2.675787e+02
<VARIANCE> 6
 3.128982e+01 1.293270e+04 1.353773e+04 2.961554e+02 4.050157e+04 5.219723e+07
<GCONST> 6.752183e+01
<MIXTURE> 4 8.421098e-02
<MEAN> 6
 9.101376e+01 2.251775e+02 -4.353805e+02 1.956995e+00 4.059814e+01 -1.234734e+02
<VARIANCE> 6
 3.640432e+01 2.033993e+04 1.353773e+04 2.961554e+02 4.050157e+04 5.219723e+07
<GCONST> 6.812605e+01
<MIXTURE> 5 9.761338e-02
<MEAN> 6
 1.058408e+02 -3.539494e+00 -2.818334e+02 -2.033982e+00 -1.399041e+01 2.106890e+02
<VARIANCE> 6
 3.128982e+01 1.293270e+04 1.353773e+04 2.961554e+02 4.050157e+04 5.219723e+07
<GCONST> 6.752183e+01
<MIXTURE> 6 4.143424e-02
<MEAN> 6
 9.273225e+01 7.416474e+02 -1.158284e+02 1.620234e+01 -1.086623e+01 -3.218421e+02
<VARIANCE> 6
 3.128982e+01 1.834075e+04 1.353773e+04 6.509639e+02 4.050157e+04 5.219723e+07
<GCONST> 6.865876e+01
<MIXTURE> 7 9.713167e-02
<MEAN> 6
 9.613306e+01 1.519994e+00 -4.445164e+02 -1.596450e+00 -4.130325e+00 -8.082691e+01
<VARIANCE> 6
 3.128982e+01 1.293270e+04 1.353773e+04 2.961554e+02 4.050157e+04 5.219723e+07
<GCONST> 6.752183e+01
<MIXTURE> 8 6.285971e-03
<MEAN> 6
 6.877930e+01 -1.249970e+02 -2.455984e+03 8.520395e+01 -5.322440e+02 1.151952e+03
<VARIANCE> 6
 5.342923e+01 2.206524e+04 7.349219e+05 1.800425e+03 4.944095e+04 5.219723e+07
<GCONST> 7.458975e+01
<MIXTURE> 9 1.040674e-01
<MEAN> 6
 9.564568e+01 3.138150e+02 -1.821531e+02 -4.994319e+00 -2.759991e+01 1.020842e+03
<VARIANCE> 6
 3.128982e+01 5.077455e+04 1.353773e+04 2.961554e+02 4.050157e+04 5.219723e+07
<GCONST> 6.888947e+01
<MIXTURE> 10 1.037021e-01
<MEAN> 6
 9.527622e+01 -1.440430e+01 -4.367883e+02 -1.943414e+00 -3.325306e+00 -7.561915e+01
<VARIANCE> 6
 3.128982e+01 1.293270e+04 1.353773e+04 2.961554e+02 4.050157e+04 5.219723e+07
<GCONST> 6.752183e+01
<MIXTURE> 11 1.146949e-01
<MEAN> 6
 9.387268e+01 1.174886e+02 -1.435313e+02 -6.040860e+00 2.149913e+01 6.280443e+02
<VARIANCE> 6
 3.128982e+01 1.293270e+04 1.353773e+04 2.961554e+02 4.050157e+04 5.219723e+07
<GCONST> 6.752183e+01
<MIXTURE> 12 9.376597e-02
<MEAN> 6
 9.782456e+01 5.798534e+02 -1.798275e+02 -1.187810e+00 -4.816324e+01 6.231041e+02
<VARIANCE> 6
 3.128982e+01 1.577684e+04 1.353773e+04 2.961554e+02 4.050157e+04 5.219723e+07
<GCONST> 6.772061e+01
<MIXTURE> 13 5.724231e-02
<MEAN> 6
 1.002170e+02 1.158645e+02 -9.832290e+00 -3.604254e+00 -1.925911e+01 4.774742e+02
<VARIANCE> 6
 3.128982e+01 1.293270e+04 1.353773e+04 2.961554e+02 4.050157e+04 5.219723e+07
<GCONST> 6.752183e+01
<STATE> 4
<NUMMIXES> 13
<MIXTURE> 1 1.238028e-01
<MEAN> 6
 8.666458e+01 4.114603e+01 4.222654e+02 8.302631e+01 -2.759051e+02 -7.821836e+02
<VARIANCE> 6
 5.593082e+02 1.790323e+05 3.170195e+04 2.094240e+03 3.676962e+05 1.809671e+08
<GCONST> 7.928920e+01
<MIXTURE> 2 1.027371e-01
<MEAN> 6
 6.801253e+01 3.792205e+01 -7.652578e+02 -6.131046e-01 -1.358485e+01 -3.457667e+02
<VARIANCE> 6
 3.128982e+01 1.293270e+04 1.353773e+04 2.961554e+02 4.050157e+04 5.219723e+07
<GCONST> 6.752183e+01
<MIXTURE> 3 8.819718e-03
<MEAN> 6
 6.882736e+01 3.320792e+01 -1.586479e+03 4.478909e+00 1.637646e+02 -1.313666e+03
<VARIANCE> 6
 3.128982e+01 1.293270e+04 5.077120e+04 2.961554e+02 4.050157e+04 5.219723e+07
<GCONST> 6.884367e+01
<MIXTURE> 4 9.407622e-02
<MEAN> 6
 7.563639e+01 -2.810761e+02 -1.028249e+03 -6.998861e-01 1.089336e+00 -1.707723e+01
<VARIANCE> 6
 3.128982e+01 1.293270e+04 1.353773e+04 2.961554e+02 4.050157e+04 5.219723e+07
<GCONST> 6.752183e+01
<MIXTURE> 5 7.215218e-02
<MEAN> 6
 6.761523e+01 -1.496417e+01 -9.484171e+02 -5.496429e-01 -5.026241e+00 -1.184453e+02
<VARIANCE> 6
 3.128982e+01 1.293270e+04 1.353773e+04 2.961554e+02 4.050157e+04 5.219723e+07
<GCONST> 6.752183e+01
<MIXTURE> 6 7.441461e-02
<MEAN> 6
 7.222174e+01 3.165175e+01 -1.091922e+03 -2.980556e+00 -6.547771e+00 9.167597e+00
<VARIANCE> 6
 3.128982e+01 1.293270e+04 1.353773e+04 2.961554e+02 4.050157e+04 5.219723e+07
<GCONST> 6.752183e+01
<MIXTURE> 7 1.413339e-02
<MEAN> 6
 5.099214e+01 -2.407507e+02 -9.220253e+02 5.357352e+01 -1.466801e+01 -3.189945e+03
<VARIANCE> 6
 3.128982e+01 2.119953e+04 1.353773e+04 2.961554e+02 5.191359e+04 5.219723e+07
<GCONST> 6.826428e+01
<MIXTURE> 8 9.359396e-02
<MEAN> 6
 7.563638e+01 -2.810761e+02 -1.028249e+03 -6.998852e-01 1.089337e+00 -1.707712e+01
<VARIANCE> 6
 3.128982e+01 1.293270e+04 1.353773e+04 2.961554e+02 4.050157e+04 5.219723e+07
<GCONST> 6.752183e+01
<MIXTURE> 9 1.124296e-01
<MEAN> 6
 6.774049e+01 -1.334158e+00 -9.154199e+02 -4.869656e-01 -6.226187e+00 -1.482595e+02
<VARIANCE> 6
 3.128982e+01 1.293270e+04 1.353773e+04 2.961554e+02 4.050157e+04 5.219723e+07
<GCONST> 6.752183e+01
<MIXTURE> 10 7.589263e-02
<MEAN> 6
 6.793602e+01 -5.312756e+00 -9.421385e+02 -6.415147e-01 -3.907055e+00 -1.127223e+02
<VARIANCE> 6
 3.128982e+01 1.293270e+04 1.353773e+04 2.961554e+02 4.050157e+04 5.219723e+07
<GCONST> 6.752183e+01
<MIXTURE> 11 7.460871e-02
<MEAN> 6
 7.178336e+01 2.813699e+01 -1.086265e+03 -2.688246e+00 -5.268242e+00 2.831436e+00
<VARIANCE> 6
 3.128982e+01 1.293270e+04 1.353773e+04 2.961554e+02 4.050157e+04 5.219723e+07
<GCONST> 6.752183e+01
<MIXTURE> 12 7.751977e-02
<MEAN> 6
 6.701380e+01 -3.927688e+01 -9.656138e+02 -3.955838e-01 -5.930149e+00 -1.096333e+02
<VARIANCE> 6
 3.128982e+01 1.293270e+04 1.353773e+04 2.961554e+02 4.050157e+04 5.219723e+07
<GCONST> 6.752183e+01
<MIXTURE> 13 7.581111e-02
<MEAN> 6
 6.664510e+01 -5.128136e+01 -9.740544e+02 -3.356756e-01 -7.069801e+00 -1.116605e+02
<VARIANCE> 6
 3.128982e+01 1.293270e+04 1.353773e+04 2.961554e+02 4.050157e+04 5.219723e+07
<GCONST> 6.752183e+01
<STATE> 5
<NUMMIXES> 13
<MIXTURE> 1 8.684436e-02
<MEAN> 6
 7.938448e+01 1.484672e+03 4.543590e+02 -1.512913e+00 -4.763094e+00 -1.808739e+02
<VARIANCE> 6
 3.128982e+01 1.567183e+04 1.353773e+04 2.961554e+02 4.050157e+04 5.219723e+07
<GCONST> 6.771394e+01
<MIXTURE> 2 1.077693e-01
<MEAN> 6
 7.600842e+01 2.013268e+02 -1.381656e+03 1.982753e+00 2.012218e+01 2.471097e+01
<VARIANCE> 6
 3.128982e+01 1.293270e+04 1.353773e+04 2.961554e+02 4.050157e+04 5.219723e+07
<GCONST> 6.752183e+01
<MIXTURE> 3 6.272728e-02
<MEAN> 6
 7.588272e+01 2.865934e+03 4.605268e+02 -1.320723e+00 -8.991358e+00 -1.126741e+02
<VARIANCE> 6
 3.128982e+01 1.293270e+04 1.353773e+04 2.961554e+02 4.050157e+04 5.219723e+07
<GCONST> 6.752183e+01
<MIXTURE> 4 7.913071e-02
<MEAN> 6
 8.193746e+01 1.747686e+02 -2.350216e+03 2.888947e-01 -1.458939e+00 -7.781210e+00
<VARIANCE> 6
 3.128982e+01 1.293270e+04 1.353773e+04 2.961554e+02 4.050157e+04 5.219723e+07
<GCONST> 6.752183e+01
<MIXTURE> 5 4.680971e-02
<MEAN> 6
 1.006384e+02 8.100203e+02 3.321627e+02 -5.461981e+00 -4.809980e+00 6.752119e+01
<VARIANCE> 6
 3.128982e+01 1.293270e+04 1.353773e+04 2.961554e+02 4.050157e+04 5.219723e+07
<GCONST> 6.752183e+01
<MIXTURE> 6 1.069099e-01
<MEAN> 6
 7.895890e+01 2.617930e+03 -2.104711e+02 -1.373786e+00 3.369507e-01 -9.974207e+01
<VARIANCE> 6
 3.128982e+01 7.750523e+04 1.353773e+04 2.961554e+02 4.050157e+04 5.219723e+07
<GCONST> 6.931242e+01
<MIXTURE> 7 1.145799e-01
<MEAN> 6
 8.424683e+01 1.048898e+03 2.838150e+02 -1.066432e+00 -1.549366e+00 -1.705788e+02
<VARIANCE> 6
 3.128982e+01 1.293270e+04 1.353773e+04 2.961554e+02 4.050157e+04 5.219723e+07
<GCONST> 6.752183e+01
<MIXTURE> 8 1.062330e-01
<MEAN> 6
 7.715935e+01 3.345847e+01 -1.941958e+03 -6.169528e-01 -1.851047e+01 -1.724826e+02
<VARIANCE> 6
 3.128982e+01 1.293270e+04 1.064539e+05 2.961554e+02 4.050157e+04 5.219723e+07
<GCONST> 6.958405e+01
<MIXTURE> 9 5.400627e-02
<MEAN> 6
 8.852937e+01 8.962299e+02 2.344485e+02 -1.965817e+00 2.860572e-01 -1.700646e+01
<VARIANCE> 6
 3.128982e+01 1.293270e+04 1.353773e+04 2.961554e+02 4.050157e+04 5.219723e+07
<GCONST> 6.752183e+01
<MIXTURE> 10 3.966724e-02
<MEAN> 6
 8.890012e+01 3.728797e+02 4.056467e+02 -4.156148e+00 -9.982000e+00 4.634562e+02
<VARIANCE> 6
 3.128982e+01 2.350866e+05 1.633955e+04 2.961554e+02 4.050157e+04 5.219723e+07
<GCONST> 7.061013e+01
<MIXTURE> 11 7.945296e-02
<MEAN> 6
 8.191924e+01 1.396863e+02 -2.311917e+03 1.031832e-01 -3.388007e+00 -2.737803e+01
<VARIANCE> 6
 3.128982e+01 1.293270e+04 1.353773e+04 2.961554e+02 4.050157e+04 5.219723e+07
<GCONST> 6.752183e+01
<MIXTURE> 12 6.149501e-02
<MEAN> 6
 7.587659e+01 2.864875e+03 4.601615e+02 -1.337470e+00 -9.323202e+00 -1.164738e+02
<VARIANCE> 6
 3.128982e+01 1.293270e+04 1.353773e+04 2.961554e+02 4.050157e+04 5.219723e+07
<GCONST> 6.752183e+01
<MIXTURE> 13 5.437158e-02
<MEAN> 6
 8.850013e+01 8.807222e+02 2.235366e+02 -1.661844e+00 1.082182e+00 -2.089881e+01
<VARIANCE> 6
 3.128982e+01 1.293270e+04 1.353773e+04 2.961554e+02 4.050157e+04 5.219723e+07
<GCONST> 6.752183e+01
<STATE> 6
<NUMMIXES> 13
<MIXTURE> 1 6.779408e-02
<MEAN> 6
 1.210410e+02 1.891511e+03 1.184854e+03 -1.783273e+00 4.352739e+00 -6.708130e+00
<VARIANCE> 6
 3.128982e+01 5.511742e+04 4.213542e+04 2.961554e+02 4.050157e+04 5.219723e+07
<GCONST> 7.010694e+01
<MIXTURE> 2 7.128488e-02
<MEAN> 6
 6.914416e+01 1.197965e+03 7.338182e+02 5.253229e-01 8.533866e+00 -4.816921e+01
<VARIANCE> 6
 3.128982e+01 1.488733e+04 1.353773e+04 2.961554e+02 4.050157e+04 5.219723e+07
<GCONST> 6.766257e+01
<MIXTURE> 3 8.812410e-02
<MEAN> 6
 7.542236e+01 -9.574113e+02 -1.623569e+02 -2.736940e+00 1.736626e+01 6.485786e+02
<VARIANCE> 6
 3.128982e+01 3.773671e+04 3.760598e+04 2.961554e+02 4.050157e+04 5.219723e+07
<GCONST> 6.961438e+01
<MIXTURE> 4 1.241946e-01
<MEAN> 6
 1.234946e+02 2.474565e+03 1.993395e+02 -6.603323e+00 5.729126e+00 2.191697e+01
<VARIANCE> 6
 3.128982e+01 3.897892e+04 1.353773e+04 2.961554e+02 4.050157e+04 5.219723e+07
<GCONST> 6.862509e+01
<MIXTURE> 5 4.362486e-02
<MEAN> 6
 7.340661e+01 -2.833795e+01 6.209554e+02 8.489093e-01 1.393744e+01 4.498371e+02
<VARIANCE> 6
 3.128982e+01 1.293270e+04 1.353773e+04 2.961554e+02 4.050157e+04 5.219723e+07
<GCONST> 6.752183e+01
<MIXTURE> 6 5.263176e-02
<MEAN> 6
 6.527847e+01 -9.635870e+02 6.245114e+02 7.485679e-03 2.100915e+01 5.614183e+01
<VARIANCE> 6
 3.128982e+01 1.293270e+04 2.350428e+04 2.961554e+02 4.050157e+04 5.219723e+07
<GCONST> 6.807352e+01
<MIXTURE> 7 8.967786e-02
<MEAN> 6
 7.074757e+01 8.879151e+02 6.758868e+02 5.585579e-01 -3.244653e-01 -7.843222e+01
<VARIANCE> 6
 3.128982e+01 1.293270e+04 1.353773e+04 2.961554e+02 4.050157e+04 5.219723e+07
<GCONST> 6.752183e+01
<MIXTURE> 8 3.562988e-02
<MEAN> 6
 1.310000e+02 1.201346e+03 1.317914e+02 -1.957525e+01 1.238934e+02 2.633648e+03
<VARIANCE> 6
 9.917075e+01 1.756670e+05 1.353773e+04 2.603162e+03 3.811222e+05 1.765336e+08
<GCONST> 7.691807e+01
<MIXTURE> 9 9.162603e-02
<MEAN> 6
 7.416511e+01 -1.066623e+03 3.109340e+02 1.573707e+00 2.228077e+01 -5.302525e+02
<VARIANCE> 6
 3.128982e+01 1.293270e+04 8.895441e+04 2.961554e+02 4.050157e+04 5.219723e+07
<GCONST> 6.940446e+01
<MIXTURE> 10 8.834410e-02
<MEAN> 6
 1.329656e+02 1.136757e+03 2.148492e+02 -5.628155e+00 -7.648967e+01 3.583542e+02
<VARIANCE> 6
 3.935334e+01 1.878626e+05 2.031755e+04 2.961554e+02 4.050157e+04 5.219723e+07
<GCONST> 7.083307e+01
<MIXTURE> 11 8.121435e-02
<MEAN> 6
 7.135487e+01 7.912410e+02 6.424341e+02 6.662295e-01 -1.013625e+01 -1.787031e+02
<VARIANCE> 6
 3.128982e+01 1.293270e+04 1.353773e+04 2.961554e+02 4.050157e+04 5.219723e+07
<GCONST> 6.752183e+01
<MIXTURE> 12 9.840534e-02
<MEAN> 6
 7.389318e+01 -1.045629e+03 2.423416e+02 9.940845e-01 4.911864e+00 -2.325613e+02
<VARIANCE> 6
 3.128982e+01 1.293270e+04 5.243202e+04 2.961554e+02 4.050157e+04 5.219723e+07
<GCONST> 6.887586e+01
<MIXTURE> 13 6.744422e-02
<MEAN> 6
 1.214098e+02 1.830560e+03 1.115082e+03 -3.276442e+00 1.202455e+01 5.679253e+00
<VARIANCE> 6
 3.128982e+01 5.632116e+04 7.206205e+04 2.961554e+02 4.050157e+04 5.219723e+07
<GCONST> 7.066518e+01
<STATE> 7
<NUMMIXES> 13
<MIXTURE> 1 7.865816e-02
<MEAN> 6
 9.277502e+01 1.028433e+03 1.184081e+03 -3.772919e+00 6.429815e-01 9.929179e+01
<VARIANCE> 6
 3.128982e+01 2.067441e+04 1.353773e+04 2.961554e+02 4.050157e+04 5.219723e+07
<GCONST> 6.799097e+01
<MIXTURE> 2 7.807554e-02
<MEAN> 6
 9.706935e+01 -6.378075e+02 5.671371e+02 -2.599996e-01 -1.297507e+00 -1.491120e+02
<VARIANCE> 6
 3.128982e+01 1.293270e+04 1.353773e+04 2.961554e+02 4.050157e+04 5.219723e+07
<GCONST> 6.752183e+01
<MIXTURE> 3 8.579239e-02
<MEAN> 6
 9.049332e+01 -1.365245e+03 8.056467e+02 -1.405827e-01 -5.184408e-01 -2.430686e+02
<VARIANCE> 6
 3.128982e+01 1.293270e+04 1.353773e+04 2.961554e+02 4.050157e+04 5.219723e+07
<GCONST> 6.752183e+01
<MIXTURE> 4 9.251894e-02
<MEAN> 6
 8.307844e+01 6.345699e+02 1.056880e+03 -5.764152e+00 1.784277e+00 1.154183e+00
<VARIANCE> 6
 3.128982e+01 1.293270e+04 1.353773e+04 2.961554e+02 4.050157e+04 5.219723e+07
<GCONST> 6.752183e+01
<MIXTURE> 5 1.104072e-01
<MEAN> 6
 9.074585e+01 -8.158904e+01 4.328708e+02 1.762418e+00 -3.558950e+01 1.612636e+02
<VARIANCE> 6
 3.128982e+01 4.524130e+04 1.353773e+04 2.961554e+02 4.050157e+04 5.219723e+07
<GCONST> 6.877408e+01
<MIXTURE> 6 8.871170e-02
<MEAN> 6
 7.516399e+01 4.220143e+02 8.505544e+02 -1.886814e+00 1.008356e+00 7.565680e-01
<VARIANCE> 6
 3.128982e+01 1.293270e+04 1.353773e+04 2.961554e+02 4.050157e+04 5.219723e+07
<GCONST> 6.752183e+01
<MIXTURE> 7 7.540431e-03
<MEAN> 6
 9.351677e+01 -3.771539e+02 -2.832432e+01 6.548650e+00 -1.855247e+02 -1.033821e+03
<VARIANCE> 6
 2.272455e+02 1.675709e+05 3.211573e+05 2.961554e+02 5.160186e+04 5.994287e+07
<GCONST> 7.561324e+01
<MIXTURE> 8 5.885751e-02
<MEAN> 6
 8.164024e+01 -6.153368e+02 4.050960e+02 -7.079092e+00 1.277645e+01 2.099546e+02
<VARIANCE> 6
 3.128982e+01 1.323981e+05 1.353773e+04 2.961554e+02 4.050157e+04 5.219723e+07
<GCONST> 6.984788e+01
<MIXTURE> 9 6.316198e-02
<MEAN> 6
 7.294547e+01 3.365852e+02 6.928391e+02 -1.594960e+00 -7.354157e+00 -9.183994e+01
<VARIANCE> 6
 3.128982e+01 1.293270e+04 1.353773e+04 2.961554e+02 4.050157e+04 5.219723e+07
<GCONST> 6.752183e+01
<MIXTURE> 10 8.986758e-02
<MEAN> 6
 9.023618e+01 -1.440265e+03 8.476041e+02 -1.636090e-01 2.539516e+00 3.136822e+01
<VARIANCE> 6
 3.128982e+01 1.293270e+04 1.353773e+04 2.961554e+02 4.050157e+04 5.219723e+07
<GCONST> 6.752183e+01
<MIXTURE> 11 1.066705e-01
<MEAN> 6
 9.725787e+01 -5.701194e+02 2.207076e+02 -2.210858e+00 -3.429629e+01 5.764330e+02
<VARIANCE> 6
 3.128982e+01 1.293270e+04 1.353773e+04 2.961554e+02 4.050157e+04 5.219723e+07
<GCONST> 6.752183e+01
<MIXTURE> 12 7.859518e-02
<MEAN> 6
 9.705839e+01 -6.372228e+02 5.650795e+02 -2.855100e-01 -1.321240e+00 -1.441294e+02
<VARIANCE> 6
 3.128982e+01 1.293270e+04 1.353773e+04 2.961554e+02 4.050157e+04 5.219723e+07
<GCONST> 6.752183e+01
<MIXTURE> 13 6.113430e-02
<MEAN> 6
 7.243923e+01 3.198517e+02 6.392892e+02 -2.979116e+00 -2.207592e+01 -2.508678e+02
<VARIANCE> 6
 3.128982e+01 1.293270e+04 1.353773e+04 2.961554e+02 4.050157e+04 5.219723e+07
<GCONST> 6.752183e+01
<STATE> 8
<NUMMIXES> 13
<MIXTURE> 1 1.170595e-01
<MEAN> 6
 1.236537e+02 2.515011e+02 2.262141e+02 -5.290782e+00 -8.228158e+00 1.628057e+02
<VARIANCE> 6
 3.128982e+01 4.154591e+04 1.353773e+04 2.961554e+02 4.050157e+04 5.219723e+07
<GCONST> 6.868887e+01
<MIXTURE> 2 6.251968e-02
<MEAN> 6
 1.099252e+02 2.098468e+01 2.939653e+02 -3.490054e+00 8.524279e+00 1.553434e+02
<VARIANCE> 6
 3.128982e+01 1.293270e+04 1.843785e+04 2.961554e+02 4.050157e+04 5.219723e+07
<GCONST> 6.783075e+01
<MIXTURE> 3 7.615992e-02
<MEAN> 6
 1.029697e+02 -3.358618e+02 1.581382e+02 -3.971515e+00 -1.115707e+01 2.318741e+02
<VARIANCE> 6
 3.128982e+01 1.293270e+04 1.353773e+04 2.961554e+02 4.050157e+04 5.219723e+07
<GCONST> 6.752183e+01
<MIXTURE> 4 3.106732e-02
<MEAN> 6
 1.309073e+02 -1.853434e+03 5.757581e+01 -3.865559e+01 -3.490740e+01 7.174854e+02
<VARIANCE> 6
 2.666116e+02 7.873826e+05 5.168265e+04 2.961554e+02 4.050157e+04 5.219723e+07
<GCONST> 7.511292e+01
<MIXTURE> 5 7.413648e-02
<MEAN> 6
 8.768253e+01 -3.526456e+02 1.145737e+02 -4.726655e+00 1.256690e+01 3.645533e+01
<VARIANCE> 6
 3.128982e+01 1.293270e+04 1.353773e+04 2.961554e+02 4.050157e+04 5.219723e+07
<GCONST> 6.752183e+01
<MIXTURE> 6 9.247436e-02
<MEAN> 6
 1.106650e+02 -7.769225e+02 2.038595e+02 -3.805956e+00 -1.772331e+01 -1.704719e+02
<VARIANCE> 6
 3.170662e+01 3.441138e+04 1.678541e+04 2.961554e+02 4.050157e+04 5.219723e+07
<GCONST> 6.872871e+01
<MIXTURE> 7 6.350257e-02
<MEAN> 6
 9.442846e+01 1.325740e+02 1.736539e+02 -3.694790e+00 1.531947e+00 2.037562e+01
<VARIANCE> 6
 3.128982e+01 1.293270e+04 1.353773e+04 2.961554e+02 4.050157e+04 5.219723e+07
<GCONST> 6.752183e+01
<MIXTURE> 8 1.182129e-01
<MEAN> 6
 9.413955e+01 -1.283570e+02 9.380436e+01 -1.697963e+00 -4.558662e+00 -6.344599e+01
<VARIANCE> 6
 3.128982e+01 1.293270e+04 1.353773e+04 2.961554e+02 4.050157e+04 5.219723e+07
<GCONST> 6.752183e+01
<MIXTURE> 9 1.151387e-01
<MEAN> 6
 9.461842e+01 -8.274621e+01 9.460373e+01 -1.559715e+00 -7.960985e+00 -6.115359e+01
<VARIANCE> 6
 3.128982e+01 1.293270e+04 1.353773e+04 2.961554e+02 4.050157e+04 5.219723e+07
<GCONST> 6.752183e+01
<MIXTURE> 10 4.836077e-02
<MEAN> 6
 1.204099e+02 -1.089485e+03 6.142570e+01 -8.436437e+00 2.370131e+01 -3.200085e+02
<VARIANCE> 6
 4.381254e+01 4.292641e+04 1.353773e+04 2.961554e+02 4.050157e+04 5.219723e+07
<GCONST> 6.905818e+01
<MIXTURE> 11 7.360142e-02
<MEAN> 6
 8.737798e+01 -3.633322e+02 1.142852e+02 -4.382955e+00 1.439640e+01 1.421602e+01
<VARIANCE> 6
 3.128982e+01 1.293270e+04 1.353773e+04 2.961554e+02 4.050157e+04 5.219723e+07
<GCONST> 6.752183e+01
<MIXTURE> 12 6.288832e-02
<MEAN> 6
 9.455795e+01 1.196112e+02 1.678732e+02 -3.540372e+00 1.532038e-01 1.285107e+01
<VARIANCE> 6
 3.128982e+01 1.293270e+04 1.353773e+04 2.961554e+02 4.050157e+04 5.219723e+07
<GCONST> 6.752183e+01
<MIXTURE> 13 6.484992e-02
<MEAN> 6
 1.094732e+02 -1.546197e+01 2.267191e+02 -4.931695e+00 -9.344339e-02 1.582098e+02
<VARIANCE> 6
 3.128982e+01 1.293270e+04 1.353773e+04 2.961554e+02 4.050157e+04 5.219723e+07
<GCONST> 6.752183e+01
<STATE> 9
<NUMMIXES> 13
<MIXTURE> 1 6.642307e-02
<MEAN> 6
 9.700446e+01 1.595557e+03 -2.393563e+02 -3.267819e+00 1.300756e+00 -8.675922e+01
<VARIANCE> 6
 3.128982e+01 1.745867e+05 1.353773e+04 2.961554e+02 4.050157e+04 5.219723e+07
<GCONST> 7.012449e+01
<MIXTURE> 2 1.041096e-01
<MEAN> 6
 9.001586e+01 -5.753287e+02 -2.657794e+02 -3.607155e+00 -3.666937e+00 1.081844e+02
<VARIANCE> 6
 3.128982e+01 1.293270e+04 2.834669e+04 2.961554e+02 4.050157e+04 5.219723e+07
<GCONST> 6.826086e+01
<MIXTURE> 3 5.479104e-02
<MEAN> 6
 9.617504e+01 -1.976393e+03 -2.314125e+02 -5.050692e+00 -1.358572e+01 -3.327880e+02
<VARIANCE> 6
 3.128982e+01 8.610367e+04 1.353773e+04 2.961554e+02 4.050157e+04 5.219723e+07
<GCONST> 6.941762e+01
<MIXTURE> 4 6.755953e-02
<MEAN> 6
 8.700491e+01 -1.270950e+03 -4.072573e+02 -3.713140e+00 -1.112114e+01 9.769982e+01
<VARIANCE> 6
 3.128982e+01 4.259866e+04 1.353773e+04 2.961554e+02 4.050157e+04 5.219723e+07
<GCONST> 6.871389e+01
<MIXTURE> 5 1.222838e-01
<MEAN> 6
 1.034761e+02 -6.905552e+02 -1.248761e+02 -3.326179e+00 -2.665683e+00 5.053605e+01
<VARIANCE> 6
 6.179329e+01 1.293270e+04 1.353773e+04 2.961554e+02 4.050157e+04 5.219723e+07
<GCONST> 6.820233e+01
<MIXTURE> 6 6.221190e-02
<MEAN> 6
 1.059788e+02 1.015146e+03 -3.758908e+02 -5.110750e+00 -1.056440e+01 4.382920e+02
<VARIANCE> 6
 3.128982e+01 2.351116e+04 1.874925e+04 2.961554e+02 4.050157e+04 5.219723e+07
<GCONST> 6.844521e+01
<MIXTURE> 7 6.557574e-02
<MEAN> 6
 9.888071e+01 -3.519932e+03 -1.115713e+01 -4.004639e+00 2.018521e+01 1.522708e+01
<VARIANCE> 6
 3.128982e+01 1.352536e+05 1.353773e+04 2.961554e+02 4.050157e+04 5.219723e+07
<GCONST> 6.986922e+01
<MIXTURE> 8 7.112373e-02
<MEAN> 6
 1.004490e+02 -8.490558e+02 -7.631982e+01 -1.998838e+00 -3.309716e+00 -2.096480e+01
<VARIANCE> 6
 3.128982e+01 1.657972e+04 1.353773e+04 2.961554e+02 4.050157e+04 5.219723e+07
<GCONST> 6.777025e+01
<MIXTURE> 9 9.376501e-02
<MEAN> 6
 9.900567e+01 1.506813e+03 -2.449536e+02 -5.102250e+00 8.455760e+00 9.847877e+00
<VARIANCE> 6
 3.128982e+01 3.330331e+04 1.353773e+04 2.961554e+02 4.050157e+04 5.219723e+07
<GCONST> 6.846773e+01
<MIXTURE> 10 9.127327e-02
<MEAN> 6
 1.028848e+02 -2.906924e+03 -2.427469e+02 -1.515059e+00 -1.313280e+01 -2.693550e+02
<VARIANCE> 6
 3.128982e+01 7.049888e+04 1.353773e+04 2.961554e+02 4.050157e+04 5.219723e+07
<GCONST> 6.921767e+01
<MIXTURE> 11 7.010935e-02
<MEAN> 6
 1.007378e+02 -8.987781e+02 -1.043040e+02 -1.944331e+00 -5.317885e-01 6.550261e+00
<VARIANCE> 6
 3.128982e+01 1.392052e+04 1.361777e+04 2.961554e+02 4.050157e+04 5.219723e+07
<GCONST> 6.760133e+01
<MIXTURE> 12 6.948367e-02
<MEAN> 6
 9.910847e+01 -3.987462e+03 1.308385e+01 -2.629909e+00 4.650126e+00 -4.286373e+01
<VARIANCE> 6
 3.128982e+01 2.467630e+04 1.353773e+04 2.961554e+02 4.050157e+04 5.219723e+07
<GCONST> 6.816791e+01
<MIXTURE> 13 6.128408e-02
<MEAN> 6
 1.057349e+02 9.449526e+02 -4.079595e+02 -4.375462e+00 -3.269789e+01 -2.264509e+02
<VARIANCE> 6
 3.128982e+01 5.136923e+04 1.379208e+04 2.961554e+02 4.050157e+04 5.219723e+07
<GCONST> 6.891972e+01
<STATE> 10
<NUMMIXES> 13
<MIXTURE> 1 7.741989e-02
<MEAN> 6
 7.253420e+01 1.742572e+02 -2.607413e+02 -6.660039e-01 2.134396e+00 -5.938512e+01
<VARIANCE> 6
 3.128982e+01 1.293270e+04 2.192660e+04 2.961554e+02 4.050157e+04 5.219723e+07
<GCONST> 6.800404e+01
<MIXTURE> 2 2.027128e-03
<MEAN> 6
 8.596260e+01 -7.058871e+01 1.919941e+02 -3.700543e+00 -1.713384e+02 -4.438695e+03
<VARIANCE> 6
 3.292727e+02 2.016265e+06 7.056372e+05 3.203323e+02 1.008111e+05 5.553337e+07
<GCONST> 7.993063e+01
<MIXTURE> 3 7.634262e-02
<MEAN> 6
 7.857121e+01 -3.366103e+02 -4.660515e+02 2.093879e+00 -1.169922e+01 -3.075626e+02
<VARIANCE> 6
 3.128982e+01 1.922493e+04 1.353773e+04 2.961554e+02 4.050157e+04 5.219723e+07
<GCONST> 6.791827e+01
<MIXTURE> 4 5.725064e-02
<MEAN> 6
 7.404910e+01 9.500693e+01 -3.800125e+02 -1.135581e+00 -3.706309e+00 -5.202823e+01
<VARIANCE> 6
 3.128982e+01 1.293270e+04 1.353773e+04 2.961554e+02 4.050157e+04 5.219723e+07
<GCONST> 6.752183e+01
<MIXTURE> 5 9.735668e-02
<MEAN> 6
 7.203966e+01 -4.268579e+02 -7.514692e+02 -1.080695e+00 -6.977684e+00 -3.462782e+01
<VARIANCE> 6
 3.128982e+01 1.293270e+04 1.353773e+04 2.961554e+02 4.050157e+04 5.219723e+07
<GCONST> 6.752183e+01
<MIXTURE> 6 1.078364e-01
<MEAN> 6
 7.413234e+01 9.057520e+01 -3.827235e+02 -1.176581e+00 -3.893380e+00 -5.333784e+01
<VARIANCE> 6
 3.128982e+01 1.293270e+04 1.353773e+04 2.961554e+02 4.050157e+04 5.219723e+07
<GCONST> 6.752183e+01
<MIXTURE> 7 1.027085e-01
<MEAN> 6
 7.426218e+01 8.600257e+01 -3.843839e+02 -1.257343e+00 -4.217866e+00 -5.194421e+01
<VARIANCE> 6
 3.128982e+01 1.293270e+04 1.353773e+04 2.961554e+02 4.050157e+04 5.219723e+07
<GCONST> 6.752183e+01
<MIXTURE> 8 9.937652e-02
<MEAN> 6
 6.636817e+01 -1.002767e+02 -3.790143e+02 2.187237e+00 5.722290e+00 -4.918056e+01
<VARIANCE> 6
 3.128982e+01 1.293270e+04 1.353773e+04 2.961554e+02 4.050157e+04 5.219723e+07
<GCONST> 6.752183e+01
<MIXTURE> 9 5.740403e-02
<MEAN> 6
 7.439527e+01 1.010567e+02 -3.713996e+02 -1.291349e+00 -2.598839e+00 -2.959114e+01
<VARIANCE> 6
 3.128982e+01 1.293270e+04 1.353773e+04 2.961554e+02 4.050157e+04 5.219723e+07
<GCONST> 6.752183e+01
<MIXTURE> 10 1.095490e-01
<MEAN> 6
 7.423083e+01 8.706204e+01 -3.840338e+02 -1.237438e+00 -4.137708e+00 -5.234733e+01
<VARIANCE> 6
 3.128982e+01 1.293270e+04 1.353773e+04 2.961554e+02 4.050157e+04 5.219723e+07
<GCONST> 6.752183e+01
<MIXTURE> 11 9.850438e-02
<MEAN> 6
 7.200124e+01 -4.310792e+02 -7.552980e+02 -1.075805e+00 -7.547656e+00 -3.988354e+01
<VARIANCE> 6
 3.128982e+01 1.293270e+04 1.353773e+04 2.961554e+02 4.050157e+04 5.219723e+07
<GCONST> 6.752183e+01
<MIXTURE> 12 5.700509e-02
<MEAN> 6
 7.431673e+01 8.245795e+01 -3.861392e+02 -1.290194e+00 -4.395464e+00 -5.294360e+01
<VARIANCE> 6
 3.128982e+01 1.293270e+04 1.353773e+04 2.961554e+02 4.050157e+04 5.219723e+07
<GCONST> 6.752183e+01
<MIXTURE> 13 5.720024e-02
<MEAN> 6
 7.400391e+01 6.972691e+01 -3.949129e+02 -1.189662e+00 -7.261968e+00 -7.999651e+01
<VARIANCE> 6
 3.128982e+01 1.293270e+04 1.353773e+04 2.961554e+02 4.050157e+04 5.219723e+07
<GCONST> 6.752183e+01
<STATE> 11
<NUMMIXES> 13
<MIXTURE> 1 1.342793e-01
<MEAN> 6
 7.636464e+01 1.105727e+02 1.192982e+02 -1.856441e+00 -1.830074e+01 4.469844e+01
<VARIANCE> 6
 3.128982e+01 1.293270e+04 1.353773e+04 2.961554e+02 4.050157e+04 5.219723e+07
<GCONST> 6.752183e+01
<MIXTURE> 2 4.454423e-03
<MEAN> 6
 7.915818e+01 9.035352e+01 9.092396e+01 2.007144e+00 2.566320e+02 -2.672743e+03
<VARIANCE> 6
 2.447336e+02 1.174003e+06 4.488621e+05 3.956222e+02 3.645765e+05 1.118666e+08
<GCONST> 8.083761e+01
<MIXTURE> 3 8.067555e-02
<MEAN> 6
 7.388555e+01 1.490733e+01 1.509300e+02 -1.621460e+00 -9.174169e+00 -1.081584e+02
<VARIANCE> 6
 3.128982e+01 1.293270e+04 1.353773e+04 2.961554e+02 4.050157e+04 5.219723e+07
<GCONST> 6.752183e+01
<MIXTURE> 4 6.952646e-02
<MEAN> 6
 7.439768e+01 3.098951e+01 1.597598e+02 -9.386156e-01 -6.030031e+00 -1.105994e+02
<VARIANCE> 6
 3.128982e+01 1.293270e+04 1.353773e+04 2.961554e+02 4.050157e+04 5.219723e+07
<GCONST> 6.752183e+01
<MIXTURE> 5 1.138781e-01
<MEAN> 6
 7.239537e+01 -2.187222e+01 1.581756e+02 -1.650014e+00 -6.808074e+00 -1.267962e+02
<VARIANCE> 6
 3.128982e+01 1.293270e+04 1.353773e+04 2.961554e+02 4.050157e+04 5.219723e+07
<GCONST> 6.752183e+01
<MIXTURE> 6 7.280074e-02
<MEAN> 6
 7.341089e+01 2.573228e+00 1.542790e+02 -1.591074e+00 -8.280775e+00 -1.175466e+02
<VARIANCE> 6
 3.128982e+01 1.293270e+04 1.353773e+04 2.961554e+02 4.050157e+04 5.219723e+07
<GCONST> 6.752183e+01
<MIXTURE> 7 7.704556e-02
<MEAN> 6
 7.379045e+01 1.553104e+02 -1.073686e+01 -9.967799e+00 -1.182364e+01 5.657250e+02
<VARIANCE> 6
 4.196400e+01 1.293270e+04 1.353773e+04 2.961554e+02 4.050157e+04 5.219723e+07
<GCONST> 6.781535e+01
<MIXTURE> 8 7.048774e-02
<MEAN> 6
 7.352548e+01 5.847273e+00 1.543743e+02 -1.555551e+00 -8.477573e+00 -1.177270e+02
<VARIANCE> 6
 3.128982e+01 1.293270e+04 1.353773e+04 2.961554e+02 4.050157e+04 5.219723e+07
<GCONST> 6.752183e+01
<MIXTURE> 9 8.039845e-02
<MEAN> 6
 7.040416e+01 -2.011142e+02 1.110421e+02 -3.821300e+00 2.337943e+00 -4.932378e+00
<VARIANCE> 6
 3.128982e+01 1.293270e+04 1.353773e+04 2.961554e+02 4.050157e+04 5.219723e+07
<GCONST> 6.752183e+01
<MIXTURE> 10 8.284659e-02
<MEAN> 6
 7.275624e+01 -1.320097e+01 1.572849e+02 -1.610068e+00 -7.266799e+00 -1.247693e+02
<VARIANCE> 6
 3.128982e+01 1.293270e+04 1.353773e+04 2.961554e+02 4.050157e+04 5.219723e+07
<GCONST> 6.752183e+01
<MIXTURE> 11 7.275746e-02
<MEAN> 6
 7.237225e+01 -2.220520e+01 1.581584e+02 -1.655586e+00 -6.780656e+00 -1.266564e+02
<VARIANCE> 6
 3.128982e+01 1.293270e+04 1.353773e+04 2.961554e+02 4.050157e+04 5.219723e+07
<GCONST> 6.752183e+01
<MIXTURE> 12 7.074624e-02
<MEAN> 6
 7.221551e+01 -2.588180e+01 1.573603e+02 -1.720600e+00 -6.616158e+00 -1.250451e+02
<VARIANCE> 6
 3.128982e+01 1.293270e+04 1.353773e+04 2.961554e+02 4.050157e+04 5.219723e+07
<GCONST> 6.752183e+01
<MIXTURE> 13 7.009154e-02
<MEAN> 6
 7.270142e+01 -1.324738e+01 1.410672e+02 -2.439506e+00 -1.040446e+01 -1.052340e+02
<VARIANCE> 6
 3.128982e+01 1.293270e+04 1.353773e+04 2.961554e+02 4.050157e+04 5.219723e+07
<GCONST> 6.752183e+01
<STATE> 12
<NUMMIXES> 13
<MIXTURE> 1 6.406638e-02
<MEAN> 6
 4.838529e+01 4.509262e+02 -8.055487e+01 8.524320e+00 9.811384e+00 -3.524400e+01
<VARIANCE> 6
 3.128982e+01 1.293270e+04 1.353773e+04 2.961554e+02 4.050157e+04 5.219723e+07
<GCONST> 6.752183e+01
<MIXTURE> 2 9.328098e-02
<MEAN> 6
 6.532219e+01 9.353637e+02 -1.469450e+02 -8.991124e-02 -8.863106e-02 -1.323526e+02
<VARIANCE> 6
 3.128982e+01 1.293270e+04 1.353773e+04 2.961554e+02 4.050157e+04 5.219723e+07
<GCONST> 6.752183e+01
<MIXTURE> 3 8.059027e-02
<MEAN> 6
 6.532115e+01 9.361725e+02 -1.467111e+02 -8.655987e-02 -4.881467e-02 -1.327912e+02
<VARIANCE> 6
 3.128982e+01 1.293270e+04 1.353773e+04 2.961554e+02 4.050157e+04 5.219723e+07
<GCONST> 6.752183e+01
<MIXTURE> 4 9.316634e-02
<MEAN> 6
 6.532204e+01 9.354828e+02 -1.469107e+02 -8.941791e-02 -8.278114e-02 -1.324162e+02
<VARIANCE> 6
 3.128982e+01 1.293270e+04 1.353773e+04 2.961554e+02 4.050157e+04 5.219723e+07
<GCONST> 6.752183e+01
<MIXTURE> 5 6.753780e-02
<MEAN> 6
 6.519772e+01 8.360224e+02 -1.599006e+02 -5.647870e-01 -6.377001e+00 -2.000135e+02
<VARIANCE> 6
 3.128982e+01 1.462674e+04 1.353773e+04 2.961554e+02 4.050157e+04 5.219723e+07
<GCONST> 6.764492e+01
<MIXTURE> 6 9.522089e-02
<MEAN> 6
 6.532303e+01 9.346967e+02 -1.471360e+02 -9.267943e-02 -1.214105e-01 -1.320016e+02
<VARIANCE> 6
 3.128982e+01 1.293270e+04 1.353773e+04 2.961554e+02 4.050157e+04 5.219723e+07
<GCONST> 6.752183e+01
<MIXTURE> 7 9.323494e-02
<MEAN> 6
 6.532410e+01 9.338179e+02 -1.473851e+02 -9.633017e-02 -1.644418e-01 -1.315541e+02
<VARIANCE> 6
 3.128982e+01 1.293270e+04 1.353773e+04 2.961554e+02 4.050157e+04 5.219723e+07
<GCONST> 6.752183e+01
<MIXTURE> 8 8.087839e-02
<MEAN> 6
 6.496158e+01 7.650576e+02 -1.596274e+02 -1.036458e+00 -1.429133e+01 -3.571254e+02
<VARIANCE> 6
 3.128982e+01 1.293270e+04 1.353773e+04 2.961554e+02 4.050157e+04 5.219723e+07
<GCONST> 6.752183e+01
<MIXTURE> 9 7.902574e-02
<MEAN> 6
 6.532899e+01 9.291661e+02 -1.486537e+02 -1.157347e-01 -3.908402e-01 -1.294930e+02
<VARIANCE> 6
 3.128982e+01 1.293270e+04 1.353773e+04 2.961554e+02 4.050157e+04 5.219723e+07
<GCONST> 6.752183e+01
<MIXTURE> 10 8.363578e-02
<MEAN> 6
 7.200097e+01 3.276161e+02 2.997426e+02 -8.500848e+01 -6.380440e+02 -1.120092e+03
<VARIANCE> 6
 2.076884e+02 1.888476e+06 1.023920e+05 2.605582e+03 2.112590e+05 1.120541e+08
<GCONST> 8.101189e+01
<MIXTURE> 11 1.604371e-02
<MEAN> 6
 4.732303e+01 4.670781e+02 -7.677818e+01 -7.527128e+01 3.969344e+02 2.283007e+03
<VARIANCE> 6
 3.128982e+01 1.293270e+04 1.353773e+04 7.070831e+02 4.050157e+04 7.756962e+07
<GCONST> 6.878824e+01
<MIXTURE> 12 6.951132e-02
<MEAN> 6
 4.534780e+01 4.423940e+02 -9.256382e+01 7.207248e+00 3.778670e+01 -2.173234e+02
<VARIANCE> 6
 3.128982e+01 1.293270e+04 1.353773e+04 2.961554e+02 4.050157e+04 5.219723e+07
<GCONST> 6.752183e+01
<MIXTURE> 13 8.379912e-02
<MEAN> 6
 6.650946e+01 -1.887161e+02 2.479869e+02 -1.305387e+02 -8.700605e+02 -4.116923e+03
<VARIANCE> 6
 2.247536e+02 2.200893e+06 5.297790e+04 6.146251e+03 8.655117e+04 8.899669e+07
<GCONST> 8.032047e+01
<STATE> 13
<NUMMIXES> 13
<MIXTURE> 1 1.121623e-01
<MEAN> 6
 7.931491e+01 -8.427977e+02 4.080716e+03 -1.369511e+00 -4.912062e+00 -4.372062e+01
<VARIANCE> 6
 3.128982e+01 1.339896e+05 4.493435e+05 2.961554e+02 4.050157e+04 5.219723e+07
<GCONST> 7.336214e+01
<MIXTURE> 2 1.150295e-01
<MEAN> 6
 7.521507e+01 -8.923910e+03 1.475792e+03 -2.581120e+00 -5.199504e+00 -4.675384e+01
<VARIANCE> 6
 3.128982e+01 1.958989e+04 1.766296e+05 2.961554e+02 4.050157e+04 5.219723e+07
<GCONST> 7.050565e+01
<MIXTURE> 3 5.405997e-02
<MEAN> 6
 6.421132e+01 -1.001899e+03 1.346156e+03 1.442535e+00 5.145296e-01 -2.651510e+02
<VARIANCE> 6
 3.128982e+01 1.293270e+04 1.353773e+04 2.961554e+02 4.050157e+04 5.219723e+07
<GCONST> 6.752183e+01
<MIXTURE> 4 6.376874e-02
<MEAN> 6
 5.872559e+01 1.705474e+02 9.907483e+02 -4.236090e-01 3.063723e+00 -2.125022e+02
<VARIANCE> 6
 3.128982e+01 1.293270e+04 1.353773e+04 2.961554e+02 4.050157e+04 5.219723e+07
<GCONST> 6.752183e+01
<MIXTURE> 5 1.164132e-01
<MEAN> 6
 5.337616e+01 -4.740687e+02 2.577039e+03 2.683920e-01 -7.452883e+00 -1.106058e+02
<VARIANCE> 6
 3.128982e+01 1.293270e+04 2.451029e+04 2.961554e+02 4.050157e+04 5.219723e+07
<GCONST> 6.811544e+01
<MIXTURE> 6 4.655248e-02
<MEAN> 6
 6.793555e+01 2.856262e+02 9.319247e+02 -2.772410e+00 -6.365016e+00 -1.039404e+02
<VARIANCE> 6
 3.128982e+01 1.667913e+04 7.565811e+05 2.961554e+02 4.050157e+04 5.219723e+07
<GCONST> 7.179955e+01
<MIXTURE> 7 1.168845e-01
<MEAN> 6
 7.257691e+01 -7.448401e+02 1.845267e+03 1.418063e+00 -6.076762e+00 -1.416718e+02
<VARIANCE> 6
 3.128982e+01 1.803823e+04 2.356460e+04 2.961554e+02 4.050157e+04 5.219723e+07
<GCONST> 6.840882e+01
<MIXTURE> 8 9.788005e-02
<MEAN> 6
 6.549786e+01 -9.058824e+02 1.123268e+03 -1.110533e+00 -8.169199e+00 -6.028072e+01
<VARIANCE> 6
 3.128982e+01 1.293270e+04 1.353773e+04 2.961554e+02 4.050157e+04 5.219723e+07
<GCONST> 6.752183e+01
<MIXTURE> 9 6.968573e-02
<MEAN> 6
 6.077181e+01 2.118928e+02 7.787028e+02 1.270110e-01 2.113097e+01 1.083425e+02
<VARIANCE> 6
 3.128982e+01 1.293270e+04 1.515201e+04 2.961554e+02 4.050157e+04 5.219723e+07
<GCONST> 6.763448e+01
<MIXTURE> 10 7.918677e-02
<MEAN> 6
 6.209736e+01 2.288119e+02 -3.243204e+02 -1.197955e+00 9.267940e+00 1.575095e+02
<VARIANCE> 6
 3.128982e+01 1.293270e+04 1.353773e+04 2.961554e+02 4.050157e+04 5.219723e+07
<GCONST> 6.752183e+01
<MIXTURE> 11 4.614078e-02
<MEAN> 6
 5.993631e+01 -8.380920e+02 1.101982e+03 -2.909153e+00 5.891327e+00 -2.444829e+02
<VARIANCE> 6
 4.808989e+01 1.293270e+04 1.353773e+04 2.961554e+02 4.050157e+04 5.219723e+07
<GCONST> 6.795161e+01
<MIXTURE> 12 1.688650e-02
<MEAN> 6
 7.246434e+01 -1.006197e+03 1.856609e+03 -4.165635e+01 -2.730913e+02 -1.001238e+03
<VARIANCE> 6
 6.626404e+01 8.766037e+04 9.817512e+04 2.045436e+03 5.264809e+05 1.096268e+08
<GCONST> 7.740657e+01
<MIXTURE> 13 6.534650e-02
<MEAN> 6
 5.864759e+01 1.672551e+02 9.826188e+02 -6.231064e-01 6.687809e+00 -2.570565e+02
<VARIANCE> 6
 3.128982e+01 1.293270e+04 1.353773e+04 2.961554e+02 4.050157e+04 5.219723e+07
<GCONST> 6.752183e+01
<STATE> 14
<NUMMIXES> 13
<MIXTURE> 1 8.142376e-03
<MEAN> 6
 -3.067616e+00 -4.475294e+02 9.332072e+00 1.870230e+01 -1.267473e+01 5.011498e+03
<VARIANCE> 6
 8.907116e+03 7.152449e+05 1.223280e+06 1.628201e+06 8.889940e+08 1.288427e+12
<GCONST> 1.104123e+02
<MIXTURE> 2 7.344578e-02
<MEAN> 6
 9.344436e+00 2.094251e+02 1.093356e+02 1.971841e+02 1.716044e+02 -2.982540e+03
<VARIANCE> 6
 1.003280e+03 3.770057e+05 1.882665e+05 1.161102e+04 1.506584e+05 5.219723e+07
<GCONST> 8.197694e+01
<MIXTURE> 3 3.858290e-02
<MEAN> 6
 2.349507e+01 8.188210e+02 -3.025429e+02 -5.253567e+01 -5.077740e+01 3.384872e+03
<VARIANCE> 6
 5.954460e+03 2.106535e+07 1.505845e+06 6.265211e+04 4.522484e+06 3.316433e+09
<GCONST> 9.909924e+01
<MIXTURE> 4 1.095000e-01
<MEAN> 6
 9.984765e+01 -7.319839e+01 -1.128138e+01 -7.802841e+00 -3.127957e+01 -2.076075e+02
<VARIANCE> 6
 3.867095e+02 7.653731e+05 3.724490e+05 2.961554e+02 4.050157e+04 5.219723e+07
<GCONST> 7.743143e+01
<MIXTURE> 5 6.627759e-02
<MEAN> 6
 -4.058453e+01 7.892491e+01 1.539340e+02 -2.501260e+01 1.273294e+03 1.983709e+03
<VARIANCE> 6
 4.698182e+02 3.405864e+05 9.116123e+05 5.184996e+04 5.854869e+05 4.041261e+08
<GCONST> 8.759455e+01
<MIXTURE> 6 8.937931e-02
<MEAN> 6
 7.477706e+01 3.568193e+01 2.028233e+02 2.564135e+01 -4.090345e+02 -5.229636e+02
<VARIANCE> 6
 5.830613e+02 1.306596e+05 5.229571e+05 2.420953e+04 9.069717e+04 5.219723e+07
<GCONST> 8.162348e+01
<MIXTURE> 7 1.260718e-01
<MEAN> 6
 -5.576931e+01 7.474666e+01 -7.042752e+00 8.245696e+00 2.807325e+02 3.647844e+02
<VARIANCE> 6
 3.017055e+02 3.564210e+05 4.416802e+05 1.905040e+03 1.086551e+05 5.219723e+07
<GCONST> 7.943765e+01
<MIXTURE> 8 7.683519e-02
<MEAN> 6
 9.738695e+01 1.403499e+01 -2.296107e+01 2.138095e+01 -8.162648e+02 -1.140660e+03
<VARIANCE> 6
 4.595387e+02 8.994821e+05 3.878065e+05 1.860432e+04 1.308349e+06 6.163984e+08
<GCONST> 8.789015e+01
<MIXTURE> 9 9.998471e-02
<MEAN> 6
 8.228527e+01 2.720273e+02 -4.626859e+02 8.823803e-02 -2.478102e+01 -2.631150e+02
<VARIANCE> 6
 2.085053e+02 5.524118e+05 1.674124e+06 2.961554e+02 4.050157e+04 5.219723e+07
<GCONST> 7.799059e+01
<MIXTURE> 10 8.995932e-02
<MEAN> 6
 3.863990e+01 -1.028178e+02 2.779825e+01 -9.386317e+01 -5.781339e+02 4.494486e+03
<VARIANCE> 6
 8.755321e+02 3.502688e+05 1.975670e+06 7.315219e+04 5.391741e+05 2.877931e+08
<GCONST> 8.894081e+01
<MIXTURE> 11 8.110734e-02
<MEAN> 6
 7.415161e+01 -1.261779e+02 -1.013548e+02 -4.378222e+01 -7.812896e+02 -9.696995e+02
<VARIANCE> 6
 5.328923e+02 3.393230e+05 1.827869e+05 3.209676e+04 2.655184e+05 6.039985e+07
<GCONST> 8.293881e+01
<MIXTURE> 12 7.419155e-02
<MEAN> 6
 -8.124327e+00 -2.678521e+01 1.353305e+01 -1.428313e+01 2.964096e+02 -8.146820e+02
<VARIANCE> 6
 5.640859e+02 2.172240e+05 2.467286e+05 4.376933e+04 1.788510e+05 5.219723e+07
<GCONST> 8.261874e+01
<MIXTURE> 13 6.605078e-02
<MEAN> 6
 -5.005432e+01 -9.515044e+01 -1.830931e+02 -2.449218e+01 1.064148e+03 -2.835115e+03
<VARIANCE> 6
 4.996644e+02 3.787058e+05 1.673143e+06 3.282631e+04 5.795016e+05 3.515188e+08
<GCONST> 8.776261e+01
<TRANSP> 15
 0.000000e+00 1.000000e+00 0.000000e+00 0.000000e+00 0.000000e+00 0.000000e+00 0.000000e+00 0.000000e+00 0.000000e+00 0.000000e+00 0.000000e+00 0.000000e+00 0.000000e+00 0.000000e+00 0.000000e+00
 0.000000e+00 9.999192e-01 8.083084e-05 0.000000e+00 0.000000e+00 0.000000e+00 0.000000e+00 0.000000e+00 0.000000e+00 0.000000e+00 0.000000e+00 0.000000e+00 0.000000e+00 0.000000e+00 0.000000e+00
 0.000000e+00 0.000000e+00 9.972772e-01 2.722792e-03 0.000000e+00 0.000000e+00 0.000000e+00 0.000000e+00 0.000000e+00 0.000000e+00 0.000000e+00 0.000000e+00 0.000000e+00 0.000000e+00 0.000000e+00
 0.000000e+00 0.000000e+00 0.000000e+00 9.958073e-01 4.192681e-03 0.000000e+00 0.000000e+00 0.000000e+00 0.000000e+00 0.000000e+00 0.000000e+00 0.000000e+00 0.000000e+00 0.000000e+00 0.000000e+00
 0.000000e+00 0.000000e+00 0.000000e+00 0.000000e+00 9.973460e-01 2.653924e-03 0.000000e+00 0.000000e+00 0.000000e+00 0.000000e+00 0.000000e+00 0.000000e+00 0.000000e+00 0.000000e+00 0.000000e+00
 0.000000e+00 0.000000e+00 0.000000e+00 0.000000e+00 0.000000e+00 9.957973e-01 4.202727e-03 0.000000e+00 0.000000e+00 0.000000e+00 0.000000e+00 0.000000e+00 0.000000e+00 0.000000e+00 0.000000e+00
 0.000000e+00 0.000000e+00 0.000000e+00 0.000000e+00 0.000000e+00 0.000000e+00 9.957818e-01 4.218249e-03 0.000000e+00 0.000000e+00 0.000000e+00 0.000000e+00 0.000000e+00 0.000000e+00 0.000000e+00
 0.000000e+00 0.000000e+00 0.000000e+00 0.000000e+00 0.000000e+00 0.000000e+00 0.000000e+00 9.976930e-01 2.306948e-03 0.000000e+00 0.000000e+00 0.000000e+00 0.000000e+00 0.000000e+00 0.000000e+00
 0.000000e+00 0.000000e+00 0.000000e+00 0.000000e+00 0.000000e+00 0.000000e+00 0.000000e+00 0.000000e+00 9.967003e-01 3.299729e-03 0.000000e+00 0.000000e+00 0.000000e+00 0.000000e+00 0.000000e+00
 0.000000e+00 0.000000e+00 0.000000e+00 0.000000e+00 0.000000e+00 0.000000e+00 0.000000e+00 0.000000e+00 0.000000e+00 9.974510e-01 2.548977e-03 0.000000e+00 0.000000e+00 0.000000e+00 0.000000e+00
 0.000000e+00 0.000000e+00 0.000000e+00 0.000000e+00 0.000000e+00 0.000000e+00 0.000000e+00 0.000000e+00 0.000000e+00 0.000000e+00 9.968357e-01 3.164293e-03 0.000000e+00 0.000000e+00 0.000000e+00
 0.000000e+00 0.000000e+00 0.000000e+00 0.000000e+00 0.000000e+00 0.000000e+00 0.000000e+00 0.000000e+00 0.000000e+00 0.000000e+00 0.000000e+00 9.923553e-01 7.644739e-03 0.000000e+00 0.000000e+00
 0.000000e+00 0.000000e+00 0.000000e+00 0.000000e+00 0.000000e+00 0.000000e+00 0.000000e+00 0.000000e+00 0.000000e+00 0.000000e+00 0.000000e+00 0.000000e+00 9.980428e-01 1.957294e-03 0.000000e+00
 0.000000e+00 0.000000e+00 0.000000e+00 0.000000e+00 0.000000e+00 0.000000e+00 0.000000e+00 0.000000e+00 0.000000e+00 0.000000e+00 0.000000e+00 0.000000e+00 0.000000e+00 9.999091e-01 9.088177e-05
 0.000000e+00 0.000000e+00 0.000000e+00 0.000000e+00 0.000000e+00 0.000000e+00 0.000000e+00 0.000000e+00 0.000000e+00 0.000000e+00 0.000000e+00 0.000000e+00 0.000000e+00 0.000000e+00 0.000000e+00
<ENDHMM>
~h "SegundoESO"
<BEGINHMM>
<NUMSTATES> 15
<STATE> 2
<NUMMIXES> 13
<MIXTURE> 1 4.973992e-02
<MEAN> 6
 7.277827e+01 -2.000797e+03 4.716469e+03 -3.676345e-01 8.151323e+00 -1.268936e+02
<VARIANCE> 6
 3.128982e+01 2.114816e+05 6.257682e+06 2.961554e+02 4.050157e+04 5.219723e+07
<GCONST> 7.645229e+01
<MIXTURE> 2 7.601520e-02
<MEAN> 6
 5.831359e+01 2.633475e+03 -2.540061e+02 3.826349e-01 -4.863004e+00 -1.904923e+02
<VARIANCE> 6
 3.128982e+01 1.617462e+04 1.353773e+04 2.961554e+02 4.050157e+04 5.219723e+07
<GCONST> 6.774551e+01
<MIXTURE> 3 5.174762e-02
<MEAN> 6
 5.393908e+01 2.823921e+02 -3.978797e+03 2.344397e+00 5.100832e+00 -2.056097e+01
<VARIANCE> 6
 3.128982e+01 8.118802e+04 1.249360e+06 2.961554e+02 4.050157e+04 5.219723e+07
<GCONST> 7.388374e+01
<MIXTURE> 4 1.290633e-01
<MEAN> 6
 6.851907e+01 1.069368e+03 -1.544593e+03 1.516477e+00 -5.896972e+00 -8.122161e+01
<VARIANCE> 6
 3.128982e+01 1.508292e+05 5.906026e+05 2.961554e+02 4.050157e+04 5.219723e+07
<GCONST> 7.375388e+01
<MIXTURE> 5 9.176228e-02
<MEAN> 6
 6.909425e+01 8.078610e+03 -1.224248e+03 -4.862073e-01 -6.864805e+00 -1.090453e+02
<VARIANCE> 6
 3.128982e+01 2.866513e+07 1.353773e+04 2.961554e+02 4.050157e+04 5.219723e+07
<GCONST> 7.522550e+01
<MIXTURE> 6 6.813064e-02
<MEAN> 6
 7.496522e+01 1.599478e+02 -4.088465e+03 -4.972121e-01 -4.042336e+00 -4.356657e+01
<VARIANCE> 6
 3.128982e+01 1.178710e+05 3.973909e+06 2.961554e+02 4.050157e+04 5.219723e+07
<GCONST> 7.541368e+01
<MIXTURE> 7 6.234043e-02
<MEAN> 6
 8.654239e+01 -4.084415e+03 -1.580940e+02 -3.101708e+00 -1.959486e+00 -2.135387e+02
<VARIANCE> 6
 4.304425e+01 1.916436e+06 4.430766e+05 2.961554e+02 4.050157e+04 5.219723e+07
<GCONST> 7.632749e+01
<MIXTURE> 8 1.248400e-01
<MEAN> 6
 6.283479e+01 6.013756e+01 -1.707745e+03 1.354579e-01 -1.563055e+00 -1.601384e+02
<VARIANCE> 6
 3.128982e+01 5.082231e+04 6.953094e+04 2.961554e+02 4.050157e+04 5.219723e+07
<GCONST> 7.052670e+01
<MIXTURE> 9 7.125235e-02
<MEAN> 6
 7.410716e+01 -3.463901e+02 -8.355388e+03 -3.696566e-02 -2.184550e+00 -4.992949e+01
<VARIANCE> 6
 3.128982e+01 1.293270e+04 1.274322e+06 2.961554e+02 4.050157e+04 5.219723e+07
<GCONST> 7.206651e+01
<MIXTURE> 10 7.556299e-02
<MEAN> 6
 7.852956e+01 -8.090025e+01 2.680077e+03 1.410718e-01 -3.167958e+00 -5.468384e+01
<VARIANCE> 6
 3.128982e+01 9.842089e+05 3.499114e+05 2.961554e+02 4.050157e+04 5.219723e+07
<GCONST> 7.510610e+01
<MIXTURE> 11 6.605472e-02
<MEAN> 6
 6.049345e+01 1.827036e+03 -3.029315e+02 3.771816e-01 -4.436114e+00 -2.036200e+02
<VARIANCE> 6
 3.128982e+01 1.293270e+04 1.700681e+04 2.961554e+02 4.050157e+04 5.219723e+07
<GCONST> 6.774995e+01
<MIXTURE> 12 6.585979e-02
<MEAN> 6
 7.745372e+01 1.896830e+03 1.171033e+03 -6.227716e-01 5.439549e+00 -1.079057e+02
<VARIANCE> 6
 3.128982e+01 1.002182e+06 4.639216e+05 2.961554e+02 4.050157e+04 5.219723e+07
<GCONST> 7.540623e+01
<MIXTURE> 13 6.760489e-02
<MEAN> 6
 7.472254e+01 1.818311e+02 -4.825162e+03 -4.945546e-01 -4.177591e+00 -4.662321e+01
<VARIANCE> 6
 3.128982e+01 1.382079e+05 6.185562e+06 2.961554e+02 4.050157e+04 5.219723e+07
<GCONST> 7.601532e+01
<STATE> 3
<NUMMIXES> 13
<MIXTURE> 1 9.917225e-02
<MEAN> 6
 7.234171e+01 6.377174e+02 6.675139e+02 5.321705e-01 -5.168424e+00 -1.383649e+02
<VARIANCE> 6
 3.128982e+01 1.293270e+04 7.707264e+05 2.961554e+02 4.050157e+04 5.219723e+07
<GCONST> 7.156367e+01
<MIXTURE> 2 6.084193e-02
<MEAN> 6
 7.888553e+01 3.682315e+02 4.857790e+02 -1.742156e+00 5.988061e-01 -5.211823e+01
<VARIANCE> 6
 3.128982e+01 2.809722e+04 2.949069e+04 2.961554e+02 4.050157e+04 5.219723e+07
<GCONST> 6.907633e+01
<MIXTURE> 3 8.017124e-02
<MEAN> 6
 6.963041e+01 4.943069e+02 8.940562e+01 -5.098432e-01 -4.954543e+00 -1.331806e+02
<VARIANCE> 6
 3.128982e+01 9.932029e+05 1.353773e+04 2.961554e+02 4.050157e+04 5.219723e+07
<GCONST> 7.186300e+01
<MIXTURE> 4 7.003932e-02
<MEAN> 6
 7.177806e+01 1.746975e+01 1.415757e+03 -4.186568e-01 2.618937e+00 -7.755773e+01
<VARIANCE> 6
 6.905879e+01 6.569324e+04 2.757852e+05 2.961554e+02 4.050157e+04 5.219723e+07
<GCONST> 7.295287e+01
<MIXTURE> 5 5.875435e-02
<MEAN> 6
 6.775166e+01 -6.733693e+01 -1.900549e+02 -4.617058e-02 -9.331231e+00 -2.301065e+02
<VARIANCE> 6
 3.128982e+01 2.195506e+05 1.353773e+04 2.961554e+02 4.050157e+04 5.219723e+07
<GCONST> 7.035365e+01
<MIXTURE> 6 1.227140e-01
<MEAN> 6
 6.677753e+01 -2.616588e+02 2.868125e+02 -1.778060e-01 -4.573874e+00 -1.171564e+02
<VARIANCE> 6
 3.128982e+01 4.037388e+04 1.353773e+04 2.961554e+02 4.050157e+04 5.219723e+07
<GCONST> 6.866025e+01
<MIXTURE> 7 1.015711e-01
<MEAN> 6
 6.887727e+01 4.633083e+02 -2.766266e+02 -4.607454e-01 -3.912571e+00 -7.098196e+01
<VARIANCE> 6
 3.128982e+01 1.913712e+04 1.735851e+04 2.961554e+02 4.050157e+04 5.219723e+07
<GCONST> 6.816230e+01
<MIXTURE> 8 4.917902e-02
<MEAN> 6
 6.969532e+01 -2.113417e+03 3.032662e+01 1.144948e-01 -4.230727e+00 -1.022828e+02
<VARIANCE> 6
 3.128982e+01 1.346150e+05 1.954336e+05 2.961554e+02 4.050157e+04 5.219723e+07
<GCONST> 7.253423e+01
<MIXTURE> 9 6.349156e-02
<MEAN> 6
 7.346898e+01 5.037236e+02 2.851030e+02 -5.798959e-01 -4.144743e+00 -1.453412e+02
<VARIANCE> 6
 3.128982e+01 1.542738e+05 1.353773e+04 2.961554e+02 4.050157e+04 5.219723e+07
<GCONST> 7.000079e+01
<MIXTURE> 10 9.035211e-02
<MEAN> 6
 7.463042e+01 -4.224818e+02 5.648475e+02 -8.529242e-01 -3.557849e+00 -6.154153e+01
<VARIANCE> 6
 3.128982e+01 1.293270e+04 2.043160e+05 2.961554e+02 4.050157e+04 5.219723e+07
<GCONST> 7.023602e+01
<MIXTURE> 11 9.204511e-02
<MEAN> 6
 6.257771e+01 -5.491517e+02 8.981895e+01 -2.783375e-01 -2.443989e+00 -1.131782e+02
<VARIANCE> 6
 3.128982e+01 1.199498e+05 1.353773e+04 2.961554e+02 4.050157e+04 5.219723e+07
<GCONST> 6.974914e+01
<MIXTURE> 12 5.072522e-02
<MEAN> 6
 6.531954e+01 -5.280145e+02 -1.972552e+02 3.284981e-01 -4.518528e+00 -1.655815e+02
<VARIANCE> 6
 3.128982e+01 1.864795e+05 2.595228e+04 2.961554e+02 4.050157e+04 5.219723e+07
<GCONST> 7.084116e+01
<MIXTURE> 13 6.084815e-02
<MEAN> 6
 7.219167e+01 3.376305e+02 2.431724e+02 -4.365343e-01 -6.786299e+00 -1.880370e+02
<VARIANCE> 6
 3.128982e+01 1.929062e+05 1.353773e+04 2.961554e+02 4.050157e+04 5.219723e+07
<GCONST> 7.022427e+01
<STATE> 4
<NUMMIXES> 13
<MIXTURE> 1 7.396117e-02
<MEAN> 6
 -4.418717e+01 5.044239e+02 1.680430e+03 8.642378e+01 8.937786e+02 -3.935184e+03
<VARIANCE> 6
 4.439477e+02 4.381189e+05 6.873555e+06 3.241683e+04 2.533465e+05 1.305019e+08
<GCONST> 8.737225e+01
<MIXTURE> 2 5.610843e-02
<MEAN> 6
 7.158277e+01 3.035355e+02 -8.662563e+01 -1.423191e+01 -1.093604e+03 7.853952e+02
<VARIANCE> 6
 8.045859e+02 1.074830e+07 3.942996e+06 4.476759e+04 1.487655e+06 1.060164e+09
<GCONST> 9.479894e+01
<MIXTURE> 3 9.118078e-02
<MEAN> 6
 8.951871e+01 -2.790139e+02 7.808821e+02 -1.061186e+01 -9.324210e+01 -4.424269e+02
<VARIANCE> 6
 9.696097e+01 1.082705e+06 2.773434e+06 3.087242e+02 4.050157e+04 5.219723e+07
<GCONST> 7.844423e+01
<MIXTURE> 4 1.014543e-01
<MEAN> 6
 6.677286e+01 -3.974563e+02 1.380142e+03 1.535704e+02 -5.796302e+02 1.400440e+03
<VARIANCE> 6
 2.764057e+02 7.978873e+05 5.174212e+06 5.210203e+03 1.417864e+05 5.219723e+07
<GCONST> 8.388904e+01
<MIXTURE> 5 9.351864e-02
<MEAN> 6
 -6.428995e+01 2.173997e+02 6.161829e+02 1.962580e+01 2.255789e+02 1.666068e+01
<VARIANCE> 6
 6.765578e+01 6.797003e+05 4.744648e+06 8.236938e+02 9.011982e+04 5.219723e+07
<GCONST> 7.993687e+01
<MIXTURE> 6 1.015792e-01
<MEAN> 6
 1.428329e+01 -3.027332e+02 5.411077e+02 2.895398e+02 -1.988157e+02 -7.318761e+03
<VARIANCE> 6
 4.318698e+02 1.983104e+06 4.243262e+06 4.082311e+03 3.006143e+05 8.897977e+07
<GCONST> 8.608833e+01
<MIXTURE> 7 6.767692e-02
<MEAN> 6
 -4.936146e+01 -3.727330e+02 -1.111184e+02 1.425167e+02 1.081966e+03 -4.815885e+02
<VARIANCE> 6
 2.192529e+02 7.765341e+05 1.244862e+06 1.043243e+04 1.973567e+05 6.570983e+07
<GCONST> 8.346082e+01
<MIXTURE> 8 9.037282e-02
<MEAN> 6
 8.722601e+01 -6.549224e+02 7.153649e+02 9.339364e+00 -6.849350e+02 -1.109975e+03
<VARIANCE> 6
 1.220383e+02 1.039606e+06 1.070441e+06 7.461461e+03 3.682293e+05 1.814964e+08
<GCONST> 8.432024e+01
<MIXTURE> 9 5.622315e-02
<MEAN> 6
 1.700602e+01 4.363131e+02 8.976470e+02 -3.070657e+02 -2.796521e+02 7.729720e+03
<VARIANCE> 6
 7.315734e+02 9.092621e+05 5.473338e+06 4.255053e+03 4.417218e+05 1.421890e+08
<GCONST> 8.698521e+01
<MIXTURE> 10 7.382542e-02
<MEAN> 6
 -4.966175e+01 3.221502e+02 7.664042e+02 -2.138215e+02 1.745051e+03 6.696954e+03
<VARIANCE> 6
 2.978297e+02 1.427559e+06 3.121494e+06 1.769869e+04 1.093205e+06 9.304507e+08
<GCONST> 9.018613e+01
<MIXTURE> 11 7.984812e-02
<MEAN> 6
 6.812331e+01 1.083168e+02 2.824778e+02 -1.580329e+02 -9.734165e+02 -1.346299e+03
<VARIANCE> 6
 1.736784e+02 3.324284e+05 1.861528e+06 5.147758e+03 2.275417e+05 5.508889e+07
<GCONST> 8.204143e+01
<MIXTURE> 12 5.744289e-02
<MEAN> 6
 -4.146957e+01 -3.710923e+02 1.401409e+02 -9.634278e+00 6.809532e+02 -1.100731e+03
<VARIANCE> 6
 3.856704e+02 6.315470e+06 1.848986e+06 1.991582e+04 3.643064e+05 9.979307e+07
<GCONST> 8.819453e+01
<MIXTURE> 13 5.670463e-02
<MEAN> 6
 1.433072e+01 1.760854e+02 2.495272e+02 -3.195094e+02 -3.805721e+02 5.417337e+03
<VARIANCE> 6
 5.830061e+02 8.614903e+05 4.873600e+06 4.772051e+03 4.790857e+05 1.560055e+08
<GCONST> 8.687679e+01
<STATE> 5
<NUMMIXES> 13
<MIXTURE> 1 3.984494e-02
<MEAN> 6
 7.011410e+01 -6.359761e+02 1.897308e+03 -2.734293e+00 -3.499186e+00 -1.475262e+02
<VARIANCE> 6
 3.128982e+01 1.293270e+04 4.259912e+04 2.961554e+02 4.050157e+04 5.219723e+07
<GCONST> 6.866817e+01
<MIXTURE> 2 1.187220e-01
<MEAN> 6
 7.245679e+01 3.805753e+02 2.797187e+01 2.579584e-01 -1.544540e+01 4.028387e+01
<VARIANCE> 6
 3.128982e+01 2.141123e+05 3.594562e+05 2.961554e+02 4.050157e+04 5.219723e+07
<GCONST> 7.360768e+01
<MIXTURE> 3 4.465442e-02
<MEAN> 6
 5.106261e+01 1.618817e+02 1.107165e+02 -1.373652e+00 2.988893e+00 -1.114400e+02
<VARIANCE> 6
 3.128982e+01 1.293270e+04 3.024185e+05 2.961554e+02 4.050157e+04 5.219723e+07
<GCONST> 7.062816e+01
<MIXTURE> 4 7.622200e-02
<MEAN> 6
 8.484487e+01 -7.940259e+02 3.111008e+02 -1.516075e+00 -1.238811e+01 -1.552237e+02
<VARIANCE> 6
 3.724393e+01 1.321264e+04 2.774297e+04 2.961554e+02 4.050157e+04 5.219723e+07
<GCONST> 6.843494e+01
<MIXTURE> 5 6.445232e-02
<MEAN> 6
 8.769823e+01 -1.692778e+03 4.054483e+02 3.458967e-01 -1.204852e+01 -1.095256e+02
<VARIANCE> 6
 3.128982e+01 6.916041e+04 3.260073e+04 2.961554e+02 4.050157e+04 5.219723e+07
<GCONST> 7.007735e+01
<MIXTURE> 6 1.131669e-01
<MEAN> 6
 7.584025e+01 6.140432e+02 -7.796152e+02 -9.385728e-01 -8.325690e+00 -1.033412e+02
<VARIANCE> 6
 3.128982e+01 2.373844e+05 1.353773e+04 2.961554e+02 4.050157e+04 5.219723e+07
<GCONST> 7.043175e+01
<MIXTURE> 7 7.339745e-02
<MEAN> 6
 8.159477e+01 -6.694312e+02 4.474296e+01 5.423029e-01 -9.349917e+00 -1.211827e+02
<VARIANCE> 6
 3.128982e+01 1.293270e+04 1.353773e+04 2.961554e+02 4.050157e+04 5.219723e+07
<GCONST> 6.752183e+01
<MIXTURE> 8 6.169203e-02
<MEAN> 6
 7.306852e+01 2.715447e+01 -5.589835e+02 -4.729464e-01 -4.538581e+00 -1.898045e+02
<VARIANCE> 6
 3.128982e+01 1.968921e+04 1.660542e+04 2.961554e+02 4.050157e+04 5.219723e+07
<GCONST> 6.814639e+01
<MIXTURE> 9 8.637983e-02
<MEAN> 6
 8.136295e+01 -1.186895e+03 -1.124007e+02 -2.446867e+00 -6.645374e+00 -1.798054e+02
<VARIANCE> 6
 3.128982e+01 1.931319e+05 2.835734e+04 2.961554e+02 4.050157e+04 5.219723e+07
<GCONST> 7.096484e+01
<MIXTURE> 10 1.041372e-01
<MEAN> 6
 5.878428e+01 -3.225125e+02 -4.590563e+02 3.235968e-01 6.228821e-01 -9.149910e+01
<VARIANCE> 6
 3.128982e+01 1.293270e+04 5.755611e+04 2.961554e+02 4.050157e+04 5.219723e+07
<GCONST> 6.896910e+01
<MIXTURE> 11 6.644323e-02
<MEAN> 6
 6.447485e+01 -6.416158e+02 -6.481465e+02 -1.513468e-01 -5.273124e+00 -4.876874e+01
<VARIANCE> 6
 3.128982e+01 1.293270e+04 3.701408e+04 2.961554e+02 4.050157e+04 5.219723e+07
<GCONST> 6.852764e+01
<MIXTURE> 12 8.913450e-02
<MEAN> 6
 8.264166e+01 -8.305309e+02 1.693536e+02 -7.455239e-02 -5.093578e+00 -1.634890e+02
<VARIANCE> 6
 3.128982e+01 1.293270e+04 1.353773e+04 2.961554e+02 4.050157e+04 5.219723e+07
<GCONST> 6.752183e+01
<MIXTURE> 13 6.169292e-02
<MEAN> 6
 7.296028e+01 -2.512598e+00 -5.776981e+02 -7.277199e-01 -6.806741e+00 -2.029449e+02
<VARIANCE> 6
 3.128982e+01 2.004107e+04 1.392558e+04 2.961554e+02 4.050157e+04 5.219723e+07
<GCONST> 6.798810e+01
<STATE> 6
<NUMMIXES> 13
<MIXTURE> 1 6.553251e-02
<MEAN> 6
 -4.435702e+01 1.430487e+02 7.768710e+01 -1.527304e+02 1.311900e+03 4.116593e+03
<VARIANCE> 6
 2.281477e+02 8.263039e+05 5.154302e+05 1.061223e+04 5.628721e+05 4.524800e+08
<GCONST> 8.567556e+01
<MIXTURE> 2 7.204407e-02
<MEAN> 6
 8.287990e+01 -1.599124e+02 2.243973e+02 -8.146093e+00 -7.211898e+01 -2.930073e+02
<VARIANCE> 6
 1.395793e+02 6.964589e+05 3.985092e+05 2.961554e+02 4.050157e+04 5.219723e+07
<GCONST> 7.638567e+01
<MIXTURE> 3 6.270210e-02
<MEAN> 6
 8.649818e+01 1.400182e+02 1.164900e+02 4.424374e+01 -1.054023e+03 -1.373041e+03
<VARIANCE> 6
 2.864038e+02 2.305219e+06 9.707334e+05 1.536301e+04 8.383854e+05 5.658363e+08
<GCONST> 8.855392e+01
<MIXTURE> 4 7.696462e-02
<MEAN> 6
 -1.140731e+01 7.011710e+01 -2.091498e+01 1.982703e+02 3.152363e+02 -5.562334e+03
<VARIANCE> 6
 1.562841e+02 4.238220e+05 2.083057e+05 8.003776e+03 1.332678e+05 6.802458e+07
<GCONST> 8.010593e+01
<MIXTURE> 5 1.179356e-01
<MEAN> 6
 6.958850e+01 -4.470512e+01 1.347292e+00 6.531282e+01 -4.562772e+02 -7.234887e+02
<VARIANCE> 6
 2.001893e+02 8.479316e+05 4.157730e+05 1.136469e+04 9.312491e+04 5.219723e+07
<GCONST> 8.146548e+01
<MIXTURE> 6 6.379216e-02
<MEAN> 6
 -4.327870e+01 1.225988e+02 1.256607e+02 9.779519e+01 9.172223e+02 2.838422e+02
<VARIANCE> 6
 1.198991e+02 4.654712e+05 2.114396e+05 1.018314e+04 1.533487e+05 5.219723e+07
<GCONST> 8.006591e+01
<MIXTURE> 7 1.008243e-01
<MEAN> 6
 8.201966e-01 1.349262e+02 8.616006e+01 -2.220193e+02 8.854295e+01 2.613805e+03
<VARIANCE> 6
 5.006729e+02 4.785856e+05 3.711168e+05 4.845182e+03 1.441134e+05 1.005002e+08
<GCONST> 8.193585e+01
<MIXTURE> 8 1.126667e-01
<MEAN> 6
 3.105657e+01 1.139633e+02 -6.020269e+01 2.041420e+02 -2.433741e+02 -1.772733e+03
<VARIANCE> 6
 3.601617e+02 7.706722e+05 3.868762e+05 4.282237e+03 8.979950e+04 5.219723e+07
<GCONST> 8.087280e+01
<MIXTURE> 9 8.915973e-02
<MEAN> 6
 -5.283422e+01 -4.560275e+01 2.408994e+01 1.536430e+01 1.748590e+02 -8.212108e+01
<VARIANCE> 6
 2.213945e+02 5.090551e+05 4.448707e+05 5.435247e+02 5.653141e+04 5.219723e+07
<GCONST> 7.758423e+01
<MIXTURE> 10 8.936357e-02
<MEAN> 6
 6.971404e+01 6.530068e+01 2.774807e+01 -1.207269e+02 -7.874295e+02 8.649781e+02
<VARIANCE> 6
 2.417621e+02 4.961897e+05 2.357713e+05 8.699824e+03 1.313575e+05 5.219723e+07
<GCONST> 8.062783e+01
<MIXTURE> 11 3.172648e-02
<MEAN> 6
 2.701975e+01 4.073785e+01 -1.206010e+02 -2.160459e+01 -9.906713e+01 1.155491e+03
<VARIANCE> 6
 1.052919e+03 4.837212e+05 3.293272e+06 2.651238e+04 8.918694e+04 5.219723e+07
<GCONST> 8.543764e+01
<MIXTURE> 12 5.132277e-02
<MEAN> 6
 2.600193e+01 -5.092411e+02 -4.406917e+00 -2.389901e+02 -3.100655e+02 5.130744e+03
<VARIANCE> 6
 5.161679e+02 3.797831e+06 2.988577e+05 5.664010e+03 2.212844e+05 1.286651e+08
<GCONST> 8.465318e+01
<MIXTURE> 13 6.552210e-02
<MEAN> 6
 -4.958292e+01 -1.086191e+02 -3.681537e+01 3.902712e+01 7.599040e+02 -1.512038e+03
<VARIANCE> 6
 1.332559e+02 4.626439e+05 2.851320e+05 8.603088e+03 1.127233e+05 5.420256e+07
<GCONST> 8.002576e+01
<STATE> 7
<NUMMIXES> 13
<MIXTURE> 1 4.557785e-02
<MEAN> 6
 9.033256e+01 1.026492e+03 1.977710e+03 -1.628028e+00 -6.814358e+00 5.018093e+02
<VARIANCE> 6
 3.128982e+01 1.802054e+05 7.522473e+04 2.961554e+02 4.050157e+04 5.219723e+07
<GCONST> 7.187116e+01
<MIXTURE> 2 1.086020e-01
<MEAN> 6
 1.114721e+02 1.480992e+03 -6.546874e+02 -7.586645e+00 -2.761331e+01 9.068409e+02
<VARIANCE> 6
 3.128982e+01 1.745450e+05 7.430967e+04 2.961554e+02 4.050157e+04 5.219723e+07
<GCONST> 7.182701e+01
<MIXTURE> 3 8.165406e-02
<MEAN> 6
 7.932028e+01 2.239581e+03 -1.162107e+03 -1.285253e+00 8.076116e-01 -2.766754e-01
<VARIANCE> 6
 3.128982e+01 1.264130e+05 1.353773e+04 2.961554e+02 4.050157e+04 5.219723e+07
<GCONST> 6.980162e+01
<MIXTURE> 4 7.005024e-02
<MEAN> 6
 6.027892e+01 2.262711e+03 8.226508e+02 1.195928e-01 -1.411703e+01 2.515576e+01
<VARIANCE> 6
 3.128982e+01 4.894551e+05 1.457243e+05 2.961554e+02 4.050157e+04 5.219723e+07
<GCONST> 7.353159e+01
<MIXTURE> 5 7.911669e-02
<MEAN> 6
 9.178642e+01 9.866500e+02 3.006144e+02 -4.240366e+00 1.915346e+00 -3.828755e+01
<VARIANCE> 6
 3.128982e+01 8.278827e+04 2.414539e+04 2.961554e+02 4.050157e+04 5.219723e+07
<GCONST> 6.995696e+01
<MIXTURE> 6 4.337177e-02
<MEAN> 6
 1.013147e+02 2.048805e+03 -1.528146e+03 -2.551857e+00 3.130449e+00 1.386679e+01
<VARIANCE> 6
 3.128982e+01 1.293270e+04 2.293888e+04 2.961554e+02 4.050157e+04 5.219723e+07
<GCONST> 6.804918e+01
<MIXTURE> 7 1.099566e-01
<MEAN> 6
 1.027231e+02 5.746339e+02 -4.094481e+02 -5.745788e+00 5.977155e+00 3.147421e+01
<VARIANCE> 6
 3.128982e+01 4.500116e+04 5.000396e+04 2.961554e+02 4.050157e+04 5.219723e+07
<GCONST> 7.007538e+01
<MIXTURE> 8 1.011781e-01
<MEAN> 6
 1.023385e+02 9.734189e+02 -1.158327e+03 -6.711087e+00 -1.323323e+01 1.126621e+02
<VARIANCE> 6
 3.128982e+01 1.358107e+05 1.425505e+04 2.961554e+02 4.050157e+04 5.219723e+07
<GCONST> 6.992496e+01
<MIXTURE> 9 5.801693e-02
<MEAN> 6
 6.137973e+01 1.476953e+03 4.780706e+02 -6.292830e+00 -4.932870e+01 5.102397e+02
<VARIANCE> 6
 3.128982e+01 1.222578e+06 1.309475e+06 2.961554e+02 4.050157e+04 5.219723e+07
<GCONST> 7.664268e+01
<MIXTURE> 10 8.084248e-02
<MEAN> 6
 8.747164e+01 1.195036e+03 -1.471445e+03 -4.463428e+00 -5.506528e+00 7.265273e+01
<VARIANCE> 6
 3.128982e+01 2.594598e+04 1.711771e+05 2.961554e+02 4.050157e+04 5.219723e+07
<GCONST> 7.075530e+01
<MIXTURE> 11 8.345514e-02
<MEAN> 6
 1.098075e+02 2.432680e+02 -6.644973e+02 -6.216148e+00 -1.240462e+01 4.473977e+02
<VARIANCE> 6
 3.128982e+01 6.514394e+04 2.903503e+04 2.961554e+02 4.050157e+04 5.219723e+07
<GCONST> 6.990169e+01
<MIXTURE> 12 6.768521e-02
<MEAN> 6
 9.260197e+01 6.318920e+02 -6.351981e+01 -2.671846e+00 -8.780686e-01 7.235103e+01
<VARIANCE> 6
 3.128982e+01 6.128172e+04 8.987977e+04 2.961554e+02 4.050157e+04 5.219723e+07
<GCONST> 7.097054e+01
<MIXTURE> 13 7.048240e-02
<MEAN> 6
 6.050168e+01 1.695626e+03 7.701837e+02 -5.103306e+00 -1.581408e+01 9.555827e+01
<VARIANCE> 6
 3.128982e+01 7.381209e+05 1.073940e+05 2.961554e+02 4.050157e+04 5.219723e+07
<GCONST> 7.363720e+01
<STATE> 8
<NUMMIXES> 13
<MIXTURE> 1 8.865107e-02
<MEAN> 6
 7.655141e+01 -6.739963e+03 1.665877e+04 -1.295744e+01 -1.006752e+02 1.905443e+03
<VARIANCE> 6
 2.217407e+02 9.830187e+06 7.518096e+07 6.303980e+03 5.357915e+05 1.221311e+08
<GCONST> 9.122619e+01
<MIXTURE> 2 7.499795e-02
<MEAN> 6
 1.014817e+02 -2.957904e+03 1.288420e+04 -1.089255e-01 -2.554967e+01 2.109948e+02
<VARIANCE> 6
 3.128982e+01 5.475042e+05 1.543800e+06 2.961554e+02 4.050157e+04 5.219723e+07
<GCONST> 7.600396e+01
<MIXTURE> 3 8.873259e-02
<MEAN> 6
 9.657588e+01 -3.938825e+03 8.588460e+03 -4.913795e+00 1.726298e+00 8.536950e+00
<VARIANCE> 6
 3.128982e+01 1.293270e+04 1.927785e+06 2.961554e+02 4.050157e+04 5.219723e+07
<GCONST> 7.248047e+01
<MIXTURE> 4 7.173761e-02
<MEAN> 6
 8.316425e+01 -4.704183e+03 1.036955e+04 -5.106847e-01 5.008274e-01 1.622144e+02
<VARIANCE> 6
 3.128982e+01 1.779171e+04 9.879815e+06 2.961554e+02 4.050157e+04 5.219723e+07
<GCONST> 7.443356e+01
<MIXTURE> 5 7.653981e-02
<MEAN> 6
 9.009003e+01 -4.289010e+03 5.254318e+03 -1.401893e+00 -5.835200e+00 -1.009179e+02
<VARIANCE> 6
 3.128982e+01 1.293270e+04 9.594038e+05 2.961554e+02 4.050157e+04 5.219723e+07
<GCONST> 7.178265e+01
<MIXTURE> 6 8.078922e-02
<MEAN> 6
 7.138174e+01 -3.040506e+03 2.702185e+03 -9.673790e-01 -1.613283e+01 2.335855e+02
<VARIANCE> 6
 3.128982e+01 2.507797e+05 2.123654e+05 2.961554e+02 4.050157e+04 5.219723e+07
<GCONST> 7.323947e+01
<MIXTURE> 7 1.136106e-01
<MEAN> 6
 9.066838e+01 -4.468831e+03 2.585168e+03 -1.085536e+00 -8.679693e+00 -3.496991e+02
<VARIANCE> 6
 3.128982e+01 1.293270e+04 3.705683e+05 2.961554e+02 4.050157e+04 5.219723e+07
<GCONST> 7.083138e+01
<MIXTURE> 8 7.518033e-02
<MEAN> 6
 7.533728e+01 -5.485907e+03 2.036687e+02 -4.430024e+00 2.071989e+01 -1.514038e+01
<VARIANCE> 6
 3.128982e+01 1.278734e+05 1.353773e+04 2.961554e+02 4.050157e+04 5.219723e+07
<GCONST> 6.981311e+01
<MIXTURE> 9 4.532664e-02
<MEAN> 6
 8.404069e+01 -4.487619e+03 6.302736e+03 -1.969720e-01 -1.732857e+00 -2.454752e+01
<VARIANCE> 6
 3.128982e+01 1.293270e+04 6.768269e+05 2.961554e+02 4.050157e+04 5.219723e+07
<GCONST> 7.143376e+01
<MIXTURE> 10 8.740527e-02
<MEAN> 6
 8.143737e+01 -3.856971e+03 1.509347e+03 -2.957099e+00 8.520945e+00 -1.901812e+02
<VARIANCE> 6
 3.128982e+01 5.360773e+04 1.644861e+04 2.961554e+02 4.050157e+04 5.219723e+07
<GCONST> 6.913852e+01
<MIXTURE> 11 7.846214e-02
<MEAN> 6
 8.241551e+01 -4.959767e+03 1.251311e+04 3.461153e-01 1.599311e+00 -1.435598e+01
<VARIANCE> 6
 3.128982e+01 1.293270e+04 2.629670e+06 2.961554e+02 4.050157e+04 5.219723e+07
<GCONST> 7.279095e+01
<MIXTURE> 12 3.937848e-02
<MEAN> 6
 8.588850e+01 -4.528004e+03 8.335996e+02 -2.969013e+01 -1.124433e+02 -1.488378e+03
<VARIANCE> 6
 3.128982e+01 4.272982e+04 8.161596e+05 2.961554e+02 3.158571e+05 1.078493e+08
<GCONST> 7.559575e+01
<MIXTURE> 13 7.917409e-02
<MEAN> 6
 8.857835e+01 -4.339411e+03 4.552379e+03 -1.702698e+00 -2.403983e+01 -3.190861e+02
<VARIANCE> 6
 3.128982e+01 1.293270e+04 7.173947e+05 2.961554e+02 4.050157e+04 5.219723e+07
<GCONST> 7.149197e+01
<STATE> 9
<NUMMIXES> 13
<MIXTURE> 1 8.103525e-02
<MEAN> 6
 8.888179e+01 1.746686e+02 1.984875e+03 -4.436673e+00 2.241585e+00 1.225976e+02
<VARIANCE> 6
 3.295666e+01 3.052299e+04 2.739520e+05 2.961554e+02 4.050157e+04 5.219723e+07
<GCONST> 7.143992e+01
<MIXTURE> 2 6.038254e-02
<MEAN> 6
 9.677107e+01 -1.194556e+02 2.251790e+01 -4.829830e+00 -4.679820e+00 6.835624e+01
<VARIANCE> 6
 3.437694e+01 3.454121e+04 1.353773e+04 2.961554e+02 4.050157e+04 5.219723e+07
<GCONST> 6.859831e+01
<MIXTURE> 3 1.025817e-01
<MEAN> 6
 9.026564e+01 4.146019e+02 -2.878357e+03 -2.481921e+00 2.835236e-01 3.460589e+01
<VARIANCE> 6
 3.128982e+01 1.865675e+04 5.630606e+05 2.961554e+02 4.050157e+04 5.219723e+07
<GCONST> 7.161618e+01
<MIXTURE> 4 9.602451e-02
<MEAN> 6
 7.428386e+01 5.613248e+01 -1.608092e+03 -3.241334e+00 8.176731e-01 -9.027869e+01
<VARIANCE> 6
 3.128982e+01 1.293270e+04 3.471405e+05 2.961554e+02 4.050157e+04 5.219723e+07
<GCONST> 7.076608e+01
<MIXTURE> 5 8.308452e-02
<MEAN> 6
 9.530924e+01 -6.866627e+02 -1.128281e+03 -4.086282e+00 -3.665756e+00 1.210094e+02
<VARIANCE> 6
 3.265617e+01 1.393173e+04 2.311193e+04 2.961554e+02 4.050157e+04 5.219723e+07
<GCONST> 6.817384e+01
<MIXTURE> 6 4.894751e-02
<MEAN> 6
 7.646281e+01 -6.476945e+02 -1.850237e+03 -4.838789e+00 1.224030e-01 1.035320e+02
<VARIANCE> 6
 3.128982e+01 1.474597e+05 1.353773e+04 2.961554e+02 4.050157e+04 5.219723e+07
<GCONST> 6.995562e+01
<MIXTURE> 7 5.285427e-02
<MEAN> 6
 8.580170e+01 -1.980119e+02 -8.293755e+02 -4.586665e+00 -3.009760e+00 2.945645e+02
<VARIANCE> 6
 3.128982e+01 9.618355e+04 4.888218e+05 2.961554e+02 4.050157e+04 5.219723e+07
<GCONST> 7.311485e+01
<MIXTURE> 8 1.032033e-01
<MEAN> 6
 9.313694e+01 -1.577446e+02 -1.982123e+03 -3.982646e+00 -6.847988e+00 -2.713542e+01
<VARIANCE> 6
 3.128982e+01 2.230427e+04 6.158222e+04 2.961554e+02 4.050157e+04 5.219723e+07
<GCONST> 6.958174e+01
<MIXTURE> 9 7.923596e-02
<MEAN> 6
 9.250455e+01 2.541286e+02 -3.201298e+02 -3.980576e+00 -1.518535e+00 7.068141e+01
<VARIANCE> 6
 3.128982e+01 1.293270e+04 3.463748e+04 2.961554e+02 4.050157e+04 5.219723e+07
<GCONST> 6.846128e+01
<MIXTURE> 10 8.594478e-02
<MEAN> 6
 8.867167e+01 -2.576909e+02 6.891578e+02 -2.710825e+00 -1.576688e+01 2.875543e+02
<VARIANCE> 6
 3.128982e+01 2.976999e+04 1.546676e+04 2.961554e+02 4.050157e+04 5.219723e+07
<GCONST> 6.848878e+01
<MIXTURE> 11 8.253948e-02
<MEAN> 6
 9.255775e+01 2.187694e+02 -4.141784e+02 -4.133727e+00 -1.216960e-01 6.148966e+01
<VARIANCE> 6
 3.128982e+01 1.293270e+04 1.964883e+04 2.961554e+02 4.050157e+04 5.219723e+07
<GCONST> 6.789436e+01
<MIXTURE> 12 6.657122e-02
<MEAN> 6
 9.371220e+01 -2.362030e+02 2.264661e+01 -3.461054e+00 3.235472e+00 1.057797e+01
<VARIANCE> 6
 3.128982e+01 1.293270e+04 1.353773e+04 2.961554e+02 4.050157e+04 5.219723e+07
<GCONST> 6.752183e+01
<MIXTURE> 13 5.756535e-02
<MEAN> 6
 8.441078e+01 -3.132702e+02 -1.035777e+03 -3.827842e+00 -6.222102e+00 3.351216e+02
<VARIANCE> 6
 3.128982e+01 1.652787e+05 3.204578e+05 2.961554e+02 4.050157e+04 5.219723e+07
<GCONST> 7.323397e+01
<STATE> 10
<NUMMIXES> 13
<MIXTURE> 1 7.614204e-02
<MEAN> 6
 8.713795e+01 -9.589172e+02 2.372816e+03 -4.510860e+00 -6.487041e+00 9.352313e+00
<VARIANCE> 6
 3.128982e+01 1.293270e+04 6.999401e+05 2.961554e+02 4.050157e+04 5.219723e+07
<GCONST> 7.146734e+01
<MIXTURE> 2 1.268136e-01
<MEAN> 6
 8.542457e+01 -2.238436e+03 -7.435306e+03 -6.263031e+00 -2.559218e+00 2.314602e+02
<VARIANCE> 6
 3.569069e+01 8.020768e+06 1.533991e+07 2.961554e+02 4.050157e+04 5.219723e+07
<GCONST> 8.111619e+01
<MIXTURE> 3 7.414569e-02
<MEAN> 6
 8.805608e+01 -7.604742e+02 3.563685e+02 -3.807210e+00 -1.753083e+00 5.343415e+01
<VARIANCE> 6
 3.128982e+01 1.293270e+04 1.353773e+04 2.961554e+02 4.050157e+04 5.219723e+07
<GCONST> 6.752183e+01
<MIXTURE> 4 9.327280e-02
<MEAN> 6
 7.473316e+01 -1.330062e+03 1.091712e+03 -3.643923e+00 4.425444e+00 3.630445e+00
<VARIANCE> 6
 3.128982e+01 2.539346e+04 1.365255e+04 2.961554e+02 4.050157e+04 5.219723e+07
<GCONST> 6.820500e+01
<MIXTURE> 5 7.006874e-02
<MEAN> 6
 6.804368e+01 -4.034900e+03 3.457337e+03 -9.518475e-01 -4.991929e+00 -1.474525e+02
<VARIANCE> 6
 3.128982e+01 2.553058e+04 1.353773e+04 2.961554e+02 4.050157e+04 5.219723e+07
<GCONST> 6.820194e+01
<MIXTURE> 6 5.028864e-02
<MEAN> 6
 8.132172e+01 -1.029195e+03 -1.273487e+03 -3.433336e+00 1.058041e+00 -5.277764e+01
<VARIANCE> 6
 3.128982e+01 1.293270e+04 1.353773e+04 2.961554e+02 4.050157e+04 5.219723e+07
<GCONST> 6.752183e+01
<MIXTURE> 7 6.463966e-02
<MEAN> 6
 8.322063e+01 -9.735282e+02 7.865421e+01 -6.623734e+00 1.049122e+00 8.649433e+00
<VARIANCE> 6
 5.720626e+01 3.069036e+04 1.353773e+04 2.961554e+02 4.050157e+04 5.219723e+07
<GCONST> 6.898939e+01
<MIXTURE> 8 6.625130e-02
<MEAN> 6
 8.380482e+01 -1.315156e+03 -6.830634e+01 -3.780851e+00 -4.232172e+00 -2.024541e+02
<VARIANCE> 6
 3.128982e+01 2.459535e+05 2.833813e+05 2.961554e+02 4.050157e+04 5.219723e+07
<GCONST> 7.350852e+01
<MIXTURE> 9 9.125261e-02
<MEAN> 6
 8.303414e+01 -7.310296e+02 1.698113e+03 -3.290120e+00 -1.369611e+01 8.777275e+01
<VARIANCE> 6
 3.128982e+01 1.721986e+04 9.814242e+05 2.961554e+02 4.050157e+04 5.219723e+07
<GCONST> 7.209165e+01
<MIXTURE> 10 9.734986e-02
<MEAN> 6
 8.190532e+01 -1.438087e+03 -1.245743e+02 -3.141933e+00 4.870487e-01 5.501981e+01
<VARIANCE> 6
 3.128982e+01 3.286066e+04 1.353773e+04 2.961554e+02 4.050157e+04 5.219723e+07
<GCONST> 6.845435e+01
<MIXTURE> 11 5.909459e-02
<MEAN> 6
 7.716150e+01 -8.685385e+02 5.098786e+02 -3.931177e+00 -3.123035e-01 4.743136e+01
<VARIANCE> 6
 3.128982e+01 1.293270e+04 1.353773e+04 2.961554e+02 4.050157e+04 5.219723e+07
<GCONST> 6.752183e+01
<MIXTURE> 12 6.629234e-02
<MEAN> 6
 6.722372e+01 -4.254444e+03 3.387741e+03 -4.828305e-01 -8.061261e+00 -1.546201e+02
<VARIANCE> 6
 3.128982e+01 1.293270e+04 1.353773e+04 2.961554e+02 4.050157e+04 5.219723e+07
<GCONST> 6.752183e+01
<MIXTURE> 13 6.437815e-02
<MEAN> 6
 8.237001e+01 -1.059642e+03 4.924389e+01 -5.807836e+00 -2.775251e+00 1.588210e+01
<VARIANCE> 6
 5.972894e+01 2.585175e+04 1.353773e+04 2.961554e+02 4.050157e+04 5.219723e+07
<GCONST> 6.886097e+01
<STATE> 11
<NUMMIXES> 13
<MIXTURE> 1 1.081479e-01
<MEAN> 6
 7.423327e+01 4.173899e+02 6.098037e+02 -3.944973e+00 -6.254585e+00 3.988958e+01
<VARIANCE> 6
 3.128982e+01 2.719209e+04 1.481706e+04 2.961554e+02 4.050157e+04 5.219723e+07
<GCONST> 6.835529e+01
<MIXTURE> 2 6.241751e-02
<MEAN> 6
 7.874624e+01 5.867559e+02 1.756850e+02 -3.427251e+00 -3.764470e+00 2.399570e+01
<VARIANCE> 6
 3.128982e+01 7.659632e+04 1.131011e+05 2.961554e+02 4.050157e+04 5.219723e+07
<GCONST> 7.142342e+01
<MIXTURE> 3 1.033940e-01
<MEAN> 6
 7.472487e+01 1.035948e+03 3.795288e+01 -3.532568e+00 8.575341e+00 -9.608599e+01
<VARIANCE> 6
 3.128982e+01 1.742233e+04 2.209470e+04 2.961554e+02 4.050157e+04 5.219723e+07
<GCONST> 6.830968e+01
<MIXTURE> 4 1.014923e-01
<MEAN> 6
 7.955124e+01 3.951317e+02 -1.410496e+02 -1.826617e+00 -5.840199e+00 -6.532764e+01
<VARIANCE> 6
 3.128982e+01 2.877055e+04 1.473256e+04 2.961554e+02 4.050157e+04 5.219723e+07
<GCONST> 6.840600e+01
<MIXTURE> 5 3.554181e-02
<MEAN> 6
 7.922361e+01 4.159110e+02 2.064072e+02 -4.016166e+00 -7.866242e+00 1.415345e+02
<VARIANCE> 6
 3.128982e+01 1.625221e+05 4.160312e+05 2.961554e+02 4.050157e+04 5.219723e+07
<GCONST> 7.347816e+01
<MIXTURE> 6 6.003800e-02
<MEAN> 6
 7.508345e+01 1.171344e+03 -4.176008e+02 -3.042406e+00 5.854369e+00 -1.547067e+00
<VARIANCE> 6
 3.128982e+01 5.704943e+05 5.265189e+04 2.961554e+02 4.050157e+04 5.219723e+07
<GCONST> 7.266679e+01
<MIXTURE> 7 5.439625e-02
<MEAN> 6
 7.610965e+01 -2.803592e+02 -1.671453e+02 -1.852401e+00 -8.834840e+00 -6.446941e+00
<VARIANCE> 6
 3.128982e+01 1.293270e+04 1.431256e+04 2.961554e+02 4.050157e+04 5.219723e+07
<GCONST> 6.757748e+01
<MIXTURE> 8 1.116768e-01
<MEAN> 6
 7.836813e+01 -2.248000e+02 1.895531e+02 -1.519168e+00 -4.892815e+00 2.419156e+02
<VARIANCE> 6
 3.128982e+01 5.463523e+04 1.353773e+04 2.961554e+02 4.050157e+04 5.219723e+07
<GCONST> 6.896275e+01
<MIXTURE> 9 1.050891e-01
<MEAN> 6
 7.436266e+01 1.052481e+03 -4.025319e+02 -1.205902e+00 -7.270291e+00 8.949957e+01
<VARIANCE> 6
 3.128982e+01 1.671641e+05 5.468238e+04 2.961554e+02 4.050157e+04 5.219723e+07
<GCONST> 7.147710e+01
<MIXTURE> 10 2.418009e-02
<MEAN> 6
 7.887720e+01 3.730105e+02 2.872500e+02 -3.801852e+00 -2.727664e+00 2.168639e+02
<VARIANCE> 6
 3.128982e+01 2.453300e+05 2.129095e+04 2.961554e+02 4.050157e+04 5.219723e+07
<GCONST> 7.091747e+01
<MIXTURE> 11 8.635581e-02
<MEAN> 6
 7.482092e+01 8.654844e+02 -5.678660e+02 -1.667237e+00 -5.886987e+00 1.395047e+02
<VARIANCE> 6
 3.128982e+01 1.684191e+05 4.052807e+04 2.961554e+02 4.050157e+04 5.219723e+07
<GCONST> 7.118504e+01
<MIXTURE> 12 9.278245e-02
<MEAN> 6
 7.880746e+01 2.157687e+02 -3.176673e+02 -2.445251e+00 -2.847538e+00 -5.474924e+01
<VARIANCE> 6
 3.128982e+01 5.323973e+04 2.015441e+04 2.961554e+02 4.050157e+04 5.219723e+07
<GCONST> 6.933482e+01
<MIXTURE> 13 5.445828e-02
<MEAN> 6
 7.526636e+01 -2.948093e+02 -1.863077e+02 -2.623277e+00 -8.957644e+00 1.665546e+01
<VARIANCE> 6
 3.128982e+01 1.293270e+04 1.353773e+04 2.961554e+02 4.050157e+04 5.219723e+07
<GCONST> 6.752183e+01
<STATE> 12
<NUMMIXES> 13
<MIXTURE> 1 6.938905e-02
<MEAN> 6
 6.086933e+01 4.664528e+02 1.512913e+02 -6.810582e-01 -1.478714e+00 -1.287870e+02
<VARIANCE> 6
 3.128982e+01 1.293270e+04 1.353773e+04 2.961554e+02 4.050157e+04 5.219723e+07
<GCONST> 6.752183e+01
<MIXTURE> 2 5.170203e-02
<MEAN> 6
 6.198965e+01 -8.544044e+02 4.193241e+01 1.197484e-01 -4.256425e+00 1.028103e+02
<VARIANCE> 6
 3.128982e+01 4.060693e+05 1.437285e+05 2.961554e+02 4.050157e+04 5.219723e+07
<GCONST> 7.333103e+01
<MIXTURE> 3 8.261944e-02
<MEAN> 6
 6.407369e+01 9.231702e+01 4.006190e+01 -4.789880e-01 -3.107965e+00 -1.517473e+02
<VARIANCE> 6
 3.128982e+01 1.293270e+04 1.353773e+04 2.961554e+02 4.050157e+04 5.219723e+07
<GCONST> 6.752183e+01
<MIXTURE> 4 5.392765e-02
<MEAN> 6
 5.607441e+01 1.058050e+02 -4.599246e+02 1.598521e-01 -1.226372e+00 9.196017e+01
<VARIANCE> 6
 3.128982e+01 1.293270e+04 1.353773e+04 2.961554e+02 4.050157e+04 5.219723e+07
<GCONST> 6.752183e+01
<MIXTURE> 5 6.478363e-02
<MEAN> 6
 6.138406e+01 1.561865e+02 3.902992e+02 -3.201758e-01 -6.947856e+00 -1.656243e+02
<VARIANCE> 6
 3.128982e+01 1.293270e+04 1.353773e+04 2.961554e+02 4.050157e+04 5.219723e+07
<GCONST> 6.752183e+01
<MIXTURE> 6 7.340791e-02
<MEAN> 6
 6.280546e+01 7.008131e+01 -2.034271e+00 -4.465762e-01 -3.684649e+00 -1.599763e+02
<VARIANCE> 6
 3.128982e+01 1.293270e+04 1.353773e+04 2.961554e+02 4.050157e+04 5.219723e+07
<GCONST> 6.752183e+01
<MIXTURE> 7 6.977148e-02
<MEAN> 6
 6.486609e+01 3.453148e+02 -1.913015e+02 -4.172290e-01 -1.102924e+01 -9.300822e+01
<VARIANCE> 6
 3.128982e+01 1.293270e+04 1.353773e+04 2.961554e+02 4.050157e+04 5.219723e+07
<GCONST> 6.752183e+01
<MIXTURE> 8 1.328518e-01
<MEAN> 6
 5.869169e+01 2.489617e+01 -1.164581e+02 2.856398e-02 -3.710020e+00 -1.512887e+02
<VARIANCE> 6
 3.128982e+01 1.293270e+04 1.353773e+04 2.961554e+02 4.050157e+04 5.219723e+07
<GCONST> 6.752183e+01
<MIXTURE> 9 1.310814e-01
<MEAN> 6
 5.874690e+01 2.511718e+01 -1.150990e+02 1.879053e-02 -3.724607e+00 -1.516797e+02
<VARIANCE> 6
 3.128982e+01 1.293270e+04 1.353773e+04 2.961554e+02 4.050157e+04 5.219723e+07
<GCONST> 6.752183e+01
<MIXTURE> 10 6.891466e-02
<MEAN> 6
 6.086788e+01 4.662771e+02 1.512869e+02 -6.805642e-01 -1.481491e+00 -1.288105e+02
<VARIANCE> 6
 3.128982e+01 1.293270e+04 1.353773e+04 2.961554e+02 4.050157e+04 5.219723e+07
<GCONST> 6.752183e+01
<MIXTURE> 11 6.955968e-02
<MEAN> 6
 6.486609e+01 3.453127e+02 -1.912999e+02 -4.172300e-01 -1.102927e+01 -9.300751e+01
<VARIANCE> 6
 3.128982e+01 1.293270e+04 1.353773e+04 2.961554e+02 4.050157e+04 5.219723e+07
<GCONST> 6.752183e+01
<MIXTURE> 12 6.268793e-02
<MEAN> 6
 5.921587e+01 2.611420e+01 -1.042245e+02 -5.922050e-02 -3.802209e+00 -1.542858e+02
<VARIANCE> 6
 3.128982e+01 1.293270e+04 1.353773e+04 2.961554e+02 4.050157e+04 5.219723e+07
<GCONST> 6.752183e+01
<MIXTURE> 13 6.927770e-02
<MEAN> 6
 6.162244e+01 5.274193e+01 -3.641248e+01 -3.813732e-01 -4.453039e+00 -1.751869e+02
<VARIANCE> 6
 3.128982e+01 1.293270e+04 1.353773e+04 2.961554e+02 4.050157e+04 5.219723e+07
<GCONST> 6.752183e+01
<STATE> 13
<NUMMIXES> 13
<MIXTURE> 1 6.280358e-02
<MEAN> 6
 2.908891e+01 6.013448e+03 2.442971e+02 -4.658851e+01 9.347795e+01 1.228098e+03
<VARIANCE> 6
 3.138923e+03 7.153273e+07 1.459619e+06 2.334956e+04 5.096653e+05 1.174012e+08
<GCONST> 9.313920e+01
<MIXTURE> 2 8.667684e-02
<MEAN> 6
 4.108238e+01 2.365497e+03 -2.915833e+03 1.460907e+02 -1.727019e+02 -7.470635e+02
<VARIANCE> 6
 6.074541e+02 2.212802e+06 3.044561e+06 1.706071e+03 4.050157e+04 5.219723e+07
<GCONST> 8.279676e+01
<MIXTURE> 3 9.540388e-02
<MEAN> 6
 -3.499646e+01 1.307477e+03 -8.186328e+02 9.270950e+00 6.875094e+02 -1.487318e+02
<VARIANCE> 6
 1.097354e+02 2.146089e+06 4.368667e+06 1.604052e+04 1.116010e+05 5.653702e+07
<GCONST> 8.475043e+01
<MIXTURE> 4 1.004602e-01
<MEAN> 6
 1.258155e+01 -5.635855e+03 3.955452e+02 1.191584e+01 3.611157e+01 -1.973166e+02
<VARIANCE> 6
 2.854010e+03 2.632052e+05 1.338577e+05 2.075455e+04 1.906357e+05 5.219723e+07
<GCONST> 8.313815e+01
<MIXTURE> 5 1.331656e-01
<MEAN> 6
 7.928360e+01 8.642086e+02 -2.340933e+03 -1.077003e+01 -3.132857e+02 -1.321102e+02
<VARIANCE> 6
 1.420605e+02 3.673283e+06 2.655280e+06 8.019416e+03 7.187495e+04 5.219723e+07
<GCONST> 8.383501e+01
<MIXTURE> 6 7.684782e-02
<MEAN> 6
 8.892455e+01 1.110921e+03 -3.205518e+03 4.846127e-01 -2.636947e+01 -1.667396e+02
<VARIANCE> 6
 2.132020e+02 7.276606e+05 7.626102e+05 2.961554e+02 4.050157e+04 5.219723e+07
<GCONST> 7.750211e+01
<MIXTURE> 7 1.048719e-01
<MEAN> 6
 3.173592e+00 1.935845e+03 -2.797471e+03 -3.753249e+01 1.360287e+02 -3.565043e+01
<VARIANCE> 6
 3.797709e+02 2.602932e+06 1.719991e+06 2.752483e+04 4.699271e+04 5.219723e+07
<GCONST> 8.484794e+01
<MIXTURE> 8 7.288803e-02
<MEAN> 6
 2.492551e+01 3.192276e+02 1.333949e+03 -1.616629e-01 6.970272e-01 2.052582e+02
<VARIANCE> 6
 1.158958e+03 1.189671e+06 9.899378e+05 1.043130e+04 4.441802e+04 5.219723e+07
<GCONST> 8.360162e+01
<MIXTURE> 9 4.903940e-02
<MEAN> 6
 9.691589e+01 -7.130356e+03 1.198561e+01 -8.979558e+00 -1.138954e+02 1.882089e+02
<VARIANCE> 6
 3.128982e+01 2.004129e+05 2.258412e+05 3.635476e+02 4.105286e+04 5.219723e+07
<GCONST> 7.329535e+01
<MIXTURE> 10 5.263576e-02
<MEAN> 6
 7.431476e+01 -1.833800e+02 -1.590680e+03 -7.581728e+01 -7.675660e+02 1.771177e+03
<VARIANCE> 6
 5.849265e+02 3.831023e+06 6.078315e+06 2.444789e+04 3.064996e+05 1.465493e+08
<GCONST> 8.971777e+01
<MIXTURE> 11 3.615295e-02
<MEAN> 6
 1.066458e+02 -9.310952e+02 -6.650092e+03 -6.727629e+00 2.624614e-01 8.228812e+01
<VARIANCE> 6
 5.535582e+01 1.017886e+05 4.144664e+05 2.961554e+02 4.050157e+04 5.219723e+07
<GCONST> 7.357697e+01
<MIXTURE> 12 5.905922e-02
<MEAN> 6
 -5.866810e+01 4.329604e+02 -5.566729e+02 -1.700401e+00 2.679071e+02 6.638640e+01
<VARIANCE> 6
 3.961243e+01 8.323534e+05 6.208947e+06 1.363619e+03 6.029195e+04 5.219723e+07
<GCONST> 7.997531e+01
<MIXTURE> 13 6.994096e-02
<MEAN> 6
 1.440100e+01 -3.889829e+02 7.365583e+02 -2.293922e+01 3.722894e+01 -2.087418e+02
<VARIANCE> 6
 1.124140e+03 2.122366e+06 1.461439e+06 1.444114e+04 5.058558e+04 5.219723e+07
<GCONST> 8.499480e+01
<STATE> 14
<NUMMIXES> 13
<MIXTURE> 1 2.616812e-02
<MEAN> 6
 -5.319180e+00 -1.759867e+01 2.053748e+02 2.216111e+02 9.012012e+01 -1.261608e+04
<VARIANCE> 6
 9.510267e+02 8.336768e+04 5.644086e+05 6.365285e+03 5.524736e+05 2.224919e+08
<GCONST> 8.366054e+01
<MIXTURE> 2 8.481701e-02
<MEAN> 6
 2.234069e+01 2.886993e+01 1.423967e+02 -1.983794e+02 -1.401480e+02 4.673003e+03
<VARIANCE> 6
 3.022592e+02 2.654198e+05 5.042661e+04 5.109285e+03 1.943320e+05 1.053297e+08
<GCONST> 7.924463e+01
<MIXTURE> 3 5.635244e-02
<MEAN> 6
 6.890820e+01 -1.027348e+02 5.291925e+01 -4.865252e+00 -2.987223e+01 1.206851e+02
<VARIANCE> 6
 4.003390e+01 1.785281e+05 4.383630e+04 2.961554e+02 4.050157e+04 5.219723e+07
<GCONST> 7.156823e+01
<MIXTURE> 4 8.790603e-02
<MEAN> 6
 5.780509e+01 3.341006e+01 4.290364e+01 -4.071317e+01 -5.167367e+02 -7.211245e+01
<VARIANCE> 6
 1.428449e+02 7.473309e+04 1.790092e+04 1.268593e+04 9.751944e+04 5.219723e+07
<GCONST> 7.570991e+01
<MIXTURE> 5 6.506144e-02
<MEAN> 6
 -4.495846e+01 9.538338e+01 -1.000060e+02 -3.084606e+01 1.232609e+03 1.142123e+03
<VARIANCE> 6
 9.611005e+01 1.139181e+05 6.938948e+04 1.736434e+04 3.164953e+05 2.346851e+08
<GCONST> 8.008448e+01
<MIXTURE> 6 1.056730e-01
<MEAN> 6
 6.560312e+01 -3.469273e+02 -3.423382e+01 2.207336e+01 -3.985904e+02 -5.437663e+02
<VARIANCE> 6
 1.199304e+02 5.749289e+05 1.220766e+05 5.636551e+03 1.064045e+05 5.219723e+07
<GCONST> 7.877116e+01
<MIXTURE> 7 8.786761e-02
<MEAN> 6
 -4.318856e+01 4.422034e+01 -3.519306e+01 4.491505e+01 5.888135e+02 -1.010522e+03
<VARIANCE> 6
 1.370641e+02 3.567157e+04 2.529289e+04 5.972440e+03 1.106802e+05 5.219723e+07
<GCONST> 7.464795e+01
<MIXTURE> 8 1.085213e-01
<MEAN> 6
 2.636668e+01 4.560347e-01 -1.003928e-01 1.564147e+02 -2.089994e+02 -1.105387e+03
<VARIANCE> 6
 5.685897e+02 5.311302e+04 5.936389e+04 3.228682e+03 6.479448e+04 5.219723e+07
<GCONST> 7.617139e+01
<MIXTURE> 9 1.050235e-01
<MEAN> 6
 -2.863239e+01 6.759658e+01 -2.778889e+01 -7.182994e+00 1.796675e+02 2.326215e+01
<VARIANCE> 6
 1.096201e+02 1.385467e+05 1.214041e+05 5.895665e+03 5.157657e+04 5.219723e+07
<GCONST> 7.657346e+01
<MIXTURE> 10 8.685096e-02
<MEAN> 6
 1.190001e+01 -1.619065e+02 -3.571810e+01 1.319604e+02 6.082074e+01 -4.676295e+02
<VARIANCE> 6
 4.207185e+02 1.784351e+05 8.141259e+04 1.530153e+03 4.419732e+04 5.219723e+07
<GCONST> 7.626857e+01
<MIXTURE> 11 7.570533e-02
<MEAN> 6
 -1.007445e+01 -7.534361e+00 1.261962e+02 -1.830822e+02 3.176805e+02 2.117737e+03
<VARIANCE> 6
 2.667996e+02 5.299851e+04 4.639692e+04 3.362527e+03 2.386919e+05 1.767106e+08
<GCONST> 7.773016e+01
<MIXTURE> 12 5.337749e-02
<MEAN> 6
 6.560159e+01 -2.155997e+01 1.152605e+01 -5.568039e+01 -1.009761e+03 5.800536e+02
<VARIANCE> 6
 1.998633e+02 6.365314e+04 2.291603e+04 1.420461e+04 3.969157e+05 1.473274e+08
<GCONST> 7.868666e+01
<MIXTURE> 13 5.648056e-02
<MEAN> 6
 6.646509e+01 -1.691400e+02 -4.285300e+01 -4.088968e+00 -6.596119e+01 -4.294711e+01
<VARIANCE> 6
 3.128982e+01 1.269241e+05 5.440645e+04 2.961554e+02 4.050157e+04 5.219723e+07
<GCONST> 7.119666e+01
<TRANSP> 15
 0.000000e+00 1.000000e+00 0.000000e+00 0.000000e+00 0.000000e+00 0.000000e+00 0.000000e+00 0.000000e+00 0.000000e+00 0.000000e+00 0.000000e+00 0.000000e+00 0.000000e+00 0.000000e+00 0.000000e+00
 0.000000e+00 9.990377e-01 9.622772e-04 0.000000e+00 0.000000e+00 0.000000e+00 0.000000e+00 0.000000e+00 0.000000e+00 0.000000e+00 0.000000e+00 0.000000e+00 0.000000e+00 0.000000e+00 0.000000e+00
 0.000000e+00 0.000000e+00 9.994782e-01 5.218823e-04 0.000000e+00 0.000000e+00 0.000000e+00 0.000000e+00 0.000000e+00 0.000000e+00 0.000000e+00 0.000000e+00 0.000000e+00 0.000000e+00 0.000000e+00
 0.000000e+00 0.000000e+00 0.000000e+00 9.996886e-01 3.114753e-04 0.000000e+00 0.000000e+00 0.000000e+00 0.000000e+00 0.000000e+00 0.000000e+00 0.000000e+00 0.000000e+00 0.000000e+00 0.000000e+00
 0.000000e+00 0.000000e+00 0.000000e+00 0.000000e+00 9.991522e-01 8.478647e-04 0.000000e+00 0.000000e+00 0.000000e+00 0.000000e+00 0.000000e+00 0.000000e+00 0.000000e+00 0.000000e+00 0.000000e+00
 0.000000e+00 0.000000e+00 0.000000e+00 0.000000e+00 0.000000e+00 9.999145e-01 8.556672e-05 0.000000e+00 0.000000e+00 0.000000e+00 0.000000e+00 0.000000e+00 0.000000e+00 0.000000e+00 0.000000e+00
 0.000000e+00 0.000000e+00 0.000000e+00 0.000000e+00 0.000000e+00 0.000000e+00 9.974672e-01 2.532793e-03 0.000000e+00 0.000000e+00 0.000000e+00 0.000000e+00 0.000000e+00 0.000000e+00 0.000000e+00
 0.000000e+00 0.000000e+00 0.000000e+00 0.000000e+00 0.000000e+00 0.000000e+00 0.000000e+00 9.935202e-01 6.479735e-03 0.000000e+00 0.000000e+00 0.000000e+00 0.000000e+00 0.000000e+00 0.000000e+00
 0.000000e+00 0.000000e+00 0.000000e+00 0.000000e+00 0.000000e+00 0.000000e+00 0.000000e+00 0.000000e+00 9.982645e-01 1.735489e-03 0.000000e+00 0.000000e+00 0.000000e+00 0.000000e+00 0.000000e+00
 0.000000e+00 0.000000e+00 0.000000e+00 0.000000e+00 0.000000e+00 0.000000e+00 0.000000e+00 0.000000e+00 0.000000e+00 9.972603e-01 2.739684e-03 0.000000e+00 0.000000e+00 0.000000e+00 0.000000e+00
 0.000000e+00 0.000000e+00 0.000000e+00 0.000000e+00 0.000000e+00 0.000000e+00 0.000000e+00 0.000000e+00 0.000000e+00 0.000000e+00 9.982582e-01 1.741786e-03 0.000000e+00 0.000000e+00 0.000000e+00
 0.000000e+00 0.000000e+00 0.000000e+00 0.000000e+00 0.000000e+00 0.000000e+00 0.000000e+00 0.000000e+00 0.000000e+00 0.000000e+00 0.000000e+00 9.982668e-01 1.733214e-03 0.000000e+00 0.000000e+00
 0.000000e+00 0.000000e+00 0.000000e+00 0.000000e+00 0.000000e+00 0.000000e+00 0.000000e+00 0.000000e+00 0.000000e+00 0.000000e+00 0.000000e+00 0.000000e+00 9.992688e-01 7.312467e-04 0.000000e+00
 0.000000e+00 0.000000e+00 0.000000e+00 0.000000e+00 0.000000e+00 0.000000e+00 0.000000e+00 0.000000e+00 0.000000e+00 0.000000e+00 0.000000e+00 0.000000e+00 0.000000e+00 9.997645e-01 2.354885e-04
 0.000000e+00 0.000000e+00 0.000000e+00 0.000000e+00 0.000000e+00 0.000000e+00 0.000000e+00 0.000000e+00 0.000000e+00 0.000000e+00 0.000000e+00 0.000000e+00 0.000000e+00 0.000000e+00 0.000000e+00
<ENDHMM>
~h "QuintoPRIMARIA"
<BEGINHMM>
<NUMSTATES> 15
<STATE> 2
<NUMMIXES> 13
<MIXTURE> 1 6.850235e-02
<MEAN> 6
 -4.177167e+01 3.713577e+01 8.050240e+01 -1.075938e+02 1.406644e+03 3.216486e+03
<VARIANCE> 6
 3.466468e+02 7.607163e+04 2.988939e+05 3.040306e+04 7.663397e+05 6.865952e+08
<GCONST> 8.494177e+01
<MIXTURE> 2 2.055185e-02
<MEAN> 6
 3.367617e+01 -3.582092e+02 -5.061809e+02 -4.367984e+01 -3.261443e+02 3.375053e+03
<VARIANCE> 6
 2.176755e+03 1.419473e+06 3.401178e+06 3.355591e+04 7.909118e+05 1.627570e+08
<GCONST> 9.082796e+01
<MIXTURE> 3 8.187471e-02
<MEAN> 6
 7.871921e+01 5.461706e+01 8.675201e+01 -5.843223e+00 -4.809365e+01 -3.064123e+02
<VARIANCE> 6
 9.073180e+01 2.896847e+04 7.943952e+04 2.961554e+02 4.050157e+04 5.219723e+07
<GCONST> 7.116241e+01
<MIXTURE> 4 6.307685e-02
<MEAN> 6
 -3.425473e+00 1.092639e+00 1.989876e+02 2.302610e+02 2.823363e+02 -6.760994e+03
<VARIANCE> 6
 2.985732e+02 9.814278e+04 2.130593e+05 5.242087e+03 2.315191e+05 6.922008e+07
<GCONST> 7.945948e+01
<MIXTURE> 5 1.075325e-01
<MEAN> 6
 4.393689e+01 -5.300799e+00 -1.349899e+00 1.601678e+02 -2.612265e+02 -6.042343e+02
<VARIANCE> 6
 4.813050e+02 6.738789e+04 6.132221e+04 6.644296e+03 1.302480e+05 5.219723e+07
<GCONST> 7.769513e+01
<MIXTURE> 6 6.614073e-02
<MEAN> 6
 7.087189e+01 6.664767e+01 -1.725584e+02 5.969470e+01 -1.036143e+03 -1.371509e+03
<VARIANCE> 6
 7.331968e+02 1.007324e+05 2.075668e+05 3.215129e+04 1.068710e+06 6.323309e+08
<GCONST> 8.591320e+01
<MIXTURE> 7 1.055214e-01
<MEAN> 6
 6.013327e+01 -7.141212e+01 -1.037711e+01 -2.396630e-01 -1.854776e+01 -1.981227e+02
<VARIANCE> 6
 3.128982e+01 2.062238e+04 1.702541e+05 2.961554e+02 4.050157e+04 5.219723e+07
<GCONST> 7.052026e+01
<MIXTURE> 8 8.688892e-02
<MEAN> 6
 -4.714196e+01 -1.592175e+01 -2.259307e+00 1.927137e+01 2.284436e+02 -5.050632e+01
<VARIANCE> 6
 2.607235e+02 3.520193e+04 8.718979e+04 9.040025e+02 6.689514e+04 5.219723e+07
<GCONST> 7.412367e+01
<MIXTURE> 9 1.089762e-01
<MEAN> 6
 1.188237e+01 1.734494e+01 -1.805378e+01 -2.288477e+02 -1.163957e+02 4.113141e+03
<VARIANCE> 6
 5.352118e+02 4.448059e+04 1.001497e+05 6.077625e+03 3.102853e+05 1.617880e+08
<GCONST> 7.978657e+01
<MIXTURE> 10 6.937654e-02
<MEAN> 6
 7.612063e+01 1.104163e+02 -1.781695e+01 -3.145148e+01 -5.927191e+02 4.554120e+02
<VARIANCE> 6
 2.652032e+02 1.132257e+05 6.179789e+04 1.234755e+04 1.726500e+05 5.219723e+07
<GCONST> 7.852730e+01
<MIXTURE> 11 1.056946e-01
<MEAN> 6
 -4.035046e+01 -3.095005e+01 1.981240e+01 4.913233e+01 7.747466e+02 -3.773373e+02
<VARIANCE> 6
 2.931561e+02 9.940833e+04 5.907673e+04 1.497212e+04 1.459688e+05 5.219723e+07
<GCONST> 7.847718e+01
<MIXTURE> 12 4.866446e-02
<MEAN> 6
 7.217690e+01 -5.756388e+01 -1.055543e+02 -3.552113e+00 -3.309669e+01 -3.007761e+02
<VARIANCE> 6
 1.267488e+02 3.264226e+05 6.827884e+04 2.961554e+02 4.050157e+04 5.219723e+07
<GCONST> 7.376730e+01
<MIXTURE> 13 6.674821e-02
<MEAN> 6
 6.727491e+01 -2.128381e+01 -4.395263e+01 -8.471735e+01 -7.591299e+02 -1.411912e+03
<VARIANCE> 6
 2.429977e+02 1.227957e+05 7.318284e+04 1.316140e+04 1.885272e+05 5.219723e+07
<GCONST> 7.884189e+01
<STATE> 3
<NUMMIXES> 13
<MIXTURE> 1 6.106960e-02
<MEAN> 6
 8.242018e+01 -3.142094e+02 -1.677179e+03 7.388346e+00 -9.734688e+00 2.260090e+02
<VARIANCE> 6
 8.076766e+01 1.629188e+05 1.932697e+06 2.961554e+02 4.050157e+04 5.219723e+07
<GCONST> 7.596479e+01
<MIXTURE> 2 7.262114e-02
<MEAN> 6
 8.959898e+01 2.905483e+02 -1.198925e+03 -3.573213e+00 8.620299e+00 2.236213e+01
<VARIANCE> 6
 4.076814e+01 1.293270e+04 2.793124e+05 2.961554e+02 4.050157e+04 5.219723e+07
<GCONST> 7.081329e+01
<MIXTURE> 3 4.886586e-02
<MEAN> 6
 9.439025e+01 2.308967e+02 4.394363e+02 -4.568685e+00 3.553376e+01 -3.179510e+01
<VARIANCE> 6
 3.128982e+01 1.293270e+04 1.353773e+04 2.961554e+02 4.050157e+04 5.219723e+07
<GCONST> 6.752183e+01
<MIXTURE> 4 8.276521e-02
<MEAN> 6
 8.438017e+01 5.429254e+02 -2.647357e+02 -1.268317e+00 -8.948997e+00 -1.278409e+02
<VARIANCE> 6
 3.128982e+01 1.293270e+04 1.353773e+04 2.961554e+02 4.050157e+04 5.219723e+07
<GCONST> 6.752183e+01
<MIXTURE> 5 7.657651e-02
<MEAN> 6
 9.280951e+01 4.573734e+02 -1.499648e+02 -4.960513e+00 -1.789758e+01 2.304090e+02
<VARIANCE> 6
 3.128982e+01 4.087539e+05 1.353773e+04 2.961554e+02 4.050157e+04 5.219723e+07
<GCONST> 7.097518e+01
<MIXTURE> 6 6.392413e-02
<MEAN> 6
 6.461198e+01 7.602285e+02 -3.076583e+03 7.683264e-01 -6.523263e+00 -1.071304e+02
<VARIANCE> 6
 3.128982e+01 1.293270e+04 8.314049e+04 2.961554e+02 4.050157e+04 5.219723e+07
<GCONST> 6.933688e+01
<MIXTURE> 7 1.232812e-01
<MEAN> 6
 9.892593e+01 9.205225e+01 -9.727837e+01 -7.742441e+00 -2.114382e+01 6.036141e+02
<VARIANCE> 6
 3.128982e+01 1.293270e+04 1.821364e+04 2.961554e+02 4.050157e+04 5.219723e+07
<GCONST> 6.781851e+01
<MIXTURE> 8 5.322687e-02
<MEAN> 6
 9.051695e+01 -2.598216e+02 -1.820942e+02 -4.948205e+00 3.386234e+00 -1.205516e+02
<VARIANCE> 6
 3.128982e+01 7.719784e+05 1.353773e+04 2.961554e+02 4.050157e+04 5.219723e+07
<GCONST> 7.161102e+01
<MIXTURE> 9 7.325187e-02
<MEAN> 6
 9.170911e+01 -2.425246e+02 -1.596376e+02 -4.697516e+00 1.317786e+01 -1.172130e+02
<VARIANCE> 6
 3.128982e+01 1.293270e+04 6.107273e+04 2.961554e+02 4.050157e+04 5.219723e+07
<GCONST> 6.902841e+01
<MIXTURE> 10 8.296359e-02
<MEAN> 6
 8.435318e+01 5.390029e+02 -2.692138e+02 -1.217755e+00 -8.793981e+00 -1.230244e+02
<VARIANCE> 6
 3.128982e+01 1.293270e+04 1.353773e+04 2.961554e+02 4.050157e+04 5.219723e+07
<GCONST> 6.752183e+01
<MIXTURE> 11 1.100920e-01
<MEAN> 6
 9.434391e+01 -1.352353e+01 7.337680e+01 -7.450243e+00 -4.643783e+00 2.395497e+02
<VARIANCE> 6
 3.128982e+01 1.293270e+04 2.107373e+04 2.961554e+02 4.050157e+04 5.219723e+07
<GCONST> 6.796437e+01
<MIXTURE> 12 8.725449e-02
<MEAN> 6
 9.234141e+01 -2.839287e+02 -2.919232e+02 -4.345632e+00 7.910954e+00 -4.690763e+01
<VARIANCE> 6
 3.128982e+01 1.293270e+04 2.173973e+04 2.961554e+02 4.050157e+04 5.219723e+07
<GCONST> 6.799548e+01
<MIXTURE> 13 6.409291e-02
<MEAN> 6
 6.398655e+01 7.825906e+02 -3.180312e+03 7.238384e-01 -2.503028e+00 -4.689419e+01
<VARIANCE> 6
 3.128982e+01 1.293270e+04 7.357897e+04 2.961554e+02 4.050157e+04 5.219723e+07
<GCONST> 6.921471e+01
<STATE> 4
<NUMMIXES> 13
<MIXTURE> 1 6.870292e-02
<MEAN> 6
 8.040962e+01 -3.729470e+02 2.548445e+02 -2.039516e+00 7.796997e-01 -1.342936e+01
<VARIANCE> 6
 3.128982e+01 1.293270e+04 2.040553e+04 2.961554e+02 4.050157e+04 5.219723e+07
<GCONST> 6.793215e+01
<MIXTURE> 2 9.868159e-02
<MEAN> 6
 7.430201e+01 -1.458568e+03 -7.808135e+02 -1.631624e+00 -1.318915e+00 -8.282246e+01
<VARIANCE> 6
 3.128982e+01 2.873641e+04 4.861693e+04 2.961554e+02 4.050157e+04 5.219723e+07
<GCONST> 6.959872e+01
<MIXTURE> 3 7.564293e-02
<MEAN> 6
 7.296634e+01 -5.848853e+02 1.771826e+02 -1.731159e+00 -2.012685e+00 -3.860287e+01
<VARIANCE> 6
 3.128982e+01 1.293270e+04 1.353773e+04 2.961554e+02 4.050157e+04 5.219723e+07
<GCONST> 6.752183e+01
<MIXTURE> 4 3.673883e-02
<MEAN> 6
 9.124197e+01 -1.551541e+03 -1.550114e+03 7.935417e+00 -4.801377e+01 1.864247e+02
<VARIANCE> 6
 8.234599e+01 1.293270e+04 8.318385e+04 7.689683e+02 4.050157e+04 5.219723e+07
<GCONST> 7.125920e+01
<MIXTURE> 5 1.326501e-01
<MEAN> 6
 7.609257e+01 -8.011769e+02 6.200413e+00 7.404111e-02 -7.033016e-01 -6.442321e+01
<VARIANCE> 6
 3.128982e+01 1.293270e+04 2.117333e+04 2.961554e+02 4.050157e+04 5.219723e+07
<GCONST> 6.796909e+01
<MIXTURE> 6 1.102921e-01
<MEAN> 6
 7.172758e+01 -9.442635e+02 -5.161851e+02 -7.205257e-01 -1.449498e+01 9.238474e+01
<VARIANCE> 6
 3.128982e+01 2.379499e+04 2.203138e+04 2.961554e+02 4.050157e+04 5.219723e+07
<GCONST> 6.861853e+01
<MIXTURE> 7 1.064980e-01
<MEAN> 6
 8.094060e+01 -3.782676e+02 1.158703e+02 -4.756683e+00 3.712489e+00 2.472501e+00
<VARIANCE> 6
 3.128982e+01 1.293270e+04 1.353773e+04 2.961554e+02 4.050157e+04 5.219723e+07
<GCONST> 6.752183e+01
<MIXTURE> 8 6.826836e-02
<MEAN> 6
 7.419112e+01 -1.283705e+03 -7.337527e+01 -6.730250e-01 -1.290265e+01 -7.046021e+01
<VARIANCE> 6
 3.128982e+01 1.293270e+04 3.678165e+04 2.961554e+02 4.050157e+04 5.219723e+07
<GCONST> 6.852134e+01
<MIXTURE> 9 8.357838e-02
<MEAN> 6
 7.918394e+01 -4.623310e+02 -4.103408e+01 -5.036177e+00 3.879948e+00 2.698787e+01
<VARIANCE> 6
 3.128982e+01 1.293270e+04 1.353773e+04 2.961554e+02 4.050157e+04 5.219723e+07
<GCONST> 6.752183e+01
<MIXTURE> 10 5.939665e-03
<MEAN> 6
 7.702927e+01 -1.402317e+03 -2.032660e+02 1.470891e+01 -2.909540e+02 1.839397e+03
<VARIANCE> 6
 3.968910e+01 2.433230e+06 3.962105e+05 4.032120e+02 8.718428e+04 5.219723e+07
<GCONST> 7.744855e+01
<MIXTURE> 11 7.593393e-02
<MEAN> 6
 7.295049e+01 -5.851945e+02 1.773506e+02 -1.724720e+00 -2.027332e+00 -3.859813e+01
<VARIANCE> 6
 3.128982e+01 1.293270e+04 1.353773e+04 2.961554e+02 4.050157e+04 5.219723e+07
<GCONST> 6.752183e+01
<MIXTURE> 12 6.758488e-02
<MEAN> 6
 8.050306e+01 -3.805153e+02 1.761712e+02 -3.422238e+00 2.342325e+00 -1.979489e+01
<VARIANCE> 6
 3.128982e+01 1.293270e+04 1.744186e+04 2.961554e+02 4.050157e+04 5.219723e+07
<GCONST> 6.777522e+01
<MIXTURE> 13 6.946854e-02
<MEAN> 6
 7.385796e+01 -1.301047e+03 -1.359029e+02 2.609721e-02 -1.020115e+01 -6.119638e+01
<VARIANCE> 6
 3.128982e+01 1.293270e+04 3.021394e+04 2.961554e+02 4.050157e+04 5.219723e+07
<GCONST> 6.832465e+01
<STATE> 5
<NUMMIXES> 13
<MIXTURE> 1 9.449995e-03
<MEAN> 6
 -1.504365e+02 -2.089578e+03 -1.478502e+03 -9.276705e+01 -5.258809e+02 5.263364e+04
<VARIANCE> 6
 5.186980e+02 4.905958e+06 1.353773e+04 5.197169e+02 1.911608e+06 5.219723e+07
<GCONST> 8.068506e+01
<MIXTURE> 2 7.948848e-02
<MEAN> 6
 9.403390e+01 1.026984e+03 2.832215e+03 7.742814e-01 2.077157e+01 6.664426e+01
<VARIANCE> 6
 3.128982e+01 1.293270e+04 1.353773e+04 2.961554e+02 4.050157e+04 5.219723e+07
<GCONST> 6.752183e+01
<MIXTURE> 3 2.352113e-04
<MEAN> 6
 8.090005e+01 7.955852e+01 3.271459e+03 -8.864061e-01 -2.409372e+01 1.527379e+02
<VARIANCE> 6
 1.117842e+02 1.293270e+04 1.353773e+04 2.961554e+02 4.050157e+04 5.219723e+07
<GCONST> 6.879510e+01
<MIXTURE> 4 1.387306e-01
<MEAN> 6
 1.012702e+02 8.038463e+02 2.453106e+02 -3.869270e+00 4.967555e-01 2.768134e+01
<VARIANCE> 6
 3.128982e+01 1.363316e+04 6.315164e+05 2.961554e+02 4.050157e+04 5.219723e+07
<GCONST> 7.141721e+01
<MIXTURE> 5 1.132769e-02
<MEAN> 6
 8.193155e+01 8.289346e+01 -7.750247e+01 8.726004e-02 -8.476611e+01 -5.696757e+02
<VARIANCE> 6
 2.597599e+02 5.390521e+05 1.151351e+06 2.961554e+02 6.135516e+04 5.219723e+07
<GCONST> 7.822689e+01
<MIXTURE> 6 9.130795e-02
<MEAN> 6
 9.632325e+01 9.534963e+02 2.328401e+03 6.228054e-02 -6.243957e+00 -1.144922e+02
<VARIANCE> 6
 3.128982e+01 1.293270e+04 1.353773e+04 2.961554e+02 4.050157e+04 5.219723e+07
<GCONST> 6.752183e+01
<MIXTURE> 7 1.493938e-01
<MEAN> 6
 9.135851e+01 5.873160e+02 1.719703e+03 1.689373e+00 -5.558615e+00 -3.351767e+02
<VARIANCE> 6
 3.128982e+01 1.293270e+04 8.947660e+04 2.961554e+02 4.050157e+04 5.219723e+07
<GCONST> 6.941032e+01
<MIXTURE> 8 1.318254e-01
<MEAN> 6
 9.231281e+01 5.481965e+02 6.529082e+02 -3.845055e+00 1.156060e+01 3.148185e+02
<VARIANCE> 6
 3.128982e+01 1.293270e+04 1.646463e+05 2.961554e+02 4.050157e+04 5.219723e+07
<GCONST> 7.002014e+01
<MIXTURE> 9 9.153081e-02
<MEAN> 6
 9.741402e+01 9.019303e+02 1.868650e+03 -1.053907e+00 2.299564e+00 1.362131e+02
<VARIANCE> 6
 3.128982e+01 1.293270e+04 8.107353e+04 2.961554e+02 4.050157e+04 5.219723e+07
<GCONST> 6.931170e+01
<MIXTURE> 10 6.416316e-02
<MEAN> 6
 9.525830e+01 1.008744e+03 2.512134e+03 -1.080788e+00 -1.767668e+01 -2.619888e+02
<VARIANCE> 6
 3.128982e+01 1.293270e+04 2.286838e+04 2.961554e+02 4.050157e+04 5.219723e+07
<GCONST> 6.804610e+01
<MIXTURE> 11 5.930474e-02
<MEAN> 6
 8.056048e+01 7.788013e+02 -3.066801e+02 -2.439119e+01 7.614397e+01 2.048366e+02
<VARIANCE> 6
 3.128982e+01 4.020319e+04 1.554673e+05 2.961554e+02 4.050157e+04 5.219723e+07
<GCONST> 7.109697e+01
<MIXTURE> 12 8.196591e-02
<MEAN> 6
 9.630576e+01 9.218083e+02 2.249589e+03 3.017389e-01 8.031303e+00 7.238274e+01
<VARIANCE> 6
 3.128982e+01 1.293270e+04 1.430981e+04 2.961554e+02 4.050157e+04 5.219723e+07
<GCONST> 6.757729e+01
<MIXTURE> 13 9.126838e-02
<MEAN> 6
 9.774811e+01 8.840482e+02 1.741432e+03 -1.342715e+00 -2.433764e+00 1.223006e+02
<VARIANCE> 6
 3.128982e+01 1.293270e+04 1.078330e+05 2.961554e+02 4.050157e+04 5.219723e+07
<GCONST> 6.959692e+01
<STATE> 6
<NUMMIXES> 13
<MIXTURE> 1 2.948221e-03
<MEAN> 6
 7.329927e+01 -2.526881e+02 -1.020886e+02 -8.403465e-01 -9.198209e+01 -6.575694e+02
<VARIANCE> 6
 8.138696e+02 6.641646e+06 6.836359e+05 4.267729e+02 1.234875e+05 6.606423e+07
<GCONST> 8.265939e+01
<MIXTURE> 2 1.022501e-01
<MEAN> 6
 8.962400e+01 2.144754e+02 3.732691e+03 -5.116427e-02 -5.366822e+00 -1.540482e+02
<VARIANCE> 6
 3.128982e+01 1.293270e+04 1.353773e+04 2.961554e+02 4.050157e+04 5.219723e+07
<GCONST> 6.752183e+01
<MIXTURE> 3 1.107951e-01
<MEAN> 6
 8.919712e+01 5.699567e+02 -1.358647e+03 1.502384e+00 -1.330281e+01 -2.302088e+02
<VARIANCE> 6
 3.128982e+01 1.293270e+04 1.353773e+04 2.961554e+02 4.050157e+04 5.219723e+07
<GCONST> 6.752183e+01
<MIXTURE> 4 6.814422e-02
<MEAN> 6
 8.117970e+01 -3.524677e+02 2.599999e+03 -6.720573e-01 -1.012870e+01 -1.847213e+02
<VARIANCE> 6
 3.128982e+01 1.293270e+04 1.353773e+04 2.961554e+02 4.050157e+04 5.219723e+07
<GCONST> 6.752183e+01
<MIXTURE> 5 1.029192e-01
<MEAN> 6
 6.873147e+01 6.468113e+02 4.305180e+03 -6.337474e-02 -2.243935e+00 -9.203450e+01
<VARIANCE> 6
 3.128982e+01 1.293270e+04 1.353773e+04 2.961554e+02 4.050157e+04 5.219723e+07
<GCONST> 6.752183e+01
<MIXTURE> 6 5.857849e-02
<MEAN> 6
 8.808136e+01 3.379646e+02 -1.317851e+03 -2.645637e+00 4.586525e+00 4.581376e+01
<VARIANCE> 6
 3.128982e+01 1.293270e+04 1.353773e+04 2.961554e+02 4.050157e+04 5.219723e+07
<GCONST> 6.752183e+01
<MIXTURE> 7 8.713604e-02
<MEAN> 6
 7.161664e+01 -3.558434e+01 3.324725e+03 3.413527e-01 -2.532959e+00 -8.318467e+01
<VARIANCE> 6
 3.128982e+01 1.293270e+04 1.353773e+04 2.961554e+02 4.050157e+04 5.219723e+07
<GCONST> 6.752183e+01
<MIXTURE> 8 1.024915e-01
<MEAN> 6
 6.873147e+01 6.468102e+02 4.305179e+03 -6.337261e-02 -2.244066e+00 -9.203809e+01
<VARIANCE> 6
 3.128982e+01 1.293270e+04 1.353773e+04 2.961554e+02 4.050157e+04 5.219723e+07
<GCONST> 6.752183e+01
<MIXTURE> 9 1.013553e-01
<MEAN> 6
 8.962400e+01 2.144756e+02 3.732691e+03 -5.116490e-02 -5.366847e+00 -1.540476e+02
<VARIANCE> 6
 3.128982e+01 1.293270e+04 1.353773e+04 2.961554e+02 4.050157e+04 5.219723e+07
<GCONST> 6.752183e+01
<MIXTURE> 10 4.946941e-02
<MEAN> 6
 8.074148e+01 -4.961718e+02 2.246725e+03 1.231165e-01 -1.235614e+00 4.804079e+01
<VARIANCE> 6
 3.128982e+01 1.293270e+04 1.873860e+04 2.961554e+02 4.050157e+04 5.219723e+07
<GCONST> 6.784693e+01
<MIXTURE> 11 8.691920e-02
<MEAN> 6
 7.161661e+01 -3.558521e+01 3.324720e+03 3.414071e-01 -2.532954e+00 -8.317410e+01
<VARIANCE> 6
 3.128982e+01 1.293270e+04 1.353773e+04 2.961554e+02 4.050157e+04 5.219723e+07
<GCONST> 6.752183e+01
<MIXTURE> 12 6.802566e-02
<MEAN> 6
 8.117038e+01 -3.579884e+02 2.593718e+03 -5.727687e-01 -8.865677e+00 -1.613490e+02
<VARIANCE> 6
 3.128982e+01 1.293270e+04 1.353773e+04 2.961554e+02 4.050157e+04 5.219723e+07
<GCONST> 6.752183e+01
<MIXTURE> 13 5.896448e-02
<MEAN> 6
 8.856477e+01 3.179409e+02 -1.315428e+03 -3.205318e+00 2.618104e+00 5.324128e+01
<VARIANCE> 6
 3.128982e+01 1.293270e+04 1.353773e+04 2.961554e+02 4.050157e+04 5.219723e+07
<GCONST> 6.752183e+01
<STATE> 7
<NUMMIXES> 13
<MIXTURE> 1 8.993599e-02
<MEAN> 6
 8.258424e+01 1.960297e+03 -2.110032e+02 -1.214312e+00 -1.289324e+01 -3.568103e+02
<VARIANCE> 6
 3.128982e+01 4.246204e+05 3.765027e+04 2.961554e+02 4.050157e+04 5.219723e+07
<GCONST> 7.203613e+01
<MIXTURE> 2 9.811074e-02
<MEAN> 6
 5.963839e+01 -3.348801e+02 -1.260927e+03 1.584269e+00 -3.020670e+00 -1.064169e+02
<VARIANCE> 6
 3.128982e+01 1.293270e+04 1.867250e+04 2.961554e+02 4.050157e+04 5.219723e+07
<GCONST> 6.784340e+01
<MIXTURE> 3 9.600755e-02
<MEAN> 6
 6.970373e+01 1.166768e+03 -4.146552e+02 -7.903579e-01 6.396697e-01 -1.190164e+02
<VARIANCE> 6
 3.128982e+01 1.293270e+04 1.353773e+04 2.961554e+02 4.050157e+04 5.219723e+07
<GCONST> 6.752183e+01
<MIXTURE> 4 8.004669e-02
<MEAN> 6
 7.097190e+01 1.142609e+03 -1.641806e+03 1.360888e+00 1.988839e+00 -1.611089e+02
<VARIANCE> 6
 3.128982e+01 2.499252e+04 3.954782e+04 2.961554e+02 4.050157e+04 5.219723e+07
<GCONST> 6.925267e+01
<MIXTURE> 5 3.660589e-02
<MEAN> 6
 7.094844e+01 -1.750535e+03 -1.128256e+03 3.289800e+00 -7.915319e+00 -1.846539e+02
<VARIANCE> 6
 4.242948e+01 4.749621e+05 1.400661e+05 2.961554e+02 4.050157e+04 5.219723e+07
<GCONST> 7.376649e+01
<MIXTURE> 6 6.765510e-02
<MEAN> 6
 7.094652e+01 -7.640496e+02 -1.479739e+03 -7.567719e-02 -1.056649e+00 4.131693e+01
<VARIANCE> 6
 3.128982e+01 1.293270e+04 1.849458e+04 2.961554e+02 4.050157e+04 5.219723e+07
<GCONST> 6.783382e+01
<MIXTURE> 7 6.976943e-02
<MEAN> 6
 6.653449e+01 1.347146e+03 -6.443962e+02 -8.840163e-01 2.471147e-01 -4.779133e+01
<VARIANCE> 6
 3.128982e+01 1.293270e+04 1.353773e+04 2.961554e+02 4.050157e+04 5.219723e+07
<GCONST> 6.752183e+01
<MIXTURE> 8 8.419669e-02
<MEAN> 6
 5.829300e+01 1.032708e+03 -1.068960e+03 -4.815640e-01 -1.202487e+01 -1.090985e+02
<VARIANCE> 6
 3.128982e+01 1.487918e+04 1.353773e+04 2.961554e+02 4.050157e+04 5.219723e+07
<GCONST> 6.766203e+01
<MIXTURE> 9 5.679717e-02
<MEAN> 6
 5.776289e+01 -3.832117e+02 -1.506368e+03 4.329736e+00 1.346487e+00 -1.249610e+02
<VARIANCE> 6
 3.128982e+01 1.293270e+04 1.860206e+04 2.961554e+02 4.050157e+04 5.219723e+07
<GCONST> 6.783961e+01
<MIXTURE> 10 6.200931e-02
<MEAN> 6
 7.352277e+01 1.937175e+03 -7.541109e+02 4.235661e-03 -2.386553e+00 -8.863120e+01
<VARIANCE> 6
 3.128982e+01 8.390248e+04 2.955889e+04 2.961554e+02 4.050157e+04 5.219723e+07
<GCONST> 7.017262e+01
<MIXTURE> 11 1.154108e-01
<MEAN> 6
 5.713610e+01 -8.778350e+03 -1.988715e+03 -5.909321e-01 -6.835903e+00 -9.334554e+01
<VARIANCE> 6
 3.128982e+01 2.075248e+07 3.240877e+04 2.961554e+02 4.050157e+04 5.219723e+07
<GCONST> 7.577544e+01
<MIXTURE> 12 7.299634e-02
<MEAN> 6
 6.973657e+01 -6.613759e+02 -1.705198e+03 -1.083674e+00 -1.529108e+01 -1.586777e+02
<VARIANCE> 6
 3.128982e+01 1.293270e+04 1.353773e+04 2.961554e+02 4.050157e+04 5.219723e+07
<GCONST> 6.752183e+01
<MIXTURE> 13 7.044703e-02
<MEAN> 6
 6.625218e+01 1.337878e+03 -6.607026e+02 -9.399390e-01 -8.621182e-01 -4.824210e+01
<VARIANCE> 6
 3.128982e+01 1.293270e+04 1.353773e+04 2.961554e+02 4.050157e+04 5.219723e+07
<GCONST> 6.752183e+01
<STATE> 8
<NUMMIXES> 13
<MIXTURE> 1 1.269546e-01
<MEAN> 6
 8.278635e+01 5.610152e+01 4.202875e+01 -2.661325e+00 1.208131e+00 7.949454e+01
<VARIANCE> 6
 3.128982e+01 2.358339e+04 1.353773e+04 2.961554e+02 4.050157e+04 5.219723e+07
<GCONST> 6.812261e+01
<MIXTURE> 2 8.459360e-04
<MEAN> 6
 6.730145e+01 1.128144e+02 2.184240e+02 -1.307953e+01 -3.246903e+02 -5.672503e+03
<VARIANCE> 6
 1.447866e+03 1.429928e+06 2.657936e+06 6.024251e+02 2.354124e+05 1.570734e+08
<GCONST> 8.491358e+01
<MIXTURE> 3 1.221042e-01
<MEAN> 6
 8.465579e+01 5.870639e+01 -2.109762e+02 3.068637e-01 -4.890354e+00 -9.415997e+00
<VARIANCE> 6
 3.128982e+01 1.293270e+04 1.353773e+04 2.961554e+02 4.050157e+04 5.219723e+07
<GCONST> 6.752183e+01
<MIXTURE> 4 4.120671e-02
<MEAN> 6
 8.480389e+01 6.161283e+01 -2.019662e+02 2.373426e-01 -5.069639e+00 -1.388766e+01
<VARIANCE> 6
 3.128982e+01 1.293270e+04 1.353773e+04 2.961554e+02 4.050157e+04 5.219723e+07
<GCONST> 6.752183e+01
<MIXTURE> 5 7.521357e-02
<MEAN> 6
 8.390434e+01 -2.327737e+00 3.795567e+01 -2.684801e+00 4.051793e+00 5.120460e+01
<VARIANCE> 6
 3.128982e+01 1.293270e+04 1.353773e+04 2.961554e+02 4.050157e+04 5.219723e+07
<GCONST> 6.752183e+01
<MIXTURE> 6 6.914711e-02
<MEAN> 6
 8.475725e+01 6.074953e+01 -2.048989e+02 2.606533e-01 -5.015172e+00 -1.240897e+01
<VARIANCE> 6
 3.128982e+01 1.293270e+04 1.353773e+04 2.961554e+02 4.050157e+04 5.219723e+07
<GCONST> 6.752183e+01
<MIXTURE> 7 9.247804e-02
<MEAN> 6
 8.018089e+01 -2.015013e+02 -3.424012e+02 -1.075920e+00 1.685796e-01 5.969211e+01
<VARIANCE> 6
 3.128982e+01 1.293270e+04 1.353773e+04 2.961554e+02 4.050157e+04 5.219723e+07
<GCONST> 6.752183e+01
<MIXTURE> 8 7.561755e-02
<MEAN> 6
 8.501294e+01 -1.470976e+02 2.193264e+01 -2.215062e+00 1.142893e+00 -6.643120e+00
<VARIANCE> 6
 3.128982e+01 1.293270e+04 1.353773e+04 2.961554e+02 4.050157e+04 5.219723e+07
<GCONST> 6.752183e+01
<MIXTURE> 9 9.785546e-02
<MEAN> 6
 7.830953e+01 -5.789148e+01 6.739332e+01 -3.526936e+00 1.133814e+01 8.686605e+01
<VARIANCE> 6
 3.969812e+01 1.293270e+04 1.353773e+04 2.961554e+02 4.050157e+04 5.219723e+07
<GCONST> 6.775983e+01
<MIXTURE> 10 8.004116e-02
<MEAN> 6
 7.958878e+01 -2.808217e+02 -3.317337e+02 -2.053926e+00 -4.489939e-01 7.495892e+01
<VARIANCE> 6
 3.128982e+01 1.703514e+04 1.353773e+04 2.961554e+02 4.050157e+04 5.219723e+07
<GCONST> 6.779735e+01
<MIXTURE> 11 6.811611e-02
<MEAN> 6
 8.446780e+01 5.440218e+01 -2.214610e+02 3.791142e-01 -4.657594e+00 -4.555983e+00
<VARIANCE> 6
 3.128982e+01 1.293270e+04 1.353773e+04 2.961554e+02 4.050157e+04 5.219723e+07
<GCONST> 6.752183e+01
<MIXTURE> 12 7.654664e-02
<MEAN> 6
 8.512674e+01 -1.624741e+02 2.282190e+01 -2.161371e+00 9.957474e-01 -1.720814e+01
<VARIANCE> 6
 3.128982e+01 1.293270e+04 1.353773e+04 2.961554e+02 4.050157e+04 5.219723e+07
<GCONST> 6.752183e+01
<MIXTURE> 13 7.385544e-02
<MEAN> 6
 8.358392e+01 -4.610725e+01 2.784322e+01 -2.821472e+00 8.862143e-01 6.788509e+01
<VARIANCE> 6
 3.128982e+01 1.392348e+04 1.353773e+04 2.961554e+02 4.050157e+04 5.219723e+07
<GCONST> 6.759564e+01
<STATE> 9
<NUMMIXES> 13
<MIXTURE> 1 6.353179e-02
<MEAN> 6
 7.451186e+01 -5.725566e+01 4.316115e+02 -1.986518e+00 -6.833731e+00 1.147108e+02
<VARIANCE> 6
 3.128982e+01 1.293270e+04 1.353773e+04 2.961554e+02 4.050157e+04 5.219723e+07
<GCONST> 6.752183e+01
<MIXTURE> 2 1.083053e-01
<MEAN> 6
 7.056197e+01 4.707027e+02 -2.329060e+02 -1.321869e+00 -7.751576e+00 -5.896779e+01
<VARIANCE> 6
 3.128982e+01 1.293270e+04 1.353773e+04 2.961554e+02 4.050157e+04 5.219723e+07
<GCONST> 6.752183e+01
<MIXTURE> 3 1.005606e-01
<MEAN> 6
 6.312238e+01 5.215028e+01 -2.864857e+02 -1.179600e+00 -5.142232e-01 -1.265886e+01
<VARIANCE> 6
 3.128982e+01 1.293270e+04 1.353773e+04 2.961554e+02 4.050157e+04 5.219723e+07
<GCONST> 6.752183e+01
<MIXTURE> 4 5.500389e-02
<MEAN> 6
 6.990482e+01 3.137748e+02 1.724316e+02 -2.733201e+00 2.608036e+00 -2.221949e+01
<VARIANCE> 6
 3.128982e+01 1.293270e+04 1.353773e+04 2.961554e+02 4.050157e+04 5.219723e+07
<GCONST> 6.752183e+01
<MIXTURE> 5 6.849904e-02
<MEAN> 6
 6.441605e+01 6.652804e+01 -3.989676e+02 -5.664663e-01 -4.451712e+00 -6.802848e+01
<VARIANCE> 6
 3.128982e+01 1.293270e+04 1.353773e+04 2.961554e+02 4.050157e+04 5.219723e+07
<GCONST> 6.752183e+01
<MIXTURE> 6 4.536663e-02
<MEAN> 6
 6.009268e+01 4.416388e+02 4.356019e+02 4.015853e+00 -1.171023e+01 1.770720e+01
<VARIANCE> 6
 5.675726e+01 1.293270e+04 3.801968e+04 2.961554e+02 4.050157e+04 5.219723e+07
<GCONST> 6.914994e+01
<MIXTURE> 7 9.076350e-02
<MEAN> 6
 6.684096e+01 1.689995e+02 1.222939e+02 -2.101252e+00 -1.371365e+00 -7.305453e+01
<VARIANCE> 6
 3.128982e+01 1.293270e+04 1.353773e+04 2.961554e+02 4.050157e+04 5.219723e+07
<GCONST> 6.752183e+01
<MIXTURE> 8 9.192120e-02
<MEAN> 6
 6.994782e+01 7.739865e+02 -2.464350e+02 -2.289794e-01 -8.392817e+00 -1.625298e+02
<VARIANCE> 6
 3.128982e+01 5.177534e+04 1.353773e+04 2.961554e+02 4.050157e+04 5.219723e+07
<GCONST> 6.890898e+01
<MIXTURE> 9 9.908267e-02
<MEAN> 6
 6.318756e+01 5.428601e+01 -2.925307e+02 -1.160441e+00 -7.162535e-01 -1.503752e+01
<VARIANCE> 6
 3.128982e+01 1.293270e+04 1.353773e+04 2.961554e+02 4.050157e+04 5.219723e+07
<GCONST> 6.752183e+01
<MIXTURE> 10 9.147456e-02
<MEAN> 6
 6.678376e+01 1.663784e+02 1.219428e+02 -2.097536e+00 -1.490876e+00 -7.361198e+01
<VARIANCE> 6
 3.128982e+01 1.293270e+04 1.353773e+04 2.961554e+02 4.050157e+04 5.219723e+07
<GCONST> 6.752183e+01
<MIXTURE> 11 6.783655e-02
<MEAN> 6
 6.461302e+01 5.558282e+01 -4.198082e+02 -3.300067e-01 -5.537891e+00 -8.335400e+01
<VARIANCE> 6
 3.128982e+01 1.293270e+04 1.353773e+04 2.961554e+02 4.050157e+04 5.219723e+07
<GCONST> 6.752183e+01
<MIXTURE> 12 6.309145e-02
<MEAN> 6
 7.561345e+01 -9.140002e+01 4.363967e+02 -1.716402e+00 -1.156153e+01 1.492507e+02
<VARIANCE> 6
 3.128982e+01 1.293270e+04 1.353773e+04 2.961554e+02 4.050157e+04 5.219723e+07
<GCONST> 6.752183e+01
<MIXTURE> 13 5.450108e-02
<MEAN> 6
 6.847102e+01 2.455064e+02 1.321335e+02 -2.174458e+00 8.013973e-01 -5.112830e+01
<VARIANCE> 6
 3.128982e+01 1.293270e+04 1.353773e+04 2.961554e+02 4.050157e+04 5.219723e+07
<GCONST> 6.752183e+01
<STATE> 10
<NUMMIXES> 13
<MIXTURE> 1 2.113795e-02
<MEAN> 6
 7.382417e+01 -4.496528e+02 -1.961819e+02 -2.948139e+01 -8.183220e+02 -1.695611e+04
<VARIANCE> 6
 2.185508e+02 3.702393e+05 3.556656e+05 2.961554e+02 1.366355e+05 8.500849e+07
<GCONST> 7.779214e+01
<MIXTURE> 2 1.085994e-01
<MEAN> 6
 9.975122e+01 -5.005202e+02 -5.426697e+02 -1.472323e+00 -2.020466e+00 -5.382429e+01
<VARIANCE> 6
 3.203789e+01 1.293270e+04 1.353773e+04 2.961554e+02 4.050157e+04 5.219723e+07
<GCONST> 6.754546e+01
<MIXTURE> 3 8.195183e-02
<MEAN> 6
 6.110978e+01 1.583262e+01 -6.824341e+02 -2.922292e+00 -4.867863e+00 -8.245859e+01
<VARIANCE> 6
 3.128982e+01 1.293270e+04 1.353773e+04 2.961554e+02 4.050157e+04 5.219723e+07
<GCONST> 6.752183e+01
<MIXTURE> 4 5.268077e-02
<MEAN> 6
 9.784472e+01 -4.986801e+02 -5.418267e+02 -9.994189e-01 -2.397359e+00 -7.905687e+01
<VARIANCE> 6
 3.131468e+01 1.293270e+04 1.353773e+04 2.961554e+02 4.050157e+04 5.219723e+07
<GCONST> 6.752262e+01
<MIXTURE> 5 9.577417e-02
<MEAN> 6
 7.654898e+01 9.181532e+01 -7.346077e+02 -2.248847e+00 -2.620788e+01 1.521663e+02
<VARIANCE> 6
 3.128982e+01 1.293270e+04 1.353773e+04 2.961554e+02 4.050157e+04 5.219723e+07
<GCONST> 6.752183e+01
<MIXTURE> 6 9.921379e-02
<MEAN> 6
 7.017331e+01 -3.443349e+02 -5.906000e+02 -7.536702e-01 -1.448863e+01 -9.201691e+01
<VARIANCE> 6
 3.128982e+01 1.293270e+04 1.353773e+04 2.961554e+02 4.050157e+04 5.219723e+07
<GCONST> 6.752183e+01
<MIXTURE> 7 1.094708e-01
<MEAN> 6
 6.376910e+01 4.771320e+02 -8.465536e+02 -5.218580e-01 -1.875472e+00 1.497964e+01
<VARIANCE> 6
 3.128982e+01 1.293270e+04 1.353773e+04 2.961554e+02 4.050157e+04 5.219723e+07
<GCONST> 6.752183e+01
<MIXTURE> 8 5.290846e-02
<MEAN> 6
 9.752734e+01 -4.959525e+02 -5.395555e+02 -9.199243e-01 -2.662953e+00 -8.824203e+01
<VARIANCE> 6
 3.128982e+01 1.293270e+04 1.353773e+04 2.961554e+02 4.050157e+04 5.219723e+07
<GCONST> 6.752183e+01
<MIXTURE> 9 1.100433e-01
<MEAN> 6
 9.692915e+01 -4.990374e+02 -5.430501e+02 -8.095658e-01 -2.593755e+00 -8.734651e+01
<VARIANCE> 6
 3.128982e+01 1.293270e+04 1.353773e+04 2.961554e+02 4.050157e+04 5.219723e+07
<GCONST> 6.752183e+01
<MIXTURE> 10 7.699443e-02
<MEAN> 6
 7.004186e+01 -4.352153e+02 -5.836420e+02 -1.775940e+00 -1.642328e+01 4.427845e+01
<VARIANCE> 6
 3.128982e+01 1.998642e+04 1.353773e+04 2.961554e+02 4.050157e+04 5.219723e+07
<GCONST> 6.795712e+01
<MIXTURE> 11 8.522288e-02
<MEAN> 6
 6.040108e+01 -4.019128e+00 -6.878350e+02 -2.662090e+00 -3.221696e+00 -5.758325e+01
<VARIANCE> 6
 3.128982e+01 1.293270e+04 1.353773e+04 2.961554e+02 4.050157e+04 5.219723e+07
<GCONST> 6.752183e+01
<MIXTURE> 12 5.306133e-02
<MEAN> 6
 9.615916e+01 -5.001793e+02 -5.450455e+02 -6.643586e-01 -2.724960e+00 -9.180490e+01
<VARIANCE> 6
 3.128982e+01 1.293270e+04 1.353773e+04 2.961554e+02 4.050157e+04 5.219723e+07
<GCONST> 6.752183e+01
<MIXTURE> 13 5.291217e-02
<MEAN> 6
 9.547897e+01 -5.046078e+02 -5.500450e+02 -5.493974e-01 -2.634840e+00 -8.908237e+01
<VARIANCE> 6
 3.128982e+01 1.293270e+04 1.353773e+04 2.961554e+02 4.050157e+04 5.219723e+07
<GCONST> 6.752183e+01
<STATE> 11
<NUMMIXES> 13
<MIXTURE> 1 9.681544e-02
<MEAN> 6
 8.128408e+01 -6.677738e+02 1.360102e+03 -4.633687e-01 -1.585755e+01 -3.384318e+02
<VARIANCE> 6
 3.128982e+01 1.293270e+04 1.353773e+04 2.961554e+02 4.050157e+04 5.219723e+07
<GCONST> 6.752183e+01
<MIXTURE> 2 4.381854e-02
<MEAN> 6
 8.157314e+01 3.243724e+02 1.948880e+03 -7.701944e+01 -1.808431e+03 -3.137139e+04
<VARIANCE> 6
 1.961642e+02 2.881218e+05 3.033139e+06 3.256785e+03 1.067088e+06 1.066600e+09
<GCONST> 8.655915e+01
<MIXTURE> 3 6.809762e-02
<MEAN> 6
 7.421461e+01 -4.433084e+02 1.125020e+03 2.131830e-01 -2.130219e+00 -5.265998e+01
<VARIANCE> 6
 3.128982e+01 1.293270e+04 1.353773e+04 2.961554e+02 4.050157e+04 5.219723e+07
<GCONST> 6.752183e+01
<MIXTURE> 4 5.661924e-02
<MEAN> 6
 7.400346e+01 -4.228175e+02 9.024666e+02 -5.714719e-01 -6.681081e+00 -6.192524e+01
<VARIANCE> 6
 3.128982e+01 1.293270e+04 1.353773e+04 2.961554e+02 4.050157e+04 5.219723e+07
<GCONST> 6.752183e+01
<MIXTURE> 5 9.339257e-02
<MEAN> 6
 8.185183e+01 -7.337195e+02 1.575623e+03 -1.334589e-01 2.299424e-01 1.720189e+00
<VARIANCE> 6
 3.128982e+01 1.293270e+04 1.353773e+04 2.961554e+02 4.050157e+04 5.219723e+07
<GCONST> 6.752183e+01
<MIXTURE> 6 5.724367e-02
<MEAN> 6
 7.400089e+01 -4.252067e+02 8.893743e+02 -7.896357e-01 -9.297315e+00 -8.227290e+01
<VARIANCE> 6
 3.128982e+01 1.293270e+04 1.353773e+04 2.961554e+02 4.050157e+04 5.219723e+07
<GCONST> 6.752183e+01
<MIXTURE> 7 6.656314e-02
<MEAN> 6
 7.399972e+01 -4.233245e+02 9.240257e+02 -4.388543e-01 -5.119901e+00 -4.774691e+01
<VARIANCE> 6
 3.128982e+01 1.293270e+04 1.353773e+04 2.961554e+02 4.050157e+04 5.219723e+07
<GCONST> 6.752183e+01
<MIXTURE> 8 1.224175e-01
<MEAN> 6
 7.399995e+01 -4.256226e+02 8.852130e+02 -8.600444e-01 -1.013745e+01 -8.891133e+01
<VARIANCE> 6
 3.128982e+01 1.293270e+04 1.353773e+04 2.961554e+02 4.050157e+04 5.219723e+07
<GCONST> 6.752183e+01
<MIXTURE> 9 1.208059e-01
<MEAN> 6
 7.399994e+01 -4.256267e+02 8.851731e+02 -8.607620e-01 -1.014598e+01 -8.897829e+01
<VARIANCE> 6
 3.128982e+01 1.293270e+04 1.353773e+04 2.961554e+02 4.050157e+04 5.219723e+07
<GCONST> 6.752183e+01
<MIXTURE> 10 9.321245e-02
<MEAN> 6
 8.185030e+01 -7.337014e+02 1.574515e+03 -1.339850e-01 2.164225e-01 1.455652e+00
<VARIANCE> 6
 3.128982e+01 1.293270e+04 1.353773e+04 2.961554e+02 4.050157e+04 5.219723e+07
<GCONST> 6.752183e+01
<MIXTURE> 11 6.778760e-02
<MEAN> 6
 7.421329e+01 -4.432292e+02 1.124818e+03 2.128080e-01 -2.120976e+00 -5.243728e+01
<VARIANCE> 6
 3.128982e+01 1.293270e+04 1.353773e+04 2.961554e+02 4.050157e+04 5.219723e+07
<GCONST> 6.752183e+01
<MIXTURE> 12 5.661393e-02
<MEAN> 6
 7.399799e+01 -4.261313e+02 8.805331e+02 -9.515797e-01 -1.122076e+01 -9.725443e+01
<VARIANCE> 6
 3.128982e+01 1.293270e+04 1.353773e+04 2.961554e+02 4.050157e+04 5.219723e+07
<GCONST> 6.752183e+01
<MIXTURE> 13 5.660377e-02
<MEAN> 6
 7.393665e+01 -4.299001e+02 8.640049e+02 -1.886874e+00 -2.134123e+01 -1.556331e+02
<VARIANCE> 6
 3.128982e+01 1.293270e+04 1.353773e+04 2.961554e+02 4.050157e+04 5.219723e+07
<GCONST> 6.752183e+01
<STATE> 12
<NUMMIXES> 13
<MIXTURE> 1 1.938689e-02
<MEAN> 6
 7.067825e+01 1.578540e+03 1.541837e+03 6.541061e+00 1.073813e+02 -5.910678e+02
<VARIANCE> 6
 3.128982e+01 1.293270e+04 1.353773e+04 2.961554e+02 4.050157e+04 5.219723e+07
<GCONST> 6.752183e+01
<MIXTURE> 2 4.640206e-02
<MEAN> 6
 7.054969e+01 2.381858e+03 1.408756e+03 -1.202158e+00 -6.368399e+00 9.914606e+01
<VARIANCE> 6
 3.128982e+01 1.293270e+04 1.353773e+04 2.961554e+02 4.050157e+04 5.219723e+07
<GCONST> 6.752183e+01
<MIXTURE> 3 9.841350e-02
<MEAN> 6
 6.551879e+01 1.545923e+03 -2.641756e+02 6.464444e-01 -1.432773e+01 -3.118644e+02
<VARIANCE> 6
 3.128982e+01 1.459362e+04 1.353773e+04 2.961554e+02 4.050157e+04 5.219723e+07
<GCONST> 6.764265e+01
<MIXTURE> 4 1.169385e-01
<MEAN> 6
 6.786115e+01 7.377941e+02 1.236848e+02 -9.571973e+01 -9.927893e+02 -4.594019e+03
<VARIANCE> 6
 6.315910e+01 1.333030e+06 4.587278e+05 2.119449e+03 3.127174e+05 1.486219e+08
<GCONST> 8.144099e+01
<MIXTURE> 5 1.934896e-02
<MEAN> 6
 4.761434e+01 1.311071e+03 5.215515e+02 2.535458e+01 -2.005470e+01 8.042225e+02
<VARIANCE> 6
 3.128982e+01 1.293270e+04 1.559541e+05 2.961554e+02 4.050157e+04 5.219723e+07
<GCONST> 6.996590e+01
<MIXTURE> 6 1.350645e-01
<MEAN> 6
 5.797812e+01 1.437755e+03 1.132970e+03 1.979571e+00 -1.408834e+01 2.801063e+01
<VARIANCE> 6
 3.128982e+01 1.293270e+04 1.353773e+04 2.961554e+02 4.050157e+04 5.219723e+07
<GCONST> 6.752183e+01
<MIXTURE> 7 6.574724e-02
<MEAN> 6
 7.362258e+01 1.385455e+03 1.262629e+03 1.398975e+00 -5.797747e+00 -2.601328e+02
<VARIANCE> 6
 3.128982e+01 1.293270e+04 1.353773e+04 2.961554e+02 4.050157e+04 5.219723e+07
<GCONST> 6.752183e+01
<MIXTURE> 8 7.640851e-02
<MEAN> 6
 6.878164e+01 2.189358e+03 1.203460e+03 -9.274729e-01 -5.665859e+00 -3.504018e+02
<VARIANCE> 6
 3.128982e+01 1.293270e+04 1.353773e+04 2.961554e+02 4.050157e+04 5.219723e+07
<GCONST> 6.752183e+01
<MIXTURE> 9 1.224288e-01
<MEAN> 6
 7.373588e+01 1.288622e+03 1.162902e+03 -3.954814e-01 -1.196747e+01 -4.092839e+01
<VARIANCE> 6
 3.128982e+01 1.293270e+04 1.353773e+04 2.961554e+02 4.050157e+04 5.219723e+07
<GCONST> 6.752183e+01
<MIXTURE> 10 3.981895e-02
<MEAN> 6
 5.460938e+01 1.176356e+03 1.209131e+03 -3.351017e+00 3.812555e+00 1.739879e+02
<VARIANCE> 6
 3.128982e+01 1.293270e+04 1.353773e+04 2.961554e+02 4.050157e+04 5.219723e+07
<GCONST> 6.752183e+01
<MIXTURE> 11 7.644625e-02
<MEAN> 6
 6.877603e+01 2.188917e+03 1.203043e+03 -9.283314e-01 -5.697818e+00 -3.524158e+02
<VARIANCE> 6
 3.128982e+01 1.293270e+04 1.353773e+04 2.961554e+02 4.050157e+04 5.219723e+07
<GCONST> 6.752183e+01
<MIXTURE> 12 6.526448e-02
<MEAN> 6
 7.350471e+01 1.346041e+03 1.228152e+03 1.708049e-01 -4.046991e+00 -2.013631e+02
<VARIANCE> 6
 3.128982e+01 1.293270e+04 1.353773e+04 2.961554e+02 4.050157e+04 5.219723e+07
<GCONST> 6.752183e+01
<MIXTURE> 13 1.183237e-01
<MEAN> 6
 6.475388e+01 1.318669e+02 -1.578814e+01 -1.265528e+02 -1.541444e+03 -8.618586e+03
<VARIANCE> 6
 1.099065e+02 1.226055e+06 2.725546e+05 2.248444e+03 5.315168e+05 1.265133e+08
<GCONST> 8.181914e+01
<STATE> 13
<NUMMIXES> 13
<MIXTURE> 1 2.239975e-02
<MEAN> 6
 6.840765e+01 7.308637e+02 -1.617487e+03 -9.011472e+01 -6.517942e+02 -2.008622e+03
<VARIANCE> 6
 1.246823e+02 6.287365e+04 2.048843e+05 1.808114e+03 4.050157e+04 5.219723e+07
<GCONST> 7.501179e+01
<MIXTURE> 2 4.962533e-02
<MEAN> 6
 4.700390e+01 -9.712740e+01 -7.287483e+02 -2.072783e+02 -1.255953e+03 2.164818e+02
<VARIANCE> 6
 5.583987e+01 1.992044e+06 8.140038e+05 3.180246e+03 2.858723e+05 8.766225e+07
<GCONST> 8.208116e+01
<MIXTURE> 3 5.633151e-02
<MEAN> 6
 5.559814e+01 1.790548e+02 1.193405e+03 -2.913308e+02 -1.903965e+03 1.303511e+04
<VARIANCE> 6
 2.013842e+02 4.631356e+05 4.580466e+06 5.601016e+03 9.234488e+05 4.173530e+08
<GCONST> 8.693158e+01
<MIXTURE> 4 9.452979e-02
<MEAN> 6
 -4.993455e+01 3.851734e+02 -1.393594e+02 -2.166523e+02 2.438263e+03 -2.767963e+03
<VARIANCE> 6
 2.181599e+02 1.855666e+06 8.334524e+05 8.620031e+03 1.772862e+06 8.697716e+08
<GCONST> 8.851327e+01
<MIXTURE> 5 7.617929e-02
<MEAN> 6
 -2.230102e+01 2.768059e+02 -2.757438e+03 -4.292738e+02 1.034566e+03 4.270646e+04
<VARIANCE> 6
 3.927937e+02 1.612883e+06 1.892879e+07 3.799177e+03 1.884548e+06 8.700482e+08
<GCONST> 9.132607e+01
<MIXTURE> 6 8.214642e-02
<MEAN> 6
 1.041103e+01 7.293533e+01 -9.445037e+01 -2.534017e+02 -2.076517e+02 2.275504e+03
<VARIANCE> 6
 5.697139e+02 3.954312e+06 2.453523e+06 3.776827e+03 4.892942e+05 1.694627e+08
<GCONST> 8.756126e+01
<MIXTURE> 7 1.089818e-01
<MEAN> 6
 -5.617237e+01 7.385502e+01 -4.124650e+02 1.649704e+02 1.103987e+03 -1.349563e+02
<VARIANCE> 6
 9.757509e+01 2.787870e+05 1.008172e+06 2.924138e+03 3.043004e+05 5.680734e+07
<GCONST> 8.043144e+01
<MIXTURE> 8 1.033456e-01
<MEAN> 6
 -7.433636e+01 -3.185475e+02 -9.751174e+02 -4.573822e+00 4.076382e+01 1.082418e+03
<VARIANCE> 6
 3.128982e+01 5.800447e+05 1.770466e+06 4.791618e+02 8.647938e+04 5.610855e+07
<GCONST> 7.751067e+01
<MIXTURE> 9 9.311203e-02
<MEAN> 6
 -5.095754e+01 -3.377474e+02 -1.225255e+02 -2.863043e+01 1.062396e+03 -1.225912e+03
<VARIANCE> 6
 1.444478e+02 5.661649e+05 1.162956e+07 3.380780e+04 7.492041e+05 1.623264e+08
<GCONST> 8.837622e+01
<MIXTURE> 10 7.221497e-02
<MEAN> 6
 -6.937331e+01 2.565276e+02 -3.049538e+02 2.741609e+01 8.513678e+02 1.604701e+03
<VARIANCE> 6
 5.134265e+01 9.961178e+05 1.282968e+06 4.328131e+03 9.571642e+04 8.124901e+07
<GCONST> 8.089716e+01
<MIXTURE> 11 1.060640e-01
<MEAN> 6
 1.310609e+01 -1.465104e+02 -2.887509e+02 -4.079496e+02 -8.504329e+02 1.205077e+04
<VARIANCE> 6
 3.756326e+02 9.686585e+05 8.591675e+05 4.387944e+03 4.508825e+05 2.719109e+08
<GCONST> 8.522982e+01
<MIXTURE> 12 6.391186e-02
<MEAN> 6
 -6.978114e+01 -1.181816e+02 -1.198991e+03 -6.093533e+01 1.637078e+03 -2.080753e+04
<VARIANCE> 6
 1.026718e+02 5.235068e+05 7.128652e+06 6.539609e+03 9.332929e+05 6.496328e+08
<GCONST> 8.743076e+01
<MIXTURE> 13 7.114369e-02
<MEAN> 6
 -7.149207e+01 1.888272e+02 -8.257493e+02 9.278774e+00 6.822266e+02 -1.505891e+03
<VARIANCE> 6
 6.196708e+01 9.838008e+05 1.452352e+06 3.465816e+03 6.325552e+04 7.236356e+07
<GCONST> 8.044460e+01
<STATE> 14
<NUMMIXES> 13
<MIXTURE> 1 6.933879e-02
<MEAN> 6
 8.832806e+01 2.447383e+02 7.101174e+02 -2.791356e+00 -1.708070e+01 4.261444e+01
<VARIANCE> 6
 2.129409e+02 1.038572e+06 3.156589e+06 2.961554e+02 4.050157e+04 5.219723e+07
<GCONST> 7.927716e+01
<MIXTURE> 2 1.494424e-02
<MEAN> 6
 -7.700507e+00 1.653933e+02 1.102883e+02 -2.179588e+01 8.259029e+01 6.928498e+03
<VARIANCE> 6
 1.171827e+04 1.852454e+05 3.998748e+05 2.089338e+06 1.144327e+09 1.682690e+12
<GCONST> 1.089864e+02
<MIXTURE> 3 4.847820e-02
<MEAN> 6
 2.542588e+01 1.220504e+02 -3.020292e+02 -1.890182e+01 -2.992244e+02 -1.538140e+03
<VARIANCE> 6
 5.262856e+03 2.988962e+06 2.056450e+06 6.081550e+04 4.750112e+06 3.450571e+09
<GCONST> 9.739371e+01
<MIXTURE> 4 7.989074e-02
<MEAN> 6
 -2.735774e+01 -2.484548e+02 1.476828e+02 2.064521e+02 6.433588e+02 -3.592125e+03
<VARIANCE> 6
 3.566136e+02 9.022001e+05 8.452319e+05 8.639553e+03 1.671428e+05 5.219723e+07
<GCONST> 8.312512e+01
<MIXTURE> 5 7.025900e-02
<MEAN> 6
 4.994971e+01 3.520222e+02 3.718980e+02 1.185177e+02 -3.616266e+02 -9.256298e+02
<VARIANCE> 6
 7.582868e+02 1.804538e+06 2.238641e+06 2.267218e+04 1.094469e+05 5.219723e+07
<GCONST> 8.608815e+01
<MIXTURE> 6 9.907758e-02
<MEAN> 6
 -6.307681e+01 1.662910e+02 -1.774246e+01 1.077219e+01 2.142177e+02 1.880256e+02
<VARIANCE> 6
 1.575679e+02 6.990514e+05 1.124339e+06 7.699820e+02 8.308180e+04 5.219723e+07
<GCONST> 7.922179e+01
<MIXTURE> 7 6.833430e-02
<MEAN> 6
 2.303155e+00 -5.050461e-01 -9.438228e+02 -1.879800e+02 8.203918e+00 6.579030e+03
<VARIANCE> 6
 2.777372e+03 2.788869e+05 7.989416e+06 2.815835e+04 7.052388e+05 2.682537e+08
<GCONST> 9.050804e+01
<MIXTURE> 8 1.194594e-01
<MEAN> 6
 8.613466e+01 1.486302e+02 -6.606874e+01 -4.909861e+00 -1.909217e+01 -3.115708e+02
<VARIANCE> 6
 1.346243e+02 2.972679e+05 1.465525e+05 2.961554e+02 4.050157e+04 5.219723e+07
<GCONST> 7.449780e+01
<MIXTURE> 9 9.937356e-02
<MEAN> 6
 8.690701e+01 1.314420e+02 5.455339e+01 -1.477942e+01 -7.220359e+02 -6.782423e+02
<VARIANCE> 6
 1.843227e+02 5.313179e+05 2.976208e+05 1.691102e+04 6.445768e+05 2.811364e+08
<GCONST> 8.459707e+01
<MIXTURE> 10 8.814520e-02
<MEAN> 6
 -5.338686e+01 -1.270225e+02 8.486987e+01 -3.744010e+01 1.252336e+03 2.278352e+02
<VARIANCE> 6
 2.080955e+02 5.850110e+05 4.856789e+05 2.654363e+04 5.091839e+05 3.225581e+08
<GCONST> 8.565686e+01
<MIXTURE> 11 9.616911e-02
<MEAN> 6
 2.512693e+01 -2.158837e+02 1.253064e+02 -3.017220e+01 -2.289675e+02 -7.554750e+02
<VARIANCE> 6
 7.562615e+02 5.337043e+05 1.732030e+05 6.702178e+04 2.593058e+05 1.220786e+08
<GCONST> 8.510419e+01
<MIXTURE> 12 7.626137e-02
<MEAN> 6
 6.430476e+01 -1.923034e+02 -1.759368e+02 1.934228e+01 -6.821403e+02 -3.280295e+02
<VARIANCE> 6
 4.766971e+02 8.953908e+05 1.341841e+06 3.688630e+04 1.936298e+05 5.219723e+07
<GCONST> 8.546855e+01
<MIXTURE> 13 6.961263e-02
<MEAN> 6
 8.479751e+01 -1.427417e+01 1.702507e+02 -2.708210e+00 -3.122199e+01 -5.041895e+01
<VARIANCE> 6
 2.813530e+02 1.008936e+06 2.717410e+06 2.961554e+02 4.050157e+04 5.219723e+07
<GCONST> 7.937699e+01
<TRANSP> 15
 0.000000e+00 1.000000e+00 0.000000e+00 0.000000e+00 0.000000e+00 0.000000e+00 0.000000e+00 0.000000e+00 0.000000e+00 0.000000e+00 0.000000e+00 0.000000e+00 0.000000e+00 0.000000e+00 0.000000e+00
 0.000000e+00 9.999064e-01 9.355194e-05 0.000000e+00 0.000000e+00 0.000000e+00 0.000000e+00 0.000000e+00 0.000000e+00 0.000000e+00 0.000000e+00 0.000000e+00 0.000000e+00 0.000000e+00 0.000000e+00
 0.000000e+00 0.000000e+00 9.978730e-01 2.126984e-03 0.000000e+00 0.000000e+00 0.000000e+00 0.000000e+00 0.000000e+00 0.000000e+00 0.000000e+00 0.000000e+00 0.000000e+00 0.000000e+00 0.000000e+00
 0.000000e+00 0.000000e+00 0.000000e+00 9.984281e-01 1.571883e-03 0.000000e+00 0.000000e+00 0.000000e+00 0.000000e+00 0.000000e+00 0.000000e+00 0.000000e+00 0.000000e+00 0.000000e+00 0.000000e+00
 0.000000e+00 0.000000e+00 0.000000e+00 0.000000e+00 9.901094e-01 9.890598e-03 0.000000e+00 0.000000e+00 0.000000e+00 0.000000e+00 0.000000e+00 0.000000e+00 0.000000e+00 0.000000e+00 0.000000e+00
 0.000000e+00 0.000000e+00 0.000000e+00 0.000000e+00 0.000000e+00 9.968266e-01 3.173391e-03 0.000000e+00 0.000000e+00 0.000000e+00 0.000000e+00 0.000000e+00 0.000000e+00 0.000000e+00 0.000000e+00
 0.000000e+00 0.000000e+00 0.000000e+00 0.000000e+00 0.000000e+00 0.000000e+00 9.980680e-01 1.932059e-03 0.000000e+00 0.000000e+00 0.000000e+00 0.000000e+00 0.000000e+00 0.000000e+00 0.000000e+00
 0.000000e+00 0.000000e+00 0.000000e+00 0.000000e+00 0.000000e+00 0.000000e+00 0.000000e+00 9.981372e-01 1.862814e-03 0.000000e+00 0.000000e+00 0.000000e+00 0.000000e+00 0.000000e+00 0.000000e+00
 0.000000e+00 0.000000e+00 0.000000e+00 0.000000e+00 0.000000e+00 0.000000e+00 0.000000e+00 0.000000e+00 9.985677e-01 1.432303e-03 0.000000e+00 0.000000e+00 0.000000e+00 0.000000e+00 0.000000e+00
 0.000000e+00 0.000000e+00 0.000000e+00 0.000000e+00 0.000000e+00 0.000000e+00 0.000000e+00 0.000000e+00 0.000000e+00 9.967902e-01 3.209808e-03 0.000000e+00 0.000000e+00 0.000000e+00 0.000000e+00
 0.000000e+00 0.000000e+00 0.000000e+00 0.000000e+00 0.000000e+00 0.000000e+00 0.000000e+00 0.000000e+00 0.000000e+00 0.000000e+00 9.951659e-01 4.834075e-03 0.000000e+00 0.000000e+00 0.000000e+00
 0.000000e+00 0.000000e+00 0.000000e+00 0.000000e+00 0.000000e+00 0.000000e+00 0.000000e+00 0.000000e+00 0.000000e+00 0.000000e+00 0.000000e+00 9.937297e-01 6.270362e-03 0.000000e+00 0.000000e+00
 0.000000e+00 0.000000e+00 0.000000e+00 0.000000e+00 0.000000e+00 0.000000e+00 0.000000e+00 0.000000e+00 0.000000e+00 0.000000e+00 0.000000e+00 0.000000e+00 9.972553e-01 2.744681e-03 0.000000e+00
 0.000000e+00 0.000000e+00 0.000000e+00 0.000000e+00 0.000000e+00 0.000000e+00 0.000000e+00 0.000000e+00 0.000000e+00 0.000000e+00 0.000000e+00 0.000000e+00 0.000000e+00 9.999220e-01 7.797691e-05
 0.000000e+00 0.000000e+00 0.000000e+00 0.000000e+00 0.000000e+00 0.000000e+00 0.000000e+00 0.000000e+00 0.000000e+00 0.000000e+00 0.000000e+00 0.000000e+00 0.000000e+00 0.000000e+00 0.000000e+00
<ENDHMM>
