~o
<STREAMINFO> 1 6
<VECSIZE> 6<NULLD><USER><DIAGC>
~h "SegundoPRIMARIA"
<BEGINHMM>
<NUMSTATES> 15
<STATE> 2
<NUMMIXES> 15
<MIXTURE> 1 4.723635e-02
<MEAN> 6
 8.682977e+01 -1.412442e+01 2.352917e+01 5.334319e+01 -1.480737e+03 -1.648691e+03
<VARIANCE> 6
 7.406738e+02 5.006916e+05 3.451492e+05 4.954823e+04 3.517980e+06 2.493209e+09
<GCONST> 9.103123e+01
<MIXTURE> 2 4.218533e-02
<MEAN> 6
 -3.403579e+01 1.093752e+02 4.648026e+01 -2.696969e+02 1.855475e+03 1.162498e+04
<VARIANCE> 6
 3.668401e+02 6.987483e+04 1.111411e+05 1.942777e+04 1.660938e+06 1.466237e+09
<GCONST> 8.500852e+01
<MIXTURE> 3 9.120415e-02
<MEAN> 6
 7.890383e+01 4.894674e+01 -3.533117e+00 3.594864e-01 -1.800069e+01 -2.575614e+02
<VARIANCE> 6
 1.323339e+02 7.171076e+04 7.213932e+04 3.003832e+02 4.056576e+04 5.205853e+07
<GCONST> 7.236296e+01
<MIXTURE> 4 7.244653e-02
<MEAN> 6
 3.340926e+01 1.328871e+02 4.714690e+00 2.130054e+02 -1.107672e+02 -6.432848e+02
<VARIANCE> 6
 6.619083e+02 8.090556e+04 6.473746e+04 4.083585e+03 1.311906e+05 5.205853e+07
<GCONST> 7.776854e+01
<MIXTURE> 5 6.840935e-02
<MEAN> 6
 9.891418e+01 -4.012004e+01 8.852614e+01 -7.948721e+00 -6.988442e+02 4.987581e+02
<VARIANCE> 6
 2.077544e+02 1.325935e+05 1.001885e+05 9.564134e+03 7.455444e+05 3.352432e+08
<GCONST> 8.199149e+01
<MIXTURE> 6 5.837820e-02
<MEAN> 6
 -3.474778e+01 1.468544e+02 5.295139e+00 1.306841e+02 8.518326e+02 -1.206725e+03
<VARIANCE> 6
 2.223423e+02 8.906475e+04 3.961668e+04 1.318086e+04 2.317805e+05 5.205853e+07
<GCONST> 7.802354e+01
<MIXTURE> 7 7.591187e-02
<MEAN> 6
 6.504485e+01 -1.542595e+02 -2.813383e+02 1.102716e+00 -4.160165e+00 -8.381371e+01
<VARIANCE> 6
 4.896887e+01 2.069367e+05 1.086082e+05 3.003832e+02 4.056576e+04 5.205853e+07
<GCONST> 7.283774e+01
<MIXTURE> 8 4.643322e-02
<MEAN> 6
 5.337202e+01 -1.065648e+01 3.450188e+02 -6.094040e+01 -4.929091e+02 -3.592148e+02
<VARIANCE> 6
 5.820150e+02 7.952449e+04 7.489069e+05 4.895961e+04 4.244732e+05 7.552398e+07
<GCONST> 8.410126e+01
<MIXTURE> 9 8.556556e-02
<MEAN> 6
 1.973303e+01 1.274198e+01 6.731853e+01 -2.996369e+02 -2.896994e+02 8.282288e+03
<VARIANCE> 6
 6.460280e+02 6.819395e+04 7.988752e+04 1.000497e+04 7.795101e+05 2.811464e+08
<GCONST> 8.214824e+01
<MIXTURE> 10 6.487127e-02
<MEAN> 6
 -5.580441e+01 4.102711e+01 -8.143656e+01 1.653593e+01 1.206485e+03 -4.782203e+03
<VARIANCE> 6
 3.734962e+02 1.307659e+05 3.895491e+05 2.369685e+04 5.537388e+05 3.378545e+08
<GCONST> 8.453975e+01
<MIXTURE> 11 5.835558e-02
<MEAN> 6
 -5.519700e+01 1.278930e+02 1.220356e+01 5.083570e+00 1.876644e+02 4.790052e+02
<VARIANCE> 6
 1.743554e+02 7.118658e+04 8.097827e+04 5.895691e+02 7.008155e+04 5.205853e+07
<GCONST> 7.396803e+01
<MIXTURE> 12 6.370157e-02
<MEAN> 6
 9.118630e+01 -2.142762e+02 -3.965915e+01 -5.115540e+00 -4.007949e+01 -4.040666e+02
<VARIANCE> 6
 1.817353e+02 1.642975e+05 1.643101e+05 3.003832e+02 4.056576e+04 5.205853e+07
<GCONST> 7.433237e+01
<MIXTURE> 13 1.067479e-01
<MEAN> 6
 8.128083e+01 8.594330e+00 3.334938e+01 -3.209524e+01 -8.316996e+02 -1.706013e+03
<VARIANCE> 6
 2.253745e+02 7.218620e+04 4.589875e+04 2.444503e+04 2.324356e+05 7.366749e+07
<GCONST> 7.894185e+01
<MIXTURE> 14 5.557891e-02
<MEAN> 6
 1.794171e+01 6.054928e+01 6.215796e+00 3.109477e+02 1.144880e+02 -9.495383e+03
<VARIANCE> 6
 8.172353e+02 1.008606e+05 5.140847e+04 5.820337e+03 4.797325e+05 1.579158e+08
<GCONST> 8.072991e+01
<MIXTURE> 15 6.248138e-02
<MEAN> 6
 -4.478658e+01 3.410487e+01 -3.281137e+00 1.171973e+01 6.971740e+02 1.317214e+02
<VARIANCE> 6
 3.090159e+02 6.339646e+04 4.807261e+04 1.553482e+04 1.499127e+05 5.250501e+07
<GCONST> 7.794335e+01
<STATE> 3
<NUMMIXES> 15
<MIXTURE> 1 6.156414e-02
<MEAN> 6
 9.311529e+01 1.974510e+02 3.116606e+02 -6.081706e-01 -3.761671e+01 2.670812e+02
<VARIANCE> 6
 3.171015e+01 1.281363e+04 1.190161e+04 3.003832e+02 4.056576e+04 5.205853e+07
<GCONST> 6.741022e+01
<MIXTURE> 2 8.777087e-02
<MEAN> 6
 9.831314e+01 5.126882e+02 -2.206310e+02 -2.326612e+00 -7.330057e+01 6.960469e+02
<VARIANCE> 6
 3.171015e+01 1.898324e+04 1.155935e+04 5.385294e+02 4.056576e+04 5.205853e+07
<GCONST> 6.835786e+01
<MIXTURE> 3 9.271473e-02
<MEAN> 6
 9.459198e+01 1.620601e+02 -1.833104e+02 -1.808715e+00 -8.927291e+00 -5.125470e+00
<VARIANCE> 6
 3.171015e+01 1.281363e+04 1.155935e+04 3.003832e+02 4.056576e+04 5.205853e+07
<GCONST> 6.738103e+01
<MIXTURE> 4 8.788436e-02
<MEAN> 6
 9.628473e+01 -1.121341e+01 -4.474065e+02 -2.794073e+00 -6.578824e+00 -3.139118e+01
<VARIANCE> 6
 3.171015e+01 1.281363e+04 1.155935e+04 3.003832e+02 4.056576e+04 5.205853e+07
<GCONST> 6.738103e+01
<MIXTURE> 5 2.627612e-02
<MEAN> 6
 9.430360e+01 1.736402e+02 -2.302328e+02 -5.691961e+00 2.950605e+02 5.010123e+02
<VARIANCE> 6
 3.288343e+01 1.281363e+04 1.155935e+04 6.562650e+02 2.009349e+05 9.933488e+07
<GCONST> 7.044505e+01
<MIXTURE> 6 5.046323e-02
<MEAN> 6
 1.034983e+02 -5.127784e+01 -3.900051e+00 -4.073130e+00 -2.334538e+01 2.768221e+02
<VARIANCE> 6
 3.171015e+01 1.281363e+04 1.155935e+04 3.003832e+02 4.056576e+04 5.205853e+07
<GCONST> 6.738103e+01
<MIXTURE> 7 8.328321e-02
<MEAN> 6
 9.210819e+01 2.886839e+02 -4.844024e+02 -1.000478e+00 2.041151e+01 3.529295e+01
<VARIANCE> 6
 3.171015e+01 1.281363e+04 1.155935e+04 3.003832e+02 4.056576e+04 5.205853e+07
<GCONST> 6.738103e+01
<MIXTURE> 8 1.018167e-01
<MEAN> 6
 9.616324e+01 -1.476026e+01 -4.442526e+02 -2.841769e+00 -6.170250e+00 -3.130524e+01
<VARIANCE> 6
 3.171015e+01 1.281363e+04 1.155935e+04 3.003832e+02 4.056576e+04 5.205853e+07
<GCONST> 6.738103e+01
<MIXTURE> 9 9.156479e-02
<MEAN> 6
 9.791467e+01 1.416545e+02 1.082608e+02 -4.239086e+00 4.720590e-01 1.514249e+02
<VARIANCE> 6
 3.171015e+01 1.281363e+04 1.155935e+04 3.003832e+02 4.056576e+04 5.205853e+07
<GCONST> 6.738103e+01
<MIXTURE> 10 1.532497e-03
<MEAN> 6
 8.685167e+01 -2.994713e+02 3.002342e+01 8.146304e-02 -2.263311e+02 6.438804e+03
<VARIANCE> 6
 4.895103e+02 1.844517e+06 1.323180e+06 9.176476e+02 1.459191e+05 1.995294e+08
<GCONST> 8.356804e+01
<MIXTURE> 11 1.166086e-02
<MEAN> 6
 8.707207e+01 9.003888e+02 -1.071809e+02 4.989372e+01 -6.827820e+01 1.400572e+03
<VARIANCE> 6
 4.812506e+01 5.788630e+04 1.155935e+04 3.003832e+02 1.361952e+05 1.315250e+08
<GCONST> 7.144416e+01
<MIXTURE> 12 8.911886e-02
<MEAN> 6
 9.421243e+01 2.362009e+02 -3.296899e+02 3.192606e+00 -8.826110e+00 -4.382491e+02
<VARIANCE> 6
 3.171015e+01 1.281363e+04 1.811128e+04 3.003832e+02 4.056576e+04 5.205853e+07
<GCONST> 6.783008e+01
<MIXTURE> 13 7.390914e-02
<MEAN> 6
 9.573077e+01 2.558846e+02 -6.532319e+02 -3.147409e+00 7.522204e-01 3.955341e+01
<VARIANCE> 6
 3.171015e+01 1.281363e+04 1.155935e+04 3.003832e+02 4.056576e+04 5.205853e+07
<GCONST> 6.738103e+01
<MIXTURE> 14 9.057619e-02
<MEAN> 6
 9.837788e+01 1.356279e+02 9.583350e+01 -4.073803e+00 -1.315490e+00 1.441984e+02
<VARIANCE> 6
 3.171015e+01 1.281363e+04 1.155935e+04 3.003832e+02 4.056576e+04 5.205853e+07
<GCONST> 6.738103e+01
<MIXTURE> 15 4.983122e-02
<MEAN> 6
 1.036244e+02 -6.890623e+01 -5.629987e+01 -3.456168e+00 -2.624243e+01 9.830131e+01
<VARIANCE> 6
 3.171015e+01 1.281363e+04 1.460690e+04 3.003832e+02 4.056576e+04 5.205853e+07
<GCONST> 6.761504e+01
<STATE> 4
<NUMMIXES> 15
<MIXTURE> 1 9.099468e-02
<MEAN> 6
 7.888840e+01 1.534047e+03 4.523868e+02 -1.618364e+00 -8.680467e+00 -2.673723e+02
<VARIANCE> 6
 3.171015e+01 1.281363e+04 1.155935e+04 3.003832e+02 4.056576e+04 5.205853e+07
<GCONST> 6.738103e+01
<MIXTURE> 2 5.638960e-02
<MEAN> 6
 7.141424e+01 1.313752e+03 -1.119940e+03 6.893016e-01 -4.150094e+00 -1.106987e+02
<VARIANCE> 6
 3.171015e+01 1.281363e+04 1.155935e+04 3.003832e+02 4.056576e+04 5.205853e+07
<GCONST> 6.738103e+01
<MIXTURE> 3 6.355878e-02
<MEAN> 6
 1.004405e+02 8.014255e+02 3.099968e+02 -5.063371e+00 -4.692429e+00 1.173430e+02
<VARIANCE> 6
 3.171015e+01 1.281363e+04 1.155935e+04 3.003832e+02 4.056576e+04 5.205853e+07
<GCONST> 6.738103e+01
<MIXTURE> 4 4.800356e-02
<MEAN> 6
 8.395387e+01 1.012791e+03 3.053653e+02 -1.442739e+00 -2.506171e+00 -1.073282e+02
<VARIANCE> 6
 3.171015e+01 1.281363e+04 1.155935e+04 3.003832e+02 4.056576e+04 5.205853e+07
<GCONST> 6.738103e+01
<MIXTURE> 5 4.278931e-02
<MEAN> 6
 8.149374e+01 1.389980e+03 -1.324601e+02 -1.317939e+00 -9.010467e+00 1.689156e+02
<VARIANCE> 6
 3.171015e+01 3.563967e+05 1.119116e+05 3.003832e+02 4.056576e+04 5.205853e+07
<GCONST> 7.297678e+01
<MIXTURE> 6 4.617364e-02
<MEAN> 6
 9.017986e+01 8.713329e+02 1.629372e+02 -1.572284e+00 6.635700e-01 -7.732014e+01
<VARIANCE> 6
 3.171015e+01 8.934734e+04 1.155935e+04 3.003832e+02 4.056576e+04 5.205853e+07
<GCONST> 6.932305e+01
<MIXTURE> 7 5.638955e-02
<MEAN> 6
 7.141424e+01 1.313752e+03 -1.119940e+03 6.893020e-01 -4.150066e+00 -1.106986e+02
<VARIANCE> 6
 3.171015e+01 1.281363e+04 1.155935e+04 3.003832e+02 4.056576e+04 5.205853e+07
<GCONST> 6.738103e+01
<MIXTURE> 8 9.966657e-02
<MEAN> 6
 8.446645e+01 1.011733e+03 2.748751e+02 -1.101003e+00 -3.236737e+00 -1.326617e+02
<VARIANCE> 6
 3.171015e+01 1.281363e+04 1.155935e+04 3.003832e+02 4.056576e+04 5.205853e+07
<GCONST> 6.738103e+01
<MIXTURE> 9 8.488587e-02
<MEAN> 6
 8.949133e+01 5.520641e+02 2.163036e+02 -3.887503e+00 -3.059462e+00 1.234059e+02
<VARIANCE> 6
 3.171015e+01 1.281363e+04 1.217660e+04 3.003832e+02 4.056576e+04 5.205853e+07
<GCONST> 6.743306e+01
<MIXTURE> 10 1.020663e-01
<MEAN> 6
 9.294495e+01 7.887966e+02 1.999613e+02 -3.102738e+00 -4.641668e-01 2.712450e+01
<VARIANCE> 6
 3.171015e+01 1.281363e+04 1.155935e+04 3.003832e+02 4.056576e+04 5.205853e+07
<GCONST> 6.738103e+01
<MIXTURE> 11 4.655446e-02
<MEAN> 6
 8.068828e+01 1.320558e+03 4.641684e+02 -1.556205e+00 2.655433e-01 -2.036004e+01
<VARIANCE> 6
 3.171015e+01 1.645849e+04 1.155935e+04 3.003832e+02 4.056576e+04 5.205853e+07
<GCONST> 6.763136e+01
<MIXTURE> 12 1.012971e-01
<MEAN> 6
 9.299966e+01 7.865402e+02 1.998777e+02 -3.122436e+00 -5.268880e-01 2.748243e+01
<VARIANCE> 6
 3.171015e+01 1.281363e+04 1.155935e+04 3.003832e+02 4.056576e+04 5.205853e+07
<GCONST> 6.738103e+01
<MIXTURE> 13 5.638960e-02
<MEAN> 6
 7.141424e+01 1.313752e+03 -1.119940e+03 6.893017e-01 -4.150095e+00 -1.106989e+02
<VARIANCE> 6
 3.171015e+01 1.281363e+04 1.155935e+04 3.003832e+02 4.056576e+04 5.205853e+07
<GCONST> 6.738103e+01
<MIXTURE> 14 5.638966e-02
<MEAN> 6
 7.141425e+01 1.313752e+03 -1.119940e+03 6.892954e-01 -4.150163e+00 -1.106987e+02
<VARIANCE> 6
 3.171015e+01 1.281363e+04 1.155935e+04 3.003832e+02 4.056576e+04 5.205853e+07
<GCONST> 6.738103e+01
<MIXTURE> 15 4.844497e-02
<MEAN> 6
 8.435846e+01 1.007076e+03 2.849116e+02 -1.239195e+00 -2.804004e+00 -1.160501e+02
<VARIANCE> 6
 3.171015e+01 1.281363e+04 1.155935e+04 3.003832e+02 4.056576e+04 5.205853e+07
<GCONST> 6.738103e+01
<STATE> 5
<NUMMIXES> 15
<MIXTURE> 1 7.800701e-02
<MEAN> 6
 1.258414e+02 1.910221e+02 2.371594e+02 -4.932227e+00 -1.448452e+01 3.049055e+02
<VARIANCE> 6
 3.171015e+01 1.573233e+04 1.155935e+04 3.003832e+02 4.056576e+04 5.205853e+07
<GCONST> 6.758624e+01
<MIXTURE> 2 6.054175e-02
<MEAN> 6
 1.008517e+02 -3.428529e+02 8.606804e+02 -1.860748e+00 -8.163808e+00 -3.393679e+02
<VARIANCE> 6
 3.171015e+01 1.281363e+04 5.533975e+04 3.003832e+02 4.056576e+04 5.205853e+07
<GCONST> 6.894703e+01
<MIXTURE> 3 1.021490e-01
<MEAN> 6
 9.036166e+01 -1.404253e+03 8.272683e+02 -1.621162e-01 2.081799e+00 -5.809909e+01
<VARIANCE> 6
 3.171015e+01 1.281363e+04 1.155935e+04 3.003832e+02 4.056576e+04 5.205853e+07
<GCONST> 6.738103e+01
<MIXTURE> 4 5.491032e-02
<MEAN> 6
 1.122348e+02 -6.277043e+02 1.972347e+02 -4.894085e+00 -4.027288e+01 -1.923252e+02
<VARIANCE> 6
 3.171015e+01 4.381932e+04 2.000315e+04 3.003832e+02 4.056576e+04 5.205853e+07
<GCONST> 6.915900e+01
<MIXTURE> 5 4.085543e-02
<MEAN> 6
 9.541373e+01 -1.821472e+02 4.691540e+02 -4.517724e-01 -4.591111e+00 -2.448653e+02
<VARIANCE> 6
 3.171015e+01 1.397992e+04 1.155935e+04 3.003832e+02 4.056576e+04 5.205853e+07
<GCONST> 6.746815e+01
<MIXTURE> 6 7.364031e-02
<MEAN> 6
 1.082411e+02 1.818574e+01 3.710006e+02 -9.517667e-01 -5.031199e+00 1.625462e+01
<VARIANCE> 6
 3.171015e+01 1.840100e+04 1.155935e+04 3.003832e+02 4.056576e+04 5.205853e+07
<GCONST> 6.774293e+01
<MIXTURE> 7 3.078033e-02
<MEAN> 6
 1.050435e+02 -6.397711e+02 3.919933e+00 -3.663400e+01 3.319446e+02 8.344936e+03
<VARIANCE> 6
 1.742165e+02 2.352986e+05 3.087932e+05 8.493516e+02 4.365175e+05 4.235482e+08
<GCONST> 8.079183e+01
<MIXTURE> 8 6.822220e-02
<MEAN> 6
 1.131346e+02 -5.185937e+01 2.084687e+02 -6.335449e+00 2.107232e+01 3.058601e+02
<VARIANCE> 6
 3.171015e+01 1.281363e+04 1.155935e+04 3.003832e+02 4.056576e+04 5.205853e+07
<GCONST> 6.738103e+01
<MIXTURE> 9 7.721902e-02
<MEAN> 6
 1.033202e+02 -4.304380e+02 2.018173e+02 -5.804779e+00 -1.366825e+01 3.801000e+02
<VARIANCE> 6
 3.171015e+01 1.596883e+04 1.155935e+04 3.003832e+02 4.056576e+04 5.205853e+07
<GCONST> 6.760117e+01
<MIXTURE> 10 1.034233e-01
<MEAN> 6
 9.786940e+01 -6.233188e+02 5.628381e+02 -7.727902e-01 -3.211100e-03 -1.951444e+02
<VARIANCE> 6
 3.171015e+01 1.281363e+04 1.155935e+04 3.003832e+02 4.056576e+04 5.205853e+07
<GCONST> 6.738103e+01
<MIXTURE> 11 7.816568e-02
<MEAN> 6
 1.085563e+02 -7.066529e+01 2.992845e+02 -2.995611e+00 -1.382132e+00 9.152760e+01
<VARIANCE> 6
 3.171015e+01 1.281363e+04 1.155935e+04 3.003832e+02 4.056576e+04 5.205853e+07
<GCONST> 6.738103e+01
<MIXTURE> 12 8.530872e-02
<MEAN> 6
 1.081245e+02 -2.636006e+01 3.293541e+02 -2.441419e+00 9.631362e-01 9.612094e+01
<VARIANCE> 6
 3.171015e+01 1.281363e+04 1.155935e+04 3.003832e+02 4.056576e+04 5.205853e+07
<GCONST> 6.738103e+01
<MIXTURE> 13 4.665788e-02
<MEAN> 6
 1.092625e+02 -5.726765e+02 1.324995e+02 -2.785623e+00 -1.942612e+01 -2.492077e+02
<VARIANCE> 6
 4.652911e+01 1.281363e+04 1.155935e+04 3.003832e+02 4.056576e+04 5.205853e+07
<GCONST> 6.776447e+01
<MIXTURE> 14 5.422162e-02
<MEAN> 6
 1.081854e+02 -9.165386e+02 1.970951e+02 -7.657826e+00 -1.258200e+01 -3.220263e+01
<VARIANCE> 6
 3.171015e+01 4.257954e+04 3.225854e+04 3.003832e+02 4.056576e+04 5.205853e+07
<GCONST> 6.960818e+01
<MIXTURE> 15 4.587568e-02
<MEAN> 6
 9.489577e+01 -3.660435e+02 7.291413e+02 -1.125658e+01 1.497091e+01 4.392365e+02
<VARIANCE> 6
 6.039925e+01 1.281363e+04 1.155935e+04 3.003832e+02 4.056576e+04 5.205853e+07
<GCONST> 6.802538e+01
<STATE> 6
<NUMMIXES> 15
<MIXTURE> 1 5.933562e-02
<MEAN> 6
 8.408074e+01 1.043071e+03 -5.206934e+02 3.437000e+00 -2.193026e+00 2.395190e+01
<VARIANCE> 6
 3.171015e+01 2.878100e+04 1.155935e+04 3.003832e+02 4.056576e+04 5.205853e+07
<GCONST> 6.819024e+01
<MIXTURE> 2 8.848766e-02
<MEAN> 6
 7.803423e+01 4.165406e+02 -2.056814e+03 1.683569e+00 -8.625532e+00 -1.823708e+02
<VARIANCE> 6
 3.171015e+01 1.281363e+04 1.155935e+04 3.003832e+02 4.056576e+04 5.205853e+07
<GCONST> 6.738103e+01
<MIXTURE> 3 7.532316e-02
<MEAN> 6
 7.569601e+01 2.021371e+02 -1.359098e+03 2.160147e+00 1.656323e+01 8.180100e+01
<VARIANCE> 6
 3.171015e+01 1.281363e+04 1.155935e+04 3.003832e+02 4.056576e+04 5.205853e+07
<GCONST> 6.738103e+01
<MIXTURE> 4 1.027176e-01
<MEAN> 6
 8.173303e+01 1.829738e+02 -2.379381e+03 5.954930e-01 -3.992079e+00 5.026508e+01
<VARIANCE> 6
 3.171015e+01 1.281363e+04 1.155935e+04 3.003832e+02 4.056576e+04 5.205853e+07
<GCONST> 6.738103e+01
<MIXTURE> 5 2.063362e-02
<MEAN> 6
 7.682539e+01 3.427400e+00 -1.845211e+03 5.268454e+01 -3.253705e+02 -1.541630e+03
<VARIANCE> 6
 1.225877e+02 3.811605e+05 1.333278e+06 2.092628e+03 1.067156e+05 5.205853e+07
<GCONST> 7.978220e+01
<MIXTURE> 6 6.675909e-02
<MEAN> 6
 8.078471e+01 5.573905e+01 -2.164622e+03 -1.508457e+00 -1.708140e+01 -1.907613e+02
<VARIANCE> 6
 3.171015e+01 1.281363e+04 1.155935e+04 3.003832e+02 4.056576e+04 5.205853e+07
<GCONST> 6.738103e+01
<MIXTURE> 7 5.482760e-02
<MEAN> 6
 7.511446e+01 1.005367e+02 -1.517230e+03 3.147966e+00 2.183004e+01 -5.157491e+02
<VARIANCE> 6
 3.171015e+01 1.281363e+04 1.155935e+04 3.003832e+02 4.056576e+04 5.205853e+07
<GCONST> 6.738103e+01
<MIXTURE> 8 7.532948e-02
<MEAN> 6
 7.505236e+01 4.451810e+02 -2.125565e+03 2.366310e+00 -1.352598e+00 3.295234e+00
<VARIANCE> 6
 3.171015e+01 1.281363e+04 1.155935e+04 3.003832e+02 4.056576e+04 5.205853e+07
<GCONST> 6.738103e+01
<MIXTURE> 9 4.700107e-02
<MEAN> 6
 8.175710e+01 1.899920e+02 -2.380741e+03 5.963285e-01 -3.507580e+00 4.238007e+01
<VARIANCE> 6
 3.171015e+01 1.281363e+04 1.155935e+04 3.003832e+02 4.056576e+04 5.205853e+07
<GCONST> 6.738103e+01
<MIXTURE> 10 6.845942e-02
<MEAN> 6
 7.461755e+01 2.864443e+01 -1.816711e+03 -1.145048e+00 1.272626e+01 1.372657e+01
<VARIANCE> 6
 3.171015e+01 1.281363e+04 1.232909e+04 3.003832e+02 4.056576e+04 5.205853e+07
<GCONST> 6.744550e+01
<MIXTURE> 11 7.959179e-02
<MEAN> 6
 7.569588e+01 2.020979e+02 -1.359140e+03 2.159131e+00 1.654640e+01 8.173824e+01
<VARIANCE> 6
 3.171015e+01 1.281363e+04 1.155935e+04 3.003832e+02 4.056576e+04 5.205853e+07
<GCONST> 6.738103e+01
<MIXTURE> 12 7.593622e-02
<MEAN> 6
 7.504997e+01 4.452147e+02 -2.125682e+03 2.367400e+00 -1.343564e+00 3.386388e+00
<VARIANCE> 6
 3.171015e+01 1.281363e+04 1.155935e+04 3.003832e+02 4.056576e+04 5.205853e+07
<GCONST> 6.738103e+01
<MIXTURE> 13 6.628315e-02
<MEAN> 6
 8.084408e+01 5.684832e+01 -2.168677e+03 -1.428882e+00 -1.635309e+01 -1.816289e+02
<VARIANCE> 6
 3.171015e+01 1.281363e+04 1.155935e+04 3.003832e+02 4.056576e+04 5.205853e+07
<GCONST> 6.738103e+01
<MIXTURE> 14 7.291251e-02
<MEAN> 6
 8.555092e+01 5.252005e+02 -6.746321e+02 4.606640e+00 2.624701e+01 -2.493761e+02
<VARIANCE> 6
 3.171015e+01 2.116392e+04 1.155935e+04 3.003832e+02 4.056576e+04 5.205853e+07
<GCONST> 6.788282e+01
<MIXTURE> 15 4.639477e-02
<MEAN> 6
 8.165350e+01 1.680522e+02 -2.379171e+03 6.162772e-01 -5.731355e+00 7.671271e+01
<VARIANCE> 6
 3.171015e+01 1.281363e+04 1.155935e+04 3.003832e+02 4.056576e+04 5.205853e+07
<GCONST> 6.738103e+01
<STATE> 7
<NUMMIXES> 15
<MIXTURE> 1 6.492639e-02
<MEAN> 6
 1.103818e+02 9.979658e+01 -4.020402e+02 -2.422365e+00 -3.629886e-01 -2.166159e+01
<VARIANCE> 6
 3.171015e+01 1.346598e+04 1.155935e+04 3.003832e+02 4.056576e+04 5.205853e+07
<GCONST> 6.743069e+01
<MIXTURE> 2 5.966174e-02
<MEAN> 6
 1.088522e+02 -6.796577e+02 -1.924549e+02 -3.649242e+00 -1.236477e+00 2.422792e+01
<VARIANCE> 6
 3.171015e+01 1.281363e+04 1.155935e+04 3.003832e+02 4.056576e+04 5.205853e+07
<GCONST> 6.738103e+01
<MIXTURE> 3 8.706468e-02
<MEAN> 6
 8.598724e+01 -5.219019e+02 -3.713904e+02 -1.725638e+00 1.076867e+01 -1.461027e+02
<VARIANCE> 6
 3.171015e+01 1.281363e+04 1.155935e+04 3.003832e+02 4.056576e+04 5.205853e+07
<GCONST> 6.738103e+01
<MIXTURE> 4 9.918740e-02
<MEAN> 6
 9.743066e+01 -4.044062e+02 -5.250065e+02 5.917323e-01 -4.771229e+00 -1.131624e+02
<VARIANCE> 6
 3.171015e+01 1.281363e+04 1.155935e+04 3.003832e+02 4.056576e+04 5.205853e+07
<GCONST> 6.738103e+01
<MIXTURE> 5 2.309472e-03
<MEAN> 6
 8.283715e+01 -1.711366e+02 1.834664e+02 2.199914e+00 -1.173621e+02 -2.672614e+03
<VARIANCE> 6
 2.709873e+02 1.718339e+06 9.626192e+05 3.449867e+02 1.520020e+05 1.026832e+08
<GCONST> 8.098593e+01
<MIXTURE> 6 7.837675e-02
<MEAN> 6
 1.095785e+02 -1.198492e+03 -8.690233e+02 -2.252708e+00 -3.518240e+01 -4.969476e+02
<VARIANCE> 6
 3.171015e+01 1.281363e+04 1.155935e+04 3.003832e+02 4.056576e+04 5.205853e+07
<GCONST> 6.738103e+01
<MIXTURE> 7 2.657651e-02
<MEAN> 6
 8.621730e+01 -6.028651e+02 -6.294185e+02 4.255818e+00 1.589011e+01 -3.405181e+02
<VARIANCE> 6
 3.171015e+01 1.281363e+04 1.155935e+04 3.003832e+02 4.056576e+04 5.205853e+07
<GCONST> 6.738103e+01
<MIXTURE> 8 1.001159e-01
<MEAN> 6
 9.611793e+01 -6.331414e+02 -8.574477e+01 -2.699676e-01 -1.445634e+01 1.780340e+02
<VARIANCE> 6
 3.171015e+01 1.281363e+04 1.641486e+04 3.003832e+02 4.056576e+04 5.205853e+07
<GCONST> 6.773173e+01
<MIXTURE> 9 9.899841e-02
<MEAN> 6
 9.743065e+01 -4.044062e+02 -5.250065e+02 5.917326e-01 -4.771216e+00 -1.131624e+02
<VARIANCE> 6
 3.171015e+01 1.281363e+04 1.155935e+04 3.003832e+02 4.056576e+04 5.205853e+07
<GCONST> 6.738103e+01
<MIXTURE> 10 6.600460e-02
<MEAN> 6
 9.905234e+01 -8.653619e+02 -4.999089e+01 -5.239572e-01 -6.872226e+00 2.709793e+00
<VARIANCE> 6
 3.171015e+01 1.651003e+04 1.155935e+04 3.003832e+02 4.056576e+04 5.205853e+07
<GCONST> 6.763449e+01
<MIXTURE> 11 3.735331e-02
<MEAN> 6
 1.188890e+02 -4.865515e+02 -4.581029e+02 -4.436272e+00 -4.919045e+00 -1.124401e+02
<VARIANCE> 6
 3.171015e+01 4.891095e+04 1.155935e+04 3.003832e+02 4.056576e+04 5.205853e+07
<GCONST> 6.872052e+01
<MIXTURE> 12 5.834738e-02
<MEAN> 6
 9.662738e+01 -6.818386e+02 -8.670827e+01 -1.260848e+00 -8.371677e+00 7.912639e+01
<VARIANCE> 6
 3.171015e+01 1.281363e+04 1.160181e+04 3.003832e+02 4.056576e+04 5.205853e+07
<GCONST> 6.738470e+01
<MIXTURE> 13 9.235913e-02
<MEAN> 6
 9.928652e+01 -9.385140e+02 -6.858781e+01 -3.745483e-01 -7.538088e+00 -4.859096e+01
<VARIANCE> 6
 3.171015e+01 1.281363e+04 1.155935e+04 3.003832e+02 4.056576e+04 5.205853e+07
<GCONST> 6.738103e+01
<MIXTURE> 14 6.692336e-02
<MEAN> 6
 1.102489e+02 3.938802e+01 -3.769126e+02 -1.858431e+00 -1.351332e+00 2.200169e+01
<VARIANCE> 6
 3.171015e+01 1.281363e+04 1.155935e+04 3.003832e+02 4.056576e+04 5.205853e+07
<GCONST> 6.738103e+01
<MIXTURE> 15 6.176033e-02
<MEAN> 6
 1.066570e+02 -7.435306e+02 -3.239957e+02 -4.318589e+00 -4.795213e+00 3.727412e+02
<VARIANCE> 6
 3.171015e+01 1.281363e+04 1.427949e+04 3.003832e+02 4.056576e+04 5.205853e+07
<GCONST> 6.759236e+01
<STATE> 8
<NUMMIXES> 15
<MIXTURE> 1 3.723202e-02
<MEAN> 6
 7.204312e+01 7.907497e+01 -2.323103e+02 2.765550e+00 4.164750e+01 -4.755034e+02
<VARIANCE> 6
 3.171015e+01 1.281363e+04 4.092592e+04 3.003832e+02 4.874517e+04 5.205853e+07
<GCONST> 6.882898e+01
<MIXTURE> 2 8.074537e-02
<MEAN> 6
 7.736537e+01 -2.057773e+02 -4.823116e+02 -1.406974e+00 -6.777686e+00 -7.941475e+01
<VARIANCE> 6
 3.171015e+01 1.281363e+04 1.155935e+04 3.003832e+02 4.056576e+04 5.205853e+07
<GCONST> 6.738103e+01
<MIXTURE> 3 4.155140e-03
<MEAN> 6
 8.056643e+01 -3.657541e+02 1.749811e+01 4.463334e+00 -4.923118e+00 -6.099137e+02
<VARIANCE> 6
 1.915374e+02 8.150768e+05 4.499934e+05 3.003832e+02 9.747706e+04 6.614276e+07
<GCONST> 7.811013e+01
<MIXTURE> 4 5.777925e-02
<MEAN> 6
 7.214522e+01 -4.247296e+02 -7.536807e+02 -9.631891e-01 -6.031445e+00 7.419711e-01
<VARIANCE> 6
 3.171015e+01 1.281363e+04 1.155935e+04 3.003832e+02 4.056576e+04 5.205853e+07
<GCONST> 6.738103e+01
<MIXTURE> 5 1.058415e-01
<MEAN> 6
 7.072000e+01 8.814360e+01 -5.064723e+02 1.635137e+00 -3.160969e+00 -1.579330e+02
<VARIANCE> 6
 3.171015e+01 1.281363e+04 1.155935e+04 3.003832e+02 4.056576e+04 5.205853e+07
<GCONST> 6.738103e+01
<MIXTURE> 6 8.017822e-02
<MEAN> 6
 6.859409e+01 2.604902e+01 -8.297261e+02 -4.263859e-01 -6.259928e+00 -2.121703e+02
<VARIANCE> 6
 3.171015e+01 1.281363e+04 1.155935e+04 3.003832e+02 4.056576e+04 5.205853e+07
<GCONST> 6.738103e+01
<MIXTURE> 7 8.495913e-02
<MEAN> 6
 7.208846e+01 -4.301417e+02 -7.606129e+02 -9.797992e-01 -6.312058e+00 -9.928453e+00
<VARIANCE> 6
 3.171015e+01 1.281363e+04 1.155935e+04 3.003832e+02 4.056576e+04 5.205853e+07
<GCONST> 6.738103e+01
<MIXTURE> 8 4.761142e-02
<MEAN> 6
 8.801046e+01 -1.025359e+02 -8.745322e+02 -2.441720e+00 -7.195005e+00 -2.174555e+02
<VARIANCE> 6
 3.171015e+01 1.281363e+04 1.155935e+04 3.003832e+02 4.056576e+04 5.205853e+07
<GCONST> 6.738103e+01
<MIXTURE> 9 7.057989e-02
<MEAN> 6
 7.106248e+01 2.590643e+01 -1.037618e+03 -2.225744e+00 1.386106e+00 -3.431166e+01
<VARIANCE> 6
 3.171015e+01 1.281363e+04 1.155935e+04 3.003832e+02 4.056576e+04 5.205853e+07
<GCONST> 6.738103e+01
<MIXTURE> 10 5.649240e-02
<MEAN> 6
 7.658590e+01 -2.779227e+02 -1.022107e+03 -7.487450e-01 1.091890e+00 -7.003699e+01
<VARIANCE> 6
 3.171015e+01 1.281363e+04 1.155935e+04 3.003832e+02 4.056576e+04 5.205853e+07
<GCONST> 6.738103e+01
<MIXTURE> 11 8.814479e-02
<MEAN> 6
 7.152665e+01 2.884967e+01 -1.057399e+03 -2.566813e+00 5.835050e-01 -2.939214e+01
<VARIANCE> 6
 3.171015e+01 1.281363e+04 1.155935e+04 3.003832e+02 4.056576e+04 5.205853e+07
<GCONST> 6.738103e+01
<MIXTURE> 12 7.481495e-02
<MEAN> 6
 6.882887e+01 2.232744e+01 -8.680258e+02 -6.136597e-01 -3.569418e+00 -1.534916e+02
<VARIANCE> 6
 3.171015e+01 1.281363e+04 1.155935e+04 3.003832e+02 4.056576e+04 5.205853e+07
<GCONST> 6.738103e+01
<MIXTURE> 13 9.609461e-02
<MEAN> 6
 7.037666e+01 1.576519e+02 -2.613578e+02 8.101407e-02 -6.701101e+00 1.425483e+02
<VARIANCE> 6
 3.171015e+01 1.281363e+04 1.155935e+04 3.003832e+02 4.056576e+04 5.205853e+07
<GCONST> 6.738103e+01
<MIXTURE> 14 5.864293e-02
<MEAN> 6
 7.207567e+01 -4.315900e+02 -7.623636e+02 -9.819557e-01 -6.417558e+00 -1.286994e+01
<VARIANCE> 6
 3.171015e+01 1.281363e+04 1.155935e+04 3.003832e+02 4.056576e+04 5.205853e+07
<GCONST> 6.738103e+01
<MIXTURE> 15 5.668909e-02
<MEAN> 6
 7.659512e+01 -2.801737e+02 -1.022668e+03 -7.517165e-01 9.657550e-01 -6.952399e+01
<VARIANCE> 6
 3.171015e+01 1.281363e+04 1.155935e+04 3.003832e+02 4.056576e+04 5.205853e+07
<GCONST> 6.738103e+01
<STATE> 9
<NUMMIXES> 15
<MIXTURE> 1 3.754897e-02
<MEAN> 6
 7.351991e+01 -3.038233e+01 6.231868e+02 7.797394e-01 1.533300e+01 4.550821e+02
<VARIANCE> 6
 3.171015e+01 1.281363e+04 1.155935e+04 3.003832e+02 4.056576e+04 5.205853e+07
<GCONST> 6.738103e+01
<MIXTURE> 2 6.431281e-02
<MEAN> 6
 7.808114e+01 -2.291503e+02 1.365768e+02 -3.963438e+00 7.501317e-01 4.351220e+01
<VARIANCE> 6
 3.238441e+01 1.281363e+04 1.155935e+04 3.003832e+02 4.056576e+04 5.205853e+07
<GCONST> 6.740207e+01
<MIXTURE> 3 7.313247e-02
<MEAN> 6
 8.421333e+01 -4.922175e+02 3.677475e+02 -9.606408e+00 9.270858e+00 5.159041e+02
<VARIANCE> 6
 3.171015e+01 3.253424e+04 1.155935e+04 3.003832e+02 4.056576e+04 5.205853e+07
<GCONST> 6.831281e+01
<MIXTURE> 4 7.316270e-02
<MEAN> 6
 9.235658e+01 3.224743e+01 -2.593353e+01 -1.161698e+00 -1.174744e+01 -6.286190e+01
<VARIANCE> 6
 3.171015e+01 1.491518e+04 1.155935e+04 3.003832e+02 4.056576e+04 5.205853e+07
<GCONST> 6.753290e+01
<MIXTURE> 5 2.202799e-03
<MEAN> 6
 8.332034e+01 -2.628749e+02 -1.426083e+01 -3.229119e+00 -1.866564e+02 -7.581274e+03
<VARIANCE> 6
 3.167779e+02 2.025558e+06 1.164566e+06 3.294368e+02 1.735361e+05 1.118795e+08
<GCONST> 8.166914e+01
<MIXTURE> 6 9.808837e-02
<MEAN> 6
 8.991048e+01 -1.538591e+02 1.054895e+02 -2.126840e+00 -3.429505e+00 -1.747443e+01
<VARIANCE> 6
 3.171015e+01 1.281363e+04 1.155935e+04 3.003832e+02 4.056576e+04 5.205853e+07
<GCONST> 6.738103e+01
<MIXTURE> 7 9.223469e-02
<MEAN> 6
 9.079099e+01 -9.410956e+01 7.375782e+01 -1.367509e+00 -1.070075e+01 -1.136767e+01
<VARIANCE> 6
 3.171015e+01 1.281363e+04 1.155935e+04 3.003832e+02 4.056576e+04 5.205853e+07
<GCONST> 6.738103e+01
<MIXTURE> 8 4.713375e-02
<MEAN> 6
 8.976350e+01 -2.564555e+02 1.157583e+02 -4.006499e+00 7.150545e-01 -1.660022e+00
<VARIANCE> 6
 3.171015e+01 1.531787e+04 1.155935e+04 3.003832e+02 4.056576e+04 5.205853e+07
<GCONST> 6.755954e+01
<MIXTURE> 9 9.283958e-02
<MEAN> 6
 9.168076e+01 -2.410269e+01 -1.242038e+01 -1.274415e+00 -1.608045e+01 -8.934558e+01
<VARIANCE> 6
 3.171015e+01 1.281363e+04 1.155935e+04 3.003832e+02 4.056576e+04 5.205853e+07
<GCONST> 6.738103e+01
<MIXTURE> 10 5.864105e-02
<MEAN> 6
 8.934200e+01 -3.465606e+02 1.082110e+02 -5.164564e+00 1.113990e+00 6.196656e+01
<VARIANCE> 6
 3.171015e+01 1.281363e+04 1.155935e+04 3.003832e+02 4.056576e+04 5.205853e+07
<GCONST> 6.738103e+01
<MIXTURE> 11 9.032603e-02
<MEAN> 6
 8.942933e+01 -2.450882e+02 1.157910e+02 -3.826961e+00 1.534232e+00 -5.259036e+00
<VARIANCE> 6
 3.171015e+01 1.531622e+04 1.155935e+04 3.003832e+02 4.056576e+04 5.205853e+07
<GCONST> 6.755943e+01
<MIXTURE> 12 9.302131e-02
<MEAN> 6
 9.073786e+01 -9.866994e+01 7.703355e+01 -1.406918e+00 -1.013545e+01 -1.052285e+01
<VARIANCE> 6
 3.171015e+01 1.281363e+04 1.155935e+04 3.003832e+02 4.056576e+04 5.205853e+07
<GCONST> 6.738103e+01
<MIXTURE> 13 6.719606e-02
<MEAN> 6
 7.084409e+01 -2.695220e+02 1.117292e+02 -4.517698e+00 4.238709e+00 1.974762e+01
<VARIANCE> 6
 3.171015e+01 1.281363e+04 1.155935e+04 3.003832e+02 4.056576e+04 5.205853e+07
<GCONST> 6.738103e+01
<MIXTURE> 14 6.243537e-02
<MEAN> 6
 8.800952e+01 -4.032395e+02 1.037374e+02 -2.294272e+00 9.093601e+00 -7.456287e+01
<VARIANCE> 6
 3.171015e+01 1.281363e+04 1.155935e+04 3.003832e+02 4.056576e+04 5.205853e+07
<GCONST> 6.738103e+01
<MIXTURE> 15 4.770108e-02
<MEAN> 6
 8.885422e+01 -3.121007e+02 1.130807e+02 -4.739509e+00 4.058476e+00 2.486190e+01
<VARIANCE> 6
 3.171015e+01 1.431142e+04 1.155935e+04 3.003832e+02 4.056576e+04 5.205853e+07
<GCONST> 6.749158e+01
<STATE> 10
<NUMMIXES> 15
<MIXTURE> 1 5.949713e-02
<MEAN> 6
 8.292363e+01 2.363677e+02 1.686519e+02 -2.238701e-01 -1.671365e+01 -2.920914e+02
<VARIANCE> 6
 3.171015e+01 1.281363e+04 1.155935e+04 3.003832e+02 4.056576e+04 5.205853e+07
<GCONST> 6.738103e+01
<MIXTURE> 2 5.142853e-03
<MEAN> 6
 7.932492e+01 -1.802970e+01 6.717323e+01 5.333980e+00 3.086940e+02 -4.716769e+03
<VARIANCE> 6
 2.133255e+02 9.848514e+05 5.257302e+05 4.102475e+02 3.635842e+05 9.490357e+07
<GCONST> 8.055177e+01
<MIXTURE> 3 1.005733e-01
<MEAN> 6
 7.209277e+01 -4.421694e+00 1.712998e+02 -2.563959e+00 -7.866785e+00 -1.197379e+02
<VARIANCE> 6
 3.171015e+01 1.281363e+04 1.155935e+04 3.003832e+02 4.056576e+04 5.205853e+07
<GCONST> 6.738103e+01
<MIXTURE> 4 6.357969e-02
<MEAN> 6
 7.120327e+01 1.698248e+02 -3.059105e+01 -1.304299e+01 -1.305203e+01 4.162254e+02
<VARIANCE> 6
 3.542544e+01 1.281363e+04 1.155935e+04 3.003832e+02 4.056576e+04 5.205853e+07
<GCONST> 6.749182e+01
<MIXTURE> 5 6.137186e-02
<MEAN> 6
 7.264756e+01 -9.436218e-01 1.702595e+02 -2.596978e+00 -8.473767e+00 -1.162705e+02
<VARIANCE> 6
 3.171015e+01 1.281363e+04 1.155935e+04 3.003832e+02 4.056576e+04 5.205853e+07
<GCONST> 6.738103e+01
<MIXTURE> 6 5.388642e-02
<MEAN> 6
 7.296555e+01 8.512683e-01 1.705622e+02 -2.596335e+00 -8.824885e+00 -1.148247e+02
<VARIANCE> 6
 3.171015e+01 1.281363e+04 1.155935e+04 3.003832e+02 4.056576e+04 5.205853e+07
<GCONST> 6.738103e+01
<MIXTURE> 7 6.635520e-02
<MEAN> 6
 7.961942e+01 8.832774e+01 1.410701e+02 -4.565753e+00 -3.027563e+01 1.813206e+01
<VARIANCE> 6
 3.171015e+01 1.281363e+04 1.155935e+04 3.003832e+02 4.056576e+04 5.205853e+07
<GCONST> 6.738103e+01
<MIXTURE> 8 6.372659e-02
<MEAN> 6
 7.217251e+01 -3.948400e+00 1.711871e+02 -2.566094e+00 -7.942843e+00 -1.193461e+02
<VARIANCE> 6
 3.171015e+01 1.281363e+04 1.155935e+04 3.003832e+02 4.056576e+04 5.205853e+07
<GCONST> 6.738103e+01
<MIXTURE> 9 1.148180e-01
<MEAN> 6
 7.193607e+01 -5.321698e+00 1.714786e+02 -2.562788e+00 -7.728709e+00 -1.203934e+02
<VARIANCE> 6
 3.171015e+01 1.281363e+04 1.155935e+04 3.003832e+02 4.056576e+04 5.205853e+07
<GCONST> 6.738103e+01
<MIXTURE> 10 1.002171e-01
<MEAN> 6
 7.191576e+01 -5.435188e+00 1.714973e+02 -2.562955e+00 -7.711983e+00 -1.204664e+02
<VARIANCE> 6
 3.171015e+01 1.281363e+04 1.155935e+04 3.003832e+02 4.056576e+04 5.205853e+07
<GCONST> 6.738103e+01
<MIXTURE> 11 6.350911e-02
<MEAN> 6
 7.187951e+01 -5.635817e+00 1.715278e+02 -2.563449e+00 -7.682733e+00 -1.205906e+02
<VARIANCE> 6
 3.171015e+01 1.281363e+04 1.155935e+04 3.003832e+02 4.056576e+04 5.205853e+07
<GCONST> 6.738103e+01
<MIXTURE> 12 6.659783e-02
<MEAN> 6
 7.264725e+01 2.151656e+01 -5.516633e+01 -7.120712e+00 -2.528563e+00 1.529841e+01
<VARIANCE> 6
 3.171015e+01 1.553103e+04 1.155935e+04 3.003832e+02 4.056576e+04 5.205853e+07
<GCONST> 6.757336e+01
<MIXTURE> 13 6.194812e-02
<MEAN> 6
 7.176811e+01 -6.229730e+00 1.715883e+02 -2.567111e+00 -7.598697e+00 -1.208906e+02
<VARIANCE> 6
 3.171015e+01 1.281363e+04 1.155935e+04 3.003832e+02 4.056576e+04 5.205853e+07
<GCONST> 6.738103e+01
<MIXTURE> 14 6.488746e-02
<MEAN> 6
 7.873911e+01 6.814313e+01 1.400120e+02 -4.422364e+00 -2.639463e+01 9.309912e-01
<VARIANCE> 6
 3.171015e+01 1.281363e+04 1.155935e+04 3.003832e+02 4.056576e+04 5.205853e+07
<GCONST> 6.738103e+01
<MIXTURE> 15 5.387727e-02
<MEAN> 6
 7.129427e+01 -7.781267e+00 1.700927e+02 -2.674523e+00 -7.404643e+00 -1.188423e+02
<VARIANCE> 6
 3.171015e+01 1.281363e+04 1.155935e+04 3.003832e+02 4.056576e+04 5.205853e+07
<GCONST> 6.738103e+01
<STATE> 11
<NUMMIXES> 15
<MIXTURE> 1 8.477847e-02
<MEAN> 6
 6.532059e+01 9.364899e+02 -1.467366e+02 -8.627173e-02 1.448639e-01 -1.261974e+02
<VARIANCE> 6
 3.171015e+01 1.281363e+04 1.155935e+04 3.003832e+02 4.056576e+04 5.205853e+07
<GCONST> 6.738103e+01
<MIXTURE> 2 6.727055e-02
<MEAN> 6
 8.486484e+01 6.632337e+01 -4.978896e+02 -2.369875e+01 -9.586741e+02 -1.868417e+04
<VARIANCE> 6
 1.460801e+02 4.037578e+05 5.286434e+05 7.702408e+02 2.119320e+05 1.067675e+08
<GCONST> 7.949495e+01
<MIXTURE> 3 7.170098e-02
<MEAN> 6
 6.532033e+01 9.366713e+02 -1.466790e+02 -8.556271e-02 1.542724e-01 -1.262959e+02
<VARIANCE> 6
 3.171015e+01 1.281363e+04 1.155935e+04 3.003832e+02 4.056576e+04 5.205853e+07
<GCONST> 6.738103e+01
<MIXTURE> 4 6.326201e-02
<MEAN> 6
 4.889211e+01 4.516930e+02 -7.863958e+01 8.740761e+00 5.094484e+00 -1.077068e+01
<VARIANCE> 6
 3.171015e+01 1.281363e+04 1.155935e+04 3.003832e+02 4.056576e+04 5.205853e+07
<GCONST> 6.738103e+01
<MIXTURE> 5 8.522843e-02
<MEAN> 6
 6.532050e+01 9.365496e+02 -1.467176e+02 -8.603932e-02 1.479523e-01 -1.262308e+02
<VARIANCE> 6
 3.171015e+01 1.281363e+04 1.155935e+04 3.003832e+02 4.056576e+04 5.205853e+07
<GCONST> 6.738103e+01
<MIXTURE> 6 5.928780e-02
<MEAN> 6
 6.515862e+01 8.189258e+02 -1.617158e+02 -6.309102e-01 -7.405223e+00 -2.116335e+02
<VARIANCE> 6
 3.171015e+01 1.368315e+04 1.155935e+04 3.003832e+02 4.056576e+04 5.205853e+07
<GCONST> 6.744669e+01
<MIXTURE> 7 8.670787e-02
<MEAN> 6
 6.532124e+01 9.360409e+02 -1.468792e+02 -8.801948e-02 1.216469e-01 -1.259483e+02
<VARIANCE> 6
 3.171015e+01 1.281363e+04 1.155935e+04 3.003832e+02 4.056576e+04 5.205853e+07
<GCONST> 6.738103e+01
<MIXTURE> 8 8.542271e-02
<MEAN> 6
 6.532202e+01 9.354897e+02 -1.470529e+02 -9.016674e-02 9.321006e-02 -1.256487e+02
<VARIANCE> 6
 3.171015e+01 1.281363e+04 1.155935e+04 3.003832e+02 4.056576e+04 5.205853e+07
<GCONST> 6.738103e+01
<MIXTURE> 9 7.330420e-02
<MEAN> 6
 6.497999e+01 7.695452e+02 -1.606209e+02 -9.354118e-01 -1.296469e+01 -3.201405e+02
<VARIANCE> 6
 3.171015e+01 1.281363e+04 1.155935e+04 3.003832e+02 4.056576e+04 5.205853e+07
<GCONST> 6.738103e+01
<MIXTURE> 10 6.916834e-02
<MEAN> 6
 6.532674e+01 9.318414e+02 -1.481679e+02 -1.044629e-01 -9.338709e-02 -1.238464e+02
<VARIANCE> 6
 3.171015e+01 1.281363e+04 1.155935e+04 3.003832e+02 4.056576e+04 5.205853e+07
<GCONST> 6.738103e+01
<MIXTURE> 11 1.438416e-02
<MEAN> 6
 4.821931e+01 4.715139e+02 -6.875978e+01 -7.991969e+01 3.667019e+02 3.668378e+03
<VARIANCE> 6
 3.171015e+01 1.281363e+04 1.155935e+04 6.667604e+02 4.123291e+04 9.834214e+07
<GCONST> 6.883080e+01
<MIXTURE> 12 6.980880e-02
<MEAN> 6
 6.957856e+01 3.328852e+02 -1.906760e+02 -9.348833e+01 -1.211711e+03 -6.232868e+03
<VARIANCE> 6
 8.319260e+01 3.171769e+05 2.476187e+05 1.048318e+03 6.938934e+04 6.698152e+07
<GCONST> 7.665764e+01
<MIXTURE> 13 5.817882e-02
<MEAN> 6
 4.447847e+01 4.406200e+02 -9.601534e+01 6.207521e+00 4.930927e+01 -2.849088e+02
<VARIANCE> 6
 3.171015e+01 1.281363e+04 1.155935e+04 3.003832e+02 4.056576e+04 5.205853e+07
<GCONST> 6.738103e+01
<MIXTURE> 14 5.330083e-02
<MEAN> 6
 7.361858e+01 2.248372e+02 -1.310839e+03 -1.513183e+02 -1.385943e+03 -7.767106e+02
<VARIANCE> 6
 1.085442e+02 3.031762e+04 5.573741e+05 3.809309e+03 2.345322e+05 9.508917e+07
<GCONST> 7.824577e+01
<MIXTURE> 15 5.819122e-02
<MEAN> 6
 5.777928e+01 2.517663e+02 -9.747817e+02 -2.422744e+02 -1.646681e+03 -2.138149e+03
<VARIANCE> 6
 1.213184e+02 6.740938e+04 9.278101e+05 3.628863e+03 3.513371e+05 6.275880e+07
<GCONST> 7.960579e+01
<STATE> 12
<NUMMIXES> 15
<MIXTURE> 1 5.316727e-03
<MEAN> 6
 7.968521e+01 -2.073587e+02 3.690311e+01 -5.312038e+01 -4.625177e+02 -3.279549e+03
<VARIANCE> 6
 4.399913e+02 1.299782e+06 7.567672e+05 1.127382e+04 6.656760e+05 1.058146e+08
<GCONST> 8.594453e+01
<MIXTURE> 2 5.346825e-02
<MEAN> 6
 9.331065e+01 1.111949e+03 1.193074e+03 -2.803534e+00 6.924858e+00 3.197327e+00
<VARIANCE> 6
 3.171015e+01 1.281363e+04 1.155935e+04 3.003832e+02 4.056576e+04 5.205853e+07
<GCONST> 6.738103e+01
<MIXTURE> 3 9.287771e-02
<MEAN> 6
 5.871011e+01 1.672583e+02 9.835012e+02 7.232513e-02 -1.838387e+00 -1.096872e+02
<VARIANCE> 6
 3.171015e+01 1.281363e+04 1.155935e+04 3.003832e+02 4.056576e+04 5.205853e+07
<GCONST> 6.738103e+01
<MIXTURE> 4 7.026617e-02
<MEAN> 6
 6.176106e+01 2.012530e+02 7.388036e+02 2.065354e+00 2.007630e+01 -1.002909e+02
<VARIANCE> 6
 3.171015e+01 1.281363e+04 1.155935e+04 3.003832e+02 4.056576e+04 5.205853e+07
<GCONST> 6.738103e+01
<MIXTURE> 5 9.015439e-02
<MEAN> 6
 7.650164e+01 4.708421e+02 9.147756e+02 -2.546206e+00 1.678223e+00 8.246211e+00
<VARIANCE> 6
 3.171015e+01 1.281363e+04 1.155935e+04 3.003832e+02 4.056576e+04 5.205853e+07
<GCONST> 6.738103e+01
<MIXTURE> 6 9.298588e-02
<MEAN> 6
 5.871011e+01 1.672583e+02 9.835012e+02 7.232551e-02 -1.838369e+00 -1.096871e+02
<VARIANCE> 6
 3.171015e+01 1.281363e+04 1.155935e+04 3.003832e+02 4.056576e+04 5.205853e+07
<GCONST> 6.738103e+01
<MIXTURE> 7 5.263226e-02
<MEAN> 6
 7.293662e+01 3.510888e+02 7.389362e+02 -1.383631e+00 -2.377410e+00 -4.462579e+01
<VARIANCE> 6
 3.171015e+01 1.281363e+04 1.155935e+04 3.003832e+02 4.056576e+04 5.205853e+07
<GCONST> 6.738103e+01
<MIXTURE> 8 9.321191e-02
<MEAN> 6
 5.871012e+01 1.672585e+02 9.835010e+02 7.232539e-02 -1.838365e+00 -1.096868e+02
<VARIANCE> 6
 3.171015e+01 1.281363e+04 1.155935e+04 3.003832e+02 4.056576e+04 5.205853e+07
<GCONST> 6.738103e+01
<MIXTURE> 9 9.306628e-02
<MEAN> 6
 5.871012e+01 1.672586e+02 9.835007e+02 7.232517e-02 -1.838374e+00 -1.096868e+02
<VARIANCE> 6
 3.171015e+01 1.281363e+04 1.155935e+04 3.003832e+02 4.056576e+04 5.205853e+07
<GCONST> 6.738103e+01
<MIXTURE> 10 7.082103e-02
<MEAN> 6
 6.177011e+01 2.012023e+02 7.381668e+02 2.100775e+00 2.040800e+01 -1.041861e+02
<VARIANCE> 6
 3.171015e+01 1.281363e+04 1.155935e+04 3.003832e+02 4.056576e+04 5.205853e+07
<GCONST> 6.738103e+01
<MIXTURE> 11 8.881942e-02
<MEAN> 6
 7.166305e+01 3.195266e+02 6.515472e+02 -2.463112e+00 -1.769248e+01 -2.702043e+02
<VARIANCE> 6
 3.171015e+01 1.281363e+04 1.155935e+04 3.003832e+02 4.056576e+04 5.205853e+07
<GCONST> 6.738103e+01
<MIXTURE> 12 5.072182e-02
<MEAN> 6
 8.518554e+01 6.781401e+02 1.083317e+03 -6.207970e+00 6.536799e-01 7.890091e+00
<VARIANCE> 6
 3.171015e+01 1.281363e+04 1.155935e+04 3.003832e+02 4.056576e+04 5.205853e+07
<GCONST> 6.738103e+01
<MIXTURE> 13 4.201884e-02
<MEAN> 6
 9.216515e+01 9.365300e+02 1.174372e+03 -4.817818e+00 -5.578142e+00 2.136037e+02
<VARIANCE> 6
 3.171015e+01 1.281363e+04 1.155935e+04 3.003832e+02 4.056576e+04 5.205853e+07
<GCONST> 6.738103e+01
<MIXTURE> 14 5.185299e-02
<MEAN> 6
 7.203632e+01 3.276876e+02 6.830341e+02 -1.684549e+00 -9.061517e+00 -1.544860e+02
<VARIANCE> 6
 3.171015e+01 1.281363e+04 1.155935e+04 3.003832e+02 4.056576e+04 5.205853e+07
<GCONST> 6.738103e+01
<MIXTURE> 15 5.176701e-02
<MEAN> 6
 8.276072e+01 6.257236e+02 1.053870e+03 -5.712617e+00 1.659375e+00 -2.881869e+00
<VARIANCE> 6
 3.171015e+01 1.281363e+04 1.155935e+04 3.003832e+02 4.056576e+04 5.205853e+07
<GCONST> 6.738103e+01
<STATE> 13
<NUMMIXES> 15
<MIXTURE> 1 8.958797e-02
<MEAN> 6
 7.918506e+01 -8.328376e+02 4.088698e+03 -1.396039e+00 -5.272688e+00 -3.927684e+01
<VARIANCE> 6
 3.171015e+01 1.346442e+05 4.001623e+05 3.003832e+02 4.056576e+04 5.205853e+07
<GCONST> 7.327753e+01
<MIXTURE> 2 9.185591e-02
<MEAN> 6
 7.521421e+01 -8.923302e+03 1.475118e+03 -2.622051e+00 -6.826766e+00 -8.526364e+01
<VARIANCE> 6
 3.171015e+01 1.977714e+04 1.766029e+05 3.003832e+02 4.056576e+04 5.205853e+07
<GCONST> 7.054146e+01
<MIXTURE> 3 4.339848e-02
<MEAN> 6
 6.754427e+01 3.195602e+02 8.501093e+02 -3.930057e+00 -6.624679e+00 -3.577917e+01
<VARIANCE> 6
 3.171015e+01 1.281363e+04 6.188431e+05 3.003832e+02 4.056576e+04 5.205853e+07
<GCONST> 7.136139e+01
<MIXTURE> 4 5.618425e-02
<MEAN> 6
 7.725467e+01 -9.610383e+02 -1.793962e+02 -1.689844e+00 -4.959198e+00 5.113159e+02
<VARIANCE> 6
 3.171015e+01 1.795912e+04 6.213412e+04 3.003832e+02 4.056576e+04 5.205853e+07
<GCONST> 6.940042e+01
<MIXTURE> 5 8.750711e-02
<MEAN> 6
 7.249227e+01 -7.305980e+02 1.847338e+03 1.276355e+00 -7.660716e+00 -1.252678e+02
<VARIANCE> 6
 3.171015e+01 1.503081e+04 2.518449e+04 3.003832e+02 4.056576e+04 5.205853e+07
<GCONST> 6.831936e+01
<MIXTURE> 6 7.771952e-02
<MEAN> 6
 6.552895e+01 -9.064580e+02 1.141125e+03 -4.152337e-01 -7.399090e+00 -1.084541e+02
<VARIANCE> 6
 3.171015e+01 1.281363e+04 1.155935e+04 3.003832e+02 4.056576e+04 5.205853e+07
<GCONST> 6.738103e+01
<MIXTURE> 7 9.281635e-02
<MEAN> 6
 5.337643e+01 -4.740368e+02 2.577019e+03 2.627898e-01 -7.531384e+00 -1.115922e+02
<VARIANCE> 6
 3.171015e+01 1.281363e+04 2.451201e+04 3.003832e+02 4.056576e+04 5.205853e+07
<GCONST> 6.813271e+01
<MIXTURE> 8 7.417693e-02
<MEAN> 6
 7.577647e+01 2.861104e+03 4.590761e+02 -2.342745e+00 -1.569034e+01 -5.231749e+01
<VARIANCE> 6
 3.171015e+01 1.281363e+04 1.155935e+04 3.003832e+02 4.056576e+04 5.205853e+07
<GCONST> 6.738103e+01
<MIXTURE> 9 7.386318e-02
<MEAN> 6
 6.470062e+01 -9.727585e+02 1.167431e+03 8.103801e-01 2.169293e+00 -1.844489e+02
<VARIANCE> 6
 3.171015e+01 1.281363e+04 8.831323e+04 3.003832e+02 4.056576e+04 5.205853e+07
<GCONST> 6.941443e+01
<MIXTURE> 10 7.658904e-02
<MEAN> 6
 8.090252e+01 -1.598692e+03 -6.543975e+02 -1.078295e+00 -6.205639e+00 -6.150943e+01
<VARIANCE> 6
 3.171015e+01 1.007465e+05 3.376589e+04 3.003832e+02 4.056576e+04 5.205853e+07
<GCONST> 7.051509e+01
<MIXTURE> 11 6.666975e-02
<MEAN> 6
 6.533305e+01 -5.191913e+02 1.473337e+03 -9.550875e-01 -5.983998e+00 -1.940984e+02
<VARIANCE> 6
 3.171015e+01 1.281363e+04 1.155935e+04 3.003832e+02 4.056576e+04 5.205853e+07
<GCONST> 6.738103e+01
<MIXTURE> 12 7.084485e-02
<MEAN> 6
 7.385198e+01 -1.042982e+03 3.346332e+02 1.939723e+00 1.744572e+01 -6.151016e+02
<VARIANCE> 6
 3.171015e+01 1.434392e+04 5.157410e+04 3.003832e+02 4.056576e+04 5.205853e+07
<GCONST> 6.898937e+01
<MIXTURE> 13 2.307939e-02
<MEAN> 6
 5.653457e+01 -8.017048e+02 1.094372e+03 -6.443919e+00 1.074934e+01 -2.065467e+02
<VARIANCE> 6
 3.914635e+01 1.281363e+04 1.155935e+04 4.951167e+02 4.056576e+04 5.205853e+07
<GCONST> 6.809144e+01
<MIXTURE> 14 6.158600e-02
<MEAN> 6
 6.198882e+01 2.249723e+02 -3.297102e+02 -1.123639e+00 1.026489e+01 1.821507e+02
<VARIANCE> 6
 3.171015e+01 1.281363e+04 1.155935e+04 3.003832e+02 4.056576e+04 5.205853e+07
<GCONST> 6.738103e+01
<MIXTURE> 15 1.410886e-02
<MEAN> 6
 7.479356e+01 -1.056640e+03 1.886598e+03 -2.479959e+01 -2.241778e+01 -2.317654e+02
<VARIANCE> 6
 5.363507e+01 5.317146e+04 5.339220e+04 2.041962e+03 3.220454e+05 9.794908e+07
<GCONST> 7.548023e+01
<STATE> 14
<NUMMIXES> 15
<MIXTURE> 1 1.723123e-02
<MEAN> 6
 -3.907522e+00 -3.042068e+02 -1.960936e+02 -4.687571e+01 -1.862436e+02 7.402250e+03
<VARIANCE> 6
 7.165092e+03 2.534123e+07 1.292775e+06 7.968374e+05 4.155594e+08 6.011090e+11
<GCONST> 1.115801e+02
<MIXTURE> 2 3.586698e-02
<MEAN> 6
 1.077720e+02 8.366215e+02 1.036962e+02 -9.769793e+00 -4.012548e+01 -2.745489e+02
<VARIANCE> 6
 9.311195e+01 1.041240e+07 3.625452e+05 3.003832e+02 4.056576e+04 5.205853e+07
<GCONST> 7.860410e+01
<MIXTURE> 3 6.462856e-02
<MEAN> 6
 1.037713e+02 2.713164e+02 -9.458344e+01 6.652306e+01 -1.101896e+03 -2.089864e+03
<VARIANCE> 6
 7.640278e+02 1.504718e+06 6.546301e+05 3.230385e+04 3.939629e+06 2.772717e+09
<GCONST> 9.259444e+01
<MIXTURE> 4 5.399082e-02
<MEAN> 6
 -2.887327e+01 -9.027010e+01 7.219006e+01 2.111492e+02 8.123263e+02 -3.346805e+03
<VARIANCE> 6
 3.023636e+02 3.515602e+05 2.587897e+05 6.471412e+03 2.720148e+05 5.283275e+07
<GCONST> 8.104420e+01
<MIXTURE> 5 7.655569e-02
<MEAN> 6
 -4.862880e+01 -2.150849e+01 1.505913e+01 -1.029562e+02 1.528708e+03 1.357995e+02
<VARIANCE> 6
 6.191747e+02 8.894874e+05 1.821590e+06 4.830731e+04 1.473244e+06 1.090489e+09
<GCONST> 9.136748e+01
<MIXTURE> 6 5.503438e-02
<MEAN> 6
 3.551440e+01 -5.995369e+01 6.452965e+01 2.768723e+02 -1.049950e+02 -3.747755e+03
<VARIANCE> 6
 8.632261e+02 4.448050e+05 3.134687e+05 7.097857e+03 2.973631e+05 1.387647e+08
<GCONST> 8.366733e+01
<MIXTURE> 7 7.792343e-02
<MEAN> 6
 1.055671e+02 9.624818e+01 5.253457e+02 -6.115029e+00 -3.829115e+01 -3.568336e+02
<VARIANCE> 6
 3.965039e+02 3.218835e+05 1.005151e+06 3.003832e+02 4.056576e+04 5.205853e+07
<GCONST> 7.759616e+01
<MIXTURE> 8 5.837360e-02
<MEAN> 6
 9.770750e+01 5.078856e+01 1.103217e+02 -2.571731e+01 -6.062412e+02 1.397135e+03
<VARIANCE> 6
 3.649217e+02 3.340420e+05 1.053920e+06 1.230254e+04 4.890863e+05 2.022388e+08
<GCONST> 8.515681e+01
<MIXTURE> 9 9.145052e-02
<MEAN> 6
 -6.337159e+01 -4.728788e+00 -1.557642e+02 1.280541e+00 1.550605e+02 2.497240e+02
<VARIANCE> 6
 3.846591e+02 3.506318e+05 8.587248e+05 8.105803e+02 7.341145e+04 5.205853e+07
<GCONST> 7.907978e+01
<MIXTURE> 10 9.269655e-02
<MEAN> 6
 6.585292e+01 -4.996070e+01 4.004964e+01 -3.214982e+01 -3.686170e+02 -8.961411e+01
<VARIANCE> 6
 1.105301e+03 1.241500e+05 2.269843e+05 3.001236e+04 1.550227e+05 5.205853e+07
<GCONST> 8.212558e+01
<MIXTURE> 11 7.032958e-02
<MEAN> 6
 1.709127e+01 -7.886085e+01 1.968485e+01 -3.275975e+02 -3.553312e+02 9.943628e+03
<VARIANCE> 6
 6.590398e+02 3.219026e+05 9.274106e+05 8.335085e+03 8.458771e+05 3.382005e+08
<GCONST> 8.625571e+01
<MIXTURE> 12 1.034397e-01
<MEAN> 6
 7.972886e+01 2.717374e+02 -6.558953e+02 4.370885e-01 -2.713382e+01 -2.326259e+02
<VARIANCE> 6
 1.731793e+02 6.554862e+05 9.828828e+05 3.003832e+02 4.056576e+04 5.205853e+07
<GCONST> 7.745659e+01
<MIXTURE> 13 9.886746e-02
<MEAN> 6
 -5.215693e+01 -6.281890e+01 -6.421394e+00 -7.281449e-01 7.269026e+02 6.638503e+01
<VARIANCE> 6
 3.982690e+02 2.165728e+05 4.333188e+05 1.396958e+04 2.127024e+05 1.121695e+08
<GCONST> 8.262711e+01
<MIXTURE> 14 5.692691e-02
<MEAN> 6
 7.626009e+01 -1.629408e+02 2.017465e+01 -9.298228e+01 -9.096799e+02 -2.314015e+03
<VARIANCE> 6
 3.235053e+02 6.004672e+05 1.036148e+06 2.312696e+04 3.408252e+05 7.607332e+07
<GCONST> 8.489806e+01
<MIXTURE> 15 4.628628e-02
<MEAN> 6
 2.926540e+01 -1.296371e+02 -6.462859e+01 2.584855e+02 -1.869600e+02 -3.973919e+03
<VARIANCE> 6
 8.641729e+02 3.068081e+05 1.710000e+06 6.833563e+03 3.041821e+05 9.719915e+07
<GCONST> 8.462227e+01
<TRANSP> 15
 0.000000e+00 1.000000e+00 0.000000e+00 0.000000e+00 0.000000e+00 0.000000e+00 0.000000e+00 0.000000e+00 0.000000e+00 0.000000e+00 0.000000e+00 0.000000e+00 0.000000e+00 0.000000e+00 0.000000e+00
 0.000000e+00 9.999201e-01 7.984579e-05 0.000000e+00 0.000000e+00 0.000000e+00 0.000000e+00 0.000000e+00 0.000000e+00 0.000000e+00 0.000000e+00 0.000000e+00 0.000000e+00 0.000000e+00 0.000000e+00
 0.000000e+00 0.000000e+00 9.976214e-01 2.378595e-03 0.000000e+00 0.000000e+00 0.000000e+00 0.000000e+00 0.000000e+00 0.000000e+00 0.000000e+00 0.000000e+00 0.000000e+00 0.000000e+00 0.000000e+00
 0.000000e+00 0.000000e+00 0.000000e+00 9.959502e-01 4.049774e-03 0.000000e+00 0.000000e+00 0.000000e+00 0.000000e+00 0.000000e+00 0.000000e+00 0.000000e+00 0.000000e+00 0.000000e+00 0.000000e+00
 0.000000e+00 0.000000e+00 0.000000e+00 0.000000e+00 9.974617e-01 2.538359e-03 0.000000e+00 0.000000e+00 0.000000e+00 0.000000e+00 0.000000e+00 0.000000e+00 0.000000e+00 0.000000e+00 0.000000e+00
 0.000000e+00 0.000000e+00 0.000000e+00 0.000000e+00 0.000000e+00 9.956459e-01 4.354105e-03 0.000000e+00 0.000000e+00 0.000000e+00 0.000000e+00 0.000000e+00 0.000000e+00 0.000000e+00 0.000000e+00
 0.000000e+00 0.000000e+00 0.000000e+00 0.000000e+00 0.000000e+00 0.000000e+00 9.966315e-01 3.368471e-03 0.000000e+00 0.000000e+00 0.000000e+00 0.000000e+00 0.000000e+00 0.000000e+00 0.000000e+00
 0.000000e+00 0.000000e+00 0.000000e+00 0.000000e+00 0.000000e+00 0.000000e+00 0.000000e+00 9.973046e-01 2.695371e-03 0.000000e+00 0.000000e+00 0.000000e+00 0.000000e+00 0.000000e+00 0.000000e+00
 0.000000e+00 0.000000e+00 0.000000e+00 0.000000e+00 0.000000e+00 0.000000e+00 0.000000e+00 0.000000e+00 9.962493e-01 3.750655e-03 0.000000e+00 0.000000e+00 0.000000e+00 0.000000e+00 0.000000e+00
 0.000000e+00 0.000000e+00 0.000000e+00 0.000000e+00 0.000000e+00 0.000000e+00 0.000000e+00 0.000000e+00 0.000000e+00 9.962050e-01 3.795022e-03 0.000000e+00 0.000000e+00 0.000000e+00 0.000000e+00
 0.000000e+00 0.000000e+00 0.000000e+00 0.000000e+00 0.000000e+00 0.000000e+00 0.000000e+00 0.000000e+00 0.000000e+00 0.000000e+00 9.928750e-01 7.124987e-03 0.000000e+00 0.000000e+00 0.000000e+00
 0.000000e+00 0.000000e+00 0.000000e+00 0.000000e+00 0.000000e+00 0.000000e+00 0.000000e+00 0.000000e+00 0.000000e+00 0.000000e+00 0.000000e+00 9.945364e-01 5.463590e-03 0.000000e+00 0.000000e+00
 0.000000e+00 0.000000e+00 0.000000e+00 0.000000e+00 0.000000e+00 0.000000e+00 0.000000e+00 0.000000e+00 0.000000e+00 0.000000e+00 0.000000e+00 0.000000e+00 9.983876e-01 1.612371e-03 0.000000e+00
 0.000000e+00 0.000000e+00 0.000000e+00 0.000000e+00 0.000000e+00 0.000000e+00 0.000000e+00 0.000000e+00 0.000000e+00 0.000000e+00 0.000000e+00 0.000000e+00 0.000000e+00 9.999079e-01 9.215523e-05
 0.000000e+00 0.000000e+00 0.000000e+00 0.000000e+00 0.000000e+00 0.000000e+00 0.000000e+00 0.000000e+00 0.000000e+00 0.000000e+00 0.000000e+00 0.000000e+00 0.000000e+00 0.000000e+00 0.000000e+00
<ENDHMM>
~h "SegundoESO"
<BEGINHMM>
<NUMSTATES> 15
<STATE> 2
<NUMMIXES> 15
<MIXTURE> 1 8.422998e-02
<MEAN> 6
 7.713103e+01 -3.204275e+03 3.329993e+03 -2.932779e+00 -1.135835e+01 2.750797e+01
<VARIANCE> 6
 3.171015e+01 4.777463e+06 1.255971e+07 3.003832e+02 4.056576e+04 5.205853e+07
<GCONST> 8.029294e+01
<MIXTURE> 2 4.194447e-02
<MEAN> 6
 8.060851e+01 1.586702e+02 3.210108e+03 3.572228e-01 -4.325211e+00 -1.587841e+02
<VARIANCE> 6
 3.171015e+01 2.344230e+05 1.155935e+04 3.003832e+02 4.056576e+04 5.205853e+07
<GCONST> 7.028765e+01
<MIXTURE> 3 5.755385e-02
<MEAN> 6
 6.669653e+01 8.964064e+02 -6.824675e+02 3.112618e+00 -6.477264e+00 -2.138260e+01
<VARIANCE> 6
 4.742754e+01 2.829621e+04 5.580130e+04 3.003832e+02 4.056576e+04 5.205853e+07
<GCONST> 7.015012e+01
<MIXTURE> 4 7.175332e-02
<MEAN> 6
 7.174860e+01 1.320488e+04 -1.200220e+03 -6.880588e-01 -3.601629e+00 -1.656995e+02
<VARIANCE> 6
 3.171015e+01 1.281363e+04 1.157604e+04 3.003832e+02 4.056576e+04 5.205853e+07
<GCONST> 6.738248e+01
<MIXTURE> 5 7.322221e-02
<MEAN> 6
 5.842194e+01 6.755068e+02 -3.076697e+03 2.441006e+00 -2.934797e+00 -1.538236e+02
<VARIANCE> 6
 3.171015e+01 1.281363e+04 2.598649e+05 3.003832e+02 4.056576e+04 5.205853e+07
<GCONST> 7.049370e+01
<MIXTURE> 6 6.574266e-02
<MEAN> 6
 7.414010e+01 6.859105e+02 -2.131046e+03 -7.770563e-02 -2.130845e+00 -1.861060e+02
<VARIANCE> 6
 3.171015e+01 6.396043e+05 3.056881e+04 3.003832e+02 4.056576e+04 5.205853e+07
<GCONST> 7.226385e+01
<MIXTURE> 7 7.315923e-02
<MEAN> 6
 5.502498e+01 1.235081e+02 -3.289030e+03 2.499265e-01 -1.011355e+00 -1.499435e+02
<VARIANCE> 6
 3.171015e+01 1.281363e+04 1.200908e+06 3.003832e+02 4.056576e+04 5.205853e+07
<GCONST> 7.202437e+01
<MIXTURE> 8 6.271975e-02
<MEAN> 6
 7.849250e+01 1.633598e+03 1.563562e+03 -5.060570e-01 6.486366e-01 -1.026221e+01
<VARIANCE> 6
 3.171015e+01 2.021509e+05 2.063100e+05 3.003832e+02 4.056576e+04 5.205853e+07
<GCONST> 7.302142e+01
<MIXTURE> 9 5.222999e-02
<MEAN> 6
 6.619734e+01 3.198126e+03 -1.269856e+03 -8.166209e-01 -2.061117e+01 -1.134324e+02
<VARIANCE> 6
 3.171015e+01 3.549385e+05 1.155935e+04 3.003832e+02 4.056576e+04 5.205853e+07
<GCONST> 7.070247e+01
<MIXTURE> 10 8.149424e-02
<MEAN> 6
 7.426188e+01 7.071868e+02 -2.853358e+03 4.319205e-01 -4.488597e+00 2.701749e+00
<VARIANCE> 6
 3.171015e+01 4.529324e+05 1.661025e+05 3.003832e+02 4.056576e+04 5.205853e+07
<GCONST> 7.361137e+01
<MIXTURE> 11 6.317145e-02
<MEAN> 6
 5.538922e+01 6.149762e+02 -4.885315e+03 1.639474e+00 2.374158e-01 1.911889e+01
<VARIANCE> 6
 3.171015e+01 1.281363e+04 6.464059e+05 3.003832e+02 4.056576e+04 5.205853e+07
<GCONST> 7.140497e+01
<MIXTURE> 12 6.920429e-02
<MEAN> 6
 5.937297e+01 1.761994e+03 -1.108193e+03 3.505432e-01 1.585442e-01 -1.511962e+01
<VARIANCE> 6
 3.171015e+01 5.444303e+04 1.151880e+05 3.003832e+02 4.056576e+04 5.205853e+07
<GCONST> 7.112675e+01
<MIXTURE> 13 7.641137e-02
<MEAN> 6
 7.337732e+01 -1.281447e+03 2.647037e+03 2.291931e+00 7.094805e+00 -2.381487e+02
<VARIANCE> 6
 3.171015e+01 5.195165e+05 1.676150e+05 3.003832e+02 4.056576e+04 5.205853e+07
<GCONST> 7.375760e+01
<MIXTURE> 14 7.882527e-02
<MEAN> 6
 6.631132e+01 8.225630e+02 -1.230572e+03 1.279765e-01 -6.087308e+00 -1.136243e+02
<VARIANCE> 6
 3.171015e+01 1.281363e+04 1.155935e+04 3.003832e+02 4.056576e+04 5.205853e+07
<GCONST> 6.738103e+01
<MIXTURE> 15 4.831630e-02
<MEAN> 6
 7.655183e+01 2.354709e+03 8.764265e+02 3.083295e-01 7.418828e+00 -1.346902e+02
<VARIANCE> 6
 3.171015e+01 7.002663e+05 3.791841e+05 3.003832e+02 4.056576e+04 5.205853e+07
<GCONST> 7.487251e+01
<STATE> 3
<NUMMIXES> 15
<MIXTURE> 1 8.222151e-02
<MEAN> 6
 7.485813e+01 6.601621e+02 9.143441e+02 3.417448e-01 -6.629786e+00 -4.886947e+01
<VARIANCE> 6
 3.171015e+01 1.281363e+04 1.245889e+05 3.003832e+02 4.056576e+04 5.205853e+07
<GCONST> 6.975856e+01
<MIXTURE> 2 6.696769e-02
<MEAN> 6
 8.106058e+01 2.906837e+02 4.411570e+02 -2.738587e+00 5.981678e-01 -9.787788e+01
<VARIANCE> 6
 3.171015e+01 1.355730e+04 1.497609e+04 3.003832e+02 4.056576e+04 5.205853e+07
<GCONST> 6.769641e+01
<MIXTURE> 3 2.787928e-02
<MEAN> 6
 6.865059e+01 -4.468568e+02 3.700997e+02 -1.090874e-01 -4.174685e+00 -1.111261e+02
<VARIANCE> 6
 3.171015e+01 6.084479e+05 1.944595e+04 3.003832e+02 4.056576e+04 5.205853e+07
<GCONST> 7.176158e+01
<MIXTURE> 4 7.655557e-03
<MEAN> 6
 6.408226e+01 -1.097001e+02 8.178875e+02 -6.722410e+00 1.510570e+02 5.814846e+02
<VARIANCE> 6
 1.589999e+02 9.665802e+05 2.940217e+06 2.901459e+03 1.126075e+05 5.205853e+07
<GCONST> 8.214420e+01
<MIXTURE> 5 7.908179e-02
<MEAN> 6
 6.721853e+01 5.149657e+00 2.090866e+02 -4.818717e-01 -7.710287e+00 -1.534713e+02
<VARIANCE> 6
 3.171015e+01 1.281363e+04 1.155935e+04 3.003832e+02 4.056576e+04 5.205853e+07
<GCONST> 6.738103e+01
<MIXTURE> 6 8.538928e-02
<MEAN> 6
 7.158090e+01 3.961088e+02 1.325831e+02 4.005285e-01 -6.322731e+00 -1.892153e+02
<VARIANCE> 6
 3.171015e+01 1.281363e+04 1.155935e+04 3.003832e+02 4.056576e+04 5.205853e+07
<GCONST> 6.738103e+01
<MIXTURE> 7 4.986253e-02
<MEAN> 6
 7.905830e+01 -1.243487e+02 1.509370e+03 -1.896369e+00 4.129152e-01 -1.634630e+02
<VARIANCE> 6
 3.171015e+01 9.236885e+04 2.252038e+05 3.003832e+02 4.056576e+04 5.205853e+07
<GCONST> 7.232582e+01
<MIXTURE> 8 1.160955e-01
<MEAN> 6
 6.637386e+01 -3.910899e+02 3.618507e+02 -1.770897e-01 -2.961896e+00 -7.600637e+01
<VARIANCE> 6
 3.171015e+01 1.281363e+04 1.155935e+04 3.003832e+02 4.056576e+04 5.205853e+07
<GCONST> 6.738103e+01
<MIXTURE> 9 9.832940e-02
<MEAN> 6
 7.324545e+01 6.504577e+02 3.612400e+02 -5.165628e-01 -1.796635e+00 -9.173218e+01
<VARIANCE> 6
 3.171015e+01 1.491826e+04 1.155935e+04 3.003832e+02 4.056576e+04 5.205853e+07
<GCONST> 6.753311e+01
<MIXTURE> 10 5.575290e-02
<MEAN> 6
 6.374007e+01 1.223841e+02 3.504935e+02 -9.699158e-01 -7.227431e+00 -3.164009e+02
<VARIANCE> 6
 3.171015e+01 1.281363e+04 1.171893e+04 3.003832e+02 4.056576e+04 5.205853e+07
<GCONST> 6.739474e+01
<MIXTURE> 11 8.772042e-02
<MEAN> 6
 6.068836e+01 -3.257882e+02 1.559890e+02 -2.907633e-01 3.440654e-01 -1.147929e+02
<VARIANCE> 6
 3.171015e+01 2.633962e+04 1.155935e+04 3.003832e+02 4.056576e+04 5.205853e+07
<GCONST> 6.810159e+01
<MIXTURE> 12 4.555698e-02
<MEAN> 6
 6.666137e+01 -8.937836e+01 1.647142e+03 -1.464080e+00 -3.632804e+00 -1.666587e+02
<VARIANCE> 6
 6.758724e+01 1.755309e+04 1.155935e+04 3.003832e+02 4.056576e+04 5.205853e+07
<GCONST> 6.845254e+01
<MIXTURE> 13 7.525303e-02
<MEAN> 6
 7.420287e+01 2.968672e+02 6.487017e+02 -1.483476e+00 -2.186213e+00 -4.740066e+01
<VARIANCE> 6
 3.171015e+01 2.811190e+04 4.065509e+05 3.003832e+02 4.056576e+04 5.205853e+07
<GCONST> 7.172693e+01
<MIXTURE> 14 7.137080e-02
<MEAN> 6
 7.270350e+01 -4.009384e+02 9.118219e+02 -1.428599e+00 -1.466269e+00 -5.656019e+01
<VARIANCE> 6
 3.171015e+01 1.281363e+04 3.765826e+04 3.003832e+02 4.056576e+04 5.205853e+07
<GCONST> 6.856209e+01
<MIXTURE> 15 5.080324e-02
<MEAN> 6
 6.697495e+01 4.599337e+01 2.267843e+02 -7.075310e-01 -8.885400e+00 -1.997193e+02
<VARIANCE> 6
 3.171015e+01 1.281363e+04 1.155935e+04 3.003832e+02 4.056576e+04 5.205853e+07
<GCONST> 6.738103e+01
<STATE> 4
<NUMMIXES> 15
<MIXTURE> 1 7.490283e-03
<MEAN> 6
 7.181967e+01 -8.691275e+03 2.231273e+04 -2.239139e+01 1.195730e+02 5.888756e+00
<VARIANCE> 6
 2.440084e+02 3.060174e+06 3.425448e+06 7.642358e+03 5.894868e+05 1.157270e+08
<GCONST> 8.730040e+01
<MIXTURE> 2 3.620546e-02
<MEAN> 6
 1.654265e+01 1.347647e+04 -1.015592e+02 1.048685e+01 7.713357e+01 2.170162e+02
<VARIANCE> 6
 3.311518e+03 2.193202e+05 4.431644e+05 2.569442e+04 3.568556e+05 6.436166e+07
<GCONST> 8.535155e+01
<MIXTURE> 3 1.176943e-01
<MEAN> 6
 -4.581523e+01 -3.448621e+02 8.152629e+02 -3.036241e+01 1.196409e+03 1.326477e+03
<VARIANCE> 6
 1.392209e+02 7.036202e+06 3.689508e+06 2.174172e+04 3.627698e+05 2.383760e+08
<GCONST> 8.892878e+01
<MIXTURE> 4 9.584457e-02
<MEAN> 6
 3.175929e+01 -5.708318e+03 3.411678e+02 1.613491e+01 -5.662833e+01 -3.770192e+02
<VARIANCE> 6
 2.138405e+03 2.189039e+05 1.258731e+05 2.488932e+04 1.626284e+05 5.205853e+07
<GCONST> 8.262379e+01
<MIXTURE> 5 3.730244e-02
<MEAN> 6
 9.761808e+01 5.534147e+02 2.567494e+03 -7.352619e-01 -7.918868e+01 -4.239158e+02
<VARIANCE> 6
 8.658128e+01 1.977330e+06 5.360789e+05 3.003832e+02 4.056576e+04 5.205853e+07
<GCONST> 7.726126e+01
<MIXTURE> 6 9.079889e-02
<MEAN> 6
 3.946004e+01 8.918795e+02 1.125267e+02 2.406450e+02 -3.122410e+02 -1.727381e+03
<VARIANCE> 6
 6.239249e+02 6.170658e+06 4.864909e+06 2.008275e+03 1.535836e+05 5.205853e+07
<GCONST> 8.581108e+01
<MIXTURE> 7 6.321409e-02
<MEAN> 6
 -5.610266e+01 1.074286e+03 8.770723e+02 2.452756e+01 1.464498e+02 -6.771722e+01
<VARIANCE> 6
 9.100463e+01 2.454685e+06 3.674106e+06 3.848211e+02 6.952357e+04 5.205853e+07
<GCONST> 8.023859e+01
<MIXTURE> 8 6.209365e-02
<MEAN> 6
 9.573938e+01 3.658934e+02 2.115133e+02 -6.230635e+00 -1.164194e+03 -1.070444e+03
<VARIANCE> 6
 1.662093e+02 2.528168e+07 4.561282e+06 1.675994e+04 8.226384e+05 4.135621e+08
<GCONST> 9.170655e+01
<MIXTURE> 9 4.726174e-02
<MEAN> 6
 -1.411467e+01 -1.007434e+02 6.107944e+02 2.482255e+02 5.382369e+02 -8.407158e+03
<VARIANCE> 6
 2.131877e+02 5.275174e+06 5.254640e+06 3.175986e+03 2.324757e+05 1.190142e+08
<GCONST> 8.635725e+01
<MIXTURE> 10 1.197782e-01
<MEAN> 6
 1.971954e+01 5.519250e+02 5.900766e+02 -2.604452e+02 -1.742987e+02 4.732102e+03
<VARIANCE> 6
 1.063163e+03 7.262620e+06 5.775763e+06 3.072539e+03 4.342956e+05 1.311438e+08
<GCONST> 8.906725e+01
<MIXTURE> 11 5.375724e-02
<MEAN> 6
 9.716032e+01 -6.955144e+03 -5.416793e+01 -8.642635e+00 -1.142038e+02 9.711804e+01
<VARIANCE> 6
 3.171015e+01 5.349544e+05 1.691316e+05 3.003832e+02 4.056576e+04 5.205853e+07
<GCONST> 7.379588e+01
<MIXTURE> 12 3.598053e-02
<MEAN> 6
 -1.962196e+01 2.874695e+02 -1.246546e+03 8.405652e-01 1.719043e+01 3.022917e+02
<VARIANCE> 6
 3.171015e+01 1.281363e+04 1.521830e+06 3.003832e+02 4.056576e+04 5.205853e+07
<GCONST> 7.226121e+01
<MIXTURE> 13 1.020870e-01
<MEAN> 6
 7.696302e+01 -4.806517e+02 1.129372e+03 1.637469e+01 -4.743764e+02 -4.224482e+02
<VARIANCE> 6
 1.952654e+02 1.787256e+06 2.035772e+06 1.172620e+04 2.018926e+05 5.205853e+07
<GCONST> 8.457715e+01
<MIXTURE> 14 7.238973e-02
<MEAN> 6
 9.093132e+01 -2.461654e+03 -5.213687e+02 -9.520420e+00 -1.795089e+00 -5.366308e+02
<VARIANCE> 6
 3.171015e+01 1.467506e+07 6.772134e+05 3.003832e+02 4.056576e+04 5.205853e+07
<GCONST> 7.849492e+01
<MIXTURE> 15 5.807949e-02
<MEAN> 6
 -5.513498e+01 -3.266551e+03 9.091918e+02 -1.845355e+00 1.307796e+02 1.266663e+02
<VARIANCE> 6
 3.171015e+01 5.842910e+06 9.045292e+05 3.200634e+02 4.396695e+04 5.205853e+07
<GCONST> 7.800740e+01
<STATE> 5
<NUMMIXES> 15
<MIXTURE> 1 2.891769e-02
<MEAN> 6
 6.700294e+01 1.847814e+03 -5.737829e+01 -7.231851e-01 -1.668509e+00 9.330330e+00
<VARIANCE> 6
 3.171015e+01 2.083531e+04 1.155935e+04 3.003832e+02 4.056576e+04 5.205853e+07
<GCONST> 6.786717e+01
<MIXTURE> 2 3.946988e-02
<MEAN> 6
 7.400071e+01 1.183822e+03 -7.427067e+02 -1.525103e+00 -8.340433e+00 -7.337887e+01
<VARIANCE> 6
 3.171015e+01 5.647980e+04 1.155935e+04 3.003832e+02 4.056576e+04 5.205853e+07
<GCONST> 6.886440e+01
<MIXTURE> 3 1.078726e-01
<MEAN> 6
 5.892608e+01 2.309928e+03 -2.925655e+02 3.559793e-01 -5.392589e+00 -2.104277e+02
<VARIANCE> 6
 3.171015e+01 1.654804e+05 1.155935e+04 3.003832e+02 4.056576e+04 5.205853e+07
<GCONST> 6.993938e+01
<MIXTURE> 4 7.435994e-02
<MEAN> 6
 6.351497e+01 -7.960432e+01 -1.324469e+03 6.105360e-01 3.604949e-01 -1.074830e+02
<VARIANCE> 6
 3.171015e+01 3.365479e+04 1.997518e+05 3.003832e+02 4.056576e+04 5.205853e+07
<GCONST> 7.119626e+01
<MIXTURE> 5 5.363464e-02
<MEAN> 6
 6.705366e+01 6.059766e+02 -2.464084e+02 6.815024e-02 -2.438259e+00 -1.749613e+02
<VARIANCE> 6
 3.171015e+01 2.553394e+04 1.155935e+04 3.003832e+02 4.056576e+04 5.205853e+07
<GCONST> 6.807053e+01
<MIXTURE> 6 8.499225e-02
<MEAN> 6
 7.549163e+01 4.285502e+02 -8.158643e+02 -1.847185e-01 -8.155646e+00 -5.841039e+01
<VARIANCE> 6
 3.171015e+01 1.922610e+04 4.992122e+04 3.003832e+02 4.056576e+04 5.205853e+07
<GCONST> 6.924974e+01
<MIXTURE> 7 9.153188e-02
<MEAN> 6
 6.453666e+01 -6.197095e+02 -6.246637e+01 4.059970e-01 -4.138472e+00 -1.985719e+02
<VARIANCE> 6
 3.171015e+01 2.466886e+04 1.217941e+04 3.003832e+02 4.056576e+04 5.205853e+07
<GCONST> 6.808832e+01
<MIXTURE> 8 6.680095e-02
<MEAN> 6
 6.602563e+01 -3.369492e+01 -1.933188e+02 -5.156556e-01 -1.240876e+01 -2.433618e+02
<VARIANCE> 6
 3.171015e+01 1.281363e+04 1.155935e+04 3.003832e+02 4.056576e+04 5.205853e+07
<GCONST> 6.738103e+01
<MIXTURE> 9 6.778176e-02
<MEAN> 6
 6.302665e+01 -2.243842e+02 -4.209841e+02 6.595175e-02 8.610266e-01 -1.024341e+01
<VARIANCE> 6
 3.171015e+01 1.479671e+05 1.155935e+04 3.003832e+02 4.056576e+04 5.205853e+07
<GCONST> 6.982751e+01
<MIXTURE> 10 7.960908e-02
<MEAN> 6
 7.409025e+01 1.059496e+02 -6.607771e+02 -6.611620e-01 -4.426227e+00 -1.631685e+02
<VARIANCE> 6
 3.171015e+01 1.281363e+04 1.155935e+04 3.003832e+02 4.056576e+04 5.205853e+07
<GCONST> 6.738103e+01
<MIXTURE> 11 5.797114e-02
<MEAN> 6
 6.881249e+01 1.104240e+03 8.807124e+01 -1.122899e+00 -6.135941e+00 -1.417320e+02
<VARIANCE> 6
 3.171015e+01 4.635218e+04 1.155935e+04 3.003832e+02 4.056576e+04 5.205853e+07
<GCONST> 6.866679e+01
<MIXTURE> 12 9.497552e-02
<MEAN> 6
 6.824715e+01 4.447466e+02 -2.482560e+02 -4.524570e-02 -2.608988e+00 -8.825894e+01
<VARIANCE> 6
 3.171015e+01 1.281363e+04 1.155935e+04 3.003832e+02 4.056576e+04 5.205853e+07
<GCONST> 6.738103e+01
<MIXTURE> 13 4.756637e-02
<MEAN> 6
 6.435503e+01 -9.824795e+02 7.211782e+01 -6.930007e-02 -3.224250e+00 6.108044e+01
<VARIANCE> 6
 3.171015e+01 5.099832e+04 1.155935e+04 3.003832e+02 4.056576e+04 5.205853e+07
<GCONST> 6.876231e+01
<MIXTURE> 14 4.748827e-02
<MEAN> 6
 6.028344e+01 -4.228767e+02 -6.007749e+02 -8.156426e-02 -1.785979e+00 -6.391003e+01
<VARIANCE> 6
 3.171015e+01 1.796154e+05 3.711008e+04 3.003832e+02 4.056576e+04 5.205853e+07
<GCONST> 7.118774e+01
<MIXTURE> 15 5.696645e-02
<MEAN> 6
 6.881473e+01 1.095848e+03 8.573317e+01 -1.028820e+00 -5.931954e+00 -1.560571e+02
<VARIANCE> 6
 3.171015e+01 4.120350e+04 1.155935e+04 3.003832e+02 4.056576e+04 5.205853e+07
<GCONST> 6.854905e+01
<STATE> 6
<NUMMIXES> 15
<MIXTURE> 1 8.373383e-02
<MEAN> 6
 8.803606e+01 -1.632749e+03 4.319383e+02 5.545919e-01 -5.172646e+00 -2.115776e+02
<VARIANCE> 6
 3.171015e+01 1.281363e+04 2.147199e+04 3.003832e+02 4.056576e+04 5.205853e+07
<GCONST> 6.800029e+01
<MIXTURE> 2 6.450987e-02
<MEAN> 6
 8.815784e+01 -2.902958e+03 -6.888225e+01 -2.466648e+00 1.317760e+01 -1.153185e+01
<VARIANCE> 6
 3.171015e+01 4.584615e+05 7.867785e+04 3.003832e+02 4.056576e+04 5.205853e+07
<GCONST> 7.287627e+01
<MIXTURE> 3 4.607566e-02
<MEAN> 6
 9.048284e+01 -6.983756e+02 4.066890e+02 -3.402259e+00 6.834153e+00 5.781746e+01
<VARIANCE> 6
 6.290201e+01 6.799742e+04 1.155935e+04 3.003832e+02 4.056576e+04 5.205853e+07
<GCONST> 6.973493e+01
<MIXTURE> 4 7.562525e-02
<MEAN> 6
 6.888583e+01 -2.240193e+03 4.569402e+02 1.527707e+00 -8.812745e+00 1.914165e+01
<VARIANCE> 6
 3.171015e+01 1.268275e+05 5.582851e+05 3.003832e+02 4.056576e+04 5.205853e+07
<GCONST> 7.355073e+01
<MIXTURE> 5 7.049665e-02
<MEAN> 6
 7.803526e+01 -4.322533e+02 2.495452e+02 3.625751e-01 1.731910e+00 -1.625169e+02
<VARIANCE> 6
 3.171015e+01 1.281363e+04 7.621716e+04 3.003832e+02 4.056576e+04 5.205853e+07
<GCONST> 6.926712e+01
<MIXTURE> 6 6.435291e-02
<MEAN> 6
 8.022742e+01 -1.267085e+03 -1.286400e+02 -2.787606e+00 -4.034531e+00 -9.301243e+01
<VARIANCE> 6
 3.171015e+01 5.165957e+04 1.172919e+04 3.003832e+02 4.056576e+04 5.205853e+07
<GCONST> 6.878978e+01
<MIXTURE> 7 6.977650e-02
<MEAN> 6
 8.336073e+01 -7.885005e+02 1.321362e+02 -1.442780e-01 -3.285796e+00 -1.236681e+02
<VARIANCE> 6
 3.171015e+01 1.281363e+04 1.155935e+04 3.003832e+02 4.056576e+04 5.205853e+07
<GCONST> 6.738103e+01
<MIXTURE> 8 6.348103e-02
<MEAN> 6
 6.588367e+01 -1.910694e+03 -3.760377e+02 1.922332e-01 -6.192495e+00 -2.543992e+02
<VARIANCE> 6
 3.171015e+01 7.495915e+04 1.155935e+04 3.003832e+02 4.056576e+04 5.205853e+07
<GCONST> 6.914747e+01
<MIXTURE> 9 4.881444e-02
<MEAN> 6
 8.763528e+01 -6.595638e+02 -4.469500e+02 -3.866536e+00 -9.108307e+00 -1.510021e+02
<VARIANCE> 6
 3.171015e+01 7.142614e+04 2.554953e+04 3.003832e+02 4.056576e+04 5.205853e+07
<GCONST> 6.989231e+01
<MIXTURE> 10 6.940433e-02
<MEAN> 6
 8.335033e+01 -7.890610e+02 1.346827e+02 -1.426761e-01 -3.287792e+00 -1.256055e+02
<VARIANCE> 6
 3.171015e+01 1.281363e+04 1.155935e+04 3.003832e+02 4.056576e+04 5.205853e+07
<GCONST> 6.738103e+01
<MIXTURE> 11 6.873729e-02
<MEAN> 6
 8.144673e+01 -8.098552e+02 3.827417e+02 -3.587255e-01 -1.560386e+01 2.720669e+00
<VARIANCE> 6
 3.171015e+01 1.281363e+04 3.959070e+04 3.003832e+02 4.056576e+04 5.205853e+07
<GCONST> 6.861214e+01
<MIXTURE> 12 8.942296e-02
<MEAN> 6
 7.353891e+01 -1.540914e+03 -9.357534e+00 -8.902536e-01 -7.064674e+00 -2.738527e+02
<VARIANCE> 6
 3.171015e+01 2.718461e+05 1.304101e+04 3.003832e+02 4.056576e+04 5.205853e+07
<GCONST> 7.055637e+01
<MIXTURE> 13 6.969488e-02
<MEAN> 6
 8.324756e+01 -7.974175e+02 1.385382e+02 -1.384077e-01 -3.046729e+00 -1.277434e+02
<VARIANCE> 6
 3.171015e+01 1.281363e+04 1.155935e+04 3.003832e+02 4.056576e+04 5.205853e+07
<GCONST> 6.738103e+01
<MIXTURE> 14 6.970133e-02
<MEAN> 6
 8.317754e+01 -8.034811e+02 1.401420e+02 -1.353749e-01 -2.878591e+00 -1.283532e+02
<VARIANCE> 6
 3.171015e+01 1.281363e+04 1.155935e+04 3.003832e+02 4.056576e+04 5.205853e+07
<GCONST> 6.738103e+01
<MIXTURE> 15 4.613646e-02
<MEAN> 6
 6.395937e+01 -2.402728e+03 -5.528030e+02 -1.666866e-01 -1.791369e+00 -1.003429e+02
<VARIANCE> 6
 3.171015e+01 3.168205e+04 1.508345e+04 3.003832e+02 4.056576e+04 5.205853e+07
<GCONST> 6.855238e+01
<STATE> 7
<NUMMIXES> 15
<MIXTURE> 1 6.288505e-02
<MEAN> 6
 1.043434e+02 -1.228411e+03 3.069770e+03 -2.863158e+00 -1.627464e+02 -1.221864e+03
<VARIANCE> 6
 3.361362e+02 5.549939e+05 2.451697e+07 3.003832e+02 6.444348e+04 5.205853e+07
<GCONST> 8.163284e+01
<MIXTURE> 2 7.391467e-02
<MEAN> 6
 1.015863e+02 -2.931144e+03 1.314377e+04 -6.832297e-01 -4.869864e+00 1.753763e+02
<VARIANCE> 6
 3.171015e+01 2.302303e+05 7.668717e+05 3.003832e+02 4.056576e+04 5.205853e+07
<GCONST> 7.446443e+01
<MIXTURE> 3 3.754722e-02
<MEAN> 6
 8.029473e+01 -4.024063e+03 1.685683e+04 3.278800e+01 -2.505256e+02 2.777148e+02
<VARIANCE> 6
 3.171015e+01 2.178159e+05 6.287496e+05 1.609385e+03 4.056576e+04 5.205853e+07
<GCONST> 7.588896e+01
<MIXTURE> 4 6.476216e-02
<MEAN> 6
 1.002373e+02 -3.743448e+03 1.075730e+04 -4.110807e+00 -6.203899e+00 6.074450e+00
<VARIANCE> 6
 3.171015e+01 1.306162e+04 4.894950e+05 3.003832e+02 4.056576e+04 5.205853e+07
<GCONST> 7.114608e+01
<MIXTURE> 5 1.043907e-01
<MEAN> 6
 9.113968e+01 -4.425107e+03 3.042582e+03 8.957934e-02 -1.366236e+00 -1.688272e+01
<VARIANCE> 6
 3.171015e+01 1.281363e+04 1.442467e+05 3.003832e+02 4.056576e+04 5.205853e+07
<GCONST> 6.990506e+01
<MIXTURE> 6 8.147768e-02
<MEAN> 6
 8.338783e+01 -4.676208e+03 8.157272e+03 4.105673e-01 -1.614724e+00 1.572754e+00
<VARIANCE> 6
 3.171015e+01 1.281363e+04 7.929371e+05 3.003832e+02 4.056576e+04 5.205853e+07
<GCONST> 7.160928e+01
<MIXTURE> 7 7.028945e-02
<MEAN> 6
 8.255766e+01 -4.886309e+03 1.256912e+04 1.731156e-01 4.480447e+00 -6.648577e+01
<VARIANCE> 6
 3.171015e+01 1.281363e+04 4.866750e+06 3.003832e+02 4.056576e+04 5.205853e+07
<GCONST> 7.342372e+01
<MIXTURE> 8 5.185402e-02
<MEAN> 6
 9.269547e+01 -4.159411e+03 6.441891e+03 -2.782050e+00 1.118364e+00 -1.030456e+00
<VARIANCE> 6
 3.171015e+01 1.281363e+04 8.879790e+04 3.003832e+02 4.056576e+04 5.205853e+07
<GCONST> 6.941991e+01
<MIXTURE> 9 7.026896e-02
<MEAN> 6
 8.828492e+01 -4.332248e+03 4.508581e+03 -5.529736e-01 -1.242803e+01 -1.461789e+02
<VARIANCE> 6
 3.171015e+01 1.281363e+04 2.079674e+05 3.003832e+02 4.056576e+04 5.205853e+07
<GCONST> 7.027092e+01
<MIXTURE> 10 7.648083e-02
<MEAN> 6
 9.024665e+01 -4.524293e+03 2.065827e+03 -3.590020e+00 -5.230489e+01 -1.013929e+03
<VARIANCE> 6
 3.171015e+01 1.281363e+04 7.289646e+04 3.003832e+02 4.056576e+04 5.205853e+07
<GCONST> 6.922258e+01
<MIXTURE> 11 5.317838e-02
<MEAN> 6
 8.833244e+01 -4.334783e+03 5.528364e+03 -4.151295e-01 3.728553e+00 -1.601216e+01
<VARIANCE> 6
 3.171015e+01 1.281363e+04 2.124092e+05 3.003832e+02 4.056576e+04 5.205853e+07
<GCONST> 7.029205e+01
<MIXTURE> 12 7.224640e-02
<MEAN> 6
 8.239006e+01 -4.974288e+03 1.244000e+04 3.733203e-01 1.988832e+00 -5.815296e+00
<VARIANCE> 6
 3.171015e+01 1.281363e+04 2.105450e+06 3.003832e+02 4.056576e+04 5.205853e+07
<GCONST> 7.258582e+01
<MIXTURE> 13 7.731716e-02
<MEAN> 6
 9.569920e+01 -3.972279e+03 8.071420e+03 -5.320888e+00 2.595107e+00 1.013213e+01
<VARIANCE> 6
 3.171015e+01 1.281363e+04 7.494723e+05 3.003832e+02 4.056576e+04 5.205853e+07
<GCONST> 7.155291e+01
<MIXTURE> 14 5.016429e-02
<MEAN> 6
 8.844884e+01 -4.349914e+03 4.029622e+03 -5.901140e+00 -8.442500e+01 -9.662590e+02
<VARIANCE> 6
 3.171015e+01 1.281363e+04 3.782380e+04 3.003832e+02 4.056576e+04 5.205853e+07
<GCONST> 6.856647e+01
<MIXTURE> 15 5.321603e-02
<MEAN> 6
 8.480619e+01 -4.441071e+03 5.950743e+03 -3.117189e-01 1.692113e+00 2.260023e+00
<VARIANCE> 6
 3.171015e+01 1.281363e+04 3.672720e+05 3.003832e+02 4.056576e+04 5.205853e+07
<GCONST> 7.083965e+01
<STATE> 8
<NUMMIXES> 15
<MIXTURE> 1 7.036201e-02
<MEAN> 6
 -4.448715e+01 2.323037e+02 1.144312e+02 -1.935497e+02 1.518466e+03 7.597348e+03
<VARIANCE> 6
 2.202682e+02 1.149211e+06 1.021062e+06 1.401116e+04 8.761492e+05 6.879338e+08
<GCONST> 8.779315e+01
<MIXTURE> 2 6.750709e-02
<MEAN> 6
 8.571883e+01 -2.147021e+02 1.401703e+02 -8.163138e+00 -7.083195e+01 -3.991112e+02
<VARIANCE> 6
 1.365011e+02 7.599309e+05 3.330349e+05 3.003832e+02 4.056576e+04 5.205853e+07
<GCONST> 7.628419e+01
<MIXTURE> 3 4.487815e-02
<MEAN> 6
 -2.353724e+01 -3.998496e+01 2.626474e+01 2.540675e+02 7.836335e+02 -8.938860e+03
<VARIANCE> 6
 7.836320e+01 6.512048e+05 2.600997e+05 3.170514e+03 1.523919e+05 6.913908e+07
<GCONST> 7.929151e+01
<MIXTURE> 4 6.758694e-02
<MEAN> 6
 8.756887e+01 -1.366406e+01 3.602618e+01 3.002888e+01 -1.136487e+03 -1.022079e+03
<VARIANCE> 6
 2.930525e+02 2.468568e+06 7.732219e+05 1.786962e+04 1.027011e+06 7.102067e+08
<GCONST> 8.899917e+01
<MIXTURE> 5 7.413656e-02
<MEAN> 6
 -4.518927e+01 -5.565175e+00 8.284715e+01 1.306061e+02 9.309530e+02 1.634625e+03
<VARIANCE> 6
 8.625022e+01 6.087559e+05 2.108852e+05 3.860407e+03 1.528987e+05 5.205853e+07
<GCONST> 7.902670e+01
<MIXTURE> 6 8.454607e-02
<MEAN> 6
 4.993865e+01 7.128149e+01 1.168163e+02 2.081400e+02 -4.888215e+02 -6.521187e+02
<VARIANCE> 6
 2.252141e+02 1.224722e+06 3.817102e+05 2.721127e+03 1.261862e+05 5.205853e+07
<GCONST> 8.073715e+01
<MIXTURE> 7 8.999302e-02
<MEAN> 6
 -6.748828e+00 2.331118e+02 2.415914e+01 -2.485444e+02 1.772021e+02 2.744573e+03
<VARIANCE> 6
 3.969563e+02 7.167871e+05 3.604842e+05 3.699945e+03 1.584897e+05 1.242778e+08
<GCONST> 8.211637e+01
<MIXTURE> 8 6.504200e-02
<MEAN> 6
 2.770277e+01 -5.141720e+01 -4.095366e+01 -2.907186e+02 -4.372868e+02 6.687945e+03
<VARIANCE> 6
 3.825831e+02 3.271622e+06 1.567630e+06 4.583285e+03 2.976677e+05 1.415011e+08
<GCONST> 8.604181e+01
<MIXTURE> 9 5.847962e-02
<MEAN> 6
 8.293539e+01 -5.577819e+01 1.812078e+02 2.665295e+01 -5.238748e+02 6.419825e+02
<VARIANCE> 6
 1.815602e+02 7.515469e+05 4.945014e+05 8.213415e+03 1.043208e+05 5.205853e+07
<GCONST> 8.120667e+01
<MIXTURE> 10 8.357974e-02
<MEAN> 6
 -5.967575e+01 -8.324540e+01 5.668248e+01 1.478838e+01 1.973657e+02 1.798677e+02
<VARIANCE> 6
 8.919305e+01 6.434342e+05 4.793077e+05 5.507977e+02 6.516100e+04 5.205853e+07
<GCONST> 7.713660e+01
<MIXTURE> 11 6.857486e-02
<MEAN> 6
 7.205983e+00 -1.138038e+01 -3.141090e+01 2.658405e+02 -5.214065e+01 -5.336048e+03
<VARIANCE> 6
 1.786550e+02 8.832441e+05 4.063257e+05 3.862002e+03 1.150344e+05 7.719494e+07
<GCONST> 8.089275e+01
<MIXTURE> 12 7.599416e-02
<MEAN> 6
 6.119443e+01 1.760303e+02 5.849358e+01 -1.896476e+02 -8.302623e+02 1.886699e+03
<VARIANCE> 6
 2.215806e+02 5.665711e+05 2.370491e+05 3.641279e+03 1.694459e+05 5.205853e+07
<GCONST> 8.005969e+01
<MIXTURE> 13 1.214758e-02
<MEAN> 6
 4.062511e+01 -3.531560e+02 -6.323502e+02 2.325927e+02 -5.651195e+02 -3.178331e+03
<VARIANCE> 6
 4.014956e+02 2.886099e+05 1.783707e+06 1.033555e+04 1.295251e+05 6.263594e+07
<GCONST> 8.295732e+01
<MIXTURE> 14 7.564644e-02
<MEAN> 6
 -5.837385e+01 4.083153e+01 6.151221e+01 -5.552045e+00 9.537415e+02 -4.041160e+03
<VARIANCE> 6
 8.778625e+01 5.523162e+05 5.004373e+05 6.069003e+03 1.851027e+05 1.213047e+08
<GCONST> 8.130071e+01
<MIXTURE> 15 6.130159e-02
<MEAN> 6
 7.831609e+01 -2.692334e+02 1.193991e+02 -8.991327e+00 -7.382294e+02 -3.360098e+03
<VARIANCE> 6
 1.181648e+02 4.983764e+05 4.336227e+05 9.350416e+03 1.516818e+05 6.138769e+07
<GCONST> 8.090382e+01
<STATE> 9
<NUMMIXES> 15
<MIXTURE> 1 1.035405e-01
<MEAN> 6
 1.850154e+01 1.045997e+02 -7.640900e+01 2.016173e+02 -4.881400e+01 -1.547710e+03
<VARIANCE> 6
 1.844359e+02 1.136320e+06 4.756417e+05 1.987699e+03 4.056576e+04 5.205853e+07
<GCONST> 7.923358e+01
<MIXTURE> 2 5.112421e-02
<MEAN> 6
 9.476830e+01 5.505599e+02 -3.090839e+01 1.509314e+01 -9.874660e+02 1.367204e+04
<VARIANCE> 6
 2.254518e+02 9.885046e+05 9.210473e+05 1.664366e+03 1.809927e+05 1.331133e+08
<GCONST> 8.221271e+01
<MIXTURE> 3 9.041856e-02
<MEAN> 6
 -9.653556e+00 -6.673857e+01 -2.914081e+02 2.217372e+02 3.386159e+02 -4.331494e+03
<VARIANCE> 6
 1.666328e+02 7.169680e+05 7.610736e+05 3.590209e+03 4.056576e+04 5.205853e+07
<GCONST> 7.973285e+01
<MIXTURE> 4 5.650501e-02
<MEAN> 6
 8.347575e+01 8.602388e+02 -3.241199e+02 1.506430e+02 -6.373184e+02 -8.151876e+03
<VARIANCE> 6
 2.221347e+02 8.139186e+05 3.187768e+05 9.819470e+02 5.005671e+05 1.893719e+08
<GCONST> 8.178467e+01
<MIXTURE> 5 7.037792e-02
<MEAN> 6
 7.939389e+01 -9.821667e+02 2.275929e+01 1.342654e+02 -9.064997e+02 -3.394916e+03
<VARIANCE> 6
 3.565289e+02 4.128921e+06 5.910274e+05 1.849923e+04 1.745060e+06 1.195584e+09
<GCONST> 9.052651e+01
<MIXTURE> 6 7.386179e-02
<MEAN> 6
 5.408246e+01 2.594088e+02 2.340580e+01 1.896837e+02 -4.450026e+02 -9.841028e+02
<VARIANCE> 6
 1.285922e+02 2.360364e+06 7.016089e+05 1.302464e+03 7.983639e+04 5.205853e+07
<GCONST> 8.024699e+01
<MIXTURE> 7 1.222301e-01
<MEAN> 6
 -3.890387e+01 -9.391071e+02 -2.285835e+02 4.162450e+01 5.235050e+02 6.041653e+01
<VARIANCE> 6
 6.957889e+01 2.025933e+05 1.710050e+06 8.731586e+03 1.758462e+05 5.205853e+07
<GCONST> 8.076067e+01
<MIXTURE> 8 2.845654e-02
<MEAN> 6
 2.110566e+01 -1.316626e+03 -9.042896e+02 2.549267e+02 -1.278816e+02 -4.886119e+03
<VARIANCE> 6
 3.685831e+02 1.088917e+06 4.359576e+06 4.168390e+03 2.144429e+05 5.205853e+07
<GCONST> 8.450447e+01
<MIXTURE> 9 4.708603e-02
<MEAN> 6
 -7.037396e+00 -2.639807e+02 1.061915e+02 1.711018e+02 -1.226517e+01 -5.680466e-02
<VARIANCE> 6
 7.417722e+01 3.634221e+05 1.093877e+05 7.754579e+02 1.685614e+05 1.266240e+08
<GCONST> 7.708493e+01
<MIXTURE> 10 5.065316e-02
<MEAN> 6
 5.573850e+01 1.256755e+02 2.097923e+02 1.091345e+02 -1.689628e+02 1.203999e+03
<VARIANCE> 6
 1.329929e+02 4.986322e+05 1.662664e+05 8.948633e+02 4.056576e+04 5.205853e+07
<GCONST> 7.623376e+01
<MIXTURE> 11 5.874056e-02
<MEAN> 6
 8.330357e+01 -1.900335e+02 1.508874e+01 8.079583e+01 -5.749835e+02 -3.815201e+02
<VARIANCE> 6
 1.559650e+02 4.497987e+05 7.648573e+05 1.330495e+03 7.744215e+04 5.205853e+07
<GCONST> 7.885937e+01
<MIXTURE> 12 5.954222e-02
<MEAN> 6
 2.687056e+01 -1.622092e+01 -3.078639e+02 2.508446e+02 -3.322863e+02 -3.969250e+03
<VARIANCE> 6
 1.057375e+02 2.221126e+05 6.844712e+05 2.290196e+03 4.056576e+04 5.205853e+07
<GCONST> 7.755052e+01
<MIXTURE> 13 8.867766e-02
<MEAN> 6
 5.701775e+01 2.543352e+02 -2.806002e+02 1.989030e+02 -5.721960e+02 -4.895624e+02
<VARIANCE> 6
 2.492682e+02 1.074745e+05 3.226015e+05 2.527476e+03 4.056576e+04 5.205853e+07
<GCONST> 7.702851e+01
<MIXTURE> 14 4.080796e-02
<MEAN> 6
 -5.528305e+01 -3.038251e+02 -2.607691e+03 4.929929e+00 1.336737e+02 2.556578e+01
<VARIANCE> 6
 3.171015e+01 1.239441e+05 3.198231e+06 4.895110e+02 6.667816e+04 5.319452e+07
<GCONST> 7.628010e+01
<MIXTURE> 15 5.795179e-02
<MEAN> 6
 7.693002e+01 -5.196716e+02 -1.945451e+02 8.262241e+01 -7.719036e+02 4.544001e+02
<VARIANCE> 6
 1.075495e+02 7.966266e+05 1.743154e+06 1.528192e+03 2.409749e+05 5.205853e+07
<GCONST> 8.115672e+01
<STATE> 10
<NUMMIXES> 15
<MIXTURE> 1 6.459149e-02
<MEAN> 6
 1.112036e+02 1.079934e+03 -7.238867e+02 -7.282625e+00 -1.744522e+01 5.156707e+02
<VARIANCE> 6
 3.171015e+01 4.368261e+05 5.455352e+04 3.003832e+02 4.056576e+04 5.205853e+07
<GCONST> 7.246175e+01
<MIXTURE> 2 7.940867e-02
<MEAN> 6
 7.072273e+01 -3.999809e+03 3.004274e+03 -1.449522e+00 -2.357658e+00 -1.387888e+02
<VARIANCE> 6
 3.171015e+01 1.020161e+05 5.723306e+05 3.003832e+02 4.056576e+04 5.205853e+07
<GCONST> 7.335788e+01
<MIXTURE> 3 7.081626e-02
<MEAN> 6
 9.019930e+01 9.562565e+02 -7.546507e+02 -4.712256e+00 4.864869e+00 2.170650e+02
<VARIANCE> 6
 3.171015e+01 1.266836e+05 1.299116e+06 3.003832e+02 4.056576e+04 5.205853e+07
<GCONST> 7.439417e+01
<MIXTURE> 4 2.397287e-02
<MEAN> 6
 6.309320e+01 2.128792e+03 4.788782e+02 -2.877989e+00 1.186139e+01 1.928307e+02
<VARIANCE> 6
 3.171015e+01 2.966480e+05 1.155935e+04 3.003832e+02 4.056576e+04 5.205853e+07
<GCONST> 7.052307e+01
<MIXTURE> 5 6.014365e-02
<MEAN> 6
 7.143250e+01 -6.421956e+02 1.950082e+03 -3.033418e+00 -5.031710e-01 -1.224786e+02
<VARIANCE> 6
 3.171015e+01 1.281363e+04 4.099803e+04 3.003832e+02 4.056576e+04 5.205853e+07
<GCONST> 6.864706e+01
<MIXTURE> 6 8.312657e-02
<MEAN> 6
 8.955088e+01 1.851683e+03 -1.308817e+03 -2.870773e+00 -9.087707e-01 1.986493e+01
<VARIANCE> 6
 1.101769e+02 2.895330e+05 6.110904e+04 3.003832e+02 4.056576e+04 5.205853e+07
<GCONST> 7.340941e+01
<MIXTURE> 7 8.254010e-02
<MEAN> 6
 8.489010e+01 -7.477392e+02 5.253434e+02 -4.370841e+00 -2.227607e+01 3.652130e+02
<VARIANCE> 6
 5.324773e+01 5.994637e+04 1.183299e+05 3.003832e+02 4.056576e+04 5.205853e+07
<GCONST> 7.176827e+01
<MIXTURE> 8 1.054759e-01
<MEAN> 6
 9.512869e+01 -2.301076e+02 -9.667360e+02 -5.574515e+00 -6.918840e+00 8.354609e+01
<VARIANCE> 6
 3.171015e+01 1.281363e+04 1.014253e+06 3.003832e+02 4.056576e+04 5.205853e+07
<GCONST> 7.185545e+01
<MIXTURE> 9 9.016865e-02
<MEAN> 6
 1.047460e+02 6.155598e+02 -5.085827e+02 -6.854575e+00 5.803508e+00 1.511730e+02
<VARIANCE> 6
 3.171015e+01 1.925949e+05 1.786901e+05 3.003832e+02 4.056576e+04 5.205853e+07
<GCONST> 7.282927e+01
<MIXTURE> 10 4.410345e-02
<MEAN> 6
 8.629926e+01 -9.063224e+02 2.324631e+03 -5.112445e+00 -7.815914e+00 1.609611e+02
<VARIANCE> 6
 3.171015e+01 1.838118e+04 8.947952e+05 3.003832e+02 4.056576e+04 5.205853e+07
<GCONST> 7.209095e+01
<MIXTURE> 11 6.345954e-02
<MEAN> 6
 9.246490e+01 -6.269694e+02 -1.291960e+03 -3.441952e+00 -4.048580e+00 9.619438e+01
<VARIANCE> 6
 5.965344e+01 1.891206e+04 9.725756e+04 3.003832e+02 4.056576e+04 5.205853e+07
<GCONST> 7.053210e+01
<MIXTURE> 12 7.943969e-02
<MEAN> 6
 7.356590e+01 -2.799606e+03 1.398807e+02 -5.838092e+00 3.548485e+00 1.845513e+02
<VARIANCE> 6
 1.190308e+02 2.386793e+06 1.295233e+05 3.003832e+02 4.056576e+04 5.205853e+07
<GCONST> 7.634734e+01
<MIXTURE> 13 6.256913e-02
<MEAN> 6
 8.907055e+01 2.391047e+02 7.894615e+02 -2.362520e+00 -1.084391e+01 3.208512e+02
<VARIANCE> 6
 3.171015e+01 3.293141e+04 3.393870e+06 3.003832e+02 4.056576e+04 5.205853e+07
<GCONST> 7.400718e+01
<MIXTURE> 14 2.690058e-02
<MEAN> 6
 7.505070e+01 -8.473093e+02 -1.270972e+03 -2.887289e+00 3.824451e+00 2.662359e+02
<VARIANCE> 6
 3.171015e+01 2.130198e+04 1.147105e+06 3.003832e+02 4.056576e+04 5.205853e+07
<GCONST> 7.248682e+01
<MIXTURE> 15 6.325001e-02
<MEAN> 6
 8.548542e+01 -1.132898e+03 2.980030e+01 -3.529928e+00 -6.495090e+00 2.498483e+02
<VARIANCE> 6
 3.171015e+01 7.258950e+04 2.497359e+05 3.003832e+02 4.056576e+04 5.205853e+07
<GCONST> 7.218826e+01
<STATE> 11
<NUMMIXES> 15
<MIXTURE> 1 4.659997e-02
<MEAN> 6
 7.383602e+01 9.665473e+02 2.887353e+01 -3.172546e+00 1.674849e+01 -1.809535e+02
<VARIANCE> 6
 3.171015e+01 1.932751e+04 1.155935e+04 3.003832e+02 4.056576e+04 5.205853e+07
<GCONST> 6.779205e+01
<MIXTURE> 2 9.303903e-02
<MEAN> 6
 6.363599e+01 2.371766e+02 -1.972620e+03 -1.068386e+00 -4.633035e+00 -7.280200e+01
<VARIANCE> 6
 3.171015e+01 1.281363e+04 3.262791e+04 3.003832e+02 4.056576e+04 5.205853e+07
<GCONST> 6.841871e+01
<MIXTURE> 3 8.995306e-02
<MEAN> 6
 9.227256e+01 2.543442e+02 -4.591945e+02 -4.184551e+00 -1.000780e+00 -5.535687e+01
<VARIANCE> 6
 3.171015e+01 1.965612e+04 1.155935e+04 3.003832e+02 4.056576e+04 5.205853e+07
<GCONST> 6.780891e+01
<MIXTURE> 4 8.988149e-02
<MEAN> 6
 7.357558e+01 4.498398e+02 5.738207e+02 -4.172616e+00 -9.107779e+00 6.050980e+01
<VARIANCE> 6
 3.171015e+01 1.785090e+04 1.697626e+04 3.003832e+02 4.056576e+04 5.205853e+07
<GCONST> 6.809689e+01
<MIXTURE> 5 1.076145e-01
<MEAN> 6
 7.885172e+01 -1.333713e+02 1.946069e+02 -9.950280e-01 -8.062620e+00 1.265802e+02
<VARIANCE> 6
 3.171015e+01 1.281363e+04 1.155935e+04 3.003832e+02 4.056576e+04 5.205853e+07
<GCONST> 6.738103e+01
<MIXTURE> 6 1.959861e-02
<MEAN> 6
 7.604806e+01 1.787122e+03 -3.798445e+02 -3.320624e+00 1.731553e+01 -2.664866e+02
<VARIANCE> 6
 3.171015e+01 2.164291e+05 1.155935e+04 3.003832e+02 4.056576e+04 5.205853e+07
<GCONST> 7.020779e+01
<MIXTURE> 7 7.342581e-02
<MEAN> 6
 7.693611e+01 6.139014e+02 -4.192719e+02 -2.454744e+00 -4.842323e-01 -1.231491e+01
<VARIANCE> 6
 3.171015e+01 3.571621e+05 1.502936e+05 3.003832e+02 4.056576e+04 5.205853e+07
<GCONST> 7.327380e+01
<MIXTURE> 8 5.000941e-02
<MEAN> 6
 8.305868e+01 4.868136e+01 5.638873e+02 -3.845778e+00 -1.504947e+01 1.799834e+02
<VARIANCE> 6
 3.171015e+01 1.281363e+04 1.308550e+05 3.003832e+02 4.056576e+04 5.205853e+07
<GCONST> 6.980763e+01
<MIXTURE> 9 6.088743e-02
<MEAN> 6
 8.795036e+01 2.539079e+02 -1.815359e+02 -2.617077e+00 -4.914050e+00 -7.074641e+01
<VARIANCE> 6
 4.014510e+01 1.281363e+04 2.001723e+04 3.003832e+02 4.056576e+04 5.205853e+07
<GCONST> 6.816599e+01
<MIXTURE> 10 5.574622e-02
<MEAN> 6
 7.927685e+01 -2.570779e+02 -1.376912e+02 -1.900525e+00 -1.136577e+01 -5.819323e+01
<VARIANCE> 6
 3.171015e+01 1.281363e+04 1.233420e+04 3.003832e+02 4.056576e+04 5.205853e+07
<GCONST> 6.744592e+01
<MIXTURE> 11 8.570446e-02
<MEAN> 6
 7.800802e+01 -5.988583e+01 -5.776318e+02 -3.083498e+00 -8.269386e+00 -3.283133e+02
<VARIANCE> 6
 3.171015e+01 2.413444e+04 8.015366e+04 3.003832e+02 4.056576e+04 5.205853e+07
<GCONST> 6.995061e+01
<MIXTURE> 12 4.899877e-02
<MEAN> 6
 7.758941e+01 7.532463e+02 -5.444240e+02 -2.422580e+00 -1.366854e+01 2.276967e+02
<VARIANCE> 6
 3.171015e+01 2.574141e+04 4.944454e+04 3.003832e+02 4.056576e+04 5.205853e+07
<GCONST> 6.953198e+01
<MIXTURE> 13 5.077356e-02
<MEAN> 6
 7.534051e+01 8.173323e-01 -1.269150e+03 -5.187227e+00 -3.134920e+00 -1.331832e+02
<VARIANCE> 6
 3.171015e+01 1.814337e+04 3.215781e+05 3.003832e+02 4.056576e+04 5.205853e+07
<GCONST> 7.105457e+01
<MIXTURE> 14 6.998006e-02
<MEAN> 6
 8.402478e+01 2.754809e+02 -1.986016e+02 -1.210729e+00 -8.197553e+00 -1.281586e+02
<VARIANCE> 6
 3.171015e+01 1.281363e+04 1.155935e+04 3.003832e+02 4.056576e+04 5.205853e+07
<GCONST> 6.738103e+01
<MIXTURE> 15 5.776012e-02
<MEAN> 6
 7.617621e+01 -3.193395e+02 -1.373382e+02 -2.425189e+00 -6.597981e+00 -4.658760e+01
<VARIANCE> 6
 3.171015e+01 1.281363e+04 1.289972e+04 3.003832e+02 4.056576e+04 5.205853e+07
<GCONST> 6.749075e+01
<STATE> 12
<NUMMIXES> 15
<MIXTURE> 1 5.869885e-02
<MEAN> 6
 5.933082e+01 4.832540e+02 1.056349e+02 -9.167279e-02 -3.769314e+00 -1.522558e+02
<VARIANCE> 6
 3.171015e+01 1.281363e+04 1.155935e+04 3.003832e+02 4.056576e+04 5.205853e+07
<GCONST> 6.738103e+01
<MIXTURE> 2 4.560972e-02
<MEAN> 6
 5.447655e+01 8.405358e+02 -1.213448e+00 1.544472e+00 1.033527e+00 -1.194406e+02
<VARIANCE> 6
 3.171015e+01 1.281363e+04 1.155935e+04 3.003832e+02 4.056576e+04 5.205853e+07
<GCONST> 6.738103e+01
<MIXTURE> 3 8.968613e-02
<MEAN> 6
 6.342421e+01 3.581160e+02 -1.742545e+02 6.497726e-01 -1.128334e+01 -1.624080e+02
<VARIANCE> 6
 3.171015e+01 1.281363e+04 1.155935e+04 3.003832e+02 4.056576e+04 5.205853e+07
<GCONST> 6.738103e+01
<MIXTURE> 4 5.294912e-02
<MEAN> 6
 6.433721e+01 -7.843359e+02 -5.115466e+01 -4.012072e+00 7.141845e-01 1.898304e+01
<VARIANCE> 6
 3.262203e+01 1.448059e+05 1.031056e+05 3.003832e+02 4.056576e+04 5.205853e+07
<GCONST> 7.202253e+01
<MIXTURE> 5 1.079355e-01
<MEAN> 6
 6.118248e+01 8.478819e+01 -1.024196e+01 -2.974901e-01 -7.785387e+00 -1.847747e+02
<VARIANCE> 6
 3.171015e+01 1.281363e+04 1.155935e+04 3.003832e+02 4.056576e+04 5.205853e+07
<GCONST> 6.738103e+01
<MIXTURE> 6 5.484165e-02
<MEAN> 6
 5.945512e+01 2.831530e+01 -9.731546e+01 -5.532070e-02 -4.401619e+00 -1.664445e+02
<VARIANCE> 6
 3.171015e+01 1.281363e+04 1.155935e+04 3.003832e+02 4.056576e+04 5.205853e+07
<GCONST> 6.738103e+01
<MIXTURE> 7 3.936487e-02
<MEAN> 6
 5.447648e+01 8.405411e+02 -1.212503e+00 1.544378e+00 1.033488e+00 -1.194339e+02
<VARIANCE> 6
 3.171015e+01 1.281363e+04 1.155935e+04 3.003832e+02 4.056576e+04 5.205853e+07
<GCONST> 6.738103e+01
<MIXTURE> 8 5.539503e-02
<MEAN> 6
 6.082322e+01 2.716556e+01 -6.413249e+01 -2.739884e-01 -4.926320e+00 -1.704731e+02
<VARIANCE> 6
 3.171015e+01 1.281363e+04 1.155935e+04 3.003832e+02 4.056576e+04 5.205853e+07
<GCONST> 6.738103e+01
<MIXTURE> 9 5.871580e-02
<MEAN> 6
 5.933028e+01 4.832917e+02 1.055938e+02 -9.141652e-02 -3.768041e+00 -1.522454e+02
<VARIANCE> 6
 3.171015e+01 1.281363e+04 1.155935e+04 3.003832e+02 4.056576e+04 5.205853e+07
<GCONST> 6.738103e+01
<MIXTURE> 10 1.183742e-01
<MEAN> 6
 5.849803e+01 2.164101e+01 -1.221552e+02 1.287197e-01 -3.842468e+00 -1.584700e+02
<VARIANCE> 6
 3.171015e+01 1.281363e+04 1.155935e+04 3.003832e+02 4.056576e+04 5.205853e+07
<GCONST> 6.738103e+01
<MIXTURE> 11 8.983520e-02
<MEAN> 6
 6.342421e+01 3.581160e+02 -1.742545e+02 6.497729e-01 -1.128337e+01 -1.624082e+02
<VARIANCE> 6
 3.171015e+01 1.281363e+04 1.155935e+04 3.003832e+02 4.056576e+04 5.205853e+07
<GCONST> 6.738103e+01
<MIXTURE> 12 5.863500e-02
<MEAN> 6
 5.932976e+01 4.833286e+02 1.055533e+02 -9.116582e-02 -3.766802e+00 -1.522355e+02
<VARIANCE> 6
 3.171015e+01 1.281363e+04 1.155935e+04 3.003832e+02 4.056576e+04 5.205853e+07
<GCONST> 6.738103e+01
<MIXTURE> 13 5.863763e-02
<MEAN> 6
 5.932882e+01 4.833948e+02 1.054808e+02 -9.071241e-02 -3.764549e+00 -1.522173e+02
<VARIANCE> 6
 3.171015e+01 1.281363e+04 1.155935e+04 3.003832e+02 4.056576e+04 5.205853e+07
<GCONST> 6.738103e+01
<MIXTURE> 14 5.658427e-02
<MEAN> 6
 5.922330e+01 2.116766e+01 -1.064959e+02 -3.864667e-03 -4.141743e+00 -1.631896e+02
<VARIANCE> 6
 3.171015e+01 1.281363e+04 1.155935e+04 3.003832e+02 4.056576e+04 5.205853e+07
<GCONST> 6.738103e+01
<MIXTURE> 15 5.470716e-02
<MEAN> 6
 5.823569e+01 1.952806e+01 -1.292085e+02 1.859481e-01 -3.656691e+00 -1.554537e+02
<VARIANCE> 6
 3.171015e+01 1.281363e+04 1.155935e+04 3.003832e+02 4.056576e+04 5.205853e+07
<GCONST> 6.738103e+01
<STATE> 13
<NUMMIXES> 15
<MIXTURE> 1 5.150454e-02
<MEAN> 6
 6.781570e+01 3.069549e+02 1.068591e+03 -2.285130e+00 -3.825539e+01 8.649134e+01
<VARIANCE> 6
 1.127986e+02 2.096825e+06 7.774371e+05 3.003832e+02 4.056576e+04 5.205853e+07
<GCONST> 7.795618e+01
<MIXTURE> 2 6.919063e-02
<MEAN> 6
 2.741126e+01 2.209597e+03 -3.306074e+03 3.176777e+01 -2.726106e+01 -1.024655e+01
<VARIANCE> 6
 1.158026e+03 2.821644e+06 1.602804e+06 2.328709e+04 7.473217e+04 5.205853e+07
<GCONST> 8.626703e+01
<MIXTURE> 3 9.071266e-02
<MEAN> 6
 -3.948712e+01 3.677385e+02 -3.261588e+02 -3.845579e+00 7.632408e+02 -6.441958e+02
<VARIANCE> 6
 1.476299e+02 1.256396e+06 2.461366e+06 1.202618e+04 1.932886e+05 9.670387e+07
<GCONST> 8.473589e+01
<MIXTURE> 4 1.951599e-02
<MEAN> 6
 7.605362e+01 -1.405477e+03 6.091868e+02 -4.793410e+00 -7.468554e+02 3.232564e+02
<VARIANCE> 6
 6.522971e+02 1.199081e+07 7.108200e+06 2.076341e+04 9.588836e+05 4.560121e+08
<GCONST> 9.323668e+01
<MIXTURE> 5 5.861750e-02
<MEAN> 6
 3.702106e+01 5.194534e+02 6.096760e+02 1.171566e+02 -1.075959e+02 -8.970594e+02
<VARIANCE> 6
 3.983871e+02 2.702426e+05 1.119376e+06 2.258266e+03 4.056576e+04 5.205853e+07
<GCONST> 7.955095e+01
<MIXTURE> 6 5.094419e-02
<MEAN> 6
 4.650586e+01 -7.554628e+02 -2.146313e+02 -8.257078e+01 -2.543035e+02 1.470979e+03
<VARIANCE> 6
 2.076753e+02 3.115241e+06 3.716341e+05 1.313978e+04 5.330554e+04 5.205853e+07
<GCONST> 8.227579e+01
<MIXTURE> 7 1.072560e-01
<MEAN> 6
 4.835442e+00 -2.877462e+02 1.377699e+02 -1.669716e+02 1.276333e+02 3.031743e+03
<VARIANCE> 6
 4.720149e+02 8.907358e+05 1.247525e+06 2.267662e+03 1.693852e+05 1.154670e+08
<GCONST> 8.325168e+01
<MIXTURE> 8 9.738965e-02
<MEAN> 6
 6.566859e+01 1.083336e+02 -5.009135e+01 -1.910929e+01 -4.576721e+02 -4.267193e+02
<VARIANCE> 6
 1.122864e+02 3.602622e+05 1.014541e+06 9.257416e+03 8.024945e+04 5.205853e+07
<GCONST> 8.056681e+01
<MIXTURE> 9 5.908898e-02
<MEAN> 6
 7.672794e+01 2.485133e+02 -8.374189e+02 -1.709922e+01 -5.852024e+02 3.834787e+02
<VARIANCE> 6
 1.906436e+02 2.611798e+06 4.113319e+06 9.912328e+03 1.396899e+05 5.205853e+07
<GCONST> 8.509955e+01
<MIXTURE> 10 7.204335e-02
<MEAN> 6
 -5.041162e+01 1.499353e+02 5.797840e+01 5.447262e+00 1.968714e+02 -1.051924e+02
<VARIANCE> 6
 1.610204e+02 3.471495e+05 2.482097e+06 7.438741e+02 4.832100e+04 5.205853e+07
<GCONST> 7.875629e+01
<MIXTURE> 11 8.337305e-02
<MEAN> 6
 -1.495903e+01 4.652102e+01 3.568070e+02 4.192484e+01 1.720363e+02 -9.987070e+02
<VARIANCE> 6
 2.020791e+02 1.628299e+05 5.884849e+05 9.964068e+03 8.552948e+04 5.205853e+07
<GCONST> 7.995293e+01
<MIXTURE> 12 4.062151e-02
<MEAN> 6
 9.389761e+01 3.066161e+02 -3.918335e+03 -3.392559e+00 -3.655817e+01 2.963770e+01
<VARIANCE> 6
 2.165663e+02 1.915964e+06 4.286807e+06 3.003832e+02 4.056576e+04 5.205853e+07
<GCONST> 8.022556e+01
<MIXTURE> 13 5.977400e-02
<MEAN> 6
 7.877802e+01 -2.657882e+02 7.504371e+02 -7.456069e+00 -4.429267e+01 -1.981152e+02
<VARIANCE> 6
 4.754920e+01 1.180961e+05 2.089076e+06 3.003832e+02 4.056576e+04 5.205853e+07
<GCONST> 7.520413e+01
<MIXTURE> 14 7.432969e-02
<MEAN> 6
 -1.747698e+01 1.010909e+00 -2.069341e+02 5.652312e+01 1.659720e+02 -1.089618e+03
<VARIANCE> 6
 2.018377e+02 7.450912e+05 1.668215e+05 7.262717e+03 7.592598e+04 5.205853e+07
<GCONST> 7.977657e+01
<MIXTURE> 15 6.543960e-02
<MEAN> 6
 3.016092e+01 5.930902e+01 -2.008502e+02 1.304518e+02 -4.015142e+01 -1.020876e+03
<VARIANCE> 6
 5.136910e+02 5.952785e+05 6.179464e+05 1.824860e+03 4.056576e+04 5.205853e+07
<GCONST> 7.978764e+01
<STATE> 14
<NUMMIXES> 15
<MIXTURE> 1 2.962019e-02
<MEAN> 6
 -4.190300e+01 5.868856e+01 7.380962e+01 -6.890616e+01 1.289957e+03 2.234596e+03
<VARIANCE> 6
 2.457041e+02 1.312354e+05 4.492742e+05 2.295981e+04 5.565516e+05 4.292094e+08
<GCONST> 8.448000e+01
<MIXTURE> 2 5.571326e-02
<MEAN> 6
 7.949971e+01 -2.648146e+02 -3.438330e+01 2.989466e+01 -9.535472e+02 -2.088822e+03
<VARIANCE> 6
 1.697567e+02 4.993108e+05 7.459936e+04 1.021635e+04 6.112190e+05 2.990904e+08
<GCONST> 8.257371e+01
<MIXTURE> 3 5.452966e-02
<MEAN> 6
 1.031553e+01 6.552269e+01 7.975151e+01 2.261021e+02 -1.575217e+02 -5.106393e+03
<VARIANCE> 6
 4.998376e+02 7.225699e+04 9.560676e+04 2.942163e+03 1.731275e+05 1.164329e+08
<GCONST> 7.851904e+01
<MIXTURE> 4 4.508864e-02
<MEAN> 6
 8.285883e+01 -2.314427e+02 1.307851e+02 -8.124935e+00 -5.030145e+01 3.608974e+02
<VARIANCE> 6
 1.010321e+02 6.469095e+05 1.078899e+05 3.003832e+02 4.056576e+04 5.205853e+07
<GCONST> 7.469514e+01
<MIXTURE> 5 8.282558e-02
<MEAN> 6
 -2.083584e+01 -5.917875e+01 1.404608e+01 3.798769e+01 2.230467e+02 -1.870822e+03
<VARIANCE> 6
 1.177095e+02 5.828830e+04 1.423816e+04 1.674088e+04 1.046709e+05 5.521946e+07
<GCONST> 7.544334e+01
<MIXTURE> 6 7.235461e-02
<MEAN> 6
 6.065117e+01 -2.309803e+01 1.522536e+01 1.044927e+02 -3.798041e+02 -8.828222e+02
<VARIANCE> 6
 1.663798e+02 1.185828e+05 2.674270e+04 4.135729e+03 9.286894e+04 5.205853e+07
<GCONST> 7.555316e+01
<MIXTURE> 7 8.800970e-02
<MEAN> 6
 -1.551066e+00 2.881306e+01 6.432092e+01 -1.617601e+02 1.682374e+02 -1.946689e+02
<VARIANCE> 6
 5.322791e+02 8.913026e+04 6.706079e+04 2.198486e+03 1.656560e+05 9.912571e+07
<GCONST> 7.794073e+01
<MIXTURE> 8 9.731936e-02
<MEAN> 6
 -4.537226e+01 3.642106e+01 -4.005234e+01 2.289926e+01 9.450308e+02 -6.771325e+02
<VARIANCE> 6
 1.009510e+02 6.773302e+04 4.118344e+04 1.328798e+04 1.587366e+05 8.979015e+07
<GCONST> 7.717362e+01
<MIXTURE> 9 5.069540e-02
<MEAN> 6
 6.407387e+01 8.185374e+01 6.489709e+01 -8.697841e+01 -5.373046e+02 4.888526e+02
<VARIANCE> 6
 2.300007e+02 2.039462e+05 2.322568e+04 4.418506e+03 1.114775e+05 5.205853e+07
<GCONST> 7.652699e+01
<MIXTURE> 10 9.963375e-02
<MEAN> 6
 1.785772e+01 -1.385692e+02 -5.811720e+01 1.430248e+02 -1.427556e+01 -3.476797e+02
<VARIANCE> 6
 3.614881e+02 1.253920e+05 5.700362e+04 1.635108e+03 5.034654e+04 5.205853e+07
<GCONST> 7.560159e+01
<MIXTURE> 11 6.229503e-02
<MEAN> 6
 1.468275e+01 7.388113e+01 1.123972e+02 -2.500844e+02 -5.828407e+01 1.013178e+04
<VARIANCE> 6
 4.810228e+02 1.080098e+05 3.468316e+04 2.952793e+03 3.597000e+05 1.677393e+08
<GCONST> 7.896862e+01
<MIXTURE> 12 7.069629e-02
<MEAN> 6
 -4.114436e+01 1.514307e+01 -9.546297e+01 1.930503e+01 2.697531e+02 -5.079241e+01
<VARIANCE> 6
 1.545203e+02 7.423104e+04 8.294211e+04 1.146254e+03 5.702194e+04 5.205853e+07
<GCONST> 7.437175e+01
<MIXTURE> 13 5.428370e-02
<MEAN> 6
 5.653911e+01 -1.106149e+02 -1.031971e+02 4.642826e+01 -2.756990e+02 -8.535971e+01
<VARIANCE> 6
 8.468429e+01 3.715153e+04 9.808009e+04 7.504021e+03 5.042912e+04 5.205853e+07
<GCONST> 7.500189e+01
<MIXTURE> 14 8.535829e-02
<MEAN> 6
 6.764388e+01 -8.587230e+01 -4.909276e+01 -5.368970e+00 -5.118659e+01 -1.632256e+01
<VARIANCE> 6
 3.171015e+01 1.526185e+05 5.221529e+04 3.003832e+02 4.056576e+04 5.205853e+07
<GCONST> 7.136635e+01
<MIXTURE> 15 5.139742e-02
<MEAN> 6
 5.666891e+01 2.004899e+01 3.991339e+00 -1.468920e+02 -7.330936e+02 6.837503e+02
<VARIANCE> 6
 2.000287e+02 8.203228e+04 1.242435e+04 4.069637e+03 1.903264e+05 5.495134e+07
<GCONST> 7.535777e+01
<TRANSP> 15
 0.000000e+00 1.000000e+00 0.000000e+00 0.000000e+00 0.000000e+00 0.000000e+00 0.000000e+00 0.000000e+00 0.000000e+00 0.000000e+00 0.000000e+00 0.000000e+00 0.000000e+00 0.000000e+00 0.000000e+00
 0.000000e+00 9.985829e-01 1.417090e-03 0.000000e+00 0.000000e+00 0.000000e+00 0.000000e+00 0.000000e+00 0.000000e+00 0.000000e+00 0.000000e+00 0.000000e+00 0.000000e+00 0.000000e+00 0.000000e+00
 0.000000e+00 0.000000e+00 9.991030e-01 8.969897e-04 0.000000e+00 0.000000e+00 0.000000e+00 0.000000e+00 0.000000e+00 0.000000e+00 0.000000e+00 0.000000e+00 0.000000e+00 0.000000e+00 0.000000e+00
 0.000000e+00 0.000000e+00 0.000000e+00 9.990983e-01 9.016956e-04 0.000000e+00 0.000000e+00 0.000000e+00 0.000000e+00 0.000000e+00 0.000000e+00 0.000000e+00 0.000000e+00 0.000000e+00 0.000000e+00
 0.000000e+00 0.000000e+00 0.000000e+00 0.000000e+00 9.992093e-01 7.906095e-04 0.000000e+00 0.000000e+00 0.000000e+00 0.000000e+00 0.000000e+00 0.000000e+00 0.000000e+00 0.000000e+00 0.000000e+00
 0.000000e+00 0.000000e+00 0.000000e+00 0.000000e+00 0.000000e+00 9.985729e-01 1.427001e-03 0.000000e+00 0.000000e+00 0.000000e+00 0.000000e+00 0.000000e+00 0.000000e+00 0.000000e+00 0.000000e+00
 0.000000e+00 0.000000e+00 0.000000e+00 0.000000e+00 0.000000e+00 0.000000e+00 9.908101e-01 9.189930e-03 0.000000e+00 0.000000e+00 0.000000e+00 0.000000e+00 0.000000e+00 0.000000e+00 0.000000e+00
 0.000000e+00 0.000000e+00 0.000000e+00 0.000000e+00 0.000000e+00 0.000000e+00 0.000000e+00 9.998888e-01 1.112527e-04 0.000000e+00 0.000000e+00 0.000000e+00 0.000000e+00 0.000000e+00 0.000000e+00
 0.000000e+00 0.000000e+00 0.000000e+00 0.000000e+00 0.000000e+00 0.000000e+00 0.000000e+00 0.000000e+00 9.979647e-01 2.035236e-03 0.000000e+00 0.000000e+00 0.000000e+00 0.000000e+00 0.000000e+00
 0.000000e+00 0.000000e+00 0.000000e+00 0.000000e+00 0.000000e+00 0.000000e+00 0.000000e+00 0.000000e+00 0.000000e+00 9.989237e-01 1.076312e-03 0.000000e+00 0.000000e+00 0.000000e+00 0.000000e+00
 0.000000e+00 0.000000e+00 0.000000e+00 0.000000e+00 0.000000e+00 0.000000e+00 0.000000e+00 0.000000e+00 0.000000e+00 0.000000e+00 9.986013e-01 1.398734e-03 0.000000e+00 0.000000e+00 0.000000e+00
 0.000000e+00 0.000000e+00 0.000000e+00 0.000000e+00 0.000000e+00 0.000000e+00 0.000000e+00 0.000000e+00 0.000000e+00 0.000000e+00 0.000000e+00 9.984860e-01 1.514010e-03 0.000000e+00 0.000000e+00
 0.000000e+00 0.000000e+00 0.000000e+00 0.000000e+00 0.000000e+00 0.000000e+00 0.000000e+00 0.000000e+00 0.000000e+00 0.000000e+00 0.000000e+00 0.000000e+00 9.997777e-01 2.223735e-04 0.000000e+00
 0.000000e+00 0.000000e+00 0.000000e+00 0.000000e+00 0.000000e+00 0.000000e+00 0.000000e+00 0.000000e+00 0.000000e+00 0.000000e+00 0.000000e+00 0.000000e+00 0.000000e+00 9.998242e-01 1.757904e-04
 0.000000e+00 0.000000e+00 0.000000e+00 0.000000e+00 0.000000e+00 0.000000e+00 0.000000e+00 0.000000e+00 0.000000e+00 0.000000e+00 0.000000e+00 0.000000e+00 0.000000e+00 0.000000e+00 0.000000e+00
<ENDHMM>
~h "QuintoPRIMARIA"
<BEGINHMM>
<NUMSTATES> 15
<STATE> 2
<NUMMIXES> 15
<MIXTURE> 1 5.535218e-02
<MEAN> 6
 -1.682037e+01 -1.497240e+01 -2.722223e+01 1.737618e+02 6.449352e+02 -3.144102e+03
<VARIANCE> 6
 1.672968e+02 7.616947e+04 2.883427e+04 4.814469e+03 1.767979e+05 6.024214e+07
<GCONST> 7.613309e+01
<MIXTURE> 2 6.057609e-02
<MEAN> 6
 -3.786207e+01 -7.380433e+00 -4.089170e+01 -1.196578e+02 1.504986e+03 2.778632e+03
<VARIANCE> 6
 2.061178e+02 2.899229e+04 7.771428e+04 1.968733e+04 7.212734e+05 7.046660e+08
<GCONST> 8.164103e+01
<MIXTURE> 3 7.680173e-02
<MEAN> 6
 6.961704e+01 6.321013e+01 2.355910e+02 -1.728776e+00 -2.720202e+01 -1.948945e+02
<VARIANCE> 6
 1.351452e+02 1.281363e+04 5.169588e+04 3.003832e+02 4.056576e+04 5.205853e+07
<GCONST> 7.032863e+01
<MIXTURE> 4 6.102361e-02
<MEAN> 6
 4.137845e+01 7.424740e+01 3.789405e+01 1.753442e+02 -1.671055e+02 -1.022692e+03
<VARIANCE> 6
 4.792141e+02 8.479895e+04 3.173866e+04 3.694473e+03 1.218146e+05 5.205853e+07
<GCONST> 7.660547e+01
<MIXTURE> 5 5.543151e-02
<MEAN> 6
 8.914212e+01 1.455979e+02 -1.370940e+01 -2.546049e+01 -4.033650e+02 1.284459e+03
<VARIANCE> 6
 1.412829e+02 5.057391e+04 2.001023e+04 5.048973e+03 2.048260e+05 5.689400e+07
<GCONST> 7.532677e+01
<MIXTURE> 6 5.855186e-02
<MEAN> 6
 6.479838e+01 -2.238751e+02 7.822236e+01 -5.267208e-01 -2.684140e+01 2.064772e+01
<VARIANCE> 6
 3.493045e+01 1.703739e+05 2.610411e+05 3.003832e+02 4.056576e+04 5.205853e+07
<GCONST> 7.318243e+01
<MIXTURE> 7 4.490446e-02
<MEAN> 6
 8.402400e+01 9.694456e+01 -3.641267e+01 7.417226e+01 -1.159703e+03 -1.538902e+03
<VARIANCE> 6
 2.587937e+02 1.277183e+05 4.176166e+04 1.384129e+04 9.235751e+05 7.279238e+08
<GCONST> 8.265774e+01
<MIXTURE> 8 8.351571e-02
<MEAN> 6
 -4.322742e+01 1.013548e+01 -2.398435e+01 1.511226e+01 1.291220e+02 1.046994e+02
<VARIANCE> 6
 1.778657e+02 4.049012e+04 5.824959e+04 3.589198e+02 4.221049e+04 5.205853e+07
<GCONST> 7.209100e+01
<MIXTURE> 9 3.931469e-02
<MEAN> 6
 1.008372e+01 7.229384e+01 8.483327e+01 -7.550569e-01 -1.017034e+02 7.449689e+02
<VARIANCE> 6
 5.363273e+02 9.803526e+04 2.316696e+05 8.304680e+04 9.361663e+05 6.852628e+08
<GCONST> 8.658018e+01
<MIXTURE> 10 5.407915e-02
<MEAN> 6
 5.303764e+01 1.372135e+01 1.871688e+01 -1.817588e+02 -8.000826e+02 1.789476e+03
<VARIANCE> 6
 1.374147e+02 9.178498e+04 5.555433e+04 3.715059e+03 2.777562e+05 5.761853e+07
<GCONST> 7.692659e+01
<MIXTURE> 11 9.181456e-02
<MEAN> 6
 6.850580e+01 -4.399909e+01 -1.704808e+01 -4.193378e+00 -3.973599e+01 -4.104623e+02
<VARIANCE> 6
 1.518779e+02 1.281363e+04 1.741880e+04 3.003832e+02 4.056576e+04 5.205853e+07
<GCONST> 6.935753e+01
<MIXTURE> 12 9.694868e-02
<MEAN> 6
 -4.149480e+01 -2.065540e+01 -1.819402e+01 3.591917e+01 6.343611e+02 -4.876714e+02
<VARIANCE> 6
 1.941653e+02 7.029698e+04 1.324519e+05 7.353045e+03 1.197184e+05 5.205853e+07
<GCONST> 7.761407e+01
<MIXTURE> 13 9.674812e-02
<MEAN> 6
 8.637215e+00 2.733453e+01 -2.683937e+01 -2.082603e+02 -1.700160e+01 2.891838e+03
<VARIANCE> 6
 4.443511e+02 1.938689e+04 6.536370e+04 4.390953e+03 2.461275e+05 1.492736e+08
<GCONST> 7.770615e+01
<MIXTURE> 14 6.718630e-02
<MEAN> 6
 7.161839e+01 1.571396e+01 -3.255763e+01 -3.193591e+01 -5.701929e+02 -2.061052e+03
<VARIANCE> 6
 1.283703e+02 2.584408e+04 7.137002e+04 8.936611e+03 1.056467e+05 5.205853e+07
<GCONST> 7.565130e+01
<MIXTURE> 15 5.750423e-02
<MEAN> 6
 3.307015e+01 -3.495393e+01 -2.136817e+01 1.768595e+02 -2.178493e+02 -1.716645e+03
<VARIANCE> 6
 4.742205e+02 3.964070e+04 1.021731e+05 4.369826e+03 1.361808e+05 5.205853e+07
<GCONST> 7.728307e+01
<STATE> 3
<NUMMIXES> 15
<MIXTURE> 1 6.021355e-02
<MEAN> 6
 1.004008e+02 1.967488e+02 8.122702e+00 5.508764e+01 -9.319806e+02 7.608718e+02
<VARIANCE> 6
 5.157283e+01 6.133274e+04 6.177312e+04 2.238829e+03 1.275980e+05 8.367279e+07
<GCONST> 7.473832e+01
<MIXTURE> 2 4.088458e-02
<MEAN> 6
 5.686975e+01 -8.301022e+03 -1.723444e+03 6.729440e-01 -5.193956e+00 1.158322e+02
<VARIANCE> 6
 3.171015e+01 8.595898e+05 1.155935e+04 3.003832e+02 4.056576e+04 5.205853e+07
<GCONST> 7.158698e+01
<MIXTURE> 3 7.240025e-02
<MEAN> 6
 6.574836e+01 2.398101e+02 1.720706e+02 1.462725e+02 -4.441580e+01 -6.023608e+02
<VARIANCE> 6
 2.449530e+02 1.949533e+04 6.526704e+04 2.468472e+03 4.056576e+04 5.205853e+07
<GCONST> 7.368242e+01
<MIXTURE> 4 8.986614e-02
<MEAN> 6
 5.683772e+01 -1.363992e+04 -2.171765e+03 -6.565881e-01 4.793951e+00 4.886997e+01
<VARIANCE> 6
 3.171015e+01 1.368607e+07 1.155935e+04 3.003832e+02 4.056576e+04 5.205853e+07
<GCONST> 7.435466e+01
<MIXTURE> 5 6.031103e-02
<MEAN> 6
 1.719417e+01 -1.310840e+03 -2.285237e+02 2.514195e+01 5.194033e+02 2.760534e+02
<VARIANCE> 6
 1.845154e+03 8.476472e+05 5.546806e+05 5.155702e+04 2.441693e+06 6.983564e+08
<GCONST> 9.134683e+01
<MIXTURE> 6 7.105525e-02
<MEAN> 6
 4.949835e+00 -7.888515e+01 -2.452562e+02 2.086837e+02 1.858619e+02 -4.162949e+03
<VARIANCE> 6
 1.693295e+02 6.612087e+04 3.723979e+04 5.048017e+02 1.053558e+05 5.205853e+07
<GCONST> 7.334062e+01
<MIXTURE> 7 7.987669e-02
<MEAN> 6
 6.400376e+01 -8.004515e+01 -2.502016e+02 8.079611e+01 -5.905497e+02 7.495915e+02
<VARIANCE> 6
 7.304517e+01 4.546116e+05 1.044961e+05 1.324199e+03 1.946220e+05 5.205853e+07
<GCONST> 7.703770e+01
<MIXTURE> 8 5.652125e-02
<MEAN> 6
 3.888768e+01 -8.015498e+00 4.302968e+00 2.584401e+02 -1.827012e+02 -5.083006e+03
<VARIANCE> 6
 4.433254e+02 3.245442e+04 1.765130e+04 5.506608e+03 6.288178e+05 1.956497e+08
<GCONST> 7.834486e+01
<MIXTURE> 9 5.922023e-02
<MEAN> 6
 8.560778e+01 1.786058e+00 -1.747032e+02 6.624481e+01 -1.117815e+03 5.537700e+03
<VARIANCE> 6
 8.262094e+01 6.541308e+04 6.766745e+04 1.232545e+04 2.040512e+06 1.370568e+09
<GCONST> 8.263898e+01
<MIXTURE> 10 8.069550e-02
<MEAN> 6
 4.333717e+01 2.191205e+01 3.770536e+01 9.609948e+01 -9.514708e+01 6.899741e+02
<VARIANCE> 6
 3.978500e+02 2.358609e+04 1.155935e+04 6.498674e+02 4.326157e+04 5.205853e+07
<GCONST> 7.135667e+01
<MIXTURE> 11 5.656023e-02
<MEAN> 6
 5.739344e+01 -4.894284e+03 -1.938606e+03 -1.734764e+00 -2.779730e+01 -4.379451e+02
<VARIANCE> 6
 3.171015e+01 1.561332e+06 1.155935e+04 3.003832e+02 4.056576e+04 5.205853e+07
<GCONST> 7.218382e+01
<MIXTURE> 12 7.091099e-02
<MEAN> 6
 6.105350e+01 1.017390e+02 -6.322063e+01 1.585235e+02 -5.187729e+02 -3.045139e+03
<VARIANCE> 6
 5.203805e+02 2.356630e+04 7.954206e+04 1.443950e+03 1.205057e+05 5.205853e+07
<GCONST> 7.537591e+01
<MIXTURE> 13 8.252078e-02
<MEAN> 6
 1.673845e+01 -1.987654e+02 -6.054043e+02 1.189383e+02 2.951296e+01 -9.187819e+02
<VARIANCE> 6
 6.839841e+02 1.654164e+05 5.184795e+04 5.471232e+02 5.699036e+04 5.205853e+07
<GCONST> 7.545068e+01
<MIXTURE> 14 5.690276e-02
<MEAN> 6
 5.749841e+01 -5.387180e+03 -1.942674e+03 -5.642214e-01 -9.511930e+00 -1.520155e+02
<VARIANCE> 6
 3.171015e+01 1.426136e+06 1.155935e+04 3.003832e+02 4.056576e+04 5.205853e+07
<GCONST> 7.209325e+01
<MIXTURE> 15 6.205011e-02
<MEAN> 6
 4.107259e+01 -1.121510e+02 -1.055779e+02 2.347850e+02 -3.476126e+02 -4.470961e+03
<VARIANCE> 6
 3.712598e+02 3.653596e+04 1.608637e+04 2.228372e+03 2.143704e+05 6.890178e+07
<GCONST> 7.516862e+01
<STATE> 4
<NUMMIXES> 15
<MIXTURE> 1 1.092844e-02
<MEAN> 6
 7.094375e+01 1.571531e+03 1.527681e+03 7.505825e+00 9.757378e+01 -6.684292e+02
<VARIANCE> 6
 3.171015e+01 1.281363e+04 1.155935e+04 3.003832e+02 4.056576e+04 5.205853e+07
<GCONST> 6.738103e+01
<MIXTURE> 2 6.891268e-02
<MEAN> 6
 9.428304e+01 2.387675e+02 4.395309e+02 -4.986063e+00 2.854780e+01 -1.222504e+00
<VARIANCE> 6
 3.171015e+01 1.281363e+04 1.155935e+04 3.003832e+02 4.056576e+04 5.205853e+07
<GCONST> 6.738103e+01
<MIXTURE> 3 8.019812e-02
<MEAN> 6
 8.330988e+01 1.820563e+03 -2.216690e+02 -2.671896e+00 -5.582971e+00 -2.527581e+02
<VARIANCE> 6
 3.171015e+01 3.711681e+04 2.135203e+04 3.003832e+02 4.056576e+04 5.205853e+07
<GCONST> 6.905824e+01
<MIXTURE> 4 7.525377e-02
<MEAN> 6
 1.001704e+02 -5.015477e+02 -5.420958e+02 -1.602483e+00 -1.930988e+00 -5.756191e+01
<VARIANCE> 6
 3.171015e+01 1.281363e+04 1.155935e+04 3.003832e+02 4.056576e+04 5.205853e+07
<GCONST> 6.738103e+01
<MIXTURE> 5 6.123997e-02
<MEAN> 6
 9.767191e+01 -4.994656e+02 -5.406688e+02 -9.869177e-01 -2.219210e+00 -9.184034e+01
<VARIANCE> 6
 3.171015e+01 1.281363e+04 1.155935e+04 3.003832e+02 4.056576e+04 5.205853e+07
<GCONST> 6.738103e+01
<MIXTURE> 6 6.149920e-02
<MEAN> 6
 9.764651e+01 -4.994020e+02 -5.406218e+02 -9.812851e-01 -2.229146e+00 -9.234012e+01
<VARIANCE> 6
 3.171015e+01 1.281363e+04 1.155935e+04 3.003832e+02 4.056576e+04 5.205853e+07
<GCONST> 6.738103e+01
<MIXTURE> 7 2.718597e-02
<MEAN> 6
 9.473933e+01 5.147311e+01 8.724639e+01 -4.799127e+01 -6.025017e+01 6.911299e+03
<VARIANCE> 6
 1.083777e+02 1.281363e+04 1.155935e+04 3.494269e+02 1.587506e+05 8.583459e+07
<GCONST> 7.062572e+01
<MIXTURE> 8 3.766685e-02
<MEAN> 6
 8.241644e+01 -4.505117e+02 -4.468581e+01 -7.406419e+00 1.223594e+00 1.393857e+03
<VARIANCE> 6
 1.266443e+02 3.257095e+05 2.603992e+06 3.003832e+02 5.208218e+04 5.205853e+07
<GCONST> 7.766847e+01
<MIXTURE> 9 7.701606e-02
<MEAN> 6
 9.696631e+01 -4.999146e+02 -5.416895e+02 -8.392194e-01 -2.326967e+00 -9.780929e+01
<VARIANCE> 6
 3.171015e+01 1.281363e+04 1.155935e+04 3.003832e+02 4.056576e+04 5.205853e+07
<GCONST> 6.738103e+01
<MIXTURE> 10 1.024103e-01
<MEAN> 6
 8.769400e+01 -4.180441e+02 -1.985719e+02 -2.725502e+00 -1.032059e+01 7.334231e+01
<VARIANCE> 6
 3.171015e+01 4.233040e+05 1.155935e+04 3.003832e+02 4.056576e+04 5.205853e+07
<GCONST> 7.087862e+01
<MIXTURE> 11 7.879388e-02
<MEAN> 6
 9.833718e+01 1.039542e+02 -1.303577e+01 -8.750595e+00 -3.497414e+00 1.234712e+02
<VARIANCE> 6
 3.171015e+01 1.281363e+04 1.155935e+04 3.003832e+02 4.056576e+04 5.205853e+07
<GCONST> 6.738103e+01
<MIXTURE> 12 1.171785e-01
<MEAN> 6
 7.384207e+01 1.325002e+03 1.203529e+03 3.146915e-02 -8.288837e+00 -1.163035e+02
<VARIANCE> 6
 3.171015e+01 1.281363e+04 1.155935e+04 3.003832e+02 4.056576e+04 5.205853e+07
<GCONST> 6.738103e+01
<MIXTURE> 13 7.865476e-02
<MEAN> 6
 9.836381e+01 1.047603e+02 -1.652684e+01 -8.598448e+00 -4.554028e+00 1.617086e+02
<VARIANCE> 6
 3.171015e+01 1.281363e+04 1.155935e+04 3.003832e+02 4.056576e+04 5.205853e+07
<GCONST> 6.738103e+01
<MIXTURE> 14 6.156539e-02
<MEAN> 6
 9.634641e+01 -5.008344e+02 -5.432281e+02 -7.157776e-01 -2.411704e+00 -1.012447e+02
<VARIANCE> 6
 3.171015e+01 1.281363e+04 1.155935e+04 3.003832e+02 4.056576e+04 5.205853e+07
<GCONST> 6.738103e+01
<MIXTURE> 15 6.148627e-02
<MEAN> 6
 9.600175e+01 -5.017042e+02 -5.444825e+02 -6.490465e-01 -2.440941e+00 -1.019041e+02
<VARIANCE> 6
 3.171015e+01 1.281363e+04 1.155935e+04 3.003832e+02 4.056576e+04 5.205853e+07
<GCONST> 6.738103e+01
<STATE> 5
<NUMMIXES> 15
<MIXTURE> 1 5.835591e-02
<MEAN> 6
 7.251130e+01 -1.298933e+03 -7.174744e+01 -8.148088e-01 -7.521449e+00 -2.777005e+02
<VARIANCE> 6
 3.171015e+01 1.281363e+04 1.155935e+04 3.003832e+02 4.056576e+04 5.205853e+07
<GCONST> 6.738103e+01
<MIXTURE> 2 3.541262e-02
<MEAN> 6
 6.123383e+01 8.848938e+01 -2.755480e+03 -2.083585e+00 1.836095e+01 2.776038e+01
<VARIANCE> 6
 3.171015e+01 1.281363e+04 2.890306e+04 3.003832e+02 4.056576e+04 5.205853e+07
<GCONST> 6.829749e+01
<MIXTURE> 3 6.919006e-02
<MEAN> 6
 5.901036e+01 -3.334921e+02 -1.200907e+03 1.192660e+00 -3.073193e+00 -2.198978e+02
<VARIANCE> 6
 3.171015e+01 1.281363e+04 1.776967e+04 3.003832e+02 4.056576e+04 5.205853e+07
<GCONST> 6.781104e+01
<MIXTURE> 4 5.571038e-02
<MEAN> 6
 7.117310e+01 -1.620457e+03 -1.065201e+03 2.635859e+00 -7.324709e+00 -2.805982e+01
<VARIANCE> 6
 3.171015e+01 5.737023e+05 1.897318e+05 3.003832e+02 4.056576e+04 5.205853e+07
<GCONST> 7.398075e+01
<MIXTURE> 5 8.165494e-02
<MEAN> 6
 7.107936e+01 -7.756408e+02 -1.462765e+03 -3.691649e-01 -6.990146e-01 3.896868e+01
<VARIANCE> 6
 3.171015e+01 1.281363e+04 1.155935e+04 3.003832e+02 4.056576e+04 5.205853e+07
<GCONST> 6.738103e+01
<MIXTURE> 6 6.084384e-02
<MEAN> 6
 7.254922e+01 -8.133162e+02 -6.273266e+02 -2.714278e+00 -8.451387e+00 1.118644e+02
<VARIANCE> 6
 3.171015e+01 1.281363e+04 1.155935e+04 3.003832e+02 4.056576e+04 5.205853e+07
<GCONST> 6.738103e+01
<MIXTURE> 7 5.737724e-02
<MEAN> 6
 6.149848e+01 2.035245e+02 -3.216938e+03 9.998710e-01 -1.159205e+01 -1.592494e+02
<VARIANCE> 6
 3.171015e+01 1.281363e+04 1.155935e+04 3.003832e+02 4.056576e+04 5.205853e+07
<GCONST> 6.738103e+01
<MIXTURE> 8 4.412256e-02
<MEAN> 6
 5.699545e+01 -4.088882e+02 -1.582845e+03 3.500632e+00 1.489514e+00 -1.109444e+02
<VARIANCE> 6
 3.353732e+01 1.281363e+04 1.155935e+04 3.003832e+02 4.056576e+04 5.205853e+07
<GCONST> 6.743705e+01
<MIXTURE> 9 5.141348e-02
<MEAN> 6
 7.137547e+01 -8.150803e+02 -6.484436e+02 -9.918906e-01 -1.216521e+01 3.093159e+01
<VARIANCE> 6
 3.171015e+01 1.467260e+05 1.155935e+04 3.003832e+02 4.056576e+04 5.205853e+07
<GCONST> 6.981909e+01
<MIXTURE> 10 9.646716e-02
<MEAN> 6
 6.966931e+01 -6.566475e+02 -1.717776e+03 -8.598399e-01 -1.307237e+01 -1.502681e+02
<VARIANCE> 6
 3.171015e+01 1.281363e+04 1.155935e+04 3.003832e+02 4.056576e+04 5.205853e+07
<GCONST> 6.738103e+01
<MIXTURE> 11 1.150993e-01
<MEAN> 6
 7.069011e+01 -1.085157e+03 -3.655062e+02 1.054842e+00 -1.074445e+01 -3.698893e+01
<VARIANCE> 6
 3.171015e+01 1.281363e+04 1.155935e+04 3.003832e+02 4.056576e+04 5.205853e+07
<GCONST> 6.738103e+01
<MIXTURE> 12 8.545633e-02
<MEAN> 6
 5.983830e+01 -3.405149e+02 -1.352823e+03 3.222066e+00 -1.367646e+00 -1.024059e+01
<VARIANCE> 6
 3.171015e+01 1.281363e+04 1.155935e+04 3.003832e+02 4.056576e+04 5.205853e+07
<GCONST> 6.738103e+01
<MIXTURE> 13 7.867516e-02
<MEAN> 6
 6.198496e+01 1.263688e+02 -2.932979e+03 4.030405e-01 -3.823334e+00 -1.391562e+02
<VARIANCE> 6
 3.171015e+01 1.281363e+04 1.155935e+04 3.003832e+02 4.056576e+04 5.205853e+07
<GCONST> 6.738103e+01
<MIXTURE> 14 5.263483e-02
<MEAN> 6
 7.138596e+01 -1.375797e+03 -6.830522e+02 -8.009490e-01 5.399865e-02 -5.187810e+01
<VARIANCE> 6
 3.171015e+01 1.228328e+05 1.155935e+04 3.003832e+02 4.056576e+04 5.205853e+07
<GCONST> 6.964135e+01
<MIXTURE> 15 5.757959e-02
<MEAN> 6
 6.150122e+01 2.040841e+02 -3.217678e+03 1.004706e+00 -1.157829e+01 -1.594471e+02
<VARIANCE> 6
 3.171015e+01 1.281363e+04 1.155935e+04 3.003832e+02 4.056576e+04 5.205853e+07
<GCONST> 6.738103e+01
<STATE> 6
<NUMMIXES> 15
<MIXTURE> 1 5.942053e-02
<MEAN> 6
 7.461613e+01 2.090726e+03 -6.802879e+02 -1.952683e-01 -5.366530e+00 -2.287801e+02
<VARIANCE> 6
 3.171015e+01 5.330654e+04 1.155935e+04 3.003832e+02 4.056576e+04 5.205853e+07
<GCONST> 6.880658e+01
<MIXTURE> 2 6.868439e-02
<MEAN> 6
 6.902092e+01 1.184217e+03 -4.250083e+02 -9.149240e-01 -2.228746e+00 -1.537741e+02
<VARIANCE> 6
 3.171015e+01 1.281363e+04 1.155935e+04 3.003832e+02 4.056576e+04 5.205853e+07
<GCONST> 6.738103e+01
<MIXTURE> 3 8.205722e-02
<MEAN> 6
 6.919443e+01 2.234474e+03 1.251689e+03 -9.897076e-01 -6.503771e+00 -2.564828e+02
<VARIANCE> 6
 3.171015e+01 1.281363e+04 1.293125e+04 3.003832e+02 4.056576e+04 5.205853e+07
<GCONST> 6.749319e+01
<MIXTURE> 4 5.529119e-02
<MEAN> 6
 7.047670e+01 1.422161e+03 -1.021649e+03 1.010638e+00 -7.655337e+00 -1.916979e+02
<VARIANCE> 6
 3.171015e+01 3.609147e+04 2.183864e+05 3.003832e+02 4.056576e+04 5.205853e+07
<GCONST> 7.135535e+01
<MIXTURE> 5 7.439478e-02
<MEAN> 6
 6.630573e+01 1.437428e+03 -1.769480e+02 -9.097370e-01 -1.110272e+01 -1.099161e+02
<VARIANCE> 6
 3.171015e+01 2.348190e+04 1.155935e+04 3.003832e+02 4.056576e+04 5.205853e+07
<GCONST> 6.798676e+01
<MIXTURE> 6 6.242238e-02
<MEAN> 6
 5.833916e+01 1.069656e+03 -1.073861e+03 -1.253386e-02 -3.316928e+00 -3.269532e+01
<VARIANCE> 6
 3.171015e+01 1.281363e+04 1.155935e+04 3.003832e+02 4.056576e+04 5.205853e+07
<GCONST> 6.738103e+01
<MIXTURE> 7 7.825566e-02
<MEAN> 6
 6.657560e+01 1.353492e+03 -6.763208e+02 -1.110047e+00 2.459104e-01 -3.105693e+01
<VARIANCE> 6
 3.171015e+01 1.281363e+04 1.155935e+04 3.003832e+02 4.056576e+04 5.205853e+07
<GCONST> 6.738103e+01
<MIXTURE> 8 5.493652e-02
<MEAN> 6
 6.275654e+01 4.086441e+02 -2.718949e+02 -7.797298e-01 9.996720e+00 5.453815e+01
<VARIANCE> 6
 3.171015e+01 4.331418e+04 1.155935e+04 3.003832e+02 4.056576e+04 5.205853e+07
<GCONST> 6.859900e+01
<MIXTURE> 9 7.864214e-02
<MEAN> 6
 6.977058e+01 9.214807e+02 -2.356971e+02 -1.832973e+00 1.165583e+00 -7.707771e+01
<VARIANCE> 6
 3.171015e+01 1.281363e+04 1.155935e+04 3.003832e+02 4.056576e+04 5.205853e+07
<GCONST> 6.738103e+01
<MIXTURE> 10 7.924015e-02
<MEAN> 6
 6.657560e+01 1.353492e+03 -6.763208e+02 -1.110047e+00 2.459055e-01 -3.105687e+01
<VARIANCE> 6
 3.171015e+01 1.281363e+04 1.155935e+04 3.003832e+02 4.056576e+04 5.205853e+07
<GCONST> 6.738103e+01
<MIXTURE> 11 7.227930e-02
<MEAN> 6
 7.101831e+01 1.058893e+03 -1.742395e+03 1.285387e+00 7.731753e+00 -6.369068e+01
<VARIANCE> 6
 3.171015e+01 1.281363e+04 1.155935e+04 3.003832e+02 4.056576e+04 5.205853e+07
<GCONST> 6.738103e+01
<MIXTURE> 12 6.742660e-02
<MEAN> 6
 6.761987e+01 1.216404e+03 -4.573334e+02 -4.899221e-01 -3.277833e+00 -1.717393e+02
<VARIANCE> 6
 3.171015e+01 1.281363e+04 1.155935e+04 3.003832e+02 4.056576e+04 5.205853e+07
<GCONST> 6.738103e+01
<MIXTURE> 13 7.942592e-02
<MEAN> 6
 6.940097e+01 9.069937e+02 -2.242635e+02 -1.968705e+00 2.556092e+00 -9.753366e+01
<VARIANCE> 6
 3.171015e+01 1.281363e+04 1.155935e+04 3.003832e+02 4.056576e+04 5.205853e+07
<GCONST> 6.738103e+01
<MIXTURE> 14 4.885388e-02
<MEAN> 6
 5.840700e+01 9.870270e+02 -1.062522e+03 -1.764141e+00 -1.977616e+01 -2.327716e+02
<VARIANCE> 6
 3.171015e+01 1.711444e+04 1.155935e+04 3.003832e+02 4.056576e+04 5.205853e+07
<GCONST> 6.767045e+01
<MIXTURE> 15 3.865633e-02
<MEAN> 6
 7.334809e+01 1.198222e+03 -6.384984e+02 -8.151296e-01 -2.300679e+01 -3.502209e+02
<VARIANCE> 6
 3.417286e+01 2.206535e+05 5.559144e+05 3.003832e+02 4.056576e+04 5.205853e+07
<GCONST> 7.417503e+01
<STATE> 7
<NUMMIXES> 15
<MIXTURE> 1 1.193099e-03
<MEAN> 6
 6.492032e+01 8.344814e+01 -3.907981e+02 -6.970005e+00 -2.686328e+02 -3.219849e+03
<VARIANCE> 6
 1.069419e+03 9.491580e+05 3.819548e+06 5.939890e+02 1.184793e+05 1.276358e+08
<GCONST> 8.365515e+01
<MIXTURE> 2 7.857005e-02
<MEAN> 6
 7.296524e+01 2.482069e+02 3.262376e+01 -2.966860e-01 -7.753265e+00 6.695019e+00
<VARIANCE> 6
 3.171015e+01 1.716793e+04 1.155935e+04 3.003832e+02 4.056576e+04 5.205853e+07
<GCONST> 6.767357e+01
<MIXTURE> 3 6.696409e-02
<MEAN> 6
 5.370908e+01 -4.588242e+01 4.789307e+02 -2.192145e-01 -8.177073e+00 -2.142729e+02
<VARIANCE> 6
 3.171015e+01 1.281363e+04 1.155935e+04 3.003832e+02 4.056576e+04 5.205853e+07
<GCONST> 6.738103e+01
<MIXTURE> 4 6.936190e-02
<MEAN> 6
 6.249578e+01 1.311983e+02 1.215475e+02 -1.652763e+00 -1.871550e+00 -3.287810e+01
<VARIANCE> 6
 3.171015e+01 1.281363e+04 1.155935e+04 3.003832e+02 4.056576e+04 5.205853e+07
<GCONST> 6.738103e+01
<MIXTURE> 5 9.975281e-02
<MEAN> 6
 7.523025e+01 8.192004e+01 5.132492e+01 -1.624265e+00 -5.581405e+00 -3.119013e+01
<VARIANCE> 6
 3.171015e+01 1.281363e+04 1.155935e+04 3.003832e+02 4.056576e+04 5.205853e+07
<GCONST> 6.738103e+01
<MIXTURE> 6 8.048626e-02
<MEAN> 6
 6.247487e+01 1.295524e+02 1.216648e+02 -1.659820e+00 -1.804408e+00 -3.218481e+01
<VARIANCE> 6
 3.171015e+01 1.281363e+04 1.155935e+04 3.003832e+02 4.056576e+04 5.205853e+07
<GCONST> 6.738103e+01
<MIXTURE> 7 4.732493e-02
<MEAN> 6
 4.994187e+01 -4.346125e+02 1.695462e+02 1.240125e+00 -7.624607e+00 4.941742e+01
<VARIANCE> 6
 3.171015e+01 1.281363e+04 1.155935e+04 3.003832e+02 4.056576e+04 5.205853e+07
<GCONST> 6.738103e+01
<MIXTURE> 8 9.868206e-02
<MEAN> 6
 7.386626e+01 -8.383791e+01 -7.779531e-02 -3.832026e+00 -1.110809e+01 1.569366e+02
<VARIANCE> 6
 3.171015e+01 1.281363e+04 1.155935e+04 3.003832e+02 4.056576e+04 5.205853e+07
<GCONST> 6.738103e+01
<MIXTURE> 9 5.239243e-02
<MEAN> 6
 7.518005e+01 9.048794e+01 5.090009e+01 -1.531967e+00 -5.678332e+00 -3.354268e+01
<VARIANCE> 6
 3.171015e+01 1.281363e+04 1.155935e+04 3.003832e+02 4.056576e+04 5.205853e+07
<GCONST> 6.738103e+01
<MIXTURE> 10 5.189814e-02
<MEAN> 6
 5.558068e+01 -1.074677e+02 3.141893e+02 5.271829e-01 -4.626950e+00 -9.339682e+01
<VARIANCE> 6
 3.171015e+01 1.281363e+04 1.155935e+04 3.003832e+02 4.056576e+04 5.205853e+07
<GCONST> 6.738103e+01
<MIXTURE> 11 9.828363e-02
<MEAN> 6
 7.523962e+01 8.094347e+01 5.134312e+01 -1.633614e+00 -5.583539e+00 -3.084954e+01
<VARIANCE> 6
 3.171015e+01 1.281363e+04 1.155935e+04 3.003832e+02 4.056576e+04 5.205853e+07
<GCONST> 6.738103e+01
<MIXTURE> 12 6.858339e-02
<MEAN> 6
 6.225424e+01 1.146975e+02 1.231322e+02 -1.702707e+00 -1.187406e+00 -2.630667e+01
<VARIANCE> 6
 3.171015e+01 1.281363e+04 1.155935e+04 3.003832e+02 4.056576e+04 5.205853e+07
<GCONST> 6.738103e+01
<MIXTURE> 13 6.870897e-02
<MEAN> 6
 5.598814e+01 -1.030164e+02 3.016995e+02 6.249245e-01 -4.029373e+00 -7.250236e+01
<VARIANCE> 6
 3.171015e+01 1.281363e+04 1.155935e+04 3.003832e+02 4.056576e+04 5.205853e+07
<GCONST> 6.738103e+01
<MIXTURE> 14 6.518929e-02
<MEAN> 6
 5.371467e+01 -4.615152e+01 4.783979e+02 -2.183256e-01 -8.188247e+00 -2.146588e+02
<VARIANCE> 6
 3.171015e+01 1.281363e+04 1.155935e+04 3.003832e+02 4.056576e+04 5.205853e+07
<GCONST> 6.738103e+01
<MIXTURE> 15 5.258561e-02
<MEAN> 6
 7.524023e+01 7.225926e+01 5.134251e+01 -1.740128e+00 -5.438670e+00 -2.744267e+01
<VARIANCE> 6
 3.171015e+01 1.281363e+04 1.155935e+04 3.003832e+02 4.056576e+04 5.205853e+07
<GCONST> 6.738103e+01
<STATE> 8
<NUMMIXES> 15
<MIXTURE> 1 1.021599e-01
<MEAN> 6
 8.623789e+01 2.853346e+01 7.607286e+01 -3.156417e+00 1.756260e+01 -4.000863e+01
<VARIANCE> 6
 3.171015e+01 1.281363e+04 1.155935e+04 3.003832e+02 4.056576e+04 5.205853e+07
<GCONST> 6.738103e+01
<MIXTURE> 2 6.948452e-02
<MEAN> 6
 8.154298e+01 -1.874819e+02 -3.411333e+02 -1.917615e-01 -4.958735e-01 8.641337e+01
<VARIANCE> 6
 3.171015e+01 1.281363e+04 1.155935e+04 3.003832e+02 4.056576e+04 5.205853e+07
<GCONST> 6.738103e+01
<MIXTURE> 3 8.020495e-02
<MEAN> 6
 8.659391e+01 5.599427e+01 -2.184071e+02 9.574786e-02 -2.969900e+00 -3.963888e+01
<VARIANCE> 6
 3.171015e+01 1.281363e+04 1.155935e+04 3.003832e+02 4.056576e+04 5.205853e+07
<GCONST> 6.738103e+01
<MIXTURE> 4 6.625491e-03
<MEAN> 6
 7.747160e+01 -1.667117e+02 -2.394026e+01 -1.100186e+00 -5.486119e+01 -7.181145e+02
<VARIANCE> 6
 2.566257e+02 2.243623e+05 6.009486e+06 3.003832e+02 4.056576e+04 5.205853e+07
<GCONST> 7.858836e+01
<MIXTURE> 5 4.944619e-02
<MEAN> 6
 8.699204e+01 5.756073e+01 -2.126350e+02 -4.720150e-03 -2.930681e+00 -4.939696e+01
<VARIANCE> 6
 3.171015e+01 1.281363e+04 1.155935e+04 3.003832e+02 4.056576e+04 5.205853e+07
<GCONST> 6.738103e+01
<MIXTURE> 6 5.180285e-02
<MEAN> 6
 8.676234e+01 -1.530453e+02 2.700050e+01 -3.174783e+00 8.369192e+00 -7.178334e+01
<VARIANCE> 6
 3.171015e+01 1.281363e+04 1.155935e+04 3.003832e+02 4.056576e+04 5.205853e+07
<GCONST> 6.738103e+01
<MIXTURE> 7 6.161915e-02
<MEAN> 6
 8.676553e+01 -1.620081e+02 2.823493e+01 -3.283529e+00 8.191141e+00 -7.713022e+01
<VARIANCE> 6
 3.171015e+01 1.281363e+04 1.155935e+04 3.003832e+02 4.056576e+04 5.205853e+07
<GCONST> 6.738103e+01
<MIXTURE> 8 9.389454e-02
<MEAN> 6
 8.675584e+01 -1.320560e+02 2.477655e+01 -2.967844e+00 8.938842e+00 -6.341637e+01
<VARIANCE> 6
 3.171015e+01 1.281363e+04 1.155935e+04 3.003832e+02 4.056576e+04 5.205853e+07
<GCONST> 6.738103e+01
<MIXTURE> 9 5.164373e-02
<MEAN> 6
 7.869463e+01 8.363264e+01 -7.253296e+02 -1.598489e+00 -2.568870e+01 1.010324e+02
<VARIANCE> 6
 3.171015e+01 1.281363e+04 1.155935e+04 3.003832e+02 4.056576e+04 5.205853e+07
<GCONST> 6.738103e+01
<MIXTURE> 10 1.048873e-01
<MEAN> 6
 8.638596e+01 5.504958e+01 -2.217028e+02 1.502909e-01 -3.034881e+00 -3.446882e+01
<VARIANCE> 6
 3.171015e+01 1.281363e+04 1.155935e+04 3.003832e+02 4.056576e+04 5.205853e+07
<GCONST> 6.738103e+01
<MIXTURE> 11 9.607931e-02
<MEAN> 6
 8.648917e+01 5.554173e+01 -2.200185e+02 1.229865e-01 -3.000513e+00 -3.705233e+01
<VARIANCE> 6
 3.171015e+01 1.281363e+04 1.155935e+04 3.003832e+02 4.056576e+04 5.205853e+07
<GCONST> 6.738103e+01
<MIXTURE> 12 7.009831e-02
<MEAN> 6
 8.154085e+01 -1.909047e+02 -3.410303e+02 -1.855914e-01 -4.881190e-01 8.723927e+01
<VARIANCE> 6
 3.171015e+01 1.281363e+04 1.155935e+04 3.003832e+02 4.056576e+04 5.205853e+07
<GCONST> 6.738103e+01
<MIXTURE> 13 6.098391e-02
<MEAN> 6
 8.676978e+01 -1.712103e+02 2.968237e+01 -3.411048e+00 8.065911e+00 -8.423211e+01
<VARIANCE> 6
 3.171015e+01 1.281363e+04 1.155935e+04 3.003832e+02 4.056576e+04 5.205853e+07
<GCONST> 6.738103e+01
<MIXTURE> 14 5.182301e-02
<MEAN> 6
 8.677023e+01 -1.719867e+02 2.981347e+01 -3.422630e+00 8.058587e+00 -8.492374e+01
<VARIANCE> 6
 3.171015e+01 1.281363e+04 1.155935e+04 3.003832e+02 4.056576e+04 5.205853e+07
<GCONST> 6.738103e+01
<MIXTURE> 15 4.923079e-02
<MEAN> 6
 8.579917e+01 5.093967e+01 -2.324659e+02 3.035223e-01 -3.238878e+00 -1.987510e+01
<VARIANCE> 6
 3.171015e+01 1.281363e+04 1.155935e+04 3.003832e+02 4.056576e+04 5.205853e+07
<GCONST> 6.738103e+01
<STATE> 9
<NUMMIXES> 15
<MIXTURE> 1 1.046379e-01
<MEAN> 6
 7.784430e+01 6.539838e+02 -8.713427e+02 -3.350992e-01 -5.808735e+00 -8.521420e+01
<VARIANCE> 6
 3.171015e+01 1.281363e+04 1.155935e+04 3.003832e+02 4.056576e+04 5.205853e+07
<GCONST> 6.738103e+01
<MIXTURE> 2 1.146293e-01
<MEAN> 6
 8.962537e+01 2.144990e+02 3.732604e+03 -1.539446e-01 -7.402858e+00 -1.574862e+02
<VARIANCE> 6
 3.171015e+01 1.281363e+04 1.155935e+04 3.003832e+02 4.056576e+04 5.205853e+07
<GCONST> 6.738103e+01
<MIXTURE> 3 5.716810e-02
<MEAN> 6
 6.407906e+01 7.426508e+02 -2.989586e+03 6.159770e-01 -1.115849e+01 -7.701416e+01
<VARIANCE> 6
 3.171015e+01 1.281363e+04 8.257189e+04 3.003832e+02 4.056576e+04 5.205853e+07
<GCONST> 6.934721e+01
<MIXTURE> 4 7.299868e-02
<MEAN> 6
 5.323874e+01 5.480022e+02 -1.744248e+03 -2.798110e-01 -7.322162e-01 -3.999634e+02
<VARIANCE> 6
 3.171015e+01 1.281363e+04 2.225092e+06 3.003832e+02 4.056576e+04 5.205853e+07
<GCONST> 7.264109e+01
<MIXTURE> 5 5.781088e-02
<MEAN> 6
 6.872883e+01 6.472830e+02 4.305389e+03 -6.678529e-02 -2.294513e+00 -9.368804e+01
<VARIANCE> 6
 3.171015e+01 1.281363e+04 1.155935e+04 3.003832e+02 4.056576e+04 5.205853e+07
<GCONST> 6.738103e+01
<MIXTURE> 6 6.181927e-02
<MEAN> 6
 8.925930e+01 5.739219e+02 -1.359282e+03 1.129836e+00 -1.938840e+01 -2.407811e+02
<VARIANCE> 6
 3.171015e+01 1.281363e+04 1.155935e+04 3.003832e+02 4.056576e+04 5.205853e+07
<GCONST> 6.738103e+01
<MIXTURE> 7 1.608518e-02
<MEAN> 6
 5.094953e+01 1.951346e+02 -8.289604e+03 3.055629e+01 -9.352615e+01 -6.881653e+01
<VARIANCE> 6
 1.878299e+02 8.847389e+04 9.410361e+06 9.608077e+02 4.056576e+04 5.205853e+07
<GCONST> 7.895692e+01
<MIXTURE> 8 9.978898e-02
<MEAN> 6
 4.745862e+01 3.671362e+02 1.830781e+03 4.634626e-01 -6.333241e+00 -1.170518e+02
<VARIANCE> 6
 3.171015e+01 1.281363e+04 1.715249e+04 3.003832e+02 4.056576e+04 5.205853e+07
<GCONST> 6.777568e+01
<MIXTURE> 9 7.449885e-02
<MEAN> 6
 7.411238e+01 6.151179e+02 1.973915e+03 -7.175742e-01 -7.628221e+00 -1.696881e+02
<VARIANCE> 6
 3.171015e+01 1.281363e+04 3.155083e+04 3.003832e+02 4.056576e+04 5.205853e+07
<GCONST> 6.838514e+01
<MIXTURE> 10 3.848848e-02
<MEAN> 6
 5.473762e+01 4.118748e+02 -5.486049e+03 -3.723229e+00 -4.827216e+00 6.673843e+01
<VARIANCE> 6
 3.171015e+01 1.281363e+04 1.010552e+06 3.003832e+02 4.056576e+04 5.205853e+07
<GCONST> 7.185179e+01
<MIXTURE> 11 5.095636e-02
<MEAN> 6
 6.400036e+01 4.974317e+02 -8.618774e+02 -6.070434e-01 -3.177158e+00 -2.006278e+01
<VARIANCE> 6
 3.171015e+01 1.281363e+04 1.155935e+04 3.003832e+02 4.056576e+04 5.205853e+07
<GCONST> 6.738103e+01
<MIXTURE> 12 6.685467e-02
<MEAN> 6
 8.828176e+01 3.290231e+02 -1.316766e+03 -2.877536e+00 3.990247e+00 4.562605e+01
<VARIANCE> 6
 3.171015e+01 1.281363e+04 1.155935e+04 3.003832e+02 4.056576e+04 5.205853e+07
<GCONST> 6.738103e+01
<MIXTURE> 13 6.923119e-02
<MEAN> 6
 5.313750e+01 5.512440e+02 -1.605870e+03 7.796301e-01 6.970988e-01 -1.387882e+02
<VARIANCE> 6
 3.171015e+01 1.281363e+04 1.148859e+05 3.003832e+02 4.056576e+04 5.205853e+07
<GCONST> 6.967747e+01
<MIXTURE> 14 5.750120e-02
<MEAN> 6
 6.873336e+01 6.462812e+02 4.304805e+03 -6.470423e-02 -2.447486e+00 -9.641093e+01
<VARIANCE> 6
 3.171015e+01 1.281363e+04 1.155935e+04 3.003832e+02 4.056576e+04 5.205853e+07
<GCONST> 6.738103e+01
<MIXTURE> 15 5.752188e-02
<MEAN> 6
 6.301813e+01 7.925161e+02 -3.239148e+03 5.616884e-01 -1.639704e+00 4.109876e+01
<VARIANCE> 6
 3.171015e+01 1.281363e+04 5.996330e+04 3.003832e+02 4.056576e+04 5.205853e+07
<GCONST> 6.902727e+01
<STATE> 10
<NUMMIXES> 15
<MIXTURE> 1 9.794704e-02
<MEAN> 6
 6.964387e+01 4.569308e+02 -2.176740e+02 -1.597504e+00 -5.629874e+00 -3.177297e+01
<VARIANCE> 6
 3.171015e+01 1.281363e+04 1.155935e+04 3.003832e+02 4.056576e+04 5.205853e+07
<GCONST> 6.738103e+01
<MIXTURE> 2 7.918137e-04
<MEAN> 6
 6.636971e+01 4.527980e+01 2.401032e+01 -1.968330e+01 -3.534172e+02 -5.562973e+03
<VARIANCE> 6
 9.227397e+02 9.934561e+05 1.902204e+06 4.262219e+02 1.683277e+05 1.746221e+08
<GCONST> 8.318884e+01
<MIXTURE> 3 5.055040e-02
<MEAN> 6
 5.612448e+01 2.940417e+02 -2.035403e+02 -4.720584e-01 6.877251e-01 -2.161527e+02
<VARIANCE> 6
 3.171015e+01 1.281363e+04 1.155935e+04 3.003832e+02 4.056576e+04 5.205853e+07
<GCONST> 6.738103e+01
<MIXTURE> 4 9.834599e-02
<MEAN> 6
 6.356869e+01 1.110857e+01 -3.527620e+02 -5.827309e-01 -3.741089e+00 -9.367352e+01
<VARIANCE> 6
 3.171015e+01 1.281363e+04 1.304014e+04 3.003832e+02 4.056576e+04 5.205853e+07
<GCONST> 6.750157e+01
<MIXTURE> 5 9.121066e-02
<MEAN> 6
 6.172194e+01 -3.934446e+02 -3.503436e+01 -1.705984e-01 -6.587168e+00 -7.211433e+01
<VARIANCE> 6
 3.171015e+01 1.281363e+04 1.155935e+04 3.003832e+02 4.056576e+04 5.205853e+07
<GCONST> 6.738103e+01
<MIXTURE> 6 5.539647e-02
<MEAN> 6
 6.178753e+01 -1.126635e+02 -6.489329e+02 -1.080891e+00 -7.873482e+00 -1.194148e+02
<VARIANCE> 6
 3.171015e+01 1.281363e+04 1.155935e+04 3.003832e+02 4.056576e+04 5.205853e+07
<GCONST> 6.738103e+01
<MIXTURE> 7 5.026009e-02
<MEAN> 6
 6.286002e+01 -4.676295e+01 -2.562160e+02 -5.232970e-01 -2.756586e+00 -1.123571e+02
<VARIANCE> 6
 3.171015e+01 2.175914e+04 1.155935e+04 3.003832e+02 4.056576e+04 5.205853e+07
<GCONST> 6.791055e+01
<MIXTURE> 8 9.006941e-02
<MEAN> 6
 6.325760e+01 3.445508e+01 -2.697754e+02 -8.139483e-01 -3.290685e+00 -9.862640e+01
<VARIANCE> 6
 3.171015e+01 1.281363e+04 1.155935e+04 3.003832e+02 4.056576e+04 5.205853e+07
<GCONST> 6.738103e+01
<MIXTURE> 9 7.111119e-02
<MEAN> 6
 6.237156e+01 -2.266871e+02 -2.214833e+02 -1.897064e-01 -1.992240e+00 -1.298454e+02
<VARIANCE> 6
 3.428706e+01 1.281363e+04 1.155935e+04 3.003832e+02 4.056576e+04 5.205853e+07
<GCONST> 6.745916e+01
<MIXTURE> 10 7.612297e-02
<MEAN> 6
 6.375642e+01 1.461172e+02 -6.670175e+02 -1.631805e+00 -7.498837e+00 -1.658698e+02
<VARIANCE> 6
 3.171015e+01 1.281363e+04 1.155935e+04 3.003832e+02 4.056576e+04 5.205853e+07
<GCONST> 6.738103e+01
<MIXTURE> 11 9.166449e-02
<MEAN> 6
 6.379549e+01 -1.319460e+01 -4.156325e+02 -5.653775e-01 -4.411476e+00 -8.067354e+01
<VARIANCE> 6
 3.171015e+01 1.281363e+04 1.155935e+04 3.003832e+02 4.056576e+04 5.205853e+07
<GCONST> 6.738103e+01
<MIXTURE> 12 4.665761e-02
<MEAN> 6
 6.539297e+01 4.194764e+02 -4.153638e+02 -1.055549e+00 -9.027280e+00 -8.133881e+01
<VARIANCE> 6
 3.171015e+01 1.281363e+04 1.155935e+04 3.003832e+02 4.056576e+04 5.205853e+07
<GCONST> 6.738103e+01
<MIXTURE> 13 7.421450e-02
<MEAN> 6
 6.139439e+01 -2.222836e+02 -2.306406e+02 -1.481235e-01 -2.129872e+00 -1.241267e+02
<VARIANCE> 6
 3.171015e+01 1.281363e+04 1.155935e+04 3.003832e+02 4.056576e+04 5.205853e+07
<GCONST> 6.738103e+01
<MIXTURE> 14 4.958015e-02
<MEAN> 6
 6.250289e+01 -1.131489e+02 -2.685108e+02 -2.729670e-01 -2.829185e+00 -1.194611e+02
<VARIANCE> 6
 3.171015e+01 1.801791e+04 1.155935e+04 3.003832e+02 4.056576e+04 5.205853e+07
<GCONST> 6.772189e+01
<MIXTURE> 15 5.602949e-02
<MEAN> 6
 6.116477e+01 -1.259016e+02 -6.696395e+02 -9.257836e-01 -6.143315e+00 -1.187396e+02
<VARIANCE> 6
 3.171015e+01 1.281363e+04 1.155935e+04 3.003832e+02 4.056576e+04 5.205853e+07
<GCONST> 6.738103e+01
<STATE> 11
<NUMMIXES> 15
<MIXTURE> 1 5.167394e-02
<MEAN> 6
 8.054068e+01 -2.595743e+02 4.026071e+02 -6.539326e-01 -1.308271e+01 1.829594e+02
<VARIANCE> 6
 3.171015e+01 1.436633e+04 1.155935e+04 3.003832e+02 4.056576e+04 5.205853e+07
<GCONST> 6.749541e+01
<MIXTURE> 2 1.002028e-01
<MEAN> 6
 5.604071e+01 -1.107103e+03 8.229840e+02 -6.713617e-01 -7.872705e+00 -2.001169e+02
<VARIANCE> 6
 3.171015e+01 1.281363e+04 1.155935e+04 3.003832e+02 4.056576e+04 5.205853e+07
<GCONST> 6.738103e+01
<MIXTURE> 3 1.713683e-02
<MEAN> 6
 7.894147e+01 8.570834e+01 4.171866e+02 -5.615814e+00 -8.597856e+01 -1.109410e+03
<VARIANCE> 6
 3.171015e+01 1.470563e+05 5.402423e+05 3.003832e+02 4.317038e+04 5.205853e+07
<GCONST> 7.372809e+01
<MIXTURE> 4 4.247027e-02
<MEAN> 6
 7.873524e+01 -8.739485e+02 1.821854e+02 9.462510e-01 -1.510710e+01 -9.905810e+01
<VARIANCE> 6
 3.171015e+01 1.281363e+04 1.155935e+04 3.003832e+02 4.056576e+04 5.205853e+07
<GCONST> 6.738103e+01
<MIXTURE> 5 6.092728e-02
<MEAN> 6
 7.357362e+01 -5.929995e+02 1.802278e+02 -1.274471e+00 -3.959174e+00 -7.761634e+01
<VARIANCE> 6
 3.171015e+01 1.281363e+04 1.155935e+04 3.003832e+02 4.056576e+04 5.205853e+07
<GCONST> 6.738103e+01
<MIXTURE> 6 8.697677e-02
<MEAN> 6
 4.893863e+01 -1.046124e+03 1.972223e+01 -2.122294e-01 -2.703137e+00 -1.131638e+02
<VARIANCE> 6
 3.171015e+01 1.281363e+04 1.155935e+04 3.003832e+02 4.056576e+04 5.205853e+07
<GCONST> 6.738103e+01
<MIXTURE> 7 6.213075e-02
<MEAN> 6
 7.353170e+01 -5.933937e+02 1.805836e+02 -1.268602e+00 -3.970824e+00 -7.744080e+01
<VARIANCE> 6
 3.171015e+01 1.281363e+04 1.155935e+04 3.003832e+02 4.056576e+04 5.205853e+07
<GCONST> 6.738103e+01
<MIXTURE> 8 7.936121e-02
<MEAN> 6
 8.011941e+01 -3.585178e+02 1.655625e+02 -2.182053e+00 -4.563910e+00 -1.105983e+02
<VARIANCE> 6
 3.171015e+01 1.281363e+04 1.155935e+04 3.003832e+02 4.056576e+04 5.205853e+07
<GCONST> 6.738103e+01
<MIXTURE> 9 7.870155e-02
<MEAN> 6
 7.548673e+01 -7.830907e+02 -5.713957e+01 2.088219e-02 2.855852e+00 -1.486104e+02
<VARIANCE> 6
 3.171015e+01 1.281363e+04 1.155935e+04 3.003832e+02 4.056576e+04 5.205853e+07
<GCONST> 6.738103e+01
<MIXTURE> 10 8.638421e-02
<MEAN> 6
 4.893863e+01 -1.046124e+03 1.972195e+01 -2.122290e-01 -2.703122e+00 -1.131630e+02
<VARIANCE> 6
 3.171015e+01 1.281363e+04 1.155935e+04 3.003832e+02 4.056576e+04 5.205853e+07
<GCONST> 6.738103e+01
<MIXTURE> 11 7.821685e-02
<MEAN> 6
 8.010793e+01 -3.676291e+02 1.569398e+02 -2.224327e+00 -4.507826e+00 -1.176210e+02
<VARIANCE> 6
 3.171015e+01 1.281363e+04 1.155935e+04 3.003832e+02 4.056576e+04 5.205853e+07
<GCONST> 6.738103e+01
<MIXTURE> 12 7.800281e-02
<MEAN> 6
 7.549564e+01 -7.822024e+02 -5.938178e+01 2.735512e-03 2.546005e+00 -1.428323e+02
<VARIANCE> 6
 3.171015e+01 1.281363e+04 1.155935e+04 3.003832e+02 4.056576e+04 5.205853e+07
<GCONST> 6.738103e+01
<MIXTURE> 13 6.238822e-02
<MEAN> 6
 7.351547e+01 -5.935311e+02 1.807252e+02 -1.266331e+00 -3.975207e+00 -7.738797e+01
<VARIANCE> 6
 3.171015e+01 1.281363e+04 1.155935e+04 3.003832e+02 4.056576e+04 5.205853e+07
<GCONST> 6.738103e+01
<MIXTURE> 14 6.105899e-02
<MEAN> 6
 7.349815e+01 -5.936924e+02 1.808707e+02 -1.263897e+00 -3.979956e+00 -7.731779e+01
<VARIANCE> 6
 3.171015e+01 1.281363e+04 1.155935e+04 3.003832e+02 4.056576e+04 5.205853e+07
<GCONST> 6.738103e+01
<MIXTURE> 15 5.435695e-02
<MEAN> 6
 8.019424e+01 -3.261221e+02 3.660334e+02 -3.829905e-01 -6.346669e+00 7.538612e+01
<VARIANCE> 6
 3.171015e+01 1.281363e+04 1.155935e+04 3.003832e+02 4.056576e+04 5.205853e+07
<GCONST> 6.738103e+01
<STATE> 12
<NUMMIXES> 15
<MIXTURE> 1 9.855670e-02
<MEAN> 6
 7.159801e+01 -3.584585e+01 3.324918e+03 3.345666e-01 -2.908986e+00 -9.892368e+01
<VARIANCE> 6
 3.171015e+01 1.281363e+04 1.155935e+04 3.003832e+02 4.056576e+04 5.205853e+07
<GCONST> 6.738103e+01
<MIXTURE> 2 8.186717e-02
<MEAN> 6
 6.047863e+01 2.046232e+02 -4.277034e+02 -9.117290e+01 -8.930388e+02 -5.343232e+03
<VARIANCE> 6
 1.037026e+02 2.570795e+05 1.866676e+06 2.118203e+03 1.043119e+05 5.448836e+07
<GCONST> 7.959256e+01
<MIXTURE> 3 7.530813e-02
<MEAN> 6
 8.118365e+01 -3.526725e+02 2.601889e+03 -6.417316e-01 -9.748789e+00 -1.785869e+02
<VARIANCE> 6
 3.171015e+01 1.281363e+04 1.155935e+04 3.003832e+02 4.056576e+04 5.205853e+07
<GCONST> 6.738103e+01
<MIXTURE> 4 5.830728e-02
<MEAN> 6
 7.442605e+01 -4.487690e+02 1.138846e+03 1.789067e-01 -4.408914e+00 -1.003164e+02
<VARIANCE> 6
 3.171015e+01 1.281363e+04 1.155935e+04 3.003832e+02 4.056576e+04 5.205853e+07
<GCONST> 6.738103e+01
<MIXTURE> 5 9.741554e-02
<MEAN> 6
 7.393312e+01 -4.259533e+02 8.812319e+02 -8.685311e-01 -1.045566e+01 -9.341141e+01
<VARIANCE> 6
 3.171015e+01 1.281363e+04 1.155935e+04 3.003832e+02 4.056576e+04 5.205853e+07
<GCONST> 6.738103e+01
<MIXTURE> 6 5.146065e-02
<MEAN> 6
 8.178565e+01 -7.244710e+02 1.544630e+03 -1.647998e-01 -9.836971e-01 -2.846574e+01
<VARIANCE> 6
 3.171015e+01 1.281363e+04 1.642653e+04 3.003832e+02 4.056576e+04 5.205853e+07
<GCONST> 6.773244e+01
<MIXTURE> 7 9.599423e-02
<MEAN> 6
 7.393312e+01 -4.259533e+02 8.812318e+02 -8.685328e-01 -1.045567e+01 -9.341158e+01
<VARIANCE> 6
 3.171015e+01 1.281363e+04 1.155935e+04 3.003832e+02 4.056576e+04 5.205853e+07
<GCONST> 6.738103e+01
<MIXTURE> 8 2.873281e-02
<MEAN> 6
 6.398244e+01 3.317404e+02 1.590920e+03 -2.207348e+02 -2.514731e+03 -3.420857e+03
<VARIANCE> 6
 1.186761e+02 6.219919e+05 3.263404e+06 1.107897e+04 7.869758e+05 1.100440e+09
<GCONST> 8.785036e+01
<MIXTURE> 9 6.874131e-02
<MEAN> 6
 2.466567e+01 4.646321e+02 -1.064837e+03 -2.650240e+02 -8.968245e+02 1.285884e+03
<VARIANCE> 6
 3.178718e+02 2.748286e+06 7.836128e+06 5.631479e+03 4.955899e+05 1.322007e+08
<GCONST> 8.793912e+01
<MIXTURE> 10 5.509444e-02
<MEAN> 6
 6.590762e+01 2.363200e+02 -1.541922e+02 -1.033341e+02 -1.530717e+03 -1.474976e+04
<VARIANCE> 6
 1.392679e+02 8.994071e+05 5.484200e+04 2.959183e+03 4.936676e+05 1.952575e+08
<GCONST> 8.077748e+01
<MIXTURE> 11 6.459469e-02
<MEAN> 6
 -3.732447e+01 2.150204e+02 -4.656698e+02 -3.985588e+02 2.016437e+03 4.787517e+04
<VARIANCE> 6
 3.066517e+02 2.418910e+06 1.726682e+06 7.136106e+03 2.503454e+06 8.874733e+08
<GCONST> 9.002351e+01
<MIXTURE> 12 6.444123e-02
<MEAN> 6
 4.182315e+01 7.179603e+01 -2.900164e+02 -2.743393e+02 -1.637262e+03 7.249292e+03
<VARIANCE> 6
 9.780481e+01 6.558142e+05 2.684488e+05 5.580421e+03 2.189569e+05 1.351210e+08
<GCONST> 8.114962e+01
<MIXTURE> 13 2.979775e-02
<MEAN> 6
 8.074715e+01 -4.932430e+02 2.258143e+03 1.170648e-01 -9.458876e-01 4.294395e+01
<VARIANCE> 6
 3.171015e+01 1.281363e+04 1.889769e+04 3.003832e+02 4.056576e+04 5.205853e+07
<GCONST> 6.787257e+01
<MIXTURE> 14 7.824608e-02
<MEAN> 6
 4.617514e+00 -1.014316e+02 -4.471699e+02 -4.222202e+02 -7.516558e+02 1.387952e+04
<VARIANCE> 6
 3.214559e+02 9.706980e+05 1.378498e+06 3.478258e+03 5.973602e+05 3.850377e+08
<GCONST> 8.594582e+01
<MIXTURE> 15 5.143541e-02
<MEAN> 6
 8.162446e+01 -7.042986e+02 1.471701e+03 -2.350336e-01 -5.337325e+00 -1.291581e+02
<VARIANCE> 6
 3.171015e+01 1.281363e+04 2.025187e+04 3.003832e+02 4.056576e+04 5.205853e+07
<GCONST> 6.794179e+01
<STATE> 13
<NUMMIXES> 15
<MIXTURE> 1 8.002196e-02
<MEAN> 6
 8.794599e+01 6.281422e+01 6.041180e+01 -9.033037e+00 -5.785757e+01 -9.236159e+02
<VARIANCE> 6
 1.189971e+02 3.909813e+05 3.651918e+05 3.003832e+02 4.106005e+04 5.205853e+07
<GCONST> 7.558669e+01
<MIXTURE> 2 7.146042e-02
<MEAN> 6
 -1.434276e+01 -2.685199e+02 1.587223e+02 2.789475e+02 5.450756e+02 -7.765151e+03
<VARIANCE> 6
 2.208394e+02 7.977294e+05 3.279036e+05 5.332221e+03 2.341442e+05 6.996353e+07
<GCONST> 8.172340e+01
<MIXTURE> 3 2.231308e-02
<MEAN> 6
 -9.242319e-01 3.553791e+02 -2.683582e+03 -2.381726e+02 3.064362e+02 1.429130e+04
<VARIANCE> 6
 2.408102e+03 3.743841e+06 1.199669e+07 7.310818e+04 8.251846e+06 5.768094e+09
<GCONST> 9.985087e+01
<MIXTURE> 4 6.447832e-02
<MEAN> 6
 -1.818753e+00 -2.631525e+01 8.673055e+01 -2.704438e+02 1.056019e+02 5.467465e+03
<VARIANCE> 6
 6.902238e+02 3.570811e+05 2.086422e+05 5.938465e+03 3.639383e+05 2.038476e+08
<GCONST> 8.322520e+01
<MIXTURE> 5 6.263910e-02
<MEAN> 6
 -4.641420e+01 -1.447768e+02 1.179582e+02 1.658095e+02 9.892243e+02 1.042475e+03
<VARIANCE> 6
 1.308505e+02 3.846219e+05 2.997496e+05 4.025735e+03 1.985307e+05 5.205853e+07
<GCONST> 7.963908e+01
<MIXTURE> 6 1.001271e-01
<MEAN> 6
 3.953450e+01 -2.197362e+02 4.535481e+01 2.376999e+02 -4.603582e+02 -1.620528e+03
<VARIANCE> 6
 4.098763e+02 5.251706e+05 4.727612e+05 4.752097e+03 1.458246e+05 5.205853e+07
<GCONST> 8.140532e+01
<MIXTURE> 7 5.916523e-02
<MEAN> 6
 9.380776e+01 -3.514586e+00 -8.731186e+01 3.662552e+01 -1.187994e+03 1.527255e+02
<VARIANCE> 6
 1.255863e+02 9.912458e+05 8.345492e+05 1.332500e+04 2.024517e+06 1.331227e+09
<GCONST> 8.832923e+01
<MIXTURE> 8 8.722151e-02
<MEAN> 6
 -6.442767e+01 -3.045214e+01 5.282207e+00 1.135107e+01 1.785014e+02 2.287764e+02
<VARIANCE> 6
 1.284017e+02 4.193710e+05 4.501423e+05 5.813613e+02 6.472002e+04 5.205853e+07
<GCONST> 7.705733e+01
<MIXTURE> 9 1.006167e-01
<MEAN> 6
 6.867794e+01 1.241408e+01 3.770898e+01 -1.037045e+02 -7.855645e+02 4.116623e+01
<VARIANCE> 6
 3.333218e+02 2.224155e+05 1.143820e+05 1.750431e+04 2.381148e+05 7.205916e+07
<GCONST> 8.103969e+01
<MIXTURE> 10 7.078800e-02
<MEAN> 6
 8.276665e+01 9.864835e+01 -1.061727e+02 1.768785e+01 -5.515987e+02 -6.539199e+02
<VARIANCE> 6
 1.290994e+02 1.189531e+06 6.044518e+05 1.125071e+04 1.185930e+05 6.241978e+07
<GCONST> 8.215002e+01
<MIXTURE> 11 7.787640e-02
<MEAN> 6
 -5.507499e+01 -3.173346e+02 -1.452139e+02 -1.172612e+02 1.590277e+03 -1.109882e+03
<VARIANCE> 6
 2.240915e+02 7.424664e+05 1.206246e+06 2.135382e+04 8.474508e+05 6.220292e+08
<GCONST> 8.782755e+01
<MIXTURE> 12 2.953292e-02
<MEAN> 6
 4.860608e+01 9.586813e+01 5.180611e+01 2.559778e+02 -4.898342e+02 -1.257781e+04
<VARIANCE> 6
 9.631421e+02 3.650233e+05 1.834749e+05 2.291999e+04 1.051562e+06 5.606527e+08
<GCONST> 8.687517e+01
<MIXTURE> 13 4.170447e-02
<MEAN> 6
 6.727544e+01 3.953694e+01 -8.653506e+02 -6.201719e+01 -8.861926e+02 3.872219e+03
<VARIANCE> 6
 4.832563e+02 1.403962e+06 4.312529e+06 3.670543e+04 4.862052e+05 1.508453e+08
<GCONST> 8.907648e+01
<MIXTURE> 14 7.689908e-02
<MEAN> 6
 -6.332039e+01 -1.861133e+01 1.191492e+02 7.723570e+00 8.076927e+02 -7.258211e+02
<VARIANCE> 6
 8.922767e+01 1.524762e+05 2.365913e+05 7.492662e+03 1.376407e+05 1.004343e+08
<GCONST> 7.900640e+01
<MIXTURE> 15 5.478582e-02
<MEAN> 6
 7.949422e+00 -7.237512e+01 -2.193706e+02 -2.837365e+02 -1.637324e+02 4.994476e+03
<VARIANCE> 6
 6.817686e+02 6.054939e+05 1.240760e+06 5.919776e+03 4.504978e+05 2.135349e+08
<GCONST> 8.578046e+01
<STATE> 14
<NUMMIXES> 15
<MIXTURE> 1 3.189582e-02
<MEAN> 6
 -6.143057e+00 1.766319e+02 6.947141e+01 3.686355e+01 -7.947333e+01 1.774307e+03
<VARIANCE> 6
 1.281200e+04 1.972846e+05 3.956226e+05 2.135442e+06 1.187873e+09 1.751778e+12
<GCONST> 1.092273e+02
<MIXTURE> 2 9.074049e-02
<MEAN> 6
 6.982383e+01 1.205555e+03 4.712826e+02 -2.631992e+00 -1.630338e+01 -3.703582e+01
<VARIANCE> 6
 9.115333e+01 1.901519e+06 1.419460e+06 3.003832e+02 4.056576e+04 5.205853e+07
<GCONST> 7.824738e+01
<MIXTURE> 3 6.084596e-02
<MEAN> 6
 -5.056699e+00 1.635026e+02 -1.130058e+02 -7.192774e+01 1.614063e+02 2.386409e+03
<VARIANCE> 6
 5.940896e+03 3.898762e+05 2.271360e+06 2.304732e+04 1.610348e+06 1.578490e+09
<GCONST> 9.274335e+01
<MIXTURE> 4 8.708771e-02
<MEAN> 6
 5.055715e+01 8.009024e+02 5.745535e+02 6.766566e+00 -3.939504e+02 1.929408e+02
<VARIANCE> 6
 8.599673e+02 1.829035e+06 4.149960e+06 2.093072e+04 2.394052e+05 5.913760e+07
<GCONST> 8.767233e+01
<MIXTURE> 5 1.133642e-01
<MEAN> 6
 8.784151e+01 3.080160e+02 -2.154249e+02 -6.232344e+00 1.201530e+00 3.034487e+01
<VARIANCE> 6
 8.215655e+01 2.742151e+05 1.250072e+05 3.003832e+02 4.056576e+04 5.205853e+07
<GCONST> 7.377730e+01
<MIXTURE> 6 9.151148e-02
<MEAN> 6
 -5.163340e+01 1.933111e+02 2.627090e+02 4.390044e+01 5.437485e+02 -7.796357e+02
<VARIANCE> 6
 2.739165e+02 1.146874e+06 2.305974e+06 1.444178e+04 1.364204e+05 5.205853e+07
<GCONST> 8.441290e+01
<MIXTURE> 7 5.688683e-02
<MEAN> 6
 6.968774e+01 8.102538e+01 2.851240e+02 -2.047461e+00 -5.225934e+00 -1.003067e+02
<VARIANCE> 6
 4.220449e+01 6.283765e+04 1.249772e+05 3.003832e+02 4.056576e+04 5.205853e+07
<GCONST> 7.163760e+01
<MIXTURE> 8 7.759967e-02
<MEAN> 6
 9.762279e+01 5.693426e+02 6.092664e+02 -4.008247e+00 -1.010531e+01 9.777835e+01
<VARIANCE> 6
 3.171015e+01 2.434692e+05 2.990895e+06 3.003832e+02 4.056576e+04 5.205853e+07
<GCONST> 7.588135e+01
<MIXTURE> 9 6.203756e-02
<MEAN> 6
 3.576625e+01 -7.109779e+01 5.106928e+02 5.481699e+01 -2.121135e+02 -9.853376e+02
<VARIANCE> 6
 9.164423e+02 1.863393e+05 1.405366e+06 1.727654e+04 8.877756e+04 5.205853e+07
<GCONST> 8.305777e+01
<MIXTURE> 10 5.150441e-02
<MEAN> 6
 7.359734e+01 -2.988554e+02 9.048354e+02 -6.467161e-01 -2.125366e+01 -8.140693e+01
<VARIANCE> 6
 1.959097e+02 1.567522e+05 3.122597e+06 3.003832e+02 4.056576e+04 5.205853e+07
<GCONST> 7.730513e+01
<MIXTURE> 11 6.804390e-02
<MEAN> 6
 8.032391e+01 -3.203144e+02 5.650241e+01 -3.253166e-01 2.500676e+01 -1.387288e+02
<VARIANCE> 6
 4.780210e+01 9.190424e+04 3.008086e+04 3.003832e+02 4.056576e+04 5.205853e+07
<GCONST> 7.071809e+01
<MIXTURE> 12 4.718369e-02
<MEAN> 6
 -6.840185e+01 1.959599e+01 -4.262131e+01 -5.764486e-01 5.378802e+01 6.606914e+02
<VARIANCE> 6
 4.887260e+02 1.516522e+05 2.161178e+06 3.431705e+02 6.454288e+04 5.205853e+07
<GCONST> 7.841576e+01
<MIXTURE> 13 5.225331e-02
<MEAN> 6
 9.203799e+01 -1.118216e+03 6.042497e+02 -3.965797e+00 2.332819e+00 2.903239e+01
<VARIANCE> 6
 2.410960e+02 8.805808e+05 1.529069e+06 3.003832e+02 4.056576e+04 5.205853e+07
<GCONST> 7.852458e+01
<MIXTURE> 14 5.564928e-02
<MEAN> 6
 6.631692e+00 -2.217297e+02 1.174845e+02 -3.129444e+01 -1.219180e+02 -1.081099e+03
<VARIANCE> 6
 8.533351e+02 8.644458e+04 4.124197e+06 3.419037e+04 1.740996e+05 5.920791e+07
<GCONST> 8.477970e+01
<MIXTURE> 15 5.298865e-02
<MEAN> 6
 6.785284e+01 -3.085905e+02 1.046914e+02 2.028615e+00 -3.228941e+01 -6.370237e+01
<VARIANCE> 6
 2.496170e+02 9.188323e+04 2.324514e+06 3.003832e+02 4.056576e+04 5.205853e+07
<GCONST> 7.671811e+01
<TRANSP> 15
 0.000000e+00 1.000000e+00 0.000000e+00 0.000000e+00 0.000000e+00 0.000000e+00 0.000000e+00 0.000000e+00 0.000000e+00 0.000000e+00 0.000000e+00 0.000000e+00 0.000000e+00 0.000000e+00 0.000000e+00
 0.000000e+00 9.998463e-01 1.537048e-04 0.000000e+00 0.000000e+00 0.000000e+00 0.000000e+00 0.000000e+00 0.000000e+00 0.000000e+00 0.000000e+00 0.000000e+00 0.000000e+00 0.000000e+00 0.000000e+00
 0.000000e+00 0.000000e+00 9.957762e-01 4.223750e-03 0.000000e+00 0.000000e+00 0.000000e+00 0.000000e+00 0.000000e+00 0.000000e+00 0.000000e+00 0.000000e+00 0.000000e+00 0.000000e+00 0.000000e+00
 0.000000e+00 0.000000e+00 0.000000e+00 9.969488e-01 3.051228e-03 0.000000e+00 0.000000e+00 0.000000e+00 0.000000e+00 0.000000e+00 0.000000e+00 0.000000e+00 0.000000e+00 0.000000e+00 0.000000e+00
 0.000000e+00 0.000000e+00 0.000000e+00 0.000000e+00 9.974399e-01 2.560127e-03 0.000000e+00 0.000000e+00 0.000000e+00 0.000000e+00 0.000000e+00 0.000000e+00 0.000000e+00 0.000000e+00 0.000000e+00
 0.000000e+00 0.000000e+00 0.000000e+00 0.000000e+00 0.000000e+00 9.973389e-01 2.661155e-03 0.000000e+00 0.000000e+00 0.000000e+00 0.000000e+00 0.000000e+00 0.000000e+00 0.000000e+00 0.000000e+00
 0.000000e+00 0.000000e+00 0.000000e+00 0.000000e+00 0.000000e+00 0.000000e+00 9.979060e-01 2.094085e-03 0.000000e+00 0.000000e+00 0.000000e+00 0.000000e+00 0.000000e+00 0.000000e+00 0.000000e+00
 0.000000e+00 0.000000e+00 0.000000e+00 0.000000e+00 0.000000e+00 0.000000e+00 0.000000e+00 9.977798e-01 2.220238e-03 0.000000e+00 0.000000e+00 0.000000e+00 0.000000e+00 0.000000e+00 0.000000e+00
 0.000000e+00 0.000000e+00 0.000000e+00 0.000000e+00 0.000000e+00 0.000000e+00 0.000000e+00 0.000000e+00 9.981587e-01 1.841339e-03 0.000000e+00 0.000000e+00 0.000000e+00 0.000000e+00 0.000000e+00
 0.000000e+00 0.000000e+00 0.000000e+00 0.000000e+00 0.000000e+00 0.000000e+00 0.000000e+00 0.000000e+00 0.000000e+00 9.988976e-01 1.102402e-03 0.000000e+00 0.000000e+00 0.000000e+00 0.000000e+00
 0.000000e+00 0.000000e+00 0.000000e+00 0.000000e+00 0.000000e+00 0.000000e+00 0.000000e+00 0.000000e+00 0.000000e+00 0.000000e+00 9.974927e-01 2.507214e-03 0.000000e+00 0.000000e+00 0.000000e+00
 0.000000e+00 0.000000e+00 0.000000e+00 0.000000e+00 0.000000e+00 0.000000e+00 0.000000e+00 0.000000e+00 0.000000e+00 0.000000e+00 0.000000e+00 9.981404e-01 1.859608e-03 0.000000e+00 0.000000e+00
 0.000000e+00 0.000000e+00 0.000000e+00 0.000000e+00 0.000000e+00 0.000000e+00 0.000000e+00 0.000000e+00 0.000000e+00 0.000000e+00 0.000000e+00 0.000000e+00 9.999093e-01 9.069112e-05 0.000000e+00
 0.000000e+00 0.000000e+00 0.000000e+00 0.000000e+00 0.000000e+00 0.000000e+00 0.000000e+00 0.000000e+00 0.000000e+00 0.000000e+00 0.000000e+00 0.000000e+00 0.000000e+00 9.998206e-01 1.793420e-04
 0.000000e+00 0.000000e+00 0.000000e+00 0.000000e+00 0.000000e+00 0.000000e+00 0.000000e+00 0.000000e+00 0.000000e+00 0.000000e+00 0.000000e+00 0.000000e+00 0.000000e+00 0.000000e+00 0.000000e+00
<ENDHMM>
