~o
<STREAMINFO> 1 6
<VECSIZE> 6<NULLD><USER><DIAGC>
~h "SegundoPRIMARIA"
<BEGINHMM>
<NUMSTATES> 13
<STATE> 2
<NUMMIXES> 15
<MIXTURE> 1 5.738841e-02
<MEAN> 6
 9.650446e+01 -4.409335e+01 2.683843e+02 -3.176941e+00 -3.254054e+01 -3.868479e+02
<VARIANCE> 6
 3.388465e+02 3.728521e+05 1.590736e+06 2.961554e+02 4.050157e+04 5.219723e+07
<GCONST> 7.803197e+01
<MIXTURE> 2 2.486303e-02
<MEAN> 6
 9.830943e+01 -1.106206e+02 -8.242580e+01 4.760249e+01 -1.355177e+03 2.649543e+03
<VARIANCE> 6
 1.465600e+03 1.178253e+06 1.126888e+06 4.503806e+04 3.780452e+06 2.605946e+09
<GCONST> 9.377348e+01
<MIXTURE> 3 8.347178e-02
<MEAN> 6
 -3.591826e+01 -8.307378e+01 -2.667632e+01 5.672317e+01 8.109362e+02 -1.728889e+03
<VARIANCE> 6
 2.835693e+02 1.567068e+05 2.170252e+05 3.122677e+04 2.701949e+05 6.582335e+07
<GCONST> 8.178304e+01
<MIXTURE> 4 7.353806e-02
<MEAN> 6
 3.810347e+01 -6.870611e+01 1.974801e+01 2.091509e+02 -2.438486e+02 -6.212739e+02
<VARIANCE> 6
 7.094122e+02 1.630521e+05 4.898545e+05 3.463393e+03 1.497138e+05 5.219723e+07
<GCONST> 8.053241e+01
<MIXTURE> 5 1.121059e-01
<MEAN> 6
 6.959775e+01 5.944361e+01 -4.115727e+02 1.817409e-01 -1.223108e+01 -1.083884e+02
<VARIANCE> 6
 5.930027e+01 5.958006e+04 6.999642e+05 2.961554e+02 4.050157e+04 5.219723e+07
<GCONST> 7.363425e+01
<MIXTURE> 6 5.779335e-02
<MEAN> 6
 8.945000e+01 1.489482e+01 2.891344e+02 -2.777388e+01 -4.197084e+02 -4.563293e+01
<VARIANCE> 6
 5.184874e+02 9.208411e+04 4.743512e+05 1.178466e+04 1.662432e+05 5.219723e+07
<GCONST> 8.094464e+01
<MIXTURE> 7 8.098707e-02
<MEAN> 6
 -5.605454e+01 -3.318893e+01 1.572344e+01 4.156106e+01 5.826817e+02 5.693661e+02
<VARIANCE> 6
 2.799994e+02 1.964823e+05 1.803509e+06 8.116825e+03 1.093994e+05 5.219723e+07
<GCONST> 8.163062e+01
<MIXTURE> 8 7.916383e-02
<MEAN> 6
 1.709302e+01 -3.739217e+01 1.086092e+02 -3.043074e+02 -2.749536e+02 9.234040e+03
<VARIANCE> 6
 5.595333e+02 2.063296e+05 1.066879e+06 9.111631e+03 6.593141e+05 2.522443e+08
<GCONST> 8.533401e+01
<MIXTURE> 9 4.380769e-02
<MEAN> 6
 6.698638e+01 -7.805295e+02 2.004209e+03 4.726007e-01 -5.958075e+00 -2.308570e+01
<VARIANCE> 6
 9.815345e+01 5.887543e+04 1.514829e+06 2.961554e+02 4.050157e+04 5.219723e+07
<GCONST> 7.489831e+01
<MIXTURE> 10 9.735627e-02
<MEAN> 6
 8.083955e+01 -9.784583e+01 1.739568e+00 1.577816e+01 -8.813217e+02 -1.387832e+03
<VARIANCE> 6
 5.332264e+02 4.024914e+05 1.809906e+06 2.839517e+04 6.519276e+05 2.508941e+08
<GCONST> 8.760263e+01
<MIXTURE> 11 6.884505e-02
<MEAN> 6
 -4.889681e+01 -1.367340e+02 3.137134e+01 -1.222014e+02 1.558971e+03 8.847809e+02
<VARIANCE> 6
 4.552944e+02 4.835022e+05 1.518199e+06 3.621160e+04 8.189602e+05 6.871624e+08
<GCONST> 8.893106e+01
<MIXTURE> 12 5.277813e-02
<MEAN> 6
 -5.848807e+01 -1.473196e+01 -1.292405e+02 -7.474202e+00 1.492695e+02 1.623598e+01
<VARIANCE> 6
 1.889464e+02 1.751832e+05 8.876321e+05 4.685620e+02 4.050157e+04 5.219723e+07
<GCONST> 7.656793e+01
<MIXTURE> 13 4.758596e-02
<MEAN> 6
 1.055884e+01 -1.359190e+02 -5.417191e+01 3.107805e+02 4.606258e+01 -9.198844e+03
<VARIANCE> 6
 6.349300e+02 3.802418e+05 1.568984e+06 4.937762e+03 3.922885e+05 1.219662e+08
<GCONST> 8.459895e+01
<MIXTURE> 14 6.055779e-02
<MEAN> 6
 8.160916e+01 5.518414e+02 -6.877922e+02 2.376734e+00 -5.086462e+01 -2.528100e+02
<VARIANCE> 6
 2.269909e+02 5.208566e+05 1.243944e+06 2.961554e+02 4.050157e+04 5.219723e+07
<GCONST> 7.771972e+01
<MIXTURE> 15 5.954132e-02
<MEAN> 6
 7.565366e+01 -6.290752e+01 9.517094e+00 -1.033343e+02 -6.879245e+02 -1.724566e+03
<VARIANCE> 6
 5.084793e+02 1.045867e+05 4.014998e+05 1.540348e+04 2.098789e+05 5.219723e+07
<GCONST> 8.138660e+01
<STATE> 3
<NUMMIXES> 15
<MIXTURE> 1 1.008125e-01
<MEAN> 6
 9.294446e+01 -4.442423e+01 8.893250e+01 -9.618066e-01 4.606433e-01 -5.801025e+01
<VARIANCE> 6
 3.128982e+01 1.293270e+04 1.353773e+04 2.961554e+02 4.050157e+04 5.219723e+07
<GCONST> 6.752183e+01
<MIXTURE> 2 5.839317e-02
<MEAN> 6
 9.576641e+01 -6.312215e+02 -3.915568e+01 -2.362223e-01 5.755270e+00 2.700077e+02
<VARIANCE> 6
 3.128982e+01 1.709524e+05 1.353773e+04 2.961554e+02 4.050157e+04 5.219723e+07
<GCONST> 7.010345e+01
<MIXTURE> 3 2.348866e-02
<MEAN> 6
 9.559982e+01 2.565712e+02 -2.818711e+02 6.441375e-01 -1.895293e+01 -1.926399e+01
<VARIANCE> 6
 3.128982e+01 1.327949e+04 1.186968e+05 2.961554e+02 4.050157e+04 5.219723e+07
<GCONST> 6.971938e+01
<MIXTURE> 4 4.575731e-02
<MEAN> 6
 8.204302e+01 2.714311e+02 -4.145598e+01 4.868572e+00 -3.303732e+01 4.442683e+02
<VARIANCE> 6
 3.128982e+01 1.293270e+04 1.353773e+04 2.961554e+02 4.050157e+04 5.219723e+07
<GCONST> 6.752183e+01
<MIXTURE> 5 7.363154e-02
<MEAN> 6
 9.050158e+01 -2.199021e+02 -5.556205e+02 -5.109968e-01 1.725734e+01 3.723639e+01
<VARIANCE> 6
 3.128982e+01 1.585993e+04 1.353773e+04 2.961554e+02 4.050157e+04 5.219723e+07
<GCONST> 6.772586e+01
<MIXTURE> 6 7.178672e-02
<MEAN> 6
 9.294114e+01 -4.517926e+01 8.819707e+01 -9.495128e-01 5.046483e-01 -5.919002e+01
<VARIANCE> 6
 3.128982e+01 1.293270e+04 1.353773e+04 2.961554e+02 4.050157e+04 5.219723e+07
<GCONST> 6.752183e+01
<MIXTURE> 7 6.244202e-02
<MEAN> 6
 8.428453e+01 -4.012276e+02 -5.993502e+01 -3.798899e+00 -8.740031e-01 -2.078880e+02
<VARIANCE> 6
 3.128982e+01 1.293270e+04 1.353773e+04 2.961554e+02 4.050157e+04 5.219723e+07
<GCONST> 6.752183e+01
<MIXTURE> 8 6.591235e-02
<MEAN> 6
 9.214970e+01 -5.693191e+02 -5.375130e+02 -8.487181e-01 -4.545205e+00 -1.271742e+02
<VARIANCE> 6
 3.128982e+01 1.293270e+04 1.353773e+04 2.961554e+02 4.050157e+04 5.219723e+07
<GCONST> 6.752183e+01
<MIXTURE> 9 6.562851e-02
<MEAN> 6
 9.281234e+01 -7.656385e+01 -2.021864e-01 -8.278146e-01 2.659085e+00 -7.399445e+01
<VARIANCE> 6
 3.128982e+01 1.293270e+04 1.589592e+04 2.961554e+02 4.050157e+04 5.219723e+07
<GCONST> 6.768240e+01
<MIXTURE> 10 6.807855e-02
<MEAN> 6
 9.453143e+01 2.568377e+02 -5.142178e+02 -9.394885e-01 -4.658938e+00 -1.369567e+01
<VARIANCE> 6
 3.128982e+01 1.293270e+04 2.170103e+04 2.961554e+02 4.050157e+04 5.219723e+07
<GCONST> 6.799371e+01
<MIXTURE> 11 7.481395e-02
<MEAN> 6
 8.690316e+01 1.420925e+02 -9.003918e+01 7.946139e-01 -1.590343e+00 3.984180e+01
<VARIANCE> 6
 3.128982e+01 1.293270e+04 1.353773e+04 2.961554e+02 4.050157e+04 5.219723e+07
<GCONST> 6.752183e+01
<MIXTURE> 12 8.748713e-02
<MEAN> 6
 8.918243e+01 -6.667665e+01 -1.032808e+02 -1.030713e+00 8.780736e-01 -9.963002e+01
<VARIANCE> 6
 3.128982e+01 1.293270e+04 1.353773e+04 2.961554e+02 4.050157e+04 5.219723e+07
<GCONST> 6.752183e+01
<MIXTURE> 13 6.898703e-02
<MEAN> 6
 9.285899e+01 -6.636047e+01 6.613769e+01 -6.822153e-01 1.692573e+00 -8.160336e+01
<VARIANCE> 6
 3.128982e+01 1.293270e+04 1.353773e+04 2.961554e+02 4.050157e+04 5.219723e+07
<GCONST> 6.752183e+01
<MIXTURE> 14 6.527109e-02
<MEAN> 6
 9.214945e+01 -5.693426e+02 -5.375102e+02 -8.487382e-01 -4.546097e+00 -1.271135e+02
<VARIANCE> 6
 3.128982e+01 1.293270e+04 1.353773e+04 2.961554e+02 4.050157e+04 5.219723e+07
<GCONST> 6.752183e+01
<MIXTURE> 15 6.747942e-02
<MEAN> 6
 9.445992e+01 2.573755e+02 -5.715961e+02 -2.221640e+00 -1.317830e+00 7.982652e+00
<VARIANCE> 6
 3.128982e+01 1.293270e+04 1.832539e+04 2.961554e+02 4.050157e+04 5.219723e+07
<GCONST> 6.782463e+01
<STATE> 4
<NUMMIXES> 15
<MIXTURE> 1 7.801188e-02
<MEAN> 6
 9.329784e+01 1.008350e+03 -8.029251e+02 -4.482108e+00 1.242519e+00 -7.971412e+01
<VARIANCE> 6
 3.128982e+01 1.656128e+04 2.355052e+04 2.961554e+02 4.050157e+04 5.219723e+07
<GCONST> 6.832280e+01
<MIXTURE> 2 5.622936e-02
<MEAN> 6
 9.577586e+01 -1.243024e+02 -3.143062e+03 -4.874859e+00 -4.957134e+00 2.005237e+02
<VARIANCE> 6
 3.128982e+01 1.293270e+04 1.353773e+04 2.961554e+02 4.050157e+04 5.219723e+07
<GCONST> 6.752183e+01
<MIXTURE> 3 6.635398e-02
<MEAN> 6
 4.615024e+01 -2.190185e+02 -6.719318e+02 5.806543e+01 -4.850252e+01 -1.295284e+03
<VARIANCE> 6
 2.545076e+02 8.585533e+04 2.933708e+05 1.170862e+03 1.536080e+05 7.097342e+07
<GCONST> 7.760167e+01
<MIXTURE> 4 8.460886e-02
<MEAN> 6
 8.860567e+01 1.014352e+03 -2.173620e+03 -1.713965e+00 -2.093299e+00 2.774595e+01
<VARIANCE> 6
 3.128982e+01 1.293270e+04 1.353773e+04 2.961554e+02 4.050157e+04 5.219723e+07
<GCONST> 6.752183e+01
<MIXTURE> 5 7.469781e-02
<MEAN> 6
 7.658094e+01 -3.440626e+02 -2.670607e+03 -6.070076e-01 -1.020582e+01 -1.661525e+02
<VARIANCE> 6
 3.128982e+01 1.293270e+04 1.353773e+04 2.961554e+02 4.050157e+04 5.219723e+07
<GCONST> 6.752183e+01
<MIXTURE> 6 9.675147e-02
<MEAN> 6
 7.744483e+01 1.269083e+03 -9.929105e+02 -2.964226e+00 -9.731357e-01 1.482561e+01
<VARIANCE> 6
 3.128982e+01 1.293270e+04 1.353773e+04 2.961554e+02 4.050157e+04 5.219723e+07
<GCONST> 6.752183e+01
<MIXTURE> 7 1.039427e-01
<MEAN> 6
 8.736457e+01 1.115695e+03 -1.064618e+03 -3.130114e+00 -2.939272e+00 2.674387e+01
<VARIANCE> 6
 3.128982e+01 1.293270e+04 1.489319e+04 2.961554e+02 4.050157e+04 5.219723e+07
<GCONST> 6.761725e+01
<MIXTURE> 8 1.842633e-02
<MEAN> 6
 9.070254e+01 9.944058e+02 -2.568433e+03 1.803086e+01 -1.362712e+02 -4.390604e+01
<VARIANCE> 6
 3.128982e+01 1.966958e+04 1.353773e+04 2.961554e+02 4.050157e+04 5.219723e+07
<GCONST> 6.794114e+01
<MIXTURE> 9 6.323873e-02
<MEAN> 6
 8.027779e+01 -5.437596e+01 -3.073949e+03 -1.091578e+01 2.630697e+01 6.922122e+01
<VARIANCE> 6
 3.128982e+01 1.293270e+04 1.353773e+04 2.961554e+02 4.050157e+04 5.219723e+07
<GCONST> 6.752183e+01
<MIXTURE> 10 3.247407e-02
<MEAN> 6
 6.851958e+01 1.364703e+03 -1.792002e+03 2.611198e+01 -4.372857e+01 2.056555e+03
<VARIANCE> 6
 3.795961e+01 3.245314e+04 3.584683e+04 2.961554e+02 4.050157e+04 5.219723e+07
<GCONST> 6.960887e+01
<MIXTURE> 11 8.420339e-02
<MEAN> 6
 8.860558e+01 1.014349e+03 -2.173623e+03 -1.713998e+00 -2.093312e+00 2.774887e+01
<VARIANCE> 6
 3.128982e+01 1.293270e+04 1.353773e+04 2.961554e+02 4.050157e+04 5.219723e+07
<GCONST> 6.752183e+01
<MIXTURE> 12 8.569156e-02
<MEAN> 6
 8.401913e+01 1.175905e+03 -1.279062e+03 -1.955230e+00 4.565856e-01 1.006189e+01
<VARIANCE> 6
 3.128982e+01 1.293270e+04 1.353773e+04 2.961554e+02 4.050157e+04 5.219723e+07
<GCONST> 6.752183e+01
<MIXTURE> 13 5.601196e-02
<MEAN> 6
 9.560832e+01 -1.131235e+02 -3.142705e+03 -6.224262e+00 -1.487162e+01 5.513941e+02
<VARIANCE> 6
 3.128982e+01 1.293270e+04 1.353773e+04 2.961554e+02 4.050157e+04 5.219723e+07
<GCONST> 6.752183e+01
<MIXTURE> 14 3.908621e-02
<MEAN> 6
 7.649819e+01 1.063063e+03 -1.332595e+03 1.167212e+00 -2.456212e+01 6.426664e+01
<VARIANCE> 6
 3.186468e+01 1.293270e+04 1.353773e+04 2.961554e+02 4.050157e+04 5.219723e+07
<GCONST> 6.754003e+01
<MIXTURE> 15 6.026846e-02
<MEAN> 6
 3.871183e+01 -6.603185e+02 -7.288674e+02 5.700214e+01 -2.757501e+01 -1.581853e+03
<VARIANCE> 6
 1.235825e+02 4.018255e+05 1.374207e+05 7.182070e+02 5.299929e+04 5.219723e+07
<GCONST> 7.580408e+01
<STATE> 5
<NUMMIXES> 15
<MIXTURE> 1 6.609647e-02
<MEAN> 6
 7.937856e+01 2.820466e+03 -2.441515e+02 -2.770006e+00 8.111789e-01 1.838707e+02
<VARIANCE> 6
 3.128982e+01 1.539352e+04 1.353773e+04 2.961554e+02 4.050157e+04 5.219723e+07
<GCONST> 6.769601e+01
<MIXTURE> 2 4.958401e-02
<MEAN> 6
 1.011602e+02 8.118786e+02 3.372492e+02 -5.494992e+00 -3.813996e+00 4.376200e+01
<VARIANCE> 6
 3.128982e+01 1.293270e+04 1.353773e+04 2.961554e+02 4.050157e+04 5.219723e+07
<GCONST> 6.752183e+01
<MIXTURE> 3 3.642076e-02
<MEAN> 6
 9.116858e+01 1.761379e+03 -4.267690e+02 -4.002040e+00 -2.046270e+01 7.107727e+02
<VARIANCE> 6
 3.128982e+01 7.574441e+04 2.282189e+04 2.961554e+02 4.424949e+04 5.219723e+07
<GCONST> 6.990017e+01
<MIXTURE> 4 5.113978e-02
<MEAN> 6
 8.328908e+01 5.743132e+02 4.467180e+02 -4.494638e-01 -7.026588e-01 -2.184693e+01
<VARIANCE> 6
 3.128982e+01 1.293270e+04 1.353773e+04 2.961554e+02 4.050157e+04 5.219723e+07
<GCONST> 6.752183e+01
<MIXTURE> 5 8.356339e-02
<MEAN> 6
 8.745082e+01 2.860883e+02 4.104843e+02 2.454305e+00 3.211918e+00 -1.584107e+02
<VARIANCE> 6
 3.128982e+01 1.293270e+04 1.353773e+04 2.961554e+02 4.050157e+04 5.219723e+07
<GCONST> 6.752183e+01
<MIXTURE> 6 1.337095e-02
<MEAN> 6
 9.000954e+01 1.246946e+03 8.893793e+01 -3.901663e-01 1.242394e+01 -6.078810e+02
<VARIANCE> 6
 3.128982e+01 1.293270e+04 1.353773e+04 2.961554e+02 4.050157e+04 5.219723e+07
<GCONST> 6.752183e+01
<MIXTURE> 7 5.392323e-02
<MEAN> 6
 9.485877e+01 2.075174e+02 1.443665e+02 -2.203973e+00 1.806237e+01 -1.453985e+02
<VARIANCE> 6
 3.128982e+01 1.293270e+04 1.353773e+04 2.961554e+02 4.050157e+04 5.219723e+07
<GCONST> 6.752183e+01
<MIXTURE> 8 1.119950e-01
<MEAN> 6
 8.326284e+01 5.727906e+02 4.458305e+02 -4.288962e-01 -6.949733e-01 -2.314374e+01
<VARIANCE> 6
 3.128982e+01 1.293270e+04 1.353773e+04 2.961554e+02 4.050157e+04 5.219723e+07
<GCONST> 6.752183e+01
<MIXTURE> 9 6.888704e-02
<MEAN> 6
 8.948557e+01 8.877523e+02 2.276992e+02 -2.613857e+00 1.273399e+00 3.400711e+01
<VARIANCE> 6
 3.128982e+01 1.293270e+04 1.353773e+04 2.961554e+02 4.050157e+04 5.219723e+07
<GCONST> 6.752183e+01
<MIXTURE> 10 9.337255e-02
<MEAN> 6
 9.517280e+01 2.075959e+02 1.469282e+02 -2.951854e+00 -1.834691e+01 -4.558949e+01
<VARIANCE> 6
 3.128982e+01 1.293270e+04 1.353773e+04 2.961554e+02 4.050157e+04 5.219723e+07
<GCONST> 6.752183e+01
<MIXTURE> 11 8.440959e-02
<MEAN> 6
 8.746116e+01 2.838276e+02 4.095814e+02 2.518870e+00 3.604846e+00 -1.674036e+02
<VARIANCE> 6
 3.128982e+01 1.293270e+04 1.353773e+04 2.961554e+02 4.050157e+04 5.219723e+07
<GCONST> 6.752183e+01
<MIXTURE> 12 1.022746e-01
<MEAN> 6
 8.335397e+01 9.400635e+02 -4.449254e+02 -2.946627e+00 -6.245395e+00 1.096087e+02
<VARIANCE> 6
 3.128982e+01 2.427192e+05 4.029527e+04 2.961554e+02 4.050157e+04 5.219723e+07
<GCONST> 7.154472e+01
<MIXTURE> 13 6.917557e-02
<MEAN> 6
 8.952444e+01 8.875016e+02 2.206272e+02 -2.461622e+00 1.631108e+00 2.962675e+01
<VARIANCE> 6
 3.128982e+01 1.293270e+04 1.353773e+04 2.961554e+02 4.050157e+04 5.219723e+07
<GCONST> 6.752183e+01
<MIXTURE> 14 6.462462e-02
<MEAN> 6
 7.862551e+01 2.378651e+03 -1.837302e+02 6.775340e-01 -1.032555e+01 -2.053448e+02
<VARIANCE> 6
 3.128982e+01 6.255072e+04 1.353773e+04 2.961554e+02 4.050157e+04 5.219723e+07
<GCONST> 6.909805e+01
<MIXTURE> 15 5.114228e-02
<MEAN> 6
 8.324416e+01 5.713262e+02 4.449792e+02 -4.087017e-01 -6.955642e-01 -2.462151e+01
<VARIANCE> 6
 3.128982e+01 1.293270e+04 1.353773e+04 2.961554e+02 4.050157e+04 5.219723e+07
<GCONST> 6.752183e+01
<STATE> 6
<NUMMIXES> 15
<MIXTURE> 1 6.608047e-02
<MEAN> 6
 7.652231e+01 2.544813e+03 4.585571e+02 -2.448365e+00 -1.507018e+01 -1.150049e+02
<VARIANCE> 6
 3.128982e+01 3.512975e+05 1.353773e+04 2.961554e+02 4.050157e+04 5.219723e+07
<GCONST> 7.082370e+01
<MIXTURE> 2 6.842883e-02
<MEAN> 6
 6.466335e+01 -5.070128e+02 2.857983e+02 -5.652272e-01 -7.586942e+00 -1.526768e+02
<VARIANCE> 6
 3.128982e+01 1.293270e+04 1.353773e+04 2.961554e+02 4.050157e+04 5.219723e+07
<GCONST> 6.752183e+01
<MIXTURE> 3 4.337388e-02
<MEAN> 6
 5.902974e+01 4.906593e+02 -4.668177e+01 -1.461193e+00 -5.893577e+00 -1.919319e+02
<VARIANCE> 6
 3.128982e+01 1.293270e+04 1.353773e+04 2.961554e+02 4.050157e+04 5.219723e+07
<GCONST> 6.752183e+01
<MIXTURE> 4 8.593373e-02
<MEAN> 6
 6.576723e+01 9.403314e+02 -1.421735e+02 -2.983730e-01 -3.366846e-01 -1.202483e+02
<VARIANCE> 6
 3.128982e+01 1.293270e+04 1.353773e+04 2.961554e+02 4.050157e+04 5.219723e+07
<GCONST> 6.752183e+01
<MIXTURE> 5 4.841753e-02
<MEAN> 6
 5.859293e+01 -1.424737e+03 -6.545883e+02 3.617438e+00 -1.732770e+01 -9.607786e+00
<VARIANCE> 6
 3.128982e+01 1.293270e+04 1.353773e+04 2.961554e+02 4.050157e+04 5.219723e+07
<GCONST> 6.752183e+01
<MIXTURE> 6 9.560193e-02
<MEAN> 6
 7.504000e+01 -1.022299e+03 1.713822e+02 5.937300e-01 9.930487e+00 3.980227e+01
<VARIANCE> 6
 3.128982e+01 1.925411e+04 1.054349e+05 2.961554e+02 4.050157e+04 5.219723e+07
<GCONST> 6.997240e+01
<MIXTURE> 7 8.798729e-02
<MEAN> 6
 5.842048e+01 -4.080586e+02 -1.327558e+02 1.574391e+00 1.459097e+00 2.532191e+01
<VARIANCE> 6
 3.128982e+01 1.293270e+04 1.353773e+04 2.961554e+02 4.050157e+04 5.219723e+07
<GCONST> 6.752183e+01
<MIXTURE> 8 8.817236e-02
<MEAN> 6
 7.074663e+01 9.550263e+02 6.777897e+02 5.526867e-01 -2.940567e-01 -8.545312e+01
<VARIANCE> 6
 3.128982e+01 4.128250e+04 1.353773e+04 2.961554e+02 4.050157e+04 5.219723e+07
<GCONST> 6.868250e+01
<MIXTURE> 9 3.056447e-02
<MEAN> 6
 5.542090e+01 -1.038751e+03 -4.028513e+02 9.422253e-01 1.373831e+01 3.948312e+00
<VARIANCE> 6
 3.128982e+01 2.381854e+04 1.353773e+04 2.961554e+02 4.050157e+04 5.219723e+07
<GCONST> 6.813253e+01
<MIXTURE> 10 6.652392e-02
<MEAN> 6
 6.617533e+01 8.257094e+02 -1.386155e+02 -1.503703e+00 -6.015389e+00 -1.513075e+02
<VARIANCE> 6
 3.128982e+01 1.420059e+04 1.353773e+04 2.961554e+02 4.050157e+04 5.219723e+07
<GCONST> 6.761535e+01
<MIXTURE> 11 7.927158e-02
<MEAN> 6
 5.786694e+01 -4.679263e+02 -2.522905e+02 1.987900e+00 5.028764e-02 -1.436662e+02
<VARIANCE> 6
 3.128982e+01 1.293270e+04 1.353773e+04 2.961554e+02 4.050157e+04 5.219723e+07
<GCONST> 6.752183e+01
<MIXTURE> 12 5.249555e-02
<MEAN> 6
 5.359022e+01 4.154996e+02 -2.420251e+02 1.195454e+00 -3.047135e+00 -8.029149e+01
<VARIANCE> 6
 3.128982e+01 1.293270e+04 1.353773e+04 2.961554e+02 4.050157e+04 5.219723e+07
<GCONST> 6.752183e+01
<MIXTURE> 13 6.818011e-02
<MEAN> 6
 6.494244e+01 -5.124703e+02 2.836296e+02 -5.476094e-01 -1.188411e+01 -1.722288e+02
<VARIANCE> 6
 3.128982e+01 1.293270e+04 1.353773e+04 2.961554e+02 4.050157e+04 5.219723e+07
<GCONST> 6.752183e+01
<MIXTURE> 14 6.630990e-02
<MEAN> 6
 7.848128e+01 1.861025e+03 4.607850e+02 -1.779316e+00 -8.862304e+00 -1.485602e+02
<VARIANCE> 6
 3.128982e+01 5.449821e+05 1.353773e+04 2.961554e+02 4.050157e+04 5.219723e+07
<GCONST> 7.126282e+01
<MIXTURE> 15 5.264469e-02
<MEAN> 6
 5.396612e+01 3.902814e+02 -2.542449e+02 1.378453e+00 -3.379718e+00 -3.544515e+01
<VARIANCE> 6
 3.128982e+01 1.293270e+04 1.353773e+04 2.961554e+02 4.050157e+04 5.219723e+07
<GCONST> 6.752183e+01
<STATE> 7
<NUMMIXES> 15
<MIXTURE> 1 6.073849e-02
<MEAN> 6
 9.279315e+01 1.031024e+03 1.184490e+03 -3.738857e+00 7.022375e-01 9.961755e+01
<VARIANCE> 6
 3.128982e+01 2.007709e+04 1.353773e+04 2.961554e+02 4.050157e+04 5.219723e+07
<GCONST> 6.796165e+01
<MIXTURE> 2 6.650402e-02
<MEAN> 6
 9.050778e+01 -1.364979e+03 8.048522e+02 -9.763863e-02 -1.473461e+00 -2.588914e+02
<VARIANCE> 6
 3.128982e+01 1.293270e+04 1.353773e+04 2.961554e+02 4.050157e+04 5.219723e+07
<GCONST> 6.752183e+01
<MIXTURE> 3 6.998580e-02
<MEAN> 6
 8.200100e+01 -1.264742e+02 4.456353e+02 -2.522191e+00 8.196565e+00 -1.226299e+02
<VARIANCE> 6
 3.128982e+01 1.293270e+04 1.353773e+04 2.961554e+02 4.050157e+04 5.219723e+07
<GCONST> 6.752183e+01
<MIXTURE> 4 7.652032e-02
<MEAN> 6
 8.365228e+01 6.268364e+02 1.063801e+03 -5.645134e+00 1.962755e+00 2.724429e+00
<VARIANCE> 6
 3.128982e+01 1.293270e+04 1.353773e+04 2.961554e+02 4.050157e+04 5.219723e+07
<GCONST> 6.752183e+01
<MIXTURE> 5 6.494468e-02
<MEAN> 6
 1.053326e+02 2.629539e+02 1.263487e+03 -2.357891e-01 -3.254356e+01 1.792059e+02
<VARIANCE> 6
 3.128982e+01 1.485196e+04 1.353773e+04 2.961554e+02 4.050157e+04 5.219723e+07
<GCONST> 6.766020e+01
<MIXTURE> 6 7.685813e-02
<MEAN> 6
 9.043108e+01 -6.946768e+02 3.397929e+02 4.548517e-01 -4.015498e+01 -5.809307e+01
<VARIANCE> 6
 3.150524e+01 1.456779e+05 5.283916e+04 2.961554e+02 4.050157e+04 5.219723e+07
<GCONST> 7.131210e+01
<MIXTURE> 7 7.572456e-02
<MEAN> 6
 9.471441e+01 -1.008323e+02 1.132688e+03 -4.687437e-01 -1.284060e+01 1.581990e+02
<VARIANCE> 6
 3.128982e+01 1.293270e+04 1.353773e+04 2.961554e+02 4.050157e+04 5.219723e+07
<GCONST> 6.752183e+01
<MIXTURE> 8 7.038399e-02
<MEAN> 6
 7.515050e+01 4.221376e+02 8.489848e+02 -1.869141e+00 9.925622e-01 -1.258660e+00
<VARIANCE> 6
 3.128982e+01 1.293270e+04 1.353773e+04 2.961554e+02 4.050157e+04 5.219723e+07
<GCONST> 6.752183e+01
<MIXTURE> 9 6.292384e-02
<MEAN> 6
 9.903492e+01 -3.323520e+02 8.923055e+02 -1.316442e+00 3.793572e-01 -1.111488e+02
<VARIANCE> 6
 3.128982e+01 1.293270e+04 3.975254e+04 2.961554e+02 4.050157e+04 5.219723e+07
<GCONST> 6.859901e+01
<MIXTURE> 10 7.289136e-02
<MEAN> 6
 9.643892e+01 2.954205e+02 1.033954e+03 -2.645835e+00 -1.195097e+01 7.981430e+01
<VARIANCE> 6
 3.128982e+01 1.293270e+04 1.513531e+04 2.961554e+02 4.050157e+04 5.219723e+07
<GCONST> 6.763338e+01
<MIXTURE> 11 4.897923e-02
<MEAN> 6
 7.290524e+01 3.344498e+02 6.898608e+02 -1.721698e+00 -8.171029e+00 -1.178076e+02
<VARIANCE> 6
 3.128982e+01 1.293270e+04 1.353773e+04 2.961554e+02 4.050157e+04 5.219723e+07
<GCONST> 6.752183e+01
<MIXTURE> 12 7.015324e-02
<MEAN> 6
 9.023438e+01 -1.441176e+03 8.481128e+02 -1.596399e-01 2.430166e+00 3.186231e+01
<VARIANCE> 6
 3.128982e+01 1.293270e+04 1.353773e+04 2.961554e+02 4.050157e+04 5.219723e+07
<GCONST> 6.752183e+01
<MIXTURE> 13 6.276374e-02
<MEAN> 6
 9.888757e+01 -3.313535e+02 7.501227e+02 -1.241096e+00 -7.290152e+00 -2.815763e+02
<VARIANCE> 6
 3.128982e+01 1.293270e+04 4.765620e+04 2.961554e+02 4.050157e+04 5.219723e+07
<GCONST> 6.878036e+01
<MIXTURE> 14 7.354975e-02
<MEAN> 6
 8.715990e+01 -3.792108e+02 3.757374e+02 -1.257932e+00 9.085208e+00 -1.160017e+02
<VARIANCE> 6
 3.128982e+01 1.756896e+04 1.353773e+04 2.961554e+02 4.050157e+04 5.219723e+07
<GCONST> 6.782820e+01
<MIXTURE> 15 4.706670e-02
<MEAN> 6
 7.243655e+01 3.216909e+02 6.401234e+02 -2.997688e+00 -2.101281e+01 -2.799626e+02
<VARIANCE> 6
 3.128982e+01 1.293270e+04 1.353773e+04 2.961554e+02 4.050157e+04 5.219723e+07
<GCONST> 6.752183e+01
<STATE> 8
<NUMMIXES> 15
<MIXTURE> 1 5.229325e-02
<MEAN> 6
 1.279564e+02 4.033892e+02 1.675719e+03 -3.444397e+00 5.643095e-01 3.279700e+01
<VARIANCE> 6
 3.128982e+01 1.293270e+04 1.353773e+04 2.961554e+02 4.050157e+04 5.219723e+07
<GCONST> 6.752183e+01
<MIXTURE> 2 7.225860e-02
<MEAN> 6
 1.083931e+02 8.560971e+00 -2.969564e+02 -1.531321e+00 1.527552e+00 2.330897e+02
<VARIANCE> 6
 3.128982e+01 1.293270e+04 1.353773e+04 2.961554e+02 4.050157e+04 5.219723e+07
<GCONST> 6.752183e+01
<MIXTURE> 3 9.877054e-02
<MEAN> 6
 9.922607e+01 -3.480726e+03 -1.328184e+01 -4.809680e+00 2.161055e+01 -3.354765e+01
<VARIANCE> 6
 3.128982e+01 8.979761e+04 1.353773e+04 2.961554e+02 4.050157e+04 5.219723e+07
<GCONST> 6.945963e+01
<MIXTURE> 4 5.968818e-02
<MEAN> 6
 9.544410e+01 -1.893126e+03 -2.240384e+02 -4.960602e+00 -1.367975e+01 -6.118223e+02
<VARIANCE> 6
 3.128982e+01 5.919418e+04 1.353773e+04 2.961554e+02 4.050157e+04 5.219723e+07
<GCONST> 6.904289e+01
<MIXTURE> 5 3.145087e-02
<MEAN> 6
 1.083931e+02 8.560639e+00 -2.969572e+02 -1.531302e+00 1.527547e+00 2.330917e+02
<VARIANCE> 6
 3.128982e+01 1.293270e+04 1.353773e+04 2.961554e+02 4.050157e+04 5.219723e+07
<GCONST> 6.752183e+01
<MIXTURE> 6 8.821972e-02
<MEAN> 6
 1.313050e+02 -7.242789e+02 2.083787e+02 -2.682746e+01 -1.244048e+02 1.302155e+03
<VARIANCE> 6
 3.010130e+02 2.699386e+06 7.038024e+04 5.256475e+02 8.195577e+04 7.870525e+07
<GCONST> 7.846440e+01
<MIXTURE> 7 4.071682e-02
<MEAN> 6
 1.289881e+02 2.624261e+03 2.449263e+02 -2.078018e+01 6.443547e+00 2.724513e+02
<VARIANCE> 6
 3.958355e+01 7.216984e+04 1.353773e+04 2.961554e+02 4.050157e+04 5.219723e+07
<GCONST> 6.947621e+01
<MIXTURE> 8 8.281898e-02
<MEAN> 6
 1.206562e+02 1.754744e+03 1.316485e+03 -1.639796e+00 -2.249415e+00 5.364415e+01
<VARIANCE> 6
 3.128982e+01 3.794943e+04 1.353773e+04 2.961554e+02 4.050157e+04 5.219723e+07
<GCONST> 6.859832e+01
<MIXTURE> 9 6.727851e-02
<MEAN> 6
 1.021900e+02 -2.745301e+03 -2.367092e+02 -3.078585e+00 -2.408083e+01 -3.242803e+02
<VARIANCE> 6
 3.128982e+01 9.439840e+04 1.353773e+04 2.961554e+02 4.050157e+04 5.219723e+07
<GCONST> 6.950959e+01
<MIXTURE> 10 8.673450e-02
<MEAN> 6
 9.909844e+01 -4.041770e+03 1.534055e+01 -2.619218e+00 2.417335e+00 1.229873e+01
<VARIANCE> 6
 3.128982e+01 1.293270e+04 1.353773e+04 2.961554e+02 4.050157e+04 5.219723e+07
<GCONST> 6.752183e+01
<MIXTURE> 11 5.775288e-02
<MEAN> 6
 1.219464e+02 2.021542e+03 9.263135e+02 -3.168405e+00 2.124072e+01 -2.216294e+02
<VARIANCE> 6
 3.128982e+01 3.958382e+04 4.046053e+04 2.961554e+02 4.050157e+04 5.219723e+07
<GCONST> 6.973534e+01
<MIXTURE> 12 5.029493e-02
<MEAN> 6
 1.340252e+02 1.238696e+02 9.571243e+02 -6.695000e+00 2.393230e+01 -5.313220e+02
<VARIANCE> 6
 3.128982e+01 2.041750e+04 7.040696e+04 2.961554e+02 4.050157e+04 5.219723e+07
<GCONST> 6.962727e+01
<MIXTURE> 13 9.380355e-02
<MEAN> 6
 1.217641e+02 2.391462e+03 1.821881e+02 -7.962391e-01 4.939500e+00 -6.545185e+01
<VARIANCE> 6
 3.128982e+01 1.417778e+04 1.353773e+04 2.961554e+02 4.050157e+04 5.219723e+07
<GCONST> 6.761375e+01
<MIXTURE> 14 6.593169e-02
<MEAN> 6
 1.032981e+02 -2.948996e+03 -2.527699e+02 -1.549210e+00 -1.165319e+01 -2.198953e+02
<VARIANCE> 6
 3.128982e+01 6.650159e+04 1.353773e+04 2.961554e+02 4.050157e+04 5.219723e+07
<GCONST> 6.915929e+01
<MIXTURE> 15 5.198360e-02
<MEAN> 6
 1.281515e+02 3.570456e+02 1.661938e+03 -3.654958e+00 1.692590e-01 6.040293e+01
<VARIANCE> 6
 3.128982e+01 1.604969e+04 1.353773e+04 2.961554e+02 4.050157e+04 5.219723e+07
<GCONST> 6.773775e+01
<STATE> 9
<NUMMIXES> 15
<MIXTURE> 1 9.972826e-02
<MEAN> 6
 7.208604e+01 -7.101605e+02 -2.078156e+02 -3.928413e+00 -1.818810e+01 -1.450774e+02
<VARIANCE> 6
 3.128982e+01 1.463844e+04 1.353773e+04 2.961554e+02 4.050157e+04 5.219723e+07
<GCONST> 6.764572e+01
<MIXTURE> 2 5.291450e-02
<MEAN> 6
 7.270014e+01 1.618473e+02 -5.923222e+02 1.148993e+00 -6.032485e+00 -1.897500e+02
<VARIANCE> 6
 3.128982e+01 1.293270e+04 1.353773e+04 2.961554e+02 4.050157e+04 5.219723e+07
<GCONST> 6.752183e+01
<MIXTURE> 3 2.123601e-02
<MEAN> 6
 7.115822e+01 3.456212e+02 -9.873516e+02 -4.024430e+00 -2.379401e+01 -3.562253e+02
<VARIANCE> 6
 3.128982e+01 2.447692e+05 1.509787e+05 2.961554e+02 4.050157e+04 5.219723e+07
<GCONST> 7.287404e+01
<MIXTURE> 4 3.911531e-02
<MEAN> 6
 6.026824e+01 -3.199215e+02 -4.417834e+02 2.081474e+00 -1.560279e+01 -2.159780e+02
<VARIANCE> 6
 3.128982e+01 1.293270e+04 1.353773e+04 2.961554e+02 4.050157e+04 5.219723e+07
<GCONST> 6.752183e+01
<MIXTURE> 5 8.835886e-02
<MEAN> 6
 6.708497e+01 3.062429e+01 -9.550623e+02 -5.552926e-01 -4.558711e+00 -5.897795e+01
<VARIANCE> 6
 3.128982e+01 1.293270e+04 1.652166e+04 2.961554e+02 4.050157e+04 5.219723e+07
<GCONST> 6.772102e+01
<MIXTURE> 6 8.499058e-02
<MEAN> 6
 7.726794e+01 -3.020092e+02 -7.400204e+02 -4.442199e+00 -6.738662e+00 -7.892371e+01
<VARIANCE> 6
 3.128982e+01 1.293270e+04 1.764251e+04 2.961554e+02 4.050157e+04 5.219723e+07
<GCONST> 6.778665e+01
<MIXTURE> 7 7.122164e-02
<MEAN> 6
 6.589297e+01 -2.672699e+02 -1.273438e+03 3.106538e+00 -1.502540e+01 8.499570e+01
<VARIANCE> 6
 3.128982e+01 1.293270e+04 1.353773e+04 2.961554e+02 4.050157e+04 5.219723e+07
<GCONST> 6.752183e+01
<MIXTURE> 8 6.341432e-02
<MEAN> 6
 7.336073e+01 -7.801221e+02 -6.421810e+02 -3.425339e+00 2.960719e+00 -4.989301e+01
<VARIANCE> 6
 3.128982e+01 1.293270e+04 1.353773e+04 2.961554e+02 4.050157e+04 5.219723e+07
<GCONST> 6.752183e+01
<MIXTURE> 9 8.273005e-02
<MEAN> 6
 6.446828e+01 -1.457543e+02 -9.390606e+02 -1.866740e-01 -1.264721e+01 -1.627097e+02
<VARIANCE> 6
 3.128982e+01 1.420424e+04 1.353773e+04 2.961554e+02 4.050157e+04 5.219723e+07
<GCONST> 6.761561e+01
<MIXTURE> 10 7.549038e-02
<MEAN> 6
 6.606243e+01 -4.894361e+02 -5.647152e+02 -1.000062e+00 2.527367e-01 -3.762423e+01
<VARIANCE> 6
 3.128982e+01 1.293270e+04 1.353773e+04 2.961554e+02 4.050157e+04 5.219723e+07
<GCONST> 6.752183e+01
<MIXTURE> 11 4.271515e-02
<MEAN> 6
 6.868714e+01 -7.699622e+02 -1.068781e+03 -1.229856e+00 -1.076071e+00 3.632442e+01
<VARIANCE> 6
 3.128982e+01 1.293270e+04 1.923936e+04 2.961554e+02 4.050157e+04 5.219723e+07
<GCONST> 6.787330e+01
<MIXTURE> 12 8.533663e-02
<MEAN> 6
 6.761946e+01 3.380458e+01 -1.017117e+03 -4.123078e-01 -7.067057e+00 -1.515435e+01
<VARIANCE> 6
 3.128982e+01 1.293270e+04 2.078097e+04 2.961554e+02 4.050157e+04 5.219723e+07
<GCONST> 6.795038e+01
<MIXTURE> 13 7.564053e-02
<MEAN> 6
 6.607537e+01 -4.897560e+02 -5.649472e+02 -1.006637e+00 2.463579e-01 -3.739293e+01
<VARIANCE> 6
 3.128982e+01 1.293270e+04 1.353773e+04 2.961554e+02 4.050157e+04 5.219723e+07
<GCONST> 6.752183e+01
<MIXTURE> 14 6.324170e-02
<MEAN> 6
 7.172589e+01 -8.220687e+02 -6.093382e+02 -3.710259e+00 -4.200282e-01 -8.793511e+01
<VARIANCE> 6
 3.128982e+01 1.293270e+04 1.353773e+04 2.961554e+02 4.050157e+04 5.219723e+07
<GCONST> 6.752183e+01
<MIXTURE> 15 5.384066e-02
<MEAN> 6
 7.035428e+01 8.452684e+01 -6.233923e+02 2.560926e+00 -1.133790e+01 -2.807868e+02
<VARIANCE> 6
 3.128982e+01 1.293270e+04 1.353773e+04 2.961554e+02 4.050157e+04 5.219723e+07
<GCONST> 6.752183e+01
<STATE> 10
<NUMMIXES> 15
<MIXTURE> 1 8.987284e-02
<MEAN> 6
 7.461720e+01 7.005251e+01 -2.777767e+02 -7.306590e-01 -5.774011e+00 -7.224411e+01
<VARIANCE> 6
 3.128982e+01 1.293270e+04 1.353773e+04 2.961554e+02 4.050157e+04 5.219723e+07
<GCONST> 6.752183e+01
<MIXTURE> 2 1.120387e-01
<MEAN> 6
 7.368415e+01 4.379381e+02 -5.027386e+01 1.032796e-01 7.355791e+00 2.081234e+01
<VARIANCE> 6
 3.128982e+01 1.293270e+04 2.739966e+04 2.961554e+02 4.050157e+04 5.219723e+07
<GCONST> 6.822688e+01
<MIXTURE> 3 5.737577e-02
<MEAN> 6
 7.503939e+01 7.186388e+01 1.591651e+02 -4.991942e-01 1.586332e+00 -4.435486e+01
<VARIANCE> 6
 3.128982e+01 1.293270e+04 1.353773e+04 2.961554e+02 4.050157e+04 5.219723e+07
<GCONST> 6.752183e+01
<MIXTURE> 4 5.662929e-04
<MEAN> 6
 8.317207e+01 -1.116962e+02 -3.772322e+00 -6.715652e+00 -3.322301e+02 -9.974078e+03
<VARIANCE> 6
 2.549755e+02 2.600917e+06 8.760449e+05 8.585965e+02 1.329732e+05 1.324162e+08
<GCONST> 8.227764e+01
<MIXTURE> 5 6.116564e-02
<MEAN> 6
 7.151009e+01 -1.909875e+02 8.151654e+01 1.457089e-01 -2.976367e+00 -1.974075e+02
<VARIANCE> 6
 3.128982e+01 1.293270e+04 1.353773e+04 2.961554e+02 4.050157e+04 5.219723e+07
<GCONST> 6.752183e+01
<MIXTURE> 6 1.009765e-01
<MEAN> 6
 6.797836e+01 -3.274318e+01 -2.001637e+02 4.678711e-01 1.670428e+00 -1.594960e+02
<VARIANCE> 6
 3.128982e+01 1.293270e+04 1.353773e+04 2.961554e+02 4.050157e+04 5.219723e+07
<GCONST> 6.752183e+01
<MIXTURE> 7 2.187394e-02
<MEAN> 6
 6.582398e+01 -2.176884e+01 4.358836e+02 2.418253e+00 -1.210714e+01 1.206165e+02
<VARIANCE> 6
 3.128982e+01 1.293270e+04 1.353773e+04 2.961554e+02 4.050157e+04 5.219723e+07
<GCONST> 6.752183e+01
<MIXTURE> 8 1.084721e-01
<MEAN> 6
 6.793814e+01 -3.522389e+01 -1.997957e+02 4.739820e-01 1.744966e+00 -1.596877e+02
<VARIANCE> 6
 3.128982e+01 1.293270e+04 1.353773e+04 2.961554e+02 4.050157e+04 5.219723e+07
<GCONST> 6.752183e+01
<MIXTURE> 9 6.389809e-02
<MEAN> 6
 7.268503e+01 1.147311e+02 -2.937871e+02 -1.857457e-01 -3.441935e+00 -7.636687e+01
<VARIANCE> 6
 3.128982e+01 1.293270e+04 1.353773e+04 2.961554e+02 4.050157e+04 5.219723e+07
<GCONST> 6.752183e+01
<MIXTURE> 10 5.778782e-02
<MEAN> 6
 7.500836e+01 5.866299e+01 1.557761e+02 -4.963199e-01 3.824568e-01 -6.844940e+01
<VARIANCE> 6
 3.128982e+01 1.293270e+04 1.353773e+04 2.961554e+02 4.050157e+04 5.219723e+07
<GCONST> 6.752183e+01
<MIXTURE> 11 8.825271e-02
<MEAN> 6
 7.464498e+01 6.939775e+01 -2.781662e+02 -7.319837e-01 -5.779841e+00 -7.239742e+01
<VARIANCE> 6
 3.128982e+01 1.293270e+04 1.353773e+04 2.961554e+02 4.050157e+04 5.219723e+07
<GCONST> 6.752183e+01
<MIXTURE> 12 6.064748e-02
<MEAN> 6
 6.755603e+01 1.127715e+02 -3.651189e+02 3.242493e+00 8.990775e+00 -1.602723e+02
<VARIANCE> 6
 3.128982e+01 1.293270e+04 1.353773e+04 2.961554e+02 4.050157e+04 5.219723e+07
<GCONST> 6.752183e+01
<MIXTURE> 13 6.186391e-02
<MEAN> 6
 7.082227e+01 -2.291368e+02 2.668025e+01 -2.443063e-01 7.005961e-02 -2.236369e+02
<VARIANCE> 6
 3.128982e+01 1.293270e+04 1.353773e+04 2.961554e+02 4.050157e+04 5.219723e+07
<GCONST> 6.752183e+01
<MIXTURE> 14 5.763685e-02
<MEAN> 6
 7.475111e+01 2.604809e+01 1.626898e+02 -3.070769e-01 -6.724250e-01 -1.076732e+02
<VARIANCE> 6
 3.128982e+01 1.293270e+04 1.353773e+04 2.961554e+02 4.050157e+04 5.219723e+07
<GCONST> 6.752183e+01
<MIXTURE> 15 5.749515e-02
<MEAN> 6
 7.485739e+01 3.234096e+01 1.528926e+02 -3.985862e-01 -8.965247e-01 -1.110145e+02
<VARIANCE> 6
 3.128982e+01 1.293270e+04 1.353773e+04 2.961554e+02 4.050157e+04 5.219723e+07
<GCONST> 6.752183e+01
<STATE> 11
<NUMMIXES> 15
<MIXTURE> 1 7.059192e-03
<MEAN> 6
 9.203953e+01 -1.598172e+02 2.032413e+03 1.413423e+01 -3.839583e+02 2.879245e+03
<VARIANCE> 6
 3.128982e+01 1.293270e+04 1.353773e+04 8.065867e+02 5.888170e+04 5.219723e+07
<GCONST> 6.889794e+01
<MIXTURE> 2 3.478957e-02
<MEAN> 6
 8.245205e+01 -8.786157e+03 2.062276e+03 -1.094619e+01 -1.049992e+01 4.890165e+02
<VARIANCE> 6
 3.128982e+01 1.293270e+04 1.412378e+04 2.961554e+02 4.050157e+04 5.219723e+07
<GCONST> 6.756420e+01
<MIXTURE> 3 4.695224e-02
<MEAN> 6
 7.330787e+01 -8.857039e+03 1.000081e+03 1.253073e+00 -1.477603e+01 -5.303890e+02
<VARIANCE> 6
 3.128982e+01 1.293270e+04 1.353773e+04 2.961554e+02 4.050157e+04 5.219723e+07
<GCONST> 6.752183e+01
<MIXTURE> 4 7.509631e-02
<MEAN> 6
 7.306573e+01 -9.029282e+03 1.501879e+03 -1.108889e+00 2.191589e+00 -3.015304e+00
<VARIANCE> 6
 3.128982e+01 1.293270e+04 5.531360e+04 2.961554e+02 4.050157e+04 5.219723e+07
<GCONST> 6.892936e+01
<MIXTURE> 5 5.055743e-02
<MEAN> 6
 8.111752e+01 1.892957e+02 2.128395e+01 -4.985977e+01 -1.865519e+03 -3.884946e+04
<VARIANCE> 6
 9.499283e+01 5.288163e+05 1.209176e+05 2.530893e+03 9.256222e+05 2.659436e+08
<GCONST> 8.143567e+01
<MIXTURE> 6 6.893136e-02
<MEAN> 6
 8.501558e+01 -5.251972e+02 2.038639e+03 -4.521815e+00 6.396864e+00 5.835227e+01
<VARIANCE> 6
 3.128982e+01 1.293270e+04 1.353773e+04 2.961554e+02 4.050157e+04 5.219723e+07
<GCONST> 6.752183e+01
<MIXTURE> 7 1.163112e-01
<MEAN> 6
 5.983111e+01 -6.136962e+01 6.973478e+01 -2.684914e+02 -2.116268e+03 1.320264e+04
<VARIANCE> 6
 2.265682e+02 1.365374e+06 1.335756e+05 7.038322e+03 1.057966e+06 4.287268e+08
<GCONST> 8.498698e+01
<MIXTURE> 8 5.424723e-02
<MEAN> 6
 -5.649187e+01 6.286342e+02 9.575193e+02 -6.831496e+01 7.917343e+02 -2.863142e+03
<VARIANCE> 6
 3.385124e+02 6.961123e+04 1.119861e+06 1.720388e+04 2.019858e+05 1.561794e+08
<GCONST> 8.276659e+01
<MIXTURE> 9 6.511758e-02
<MEAN> 6
 3.422889e+01 1.339556e+02 4.956010e+02 -3.304034e+02 -1.071443e+03 7.571612e+03
<VARIANCE> 6
 1.426762e+02 2.264001e+05 1.195851e+06 6.260529e+03 2.637473e+05 1.883875e+08
<GCONST> 8.259105e+01
<MIXTURE> 10 9.203135e-02
<MEAN> 6
 6.736423e+01 -1.512355e+02 -5.608228e+01 -5.515747e+01 -7.995803e+02 -9.061288e+03
<VARIANCE> 6
 1.236693e+02 1.224901e+05 1.676725e+05 1.247713e+03 2.484069e+05 1.082344e+08
<GCONST> 7.764212e+01
<MIXTURE> 11 1.061466e-01
<MEAN> 6
 -8.278975e+00 8.124301e+01 2.668668e+02 -4.111778e+02 1.141974e+03 4.129173e+04
<VARIANCE> 6
 2.419809e+02 2.365199e+05 2.980761e+05 3.136523e+03 1.276550e+06 7.622326e+08
<GCONST> 8.405731e+01
<MIXTURE> 12 8.548819e-02
<MEAN> 6
 2.163740e+01 -2.429704e+01 5.538965e+01 -4.050463e+02 -9.725708e+02 1.569157e+04
<VARIANCE> 6
 3.008194e+02 7.316112e+04 1.078636e+05 2.910157e+03 2.963154e+05 4.395140e+08
<GCONST> 7.999914e+01
<MIXTURE> 13 6.101961e-02
<MEAN> 6
 -3.476580e+01 1.643233e+02 1.711829e+02 -2.333860e+02 2.878857e+03 -3.856172e+03
<VARIANCE> 6
 2.155768e+02 3.683615e+05 1.539082e+05 8.763983e+03 9.890175e+05 9.997849e+08
<GCONST> 8.476743e+01
<MIXTURE> 14 7.177139e-02
<MEAN> 6
 6.067273e+01 -1.508598e+02 -1.041857e+02 -1.449084e+02 -1.689236e+03 -8.800021e+03
<VARIANCE> 6
 1.191053e+02 9.365952e+04 1.200560e+05 1.978396e+03 5.989465e+05 1.448742e+08
<GCONST> 7.863475e+01
<MIXTURE> 15 6.447347e-02
<MEAN> 6
 -3.934586e+01 -1.690621e+01 1.706194e+01 -2.052363e+02 2.488040e+03 -1.662360e+04
<VARIANCE> 6
 2.042551e+02 1.371232e+05 1.377270e+05 7.258443e+03 6.889067e+05 8.509624e+08
<GCONST> 8.290295e+01
<STATE> 12
<NUMMIXES> 15
<MIXTURE> 1 6.827596e-03
<MEAN> 6
 3.544377e+00 -3.549733e+02 4.320044e+00 -1.408061e+01 -2.212898e+02 1.393395e+04
<VARIANCE> 6
 9.084767e+03 8.001746e+05 1.120314e+06 1.376624e+06 7.407956e+08 1.070442e+12
<GCONST> 1.099208e+02
<MIXTURE> 2 6.555250e-02
<MEAN> 6
 3.266999e+01 1.751112e+02 3.738381e+01 2.190275e+02 -5.790292e+01 -7.139420e+02
<VARIANCE> 6
 6.868307e+02 2.050601e+05 2.898301e+04 5.333092e+03 1.795117e+05 5.219723e+07
<GCONST> 7.851510e+01
<MIXTURE> 3 3.381987e-02
<MEAN> 6
 1.422015e+01 7.390285e+02 -1.785690e+02 -5.387727e+01 5.703581e+01 4.705822e+03
<VARIANCE> 6
 5.705448e+03 1.704080e+07 1.547829e+06 6.370826e+04 2.915587e+06 2.126266e+09
<GCONST> 9.800520e+01
<MIXTURE> 4 7.789197e-02
<MEAN> 6
 9.529392e+01 2.513305e+01 -1.904918e+02 -4.866811e+00 -1.626699e+01 -3.619572e+02
<VARIANCE> 6
 4.832123e+02 9.939764e+05 1.535774e+05 2.961554e+02 4.050157e+04 5.219723e+07
<GCONST> 7.702967e+01
<MIXTURE> 5 9.032295e-02
<MEAN> 6
 1.411265e+01 1.245360e+00 6.287316e+01 -2.887793e+02 -3.471114e+01 8.226057e+03
<VARIANCE> 6
 6.428734e+02 1.137799e+05 8.467240e+04 9.059253e+03 7.214664e+05 3.208098e+08
<GCONST> 8.266872e+01
<MIXTURE> 6 6.306694e-02
<MEAN> 6
 7.002608e+01 -3.888284e+01 1.082691e+02 -2.220320e+01 -4.281451e+02 2.713703e+02
<VARIANCE> 6
 5.756004e+02 2.387308e+05 3.909831e+05 2.999524e+04 1.932718e+05 5.219723e+07
<GCONST> 8.289337e+01
<MIXTURE> 7 6.015790e-02
<MEAN> 6
 -3.459521e+01 1.785095e+02 7.274426e+01 9.525154e+01 7.873173e+02 -4.686499e+02
<VARIANCE> 6
 2.618201e+02 1.512380e+05 4.302368e+04 1.573337e+04 2.165944e+05 5.219723e+07
<GCONST> 7.891090e+01
<MIXTURE> 8 5.353891e-02
<MEAN> 6
 9.641440e+01 6.517538e+01 4.287629e+01 9.109992e+01 -1.106229e+03 -5.396792e+03
<VARIANCE> 6
 6.430281e+02 3.695649e+05 1.808028e+05 3.475996e+04 4.198256e+06 2.732673e+09
<GCONST> 8.985365e+01
<MIXTURE> 9 7.933749e-02
<MEAN> 6
 -5.401248e+01 1.022099e+02 1.905797e+01 6.366421e+00 1.609856e+02 4.577276e+02
<VARIANCE> 6
 2.850830e+02 2.830241e+05 1.108252e+05 6.490903e+02 8.040934e+04 5.219723e+07
<GCONST> 7.639003e+01
<MIXTURE> 10 1.005988e-01
<MEAN> 6
 9.373569e+01 -1.752449e+02 -3.188629e-01 -5.340219e+00 -3.508068e+01 -2.463991e+02
<VARIANCE> 6
 1.738057e+02 1.257492e+05 6.877028e+04 2.961554e+02 4.050157e+04 5.219723e+07
<GCONST> 7.313629e+01
<MIXTURE> 11 6.798242e-02
<MEAN> 6
 9.549236e+01 -6.162329e+01 -5.230650e+01 -3.199473e+01 -7.393026e+02 1.846433e+03
<VARIANCE> 6
 4.389167e+02 5.830914e+05 5.009686e+04 1.720956e+04 5.506371e+05 2.553027e+08
<GCONST> 8.353940e+01
<MIXTURE> 12 8.423482e-02
<MEAN> 6
 -4.700275e+01 -8.406869e-01 -1.625394e+01 -4.006957e+01 1.460273e+03 -2.031178e+03
<VARIANCE> 6
 3.338598e+02 2.329745e+05 1.564612e+05 3.579229e+04 9.147161e+05 6.103325e+08
<GCONST> 8.559861e+01
<MIXTURE> 13 9.461752e-02
<MEAN> 6
 8.074264e+01 2.298356e+01 4.489121e+01 -3.575439e+01 -8.203083e+02 -1.645224e+03
<VARIANCE> 6
 2.626842e+02 3.738615e+04 4.413263e+04 2.652161e+04 2.947703e+05 7.967512e+07
<GCONST> 7.879536e+01
<MIXTURE> 14 5.960314e-02
<MEAN> 6
 1.806946e+01 1.983532e+01 1.002675e+01 2.793719e+02 8.742069e+01 -6.959168e+03
<VARIANCE> 6
 6.786161e+02 1.796490e+05 9.442318e+04 7.008952e+03 2.921105e+05 1.075634e+08
<GCONST> 8.103503e+01
<MIXTURE> 15 6.187589e-02
<MEAN> 6
 -4.080244e+01 3.809439e+01 1.685941e+01 2.931658e+01 6.767139e+02 -1.105923e+03
<VARIANCE> 6
 3.216778e+02 1.001464e+05 3.891408e+04 1.510469e+04 1.717322e+05 5.584642e+07
<GCONST> 7.839888e+01
<TRANSP> 13
 0.000000e+00 1.000000e+00 0.000000e+00 0.000000e+00 0.000000e+00 0.000000e+00 0.000000e+00 0.000000e+00 0.000000e+00 0.000000e+00 0.000000e+00 0.000000e+00 0.000000e+00
 0.000000e+00 9.998574e-01 1.425887e-04 0.000000e+00 0.000000e+00 0.000000e+00 0.000000e+00 0.000000e+00 0.000000e+00 0.000000e+00 0.000000e+00 0.000000e+00 0.000000e+00
 0.000000e+00 0.000000e+00 9.980140e-01 1.986004e-03 0.000000e+00 0.000000e+00 0.000000e+00 0.000000e+00 0.000000e+00 0.000000e+00 0.000000e+00 0.000000e+00 0.000000e+00
 0.000000e+00 0.000000e+00 0.000000e+00 9.949282e-01 5.071734e-03 0.000000e+00 0.000000e+00 0.000000e+00 0.000000e+00 0.000000e+00 0.000000e+00 0.000000e+00 0.000000e+00
 0.000000e+00 0.000000e+00 0.000000e+00 0.000000e+00 9.968723e-01 3.127740e-03 0.000000e+00 0.000000e+00 0.000000e+00 0.000000e+00 0.000000e+00 0.000000e+00 0.000000e+00
 0.000000e+00 0.000000e+00 0.000000e+00 0.000000e+00 0.000000e+00 9.984824e-01 1.517582e-03 0.000000e+00 0.000000e+00 0.000000e+00 0.000000e+00 0.000000e+00 0.000000e+00
 0.000000e+00 0.000000e+00 0.000000e+00 0.000000e+00 0.000000e+00 0.000000e+00 9.967040e-01 3.295928e-03 0.000000e+00 0.000000e+00 0.000000e+00 0.000000e+00 0.000000e+00
 0.000000e+00 0.000000e+00 0.000000e+00 0.000000e+00 0.000000e+00 0.000000e+00 0.000000e+00 9.955938e-01 4.406126e-03 0.000000e+00 0.000000e+00 0.000000e+00 0.000000e+00
 0.000000e+00 0.000000e+00 0.000000e+00 0.000000e+00 0.000000e+00 0.000000e+00 0.000000e+00 0.000000e+00 9.979462e-01 2.053813e-03 0.000000e+00 0.000000e+00 0.000000e+00
 0.000000e+00 0.000000e+00 0.000000e+00 0.000000e+00 0.000000e+00 0.000000e+00 0.000000e+00 0.000000e+00 0.000000e+00 9.989557e-01 1.044263e-03 0.000000e+00 0.000000e+00
 0.000000e+00 0.000000e+00 0.000000e+00 0.000000e+00 0.000000e+00 0.000000e+00 0.000000e+00 0.000000e+00 0.000000e+00 0.000000e+00 9.973332e-01 2.666843e-03 0.000000e+00
 0.000000e+00 0.000000e+00 0.000000e+00 0.000000e+00 0.000000e+00 0.000000e+00 0.000000e+00 0.000000e+00 0.000000e+00 0.000000e+00 0.000000e+00 9.999370e-01 6.298583e-05
 0.000000e+00 0.000000e+00 0.000000e+00 0.000000e+00 0.000000e+00 0.000000e+00 0.000000e+00 0.000000e+00 0.000000e+00 0.000000e+00 0.000000e+00 0.000000e+00 0.000000e+00
<ENDHMM>
~h "SegundoESO"
<BEGINHMM>
<NUMSTATES> 13
<STATE> 2
<NUMMIXES> 15
<MIXTURE> 1 5.793544e-02
<MEAN> 6
 9.098135e+01 -2.740671e+03 7.511024e+01 -3.239857e+00 1.917367e+00 1.503650e+01
<VARIANCE> 6
 3.128982e+01 4.081282e+05 1.353773e+04 2.961554e+02 4.050157e+04 5.219723e+07
<GCONST> 7.097365e+01
<MIXTURE> 2 7.552888e-02
<MEAN> 6
 7.214249e+01 1.526520e+03 -2.397355e+03 5.244394e-02 -3.925406e+00 -1.574849e+02
<VARIANCE> 6
 3.128982e+01 1.293270e+04 1.744202e+05 2.961554e+02 4.050157e+04 5.219723e+07
<GCONST> 7.007781e+01
<MIXTURE> 3 8.896548e-02
<MEAN> 6
 7.175151e+01 1.320466e+04 -1.200069e+03 -7.671087e-01 -5.932642e+00 -1.909106e+02
<VARIANCE> 6
 3.128982e+01 1.293270e+04 1.353773e+04 2.961554e+02 4.050157e+04 5.219723e+07
<GCONST> 6.752183e+01
<MIXTURE> 4 9.229056e-02
<MEAN> 6
 7.199986e+01 6.621295e+02 -5.631909e+03 5.284808e-01 -5.847027e+00 2.324924e+01
<VARIANCE> 6
 3.128982e+01 2.141240e+04 6.877968e+06 2.961554e+02 4.050157e+04 5.219723e+07
<GCONST> 7.425663e+01
<MIXTURE> 5 9.143770e-02
<MEAN> 6
 6.871288e+01 6.739778e+02 -5.774963e+02 1.812492e+00 -4.511975e+00 2.591396e+01
<VARIANCE> 6
 3.128982e+01 7.195514e+04 5.010830e+04 2.961554e+02 4.050157e+04 5.219723e+07
<GCONST> 7.054681e+01
<MIXTURE> 6 2.978187e-02
<MEAN> 6
 6.487747e+01 6.113920e+01 -1.313383e+03 -4.070364e-01 1.213712e-01 -1.516831e+02
<VARIANCE> 6
 3.128982e+01 1.293270e+04 2.745629e+04 2.961554e+02 4.050157e+04 5.219723e+07
<GCONST> 6.822894e+01
<MIXTURE> 7 5.226244e-02
<MEAN> 6
 6.053754e+01 2.872817e+02 -1.831167e+03 -5.682865e-01 -1.990261e+01 -3.287582e+02
<VARIANCE> 6
 3.128982e+01 1.293270e+04 1.608580e+04 2.961554e+02 4.050157e+04 5.219723e+07
<GCONST> 6.769428e+01
<MIXTURE> 8 4.963989e-02
<MEAN> 6
 5.436067e+01 2.896459e+02 -3.807635e+03 3.038319e+00 5.220813e+00 -3.735121e+01
<VARIANCE> 6
 3.128982e+01 8.170662e+04 1.226092e+06 2.961554e+02 4.050157e+04 5.219723e+07
<GCONST> 7.387131e+01
<MIXTURE> 9 7.683661e-02
<MEAN> 6
 8.447672e+01 -4.653283e+03 -2.875529e+02 -1.250763e+00 7.183256e-01 -1.365854e+02
<VARIANCE> 6
 5.941271e+01 1.921653e+06 7.376630e+05 2.961554e+02 4.050157e+04 5.219723e+07
<GCONST> 7.716223e+01
<MIXTURE> 10 4.972253e-02
<MEAN> 6
 6.684444e+01 8.444924e+02 -1.138344e+03 1.055377e+00 -2.290878e+00 -9.452760e+01
<VARIANCE> 6
 3.128982e+01 1.293270e+04 2.386344e+04 2.961554e+02 4.050157e+04 5.219723e+07
<GCONST> 6.808869e+01
<MIXTURE> 11 7.743431e-02
<MEAN> 6
 6.609779e+01 2.979783e+03 -1.228927e+03 -2.542064e-01 -1.143863e+01 -8.848816e+01
<VARIANCE> 6
 3.128982e+01 6.008456e+05 1.678979e+04 2.961554e+02 4.050157e+04 5.219723e+07
<GCONST> 7.157570e+01
<MIXTURE> 12 9.363619e-02
<MEAN> 6
 6.375019e+01 -1.577876e+02 -1.553831e+03 1.001834e+00 6.139366e+00 -1.604840e+02
<VARIANCE> 6
 3.128982e+01 1.705142e+04 1.353773e+04 2.961554e+02 4.050157e+04 5.219723e+07
<GCONST> 6.779830e+01
<MIXTURE> 13 5.331925e-02
<MEAN> 6
 5.988080e+01 2.575026e+02 -1.965303e+03 4.199153e-02 -1.021438e+00 -4.301176e+01
<VARIANCE> 6
 3.128982e+01 1.293270e+04 1.353773e+04 2.961554e+02 4.050157e+04 5.219723e+07
<GCONST> 6.752183e+01
<MIXTURE> 14 6.052215e-02
<MEAN> 6
 6.624191e+01 8.158961e+02 -1.247426e+03 3.871362e-02 -6.789917e+00 -1.118175e+02
<VARIANCE> 6
 3.128982e+01 1.293270e+04 1.353773e+04 2.961554e+02 4.050157e+04 5.219723e+07
<GCONST> 6.752183e+01
<MIXTURE> 15 5.067058e-02
<MEAN> 6
 5.397017e+01 2.803653e+02 -4.073273e+03 2.258524e+00 4.194237e+00 -1.849790e+01
<VARIANCE> 6
 3.128982e+01 8.275555e+04 1.264739e+06 2.961554e+02 4.050157e+04 5.219723e+07
<GCONST> 7.391510e+01
<STATE> 3
<NUMMIXES> 15
<MIXTURE> 1 8.826551e-02
<MEAN> 6
 7.735027e+01 1.241759e+03 1.281519e+03 -4.327560e-01 1.125725e+00 -7.757964e+01
<VARIANCE> 6
 3.128982e+01 1.223881e+06 7.464032e+05 2.961554e+02 4.050157e+04 5.219723e+07
<GCONST> 7.608163e+01
<MIXTURE> 2 9.370359e-02
<MEAN> 6
 7.606615e+01 5.876082e+02 3.281483e+02 -9.382592e-01 -1.410336e+00 -8.256453e+01
<VARIANCE> 6
 3.128982e+01 8.134652e+04 1.353773e+04 2.961554e+02 4.050157e+04 5.219723e+07
<GCONST> 6.936079e+01
<MIXTURE> 3 3.897576e-02
<MEAN> 6
 7.856941e+01 -8.063652e+02 4.160144e+02 -2.300313e+00 -2.068063e-01 -1.382499e+02
<VARIANCE> 6
 3.128982e+01 1.293270e+04 4.902646e+04 2.961554e+02 4.050157e+04 5.219723e+07
<GCONST> 6.880870e+01
<MIXTURE> 4 8.042882e-02
<MEAN> 6
 7.336868e+01 6.604072e+02 1.121315e+03 3.397778e-01 -1.234927e+00 -1.185316e+02
<VARIANCE> 6
 3.128982e+01 1.293270e+04 3.756320e+05 2.961554e+02 4.050157e+04 5.219723e+07
<GCONST> 7.084496e+01
<MIXTURE> 5 5.540799e-02
<MEAN> 6
 7.040627e+01 4.730612e+01 2.060915e+02 -5.478396e-01 -7.167868e+00 -1.704031e+02
<VARIANCE> 6
 3.128982e+01 1.624496e+04 1.353773e+04 2.961554e+02 4.050157e+04 5.219723e+07
<GCONST> 6.774985e+01
<MIXTURE> 6 6.178915e-02
<MEAN> 6
 7.016911e+01 -2.142581e+03 6.939564e+01 1.065716e-01 -5.873882e-01 -8.098129e+01
<VARIANCE> 6
 3.128982e+01 1.187138e+05 1.805496e+05 2.961554e+02 4.050157e+04 5.219723e+07
<GCONST> 7.232931e+01
<MIXTURE> 7 4.981218e-02
<MEAN> 6
 7.022276e+01 -8.856196e+01 1.698615e+03 -1.059490e+00 -4.615168e+00 -1.636578e+02
<VARIANCE> 6
 8.221380e+01 2.353733e+04 2.505176e+04 2.961554e+02 4.050157e+04 5.219723e+07
<GCONST> 6.970215e+01
<MIXTURE> 8 6.175795e-02
<MEAN> 6
 7.009853e+01 -3.681573e+02 3.269892e+02 -3.083094e-01 -2.987848e+00 -3.638465e+01
<VARIANCE> 6
 3.128982e+01 1.293270e+04 1.353773e+04 2.961554e+02 4.050157e+04 5.219723e+07
<GCONST> 6.752183e+01
<MIXTURE> 9 1.077542e-01
<MEAN> 6
 7.720184e+01 2.852433e+02 4.816313e+02 -1.308970e+00 -4.426555e+00 -7.176392e+01
<VARIANCE> 6
 3.128982e+01 1.952570e+04 2.440009e+05 2.961554e+02 4.050157e+04 5.219723e+07
<GCONST> 7.082549e+01
<MIXTURE> 10 4.839078e-02
<MEAN> 6
 7.954904e+01 -4.991687e+02 -8.389965e+01 -3.305041e-01 -8.354668e+00 -2.094145e+01
<VARIANCE> 6
 3.128982e+01 1.293270e+04 1.353773e+04 2.961554e+02 4.050157e+04 5.219723e+07
<GCONST> 6.752183e+01
<MIXTURE> 11 6.780541e-02
<MEAN> 6
 7.313355e+01 -3.988732e+02 8.608441e+02 -1.136431e+00 -1.489705e+00 -4.836131e+01
<VARIANCE> 6
 3.128982e+01 1.293270e+04 6.973290e+04 2.961554e+02 4.050157e+04 5.219723e+07
<GCONST> 6.916102e+01
<MIXTURE> 12 5.806927e-02
<MEAN> 6
 7.097258e+01 1.483041e+01 2.099598e+02 -4.563896e-01 -6.711092e+00 -1.501567e+02
<VARIANCE> 6
 3.128982e+01 1.983462e+04 1.353773e+04 2.961554e+02 4.050157e+04 5.219723e+07
<GCONST> 6.794949e+01
<MIXTURE> 13 6.339118e-02
<MEAN> 6
 8.325033e+01 -7.744219e+02 1.160287e+02 -1.112611e-01 -2.825426e+00 -8.966209e+01
<VARIANCE> 6
 3.128982e+01 1.293270e+04 1.353773e+04 2.961554e+02 4.050157e+04 5.219723e+07
<GCONST> 6.752183e+01
<MIXTURE> 14 6.193034e-02
<MEAN> 6
 7.012757e+01 -3.688469e+02 3.214737e+02 -3.284324e-01 -3.012890e+00 -3.589559e+01
<VARIANCE> 6
 3.128982e+01 1.293270e+04 1.353773e+04 2.961554e+02 4.050157e+04 5.219723e+07
<GCONST> 6.752183e+01
<MIXTURE> 15 6.246548e-02
<MEAN> 6
 8.272674e+01 -8.189520e+02 1.141442e+02 7.479094e-03 9.761590e-02 -1.233214e+02
<VARIANCE> 6
 3.128982e+01 1.473598e+04 1.353773e+04 2.961554e+02 4.050157e+04 5.219723e+07
<GCONST> 6.765236e+01
<STATE> 4
<NUMMIXES> 15
<MIXTURE> 1 4.820035e-02
<MEAN> 6
 8.681160e+01 -3.878779e+03 8.030316e+03 -8.111679e-01 -1.430452e+01 -5.730237e+01
<VARIANCE> 6
 7.533514e+01 2.320506e+06 2.235225e+07 2.961554e+02 4.050157e+04 5.219723e+07
<GCONST> 8.099946e+01
<MIXTURE> 2 5.437817e-02
<MEAN> 6
 5.953804e+01 4.119396e+03 9.549173e+02 -7.228546e+00 -6.699256e+02 -8.540522e+02
<VARIANCE> 6
 2.542725e+03 5.072876e+07 2.443122e+07 2.779621e+04 1.104492e+06 3.200268e+08
<GCONST> 9.735310e+01
<MIXTURE> 3 5.821699e-02
<MEAN> 6
 7.280192e+01 -2.199200e+03 3.086068e+03 -9.238697e-04 -7.733703e+00 -2.172764e+02
<VARIANCE> 6
 3.128982e+01 2.794314e+06 2.615783e+05 2.961554e+02 4.050157e+04 5.219723e+07
<GCONST> 7.585866e+01
<MIXTURE> 4 8.618066e-02
<MEAN> 6
 -3.879309e+01 5.688136e+02 6.710129e+02 7.777135e+01 6.783814e+02 -1.566492e+03
<VARIANCE> 6
 2.746771e+02 1.474388e+06 6.255145e+06 1.746157e+04 1.212277e+05 5.219723e+07
<GCONST> 8.573925e+01
<MIXTURE> 5 5.671876e-02
<MEAN> 6
 5.457216e+01 2.755217e+03 -2.819010e+03 1.429851e+02 -1.876057e+02 -7.784263e+02
<VARIANCE> 6
 5.004007e+02 2.094162e+06 2.957950e+06 3.536024e+03 4.050157e+04 5.219723e+07
<GCONST> 8.324773e+01
<MIXTURE> 6 7.108208e-02
<MEAN> 6
 1.162274e+01 6.312024e+02 5.011252e+02 -2.574516e+02 4.975227e+01 6.196771e+03
<VARIANCE> 6
 7.889951e+02 3.996395e+06 5.587703e+06 3.714814e+03 2.736175e+05 1.203276e+08
<GCONST> 8.778030e+01
<MIXTURE> 7 7.057763e-02
<MEAN> 6
 4.933577e+01 -2.082478e+02 1.260265e+03 8.183466e+01 -6.069283e+02 -1.697605e+03
<VARIANCE> 6
 4.730213e+02 2.676013e+06 5.396885e+06 4.140471e+04 1.786356e+05 5.219723e+07
<GCONST> 8.798236e+01
<MIXTURE> 8 8.607891e-02
<MEAN> 6
 -6.225329e+01 2.156686e+02 7.194829e+02 9.442215e+00 1.362813e+02 6.785865e+01
<VARIANCE> 6
 6.482419e+01 1.083290e+06 4.667762e+06 6.324692e+02 4.373045e+04 5.219723e+07
<GCONST> 7.935661e+01
<MIXTURE> 9 5.217407e-02
<MEAN> 6
 -3.864907e+00 1.583193e+03 -1.803258e+03 5.452278e+01 1.602446e+02 -1.046442e+03
<VARIANCE> 6
 4.589427e+02 3.443454e+06 3.721830e+06 2.837492e+04 4.479754e+04 5.219723e+07
<GCONST> 8.607161e+01
<MIXTURE> 10 8.015525e-02
<MEAN> 6
 8.761037e+01 -3.084607e+02 4.404292e+02 3.150384e+01 -3.821370e+02 -2.918793e+02
<VARIANCE> 6
 1.711998e+02 1.239369e+06 5.573700e+06 7.945753e+03 7.972716e+04 5.219723e+07
<GCONST> 8.377107e+01
<MIXTURE> 11 6.235081e-02
<MEAN> 6
 1.254674e+01 -5.655010e+03 4.292568e+02 1.058581e+01 6.879570e+00 -1.972683e+02
<VARIANCE> 6
 3.055517e+03 3.498358e+05 1.992503e+05 1.977634e+04 1.779177e+05 5.219723e+07
<GCONST> 8.377136e+01
<MIXTURE> 12 9.421048e-02
<MEAN> 6
 9.552902e+01 -1.279478e+03 2.819903e+02 -7.503902e+00 -6.548895e+01 -1.657793e+02
<VARIANCE> 6
 1.111993e+02 9.519411e+06 3.892863e+06 2.961554e+02 4.050157e+04 5.219723e+07
<GCONST> 8.105260e+01
<MIXTURE> 13 5.576444e-02
<MEAN> 6
 -4.782876e+01 3.494221e+02 4.944809e+02 -5.889043e+01 1.300095e+03 7.302274e+02
<VARIANCE> 6
 1.943459e+02 5.539859e+06 5.525024e+06 2.372680e+04 3.492178e+05 2.841201e+08
<GCONST> 8.965189e+01
<MIXTURE> 14 7.151736e-02
<MEAN> 6
 7.671014e+01 7.492788e+02 -2.360654e+03 -6.794318e+01 -4.681578e+02 4.502663e+02
<VARIANCE> 6
 2.144683e+02 2.888404e+06 2.510477e+06 1.126824e+04 1.100667e+05 5.219723e+07
<GCONST> 8.471674e+01
<MIXTURE> 15 5.229368e-02
<MEAN> 6
 -5.792691e+00 1.575214e+03 -2.130905e+03 2.247491e+01 1.103397e+02 -1.368384e+03
<VARIANCE> 6
 4.233668e+02 3.281378e+06 2.850385e+06 2.830768e+04 4.950977e+04 5.219723e+07
<GCONST> 8.577359e+01
<STATE> 5
<NUMMIXES> 15
<MIXTURE> 1 7.018896e-02
<MEAN> 6
 6.834903e+01 1.357674e+03 8.031328e+01 -6.801739e-01 -2.105524e+00 -1.206051e+02
<VARIANCE> 6
 3.128982e+01 1.316498e+05 1.353773e+04 2.961554e+02 4.050157e+04 5.219723e+07
<GCONST> 6.984222e+01
<MIXTURE> 2 1.611354e-02
<MEAN> 6
 7.064893e+01 5.669794e+02 -9.335145e+02 8.760091e-01 -1.407400e+01 -2.112113e+02
<VARIANCE> 6
 3.128982e+01 2.374485e+04 4.621236e+04 2.961554e+02 4.050157e+04 5.219723e+07
<GCONST> 6.935720e+01
<MIXTURE> 3 5.916291e-02
<MEAN> 6
 5.925132e+01 2.402879e+03 -2.599752e+02 3.104401e-01 -4.916148e+00 -1.879573e+02
<VARIANCE> 6
 3.128982e+01 1.467333e+05 1.353773e+04 2.961554e+02 4.050157e+04 5.219723e+07
<GCONST> 6.995068e+01
<MIXTURE> 4 7.403484e-02
<MEAN> 6
 5.360565e+01 1.462735e+02 -9.576199e+01 -1.171755e+00 3.563282e+00 -8.974041e+01
<VARIANCE> 6
 3.128982e+01 1.293270e+04 3.272842e+05 2.961554e+02 4.050157e+04 5.219723e+07
<GCONST> 7.070718e+01
<MIXTURE> 5 1.002289e-01
<MEAN> 6
 5.976730e+01 -2.730837e+02 1.886783e+02 -1.462014e-01 -2.889341e+00 -2.104032e+02
<VARIANCE> 6
 3.128982e+01 3.716679e+04 1.353773e+04 2.961554e+02 4.050157e+04 5.219723e+07
<GCONST> 6.857748e+01
<MIXTURE> 6 8.424421e-03
<MEAN> 6
 6.632040e+01 -1.642565e+03 -4.859034e+02 1.460010e+00 -1.391080e+01 -4.671971e+02
<VARIANCE> 6
 3.128982e+01 1.333325e+05 1.353773e+04 2.961554e+02 4.050157e+04 5.219723e+07
<GCONST> 6.985491e+01
<MIXTURE> 7 6.756237e-02
<MEAN> 6
 6.721374e+01 4.326970e+02 -2.393278e+02 -2.342131e-01 -1.733729e+00 -7.807320e+01
<VARIANCE> 6
 3.128982e+01 1.293270e+04 1.353773e+04 2.961554e+02 4.050157e+04 5.219723e+07
<GCONST> 6.752183e+01
<MIXTURE> 8 8.866623e-02
<MEAN> 6
 6.479632e+01 -6.933080e+02 -5.323354e+02 2.808857e-01 -5.980778e+00 -9.403467e+01
<VARIANCE> 6
 3.128982e+01 1.293270e+04 6.295683e+04 2.961554e+02 4.050157e+04 5.219723e+07
<GCONST> 6.905879e+01
<MIXTURE> 9 6.544608e-02
<MEAN> 6
 6.684152e+01 3.736452e+02 -2.265545e+02 -1.555365e-01 -7.197799e+00 -1.908008e+02
<VARIANCE> 6
 3.128982e+01 8.061974e+04 1.353773e+04 2.961554e+02 4.050157e+04 5.219723e+07
<GCONST> 6.935181e+01
<MIXTURE> 10 6.113977e-02
<MEAN> 6
 6.103486e+01 -2.832031e+02 -2.668357e+02 3.140080e-01 -1.579483e+00 -1.597119e+02
<VARIANCE> 6
 3.128982e+01 2.516883e+04 2.155255e+04 2.961554e+02 4.050157e+04 5.219723e+07
<GCONST> 6.865269e+01
<MIXTURE> 11 1.147995e-01
<MEAN> 6
 6.372818e+01 -7.280118e+02 -1.316578e+01 9.096568e-02 -2.468738e+00 -1.305664e+02
<VARIANCE> 6
 3.128982e+01 8.515966e+04 1.353773e+04 2.961554e+02 4.050157e+04 5.219723e+07
<GCONST> 6.940659e+01
<MIXTURE> 12 8.402070e-02
<MEAN> 6
 5.928432e+01 -2.965894e+02 -5.141861e+02 5.968389e-02 -3.137982e-01 -4.619970e+01
<VARIANCE> 6
 3.128982e+01 1.293270e+04 7.115436e+04 2.961554e+02 4.050157e+04 5.219723e+07
<GCONST> 6.918120e+01
<MIXTURE> 13 6.733360e-02
<MEAN> 6
 6.720760e+01 4.305107e+02 -2.385359e+02 -2.287866e-01 -1.854236e+00 -7.887535e+01
<VARIANCE> 6
 3.128982e+01 1.293270e+04 1.353773e+04 2.961554e+02 4.050157e+04 5.219723e+07
<GCONST> 6.752183e+01
<MIXTURE> 14 6.512429e-02
<MEAN> 6
 6.677998e+01 2.623702e+02 -2.198105e+02 -2.683883e-01 -8.390068e+00 -1.955952e+02
<VARIANCE> 6
 3.128982e+01 8.122527e+04 1.353773e+04 2.961554e+02 4.050157e+04 5.219723e+07
<GCONST> 6.935929e+01
<MIXTURE> 15 5.769206e-02
<MEAN> 6
 5.935019e+01 2.141734e+03 -3.075689e+02 3.241074e-01 -4.672181e+00 -1.900473e+02
<VARIANCE> 6
 3.128982e+01 1.573385e+05 1.353773e+04 2.961554e+02 4.050157e+04 5.219723e+07
<GCONST> 7.002047e+01
<STATE> 6
<NUMMIXES> 15
<MIXTURE> 1 7.256969e-02
<MEAN> 6
 2.352295e+01 4.084809e+02 3.177986e+02 1.067412e+02 -4.232995e+01 4.080111e+01
<VARIANCE> 6
 5.617157e+02 2.230583e+05 5.928854e+05 1.282785e+03 4.050157e+04 5.219723e+07
<GCONST> 7.850262e+01
<MIXTURE> 2 4.401673e-02
<MEAN> 6
 -3.685495e+01 -3.713141e+02 -5.276316e+01 -1.155086e+02 1.130625e+03 3.274550e+03
<VARIANCE> 6
 2.254778e+02 1.161315e+06 1.888924e+06 1.348097e+04 4.184509e+05 3.526299e+08
<GCONST> 8.699635e+01
<MIXTURE> 3 7.005161e-02
<MEAN> 6
 7.657307e+01 -1.079733e+02 2.197251e+02 -8.256958e+00 -7.105177e+01 -5.222534e+02
<VARIANCE> 6
 5.632151e+01 1.249516e+05 7.376228e+05 2.961554e+02 4.050157e+04 5.219723e+07
<GCONST> 7.437573e+01
<MIXTURE> 4 3.938985e-02
<MEAN> 6
 6.725726e+01 -1.474302e+03 2.037773e+02 -4.093438e+00 -8.677119e+02 -1.843735e+03
<VARIANCE> 6
 4.506917e+02 5.225986e+06 5.466789e+05 1.999626e+04 6.056159e+05 3.506348e+08
<GCONST> 8.871137e+01
<MIXTURE> 5 7.587703e-02
<MEAN> 6
 -2.315353e+01 2.911142e+02 2.451017e+01 9.049255e+01 4.194870e+02 -2.741220e+03
<VARIANCE> 6
 1.796280e+02 2.183058e+05 1.665733e+05 6.211646e+03 1.250722e+05 5.665510e+07
<GCONST> 7.885831e+01
<MIXTURE> 6 2.916148e-02
<MEAN> 6
 4.297472e+01 1.114590e+02 9.778848e+02 -1.064234e+02 -4.610452e+02 7.176733e+03
<VARIANCE> 6
 1.366005e+03 7.290121e+05 6.523923e+06 1.739968e+04 3.455803e+05 1.146541e+08
<GCONST> 8.851196e+01
<MIXTURE> 7 1.037598e-01
<MEAN> 6
 -3.816661e+01 2.120006e+01 4.852320e+01 1.756697e+01 1.035038e+02 4.812225e+00
<VARIANCE> 6
 2.668087e+02 2.913572e+05 9.457582e+05 5.730991e+02 4.050157e+04 5.219723e+07
<GCONST> 7.768654e+01
<MIXTURE> 8 7.427886e-02
<MEAN> 6
 5.993802e+01 3.796877e+02 2.308399e+02 5.413172e+01 -2.391261e+02 -2.164771e+02
<VARIANCE> 6
 6.819994e+01 5.713650e+05 5.909211e+05 3.679813e+03 6.167820e+04 5.219723e+07
<GCONST> 7.880577e+01
<MIXTURE> 9 7.671449e-02
<MEAN> 6
 -1.285259e+01 5.541748e+01 3.653378e+02 -1.378281e+02 1.831268e+02 1.191043e+03
<VARIANCE> 6
 1.979686e+02 5.285146e+05 3.896905e+05 3.050078e+03 1.146586e+05 9.251366e+07
<GCONST> 8.038181e+01
<MIXTURE> 10 6.024069e-02
<MEAN> 6
 1.954619e+01 -3.219411e+01 3.746859e+01 1.752741e+02 -5.891805e+01 -2.180309e+03
<VARIANCE> 6
 4.360556e+02 3.548121e+05 4.333738e+05 1.757688e+03 9.316613e+04 5.219723e+07
<GCONST> 7.954816e+01
<MIXTURE> 11 7.273466e-02
<MEAN> 6
 5.955605e+01 -1.335945e+02 -2.116496e+02 -1.116220e+02 -5.253662e+02 4.730072e+02
<VARIANCE> 6
 1.267717e+02 5.937533e+05 5.927103e+05 1.962695e+03 9.228915e+04 5.219723e+07
<GCONST> 7.924162e+01
<MIXTURE> 12 8.553860e-02
<MEAN> 6
 2.086810e+01 -9.232439e+02 -1.103932e+02 -1.796188e+02 -7.722678e+01 2.767750e+03
<VARIANCE> 6
 3.031545e+02 1.988770e+06 3.236229e+05 2.550961e+03 1.459537e+05 8.781772e+07
<GCONST> 8.195791e+01
<MIXTURE> 13 7.003246e-02
<MEAN> 6
 -4.298493e+01 -1.626639e+02 -3.514294e+01 2.217173e+01 7.032342e+02 -7.337982e+02
<VARIANCE> 6
 1.113624e+02 6.254912e+05 5.018844e+05 6.057772e+03 9.058395e+04 5.219723e+07
<GCONST> 8.010614e+01
<MIXTURE> 14 7.235177e-02
<MEAN> 6
 7.027942e+01 -4.221745e+02 1.513226e+02 3.174776e+01 -3.962254e+02 -1.407961e+03
<VARIANCE> 6
 1.418716e+02 1.299772e+06 5.832968e+05 4.821643e+03 1.519513e+05 5.219723e+07
<GCONST> 8.151906e+01
<MIXTURE> 15 5.304699e-02
<MEAN> 6
 1.477221e+01 -4.350632e+02 -6.667952e+02 1.530041e+02 -6.190803e+01 -1.698288e+03
<VARIANCE> 6
 4.755621e+02 6.510311e+05 1.222678e+06 2.577966e+03 7.812871e+04 5.219723e+07
<GCONST> 8.148604e+01
<STATE> 7
<NUMMIXES> 15
<MIXTURE> 1 9.222376e-02
<MEAN> 6
 8.292699e+01 -5.619691e+02 -1.123121e+03 -4.583810e+00 -9.266182e+00 1.184936e+02
<VARIANCE> 6
 5.684113e+01 1.011669e+05 5.749438e+05 2.961554e+02 4.050157e+04 5.219723e+07
<GCONST> 7.392460e+01
<MIXTURE> 2 8.200192e-02
<MEAN> 6
 7.518421e+01 1.749138e+01 -2.386207e+03 -1.066101e-01 -8.172301e+00 -6.665102e+01
<VARIANCE> 6
 3.128982e+01 1.534060e+04 1.721858e+05 2.961554e+02 4.050157e+04 5.219723e+07
<GCONST> 7.023566e+01
<MIXTURE> 3 4.900144e-02
<MEAN> 6
 7.079593e+01 6.361770e+02 1.399908e+02 -1.800618e+00 -7.559208e+00 -1.208403e+02
<VARIANCE> 6
 3.128982e+01 8.477426e+04 2.034126e+04 2.961554e+02 4.050157e+04 5.219723e+07
<GCONST> 6.980923e+01
<MIXTURE> 4 7.200292e-02
<MEAN> 6
 7.781876e+01 -5.943676e+02 -9.515946e+03 -1.566294e+00 -6.299834e-01 -1.975493e+00
<VARIANCE> 6
 3.128982e+01 3.950215e+04 2.437206e+06 2.961554e+02 4.050157e+04 5.219723e+07
<GCONST> 7.383155e+01
<MIXTURE> 5 4.828773e-02
<MEAN> 6
 6.967814e+01 -6.396422e+02 1.919780e+03 -2.610098e+00 -3.280599e+00 -1.490785e+02
<VARIANCE> 6
 3.128982e+01 1.293270e+04 3.298534e+04 2.961554e+02 4.050157e+04 5.219723e+07
<GCONST> 6.841241e+01
<MIXTURE> 6 5.459611e-02
<MEAN> 6
 7.407802e+01 1.158878e+03 -7.355825e+02 -1.547574e+00 -8.365934e+00 -8.156918e+01
<VARIANCE> 6
 3.128982e+01 6.626563e+04 1.353773e+04 2.961554e+02 4.050157e+04 5.219723e+07
<GCONST> 6.915574e+01
<MIXTURE> 7 4.884234e-02
<MEAN> 6
 9.041194e+01 -7.702051e+02 3.671347e+02 -2.961794e+00 7.982066e+00 -1.724609e+01
<VARIANCE> 6
 3.128982e+01 4.597371e+04 1.353773e+04 2.961554e+02 4.050157e+04 5.219723e+07
<GCONST> 6.879014e+01
<MIXTURE> 8 7.981174e-02
<MEAN> 6
 7.301665e+01 -1.050162e+01 -4.892769e+02 -2.854750e-01 -4.498967e+00 -2.529105e+02
<VARIANCE> 6
 3.128982e+01 1.855892e+04 1.627307e+04 2.961554e+02 4.050157e+04 5.219723e+07
<GCONST> 6.806705e+01
<MIXTURE> 9 6.111772e-02
<MEAN> 6
 7.755814e+01 -1.172994e+02 -2.278587e+03 -2.128623e+00 -5.206533e+00 -6.304846e+01
<VARIANCE> 6
 3.128982e+01 1.293270e+04 5.277896e+06 2.961554e+02 4.050157e+04 5.219723e+07
<GCONST> 7.348763e+01
<MIXTURE> 10 6.761523e-02
<MEAN> 6
 8.022927e+01 -1.446386e+03 -1.017381e+02 -2.624565e+00 -6.743377e+00 -1.907405e+02
<VARIANCE> 6
 3.128982e+01 7.694057e+04 1.490689e+04 2.961554e+02 4.050157e+04 5.219723e+07
<GCONST> 6.940144e+01
<MIXTURE> 11 6.805073e-02
<MEAN> 6
 7.702079e+01 4.203389e+02 -8.111981e+02 -6.278029e-01 -5.387853e-01 -1.096984e+02
<VARIANCE> 6
 3.128982e+01 1.293270e+04 1.353773e+04 2.961554e+02 4.050157e+04 5.219723e+07
<GCONST> 6.752183e+01
<MIXTURE> 12 1.007867e-01
<MEAN> 6
 7.409589e+01 9.405544e+01 -6.454155e+02 -9.082442e-01 -2.765683e+00 -1.191842e+02
<VARIANCE> 6
 3.128982e+01 1.293270e+04 1.353773e+04 2.961554e+02 4.050157e+04 5.219723e+07
<GCONST> 6.752183e+01
<MIXTURE> 13 6.464314e-02
<MEAN> 6
 8.773579e+01 -1.627553e+03 4.333427e+02 1.723181e-01 -6.017749e+00 -2.414441e+02
<VARIANCE> 6
 3.128982e+01 1.293270e+04 2.354934e+04 2.961554e+02 4.050157e+04 5.219723e+07
<GCONST> 6.807544e+01
<MIXTURE> 14 6.173903e-02
<MEAN> 6
 7.460708e+01 -2.286943e+02 -7.000378e+03 7.882541e-03 -1.633420e+00 -1.083644e+02
<VARIANCE> 6
 3.128982e+01 1.293270e+04 1.379154e+06 2.961554e+02 4.050157e+04 5.219723e+07
<GCONST> 7.214557e+01
<MIXTURE> 15 4.925431e-02
<MEAN> 6
 7.134151e+01 5.483084e+02 1.024422e+02 -2.178134e+00 -9.060985e+00 -2.561187e+01
<VARIANCE> 6
 3.128982e+01 1.548376e+05 2.038043e+04 2.961554e+02 4.050157e+04 5.219723e+07
<GCONST> 7.041354e+01
<STATE> 8
<NUMMIXES> 15
<MIXTURE> 1 3.592934e-02
<MEAN> 6
 -4.467117e+00 3.775937e+02 1.799128e+03 1.491940e+01 2.302323e+02 -5.973953e+02
<VARIANCE> 6
 2.166083e+03 3.653466e+05 9.161296e+06 7.588126e+04 9.041539e+05 2.184680e+08
<GCONST> 9.170087e+01
<MIXTURE> 2 6.025469e-02
<MEAN> 6
 -3.516580e+01 -1.068195e+02 3.691001e+01 2.048301e+02 9.685986e+02 -2.905426e+03
<VARIANCE> 6
 8.880520e+01 6.374852e+05 1.992444e+05 3.065201e+03 1.611630e+05 5.219723e+07
<GCONST> 7.886987e+01
<MIXTURE> 3 6.008438e-02
<MEAN> 6
 8.701417e+01 -5.370356e+01 1.921588e+02 -8.001272e+00 -8.196603e+01 -2.596218e+02
<VARIANCE> 6
 8.611231e+01 6.353802e+05 3.150953e+05 2.961554e+02 4.050157e+04 5.219723e+07
<GCONST> 7.557604e+01
<MIXTURE> 4 4.930263e-02
<MEAN> 6
 1.288226e+01 5.275275e+02 2.228586e+02 -3.301098e+02 -3.072480e+02 1.108957e+04
<VARIANCE> 6
 6.540270e+02 1.203030e+06 5.096603e+05 3.647967e+03 4.625230e+05 2.562708e+08
<GCONST> 8.526038e+01
<MIXTURE> 5 1.050818e-01
<MEAN> 6
 -5.599138e+01 1.321803e+01 7.218652e+01 4.032519e+01 7.766450e+02 5.412580e+01
<VARIANCE> 6
 7.974907e+01 4.136490e+05 3.338807e+05 5.785822e+03 1.307358e+05 6.169786e+07
<GCONST> 7.943932e+01
<MIXTURE> 6 7.045347e-02
<MEAN> 6
 8.926636e+01 1.983297e+02 -1.813342e+01 3.692968e+01 -1.143629e+03 -1.245090e+03
<VARIANCE> 6
 2.729107e+02 2.255371e+06 6.032091e+05 1.717590e+04 1.039113e+06 7.687554e+08
<GCONST> 8.864067e+01
<MIXTURE> 7 5.503531e-02
<MEAN> 6
 4.753680e+01 1.817194e+02 3.379637e+00 2.138366e+02 -4.264252e+02 -2.371170e+00
<VARIANCE> 6
 3.178185e+02 1.109565e+06 3.645657e+05 2.538317e+03 1.036654e+05 5.219723e+07
<GCONST> 8.067340e+01
<MIXTURE> 8 8.081188e-02
<MEAN> 6
 -5.073709e+01 2.221742e+02 1.741744e+02 -1.513330e+02 1.579172e+03 2.936047e+03
<VARIANCE> 6
 1.816107e+02 8.795192e+05 7.778786e+05 1.481773e+04 6.890925e+05 5.953953e+08
<GCONST> 8.673203e+01
<MIXTURE> 9 5.842729e-02
<MEAN> 6
 8.363393e+01 -3.360603e+02 6.385302e+02 4.576946e+01 -5.550467e+02 6.476292e+02
<VARIANCE> 6
 1.585186e+02 9.539579e+05 2.078512e+06 8.195975e+03 1.184250e+05 5.239679e+07
<GCONST> 8.287646e+01
<MIXTURE> 10 6.992485e-02
<MEAN> 6
 -1.146274e+00 -1.852402e+01 -1.520467e+01 2.771967e+02 1.506740e+02 -7.248534e+03
<VARIANCE> 6
 1.829888e+02 7.437888e+05 3.165691e+05 2.845491e+03 1.304052e+05 6.496798e+07
<GCONST> 8.014279e+01
<MIXTURE> 11 7.161833e-02
<MEAN> 6
 5.918332e+01 1.993553e+02 6.910342e+01 -2.079882e+02 -8.343037e+02 2.538543e+03
<VARIANCE> 6
 2.111772e+02 5.733029e+05 2.896414e+05 3.289719e+03 1.688728e+05 5.219723e+07
<GCONST> 8.012153e+01
<MIXTURE> 12 8.225702e-02
<MEAN> 6
 -4.219122e-01 1.935775e+02 -5.601490e+01 -2.479502e+02 1.144004e+02 1.740571e+03
<VARIANCE> 6
 5.249311e+02 4.781146e+05 4.849455e+05 2.432649e+03 1.441004e+05 7.704464e+07
<GCONST> 8.129482e+01
<MIXTURE> 13 6.054446e-02
<MEAN> 6
 -6.316942e+01 -1.419655e+02 -4.148651e+01 1.126082e+01 1.672362e+02 -2.012372e+02
<VARIANCE> 6
 6.517298e+01 7.440889e+05 4.715238e+05 4.182933e+02 5.697191e+04 5.219723e+07
<GCONST> 7.654498e+01
<MIXTURE> 14 8.484608e-02
<MEAN> 6
 7.973180e+01 -1.335492e+02 1.078867e+02 -1.280589e+01 -7.053375e+02 -2.340813e+03
<VARIANCE> 6
 1.005906e+02 4.084539e+05 2.048551e+05 1.012089e+04 1.470190e+05 5.415465e+07
<GCONST> 7.971654e+01
<MIXTURE> 15 5.516962e-02
<MEAN> 6
 4.307996e+01 -1.605660e+02 -1.128879e+02 2.332143e+02 -5.261827e+02 -2.167883e+03
<VARIANCE> 6
 2.859672e+02 6.977989e+05 5.019189e+05 3.579135e+03 1.030816e+05 5.219723e+07
<GCONST> 8.076172e+01
<STATE> 9
<NUMMIXES> 15
<MIXTURE> 1 2.037247e-02
<MEAN> 6
 8.572944e+01 4.890003e+02 9.788983e+02 -4.360866e+00 -1.422347e+01 8.511779e+02
<VARIANCE> 6
 3.128982e+01 1.186389e+05 3.810802e+05 2.961554e+02 4.050157e+04 5.219723e+07
<GCONST> 7.307568e+01
<MIXTURE> 2 4.317659e-02
<MEAN> 6
 7.355821e+01 5.946138e+02 -4.242547e+03 -2.697930e+00 -1.177001e+00 1.762405e+01
<VARIANCE> 6
 3.128982e+01 1.293270e+04 2.965716e+04 2.961554e+02 4.050157e+04 5.219723e+07
<GCONST> 6.830605e+01
<MIXTURE> 3 5.439987e-02
<MEAN> 6
 7.895868e+01 -2.232977e+01 -6.900302e+02 -3.979314e+00 -9.018855e-01 -7.537869e+01
<VARIANCE> 6
 3.128982e+01 3.760405e+04 1.097731e+05 2.961554e+02 4.050157e+04 5.219723e+07
<GCONST> 7.068211e+01
<MIXTURE> 4 9.344222e-02
<MEAN> 6
 7.529149e+01 1.035997e+03 5.199628e+01 -3.046798e+00 3.120224e+00 -1.969143e+01
<VARIANCE> 6
 3.128982e+01 1.527399e+04 2.593899e+04 2.961554e+02 4.050157e+04 5.219723e+07
<GCONST> 6.833849e+01
<MIXTURE> 5 9.801538e-02
<MEAN> 6
 7.447842e+01 1.230124e+03 -3.405463e+02 -2.607553e+00 -8.005823e+00 1.161014e+02
<VARIANCE> 6
 3.128982e+01 3.044695e+05 1.967227e+04 2.961554e+02 4.050157e+04 5.219723e+07
<GCONST> 7.105437e+01
<MIXTURE> 6 6.849439e-02
<MEAN> 6
 8.024965e+01 -1.261810e+02 1.854981e+02 -3.220765e+00 -1.592906e+00 4.310250e+02
<VARIANCE> 6
 3.128982e+01 3.700988e+04 1.353773e+04 2.961554e+02 4.050157e+04 5.219723e+07
<GCONST> 6.857325e+01
<MIXTURE> 7 9.142742e-02
<MEAN> 6
 7.576605e+01 -2.917771e+02 -1.669585e+02 -2.302789e+00 -8.862029e+00 2.403668e+01
<VARIANCE> 6
 3.128982e+01 1.293270e+04 1.353773e+04 2.961554e+02 4.050157e+04 5.219723e+07
<GCONST> 6.752183e+01
<MIXTURE> 8 1.179820e-01
<MEAN> 6
 8.266039e+01 6.049207e+02 -3.459650e+01 -2.297578e+00 -7.205595e+00 7.128312e+01
<VARIANCE> 6
 3.578569e+01 1.862132e+04 7.173288e+04 2.961554e+02 4.050157e+04 5.219723e+07
<GCONST> 6.968810e+01
<MIXTURE> 9 4.996444e-02
<MEAN> 6
 7.718803e+01 1.383215e+03 -8.016418e+02 -2.208545e+00 -4.816233e+00 1.418890e+02
<VARIANCE> 6
 3.128982e+01 1.273079e+05 3.961517e+04 2.961554e+02 4.050157e+04 5.219723e+07
<GCONST> 7.088241e+01
<MIXTURE> 10 3.683595e-03
<MEAN> 6
 8.316893e+01 7.855000e+01 -3.244528e+02 -4.002036e+00 -3.749926e+01 1.332965e+03
<VARIANCE> 6
 1.224404e+02 1.353260e+06 2.451762e+06 2.961554e+02 5.015263e+04 5.219723e+07
<GCONST> 7.894948e+01
<MIXTURE> 11 7.861441e-02
<MEAN> 6
 8.025533e+01 2.062109e+02 6.974847e+02 -3.616874e+00 -2.817398e+00 8.815885e+01
<VARIANCE> 6
 3.128982e+01 8.608947e+04 2.486696e+04 2.961554e+02 4.050157e+04 5.219723e+07
<GCONST> 7.002551e+01
<MIXTURE> 12 1.006577e-01
<MEAN> 6
 7.942731e+01 2.764277e+02 -1.750834e+02 -2.417562e+00 -6.954982e+00 -4.012951e+01
<VARIANCE> 6
 3.128982e+01 1.293270e+04 1.353773e+04 2.961554e+02 4.050157e+04 5.219723e+07
<GCONST> 6.752183e+01
<MIXTURE> 13 5.997336e-02
<MEAN> 6
 7.621352e+01 7.720621e+02 -5.987136e+02 -2.556219e+00 -9.243546e+00 1.253578e+02
<VARIANCE> 6
 3.128982e+01 4.346265e+04 1.732351e+04 2.961554e+02 4.050157e+04 5.219723e+07
<GCONST> 6.898055e+01
<MIXTURE> 14 6.414950e-02
<MEAN> 6
 7.761642e+01 -4.680087e+02 2.105297e+02 -3.125469e+00 7.661417e+00 1.357358e+02
<VARIANCE> 6
 3.128982e+01 8.090270e+04 1.353773e+04 2.961554e+02 4.050157e+04 5.219723e+07
<GCONST> 6.935532e+01
<MIXTURE> 15 5.560759e-02
<MEAN> 6
 7.886250e+01 -4.921927e+01 -8.244446e+02 -4.662488e+00 -4.667721e+00 -8.445018e+01
<VARIANCE> 6
 3.128982e+01 3.802558e+04 8.554054e+04 2.961554e+02 4.050157e+04 5.219723e+07
<GCONST> 7.044384e+01
<STATE> 10
<NUMMIXES> 15
<MIXTURE> 1 5.770912e-02
<MEAN> 6
 1.092031e+02 9.861252e+02 -6.285275e+02 -7.039597e+00 -3.213889e+00 4.788117e+02
<VARIANCE> 6
 3.128982e+01 3.929341e+05 1.021888e+05 2.961554e+02 4.050157e+04 5.219723e+07
<GCONST> 7.295705e+01
<MIXTURE> 2 4.350863e-02
<MEAN> 6
 1.060356e+02 -9.346520e+02 -6.761052e+03 -6.169520e+00 5.874671e+00 1.278214e+02
<VARIANCE> 6
 5.010913e+01 1.054378e+05 1.783402e+05 2.961554e+02 4.050157e+04 5.219723e+07
<GCONST> 7.266931e+01
<MIXTURE> 3 6.377648e-02
<MEAN> 6
 9.257169e+01 1.123977e+03 -2.901220e+02 -4.600412e+00 3.751686e+00 6.754799e+01
<VARIANCE> 6
 3.128982e+01 2.761628e+04 1.689680e+06 2.961554e+02 4.050157e+04 5.219723e+07
<GCONST> 7.310728e+01
<MIXTURE> 4 8.025225e-02
<MEAN> 6
 8.468512e+01 -8.468546e+02 1.411632e+03 -4.522109e+00 -4.042771e+00 8.540389e+01
<VARIANCE> 6
 3.128982e+01 2.345753e+04 1.618181e+06 2.961554e+02 4.050157e+04 5.219723e+07
<GCONST> 7.290083e+01
<MIXTURE> 5 7.627778e-02
<MEAN> 6
 9.411747e+01 2.061228e+03 -1.884310e+03 -4.191646e+00 -4.053316e+00 1.623409e+02
<VARIANCE> 6
 1.445606e+02 1.184321e+05 6.653905e+05 2.961554e+02 4.050157e+04 5.219723e+07
<GCONST> 7.516171e+01
<MIXTURE> 6 8.823523e-02
<MEAN> 6
 9.343997e+01 2.581092e+02 -3.552923e+02 -4.243881e+00 1.922897e+00 1.960585e+01
<VARIANCE> 6
 3.128982e+01 1.293270e+04 2.950612e+04 2.961554e+02 4.050157e+04 5.219723e+07
<GCONST> 6.830094e+01
<MIXTURE> 7 6.485012e-02
<MEAN> 6
 7.690555e+01 -1.342664e+03 5.794348e+02 -3.884773e+00 2.509559e+00 1.123300e+02
<VARIANCE> 6
 3.128982e+01 8.950141e+04 2.948096e+05 2.961554e+02 4.050157e+04 5.219723e+07
<GCONST> 7.253717e+01
<MIXTURE> 8 6.033872e-02
<MEAN> 6
 9.553213e+01 -1.157108e+02 -5.221916e+02 -4.950132e+00 3.135642e+00 6.284158e+01
<VARIANCE> 6
 3.128982e+01 2.233800e+04 1.663018e+06 2.961554e+02 4.050157e+04 5.219723e+07
<GCONST> 7.287926e+01
<MIXTURE> 9 4.673598e-02
<MEAN> 6
 9.065302e+01 2.436666e+02 1.032733e+03 -2.805488e+00 1.770705e+00 2.820602e+01
<VARIANCE> 6
 3.128982e+01 1.293270e+04 2.722211e+06 2.961554e+02 4.050157e+04 5.219723e+07
<GCONST> 7.282555e+01
<MIXTURE> 10 8.106344e-02
<MEAN> 6
 8.890094e+01 -5.993525e+03 4.571835e+00 -6.779428e+00 2.712845e+00 2.143868e+02
<VARIANCE> 6
 7.791613e+01 4.750100e+06 1.579693e+06 2.961554e+02 4.050157e+04 5.219723e+07
<GCONST> 7.909983e+01
<MIXTURE> 11 7.649134e-02
<MEAN> 6
 8.482877e+01 -1.093578e+03 -3.598485e+02 -3.627012e+00 -3.989952e+00 4.162472e+01
<VARIANCE> 6
 3.128982e+01 5.723890e+04 5.565396e+05 2.961554e+02 4.050157e+04 5.219723e+07
<GCONST> 7.272556e+01
<MIXTURE> 12 8.104496e-02
<MEAN> 6
 9.381836e+01 -5.788140e+02 -4.779285e+02 -3.910601e+00 -5.678748e+00 1.180069e+02
<VARIANCE> 6
 3.128982e+01 4.321157e+04 6.817066e+05 2.961554e+02 4.050157e+04 5.219723e+07
<GCONST> 7.264729e+01
<MIXTURE> 13 5.625184e-02
<MEAN> 6
 9.020898e+01 3.992466e+02 -2.851834e+03 -2.875545e+00 2.593457e+00 9.207010e+01
<VARIANCE> 6
 3.128982e+01 2.546645e+04 5.559291e+05 2.961554e+02 4.050157e+04 5.219723e+07
<GCONST> 7.191459e+01
<MIXTURE> 14 6.350035e-02
<MEAN> 6
 9.379829e+01 -2.513907e+02 -3.077873e+02 -3.596284e+00 -1.480228e+00 4.665160e+01
<VARIANCE> 6
 3.128982e+01 1.293270e+04 1.029567e+06 2.961554e+02 4.050157e+04 5.219723e+07
<GCONST> 7.185324e+01
<MIXTURE> 15 5.992147e-02
<MEAN> 6
 1.051759e+02 7.290840e+02 -7.015132e+02 -6.657628e+00 3.616927e+00 2.244859e+02
<VARIANCE> 6
 3.239569e+01 2.317995e+05 1.328420e+05 2.961554e+02 4.050157e+04 5.219723e+07
<GCONST> 7.272636e+01
<STATE> 11
<NUMMIXES> 15
<MIXTURE> 1 5.409346e-02
<MEAN> 6
 6.730428e+01 -9.886438e+02 1.082869e+02 -7.615212e-01 1.030660e+00 -4.903376e+00
<VARIANCE> 6
 3.128982e+01 5.051497e+04 1.465614e+04 2.961554e+02 4.050157e+04 5.219723e+07
<GCONST> 6.896371e+01
<MIXTURE> 2 6.807302e-02
<MEAN> 6
 6.947140e+01 5.572057e+02 5.663038e+02 -3.025839e+00 5.214476e+00 1.142793e+02
<VARIANCE> 6
 3.128982e+01 1.293270e+04 1.576842e+04 2.961554e+02 4.050157e+04 5.219723e+07
<GCONST> 6.767435e+01
<MIXTURE> 3 1.045747e-01
<MEAN> 6
 6.054384e+01 6.530933e+01 -3.739559e+01 -3.041458e-01 -4.307445e+00 -1.535944e+02
<VARIANCE> 6
 3.128982e+01 1.293270e+04 1.353773e+04 2.961554e+02 4.050157e+04 5.219723e+07
<GCONST> 6.752183e+01
<MIXTURE> 4 6.129993e-02
<MEAN> 6
 6.134506e+01 2.314730e+03 8.033300e+02 2.365944e-01 5.839607e+00 -9.886047e+01
<VARIANCE> 6
 3.128982e+01 2.911506e+05 1.499414e+05 2.961554e+02 4.050157e+04 5.219723e+07
<GCONST> 7.304067e+01
<MIXTURE> 5 8.407550e-02
<MEAN> 6
 6.373286e+01 4.826675e+02 1.643284e+02 -5.901778e-01 -2.042833e+00 -1.447598e+02
<VARIANCE> 6
 3.128982e+01 1.293270e+04 1.353773e+04 2.961554e+02 4.050157e+04 5.219723e+07
<GCONST> 6.752183e+01
<MIXTURE> 6 5.163943e-02
<MEAN> 6
 6.022301e+01 4.611602e+01 -5.932784e+01 -2.262366e-01 -3.946822e+00 -1.524952e+02
<VARIANCE> 6
 3.128982e+01 1.293270e+04 1.353773e+04 2.961554e+02 4.050157e+04 5.219723e+07
<GCONST> 6.752183e+01
<MIXTURE> 7 5.172124e-02
<MEAN> 6
 5.966772e+01 3.598572e+01 -8.000840e+01 -1.237144e-01 -3.768517e+00 -1.507851e+02
<VARIANCE> 6
 3.128982e+01 1.293270e+04 1.353773e+04 2.961554e+02 4.050157e+04 5.219723e+07
<GCONST> 6.752183e+01
<MIXTURE> 8 1.095929e-01
<MEAN> 6
 5.897456e+01 2.279917e+01 -1.043153e+02 2.117431e-02 -3.597660e+00 -1.476889e+02
<VARIANCE> 6
 3.128982e+01 1.293270e+04 1.353773e+04 2.961554e+02 4.050157e+04 5.219723e+07
<GCONST> 6.752183e+01
<MIXTURE> 9 5.685587e-02
<MEAN> 6
 6.136893e+01 1.576128e+02 3.942809e+02 -6.000545e-01 -6.593058e+00 -1.608534e+02
<VARIANCE> 6
 3.128982e+01 1.293270e+04 1.353773e+04 2.961554e+02 4.050157e+04 5.219723e+07
<GCONST> 6.752183e+01
<MIXTURE> 10 6.564665e-02
<MEAN> 6
 7.048768e+01 6.006010e+02 4.045338e+02 -1.234609e+00 -3.635745e+00 -5.791686e+01
<VARIANCE> 6
 3.128982e+01 1.293270e+04 1.353773e+04 2.961554e+02 4.050157e+04 5.219723e+07
<GCONST> 6.752183e+01
<MIXTURE> 11 8.086401e-02
<MEAN> 6
 6.323339e+01 4.743067e+02 1.599462e+02 -6.193614e-01 -1.908269e+00 -1.407630e+02
<VARIANCE> 6
 3.128982e+01 1.293270e+04 1.353773e+04 2.961554e+02 4.050157e+04 5.219723e+07
<GCONST> 6.752183e+01
<MIXTURE> 12 5.777116e-02
<MEAN> 6
 6.708872e+01 -9.645486e+02 4.676206e+01 -1.058145e+00 1.276498e-01 -1.368254e+01
<VARIANCE> 6
 3.128982e+01 2.464698e+04 1.353773e+04 2.961554e+02 4.050157e+04 5.219723e+07
<GCONST> 6.816673e+01
<MIXTURE> 13 5.455958e-02
<MEAN> 6
 5.867845e+01 2.117285e+01 -1.121033e+02 7.727391e-02 -3.547691e+00 -1.462908e+02
<VARIANCE> 6
 3.128982e+01 1.293270e+04 1.353773e+04 2.961554e+02 4.050157e+04 5.219723e+07
<GCONST> 6.752183e+01
<MIXTURE> 14 4.740449e-02
<MEAN> 6
 6.136987e+01 1.516539e+03 9.106403e+02 -5.528425e+00 7.044484e+00 2.775835e+02
<VARIANCE> 6
 3.128982e+01 5.385385e+05 1.186312e+06 2.961554e+02 4.050157e+04 5.219723e+07
<GCONST> 7.572405e+01
<MIXTURE> 15 5.179205e-02
<MEAN> 6
 5.825755e+01 1.529192e+01 -1.255614e+02 1.708957e-01 -3.455272e+00 -1.434081e+02
<VARIANCE> 6
 3.128982e+01 1.293270e+04 1.353773e+04 2.961554e+02 4.050157e+04 5.219723e+07
<GCONST> 6.752183e+01
<STATE> 12
<NUMMIXES> 15
<MIXTURE> 1 1.311768e-02
<MEAN> 6
 1.979207e+01 -4.831395e+01 1.683453e+02 4.029509e+01 1.405739e+02 -4.535019e+03
<VARIANCE> 6
 2.782222e+03 3.896372e+05 1.155726e+06 2.821331e+04 2.096724e+06 6.358358e+08
<GCONST> 9.086536e+01
<MIXTURE> 2 5.811432e-02
<MEAN> 6
 7.008263e+01 -9.343325e+01 1.192927e+02 -1.007148e+01 -3.991475e+01 3.035348e+02
<VARIANCE> 6
 4.066968e+01 2.481520e+05 3.250233e+04 2.961554e+02 4.050157e+04 5.219723e+07
<GCONST> 7.161413e+01
<MIXTURE> 3 8.115395e-02
<MEAN> 6
 4.239339e+01 1.955868e+02 8.202160e+01 -1.547227e+02 -3.900558e+02 1.593402e+03
<VARIANCE> 6
 1.637587e+02 1.142765e+05 4.359050e+04 3.622324e+03 8.827359e+04 5.219723e+07
<GCONST> 7.580824e+01
<MIXTURE> 4 7.376942e-02
<MEAN> 6
 3.870665e+00 4.422790e+01 1.619556e+02 -2.371751e+02 1.594122e+02 8.405335e+03
<VARIANCE> 6
 3.751873e+02 1.188678e+05 3.708696e+04 3.093637e+03 3.589121e+05 1.885492e+08
<GCONST> 7.904428e+01
<MIXTURE> 5 6.174502e-02
<MEAN> 6
 -6.465039e-01 5.950362e+01 9.086884e+01 2.141247e+02 -6.397625e+01 -5.658659e+03
<VARIANCE> 6
 3.778405e+02 7.139984e+04 8.876655e+04 2.951743e+03 2.160990e+05 1.418520e+08
<GCONST> 7.857549e+01
<MIXTURE> 6 4.893076e-02
<MEAN> 6
 -4.363295e+01 1.040069e+02 -3.827914e+01 1.344485e+01 1.144197e+03 -3.362994e+01
<VARIANCE> 6
 8.220009e+01 8.898100e+04 4.650705e+04 1.858489e+04 2.356715e+05 1.546499e+08
<GCONST> 7.863693e+01
<MIXTURE> 7 7.036944e-02
<MEAN> 6
 6.849605e+01 -3.955950e+02 -1.724660e+01 1.965054e+01 -4.925199e+02 -8.155049e+02
<VARIANCE> 6
 6.585023e+01 6.020263e+05 1.047538e+05 4.751778e+03 1.196387e+05 5.219723e+07
<GCONST> 7.801112e+01
<MIXTURE> 8 8.792794e-02
<MEAN> 6
 6.725326e+01 -2.842710e+01 2.571157e+01 -3.315491e+01 -8.688553e+02 -1.389485e+02
<VARIANCE> 6
 1.440289e+02 6.734330e+04 1.854726e+04 1.242985e+04 2.730115e+05 9.815030e+07
<GCONST> 7.729005e+01
<MIXTURE> 9 6.031042e-02
<MEAN> 6
 -3.114820e+01 -7.585663e+01 -3.716768e+01 7.916246e+01 3.741287e+02 -5.788008e+02
<VARIANCE> 6
 1.686528e+02 4.473025e+04 1.466851e+04 2.821472e+03 1.271705e+05 5.219723e+07
<GCONST> 7.392581e+01
<MIXTURE> 10 1.030155e-01
<MEAN> 6
 4.661712e+01 -5.945787e+01 -2.209704e+01 1.264807e+02 -2.618157e+02 -6.968835e+02
<VARIANCE> 6
 1.484859e+02 8.000674e+04 7.511025e+04 2.202637e+03 4.782851e+04 5.219723e+07
<GCONST> 7.478766e+01
<MIXTURE> 11 7.763229e-02
<MEAN> 6
 -1.659119e+01 2.598072e+01 3.770259e+01 -1.387677e+02 2.251023e+02 -1.002960e+03
<VARIANCE> 6
 2.542392e+02 6.699284e+04 8.318077e+04 1.542534e+03 1.305413e+05 9.027842e+07
<GCONST> 7.644569e+01
<MIXTURE> 12 7.228243e-02
<MEAN> 6
 -3.937541e+01 4.006733e+01 -1.279010e+02 1.534047e+01 2.359518e+02 -8.351179e+01
<VARIANCE> 6
 1.382260e+02 7.951663e+04 8.534559e+04 1.108519e+03 5.757737e+04 5.219723e+07
<GCONST> 7.433655e+01
<MIXTURE> 13 7.695053e-02
<MEAN> 6
 8.705000e+00 -2.047263e+02 -6.974155e+01 1.401973e+02 5.403196e+01 -2.951515e+02
<VARIANCE> 6
 2.473028e+02 1.356617e+05 6.901187e+04 1.524220e+03 4.050157e+04 5.219723e+07
<GCONST> 7.520670e+01
<MIXTURE> 14 6.555753e-02
<MEAN> 6
 6.506429e+01 -1.037345e+02 -1.147386e+02 -7.511539e-02 -7.630250e+01 -1.611498e+02
<VARIANCE> 6
 3.128982e+01 8.231187e+04 4.977113e+04 2.961554e+02 4.050157e+04 5.219723e+07
<GCONST> 7.067454e+01
<MIXTURE> 15 4.895813e-02
<MEAN> 6
 -4.783493e+01 6.896787e+01 -1.283589e+02 -2.012120e+01 1.028128e+03 -5.613760e+02
<VARIANCE> 6
 8.344976e+01 9.568733e+04 7.252023e+04 9.575438e+03 2.083195e+05 1.437025e+08
<GCONST> 7.830901e+01
<TRANSP> 13
 0.000000e+00 1.000000e+00 0.000000e+00 0.000000e+00 0.000000e+00 0.000000e+00 0.000000e+00 0.000000e+00 0.000000e+00 0.000000e+00 0.000000e+00 0.000000e+00 0.000000e+00
 0.000000e+00 9.981956e-01 1.804378e-03 0.000000e+00 0.000000e+00 0.000000e+00 0.000000e+00 0.000000e+00 0.000000e+00 0.000000e+00 0.000000e+00 0.000000e+00 0.000000e+00
 0.000000e+00 0.000000e+00 9.993101e-01 6.898365e-04 0.000000e+00 0.000000e+00 0.000000e+00 0.000000e+00 0.000000e+00 0.000000e+00 0.000000e+00 0.000000e+00 0.000000e+00
 0.000000e+00 0.000000e+00 0.000000e+00 9.996006e-01 3.994369e-04 0.000000e+00 0.000000e+00 0.000000e+00 0.000000e+00 0.000000e+00 0.000000e+00 0.000000e+00 0.000000e+00
 0.000000e+00 0.000000e+00 0.000000e+00 0.000000e+00 9.991857e-01 8.143070e-04 0.000000e+00 0.000000e+00 0.000000e+00 0.000000e+00 0.000000e+00 0.000000e+00 0.000000e+00
 0.000000e+00 0.000000e+00 0.000000e+00 0.000000e+00 0.000000e+00 9.997988e-01 2.012243e-04 0.000000e+00 0.000000e+00 0.000000e+00 0.000000e+00 0.000000e+00 0.000000e+00
 0.000000e+00 0.000000e+00 0.000000e+00 0.000000e+00 0.000000e+00 0.000000e+00 9.989301e-01 1.069923e-03 0.000000e+00 0.000000e+00 0.000000e+00 0.000000e+00 0.000000e+00
 0.000000e+00 0.000000e+00 0.000000e+00 0.000000e+00 0.000000e+00 0.000000e+00 0.000000e+00 9.998898e-01 1.102358e-04 0.000000e+00 0.000000e+00 0.000000e+00 0.000000e+00
 0.000000e+00 0.000000e+00 0.000000e+00 0.000000e+00 0.000000e+00 0.000000e+00 0.000000e+00 0.000000e+00 9.985584e-01 1.441559e-03 0.000000e+00 0.000000e+00 0.000000e+00
 0.000000e+00 0.000000e+00 0.000000e+00 0.000000e+00 0.000000e+00 0.000000e+00 0.000000e+00 0.000000e+00 0.000000e+00 9.990757e-01 9.242354e-04 0.000000e+00 0.000000e+00
 0.000000e+00 0.000000e+00 0.000000e+00 0.000000e+00 0.000000e+00 0.000000e+00 0.000000e+00 0.000000e+00 0.000000e+00 0.000000e+00 9.985223e-01 1.477670e-03 0.000000e+00
 0.000000e+00 0.000000e+00 0.000000e+00 0.000000e+00 0.000000e+00 0.000000e+00 0.000000e+00 0.000000e+00 0.000000e+00 0.000000e+00 0.000000e+00 9.997575e-01 2.424790e-04
 0.000000e+00 0.000000e+00 0.000000e+00 0.000000e+00 0.000000e+00 0.000000e+00 0.000000e+00 0.000000e+00 0.000000e+00 0.000000e+00 0.000000e+00 0.000000e+00 0.000000e+00
<ENDHMM>
~h "QuintoPRIMARIA"
<BEGINHMM>
<NUMSTATES> 13
<STATE> 2
<NUMMIXES> 15
<MIXTURE> 1 6.439892e-02
<MEAN> 6
 -4.224091e+01 -1.786184e+01 3.107008e+01 -1.199546e+02 1.431365e+03 2.722050e+03
<VARIANCE> 6
 2.752750e+02 7.405943e+04 2.527070e+05 2.103602e+04 6.622281e+05 6.061162e+08
<GCONST> 8.387758e+01
<MIXTURE> 2 1.260494e-02
<MEAN> 6
 2.868314e+01 -5.386407e+02 -1.019323e+03 -5.542757e+01 -4.832019e+02 7.208350e+03
<VARIANCE> 6
 3.230829e+03 1.708534e+06 3.521532e+06 3.591539e+04 2.257796e+06 8.728676e+08
<GCONST> 9.423943e+01
<MIXTURE> 3 6.102337e-02
<MEAN> 6
 7.431689e+01 1.340710e+02 5.779681e+01 -6.809297e-01 -3.614228e+01 -1.210421e+02
<VARIANCE> 6
 6.913922e+01 5.041787e+04 1.734883e+05 2.961554e+02 4.050157e+04 5.219723e+07
<GCONST> 7.222587e+01
<MIXTURE> 4 5.300711e-02
<MEAN> 6
 -4.415114e+00 -5.916676e+00 1.773421e+02 2.538917e+02 3.320747e+02 -9.246911e+03
<VARIANCE> 6
 2.537457e+02 1.139117e+05 1.941596e+05 4.827779e+03 3.412740e+05 1.079871e+08
<GCONST> 8.010331e+01
<MIXTURE> 5 1.134465e-01
<MEAN> 6
 7.240292e+01 5.963504e+01 -3.777864e+01 -4.190989e+01 -6.010637e+02 -5.393455e+02
<VARIANCE> 6
 2.323576e+02 2.321747e+05 5.335021e+04 1.229006e+04 1.708162e+05 5.219723e+07
<GCONST> 7.895085e+01
<MIXTURE> 6 5.292073e-02
<MEAN> 6
 8.158662e+01 8.542890e+01 -2.438829e+01 4.063845e+01 -1.136194e+03 -1.876538e+03
<VARIANCE> 6
 3.802613e+02 7.128946e+04 3.830187e+04 2.396150e+04 9.263755e+05 5.748385e+08
<GCONST> 8.268872e+01
<MIXTURE> 7 1.003353e-01
<MEAN> 6
 5.931481e+01 -8.810737e+01 2.575568e+01 -3.940561e-02 -1.781188e+01 -1.801601e+02
<VARIANCE> 6
 3.128982e+01 2.805334e+04 1.654803e+05 2.961554e+02 4.050157e+04 5.219723e+07
<GCONST> 7.079955e+01
<MIXTURE> 8 6.396412e-02
<MEAN> 6
 -3.880239e+01 -8.137708e+00 7.212606e+01 9.503254e+01 7.847016e+02 4.867031e+02
<VARIANCE> 6
 2.842806e+02 7.685009e+04 6.810552e+04 9.673684e+03 1.377622e+05 5.219723e+07
<GCONST> 7.783663e+01
<MIXTURE> 9 1.004769e-01
<MEAN> 6
 3.690611e+01 -3.638214e+01 3.250885e+01 1.748128e+02 -2.248577e+02 -5.722391e+02
<VARIANCE> 6
 4.672174e+02 5.986180e+04 5.734083e+04 5.180585e+03 1.393436e+05 5.219723e+07
<GCONST> 7.729853e+01
<MIXTURE> 10 6.838118e-02
<MEAN> 6
 1.949485e+01 3.161969e+01 -3.074209e+01 -2.121534e+02 -2.234552e+02 2.516320e+03
<VARIANCE> 6
 6.368700e+02 1.776484e+04 6.449388e+04 4.076909e+03 3.321677e+05 1.151857e+08
<GCONST> 7.793168e+01
<MIXTURE> 11 5.353934e-02
<MEAN> 6
 5.719978e+01 6.088834e+01 -2.938775e+02 2.136539e+01 -5.976721e+02 -4.044943e+02
<VARIANCE> 6
 4.484479e+02 1.231202e+05 3.650317e+05 2.788721e+04 2.436288e+05 5.219723e+07
<GCONST> 8.207157e+01
<MIXTURE> 12 6.860064e-02
<MEAN> 6
 -4.659186e+01 -2.527299e+01 9.897265e+00 1.590483e+01 1.536146e+02 8.659605e+01
<VARIANCE> 6
 2.524938e+02 3.217252e+04 8.357014e+04 4.810062e+02 4.599706e+04 5.219723e+07
<GCONST> 7.295371e+01
<MIXTURE> 13 6.675500e-02
<MEAN> 6
 7.630537e+01 2.217748e+00 4.573232e+00 -7.719007e+00 -5.968859e+01 -3.383949e+02
<VARIANCE> 6
 1.255982e+02 1.553916e+04 2.026240e+04 2.961554e+02 4.050157e+04 5.219723e+07
<GCONST> 6.949851e+01
<MIXTURE> 14 5.675923e-02
<MEAN> 6
 4.643433e+00 -3.008420e+01 1.141056e+01 -2.481576e+02 -7.295200e+00 6.772239e+03
<VARIANCE> 6
 4.698171e+02 1.016391e+05 1.361973e+05 7.852737e+03 3.429283e+05 2.340507e+08
<GCONST> 8.151559e+01
<MIXTURE> 15 6.335215e-02
<MEAN> 6
 -4.492059e+01 -9.520777e+01 -1.185347e+01 2.580216e+01 6.749372e+02 -1.437093e+03
<VARIANCE> 6
 2.978838e+02 7.979371e+04 7.656098e+04 1.052895e+04 1.151962e+05 5.219723e+07
<GCONST> 7.794382e+01
<STATE> 3
<NUMMIXES> 15
<MIXTURE> 1 5.039238e-02
<MEAN> 6
 5.856900e+01 -1.217749e+03 -4.223574e+02 7.386686e+00 1.695431e+02 -1.544802e+03
<VARIANCE> 6
 2.737797e+02 1.275906e+06 1.546735e+04 7.396243e+03 7.723882e+05 1.912736e+08
<GCONST> 8.188042e+01
<MIXTURE> 2 6.054548e-02
<MEAN> 6
 9.466559e+01 2.324661e+02 4.523210e+02 -4.077879e+00 2.116164e+01 2.725520e+02
<VARIANCE> 6
 3.128982e+01 1.293270e+04 1.353773e+04 2.961554e+02 4.050157e+04 5.219723e+07
<GCONST> 6.752183e+01
<MIXTURE> 3 6.533223e-02
<MEAN> 6
 9.944635e+01 1.015715e+02 1.861769e+01 -1.619415e+01 1.462295e+01 1.415742e+03
<VARIANCE> 6
 3.128982e+01 1.293270e+04 1.353773e+04 3.531407e+02 4.264277e+04 5.219723e+07
<GCONST> 6.774933e+01
<MIXTURE> 4 6.416768e-02
<MEAN> 6
 1.000975e+02 -4.965231e+02 -5.383765e+02 -1.727168e+00 -1.785379e+00 -5.320566e+01
<VARIANCE> 6
 3.174253e+01 1.293270e+04 1.353773e+04 2.961554e+02 4.050157e+04 5.219723e+07
<GCONST> 6.753619e+01
<MIXTURE> 5 5.980350e-02
<MEAN> 6
 8.470876e+01 -1.088890e+03 -1.922617e+02 -6.995623e+00 -2.816934e+01 1.063894e+01
<VARIANCE> 6
 4.495491e+01 2.652471e+04 1.353773e+04 2.961554e+02 4.050157e+04 5.219723e+07
<GCONST> 6.860251e+01
<MIXTURE> 6 1.007433e-01
<MEAN> 6
 9.449622e+01 -2.506720e+02 -3.442776e+02 -5.142227e+00 9.756853e+00 1.159684e+02
<VARIANCE> 6
 3.128982e+01 1.293270e+04 1.353773e+04 2.961554e+02 4.050157e+04 5.219723e+07
<GCONST> 6.752183e+01
<MIXTURE> 7 1.201974e-02
<MEAN> 6
 9.197137e+01 -7.139519e+02 1.386126e+03 -2.159367e+01 -3.688118e+01 4.110744e+03
<VARIANCE> 6
 3.369462e+01 2.929621e+05 2.602204e+06 2.961554e+02 1.556355e+05 8.532020e+07
<GCONST> 7.781235e+01
<MIXTURE> 8 6.500159e-02
<MEAN> 6
 9.697557e+01 -4.885857e+02 -5.347460e+02 -1.118763e+00 -2.212464e+00 -8.949138e+01
<VARIANCE> 6
 3.128982e+01 1.293270e+04 1.353773e+04 2.961554e+02 4.050157e+04 5.219723e+07
<GCONST> 6.752183e+01
<MIXTURE> 9 6.804532e-02
<MEAN> 6
 9.631245e+01 -4.872975e+02 -5.352084e+02 -1.022327e+00 -2.367441e+00 -9.434399e+01
<VARIANCE> 6
 3.128982e+01 1.293270e+04 1.353773e+04 2.961554e+02 4.050157e+04 5.219723e+07
<GCONST> 6.752183e+01
<MIXTURE> 10 1.084644e-01
<MEAN> 6
 9.729334e+01 6.638751e+01 -2.298518e+02 -3.958773e+00 -3.035649e+01 7.416947e+01
<VARIANCE> 6
 3.128982e+01 1.293270e+04 1.778969e+04 2.961554e+02 4.050157e+04 5.219723e+07
<GCONST> 6.779496e+01
<MIXTURE> 11 6.704095e-02
<MEAN> 6
 8.956651e+01 -4.338568e+02 -1.718314e+02 -5.399799e+00 4.461975e-01 3.081475e+02
<VARIANCE> 6
 3.128982e+01 1.293270e+04 1.353773e+04 2.961554e+02 4.050157e+04 5.219723e+07
<GCONST> 6.752183e+01
<MIXTURE> 12 6.784790e-02
<MEAN> 6
 9.607074e+01 -4.868727e+02 -5.355120e+02 -9.895459e-01 -2.428041e+00 -9.583497e+01
<VARIANCE> 6
 3.128982e+01 1.293270e+04 1.353773e+04 2.961554e+02 4.050157e+04 5.219723e+07
<GCONST> 6.752183e+01
<MIXTURE> 13 8.131060e-02
<MEAN> 6
 9.897772e+01 9.771532e+01 -4.333224e+01 -6.526754e+00 -3.937547e+01 3.729506e+02
<VARIANCE> 6
 3.128982e+01 1.293270e+04 1.353773e+04 2.961554e+02 4.050157e+04 5.219723e+07
<GCONST> 6.752183e+01
<MIXTURE> 14 6.547818e-02
<MEAN> 6
 9.593738e+01 -4.870151e+02 -5.359877e+02 -9.682136e-01 -2.448023e+00 -9.611277e+01
<VARIANCE> 6
 3.128982e+01 1.293270e+04 1.353773e+04 2.961554e+02 4.050157e+04 5.219723e+07
<GCONST> 6.752183e+01
<MIXTURE> 15 6.378286e-02
<MEAN> 6
 9.840146e+01 -4.968843e+02 -5.407061e+02 -1.386696e+00 -1.910920e+00 -6.513026e+01
<VARIANCE> 6
 3.473278e+01 1.293270e+04 1.353773e+04 2.961554e+02 4.050157e+04 5.219723e+07
<GCONST> 6.762622e+01
<STATE> 4
<NUMMIXES> 15
<MIXTURE> 1 6.645722e-02
<MEAN> 6
 8.144661e+01 -1.198910e+02 -3.409306e+02 -1.531297e-01 -1.525201e+00 6.221062e+01
<VARIANCE> 6
 3.128982e+01 1.293270e+04 1.353773e+04 2.961554e+02 4.050157e+04 5.219723e+07
<GCONST> 6.752183e+01
<MIXTURE> 2 5.180697e-02
<MEAN> 6
 9.074268e+01 -1.524829e+03 -1.403436e+03 -1.100779e+00 -2.062353e+01 4.035671e+01
<VARIANCE> 6
 7.374411e+01 1.293270e+04 7.403833e+04 2.961554e+02 4.050157e+04 5.219723e+07
<GCONST> 7.007824e+01
<MIXTURE> 3 6.445938e-02
<MEAN> 6
 7.711860e+01 9.130638e+01 -7.494687e+02 -2.398243e+00 -2.588353e+01 2.732134e+02
<VARIANCE> 6
 3.128982e+01 1.293270e+04 1.353773e+04 2.961554e+02 4.050157e+04 5.219723e+07
<GCONST> 6.752183e+01
<MIXTURE> 4 4.060837e-02
<MEAN> 6
 7.671416e+01 -5.987541e+02 -1.468528e+03 3.342035e+01 -8.273503e+01 -2.091348e+02
<VARIANCE> 6
 3.128982e+01 7.305868e+05 2.442964e+06 7.707512e+02 4.050157e+04 5.219723e+07
<GCONST> 7.770789e+01
<MIXTURE> 5 5.904435e-02
<MEAN> 6
 5.955730e+01 -3.290967e+02 -1.257379e+03 1.825326e+00 -5.292189e+00 -1.496107e+02
<VARIANCE> 6
 3.128982e+01 1.293270e+04 2.056970e+04 2.961554e+02 4.050157e+04 5.219723e+07
<GCONST> 6.794016e+01
<MIXTURE> 6 6.179235e-02
<MEAN> 6
 8.176505e+01 -2.436976e+02 -3.080750e+02 1.012437e+00 -1.516323e+00 5.159848e+01
<VARIANCE> 6
 3.128982e+01 1.659097e+04 1.353773e+04 2.961554e+02 4.050157e+04 5.219723e+07
<GCONST> 6.777093e+01
<MIXTURE> 7 6.953889e-02
<MEAN> 6
 7.122852e+01 -7.631133e+02 -1.471060e+03 -5.202671e-01 -4.627042e-01 2.205028e+01
<VARIANCE> 6
 3.128982e+01 1.293270e+04 1.353773e+04 2.961554e+02 4.050157e+04 5.219723e+07
<GCONST> 6.752183e+01
<MIXTURE> 8 1.122919e-01
<MEAN> 6
 7.056521e+01 -3.573187e+02 -5.750297e+02 1.914508e-01 -2.341112e+01 6.758949e+00
<VARIANCE> 6
 3.128982e+01 1.462828e+04 1.353773e+04 2.961554e+02 4.050157e+04 5.219723e+07
<GCONST> 6.764503e+01
<MIXTURE> 9 4.290784e-02
<MEAN> 6
 5.720982e+01 -3.976403e+02 -1.551532e+03 4.484048e+00 2.566656e+00 -1.602592e+02
<VARIANCE> 6
 3.128982e+01 1.293270e+04 1.399355e+04 2.961554e+02 4.050157e+04 5.219723e+07
<GCONST> 6.755494e+01
<MIXTURE> 10 8.038819e-02
<MEAN> 6
 7.270130e+01 -1.071016e+03 -6.725103e+02 -2.226904e+00 -1.368668e+01 1.182026e+00
<VARIANCE> 6
 3.128982e+01 1.767700e+05 1.353773e+04 2.961554e+02 4.050157e+04 5.219723e+07
<GCONST> 7.013692e+01
<MIXTURE> 11 6.360174e-02
<MEAN> 6
 7.324514e+01 -1.592248e+03 -1.105689e+03 5.640695e-01 7.954656e-01 9.741760e+01
<VARIANCE> 6
 3.128982e+01 2.806836e+05 2.780950e+04 2.961554e+02 4.050157e+04 5.219723e+07
<GCONST> 7.131919e+01
<MIXTURE> 12 7.983979e-02
<MEAN> 6
 6.992712e+01 -6.538813e+02 -1.717848e+03 -9.749705e-01 -1.208266e+01 -1.089489e+02
<VARIANCE> 6
 3.128982e+01 1.293270e+04 1.353773e+04 2.961554e+02 4.050157e+04 5.219723e+07
<GCONST> 6.752183e+01
<MIXTURE> 13 6.644838e-02
<MEAN> 6
 8.147451e+01 -1.443624e+02 -3.407581e+02 -1.187057e-01 -3.757650e-01 4.164321e+01
<VARIANCE> 6
 3.128982e+01 1.293270e+04 1.353773e+04 2.961554e+02 4.050157e+04 5.219723e+07
<GCONST> 6.752183e+01
<MIXTURE> 14 8.123088e-02
<MEAN> 6
 7.275475e+01 -1.259498e+03 -6.924841e+02 -1.749282e+00 -8.864886e+00 -9.304450e+01
<VARIANCE> 6
 3.128982e+01 1.424827e+05 1.353773e+04 2.961554e+02 4.050157e+04 5.219723e+07
<GCONST> 6.992129e+01
<MIXTURE> 15 5.955869e-02
<MEAN> 6
 5.980345e+01 -3.415717e+02 -1.298478e+03 1.964652e+00 -1.955275e+00 -6.464279e+01
<VARIANCE> 6
 3.128982e+01 1.293270e+04 1.744197e+04 2.961554e+02 4.050157e+04 5.219723e+07
<GCONST> 6.777522e+01
<STATE> 5
<NUMMIXES> 15
<MIXTURE> 1 8.322907e-02
<MEAN> 6
 7.164321e+01 -3.623917e+01 3.324860e+03 3.414644e-01 -2.445370e+00 -8.267205e+01
<VARIANCE> 6
 3.128982e+01 1.293270e+04 1.353773e+04 2.961554e+02 4.050157e+04 5.219723e+07
<GCONST> 6.752183e+01
<MIXTURE> 2 8.745764e-02
<MEAN> 6
 8.961665e+01 2.142191e+02 3.732998e+03 -6.036294e-02 -5.535823e+00 -1.537375e+02
<VARIANCE> 6
 3.128982e+01 1.293270e+04 1.353773e+04 2.961554e+02 4.050157e+04 5.219723e+07
<GCONST> 6.752183e+01
<MIXTURE> 3 5.731159e-02
<MEAN> 6
 8.117292e+01 -3.538400e+02 2.597621e+03 -6.381993e-01 -9.693162e+00 -1.774479e+02
<VARIANCE> 6
 3.128982e+01 1.293270e+04 1.353773e+04 2.961554e+02 4.050157e+04 5.219723e+07
<GCONST> 6.752183e+01
<MIXTURE> 4 4.808867e-02
<MEAN> 6
 4.847633e+01 5.694113e+02 -1.207107e+02 2.616893e+01 -8.061126e+01 8.831417e+02
<VARIANCE> 6
 1.786789e+02 1.008391e+06 8.234797e+05 3.371021e+02 4.050157e+04 5.219723e+07
<GCONST> 7.785803e+01
<MIXTURE> 5 6.414533e-02
<MEAN> 6
 7.166682e+01 -3.524993e+01 3.328230e+03 2.992443e-01 -2.340260e+00 -8.888129e+01
<VARIANCE> 6
 3.128982e+01 1.293270e+04 1.353773e+04 2.961554e+02 4.050157e+04 5.219723e+07
<GCONST> 6.752183e+01
<MIXTURE> 6 8.493008e-02
<MEAN> 6
 8.074435e+01 -4.922611e+02 2.245280e+03 1.480723e-01 -1.048921e+00 4.786153e+00
<VARIANCE> 6
 3.128982e+01 1.293270e+04 1.986327e+04 2.961554e+02 4.050157e+04 5.219723e+07
<GCONST> 6.790521e+01
<MIXTURE> 7 4.008927e-02
<MEAN> 6
 8.961672e+01 2.142201e+02 3.733000e+03 -6.035515e-02 -5.535835e+00 -1.537282e+02
<VARIANCE> 6
 3.128982e+01 1.293270e+04 1.353773e+04 2.961554e+02 4.050157e+04 5.219723e+07
<GCONST> 6.752183e+01
<MIXTURE> 8 5.794490e-02
<MEAN> 6
 8.117272e+01 -3.539695e+02 2.597474e+03 -6.358071e-01 -9.662403e+00 -1.768841e+02
<VARIANCE> 6
 3.128982e+01 1.293270e+04 1.353773e+04 2.961554e+02 4.050157e+04 5.219723e+07
<GCONST> 6.752183e+01
<MIXTURE> 9 8.851590e-02
<MEAN> 6
 8.961665e+01 2.142191e+02 3.732998e+03 -6.036296e-02 -5.535827e+00 -1.537368e+02
<VARIANCE> 6
 3.128982e+01 1.293270e+04 1.353773e+04 2.961554e+02 4.050157e+04 5.219723e+07
<GCONST> 6.752183e+01
<MIXTURE> 10 8.717539e-02
<MEAN> 6
 8.961665e+01 2.142191e+02 3.732998e+03 -6.036313e-02 -5.535805e+00 -1.537359e+02
<VARIANCE> 6
 3.128982e+01 1.293270e+04 1.353773e+04 2.961554e+02 4.050157e+04 5.219723e+07
<GCONST> 6.752183e+01
<MIXTURE> 11 5.753357e-02
<MEAN> 6
 8.117249e+01 -3.541200e+02 2.597302e+03 -6.330345e-01 -9.626714e+00 -1.762292e+02
<VARIANCE> 6
 3.128982e+01 1.293270e+04 1.353773e+04 2.961554e+02 4.050157e+04 5.219723e+07
<GCONST> 6.752183e+01
<MIXTURE> 12 5.714811e-02
<MEAN> 6
 8.117210e+01 -3.543673e+02 2.597020e+03 -6.285028e-01 -9.568486e+00 -1.751620e+02
<VARIANCE> 6
 3.128982e+01 1.293270e+04 1.353773e+04 2.961554e+02 4.050157e+04 5.219723e+07
<GCONST> 6.752183e+01
<MIXTURE> 13 3.993660e-02
<MEAN> 6
 8.961672e+01 2.142199e+02 3.733000e+03 -6.035523e-02 -5.535832e+00 -1.537300e+02
<VARIANCE> 6
 3.128982e+01 1.293270e+04 1.353773e+04 2.961554e+02 4.050157e+04 5.219723e+07
<GCONST> 6.752183e+01
<MIXTURE> 14 8.239762e-02
<MEAN> 6
 7.164217e+01 -3.626674e+01 3.324721e+03 3.431064e-01 -2.444932e+00 -8.236367e+01
<VARIANCE> 6
 3.128982e+01 1.293270e+04 1.353773e+04 2.961554e+02 4.050157e+04 5.219723e+07
<GCONST> 6.752183e+01
<MIXTURE> 15 6.409428e-02
<MEAN> 6
 7.161566e+01 -3.737233e+01 3.321061e+03 3.898530e-01 -2.555367e+00 -7.600161e+01
<VARIANCE> 6
 3.128982e+01 1.293270e+04 1.353773e+04 2.961554e+02 4.050157e+04 5.219723e+07
<GCONST> 6.752183e+01
<STATE> 6
<NUMMIXES> 15
<MIXTURE> 1 4.703387e-03
<MEAN> 6
 7.523584e+01 -2.082802e+03 5.342082e+01 4.978084e+01 -6.307281e+02 1.404930e+03
<VARIANCE> 6
 3.401890e+02 3.684180e+06 1.594580e+05 1.617950e+03 5.542911e+04 5.219723e+07
<GCONST> 8.003817e+01
<MIXTURE> 2 4.240007e-02
<MEAN> 6
 9.154290e+01 5.819519e+02 1.608456e+03 1.248392e+00 -5.009081e+00 -2.992786e+02
<VARIANCE> 6
 3.128982e+01 1.293270e+04 1.473058e+05 2.961554e+02 4.050157e+04 5.219723e+07
<GCONST> 6.990885e+01
<MIXTURE> 3 6.159001e-02
<MEAN> 6
 9.537765e+01 9.925874e+02 2.505803e+03 1.771479e-02 1.783702e+00 -8.391346e+01
<VARIANCE> 6
 3.128982e+01 1.293270e+04 7.557633e+04 2.961554e+02 4.050157e+04 5.219723e+07
<GCONST> 6.924149e+01
<MIXTURE> 4 1.089978e-01
<MEAN> 6
 8.358624e+01 5.409515e+02 -2.628360e+02 -1.428273e+00 -9.387657e+00 -1.499900e+02
<VARIANCE> 6
 3.128982e+01 1.293270e+04 1.353773e+04 2.961554e+02 4.050157e+04 5.219723e+07
<GCONST> 6.752183e+01
<MIXTURE> 5 9.299659e-02
<MEAN> 6
 8.896642e+01 2.261526e+02 -1.456627e+03 -2.286893e+00 -2.576693e+00 1.404960e+02
<VARIANCE> 6
 4.621395e+01 5.720046e+04 6.360040e+05 2.961554e+02 4.050157e+04 5.219723e+07
<GCONST> 7.324834e+01
<MIXTURE> 6 7.959696e-02
<MEAN> 6
 8.987209e+01 5.810557e+02 -1.360516e+03 1.078514e+00 -1.917792e+01 -2.521724e+02
<VARIANCE> 6
 3.128982e+01 1.293270e+04 1.353773e+04 2.961554e+02 4.050157e+04 5.219723e+07
<GCONST> 6.752183e+01
<MIXTURE> 7 5.999453e-02
<MEAN> 6
 9.668319e+01 6.957899e+02 4.253298e+02 -3.640333e+00 6.405857e+00 -1.607037e+01
<VARIANCE> 6
 3.128982e+01 2.512470e+04 4.352421e+05 2.961554e+02 4.050157e+04 5.219723e+07
<GCONST> 7.165634e+01
<MIXTURE> 8 8.153052e-02
<MEAN> 6
 8.356075e+01 5.414150e+02 -2.611987e+02 -1.428974e+00 -9.472533e+00 -1.512064e+02
<VARIANCE> 6
 3.128982e+01 1.293270e+04 1.353773e+04 2.961554e+02 4.050157e+04 5.219723e+07
<GCONST> 6.752183e+01
<MIXTURE> 9 5.170561e-02
<MEAN> 6
 9.322827e+01 9.884589e+02 -1.469730e+02 -5.571428e+00 -8.142064e+00 7.244756e+01
<VARIANCE> 6
 3.128982e+01 1.293270e+04 1.353773e+04 2.961554e+02 4.050157e+04 5.219723e+07
<GCONST> 6.752183e+01
<MIXTURE> 10 5.852968e-02
<MEAN> 6
 8.803547e+01 3.366551e+02 -1.303367e+03 -2.581817e+00 6.692343e+00 4.508229e+01
<VARIANCE> 6
 3.128982e+01 1.293270e+04 1.353773e+04 2.961554e+02 4.050157e+04 5.219723e+07
<GCONST> 6.752183e+01
<MIXTURE> 11 1.057198e-01
<MEAN> 6
 7.096515e+01 4.751479e+02 -2.019661e+02 -7.185618e-01 -5.164627e+00 1.588507e+01
<VARIANCE> 6
 3.128982e+01 1.293270e+04 1.353773e+04 2.961554e+02 4.050157e+04 5.219723e+07
<GCONST> 6.752183e+01
<MIXTURE> 12 4.041933e-02
<MEAN> 6
 7.658361e+01 5.106622e+02 -2.179660e+02 -7.314632e-01 -7.729321e+00 -9.083738e+01
<VARIANCE> 6
 4.641545e+01 1.293270e+04 1.353773e+04 2.961554e+02 4.050157e+04 5.219723e+07
<GCONST> 6.791617e+01
<MIXTURE> 13 9.183086e-02
<MEAN> 6
 6.864164e+01 4.193922e+02 -2.109329e+02 -9.800785e-01 -2.547056e+00 8.617316e+01
<VARIANCE> 6
 3.128982e+01 1.293270e+04 1.353773e+04 2.961554e+02 4.050157e+04 5.219723e+07
<GCONST> 6.752183e+01
<MIXTURE> 14 6.114860e-02
<MEAN> 6
 9.712374e+01 8.976424e+02 1.957485e+03 -7.814744e-01 3.965549e-01 9.552570e+01
<VARIANCE> 6
 3.128982e+01 1.293270e+04 1.273985e+05 2.961554e+02 4.050157e+04 5.219723e+07
<GCONST> 6.976366e+01
<MIXTURE> 15 5.882941e-02
<MEAN> 6
 8.849728e+01 3.164496e+02 -1.307626e+03 -3.131220e+00 5.613342e+00 5.040906e+01
<VARIANCE> 6
 3.128982e+01 1.293270e+04 1.353773e+04 2.961554e+02 4.050157e+04 5.219723e+07
<GCONST> 6.752183e+01
<STATE> 7
<NUMMIXES> 15
<MIXTURE> 1 5.429270e-02
<MEAN> 6
 6.919340e+01 2.234333e+03 1.251577e+03 -9.959716e-01 -6.732872e+00 -2.612253e+02
<VARIANCE> 6
 3.128982e+01 1.293270e+04 1.353773e+04 2.961554e+02 4.050157e+04 5.219723e+07
<GCONST> 6.752183e+01
<MIXTURE> 2 1.017604e-01
<MEAN> 6
 5.709034e+01 -8.784274e+03 -1.989420e+03 -6.872729e-01 -7.743105e+00 -9.268514e+01
<VARIANCE> 6
 3.128982e+01 2.067974e+07 3.252226e+04 2.961554e+02 4.050157e+04 5.219723e+07
<GCONST> 7.577542e+01
<MIXTURE> 3 7.908077e-02
<MEAN> 6
 8.269958e+01 1.954964e+03 -2.113972e+02 -2.139993e+00 -1.113897e+01 -2.812339e+02
<VARIANCE> 6
 3.128982e+01 4.490011e+05 3.956294e+04 2.961554e+02 4.050157e+04 5.219723e+07
<GCONST> 7.214150e+01
<MIXTURE> 4 8.571365e-02
<MEAN> 6
 6.812690e+01 1.211059e+03 -4.524181e+02 -5.738236e-01 -2.412864e+00 -1.572963e+02
<VARIANCE> 6
 3.128982e+01 1.293270e+04 1.353773e+04 2.961554e+02 4.050157e+04 5.219723e+07
<GCONST> 6.752183e+01
<MIXTURE> 5 9.641068e-02
<MEAN> 6
 4.750773e+01 3.694975e+02 1.831862e+03 4.464623e-01 -6.930599e+00 -1.270198e+02
<VARIANCE> 6
 3.128982e+01 1.293270e+04 2.036453e+04 2.961554e+02 4.050157e+04 5.219723e+07
<GCONST> 6.793014e+01
<MIXTURE> 6 3.266545e-02
<MEAN> 6
 6.680135e+01 1.501383e+03 -2.937693e+02 5.818588e-01 -7.729339e+00 -3.338479e+02
<VARIANCE> 6
 3.128982e+01 2.878194e+04 1.353773e+04 2.961554e+02 4.050157e+04 5.219723e+07
<GCONST> 6.832182e+01
<MIXTURE> 7 6.922240e-02
<MEAN> 6
 7.101002e+01 1.135918e+03 -1.654388e+03 1.421473e+00 -1.483312e+00 -1.959798e+02
<VARIANCE> 6
 3.128982e+01 2.280728e+04 3.731243e+04 2.961554e+02 4.050157e+04 5.219723e+07
<GCONST> 6.910299e+01
<MIXTURE> 8 5.821064e-02
<MEAN> 6
 6.287608e+01 8.642451e+02 -9.927203e+02 -8.632128e-01 -7.509078e+00 -6.562068e+01
<VARIANCE> 6
 3.128982e+01 1.487815e+05 1.353773e+04 2.961554e+02 4.050157e+04 5.219723e+07
<GCONST> 6.996455e+01
<MIXTURE> 9 7.258547e-02
<MEAN> 6
 7.341891e+01 1.348159e+03 1.231048e+03 6.722317e-01 1.637189e-01 -1.636013e+02
<VARIANCE> 6
 3.128982e+01 1.293270e+04 1.781819e+04 2.961554e+02 4.050157e+04 5.219723e+07
<GCONST> 6.779656e+01
<MIXTURE> 10 9.368988e-02
<MEAN> 6
 7.090346e+01 9.291261e+02 -2.574515e+02 -7.938027e-01 -1.923859e+00 -9.356421e+01
<VARIANCE> 6
 3.128982e+01 1.293270e+04 1.353773e+04 2.961554e+02 4.050157e+04 5.219723e+07
<GCONST> 6.752183e+01
<MIXTURE> 11 5.256582e-02
<MEAN> 6
 6.674542e+01 1.357947e+03 -6.748338e+02 -1.110037e+00 -2.713471e-01 -4.247369e+01
<VARIANCE> 6
 3.128982e+01 1.293270e+04 1.353773e+04 2.961554e+02 4.050157e+04 5.219723e+07
<GCONST> 6.752183e+01
<MIXTURE> 12 4.432731e-02
<MEAN> 6
 7.409195e+01 2.022581e+03 -7.086188e+02 -2.109781e-01 -1.906300e+00 -1.056623e+02
<VARIANCE> 6
 3.128982e+01 6.520710e+04 1.353773e+04 2.961554e+02 4.050157e+04 5.219723e+07
<GCONST> 6.913963e+01
<MIXTURE> 13 5.019435e-02
<MEAN> 6
 5.762142e+01 1.373859e+03 1.147982e+03 1.247950e+00 -1.059570e+01 4.862167e+01
<VARIANCE> 6
 3.128982e+01 1.916125e+04 1.353773e+04 2.961554e+02 4.050157e+04 5.219723e+07
<GCONST> 6.791496e+01
<MIXTURE> 14 5.641007e-02
<MEAN> 6
 5.891170e+01 1.027391e+03 -1.066522e+03 -6.115634e-01 -8.264258e+00 -9.463228e+01
<VARIANCE> 6
 3.128982e+01 2.828443e+04 1.353773e+04 2.961554e+02 4.050157e+04 5.219723e+07
<GCONST> 6.830438e+01
<MIXTURE> 15 5.286110e-02
<MEAN> 6
 6.653973e+01 1.350759e+03 -6.788978e+02 -1.086603e+00 1.678163e-02 -3.740338e+01
<VARIANCE> 6
 3.128982e+01 1.293270e+04 1.353773e+04 2.961554e+02 4.050157e+04 5.219723e+07
<GCONST> 6.752183e+01
<STATE> 8
<NUMMIXES> 15
<MIXTURE> 1 5.324846e-02
<MEAN> 6
 8.225546e+01 -1.016790e+02 1.388237e+02 -5.068213e+00 1.087846e+01 1.373745e+02
<VARIANCE> 6
 3.128982e+01 2.907268e+05 1.678202e+04 2.961554e+02 4.050157e+04 5.219723e+07
<GCONST> 7.084927e+01
<MIXTURE> 2 5.452831e-03
<MEAN> 6
 7.827305e+01 3.390571e+00 8.469927e+02 -9.440169e+00 -9.603799e+01 -5.699865e+02
<VARIANCE> 6
 2.643784e+02 3.319425e+05 8.262081e+05 2.961554e+02 6.300925e+04 5.320554e+07
<GCONST> 7.747356e+01
<MIXTURE> 3 6.253585e-02
<MEAN> 6
 8.527945e+01 8.238874e+01 -1.870034e+02 2.467596e-01 -5.681778e+00 -5.014125e+01
<VARIANCE> 6
 3.128982e+01 1.293270e+04 1.353773e+04 2.961554e+02 4.050157e+04 5.219723e+07
<GCONST> 6.752183e+01
<MIXTURE> 4 5.223815e-02
<MEAN> 6
 8.492219e+01 -3.625798e+00 5.820176e+01 -3.351767e+00 3.167309e+00 7.737424e+01
<VARIANCE> 6
 3.128982e+01 1.293270e+04 1.353773e+04 2.961554e+02 4.050157e+04 5.219723e+07
<GCONST> 6.752183e+01
<MIXTURE> 5 8.323708e-02
<MEAN> 6
 8.527850e+01 8.239330e+01 -1.871049e+02 2.482976e-01 -5.682205e+00 -5.010296e+01
<VARIANCE> 6
 3.128982e+01 1.293270e+04 1.353773e+04 2.961554e+02 4.050157e+04 5.219723e+07
<GCONST> 6.752183e+01
<MIXTURE> 6 1.088502e-01
<MEAN> 6
 8.606285e+01 -1.327899e+02 4.805918e+01 -3.462275e+00 1.884796e+00 -8.670306e+00
<VARIANCE> 6
 3.128982e+01 1.372300e+04 1.353773e+04 2.961554e+02 4.050157e+04 5.219723e+07
<GCONST> 6.758114e+01
<MIXTURE> 7 8.771797e-02
<MEAN> 6
 8.226167e+01 4.464388e+01 6.820898e+01 -3.223407e+00 3.733595e+00 9.198483e+01
<VARIANCE> 6
 3.128982e+01 1.293270e+04 1.353773e+04 2.961554e+02 4.050157e+04 5.219723e+07
<GCONST> 6.752183e+01
<MIXTURE> 8 6.146188e-02
<MEAN> 6
 8.625746e+01 -1.755686e+02 4.966938e+01 -3.660463e+00 1.569030e+00 -4.377330e+01
<VARIANCE> 6
 3.128982e+01 1.293270e+04 1.353773e+04 2.961554e+02 4.050157e+04 5.219723e+07
<GCONST> 6.752183e+01
<MIXTURE> 9 1.019332e-01
<MEAN> 6
 8.601159e+01 -1.267361e+02 4.812832e+01 -3.457014e+00 1.904282e+00 -3.836200e+00
<VARIANCE> 6
 3.128982e+01 1.416601e+04 1.353773e+04 2.961554e+02 4.050157e+04 5.219723e+07
<GCONST> 6.761292e+01
<MIXTURE> 10 3.766506e-02
<MEAN> 6
 7.270699e+01 -1.303510e+02 9.065955e+01 -4.672704e+00 1.379234e+01 -4.438197e+01
<VARIANCE> 6
 3.128982e+01 1.293270e+04 1.353773e+04 2.961554e+02 4.050157e+04 5.219723e+07
<GCONST> 6.752183e+01
<MIXTURE> 11 8.349928e-02
<MEAN> 6
 8.527807e+01 8.239643e+01 -1.871539e+02 2.490433e-01 -5.682578e+00 -5.008513e+01
<VARIANCE> 6
 3.128982e+01 1.293270e+04 1.353773e+04 2.961554e+02 4.050157e+04 5.219723e+07
<GCONST> 6.752183e+01
<MIXTURE> 12 6.253546e-02
<MEAN> 6
 8.527740e+01 8.240377e+01 -1.872351e+02 2.503084e-01 -5.683562e+00 -5.005743e+01
<VARIANCE> 6
 3.128982e+01 1.293270e+04 1.353773e+04 2.961554e+02 4.050157e+04 5.219723e+07
<GCONST> 6.752183e+01
<MIXTURE> 13 8.695357e-02
<MEAN> 6
 8.216887e+01 4.260513e+01 6.878532e+01 -3.234950e+00 3.975244e+00 9.141467e+01
<VARIANCE> 6
 3.128982e+01 1.293270e+04 1.353773e+04 2.961554e+02 4.050157e+04 5.219723e+07
<GCONST> 6.752183e+01
<MIXTURE> 14 6.130351e-02
<MEAN> 6
 8.622823e+01 -1.904953e+02 5.126569e+01 -3.808518e+00 1.420909e+00 -5.439912e+01
<VARIANCE> 6
 3.128982e+01 1.293270e+04 1.353773e+04 2.961554e+02 4.050157e+04 5.219723e+07
<GCONST> 6.752183e+01
<MIXTURE> 15 5.135630e-02
<MEAN> 6
 8.441735e+01 -3.812721e+01 4.764484e+01 -3.367129e+00 1.402083e+00 7.383217e+01
<VARIANCE> 6
 3.128982e+01 1.310005e+04 1.353773e+04 2.961554e+02 4.050157e+04 5.219723e+07
<GCONST> 6.753468e+01
<STATE> 9
<NUMMIXES> 15
<MIXTURE> 1 4.559419e-02
<MEAN> 6
 7.186264e+01 2.771334e+01 7.037934e+02 -3.728073e+00 -1.351663e+00 8.459603e+01
<VARIANCE> 6
 3.128982e+01 1.293270e+04 1.353773e+04 2.961554e+02 4.050157e+04 5.219723e+07
<GCONST> 6.752183e+01
<MIXTURE> 2 7.787587e-04
<MEAN> 6
 7.138372e+01 6.809215e+01 1.235883e+02 -1.695722e+01 -3.607773e+02 -7.290706e+03
<VARIANCE> 6
 1.215010e+03 1.248688e+06 2.272652e+06 5.623921e+02 1.427427e+05 2.481738e+08
<GCONST> 8.433447e+01
<MIXTURE> 3 9.146705e-02
<MEAN> 6
 6.354711e+01 4.009029e+01 -2.967249e+02 -8.256100e-01 -2.521822e+00 -8.002319e+01
<VARIANCE> 6
 3.128982e+01 1.293270e+04 1.353773e+04 2.961554e+02 4.050157e+04 5.219723e+07
<GCONST> 6.752183e+01
<MIXTURE> 4 5.445464e-02
<MEAN> 6
 6.739675e+01 3.593412e+02 2.912536e+02 -1.877441e+00 1.868291e+00 -5.510377e+01
<VARIANCE> 6
 3.128982e+01 1.293270e+04 1.405652e+04 2.961554e+02 4.050157e+04 5.219723e+07
<GCONST> 6.755943e+01
<MIXTURE> 5 5.225474e-02
<MEAN> 6
 6.381891e+01 1.075257e+01 -4.172267e+02 -8.085876e-01 -4.875952e+00 -7.905247e+01
<VARIANCE> 6
 3.128982e+01 1.293270e+04 1.353773e+04 2.961554e+02 4.050157e+04 5.219723e+07
<GCONST> 6.752183e+01
<MIXTURE> 6 8.290322e-02
<MEAN> 6
 6.466431e+01 4.040399e+02 -2.118700e+02 -1.413839e-01 -8.763599e+00 -1.768390e+02
<VARIANCE> 6
 3.128982e+01 1.293270e+04 2.419373e+05 2.961554e+02 4.050157e+04 5.219723e+07
<GCONST> 7.040502e+01
<MIXTURE> 7 5.212063e-02
<MEAN> 6
 6.376139e+01 1.195984e+01 -3.997289e+02 -7.294850e-01 -4.354308e+00 -8.407150e+01
<VARIANCE> 6
 3.128982e+01 1.293270e+04 1.353773e+04 2.961554e+02 4.050157e+04 5.219723e+07
<GCONST> 6.752183e+01
<MIXTURE> 8 6.919292e-02
<MEAN> 6
 6.361034e+01 3.376612e+01 -3.242816e+02 -7.377208e-01 -2.908741e+00 -8.516848e+01
<VARIANCE> 6
 3.128982e+01 1.293270e+04 1.353773e+04 2.961554e+02 4.050157e+04 5.219723e+07
<GCONST> 6.752183e+01
<MIXTURE> 9 9.231143e-02
<MEAN> 6
 6.592128e+01 1.673619e+02 1.390291e+02 -2.328069e+00 -1.165846e-01 -3.909188e+01
<VARIANCE> 6
 3.128982e+01 1.293270e+04 1.353773e+04 2.961554e+02 4.050157e+04 5.219723e+07
<GCONST> 6.752183e+01
<MIXTURE> 10 6.442255e-02
<MEAN> 6
 6.014350e+01 -2.392790e+01 -6.539527e+02 -1.794743e+00 -2.541531e+00 -6.560373e+01
<VARIANCE> 6
 3.128982e+01 1.293270e+04 1.353773e+04 2.961554e+02 4.050157e+04 5.219723e+07
<GCONST> 6.752183e+01
<MIXTURE> 11 9.153301e-02
<MEAN> 6
 7.394654e+01 -8.982738e+00 4.497352e+02 -2.486021e+00 1.639293e-01 -1.365640e+01
<VARIANCE> 6
 3.128982e+01 1.293270e+04 1.353773e+04 2.961554e+02 4.050157e+04 5.219723e+07
<GCONST> 6.752183e+01
<MIXTURE> 12 9.111547e-02
<MEAN> 6
 6.354354e+01 3.752428e+01 -3.029903e+02 -7.965280e-01 -2.580015e+00 -8.140656e+01
<VARIANCE> 6
 3.128982e+01 1.293270e+04 1.353773e+04 2.961554e+02 4.050157e+04 5.219723e+07
<GCONST> 6.752183e+01
<MIXTURE> 13 9.222065e-02
<MEAN> 6
 6.588946e+01 1.660118e+02 1.383111e+02 -2.322116e+00 -1.866183e-01 -3.912346e+01
<VARIANCE> 6
 3.128982e+01 1.293270e+04 1.353773e+04 2.961554e+02 4.050157e+04 5.219723e+07
<GCONST> 6.752183e+01
<MIXTURE> 14 6.686772e-02
<MEAN> 6
 6.361934e+01 1.200093e+01 -3.702626e+02 -6.405365e-01 -3.522947e+00 -8.889984e+01
<VARIANCE> 6
 3.128982e+01 1.293270e+04 1.353773e+04 2.961554e+02 4.050157e+04 5.219723e+07
<GCONST> 6.752183e+01
<MIXTURE> 15 5.273282e-02
<MEAN> 6
 6.353446e+01 -2.526459e+01 -4.654672e+02 -1.085785e+00 -5.953920e+00 -5.295430e+01
<VARIANCE> 6
 3.128982e+01 1.293270e+04 1.353773e+04 2.961554e+02 4.050157e+04 5.219723e+07
<GCONST> 6.752183e+01
<STATE> 10
<NUMMIXES> 15
<MIXTURE> 1 5.273793e-02
<MEAN> 6
 7.893338e+01 -2.332315e+02 4.285428e+02 -8.054668e-01 -1.868683e+01 2.367119e+02
<VARIANCE> 6
 3.128982e+01 1.293270e+04 1.353773e+04 2.961554e+02 4.050157e+04 5.219723e+07
<GCONST> 6.752183e+01
<MIXTURE> 2 3.922537e-02
<MEAN> 6
 7.721596e+01 -5.119150e+02 4.364225e+01 -3.464965e+00 3.311336e-02 -1.528750e+02
<VARIANCE> 6
 3.128982e+01 1.293270e+04 1.353773e+04 2.961554e+02 4.050157e+04 5.219723e+07
<GCONST> 6.752183e+01
<MIXTURE> 3 1.082534e-01
<MEAN> 6
 7.350755e+01 -8.104825e+02 -2.555487e+00 3.992988e-01 9.257511e-01 -1.182054e+02
<VARIANCE> 6
 3.128982e+01 1.293270e+04 1.353773e+04 2.961554e+02 4.050157e+04 5.219723e+07
<GCONST> 6.752183e+01
<MIXTURE> 4 1.424708e-02
<MEAN> 6
 8.029510e+01 7.733348e+02 2.451163e+03 -8.313450e+01 -1.657344e+03 -2.097387e+04
<VARIANCE> 6
 2.105237e+02 5.017247e+05 1.367284e+06 3.003906e+03 5.898814e+05 5.205693e+08
<GCONST> 8.499678e+01
<MIXTURE> 5 1.025100e-01
<MEAN> 6
 7.250756e+01 -5.799673e+02 1.533139e+02 -1.645564e+00 -5.016051e+00 -1.038662e+02
<VARIANCE> 6
 3.128982e+01 1.293270e+04 1.353773e+04 2.961554e+02 4.050157e+04 5.219723e+07
<GCONST> 6.752183e+01
<MIXTURE> 6 6.306157e-02
<MEAN> 6
 7.347937e+01 -1.327679e+03 -1.056603e+02 7.010631e-02 -4.512913e+00 -1.602968e+02
<VARIANCE> 6
 3.128982e+01 1.293270e+04 2.086636e+04 2.961554e+02 4.050157e+04 5.219723e+07
<GCONST> 6.795448e+01
<MIXTURE> 7 8.189096e-02
<MEAN> 6
 7.950452e+01 -3.867509e+02 1.893983e+02 -2.694099e+00 -1.186394e+00 -5.890339e+01
<VARIANCE> 6
 3.128982e+01 1.293270e+04 1.353773e+04 2.961554e+02 4.050157e+04 5.219723e+07
<GCONST> 6.752183e+01
<MIXTURE> 8 5.053383e-02
<MEAN> 6
 7.244480e+01 -1.197774e+03 1.508689e+02 -8.639793e-01 -1.558820e+01 -2.856237e+02
<VARIANCE> 6
 3.128982e+01 1.560497e+04 1.353773e+04 2.961554e+02 4.050157e+04 5.219723e+07
<GCONST> 6.770966e+01
<MIXTURE> 9 1.013924e-01
<MEAN> 6
 7.250754e+01 -5.799680e+02 1.533142e+02 -1.645553e+00 -5.016087e+00 -1.038659e+02
<VARIANCE> 6
 3.128982e+01 1.293270e+04 1.353773e+04 2.961554e+02 4.050157e+04 5.219723e+07
<GCONST> 6.752183e+01
<MIXTURE> 10 9.133365e-02
<MEAN> 6
 7.070380e+01 -1.039163e+03 -3.797653e+02 5.078606e-01 -9.762227e+00 -5.808751e+01
<VARIANCE> 6
 3.128982e+01 1.488148e+04 1.353773e+04 2.961554e+02 4.050157e+04 5.219723e+07
<GCONST> 6.766219e+01
<MIXTURE> 11 4.954348e-02
<MEAN> 6
 7.383000e+01 -7.869247e+02 -1.999060e+01 1.653253e-01 8.303189e-02 -1.077090e+02
<VARIANCE> 6
 3.128982e+01 1.293270e+04 1.353773e+04 2.961554e+02 4.050157e+04 5.219723e+07
<GCONST> 6.752183e+01
<MIXTURE> 12 8.495592e-02
<MEAN> 6
 7.939081e+01 -3.927850e+02 1.792168e+02 -2.857261e+00 -8.795080e-01 -6.461633e+01
<VARIANCE> 6
 3.128982e+01 1.293270e+04 1.353773e+04 2.961554e+02 4.050157e+04 5.219723e+07
<GCONST> 6.752183e+01
<MIXTURE> 13 5.771898e-02
<MEAN> 6
 7.395969e+01 -1.336297e+03 -2.020879e+02 5.827485e-01 -4.600412e+00 -8.753654e+01
<VARIANCE> 6
 3.128982e+01 1.293270e+04 1.583695e+04 2.961554e+02 4.050157e+04 5.219723e+07
<GCONST> 6.767869e+01
<MIXTURE> 14 5.303272e-02
<MEAN> 6
 7.913483e+01 -2.667423e+02 4.094868e+02 -5.877386e-01 -1.453898e+01 1.880645e+02
<VARIANCE> 6
 3.128982e+01 1.293270e+04 1.353773e+04 2.961554e+02 4.050157e+04 5.219723e+07
<GCONST> 6.752183e+01
<MIXTURE> 15 4.953783e-02
<MEAN> 6
 7.382249e+01 -7.963902e+02 -2.727881e+01 2.301758e-01 -1.096928e-02 -1.031207e+02
<VARIANCE> 6
 3.128982e+01 1.293270e+04 1.353773e+04 2.961554e+02 4.050157e+04 5.219723e+07
<GCONST> 6.752183e+01
<STATE> 11
<NUMMIXES> 15
<MIXTURE> 1 6.861673e-02
<MEAN> 6
 7.420799e+01 -4.424536e+02 1.122489e+03 2.024820e-01 -2.070138e+00 -5.037547e+01
<VARIANCE> 6
 3.128982e+01 1.293270e+04 1.353773e+04 2.961554e+02 4.050157e+04 5.219723e+07
<GCONST> 6.752183e+01
<MIXTURE> 2 6.278998e-02
<MEAN> 6
 6.116137e+01 3.139508e+02 -2.080211e+02 -1.108070e+02 -7.626389e+02 -1.746650e+03
<VARIANCE> 6
 1.350053e+02 2.506415e+05 1.384894e+06 2.414967e+03 7.678238e+04 5.219723e+07
<GCONST> 7.931420e+01
<MIXTURE> 3 4.617776e-02
<MEAN> 6
 8.128802e+01 -6.680143e+02 1.360462e+03 -4.658776e-01 -1.565158e+01 -3.326231e+02
<VARIANCE> 6
 3.128982e+01 1.293270e+04 1.353773e+04 2.961554e+02 4.050157e+04 5.219723e+07
<GCONST> 6.752183e+01
<MIXTURE> 4 6.393047e-02
<MEAN> 6
 7.398893e+01 -4.254950e+02 8.871130e+02 -8.949423e-01 -1.039575e+01 -8.946208e+01
<VARIANCE> 6
 3.128982e+01 1.293270e+04 1.353773e+04 2.961554e+02 4.050157e+04 5.219723e+07
<GCONST> 6.752183e+01
<MIXTURE> 5 8.906554e-02
<MEAN> 6
 8.185100e+01 -7.337012e+02 1.575078e+03 -1.337852e-01 2.244659e-01 1.620863e+00
<VARIANCE> 6
 3.128982e+01 1.293270e+04 1.353773e+04 2.961554e+02 4.050157e+04 5.219723e+07
<GCONST> 6.752183e+01
<MIXTURE> 6 6.331975e-02
<MEAN> 6
 4.641330e+01 2.609706e+02 1.149644e+03 -2.843762e+02 -1.607983e+03 7.812225e+03
<VARIANCE> 6
 3.984361e+02 6.890673e+05 3.428294e+06 4.544790e+03 9.738661e+05 3.484140e+08
<GCONST> 8.738515e+01
<MIXTURE> 7 6.282385e-02
<MEAN> 6
 7.398901e+01 -4.254810e+02 8.872424e+02 -8.924738e-01 -1.036666e+01 -8.923862e+01
<VARIANCE> 6
 3.128982e+01 1.293270e+04 1.353773e+04 2.961554e+02 4.050157e+04 5.219723e+07
<GCONST> 6.752183e+01
<MIXTURE> 8 6.501596e-02
<MEAN> 6
 -3.153227e+01 4.514853e+02 -1.163658e+02 -3.963590e+02 1.828324e+03 4.487496e+04
<VARIANCE> 6
 2.589544e+02 2.326770e+06 9.259904e+05 7.611927e+03 2.074651e+06 9.209644e+08
<GCONST> 8.910623e+01
<MIXTURE> 9 7.613015e-02
<MEAN> 6
 6.863011e+01 2.044027e+02 -1.867504e+02 -1.052107e+02 -1.506200e+03 -1.320136e+04
<VARIANCE> 6
 1.115787e+02 1.417429e+06 7.170712e+04 3.449971e+03 5.508672e+05 2.268594e+08
<GCONST> 8.169191e+01
<MIXTURE> 10 8.955397e-02
<MEAN> 6
 1.047246e+01 -1.540585e+02 -2.567537e+02 -4.189988e+02 -8.118315e+02 1.326933e+04
<VARIANCE> 6
 3.870562e+02 1.011068e+06 1.015912e+06 4.435818e+03 5.487303e+05 3.243740e+08
<GCONST> 8.585388e+01
<MIXTURE> 11 6.328058e-02
<MEAN> 6
 7.398889e+01 -4.255020e+02 8.870486e+02 -8.961735e-01 -1.041027e+01 -8.957315e+01
<VARIANCE> 6
 3.128982e+01 1.293270e+04 1.353773e+04 2.961554e+02 4.050157e+04 5.219723e+07
<GCONST> 6.752183e+01
<MIXTURE> 12 6.247590e-02
<MEAN> 6
 7.398882e+01 -4.255148e+02 8.869302e+02 -8.984432e-01 -1.043702e+01 -8.977809e+01
<VARIANCE> 6
 3.128982e+01 1.293270e+04 1.353773e+04 2.961554e+02 4.050157e+04 5.219723e+07
<GCONST> 6.752183e+01
<MIXTURE> 13 6.015728e-02
<MEAN> 6
 -5.595370e+01 -3.076849e+02 2.010661e+02 -9.597419e+01 1.910648e+03 -6.373462e+03
<VARIANCE> 6
 2.147558e+02 3.256046e+05 1.131446e+07 2.398190e+04 2.321686e+06 4.651589e+08
<GCONST> 9.003255e+01
<MIXTURE> 14 7.845744e-02
<MEAN> 6
 3.185409e+01 1.697950e+02 -6.349127e+02 -2.428845e+02 -7.221377e+02 3.743478e+03
<VARIANCE> 6
 3.106093e+02 3.720501e+06 7.104115e+05 4.214750e+03 8.657701e+05 1.456151e+08
<GCONST> 8.618296e+01
<MIXTURE> 15 4.819484e-02
<MEAN> 6
 -4.430649e+01 -8.319579e+02 -2.946792e+03 -1.272116e+02 1.331840e+03 -5.614316e+02
<VARIANCE> 6
 5.374182e+02 1.321904e+06 2.375028e+07 5.046457e+04 2.451435e+06 7.500528e+08
<GCONST> 9.436859e+01
<STATE> 12
<NUMMIXES> 15
<MIXTURE> 1 8.538336e-02
<MEAN> 6
 8.685563e+01 3.076183e+02 1.948352e+02 -2.745420e+00 -2.179052e+01 -2.773074e+01
<VARIANCE> 6
 1.656025e+02 3.382752e+05 4.489711e+06 2.961554e+02 4.050157e+04 5.219723e+07
<GCONST> 7.825629e+01
<MIXTURE> 2 1.603609e-02
<MEAN> 6
 -1.086528e+01 1.582396e+02 1.060898e+02 -2.301892e+01 8.078233e+01 3.560423e+03
<VARIANCE> 6
 1.125914e+04 1.943203e+05 3.997959e+05 1.811695e+06 9.862751e+08 1.450161e+12
<GCONST> 1.085541e+02
<MIXTURE> 3 5.492291e-02
<MEAN> 6
 2.386930e+00 2.264315e+00 -1.197075e+03 -1.585021e+02 -1.048570e+02 7.737366e+03
<VARIANCE> 6
 3.524454e+03 3.102470e+05 9.140727e+06 4.719882e+04 1.419918e+06 7.649004e+08
<GCONST> 9.325160e+01
<MIXTURE> 4 5.800164e-02
<MEAN> 6
 -3.122709e+01 -2.560839e+02 1.649977e+02 2.145440e+02 8.484929e+02 -2.973231e+03
<VARIANCE> 6
 2.416543e+02 8.164388e+05 4.861839e+05 6.659593e+03 2.297918e+05 5.219723e+07
<GCONST> 8.214110e+01
<MIXTURE> 5 6.712356e-02
<MEAN> 6
 3.538770e+01 2.947349e+02 3.260128e+02 1.329638e+02 -2.311019e+02 -2.144289e+03
<VARIANCE> 6
 8.655406e+02 1.904272e+06 2.571476e+06 2.667427e+04 1.164895e+05 5.219723e+07
<GCONST> 8.663777e+01
<MIXTURE> 6 5.597488e-02
<MEAN> 6
 8.920253e+01 2.510311e+02 4.971018e+01 -6.197112e+00 -1.058969e+01 -3.770006e+02
<VARIANCE> 6
 1.314297e+02 3.676836e+05 6.439348e+04 2.961554e+02 4.050157e+04 5.219723e+07
<GCONST> 7.386400e+01
<MIXTURE> 7 5.641831e-02
<MEAN> 6
 9.415577e+01 2.899603e+01 -1.399964e+02 4.389911e+01 -9.610489e+02 -2.082909e+03
<VARIANCE> 6
 1.572695e+02 1.136638e+06 1.233468e+06 1.618233e+04 2.120034e+06 1.647260e+09
<GCONST> 8.953515e+01
<MIXTURE> 8 8.375468e-02
<MEAN> 6
 -6.298867e+01 1.612953e+02 -4.589804e+01 8.006410e+00 1.270241e+02 9.946074e+01
<VARIANCE> 6
 2.507795e+02 6.723479e+05 1.106811e+06 4.855158e+02 6.029884e+04 5.219723e+07
<GCONST> 7.885018e+01
<MIXTURE> 9 9.672838e-02
<MEAN> 6
 6.691378e+00 -1.335178e+02 1.255799e+02 -3.685158e+01 3.082835e+01 -1.652279e+03
<VARIANCE> 6
 5.263568e+02 5.479955e+05 2.934561e+05 7.240198e+04 2.519901e+05 1.679946e+08
<GCONST> 8.566331e+01
<MIXTURE> 10 5.821129e-02
<MEAN> 6
 -5.146900e+01 5.739907e+01 3.566914e+00 -1.188706e+02 1.536474e+03 -2.901339e+02
<VARIANCE> 6
 2.431613e+02 1.975079e+06 6.071699e+05 2.289626e+04 8.793739e+05 6.985947e+08
<GCONST> 8.842395e+01
<MIXTURE> 11 5.719034e-02
<MEAN> 6
 8.713898e+01 -1.376803e+01 5.982557e+02 -3.322937e+00 -2.789084e+01 -7.112844e+00
<VARIANCE> 6
 2.695508e+02 1.826376e+06 2.279922e+06 2.961554e+02 4.050157e+04 5.219723e+07
<GCONST> 7.975204e+01
<MIXTURE> 12 9.844264e-02
<MEAN> 6
 6.196141e+01 -1.226838e+02 -6.091376e+01 3.461365e+00 -6.998446e+02 1.208019e+03
<VARIANCE> 6
 4.443199e+02 1.062330e+06 1.159584e+06 4.195154e+04 2.130235e+05 5.903520e+07
<GCONST> 8.577043e+01
<MIXTURE> 13 8.403356e-02
<MEAN> 6
 7.789196e+01 6.588742e+01 5.839223e+01 -2.830152e+01 -6.126841e+02 -8.184054e+02
<VARIANCE> 6
 2.400944e+02 2.866334e+05 1.178306e+05 2.075139e+04 2.863242e+05 8.799016e+07
<GCONST> 8.154924e+01
<MIXTURE> 14 6.932020e-02
<MEAN> 6
 -5.859529e+01 -2.643719e+01 -1.249450e+01 3.744114e+01 7.560969e+02 7.036866e+02
<VARIANCE> 6
 1.608532e+02 2.416060e+05 1.092354e+06 8.953228e+03 1.312572e+05 6.518494e+07
<GCONST> 8.128409e+01
<MIXTURE> 15 5.768260e-02
<MEAN> 6
 8.248817e+01 -1.137506e+02 -1.104130e+02 -4.624092e+00 -1.811561e+01 -4.337752e+02
<VARIANCE> 6
 1.172393e+02 2.324107e+05 8.692546e+04 2.961554e+02 4.050157e+04 5.219723e+07
<GCONST> 7.359106e+01
<TRANSP> 13
 0.000000e+00 1.000000e+00 0.000000e+00 0.000000e+00 0.000000e+00 0.000000e+00 0.000000e+00 0.000000e+00 0.000000e+00 0.000000e+00 0.000000e+00 0.000000e+00 0.000000e+00
 0.000000e+00 9.998974e-01 1.026397e-04 0.000000e+00 0.000000e+00 0.000000e+00 0.000000e+00 0.000000e+00 0.000000e+00 0.000000e+00 0.000000e+00 0.000000e+00 0.000000e+00
 0.000000e+00 0.000000e+00 9.972041e-01 2.795826e-03 0.000000e+00 0.000000e+00 0.000000e+00 0.000000e+00 0.000000e+00 0.000000e+00 0.000000e+00 0.000000e+00 0.000000e+00
 0.000000e+00 0.000000e+00 0.000000e+00 9.980028e-01 1.997169e-03 0.000000e+00 0.000000e+00 0.000000e+00 0.000000e+00 0.000000e+00 0.000000e+00 0.000000e+00 0.000000e+00
 0.000000e+00 0.000000e+00 0.000000e+00 0.000000e+00 9.946578e-01 5.342154e-03 0.000000e+00 0.000000e+00 0.000000e+00 0.000000e+00 0.000000e+00 0.000000e+00 0.000000e+00
 0.000000e+00 0.000000e+00 0.000000e+00 0.000000e+00 0.000000e+00 9.975675e-01 2.432424e-03 0.000000e+00 0.000000e+00 0.000000e+00 0.000000e+00 0.000000e+00 0.000000e+00
 0.000000e+00 0.000000e+00 0.000000e+00 0.000000e+00 0.000000e+00 0.000000e+00 9.982961e-01 1.703862e-03 0.000000e+00 0.000000e+00 0.000000e+00 0.000000e+00 0.000000e+00
 0.000000e+00 0.000000e+00 0.000000e+00 0.000000e+00 0.000000e+00 0.000000e+00 0.000000e+00 9.980069e-01 1.993040e-03 0.000000e+00 0.000000e+00 0.000000e+00 0.000000e+00
 0.000000e+00 0.000000e+00 0.000000e+00 0.000000e+00 0.000000e+00 0.000000e+00 0.000000e+00 0.000000e+00 9.986002e-01 1.399773e-03 0.000000e+00 0.000000e+00 0.000000e+00
 0.000000e+00 0.000000e+00 0.000000e+00 0.000000e+00 0.000000e+00 0.000000e+00 0.000000e+00 0.000000e+00 0.000000e+00 9.980094e-01 1.990559e-03 0.000000e+00 0.000000e+00
 0.000000e+00 0.000000e+00 0.000000e+00 0.000000e+00 0.000000e+00 0.000000e+00 0.000000e+00 0.000000e+00 0.000000e+00 0.000000e+00 9.976918e-01 2.308148e-03 0.000000e+00
 0.000000e+00 0.000000e+00 0.000000e+00 0.000000e+00 0.000000e+00 0.000000e+00 0.000000e+00 0.000000e+00 0.000000e+00 0.000000e+00 0.000000e+00 9.999280e-01 7.197999e-05
 0.000000e+00 0.000000e+00 0.000000e+00 0.000000e+00 0.000000e+00 0.000000e+00 0.000000e+00 0.000000e+00 0.000000e+00 0.000000e+00 0.000000e+00 0.000000e+00 0.000000e+00
<ENDHMM>
