~o
<STREAMINFO> 1 6
<VECSIZE> 6<NULLD><USER><DIAGC>
~h "SegundoPRIMARIA"
<BEGINHMM>
<NUMSTATES> 15
<STATE> 2
<NUMMIXES> 12
<MIXTURE> 1 1.349301e-01
<MEAN> 6
 9.121530e+01 -3.733486e+02 4.371689e+02 -5.741082e+00 -2.177668e+01 -3.338842e+02
<VARIANCE> 6
 4.151406e+02 1.690652e+06 4.536171e+05 2.998339e+02 4.032245e+04 5.181961e+07
<GCONST> 7.849268e+01
<MIXTURE> 2 6.360427e-02
<MEAN> 6
 -8.189987e+00 -9.058127e+01 1.153924e+01 2.804200e+02 4.506451e+02 -7.208632e+03
<VARIANCE> 6
 4.640339e+02 7.147024e+05 3.528426e+05 5.703341e+03 3.831563e+05 8.603666e+07
<GCONST> 8.319592e+01
<MIXTURE> 3 6.116172e-02
<MEAN> 6
 3.998331e+01 9.135293e+01 -4.607284e+02 -5.988386e+01 -5.716992e+02 2.970223e+03
<VARIANCE> 6
 5.459711e+03 2.067376e+07 1.484525e+06 9.983044e+04 8.535554e+06 6.816299e+09
<GCONST> 1.008009e+02
<MIXTURE> 4 8.010194e-02
<MEAN> 6
 6.368144e+01 -7.799242e+01 7.710339e+01 6.407401e+01 -2.702226e+02 8.292159e+02
<VARIANCE> 6
 7.356367e+02 7.154808e+05 4.032190e+05 3.930608e+04 1.646198e+05 5.352475e+07
<GCONST> 8.440212e+01
<MIXTURE> 5 8.982584e-02
<MEAN> 6
 -3.357758e+01 -4.640792e+02 -1.250667e+01 -1.627939e+02 1.389189e+03 5.347880e+03
<VARIANCE> 6
 6.854518e+02 4.843181e+05 2.182767e+05 5.741797e+04 1.692536e+06 9.036184e+08
<GCONST> 8.886312e+01
<MIXTURE> 6 1.002245e-01
<MEAN> 6
 -5.731254e+01 -1.141438e+02 4.281345e+01 4.675785e+01 9.260938e+02 -9.339489e+02
<VARIANCE> 6
 1.900947e+02 6.861920e+05 5.371245e+05 1.545880e+04 3.251465e+05 1.917423e+08
<GCONST> 8.431731e+01
<MIXTURE> 7 4.535435e-02
<MEAN> 6
 9.037587e+01 -2.191865e+03 4.345679e+02 -5.153313e+00 -2.564601e+01 -2.187296e+02
<VARIANCE> 6
 2.375281e+02 4.288248e+07 1.071430e+06 2.998339e+02 4.032245e+04 5.181961e+07
<GCONST> 8.202721e+01
<MIXTURE> 8 8.908247e-02
<MEAN> 6
 9.897131e+01 -1.572112e+02 3.699237e+01 5.000507e+01 -7.987192e+02 -3.199604e+03
<VARIANCE> 6
 6.285150e+02 5.104191e+05 2.609517e+05 3.271551e+04 2.402742e+06 1.102426e+09
<GCONST> 8.899420e+01
<MIXTURE> 9 9.604897e-02
<MEAN> 6
 7.836914e+01 1.008464e+03 -2.909406e+02 5.735096e-01 -1.197367e+01 -3.069542e+02
<VARIANCE> 6
 3.669953e+01 1.490615e+06 4.278481e+05 2.998339e+02 4.032245e+04 5.181961e+07
<GCONST> 7.588242e+01
<MIXTURE> 10 7.333156e-02
<MEAN> 6
 -7.042368e+01 4.605831e+02 -1.130046e+02 1.148589e+01 1.802582e+02 3.967740e+02
<VARIANCE> 6
 1.807248e+02 2.568560e+06 5.422789e+05 1.100030e+03 1.130710e+05 7.016367e+07
<GCONST> 8.089184e+01
<MIXTURE> 11 8.902605e-02
<MEAN> 6
 6.300778e+01 -2.554033e+02 -5.052456e+01 -1.404890e+02 -1.001416e+03 2.795766e+03
<VARIANCE> 6
 1.006724e+03 3.792329e+05 5.554261e+05 5.484181e+04 4.328206e+05 2.459251e+08
<GCONST> 8.722594e+01
<MIXTURE> 12 7.719889e-02
<MEAN> 6
 5.602335e+01 -2.440421e+02 3.476388e+01 -1.434507e+01 -4.665799e+02 -1.249800e+03
<VARIANCE> 6
 1.005583e+03 6.169380e+05 4.188128e+05 5.203220e+04 1.795987e+05 5.181961e+07
<GCONST> 8.493967e+01
<STATE> 3
<NUMMIXES> 12
<MIXTURE> 1 1.734287e-03
<MEAN> 6
 7.424162e+01 4.010062e+01 3.421732e+01 7.869693e+00 -7.203271e+01 1.616501e+03
<VARIANCE> 6
 4.537410e+02 6.235067e+05 1.081306e+06 1.161301e+03 8.449566e+04 5.181961e+07
<GCONST> 8.054662e+01
<MIXTURE> 2 6.205230e-02
<MEAN> 6
 8.754006e+01 -1.153839e+02 -8.448953e+02 -3.251215e+00 5.375766e+00 -9.028997e+01
<VARIANCE> 6
 3.179780e+01 1.280424e+04 1.446404e+04 2.998339e+02 4.032245e+04 5.181961e+07
<GCONST> 6.759479e+01
<MIXTURE> 3 9.269437e-02
<MEAN> 6
 7.759275e+01 -2.827358e+02 -9.786630e+02 -3.071307e+00 1.967198e-01 -4.887889e+01
<VARIANCE> 6
 3.179780e+01 1.280424e+04 1.446404e+04 2.998339e+02 4.032245e+04 5.181961e+07
<GCONST> 6.759479e+01
<MIXTURE> 4 7.996541e-02
<MEAN> 6
 9.399035e+01 3.994559e+01 -4.563935e+02 -1.060596e+00 4.698291e+00 -1.963700e+02
<VARIANCE> 6
 3.179780e+01 1.280424e+04 1.446404e+04 2.998339e+02 4.032245e+04 5.181961e+07
<GCONST> 6.759479e+01
<MIXTURE> 5 1.108747e-01
<MEAN> 6
 9.463863e+01 -3.851475e+02 -5.487870e+02 -7.170538e-01 -6.534896e+00 1.672438e+01
<VARIANCE> 6
 3.179780e+01 1.364023e+04 1.446404e+04 2.998339e+02 4.032245e+04 5.181961e+07
<GCONST> 6.765804e+01
<MIXTURE> 6 7.926618e-02
<MEAN> 6
 7.790659e+01 -6.900867e+02 -6.444933e+02 -3.839425e+00 7.482015e+00 1.527330e+01
<VARIANCE> 6
 3.179780e+01 1.280424e+04 1.446404e+04 2.998339e+02 4.032245e+04 5.181961e+07
<GCONST> 6.759479e+01
<MIXTURE> 7 1.273405e-01
<MEAN> 6
 9.422905e+01 -3.329256e+02 -5.501105e+02 -1.227725e+00 1.041184e+00 1.092085e+02
<VARIANCE> 6
 3.179780e+01 1.280424e+04 1.446404e+04 2.998339e+02 4.032245e+04 5.181961e+07
<GCONST> 6.759479e+01
<MIXTURE> 8 8.891933e-02
<MEAN> 6
 9.306167e+01 -5.614074e+02 -5.348176e+02 1.703337e+00 -3.357932e+00 -1.349976e+02
<VARIANCE> 6
 3.179780e+01 1.280424e+04 1.446404e+04 2.998339e+02 4.032245e+04 5.181961e+07
<GCONST> 6.759479e+01
<MIXTURE> 9 9.355975e-02
<MEAN> 6
 7.759253e+01 -2.827325e+02 -9.786691e+02 -3.071067e+00 1.975537e-01 -4.888739e+01
<VARIANCE> 6
 3.179780e+01 1.280424e+04 1.446404e+04 2.998339e+02 4.032245e+04 5.181961e+07
<GCONST> 6.759479e+01
<MIXTURE> 10 8.709258e-02
<MEAN> 6
 9.269525e+01 -5.334982e+02 -1.920150e+01 -4.735162e+00 1.398828e-01 1.089064e+02
<VARIANCE> 6
 3.179780e+01 6.196050e+04 1.446404e+04 2.998339e+02 4.032245e+04 5.181961e+07
<GCONST> 6.917151e+01
<MIXTURE> 11 8.914860e-02
<MEAN> 6
 9.302517e+01 -5.632006e+02 -5.346016e+02 1.727412e+00 -3.057079e+00 -1.344702e+02
<VARIANCE> 6
 3.179780e+01 1.280424e+04 1.446404e+04 2.998339e+02 4.032245e+04 5.181961e+07
<GCONST> 6.759479e+01
<MIXTURE> 12 8.730719e-02
<MEAN> 6
 9.269111e+01 -5.724691e+02 -1.882799e+01 -4.112928e+00 -5.047452e+00 3.253801e+01
<VARIANCE> 6
 3.179780e+01 7.834484e+04 1.446404e+04 2.998339e+02 4.032245e+04 5.181961e+07
<GCONST> 6.940613e+01
<STATE> 4
<NUMMIXES> 12
<MIXTURE> 1 7.531689e-02
<MEAN> 6
 7.409062e+01 1.942927e+02 -2.140835e+02 -2.694081e+00 7.294934e+00 5.988420e+01
<VARIANCE> 6
 3.179780e+01 1.280424e+04 1.446404e+04 2.998339e+02 4.032245e+04 5.181961e+07
<GCONST> 6.759479e+01
<MIXTURE> 2 1.259238e-01
<MEAN> 6
 7.787374e+01 1.512866e+02 -6.742985e+02 -1.085724e-02 -1.081585e-01 -7.563114e+01
<VARIANCE> 6
 3.179780e+01 1.280424e+04 5.961133e+04 2.998339e+02 4.032245e+04 5.181961e+07
<GCONST> 6.901096e+01
<MIXTURE> 3 1.205496e-01
<MEAN> 6
 6.807514e+01 7.604735e+00 -9.054401e+02 -7.884542e-01 -4.328787e+00 -1.258181e+02
<VARIANCE> 6
 3.179780e+01 1.280424e+04 1.801847e+04 2.998339e+02 4.032245e+04 5.181961e+07
<GCONST> 6.781451e+01
<MIXTURE> 4 7.279161e-02
<MEAN> 6
 7.695181e+01 7.089015e+01 -3.393737e+02 -1.183640e+00 -1.953692e+00 -9.894904e+01
<VARIANCE> 6
 3.179780e+01 1.280424e+04 1.446404e+04 2.998339e+02 4.032245e+04 5.181961e+07
<GCONST> 6.759479e+01
<MIXTURE> 5 7.326974e-02
<MEAN> 6
 7.697810e+01 6.980470e+01 -3.400625e+02 -1.179491e+00 -2.035964e+00 -9.996216e+01
<VARIANCE> 6
 3.179780e+01 1.280424e+04 1.446404e+04 2.998339e+02 4.032245e+04 5.181961e+07
<GCONST> 6.759479e+01
<MIXTURE> 6 4.265256e-02
<MEAN> 6
 6.368297e+01 -1.919075e+02 -9.321938e+02 2.840595e+00 -1.552937e+01 -1.537540e+02
<VARIANCE> 6
 3.179780e+01 2.071420e+04 1.446404e+04 2.998339e+02 4.032245e+04 5.181961e+07
<GCONST> 6.807583e+01
<MIXTURE> 7 9.263673e-02
<MEAN> 6
 7.537784e+01 1.704920e+02 -1.366105e+03 1.390979e+00 1.364298e+01 1.271546e+01
<VARIANCE> 6
 3.179780e+01 1.280424e+04 1.446404e+04 2.998339e+02 4.032245e+04 5.181961e+07
<GCONST> 6.759479e+01
<MIXTURE> 8 1.220663e-01
<MEAN> 6
 7.697509e+01 6.989673e+01 -3.401697e+02 -1.179270e+00 -2.035202e+00 -9.995547e+01
<VARIANCE> 6
 3.179780e+01 1.280424e+04 1.446404e+04 2.998339e+02 4.032245e+04 5.181961e+07
<GCONST> 6.759479e+01
<MIXTURE> 9 6.416639e-02
<MEAN> 6
 6.814701e+01 5.110936e+00 -9.411367e+02 -1.006303e+00 -2.620099e+00 -8.713425e+01
<VARIANCE> 6
 3.179780e+01 1.280424e+04 1.609889e+04 2.998339e+02 4.032245e+04 5.181961e+07
<GCONST> 6.770187e+01
<MIXTURE> 10 7.369864e-02
<MEAN> 6
 7.702456e+01 6.809041e+01 -3.399660e+02 -1.177349e+00 -2.121401e+00 -1.009686e+02
<VARIANCE> 6
 3.179780e+01 1.280424e+04 1.446404e+04 2.998339e+02 4.032245e+04 5.181961e+07
<GCONST> 6.759479e+01
<MIXTURE> 11 7.277405e-02
<MEAN> 6
 7.703441e+01 6.763961e+01 -3.404823e+02 -1.175123e+00 -2.166059e+00 -1.015078e+02
<VARIANCE> 6
 3.179780e+01 1.280424e+04 1.446404e+04 2.998339e+02 4.032245e+04 5.181961e+07
<GCONST> 6.759479e+01
<MIXTURE> 12 6.413128e-02
<MEAN> 6
 6.740084e+01 -1.846077e+01 -9.695801e+02 -8.800219e-01 -2.781405e+00 -8.203274e+01
<VARIANCE> 6
 3.179780e+01 1.280424e+04 1.446404e+04 2.998339e+02 4.032245e+04 5.181961e+07
<GCONST> 6.759479e+01
<STATE> 5
<NUMMIXES> 12
<MIXTURE> 1 1.073772e-01
<MEAN> 6
 7.907076e+01 3.133065e+02 2.017107e+01 1.489722e+00 -1.436957e+01 1.241523e+02
<VARIANCE> 6
 3.179780e+01 1.280424e+04 1.446404e+04 2.998339e+02 4.032245e+04 5.181961e+07
<GCONST> 6.759479e+01
<MIXTURE> 2 1.178930e-01
<MEAN> 6
 7.336687e+01 2.603337e+01 1.115997e+02 6.344137e-02 -2.625390e+00 -8.410040e+01
<VARIANCE> 6
 3.179780e+01 1.280424e+04 1.446404e+04 2.998339e+02 4.032245e+04 5.181961e+07
<GCONST> 6.759479e+01
<MIXTURE> 3 6.563621e-02
<MEAN> 6
 6.978780e+01 -1.549607e+02 1.396581e+02 5.119953e-01 5.651163e+00 -8.301633e+01
<VARIANCE> 6
 3.179780e+01 1.280424e+04 1.446404e+04 2.998339e+02 4.032245e+04 5.181961e+07
<GCONST> 6.759479e+01
<MIXTURE> 4 1.072493e-01
<MEAN> 6
 7.414481e+01 -3.550399e+02 3.603203e+02 -2.118319e+00 1.121428e+00 -5.040982e+00
<VARIANCE> 6
 3.179780e+01 1.280424e+04 1.446404e+04 2.998339e+02 4.032245e+04 5.181961e+07
<GCONST> 6.759479e+01
<MIXTURE> 5 1.090738e-01
<MEAN> 6
 7.329061e+01 2.339036e+01 1.135452e+02 8.736736e-02 -2.384100e+00 -8.608099e+01
<VARIANCE> 6
 3.179780e+01 1.280424e+04 1.446404e+04 2.998339e+02 4.032245e+04 5.181961e+07
<GCONST> 6.759479e+01
<MIXTURE> 6 4.224408e-02
<MEAN> 6
 7.291819e+01 3.253541e+02 2.011719e+02 1.253522e+00 1.503779e+01 1.956752e+02
<VARIANCE> 6
 3.179780e+01 4.343363e+04 1.446404e+04 2.998339e+02 4.032245e+04 5.181961e+07
<GCONST> 6.881624e+01
<MIXTURE> 7 6.225577e-02
<MEAN> 6
 7.006425e+01 -1.491143e+02 1.443410e+02 5.715353e-01 5.476552e+00 -9.780326e+01
<VARIANCE> 6
 3.179780e+01 1.280424e+04 1.446404e+04 2.998339e+02 4.032245e+04 5.181961e+07
<GCONST> 6.759479e+01
<MIXTURE> 8 1.175093e-01
<MEAN> 6
 7.324593e+01 2.168277e+01 1.110555e+02 9.343313e-02 -2.203353e+00 -8.639267e+01
<VARIANCE> 6
 3.179780e+01 1.280424e+04 1.446404e+04 2.998339e+02 4.032245e+04 5.181961e+07
<GCONST> 6.759479e+01
<MIXTURE> 9 1.040458e-01
<MEAN> 6
 7.286597e+01 8.392604e+00 1.150841e+02 1.922940e-01 -1.004061e+00 -9.238058e+01
<VARIANCE> 6
 3.179780e+01 1.280424e+04 1.446404e+04 2.998339e+02 4.032245e+04 5.181961e+07
<GCONST> 6.759479e+01
<MIXTURE> 10 3.747607e-02
<MEAN> 6
 7.498086e+01 -3.593505e+02 1.025655e+02 -2.183889e-01 -1.140323e+01 -2.062217e+01
<VARIANCE> 6
 3.179780e+01 1.280424e+04 6.475361e+04 2.998339e+02 4.032245e+04 5.181961e+07
<GCONST> 6.909370e+01
<MIXTURE> 11 6.673673e-02
<MEAN> 6
 7.011669e+01 -1.785124e+02 1.225512e+02 3.595844e-01 4.828837e+00 -8.318358e+01
<VARIANCE> 6
 3.179780e+01 1.280424e+04 1.446404e+04 2.998339e+02 4.032245e+04 5.181961e+07
<GCONST> 6.759479e+01
<MIXTURE> 12 6.248517e-02
<MEAN> 6
 6.998517e+01 -1.862169e+02 1.161945e+02 2.770769e-01 4.521963e+00 -7.584100e+01
<VARIANCE> 6
 3.179780e+01 1.280424e+04 1.446404e+04 2.998339e+02 4.032245e+04 5.181961e+07
<GCONST> 6.759479e+01
<STATE> 6
<NUMMIXES> 12
<MIXTURE> 1 8.153254e-02
<MEAN> 6
 5.871817e+01 1.691266e+02 9.786038e+02 -9.519596e-02 -5.386067e+00 -9.473389e+01
<VARIANCE> 6
 3.179780e+01 1.280424e+04 1.446404e+04 2.998339e+02 4.032245e+04 5.181961e+07
<GCONST> 6.759479e+01
<MIXTURE> 2 7.956929e-02
<MEAN> 6
 7.081615e+01 4.144743e+02 -1.114805e+03 7.206124e+01 -2.161127e+02 -3.810742e+03
<VARIANCE> 6
 1.805785e+02 2.811041e+05 1.025154e+06 2.017054e+03 1.126464e+05 9.001295e+07
<GCONST> 8.016713e+01
<MIXTURE> 3 7.417740e-02
<MEAN> 6
 5.979663e+01 1.884922e+02 8.664185e+02 3.847827e-01 2.641799e+00 -1.004011e+01
<VARIANCE> 6
 3.179780e+01 1.280424e+04 1.730484e+04 2.998339e+02 4.032245e+04 5.181961e+07
<GCONST> 6.777411e+01
<MIXTURE> 4 9.703463e-02
<MEAN> 6
 6.080708e+01 1.939849e+02 7.388354e+02 2.340188e+00 2.624485e+01 3.189339e+01
<VARIANCE> 6
 3.179780e+01 1.280424e+04 1.446404e+04 2.998339e+02 4.032245e+04 5.181961e+07
<GCONST> 6.759479e+01
<MIXTURE> 5 8.108286e-02
<MEAN> 6
 5.868581e+01 1.686305e+02 9.815313e+02 -1.166620e-01 -5.965052e+00 -9.918996e+01
<VARIANCE> 6
 3.179780e+01 1.280424e+04 1.446404e+04 2.998339e+02 4.032245e+04 5.181961e+07
<GCONST> 6.759479e+01
<MIXTURE> 6 8.157692e-02
<MEAN> 6
 5.871922e+01 1.691563e+02 9.785036e+02 -9.476274e-02 -5.375590e+00 -9.463448e+01
<VARIANCE> 6
 3.179780e+01 1.280424e+04 1.446404e+04 2.998339e+02 4.032245e+04 5.181961e+07
<GCONST> 6.759479e+01
<MIXTURE> 7 8.126542e-02
<MEAN> 6
 5.871310e+01 1.689843e+02 9.790847e+02 -9.730168e-02 -5.437344e+00 -9.521622e+01
<VARIANCE> 6
 3.179780e+01 1.280424e+04 1.446404e+04 2.998339e+02 4.032245e+04 5.181961e+07
<GCONST> 6.759479e+01
<MIXTURE> 8 9.833022e-02
<MEAN> 6
 6.080898e+01 1.939602e+02 7.386087e+02 2.353737e+00 2.640583e+01 3.131775e+01
<VARIANCE> 6
 3.179780e+01 1.280424e+04 1.446404e+04 2.998339e+02 4.032245e+04 5.181961e+07
<GCONST> 6.759479e+01
<MIXTURE> 9 8.158538e-02
<MEAN> 6
 5.871986e+01 1.691743e+02 9.784432e+02 -9.450195e-02 -5.369251e+00 -9.457452e+01
<VARIANCE> 6
 3.179780e+01 1.280424e+04 1.446404e+04 2.998339e+02 4.032245e+04 5.181961e+07
<GCONST> 6.759479e+01
<MIXTURE> 10 8.152796e-02
<MEAN> 6
 5.872134e+01 1.692158e+02 9.783029e+02 -9.389762e-02 -5.354578e+00 -9.443516e+01
<VARIANCE> 6
 3.179780e+01 1.280424e+04 1.446404e+04 2.998339e+02 4.032245e+04 5.181961e+07
<GCONST> 6.759479e+01
<MIXTURE> 11 8.125065e-02
<MEAN> 6
 5.872837e+01 1.694116e+02 9.776356e+02 -9.100910e-02 -5.284339e+00 -9.377016e+01
<VARIANCE> 6
 3.179780e+01 1.280424e+04 1.446404e+04 2.998339e+02 4.032245e+04 5.181961e+07
<GCONST> 6.759479e+01
<MIXTURE> 12 8.106435e-02
<MEAN> 6
 5.876231e+01 1.699501e+02 9.745614e+02 -7.120740e-02 -4.755351e+00 -8.944952e+01
<VARIANCE> 6
 3.179780e+01 1.280424e+04 1.446404e+04 2.998339e+02 4.032245e+04 5.181961e+07
<GCONST> 6.759479e+01
<STATE> 7
<NUMMIXES> 12
<MIXTURE> 1 9.961507e-02
<MEAN> 6
 1.200854e+02 2.255178e+03 2.757086e+02 -5.206286e+00 -5.886592e+00 1.602921e+02
<VARIANCE> 6
 8.046516e+01 1.289342e+05 2.957253e+04 2.998339e+02 4.032245e+04 5.181961e+07
<GCONST> 7.154791e+01
<MIXTURE> 2 6.099238e-02
<MEAN> 6
 9.811900e+01 7.983361e+02 2.603131e+02 -4.513323e+00 -2.807157e+00 8.980381e+00
<VARIANCE> 6
 3.179780e+01 1.280424e+04 1.446404e+04 2.998339e+02 4.032245e+04 5.181961e+07
<GCONST> 6.759479e+01
<MIXTURE> 3 7.529123e-02
<MEAN> 6
 8.885294e+01 3.060665e+02 2.365712e+02 5.026553e-01 -4.423996e+00 -1.390457e+02
<VARIANCE> 6
 3.179780e+01 1.280424e+04 1.446404e+04 2.998339e+02 4.032245e+04 5.181961e+07
<GCONST> 6.759479e+01
<MIXTURE> 4 1.094281e-01
<MEAN> 6
 9.188665e+01 4.423060e+01 8.428249e+00 -8.794755e-02 3.615852e+00 -1.074242e+02
<VARIANCE> 6
 3.179780e+01 2.171926e+04 1.708213e+04 2.998339e+02 4.032245e+04 5.181961e+07
<GCONST> 6.828957e+01
<MIXTURE> 5 6.998044e-02
<MEAN> 6
 8.326926e+01 5.486866e+02 4.426769e+02 -3.140430e-01 1.156748e+00 -4.827890e+01
<VARIANCE> 6
 3.179780e+01 1.280424e+04 1.446404e+04 2.998339e+02 4.032245e+04 5.181961e+07
<GCONST> 6.759479e+01
<MIXTURE> 6 9.844522e-02
<MEAN> 6
 9.209744e+01 -7.242485e+01 5.926535e+01 -1.112238e-01 -1.565325e+00 -1.910151e+02
<VARIANCE> 6
 3.179780e+01 1.280424e+04 1.446404e+04 2.998339e+02 4.032245e+04 5.181961e+07
<GCONST> 6.759479e+01
<MIXTURE> 7 5.900702e-02
<MEAN> 6
 9.061865e+01 -6.256920e+00 -6.523569e+01 6.009856e-01 3.687556e+00 -1.670056e+02
<VARIANCE> 6
 3.179780e+01 1.875383e+04 1.446404e+04 2.998339e+02 4.032245e+04 5.181961e+07
<GCONST> 6.797641e+01
<MIXTURE> 8 8.827346e-02
<MEAN> 6
 9.280224e+01 8.032910e+01 1.028864e+02 -1.165353e+00 -1.187146e+01 -9.635900e+01
<VARIANCE> 6
 3.179780e+01 1.622296e+04 1.446404e+04 2.998339e+02 4.032245e+04 5.181961e+07
<GCONST> 6.783144e+01
<MIXTURE> 9 1.161170e-01
<MEAN> 6
 9.190650e+01 7.764193e+02 1.699035e+02 -2.534790e+00 1.914992e+00 -1.111335e+01
<VARIANCE> 6
 3.179780e+01 1.754772e+04 1.446404e+04 2.998339e+02 4.032245e+04 5.181961e+07
<GCONST> 6.790993e+01
<MIXTURE> 10 9.660531e-02
<MEAN> 6
 9.177204e+01 -1.051184e+02 2.515061e+01 2.102923e-01 -3.352984e+00 -1.991747e+02
<VARIANCE> 6
 3.179780e+01 1.280424e+04 1.446404e+04 2.998339e+02 4.032245e+04 5.181961e+07
<GCONST> 6.759479e+01
<MIXTURE> 11 6.886819e-02
<MEAN> 6
 8.349589e+01 5.423946e+02 4.419084e+02 -3.039952e-01 1.147224e+00 -4.928620e+01
<VARIANCE> 6
 3.179780e+01 1.280424e+04 1.446404e+04 2.998339e+02 4.032245e+04 5.181961e+07
<GCONST> 6.759479e+01
<MIXTURE> 12 5.736647e-02
<MEAN> 6
 8.873414e+01 -6.377916e+01 -1.036085e+02 1.041519e+00 -1.238828e+01 -3.951750e+02
<VARIANCE> 6
 3.179780e+01 1.969925e+04 1.446404e+04 2.998339e+02 4.032245e+04 5.181961e+07
<GCONST> 6.802559e+01
<STATE> 8
<NUMMIXES> 12
<MIXTURE> 1 8.714744e-02
<MEAN> 6
 6.583343e+01 9.667093e+02 -1.774157e+02 -8.838277e-01 2.909449e-01 -8.603991e+01
<VARIANCE> 6
 3.179780e+01 1.397449e+04 1.446404e+04 2.998339e+02 4.032245e+04 5.181961e+07
<GCONST> 6.768224e+01
<MIXTURE> 2 8.630383e-02
<MEAN> 6
 6.518507e+01 -6.711679e+01 -2.536969e+02 1.204906e+00 -2.446310e+00 -1.444733e+02
<VARIANCE> 6
 3.179780e+01 1.280424e+04 1.446404e+04 2.998339e+02 4.032245e+04 5.181961e+07
<GCONST> 6.759479e+01
<MIXTURE> 3 7.237440e-02
<MEAN> 6
 5.854445e+01 -4.167517e+02 -1.873435e+02 9.302569e-01 3.214357e+00 -5.408258e+01
<VARIANCE> 6
 3.179780e+01 1.280424e+04 4.142325e+04 2.998339e+02 4.032245e+04 5.181961e+07
<GCONST> 6.864696e+01
<MIXTURE> 4 7.005531e-02
<MEAN> 6
 5.719828e+01 4.474197e+02 -1.567938e+02 2.201886e-01 -1.012051e+01 -1.256556e+02
<VARIANCE> 6
 3.179780e+01 1.280424e+04 1.451189e+04 2.998339e+02 4.032245e+04 5.181961e+07
<GCONST> 6.759808e+01
<MIXTURE> 5 8.725576e-02
<MEAN> 6
 6.518282e+01 -6.709808e+01 -2.542065e+02 1.208362e+00 -2.391724e+00 -1.443213e+02
<VARIANCE> 6
 3.179780e+01 1.280424e+04 1.446404e+04 2.998339e+02 4.032245e+04 5.181961e+07
<GCONST> 6.759479e+01
<MIXTURE> 6 8.956338e-02
<MEAN> 6
 6.390171e+01 -5.058308e+02 -5.452017e+02 -1.092551e+00 3.975489e+00 -7.516142e+01
<VARIANCE> 6
 3.179780e+01 1.280424e+04 1.446404e+04 2.998339e+02 4.032245e+04 5.181961e+07
<GCONST> 6.759479e+01
<MIXTURE> 7 7.996867e-02
<MEAN> 6
 6.253592e+01 6.918325e+02 -6.057687e+02 -4.151692e-01 -1.272967e+00 1.129336e+01
<VARIANCE> 6
 3.179780e+01 7.245362e+04 1.446404e+04 2.998339e+02 4.032245e+04 5.181961e+07
<GCONST> 6.932796e+01
<MIXTURE> 8 8.694466e-02
<MEAN> 6
 6.517760e+01 -6.704672e+01 -2.553894e+02 1.216520e+00 -2.265135e+00 -1.439913e+02
<VARIANCE> 6
 3.179780e+01 1.280424e+04 1.446404e+04 2.998339e+02 4.032245e+04 5.181961e+07
<GCONST> 6.759479e+01
<MIXTURE> 9 8.594807e-02
<MEAN> 6
 6.517390e+01 -6.700969e+01 -2.562165e+02 1.222278e+00 -2.176508e+00 -1.437785e+02
<VARIANCE> 6
 3.179780e+01 1.280424e+04 1.446404e+04 2.998339e+02 4.032245e+04 5.181961e+07
<GCONST> 6.759479e+01
<MIXTURE> 10 8.899852e-02
<MEAN> 6
 6.586601e+01 8.379290e+02 -1.649628e+02 -1.276274e+00 -5.711978e+00 -2.058538e+02
<VARIANCE> 6
 3.179780e+01 2.602934e+04 1.446404e+04 2.998339e+02 4.032245e+04 5.181961e+07
<GCONST> 6.830423e+01
<MIXTURE> 11 9.287377e-02
<MEAN> 6
 5.868678e+01 -4.272637e+02 -2.205448e+02 6.270925e-01 -2.631947e+00 -5.474367e+01
<VARIANCE> 6
 3.179780e+01 1.280424e+04 1.446404e+04 2.998339e+02 4.032245e+04 5.181961e+07
<GCONST> 6.759479e+01
<MIXTURE> 12 7.251966e-02
<MEAN> 6
 5.508570e+01 4.113469e+02 -2.247625e+02 1.096324e+00 -9.254149e+00 -8.790849e+01
<VARIANCE> 6
 3.179780e+01 1.280424e+04 1.446404e+04 2.998339e+02 4.032245e+04 5.181961e+07
<GCONST> 6.759479e+01
<STATE> 9
<NUMMIXES> 12
<MIXTURE> 1 4.126830e-02
<MEAN> 6
 7.608056e+01 -1.048441e+03 2.389277e+03 -2.033093e+01 -8.258591e+01 -3.528110e+02
<VARIANCE> 6
 7.431190e+01 3.232952e+05 1.979231e+06 1.756248e+03 3.418808e+05 1.016590e+08
<GCONST> 8.117036e+01
<MIXTURE> 2 1.310745e-01
<MEAN> 6
 7.512505e+01 -1.080329e+03 3.980020e+02 2.171366e+00 3.007150e+01 -6.937025e+02
<VARIANCE> 6
 3.179780e+01 1.280424e+04 4.858498e+04 2.998339e+02 4.032245e+04 5.181961e+07
<GCONST> 6.880643e+01
<MIXTURE> 3 6.569325e-02
<MEAN> 6
 7.174152e+01 -5.956511e+02 2.057635e+03 3.091883e-01 -1.663057e+01 -4.920055e+02
<VARIANCE> 6
 3.179780e+01 1.280424e+04 1.446404e+04 2.998339e+02 4.032245e+04 5.181961e+07
<GCONST> 6.759479e+01
<MIXTURE> 4 1.302176e-01
<MEAN> 6
 6.301634e+01 -5.834081e+02 2.315222e+02 2.101010e+00 -3.474731e+00 -2.557271e+02
<VARIANCE> 6
 3.179780e+01 1.280424e+04 1.446404e+04 2.998339e+02 4.032245e+04 5.181961e+07
<GCONST> 6.759479e+01
<MIXTURE> 5 9.481931e-02
<MEAN> 6
 6.533904e+01 -5.191578e+02 1.473761e+03 -9.761379e-01 -6.765435e+00 -2.104816e+02
<VARIANCE> 6
 3.179780e+01 1.280424e+04 1.446404e+04 2.998339e+02 4.032245e+04 5.181961e+07
<GCONST> 6.759479e+01
<MIXTURE> 6 1.083253e-01
<MEAN> 6
 7.208595e+01 -8.956791e+02 -5.638225e+02 -4.302282e+00 -1.166875e+01 -2.279310e+02
<VARIANCE> 6
 3.179780e+01 1.280424e+04 1.446404e+04 2.998339e+02 4.032245e+04 5.181961e+07
<GCONST> 6.759479e+01
<MIXTURE> 7 9.105128e-02
<MEAN> 6
 7.279062e+01 -7.717783e+02 1.772605e+03 2.379423e+00 -6.561681e+00 -3.781538e+01
<VARIANCE> 6
 3.179780e+01 1.280424e+04 1.446404e+04 2.998339e+02 4.032245e+04 5.181961e+07
<GCONST> 6.759479e+01
<MIXTURE> 8 5.640455e-02
<MEAN> 6
 7.511744e+01 -9.695248e+02 -1.057871e+01 -1.298580e+00 -9.055446e+00 7.818699e+02
<VARIANCE> 6
 3.179780e+01 1.586130e+04 3.577886e+04 2.998339e+02 4.032245e+04 5.181961e+07
<GCONST> 6.871458e+01
<MIXTURE> 9 9.360265e-02
<MEAN> 6
 6.533904e+01 -5.191577e+02 1.473761e+03 -9.761415e-01 -6.765434e+00 -2.104821e+02
<VARIANCE> 6
 3.179780e+01 1.280424e+04 1.446404e+04 2.998339e+02 4.032245e+04 5.181961e+07
<GCONST> 6.759479e+01
<MIXTURE> 10 2.808096e-02
<MEAN> 6
 7.839514e+01 -1.120985e+03 1.912399e+03 -3.034597e+00 -2.683971e+01 -1.282493e+03
<VARIANCE> 6
 3.179780e+01 2.640461e+04 2.506875e+04 2.998339e+02 4.032245e+04 5.181961e+07
<GCONST> 6.886850e+01
<MIXTURE> 11 6.655966e-02
<MEAN> 6
 7.494962e+01 -9.932731e+02 -4.431739e+01 -1.149704e+00 6.836515e+00 6.778491e+02
<VARIANCE> 6
 3.179780e+01 1.341360e+04 2.534661e+04 2.998339e+02 4.032245e+04 5.181961e+07
<GCONST> 6.820226e+01
<MIXTURE> 12 9.289056e-02
<MEAN> 6
 7.255335e+01 -7.948981e+02 1.775184e+03 1.585283e+00 -1.505764e+00 -2.537774e+01
<VARIANCE> 6
 3.179780e+01 1.280424e+04 1.446404e+04 2.998339e+02 4.032245e+04 5.181961e+07
<GCONST> 6.759479e+01
<STATE> 10
<NUMMIXES> 12
<MIXTURE> 1 7.142518e-02
<MEAN> 6
 9.142361e+01 -1.688307e+01 6.263428e+02 -2.490906e+00 -2.588731e+00 -1.928764e+02
<VARIANCE> 6
 3.179780e+01 1.280424e+04 1.446404e+04 2.998339e+02 4.032245e+04 5.181961e+07
<GCONST> 6.759479e+01
<MIXTURE> 2 9.134927e-02
<MEAN> 6
 1.029843e+02 -7.485748e+02 1.960062e+02 -1.011170e+01 3.012419e-04 -1.633524e+02
<VARIANCE> 6
 9.534057e+01 1.816957e+05 6.628595e+04 2.998339e+02 4.032245e+04 5.181961e+07
<GCONST> 7.286771e+01
<MIXTURE> 3 7.744066e-02
<MEAN> 6
 9.736927e+01 -6.265695e+02 5.781539e+02 -8.376616e-01 1.359098e+00 -2.451081e+02
<VARIANCE> 6
 3.179780e+01 1.280424e+04 1.446404e+04 2.998339e+02 4.032245e+04 5.181961e+07
<GCONST> 6.759479e+01
<MIXTURE> 4 7.213342e-02
<MEAN> 6
 9.656506e+01 -1.799393e+03 -2.002742e+02 -5.284852e+00 -1.193506e+01 -4.509196e+02
<VARIANCE> 6
 3.179780e+01 1.649762e+05 1.446404e+04 2.998339e+02 4.032245e+04 5.181961e+07
<GCONST> 7.015081e+01
<MIXTURE> 5 7.908419e-02
<MEAN> 6
 8.273749e+01 -1.218405e+02 4.550187e+02 -2.561409e+00 4.613057e+00 -2.179105e+02
<VARIANCE> 6
 3.179780e+01 1.280424e+04 1.446404e+04 2.998339e+02 4.032245e+04 5.181961e+07
<GCONST> 6.759479e+01
<MIXTURE> 6 1.237865e-01
<MEAN> 6
 9.196605e+01 -5.848432e+02 2.983401e+02 -1.365354e+00 -3.466753e+00 1.979409e+01
<VARIANCE> 6
 3.179780e+01 1.458650e+04 1.446404e+04 2.998339e+02 4.032245e+04 5.181961e+07
<GCONST> 6.772511e+01
<MIXTURE> 7 1.009248e-01
<MEAN> 6
 1.035985e+02 -2.864913e+03 -2.759779e+02 -2.100051e+00 -2.817989e+00 -1.645349e+01
<VARIANCE> 6
 3.179780e+01 9.124803e+04 1.446404e+04 2.998339e+02 4.032245e+04 5.181961e+07
<GCONST> 6.955859e+01
<MIXTURE> 8 6.682096e-02
<MEAN> 6
 9.509479e+01 -3.705916e+02 7.125836e+02 -1.368847e+01 9.921927e+00 3.518254e+02
<VARIANCE> 6
 8.008984e+01 1.280424e+04 1.446404e+04 2.998339e+02 4.032245e+04 5.181961e+07
<GCONST> 6.851854e+01
<MIXTURE> 9 9.626987e-02
<MEAN> 6
 1.045811e+02 -1.691891e+03 6.030883e+02 -5.732670e+00 3.519130e+01 -1.537726e+02
<VARIANCE> 6
 3.179780e+01 4.844815e+04 1.487961e+04 2.998339e+02 4.032245e+04 5.181961e+07
<GCONST> 6.895383e+01
<MIXTURE> 10 7.192830e-02
<MEAN> 6
 8.637112e+01 -2.914972e+02 3.974685e+02 -1.063956e+00 9.219049e+00 -1.194197e+02
<VARIANCE> 6
 3.179780e+01 1.280424e+04 1.446404e+04 2.998339e+02 4.032245e+04 5.181961e+07
<GCONST> 6.759479e+01
<MIXTURE> 11 7.798213e-02
<MEAN> 6
 9.735194e+01 -6.268085e+02 5.758047e+02 -8.202791e-01 1.362222e+00 -2.380831e+02
<VARIANCE> 6
 3.179780e+01 1.280424e+04 1.446404e+04 2.998339e+02 4.032245e+04 5.181961e+07
<GCONST> 6.759479e+01
<MIXTURE> 12 7.084624e-02
<MEAN> 6
 9.134628e+01 -3.165447e+01 6.200938e+02 -2.460996e+00 -2.455492e+00 -2.067162e+02
<VARIANCE> 6
 3.179780e+01 1.280424e+04 1.446404e+04 2.998339e+02 4.032245e+04 5.181961e+07
<GCONST> 6.759479e+01
<STATE> 11
<NUMMIXES> 12
<MIXTURE> 1 3.650325e-02
<MEAN> 6
 3.374520e+01 -5.628535e+02 -5.811781e+02 4.555610e+01 5.398470e+01 -1.105303e+03
<VARIANCE> 6
 6.766645e+01 3.339398e+05 1.768597e+04 8.310959e+02 8.244189e+04 5.181961e+07
<GCONST> 7.354697e+01
<MIXTURE> 2 6.871843e-02
<MEAN> 6
 7.301168e+01 -9.763459e+01 -1.699647e+02 -5.856576e+01 -8.515794e+02 -7.618001e+03
<VARIANCE> 6
 1.138352e+02 5.315861e+04 9.711748e+04 1.780921e+03 1.522595e+05 7.794509e+07
<GCONST> 7.571647e+01
<MIXTURE> 3 1.272057e-01
<MEAN> 6
 6.597253e+01 -3.933121e+00 -8.047226e+01 -1.899225e+02 -2.187016e+03 -1.091531e+03
<VARIANCE> 6
 1.509976e+02 8.857081e+04 2.012382e+05 2.567753e+03 6.732151e+05 2.301165e+08
<GCONST> 8.017303e+01
<MIXTURE> 4 5.186410e-02
<MEAN> 6
 -2.334087e+01 4.943156e+02 1.968369e+03 -2.774250e+02 1.577654e+03 7.632778e+03
<VARIANCE> 6
 7.966718e+02 3.488939e+05 1.778527e+06 1.722281e+04 2.110808e+06 1.318655e+09
<GCONST> 9.017798e+01
<MIXTURE> 5 8.732563e-02
<MEAN> 6
 7.939079e+01 3.302546e+01 -9.400026e+01 -3.659133e+01 -1.559267e+03 -3.171990e+04
<VARIANCE> 6
 1.426126e+02 1.369777e+05 2.365414e+05 2.044439e+03 7.194320e+05 2.198359e+08
<GCONST> 8.050633e+01
<MIXTURE> 6 7.902259e-02
<MEAN> 6
 2.660188e+01 -1.999529e+01 7.161621e+01 -2.938438e+02 -2.844740e+02 8.831357e+03
<VARIANCE> 6
 2.491979e+02 6.877867e+04 1.379828e+05 3.955912e+03 5.620846e+05 1.780545e+08
<GCONST> 8.003902e+01
<MIXTURE> 7 1.009579e-01
<MEAN> 6
 -3.071299e+01 9.529477e+01 -4.894590e+01 -3.557110e+02 2.524239e+03 3.201884e+04
<VARIANCE> 6
 2.570471e+02 1.194946e+05 2.826924e+05 4.523312e+03 1.194201e+06 6.411370e+08
<GCONST> 8.350841e+01
<MIXTURE> 8 8.454327e-02
<MEAN> 6
 4.028904e+01 -2.671888e+02 9.461237e+02 -2.865203e+02 -1.208286e+03 1.090671e+03
<VARIANCE> 6
 2.105015e+02 1.445938e+05 1.797962e+06 8.452566e+03 1.143418e+05 7.513290e+07
<GCONST> 8.148454e+01
<MIXTURE> 9 8.596799e-02
<MEAN> 6
 5.297164e+01 1.105730e+02 -4.244052e+01 -3.333214e+02 -2.116806e+03 2.249265e+04
<VARIANCE> 6
 1.649574e+02 1.862393e+05 3.111858e+05 3.573765e+03 6.458752e+05 3.589228e+08
<GCONST> 8.217424e+01
<MIXTURE> 10 1.170677e-01
<MEAN> 6
 -3.834771e+00 5.204177e+01 1.498319e+02 -4.275724e+02 4.224944e+02 3.660281e+04
<VARIANCE> 6
 2.227808e+02 1.096505e+05 1.085027e+06 4.472433e+03 7.631713e+05 8.966230e+08
<GCONST> 8.450069e+01
<MIXTURE> 11 9.374802e-02
<MEAN> 6
 1.908863e+01 2.229779e+01 4.210936e+00 -4.172127e+02 -9.636808e+02 1.150834e+04
<VARIANCE> 6
 2.566069e+02 5.649307e+04 2.483877e+05 3.341931e+03 2.075828e+05 3.542404e+08
<GCONST> 7.998250e+01
<MIXTURE> 12 6.706185e-02
<MEAN> 6
 6.600719e+01 -1.151254e+02 -2.476966e+02 -8.614977e+01 -1.071390e+03 -9.345746e+03
<VARIANCE> 6
 1.067889e+02 6.408228e+04 1.273156e+05 1.773633e+03 3.024224e+05 8.296198e+07
<GCONST> 7.685472e+01
<STATE> 12
<NUMMIXES> 12
<MIXTURE> 1 7.559446e-02
<MEAN> 6
 1.020486e+02 1.626937e+03 1.752550e+02 -5.033676e+00 7.140644e-01 1.773597e+01
<VARIANCE> 6
 3.179780e+01 2.313469e+04 1.810415e+05 2.998339e+02 4.032245e+04 5.181961e+07
<GCONST> 7.071339e+01
<MIXTURE> 2 9.356660e-02
<MEAN> 6
 -4.875193e+01 -2.292674e+01 4.382404e+01 -1.461899e+02 2.362284e+03 -2.530430e+04
<VARIANCE> 6
 3.009349e+02 2.802839e+05 1.386671e+05 8.402443e+03 1.159090e+06 7.083980e+08
<GCONST> 8.449549e+01
<MIXTURE> 3 8.624543e-02
<MEAN> 6
 8.867998e+01 8.465642e+02 1.130978e+03 -4.929204e+00 1.111696e+00 5.017540e+01
<VARIANCE> 6
 3.179780e+01 4.914911e+04 1.446404e+04 2.998339e+02 4.032245e+04 5.181961e+07
<GCONST> 6.893987e+01
<MIXTURE> 4 6.352175e-02
<MEAN> 6
 6.971076e+01 1.094494e+03 7.179058e+02 5.606467e-01 5.866938e+00 -5.156146e+01
<VARIANCE> 6
 3.179780e+01 3.266086e+04 1.446404e+04 2.998339e+02 4.032245e+04 5.181961e+07
<GCONST> 6.853119e+01
<MIXTURE> 5 8.918045e-02
<MEAN> 6
 8.385735e+01 1.140951e+03 -9.630762e+02 -2.915755e+00 -2.210955e+00 2.274075e+01
<VARIANCE> 6
 5.553440e+01 2.482502e+04 1.446404e+04 2.998339e+02 4.032245e+04 5.181961e+07
<GCONST> 6.881447e+01
<MIXTURE> 6 1.332079e-01
<MEAN> 6
 7.399661e+01 3.864428e+02 7.574147e+02 -2.256100e+00 -8.247399e+00 -1.283639e+02
<VARIANCE> 6
 3.179780e+01 1.280424e+04 2.227397e+04 2.998339e+02 4.032245e+04 5.181961e+07
<GCONST> 6.802654e+01
<MIXTURE> 7 9.005473e-02
<MEAN> 6
 8.850942e+01 1.012659e+03 -2.208665e+03 4.103115e-01 -1.604003e+01 5.338906e+01
<VARIANCE> 6
 3.179780e+01 1.280424e+04 2.190535e+04 2.998339e+02 4.032245e+04 5.181961e+07
<GCONST> 6.800984e+01
<MIXTURE> 8 6.937416e-02
<MEAN> 6
 9.722816e+01 1.201758e+03 -1.416901e+01 -3.502508e+00 -6.134452e+00 1.449828e+02
<VARIANCE> 6
 3.179780e+01 7.214928e+04 1.215362e+05 2.998339e+02 4.032245e+04 5.181961e+07
<GCONST> 7.145229e+01
<MIXTURE> 9 8.364885e-02
<MEAN> 6
 -5.087075e+01 3.408608e+01 -1.175176e+02 -1.108686e+02 1.348994e+03 -9.382281e+03
<VARIANCE> 6
 2.568187e+02 3.222970e+04 4.090294e+05 4.803709e+03 2.931895e+05 2.224784e+08
<GCONST> 8.016388e+01
<MIXTURE> 10 7.528782e-02
<MEAN> 6
 8.462746e+01 1.174705e+03 -1.213848e+03 -2.531172e+00 1.341188e+00 -2.935972e+00
<VARIANCE> 6
 3.179780e+01 1.280424e+04 1.636675e+04 2.998339e+02 4.032245e+04 5.181961e+07
<GCONST> 6.771837e+01
<MIXTURE> 11 7.187869e-02
<MEAN> 6
 7.113806e+01 8.239018e+02 6.570100e+02 6.075078e-01 -4.746634e+00 -1.188807e+02
<VARIANCE> 6
 3.179780e+01 1.280424e+04 1.446404e+04 2.998339e+02 4.032245e+04 5.181961e+07
<GCONST> 6.759479e+01
<MIXTURE> 12 6.842809e-02
<MEAN> 6
 9.715622e+01 1.117338e+03 -1.151081e+02 -2.636210e+00 -1.380693e+01 2.628517e+02
<VARIANCE> 6
 3.179780e+01 8.571219e+04 1.248259e+05 2.998339e+02 4.032245e+04 5.181961e+07
<GCONST> 7.165126e+01
<STATE> 13
<NUMMIXES> 12
<MIXTURE> 1 5.435140e-02
<MEAN> 6
 6.799541e+01 3.012867e+02 1.090330e+03 -3.307401e+00 1.264875e+00 -5.967705e+00
<VARIANCE> 6
 3.179780e+01 1.498207e+04 5.847734e+05 2.998339e+02 4.032245e+04 5.181961e+07
<GCONST> 7.145142e+01
<MIXTURE> 2 1.217277e-01
<MEAN> 6
 7.725675e+01 -7.795844e+02 4.123166e+03 -2.632725e+00 1.100625e+01 -1.595482e+02
<VARIANCE> 6
 2.546183e+02 1.123015e+05 4.753348e+05 3.075339e+02 4.666726e+04 5.181961e+07
<GCONST> 7.551041e+01
<MIXTURE> 3 6.118369e-02
<MEAN> 6
 5.320228e+01 -4.340864e+02 2.709042e+03 -1.491551e-01 9.505348e-01 -3.024912e+00
<VARIANCE> 6
 3.179780e+01 1.280424e+04 1.446404e+04 2.998339e+02 4.032245e+04 5.181961e+07
<GCONST> 6.759479e+01
<MIXTURE> 4 6.510010e-02
<MEAN> 6
 7.683210e+01 4.274128e+02 -2.089097e+03 1.855161e+00 -6.080547e+00 -1.776877e+02
<VARIANCE> 6
 3.179780e+01 1.280424e+04 1.446404e+04 2.998339e+02 4.032245e+04 5.181961e+07
<GCONST> 6.759479e+01
<MIXTURE> 5 1.227685e-01
<MEAN> 6
 5.730707e+01 -1.267066e+03 -5.528675e+02 2.907279e+00 -3.284471e+00 -4.134906e+01
<VARIANCE> 6
 3.179780e+01 5.183346e+04 2.168337e+04 2.998339e+02 4.032245e+04 5.181961e+07
<GCONST> 6.939792e+01
<MIXTURE> 6 1.151697e-01
<MEAN> 6
 6.951588e+01 4.511057e+02 -1.956568e+02 -6.867315e-02 1.239133e+00 -5.600220e+00
<VARIANCE> 6
 3.179780e+01 1.280424e+04 1.446404e+04 2.998339e+02 4.032245e+04 5.181961e+07
<GCONST> 6.759479e+01
<MIXTURE> 7 9.009130e-02
<MEAN> 6
 6.305437e+01 2.049550e+02 -3.433335e+02 3.533856e+00 -1.307362e+00 -2.800028e+01
<VARIANCE> 6
 3.179780e+01 1.280424e+04 1.446404e+04 2.998339e+02 4.032245e+04 5.181961e+07
<GCONST> 6.759479e+01
<MIXTURE> 8 6.746019e-02
<MEAN> 6
 8.274059e+01 1.382891e+02 -2.265427e+03 -5.762740e-01 -1.872392e+01 -2.032263e+02
<VARIANCE> 6
 3.179780e+01 1.280424e+04 1.568864e+04 2.998339e+02 4.032245e+04 5.181961e+07
<GCONST> 6.767606e+01
<MIXTURE> 9 9.057131e-02
<MEAN> 6
 6.304785e+01 2.045802e+02 -3.433037e+02 3.550118e+00 -1.344945e+00 -2.835572e+01
<VARIANCE> 6
 3.179780e+01 1.280424e+04 1.446404e+04 2.998339e+02 4.032245e+04 5.181961e+07
<GCONST> 6.759479e+01
<MIXTURE> 10 7.640928e-02
<MEAN> 6
 5.351879e+01 -5.058309e+02 2.471506e+03 5.871127e-01 -1.437538e+01 -1.990260e+02
<VARIANCE> 6
 3.179780e+01 1.280424e+04 1.446404e+04 2.998339e+02 4.032245e+04 5.181961e+07
<GCONST> 6.759479e+01
<MIXTURE> 11 6.963297e-02
<MEAN> 6
 8.228969e+01 1.992242e+02 -2.351951e+03 3.707978e-01 -2.973709e+00 -3.530349e+01
<VARIANCE> 6
 3.179780e+01 1.280424e+04 1.446404e+04 2.998339e+02 4.032245e+04 5.181961e+07
<GCONST> 6.759479e+01
<MIXTURE> 12 6.553404e-02
<MEAN> 6
 7.566941e+01 4.365518e+02 -2.115774e+03 2.113757e+00 -2.075996e+00 -8.162728e+01
<VARIANCE> 6
 3.179780e+01 1.280424e+04 1.446404e+04 2.998339e+02 4.032245e+04 5.181961e+07
<GCONST> 6.759479e+01
<STATE> 14
<NUMMIXES> 12
<MIXTURE> 1 5.662736e-03
<MEAN> 6
 -2.097973e+00 -3.147948e+02 -1.180685e+01 4.329842e+01 -1.415202e+02 1.442572e+03
<VARIANCE> 6
 9.241796e+03 8.485492e+05 1.424742e+06 1.320594e+06 7.283756e+08 1.055293e+12
<GCONST> 1.101643e+02
<MIXTURE> 2 1.139588e-01
<MEAN> 6
 -3.385030e+01 8.095313e+01 3.800468e+01 9.890492e+01 8.024359e+02 -2.663561e+03
<VARIANCE> 6
 3.439348e+02 1.837428e+05 5.461867e+04 2.446591e+04 2.359666e+05 7.856723e+07
<GCONST> 8.055309e+01
<MIXTURE> 3 6.357289e-02
<MEAN> 6
 9.231689e+01 1.269053e+02 1.590576e+01 2.041427e+01 -1.127845e+03 6.375084e+02
<VARIANCE> 6
 9.215197e+02 9.850761e+05 2.372659e+05 4.230003e+04 2.792158e+06 1.900491e+09
<GCONST> 9.089095e+01
<MIXTURE> 4 4.843307e-02
<MEAN> 6
 9.273359e+01 1.164416e+02 -4.118682e+01 -1.391406e+00 -3.245871e+01 -2.829772e+02
<VARIANCE> 6
 6.295438e+02 4.192966e+05 2.220799e+06 2.998339e+02 4.032245e+04 5.181961e+07
<GCONST> 7.910313e+01
<MIXTURE> 5 9.062583e-02
<MEAN> 6
 8.612644e+00 -6.656224e+00 -5.321502e+01 -1.465385e+01 8.057816e+01 -1.726948e+02
<VARIANCE> 6
 3.944448e+03 2.939166e+05 2.529813e+06 5.364788e+04 1.022370e+06 2.812749e+08
<GCONST> 9.082471e+01
<MIXTURE> 6 8.856786e-02
<MEAN> 6
 3.409739e+01 1.081907e+02 2.306551e+01 2.213961e+02 -9.762123e+01 -2.677936e+03
<VARIANCE> 6
 8.054828e+02 2.027992e+05 1.220559e+05 9.460408e+03 1.394291e+05 5.181961e+07
<GCONST> 8.041437e+01
<MIXTURE> 7 1.074160e-01
<MEAN> 6
 -5.651987e+01 1.867832e+01 -3.067938e+01 8.640430e+00 3.120416e+02 4.703107e+02
<VARIANCE> 6
 2.554775e+02 1.531024e+05 2.295722e+05 1.960799e+03 1.133955e+05 5.181961e+07
<GCONST> 7.783626e+01
<MIXTURE> 8 8.923330e-02
<MEAN> 6
 8.860004e+01 6.539347e+01 1.076403e+02 -7.510385e-01 -6.555272e+02 7.897461e+01
<VARIANCE> 6
 3.371830e+02 1.052474e+05 1.055708e+05 2.059529e+04 3.050646e+05 1.280929e+08
<GCONST> 8.120846e+01
<MIXTURE> 9 1.454049e-01
<MEAN> 6
 9.339241e+01 -1.064473e+02 -9.250432e+01 -5.139342e+00 -3.579977e+01 -2.229804e+02
<VARIANCE> 6
 2.489989e+02 3.820450e+05 1.299694e+05 2.998339e+02 4.032245e+04 5.181961e+07
<GCONST> 7.524423e+01
<MIXTURE> 10 8.010364e-02
<MEAN> 6
 -3.597306e+01 4.181857e+01 2.164594e+01 -1.578345e+02 1.364661e+03 4.861162e+03
<VARIANCE> 6
 6.193973e+02 9.300375e+04 1.291276e+05 4.086670e+04 1.125461e+06 8.614305e+08
<GCONST> 8.579083e+01
<MIXTURE> 11 8.230050e-02
<MEAN> 6
 2.677594e+01 -7.519753e+00 6.300002e+01 -8.929700e+01 -1.648067e+02 2.226074e+03
<VARIANCE> 6
 6.601822e+02 9.076119e+04 1.586499e+05 5.994598e+04 2.362008e+05 9.283943e+07
<GCONST> 8.263024e+01
<MIXTURE> 12 8.366144e-02
<MEAN> 6
 7.707513e+01 -3.756666e+01 8.931513e+00 -7.528049e+01 -9.543163e+02 -1.318887e+03
<VARIANCE> 6
 4.548503e+02 1.002137e+05 9.019215e+04 3.349109e+04 3.315673e+05 1.228110e+08
<GCONST> 8.182877e+01
<TRANSP> 15
 0.000000e+00 1.000000e+00 0.000000e+00 0.000000e+00 0.000000e+00 0.000000e+00 0.000000e+00 0.000000e+00 0.000000e+00 0.000000e+00 0.000000e+00 0.000000e+00 0.000000e+00 0.000000e+00 0.000000e+00
 0.000000e+00 9.997375e-01 2.625091e-04 0.000000e+00 0.000000e+00 0.000000e+00 0.000000e+00 0.000000e+00 0.000000e+00 0.000000e+00 0.000000e+00 0.000000e+00 0.000000e+00 0.000000e+00 0.000000e+00
 0.000000e+00 0.000000e+00 9.971218e-01 2.878205e-03 0.000000e+00 0.000000e+00 0.000000e+00 0.000000e+00 0.000000e+00 0.000000e+00 0.000000e+00 0.000000e+00 0.000000e+00 0.000000e+00 0.000000e+00
 0.000000e+00 0.000000e+00 0.000000e+00 9.980956e-01 1.904363e-03 0.000000e+00 0.000000e+00 0.000000e+00 0.000000e+00 0.000000e+00 0.000000e+00 0.000000e+00 0.000000e+00 0.000000e+00 0.000000e+00
 0.000000e+00 0.000000e+00 0.000000e+00 0.000000e+00 9.984435e-01 1.556491e-03 0.000000e+00 0.000000e+00 0.000000e+00 0.000000e+00 0.000000e+00 0.000000e+00 0.000000e+00 0.000000e+00 0.000000e+00
 0.000000e+00 0.000000e+00 0.000000e+00 0.000000e+00 0.000000e+00 9.902300e-01 9.769995e-03 0.000000e+00 0.000000e+00 0.000000e+00 0.000000e+00 0.000000e+00 0.000000e+00 0.000000e+00 0.000000e+00
 0.000000e+00 0.000000e+00 0.000000e+00 0.000000e+00 0.000000e+00 0.000000e+00 9.979247e-01 2.075294e-03 0.000000e+00 0.000000e+00 0.000000e+00 0.000000e+00 0.000000e+00 0.000000e+00 0.000000e+00
 0.000000e+00 0.000000e+00 0.000000e+00 0.000000e+00 0.000000e+00 0.000000e+00 0.000000e+00 9.985528e-01 1.447213e-03 0.000000e+00 0.000000e+00 0.000000e+00 0.000000e+00 0.000000e+00 0.000000e+00
 0.000000e+00 0.000000e+00 0.000000e+00 0.000000e+00 0.000000e+00 0.000000e+00 0.000000e+00 0.000000e+00 9.954794e-01 4.520544e-03 0.000000e+00 0.000000e+00 0.000000e+00 0.000000e+00 0.000000e+00
 0.000000e+00 0.000000e+00 0.000000e+00 0.000000e+00 0.000000e+00 0.000000e+00 0.000000e+00 0.000000e+00 0.000000e+00 9.958472e-01 4.152848e-03 0.000000e+00 0.000000e+00 0.000000e+00 0.000000e+00
 0.000000e+00 0.000000e+00 0.000000e+00 0.000000e+00 0.000000e+00 0.000000e+00 0.000000e+00 0.000000e+00 0.000000e+00 0.000000e+00 9.965891e-01 3.410922e-03 0.000000e+00 0.000000e+00 0.000000e+00
 0.000000e+00 0.000000e+00 0.000000e+00 0.000000e+00 0.000000e+00 0.000000e+00 0.000000e+00 0.000000e+00 0.000000e+00 0.000000e+00 0.000000e+00 9.975296e-01 2.470365e-03 0.000000e+00 0.000000e+00
 0.000000e+00 0.000000e+00 0.000000e+00 0.000000e+00 0.000000e+00 0.000000e+00 0.000000e+00 0.000000e+00 0.000000e+00 0.000000e+00 0.000000e+00 0.000000e+00 9.976082e-01 2.391789e-03 0.000000e+00
 0.000000e+00 0.000000e+00 0.000000e+00 0.000000e+00 0.000000e+00 0.000000e+00 0.000000e+00 0.000000e+00 0.000000e+00 0.000000e+00 0.000000e+00 0.000000e+00 0.000000e+00 9.999466e-01 5.339913e-05
 0.000000e+00 0.000000e+00 0.000000e+00 0.000000e+00 0.000000e+00 0.000000e+00 0.000000e+00 0.000000e+00 0.000000e+00 0.000000e+00 0.000000e+00 0.000000e+00 0.000000e+00 0.000000e+00 0.000000e+00
<ENDHMM>
~h "SegundoESO"
<BEGINHMM>
<NUMSTATES> 15
<STATE> 2
<NUMMIXES> 12
<MIXTURE> 1 4.528036e-02
<MEAN> 6
 7.174734e+01 1.320495e+04 -1.200281e+03 -6.676301e-01 -2.884001e+00 -1.542996e+02
<VARIANCE> 6
 3.179780e+01 1.280424e+04 1.446404e+04 2.998339e+02 4.032245e+04 5.181961e+07
<GCONST> 6.759479e+01
<MIXTURE> 2 3.829827e-02
<MEAN> 6
 7.217311e+01 1.526765e+03 -2.403605e+03 4.592941e-02 -3.895063e+00 -1.572032e+02
<VARIANCE> 6
 3.179780e+01 1.280424e+04 1.671346e+05 2.998339e+02 4.032245e+04 5.181961e+07
<GCONST> 7.004192e+01
<MIXTURE> 3 1.316158e-01
<MEAN> 6
 5.698628e+01 4.887038e+02 -3.746216e+03 1.430227e+00 -8.999960e-01 -4.695388e+01
<VARIANCE> 6
 3.179780e+01 6.724858e+04 1.285780e+06 2.998339e+02 4.032245e+04 5.181961e+07
<GCONST> 7.374086e+01
<MIXTURE> 4 7.430154e-02
<MEAN> 6
 6.108568e+01 2.273687e+03 -2.154936e+02 2.308023e-01 -4.004263e+00 -1.481032e+02
<VARIANCE> 6
 3.179780e+01 1.716315e+05 1.446404e+04 2.998339e+02 4.032245e+04 5.181961e+07
<GCONST> 7.019035e+01
<MIXTURE> 5 2.321613e-02
<MEAN> 6
 7.024110e+01 2.621270e+03 -1.474308e+02 -3.284597e-01 -9.490528e+00 -6.029985e+00
<VARIANCE> 6
 3.179780e+01 1.346785e+06 6.736509e+05 2.998339e+02 4.032245e+04 5.181961e+07
<GCONST> 7.609153e+01
<MIXTURE> 6 1.256766e-01
<MEAN> 6
 7.487712e+01 1.727754e+02 -4.431425e+03 -4.767579e-01 -6.063357e+00 -5.979156e+01
<VARIANCE> 6
 3.179780e+01 1.420150e+05 5.099514e+06 2.998339e+02 4.032245e+04 5.181961e+07
<GCONST> 7.586617e+01
<MIXTURE> 7 8.165273e-02
<MEAN> 6
 6.176260e+01 -1.111784e+03 -5.160038e+02 -2.748170e-02 -3.753846e+00 -1.372627e+02
<VARIANCE> 6
 3.179780e+01 1.104657e+06 5.755080e+04 2.998339e+02 4.032245e+04 5.181961e+07
<GCONST> 7.343330e+01
<MIXTURE> 8 1.082120e-01
<MEAN> 6
 6.297467e+01 6.035619e+01 -1.728680e+03 6.434221e-01 -1.816806e+00 -1.766100e+02
<VARIANCE> 6
 3.179780e+01 5.107839e+04 5.744441e+04 2.998339e+02 4.032245e+04 5.181961e+07
<GCONST> 7.035752e+01
<MIXTURE> 9 7.094827e-02
<MEAN> 6
 7.413874e+01 -3.399926e+02 -8.297605e+03 -3.119144e-02 -2.156972e+00 -5.464621e+01
<VARIANCE> 6
 3.179780e+01 1.280424e+04 1.343071e+06 2.998339e+02 4.032245e+04 5.181961e+07
<GCONST> 7.212583e+01
<MIXTURE> 10 1.263316e-01
<MEAN> 6
 6.418306e+01 1.486853e+03 -1.229729e+03 -2.335031e-01 -4.233670e+00 -9.785397e+01
<VARIANCE> 6
 3.179780e+01 1.198784e+06 3.407854e+04 2.998339e+02 4.032245e+04 5.181961e+07
<GCONST> 7.299107e+01
<MIXTURE> 11 1.018245e-01
<MEAN> 6
 6.126301e+01 -1.320739e+02 -7.358197e+02 -4.091809e-01 6.801651e-01 -5.614007e+01
<VARIANCE> 6
 3.179780e+01 9.750534e+05 2.119627e+04 2.998339e+02 4.032245e+04 5.181961e+07
<GCONST> 7.230966e+01
<MIXTURE> 12 7.262152e-02
<MEAN> 6
 5.936971e+01 2.183383e+03 -2.959638e+02 5.013810e-01 -3.897343e+00 -1.790215e+02
<VARIANCE> 6
 3.179780e+01 1.775828e+05 1.446404e+04 2.998339e+02 4.032245e+04 5.181961e+07
<GCONST> 7.022444e+01
<STATE> 3
<NUMMIXES> 12
<MIXTURE> 1 5.401203e-02
<MEAN> 6
 7.578914e+01 1.641234e+02 1.342036e+03 -5.603753e-01 -2.754221e+00 -8.873730e+01
<VARIANCE> 6
 3.179780e+01 1.476024e+05 8.197126e+05 2.998339e+02 4.032245e+04 5.181961e+07
<GCONST> 7.407681e+01
<MIXTURE> 2 7.762566e-02
<MEAN> 6
 6.905714e+01 1.187317e+03 1.103691e+02 -9.212898e-01 -5.420192e+00 -1.873331e+02
<VARIANCE> 6
 3.179780e+01 2.695054e+04 1.446404e+04 2.998339e+02 4.032245e+04 5.181961e+07
<GCONST> 6.833901e+01
<MIXTURE> 3 6.738542e-02
<MEAN> 6
 5.746995e+01 1.309177e+02 3.884215e+02 4.337242e-01 3.849553e-01 -1.200948e+02
<VARIANCE> 6
 4.391069e+01 1.280424e+04 3.796341e+04 2.998339e+02 4.032245e+04 5.181961e+07
<GCONST> 6.888251e+01
<MIXTURE> 4 9.239952e-02
<MEAN> 6
 6.862820e+01 -3.914165e+02 5.113578e+02 -3.100796e-01 -4.291234e+00 -7.860343e+01
<VARIANCE> 6
 3.179780e+01 1.280424e+04 7.158941e+04 2.998339e+02 4.032245e+04 5.181961e+07
<GCONST> 6.919406e+01
<MIXTURE> 5 9.829224e-02
<MEAN> 6
 7.761280e+01 4.270469e+02 5.829193e+02 -6.071624e-01 -2.501229e+00 -5.455723e+01
<VARIANCE> 6
 3.202827e+01 4.413679e+04 5.244990e+04 2.998339e+02 4.032245e+04 5.181961e+07
<GCONST> 7.012772e+01
<MIXTURE> 6 7.153922e-02
<MEAN> 6
 6.817415e+01 5.020385e+02 -2.491765e+02 -9.066269e-03 -2.212563e+00 -1.287286e+02
<VARIANCE> 6
 3.179780e+01 2.857171e+04 1.446404e+04 2.998339e+02 4.032245e+04 5.181961e+07
<GCONST> 6.839743e+01
<MIXTURE> 7 6.796752e-02
<MEAN> 6
 7.570901e+01 2.960519e+02 -7.615682e+02 -3.648113e-01 -2.740054e+00 -9.548209e+01
<VARIANCE> 6
 3.179780e+01 3.530955e+04 1.446404e+04 2.998339e+02 4.032245e+04 5.181961e+07
<GCONST> 6.860916e+01
<MIXTURE> 8 1.242327e-01
<MEAN> 6
 6.173029e+01 -2.490141e+02 7.180235e+00 -4.065957e-01 -4.538405e+00 -8.531584e+01
<VARIANCE> 6
 3.179780e+01 4.479294e+04 5.735484e+04 2.998339e+02 4.032245e+04 5.181961e+07
<GCONST> 7.022465e+01
<MIXTURE> 9 1.003345e-01
<MEAN> 6
 7.301406e+01 4.116792e+02 2.010100e+02 -4.637999e-01 -3.994269e+00 -8.672292e+01
<VARIANCE> 6
 3.179780e+01 4.011833e+04 1.531562e+04 2.998339e+02 4.032245e+04 5.181961e+07
<GCONST> 6.879405e+01
<MIXTURE> 10 1.055254e-01
<MEAN> 6
 6.057103e+01 -3.509919e+02 -1.539075e+02 -2.480449e-01 -1.173244e+00 -7.243032e+01
<VARIANCE> 6
 3.179780e+01 2.449427e+04 6.788894e+04 2.998339e+02 4.032245e+04 5.181961e+07
<GCONST> 6.978966e+01
<MIXTURE> 11 6.802801e-02
<MEAN> 6
 7.329661e+01 8.174015e+00 -5.222853e+02 -6.920246e-01 -6.818085e+00 -1.447593e+02
<VARIANCE> 6
 3.179780e+01 3.663502e+04 2.660116e+04 2.998339e+02 4.032245e+04 5.181961e+07
<GCONST> 6.925529e+01
<MIXTURE> 12 7.255122e-02
<MEAN> 6
 6.822553e+01 4.358886e+02 -2.696493e+02 -2.046739e-01 -4.075519e+00 -1.530705e+02
<VARIANCE> 6
 3.179780e+01 3.742952e+04 1.446404e+04 2.998339e+02 4.032245e+04 5.181961e+07
<GCONST> 6.866747e+01
<STATE> 4
<NUMMIXES> 12
<MIXTURE> 1 4.562949e-02
<MEAN> 6
 7.668898e+01 -4.414769e+02 3.603251e+02 -7.961404e-02 -6.721259e+00 -1.186675e+02
<VARIANCE> 6
 3.179780e+01 1.834876e+04 3.292169e+04 2.998339e+02 4.032245e+04 5.181961e+07
<GCONST> 6.877704e+01
<MIXTURE> 2 1.014358e-01
<MEAN> 6
 8.261129e+01 -7.144618e+02 3.630540e+02 -3.666778e+00 -2.220977e+00 -9.474960e+01
<VARIANCE> 6
 3.179780e+01 6.289102e+04 5.220932e+05 2.998339e+02 4.032245e+04 5.181961e+07
<GCONST> 7.277260e+01
<MIXTURE> 3 7.583296e-02
<MEAN> 6
 8.290893e+01 -7.585486e+02 1.136837e+02 -2.255402e-01 -5.240891e+00 -7.691338e+01
<VARIANCE> 6
 3.179780e+01 1.280424e+04 1.446404e+04 2.998339e+02 4.032245e+04 5.181961e+07
<GCONST> 6.759479e+01
<MIXTURE> 4 7.002611e-02
<MEAN> 6
 7.243235e+01 -2.251448e+03 -2.286340e+02 3.528611e-01 -2.950261e-01 -1.055437e+02
<VARIANCE> 6
 3.179780e+01 2.888802e+04 6.108016e+04 2.998339e+02 4.032245e+04 5.181961e+07
<GCONST> 6.984895e+01
<MIXTURE> 5 7.493674e-02
<MEAN> 6
 7.402817e+01 -1.157770e+03 2.213614e+01 -3.885134e-01 4.537670e+00 -2.726773e+02
<VARIANCE> 6
 6.601371e+01 3.480879e+04 1.446404e+04 2.998339e+02 4.032245e+04 5.181961e+07
<GCONST> 6.932535e+01
<MIXTURE> 6 1.329569e-01
<MEAN> 6
 7.757059e+01 -4.583418e+02 -7.858165e+01 -4.472734e-01 -9.995693e+00 -1.595859e+02
<VARIANCE> 6
 3.179780e+01 1.359205e+04 1.446404e+04 2.998339e+02 4.032245e+04 5.181961e+07
<GCONST> 6.765450e+01
<MIXTURE> 7 7.421758e-02
<MEAN> 6
 8.193623e+01 -7.984513e+02 1.555774e+02 -2.243073e-01 -4.181641e+00 -9.630341e+01
<VARIANCE> 6
 3.179780e+01 1.280424e+04 1.446404e+04 2.998339e+02 4.032245e+04 5.181961e+07
<GCONST> 6.759479e+01
<MIXTURE> 8 9.929508e-02
<MEAN> 6
 8.959675e+01 -2.627801e+03 -2.077247e+02 -2.956499e+00 -9.654422e-01 -1.687769e+02
<VARIANCE> 6
 4.051174e+01 1.685065e+06 1.263965e+05 2.998339e+02 4.032245e+04 5.181961e+07
<GCONST> 7.488452e+01
<MIXTURE> 9 8.302364e-02
<MEAN> 6
 8.801289e+01 -1.633005e+03 4.353834e+02 5.614712e-01 -5.452411e+00 -2.166670e+02
<VARIANCE> 6
 3.179780e+01 1.280424e+04 2.077055e+04 2.998339e+02 4.032245e+04 5.181961e+07
<GCONST> 6.795665e+01
<MIXTURE> 10 9.486251e-02
<MEAN> 6
 7.520072e+01 -2.855107e+02 2.196663e+02 -2.719878e-02 -9.328275e+00 -2.296580e+02
<VARIANCE> 6
 3.179780e+01 1.609664e+04 1.446404e+04 2.998339e+02 4.032245e+04 5.181961e+07
<GCONST> 6.782362e+01
<MIXTURE> 11 7.250409e-02
<MEAN> 6
 8.172621e+01 -8.201663e+02 1.567681e+02 -1.794370e-01 -3.146073e+00 -9.475531e+01
<VARIANCE> 6
 3.179780e+01 1.280424e+04 1.446404e+04 2.998339e+02 4.032245e+04 5.181961e+07
<GCONST> 6.759479e+01
<MIXTURE> 12 7.524596e-02
<MEAN> 6
 8.255823e+01 -7.772964e+02 1.056472e+02 -2.232494e-01 -3.986309e+00 -5.654518e+01
<VARIANCE> 6
 3.179780e+01 1.280424e+04 1.446404e+04 2.998339e+02 4.032245e+04 5.181961e+07
<GCONST> 6.759479e+01
<STATE> 5
<NUMMIXES> 12
<MIXTURE> 1 7.747361e-02
<MEAN> 6
 8.691906e+01 1.850785e+02 -7.041691e+01 3.494041e+01 -1.202592e+03 -1.175500e+03
<VARIANCE> 6
 2.940027e+02 2.188880e+06 7.740956e+05 2.151702e+04 1.137550e+06 9.079610e+08
<GCONST> 8.941690e+01
<MIXTURE> 2 1.006578e-01
<MEAN> 6
 -4.525061e+01 3.764178e+02 1.842161e+02 -1.642663e+02 1.442453e+03 4.726581e+03
<VARIANCE> 6
 2.326441e+02 8.704744e+05 6.698501e+05 1.517550e+04 7.348286e+05 5.515624e+08
<GCONST> 8.683147e+01
<MIXTURE> 3 6.642743e-02
<MEAN> 6
 9.123840e+01 2.946935e+02 -3.654410e+01 -2.409661e+01 -3.970704e+02 -5.283914e+02
<VARIANCE> 6
 1.531783e+02 1.039066e+06 2.381006e+05 2.994591e+03 1.763540e+05 5.181961e+07
<GCONST> 8.014124e+01
<MIXTURE> 4 1.129630e-01
<MEAN> 6
 2.951933e-01 1.299526e+02 1.197282e+02 -2.597987e+02 7.015519e+01 4.404232e+03
<VARIANCE> 6
 4.417079e+02 6.519502e+05 2.179962e+05 4.223899e+03 1.817955e+05 1.432262e+08
<GCONST> 8.203696e+01
<MIXTURE> 5 7.678078e-02
<MEAN> 6
 -3.327290e+01 -1.805387e+00 6.655811e+01 2.118595e+02 9.898380e+02 -4.558229e+03
<VARIANCE> 6
 1.271309e+02 5.819178e+05 1.897707e+05 4.689130e+03 1.590260e+05 7.401383e+07
<GCONST> 7.984972e+01
<MIXTURE> 6 7.645434e-02
<MEAN> 6
 5.039263e+01 -5.523109e-01 -7.311182e-01 6.159767e+01 -4.882407e+02 4.585428e+01
<VARIANCE> 6
 2.171427e+02 4.846087e+05 2.320074e+05 3.992606e+04 9.023425e+04 5.181961e+07
<GCONST> 8.162167e+01
<MIXTURE> 7 5.684881e-02
<MEAN> 6
 2.708490e+01 -2.049470e+02 -2.879560e+02 -6.182428e+00 -3.767043e+02 1.422099e+02
<VARIANCE> 6
 6.682299e+02 3.298111e+06 2.329941e+06 7.367100e+04 3.119893e+05 1.555636e+08
<GCONST> 8.992276e+01
<MIXTURE> 8 7.540736e-02
<MEAN> 6
 -5.260249e+01 1.803283e+02 2.268184e+02 5.372251e+01 7.887810e+02 1.542713e+03
<VARIANCE> 6
 7.798515e+01 4.185498e+05 1.936701e+05 4.597812e+03 1.698120e+05 5.181961e+07
<GCONST> 7.874130e+01
<MIXTURE> 9 1.341346e-01
<MEAN> 6
 7.231212e+01 -1.042054e+02 1.830592e+02 -1.753836e+01 -7.498584e+02 -4.755493e+02
<VARIANCE> 6
 1.029628e+02 5.010393e+05 3.491725e+05 2.110611e+04 2.171579e+05 7.788929e+07
<GCONST> 8.196589e+01
<MIXTURE> 10 8.101883e-02
<MEAN> 6
 3.643616e+00 -1.363163e+01 1.830274e+01 2.400611e+02 4.452238e+01 -5.453752e+03
<VARIANCE> 6
 2.171805e+02 5.221663e+05 1.802923e+05 9.402345e+03 9.913244e+04 7.456355e+07
<GCONST> 8.045616e+01
<MIXTURE> 11 7.162679e-02
<MEAN> 6
 4.620926e+01 -7.254823e+01 6.553467e+01 -2.395557e+01 -6.594864e+02 1.117314e+03
<VARIANCE> 6
 1.866969e+02 1.087009e+06 1.710640e+05 5.373244e+04 1.611581e+05 6.293587e+07
<GCONST> 8.304502e+01
<MIXTURE> 12 6.997753e-02
<MEAN> 6
 -6.240886e+01 -1.220583e+02 1.319132e+02 1.477205e+01 5.527372e+02 -2.337246e+03
<VARIANCE> 6
 6.783559e+01 4.287387e+05 2.660724e+05 1.939531e+03 1.998840e+05 6.596779e+07
<GCONST> 7.848485e+01
<STATE> 6
<NUMMIXES> 12
<MIXTURE> 1 5.881374e-02
<MEAN> 6
 1.012922e+02 -2.968767e+03 1.291000e+04 -3.694823e-02 -2.846618e+01 2.371143e+02
<VARIANCE> 6
 3.179780e+01 5.573453e+05 1.691014e+06 2.998339e+02 4.032245e+04 5.181961e+07
<GCONST> 7.612961e+01
<MIXTURE> 2 7.154622e-02
<MEAN> 6
 5.308828e+01 -5.934896e+03 1.656649e+04 2.811933e+00 3.066468e+02 -4.754341e+02
<VARIANCE> 6
 1.507800e+03 1.258864e+07 6.330866e+07 1.052957e+04 6.959705e+05 7.937190e+07
<GCONST> 9.356216e+01
<MIXTURE> 3 6.896956e-02
<MEAN> 6
 9.649249e+01 -3.942860e+03 8.540277e+03 -4.875882e+00 1.776395e+00 7.233930e+00
<VARIANCE> 6
 3.179780e+01 1.280424e+04 1.933661e+06 2.998339e+02 4.032245e+04 5.181961e+07
<GCONST> 7.249029e+01
<MIXTURE> 4 8.175877e-02
<MEAN> 6
 8.895299e+01 -4.332845e+03 5.026406e+03 -1.336322e+00 -1.152961e+01 -1.597505e+02
<VARIANCE> 6
 3.179780e+01 1.280424e+04 1.144694e+06 2.998339e+02 4.032245e+04 5.181961e+07
<GCONST> 7.196600e+01
<MIXTURE> 5 6.403510e-02
<MEAN> 6
 7.476346e+01 -2.531214e+03 8.317674e+03 -8.653550e-01 1.356065e+00 -8.700988e+00
<VARIANCE> 6
 3.179780e+01 1.005915e+05 1.229500e+06 2.998339e+02 4.032245e+04 5.181961e+07
<GCONST> 7.409877e+01
<MIXTURE> 6 7.268510e-02
<MEAN> 6
 7.461292e+01 -1.681321e+03 5.124950e+03 -3.073986e-02 -1.269144e+01 -3.868923e+02
<VARIANCE> 6
 3.179780e+01 2.982429e+04 6.442221e+05 2.998339e+02 4.032245e+04 5.181961e+07
<GCONST> 7.223671e+01
<MIXTURE> 7 7.705301e-02
<MEAN> 6
 9.070053e+01 -4.481147e+03 2.491000e+03 -1.505719e+00 -2.197237e+01 -4.594662e+02
<VARIANCE> 6
 3.179780e+01 1.280424e+04 2.777393e+05 2.998339e+02 4.032245e+04 5.181961e+07
<GCONST> 7.054980e+01
<MIXTURE> 8 1.539794e-01
<MEAN> 6
 7.144311e+01 -2.159043e+03 2.817764e+03 -8.555886e-01 -1.919519e+01 -1.049946e+02
<VARIANCE> 6
 3.179780e+01 8.238092e+05 1.609293e+05 2.998339e+02 4.032245e+04 5.181961e+07
<GCONST> 7.416824e+01
<MIXTURE> 9 1.185416e-01
<MEAN> 6
 8.278397e+01 -4.831610e+03 1.141333e+04 -3.339205e-02 9.182584e-01 7.361118e+01
<VARIANCE> 6
 3.179780e+01 2.924036e+04 7.327228e+06 2.998339e+02 4.032245e+04 5.181961e+07
<GCONST> 7.464824e+01
<MIXTURE> 10 7.956875e-02
<MEAN> 6
 5.425333e+01 -2.505351e+02 1.865523e+03 -8.436051e+01 -6.871255e+02 3.235971e+03
<VARIANCE> 6
 5.198181e+02 9.378837e+06 5.100690e+06 2.711308e+04 3.720451e+05 1.298285e+08
<GCONST> 9.049586e+01
<MIXTURE> 11 7.977095e-02
<MEAN> 6
 8.772207e+01 -4.375822e+03 5.035641e+03 -1.363552e+00 -1.606561e+01 -2.022683e+02
<VARIANCE> 6
 3.179780e+01 1.280424e+04 1.424630e+06 2.998339e+02 4.032245e+04 5.181961e+07
<GCONST> 7.218478e+01
<MIXTURE> 12 7.326058e-02
<MEAN> 6
 4.459840e+01 -1.844020e+03 -3.787723e+02 -2.306354e+02 -1.120712e+03 4.439080e+03
<VARIANCE> 6
 3.958126e+02 1.558016e+07 1.116591e+07 9.273815e+03 3.618380e+05 2.401420e+08
<GCONST> 9.102873e+01
<STATE> 7
<NUMMIXES> 12
<MIXTURE> 1 8.210342e-02
<MEAN> 6
 7.874264e+01 -5.175756e+02 2.945722e+03 2.126182e+00 -3.658854e+00 -8.794873e+01
<VARIANCE> 6
 3.179780e+01 7.787004e+05 1.433184e+05 2.998339e+02 4.032245e+04 5.181961e+07
<GCONST> 7.399603e+01
<MIXTURE> 2 7.591498e-02
<MEAN> 6
 6.763525e+01 -4.143577e+03 3.424092e+03 -7.169378e-01 -6.663256e+00 -1.506370e+02
<VARIANCE> 6
 3.179780e+01 2.820373e+04 1.446404e+04 2.998339e+02 4.032245e+04 5.181961e+07
<GCONST> 6.838446e+01
<MIXTURE> 3 5.943016e-02
<MEAN> 6
 7.142214e+01 6.642778e+02 1.483767e+03 6.967986e-01 -1.292419e+01 -1.241652e+02
<VARIANCE> 6
 3.179780e+01 1.280424e+04 2.548604e+05 2.998339e+02 4.032245e+04 5.181961e+07
<GCONST> 7.046384e+01
<MIXTURE> 4 1.012599e-01
<MEAN> 6
 7.210619e+01 -6.158891e+02 1.862808e+03 -3.513824e+00 -4.333873e+00 -2.191492e+02
<VARIANCE> 6
 3.179780e+01 1.381381e+04 7.762670e+04 2.998339e+02 4.032245e+04 5.181961e+07
<GCONST> 6.935092e+01
<MIXTURE> 5 7.588668e-02
<MEAN> 6
 7.739246e+01 -2.562841e+02 2.657302e+01 -5.605979e+00 -1.419821e+01 -1.887388e+02
<VARIANCE> 6
 3.179780e+01 3.327346e+05 5.140994e+04 2.998339e+02 4.032245e+04 5.181961e+07
<GCONST> 7.212051e+01
<MIXTURE> 6 9.500924e-02
<MEAN> 6
 8.032795e+01 -4.144358e+03 1.259168e+02 -6.343279e+00 4.071428e+00 2.598549e+02
<VARIANCE> 6
 3.179780e+01 3.448402e+06 5.949036e+05 6.150709e+02 5.371992e+04 5.181961e+07
<GCONST> 7.791280e+01
<MIXTURE> 7 1.017179e-01
<MEAN> 6
 7.476327e+01 1.061458e+03 -7.538355e+02 3.017206e-01 -1.183480e+01 -1.337342e+01
<VARIANCE> 6
 3.179780e+01 9.724126e+04 1.446404e+04 2.998339e+02 4.032245e+04 5.181961e+07
<GCONST> 6.962221e+01
<MIXTURE> 8 8.240253e-02
<MEAN> 6
 7.767843e+01 -1.866799e+02 1.377013e+03 -1.939925e-01 -1.170623e+01 -1.778153e+02
<VARIANCE> 6
 3.370513e+01 1.383979e+06 2.025767e+05 2.998339e+02 4.032245e+04 5.181961e+07
<GCONST> 7.497543e+01
<MIXTURE> 9 1.014906e-01
<MEAN> 6
 7.276612e+01 4.802351e+02 -2.711200e+02 -8.431310e-01 -2.103019e+01 -1.105778e+02
<VARIANCE> 6
 3.179780e+01 5.853092e+04 2.918479e+05 2.998339e+02 4.032245e+04 5.181961e+07
<GCONST> 7.211913e+01
<MIXTURE> 10 8.047811e-02
<MEAN> 6
 6.667300e+01 -1.046140e+02 1.655984e+03 -8.872539e-01 1.179757e+00 -1.800715e+02
<VARIANCE> 6
 1.286849e+02 1.925042e+04 2.466709e+04 2.998339e+02 4.032245e+04 5.181961e+07
<GCONST> 6.993431e+01
<MIXTURE> 11 8.469655e-02
<MEAN> 6
 7.951697e+01 -1.079021e+03 -1.049260e+02 -3.262269e+00 -1.453134e+01 -1.059330e+02
<VARIANCE> 6
 3.179780e+01 5.438321e+05 5.058428e+04 2.998339e+02 4.032245e+04 5.181961e+07
<GCONST> 7.259563e+01
<MIXTURE> 12 5.958997e-02
<MEAN> 6
 7.135910e+01 6.670522e+02 1.372776e+03 4.728528e-01 -1.235880e+01 -1.300645e+02
<VARIANCE> 6
 3.179780e+01 1.280424e+04 2.674509e+05 2.998339e+02 4.032245e+04 5.181961e+07
<GCONST> 7.051205e+01
<STATE> 8
<NUMMIXES> 12
<MIXTURE> 1 5.084991e-02
<MEAN> 6
 2.893428e+01 2.941172e+03 -2.873706e+03 3.451440e+01 -3.793786e+01 -1.169691e+02
<VARIANCE> 6
 1.471781e+03 1.585609e+06 2.539814e+06 2.235482e+04 8.697372e+04 5.181961e+07
<GCONST> 8.649701e+01
<MIXTURE> 2 1.090667e-01
<MEAN> 6
 -4.404823e+01 3.785540e+02 1.011234e+03 -4.388973e+01 1.039874e+03 7.731502e+02
<VARIANCE> 6
 3.434090e+02 1.659896e+06 5.809774e+06 3.417145e+04 3.873739e+05 2.278288e+08
<GCONST> 8.931390e+01
<MIXTURE> 3 9.425612e-02
<MEAN> 6
 7.959547e+01 -1.607872e+02 3.272902e+02 -4.800073e+00 -7.354837e+01 -4.815183e+02
<VARIANCE> 6
 4.851970e+01 1.722895e+05 9.114604e+05 3.012081e+02 4.032245e+04 5.181961e+07
<GCONST> 7.476471e+01
<MIXTURE> 4 4.619880e-02
<MEAN> 6
 5.446218e+01 2.246941e+02 1.163233e+03 -5.370665e-01 -7.485174e+02 1.392101e+03
<VARIANCE> 6
 1.239241e+03 5.957163e+06 7.272870e+06 5.972405e+04 7.726235e+05 4.403701e+08
<GCONST> 9.400745e+01
<MIXTURE> 5 1.212626e-01
<MEAN> 6
 8.587710e+01 -3.135041e+02 5.028762e+02 1.359258e+01 -3.865781e+02 -1.520357e+02
<VARIANCE> 6
 1.982600e+02 1.515707e+06 4.922142e+06 5.810035e+03 1.345110e+05 5.181961e+07
<GCONST> 8.419751e+01
<MIXTURE> 6 1.038808e-01
<MEAN> 6
 -5.991027e+01 1.324940e+02 2.235210e+02 7.348152e+00 1.269764e+02 -8.607862e+01
<VARIANCE> 6
 8.888657e+01 5.760057e+05 2.951508e+06 4.759752e+02 4.032245e+04 5.181961e+07
<GCONST> 7.820963e+01
<MIXTURE> 7 9.521525e-02
<MEAN> 6
 5.626114e+01 -5.739642e+01 -2.517170e+02 6.224909e+01 -3.833781e+02 -2.884083e+02
<VARIANCE> 6
 2.182555e+02 5.868542e+05 9.353931e+05 1.864800e+04 5.997966e+04 5.181961e+07
<GCONST> 8.204272e+01
<MIXTURE> 8 8.676063e-02
<MEAN> 6
 -4.746636e+01 5.864619e+01 7.157870e+01 4.517926e+01 6.289666e+02 -9.447060e+01
<VARIANCE> 6
 1.729352e+02 3.156419e+05 1.019322e+06 9.987128e+03 8.649315e+04 5.181961e+07
<GCONST> 8.101735e+01
<MIXTURE> 9 6.632693e-02
<MEAN> 6
 1.313506e+01 1.043003e+02 1.231215e+02 -5.145362e+01 1.108805e+01 1.034167e+03
<VARIANCE> 6
 3.782706e+02 6.862033e+05 3.560747e+06 4.611836e+04 8.375348e+04 5.333831e+07
<GCONST> 8.535405e+01
<MIXTURE> 10 9.207175e-02
<MEAN> 6
 -1.932660e+01 1.835842e+02 -2.588801e+02 1.411802e+01 2.503753e+02 -6.932849e+02
<VARIANCE> 6
 2.328162e+02 5.672195e+05 3.179105e+05 2.350553e+04 9.152962e+04 5.181961e+07
<GCONST> 8.164822e+01
<MIXTURE> 11 6.805002e-02
<MEAN> 6
 6.269831e+01 1.147775e+02 2.552556e+02 -1.391843e+02 -8.033614e+02 9.830696e+02
<VARIANCE> 6
 2.536996e+02 2.550595e+05 2.378048e+06 1.305185e+04 1.637303e+05 5.215751e+07
<GCONST> 8.294690e+01
<MIXTURE> 12 6.578366e-02
<MEAN> 6
 9.237238e+00 -2.440424e+02 -3.360640e+02 -1.314439e+01 -2.475927e+01 -6.688635e+02
<VARIANCE> 6
 3.735713e+02 8.413915e+05 2.598786e+06 4.469398e+04 8.984948e+04 5.181961e+07
<GCONST> 8.524051e+01
<STATE> 9
<NUMMIXES> 12
<MIXTURE> 1 5.788583e-02
<MEAN> 6
 5.011282e+01 4.875305e+02 -5.101006e+02 2.028112e+02 -3.131634e+02 -1.275001e+03
<VARIANCE> 6
 5.375399e+02 3.969019e+05 8.946908e+06 8.889951e+02 5.643207e+04 5.181961e+07
<GCONST> 8.170670e+01
<MIXTURE> 2 7.211862e-02
<MEAN> 6
 8.570937e+01 1.025833e+02 -2.008316e+02 8.093298e+01 -6.152829e+02 7.864263e+02
<VARIANCE> 6
 2.058811e+02 1.952688e+06 5.270568e+06 2.547683e+03 1.121001e+05 5.815907e+07
<GCONST> 8.366571e+01
<MIXTURE> 3 6.378383e-02
<MEAN> 6
 5.475458e+01 5.161656e+02 9.952696e+01 9.529178e+01 -1.875075e+02 4.022643e+02
<VARIANCE> 6
 1.982261e+02 1.525033e+05 4.767614e+05 9.990310e+02 5.775391e+04 5.181961e+07
<GCONST> 7.696040e+01
<MIXTURE> 4 9.995542e-02
<MEAN> 6
 1.018105e+01 2.129219e+02 -7.313600e+01 1.917125e+02 -2.718818e+01 -5.715368e+02
<VARIANCE> 6
 2.407561e+02 3.881709e+05 1.823443e+05 1.809801e+03 7.340788e+04 5.181961e+07
<GCONST> 7.796194e+01
<MIXTURE> 5 8.837602e-02
<MEAN> 6
 8.479797e+01 7.075646e+01 7.479252e+01 6.723621e+01 -8.098500e+02 2.334016e+03
<VARIANCE> 6
 1.838825e+02 1.026550e+06 8.849401e+05 9.741711e+03 1.176431e+06 7.497750e+08
<GCONST> 8.737401e+01
<MIXTURE> 6 8.478167e-02
<MEAN> 6
 1.031113e+01 -8.614069e+02 -9.285186e+02 7.855902e+01 4.294037e+01 -1.167296e+02
<VARIANCE> 6
 1.065808e+03 4.394783e+05 9.474105e+04 8.811407e+02 4.032245e+04 5.181961e+07
<GCONST> 7.760016e+01
<MIXTURE> 7 1.346603e-01
<MEAN> 6
 5.061610e+01 1.013710e+02 -2.820488e+02 1.943428e+02 -4.831111e+02 -1.617818e+03
<VARIANCE> 6
 2.541012e+02 4.071992e+05 2.499159e+05 1.929708e+03 4.032245e+04 5.181961e+07
<GCONST> 7.784399e+01
<MIXTURE> 8 9.796657e-02
<MEAN> 6
 -2.362791e+01 2.397002e+01 -2.735887e+02 2.066865e+02 6.480262e+02 -5.869388e+03
<VARIANCE> 6
 8.338633e+01 3.582528e+05 2.310918e+05 2.363800e+03 7.452898e+04 5.181961e+07
<GCONST> 7.734056e+01
<MIXTURE> 9 6.104481e-02
<MEAN> 6
 3.626097e+01 -6.262628e+02 -9.639882e+01 2.699909e+02 -4.367482e+02 -4.565859e+03
<VARIANCE> 6
 3.163226e+02 1.660653e+06 9.259259e+06 2.757376e+03 1.193888e+05 5.181961e+07
<GCONST> 8.452333e+01
<MIXTURE> 10 8.777534e-02
<MEAN> 6
 8.079850e+00 -1.846962e+02 -3.149615e+02 2.525297e+02 2.907729e+01 -5.011031e+03
<VARIANCE> 6
 1.973612e+02 3.543651e+05 5.126948e+05 2.183224e+03 6.466547e+04 5.181961e+07
<GCONST> 7.876663e+01
<MIXTURE> 11 8.309643e-02
<MEAN> 6
 6.775136e+01 -1.522197e+02 -1.026813e+02 1.001477e+02 -5.353217e+02 -2.440603e+01
<VARIANCE> 6
 1.026863e+02 5.675938e+05 2.707302e+05 1.755490e+03 1.828624e+05 5.181961e+07
<GCONST> 7.876726e+01
<MIXTURE> 12 6.852909e-02
<MEAN> 6
 8.991808e+01 -2.237403e+02 -7.986537e+02 7.682136e+01 -7.851805e+02 8.030836e+01
<VARIANCE> 6
 2.825808e+02 2.727742e+06 5.845737e+06 2.656508e+03 1.891894e+05 9.499942e+07
<GCONST> 8.547609e+01
<STATE> 10
<NUMMIXES> 12
<MIXTURE> 1 7.817713e-02
<MEAN> 6
 1.116710e+02 1.434620e+03 -7.527837e+02 -7.783127e+00 -1.662255e+01 8.760099e+02
<VARIANCE> 6
 3.179780e+01 1.745743e+05 8.140007e+04 2.998339e+02 4.032245e+04 5.181961e+07
<GCONST> 7.193507e+01
<MIXTURE> 2 1.333670e-01
<MEAN> 6
 9.632635e+01 -8.924877e+02 -7.837571e+03 -5.567704e+00 5.164810e+00 1.131360e+02
<VARIANCE> 6
 1.639331e+02 7.120962e+04 4.429712e+06 2.998339e+02 4.032245e+04 5.181961e+07
<GCONST> 7.667513e+01
<MIXTURE> 3 9.397317e-02
<MEAN> 6
 9.029926e+01 4.021564e+02 1.930804e+03 -3.957031e+00 -8.822533e+00 4.542177e+02
<VARIANCE> 6
 3.179780e+01 2.945655e+05 1.774940e+05 2.998339e+02 4.032245e+04 5.181961e+07
<GCONST> 7.323778e+01
<MIXTURE> 4 5.377854e-02
<MEAN> 6
 9.027317e+01 4.246409e+02 -3.423266e+03 -2.497011e+00 5.890904e+00 -1.141208e+01
<VARIANCE> 6
 3.179780e+01 1.850980e+04 2.507784e+05 2.998339e+02 4.032245e+04 5.181961e+07
<GCONST> 7.081621e+01
<MIXTURE> 5 9.267046e-02
<MEAN> 6
 1.031956e+02 3.958506e+02 -4.683146e+02 -6.160399e+00 7.217627e+00 -3.240545e+01
<VARIANCE> 6
 4.800329e+01 6.537562e+04 2.623852e+04 2.998339e+02 4.032245e+04 5.181961e+07
<GCONST> 7.023259e+01
<MIXTURE> 6 1.244180e-01
<MEAN> 6
 9.372527e+01 4.262451e+02 1.552712e+02 -4.011699e+00 -1.912483e+01 2.357164e+02
<VARIANCE> 6
 3.179780e+01 4.433720e+05 6.524230e+04 2.998339e+02 4.032245e+04 5.181961e+07
<GCONST> 7.264586e+01
<MIXTURE> 7 3.217728e-02
<MEAN> 6
 9.463016e+01 3.020734e+02 -1.721078e+03 -5.115795e+00 3.742047e+00 3.065758e+02
<VARIANCE> 6
 3.179780e+01 1.280424e+04 4.214902e+05 2.998339e+02 4.032245e+04 5.181961e+07
<GCONST> 7.096692e+01
<MIXTURE> 8 1.042515e-01
<MEAN> 6
 9.491740e+01 -1.992733e+02 2.377940e+01 -4.132777e+00 9.347222e-01 2.247640e+01
<VARIANCE> 6
 3.179780e+01 1.722708e+04 1.446404e+04 2.998339e+02 4.032245e+04 5.181961e+07
<GCONST> 6.789149e+01
<MIXTURE> 9 7.023071e-02
<MEAN> 6
 9.275615e+01 2.752324e+02 -3.152926e+02 -3.990903e+00 7.570449e-01 3.526174e+01
<VARIANCE> 6
 3.179780e+01 1.280424e+04 2.408415e+04 2.998339e+02 4.032245e+04 5.181961e+07
<GCONST> 6.810468e+01
<MIXTURE> 10 8.314197e-02
<MEAN> 6
 1.017481e+02 1.959605e+03 -2.309853e+03 -5.821165e+00 -8.036877e+00 2.451095e+02
<VARIANCE> 6
 3.682446e+01 5.914973e+04 5.457326e+05 2.998339e+02 4.032245e+04 5.181961e+07
<GCONST> 7.290231e+01
<MIXTURE> 11 6.502105e-02
<MEAN> 6
 8.715864e+01 -5.733759e+02 2.521451e+03 -5.407887e+00 -3.207997e+00 3.294674e+02
<VARIANCE> 6
 3.179780e+01 2.690248e+05 6.853881e+05 2.998339e+02 4.032245e+04 5.181961e+07
<GCONST> 7.449813e+01
<MIXTURE> 12 6.876601e-02
<MEAN> 6
 9.216990e+01 2.249837e+02 -3.964659e+02 -4.074993e+00 2.724035e-01 6.178615e+01
<VARIANCE> 6
 3.179780e+01 1.280424e+04 2.142030e+04 2.998339e+02 4.032245e+04 5.181961e+07
<GCONST> 6.798746e+01
<STATE> 11
<NUMMIXES> 12
<MIXTURE> 1 7.921996e-02
<MEAN> 6
 7.582462e+01 4.584561e+02 5.765452e+02 -4.164607e+00 -5.491315e+00 6.966819e+01
<VARIANCE> 6
 3.179780e+01 5.124338e+04 2.152126e+04 2.998339e+02 4.032245e+04 5.181961e+07
<GCONST> 6.937897e+01
<MIXTURE> 2 1.218946e-01
<MEAN> 6
 7.114536e+01 2.732463e+02 -8.369670e+02 -2.770036e+00 -1.224161e-01 1.412101e+02
<VARIANCE> 6
 3.179780e+01 4.483609e+05 7.809318e+06 2.998339e+02 4.032245e+04 5.181961e+07
<GCONST> 7.744202e+01
<MIXTURE> 3 3.353123e-02
<MEAN> 6
 7.929602e+01 2.247262e+03 -1.164396e+03 -1.259704e+00 7.668786e-01 -1.279105e+00
<VARIANCE> 6
 3.179780e+01 1.234595e+05 1.446404e+04 2.998339e+02 4.032245e+04 5.181961e+07
<GCONST> 6.986092e+01
<MIXTURE> 4 4.997339e-02
<MEAN> 6
 8.001917e+01 -7.797818e+02 5.426352e+02 -4.816434e+00 -8.714477e+00 2.288941e+02
<VARIANCE> 6
 3.179780e+01 3.335674e+04 1.114141e+05 2.998339e+02 4.032245e+04 5.181961e+07
<GCONST> 7.059386e+01
<MIXTURE> 5 1.211407e-01
<MEAN> 6
 8.197264e+01 -5.965414e+02 -1.465673e+03 -4.526345e+00 -5.048096e+00 1.673706e+02
<VARIANCE> 6
 3.179780e+01 2.013776e+05 2.511465e+05 2.998339e+02 4.032245e+04 5.181961e+07
<GCONST> 7.320456e+01
<MIXTURE> 6 7.504062e-02
<MEAN> 6
 7.511900e+01 1.113882e+03 -2.107291e+02 -2.746382e+00 3.351076e+00 5.952361e+01
<VARIANCE> 6
 3.179780e+01 7.795666e+04 1.042039e+05 2.998339e+02 4.032245e+04 5.181961e+07
<GCONST> 7.137584e+01
<MIXTURE> 7 8.761629e-02
<MEAN> 6
 7.835959e+01 -2.805620e+02 1.100568e+02 -2.893295e+00 -3.039129e+00 7.284537e+01
<VARIANCE> 6
 3.179780e+01 2.175158e+05 4.027904e+04 2.998339e+02 4.032245e+04 5.181961e+07
<GCONST> 7.145145e+01
<MIXTURE> 8 1.365675e-01
<MEAN> 6
 7.820612e+01 3.801560e+02 -3.204268e+02 -2.421548e+00 -3.892483e+00 -2.610095e+01
<VARIANCE> 6
 3.179780e+01 1.260363e+05 4.906483e+04 2.998339e+02 4.032245e+04 5.181961e+07
<GCONST> 7.110306e+01
<MIXTURE> 9 1.003515e-01
<MEAN> 6
 7.986327e+01 1.713654e+02 1.039569e+02 -2.671864e+00 -8.841026e+00 4.447482e+01
<VARIANCE> 6
 3.179780e+01 1.270107e+05 1.775904e+05 2.998339e+02 4.032245e+04 5.181961e+07
<GCONST> 7.239709e+01
<MIXTURE> 10 7.722179e-02
<MEAN> 6
 7.814362e+01 -7.001469e+02 -8.898837e+01 -3.973415e+00 1.534616e+00 5.703007e+01
<VARIANCE> 6
 3.179780e+01 5.418694e+05 1.974495e+04 2.998339e+02 4.032245e+04 5.181961e+07
<GCONST> 7.165126e+01
<MIXTURE> 11 4.344280e-02
<MEAN> 6
 7.506841e+01 -1.270256e+03 9.931414e+02 -4.115418e+00 3.528722e+00 3.560963e+01
<VARIANCE> 6
 3.179780e+01 5.841485e+04 7.068863e+04 2.998339e+02 4.032245e+04 5.181961e+07
<GCONST> 7.069920e+01
<MIXTURE> 12 7.396096e-02
<MEAN> 6
 7.561099e+01 1.047501e+03 -2.955714e+02 -2.581508e+00 4.800092e-01 5.767348e+01
<VARIANCE> 6
 3.179780e+01 8.592476e+04 1.165684e+05 2.998339e+02 4.032245e+04 5.181961e+07
<GCONST> 7.158530e+01
<STATE> 12
<NUMMIXES> 12
<MIXTURE> 1 1.253739e-01
<MEAN> 6
 6.228682e+01 -7.209555e+02 -1.774286e+01 -7.504113e-02 -1.755513e+01 1.451654e+02
<VARIANCE> 6
 3.179780e+01 1.461932e+06 1.170664e+05 2.998339e+02 4.032245e+04 5.181961e+07
<GCONST> 7.442360e+01
<MIXTURE> 2 9.793586e-02
<MEAN> 6
 5.940750e+01 4.856054e+02 9.545154e+01 -8.345319e-02 -3.794526e+00 -1.550202e+02
<VARIANCE> 6
 3.179780e+01 1.280424e+04 1.446404e+04 2.998339e+02 4.032245e+04 5.181961e+07
<GCONST> 6.759479e+01
<MIXTURE> 3 1.014178e-01
<MEAN> 6
 6.538953e+01 4.830903e+01 8.325101e+01 4.268894e-02 -7.271036e+00 -1.942852e+02
<VARIANCE> 6
 3.179780e+01 1.280424e+04 1.446404e+04 2.998339e+02 4.032245e+04 5.181961e+07
<GCONST> 6.759479e+01
<MIXTURE> 4 7.187553e-02
<MEAN> 6
 6.336724e+01 3.573278e+02 -1.721499e+02 5.680881e-01 -1.071407e+01 -1.456686e+02
<VARIANCE> 6
 3.179780e+01 1.280424e+04 1.446404e+04 2.998339e+02 4.032245e+04 5.181961e+07
<GCONST> 6.759479e+01
<MIXTURE> 5 3.840945e-02
<MEAN> 6
 5.624910e+01 1.110110e+02 -4.854974e+02 -2.245215e+00 -1.380617e+01 1.374510e+02
<VARIANCE> 6
 3.179780e+01 1.280424e+04 1.446404e+04 2.998339e+02 4.032245e+04 5.181961e+07
<GCONST> 6.759479e+01
<MIXTURE> 6 6.830543e-02
<MEAN> 6
 5.468559e+01 8.454346e+02 -1.160981e+00 1.102479e+00 -1.768873e-01 -1.038250e+02
<VARIANCE> 6
 3.179780e+01 1.280424e+04 1.446404e+04 2.998339e+02 4.032245e+04 5.181961e+07
<GCONST> 6.759479e+01
<MIXTURE> 7 1.068141e-01
<MEAN> 6
 5.853517e+01 2.991747e+01 -1.228115e+02 7.404959e-02 -4.902252e+00 -1.581735e+02
<VARIANCE> 6
 3.179780e+01 1.280424e+04 1.446404e+04 2.998339e+02 4.032245e+04 5.181961e+07
<GCONST> 6.759479e+01
<MIXTURE> 8 7.651993e-02
<MEAN> 6
 5.869112e+01 3.254690e+01 -1.178920e+02 4.798744e-02 -4.965519e+00 -1.596498e+02
<VARIANCE> 6
 3.179780e+01 1.280424e+04 1.446404e+04 2.998339e+02 4.032245e+04 5.181961e+07
<GCONST> 6.759479e+01
<MIXTURE> 9 6.757481e-02
<MEAN> 6
 6.353146e+01 5.942185e+01 1.865669e+01 -2.423582e-01 -6.365708e+00 -1.616413e+02
<VARIANCE> 6
 3.179780e+01 1.280424e+04 1.446404e+04 2.998339e+02 4.032245e+04 5.181961e+07
<GCONST> 6.759479e+01
<MIXTURE> 10 9.777033e-02
<MEAN> 6
 5.940641e+01 4.856909e+02 9.534641e+01 -8.271536e-02 -3.790755e+00 -1.550255e+02
<VARIANCE> 6
 3.179780e+01 1.280424e+04 1.446404e+04 2.998339e+02 4.032245e+04 5.181961e+07
<GCONST> 6.759479e+01
<MIXTURE> 11 7.602277e-02
<MEAN> 6
 5.824878e+01 2.764839e+01 -1.308149e+02 1.282290e-01 -4.707659e+00 -1.552955e+02
<VARIANCE> 6
 3.179780e+01 1.280424e+04 1.446404e+04 2.998339e+02 4.032245e+04 5.181961e+07
<GCONST> 6.759479e+01
<MIXTURE> 12 7.194956e-02
<MEAN> 6
 6.346947e+01 3.500605e+02 -1.763996e+02 4.226972e-01 -1.157154e+01 -1.443610e+02
<VARIANCE> 6
 3.179780e+01 1.280424e+04 1.446404e+04 2.998339e+02 4.032245e+04 5.181961e+07
<GCONST> 6.759479e+01
<STATE> 13
<NUMMIXES> 12
<MIXTURE> 1 2.305154e-02
<MEAN> 6
 2.200503e+01 1.345320e+04 -9.459020e+01 5.987309e+00 4.574274e+00 1.975908e+02
<VARIANCE> 6
 3.462468e+03 2.325617e+05 7.957821e+05 2.516192e+04 4.130258e+05 7.189096e+07
<GCONST> 8.627600e+01
<MIXTURE> 2 1.279472e-01
<MEAN> 6
 5.159511e+01 6.419315e+02 5.942521e+02 4.143318e+01 -1.832534e+02 -5.329729e+02
<VARIANCE> 6
 1.357045e+02 2.644049e+05 6.359926e+05 4.887401e+03 4.032245e+04 5.181961e+07
<GCONST> 7.864828e+01
<MIXTURE> 3 4.547840e-02
<MEAN> 6
 -2.975539e+01 -5.564259e+03 5.618972e+02 8.105818e+00 3.222803e+02 -2.660919e+02
<VARIANCE> 6
 6.642616e+02 3.009244e+05 2.791969e+05 2.032865e+04 1.477212e+05 5.181961e+07
<GCONST> 8.226637e+01
<MIXTURE> 4 1.045059e-01
<MEAN> 6
 8.259834e+01 -3.159765e+03 2.842576e+02 -6.251828e+00 -3.308552e+01 3.385986e+01
<VARIANCE> 6
 2.428505e+02 1.787411e+07 1.053662e+06 2.998339e+02 4.032245e+04 5.181961e+07
<GCONST> 8.115753e+01
<MIXTURE> 5 8.109332e-02
<MEAN> 6
 6.776051e+01 -2.370633e+03 3.630212e+02 2.317052e+01 -3.693577e+02 -5.917446e+02
<VARIANCE> 6
 3.133605e+02 9.280783e+06 2.928179e+05 1.069787e+04 6.481984e+04 5.181961e+07
<GCONST> 8.352583e+01
<MIXTURE> 6 1.313383e-01
<MEAN> 6
 -6.650244e+00 -3.623659e+01 7.361362e+02 1.455283e+01 7.770949e+01 -6.778155e+02
<VARIANCE> 6
 2.185875e+02 2.665792e+05 5.368017e+05 1.365051e+04 5.876510e+04 5.181961e+07
<GCONST> 8.036737e+01
<MIXTURE> 7 9.573065e-02
<MEAN> 6
 -1.383405e+01 -8.932747e+02 -1.317428e+02 -1.278759e+02 4.190007e+02 2.819026e+03
<VARIANCE> 6
 4.644648e+02 8.889012e+05 3.775475e+05 5.274432e+03 3.871231e+05 2.101203e+08
<GCONST> 8.430766e+01
<MIXTURE> 8 8.214617e-02
<MEAN> 6
 3.739269e+01 -2.342471e+03 8.362957e+01 -1.599547e+02 -2.394371e+02 2.642604e+03
<VARIANCE> 6
 3.077104e+02 3.704734e+06 1.213122e+05 1.759246e+03 9.229683e+04 5.181961e+07
<GCONST> 8.025635e+01
<MIXTURE> 9 1.114611e-01
<MEAN> 6
 1.951968e+01 3.037393e+02 1.430197e+02 1.121962e+02 -1.327794e+01 -7.456761e+02
<VARIANCE> 6
 6.994756e+02 2.279699e+05 1.349607e+05 1.189142e+03 4.032245e+04 5.181961e+07
<GCONST> 7.717623e+01
<MIXTURE> 10 6.926994e-02
<MEAN> 6
 -3.275549e+01 5.494604e+01 1.452901e+02 4.571271e+01 4.189304e+02 -1.001741e+03
<VARIANCE> 6
 8.360498e+01 4.013298e+05 1.912265e+05 4.401028e+03 9.664529e+04 5.181961e+07
<GCONST> 7.814879e+01
<MIXTURE> 11 5.701035e-02
<MEAN> 6
 7.143263e+01 -1.211140e+03 1.271178e+02 -2.501921e+01 -7.048702e+02 -5.722647e+01
<VARIANCE> 6
 2.129768e+02 6.345101e+06 4.366134e+05 8.660994e+03 2.522087e+05 1.002376e+08
<GCONST> 8.496609e+01
<MIXTURE> 12 7.090611e-02
<MEAN> 6
 -4.000236e+01 -2.764388e+02 1.953346e+01 2.232170e+01 3.880914e+02 -1.301904e+03
<VARIANCE> 6
 9.707388e+01 4.076230e+05 3.782439e+05 1.854493e+03 1.173492e+05 5.181961e+07
<GCONST> 7.832568e+01
<STATE> 14
<NUMMIXES> 12
<MIXTURE> 1 3.478736e-02
<MEAN> 6
 -3.995407e+01 6.294574e+01 7.736985e+01 -7.009868e+01 1.200896e+03 1.993120e+03
<VARIANCE> 6
 2.871870e+02 1.333703e+05 4.548701e+05 2.430684e+04 5.702999e+05 4.123427e+08
<GCONST> 8.470585e+01
<MIXTURE> 2 6.580079e-02
<MEAN> 6
 8.099872e+01 -4.230613e+02 -5.874876e+01 1.138596e+01 -7.964347e+02 -1.507082e+03
<VARIANCE> 6
 2.024000e+02 5.868813e+05 6.675560e+04 1.006263e+04 6.147532e+05 2.364289e+08
<GCONST> 8.255560e+01
<MIXTURE> 3 7.779378e-02
<MEAN> 6
 1.809134e+01 1.428060e+02 1.418950e+02 -2.179602e+02 -1.084119e+02 6.804883e+03
<VARIANCE> 6
 4.747976e+02 1.380943e+05 5.837916e+04 4.651242e+03 3.033493e+05 1.444998e+08
<GCONST> 7.985687e+01
<MIXTURE> 4 1.108149e-01
<MEAN> 6
 6.975578e+01 -1.771237e+02 -9.643339e+00 -6.310599e+00 -4.788333e+01 1.224891e+02
<VARIANCE> 6
 5.718021e+01 1.870848e+05 5.357252e+04 2.998339e+02 4.032245e+04 5.181961e+07
<GCONST> 7.217274e+01
<MIXTURE> 5 1.089410e-01
<MEAN> 6
 -4.435237e+01 2.913678e+01 -2.113463e+01 3.033537e+01 8.775544e+02 -1.322236e+03
<VARIANCE> 6
 1.284325e+02 6.634376e+04 3.380148e+04 1.276837e+04 1.699747e+05 8.403270e+07
<GCONST> 7.715838e+01
<MIXTURE> 6 1.117362e-01
<MEAN> 6
 5.850238e+01 1.097580e+01 1.945739e+01 2.283311e+01 -3.308877e+02 -4.417498e+02
<VARIANCE> 6
 1.221395e+02 1.337975e+05 3.370570e+04 1.125517e+04 5.155088e+04 5.181961e+07
<GCONST> 7.600412e+01
<MIXTURE> 7 8.174168e-02
<MEAN> 6
 7.004810e+00 5.515052e+01 7.039420e+01 2.041534e+02 -7.634869e+01 -3.968552e+03
<VARIANCE> 6
 4.735601e+02 6.728727e+04 6.513851e+04 3.580599e+03 1.525709e+05 9.880017e+07
<GCONST> 7.791582e+01
<MIXTURE> 8 6.087802e-02
<MEAN> 6
 -2.968442e+01 3.774168e+00 -1.913032e+01 3.171955e+01 2.535095e+02 9.160016e+01
<VARIANCE> 6
 2.346373e+02 7.498546e+04 3.948354e+04 3.765719e+03 5.948868e+04 5.181961e+07
<GCONST> 7.528451e+01
<MIXTURE> 9 8.906705e-02
<MEAN> 6
 6.249522e+01 1.389826e+00 6.600642e+00 -5.642712e+01 -7.184119e+02 1.007203e+02
<VARIANCE> 6
 1.785186e+02 6.155305e+04 2.612279e+04 1.452231e+04 1.564824e+05 5.181961e+07
<GCONST> 7.671759e+01
<MIXTURE> 10 1.138947e-01
<MEAN> 6
 2.495664e+01 -1.794697e+02 -8.858185e+01 1.312707e+02 -5.004386e+01 -3.392197e+02
<VARIANCE> 6
 5.717385e+02 1.085834e+05 6.343988e+04 1.526513e+03 5.005791e+04 5.181961e+07
<GCONST> 7.594403e+01
<MIXTURE> 11 8.596438e-02
<MEAN> 6
 -3.933686e+00 -4.921099e+01 2.746527e+01 -1.721257e+02 1.745995e+02 6.973575e+02
<VARIANCE> 6
 4.835279e+02 5.386755e+04 2.065422e+04 2.818504e+03 1.754193e+05 1.301427e+08
<GCONST> 7.674137e+01
<MIXTURE> 12 5.839468e-02
<MEAN> 6
 -3.300457e+01 -3.336514e+01 -1.390025e+02 -5.884165e-01 1.960815e+02 -3.518005e+01
<VARIANCE> 6
 1.715659e+02 7.439227e+04 7.475811e+04 4.340509e+03 5.607047e+04 5.181961e+07
<GCONST> 7.568474e+01
<TRANSP> 15
 0.000000e+00 1.000000e+00 0.000000e+00 0.000000e+00 0.000000e+00 0.000000e+00 0.000000e+00 0.000000e+00 0.000000e+00 0.000000e+00 0.000000e+00 0.000000e+00 0.000000e+00 0.000000e+00 0.000000e+00
 0.000000e+00 9.991050e-01 8.950099e-04 0.000000e+00 0.000000e+00 0.000000e+00 0.000000e+00 0.000000e+00 0.000000e+00 0.000000e+00 0.000000e+00 0.000000e+00 0.000000e+00 0.000000e+00 0.000000e+00
 0.000000e+00 0.000000e+00 9.993597e-01 6.402265e-04 0.000000e+00 0.000000e+00 0.000000e+00 0.000000e+00 0.000000e+00 0.000000e+00 0.000000e+00 0.000000e+00 0.000000e+00 0.000000e+00 0.000000e+00
 0.000000e+00 0.000000e+00 0.000000e+00 9.985555e-01 1.444478e-03 0.000000e+00 0.000000e+00 0.000000e+00 0.000000e+00 0.000000e+00 0.000000e+00 0.000000e+00 0.000000e+00 0.000000e+00 0.000000e+00
 0.000000e+00 0.000000e+00 0.000000e+00 0.000000e+00 9.998495e-01 1.504632e-04 0.000000e+00 0.000000e+00 0.000000e+00 0.000000e+00 0.000000e+00 0.000000e+00 0.000000e+00 0.000000e+00 0.000000e+00
 0.000000e+00 0.000000e+00 0.000000e+00 0.000000e+00 0.000000e+00 9.951597e-01 4.840348e-03 0.000000e+00 0.000000e+00 0.000000e+00 0.000000e+00 0.000000e+00 0.000000e+00 0.000000e+00 0.000000e+00
 0.000000e+00 0.000000e+00 0.000000e+00 0.000000e+00 0.000000e+00 0.000000e+00 9.985118e-01 1.488152e-03 0.000000e+00 0.000000e+00 0.000000e+00 0.000000e+00 0.000000e+00 0.000000e+00 0.000000e+00
 0.000000e+00 0.000000e+00 0.000000e+00 0.000000e+00 0.000000e+00 0.000000e+00 0.000000e+00 9.998380e-01 1.620219e-04 0.000000e+00 0.000000e+00 0.000000e+00 0.000000e+00 0.000000e+00 0.000000e+00
 0.000000e+00 0.000000e+00 0.000000e+00 0.000000e+00 0.000000e+00 0.000000e+00 0.000000e+00 0.000000e+00 9.977734e-01 2.226537e-03 0.000000e+00 0.000000e+00 0.000000e+00 0.000000e+00 0.000000e+00
 0.000000e+00 0.000000e+00 0.000000e+00 0.000000e+00 0.000000e+00 0.000000e+00 0.000000e+00 0.000000e+00 0.000000e+00 9.984125e-01 1.587461e-03 0.000000e+00 0.000000e+00 0.000000e+00 0.000000e+00
 0.000000e+00 0.000000e+00 0.000000e+00 0.000000e+00 0.000000e+00 0.000000e+00 0.000000e+00 0.000000e+00 0.000000e+00 0.000000e+00 9.989789e-01 1.021167e-03 0.000000e+00 0.000000e+00 0.000000e+00
 0.000000e+00 0.000000e+00 0.000000e+00 0.000000e+00 0.000000e+00 0.000000e+00 0.000000e+00 0.000000e+00 0.000000e+00 0.000000e+00 0.000000e+00 9.987671e-01 1.232889e-03 0.000000e+00 0.000000e+00
 0.000000e+00 0.000000e+00 0.000000e+00 0.000000e+00 0.000000e+00 0.000000e+00 0.000000e+00 0.000000e+00 0.000000e+00 0.000000e+00 0.000000e+00 0.000000e+00 9.994684e-01 5.316393e-04 0.000000e+00
 0.000000e+00 0.000000e+00 0.000000e+00 0.000000e+00 0.000000e+00 0.000000e+00 0.000000e+00 0.000000e+00 0.000000e+00 0.000000e+00 0.000000e+00 0.000000e+00 0.000000e+00 9.998097e-01 1.903430e-04
 0.000000e+00 0.000000e+00 0.000000e+00 0.000000e+00 0.000000e+00 0.000000e+00 0.000000e+00 0.000000e+00 0.000000e+00 0.000000e+00 0.000000e+00 0.000000e+00 0.000000e+00 0.000000e+00 0.000000e+00
<ENDHMM>
~h "QuintoPRIMARIA"
<BEGINHMM>
<NUMSTATES> 15
<STATE> 2
<NUMMIXES> 12
<MIXTURE> 1 8.564473e-02
<MEAN> 6
 8.218198e+01 4.888046e+02 8.223592e+01 -2.632855e+00 -3.918645e+01 -1.828210e+02
<VARIANCE> 6
 1.753059e+02 1.258980e+06 1.485036e+06 2.998339e+02 4.032245e+04 5.181961e+07
<GCONST> 7.852173e+01
<MIXTURE> 2 3.585957e-02
<MEAN> 6
 6.459628e+01 -1.265786e+03 -1.809555e+03 -4.520780e+01 -9.113604e+02 3.016044e+03
<VARIANCE> 6
 1.344084e+03 1.709030e+07 1.127522e+07 5.055399e+04 2.373858e+06 1.552011e+09
<GCONST> 9.779652e+01
<MIXTURE> 3 1.143203e-01
<MEAN> 6
 -4.484311e+01 -2.257965e+02 1.313966e+02 1.315409e+02 7.296617e+02 -1.578117e+03
<VARIANCE> 6
 3.737043e+02 3.472717e+05 9.466726e+05 1.424606e+04 1.723004e+05 5.218464e+07
<GCONST> 8.286082e+01
<MIXTURE> 4 9.189261e-02
<MEAN> 6
 -6.674408e+01 2.442900e+02 -8.099167e+01 4.078722e+00 1.968811e+02 1.690658e+02
<VARIANCE> 6
 1.028357e+02 7.627138e+05 1.419686e+06 6.616562e+02 7.454434e+04 5.181961e+07
<GCONST> 7.884816e+01
<MIXTURE> 5 1.126367e-01
<MEAN> 6
 3.866259e+01 6.722451e+01 1.761279e+02 5.489624e+01 -3.837453e+02 -7.595870e+02
<VARIANCE> 6
 6.377847e+02 1.997934e+06 9.627201e+05 4.269613e+04 1.484615e+05 5.181961e+07
<GCONST> 8.610364e+01
<MIXTURE> 6 1.079607e-01
<MEAN> 6
 6.897739e+01 -5.914580e+02 -2.230629e+01 1.006175e+00 -2.094096e+01 -1.298507e+02
<VARIANCE> 6
 1.185953e+02 1.391713e+05 7.886710e+05 2.998339e+02 4.032245e+04 5.181961e+07
<GCONST> 7.529572e+01
<MIXTURE> 7 8.196869e-02
<MEAN> 6
 8.089446e+01 -5.364662e+01 -1.093901e+02 2.302294e+00 -5.847736e+02 -1.153942e+03
<VARIANCE> 6
 1.998505e+02 6.338652e+05 2.301347e+06 1.326617e+04 1.323331e+05 7.431162e+07
<GCONST> 8.374326e+01
<MIXTURE> 8 8.525144e-02
<MEAN> 6
 -4.977648e+01 9.882037e+01 -4.011827e+02 -1.475877e+02 1.270860e+03 3.173403e+03
<VARIANCE> 6
 3.526656e+02 1.632359e+06 2.406738e+06 2.289987e+04 9.408694e+05 6.255043e+08
<GCONST> 8.993962e+01
<MIXTURE> 9 5.530734e-02
<MEAN> 6
 1.413074e+01 -1.277143e+02 4.955410e+02 -1.645642e+00 -2.284930e+01 -2.979189e+02
<VARIANCE> 6
 7.918585e+02 3.467585e+05 3.697785e+06 6.316962e+04 2.172846e+05 1.342910e+08
<GCONST> 8.763933e+01
<MIXTURE> 10 1.067378e-01
<MEAN> 6
 7.352234e+01 3.486255e+02 1.044265e+02 -1.136623e-01 -2.398481e+01 -1.205475e+02
<VARIANCE> 6
 2.662848e+02 1.268129e+05 7.176547e+06 2.998339e+02 4.032245e+04 5.181961e+07
<GCONST> 7.821980e+01
<MIXTURE> 11 6.494883e-02
<MEAN> 6
 6.816956e+01 -1.791045e+02 -2.227677e+02 -8.408902e+01 -1.122173e+03 9.639962e+02
<VARIANCE> 6
 4.113389e+02 8.581689e+05 1.515276e+06 3.296175e+04 3.462996e+05 2.050728e+08
<GCONST> 8.723739e+01
<MIXTURE> 12 5.692142e-02
<MEAN> 6
 1.519511e+00 -2.383624e+02 -4.613168e+02 -1.071691e+02 -7.879005e+01 -1.522479e+02
<VARIANCE> 6
 6.034697e+02 3.699585e+05 5.191948e+06 6.023293e+04 2.634785e+05 1.496228e+08
<GCONST> 8.802505e+01
<STATE> 3
<NUMMIXES> 12
<MIXTURE> 1 1.035253e-01
<MEAN> 6
 4.597799e+01 6.298441e+02 3.276857e+02 2.334850e+02 -5.472098e+02 -9.375146e+01
<VARIANCE> 6
 1.810887e+02 2.075913e+06 2.020188e+06 3.258335e+03 1.203784e+05 5.181961e+07
<GCONST> 8.284151e+01
<MIXTURE> 2 1.061261e-01
<MEAN> 6
 3.081198e+01 -3.034611e+02 1.016566e+02 1.814209e+02 -1.925316e+02 -7.710152e+02
<VARIANCE> 6
 4.866181e+02 4.733491e+04 5.639062e+06 6.601595e+03 6.260494e+04 5.181961e+07
<GCONST> 8.112791e+01
<MIXTURE> 3 1.160423e-01
<MEAN> 6
 1.252427e+01 -8.882205e+01 8.652517e+02 3.200108e+02 1.631559e+02 -9.940210e+03
<VARIANCE> 6
 4.413053e+02 9.872829e+05 2.969960e+06 1.553672e+03 4.370329e+05 1.234381e+08
<GCONST> 8.479116e+01
<MIXTURE> 4 1.152732e-01
<MEAN> 6
 -5.895488e+01 5.578700e+02 1.020085e+02 9.602061e+01 6.876479e+02 2.462593e+03
<VARIANCE> 6
 6.485869e+01 5.125923e+05 6.251110e+05 1.165430e+03 1.202724e+05 6.988206e+07
<GCONST> 7.851307e+01
<MIXTURE> 5 5.935985e-02
<MEAN> 6
 -7.863565e+00 8.337261e+02 1.022922e+03 2.415819e+02 5.118716e+02 -1.463524e+03
<VARIANCE> 6
 2.550824e+02 1.336463e+06 1.146229e+06 3.201415e+03 1.789564e+05 5.181961e+07
<GCONST> 8.255589e+01
<MIXTURE> 6 6.482719e-02
<MEAN> 6
 -5.209047e+01 -3.179308e+02 -1.299024e+03 -1.968978e+01 5.961301e+02 1.639469e+03
<VARIANCE> 6
 3.179780e+01 5.780136e+04 8.939676e+06 1.274624e+04 2.030508e+05 5.181961e+07
<GCONST> 8.089491e+01
<MIXTURE> 7 7.545435e-02
<MEAN> 6
 -6.628076e+01 -5.470552e+02 1.483885e+03 2.015018e+01 6.194764e+02 -7.601268e+02
<VARIANCE> 6
 3.179780e+01 5.857262e+04 3.535718e+06 5.280161e+03 4.239836e+04 5.181961e+07
<GCONST> 7.753297e+01
<MIXTURE> 8 1.159311e-01
<MEAN> 6
 -3.900400e+01 -4.152586e+01 5.003651e+02 1.952775e+02 8.456921e+02 -4.865652e+02
<VARIANCE> 6
 8.095459e+01 5.302248e+05 3.281320e+06 1.573418e+03 1.452562e+05 5.181961e+07
<GCONST> 8.061650e+01
<MIXTURE> 9 4.202341e-02
<MEAN> 6
 6.991508e+01 -5.188481e+02 -5.102382e+01 2.331759e+02 -8.086865e+02 -9.482858e+03
<VARIANCE> 6
 6.170122e+01 7.438242e+05 2.397024e+06 1.899600e+03 1.595398e+05 6.873888e+07
<GCONST> 8.093414e+01
<MIXTURE> 10 9.071632e-02
<MEAN> 6
 -7.320642e+01 -2.967948e+02 4.134706e+02 5.077301e+00 1.143478e+02 7.483918e+02
<VARIANCE> 6
 3.179780e+01 3.429757e+04 2.064465e+06 5.077673e+02 4.032245e+04 5.181961e+07
<GCONST> 7.406784e+01
<MIXTURE> 11 5.078105e-02
<MEAN> 6
 -6.537814e+01 -1.397971e+02 -2.205430e+03 -3.703973e+01 9.602881e+02 -5.527083e+03
<VARIANCE> 6
 1.269242e+02 1.721093e+04 3.607292e+06 7.442050e+03 7.805284e+05 1.930949e+08
<GCONST> 8.228394e+01
<MIXTURE> 12 5.992818e-02
<MEAN> 6
 -1.607855e+01 6.503365e+02 5.578920e+02 2.239550e+02 4.163265e+02 -2.018593e+03
<VARIANCE> 6
 1.818610e+02 1.582626e+06 1.172925e+06 2.657324e+03 1.260305e+05 5.181961e+07
<GCONST> 8.187274e+01
<STATE> 4
<NUMMIXES> 12
<MIXTURE> 1 7.494587e-02
<MEAN> 6
 5.081530e+01 -2.283740e+02 2.760558e+02 -6.411299e-01 -2.314773e+01 -5.013593e+02
<VARIANCE> 6
 3.179780e+01 1.280424e+04 1.446404e+04 2.998339e+02 4.032245e+04 5.181961e+07
<GCONST> 6.759479e+01
<MIXTURE> 2 8.262958e-02
<MEAN> 6
 1.205524e+02 -2.204091e+03 4.934742e+01 -8.475391e-01 -2.098489e+00 -1.155520e+01
<VARIANCE> 6
 3.179780e+01 8.569649e+04 1.446404e+04 2.998339e+02 4.032245e+04 5.181961e+07
<GCONST> 6.949582e+01
<MIXTURE> 3 3.495577e-02
<MEAN> 6
 4.407086e+01 -1.022895e+03 6.354208e+02 2.439792e+01 -4.003202e+01 5.733181e+01
<VARIANCE> 6
 3.179780e+01 1.280424e+04 1.446404e+04 2.998339e+02 4.032245e+04 5.181961e+07
<GCONST> 6.759479e+01
<MIXTURE> 4 1.078087e-01
<MEAN> 6
 7.450613e+01 5.764459e+02 -1.964294e+02 9.495695e+01 -6.314657e+02 1.357213e+03
<VARIANCE> 6
 8.685017e+01 1.179127e+06 1.135858e+06 1.981311e+03 1.057437e+05 5.181961e+07
<GCONST> 8.033820e+01
<MIXTURE> 5 5.448077e-02
<MEAN> 6
 2.722910e+01 -4.404237e+02 2.293951e+02 1.454069e+01 1.822933e+01 -8.445858e+02
<VARIANCE> 6
 3.179780e+01 1.280424e+04 1.991202e+04 2.998339e+02 4.695478e+04 5.181961e+07
<GCONST> 6.806671e+01
<MIXTURE> 6 8.226535e-02
<MEAN> 6
 5.464553e+01 -2.560777e+02 -6.359241e+01 5.059896e-01 -3.213187e+00 -1.090489e+02
<VARIANCE> 6
 3.179780e+01 1.280424e+04 1.446404e+04 2.998339e+02 4.032245e+04 5.181961e+07
<GCONST> 6.759479e+01
<MIXTURE> 7 8.951817e-02
<MEAN> 6
 6.107045e+01 -1.121325e+03 4.584963e+02 2.856858e+00 -4.946393e+00 1.161823e+01
<VARIANCE> 6
 3.179780e+01 1.280424e+04 1.446404e+04 2.998339e+02 4.032245e+04 5.181961e+07
<GCONST> 6.759479e+01
<MIXTURE> 8 1.025373e-01
<MEAN> 6
 1.189210e+02 -2.521416e+03 8.586867e+00 -2.219237e+00 -4.238141e-01 5.248386e+01
<VARIANCE> 6
 3.179780e+01 2.105016e+04 1.446404e+04 2.998339e+02 4.032245e+04 5.181961e+07
<GCONST> 6.809192e+01
<MIXTURE> 9 8.934349e-02
<MEAN> 6
 6.107097e+01 -1.121322e+03 4.584807e+02 2.855685e+00 -4.944747e+00 1.163123e+01
<VARIANCE> 6
 3.179780e+01 1.280424e+04 1.446404e+04 2.998339e+02 4.032245e+04 5.181961e+07
<GCONST> 6.759479e+01
<MIXTURE> 10 1.221937e-01
<MEAN> 6
 4.489725e+01 -5.205291e+02 2.491747e+01 1.973039e+00 -4.891171e+00 1.326803e+02
<VARIANCE> 6
 3.179780e+01 1.280424e+04 1.722473e+04 2.998339e+02 4.032245e+04 5.181961e+07
<GCONST> 6.776946e+01
<MIXTURE> 11 8.528335e-02
<MEAN> 6
 5.443359e+01 -2.658180e+02 -7.578197e+01 5.576193e-01 -1.267323e+00 -7.202347e+01
<VARIANCE> 6
 3.179780e+01 1.280424e+04 1.446404e+04 2.998339e+02 4.032245e+04 5.181961e+07
<GCONST> 6.759479e+01
<MIXTURE> 12 7.403006e-02
<MEAN> 6
 5.048244e+01 -2.604502e+02 2.575447e+02 -3.114848e-01 -1.437919e+01 -2.900974e+02
<VARIANCE> 6
 3.179780e+01 1.280424e+04 1.446404e+04 2.998339e+02 4.032245e+04 5.181961e+07
<GCONST> 6.759479e+01
<STATE> 5
<NUMMIXES> 12
<MIXTURE> 1 8.342174e-02
<MEAN> 6
 7.792544e+01 3.705561e+02 -9.483140e+02 1.264509e+02 -1.448575e+03 3.360831e+03
<VARIANCE> 6
 1.290980e+03 1.118549e+06 1.132673e+07 6.600937e+04 8.344064e+06 6.895575e+09
<GCONST> 9.804939e+01
<MIXTURE> 2 6.600532e-02
<MEAN> 6
 9.844886e+01 1.475402e+03 2.506668e+03 -1.208684e+00 1.849640e+00 -1.941353e+01
<VARIANCE> 6
 3.179780e+01 2.123928e+04 1.895421e+05 2.998339e+02 4.032245e+04 5.181961e+07
<GCONST> 7.067381e+01
<MIXTURE> 3 1.199537e-01
<MEAN> 6
 1.026616e+02 -2.614672e+01 -5.403662e+02 -5.974192e+00 -2.289478e+02 9.768847e+03
<VARIANCE> 6
 1.608097e+02 7.746757e+05 4.967273e+06 5.394344e+02 4.519668e+05 1.465165e+08
<GCONST> 8.320060e+01
<MIXTURE> 4 8.170822e-02
<MEAN> 6
 8.542272e+01 2.103701e+03 -2.977194e+02 -2.801052e+00 -2.540289e+01 -2.774630e+02
<VARIANCE> 6
 3.179780e+01 9.602114e+05 1.446404e+04 2.998339e+02 4.032245e+04 5.181961e+07
<GCONST> 7.191216e+01
<MIXTURE> 5 7.506533e-02
<MEAN> 6
 1.076782e+02 -1.057077e+02 2.353200e+03 -3.214576e+00 -1.379918e+01 5.186944e+01
<VARIANCE> 6
 3.179780e+01 1.115530e+05 1.559336e+05 2.998339e+02 4.032245e+04 5.181961e+07
<GCONST> 7.213727e+01
<MIXTURE> 6 7.802727e-02
<MEAN> 6
 5.109488e+01 1.535550e+03 -1.209258e+02 -3.883631e+01 -7.081010e+01 1.264387e+03
<VARIANCE> 6
 2.607188e+02 1.756036e+06 3.140947e+05 8.375354e+03 7.870972e+05 1.191674e+08
<GCONST> 8.483192e+01
<MIXTURE> 7 6.622878e-02
<MEAN> 6
 1.006411e+02 1.248487e+03 2.028544e+03 -2.171632e+00 6.867129e+00 -3.990062e+02
<VARIANCE> 6
 3.179780e+01 7.700218e+04 1.810462e+05 2.998339e+02 4.032245e+04 5.181961e+07
<GCONST> 7.191592e+01
<MIXTURE> 8 1.008438e-01
<MEAN> 6
 1.012133e+02 2.086342e+01 6.947552e+02 -6.373782e+00 2.168839e+01 9.002664e+02
<VARIANCE> 6
 3.179780e+01 1.355821e+05 2.198186e+05 2.998339e+02 4.032245e+04 5.181961e+07
<GCONST> 7.267572e+01
<MIXTURE> 9 1.104273e-01
<MEAN> 6
 9.452821e+01 -3.450977e+02 -1.078313e+03 1.109182e+02 -9.394768e+02 -6.142720e+03
<VARIANCE> 6
 1.045196e+02 6.159749e+05 6.375223e+06 5.000561e+03 8.141529e+05 4.406598e+08
<GCONST> 8.670652e+01
<MIXTURE> 10 7.755279e-02
<MEAN> 6
 1.018111e+02 9.094702e+02 1.740833e+03 -4.559724e+00 -1.106939e+01 3.154997e+02
<VARIANCE> 6
 3.179780e+01 4.813678e+04 2.635431e+05 2.998339e+02 4.032245e+04 5.181961e+07
<GCONST> 7.182161e+01
<MIXTURE> 11 7.359633e-02
<MEAN> 6
 8.635522e+01 9.606658e+02 -3.428055e+02 -2.849093e+00 -3.762363e+01 -2.687254e+02
<VARIANCE> 6
 3.179780e+01 7.906149e+05 1.446404e+04 2.998339e+02 4.032245e+04 5.181961e+07
<GCONST> 7.171782e+01
<MIXTURE> 12 6.715701e-02
<MEAN> 6
 9.928934e+01 1.390547e+03 2.298764e+03 -1.577764e+00 3.101125e+00 -9.095612e+01
<VARIANCE> 6
 3.179780e+01 2.248609e+04 1.631584e+05 2.998339e+02 4.032245e+04 5.181961e+07
<GCONST> 7.058096e+01
<STATE> 6
<NUMMIXES> 12
<MIXTURE> 1 7.693943e-02
<MEAN> 6
 6.823566e+01 4.449488e+03 -6.533749e+02 -1.438450e+00 3.664078e-01 1.212378e+01
<VARIANCE> 6
 3.179780e+01 3.578582e+05 1.446404e+04 2.998339e+02 4.032245e+04 5.181961e+07
<GCONST> 7.092514e+01
<MIXTURE> 2 1.365451e-01
<MEAN> 6
 7.939936e+01 1.744693e+03 1.168966e+02 -3.633932e+00 -5.362299e-01 6.923032e+00
<VARIANCE> 6
 3.179780e+01 2.452108e+05 1.554340e+05 2.998339e+02 4.032245e+04 5.181961e+07
<GCONST> 7.292168e+01
<MIXTURE> 3 7.677265e-02
<MEAN> 6
 7.388367e+01 8.632363e+02 4.133455e+02 -9.682757e-01 -9.753679e+00 2.078142e+02
<VARIANCE> 6
 3.179780e+01 1.280424e+04 4.558089e+05 2.998339e+02 4.032245e+04 5.181961e+07
<GCONST> 7.104520e+01
<MIXTURE> 4 8.563679e-02
<MEAN> 6
 5.853041e+01 1.034139e+03 -1.068294e+03 -1.106493e+00 -1.375630e+01 -1.339154e+02
<VARIANCE> 6
 3.179780e+01 1.456350e+04 1.446404e+04 2.998339e+02 4.032245e+04 5.181961e+07
<GCONST> 6.772353e+01
<MIXTURE> 5 4.449568e-02
<MEAN> 6
 7.369281e+01 1.327365e+03 2.279354e+03 -5.278684e+00 4.413799e+00 7.201422e+01
<VARIANCE> 6
 3.179780e+01 1.280424e+04 1.446404e+04 2.998339e+02 4.032245e+04 5.181961e+07
<GCONST> 6.759479e+01
<MIXTURE> 6 1.284318e-01
<MEAN> 6
 7.827761e+01 6.780744e+02 -8.545735e+02 -6.313668e-01 7.576476e-01 -9.547243e+00
<VARIANCE> 6
 3.179780e+01 1.280424e+04 1.446404e+04 2.998339e+02 4.032245e+04 5.181961e+07
<GCONST> 6.759479e+01
<MIXTURE> 7 1.607897e-02
<MEAN> 6
 7.887125e+01 1.036145e+03 1.824590e+03 -1.575593e+00 3.966992e+01 1.127502e+03
<VARIANCE> 6
 3.179780e+01 3.157101e+04 1.658302e+05 2.998339e+02 4.032245e+04 5.181961e+07
<GCONST> 7.093655e+01
<MIXTURE> 8 1.088860e-01
<MEAN> 6
 8.153258e+01 1.223883e+03 1.632287e+02 -3.834341e+00 -2.982367e+00 9.899109e+01
<VARIANCE> 6
 3.179780e+01 2.860276e+04 1.496444e+04 2.998339e+02 4.032245e+04 5.181961e+07
<GCONST> 6.843253e+01
<MIXTURE> 9 9.308420e-02
<MEAN> 6
 7.612683e+01 1.204180e+03 -9.249886e+02 -2.276134e+00 -3.791748e+00 4.945083e+01
<VARIANCE> 6
 3.179780e+01 1.280424e+04 4.033650e+05 2.998339e+02 4.032245e+04 5.181961e+07
<GCONST> 7.092296e+01
<MIXTURE> 10 6.250306e-02
<MEAN> 6
 5.155088e+01 2.278223e+03 2.591074e+03 7.803628e-01 -6.992949e+00 1.116799e+01
<VARIANCE> 6
 3.179780e+01 3.141286e+04 3.253756e+04 2.998339e+02 4.032245e+04 5.181961e+07
<GCONST> 6.930295e+01
<MIXTURE> 11 9.221641e-02
<MEAN> 6
 7.673637e+01 1.214062e+03 -1.047907e+03 -2.553920e+00 -3.309832e+00 4.005925e+01
<VARIANCE> 6
 3.179780e+01 1.280424e+04 3.871273e+05 2.998339e+02 4.032245e+04 5.181961e+07
<GCONST> 7.088187e+01
<MIXTURE> 12 7.839721e-02
<MEAN> 6
 7.232022e+01 8.545365e+02 2.049666e+02 -1.284488e+00 -4.123325e+00 -1.308269e+01
<VARIANCE> 6
 3.179780e+01 1.280424e+04 3.560228e+05 2.998339e+02 4.032245e+04 5.181961e+07
<GCONST> 7.079811e+01
<STATE> 7
<NUMMIXES> 12
<MIXTURE> 1 1.551860e-03
<MEAN> 6
 7.462363e+01 3.974507e+02 -1.259094e+02 -6.666773e+00 -4.283416e+01 6.874682e+02
<VARIANCE> 6
 1.254030e+03 1.287152e+06 2.223804e+06 2.118168e+03 1.586615e+05 6.726166e+07
<GCONST> 8.450099e+01
<MIXTURE> 2 9.795947e-02
<MEAN> 6
 7.315199e+01 2.283875e+02 7.246001e+02 1.315031e+00 -2.679261e+00 -1.654584e+02
<VARIANCE> 6
 3.179780e+01 1.280424e+04 1.446404e+04 2.998339e+02 4.032245e+04 5.181961e+07
<GCONST> 6.759479e+01
<MIXTURE> 3 7.835544e-02
<MEAN> 6
 8.022317e+01 3.503434e+02 2.323093e+02 -5.875831e-01 -7.021042e+00 -8.711080e+01
<VARIANCE> 6
 3.179780e+01 1.280424e+04 1.446404e+04 2.998339e+02 4.032245e+04 5.181961e+07
<GCONST> 6.759479e+01
<MIXTURE> 4 7.603374e-02
<MEAN> 6
 6.254795e+01 1.286258e+02 3.140893e+02 -3.906564e-02 -2.964575e+00 -1.267785e+02
<VARIANCE> 6
 3.179780e+01 4.711527e+04 1.446404e+04 2.998339e+02 4.032245e+04 5.181961e+07
<GCONST> 6.889761e+01
<MIXTURE> 5 7.906356e-02
<MEAN> 6
 5.840573e+01 3.523562e+01 3.536518e+02 1.300235e-01 7.860359e-01 -1.086414e+02
<VARIANCE> 6
 3.179780e+01 1.280424e+04 1.446404e+04 2.998339e+02 4.032245e+04 5.181961e+07
<GCONST> 6.759479e+01
<MIXTURE> 6 8.449032e-02
<MEAN> 6
 7.875544e+01 1.230465e+01 4.924835e+02 -1.195038e+00 -2.679194e+00 -2.188831e+02
<VARIANCE> 6
 3.179780e+01 1.280424e+04 1.446404e+04 2.998339e+02 4.032245e+04 5.181961e+07
<GCONST> 6.759479e+01
<MIXTURE> 7 1.635298e-01
<MEAN> 6
 5.650184e+01 9.406581e+00 4.132780e+02 -1.264270e-01 -8.142363e-02 -1.159919e+02
<VARIANCE> 6
 3.179780e+01 1.280424e+04 1.446404e+04 2.998339e+02 4.032245e+04 5.181961e+07
<GCONST> 6.759479e+01
<MIXTURE> 8 1.627483e-01
<MEAN> 6
 5.859775e+01 3.384609e+01 3.486791e+02 1.685818e-01 1.002648e+00 -1.116092e+02
<VARIANCE> 6
 3.179780e+01 1.280424e+04 1.446404e+04 2.998339e+02 4.032245e+04 5.181961e+07
<GCONST> 6.759479e+01
<MIXTURE> 9 3.289912e-02
<MEAN> 6
 6.605033e+01 -1.250801e+02 3.010276e+02 -3.552153e-01 -2.639902e+00 -1.994868e+01
<VARIANCE> 6
 3.179780e+01 1.280424e+04 1.446404e+04 2.998339e+02 4.032245e+04 5.181961e+07
<GCONST> 6.759479e+01
<MIXTURE> 10 6.453504e-02
<MEAN> 6
 7.162151e+01 1.411110e+02 8.191052e+02 5.296618e-01 -3.961113e-01 2.586445e+01
<VARIANCE> 6
 3.179780e+01 4.064604e+04 1.446404e+04 2.998339e+02 4.032245e+04 5.181961e+07
<GCONST> 6.874991e+01
<MIXTURE> 11 7.987127e-02
<MEAN> 6
 8.047833e+01 3.249718e+02 2.345525e+02 -5.530180e-01 -8.241677e+00 -1.211085e+02
<VARIANCE> 6
 3.179780e+01 1.280424e+04 1.446404e+04 2.998339e+02 4.032245e+04 5.181961e+07
<GCONST> 6.759479e+01
<MIXTURE> 12 7.890094e-02
<MEAN> 6
 5.822332e+01 2.985649e+01 3.569805e+02 1.055875e-01 1.005410e+00 -1.114280e+02
<VARIANCE> 6
 3.179780e+01 1.280424e+04 1.446404e+04 2.998339e+02 4.032245e+04 5.181961e+07
<GCONST> 6.759479e+01
<STATE> 8
<NUMMIXES> 12
<MIXTURE> 1 1.010485e-01
<MEAN> 6
 8.490316e+01 -1.127271e+02 -1.061041e+00 2.527551e-01 -1.557387e+00 -8.961442e+00
<VARIANCE> 6
 3.179780e+01 1.280424e+04 1.446404e+04 2.998339e+02 4.032245e+04 5.181961e+07
<GCONST> 6.759479e+01
<MIXTURE> 2 6.728618e-02
<MEAN> 6
 7.371589e+01 1.475323e+02 -8.589380e-01 -4.504739e-01 -5.215053e+00 -1.393533e+02
<VARIANCE> 6
 3.179780e+01 1.280424e+04 1.446404e+04 2.998339e+02 4.032245e+04 5.181961e+07
<GCONST> 6.759479e+01
<MIXTURE> 3 1.189145e-02
<MEAN> 6
 5.459985e+01 1.232084e+03 -3.269488e+02 1.239679e+00 1.630195e+01 4.728929e+02
<VARIANCE> 6
 1.177365e+02 2.551954e+05 1.756933e+05 2.998339e+02 4.032245e+04 5.181961e+07
<GCONST> 7.439316e+01
<MIXTURE> 4 1.097122e-01
<MEAN> 6
 5.860739e+01 -3.433868e+01 -3.123195e+00 1.231195e-01 -9.196707e+00 -1.745908e+02
<VARIANCE> 6
 3.179780e+01 1.280424e+04 1.446404e+04 2.998339e+02 4.032245e+04 5.181961e+07
<GCONST> 6.759479e+01
<MIXTURE> 5 1.151187e-01
<MEAN> 6
 5.859199e+01 -3.464998e+01 -3.163899e+00 1.250381e-01 -9.206096e+00 -1.746616e+02
<VARIANCE> 6
 3.179780e+01 1.280424e+04 1.446404e+04 2.998339e+02 4.032245e+04 5.181961e+07
<GCONST> 6.759479e+01
<MIXTURE> 6 6.927332e-02
<MEAN> 6
 5.565751e+01 2.763929e+02 -1.719445e+02 -1.066801e-01 -1.664006e+00 -3.649284e+01
<VARIANCE> 6
 3.179780e+01 1.280424e+04 1.446404e+04 2.998339e+02 4.032245e+04 5.181961e+07
<GCONST> 6.759479e+01
<MIXTURE> 7 1.115885e-01
<MEAN> 6
 5.858984e+01 -3.468742e+01 -3.168418e+00 1.252961e-01 -9.207371e+00 -1.746740e+02
<VARIANCE> 6
 3.179780e+01 1.280424e+04 1.446404e+04 2.998339e+02 4.032245e+04 5.181961e+07
<GCONST> 6.759479e+01
<MIXTURE> 8 6.783418e-02
<MEAN> 6
 7.274843e+01 1.482745e+02 -9.990865e+00 -3.464105e-01 -4.642086e+00 -1.376009e+02
<VARIANCE> 6
 3.179780e+01 1.280424e+04 1.446404e+04 2.998339e+02 4.032245e+04 5.181961e+07
<GCONST> 6.759479e+01
<MIXTURE> 9 1.100553e-01
<MEAN> 6
 5.858185e+01 -3.484145e+01 -3.189019e+00 1.262910e-01 -9.212133e+00 -1.747141e+02
<VARIANCE> 6
 3.179780e+01 1.280424e+04 1.446404e+04 2.998339e+02 4.032245e+04 5.181961e+07
<GCONST> 6.759479e+01
<MIXTURE> 10 1.013202e-01
<MEAN> 6
 8.498749e+01 -1.185053e+02 -1.471770e+00 2.610931e-01 -1.516067e+00 -1.061138e+01
<VARIANCE> 6
 3.179780e+01 1.280424e+04 1.446404e+04 2.998339e+02 4.032245e+04 5.181961e+07
<GCONST> 6.759479e+01
<MIXTURE> 11 6.780771e-02
<MEAN> 6
 7.107945e+01 1.583739e+02 -2.671274e+01 -1.788619e-01 -3.407891e+00 -1.274224e+02
<VARIANCE> 6
 3.179780e+01 1.280424e+04 1.446404e+04 2.998339e+02 4.032245e+04 5.181961e+07
<GCONST> 6.759479e+01
<MIXTURE> 12 6.700083e-02
<MEAN> 6
 7.204202e+01 1.284900e+02 -1.919364e+01 -3.235051e-01 -4.741428e+00 -1.447307e+02
<VARIANCE> 6
 3.179780e+01 1.280424e+04 1.446404e+04 2.998339e+02 4.032245e+04 5.181961e+07
<GCONST> 6.759479e+01
<STATE> 9
<NUMMIXES> 12
<MIXTURE> 1 1.165038e-01
<MEAN> 6
 1.099466e+02 6.209052e+02 3.763123e+02 -6.310975e+00 3.873916e+00 -7.092667e+01
<VARIANCE> 6
 5.394722e+01 1.280424e+04 1.448544e+04 2.998339e+02 4.032245e+04 5.181961e+07
<GCONST> 6.812487e+01
<MIXTURE> 2 6.249964e-02
<MEAN> 6
 1.049200e+02 4.535169e+02 -1.726239e+03 -7.657205e+00 1.048313e+01 2.758346e+02
<VARIANCE> 6
 3.179780e+01 1.280424e+04 1.446404e+04 2.998339e+02 4.032245e+04 5.181961e+07
<GCONST> 6.759479e+01
<MIXTURE> 3 4.175511e-02
<MEAN> 6
 9.355160e+01 4.465257e+02 -1.159794e+03 -8.168680e+00 -2.490469e+01 5.892896e+02
<VARIANCE> 6
 1.206008e+02 3.044744e+04 1.446404e+04 2.998339e+02 4.032245e+04 5.181961e+07
<GCONST> 6.979410e+01
<MIXTURE> 4 8.786704e-02
<MEAN> 6
 9.890088e+01 7.696845e+02 6.959660e+01 -3.096765e+00 2.937181e-01 1.944650e+01
<VARIANCE> 6
 3.179780e+01 1.280424e+04 1.446404e+04 2.998339e+02 4.032245e+04 5.181961e+07
<GCONST> 6.759479e+01
<MIXTURE> 5 8.544472e-02
<MEAN> 6
 9.668404e+01 4.010842e+02 -2.171395e+02 -2.178955e+00 -4.353878e+00 -7.074475e+01
<VARIANCE> 6
 3.179780e+01 8.483388e+04 1.446404e+04 2.998339e+02 4.032245e+04 5.181961e+07
<GCONST> 6.948570e+01
<MIXTURE> 6 7.054182e-02
<MEAN> 6
 9.301536e+01 7.496201e+02 -2.617778e+03 -6.707500e-01 -1.670642e+01 -1.808665e+02
<VARIANCE> 6
 3.179780e+01 1.280424e+04 1.028654e+06 2.998339e+02 4.032245e+04 5.181961e+07
<GCONST> 7.185912e+01
<MIXTURE> 7 3.142954e-02
<MEAN> 6
 9.967765e+01 4.900095e+02 -5.289319e+02 -1.252143e+01 2.671102e+00 1.476336e+02
<VARIANCE> 6
 3.179780e+01 1.280424e+04 7.356280e+04 2.998339e+02 4.032245e+04 5.181961e+07
<GCONST> 6.922125e+01
<MIXTURE> 8 1.034196e-01
<MEAN> 6
 9.107295e+01 4.563086e+02 1.389793e+02 -3.673531e+00 8.343847e-01 4.322110e+01
<VARIANCE> 6
 3.179780e+01 1.280424e+04 1.446404e+04 2.998339e+02 4.032245e+04 5.181961e+07
<GCONST> 6.759479e+01
<MIXTURE> 9 1.211449e-01
<MEAN> 6
 9.876636e+01 6.765438e+02 -1.875200e+03 1.492405e+00 -3.373474e-01 1.618686e+01
<VARIANCE> 6
 3.179780e+01 1.280424e+04 1.446404e+04 2.998339e+02 4.032245e+04 5.181961e+07
<GCONST> 6.759479e+01
<MIXTURE> 10 8.924668e-02
<MEAN> 6
 9.890112e+01 7.623106e+02 7.150987e+01 -3.091543e+00 3.370827e-01 2.088914e+01
<VARIANCE> 6
 3.179780e+01 1.280424e+04 1.446404e+04 2.998339e+02 4.032245e+04 5.181961e+07
<GCONST> 6.759479e+01
<MIXTURE> 11 1.101814e-01
<MEAN> 6
 9.627406e+01 3.043049e+02 -2.354209e+02 -3.482185e+00 -4.340186e+00 -8.124606e+01
<VARIANCE> 6
 3.179780e+01 3.731572e+04 1.446404e+04 2.998339e+02 4.032245e+04 5.181961e+07
<GCONST> 6.866442e+01
<MIXTURE> 12 7.995608e-02
<MEAN> 6
 9.135999e+01 7.441553e+02 -2.660600e+03 -3.096222e+00 1.004161e+00 1.714573e+00
<VARIANCE> 6
 3.179780e+01 1.280424e+04 1.696968e+05 2.998339e+02 4.032245e+04 5.181961e+07
<GCONST> 7.005713e+01
<STATE> 10
<NUMMIXES> 12
<MIXTURE> 1 1.320909e-01
<MEAN> 6
 7.329941e+01 4.834525e+02 -2.353829e+02 -1.605975e+00 -3.038104e+00 -4.222311e+01
<VARIANCE> 6
 3.179780e+01 1.280424e+04 1.446404e+04 2.998339e+02 4.032245e+04 5.181961e+07
<GCONST> 6.759479e+01
<MIXTURE> 2 8.820768e-02
<MEAN> 6
 9.867802e+01 -4.989852e+02 -5.421790e+02 -1.188486e+00 -3.821953e+00 -8.600320e+01
<VARIANCE> 6
 3.346696e+01 1.280424e+04 1.446404e+04 2.998339e+02 4.032245e+04 5.181961e+07
<GCONST> 6.764595e+01
<MIXTURE> 3 1.001950e-01
<MEAN> 6
 8.214606e+01 3.088362e+02 -7.016960e+02 -1.991721e+00 -6.144438e+00 -1.959289e+02
<VARIANCE> 6
 3.179780e+01 1.280424e+04 2.680765e+04 2.998339e+02 4.032245e+04 5.181961e+07
<GCONST> 6.821181e+01
<MIXTURE> 4 6.494004e-02
<MEAN> 6
 7.217355e+01 -8.884787e+02 -8.343307e+02 -6.999773e-01 -7.858297e-01 5.034109e+01
<VARIANCE> 6
 3.179780e+01 4.941265e+05 9.736495e+04 2.998339e+02 4.032245e+04 5.181961e+07
<GCONST> 7.315460e+01
<MIXTURE> 5 5.983686e-02
<MEAN> 6
 8.456205e+01 2.719715e+01 -2.473637e+02 -6.781275e-01 -1.970651e+00 -2.397605e+01
<VARIANCE> 6
 3.179780e+01 1.280424e+04 1.446404e+04 2.998339e+02 4.032245e+04 5.181961e+07
<GCONST> 6.759479e+01
<MIXTURE> 6 6.626066e-02
<MEAN> 6
 8.296399e+01 -1.997154e+02 -3.504804e+02 4.956695e-01 -1.163691e+01 7.715788e+01
<VARIANCE> 6
 3.179780e+01 1.280424e+04 1.446404e+04 2.998339e+02 4.032245e+04 5.181961e+07
<GCONST> 6.759479e+01
<MIXTURE> 7 9.069005e-02
<MEAN> 6
 9.617310e+01 -4.981764e+02 -5.447934e+02 -5.743893e-01 -5.506167e+00 -1.205565e+02
<VARIANCE> 6
 3.179780e+01 1.280424e+04 1.446404e+04 2.998339e+02 4.032245e+04 5.181961e+07
<GCONST> 6.759479e+01
<MIXTURE> 8 1.309950e-01
<MEAN> 6
 8.447830e+01 1.854402e+01 -2.515239e+02 -5.599219e-01 -2.333520e+00 -2.782790e+01
<VARIANCE> 6
 3.179780e+01 1.280424e+04 1.446404e+04 2.998339e+02 4.032245e+04 5.181961e+07
<GCONST> 6.759479e+01
<MIXTURE> 9 8.042240e-02
<MEAN> 6
 8.714438e+01 -2.879831e+02 -9.776829e+02 -1.754808e-01 -4.781838e+00 5.329790e+01
<VARIANCE> 6
 3.179780e+01 1.280424e+04 5.111950e+04 2.998339e+02 4.032245e+04 5.181961e+07
<GCONST> 6.885728e+01
<MIXTURE> 10 7.053595e-02
<MEAN> 6
 6.614389e+01 4.576169e+02 -3.489814e+02 2.767234e-01 4.458472e+00 -1.679651e+02
<VARIANCE> 6
 5.379232e+01 1.280424e+04 1.446404e+04 2.998339e+02 4.032245e+04 5.181961e+07
<GCONST> 6.812051e+01
<MIXTURE> 11 5.564236e-02
<MEAN> 6
 7.397517e+01 -1.710182e+02 -1.263525e+03 -2.226087e+00 -4.473108e-02 -4.508234e+00
<VARIANCE> 6
 3.179780e+01 3.084029e+05 1.476176e+05 2.998339e+02 4.032245e+04 5.181961e+07
<GCONST> 7.309937e+01
<MIXTURE> 12 6.011889e-02
<MEAN> 6
 8.435255e+01 5.066427e+00 -2.589857e+02 -4.055010e-01 -2.971281e+00 -3.121972e+01
<VARIANCE> 6
 3.179780e+01 1.280424e+04 1.446404e+04 2.998339e+02 4.032245e+04 5.181961e+07
<GCONST> 6.759479e+01
<STATE> 11
<NUMMIXES> 12
<MIXTURE> 1 1.328533e-01
<MEAN> 6
 1.001862e+02 -4.714362e+01 3.389912e+03 -4.741216e+00 3.990145e-01 -1.609900e+01
<VARIANCE> 6
 3.179780e+01 1.280424e+04 1.446404e+04 2.998339e+02 4.032245e+04 5.181961e+07
<GCONST> 6.759479e+01
<MIXTURE> 2 7.393817e-02
<MEAN> 6
 8.417787e+01 -4.173099e+02 1.453698e+03 -3.875731e+00 -1.514674e+00 -6.775079e+00
<VARIANCE> 6
 3.179780e+01 1.280424e+04 1.446404e+04 2.998339e+02 4.032245e+04 5.181961e+07
<GCONST> 6.759479e+01
<MIXTURE> 3 5.094421e-02
<MEAN> 6
 7.516106e+01 2.991375e+02 3.059584e+03 1.016796e+01 4.988420e+01 -2.154684e+03
<VARIANCE> 6
 2.244617e+02 1.775730e+05 1.759336e+06 1.031517e+03 3.405969e+05 1.757157e+08
<GCONST> 8.157018e+01
<MIXTURE> 4 1.027511e-01
<MEAN> 6
 8.215663e+01 -5.960114e+02 2.908592e+03 -1.750622e+00 -1.103618e+00 -1.616669e+01
<VARIANCE> 6
 3.179780e+01 1.280424e+04 1.446404e+04 2.998339e+02 4.032245e+04 5.181961e+07
<GCONST> 6.759479e+01
<MIXTURE> 5 1.076949e-01
<MEAN> 6
 9.526958e+01 5.940925e+02 2.158918e+03 1.446892e+00 -9.731269e+00 -4.868583e+01
<VARIANCE> 6
 3.179780e+01 1.280424e+04 1.446404e+04 2.998339e+02 4.032245e+04 5.181961e+07
<GCONST> 6.759479e+01
<MIXTURE> 6 1.209396e-01
<MEAN> 6
 9.236575e+01 3.144816e+02 3.252809e+03 -8.778648e+00 -4.504315e+00 8.880361e+02
<VARIANCE> 6
 3.179780e+01 1.280424e+04 1.446404e+04 2.998339e+02 4.032245e+04 5.181961e+07
<GCONST> 6.759479e+01
<MIXTURE> 7 1.136394e-01
<MEAN> 6
 8.770507e+01 3.778950e+02 1.923523e+03 -2.782510e+00 5.825743e+00 -2.606561e+01
<VARIANCE> 6
 3.179780e+01 1.280424e+04 1.446404e+04 2.998339e+02 4.032245e+04 5.181961e+07
<GCONST> 6.759479e+01
<MIXTURE> 8 6.853885e-02
<MEAN> 6
 7.521273e+01 -8.272258e+02 3.295083e+03 -1.355657e+00 9.702859e-01 -5.080387e+00
<VARIANCE> 6
 3.179780e+01 1.280424e+04 1.474299e+04 2.998339e+02 4.032245e+04 5.181961e+07
<GCONST> 6.761388e+01
<MIXTURE> 9 4.348554e-02
<MEAN> 6
 9.234680e+01 -4.562582e+02 8.177489e+02 -3.853921e+00 3.754172e+00 4.082952e+01
<VARIANCE> 6
 3.179780e+01 1.280424e+04 1.337891e+05 2.998339e+02 4.032245e+04 5.181961e+07
<GCONST> 6.981938e+01
<MIXTURE> 10 4.282012e-02
<MEAN> 6
 9.295800e+01 2.515155e+02 2.507097e+03 7.967233e+00 -2.856925e+01 -1.756962e+02
<VARIANCE> 6
 3.179780e+01 3.942418e+04 1.749761e+04 2.998339e+02 4.032245e+04 5.181961e+07
<GCONST> 6.890979e+01
<MIXTURE> 11 7.382791e-02
<MEAN> 6
 8.439291e+01 -4.198847e+02 1.448312e+03 -3.935800e+00 -1.511045e+00 -2.551075e+00
<VARIANCE> 6
 3.179780e+01 1.280424e+04 1.446404e+04 2.998339e+02 4.032245e+04 5.181961e+07
<GCONST> 6.759479e+01
<MIXTURE> 12 6.855764e-02
<MEAN> 6
 7.541261e+01 -8.165779e+02 3.275359e+03 -1.483163e+00 1.129406e+00 -2.474421e+00
<VARIANCE> 6
 3.179780e+01 1.280424e+04 1.476615e+04 2.998339e+02 4.032245e+04 5.181961e+07
<GCONST> 6.761545e+01
<STATE> 12
<NUMMIXES> 12
<MIXTURE> 1 6.079175e-02
<MEAN> 6
 5.815623e+01 2.243520e+01 3.062990e+03 -8.839781e+00 1.078020e+01 2.280618e+02
<VARIANCE> 6
 5.738900e+01 2.525452e+04 1.388077e+05 2.998339e+02 4.032245e+04 5.181961e+07
<GCONST> 7.112589e+01
<MIXTURE> 2 8.831313e-02
<MEAN> 6
 6.350150e+01 1.361536e+02 -6.205320e+02 -5.145766e-01 -8.040367e+00 -1.719279e+02
<VARIANCE> 6
 3.179780e+01 1.280424e+04 1.446404e+04 2.998339e+02 4.032245e+04 5.181961e+07
<GCONST> 6.759479e+01
<MIXTURE> 3 5.903487e-02
<MEAN> 6
 6.355363e+01 -2.351852e+01 -3.929232e+02 -2.061743e-01 -4.671226e+00 -1.360161e+02
<VARIANCE> 6
 3.179780e+01 1.280424e+04 1.446404e+04 2.998339e+02 4.032245e+04 5.181961e+07
<GCONST> 6.759479e+01
<MIXTURE> 4 1.007100e-01
<MEAN> 6
 6.350858e+01 -1.902337e+01 -4.042959e+02 -2.229495e-01 -4.678409e+00 -1.317491e+02
<VARIANCE> 6
 3.179780e+01 1.280424e+04 1.446404e+04 2.998339e+02 4.032245e+04 5.181961e+07
<GCONST> 6.759479e+01
<MIXTURE> 5 8.937386e-02
<MEAN> 6
 6.280373e+01 -1.856617e+02 -6.714432e+02 -7.402044e-01 -7.376675e+00 -1.795446e+02
<VARIANCE> 6
 3.179780e+01 1.280424e+04 1.446404e+04 2.998339e+02 4.032245e+04 5.181961e+07
<GCONST> 6.759479e+01
<MIXTURE> 6 9.978627e-02
<MEAN> 6
 6.698091e+01 -2.259301e+02 -2.389713e+02 -8.046713e-01 -6.568282e+00 -1.358120e+02
<VARIANCE> 6
 3.179780e+01 1.280424e+04 1.446404e+04 2.998339e+02 4.032245e+04 5.181961e+07
<GCONST> 6.759479e+01
<MIXTURE> 7 8.796456e-02
<MEAN> 6
 5.832825e+01 -2.379847e+02 8.746630e+02 -1.307033e+00 -1.475320e+01 -5.330763e+01
<VARIANCE> 6
 3.179780e+01 1.280424e+04 1.446404e+04 2.998339e+02 4.032245e+04 5.181961e+07
<GCONST> 6.759479e+01
<MIXTURE> 8 1.184268e-01
<MEAN> 6
 6.232931e+01 -2.144724e+02 -3.153194e+02 -2.280594e-01 -4.206118e+00 -1.374867e+02
<VARIANCE> 6
 3.179780e+01 1.280424e+04 1.446404e+04 2.998339e+02 4.032245e+04 5.181961e+07
<GCONST> 6.759479e+01
<MIXTURE> 9 1.153434e-01
<MEAN> 6
 6.313237e+01 -7.498590e+01 -3.860243e+02 -1.261487e-01 -4.041902e+00 -1.247955e+02
<VARIANCE> 6
 3.179780e+01 1.280424e+04 1.446404e+04 2.998339e+02 4.032245e+04 5.181961e+07
<GCONST> 6.759479e+01
<MIXTURE> 10 8.972043e-02
<MEAN> 6
 6.280602e+01 -1.857863e+02 -6.715143e+02 -7.410159e-01 -7.377586e+00 -1.794275e+02
<VARIANCE> 6
 3.179780e+01 1.280424e+04 1.446404e+04 2.998339e+02 4.032245e+04 5.181961e+07
<GCONST> 6.759479e+01
<MIXTURE> 11 3.230243e-02
<MEAN> 6
 6.396817e+01 -3.481504e+02 -2.296765e+03 -3.170387e+00 -1.276590e+01 3.065172e+02
<VARIANCE> 6
 3.179780e+01 1.035652e+05 2.506361e+04 2.998339e+02 4.032245e+04 5.181961e+07
<GCONST> 7.023495e+01
<MIXTURE> 12 5.821798e-02
<MEAN> 6
 6.312821e+01 -6.320060e+01 -4.041075e+02 -1.693919e-01 -4.211867e+00 -1.211546e+02
<VARIANCE> 6
 3.179780e+01 1.280424e+04 1.446404e+04 2.998339e+02 4.032245e+04 5.181961e+07
<GCONST> 6.759479e+01
<STATE> 13
<NUMMIXES> 12
<MIXTURE> 1 1.181118e-01
<MEAN> 6
 6.176465e+01 6.492995e+01 -5.405530e+01 -7.759560e+01 -1.092322e+03 -9.943812e+03
<VARIANCE> 6
 9.734056e+01 4.310022e+04 1.265848e+05 1.722937e+03 1.822899e+05 7.130100e+07
<GCONST> 7.567299e+01
<MIXTURE> 2 3.488226e-02
<MEAN> 6
 7.972296e+01 -8.309956e+01 1.166179e+02 -4.379253e+00 -2.048882e+01 -1.783457e+02
<VARIANCE> 6
 3.179780e+01 6.910034e+04 2.744876e+04 2.998339e+02 4.032245e+04 5.181961e+07
<GCONST> 6.992122e+01
<MIXTURE> 3 6.547649e-02
<MEAN> 6
 7.838845e+01 -5.821349e+02 -2.121929e+02 -2.416111e+00 2.184091e+00 9.395199e+01
<VARIANCE> 6
 3.179780e+01 2.108331e+04 1.446404e+04 2.998339e+02 4.032245e+04 5.181961e+07
<GCONST> 6.809349e+01
<MIXTURE> 4 1.070882e-01
<MEAN> 6
 7.117079e+01 -1.266529e+03 -1.740184e+02 1.344935e+00 -2.510776e+01 -2.113647e+02
<VARIANCE> 6
 3.179780e+01 1.280424e+04 1.944460e+04 2.998339e+02 4.032245e+04 5.181961e+07
<GCONST> 6.789069e+01
<MIXTURE> 5 6.314670e-02
<MEAN> 6
 4.488820e+01 4.050765e+02 -6.555302e+01 -2.307914e+02 -1.276773e+03 4.216810e+03
<VARIANCE> 6
 1.356766e+02 3.685206e+05 3.477492e+05 3.902388e+03 2.687202e+05 5.931230e+07
<GCONST> 8.018312e+01
<MIXTURE> 6 1.019705e-01
<MEAN> 6
 -4.780076e+01 1.104407e+02 -1.055067e+01 -2.788485e+02 2.680427e+03 1.109580e+04
<VARIANCE> 6
 3.655682e+02 5.778788e+05 3.089513e+05 1.828673e+04 2.032874e+06 2.596160e+09
<GCONST> 8.885297e+01
<MIXTURE> 7 9.523404e-02
<MEAN> 6
 6.248215e+01 -9.959888e+01 -1.893533e+02 -1.219367e+02 -1.419614e+03 -7.380373e+03
<VARIANCE> 6
 1.939743e+02 7.437114e+05 9.217409e+04 1.181259e+04 1.778842e+06 4.398485e+08
<GCONST> 8.491617e+01
<MIXTURE> 8 1.136086e-01
<MEAN> 6
 -5.225273e+01 2.121812e+01 -6.071168e+01 -3.579124e+01 1.586762e+03 -1.944224e+03
<VARIANCE> 6
 4.364878e+02 9.514223e+04 9.143665e+05 2.977346e+04 1.294257e+05 5.674739e+07
<GCONST> 8.222149e+01
<MIXTURE> 9 9.302697e-02
<MEAN> 6
 -5.289699e+00 1.493496e+02 -7.208636e+01 -3.726797e+02 1.509478e+02 1.899494e+04
<VARIANCE> 6
 2.992658e+02 2.891014e+05 2.686195e+05 2.433353e+03 7.543169e+05 2.811621e+08
<GCONST> 8.258921e+01
<MIXTURE> 10 7.648537e-02
<MEAN> 6
 -6.597433e+01 4.136786e+02 -5.294838e+02 -3.512152e+01 8.779390e+02 -9.570485e+03
<VARIANCE> 6
 9.307989e+01 2.330786e+05 1.669519e+05 3.572722e+03 3.943646e+05 2.502791e+08
<GCONST> 8.034952e+01
<MIXTURE> 11 6.306028e-02
<MEAN> 6
 1.150697e+01 -2.671340e+02 -2.906504e+02 -4.398507e+02 -9.643069e+02 2.007932e+04
<VARIANCE> 6
 5.574161e+02 3.651597e+05 5.504621e+05 4.261721e+03 8.801129e+05 6.377756e+08
<GCONST> 8.569591e+01
<MIXTURE> 12 6.790614e-02
<MEAN> 6
 3.301239e+01 1.195199e+02 -2.822895e+02 -2.920571e+02 -1.359602e+03 5.116882e+03
<VARIANCE> 6
 1.493094e+02 2.127903e+05 1.844789e+05 3.116348e+03 3.037944e+05 1.190346e+08
<GCONST> 7.969009e+01
<STATE> 14
<NUMMIXES> 12
<MIXTURE> 1 6.993026e-02
<MEAN> 6
 7.654459e+01 1.083642e+02 -8.939281e+00 1.343473e+01 -9.850360e+02 1.087073e+03
<VARIANCE> 6
 6.587612e+02 8.744188e+05 1.098526e+06 3.038320e+04 7.105592e+05 3.296438e+08
<GCONST> 8.851740e+01
<MIXTURE> 2 1.438134e-02
<MEAN> 6
 -7.237424e+00 1.551275e+02 1.196318e+02 -2.826432e+01 6.674393e+01 5.022784e+03
<VARIANCE> 6
 1.177435e+04 1.992129e+05 4.249444e+05 2.039531e+06 1.117629e+09 1.643687e+12
<GCONST> 1.090535e+02
<MIXTURE> 3 5.256809e-02
<MEAN> 6
 -3.112150e+00 -8.587096e+01 1.279701e+02 -5.024189e+01 2.658033e+02 1.179479e+03
<VARIANCE> 6
 4.652377e+03 5.006759e+05 4.222588e+05 6.215716e+04 2.829354e+06 2.062858e+09
<GCONST> 9.288982e+01
<MIXTURE> 4 6.619611e-02
<MEAN> 6
 8.587860e+01 -9.997221e+01 2.037031e+02 -7.968764e+00 -1.163617e+01 -2.298324e+01
<VARIANCE> 6
 1.401106e+02 1.074992e+06 6.457432e+05 2.998339e+02 4.032245e+04 5.181961e+07
<GCONST> 7.730685e+01
<MIXTURE> 5 1.108862e-01
<MEAN> 6
 -2.644329e+01 -3.996624e+01 2.121422e+02 8.930880e+01 5.510635e+02 -2.387804e+03
<VARIANCE> 6
 6.880166e+02 2.637315e+05 3.301246e+05 2.947959e+04 1.979370e+05 5.181961e+07
<GCONST> 8.300142e+01
<MIXTURE> 6 1.000503e-01
<MEAN> 6
 6.603397e+01 3.759692e+01 -2.542810e+01 5.614938e+01 -4.099892e+02 -7.753520e+02
<VARIANCE> 6
 4.657229e+02 1.147930e+05 6.198940e+04 1.828271e+04 1.396772e+05 5.181961e+07
<GCONST> 7.928053e+01
<MIXTURE> 7 8.805410e-02
<MEAN> 6
 -5.380684e+01 -8.858013e+00 4.520592e+01 1.928361e+01 2.751742e+02 2.521358e+02
<VARIANCE> 6
 2.214201e+02 7.258694e+04 9.256614e+04 9.971935e+02 8.187466e+04 5.181961e+07
<GCONST> 7.503671e+01
<MIXTURE> 8 1.382085e-01
<MEAN> 6
 1.744204e+01 -2.546824e+01 1.203255e+01 -4.354238e+01 -1.461661e+02 6.665704e+02
<VARIANCE> 6
 6.881133e+02 5.296717e+04 9.197317e+04 5.381818e+04 2.531570e+05 1.564464e+08
<GCONST> 8.207125e+01
<MIXTURE> 9 7.495089e-02
<MEAN> 6
 7.943597e+01 2.681687e+00 5.913008e+01 -5.812112e+00 -2.113444e+01 -2.451862e+02
<VARIANCE> 6
 1.349458e+02 5.338683e+04 7.181018e+04 2.998339e+02 4.032245e+04 5.181961e+07
<GCONST> 7.207040e+01
<MIXTURE> 10 9.954699e-02
<MEAN> 6
 -4.437978e+01 -5.195905e+01 5.863149e+01 -1.762592e+01 1.159979e+03 7.638774e+02
<VARIANCE> 6
 2.894436e+02 1.053100e+05 8.148202e+04 3.289768e+04 3.643479e+05 2.527985e+08
<GCONST> 8.212315e+01
<MIXTURE> 11 1.105108e-01
<MEAN> 6
 6.499848e+01 -2.456102e+01 -4.805842e+01 -1.107056e+01 -7.258138e+02 -4.192692e+02
<VARIANCE> 6
 4.071113e+02 1.709305e+05 1.378469e+05 2.981705e+04 2.606201e+05 5.454680e+07
<GCONST> 8.150748e+01
<MIXTURE> 12 7.405795e-02
<MEAN> 6
 7.757445e+01 -7.711508e+01 -7.528763e+01 -6.281760e+00 -3.618307e+01 -2.866552e+02
<VARIANCE> 6
 1.331184e+02 4.911812e+04 1.135594e+05 2.998339e+02 4.032245e+04 5.181961e+07
<GCONST> 7.243173e+01
<TRANSP> 15
 0.000000e+00 1.000000e+00 0.000000e+00 0.000000e+00 0.000000e+00 0.000000e+00 0.000000e+00 0.000000e+00 0.000000e+00 0.000000e+00 0.000000e+00 0.000000e+00 0.000000e+00 0.000000e+00 0.000000e+00
 0.000000e+00 9.998997e-01 1.002744e-04 0.000000e+00 0.000000e+00 0.000000e+00 0.000000e+00 0.000000e+00 0.000000e+00 0.000000e+00 0.000000e+00 0.000000e+00 0.000000e+00 0.000000e+00 0.000000e+00
 0.000000e+00 0.000000e+00 9.964048e-01 3.595205e-03 0.000000e+00 0.000000e+00 0.000000e+00 0.000000e+00 0.000000e+00 0.000000e+00 0.000000e+00 0.000000e+00 0.000000e+00 0.000000e+00 0.000000e+00
 0.000000e+00 0.000000e+00 0.000000e+00 9.951008e-01 4.899157e-03 0.000000e+00 0.000000e+00 0.000000e+00 0.000000e+00 0.000000e+00 0.000000e+00 0.000000e+00 0.000000e+00 0.000000e+00 0.000000e+00
 0.000000e+00 0.000000e+00 0.000000e+00 0.000000e+00 9.954406e-01 4.559403e-03 0.000000e+00 0.000000e+00 0.000000e+00 0.000000e+00 0.000000e+00 0.000000e+00 0.000000e+00 0.000000e+00 0.000000e+00
 0.000000e+00 0.000000e+00 0.000000e+00 0.000000e+00 0.000000e+00 9.979862e-01 2.013775e-03 0.000000e+00 0.000000e+00 0.000000e+00 0.000000e+00 0.000000e+00 0.000000e+00 0.000000e+00 0.000000e+00
 0.000000e+00 0.000000e+00 0.000000e+00 0.000000e+00 0.000000e+00 0.000000e+00 9.977812e-01 2.218888e-03 0.000000e+00 0.000000e+00 0.000000e+00 0.000000e+00 0.000000e+00 0.000000e+00 0.000000e+00
 0.000000e+00 0.000000e+00 0.000000e+00 0.000000e+00 0.000000e+00 0.000000e+00 0.000000e+00 9.986989e-01 1.301063e-03 0.000000e+00 0.000000e+00 0.000000e+00 0.000000e+00 0.000000e+00 0.000000e+00
 0.000000e+00 0.000000e+00 0.000000e+00 0.000000e+00 0.000000e+00 0.000000e+00 0.000000e+00 0.000000e+00 9.964939e-01 3.506099e-03 0.000000e+00 0.000000e+00 0.000000e+00 0.000000e+00 0.000000e+00
 0.000000e+00 0.000000e+00 0.000000e+00 0.000000e+00 0.000000e+00 0.000000e+00 0.000000e+00 0.000000e+00 0.000000e+00 9.986444e-01 1.355656e-03 0.000000e+00 0.000000e+00 0.000000e+00 0.000000e+00
 0.000000e+00 0.000000e+00 0.000000e+00 0.000000e+00 0.000000e+00 0.000000e+00 0.000000e+00 0.000000e+00 0.000000e+00 0.000000e+00 9.954431e-01 4.556879e-03 0.000000e+00 0.000000e+00 0.000000e+00
 0.000000e+00 0.000000e+00 0.000000e+00 0.000000e+00 0.000000e+00 0.000000e+00 0.000000e+00 0.000000e+00 0.000000e+00 0.000000e+00 0.000000e+00 9.983445e-01 1.655515e-03 0.000000e+00 0.000000e+00
 0.000000e+00 0.000000e+00 0.000000e+00 0.000000e+00 0.000000e+00 0.000000e+00 0.000000e+00 0.000000e+00 0.000000e+00 0.000000e+00 0.000000e+00 0.000000e+00 9.971817e-01 2.818249e-03 0.000000e+00
 0.000000e+00 0.000000e+00 0.000000e+00 0.000000e+00 0.000000e+00 0.000000e+00 0.000000e+00 0.000000e+00 0.000000e+00 0.000000e+00 0.000000e+00 0.000000e+00 0.000000e+00 9.999243e-01 7.569935e-05
 0.000000e+00 0.000000e+00 0.000000e+00 0.000000e+00 0.000000e+00 0.000000e+00 0.000000e+00 0.000000e+00 0.000000e+00 0.000000e+00 0.000000e+00 0.000000e+00 0.000000e+00 0.000000e+00 0.000000e+00
<ENDHMM>
