~o
<STREAMINFO> 1 6
<VECSIZE> 6<NULLD><USER><DIAGC>
~h "SegundoPRIMARIA"
<BEGINHMM>
<NUMSTATES> 14
<STATE> 2
<NUMMIXES> 14
<MIXTURE> 1 5.380869e-02
<MEAN> 6
 3.744443e+01 9.233791e+01 2.793746e+01 2.478892e+02 -1.326800e+02 -1.528561e+03
<VARIANCE> 6
 7.185607e+02 9.340916e+04 1.808188e+05 6.823338e+03 2.152137e+05 6.470133e+07
<GCONST> 8.024729e+01
<MIXTURE> 2 2.769811e-02
<MEAN> 6
 6.901288e+01 1.002119e+02 4.914708e+01 9.648918e+00 -1.095119e+03 4.062156e+03
<VARIANCE> 6
 3.685150e+03 7.150299e+05 1.067616e+06 8.539177e+04 6.993310e+06 4.690941e+09
<GCONST> 9.598472e+01
<MIXTURE> 3 7.612529e-02
<MEAN> 6
 8.748431e+01 -1.149775e+01 8.735787e+01 -1.815066e+00 -2.876514e+01 -4.022284e+02
<VARIANCE> 6
 2.119245e+02 1.353264e+05 8.514419e+04 3.028640e+02 4.053393e+04 5.195771e+07
<GCONST> 7.364016e+01
<MIXTURE> 4 8.647755e-02
<MEAN> 6
 -4.581641e+01 3.987229e+01 -1.029185e+01 -1.097179e+02 1.638553e+03 9.002851e+02
<VARIANCE> 6
 4.478550e+02 1.276822e+05 1.784543e+05 4.251287e+04 1.033165e+06 8.547139e+08
<GCONST> 8.605309e+01
<MIXTURE> 5 9.628239e-02
<MEAN> 6
 9.375922e+01 -2.490532e+01 4.433016e+01 3.702725e+01 -9.494855e+02 -2.710271e+03
<VARIANCE> 6
 4.042574e+02 2.427368e+05 1.437240e+05 2.858025e+04 1.476788e+06 6.825666e+08
<GCONST> 8.611192e+01
<MIXTURE> 6 9.620193e-02
<MEAN> 6
 -4.630994e+01 6.688313e+01 2.644453e+01 6.059705e+01 8.503309e+02 2.136863e+02
<VARIANCE> 6
 2.316857e+02 7.347215e+04 7.557976e+04 1.495958e+04 2.050541e+05 6.205212e+07
<GCONST> 7.869788e+01
<MIXTURE> 7 9.867149e-02
<MEAN> 6
 2.593759e+01 1.575063e+01 1.299094e+02 -3.046635e+02 -3.775286e+02 8.211636e+03
<VARIANCE> 6
 7.078181e+02 6.472900e+04 1.832130e+05 9.391292e+03 7.539611e+05 2.695648e+08
<GCONST> 8.287877e+01
<MIXTURE> 8 7.666814e-02
<MEAN> 6
 7.941029e+01 -3.135378e+02 -2.708228e+02 -1.958772e+00 -1.148333e+01 -2.506278e+02
<VARIANCE> 6
 2.972812e+02 2.090987e+05 1.813655e+05 3.028640e+02 4.053393e+04 5.195771e+07
<GCONST> 7.516989e+01
<MIXTURE> 9 6.139373e-02
<MEAN> 6
 -1.605819e+01 3.954659e+00 2.607886e+01 1.158917e+02 6.085479e+02 -5.403293e+03
<VARIANCE> 6
 2.521230e+02 1.445902e+05 2.528661e+04 4.422690e+04 2.371065e+05 8.548615e+07
<GCONST> 7.991409e+01
<MIXTURE> 10 6.408931e-02
<MEAN> 6
 8.916815e+01 3.968245e+01 7.376043e+01 -1.399631e+01 -6.516675e+02 3.548672e+02
<VARIANCE> 6
 2.367166e+02 6.419383e+04 5.694168e+04 1.786824e+04 2.081972e+05 6.479120e+07
<GCONST> 7.853727e+01
<MIXTURE> 11 6.783942e-02
<MEAN> 6
 -5.648563e+01 6.327105e+01 2.675086e+00 7.246145e+00 2.336419e+02 3.576790e+02
<VARIANCE> 6
 1.953699e+02 9.170673e+04 1.145439e+05 9.118606e+02 9.165410e+04 5.195771e+07
<GCONST> 7.538443e+01
<MIXTURE> 12 6.860249e-02
<MEAN> 6
 7.012179e+01 2.000506e+01 -1.702849e+02 1.123076e+00 5.202593e-01 -1.651950e+02
<VARIANCE> 6
 8.069301e+01 6.697859e+04 3.307269e+04 3.028640e+02 4.053393e+04 5.195771e+07
<GCONST> 7.102562e+01
<MIXTURE> 13 6.285473e-02
<MEAN> 6
 3.290850e+01 5.588549e+01 6.694341e+00 2.634102e+02 -1.388871e+02 -3.977202e+03
<VARIANCE> 6
 6.079732e+02 9.493007e+04 3.197469e+04 7.037552e+03 2.366489e+05 9.489935e+07
<GCONST> 7.887267e+01
<MIXTURE> 14 6.277400e-02
<MEAN> 6
 8.148869e+01 -5.132151e+01 -5.941994e+00 -8.656711e+01 -8.719094e+02 -2.619338e+03
<VARIANCE> 6
 2.696933e+02 6.959789e+04 5.155520e+04 1.916441e+04 2.335890e+05 6.552298e+07
<GCONST> 7.884548e+01
<STATE> 3
<NUMMIXES> 14
<MIXTURE> 1 5.591320e-02
<MEAN> 6
 1.113166e+02 -1.424315e+02 2.149952e+02 -1.248231e+01 -9.128252e+01 2.436533e+03
<VARIANCE> 6
 3.185140e+01 4.137850e+04 4.723959e+04 3.412831e+02 1.215666e+05 5.195771e+07
<GCONST> 7.118872e+01
<MIXTURE> 2 6.399538e-02
<MEAN> 6
 9.785915e+01 -6.245200e+02 5.775122e+02 -1.100296e+00 -1.091574e+01 -1.096676e+02
<VARIANCE> 6
 3.185140e+01 9.945479e+03 1.398304e+04 3.028640e+02 4.053393e+04 5.195771e+07
<GCONST> 6.732794e+01
<MIXTURE> 3 9.599341e-02
<MEAN> 6
 1.134003e+02 -6.465527e+02 1.027033e+02 -3.790310e+00 -6.856075e+00 -2.537974e+02
<VARIANCE> 6
 3.185140e+01 9.945479e+03 2.248321e+04 3.028640e+02 4.053393e+04 5.195771e+07
<GCONST> 6.780286e+01
<MIXTURE> 4 1.099444e-01
<MEAN> 6
 9.350550e+01 -5.945264e+02 -2.125967e+02 -2.804453e+00 -4.137739e+00 3.628150e+01
<VARIANCE> 6
 3.185140e+01 9.945479e+03 1.398304e+04 3.028640e+02 4.053393e+04 5.195771e+07
<GCONST> 6.732794e+01
<MIXTURE> 5 6.087606e-02
<MEAN> 6
 1.004472e+02 -7.980333e+02 -4.580784e+01 -2.067084e+00 3.932549e+00 1.468200e+02
<VARIANCE> 6
 3.185140e+01 1.240712e+04 1.398304e+04 3.028640e+02 4.053393e+04 5.195771e+07
<GCONST> 6.754909e+01
<MIXTURE> 6 4.599402e-02
<MEAN> 6
 1.190352e+02 -1.707097e+02 2.196219e+02 -1.145854e+01 -1.986645e+03 5.013005e+04
<VARIANCE> 6
 2.218236e+02 5.995976e+05 6.084862e+05 5.465603e+03 2.123723e+06 9.586627e+08
<GCONST> 8.690785e+01
<MIXTURE> 7 7.359780e-02
<MEAN> 6
 9.863902e+01 -5.791149e+02 2.029817e+02 -1.545969e+00 -2.757312e+01 2.550262e+02
<VARIANCE> 6
 3.185140e+01 9.945479e+03 1.398304e+04 3.028640e+02 4.053393e+04 5.195771e+07
<GCONST> 6.732794e+01
<MIXTURE> 8 9.141561e-02
<MEAN> 6
 1.048781e+02 -9.582366e+02 8.587366e+01 -6.605737e+00 -2.237291e+01 -5.051381e+01
<VARIANCE> 6
 3.185140e+01 9.945479e+03 6.141116e+04 3.028640e+02 4.053393e+04 5.195771e+07
<GCONST> 6.880769e+01
<MIXTURE> 9 8.966239e-02
<MEAN> 6
 1.070742e+02 -7.169504e+02 -2.673305e+02 -4.712031e+00 -2.957886e+00 6.280738e+01
<VARIANCE> 6
 3.185140e+01 9.945479e+03 1.398304e+04 3.028640e+02 4.053393e+04 5.195771e+07
<GCONST> 6.732794e+01
<MIXTURE> 10 6.747766e-02
<MEAN> 6
 1.061692e+02 1.985700e+02 -3.552028e+01 -1.913529e+01 3.116718e+02 2.543454e+03
<VARIANCE> 6
 8.554198e+01 3.898009e+05 1.197399e+05 2.091575e+03 8.877390e+05 7.764759e+08
<GCONST> 8.185512e+01
<MIXTURE> 11 6.538314e-02
<MEAN> 6
 9.785738e+01 -6.248262e+02 5.768889e+02 -1.085445e+00 -1.083842e+01 -1.091830e+02
<VARIANCE> 6
 3.185140e+01 9.945479e+03 1.398304e+04 3.028640e+02 4.053393e+04 5.195771e+07
<GCONST> 6.732794e+01
<MIXTURE> 12 6.680852e-02
<MEAN> 6
 1.091159e+02 -3.376412e+02 3.380094e+02 -1.262337e+01 -1.523984e+01 -1.252408e+02
<VARIANCE> 6
 3.185140e+01 9.945479e+03 5.474003e+04 3.028640e+02 4.053393e+04 5.195771e+07
<GCONST> 6.869269e+01
<MIXTURE> 13 5.234498e-02
<MEAN> 6
 1.017360e+02 -5.181935e+02 -2.883514e+02 -2.056681e+01 1.049918e+00 8.292429e+03
<VARIANCE> 6
 1.241755e+02 4.474808e+05 2.555870e+05 1.564062e+03 6.876538e+05 5.443482e+08
<GCONST> 8.222285e+01
<MIXTURE> 14 6.056523e-02
<MEAN> 6
 9.972835e+01 -8.478809e+02 -1.012918e+02 -1.829244e+00 -1.457496e-01 9.987097e+01
<VARIANCE> 6
 3.185140e+01 1.372530e+04 1.398304e+04 3.028640e+02 4.053393e+04 5.195771e+07
<GCONST> 6.765005e+01
<STATE> 4
<NUMMIXES> 14
<MIXTURE> 1 5.141896e-02
<MEAN> 6
 9.644493e+01 5.269434e+02 -2.044223e+02 2.187734e+01 -6.438371e+01 -1.219115e+03
<VARIANCE> 6
 3.867380e+01 7.276635e+04 1.398304e+04 7.491174e+02 4.053393e+04 5.195771e+07
<GCONST> 7.041777e+01
<MIXTURE> 2 4.631273e-03
<MEAN> 6
 8.168472e+01 6.715018e+02 3.960196e+01 4.082000e+01 -4.028033e+02 9.750442e+03
<VARIANCE> 6
 2.467290e+02 1.357594e+06 4.283869e+05 1.486864e+03 2.128912e+05 1.049323e+08
<GCONST> 8.166634e+01
<MIXTURE> 3 2.962307e-02
<MEAN> 6
 9.319009e+01 1.771484e+02 -2.353045e+02 6.114122e-01 2.461756e+02 -7.092854e+02
<VARIANCE> 6
 3.185140e+01 9.945479e+03 1.398304e+04 4.820959e+02 1.432311e+05 7.072937e+07
<GCONST> 6.936355e+01
<MIXTURE> 4 7.729819e-02
<MEAN> 6
 9.637159e+01 -8.689508e+00 -4.477168e+02 -1.670094e+00 -7.100909e-01 -2.333195e+02
<VARIANCE> 6
 3.185140e+01 9.945479e+03 1.398304e+04 3.028640e+02 4.053393e+04 5.195771e+07
<GCONST> 6.732794e+01
<MIXTURE> 5 7.369050e-02
<MEAN> 6
 9.334708e+01 2.676223e+02 -4.316710e+02 9.555048e-01 -1.034102e+00 -5.474554e+01
<VARIANCE> 6
 3.185140e+01 9.945479e+03 1.398304e+04 3.028640e+02 4.053393e+04 5.195771e+07
<GCONST> 6.732794e+01
<MIXTURE> 6 7.026292e-02
<MEAN> 6
 9.745042e+01 -3.782210e+02 -5.234810e+02 -9.736381e-01 1.649055e+00 -5.150946e+01
<VARIANCE> 6
 3.185140e+01 9.945479e+03 1.398304e+04 3.028640e+02 4.053393e+04 5.195771e+07
<GCONST> 6.732794e+01
<MIXTURE> 7 1.157747e-01
<MEAN> 6
 1.046678e+02 -1.003797e+01 -2.539264e+02 -2.329246e+00 -1.544266e+01 6.559232e+01
<VARIANCE> 6
 3.185140e+01 9.945479e+03 1.500767e+04 3.028640e+02 4.053393e+04 5.195771e+07
<GCONST> 6.739865e+01
<MIXTURE> 8 9.334473e-02
<MEAN> 6
 9.541376e+01 2.600623e+02 -6.312559e+02 -3.021902e+00 1.882112e+00 6.924060e+01
<VARIANCE> 6
 3.185140e+01 9.945479e+03 1.398304e+04 3.028640e+02 4.053393e+04 5.195771e+07
<GCONST> 6.732794e+01
<MIXTURE> 9 9.633518e-02
<MEAN> 6
 9.603815e+01 -1.468536e+01 -4.488312e+02 -1.848848e+00 4.602325e-01 -2.425920e+02
<VARIANCE> 6
 3.185140e+01 9.945479e+03 1.398304e+04 3.028640e+02 4.053393e+04 5.195771e+07
<GCONST> 6.732794e+01
<MIXTURE> 10 1.937152e-02
<MEAN> 6
 9.420850e+01 -5.844645e+02 -5.668026e+02 1.868820e+01 3.272372e+01 -1.029258e+03
<VARIANCE> 6
 3.185140e+01 9.945479e+03 1.398304e+04 3.028640e+02 4.053393e+04 5.195771e+07
<GCONST> 6.732794e+01
<MIXTURE> 11 1.379756e-01
<MEAN> 6
 9.408678e+01 1.746063e+02 -1.576785e+02 -3.996141e+00 1.241115e+01 5.016981e+02
<VARIANCE> 6
 3.185140e+01 9.945479e+03 1.398304e+04 3.028640e+02 4.053393e+04 5.195771e+07
<GCONST> 6.732794e+01
<MIXTURE> 12 8.572921e-02
<MEAN> 6
 9.854817e+01 5.015927e+02 -2.113640e+02 -6.496190e+00 -5.307202e+01 9.620563e+02
<VARIANCE> 6
 3.185140e+01 1.305256e+04 1.398304e+04 3.028640e+02 4.053393e+04 5.195771e+07
<GCONST> 6.759981e+01
<MIXTURE> 13 7.414727e-02
<MEAN> 6
 9.234187e+01 2.757969e+02 -4.613164e+02 -5.622999e-01 1.252994e+01 3.825774e+01
<VARIANCE> 6
 3.185140e+01 9.945479e+03 1.398304e+04 3.028640e+02 4.053393e+04 5.195771e+07
<GCONST> 6.732794e+01
<MIXTURE> 14 7.036949e-02
<MEAN> 6
 9.765551e+01 -3.923953e+02 -5.287711e+02 -7.930294e-01 -1.023509e+01 -2.494768e+01
<VARIANCE> 6
 3.185140e+01 9.945479e+03 1.398304e+04 3.028640e+02 4.053393e+04 5.195771e+07
<GCONST> 6.732794e+01
<STATE> 5
<NUMMIXES> 14
<MIXTURE> 1 6.244111e-02
<MEAN> 6
 9.309314e+01 1.035608e+03 1.189568e+03 -3.434856e+00 -1.319535e+00 1.102355e+02
<VARIANCE> 6
 3.185140e+01 2.023027e+04 1.398304e+04 3.028640e+02 4.053393e+04 5.195771e+07
<GCONST> 6.803799e+01
<MIXTURE> 2 7.244577e-02
<MEAN> 6
 9.048712e+01 -1.365475e+03 8.064045e+02 -1.588096e-01 -8.097139e-01 -2.560909e+02
<VARIANCE> 6
 3.185140e+01 1.229054e+04 1.398304e+04 3.028640e+02 4.053393e+04 5.195771e+07
<GCONST> 6.753965e+01
<MIXTURE> 3 8.729956e-02
<MEAN> 6
 7.887768e+01 1.536419e+03 4.526962e+02 -1.610797e+00 -9.006422e+00 -2.803406e+02
<VARIANCE> 6
 3.185140e+01 9.945479e+03 1.398304e+04 3.028640e+02 4.053393e+04 5.195771e+07
<GCONST> 6.732794e+01
<MIXTURE> 4 5.336675e-02
<MEAN> 6
 9.954124e+01 8.108871e+02 2.947428e+02 -5.025157e+00 -4.124149e+00 9.933212e+01
<VARIANCE> 6
 3.185140e+01 9.945479e+03 1.398304e+04 3.028640e+02 4.053393e+04 5.195771e+07
<GCONST> 6.732794e+01
<MIXTURE> 5 9.558313e-02
<MEAN> 6
 8.435399e+01 1.014375e+03 2.808378e+02 -1.196227e+00 -3.993693e+00 -1.432849e+02
<VARIANCE> 6
 3.185140e+01 9.945479e+03 1.398304e+04 3.028640e+02 4.053393e+04 5.195771e+07
<GCONST> 6.732794e+01
<MIXTURE> 6 9.106510e-02
<MEAN> 6
 9.267027e+01 7.444474e+02 1.446485e+02 -2.704796e+00 -9.771793e-01 4.434919e+01
<VARIANCE> 6
 3.185140e+01 9.945479e+03 1.398304e+04 3.028640e+02 4.053393e+04 5.195771e+07
<GCONST> 6.732794e+01
<MIXTURE> 7 5.315098e-02
<MEAN> 6
 8.888805e+01 -2.963124e+02 6.524310e+02 -1.169791e+01 2.359592e+01 6.344357e+02
<VARIANCE> 6
 3.473465e+01 1.082277e+05 9.373493e+04 3.028640e+02 4.053393e+04 5.195771e+07
<GCONST> 7.170434e+01
<MIXTURE> 8 3.750621e-02
<MEAN> 6
 8.097080e+01 1.286951e+03 4.636911e+02 -1.606435e+00 5.225017e-01 -1.838848e+01
<VARIANCE> 6
 3.185140e+01 9.945479e+03 1.398304e+04 3.028640e+02 4.053393e+04 5.195771e+07
<GCONST> 6.732794e+01
<MIXTURE> 9 6.939214e-02
<MEAN> 6
 8.968971e+01 8.308574e+02 1.706886e+02 -1.731552e+00 2.155484e+00 -1.046712e+02
<VARIANCE> 6
 3.185140e+01 7.847153e+04 1.398304e+04 3.028640e+02 4.053393e+04 5.195771e+07
<GCONST> 6.939355e+01
<MIXTURE> 10 8.583993e-02
<MEAN> 6
 8.473049e+01 9.977114e+02 2.770367e+02 -1.268845e+00 -2.932617e+00 -1.104455e+02
<VARIANCE> 6
 3.185140e+01 9.945479e+03 1.398304e+04 3.028640e+02 4.053393e+04 5.195771e+07
<GCONST> 6.732794e+01
<MIXTURE> 11 8.525324e-02
<MEAN> 6
 9.224709e+01 7.047157e+02 2.237227e+01 -1.728403e+00 -3.692760e+00 9.278710e+01
<VARIANCE> 6
 3.185140e+01 9.945479e+03 1.517101e+04 3.028640e+02 4.053393e+04 5.195771e+07
<GCONST> 6.740948e+01
<MIXTURE> 12 7.980499e-02
<MEAN> 6
 8.888142e+01 5.438917e+02 2.585276e+02 -3.254799e+00 -8.277079e+00 3.179320e+02
<VARIANCE> 6
 3.185140e+01 3.549786e+04 1.588156e+04 3.028640e+02 4.053393e+04 5.195771e+07
<GCONST> 6.872760e+01
<MIXTURE> 13 7.364804e-02
<MEAN> 6
 9.023918e+01 -1.441776e+03 8.477018e+02 -1.477855e-01 2.781815e+00 5.705946e+01
<VARIANCE> 6
 3.185140e+01 9.945479e+03 1.398304e+04 3.028640e+02 4.053393e+04 5.195771e+07
<GCONST> 6.732794e+01
<MIXTURE> 14 5.319365e-02
<MEAN> 6
 9.696231e+01 7.995045e+02 2.527566e+02 -4.482943e+00 -3.293558e+00 6.655293e+01
<VARIANCE> 6
 3.185140e+01 9.945479e+03 1.398304e+04 3.028640e+02 4.053393e+04 5.195771e+07
<GCONST> 6.732794e+01
<STATE> 6
<NUMMIXES> 14
<MIXTURE> 1 1.116128e-02
<MEAN> 6
 7.607320e+01 3.418615e+01 -1.771355e+03 4.825753e+01 -3.846426e+02 7.699863e+02
<VARIANCE> 6
 2.269876e+02 6.194131e+05 1.619256e+06 3.282653e+03 9.602691e+04 5.195771e+07
<GCONST> 8.142090e+01
<MIXTURE> 2 9.393980e-02
<MEAN> 6
 7.141743e+01 1.313712e+03 -1.119847e+03 6.501105e-01 -5.177350e+00 -1.385359e+02
<VARIANCE> 6
 3.185140e+01 9.945479e+03 1.398304e+04 3.028640e+02 4.053393e+04 5.195771e+07
<GCONST> 6.732794e+01
<MIXTURE> 3 9.082184e-02
<MEAN> 6
 7.676931e+01 4.283213e+02 -2.089047e+03 1.958023e+00 -6.809488e+00 -1.516621e+02
<VARIANCE> 6
 3.185140e+01 9.945479e+03 1.398304e+04 3.028640e+02 4.053393e+04 5.195771e+07
<GCONST> 6.732794e+01
<MIXTURE> 4 5.892712e-02
<MEAN> 6
 8.190186e+01 2.205003e+02 -2.385132e+03 5.292979e-01 -2.240658e-03 -4.243762e+00
<VARIANCE> 6
 3.185140e+01 9.945479e+03 1.398304e+04 3.028640e+02 4.053393e+04 5.195771e+07
<GCONST> 6.732794e+01
<MIXTURE> 5 9.418779e-02
<MEAN> 6
 6.533058e+01 9.604829e+02 -1.426072e+02 1.900736e-02 1.134364e+00 -1.241448e+02
<VARIANCE> 6
 3.185140e+01 9.945479e+03 1.398304e+04 3.028640e+02 4.053393e+04 5.195771e+07
<GCONST> 6.732794e+01
<MIXTURE> 6 1.023436e-01
<MEAN> 6
 6.516392e+01 8.050684e+02 -1.627861e+02 -7.090847e-01 -8.025839e+00 -2.158361e+02
<VARIANCE> 6
 3.185140e+01 1.206697e+04 1.398304e+04 3.028640e+02 4.053393e+04 5.195771e+07
<GCONST> 6.752129e+01
<MIXTURE> 7 6.533406e-02
<MEAN> 6
 7.439979e+01 3.631748e+01 -1.777093e+03 2.388893e-01 2.484979e+01 -3.435223e+02
<VARIANCE> 6
 3.185140e+01 9.945479e+03 1.674890e+04 3.028640e+02 4.053393e+04 5.195771e+07
<GCONST> 6.750842e+01
<MIXTURE> 8 9.375648e-02
<MEAN> 6
 7.141743e+01 1.313712e+03 -1.119847e+03 6.501107e-01 -5.177344e+00 -1.385363e+02
<VARIANCE> 6
 3.185140e+01 9.945479e+03 1.398304e+04 3.028640e+02 4.053393e+04 5.195771e+07
<GCONST> 6.732794e+01
<MIXTURE> 9 9.522950e-02
<MEAN> 6
 7.562822e+01 4.404641e+02 -2.113008e+03 2.201943e+00 -3.401580e+00 -5.975342e+01
<VARIANCE> 6
 3.185140e+01 9.945479e+03 1.398304e+04 3.028640e+02 4.053393e+04 5.195771e+07
<GCONST> 6.732794e+01
<MIXTURE> 10 6.183869e-02
<MEAN> 6
 8.107909e+01 6.531127e+01 -2.196957e+03 -1.273267e+00 -1.595406e+01 -1.634379e+02
<VARIANCE> 6
 3.185140e+01 9.945479e+03 1.398304e+04 3.028640e+02 4.053393e+04 5.195771e+07
<GCONST> 6.732794e+01
<MIXTURE> 11 9.459528e-02
<MEAN> 6
 6.534169e+01 9.570430e+02 -1.439405e+02 5.641643e-03 9.757696e-01 -1.197641e+02
<VARIANCE> 6
 3.185140e+01 9.945479e+03 1.398304e+04 3.028640e+02 4.053393e+04 5.195771e+07
<GCONST> 6.732794e+01
<MIXTURE> 12 1.842461e-02
<MEAN> 6
 7.832084e+01 -1.427743e+01 -2.324657e+03 4.178572e+00 -9.929867e+01 5.765809e+02
<VARIANCE> 6
 3.185140e+01 9.945479e+03 8.368534e+04 3.028640e+02 4.053393e+04 5.195771e+07
<GCONST> 6.911716e+01
<MIXTURE> 13 6.034140e-02
<MEAN> 6
 8.117973e+01 6.865500e+01 -2.207181e+03 -1.069893e+00 -1.399250e+01 -1.427242e+02
<VARIANCE> 6
 3.185140e+01 9.945479e+03 1.398304e+04 3.028640e+02 4.053393e+04 5.195771e+07
<GCONST> 6.732794e+01
<MIXTURE> 14 5.908434e-02
<MEAN> 6
 8.185726e+01 1.980634e+02 -2.385126e+03 4.766102e-01 1.910750e-01 9.645922e+00
<VARIANCE> 6
 3.185140e+01 9.945479e+03 1.398304e+04 3.028640e+02 4.053393e+04 5.195771e+07
<GCONST> 6.732794e+01
<STATE> 7
<NUMMIXES> 14
<MIXTURE> 1 3.707711e-02
<MEAN> 6
 1.348755e+02 1.230266e+03 1.491617e+02 -9.548709e+00 2.810315e+01 1.337245e+00
<VARIANCE> 6
 1.076476e+02 2.719892e+05 3.845440e+04 1.414958e+03 2.286764e+05 9.017006e+07
<GCONST> 7.668900e+01
<MIXTURE> 2 8.954176e-02
<MEAN> 6
 1.099113e+02 -2.492901e+01 2.780706e+02 -3.164896e+00 -1.141219e+00 9.350253e+01
<VARIANCE> 6
 3.185140e+01 9.945479e+03 1.398304e+04 3.028640e+02 4.053393e+04 5.195771e+07
<GCONST> 6.732794e+01
<MIXTURE> 3 5.603115e-02
<MEAN> 6
 9.649573e+01 1.314868e+02 1.278887e+02 -2.975761e+00 -1.034811e+00 -7.196716e+01
<VARIANCE> 6
 3.185140e+01 9.945479e+03 1.398304e+04 3.028640e+02 4.053393e+04 5.195771e+07
<GCONST> 6.732794e+01
<MIXTURE> 4 7.178413e-02
<MEAN> 6
 9.418159e+01 -1.164651e+02 7.548610e+01 -2.837890e+00 -2.355829e+00 -3.469484e+01
<VARIANCE> 6
 3.185140e+01 9.945479e+03 1.398304e+04 3.028640e+02 4.053393e+04 5.195771e+07
<GCONST> 6.732794e+01
<MIXTURE> 5 5.507195e-02
<MEAN> 6
 8.620725e+01 -3.799888e+02 2.439892e+02 -6.071673e+00 2.361987e+01 2.932675e+02
<VARIANCE> 6
 3.185140e+01 1.469005e+04 2.326504e+04 3.028640e+02 4.053393e+04 5.195771e+07
<GCONST> 6.822710e+01
<MIXTURE> 6 6.937899e-02
<MEAN> 6
 9.468653e+01 -7.490205e+01 5.642924e+01 -2.881054e+00 -5.841968e+00 -6.742983e+01
<VARIANCE> 6
 3.185140e+01 9.945479e+03 1.398304e+04 3.028640e+02 4.053393e+04 5.195771e+07
<GCONST> 6.732794e+01
<MIXTURE> 7 8.857977e-02
<MEAN> 6
 1.083147e+02 -4.254530e+01 3.455293e+02 6.248967e-01 -9.647244e+00 -2.040815e+02
<VARIANCE> 6
 3.185140e+01 2.624374e+04 1.398304e+04 3.028640e+02 4.053393e+04 5.195771e+07
<GCONST> 6.829825e+01
<MIXTURE> 8 1.165504e-01
<MEAN> 6
 9.663099e+01 1.266591e+02 1.242690e+02 -2.921850e+00 -1.773892e+00 -7.839993e+01
<VARIANCE> 6
 3.185140e+01 9.945479e+03 1.398304e+04 3.028640e+02 4.053393e+04 5.195771e+07
<GCONST> 6.732794e+01
<MIXTURE> 9 6.145828e-02
<MEAN> 6
 8.873638e+01 -3.348217e+02 1.348180e+02 -5.008266e+00 7.866280e+00 3.249969e+00
<VARIANCE> 6
 3.185140e+01 1.011431e+04 1.398304e+04 3.028640e+02 4.053393e+04 5.195771e+07
<GCONST> 6.734477e+01
<MIXTURE> 10 7.508940e-02
<MEAN> 6
 9.420151e+01 -1.978824e+02 1.165252e+02 -3.783664e+00 2.560913e-01 5.132886e+00
<VARIANCE> 6
 3.185140e+01 1.052836e+04 1.398304e+04 3.028640e+02 4.053393e+04 5.195771e+07
<GCONST> 6.738489e+01
<MIXTURE> 11 9.067552e-02
<MEAN> 6
 1.106539e+02 -2.661960e+01 2.578434e+02 -3.802419e+00 -3.927975e-01 9.792886e+01
<VARIANCE> 6
 3.185140e+01 9.945479e+03 1.398304e+04 3.028640e+02 4.053393e+04 5.195771e+07
<GCONST> 6.732794e+01
<MIXTURE> 12 7.175416e-02
<MEAN> 6
 9.423806e+01 -8.595479e+01 5.856697e+01 -2.773114e+00 -4.739352e+00 -6.304211e+01
<VARIANCE> 6
 3.185140e+01 9.945479e+03 1.398304e+04 3.028640e+02 4.053393e+04 5.195771e+07
<GCONST> 6.732794e+01
<MIXTURE> 13 5.599533e-02
<MEAN> 6
 9.671330e+01 1.192068e+02 1.211549e+02 -2.876981e+00 -2.405114e+00 -8.489018e+01
<VARIANCE> 6
 3.185140e+01 9.945479e+03 1.398304e+04 3.028640e+02 4.053393e+04 5.195771e+07
<GCONST> 6.732794e+01
<MIXTURE> 14 6.098803e-02
<MEAN> 6
 8.736548e+01 -3.723324e+02 1.113373e+02 -5.059762e+00 5.665777e+00 2.502069e+01
<VARIANCE> 6
 3.185140e+01 1.042987e+04 1.398304e+04 3.028640e+02 4.053393e+04 5.195771e+07
<GCONST> 6.737549e+01
<STATE> 8
<NUMMIXES> 14
<MIXTURE> 1 1.043168e-01
<MEAN> 6
 1.236976e+02 2.470310e+03 2.002763e+02 -6.695969e+00 4.994856e+00 -4.871309e+01
<VARIANCE> 6
 3.185140e+01 3.976854e+04 1.398304e+04 3.028640e+02 4.053393e+04 5.195771e+07
<GCONST> 6.871390e+01
<MIXTURE> 2 3.574911e-02
<MEAN> 6
 9.647592e+01 1.889318e+03 -2.091733e+02 -4.539294e+00 8.188479e+00 -1.204915e+02
<VARIANCE> 6
 3.185140e+01 7.670261e+04 1.398304e+04 3.028640e+02 4.053393e+04 5.195771e+07
<GCONST> 6.937076e+01
<MIXTURE> 3 4.523213e-02
<MEAN> 6
 1.308011e+02 -1.900152e+03 7.511372e+01 -3.851928e+01 -2.816937e+01 6.174153e+02
<VARIANCE> 6
 3.033974e+02 7.850880e+05 5.123818e+04 3.028640e+02 4.053393e+04 5.195771e+07
<GCONST> 7.524921e+01
<MIXTURE> 4 6.764360e-02
<MEAN> 6
 9.893106e+01 -3.549841e+03 -1.049035e+01 -4.074893e+00 2.161192e+01 -1.399754e+01
<VARIANCE> 6
 3.185140e+01 9.743891e+04 1.398304e+04 3.028640e+02 4.053393e+04 5.195771e+07
<GCONST> 6.961005e+01
<MIXTURE> 5 8.962844e-02
<MEAN> 6
 1.266688e+02 5.268361e+02 1.967940e+02 -5.229638e+00 -2.873101e+01 2.501731e+02
<VARIANCE> 6
 3.185140e+01 1.670782e+05 1.398304e+04 3.028640e+02 4.053393e+04 5.195771e+07
<GCONST> 7.014928e+01
<MIXTURE> 6 6.267188e-02
<MEAN> 6
 1.058818e+02 1.022328e+03 -3.843558e+02 -4.684616e+00 2.108152e+00 3.405982e+02
<VARIANCE> 6
 3.185140e+01 2.385650e+04 1.740165e+04 3.028640e+02 4.053393e+04 5.195771e+07
<GCONST> 6.842160e+01
<MIXTURE> 7 5.472612e-02
<MEAN> 6
 9.609216e+01 -1.956735e+03 -2.265855e+02 -5.026032e+00 -1.029891e+01 -4.787540e+02
<VARIANCE> 6
 3.185140e+01 8.102497e+04 1.398304e+04 3.028640e+02 4.053393e+04 5.195771e+07
<GCONST> 6.942558e+01
<MIXTURE> 8 6.839841e-02
<MEAN> 6
 1.214239e+02 -1.115549e+03 7.507669e+01 -6.792648e+00 2.655173e+01 -4.825477e+02
<VARIANCE> 6
 3.502390e+01 3.767063e+04 1.398304e+04 3.028640e+02 4.053393e+04 5.195771e+07
<GCONST> 6.875465e+01
<MIXTURE> 9 7.380322e-02
<MEAN> 6
 7.947222e+01 2.850441e+03 -2.450844e+02 -3.296785e+00 4.055681e+00 6.514680e+01
<VARIANCE> 6
 3.185140e+01 9.945479e+03 1.398304e+04 3.028640e+02 4.053393e+04 5.195771e+07
<GCONST> 6.732794e+01
<MIXTURE> 10 9.667692e-02
<MEAN> 6
 1.234061e+02 2.838836e+02 2.398960e+02 -4.666143e+00 -1.703081e+00 -5.331545e+01
<VARIANCE> 6
 3.185140e+01 1.371327e+04 1.398304e+04 3.028640e+02 4.053393e+04 5.195771e+07
<GCONST> 6.764919e+01
<MIXTURE> 11 1.039919e-01
<MEAN> 6
 1.025829e+02 -2.897749e+03 -2.330814e+02 -1.879034e+00 -1.950543e+01 -2.963725e+02
<VARIANCE> 6
 3.185140e+01 7.391885e+04 1.398304e+04 3.028640e+02 4.053393e+04 5.195771e+07
<GCONST> 6.933379e+01
<MIXTURE> 12 6.648900e-02
<MEAN> 6
 7.850424e+01 2.355782e+03 -1.713332e+02 7.600166e-01 -5.118463e+00 -3.211537e+02
<VARIANCE> 6
 3.185140e+01 2.816036e+04 1.398304e+04 3.028640e+02 4.053393e+04 5.195771e+07
<GCONST> 6.836874e+01
<MIXTURE> 13 6.944177e-02
<MEAN> 6
 9.910538e+01 -4.012302e+03 1.413538e+01 -2.590545e+00 3.191833e+00 -2.462053e+01
<VARIANCE> 6
 3.185140e+01 1.798025e+04 1.398304e+04 3.028640e+02 4.053393e+04 5.195771e+07
<GCONST> 6.792009e+01
<MIXTURE> 14 6.122502e-02
<MEAN> 6
 1.057782e+02 9.411437e+02 -4.174818e+02 -4.532972e+00 -2.044835e+01 -1.718947e+02
<VARIANCE> 6
 3.185140e+01 5.659581e+04 1.398304e+04 3.028640e+02 4.053393e+04 5.195771e+07
<GCONST> 6.906676e+01
<STATE> 9
<NUMMIXES> 14
<MIXTURE> 1 1.145180e-01
<MEAN> 6
 7.341876e+01 1.602794e+02 -2.789895e+02 -1.339496e+00 3.482702e-02 -5.147401e+01
<VARIANCE> 6
 3.185140e+01 9.945479e+03 1.398304e+04 3.028640e+02 4.053393e+04 5.195771e+07
<GCONST> 6.732794e+01
<MIXTURE> 2 7.613755e-02
<MEAN> 6
 6.868875e+01 3.461499e+01 -9.825802e+02 -1.900360e-01 -4.711235e+00 -9.280561e+01
<VARIANCE> 6
 3.185140e+01 9.945479e+03 3.374295e+04 3.028640e+02 4.053393e+04 5.195771e+07
<GCONST> 6.820886e+01
<MIXTURE> 3 2.336411e-03
<MEAN> 6
 8.588250e+01 -1.144005e+02 1.718144e+02 -3.337333e+00 -2.040069e+02 -4.575694e+03
<VARIANCE> 6
 2.722681e+02 1.891738e+06 6.433934e+05 3.028640e+02 1.026071e+05 6.316589e+07
<GCONST> 7.967479e+01
<MIXTURE> 4 7.202007e-02
<MEAN> 6
 7.786308e+01 -1.814834e+03 -7.951186e+02 8.182332e-01 -3.168010e+00 -2.379321e+02
<VARIANCE> 6
 3.185140e+01 3.606733e+04 1.398304e+04 3.028640e+02 4.053393e+04 5.195771e+07
<GCONST> 6.861621e+01
<MIXTURE> 5 5.803971e-02
<MEAN> 6
 8.144396e+01 -1.088304e+02 -3.817440e+02 -1.095707e+01 -2.072832e+01 4.090069e+02
<VARIANCE> 6
 3.185140e+01 9.945479e+03 1.398304e+04 3.028640e+02 4.053393e+04 5.195771e+07
<GCONST> 6.732794e+01
<MIXTURE> 6 7.462650e-02
<MEAN> 6
 7.186318e+01 -4.524261e+02 -8.067236e+02 -7.638954e-01 -8.163843e+00 -1.093542e+02
<VARIANCE> 6
 3.185140e+01 9.945479e+03 1.398304e+04 3.028640e+02 4.053393e+04 5.195771e+07
<GCONST> 6.732794e+01
<MIXTURE> 7 1.122681e-01
<MEAN> 6
 7.632372e+01 -2.762410e+02 -1.021681e+03 -6.715802e-01 1.977921e+00 -8.643806e+01
<VARIANCE> 6
 3.185140e+01 9.945479e+03 1.398304e+04 3.028640e+02 4.053393e+04 5.195771e+07
<GCONST> 6.732794e+01
<MIXTURE> 8 7.490257e-02
<MEAN> 6
 6.813129e+01 4.806001e+01 -8.409584e+02 -4.833081e-01 -5.247681e+00 -1.486051e+02
<VARIANCE> 6
 3.185140e+01 9.945479e+03 2.375814e+04 3.028640e+02 4.053393e+04 5.195771e+07
<GCONST> 6.785802e+01
<MIXTURE> 9 7.706083e-02
<MEAN> 6
 8.156306e+01 -4.878470e+02 -3.913333e+02 -8.775632e-01 1.233754e+01 -1.684885e+02
<VARIANCE> 6
 3.185140e+01 5.008705e+04 1.398304e+04 3.028640e+02 4.053393e+04 5.195771e+07
<GCONST> 6.894458e+01
<MIXTURE> 10 5.857316e-02
<MEAN> 6
 7.385459e+01 1.540117e+02 -2.842096e+02 -1.449510e+00 2.561539e+00 -2.492583e+01
<VARIANCE> 6
 3.185140e+01 9.945479e+03 1.398304e+04 3.028640e+02 4.053393e+04 5.195771e+07
<GCONST> 6.732794e+01
<MIXTURE> 11 7.341381e-02
<MEAN> 6
 8.422971e+01 -1.241466e+03 -4.429673e+02 -4.371263e+00 1.818291e+00 -1.359095e+00
<VARIANCE> 6
 3.185140e+01 3.994666e+04 1.606550e+04 3.028640e+02 4.053393e+04 5.195771e+07
<GCONST> 6.885719e+01
<MIXTURE> 12 7.238506e-02
<MEAN> 6
 6.870877e+01 3.414610e+01 -9.875153e+02 -1.767851e-01 -4.728846e+00 -9.154085e+01
<VARIANCE> 6
 3.185140e+01 9.945479e+03 3.342248e+04 3.028640e+02 4.053393e+04 5.195771e+07
<GCONST> 6.819933e+01
<MIXTURE> 13 7.430382e-02
<MEAN> 6
 7.186305e+01 -4.526068e+02 -8.066486e+02 -7.673858e-01 -8.233617e+00 -1.087749e+02
<VARIANCE> 6
 3.185140e+01 9.945479e+03 1.398304e+04 3.028640e+02 4.053393e+04 5.195771e+07
<GCONST> 6.732794e+01
<MIXTURE> 14 5.938514e-02
<MEAN> 6
 7.407150e+01 1.188442e+02 -3.128290e+02 -2.113343e+00 4.289469e+00 -6.072849e+01
<VARIANCE> 6
 3.185140e+01 9.945479e+03 1.398304e+04 3.028640e+02 4.053393e+04 5.195771e+07
<GCONST> 6.732794e+01
<STATE> 10
<NUMMIXES> 14
<MIXTURE> 1 8.062696e-02
<MEAN> 6
 8.018337e+01 1.979874e+02 1.342336e+02 -9.649360e-01 -3.039682e+01 -3.658407e+01
<VARIANCE> 6
 3.185140e+01 9.945479e+03 1.398304e+04 3.028640e+02 4.053393e+04 5.195771e+07
<GCONST> 6.732794e+01
<MIXTURE> 2 2.369891e-02
<MEAN> 6
 6.056329e+01 1.312735e+02 1.039763e+02 -6.218086e+01 4.728306e+01 1.105311e+03
<VARIANCE> 6
 1.607105e+02 2.596186e+05 9.642048e+04 1.163133e+03 2.230880e+05 7.975697e+07
<GCONST> 7.761900e+01
<MIXTURE> 3 8.806100e-02
<MEAN> 6
 7.488049e+01 1.727506e+01 1.565363e+02 -2.519847e+00 -9.165285e+00 -1.039252e+02
<VARIANCE> 6
 3.185140e+01 9.945479e+03 1.398304e+04 3.028640e+02 4.053393e+04 5.195771e+07
<GCONST> 6.732794e+01
<MIXTURE> 4 1.120590e-01
<MEAN> 6
 7.279984e+01 -5.056838e+00 1.628609e+02 -2.232053e+00 -5.821307e+00 -1.230356e+02
<VARIANCE> 6
 3.185140e+01 9.945479e+03 1.398304e+04 3.028640e+02 4.053393e+04 5.195771e+07
<GCONST> 6.732794e+01
<MIXTURE> 5 9.141568e-02
<MEAN> 6
 7.591676e+01 -1.113733e+01 1.395985e+02 -2.879168e+00 -1.089571e+01 -1.023501e+02
<VARIANCE> 6
 3.185140e+01 1.102844e+04 1.398304e+04 3.028640e+02 4.053393e+04 5.195771e+07
<GCONST> 6.743130e+01
<MIXTURE> 6 3.108422e-02
<MEAN> 6
 5.324353e+01 -9.601337e+01 4.020602e+02 9.022703e+00 5.764006e+01 1.326281e+02
<VARIANCE> 6
 3.185140e+01 9.945479e+03 1.398304e+04 3.028640e+02 4.053393e+04 5.195771e+07
<GCONST> 6.732794e+01
<MIXTURE> 7 9.043078e-02
<MEAN> 6
 7.309026e+01 -1.066809e+00 1.624641e+02 -2.251646e+00 -6.129494e+00 -1.209281e+02
<VARIANCE> 6
 3.185140e+01 9.945479e+03 1.398304e+04 3.028640e+02 4.053393e+04 5.195771e+07
<GCONST> 6.732794e+01
<MIXTURE> 8 4.480956e-02
<MEAN> 6
 7.007769e+01 1.696240e+02 -1.146533e+01 -1.133631e+01 2.453660e+00 3.920250e+02
<VARIANCE> 6
 3.185140e+01 9.945479e+03 1.398304e+04 3.028640e+02 4.053393e+04 5.195771e+07
<GCONST> 6.732794e+01
<MIXTURE> 9 7.282896e-02
<MEAN> 6
 7.089711e+01 -2.333284e+02 9.862705e+01 -6.880280e+00 9.632343e-01 -1.277744e+02
<VARIANCE> 6
 3.185140e+01 9.945479e+03 1.398304e+04 3.028640e+02 4.053393e+04 5.195771e+07
<GCONST> 6.732794e+01
<MIXTURE> 10 5.271492e-02
<MEAN> 6
 7.342930e+01 8.756235e+00 1.692272e+02 -1.930199e+00 -3.314807e+00 -1.183515e+02
<VARIANCE> 6
 3.185140e+01 9.945479e+03 1.398304e+04 3.028640e+02 4.053393e+04 5.195771e+07
<GCONST> 6.732794e+01
<MIXTURE> 11 8.862434e-02
<MEAN> 6
 7.333402e+01 -9.945456e-01 1.620092e+02 -2.240886e+00 -6.460232e+00 -1.220197e+02
<VARIANCE> 6
 3.185140e+01 9.945479e+03 1.398304e+04 3.028640e+02 4.053393e+04 5.195771e+07
<GCONST> 6.732794e+01
<MIXTURE> 12 8.884819e-02
<MEAN> 6
 7.231815e+01 -1.030308e+01 1.631904e+02 -2.235398e+00 -5.397143e+00 -1.243536e+02
<VARIANCE> 6
 3.185140e+01 9.945479e+03 1.398304e+04 3.028640e+02 4.053393e+04 5.195771e+07
<GCONST> 6.732794e+01
<MIXTURE> 13 8.210234e-02
<MEAN> 6
 7.872974e+01 1.370129e+02 1.252821e+02 -3.340765e+00 -2.313452e+01 6.719386e+01
<VARIANCE> 6
 3.185140e+01 9.945479e+03 1.398304e+04 3.028640e+02 4.053393e+04 5.195771e+07
<GCONST> 6.732794e+01
<MIXTURE> 14 5.267559e-02
<MEAN> 6
 7.141638e+01 -2.458626e+01 1.522258e+02 -2.941768e+00 -7.749094e+00 -1.179979e+02
<VARIANCE> 6
 3.185140e+01 9.945479e+03 1.398304e+04 3.028640e+02 4.053393e+04 5.195771e+07
<GCONST> 6.732794e+01
<STATE> 11
<NUMMIXES> 14
<MIXTURE> 1 9.061523e-02
<MEAN> 6
 8.359235e+01 6.534873e+02 1.062853e+03 -6.102194e+00 2.937245e+00 -5.875681e+00
<VARIANCE> 6
 3.185140e+01 9.945479e+03 1.398304e+04 3.028640e+02 4.053393e+04 5.195771e+07
<GCONST> 6.732794e+01
<MIXTURE> 2 1.475487e-02
<MEAN> 6
 7.322876e+01 -3.536166e+01 4.510703e+02 4.793064e+01 -1.575567e+02 -6.667886e+03
<VARIANCE> 6
 1.707605e+02 5.169021e+05 2.701701e+05 2.271185e+03 7.710158e+05 3.110303e+08
<GCONST> 8.266887e+01
<MIXTURE> 3 8.058389e-02
<MEAN> 6
 6.925713e+01 1.180821e+03 7.322956e+02 6.014498e-01 8.019678e+00 -3.927022e+01
<VARIANCE> 6
 3.185140e+01 1.667446e+04 1.398304e+04 3.028640e+02 4.053393e+04 5.195771e+07
<GCONST> 6.784470e+01
<MIXTURE> 4 5.983381e-02
<MEAN> 6
 6.614642e+01 -9.788660e+02 6.666887e+02 1.804060e-01 3.176144e+01 -8.153274e+01
<VARIANCE> 6
 3.185140e+01 9.945479e+03 1.710075e+04 3.028640e+02 4.053393e+04 5.195771e+07
<GCONST> 6.752921e+01
<MIXTURE> 5 4.284558e-02
<MEAN> 6
 7.342871e+01 -3.493381e+01 6.210920e+02 1.454601e+00 1.244328e+01 -5.589790e+01
<VARIANCE> 6
 3.185140e+01 9.945479e+03 1.398304e+04 3.028640e+02 4.053393e+04 5.195771e+07
<GCONST> 6.732794e+01
<MIXTURE> 6 1.084464e-01
<MEAN> 6
 7.712049e+01 -9.565568e+02 4.541494e+02 -3.284172e-01 1.505251e+01 -9.264657e+02
<VARIANCE> 6
 3.185140e+01 3.758198e+04 1.398304e+04 3.028640e+02 4.053393e+04 5.195771e+07
<GCONST> 6.865735e+01
<MIXTURE> 7 8.218220e-02
<MEAN> 6
 7.579525e+01 4.488880e+02 8.812784e+02 -2.229555e+00 9.288760e-01 8.372218e+00
<VARIANCE> 6
 3.185140e+01 9.945479e+03 1.398304e+04 3.028640e+02 4.053393e+04 5.195771e+07
<GCONST> 6.732794e+01
<MIXTURE> 8 9.219656e-02
<MEAN> 6
 7.071931e+01 8.869420e+02 6.768160e+02 5.129120e-01 1.012674e+00 -8.203248e+01
<VARIANCE> 6
 3.185140e+01 9.945479e+03 1.398304e+04 3.028640e+02 4.053393e+04 5.195771e+07
<GCONST> 6.732794e+01
<MIXTURE> 9 9.465098e-02
<MEAN> 6
 7.487617e+01 -9.630881e+02 -1.024569e+02 -1.385382e+00 -1.082313e+01 8.598969e+02
<VARIANCE> 6
 3.185140e+01 1.657193e+04 4.294760e+04 3.028640e+02 4.053393e+04 5.195771e+07
<GCONST> 6.896066e+01
<MIXTURE> 10 7.515103e-02
<MEAN> 6
 7.292262e+01 3.317397e+02 6.910732e+02 -2.108206e+00 -1.224105e+01 7.203099e+01
<VARIANCE> 6
 3.185140e+01 9.945479e+03 1.398304e+04 3.028640e+02 4.053393e+04 5.195771e+07
<GCONST> 6.732794e+01
<MIXTURE> 11 5.560946e-02
<MEAN> 6
 7.355956e+01 -1.036190e+03 1.753465e+02 1.045015e+00 1.509111e+00 -1.834302e+02
<VARIANCE> 6
 3.185140e+01 9.945479e+03 3.325643e+04 3.028640e+02 4.053393e+04 5.195771e+07
<GCONST> 6.819434e+01
<MIXTURE> 12 7.624239e-02
<MEAN> 6
 7.151548e+01 7.694526e+02 6.379458e+02 5.811941e-01 -1.377737e+01 -2.476328e+02
<VARIANCE> 6
 3.185140e+01 1.052492e+04 1.398304e+04 3.028640e+02 4.053393e+04 5.195771e+07
<GCONST> 6.738457e+01
<MIXTURE> 13 7.192887e-02
<MEAN> 6
 7.261995e+01 3.203764e+02 6.604191e+02 -2.916535e+00 -2.072448e+01 1.967612e+01
<VARIANCE> 6
 3.185140e+01 9.945479e+03 1.398304e+04 3.028640e+02 4.053393e+04 5.195771e+07
<GCONST> 6.732794e+01
<MIXTURE> 14 5.493263e-02
<MEAN> 6
 7.340402e+01 -1.057126e+03 1.285626e+02 6.899809e-01 2.178059e+00 -1.590861e+02
<VARIANCE> 6
 3.185140e+01 9.945479e+03 3.045770e+04 3.028640e+02 4.053393e+04 5.195771e+07
<GCONST> 6.810643e+01
<STATE> 12
<NUMMIXES> 14
<MIXTURE> 1 7.201955e-02
<MEAN> 6
 7.935510e+01 -9.066683e+02 4.376958e+03 -4.029268e+00 1.041245e+01 2.464887e+02
<VARIANCE> 6
 3.185140e+01 3.809727e+04 3.582551e+04 3.028640e+02 4.053393e+04 5.195771e+07
<GCONST> 6.961178e+01
<MIXTURE> 2 1.055441e-01
<MEAN> 6
 7.521689e+01 -8.923310e+03 1.475273e+03 -2.619621e+00 -6.916244e+00 -8.365262e+01
<VARIANCE> 6
 3.185140e+01 1.977141e+04 1.766868e+05 3.028640e+02 4.053393e+04 5.195771e+07
<GCONST> 7.055159e+01
<MIXTURE> 3 1.032594e-01
<MEAN> 6
 7.246110e+01 -7.443314e+02 1.841078e+03 1.519639e+00 -6.485977e+00 -1.497139e+02
<VARIANCE> 6
 3.185140e+01 1.666123e+04 2.300438e+04 3.028640e+02 4.053393e+04 5.195771e+07
<GCONST> 6.834174e+01
<MIXTURE> 4 8.399692e-02
<MEAN> 6
 5.878710e+01 1.956628e+02 1.029047e+03 -1.141993e+00 -2.894569e-01 -1.390861e+02
<VARIANCE> 6
 3.185140e+01 9.945479e+03 1.398304e+04 3.028640e+02 4.053393e+04 5.195771e+07
<GCONST> 6.732794e+01
<MIXTURE> 5 1.066329e-01
<MEAN> 6
 5.337506e+01 -4.740866e+02 2.577056e+03 2.669136e-01 -7.471913e+00 -1.106151e+02
<VARIANCE> 6
 3.185140e+01 9.945479e+03 2.452454e+04 3.028640e+02 4.053393e+04 5.195771e+07
<GCONST> 6.788977e+01
<MIXTURE> 6 5.183101e-02
<MEAN> 6
 6.424153e+01 -1.001976e+03 1.340026e+03 1.367866e+00 -1.796352e+00 -2.928890e+02
<VARIANCE> 6
 3.185140e+01 9.945479e+03 1.398304e+04 3.028640e+02 4.053393e+04 5.195771e+07
<GCONST> 6.732794e+01
<MIXTURE> 7 8.515371e-02
<MEAN> 6
 7.579681e+01 2.861386e+03 4.590984e+02 -2.258426e+00 -1.542749e+01 -4.553534e+01
<VARIANCE> 6
 3.185140e+01 9.945479e+03 1.398304e+04 3.028640e+02 4.053393e+04 5.195771e+07
<GCONST> 6.732794e+01
<MIXTURE> 8 6.162326e-02
<MEAN> 6
 5.849671e+01 3.588242e+02 -7.985799e+01 2.237004e+00 1.041299e+01 -2.488979e+01
<VARIANCE> 6
 8.761221e+01 1.182015e+04 7.022274e+04 3.028640e+02 4.053393e+04 5.195771e+07
<GCONST> 7.012629e+01
<MIXTURE> 9 7.653074e-02
<MEAN> 6
 6.531799e+01 -5.187170e+02 1.473131e+03 -9.535027e-01 -6.068231e+00 -1.952017e+02
<VARIANCE> 6
 3.185140e+01 9.945479e+03 1.398304e+04 3.028640e+02 4.053393e+04 5.195771e+07
<GCONST> 6.732794e+01
<MIXTURE> 10 9.508175e-02
<MEAN> 6
 6.558971e+01 -9.060485e+02 1.122739e+03 -1.034040e+00 -7.557976e+00 -5.484373e+01
<VARIANCE> 6
 3.185140e+01 9.945479e+03 1.398304e+04 3.028640e+02 4.053393e+04 5.195771e+07
<GCONST> 6.732794e+01
<MIXTURE> 11 6.249158e-03
<MEAN> 6
 7.013080e+01 -1.053886e+03 1.901483e+03 -5.275041e+01 8.485506e+01 1.507242e+03
<VARIANCE> 6
 4.653495e+01 3.591741e+04 3.152621e+04 1.917824e+03 6.540282e+05 2.081986e+08
<GCONST> 7.581888e+01
<MIXTURE> 12 3.410164e-02
<MEAN> 6
 5.842567e+01 -8.145847e+02 1.097080e+03 -3.627819e+00 7.364164e+00 -3.022436e+02
<VARIANCE> 6
 4.811083e+01 9.945479e+03 1.398304e+04 3.292531e+02 4.053393e+04 5.195771e+07
<GCONST> 6.782391e+01
<MIXTURE> 13 5.412470e-02
<MEAN> 6
 7.706443e+01 -5.117320e+02 2.745470e+03 4.034584e-01 -3.566084e+01 -7.020507e+02
<VARIANCE> 6
 3.350580e+01 3.836054e+05 1.062859e+06 3.028640e+02 4.053393e+04 5.195771e+07
<GCONST> 7.536194e+01
<MIXTURE> 14 6.384258e-02
<MEAN> 6
 5.930806e+01 2.585685e+02 -2.732549e+02 4.409861e-01 1.308295e+01 1.265607e+02
<VARIANCE> 6
 4.419050e+01 1.855172e+04 1.912439e+04 3.028640e+02 4.053393e+04 5.195771e+07
<GCONST> 6.859193e+01
<STATE> 13
<NUMMIXES> 14
<MIXTURE> 1 1.819988e-02
<MEAN> 6
 3.046270e+00 4.100345e+02 -1.639201e+02 -3.814405e+01 -1.149687e+02 3.562588e+03
<VARIANCE> 6
 7.242869e+03 3.478170e+07 1.222150e+06 7.871938e+05 4.127723e+08 5.973831e+11
<GCONST> 1.118262e+02
<MIXTURE> 2 9.504545e-02
<MEAN> 6
 2.191486e+01 1.200193e+02 9.827064e+01 2.407315e+02 -5.382579e+00 -3.224906e+03
<VARIANCE> 6
 8.079222e+02 4.528424e+05 3.255974e+05 6.671877e+03 1.804936e+05 5.296822e+07
<GCONST> 8.213275e+01
<MIXTURE> 3 6.725903e-02
<MEAN> 6
 -4.019455e+01 -5.614526e+00 3.821040e+01 -1.539980e+02 1.355693e+03 4.434702e+03
<VARIANCE> 6
 9.680211e+02 1.215626e+06 1.464611e+06 5.717053e+04 1.776796e+06 1.299822e+09
<GCONST> 9.243999e+01
<MIXTURE> 4 7.042839e-02
<MEAN> 6
 1.069572e+02 -1.205871e+02 2.878356e+02 -1.031120e+01 -3.848982e+01 -2.282959e+02
<VARIANCE> 6
 9.012376e+01 3.227258e+06 9.250393e+05 3.028640e+02 4.053393e+04 5.195771e+07
<GCONST> 7.834230e+01
<MIXTURE> 5 6.783768e-02
<MEAN> 6
 9.024796e+01 1.145981e+02 1.115982e+02 -2.311419e+00 -4.326432e+02 6.043086e+02
<VARIANCE> 6
 7.421306e+02 3.702930e+05 2.428287e+05 1.602454e+04 1.937746e+05 5.641720e+07
<GCONST> 8.256356e+01
<MIXTURE> 6 9.251937e-02
<MEAN> 6
 -4.291296e+01 7.926287e+01 4.588573e+01 6.331929e+01 9.665385e+02 -2.203324e+03
<VARIANCE> 6
 3.142003e+02 3.846289e+05 1.425710e+05 2.810707e+04 3.032904e+05 1.478024e+08
<GCONST> 8.318253e+01
<MIXTURE> 7 6.783803e-02
<MEAN> 6
 9.672160e+01 2.258382e+02 -1.555936e+02 4.412594e+01 -9.658630e+02 -7.152783e+02
<VARIANCE> 6
 5.095874e+02 1.680687e+06 7.622360e+05 2.520862e+04 2.362459e+06 1.601096e+09
<GCONST> 9.114370e+01
<MIXTURE> 8 7.350095e-02
<MEAN> 6
 8.239609e+01 1.708728e+02 -2.352133e+02 -1.719428e+00 -2.963419e+01 -3.407981e+02
<VARIANCE> 6
 2.165961e+02 5.846699e+05 4.189089e+05 3.028640e+02 4.053393e+04 5.195771e+07
<GCONST> 7.671863e+01
<MIXTURE> 9 9.166572e-02
<MEAN> 6
 -5.897364e+01 6.441874e+01 -5.506680e+01 2.527664e+00 1.381301e+02 3.265560e+02
<VARIANCE> 6
 3.899360e+02 4.335085e+05 3.993324e+05 6.405336e+02 6.525143e+04 5.195771e+07
<GCONST> 7.818471e+01
<MIXTURE> 10 1.019435e-01
<MEAN> 6
 5.661146e+01 -9.382840e+01 3.038186e+01 -7.380566e+01 -8.916652e+02 1.442027e+03
<VARIANCE> 6
 7.902552e+02 3.246541e+05 1.823774e+06 6.368267e+04 4.763569e+05 2.305606e+08
<GCONST> 8.819817e+01
<MIXTURE> 11 6.927126e-02
<MEAN> 6
 -6.089074e+01 1.510775e+01 -1.621365e+02 4.041572e+01 5.997453e+02 -3.899171e+02
<VARIANCE> 6
 4.990642e+02 2.588990e+05 2.184175e+06 1.158410e+04 2.038458e+05 9.308448e+07
<GCONST> 8.423247e+01
<MIXTURE> 12 5.026446e-02
<MEAN> 6
 1.789053e+00 1.234240e+01 1.384352e+01 -2.150607e+02 1.460373e+02 4.509592e+03
<VARIANCE> 6
 4.599162e+02 3.355348e+05 3.089600e+05 2.325423e+04 2.279199e+05 1.416866e+08
<GCONST> 8.368287e+01
<MIXTURE> 13 6.464875e-02
<MEAN> 6
 8.343924e+01 1.919632e+02 -5.911664e+02 -1.836520e+00 -2.329912e+01 -2.084238e+02
<VARIANCE> 6
 1.782316e+02 5.398507e+05 1.826908e+06 3.028640e+02 4.053393e+04 5.195771e+07
<GCONST> 7.791665e+01
<MIXTURE> 14 6.913400e-02
<MEAN> 6
 7.912140e+01 -1.251467e+02 -6.515099e+01 -5.902449e+01 -6.751324e+02 -2.102214e+03
<VARIANCE> 6
 4.691051e+02 4.678241e+05 2.338956e+05 1.971673e+04 2.160406e+05 5.751865e+07
<GCONST> 8.263663e+01
<TRANSP> 14
 0.000000e+00 1.000000e+00 0.000000e+00 0.000000e+00 0.000000e+00 0.000000e+00 0.000000e+00 0.000000e+00 0.000000e+00 0.000000e+00 0.000000e+00 0.000000e+00 0.000000e+00 0.000000e+00
 0.000000e+00 9.999233e-01 7.668215e-05 0.000000e+00 0.000000e+00 0.000000e+00 0.000000e+00 0.000000e+00 0.000000e+00 0.000000e+00 0.000000e+00 0.000000e+00 0.000000e+00 0.000000e+00
 0.000000e+00 0.000000e+00 9.968303e-01 3.169658e-03 0.000000e+00 0.000000e+00 0.000000e+00 0.000000e+00 0.000000e+00 0.000000e+00 0.000000e+00 0.000000e+00 0.000000e+00 0.000000e+00
 0.000000e+00 0.000000e+00 0.000000e+00 9.973567e-01 2.643312e-03 0.000000e+00 0.000000e+00 0.000000e+00 0.000000e+00 0.000000e+00 0.000000e+00 0.000000e+00 0.000000e+00 0.000000e+00
 0.000000e+00 0.000000e+00 0.000000e+00 0.000000e+00 9.963734e-01 3.626616e-03 0.000000e+00 0.000000e+00 0.000000e+00 0.000000e+00 0.000000e+00 0.000000e+00 0.000000e+00 0.000000e+00
 0.000000e+00 0.000000e+00 0.000000e+00 0.000000e+00 0.000000e+00 9.966338e-01 3.366186e-03 0.000000e+00 0.000000e+00 0.000000e+00 0.000000e+00 0.000000e+00 0.000000e+00 0.000000e+00
 0.000000e+00 0.000000e+00 0.000000e+00 0.000000e+00 0.000000e+00 0.000000e+00 9.976738e-01 2.326210e-03 0.000000e+00 0.000000e+00 0.000000e+00 0.000000e+00 0.000000e+00 0.000000e+00
 0.000000e+00 0.000000e+00 0.000000e+00 0.000000e+00 0.000000e+00 0.000000e+00 0.000000e+00 9.964150e-01 3.585096e-03 0.000000e+00 0.000000e+00 0.000000e+00 0.000000e+00 0.000000e+00
 0.000000e+00 0.000000e+00 0.000000e+00 0.000000e+00 0.000000e+00 0.000000e+00 0.000000e+00 0.000000e+00 9.973723e-01 2.627692e-03 0.000000e+00 0.000000e+00 0.000000e+00 0.000000e+00
 0.000000e+00 0.000000e+00 0.000000e+00 0.000000e+00 0.000000e+00 0.000000e+00 0.000000e+00 0.000000e+00 0.000000e+00 9.973308e-01 2.669196e-03 0.000000e+00 0.000000e+00 0.000000e+00
 0.000000e+00 0.000000e+00 0.000000e+00 0.000000e+00 0.000000e+00 0.000000e+00 0.000000e+00 0.000000e+00 0.000000e+00 0.000000e+00 9.955286e-01 4.471444e-03 0.000000e+00 0.000000e+00
 0.000000e+00 0.000000e+00 0.000000e+00 0.000000e+00 0.000000e+00 0.000000e+00 0.000000e+00 0.000000e+00 0.000000e+00 0.000000e+00 0.000000e+00 9.981477e-01 1.852329e-03 0.000000e+00
 0.000000e+00 0.000000e+00 0.000000e+00 0.000000e+00 0.000000e+00 0.000000e+00 0.000000e+00 0.000000e+00 0.000000e+00 0.000000e+00 0.000000e+00 0.000000e+00 9.999030e-01 9.700052e-05
 0.000000e+00 0.000000e+00 0.000000e+00 0.000000e+00 0.000000e+00 0.000000e+00 0.000000e+00 0.000000e+00 0.000000e+00 0.000000e+00 0.000000e+00 0.000000e+00 0.000000e+00 0.000000e+00
<ENDHMM>
~h "SegundoESO"
<BEGINHMM>
<NUMSTATES> 14
<STATE> 2
<NUMMIXES> 14
<MIXTURE> 1 1.050980e-01
<MEAN> 6
 6.033123e+01 2.770646e+02 -1.894311e+03 -3.067404e-01 -1.063611e+01 -1.855325e+02
<VARIANCE> 6
 3.185140e+01 9.945479e+03 1.637744e+04 3.028640e+02 4.053393e+04 5.195771e+07
<GCONST> 6.748599e+01
<MIXTURE> 2 9.029743e-02
<MEAN> 6
 5.882913e+01 6.656387e+02 -3.120983e+03 -1.030790e-01 -5.802529e+00 -1.065854e+02
<VARIANCE> 6
 3.185140e+01 9.945479e+03 2.946942e+05 3.028640e+02 4.053393e+04 5.195771e+07
<GCONST> 7.037603e+01
<MIXTURE> 3 4.221766e-02
<MEAN> 6
 7.218118e+01 6.517480e+02 -7.837464e+03 -7.042047e-02 1.595763e+00 -6.824520e+00
<VARIANCE> 6
 3.185140e+01 1.919653e+05 5.656494e+06 3.028640e+02 4.053393e+04 5.195771e+07
<GCONST> 7.629085e+01
<MIXTURE> 4 7.699379e-02
<MEAN> 6
 5.512891e+01 1.096285e+02 -3.572131e+03 -1.940804e-02 1.866101e+00 -3.546517e+01
<VARIANCE> 6
 3.185140e+01 9.945479e+03 9.724839e+05 3.028640e+02 4.053393e+04 5.195771e+07
<GCONST> 7.156995e+01
<MIXTURE> 5 7.972688e-02
<MEAN> 6
 7.672734e+01 -1.042972e+02 -4.347894e+03 -1.313432e+00 -1.341993e+01 -9.967398e+01
<VARIANCE> 6
 3.185140e+01 9.945479e+03 1.004602e+06 3.028640e+02 4.053393e+04 5.195771e+07
<GCONST> 7.160244e+01
<MIXTURE> 6 6.110018e-02
<MEAN> 6
 6.494848e+01 -7.602229e+02 -5.667806e+02 5.871557e-01 -1.281348e+01 -2.277749e+02
<VARIANCE> 6
 3.185140e+01 9.945479e+03 1.492625e+04 3.028640e+02 4.053393e+04 5.195771e+07
<GCONST> 6.739322e+01
<MIXTURE> 7 7.490931e-02
<MEAN> 6
 7.399200e+01 -2.418607e+02 -7.393395e+03 -2.046742e-01 -3.490448e+00 -1.697410e+02
<VARIANCE> 6
 3.185140e+01 9.945479e+03 6.926527e+04 3.028640e+02 4.053393e+04 5.195771e+07
<GCONST> 6.892804e+01
<MIXTURE> 8 7.925209e-02
<MEAN> 6
 6.157433e+01 5.898776e+02 -4.860371e+03 2.727313e-02 -7.802625e-02 -6.916414e+00
<VARIANCE> 6
 4.251725e+01 9.945479e+03 5.571329e+05 3.028640e+02 4.053393e+04 5.195771e+07
<GCONST> 7.130173e+01
<MIXTURE> 9 4.224752e-02
<MEAN> 6
 6.178090e+01 1.396362e+02 -1.026644e+03 -2.848917e+00 8.541342e+00 -8.125359e+01
<VARIANCE> 6
 3.185140e+01 1.275272e+04 4.855512e+04 3.028640e+02 4.053393e+04 5.195771e+07
<GCONST> 6.882142e+01
<MIXTURE> 10 5.513539e-02
<MEAN> 6
 6.415031e+01 -1.085280e+02 -1.537275e+03 2.140313e+00 5.993420e+00 -2.500334e+02
<VARIANCE> 6
 3.185140e+01 1.886896e+04 1.398304e+04 3.028640e+02 4.053393e+04 5.195771e+07
<GCONST> 6.796834e+01
<MIXTURE> 11 9.896995e-02
<MEAN> 6
 5.942223e+01 -3.539561e+02 -8.019356e+02 -1.259495e+00 2.882037e+00 -5.700872e+00
<VARIANCE> 6
 3.185140e+01 2.256556e+04 1.977000e+04 3.028640e+02 4.053393e+04 5.195771e+07
<GCONST> 6.849356e+01
<MIXTURE> 12 7.679231e-02
<MEAN> 6
 7.420253e+01 -4.236161e+02 -9.147456e+03 7.271459e-02 -2.209003e+00 -1.223714e+01
<VARIANCE> 6
 3.185140e+01 9.945479e+03 8.477488e+05 3.028640e+02 4.053393e+04 5.195771e+07
<GCONST> 7.143268e+01
<MIXTURE> 13 6.227129e-02
<MEAN> 6
 6.461732e+01 -7.088945e+02 -6.533011e+02 4.901538e-01 -7.662422e+00 -1.569632e+02
<VARIANCE> 6
 3.185140e+01 9.945479e+03 1.523702e+04 3.028640e+02 4.053393e+04 5.195771e+07
<GCONST> 6.741382e+01
<MIXTURE> 14 5.496722e-02
<MEAN> 6
 6.374988e+01 -1.656863e+02 -1.549001e+03 6.720059e-01 -3.276937e+00 -1.646779e+02
<VARIANCE> 6
 3.185140e+01 1.852945e+04 1.398304e+04 3.028640e+02 4.053393e+04 5.195771e+07
<GCONST> 6.795018e+01
<STATE> 3
<NUMMIXES> 14
<MIXTURE> 1 4.234759e-02
<MEAN> 6
 7.799886e+01 1.861024e+03 1.311697e+03 -1.758066e-01 3.790485e+00 -6.335341e+01
<VARIANCE> 6
 3.185140e+01 3.269048e+05 2.875246e+05 3.028640e+02 4.053393e+04 5.195771e+07
<GCONST> 7.384395e+01
<MIXTURE> 2 8.052354e-02
<MEAN> 6
 6.867728e+01 1.272329e+03 8.116538e+01 -8.126499e-01 -3.884453e+00 -1.216357e+02
<VARIANCE> 6
 3.185140e+01 9.509551e+04 1.398304e+04 3.028640e+02 4.053393e+04 5.195771e+07
<GCONST> 6.958570e+01
<MIXTURE> 3 8.762566e-02
<MEAN> 6
 5.963435e+01 2.270108e+03 -2.797939e+02 4.551314e-01 -4.596092e+00 -1.847744e+02
<VARIANCE> 6
 3.185140e+01 2.059050e+05 1.398304e+04 3.028640e+02 4.053393e+04 5.195771e+07
<GCONST> 7.035823e+01
<MIXTURE> 4 6.045797e-02
<MEAN> 6
 8.002982e+01 -8.050599e+02 2.806477e+02 -8.474057e-01 -1.796046e-01 -1.694013e+02
<VARIANCE> 6
 3.185140e+01 1.100611e+04 3.486954e+04 3.028640e+02 4.053393e+04 5.195771e+07
<GCONST> 6.834303e+01
<MIXTURE> 5 3.229900e-02
<MEAN> 6
 6.889666e+01 -2.169665e+03 3.242320e+02 1.892819e-01 -4.060338e+00 -3.389484e+01
<VARIANCE> 6
 3.185140e+01 1.504240e+05 1.024829e+05 3.028640e+02 4.053393e+04 5.195771e+07
<GCONST> 7.203613e+01
<MIXTURE> 6 4.996848e-02
<MEAN> 6
 7.568958e+01 5.747184e+02 6.332723e+02 8.618138e-01 -4.783743e+00 -2.051025e+01
<VARIANCE> 6
 3.185140e+01 1.310847e+04 4.217736e+04 3.028640e+02 4.053393e+04 5.195771e+07
<GCONST> 6.870811e+01
<MIXTURE> 7 6.720379e-02
<MEAN> 6
 7.359267e+01 1.234549e+02 1.534118e+03 -2.873467e-01 1.990772e+00 -7.119075e+01
<VARIANCE> 6
 4.703643e+01 1.846712e+05 5.549476e+05 3.028640e+02 4.053393e+04 5.195771e+07
<GCONST> 7.432027e+01
<MIXTURE> 8 4.959578e-02
<MEAN> 6
 6.546930e+01 -2.117377e+03 -4.446322e+02 -2.275791e-01 -2.161357e+00 -1.579501e+02
<VARIANCE> 6
 3.185140e+01 1.249847e+05 2.275676e+04 3.028640e+02 4.053393e+04 5.195771e+07
<GCONST> 7.034602e+01
<MIXTURE> 9 9.539606e-02
<MEAN> 6
 6.429562e+01 1.674028e+03 -1.128163e+03 2.129105e-01 -5.422463e+00 -7.346096e+01
<VARIANCE> 6
 3.185140e+01 1.079720e+06 7.718894e+04 3.028640e+02 4.053393e+04 5.195771e+07
<GCONST> 7.372369e+01
<MIXTURE> 10 7.602072e-02
<MEAN> 6
 6.623618e+01 5.577546e+02 -1.843731e+02 6.806982e-01 -8.111793e-01 -9.962608e+01
<VARIANCE> 6
 3.185140e+01 2.152811e+04 1.398304e+04 3.028640e+02 4.053393e+04 5.195771e+07
<GCONST> 6.810017e+01
<MIXTURE> 11 1.098544e-01
<MEAN> 6
 8.236260e+01 -7.168565e+02 4.776033e+01 -6.687563e-02 -3.423881e+00 -7.995821e+01
<VARIANCE> 6
 3.185140e+01 2.750377e+04 1.398304e+04 3.028640e+02 4.053393e+04 5.195771e+07
<GCONST> 6.834514e+01
<MIXTURE> 12 1.140931e-01
<MEAN> 6
 7.646113e+01 5.054866e+02 3.533761e+02 -1.624475e+00 -3.278311e+00 -1.025291e+02
<VARIANCE> 6
 3.185140e+01 7.345775e+04 1.398304e+04 3.028640e+02 4.053393e+04 5.195771e+07
<GCONST> 6.932753e+01
<MIXTURE> 13 6.691454e-02
<MEAN> 6
 6.993435e+01 4.581579e+02 -3.083656e+02 -6.355510e-01 -8.099510e+00 -6.037540e+01
<VARIANCE> 6
 3.185140e+01 3.175771e+04 5.095455e+04 3.028640e+02 4.053393e+04 5.195771e+07
<GCONST> 6.978204e+01
<MIXTURE> 14 6.760833e-02
<MEAN> 6
 7.168656e+01 -6.556527e+01 1.287859e+03 -8.453571e-01 3.617996e+00 -5.088136e+01
<VARIANCE> 6
 6.401993e+01 1.353287e+05 3.791397e+05 3.028640e+02 4.053393e+04 5.195771e+07
<GCONST> 7.393670e+01
<STATE> 4
<NUMMIXES> 14
<MIXTURE> 1 5.772361e-03
<MEAN> 6
 7.219213e+01 -8.073226e+03 2.171614e+04 -7.885613e+00 5.468673e+01 -4.044143e+02
<VARIANCE> 6
 2.138695e+02 5.142005e+06 5.312732e+06 8.022765e+03 5.404636e+05 1.022536e+08
<GCONST> 8.796439e+01
<MIXTURE> 2 1.139672e-01
<MEAN> 6
 -3.679329e+01 6.608852e+02 3.653612e+03 -8.526698e+00 9.158172e+02 9.548197e+02
<VARIANCE> 6
 5.259279e+02 8.711717e+05 1.754435e+06 6.571357e+04 3.674778e+05 1.443001e+08
<GCONST> 8.804256e+01
<MIXTURE> 3 5.260868e-02
<MEAN> 6
 1.000316e+02 1.981340e+02 1.892067e+03 -9.397503e+00 -6.479697e+01 -3.743281e+00
<VARIANCE> 6
 4.293887e+01 1.653150e+06 2.111684e+06 3.028640e+02 4.053393e+04 5.195771e+07
<GCONST> 7.775735e+01
<MIXTURE> 4 1.057463e-01
<MEAN> 6
 8.880542e+01 -6.475250e+02 2.250692e+03 3.426749e+01 -5.619979e+02 -8.084916e+02
<VARIANCE> 6
 1.552782e+02 8.147886e+05 3.538510e+06 9.699057e+03 9.509968e+04 5.195771e+07
<GCONST> 8.317079e+01
<MIXTURE> 5 6.205552e-02
<MEAN> 6
 9.002245e+01 -4.180299e+03 7.180298e+03 -9.842826e-01 -1.409724e+01 -5.231403e+01
<VARIANCE> 6
 5.357973e+01 4.731036e+05 2.261435e+07 3.028640e+02 4.053393e+04 5.195771e+07
<GCONST> 7.909872e+01
<MIXTURE> 6 7.906591e-02
<MEAN> 6
 3.229144e+01 2.478320e+02 3.395243e+03 -6.483900e+00 -5.305511e+02 -6.247654e+01
<VARIANCE> 6
 4.111346e+02 3.910862e+05 3.711022e+06 9.214284e+04 2.370390e+05 1.523634e+08
<GCONST> 8.769853e+01
<MIXTURE> 7 9.126341e-02
<MEAN> 6
 -3.135302e+01 -1.363482e+03 1.027024e+03 -2.505787e+01 6.954911e+02 -8.306537e+01
<VARIANCE> 6
 7.578937e+02 4.427588e+06 8.608299e+05 4.210744e+04 5.949334e+05 2.250834e+08
<GCONST> 8.980299e+01
<MIXTURE> 8 9.641337e-02
<MEAN> 6
 8.973669e+01 -1.435721e+03 1.402751e+02 -4.167793e+00 -1.072938e+01 -9.127028e+01
<VARIANCE> 6
 3.185140e+01 1.057045e+06 2.201548e+05 3.028640e+02 4.053393e+04 5.195771e+07
<GCONST> 7.475053e+01
<MIXTURE> 9 7.879151e-02
<MEAN> 6
 7.265561e+01 -2.325782e+03 3.134080e+03 6.726860e-01 -5.465687e+00 -1.414494e+02
<VARIANCE> 6
 3.185140e+01 2.906165e+06 1.616980e+05 3.028640e+02 4.053393e+04 5.195771e+07
<GCONST> 7.545329e+01
<MIXTURE> 10 8.306260e-02
<MEAN> 6
 -6.926215e+01 6.567159e+02 3.010241e+03 3.256232e+01 4.560401e+02 -1.044917e+03
<VARIANCE> 6
 5.198074e+01 8.107826e+05 2.235483e+06 2.386690e+03 2.429866e+05 6.321381e+07
<GCONST> 8.134431e+01
<MIXTURE> 11 5.800362e-02
<MEAN> 6
 6.920287e+01 1.434778e+02 2.138962e+03 6.914645e+00 -8.230412e+02 2.131513e+03
<VARIANCE> 6
 4.955056e+02 3.335053e+06 2.846916e+06 4.103669e+04 5.065285e+05 1.927560e+08
<GCONST> 8.994908e+01
<MIXTURE> 12 6.672309e-02
<MEAN> 6
 8.378546e+01 -1.491101e+03 1.371700e+02 -7.349747e-01 -7.808880e+00 -2.055187e+02
<VARIANCE> 6
 3.185140e+01 9.166345e+04 9.022967e+04 3.028640e+02 4.053393e+04 5.195771e+07
<GCONST> 7.141345e+01
<MIXTURE> 13 4.932583e-02
<MEAN> 6
 7.985753e+01 -3.359085e+03 2.875291e+03 -1.106480e+00 -1.592285e+01 -1.308700e+02
<VARIANCE> 6
 3.737263e+01 3.374829e+06 1.121853e+07 3.028640e+02 4.053393e+04 5.195771e+07
<GCONST> 8.000226e+01
<MIXTURE> 14 5.711072e-02
<MEAN> 6
 6.398632e+01 -5.615179e+02 8.516970e+02 -9.360509e+01 -1.029190e+03 -2.107850e+02
<VARIANCE> 6
 4.224465e+02 2.813031e+06 4.670892e+06 3.715634e+04 3.767108e+05 1.273797e+08
<GCONST> 8.930476e+01
<STATE> 5
<NUMMIXES> 14
<MIXTURE> 1 6.630345e-02
<MEAN> 6
 5.851009e+01 1.327681e+02 3.565662e+02 -3.337170e-01 -5.688098e+00 -1.574882e+02
<VARIANCE> 6
 5.881431e+01 9.945479e+03 5.367895e+04 3.028640e+02 4.053393e+04 5.195771e+07
<GCONST> 6.928642e+01
<MIXTURE> 2 5.096535e-02
<MEAN> 6
 7.048917e+01 7.154211e+02 1.146309e+02 -6.223949e-01 -1.172157e+01 -2.049676e+02
<VARIANCE> 6
 3.185140e+01 6.529076e+04 2.195038e+04 3.028640e+02 4.053393e+04 5.195771e+07
<GCONST> 6.966061e+01
<MIXTURE> 3 6.450637e-02
<MEAN> 6
 5.969594e+01 -3.572889e+02 -3.307484e+02 3.859985e-01 -1.984948e+00 -1.111609e+02
<VARIANCE> 6
 3.185140e+01 1.060362e+04 1.398304e+04 3.028640e+02 4.053393e+04 5.195771e+07
<GCONST> 6.739201e+01
<MIXTURE> 4 8.343797e-02
<MEAN> 6
 7.067925e+01 -2.104174e+01 -5.175203e+02 -4.802567e-01 -1.842155e+00 -1.834533e+02
<VARIANCE> 6
 3.185140e+01 2.330815e+04 1.398304e+04 3.028640e+02 4.053393e+04 5.195771e+07
<GCONST> 6.817963e+01
<MIXTURE> 5 5.752072e-02
<MEAN> 6
 6.133588e+01 -3.054578e+02 1.206979e+02 -6.473398e-01 -3.337585e+00 -1.317603e+02
<VARIANCE> 6
 3.185140e+01 2.723292e+04 1.398304e+04 3.028640e+02 4.053393e+04 5.195771e+07
<GCONST> 6.833525e+01
<MIXTURE> 6 8.401803e-02
<MEAN> 6
 5.954420e+01 1.805602e+01 -1.525556e+02 6.387240e-02 -6.491444e+00 -1.813479e+02
<VARIANCE> 6
 3.185140e+01 9.945479e+03 1.398304e+04 3.028640e+02 4.053393e+04 5.195771e+07
<GCONST> 6.732794e+01
<MIXTURE> 7 8.527386e-02
<MEAN> 6
 6.907740e+01 7.637401e+00 1.973144e+02 -4.029370e-01 -7.094873e+00 -1.421805e+02
<VARIANCE> 6
 3.185140e+01 2.859563e+04 1.398304e+04 3.028640e+02 4.053393e+04 5.195771e+07
<GCONST> 6.838407e+01
<MIXTURE> 8 7.347441e-02
<MEAN> 6
 6.481492e+01 -8.923152e+02 5.311526e+01 1.380490e-01 -8.141082e+00 -6.021745e+01
<VARIANCE> 6
 3.185140e+01 1.232042e+05 1.398304e+04 3.028640e+02 4.053393e+04 5.195771e+07
<GCONST> 6.984467e+01
<MIXTURE> 9 5.770335e-02
<MEAN> 6
 6.759485e+01 -3.830113e+02 3.310512e+02 -2.287459e-01 -6.720306e+00 -9.832288e+01
<VARIANCE> 6
 3.185140e+01 9.945479e+03 1.398304e+04 3.028640e+02 4.053393e+04 5.195771e+07
<GCONST> 6.732794e+01
<MIXTURE> 10 8.852071e-02
<MEAN> 6
 5.993319e+01 4.385229e+00 -1.628327e+02 1.033805e-01 -6.784612e+00 -1.850696e+02
<VARIANCE> 6
 3.185140e+01 9.945479e+03 1.398304e+04 3.028640e+02 4.053393e+04 5.195771e+07
<GCONST> 6.732794e+01
<MIXTURE> 11 6.945477e-02
<MEAN> 6
 5.834560e+01 1.074222e+02 -1.473238e+02 -6.659088e-01 -3.881109e+00 -1.484922e+02
<VARIANCE> 6
 3.185140e+01 9.945479e+03 7.866625e+04 3.028640e+02 4.053393e+04 5.195771e+07
<GCONST> 6.905531e+01
<MIXTURE> 12 7.691345e-02
<MEAN> 6
 6.457069e+01 -6.752857e+02 -7.934095e+01 3.667237e-01 -4.069590e+00 -1.598750e+02
<VARIANCE> 6
 3.185140e+01 3.347557e+04 1.568868e+04 3.028640e+02 4.053393e+04 5.195771e+07
<GCONST> 6.865673e+01
<MIXTURE> 13 8.470366e-02
<MEAN> 6
 6.826121e+01 -1.027004e+01 1.950049e+02 -4.029273e-01 -7.000679e+00 -1.352498e+02
<VARIANCE> 6
 3.290666e+01 2.253782e+04 1.398304e+04 3.028640e+02 4.053393e+04 5.195771e+07
<GCONST> 6.817860e+01
<MIXTURE> 14 5.712137e-02
<MEAN> 6
 6.641769e+01 -4.080399e+02 3.068221e+02 -3.664180e-01 -6.708276e+00 -1.224183e+02
<VARIANCE> 6
 3.185140e+01 9.945479e+03 1.398304e+04 3.028640e+02 4.053393e+04 5.195771e+07
<GCONST> 6.732794e+01
<STATE> 6
<NUMMIXES> 14
<MIXTURE> 1 6.106726e-02
<MEAN> 6
 5.661436e+01 2.373104e+02 -2.494855e+01 1.945777e+02 -3.417059e+02 1.274414e+03
<VARIANCE> 6
 3.134429e+02 7.736639e+05 2.850756e+05 1.473146e+03 1.029740e+05 5.341052e+07
<GCONST> 7.952519e+01
<MIXTURE> 2 9.265678e-02
<MEAN> 6
 -4.793360e+01 2.915923e+02 -4.474347e+01 -1.443410e+02 1.550451e+03 2.960371e+03
<VARIANCE> 6
 2.128974e+02 7.855568e+05 5.477376e+05 1.682725e+04 7.481293e+05 6.275359e+08
<GCONST> 8.668917e+01
<MIXTURE> 3 5.449013e-02
<MEAN> 6
 9.054554e+01 8.198902e+01 -7.959707e+01 -1.326159e+01 -7.547364e+01 -5.151179e+02
<VARIANCE> 6
 1.402659e+02 6.864535e+05 2.148173e+05 3.028640e+02 4.785399e+04 5.195771e+07
<GCONST> 7.594277e+01
<MIXTURE> 4 5.235388e-02
<MEAN> 6
 -2.805142e+01 3.491800e+01 2.673323e+01 2.367195e+02 8.698019e+02 -7.355916e+03
<VARIANCE> 6
 7.411968e+01 4.716002e+05 1.909328e+05 2.594835e+03 1.524382e+05 7.863226e+07
<GCONST> 7.853259e+01
<MIXTURE> 5 6.012107e-02
<MEAN> 6
 6.778657e+00 4.119735e+02 2.202713e+02 -2.609951e+02 7.344822e+01 4.584302e+03
<VARIANCE> 6
 6.963450e+02 5.919956e+05 4.485326e+05 2.658578e+03 2.090699e+05 1.146917e+08
<GCONST> 8.257182e+01
<MIXTURE> 6 1.098373e-01
<MEAN> 6
 -5.112920e+01 4.208909e+01 7.734637e+01 6.754272e+01 9.550586e+02 5.929964e+02
<VARIANCE> 6
 7.713333e+01 5.143168e+05 2.459577e+05 8.462547e+03 1.651615e+05 5.721630e+07
<GCONST> 7.985674e+01
<MIXTURE> 7 8.189236e-02
<MEAN> 6
 8.774388e+01 1.509193e+02 -1.263478e+02 5.447911e+01 -1.165641e+03 -1.919461e+03
<VARIANCE> 6
 2.912381e+02 1.993975e+06 6.514091e+05 1.757775e+04 1.221581e+06 8.709461e+08
<GCONST> 8.896908e+01
<MIXTURE> 8 8.053705e-02
<MEAN> 6
 4.285860e+00 1.082090e+02 -2.732727e+01 2.719103e+02 1.710971e+01 -5.424630e+03
<VARIANCE> 6
 1.989184e+02 6.098610e+05 3.715130e+05 2.835148e+03 1.204347e+05 8.986029e+07
<GCONST> 8.042896e+01
<MIXTURE> 9 1.110803e-01
<MEAN> 6
 8.084371e+01 -5.343772e+01 5.145976e+01 -1.989773e+01 -7.985837e+02 -1.635732e+03
<VARIANCE> 6
 1.779004e+02 8.884599e+05 2.562273e+05 1.113651e+04 1.604591e+05 8.705250e+07
<GCONST> 8.194535e+01
<MIXTURE> 10 7.563650e-02
<MEAN> 6
 -6.192022e+01 -1.507627e+02 -6.577851e+01 1.576474e+01 2.686537e+02 -4.877089e+02
<VARIANCE> 6
 5.844923e+01 7.239788e+05 5.057262e+05 6.890332e+02 1.002403e+05 5.195771e+07
<GCONST> 7.753824e+01
<MIXTURE> 11 3.425740e-02
<MEAN> 6
 1.624980e+01 -6.547832e+02 1.711245e+02 -3.084029e+02 -4.103575e+02 1.250061e+04
<VARIANCE> 6
 7.152670e+02 6.092300e+06 2.715237e+05 8.070128e+03 5.912353e+05 3.653696e+08
<GCONST> 8.773657e+01
<MIXTURE> 12 7.073954e-02
<MEAN> 6
 5.906459e+01 1.841503e+02 2.666158e+01 -2.060529e+02 -8.828676e+02 2.835761e+03
<VARIANCE> 6
 1.843859e+02 6.609384e+05 1.515147e+05 3.721230e+03 1.974237e+05 7.058922e+07
<GCONST> 8.006145e+01
<MIXTURE> 13 5.436940e-02
<MEAN> 6
 4.239306e+01 2.134498e+02 -1.033754e+02 2.506020e+02 -5.380792e+02 -3.206000e+03
<VARIANCE> 6
 2.400871e+02 1.142721e+06 5.850803e+05 2.870827e+03 1.169311e+05 5.195771e+07
<GCONST> 8.113434e+01
<MIXTURE> 14 6.079493e-02
<MEAN> 6
 3.325557e+00 1.814008e+02 3.681325e+00 -2.721375e+02 -1.789121e+01 1.799937e+03
<VARIANCE> 6
 5.228432e+02 5.873915e+05 2.905957e+05 2.849930e+03 2.087258e+05 1.166719e+08
<GCONST> 8.192838e+01
<STATE> 7
<NUMMIXES> 14
<MIXTURE> 1 7.210299e-02
<MEAN> 6
 -3.320612e+01 1.509269e+03 -8.177295e+02 3.096678e+01 6.001198e+02 5.149233e+02
<VARIANCE> 6
 1.312092e+02 2.362341e+06 1.841382e+06 9.810141e+03 1.798482e+05 5.195771e+07
<GCONST> 8.406223e+01
<MIXTURE> 2 5.838156e-02
<MEAN> 6
 9.322385e+01 9.875114e+01 -1.111053e+03 3.611407e+01 -1.097027e+03 -1.393970e+03
<VARIANCE> 6
 2.030184e+02 9.939362e+06 5.079638e+06 1.365470e+04 8.453601e+05 4.383068e+08
<GCONST> 9.096111e+01
<MIXTURE> 3 1.039749e-01
<MEAN> 6
 5.472639e+01 1.535455e+03 -1.430055e+03 1.715521e+02 -2.600385e+02 -6.105112e+02
<VARIANCE> 6
 3.803765e+02 3.753388e+06 1.986331e+06 3.098419e+03 6.067006e+04 5.195771e+07
<GCONST> 8.342619e+01
<MIXTURE> 4 5.884278e-02
<MEAN> 6
 8.444332e+01 -1.151612e+03 -1.225738e+02 -1.527220e+01 -2.115212e+01 -3.763155e+02
<VARIANCE> 6
 4.322927e+01 2.551608e+06 3.136503e+06 3.028640e+02 7.484487e+04 5.195771e+07
<GCONST> 7.920703e+01
<MIXTURE> 5 7.310049e-02
<MEAN> 6
 9.507727e+00 1.975801e+03 -2.210569e+03 -1.491850e+02 9.790481e+01 5.515670e+02
<VARIANCE> 6
 4.899969e+02 2.646278e+06 2.018656e+06 1.561863e+03 4.672909e+04 5.195771e+07
<GCONST> 8.239996e+01
<MIXTURE> 6 7.600225e-02
<MEAN> 6
 8.909101e+01 1.539280e+03 -3.133112e+03 1.194562e+01 -2.658850e+02 -2.339315e+02
<VARIANCE> 6
 2.045187e+02 2.601997e+06 1.554762e+06 2.364882e+03 9.318726e+04 5.195771e+07
<GCONST> 8.235333e+01
<MIXTURE> 7 1.016850e-01
<MEAN> 6
 1.732773e+00 7.463129e+02 -1.715888e+03 1.831369e+02 9.506557e+01 -2.335624e+03
<VARIANCE> 6
 2.633029e+02 3.278051e+06 2.182855e+06 4.089392e+03 5.922068e+04 5.687120e+07
<GCONST> 8.336095e+01
<MIXTURE> 8 8.454802e-02
<MEAN> 6
 -5.856990e+01 1.047853e+02 -1.578461e+03 1.224846e+01 1.712934e+02 -1.033902e+02
<VARIANCE> 6
 4.954904e+01 7.903889e+05 2.944987e+06 8.663528e+02 5.862254e+04 5.195771e+07
<GCONST> 7.891523e+01
<MIXTURE> 9 6.025619e-02
<MEAN> 6
 5.856621e+01 1.389912e+02 -1.323259e+03 -1.970988e+02 -6.344149e+02 1.868415e+03
<VARIANCE> 6
 3.090078e+02 7.277786e+06 2.348579e+06 3.566884e+03 1.426977e+05 5.962464e+07
<GCONST> 8.518179e+01
<MIXTURE> 10 4.753397e-02
<MEAN> 6
 3.742754e+01 3.058562e+03 -4.382769e+03 1.170246e+02 -8.319075e+01 -2.971427e+02
<VARIANCE> 6
 7.902123e+02 1.107518e+06 8.643353e+05 1.489616e+03 4.053393e+04 5.195771e+07
<GCONST> 8.096902e+01
<MIXTURE> 11 4.929883e-02
<MEAN> 6
 -4.443052e+01 2.015815e+02 -1.659535e+03 -4.339509e+01 1.363140e+03 -1.794421e+03
<VARIANCE> 6
 1.311232e+02 3.581051e+06 1.941289e+06 2.453652e+04 3.377532e+05 3.192651e+08
<GCONST> 8.789294e+01
<MIXTURE> 12 7.567453e-02
<MEAN> 6
 7.620035e+01 1.166919e+02 -2.113106e+03 -4.583549e+01 -3.326476e+02 2.257571e+02
<VARIANCE> 6
 8.904871e+01 7.580711e+05 1.658560e+06 6.120995e+03 6.133328e+04 5.195771e+07
<GCONST> 8.088594e+01
<MIXTURE> 13 6.511395e-02
<MEAN> 6
 6.012749e+00 8.467126e+02 -1.055153e+03 -2.594532e+02 1.597766e+02 6.368384e+03
<VARIANCE> 6
 5.198207e+02 4.452222e+06 3.122316e+06 3.650329e+03 2.661178e+05 1.910187e+08
<GCONST> 8.730589e+01
<MIXTURE> 14 7.344069e-02
<MEAN> 6
 -3.570277e+01 1.122339e+03 -1.090790e+03 1.872014e+01 4.389343e+02 -4.138584e+02
<VARIANCE> 6
 1.755118e+02 2.761956e+06 1.565457e+06 7.971933e+03 1.147345e+05 5.195771e+07
<GCONST> 8.369011e+01
<STATE> 8
<NUMMIXES> 14
<MIXTURE> 1 5.970080e-02
<MEAN> 6
 5.824776e+01 3.907068e+02 2.980564e+02 8.532877e+01 -2.389369e+02 -4.452005e+02
<VARIANCE> 6
 1.379233e+02 6.084163e+05 5.251612e+05 1.939881e+03 6.479458e+04 5.195771e+07
<GCONST> 7.885934e+01
<MIXTURE> 2 5.772491e-02
<MEAN> 6
 -3.163259e+01 4.764336e+01 1.877059e+02 -1.228990e+02 7.579837e+02 3.551168e+03
<VARIANCE> 6
 2.064627e+02 4.351815e+05 7.004571e+05 4.308214e+03 3.952328e+05 2.089471e+08
<GCONST> 8.321349e+01
<MIXTURE> 3 9.658397e-02
<MEAN> 6
 2.230084e+01 -1.331498e+01 8.250291e+01 1.548104e+02 -7.395078e+01 -1.214655e+03
<VARIANCE> 6
 2.696495e+02 4.447526e+05 1.336064e+06 2.288124e+03 4.053393e+04 5.195771e+07
<GCONST> 7.984622e+01
<MIXTURE> 4 9.824457e-02
<MEAN> 6
 7.377638e+01 -1.508836e+02 2.830132e+02 -3.058449e+00 -9.960037e+01 -3.200476e+02
<VARIANCE> 6
 7.831915e+01 4.591004e+05 5.666307e+05 3.028640e+02 4.053393e+04 5.195771e+07
<GCONST> 7.576166e+01
<MIXTURE> 5 4.521946e-02
<MEAN> 6
 -3.099180e+01 -4.109788e+01 1.129374e+02 1.222967e+02 6.056746e+02 -2.564220e+03
<VARIANCE> 6
 8.883850e+01 3.790951e+05 5.665494e+05 3.164188e+03 8.157646e+04 5.195771e+07
<GCONST> 7.874184e+01
<MIXTURE> 6 5.415705e-02
<MEAN> 6
 2.482762e+00 1.678068e+01 4.562051e+02 -1.636577e+02 1.228992e+02 2.415902e+03
<VARIANCE> 6
 4.514778e+02 5.513197e+05 9.629273e+05 3.216319e+03 1.078073e+05 7.602544e+07
<GCONST> 8.194827e+01
<MIXTURE> 7 6.054194e-02
<MEAN> 6
 7.749591e+01 -7.082339e+02 7.155386e+02 2.532773e+01 -6.225671e+02 6.978459e+01
<VARIANCE> 6
 1.145415e+02 2.167950e+06 1.570781e+06 5.381824e+03 3.459835e+05 1.509768e+08
<GCONST> 8.480214e+01
<MIXTURE> 8 8.817856e-02
<MEAN> 6
 -4.295710e+01 -2.467387e+00 2.684474e+02 1.276179e+01 1.198386e+02 -4.809030e+01
<VARIANCE> 6
 2.121214e+02 2.686654e+05 8.882620e+05 5.113454e+02 4.053393e+04 5.195771e+07
<GCONST> 7.719555e+01
<MIXTURE> 9 9.256481e-02
<MEAN> 6
 6.390401e+01 -2.876806e+01 -5.550960e+01 -9.675005e+01 -5.446774e+02 4.239247e+02
<VARIANCE> 6
 1.338134e+02 3.776629e+05 5.326891e+05 3.074276e+03 9.695038e+04 5.195771e+07
<GCONST> 7.922989e+01
<MIXTURE> 10 9.054519e-02
<MEAN> 6
 -6.405163e+00 8.114299e+01 -3.218755e+01 1.284500e+02 1.073975e+02 -1.673554e+03
<VARIANCE> 6
 1.771204e+02 2.855348e+05 1.433646e+05 4.250385e+03 8.698802e+04 5.195771e+07
<GCONST> 7.813359e+01
<MIXTURE> 11 8.309136e-02
<MEAN> 6
 -4.419479e+01 7.414612e+01 3.202310e+01 9.709835e+00 5.976818e+02 -6.870670e+02
<VARIANCE> 6
 8.564051e+01 3.609775e+05 2.183468e+05 4.725888e+03 7.010090e+04 5.195771e+07
<GCONST> 7.795227e+01
<MIXTURE> 12 5.480625e-02
<MEAN> 6
 3.345671e+01 -7.786380e+02 -4.881174e+01 -1.790458e+02 -2.380838e+02 3.584165e+03
<VARIANCE> 6
 1.951165e+02 1.650473e+06 1.917242e+05 1.923105e+03 8.679499e+04 5.496802e+07
<GCONST> 7.953650e+01
<MIXTURE> 13 6.218926e-02
<MEAN> 6
 5.661432e+01 -1.160116e+02 -1.622464e+02 1.164816e+02 -3.580161e+02 -1.355799e+03
<VARIANCE> 6
 1.602482e+02 4.361591e+05 1.549376e+05 2.217670e+03 6.132280e+04 5.195771e+07
<GCONST> 7.753459e+01
<MIXTURE> 14 5.623934e-02
<MEAN> 6
 -1.170542e+00 -2.038301e+02 1.079008e+02 -1.662198e+02 8.508661e+01 -1.018297e+02
<VARIANCE> 6
 3.141385e+02 5.192671e+05 4.805644e+05 2.739311e+03 1.135422e+05 8.355018e+07
<GCONST> 8.081634e+01
<STATE> 9
<NUMMIXES> 14
<MIXTURE> 1 5.227873e-02
<MEAN> 6
 6.752399e+01 5.301495e+02 6.618198e+02 -5.207664e+00 1.794338e+01 4.529728e+01
<VARIANCE> 6
 3.185140e+01 9.945479e+03 1.398304e+04 3.028640e+02 4.053393e+04 5.195771e+07
<GCONST> 6.732794e+01
<MIXTURE> 2 6.679317e-02
<MEAN> 6
 8.497487e+01 -3.509908e+02 -8.025519e+02 -5.440864e+00 -2.846061e+00 3.682075e+02
<VARIANCE> 6
 3.185140e+01 1.159160e+05 1.398304e+04 3.028640e+02 4.053393e+04 5.195771e+07
<GCONST> 6.978368e+01
<MIXTURE> 3 9.050718e-02
<MEAN> 6
 6.767352e+01 -3.859728e+02 2.973701e+03 -1.402259e+00 -1.272515e+01 1.534449e+02
<VARIANCE> 6
 3.185140e+01 1.585225e+04 1.398304e+04 3.028640e+02 4.053393e+04 5.195771e+07
<GCONST> 6.779413e+01
<MIXTURE> 4 9.317959e-02
<MEAN> 6
 7.343047e+01 5.853564e+02 -4.247377e+03 -2.808933e+00 -4.630382e-01 -2.150615e+01
<VARIANCE> 6
 3.185140e+01 9.996377e+03 2.949521e+04 3.028640e+02 4.053393e+04 5.195771e+07
<GCONST> 6.807942e+01
<MIXTURE> 5 6.914014e-02
<MEAN> 6
 8.338339e+01 -1.519377e+02 1.702326e+03 -2.633357e+00 4.419016e+00 2.831358e+02
<VARIANCE> 6
 3.185140e+01 1.986247e+05 7.415424e+05 3.028640e+02 4.053393e+04 5.195771e+07
<GCONST> 7.429312e+01
<MIXTURE> 6 5.464444e-02
<MEAN> 6
 7.548254e+01 -1.289633e+03 1.101013e+03 -3.612223e+00 3.806079e+00 -2.029404e+01
<VARIANCE> 6
 3.185140e+01 2.847571e+04 1.398304e+04 3.028640e+02 4.053393e+04 5.195771e+07
<GCONST> 6.837987e+01
<MIXTURE> 7 4.746894e-02
<MEAN> 6
 7.410724e+01 2.316853e+02 -7.830028e+02 -4.869211e+00 4.877524e+01 -7.572116e+02
<VARIANCE> 6
 3.185140e+01 9.945479e+03 5.598057e+04 3.028640e+02 4.053393e+04 5.195771e+07
<GCONST> 6.871510e+01
<MIXTURE> 8 3.926225e-02
<MEAN> 6
 8.193020e+01 -1.629202e+03 6.933125e+01 -4.121631e+00 -1.442470e+01 2.586143e+01
<VARIANCE> 6
 3.185140e+01 1.823807e+05 3.272817e+05 3.028640e+02 4.053393e+04 5.195771e+07
<GCONST> 7.338989e+01
<MIXTURE> 9 8.533356e-02
<MEAN> 6
 8.324571e+01 -7.535792e+02 2.090835e+03 -4.213450e+00 -4.271077e+00 1.769708e+02
<VARIANCE> 6
 3.185140e+01 1.401396e+04 8.023983e+05 3.028640e+02 4.053393e+04 5.195771e+07
<GCONST> 7.172063e+01
<MIXTURE> 10 1.072411e-01
<MEAN> 6
 7.343286e+01 4.961670e+02 5.010150e+02 -4.854503e+00 -1.841508e+01 1.155307e+02
<VARIANCE> 6
 3.185140e+01 9.945479e+03 1.398304e+04 3.028640e+02 4.053393e+04 5.195771e+07
<GCONST> 6.732794e+01
<MIXTURE> 11 7.914416e-02
<MEAN> 6
 8.756666e+01 -9.733830e+02 2.305882e+03 -4.395965e+00 -7.528831e+00 6.914574e+01
<VARIANCE> 6
 3.185140e+01 1.086573e+04 6.620074e+05 3.028640e+02 4.053393e+04 5.195771e+07
<GCONST> 7.127386e+01
<MIXTURE> 12 9.681642e-02
<MEAN> 6
 7.836488e+01 1.696543e+01 -1.045554e+03 -6.574213e+00 -7.436997e+00 -1.226054e+02
<VARIANCE> 6
 3.185140e+01 1.279064e+04 3.578395e+04 3.028640e+02 4.053393e+04 5.195771e+07
<GCONST> 6.851919e+01
<MIXTURE> 13 6.346563e-02
<MEAN> 6
 8.605509e+01 -5.537763e+02 -8.035468e+02 -4.213253e+00 -1.190706e+01 6.249135e+02
<VARIANCE> 6
 3.185140e+01 2.640219e+05 2.354980e+04 3.028640e+02 4.053393e+04 5.195771e+07
<GCONST> 7.112813e+01
<MIXTURE> 14 5.472208e-02
<MEAN> 6
 7.413107e+01 -1.364083e+03 1.084031e+03 -3.737735e+00 5.273188e+00 1.875970e+01
<VARIANCE> 6
 3.185140e+01 2.080468e+04 1.496806e+04 3.028640e+02 4.053393e+04 5.195771e+07
<GCONST> 6.813407e+01
<STATE> 10
<NUMMIXES> 14
<MIXTURE> 1 5.463213e-02
<MEAN> 6
 1.116182e+02 1.212391e+03 -6.599686e+02 -7.370925e+00 -7.740744e+00 6.891508e+02
<VARIANCE> 6
 3.185140e+01 3.679869e+05 7.674200e+04 3.028640e+02 4.053393e+04 5.195771e+07
<GCONST> 7.264146e+01
<MIXTURE> 2 7.634107e-02
<MEAN> 6
 1.056439e+02 -9.351511e+02 -6.736972e+03 -6.330116e+00 4.663894e+00 1.425144e+02
<VARIANCE> 6
 5.763444e+01 1.042115e+05 1.891800e+05 3.028640e+02 4.053393e+04 5.195771e+07
<GCONST> 7.287514e+01
<MIXTURE> 3 9.224876e-02
<MEAN> 6
 9.098881e+01 1.186597e+03 -2.464300e+02 -4.377228e+00 3.690351e+00 1.165106e+02
<VARIANCE> 6
 3.185140e+01 2.449503e+04 1.898080e+06 3.028640e+02 4.053393e+04 5.195771e+07
<GCONST> 7.314005e+01
<MIXTURE> 4 6.597956e-02
<MEAN> 6
 9.466149e+01 -7.174708e+02 -1.151556e+03 -3.883926e+00 2.404896e-01 2.528828e+01
<VARIANCE> 6
 3.185140e+01 9.945479e+03 1.398304e+04 3.028640e+02 4.053393e+04 5.195771e+07
<GCONST> 6.732794e+01
<MIXTURE> 5 8.491896e-02
<MEAN> 6
 1.021824e+02 1.951793e+03 -2.197322e+03 -5.947093e+00 1.479869e+00 1.710219e+02
<VARIANCE> 6
 3.526480e+01 5.457971e+04 7.204419e+05 3.028640e+02 4.053393e+04 5.195771e+07
<GCONST> 7.307431e+01
<MIXTURE> 6 5.133588e-02
<MEAN> 6
 9.433223e+01 -2.710614e+02 -1.735056e+03 -5.215466e+00 4.738291e+00 -5.396234e+01
<VARIANCE> 6
 4.072921e+01 2.612119e+04 3.944531e+04 3.028640e+02 4.053393e+04 5.195771e+07
<GCONST> 6.957650e+01
<MIXTURE> 7 1.074822e-01
<MEAN> 6
 8.569267e+01 -5.199754e+03 1.788814e+02 -5.919998e+00 9.850130e+00 -4.438692e+01
<VARIANCE> 6
 6.743915e+01 6.123050e+06 1.945696e+06 3.028640e+02 4.053393e+04 5.195771e+07
<GCONST> 7.943631e+01
<MIXTURE> 8 7.723041e-02
<MEAN> 6
 1.039100e+02 4.442921e+02 -4.297040e+02 -6.310360e+00 -3.332379e-01 5.649614e+01
<VARIANCE> 6
 3.185140e+01 3.051821e+04 3.281909e+04 3.028640e+02 4.053393e+04 5.195771e+07
<GCONST> 6.930231e+01
<MIXTURE> 9 7.468460e-02
<MEAN> 6
 7.883744e+01 -8.534850e+02 -1.649620e+03 -2.993781e+00 -2.622016e+00 9.501335e+01
<VARIANCE> 6
 3.185140e+01 5.462225e+04 1.037953e+05 3.028640e+02 4.053393e+04 5.195771e+07
<GCONST> 7.103584e+01
<MIXTURE> 10 9.352111e-02
<MEAN> 6
 9.041571e+01 4.196695e+02 -2.883343e+03 -2.921191e+00 3.310369e+00 -1.443343e+01
<VARIANCE> 6
 3.185140e+01 1.785008e+04 5.576758e+05 3.028640e+02 4.053393e+04 5.195771e+07
<GCONST> 7.159875e+01
<MIXTURE> 11 5.911509e-02
<MEAN> 6
 9.974772e+01 9.174726e+02 -9.346293e+02 -5.281752e+00 6.299406e+00 -3.230297e+01
<VARIANCE> 6
 3.185140e+01 1.372107e+04 2.037705e+05 3.028640e+02 4.053393e+04 5.195771e+07
<GCONST> 7.032890e+01
<MIXTURE> 12 4.996260e-02
<MEAN> 6
 8.247170e+01 -8.067437e+02 -9.794845e+03 -3.272656e+00 4.906372e+00 -6.153202e+01
<VARIANCE> 6
 3.185140e+01 9.945479e+03 4.414316e+06 3.028640e+02 4.053393e+04 5.195771e+07
<GCONST> 7.308270e+01
<MIXTURE> 13 5.765515e-02
<MEAN> 6
 9.105637e+01 -7.010668e+01 -2.152754e+03 -3.811625e+00 4.601745e+00 -1.715084e+01
<VARIANCE> 6
 3.185140e+01 1.742576e+04 2.258596e+04 3.028640e+02 4.053393e+04 5.195771e+07
<GCONST> 6.836826e+01
<MIXTURE> 14 5.486513e-02
<MEAN> 6
 1.090024e+02 8.108823e+02 -8.019669e+02 -8.419923e+00 -8.161347e+00 6.733707e+02
<VARIANCE> 6
 3.185140e+01 5.903198e+05 6.626321e+04 3.028640e+02 4.053393e+04 5.195771e+07
<GCONST> 7.296727e+01
<STATE> 11
<NUMMIXES> 14
<MIXTURE> 1 6.265309e-02
<MEAN> 6
 6.096475e+01 2.518296e+03 7.994500e+02 1.027300e+00 1.120732e+00 -1.222860e+02
<VARIANCE> 6
 3.185140e+01 1.658083e+05 1.380738e+05 3.028640e+02 4.053393e+04 5.195771e+07
<GCONST> 7.243159e+01
<MIXTURE> 2 8.911161e-02
<MEAN> 6
 6.737250e+01 4.422799e+02 1.395151e+02 -2.153266e-01 -6.272501e+00 -2.040764e+02
<VARIANCE> 6
 3.185140e+01 9.945479e+03 1.398304e+04 3.028640e+02 4.053393e+04 5.195771e+07
<GCONST> 6.732794e+01
<MIXTURE> 3 9.686859e-02
<MEAN> 6
 6.584891e+01 -6.618010e+01 -4.294824e+01 -8.714242e-01 -3.920057e+00 1.143587e+02
<VARIANCE> 6
 3.185140e+01 9.945479e+03 1.398304e+04 3.028640e+02 4.053393e+04 5.195771e+07
<GCONST> 6.732794e+01
<MIXTURE> 4 9.271459e-02
<MEAN> 6
 5.421769e+01 8.666630e+02 5.942666e+00 3.792512e-01 1.532498e+00 -1.984623e+02
<VARIANCE> 6
 3.185140e+01 9.945479e+03 1.398304e+04 3.028640e+02 4.053393e+04 5.195771e+07
<GCONST> 6.732794e+01
<MIXTURE> 5 6.058573e-02
<MEAN> 6
 6.338477e+01 3.623278e+02 -1.810641e+02 1.106672e+00 -9.588557e+00 -1.577795e+02
<VARIANCE> 6
 3.185140e+01 9.945479e+03 1.398304e+04 3.028640e+02 4.053393e+04 5.195771e+07
<GCONST> 6.732794e+01
<MIXTURE> 6 1.051116e-01
<MEAN> 6
 6.183582e+01 4.616270e+02 1.288992e+02 -1.704548e-01 -1.321197e+00 -1.460476e+02
<VARIANCE> 6
 3.185140e+01 9.945479e+03 1.398304e+04 3.028640e+02 4.053393e+04 5.195771e+07
<GCONST> 6.732794e+01
<MIXTURE> 7 4.250471e-02
<MEAN> 6
 6.214510e+01 -1.993132e+03 -1.874284e+02 -1.751410e+00 -5.197219e+00 3.433414e+01
<VARIANCE> 6
 3.185140e+01 3.930090e+04 1.420095e+04 3.028640e+02 4.053393e+04 5.195771e+07
<GCONST> 6.871753e+01
<MIXTURE> 8 6.068825e-02
<MEAN> 6
 6.339802e+01 3.619451e+02 -1.810359e+02 1.105672e+00 -9.702913e+00 -1.585117e+02
<VARIANCE> 6
 3.185140e+01 9.945479e+03 1.398304e+04 3.028640e+02 4.053393e+04 5.195771e+07
<GCONST> 6.732794e+01
<MIXTURE> 9 4.884772e-02
<MEAN> 6
 6.282045e+01 4.734116e+02 1.388502e+02 -1.213220e-01 -1.528496e+00 -1.462216e+02
<VARIANCE> 6
 3.185140e+01 9.945479e+03 1.398304e+04 3.028640e+02 4.053393e+04 5.195771e+07
<GCONST> 6.732794e+01
<MIXTURE> 10 8.884536e-02
<MEAN> 6
 6.257883e+01 4.613963e+02 1.322239e+02 -1.851076e-01 -2.415113e+00 -1.566758e+02
<VARIANCE> 6
 3.185140e+01 9.945479e+03 1.398304e+04 3.028640e+02 4.053393e+04 5.195771e+07
<GCONST> 6.732794e+01
<MIXTURE> 11 8.193292e-02
<MEAN> 6
 6.209363e+01 1.591427e+03 7.911755e+02 -5.501524e+00 -2.461954e+00 2.895208e+02
<VARIANCE> 6
 3.185140e+01 3.391775e+05 1.033896e+06 3.028640e+02 4.053393e+04 5.195771e+07
<GCONST> 7.516058e+01
<MIXTURE> 12 6.073105e-02
<MEAN> 6
 6.341136e+01 3.615179e+02 -1.808558e+02 1.103704e+00 -9.792244e+00 -1.592450e+02
<VARIANCE> 6
 3.185140e+01 9.945479e+03 1.398304e+04 3.028640e+02 4.053393e+04 5.195771e+07
<GCONST> 6.732794e+01
<MIXTURE> 13 6.062490e-02
<MEAN> 6
 6.342948e+01 3.609691e+02 -1.807170e+02 1.101759e+00 -9.931585e+00 -1.602332e+02
<VARIANCE> 6
 3.185140e+01 9.945479e+03 1.398304e+04 3.028640e+02 4.053393e+04 5.195771e+07
<GCONST> 6.732794e+01
<MIXTURE> 14 4.875778e-02
<MEAN> 6
 6.106975e+01 4.484609e+02 1.193147e+02 -2.462023e-01 -1.561867e+00 -1.507308e+02
<VARIANCE> 6
 3.185140e+01 9.945479e+03 1.398304e+04 3.028640e+02 4.053393e+04 5.195771e+07
<GCONST> 6.732794e+01
<STATE> 12
<NUMMIXES> 14
<MIXTURE> 1 5.153945e-02
<MEAN> 6
 8.912916e+01 -3.420001e+02 6.506871e+02 -2.155961e+00 -1.538550e+01 3.057343e+02
<VARIANCE> 6
 3.185140e+01 1.109880e+04 1.398304e+04 3.028640e+02 4.053393e+04 5.195771e+07
<GCONST> 6.743765e+01
<MIXTURE> 2 7.157011e-02
<MEAN> 6
 8.582451e+01 2.967834e+02 -2.025203e+02 -3.130471e+00 -1.936048e+00 2.844251e+01
<VARIANCE> 6
 3.763083e+01 9.945479e+03 1.398304e+04 3.028640e+02 4.053393e+04 5.195771e+07
<GCONST> 6.749467e+01
<MIXTURE> 3 8.628093e-02
<MEAN> 6
 7.681342e+01 8.689971e+02 1.110575e+01 -3.367517e+00 2.041950e+00 -7.801271e+01
<VARIANCE> 6
 3.185140e+01 9.106662e+04 3.259146e+04 3.028640e+02 4.053393e+04 5.195771e+07
<GCONST> 7.038862e+01
<MIXTURE> 4 1.207396e-01
<MEAN> 6
 7.882151e+01 -2.265902e+02 1.924579e+02 -3.365244e+00 2.657408e+00 3.406962e+02
<VARIANCE> 6
 3.185140e+01 9.151752e+04 1.398304e+04 3.028640e+02 4.053393e+04 5.195771e+07
<GCONST> 6.954735e+01
<MIXTURE> 5 5.969200e-02
<MEAN> 6
 7.647707e+01 -2.726434e+02 -1.655156e+02 -1.502343e+00 -1.214727e+01 -3.105051e+01
<VARIANCE> 6
 3.185140e+01 1.157618e+04 1.720982e+04 3.028640e+02 4.053393e+04 5.195771e+07
<GCONST> 6.768741e+01
<MIXTURE> 6 8.761872e-02
<MEAN> 6
 8.298352e+01 -1.308455e+03 -7.979619e+01 -4.392086e+00 -2.829155e+00 1.241773e+02
<VARIANCE> 6
 3.215722e+01 5.530646e+04 1.398304e+04 3.028640e+02 4.053393e+04 5.195771e+07
<GCONST> 6.905327e+01
<MIXTURE> 7 6.208364e-02
<MEAN> 6
 9.565719e+01 -1.805714e+02 4.210630e+01 -4.467779e+00 1.817060e-01 -6.315700e+00
<VARIANCE> 6
 3.680669e+01 1.657738e+04 1.398304e+04 3.028640e+02 4.053393e+04 5.195771e+07
<GCONST> 6.798346e+01
<MIXTURE> 8 1.700238e-02
<MEAN> 6
 7.448099e+01 1.475659e+03 -5.463364e+02 -5.164488e+00 2.176114e+01 2.524995e+02
<VARIANCE> 6
 3.185140e+01 7.669559e+05 4.036117e+05 3.028640e+02 4.053393e+04 5.195771e+07
<GCONST> 7.503586e+01
<MIXTURE> 9 5.561254e-02
<MEAN> 6
 6.701248e+01 -8.474077e+02 -1.503334e+02 -3.538676e+00 9.731854e+00 -4.588405e+01
<VARIANCE> 6
 3.185140e+01 2.271103e+04 1.398304e+04 3.028640e+02 4.053393e+04 5.195771e+07
<GCONST> 6.815367e+01
<MIXTURE> 10 1.068697e-01
<MEAN> 6
 8.105406e+01 -8.382743e+02 3.423418e+02 -4.037736e+00 -3.425732e-01 4.491764e+00
<VARIANCE> 6
 5.019539e+01 1.261420e+04 2.435139e+04 3.028640e+02 4.053393e+04 5.195771e+07
<GCONST> 6.857523e+01
<MIXTURE> 11 1.078461e-01
<MEAN> 6
 7.477764e+01 7.552203e+02 -3.798948e+02 -2.440218e+00 -4.641351e+00 1.123558e+02
<VARIANCE> 6
 3.185140e+01 4.080932e+05 2.183816e+04 3.028640e+02 4.053393e+04 5.195771e+07
<GCONST> 7.148813e+01
<MIXTURE> 12 4.384508e-02
<MEAN> 6
 9.041401e+01 -2.908849e+02 5.955716e+00 -6.623027e+00 3.567590e+00 3.547650e+01
<VARIANCE> 6
 3.185140e+01 5.205626e+04 1.398304e+04 3.028640e+02 4.053393e+04 5.195771e+07
<GCONST> 6.898315e+01
<MIXTURE> 13 6.984475e-02
<MEAN> 6
 8.386083e+01 2.712570e+02 -2.073506e+02 -2.843828e+00 -5.026383e+00 1.961295e+01
<VARIANCE> 6
 3.185140e+01 9.945479e+03 1.398304e+04 3.028640e+02 4.053393e+04 5.195771e+07
<GCONST> 6.732794e+01
<MIXTURE> 14 5.940872e-02
<MEAN> 6
 7.506645e+01 -3.026163e+02 -1.902005e+02 -2.159620e+00 -1.297927e+01 -2.647767e+01
<VARIANCE> 6
 3.185140e+01 1.151801e+04 1.454648e+04 3.028640e+02 4.053393e+04 5.195771e+07
<GCONST> 6.751424e+01
<STATE> 13
<NUMMIXES> 14
<MIXTURE> 1 5.837026e-02
<MEAN> 6
 6.060886e+01 -3.031642e+01 1.075329e+01 5.998542e+01 -2.876078e+02 1.620286e+02
<VARIANCE> 6
 7.672549e+01 5.599220e+04 4.569220e+04 4.676751e+03 6.785106e+04 5.195771e+07
<GCONST> 7.437152e+01
<MIXTURE> 2 6.122055e-02
<MEAN> 6
 2.476011e+00 9.413035e+01 1.285368e+02 -2.162608e+02 1.887869e+02 7.821540e+03
<VARIANCE> 6
 4.488385e+02 1.298383e+05 5.011086e+04 4.102095e+03 3.349564e+05 2.222235e+08
<GCONST> 7.999017e+01
<MIXTURE> 3 2.541936e-02
<MEAN> 6
 7.249168e+01 -5.979555e+01 -8.056326e+01 5.343777e+01 -7.887090e+02 -3.043235e+03
<VARIANCE> 6
 3.455012e+02 4.025323e+05 1.620321e+05 1.491112e+04 8.495892e+05 4.523764e+08
<GCONST> 8.496573e+01
<MIXTURE> 4 1.075599e-01
<MEAN> 6
 6.884380e+01 -1.345113e+02 4.181985e+01 -7.896249e+00 -4.438485e+01 9.803262e+01
<VARIANCE> 6
 4.511572e+01 1.796397e+05 3.665046e+04 3.028640e+02 4.053393e+04 5.195771e+07
<GCONST> 7.153351e+01
<MIXTURE> 5 8.995495e-02
<MEAN> 6
 -4.388638e+01 4.216545e+01 -3.322132e+01 -3.597348e+00 1.058390e+03 -5.711349e+02
<VARIANCE> 6
 1.200307e+02 6.305930e+04 5.351804e+04 1.658780e+04 2.454056e+05 1.834841e+08
<GCONST> 7.890935e+01
<MIXTURE> 6 3.884652e-02
<MEAN> 6
 4.469127e+01 3.322371e+02 1.163120e+02 -6.355085e+01 -3.123041e+02 7.931422e+02
<VARIANCE> 6
 1.437873e+02 1.404084e+05 3.782209e+04 1.665174e+04 5.215022e+04 5.195771e+07
<GCONST> 7.673665e+01
<MIXTURE> 7 7.487042e-02
<MEAN> 6
 7.982792e+01 -3.573365e+02 1.416564e+01 -2.548839e+00 -5.237475e+02 -3.455762e+02
<VARIANCE> 6
 1.661283e+02 3.565391e+05 2.438577e+04 4.974702e+03 2.125236e+05 5.195771e+07
<GCONST> 7.757085e+01
<MIXTURE> 8 1.008677e-01
<MEAN> 6
 -1.937420e+01 -2.711612e+01 1.778141e+01 4.922131e+01 2.042048e+02 -2.296472e+03
<VARIANCE> 6
 1.258305e+02 6.343630e+04 1.434417e+04 1.528890e+04 1.085518e+05 6.206635e+07
<GCONST> 7.566467e+01
<MIXTURE> 9 7.749695e-02
<MEAN> 6
 1.830787e+01 8.744318e+01 7.046329e+01 1.877169e+02 -1.589888e+02 -2.558280e+03
<VARIANCE> 6
 4.384616e+02 5.690704e+04 6.642419e+04 2.123955e+03 1.290852e+05 6.495027e+07
<GCONST> 7.658192e+01
<MIXTURE> 10 1.066987e-01
<MEAN> 6
 -3.946236e+01 -1.587871e+01 -9.512234e+01 1.798859e+01 3.192229e+02 -8.192300e+01
<VARIANCE> 6
 1.537948e+02 7.019402e+04 7.823686e+04 2.379590e+03 7.368878e+04 5.195771e+07
<GCONST> 7.523763e+01
<MIXTURE> 11 5.465701e-02
<MEAN> 6
 5.403181e+01 6.107406e+01 3.442576e+01 -1.538415e+02 -7.665370e+02 1.544216e+03
<VARIANCE> 6
 1.568441e+02 6.519681e+04 1.398304e+04 3.334948e+03 1.307068e+05 6.280228e+07
<GCONST> 7.456171e+01
<MIXTURE> 12 7.544503e-02
<MEAN> 6
 2.023930e+01 -2.077258e+02 -6.537968e+01 1.250282e+02 2.051241e+00 -1.659886e+02
<VARIANCE> 6
 3.730377e+02 1.045030e+05 4.456523e+04 1.144368e+03 4.160530e+04 5.195771e+07
<GCONST> 7.465515e+01
<MIXTURE> 13 7.008801e-02
<MEAN> 6
 2.810313e+00 -4.808880e+01 1.870122e+00 -1.683808e+02 9.437832e+01 1.078764e+03
<VARIANCE> 6
 4.790654e+02 4.654226e+04 3.480232e+04 2.671269e+03 1.437800e+05 9.556566e+07
<GCONST> 7.654633e+01
<MIXTURE> 14 5.836001e-02
<MEAN> 6
 5.831134e+01 -1.334686e+02 -1.019822e+02 2.897493e+01 -3.395815e+02 -8.684399e+02
<VARIANCE> 6
 7.248376e+01 4.729916e+04 6.599983e+04 6.298653e+03 7.145657e+04 5.195771e+07
<GCONST> 7.486316e+01
<TRANSP> 14
 0.000000e+00 1.000000e+00 0.000000e+00 0.000000e+00 0.000000e+00 0.000000e+00 0.000000e+00 0.000000e+00 0.000000e+00 0.000000e+00 0.000000e+00 0.000000e+00 0.000000e+00 0.000000e+00
 0.000000e+00 9.981977e-01 1.802299e-03 0.000000e+00 0.000000e+00 0.000000e+00 0.000000e+00 0.000000e+00 0.000000e+00 0.000000e+00 0.000000e+00 0.000000e+00 0.000000e+00 0.000000e+00
 0.000000e+00 0.000000e+00 9.994267e-01 5.733503e-04 0.000000e+00 0.000000e+00 0.000000e+00 0.000000e+00 0.000000e+00 0.000000e+00 0.000000e+00 0.000000e+00 0.000000e+00 0.000000e+00
 0.000000e+00 0.000000e+00 0.000000e+00 9.993979e-01 6.020081e-04 0.000000e+00 0.000000e+00 0.000000e+00 0.000000e+00 0.000000e+00 0.000000e+00 0.000000e+00 0.000000e+00 0.000000e+00
 0.000000e+00 0.000000e+00 0.000000e+00 0.000000e+00 9.993041e-01 6.958896e-04 0.000000e+00 0.000000e+00 0.000000e+00 0.000000e+00 0.000000e+00 0.000000e+00 0.000000e+00 0.000000e+00
 0.000000e+00 0.000000e+00 0.000000e+00 0.000000e+00 0.000000e+00 9.998637e-01 1.362691e-04 0.000000e+00 0.000000e+00 0.000000e+00 0.000000e+00 0.000000e+00 0.000000e+00 0.000000e+00
 0.000000e+00 0.000000e+00 0.000000e+00 0.000000e+00 0.000000e+00 0.000000e+00 9.992908e-01 7.091899e-04 0.000000e+00 0.000000e+00 0.000000e+00 0.000000e+00 0.000000e+00 0.000000e+00
 0.000000e+00 0.000000e+00 0.000000e+00 0.000000e+00 0.000000e+00 0.000000e+00 0.000000e+00 9.998371e-01 1.628877e-04 0.000000e+00 0.000000e+00 0.000000e+00 0.000000e+00 0.000000e+00
 0.000000e+00 0.000000e+00 0.000000e+00 0.000000e+00 0.000000e+00 0.000000e+00 0.000000e+00 0.000000e+00 9.968930e-01 3.107061e-03 0.000000e+00 0.000000e+00 0.000000e+00 0.000000e+00
 0.000000e+00 0.000000e+00 0.000000e+00 0.000000e+00 0.000000e+00 0.000000e+00 0.000000e+00 0.000000e+00 0.000000e+00 9.984553e-01 1.544666e-03 0.000000e+00 0.000000e+00 0.000000e+00
 0.000000e+00 0.000000e+00 0.000000e+00 0.000000e+00 0.000000e+00 0.000000e+00 0.000000e+00 0.000000e+00 0.000000e+00 0.000000e+00 9.981450e-01 1.854921e-03 0.000000e+00 0.000000e+00
 0.000000e+00 0.000000e+00 0.000000e+00 0.000000e+00 0.000000e+00 0.000000e+00 0.000000e+00 0.000000e+00 0.000000e+00 0.000000e+00 0.000000e+00 9.986732e-01 1.326804e-03 0.000000e+00
 0.000000e+00 0.000000e+00 0.000000e+00 0.000000e+00 0.000000e+00 0.000000e+00 0.000000e+00 0.000000e+00 0.000000e+00 0.000000e+00 0.000000e+00 0.000000e+00 9.997696e-01 2.303816e-04
 0.000000e+00 0.000000e+00 0.000000e+00 0.000000e+00 0.000000e+00 0.000000e+00 0.000000e+00 0.000000e+00 0.000000e+00 0.000000e+00 0.000000e+00 0.000000e+00 0.000000e+00 0.000000e+00
<ENDHMM>
~h "QuintoPRIMARIA"
<BEGINHMM>
<NUMSTATES> 14
<STATE> 2
<NUMMIXES> 14
<MIXTURE> 1 9.533005e-02
<MEAN> 6
 -2.209459e+01 -4.595967e+01 6.122305e+01 6.148777e+01 4.667416e+02 -1.225438e+03
<VARIANCE> 6
 4.483537e+02 9.454304e+04 7.746004e+04 1.151799e+04 1.078432e+05 5.195771e+07
<GCONST> 7.855321e+01
<MIXTURE> 2 1.651513e-02
<MEAN> 6
 4.166677e+01 -5.430738e+01 -2.486031e+02 -5.131230e+01 -1.086042e+02 2.269944e+03
<VARIANCE> 6
 1.489254e+03 1.815190e+06 7.706454e+05 3.193983e+04 1.733318e+06 4.777982e+08
<GCONST> 9.102184e+01
<MIXTURE> 3 5.549768e-02
<MEAN> 6
 7.678945e+01 1.617008e+02 2.817128e+02 -1.231382e+00 -2.003456e+01 -1.748921e+02
<VARIANCE> 6
 4.162584e+01 3.069912e+04 8.898543e+04 3.028640e+02 4.053393e+04 5.195771e+07
<GCONST> 7.057332e+01
<MIXTURE> 4 6.144011e-02
<MEAN> 6
 3.533165e+01 6.318992e+01 6.845026e+01 3.568455e+01 -1.047262e+02 4.957943e+02
<VARIANCE> 6
 5.531503e+02 4.925098e+04 3.360443e+04 2.569021e+04 1.087067e+05 5.195771e+07
<GCONST> 7.808620e+01
<MIXTURE> 5 1.094033e-01
<MEAN> 6
 6.671265e+01 1.488130e+02 -1.795113e+02 -7.246020e-01 -9.757664e+00 -7.341492e+01
<VARIANCE> 6
 9.200294e+01 8.921216e+05 4.377056e+04 3.028640e+02 4.053393e+04 5.195771e+07
<GCONST> 7.402628e+01
<MIXTURE> 6 5.450870e-02
<MEAN> 6
 5.584252e+01 3.987838e+01 1.064453e+01 -2.456838e+01 -8.387480e+02 3.900028e+02
<VARIANCE> 6
 9.707136e+02 4.445274e+04 1.678324e+04 3.503739e+04 7.251316e+05 4.798251e+08
<GCONST> 8.228282e+01
<MIXTURE> 7 6.850358e-02
<MEAN> 6
 -4.195195e+01 1.717109e+01 -2.585859e+01 1.469933e+01 1.245185e+02 1.417355e+02
<VARIANCE> 6
 1.939338e+02 4.637050e+04 4.947206e+04 3.028640e+02 4.053393e+04 5.195771e+07
<GCONST> 7.193748e+01
<MIXTURE> 8 7.999606e-02
<MEAN> 6
 6.770032e+01 6.092811e+01 -4.501202e+01 -1.438167e+01 -5.603949e+02 -1.062922e+03
<VARIANCE> 6
 2.610937e+02 9.194766e+04 5.674187e+04 1.385794e+04 1.517816e+05 5.195771e+07
<GCONST> 7.820013e+01
<MIXTURE> 9 5.870361e-02
<MEAN> 6
 -2.891012e+01 -2.468703e+01 -9.207485e+00 -9.019758e+01 1.048309e+03 2.736119e+03
<VARIANCE> 6
 3.344210e+02 2.018448e+04 4.108739e+04 2.780098e+04 7.391747e+05 5.524076e+08
<GCONST> 8.125170e+01
<MIXTURE> 10 9.725657e-02
<MEAN> 6
 5.900210e+01 2.115062e+00 4.181993e+01 2.421558e-02 -1.528073e+01 -2.271429e+02
<VARIANCE> 6
 3.185140e+01 3.296366e+04 4.744061e+04 3.028640e+02 4.053393e+04 5.195771e+07
<GCONST> 6.974786e+01
<MIXTURE> 11 8.605116e-02
<MEAN> 6
 8.056297e+01 -5.822566e+01 -4.873221e+02 -1.523759e+00 -1.157746e+01 -8.987585e+01
<VARIANCE> 6
 2.192673e+02 3.777698e+05 1.124214e+05 3.028640e+02 4.053393e+04 5.195771e+07
<GCONST> 7.497872e+01
<MIXTURE> 12 8.454303e-02
<MEAN> 6
 6.279708e+01 -1.343968e+02 -2.902979e+02 -1.084816e-01 -1.546358e+01 -1.553398e+02
<VARIANCE> 6
 3.185140e+01 2.275664e+04 6.365037e+04 3.028640e+02 4.053393e+04 5.195771e+07
<GCONST> 6.967123e+01
<MIXTURE> 13 7.042055e-02
<MEAN> 6
 7.875028e+01 4.363083e+01 2.865415e+01 -8.598615e+00 -4.294341e+01 -2.132293e+02
<VARIANCE> 6
 1.053079e+02 1.783198e+04 2.106444e+04 3.028640e+02 4.053393e+04 5.195771e+07
<GCONST> 6.951736e+01
<MIXTURE> 14 6.160388e-02
<MEAN> 6
 2.631990e+01 -3.961198e+01 -1.051329e+01 -2.144744e+01 -2.100644e+02 -8.779513e+02
<VARIANCE> 6
 5.659860e+02 3.969350e+04 4.262185e+04 3.130162e+04 1.220291e+05 5.195771e+07
<GCONST> 7.844427e+01
<STATE> 3
<NUMMIXES> 14
<MIXTURE> 1 6.310485e-02
<MEAN> 6
 -1.814014e+01 -7.317900e+01 1.015500e+02 2.314201e+02 6.024283e+02 -4.225204e+03
<VARIANCE> 6
 2.145851e+02 1.262386e+05 1.270152e+05 4.568499e+03 1.649044e+05 5.195771e+07
<GCONST> 7.809996e+01
<MIXTURE> 2 9.632058e-02
<MEAN> 6
 9.015290e+01 2.074949e+02 -1.392695e+01 4.008071e+01 -1.197176e+03 -4.981921e+02
<VARIANCE> 6
 1.812641e+02 9.823863e+05 2.971102e+05 1.731115e+04 1.530902e+06 1.018483e+09
<GCONST> 8.736887e+01
<MIXTURE> 3 7.327431e-02
<MEAN> 6
 9.064268e+01 -4.700158e+00 -4.687866e+01 -3.170984e+01 -2.628462e+02 2.930486e+02
<VARIANCE> 6
 1.084836e+02 1.660907e+05 3.727392e+04 1.581710e+03 1.778794e+05 5.878431e+07
<GCONST> 7.560471e+01
<MIXTURE> 4 5.449353e-02
<MEAN> 6
 -4.902608e+01 -1.471174e+02 2.575766e+02 -1.895622e+02 1.845010e+03 5.279438e+03
<VARIANCE> 6
 3.075861e+02 3.217712e+05 6.000440e+05 1.816213e+04 1.221562e+06 1.185754e+09
<GCONST> 8.745876e+01
<MIXTURE> 5 5.693546e-02
<MEAN> 6
 4.762001e+01 4.853665e+01 5.764693e+01 2.300607e+02 -3.381290e+02 9.173644e+02
<VARIANCE> 6
 3.873419e+02 1.595398e+05 2.115168e+05 3.317622e+03 2.214433e+05 7.305831e+07
<GCONST> 7.975037e+01
<MIXTURE> 6 4.883740e-02
<MEAN> 6
 1.296135e+01 -4.084668e+01 2.003944e+02 3.392697e+02 -8.762450e+01 -1.303779e+04
<VARIANCE> 6
 4.567626e+02 7.618491e+05 3.237466e+05 4.129420e+03 6.099212e+05 1.478438e+08
<GCONST> 8.384129e+01
<MIXTURE> 7 1.046085e-01
<MEAN> 6
 -5.242797e+01 -3.089592e+00 1.610552e+02 3.983682e+01 9.064857e+02 7.657872e+02
<VARIANCE> 6
 1.858415e+02 1.172027e+05 1.782144e+05 1.389233e+04 1.774028e+05 6.198085e+07
<GCONST> 7.958216e+01
<MIXTURE> 8 7.525444e-02
<MEAN> 6
 5.591256e+01 1.702587e+01 -1.633056e+01 -2.283723e+02 -9.141780e+02 2.619448e+03
<VARIANCE> 6
 1.935325e+02 3.014109e+05 1.510763e+05 3.520579e+03 2.763383e+05 7.965372e+07
<GCONST> 7.972344e+01
<MIXTURE> 9 6.070247e-02
<MEAN> 6
 5.021322e+00 -4.027377e+01 1.388088e+02 -2.697490e+02 8.340934e+01 3.497510e+03
<VARIANCE> 6
 5.874449e+02 9.486763e+04 4.403977e+05 5.545132e+03 2.735889e+05 1.289521e+08
<GCONST> 8.167373e+01
<MIXTURE> 10 5.828790e-02
<MEAN> 6
 -4.815713e+01 -4.921948e+02 6.031211e+01 5.411484e+01 1.214326e+03 -3.692220e+03
<VARIANCE> 6
 2.916388e+02 1.512419e+06 1.492802e+05 2.840523e+04 3.847832e+05 2.051387e+08
<GCONST> 8.509954e+01
<MIXTURE> 11 1.105130e-01
<MEAN> 6
 8.089024e+01 -7.463230e+00 -1.233685e+02 -9.581552e-01 -6.026621e+02 -2.651191e+03
<VARIANCE> 6
 7.345351e+01 2.115631e+05 1.412209e+05 1.328741e+04 2.392055e+05 5.345082e+07
<GCONST> 7.911819e+01
<MIXTURE> 12 7.591092e-02
<MEAN> 6
 -6.360741e+01 -8.216669e+00 1.138348e+02 1.996601e+01 3.105322e+02 -2.298070e+02
<VARIANCE> 6
 8.178649e+01 1.848472e+05 1.713715e+05 1.065924e+03 9.250026e+04 5.218494e+07
<GCONST> 7.578712e+01
<MIXTURE> 13 6.437150e-02
<MEAN> 6
 3.024199e+00 -1.537056e+02 1.932560e+01 -3.210585e+02 -1.487396e+02 1.017592e+04
<VARIANCE> 6
 5.359984e+02 4.995298e+05 1.331052e+05 6.135990e+03 6.850311e+05 4.330669e+08
<GCONST> 8.427727e+01
<MIXTURE> 14 5.720222e-02
<MEAN> 6
 4.527158e+01 -1.033374e+02 -1.044850e+02 2.232996e+02 -4.232756e+02 -1.032268e+03
<VARIANCE> 6
 4.106223e+02 2.098635e+05 2.249375e+05 3.109945e+03 1.772586e+05 5.374952e+07
<GCONST> 7.955029e+01
<STATE> 4
<NUMMIXES> 14
<MIXTURE> 1 9.746280e-02
<MEAN> 6
 1.007707e+02 1.006374e+03 2.412723e+02 -3.621832e+00 -6.285953e+00 3.791833e+02
<VARIANCE> 6
 3.185140e+01 9.945479e+03 1.398304e+04 3.028640e+02 4.053393e+04 5.195771e+07
<GCONST> 6.732794e+01
<MIXTURE> 2 2.399375e-02
<MEAN> 6
 9.080849e+01 -2.698383e+02 -6.800859e+02 -1.872425e+01 -1.104364e+03 4.074865e+04
<VARIANCE> 6
 2.631724e+02 1.699291e+06 4.584958e+06 7.253447e+03 2.276191e+06 1.127549e+09
<GCONST> 9.065465e+01
<MIXTURE> 3 6.121846e-02
<MEAN> 6
 9.432298e+01 2.305220e+02 4.433349e+02 -2.923579e+00 1.480403e+01 -7.782850e+02
<VARIANCE> 6
 3.185140e+01 9.945479e+03 1.398304e+04 3.028640e+02 4.053393e+04 5.195771e+07
<GCONST> 6.732794e+01
<MIXTURE> 4 6.022412e-02
<MEAN> 6
 9.621617e+01 1.065901e+02 6.664082e+01 -1.002524e+01 -1.297178e+00 3.568994e+02
<VARIANCE> 6
 3.185140e+01 3.630760e+04 1.398304e+04 3.028640e+02 4.053393e+04 5.195771e+07
<GCONST> 6.862285e+01
<MIXTURE> 5 7.145768e-02
<MEAN> 6
 9.919096e+01 9.856487e+01 -1.347784e+02 -5.363142e+00 -2.604267e+01 4.404438e+02
<VARIANCE> 6
 3.185140e+01 9.945479e+03 1.398304e+04 3.028640e+02 4.053393e+04 5.195771e+07
<GCONST> 6.732794e+01
<MIXTURE> 6 6.016130e-02
<MEAN> 6
 9.254691e+01 9.827908e+02 -1.417458e+02 -5.436163e+00 -1.674148e+01 2.618295e+01
<VARIANCE> 6
 3.185140e+01 1.327012e+04 1.398304e+04 3.028640e+02 4.053393e+04 5.195771e+07
<GCONST> 6.761633e+01
<MIXTURE> 7 8.662885e-02
<MEAN> 6
 1.024815e+02 -4.058570e+02 1.465846e+01 -6.704373e+00 1.271638e+01 7.443889e+01
<VARIANCE> 6
 3.185140e+01 9.945479e+03 1.398304e+04 3.028640e+02 4.053393e+04 5.195771e+07
<GCONST> 6.732794e+01
<MIXTURE> 8 7.975240e-02
<MEAN> 6
 8.919482e+01 -7.655988e+02 -1.607747e+02 -6.979782e+00 4.023735e+00 -1.083920e+01
<VARIANCE> 6
 3.185140e+01 8.898457e+04 1.398304e+04 3.028640e+02 4.053393e+04 5.195771e+07
<GCONST> 6.951929e+01
<MIXTURE> 9 5.042971e-02
<MEAN> 6
 9.846178e+01 1.204960e+02 9.010366e+01 -3.049089e+01 -2.195982e+00 1.287462e+04
<VARIANCE> 6
 3.541866e+01 1.108550e+05 7.885387e+04 6.170232e+02 6.479639e+05 6.496565e+08
<GCONST> 7.758428e+01
<MIXTURE> 10 1.068022e-01
<MEAN> 6
 9.519305e+01 2.466292e+01 8.984164e+01 -8.775943e+00 7.452701e+00 1.112121e+02
<VARIANCE> 6
 3.185140e+01 5.471866e+04 1.398304e+04 3.028640e+02 4.053393e+04 5.195771e+07
<GCONST> 6.903302e+01
<MIXTURE> 11 6.041914e-02
<MEAN> 6
 1.012606e+02 9.387991e+02 2.472138e+02 -6.326206e+00 -1.028705e+01 6.079295e+02
<VARIANCE> 6
 3.185140e+01 1.896080e+04 1.398304e+04 3.028640e+02 4.053393e+04 5.195771e+07
<GCONST> 6.797319e+01
<MIXTURE> 12 1.107657e-01
<MEAN> 6
 9.462975e+01 -2.694170e+02 -3.197169e+02 -5.747943e+00 9.588575e+00 3.054156e+01
<VARIANCE> 6
 3.185140e+01 9.945479e+03 1.398304e+04 3.028640e+02 4.053393e+04 5.195771e+07
<GCONST> 6.732794e+01
<MIXTURE> 13 6.006782e-02
<MEAN> 6
 9.506315e+01 1.133480e+01 9.573163e+01 -7.848386e+00 1.767443e+00 1.404168e+01
<VARIANCE> 6
 3.185140e+01 3.566215e+04 1.398304e+04 3.028640e+02 4.053393e+04 5.195771e+07
<GCONST> 6.860490e+01
<MIXTURE> 14 7.059382e-02
<MEAN> 6
 9.871364e+01 4.804361e+01 -1.920247e+02 -4.961200e+00 -1.825164e+01 1.797517e+02
<VARIANCE> 6
 3.185140e+01 9.945479e+03 1.398304e+04 3.028640e+02 4.053393e+04 5.195771e+07
<GCONST> 6.732794e+01
<STATE> 5
<NUMMIXES> 14
<MIXTURE> 1 1.048050e-02
<MEAN> 6
 7.883519e+01 1.677212e+02 -3.596797e+02 -2.565375e+01 5.661042e+02 -7.918843e+03
<VARIANCE> 6
 3.185140e+01 3.434080e+04 3.495134e+04 1.880397e+03 8.566059e+05 4.725306e+08
<GCONST> 7.656773e+01
<MIXTURE> 2 3.370920e-02
<MEAN> 6
 -1.373284e+01 -1.574196e+03 -2.696478e+03 1.041983e+02 2.038174e+01 -1.261832e+02
<VARIANCE> 6
 2.899186e+03 1.660990e+04 3.479181e+05 6.465377e+03 1.803656e+05 5.195771e+07
<GCONST> 8.011983e+01
<MIXTURE> 3 9.380549e-02
<MEAN> 6
 8.945186e+01 4.825284e+02 -1.343619e+03 -5.373628e-01 -8.494348e+00 -1.509775e+02
<VARIANCE> 6
 3.185140e+01 2.696458e+04 1.398304e+04 3.028640e+02 4.053393e+04 5.195771e+07
<GCONST> 6.832535e+01
<MIXTURE> 4 9.821779e-02
<MEAN> 6
 8.698734e+01 -7.564124e+02 -1.703214e+03 7.228046e+00 -3.078674e+01 3.576289e+02
<VARIANCE> 6
 9.227834e+01 6.679248e+05 1.016902e+06 3.028640e+02 4.053393e+04 5.195771e+07
<GCONST> 7.688539e+01
<MIXTURE> 5 4.523482e-02
<MEAN> 6
 9.874811e+01 5.400831e+02 -4.681619e+02 -9.419761e+00 -6.164868e+00 8.696282e+01
<VARIANCE> 6
 3.185140e+01 1.505212e+04 1.398304e+04 3.028640e+02 4.053393e+04 5.195771e+07
<GCONST> 6.774234e+01
<MIXTURE> 6 7.560017e-02
<MEAN> 6
 8.668311e+01 3.164938e+02 -5.848635e+02 -3.260260e+00 -1.211155e+01 -3.793409e+01
<VARIANCE> 6
 3.185140e+01 2.410196e+04 5.213088e+04 3.028640e+02 4.053393e+04 5.195771e+07
<GCONST> 6.952902e+01
<MIXTURE> 7 9.165695e-02
<MEAN> 6
 8.130568e+01 -1.010782e+02 -3.300641e+02 -1.782264e+00 -5.224270e-01 -5.250341e+01
<VARIANCE> 6
 3.185140e+01 1.294396e+04 1.398304e+04 3.028640e+02 4.053393e+04 5.195771e+07
<GCONST> 6.759145e+01
<MIXTURE> 8 2.397346e-02
<MEAN> 6
 9.109045e+01 1.294046e+02 -1.962042e+03 -6.169849e+00 5.865956e+00 9.854163e+01
<VARIANCE> 6
 5.887630e+01 1.862848e+04 7.122845e+04 3.028640e+02 4.053393e+04 5.195771e+07
<GCONST> 7.019791e+01
<MIXTURE> 9 6.026478e-02
<MEAN> 6
 7.447392e+01 -3.644601e+02 -5.245309e+02 -1.020179e+00 -1.648533e+01 1.712094e+01
<VARIANCE> 6
 3.185140e+01 9.945479e+03 1.398304e+04 3.028640e+02 4.053393e+04 5.195771e+07
<GCONST> 6.732794e+01
<MIXTURE> 10 1.011986e-01
<MEAN> 6
 8.034331e+01 -1.646432e+02 -3.375152e+02 -1.857795e+00 8.542889e-01 -5.106220e-01
<VARIANCE> 6
 3.185140e+01 1.218842e+04 1.398304e+04 3.028640e+02 4.053393e+04 5.195771e+07
<GCONST> 6.753131e+01
<MIXTURE> 11 1.024956e-01
<MEAN> 6
 8.043895e+01 -1.740910e+02 -3.428013e+02 -1.872013e+00 8.359993e-01 2.051998e+00
<VARIANCE> 6
 3.185140e+01 1.286775e+04 1.398304e+04 3.028640e+02 4.053393e+04 5.195771e+07
<GCONST> 6.758554e+01
<MIXTURE> 12 1.090109e-01
<MEAN> 6
 7.998943e+01 -2.595191e+02 -3.184324e+02 -1.548926e+00 -2.583636e+00 -7.751020e+00
<VARIANCE> 6
 3.185140e+01 2.417221e+04 1.398304e+04 3.028640e+02 4.053393e+04 5.195771e+07
<GCONST> 6.821602e+01
<MIXTURE> 13 9.445849e-02
<MEAN> 6
 8.855379e+01 3.660610e+02 -1.316622e+03 -2.015397e+00 2.566360e+00 2.242129e+01
<VARIANCE> 6
 3.185140e+01 1.994267e+04 1.398304e+04 3.028640e+02 4.053393e+04 5.195771e+07
<GCONST> 6.802368e+01
<MIXTURE> 14 5.988013e-02
<MEAN> 6
 7.279862e+01 -3.999768e+02 -5.346620e+02 -2.485519e-01 -3.349985e+01 1.405487e+02
<VARIANCE> 6
 3.185140e+01 9.945479e+03 1.398304e+04 3.028640e+02 4.053393e+04 5.195771e+07
<GCONST> 6.732794e+01
<STATE> 6
<NUMMIXES> 14
<MIXTURE> 1 6.536104e-02
<MEAN> 6
 6.919584e+01 2.234650e+03 1.251736e+03 -9.735941e-01 -5.528126e+00 -2.376973e+02
<VARIANCE> 6
 3.185140e+01 1.203651e+04 1.398304e+04 3.028640e+02 4.053393e+04 5.195771e+07
<GCONST> 6.751877e+01
<MIXTURE> 2 1.225169e-01
<MEAN> 6
 5.713548e+01 -8.793988e+03 -1.989494e+03 -5.897692e-01 -6.561066e+00 -9.100271e+01
<VARIANCE> 6
 3.185140e+01 2.070027e+07 3.224114e+04 3.028640e+02 4.053393e+04 5.195771e+07
<GCONST> 7.580412e+01
<MIXTURE> 3 5.774059e-02
<MEAN> 6
 6.721288e+01 4.781903e+03 -6.989697e+02 -7.925559e-01 4.553937e-01 -1.257605e-01
<VARIANCE> 6
 3.185140e+01 4.337538e+04 1.398304e+04 3.028640e+02 4.053393e+04 5.195771e+07
<GCONST> 6.880071e+01
<MIXTURE> 4 1.127427e-02
<MEAN> 6
 7.194494e+01 -2.079077e+03 -9.326503e+02 1.497981e+01 -5.984048e+01 -7.214158e+02
<VARIANCE> 6
 3.185140e+01 5.571489e+05 1.898419e+04 4.487607e+02 4.425561e+04 5.195771e+07
<GCONST> 7.214047e+01
<MIXTURE> 5 1.200586e-01
<MEAN> 6
 6.647413e+01 1.354251e+03 -6.716792e+02 -1.019921e+00 -1.960599e-01 -4.475586e+01
<VARIANCE> 6
 3.185140e+01 9.945479e+03 1.398304e+04 3.028640e+02 4.053393e+04 5.195771e+07
<GCONST> 6.732794e+01
<MIXTURE> 6 7.019065e-02
<MEAN> 6
 7.041033e+01 -7.109668e+02 -1.591578e+03 -5.330169e-01 -5.176515e+00 -4.581363e+01
<VARIANCE> 6
 3.185140e+01 9.945479e+03 2.425918e+04 3.028640e+02 4.053393e+04 5.195771e+07
<GCONST> 6.787889e+01
<MIXTURE> 7 8.892299e-02
<MEAN> 6
 5.838171e+01 1.033830e+03 -1.069041e+03 -7.527673e-01 -1.022345e+01 -1.166656e+02
<VARIANCE> 6
 3.185140e+01 1.465427e+04 1.398304e+04 3.028640e+02 4.053393e+04 5.195771e+07
<GCONST> 6.771555e+01
<MIXTURE> 8 9.319606e-02
<MEAN> 6
 7.371998e+01 2.411761e+03 -5.848737e+02 -2.473203e+00 -1.164670e+00 -9.104502e+01
<VARIANCE> 6
 3.185140e+01 7.253669e+05 2.024693e+04 3.028640e+02 4.053393e+04 5.195771e+07
<GCONST> 7.198766e+01
<MIXTURE> 9 5.284903e-02
<MEAN> 6
 6.173724e+01 -3.427428e+02 -1.355649e+03 7.677456e+00 -4.156213e+00 -6.030177e+01
<VARIANCE> 6
 4.535743e+01 2.169622e+04 1.398304e+04 3.028640e+02 4.053393e+04 5.195771e+07
<GCONST> 6.846145e+01
<MIXTURE> 10 6.312551e-02
<MEAN> 6
 6.569942e+01 1.234981e+03 -5.161769e+02 1.153518e-02 -5.719100e+00 -1.798027e+02
<VARIANCE> 6
 3.185140e+01 9.945479e+03 1.398304e+04 3.028640e+02 4.053393e+04 5.195771e+07
<GCONST> 6.732794e+01
<MIXTURE> 11 7.180159e-02
<MEAN> 6
 7.403571e+01 1.360547e+03 -5.839662e+02 -5.657417e-01 -4.776618e+00 -1.860035e+02
<VARIANCE> 6
 3.185140e+01 1.189205e+05 3.873016e+05 3.028640e+02 4.053393e+04 5.195771e+07
<GCONST> 7.313063e+01
<MIXTURE> 12 4.116941e-02
<MEAN> 6
 7.047622e+01 -1.452153e+03 -1.256912e+03 2.141486e-01 1.378434e+01 1.067183e+02
<VARIANCE> 6
 3.185140e+01 2.975301e+05 1.398304e+04 3.028640e+02 4.053393e+04 5.195771e+07
<GCONST> 7.072633e+01
<MIXTURE> 13 7.203710e-02
<MEAN> 6
 7.104471e+01 1.103509e+03 -1.691179e+03 1.507678e+00 2.914124e+00 -1.521924e+02
<VARIANCE> 6
 3.185140e+01 1.638607e+04 2.552963e+04 3.028640e+02 4.053393e+04 5.195771e+07
<GCONST> 6.842924e+01
<MIXTURE> 14 6.974892e-02
<MEAN> 6
 7.021645e+01 -6.938613e+02 -1.635882e+03 -7.724357e-01 -9.657735e+00 -1.006595e+02
<VARIANCE> 6
 3.185140e+01 9.945479e+03 2.301173e+04 3.028640e+02 4.053393e+04 5.195771e+07
<GCONST> 6.782610e+01
<STATE> 7
<NUMMIXES> 14
<MIXTURE> 1 2.534551e-02
<MEAN> 6
 7.284201e+01 1.506954e+03 1.404787e+03 5.722626e+00 3.605681e+01 -4.518097e+02
<VARIANCE> 6
 3.185140e+01 9.945479e+03 1.814796e+04 3.028640e+02 4.053393e+04 5.195771e+07
<GCONST> 6.758865e+01
<MIXTURE> 2 3.765781e-02
<MEAN> 6
 8.944688e+01 5.457597e+02 2.695077e+02 -1.334557e+01 1.903378e+01 3.282124e+02
<VARIANCE> 6
 3.185140e+01 9.945479e+03 4.397857e+04 3.047963e+02 4.053393e+04 5.195771e+07
<GCONST> 6.848015e+01
<MIXTURE> 3 6.329048e-02
<MEAN> 6
 6.387827e+01 7.370605e+02 -2.848382e+03 1.276353e+00 -1.355607e+01 -1.789743e+02
<VARIANCE> 6
 3.185140e+01 9.945479e+03 8.133671e+04 3.028640e+02 4.053393e+04 5.195771e+07
<GCONST> 6.908869e+01
<MIXTURE> 4 8.643392e-02
<MEAN> 6
 7.264336e+01 7.615017e+02 1.324519e+02 -1.331163e+01 3.051771e+01 1.308041e+02
<VARIANCE> 6
 3.185140e+01 2.917064e+04 1.398304e+04 3.028640e+02 4.053393e+04 5.195771e+07
<GCONST> 6.840398e+01
<MIXTURE> 5 8.818075e-02
<MEAN> 6
 8.393591e+01 5.354760e+02 -2.185741e+02 -1.951859e+00 -3.880703e+00 -1.551839e+02
<VARIANCE> 6
 3.185140e+01 9.945479e+03 1.398304e+04 3.028640e+02 4.053393e+04 5.195771e+07
<GCONST> 6.732794e+01
<MIXTURE> 6 1.242341e-01
<MEAN> 6
 6.971947e+01 2.923628e+02 2.105947e+02 -3.372377e+00 4.103043e+00 -4.843970e+01
<VARIANCE> 6
 3.185140e+01 9.945479e+03 1.398304e+04 3.028640e+02 4.053393e+04 5.195771e+07
<GCONST> 6.732794e+01
<MIXTURE> 7 6.204271e-02
<MEAN> 6
 6.966499e+01 3.042363e+02 2.157618e+02 -3.375412e+00 4.328725e+00 -5.105853e+01
<VARIANCE> 6
 3.185140e+01 9.945479e+03 1.398304e+04 3.028640e+02 4.053393e+04 5.195771e+07
<GCONST> 6.732794e+01
<MIXTURE> 8 7.917877e-02
<MEAN> 6
 6.295235e+01 8.283969e+02 -3.405345e+03 1.329852e-01 9.949235e-01 4.490176e+01
<VARIANCE> 6
 3.185140e+01 9.945479e+03 1.398304e+04 3.028640e+02 4.053393e+04 5.195771e+07
<GCONST> 6.732794e+01
<MIXTURE> 9 6.300612e-03
<MEAN> 6
 7.540514e+01 3.267699e+02 1.394170e+02 -1.904606e+01 -1.433429e+02 3.256473e+03
<VARIANCE> 6
 4.091436e+02 7.611257e+05 1.211588e+06 4.896258e+02 8.962866e+04 5.225609e+07
<GCONST> 7.996007e+01
<MIXTURE> 10 1.001193e-01
<MEAN> 6
 8.392972e+01 5.350139e+02 -2.190266e+02 -1.943433e+00 -3.852614e+00 -1.544350e+02
<VARIANCE> 6
 3.185140e+01 9.945479e+03 1.398304e+04 3.028640e+02 4.053393e+04 5.195771e+07
<GCONST> 6.732794e+01
<MIXTURE> 11 9.012795e-02
<MEAN> 6
 8.392748e+01 5.348466e+02 -2.191983e+02 -1.940293e+00 -3.842410e+00 -1.541541e+02
<VARIANCE> 6
 3.185140e+01 9.945479e+03 1.398304e+04 3.028640e+02 4.053393e+04 5.195771e+07
<GCONST> 6.732794e+01
<MIXTURE> 12 1.118454e-01
<MEAN> 6
 7.376846e+01 1.309296e+03 1.191426e+03 -4.618005e-01 -7.455077e+00 -9.702945e+01
<VARIANCE> 6
 3.185140e+01 9.945479e+03 1.398304e+04 3.028640e+02 4.053393e+04 5.195771e+07
<GCONST> 6.732794e+01
<MIXTURE> 13 6.180306e-02
<MEAN> 6
 7.002620e+01 2.708739e+02 2.013588e+02 -3.532994e+00 3.443346e+00 -4.457697e+01
<VARIANCE> 6
 3.185140e+01 9.945479e+03 1.398304e+04 3.028640e+02 4.053393e+04 5.195771e+07
<GCONST> 6.732794e+01
<MIXTURE> 14 6.341860e-02
<MEAN> 6
 6.410822e+01 7.396525e+02 -2.929286e+03 1.087179e+00 -1.116850e+01 -4.269600e+01
<VARIANCE> 6
 3.185140e+01 9.945479e+03 5.320201e+04 3.028640e+02 4.053393e+04 5.195771e+07
<GCONST> 6.866418e+01
<STATE> 8
<NUMMIXES> 14
<MIXTURE> 1 7.528819e-02
<MEAN> 6
 8.324497e+01 6.139112e+01 7.282906e+01 -3.090115e+00 4.934514e+00 -1.919337e+01
<VARIANCE> 6
 3.185140e+01 9.945479e+03 1.398304e+04 3.028640e+02 4.053393e+04 5.195771e+07
<GCONST> 6.732794e+01
<MIXTURE> 2 1.081310e-01
<MEAN> 6
 6.297813e+01 9.295902e+01 -1.927650e+02 -2.585994e+00 3.841429e+00 1.252503e+02
<VARIANCE> 6
 3.185140e+01 1.122670e+04 1.398304e+04 3.028640e+02 4.053393e+04 5.195771e+07
<GCONST> 6.744911e+01
<MIXTURE> 3 9.975972e-02
<MEAN> 6
 8.502460e+01 8.287466e+01 -1.795764e+02 -6.981141e-02 -3.523778e+00 -1.427497e+00
<VARIANCE> 6
 3.185140e+01 9.945479e+03 1.398304e+04 3.028640e+02 4.053393e+04 5.195771e+07
<GCONST> 6.732794e+01
<MIXTURE> 4 6.265002e-02
<MEAN> 6
 5.975990e+01 -1.905861e+01 -6.819011e+02 -3.149270e+00 -2.692667e+00 1.330218e+02
<VARIANCE> 6
 3.185140e+01 9.945479e+03 1.398304e+04 3.028640e+02 4.053393e+04 5.195771e+07
<GCONST> 6.732794e+01
<MIXTURE> 5 1.987661e-02
<MEAN> 6
 8.260377e+01 2.258895e+02 5.297664e+01 -2.574804e+00 5.242748e+00 -2.370512e+01
<VARIANCE> 6
 3.185140e+01 2.068866e+04 1.398304e+04 3.028640e+02 4.053393e+04 5.195771e+07
<GCONST> 6.806041e+01
<MIXTURE> 6 4.125664e-03
<MEAN> 6
 6.538747e+01 -1.019757e+02 -1.774316e+02 3.147808e+01 -1.576666e+02 -2.669370e+03
<VARIANCE> 6
 2.345139e+02 3.086350e+05 8.009788e+05 1.909769e+03 1.045601e+06 7.583099e+08
<GCONST> 8.457972e+01
<MIXTURE> 7 7.813489e-02
<MEAN> 6
 8.675426e+01 -1.828929e+02 2.698870e+01 -2.798919e+00 6.653852e-01 -5.735345e+00
<VARIANCE> 6
 3.185140e+01 9.945479e+03 1.398304e+04 3.028640e+02 4.053393e+04 5.195771e+07
<GCONST> 6.732794e+01
<MIXTURE> 8 7.510438e-02
<MEAN> 6
 6.349730e+01 4.797673e+01 -2.051629e+02 -2.179976e+00 2.377664e+00 1.178131e+02
<VARIANCE> 6
 3.185140e+01 9.945479e+03 1.398304e+04 3.028640e+02 4.053393e+04 5.195771e+07
<GCONST> 6.732794e+01
<MIXTURE> 9 7.590123e-02
<MEAN> 6
 8.308534e+01 5.630263e+01 6.964068e+01 -3.103834e+00 5.462662e+00 -1.987695e+01
<VARIANCE> 6
 3.185140e+01 9.945479e+03 1.398304e+04 3.028640e+02 4.053393e+04 5.195771e+07
<GCONST> 6.732794e+01
<MIXTURE> 10 9.597957e-02
<MEAN> 6
 8.502446e+01 8.288478e+01 -1.796155e+02 -6.917156e-02 -3.526501e+00 -1.398018e+00
<VARIANCE> 6
 3.185140e+01 9.945479e+03 1.398304e+04 3.028640e+02 4.053393e+04 5.195771e+07
<GCONST> 6.732794e+01
<MIXTURE> 11 7.816496e-02
<MEAN> 6
 8.675791e+01 -1.834375e+02 2.709788e+01 -2.804453e+00 6.620472e-01 -5.619069e+00
<VARIANCE> 6
 3.185140e+01 9.945479e+03 1.398304e+04 3.028640e+02 4.053393e+04 5.195771e+07
<GCONST> 6.732794e+01
<MIXTURE> 12 7.574619e-02
<MEAN> 6
 8.292188e+01 5.075386e+01 6.648105e+01 -3.120908e+00 6.003552e+00 -2.004764e+01
<VARIANCE> 6
 3.185140e+01 9.945479e+03 1.398304e+04 3.028640e+02 4.053393e+04 5.195771e+07
<GCONST> 6.732794e+01
<MIXTURE> 13 7.590470e-02
<MEAN> 6
 8.277757e+01 4.780024e+01 6.452969e+01 -3.137325e+00 6.440827e+00 -2.024084e+01
<VARIANCE> 6
 3.185140e+01 9.945479e+03 1.398304e+04 3.028640e+02 4.053393e+04 5.195771e+07
<GCONST> 6.732794e+01
<MIXTURE> 14 7.519878e-02
<MEAN> 6
 6.297200e+01 1.487497e+01 -2.276830e+02 -1.516257e+00 3.828635e-01 5.832935e+01
<VARIANCE> 6
 3.185140e+01 9.945479e+03 1.398304e+04 3.028640e+02 4.053393e+04 5.195771e+07
<GCONST> 6.732794e+01
<STATE> 9
<NUMMIXES> 14
<MIXTURE> 1 1.044304e-01
<MEAN> 6
 8.962151e+01 2.144081e+02 3.732818e+03 -4.288304e-02 -5.179155e+00 -1.536054e+02
<VARIANCE> 6
 3.185140e+01 9.945479e+03 1.398304e+04 3.028640e+02 4.053393e+04 5.195771e+07
<GCONST> 6.732794e+01
<MIXTURE> 2 5.281082e-02
<MEAN> 6
 6.866629e+01 6.618551e+02 4.313306e+03 -9.093106e-02 1.298423e-01 -5.320258e+01
<VARIANCE> 6
 3.185140e+01 9.945479e+03 1.398304e+04 3.028640e+02 4.053393e+04 5.195771e+07
<GCONST> 6.732794e+01
<MIXTURE> 3 6.891631e-02
<MEAN> 6
 9.600095e+01 9.625128e+02 2.332384e+03 -1.853399e-01 2.022055e+00 -1.420352e+01
<VARIANCE> 6
 3.185140e+01 9.945479e+03 1.212085e+05 3.028640e+02 4.053393e+04 5.195771e+07
<GCONST> 6.948760e+01
<MIXTURE> 4 9.301464e-02
<MEAN> 6
 5.275677e+01 5.479463e+02 -1.734970e+03 6.841755e-01 1.212307e+00 -1.193149e+02
<VARIANCE> 6
 3.185140e+01 9.945479e+03 2.310996e+05 3.028640e+02 4.053393e+04 5.195771e+07
<GCONST> 7.013294e+01
<MIXTURE> 5 7.404484e-02
<MEAN> 6
 6.170933e+01 1.153556e+02 -2.886212e+03 -3.658482e-01 4.269778e+00 -5.925777e+01
<VARIANCE> 6
 3.185140e+01 9.945479e+03 2.490129e+04 3.028640e+02 4.053393e+04 5.195771e+07
<GCONST> 6.790501e+01
<MIXTURE> 6 8.940499e-02
<MEAN> 6
 7.162848e+01 -3.625682e+01 3.325020e+03 3.385270e-01 -2.641997e+00 -8.930749e+01
<VARIANCE> 6
 3.185140e+01 9.945479e+03 1.398304e+04 3.028640e+02 4.053393e+04 5.195771e+07
<GCONST> 6.732794e+01
<MIXTURE> 7 1.863032e-02
<MEAN> 6
 5.542984e+01 1.544709e+02 -6.308141e+03 2.351578e+01 -8.212270e+01 1.893885e+02
<VARIANCE> 6
 2.632090e+02 1.354568e+05 2.332486e+07 9.661324e+02 4.053393e+04 5.195771e+07
<GCONST> 8.063079e+01
<MIXTURE> 8 9.576789e-02
<MEAN> 6
 8.106392e+01 -3.915779e+02 2.502518e+03 -3.619871e-01 -6.107166e+00 -1.143581e+02
<VARIANCE> 6
 3.185140e+01 9.945479e+03 3.493264e+04 3.028640e+02 4.053393e+04 5.195771e+07
<GCONST> 6.824352e+01
<MIXTURE> 9 9.114987e-02
<MEAN> 6
 4.746087e+01 3.686450e+02 1.829638e+03 4.602828e-01 -6.379179e+00 -1.152621e+02
<VARIANCE> 6
 3.185140e+01 9.945479e+03 1.720071e+04 3.028640e+02 4.053393e+04 5.195771e+07
<GCONST> 6.753504e+01
<MIXTURE> 10 7.218665e-02
<MEAN> 6
 7.498715e+01 6.134624e+02 1.970212e+03 -5.700180e-01 -2.172059e+00 -1.271981e+02
<VARIANCE> 6
 3.185140e+01 9.945479e+03 3.094348e+04 3.028640e+02 4.053393e+04 5.195771e+07
<GCONST> 6.812225e+01
<MIXTURE> 11 7.525951e-02
<MEAN> 6
 6.152261e+01 2.027113e+02 -3.208699e+03 9.783513e-01 -1.124589e+01 -1.621334e+02
<VARIANCE> 6
 3.185140e+01 9.945479e+03 1.398304e+04 3.028640e+02 4.053393e+04 5.195771e+07
<GCONST> 6.732794e+01
<MIXTURE> 12 5.156390e-02
<MEAN> 6
 5.402957e+01 4.587535e+02 -4.883436e+03 -3.695688e+00 -4.037715e+00 -2.425579e+02
<VARIANCE> 6
 3.185140e+01 1.419806e+04 1.649574e+06 3.028640e+02 4.053393e+04 5.195771e+07
<GCONST> 7.245435e+01
<MIXTURE> 13 6.029754e-02
<MEAN> 6
 9.542764e+01 7.078311e+02 1.305151e+03 -8.089572e-01 -9.309940e+00 -1.149679e+02
<VARIANCE> 6
 3.185140e+01 2.577733e+04 3.461113e+05 3.028640e+02 4.053393e+04 5.195771e+07
<GCONST> 7.148923e+01
<MIXTURE> 14 5.251992e-02
<MEAN> 6
 6.879673e+01 6.315344e+02 4.296799e+03 -4.422823e-02 -5.094124e+00 -1.429771e+02
<VARIANCE> 6
 3.185140e+01 9.945479e+03 1.398304e+04 3.028640e+02 4.053393e+04 5.195771e+07
<GCONST> 6.732794e+01
<STATE> 10
<NUMMIXES> 14
<MIXTURE> 1 7.619633e-02
<MEAN> 6
 8.038421e+01 -3.667183e+02 3.212975e+02 -1.873511e+00 -5.137881e+00 -8.123455e+01
<VARIANCE> 6
 3.185140e+01 9.945479e+03 2.244855e+04 3.028640e+02 4.053393e+04 5.195771e+07
<GCONST> 6.780132e+01
<MIXTURE> 2 6.482498e-02
<MEAN> 6
 7.736954e+01 -6.308223e+02 1.409096e+02 -2.778112e+00 -4.852981e+00 -1.005547e+01
<VARIANCE> 6
 3.185140e+01 2.227291e+05 1.398304e+04 3.028640e+02 4.053393e+04 5.195771e+07
<GCONST> 7.043678e+01
<MIXTURE> 3 8.494119e-02
<MEAN> 6
 7.827546e+01 -6.250208e+02 1.541913e+02 -3.009992e+00 -2.431854e+00 2.355545e+01
<VARIANCE> 6
 3.185140e+01 1.134389e+05 1.398304e+04 3.028640e+02 4.053393e+04 5.195771e+07
<GCONST> 6.976208e+01
<MIXTURE> 4 3.919264e-02
<MEAN> 6
 7.320156e+01 -1.030811e+03 -4.136600e+02 -2.574196e+00 -1.105610e+01 -3.985479e+01
<VARIANCE> 6
 3.382153e+01 6.924536e+04 5.922083e+04 3.028640e+02 4.053393e+04 5.195771e+07
<GCONST> 7.077192e+01
<MIXTURE> 5 7.237005e-02
<MEAN> 6
 7.293874e+01 -5.819536e+02 1.788134e+02 -1.864542e+00 -1.092676e+00 -1.254139e+02
<VARIANCE> 6
 3.185140e+01 9.945479e+03 1.398304e+04 3.028640e+02 4.053393e+04 5.195771e+07
<GCONST> 6.732794e+01
<MIXTURE> 6 4.548060e-02
<MEAN> 6
 7.653339e+01 -8.225305e+02 3.260629e+01 -2.945659e-01 4.409862e+00 -2.037078e+02
<VARIANCE> 6
 3.185140e+01 9.945479e+03 1.398304e+04 3.028640e+02 4.053393e+04 5.195771e+07
<GCONST> 6.732794e+01
<MIXTURE> 7 9.191620e-02
<MEAN> 6
 7.882265e+01 -3.529500e+02 1.122462e+02 -4.237921e+00 4.358574e+00 -4.231004e+01
<VARIANCE> 6
 3.185140e+01 1.028920e+04 1.398304e+04 3.028640e+02 4.053393e+04 5.195771e+07
<GCONST> 6.736192e+01
<MIXTURE> 8 6.608219e-02
<MEAN> 6
 7.611209e+01 -1.355612e+03 -4.240956e+02 -2.180492e+00 -5.370071e+00 -1.170910e+02
<VARIANCE> 6
 3.185140e+01 1.907378e+04 2.007749e+05 3.028640e+02 4.053393e+04 5.195771e+07
<GCONST> 7.064347e+01
<MIXTURE> 9 9.989935e-02
<MEAN> 6
 7.892226e+01 -3.408542e+02 1.217780e+02 -4.191564e+00 4.484599e+00 -2.800590e+01
<VARIANCE> 6
 3.185140e+01 1.034521e+04 1.398304e+04 3.028640e+02 4.053393e+04 5.195771e+07
<GCONST> 6.736734e+01
<MIXTURE> 10 9.458898e-02
<MEAN> 6
 7.843668e+01 -4.532668e+02 -3.049044e+01 -4.492198e+00 2.635543e+00 -2.939418e+01
<VARIANCE> 6
 3.185140e+01 9.945479e+03 1.398304e+04 3.028640e+02 4.053393e+04 5.195771e+07
<GCONST> 6.732794e+01
<MIXTURE> 11 6.445707e-02
<MEAN> 6
 7.560965e+01 -7.854189e+02 -6.868201e+01 -3.492332e-01 2.459829e-01 -9.438574e+01
<VARIANCE> 6
 3.185140e+01 9.945479e+03 1.398304e+04 3.028640e+02 4.053393e+04 5.195771e+07
<GCONST> 6.732794e+01
<MIXTURE> 12 7.208871e-02
<MEAN> 6
 7.291228e+01 -5.822144e+02 1.790134e+02 -1.854820e+00 -1.114690e+00 -1.254181e+02
<VARIANCE> 6
 3.185140e+01 9.945479e+03 1.398304e+04 3.028640e+02 4.053393e+04 5.195771e+07
<GCONST> 6.732794e+01
<MIXTURE> 13 6.278624e-02
<MEAN> 6
 7.189443e+01 -9.357448e+02 -4.948182e+02 -3.122572e+00 -3.622541e+00 2.776528e+00
<VARIANCE> 6
 3.185140e+01 1.561805e+04 2.139800e+04 3.028640e+02 4.053393e+04 5.195771e+07
<GCONST> 6.820470e+01
<MIXTURE> 14 6.515703e-02
<MEAN> 6
 7.677483e+01 -1.417635e+03 -5.975998e+02 -2.129769e+00 -9.516620e+00 -7.629774e+01
<VARIANCE> 6
 3.185140e+01 3.672668e+04 1.746745e+05 3.028640e+02 4.053393e+04 5.195771e+07
<GCONST> 7.115940e+01
<STATE> 11
<NUMMIXES> 14
<MIXTURE> 1 9.388124e-03
<MEAN> 6
 8.252003e+01 4.895374e+02 1.607841e+03 -2.447610e+01 -1.215331e+03 -4.296096e+04
<VARIANCE> 6
 2.998899e+02 4.792848e+05 2.931293e+06 6.666094e+02 6.609495e+05 1.231440e+09
<GCONST> 8.553677e+01
<MIXTURE> 2 8.238358e-02
<MEAN> 6
 8.186794e+01 -7.347427e+02 1.588303e+03 -1.292098e-01 3.673260e-01 2.844270e+00
<VARIANCE> 6
 3.185140e+01 9.945479e+03 1.398304e+04 3.028640e+02 4.053393e+04 5.195771e+07
<GCONST> 6.732794e+01
<MIXTURE> 3 7.656632e-02
<MEAN> 6
 7.184722e+01 2.539779e+01 7.029454e+02 -3.300229e+00 9.029598e-01 7.176655e+00
<VARIANCE> 6
 3.185140e+01 9.945479e+03 1.398304e+04 3.028640e+02 4.053393e+04 5.195771e+07
<GCONST> 6.732794e+01
<MIXTURE> 4 8.681082e-02
<MEAN> 6
 7.306651e+01 -4.259614e+02 1.083623e+03 -1.364533e+00 3.957143e+00 -1.493104e+02
<VARIANCE> 6
 3.185140e+01 9.945479e+03 1.398304e+04 3.028640e+02 4.053393e+04 5.195771e+07
<GCONST> 6.732794e+01
<MIXTURE> 5 7.999179e-02
<MEAN> 6
 5.849327e+01 -5.689211e+01 2.817206e+02 -3.529885e-01 -4.088048e+00 -1.593356e+02
<VARIANCE> 6
 3.185140e+01 9.945479e+03 1.398304e+04 3.028640e+02 4.053393e+04 5.195771e+07
<GCONST> 6.732794e+01
<MIXTURE> 6 6.440542e-02
<MEAN> 6
 7.322205e+01 -4.106946e+02 9.216152e+02 -1.194465e+00 -3.672017e+00 -7.866725e+01
<VARIANCE> 6
 3.185140e+01 9.945479e+03 1.398304e+04 3.028640e+02 4.053393e+04 5.195771e+07
<GCONST> 6.732794e+01
<MIXTURE> 7 8.930131e-02
<MEAN> 6
 7.389089e+01 -9.532566e+00 4.596281e+02 -2.347660e+00 1.167785e+00 3.914391e+00
<VARIANCE> 6
 3.185140e+01 9.945479e+03 1.398304e+04 3.028640e+02 4.053393e+04 5.195771e+07
<GCONST> 6.732794e+01
<MIXTURE> 8 6.447529e-02
<MEAN> 6
 7.330235e+01 -4.152129e+02 9.110294e+02 -1.347116e+00 -5.237928e+00 -9.491461e+01
<VARIANCE> 6
 3.185140e+01 9.945479e+03 1.398304e+04 3.028640e+02 4.053393e+04 5.195771e+07
<GCONST> 6.732794e+01
<MIXTURE> 9 8.578116e-02
<MEAN> 6
 7.308363e+01 -4.094534e+02 9.559382e+02 -1.222723e+00 -1.666516e+00 -6.553090e+01
<VARIANCE> 6
 3.185140e+01 9.945479e+03 1.411143e+04 3.028640e+02 4.053393e+04 5.195771e+07
<GCONST> 6.733708e+01
<MIXTURE> 10 7.792089e-02
<MEAN> 6
 5.858990e+01 1.872742e+01 1.525835e+02 -1.135741e+00 5.238850e+00 1.422189e+02
<VARIANCE> 6
 3.185140e+01 9.945479e+03 1.398304e+04 3.028640e+02 4.053393e+04 5.195771e+07
<GCONST> 6.732794e+01
<MIXTURE> 11 8.918884e-02
<MEAN> 6
 7.389528e+01 -9.668794e+00 4.596655e+02 -2.348887e+00 1.174163e+00 3.878356e+00
<VARIANCE> 6
 3.185140e+01 9.945479e+03 1.398304e+04 3.028640e+02 4.053393e+04 5.195771e+07
<GCONST> 6.732794e+01
<MIXTURE> 12 6.642795e-02
<MEAN> 6
 8.138139e+01 -6.822685e+02 1.388234e+03 -5.340614e-01 -1.092144e+01 -2.823719e+02
<VARIANCE> 6
 3.185140e+01 9.945479e+03 1.398304e+04 3.028640e+02 4.053393e+04 5.195771e+07
<GCONST> 6.732794e+01
<MIXTURE> 13 6.327392e-02
<MEAN> 6
 7.345314e+01 -4.211718e+02 8.860693e+02 -1.586614e+00 -9.068931e+00 -1.389034e+02
<VARIANCE> 6
 3.185140e+01 9.945479e+03 1.398304e+04 3.028640e+02 4.053393e+04 5.195771e+07
<GCONST> 6.732794e+01
<MIXTURE> 14 6.406660e-02
<MEAN> 6
 7.346463e+01 -4.260027e+02 8.769963e+02 -2.241343e+00 -1.509645e+01 -1.748481e+02
<VARIANCE> 6
 3.185140e+01 9.945479e+03 1.398304e+04 3.028640e+02 4.053393e+04 5.195771e+07
<GCONST> 6.732794e+01
<STATE> 12
<NUMMIXES> 14
<MIXTURE> 1 6.452268e-02
<MEAN> 6
 6.660915e+01 4.722825e+02 -5.689057e+02 -8.930092e+01 -6.842798e+02 -2.384830e+03
<VARIANCE> 6
 1.676403e+02 2.606871e+05 2.659768e+06 2.851195e+03 7.330184e+04 5.195771e+07
<GCONST> 8.033769e+01
<MIXTURE> 2 4.390302e-02
<MEAN> 6
 7.018233e+01 -3.478531e+00 3.577274e+01 -6.588307e+01 -1.382966e+03 -1.288975e+04
<VARIANCE> 6
 8.230571e+01 1.162871e+06 4.433431e+05 7.169650e+03 3.490582e+05 1.061570e+08
<GCONST> 8.252724e+01
<MIXTURE> 3 3.727290e-02
<MEAN> 6
 6.796796e+01 2.327831e+02 2.001345e+03 -1.934802e+02 -2.269952e+03 -1.543968e+03
<VARIANCE> 6
 2.002176e+02 3.325482e+05 2.807740e+06 1.806386e+04 1.049004e+06 1.120480e+09
<GCONST> 8.839114e+01
<MIXTURE> 4 7.784619e-02
<MEAN> 6
 -4.615344e+01 2.447066e+02 7.423182e+02 -7.388285e+01 1.738498e+03 3.684582e+03
<VARIANCE> 6
 1.254723e+02 1.053262e+06 1.639478e+06 4.620206e+04 9.159586e+05 2.282902e+08
<GCONST> 8.775127e+01
<MIXTURE> 5 6.504727e-02
<MEAN> 6
 -2.790679e+01 2.995266e+02 -2.373777e+03 -4.390165e+02 1.154511e+03 4.566478e+04
<VARIANCE> 6
 4.018672e+02 2.274424e+06 1.681627e+07 7.635480e+03 3.574997e+06 1.148809e+09
<GCONST> 9.319051e+01
<MIXTURE> 6 7.518858e-02
<MEAN> 6
 4.438754e+01 -1.396158e+01 -5.468940e+02 -2.530854e+02 -1.390723e+03 4.311578e+03
<VARIANCE> 6
 1.205122e+02 1.769446e+06 2.997963e+06 8.313559e+03 3.933680e+05 1.224876e+08
<GCONST> 8.565030e+01
<MIXTURE> 7 8.420005e-02
<MEAN> 6
 -5.717549e+01 2.010348e+01 -8.678656e+02 1.699890e+02 1.052921e+03 3.302802e+02
<VARIANCE> 6
 1.222125e+02 3.302940e+05 1.387613e+06 3.075252e+03 2.835168e+05 5.195771e+07
<GCONST> 8.103596e+01
<MIXTURE> 8 5.750686e-02
<MEAN> 6
 1.006345e+01 1.465776e+02 -1.649394e+02 -3.308493e+02 -4.788884e+02 7.703306e+03
<VARIANCE> 6
 3.498133e+02 2.862404e+06 3.165117e+06 8.691632e+03 4.642514e+05 2.539084e+08
<GCONST> 8.819032e+01
<MIXTURE> 9 1.137003e-01
<MEAN> 6
 -7.203548e+01 -3.414714e+02 -9.553679e+02 2.006856e+01 6.221807e+02 -3.195395e+02
<VARIANCE> 6
 1.093524e+02 4.037354e+05 8.354150e+06 3.337255e+03 3.977494e+05 1.726693e+08
<GCONST> 8.454199e+01
<MIXTURE> 10 7.049558e-02
<MEAN> 6
 -6.516750e+01 2.507190e+02 -1.189450e+03 -1.438258e+02 2.396894e+03 -2.276112e+04
<VARIANCE> 6
 1.143625e+02 1.953674e+06 4.722968e+06 7.942978e+03 1.356804e+06 7.731615e+08
<GCONST> 8.918649e+01
<MIXTURE> 11 7.295265e-02
<MEAN> 6
 -6.961601e+01 7.522595e+02 -5.461498e+02 8.940327e+00 5.948538e+02 -6.958005e+02
<VARIANCE> 6
 3.185140e+01 1.337086e+06 7.525576e+05 3.141878e+03 7.571096e+04 5.195771e+07
<GCONST> 7.917877e+01
<MIXTURE> 12 1.236704e-01
<MEAN> 6
 -5.419460e+00 -4.551020e+02 -3.582355e+02 3.485645e+02 3.091262e+02 -1.324276e+04
<VARIANCE> 6
 6.872729e+02 7.113209e+05 3.424997e+06 4.148115e+03 9.134803e+05 1.910026e+08
<GCONST> 8.720471e+01
<MIXTURE> 13 5.513566e-02
<MEAN> 6
 -7.293602e+01 -2.312242e+02 -1.029688e+03 -8.020953e+00 8.114668e+01 9.300743e+02
<VARIANCE> 6
 3.185140e+01 8.120954e+05 7.592677e+05 3.479831e+02 5.782138e+04 5.195771e+07
<GCONST> 7.621904e+01
<MIXTURE> 14 5.854565e-02
<MEAN> 6
 4.295222e+00 -1.898512e+02 -8.697820e+02 -3.493442e+02 -6.972100e+02 3.924963e+03
<VARIANCE> 6
 3.781715e+02 2.858325e+06 2.906998e+06 1.097737e+04 6.604332e+05 2.832415e+08
<GCONST> 8.887704e+01
<STATE> 13
<NUMMIXES> 14
<MIXTURE> 1 7.196898e-02
<MEAN> 6
 9.452154e+01 4.403474e+02 1.699612e+02 -4.881934e+00 -2.525369e+01 -7.186453e+00
<VARIANCE> 6
 5.864995e+01 2.022438e+05 3.598218e+06 3.028640e+02 4.053393e+04 5.195771e+07
<GCONST> 7.650114e+01
<MIXTURE> 2 1.912055e-02
<MEAN> 6
 -7.046776e+00 1.620005e+02 1.081522e+02 -1.904858e+01 4.945945e+01 2.982992e+03
<VARIANCE> 6
 1.149445e+04 1.956915e+05 4.071728e+05 1.864614e+06 1.017528e+09 1.496623e+12
<GCONST> 1.086916e+02
<MIXTURE> 3 9.013460e-02
<MEAN> 6
 1.391671e+01 2.005724e+01 -1.072771e+03 -1.115408e+02 -1.254102e+02 4.613477e+03
<VARIANCE> 6
 4.216353e+03 1.393222e+06 6.975170e+06 5.183594e+04 2.797158e+06 1.450532e+09
<GCONST> 9.607413e+01
<MIXTURE> 4 9.237920e-02
<MEAN> 6
 -3.764452e+01 6.439552e+01 1.588332e+02 1.137668e+02 6.302771e+02 -2.004697e+03
<VARIANCE> 6
 3.565502e+02 1.426492e+06 9.825750e+05 2.165990e+04 1.293572e+05 5.195771e+07
<GCONST> 8.439189e+01
<MIXTURE> 5 5.940766e-02
<MEAN> 6
 5.466806e+01 6.565003e+02 4.513078e+02 4.457652e+01 -4.543496e+02 -3.530196e+02
<VARIANCE> 6
 7.286971e+02 2.715004e+06 4.071099e+06 3.018086e+04 1.785042e+05 5.195771e+07
<GCONST> 8.782552e+01
<MIXTURE> 6 9.704205e-02
<MEAN> 6
 8.554540e+01 1.441187e+02 3.712456e+01 -3.424756e+00 -2.622905e+01 -1.515575e+02
<VARIANCE> 6
 2.218629e+02 1.183419e+06 3.262308e+05 3.028640e+02 4.053393e+04 5.195771e+07
<GCONST> 7.719772e+01
<MIXTURE> 7 5.290106e-02
<MEAN> 6
 8.990231e+01 6.500563e+01 9.415438e+01 1.039731e+01 -4.374996e+02 -4.250193e+02
<VARIANCE> 6
 1.402269e+02 6.101149e+05 6.155346e+05 9.372297e+03 5.783120e+05 3.138644e+08
<GCONST> 8.460002e+01
<MIXTURE> 8 8.379841e-02
<MEAN> 6
 -6.572771e+01 1.423352e+02 -8.184442e+01 4.782272e+00 1.289613e+02 4.254844e+02
<VARIANCE> 6
 2.270146e+02 4.951845e+05 1.367103e+06 4.448261e+02 6.438530e+04 5.195771e+07
<GCONST> 7.862943e+01
<MIXTURE> 9 5.210112e-02
<MEAN> 6
 1.317513e+01 -1.309934e+02 5.307877e+02 2.823748e+01 8.275560e+00 -9.744944e+02
<VARIANCE> 6
 4.792706e+02 4.792903e+05 1.400805e+06 5.775738e+04 1.324702e+05 7.791514e+07
<GCONST> 8.536140e+01
<MIXTURE> 10 8.264934e-02
<MEAN> 6
 -5.744147e+01 -2.292626e+02 -1.121671e+02 -1.471008e+01 1.079349e+03 -1.233199e+02
<VARIANCE> 6
 1.778452e+02 2.470964e+05 1.277927e+06 2.119229e+04 4.273375e+05 2.435304e+08
<GCONST> 8.492393e+01
<MIXTURE> 11 1.026853e-01
<MEAN> 6
 7.791725e+01 -6.690736e+01 5.236450e+02 -6.299603e-01 -2.382785e+01 -8.031425e+01
<VARIANCE> 6
 1.521580e+02 7.616156e+05 2.485927e+06 3.028640e+02 4.053393e+04 5.195771e+07
<GCONST> 7.841065e+01
<MIXTURE> 12 9.211147e-02
<MEAN> 6
 5.619676e+01 -3.007572e+02 6.378209e+01 3.708914e+01 -5.713928e+02 5.794094e+02
<VARIANCE> 6
 3.300968e+02 5.864606e+05 1.526239e+06 3.683854e+04 1.521606e+05 5.195771e+07
<GCONST> 8.455975e+01
<MIXTURE> 13 5.092229e-02
<MEAN> 6
 7.717839e+01 -3.792992e+01 -5.028426e+01 -5.609027e+01 -8.625260e+02 -1.474738e+03
<VARIANCE> 6
 1.961136e+02 4.934563e+05 8.299836e+05 2.144018e+04 2.743239e+05 9.722709e+07
<GCONST> 8.393196e+01
<MIXTURE> 14 5.221661e-02
<MEAN> 6
 5.655591e+00 -3.211344e+02 1.128020e+02 -1.314860e+01 -8.526369e+01 -2.738466e+03
<VARIANCE> 6
 4.339052e+02 5.177320e+05 1.326188e+06 6.413526e+04 1.467264e+05 9.176609e+07
<GCONST> 8.565495e+01
<TRANSP> 14
 0.000000e+00 1.000000e+00 0.000000e+00 0.000000e+00 0.000000e+00 0.000000e+00 0.000000e+00 0.000000e+00 0.000000e+00 0.000000e+00 0.000000e+00 0.000000e+00 0.000000e+00 0.000000e+00
 0.000000e+00 9.998192e-01 1.807715e-04 0.000000e+00 0.000000e+00 0.000000e+00 0.000000e+00 0.000000e+00 0.000000e+00 0.000000e+00 0.000000e+00 0.000000e+00 0.000000e+00 0.000000e+00
 0.000000e+00 0.000000e+00 9.998604e-01 1.396015e-04 0.000000e+00 0.000000e+00 0.000000e+00 0.000000e+00 0.000000e+00 0.000000e+00 0.000000e+00 0.000000e+00 0.000000e+00 0.000000e+00
 0.000000e+00 0.000000e+00 0.000000e+00 9.971619e-01 2.838064e-03 0.000000e+00 0.000000e+00 0.000000e+00 0.000000e+00 0.000000e+00 0.000000e+00 0.000000e+00 0.000000e+00 0.000000e+00
 0.000000e+00 0.000000e+00 0.000000e+00 0.000000e+00 9.976987e-01 2.301317e-03 0.000000e+00 0.000000e+00 0.000000e+00 0.000000e+00 0.000000e+00 0.000000e+00 0.000000e+00 0.000000e+00
 0.000000e+00 0.000000e+00 0.000000e+00 0.000000e+00 0.000000e+00 9.978778e-01 2.122174e-03 0.000000e+00 0.000000e+00 0.000000e+00 0.000000e+00 0.000000e+00 0.000000e+00 0.000000e+00
 0.000000e+00 0.000000e+00 0.000000e+00 0.000000e+00 0.000000e+00 0.000000e+00 9.967299e-01 3.270161e-03 0.000000e+00 0.000000e+00 0.000000e+00 0.000000e+00 0.000000e+00 0.000000e+00
 0.000000e+00 0.000000e+00 0.000000e+00 0.000000e+00 0.000000e+00 0.000000e+00 0.000000e+00 9.985317e-01 1.468251e-03 0.000000e+00 0.000000e+00 0.000000e+00 0.000000e+00 0.000000e+00
 0.000000e+00 0.000000e+00 0.000000e+00 0.000000e+00 0.000000e+00 0.000000e+00 0.000000e+00 0.000000e+00 9.983181e-01 1.681962e-03 0.000000e+00 0.000000e+00 0.000000e+00 0.000000e+00
 0.000000e+00 0.000000e+00 0.000000e+00 0.000000e+00 0.000000e+00 0.000000e+00 0.000000e+00 0.000000e+00 0.000000e+00 9.983286e-01 1.671423e-03 0.000000e+00 0.000000e+00 0.000000e+00
 0.000000e+00 0.000000e+00 0.000000e+00 0.000000e+00 0.000000e+00 0.000000e+00 0.000000e+00 0.000000e+00 0.000000e+00 0.000000e+00 9.974033e-01 2.596617e-03 0.000000e+00 0.000000e+00
 0.000000e+00 0.000000e+00 0.000000e+00 0.000000e+00 0.000000e+00 0.000000e+00 0.000000e+00 0.000000e+00 0.000000e+00 0.000000e+00 0.000000e+00 9.978367e-01 2.163310e-03 0.000000e+00
 0.000000e+00 0.000000e+00 0.000000e+00 0.000000e+00 0.000000e+00 0.000000e+00 0.000000e+00 0.000000e+00 0.000000e+00 0.000000e+00 0.000000e+00 0.000000e+00 9.999085e-01 9.153501e-05
 0.000000e+00 0.000000e+00 0.000000e+00 0.000000e+00 0.000000e+00 0.000000e+00 0.000000e+00 0.000000e+00 0.000000e+00 0.000000e+00 0.000000e+00 0.000000e+00 0.000000e+00 0.000000e+00
<ENDHMM>
