~o
<STREAMINFO> 1 6
<VECSIZE> 6<NULLD><USER><DIAGC>
~h "SegundoPRIMARIA"
<BEGINHMM>
<NUMSTATES> 15
<STATE> 2
<NUMMIXES> 11
<MIXTURE> 1 7.864241e-02
<MEAN> 6
 8.279388e+01 -1.229885e+01 6.310715e+02 -1.053051e-01 -9.064327e+00 -1.491043e+02
<VARIANCE> 6
 4.406735e+02 6.161791e+05 2.422679e+06 2.593203e+02 1.595152e+04 1.545820e+07
<GCONST> 7.693626e+01
<MIXTURE> 2 7.199113e-02
<MEAN> 6
 -2.833383e+01 -8.495241e+00 6.324565e+01 -1.765630e+02 1.084405e+03 7.484165e+03
<VARIANCE> 6
 9.292133e+02 5.716206e+05 2.586407e+06 5.953782e+04 1.389815e+06 9.239261e+08
<GCONST> 9.166680e+01
<MIXTURE> 3 9.139609e-02
<MEAN> 6
 -2.783173e+01 -2.197429e+01 8.354510e+01 7.330473e+01 5.675025e+02 -2.035702e+03
<VARIANCE> 6
 4.563246e+02 1.503613e+05 4.776066e+05 3.545422e+04 1.267709e+05 4.662968e+07
<GCONST> 8.203168e+01
<MIXTURE> 4 1.015503e-01
<MEAN> 6
 4.284911e+01 -7.297727e+01 1.626482e+01 1.515530e+02 -2.044005e+02 -2.210286e+03
<VARIANCE> 6
 1.019610e+03 1.826934e+05 1.143804e+06 2.536985e+04 1.188443e+05 3.587556e+07
<GCONST> 8.324232e+01
<MIXTURE> 5 1.034041e-01
<MEAN> 6
 -6.263043e+01 4.170178e+01 -2.879245e+02 3.354443e+00 2.824968e+02 5.457372e+02
<VARIANCE> 6
 3.171646e+02 1.539779e+05 1.280676e+06 2.101747e+03 8.649945e+04 3.275994e+07
<GCONST> 7.911728e+01
<MIXTURE> 6 1.074449e-01
<MEAN> 6
 7.055634e+01 9.367109e+01 -5.885782e+02 3.626985e-01 -8.175356e+00 -8.273474e+01
<VARIANCE> 6
 5.106871e+01 7.491124e+04 5.685689e+05 2.593203e+02 1.595152e+04 1.545820e+07
<GCONST> 7.122440e+01
<MIXTURE> 7 6.962544e-02
<MEAN> 6
 9.464388e+01 -5.167833e+01 -2.144316e+01 1.106740e+01 -8.602875e+02 2.294100e+03
<VARIANCE> 6
 4.992664e+02 7.616522e+05 1.878151e+06 1.317679e+04 1.168368e+06 4.449339e+08
<GCONST> 8.860021e+01
<MIXTURE> 8 1.393552e-01
<MEAN> 6
 6.961061e+01 -1.978240e+01 8.291370e+01 -5.141917e+01 -6.379877e+02 -1.468529e+02
<VARIANCE> 6
 9.272835e+02 1.052343e+05 3.959909e+05 3.239293e+04 2.382448e+05 7.071052e+07
<GCONST> 8.315347e+01
<MIXTURE> 9 8.176995e-02
<MEAN> 6
 -5.273579e+01 -3.004782e+01 -1.000822e+02 2.337198e+01 1.171795e+03 -2.394951e+03
<VARIANCE> 6
 4.994388e+02 1.278118e+05 4.560086e+05 3.425239e+04 4.138046e+05 2.254835e+08
<GCONST> 8.463775e+01
<MIXTURE> 10 7.535699e-02
<MEAN> 6
 5.432582e+01 -7.138086e+01 7.513270e+01 -6.461185e+01 -1.037073e+03 -1.300745e+03
<VARIANCE> 6
 8.830017e+02 2.643234e+05 1.734105e+06 7.699891e+04 7.801859e+05 4.903015e+08
<GCONST> 8.949088e+01
<MIXTURE> 11 7.912271e-02
<MEAN> 6
 7.852586e+01 -1.504986e+02 5.950432e+02 -7.547075e-01 -3.376791e+01 -3.329178e+02
<VARIANCE> 6
 3.445651e+02 4.814957e+05 2.215667e+06 2.593203e+02 1.595152e+04 1.545820e+07
<GCONST> 7.635429e+01
<STATE> 3
<NUMMIXES> 11
<MIXTURE> 1 8.148810e-02
<MEAN> 6
 7.563783e+01 5.382489e+01 1.369888e+02 -3.806127e-01 7.130235e-01 3.969073e+01
<VARIANCE> 6
 3.129757e+01 1.230843e+04 1.230786e+04 2.593203e+02 1.595152e+04 1.545820e+07
<GCONST> 6.509586e+01
<MIXTURE> 2 8.841297e-02
<MEAN> 6
 7.413766e+01 1.565971e+02 -1.895626e+02 -2.022802e+00 -1.133799e+01 5.284249e+01
<VARIANCE> 6
 3.129757e+01 1.230843e+04 1.230786e+04 2.593203e+02 1.595152e+04 1.545820e+07
<GCONST> 6.509586e+01
<MIXTURE> 3 4.107864e-02
<MEAN> 6
 6.782914e+01 -8.120739e+01 -1.320223e+02 2.493046e+01 -3.969372e+01 -1.058302e+03
<VARIANCE> 6
 9.691025e+01 1.995069e+05 1.018038e+05 7.174960e+02 1.747005e+05 9.183514e+07
<GCONST> 7.631755e+01
<MIXTURE> 4 8.533968e-02
<MEAN> 6
 6.751358e+01 -1.569928e+02 -2.043787e+01 2.046059e+00 1.848987e+00 -3.430406e+01
<VARIANCE> 6
 3.129757e+01 1.407482e+04 1.230786e+04 2.593203e+02 1.595152e+04 1.545820e+07
<GCONST> 6.522997e+01
<MIXTURE> 5 1.322205e-01
<MEAN> 6
 6.858714e+01 1.598665e+02 -3.819793e+02 3.060710e+00 4.093377e+00 -7.272912e+00
<VARIANCE> 6
 3.129757e+01 1.230843e+04 1.230786e+04 2.593203e+02 1.595152e+04 1.545820e+07
<GCONST> 6.509586e+01
<MIXTURE> 6 7.793117e-02
<MEAN> 6
 7.574764e+01 6.450726e+01 1.469361e+02 -2.267695e-01 6.319992e+00 1.076007e+02
<VARIANCE> 6
 3.129757e+01 1.230843e+04 1.230786e+04 2.593203e+02 1.595152e+04 1.545820e+07
<GCONST> 6.509586e+01
<MIXTURE> 7 1.162013e-01
<MEAN> 6
 7.585824e+01 7.889948e+01 -3.724040e+02 -1.688115e+00 -3.860313e+00 5.637773e+00
<VARIANCE> 6
 3.129757e+01 1.230843e+04 1.230786e+04 2.593203e+02 1.595152e+04 1.545820e+07
<GCONST> 6.509586e+01
<MIXTURE> 8 1.354643e-01
<MEAN> 6
 6.660791e+01 -8.423311e+00 -1.259509e+02 8.551832e-01 7.450308e+00 -7.759811e+01
<VARIANCE> 6
 3.129757e+01 1.230843e+04 1.230786e+04 2.593203e+02 1.595152e+04 1.545820e+07
<GCONST> 6.509586e+01
<MIXTURE> 9 8.140352e-02
<MEAN> 6
 7.371137e+01 1.313733e+02 -2.556983e+02 -1.376385e+00 -8.019358e+00 3.257911e+01
<VARIANCE> 6
 3.129757e+01 1.230843e+04 1.779529e+04 2.593203e+02 1.595152e+04 1.545820e+07
<GCONST> 6.546455e+01
<MIXTURE> 10 8.202804e-02
<MEAN> 6
 7.560654e+01 5.172227e+01 1.310983e+02 -4.286052e-01 1.268458e+00 4.393673e+01
<VARIANCE> 6
 3.129757e+01 1.230843e+04 1.230786e+04 2.593203e+02 1.595152e+04 1.545820e+07
<GCONST> 6.509586e+01
<MIXTURE> 11 7.840881e-02
<MEAN> 6
 7.546564e+01 4.313449e+01 1.193553e+02 -4.726973e-01 -4.370715e+00 2.398193e+00
<VARIANCE> 6
 3.129757e+01 1.230843e+04 1.230786e+04 2.593203e+02 1.595152e+04 1.545820e+07
<GCONST> 6.509586e+01
<STATE> 4
<NUMMIXES> 11
<MIXTURE> 1 8.202714e-02
<MEAN> 6
 6.817079e+01 -4.789238e+02 -2.145806e+02 -1.939104e+00 -2.715387e+00 -3.789511e+01
<VARIANCE> 6
 3.146398e+01 1.000606e+05 1.230786e+04 2.593203e+02 1.595152e+04 1.545820e+07
<GCONST> 6.719666e+01
<MIXTURE> 2 9.852219e-02
<MEAN> 6
 6.734196e+01 2.023642e+01 -9.086730e+02 -2.658508e-01 -5.390267e+00 -5.910023e+01
<VARIANCE> 6
 3.129757e+01 1.230843e+04 2.733888e+04 2.593203e+02 1.595152e+04 1.545820e+07
<GCONST> 6.589393e+01
<MIXTURE> 3 6.753340e-02
<MEAN> 6
 5.733165e+01 -1.380010e+03 -6.220839e+02 4.348381e+00 -1.449230e+01 5.516772e+01
<VARIANCE> 6
 3.129757e+01 1.383871e+04 1.230786e+04 2.593203e+02 1.595152e+04 1.545820e+07
<GCONST> 6.521304e+01
<MIXTURE> 4 9.907357e-02
<MEAN> 6
 7.466120e+01 -4.358437e+02 -6.776716e+02 -3.161651e+00 -9.950250e-04 -2.322620e+00
<VARIANCE> 6
 3.129757e+01 5.511123e+04 1.378114e+04 2.593203e+02 1.595152e+04 1.545820e+07
<GCONST> 6.670799e+01
<MIXTURE> 5 1.358041e-01
<MEAN> 6
 5.930563e+01 -4.132895e+02 -2.347852e+02 -9.801754e-02 -1.913621e-01 -9.845840e+01
<VARIANCE> 6
 3.129757e+01 1.230843e+04 1.230786e+04 2.593203e+02 1.595152e+04 1.545820e+07
<GCONST> 6.509586e+01
<MIXTURE> 6 7.030714e-02
<MEAN> 6
 6.964032e+01 -6.219646e+02 -9.132010e+02 -1.679537e+00 -5.753165e+00 5.071056e+01
<VARIANCE> 6
 3.129757e+01 8.783948e+04 8.452526e+04 2.593203e+02 1.595152e+04 1.545820e+07
<GCONST> 6.898790e+01
<MIXTURE> 7 8.285610e-02
<MEAN> 6
 6.510529e+01 -2.466704e+02 -1.155507e+03 2.703245e+00 -1.531000e+01 2.923399e+01
<VARIANCE> 6
 3.129757e+01 1.230843e+04 2.923838e+04 2.593203e+02 1.595152e+04 1.545820e+07
<GCONST> 6.596111e+01
<MIXTURE> 8 9.233065e-02
<MEAN> 6
 6.219359e+01 -4.746579e+02 -5.112856e+02 -8.551139e-02 3.266276e+00 5.360440e+01
<VARIANCE> 6
 3.129757e+01 1.230843e+04 1.230786e+04 2.593203e+02 1.595152e+04 1.545820e+07
<GCONST> 6.509586e+01
<MIXTURE> 9 9.208743e-02
<MEAN> 6
 7.081647e+01 -7.313699e+02 -6.034351e+02 -3.210680e+00 1.885766e+00 -5.766509e+01
<VARIANCE> 6
 3.129757e+01 2.659522e+04 1.230786e+04 2.593203e+02 1.595152e+04 1.545820e+07
<GCONST> 6.586631e+01
<MIXTURE> 10 1.000137e-01
<MEAN> 6
 6.681562e+01 -4.671110e+00 -9.690806e+02 -2.487060e-01 -5.676925e+00 -1.926851e+01
<VARIANCE> 6
 3.129757e+01 1.230843e+04 1.986553e+04 2.593203e+02 1.595152e+04 1.545820e+07
<GCONST> 6.557461e+01
<MIXTURE> 11 7.941651e-02
<MEAN> 6
 6.503633e+01 -6.277214e+02 -2.611913e+02 -1.319092e+00 -9.221678e+00 -1.640240e+02
<VARIANCE> 6
 5.878679e+01 8.733698e+04 1.230786e+04 2.593203e+02 1.595152e+04 1.545820e+07
<GCONST> 6.768573e+01
<STATE> 5
<NUMMIXES> 11
<MIXTURE> 1 7.365892e-02
<MEAN> 6
 8.915580e+01 1.024812e+03 -2.165051e+03 -2.219266e+00 -1.810132e+00 -1.119786e+01
<VARIANCE> 6
 3.129757e+01 1.230843e+04 1.230786e+04 2.593203e+02 1.595152e+04 1.545820e+07
<GCONST> 6.509586e+01
<MIXTURE> 2 6.811879e-02
<MEAN> 6
 9.477036e+01 -1.002390e+02 -3.141900e+03 -1.035377e+01 8.160945e+01 1.539636e+03
<VARIANCE> 6
 3.129757e+01 1.230843e+04 1.230786e+04 2.593203e+02 3.113517e+04 2.557538e+07
<GCONST> 6.626814e+01
<MIXTURE> 3 1.273183e-01
<MEAN> 6
 7.659245e+01 -3.448051e+02 -2.669900e+03 -6.011289e-01 -9.912920e+00 -1.558580e+02
<VARIANCE> 6
 3.129757e+01 1.230843e+04 1.230786e+04 2.593203e+02 3.051831e+04 2.822341e+07
<GCONST> 6.634665e+01
<MIXTURE> 4 1.199212e-01
<MEAN> 6
 9.120179e+01 3.725748e+01 6.920731e+02 9.346011e+01 -5.563400e+02 5.228730e+02
<VARIANCE> 6
 1.045353e+02 1.705091e+05 2.316345e+05 2.279037e+03 6.270323e+04 4.892387e+07
<GCONST> 7.655970e+01
<MIXTURE> 5 4.947371e-02
<MEAN> 6
 8.287268e+01 1.031991e+03 -2.360813e+03 5.301240e+01 -2.277854e+02 6.884455e+02
<VARIANCE> 6
 7.389893e+01 5.848432e+04 5.755396e+04 1.442584e+03 3.057763e+04 1.597576e+07
<GCONST> 7.145576e+01
<MIXTURE> 6 1.086503e-01
<MEAN> 6
 8.023758e+01 -5.496343e+01 -3.071981e+03 -1.071975e+01 2.287698e+01 2.552790e+01
<VARIANCE> 6
 3.129757e+01 1.230843e+04 1.230786e+04 2.593203e+02 1.595152e+04 1.545820e+07
<GCONST> 6.509586e+01
<MIXTURE> 7 7.324507e-02
<MEAN> 6
 8.883424e+01 1.016158e+03 -2.175226e+03 -2.278364e+00 -2.113821e+00 1.707486e+00
<VARIANCE> 6
 3.129757e+01 1.230843e+04 1.230786e+04 2.593203e+02 1.595152e+04 1.545820e+07
<GCONST> 6.509586e+01
<MIXTURE> 8 1.116107e-01
<MEAN> 6
 9.555276e+01 -3.977188e+02 -1.310162e+02 3.431581e+01 -4.843333e+02 3.552797e+03
<VARIANCE> 6
 3.129757e+01 1.233471e+06 1.985069e+05 2.645868e+03 5.052382e+05 4.091939e+08
<GCONST> 8.153796e+01
<MIXTURE> 9 1.217316e-01
<MEAN> 6
 9.612501e+01 -1.345032e+02 -3.146578e+03 -2.625612e+00 -4.655993e+01 -6.052404e+02
<VARIANCE> 6
 3.129757e+01 1.230843e+04 1.230786e+04 2.593203e+02 1.595152e+04 1.545820e+07
<GCONST> 6.509586e+01
<MIXTURE> 10 7.269166e-02
<MEAN> 6
 8.868190e+01 1.013673e+03 -2.189832e+03 -2.128530e+00 -2.711320e+00 1.139241e-02
<VARIANCE> 6
 3.129757e+01 1.230843e+04 1.230786e+04 2.593203e+02 1.595152e+04 1.545820e+07
<GCONST> 6.509586e+01
<MIXTURE> 11 7.357997e-02
<MEAN> 6
 8.835850e+01 1.005133e+03 -2.198180e+03 -2.185150e+00 -2.836671e+00 1.171470e+01
<VARIANCE> 6
 3.129757e+01 1.230843e+04 1.230786e+04 2.593203e+02 1.595152e+04 1.545820e+07
<GCONST> 6.509586e+01
<STATE> 6
<NUMMIXES> 11
<MIXTURE> 1 8.960406e-02
<MEAN> 6
 9.555174e+01 1.459145e+02 1.067035e+03 -2.624420e+00 -7.343775e+00 1.237127e+02
<VARIANCE> 6
 3.129757e+01 5.383890e+04 1.230786e+04 2.593203e+02 1.595152e+04 1.545820e+07
<GCONST> 6.657157e+01
<MIXTURE> 2 8.033741e-02
<MEAN> 6
 9.044347e+01 -1.382920e+03 8.141230e+02 -2.421107e-01 3.899711e+00 7.702792e+01
<VARIANCE> 6
 3.129757e+01 1.230843e+04 1.230786e+04 2.593203e+02 1.595152e+04 1.545820e+07
<GCONST> 6.509586e+01
<MIXTURE> 3 4.908864e-02
<MEAN> 6
 1.243339e+02 -1.981218e+02 3.764409e+02 -9.999322e+00 -2.963945e+01 -1.315606e+02
<VARIANCE> 6
 2.873099e+02 7.725378e+04 1.072117e+05 3.162585e+02 1.944160e+05 1.622035e+08
<GCONST> 7.636392e+01
<MIXTURE> 4 8.274955e-02
<MEAN> 6
 8.783109e+01 -3.265890e+02 3.908706e+02 -1.813948e+00 2.558141e+01 1.179812e+02
<VARIANCE> 6
 3.129757e+01 3.186926e+04 1.230786e+04 2.593203e+02 1.595152e+04 1.545820e+07
<GCONST> 6.604722e+01
<MIXTURE> 5 1.297219e-01
<MEAN> 6
 9.883315e+01 -3.420797e+02 7.945954e+02 -3.803201e+00 -8.355238e+00 -4.058083e+02
<VARIANCE> 6
 3.129757e+01 1.230843e+04 4.291103e+04 2.593203e+02 1.595152e+04 1.545820e+07
<GCONST> 6.634475e+01
<MIXTURE> 6 1.560619e-01
<MEAN> 6
 9.225395e+01 -1.631900e+01 6.276752e+02 -1.954559e+00 2.625847e+00 -1.713797e+02
<VARIANCE> 6
 3.129757e+01 1.230843e+04 1.230786e+04 2.593203e+02 1.595152e+04 1.545820e+07
<GCONST> 6.509586e+01
<MIXTURE> 7 5.736049e-02
<MEAN> 6
 9.201292e+01 -5.924231e+02 3.407687e+02 4.230536e+00 -7.141926e+01 -6.032878e+02
<VARIANCE> 6
 3.129757e+01 2.990015e+05 4.235239e+04 2.593203e+02 1.757210e+04 1.545820e+07
<GCONST> 6.961857e+01
<MIXTURE> 8 8.576951e-02
<MEAN> 6
 9.533028e+01 -3.264351e+01 1.108147e+03 -1.394345e+00 -6.151919e+00 1.044641e+02
<VARIANCE> 6
 3.129757e+01 5.094384e+04 1.230786e+04 2.593203e+02 1.595152e+04 1.545820e+07
<GCONST> 6.651630e+01
<MIXTURE> 9 1.029360e-01
<MEAN> 6
 9.781186e+01 -3.757163e+02 6.642793e+02 -9.712306e+00 4.820443e+00 6.155194e+02
<VARIANCE> 6
 7.496078e+01 1.230843e+04 2.786191e+04 2.593203e+02 4.056887e+04 1.545820e+07
<GCONST> 6.771976e+01
<MIXTURE> 10 8.059938e-02
<MEAN> 6
 9.028168e+01 -1.429114e+03 8.411100e+02 -1.999018e-01 3.162240e+00 8.688146e+01
<VARIANCE> 6
 3.129757e+01 1.230843e+04 1.230786e+04 2.593203e+02 1.595152e+04 1.545820e+07
<GCONST> 6.509586e+01
<MIXTURE> 11 8.575708e-02
<MEAN> 6
 8.779304e+01 -4.566867e+02 3.473347e+02 -2.060904e+00 7.076972e+00 1.088663e+02
<VARIANCE> 6
 3.129757e+01 4.578920e+04 1.230786e+04 2.593203e+02 1.595152e+04 1.545820e+07
<GCONST> 6.640962e+01
<STATE> 7
<NUMMIXES> 11
<MIXTURE> 1 1.005895e-01
<MEAN> 6
 1.174346e+02 -4.699060e+02 2.424593e+03 -1.425861e+00 -3.494142e+00 9.600209e+01
<VARIANCE> 6
 3.129757e+01 1.230843e+04 3.921492e+04 2.593203e+02 1.595152e+04 1.545820e+07
<GCONST> 6.625468e+01
<MIXTURE> 2 8.071493e-02
<MEAN> 6
 9.825923e+01 7.996588e+02 2.672795e+02 -4.676048e+00 -3.617020e+00 6.299254e+01
<VARIANCE> 6
 3.129757e+01 1.230843e+04 1.230786e+04 2.593203e+02 1.595152e+04 1.545820e+07
<GCONST> 6.509586e+01
<MIXTURE> 3 9.442793e-02
<MEAN> 6
 8.327604e+01 5.705444e+02 4.425214e+02 -5.290885e-01 -2.265661e-01 2.382049e+01
<VARIANCE> 6
 3.129757e+01 1.230843e+04 1.230786e+04 2.593203e+02 1.595152e+04 1.545820e+07
<GCONST> 6.509586e+01
<MIXTURE> 4 8.856498e-02
<MEAN> 6
 8.714959e+01 3.095654e+02 4.124305e+02 1.477716e+00 2.017546e-01 -4.267025e+01
<VARIANCE> 6
 3.129757e+01 1.230843e+04 1.230786e+04 2.593203e+02 1.595152e+04 1.545820e+07
<GCONST> 6.509586e+01
<MIXTURE> 5 7.159128e-02
<MEAN> 6
 1.252032e+02 3.649739e+02 1.565286e+03 -3.403754e+00 3.637867e-01 7.705715e+01
<VARIANCE> 6
 7.023222e+01 1.581222e+04 4.440704e+04 2.593203e+02 1.595152e+04 1.545820e+07
<GCONST> 6.743778e+01
<MIXTURE> 6 9.809089e-02
<MEAN> 6
 8.961835e+01 7.393478e+02 1.497849e+02 -1.942979e+00 1.720721e+00 -6.123733e+01
<VARIANCE> 6
 3.129757e+01 1.021138e+05 1.230786e+04 2.593203e+02 1.595152e+04 1.545820e+07
<GCONST> 6.721166e+01
<MIXTURE> 7 1.091437e-01
<MEAN> 6
 8.892220e+01 8.184631e+02 1.135073e+03 -4.854248e+00 3.009311e-01 4.019938e+01
<VARIANCE> 6
 3.129757e+01 8.315513e+04 1.230786e+04 2.593203e+02 1.595152e+04 1.545820e+07
<GCONST> 6.700629e+01
<MIXTURE> 8 9.434114e-02
<MEAN> 6
 8.327606e+01 5.705442e+02 4.425215e+02 -5.290889e-01 -2.265875e-01 2.382063e+01
<VARIANCE> 6
 3.129757e+01 1.230843e+04 1.230786e+04 2.593203e+02 1.595152e+04 1.545820e+07
<GCONST> 6.509586e+01
<MIXTURE> 9 8.045822e-02
<MEAN> 6
 8.690840e+01 3.088309e+02 3.435331e+02 1.927874e+00 4.123334e+00 -9.645794e+01
<VARIANCE> 6
 3.129757e+01 1.230843e+04 1.628521e+04 2.593203e+02 1.595152e+04 1.545820e+07
<GCONST> 6.537588e+01
<MIXTURE> 10 1.103620e-01
<MEAN> 6
 9.257414e+01 7.897555e+02 1.830083e+02 -2.848280e+00 3.686710e-01 1.642671e+01
<VARIANCE> 6
 3.129757e+01 1.230843e+04 1.230786e+04 2.593203e+02 1.595152e+04 1.545820e+07
<GCONST> 6.509586e+01
<MIXTURE> 11 7.170594e-02
<MEAN> 6
 1.151541e+02 2.372122e+02 1.293604e+03 -1.711414e+00 -1.380630e+01 -2.042977e+01
<VARIANCE> 6
 1.631038e+02 1.853600e+04 7.348428e+04 2.593203e+02 1.595152e+04 1.545820e+07
<GCONST> 6.894297e+01
<STATE> 8
<NUMMIXES> 11
<MIXTURE> 1 1.154841e-01
<MEAN> 6
 7.943166e+01 2.842171e+03 -2.449053e+02 -3.048546e+00 1.549610e+00 1.439877e+02
<VARIANCE> 6
 3.129757e+01 1.230843e+04 1.230786e+04 2.593203e+02 1.595152e+04 1.545820e+07
<GCONST> 6.509586e+01
<MIXTURE> 2 6.415289e-02
<MEAN> 6
 7.595322e+01 2.879561e+03 4.653038e+02 -1.149041e+00 -3.731220e+00 -3.609996e+01
<VARIANCE> 6
 3.129757e+01 1.230843e+04 1.230786e+04 2.593203e+02 1.595152e+04 1.545820e+07
<GCONST> 6.509586e+01
<MIXTURE> 3 7.421181e-02
<MEAN> 6
 7.903049e+01 1.517591e+03 4.544800e+02 -1.536302e+00 -5.981739e+00 -2.085106e+02
<VARIANCE> 6
 3.129757e+01 1.230843e+04 1.230786e+04 2.593203e+02 1.595152e+04 1.545820e+07
<GCONST> 6.509586e+01
<MIXTURE> 4 1.049956e-01
<MEAN> 6
 8.287403e+01 1.505815e+03 -2.329166e+02 -1.738785e+00 -1.311400e-01 3.060590e+02
<VARIANCE> 6
 3.129757e+01 3.716225e+04 1.287113e+04 2.593203e+02 1.595152e+04 1.545820e+07
<GCONST> 6.624561e+01
<MIXTURE> 5 1.197452e-01
<MEAN> 6
 7.586958e+01 2.866535e+03 4.609813e+02 -1.472899e+00 -8.022639e+00 -5.239008e+01
<VARIANCE> 6
 3.129757e+01 1.230843e+04 1.230786e+04 2.593203e+02 1.595152e+04 1.545820e+07
<GCONST> 6.509586e+01
<MIXTURE> 6 6.564274e-02
<MEAN> 6
 8.968259e+01 1.582910e+03 -4.154117e+02 -2.853547e+00 -5.553351e+01 6.253030e+02
<VARIANCE> 6
 7.340201e+01 5.279296e+05 8.725055e+04 2.593203e+02 4.851520e+04 3.335009e+07
<GCONST> 7.354674e+01
<MIXTURE> 7 9.203858e-02
<MEAN> 6
 8.262329e+01 1.096776e+03 4.546899e+02 -3.357636e+00 1.728637e+00 4.106377e+01
<VARIANCE> 6
 3.129757e+01 2.421561e+04 1.230786e+04 2.593203e+02 1.595152e+04 1.545820e+07
<GCONST> 6.577258e+01
<MIXTURE> 8 9.627052e-02
<MEAN> 6
 7.850076e+01 2.340698e+03 -1.745241e+02 1.138766e+00 -2.661834e+00 -2.046893e+02
<VARIANCE> 6
 3.129757e+01 2.827386e+04 1.230786e+04 2.593203e+02 1.595152e+04 1.545820e+07
<GCONST> 6.592751e+01
<MIXTURE> 9 1.310486e-01
<MEAN> 6
 8.749780e+01 1.075143e+03 -5.177294e+02 -9.483213e-01 -1.073122e+01 -2.515141e+02
<VARIANCE> 6
 3.129757e+01 2.978108e+04 1.230786e+04 2.593203e+02 1.595152e+04 1.545820e+07
<GCONST> 6.597945e+01
<MIXTURE> 10 7.404682e-02
<MEAN> 6
 7.914791e+01 1.505342e+03 4.562161e+02 -1.495914e+00 -4.728030e+00 -1.700361e+02
<VARIANCE> 6
 3.129757e+01 1.230843e+04 1.230786e+04 2.593203e+02 1.595152e+04 1.545820e+07
<GCONST> 6.509586e+01
<MIXTURE> 11 6.235941e-02
<MEAN> 6
 7.550661e+01 2.834494e+03 4.496671e+02 -4.528360e+00 -4.037741e+01 -4.512081e+01
<VARIANCE> 6
 3.129757e+01 1.230843e+04 1.230786e+04 2.593203e+02 1.595152e+04 1.545820e+07
<GCONST> 6.509586e+01
<STATE> 9
<NUMMIXES> 11
<MIXTURE> 1 6.797438e-02
<MEAN> 6
 1.100556e+02 1.184809e+02 -4.157071e+02 -3.140491e+00 -4.429309e-01 7.434050e+01
<VARIANCE> 6
 3.129757e+01 1.264598e+04 1.230786e+04 2.593203e+02 1.595152e+04 1.545820e+07
<GCONST> 6.512292e+01
<MIXTURE> 2 1.325563e-01
<MEAN> 6
 9.607252e+01 -7.386508e+02 -4.293850e+01 6.578887e-01 -7.023456e+00 6.773057e+01
<VARIANCE> 6
 3.129757e+01 6.460948e+04 1.230786e+04 2.593203e+02 1.595152e+04 1.545820e+07
<GCONST> 6.675394e+01
<MIXTURE> 3 9.288897e-02
<MEAN> 6
 9.680005e+01 -2.031634e+03 -2.295125e+02 -4.939306e+00 1.496013e+00 -1.078560e+02
<VARIANCE> 6
 3.129757e+01 9.117256e+04 1.230786e+04 2.593203e+02 1.595152e+04 1.545820e+07
<GCONST> 6.709833e+01
<MIXTURE> 4 6.392790e-02
<MEAN> 6
 1.299913e+02 -1.976148e+03 7.041380e+01 -3.958941e+01 -2.568975e+01 7.412770e+01
<VARIANCE> 6
 3.739048e+02 8.884088e+05 4.683206e+04 2.593203e+02 1.893969e+04 1.545820e+07
<GCONST> 7.336350e+01
<MIXTURE> 5 6.464617e-02
<MEAN> 6
 1.193513e+02 -4.759790e+02 -4.577438e+02 -4.525599e+00 -2.036214e+00 -1.303684e+02
<VARIANCE> 6
 3.129757e+01 5.060677e+04 1.230786e+04 2.593203e+02 1.595152e+04 1.545820e+07
<GCONST> 6.650966e+01
<MIXTURE> 6 1.223333e-01
<MEAN> 6
 9.871527e+01 -3.476217e+03 -1.548316e+01 -3.114219e+00 2.276070e+01 -7.435489e+01
<VARIANCE> 6
 3.129757e+01 9.717938e+04 1.230786e+04 2.593203e+02 1.595152e+04 1.545820e+07
<GCONST> 6.716213e+01
<MIXTURE> 7 7.324174e-02
<MEAN> 6
 1.059273e+02 1.396558e+01 -2.867172e+02 -3.048126e+00 1.548262e+01 2.620586e+02
<VARIANCE> 6
 3.129757e+01 1.230843e+04 1.503024e+04 2.593203e+02 1.595152e+04 1.545820e+07
<GCONST> 6.529568e+01
<MIXTURE> 8 1.053956e-01
<MEAN> 6
 9.911404e+01 -4.042989e+03 1.560543e+01 -2.648374e+00 2.007139e+00 1.851809e+01
<VARIANCE> 6
 3.129757e+01 1.230843e+04 1.230786e+04 2.593203e+02 1.595152e+04 1.545820e+07
<GCONST> 6.509586e+01
<MIXTURE> 9 1.323523e-01
<MEAN> 6
 1.033705e+02 -2.921854e+03 -2.567947e+02 -1.303476e+00 -1.131469e+01 -3.002814e+01
<VARIANCE> 6
 3.129757e+01 6.421011e+04 1.230786e+04 2.593203e+02 1.595152e+04 1.545820e+07
<GCONST> 6.674773e+01
<MIXTURE> 10 7.720758e-02
<MEAN> 6
 1.067897e+02 1.781398e+01 -3.372863e+02 -2.102285e+00 -2.564498e+00 1.122204e+02
<VARIANCE> 6
 3.129757e+01 1.230843e+04 1.230786e+04 2.593203e+02 1.595152e+04 1.545820e+07
<GCONST> 6.509586e+01
<MIXTURE> 11 6.746992e-02
<MEAN> 6
 1.097476e+02 8.359055e+01 -4.082793e+02 -3.248010e+00 -4.304667e+00 8.883858e+01
<VARIANCE> 6
 3.129757e+01 1.354897e+04 1.230786e+04 2.593203e+02 1.595152e+04 1.545820e+07
<GCONST> 6.519189e+01
<STATE> 10
<NUMMIXES> 11
<MIXTURE> 1 1.000534e-01
<MEAN> 6
 9.453535e+01 1.798676e+02 1.362715e+02 -4.222404e+00 -5.967162e+00 2.734791e+02
<VARIANCE> 6
 3.129757e+01 1.230843e+04 1.230786e+04 2.593203e+02 3.629280e+04 1.545820e+07
<GCONST> 6.591792e+01
<MIXTURE> 2 1.425004e-01
<MEAN> 6
 9.486597e+01 2.537874e+02 -5.163322e+02 -1.057935e+00 -4.315907e+00 1.837111e+01
<VARIANCE> 6
 3.129757e+01 1.230843e+04 2.884726e+04 2.593203e+02 1.595152e+04 1.545820e+07
<GCONST> 6.594764e+01
<MIXTURE> 3 6.087154e-03
<MEAN> 6
 9.365314e+01 -1.074592e+03 6.057915e+00 -1.012013e+01 -3.992817e+02 -9.718656e+03
<VARIANCE> 6
 1.055188e+02 1.812226e+06 2.887876e+05 4.341514e+02 1.176176e+05 6.058825e+07
<GCONST> 7.833786e+01
<MIXTURE> 4 8.569795e-02
<MEAN> 6
 8.067812e+01 -3.657372e+02 -6.610358e+01 -4.243141e+00 1.301012e+00 -1.343389e+02
<VARIANCE> 6
 3.129757e+01 1.230843e+04 1.230786e+04 2.593203e+02 1.595152e+04 1.545820e+07
<GCONST> 6.509586e+01
<MIXTURE> 5 1.422884e-01
<MEAN> 6
 9.421378e+01 -3.565090e+02 -5.471202e+02 -1.048082e+00 -4.526501e+00 1.118465e+02
<VARIANCE> 6
 3.129757e+01 1.811649e+04 1.230786e+04 2.593203e+02 1.595152e+04 1.545820e+07
<GCONST> 6.548240e+01
<MIXTURE> 6 4.435595e-02
<MEAN> 6
 8.838454e+01 -9.273227e+01 -8.016018e+02 -1.916050e+00 1.393878e+01 -2.489268e+02
<VARIANCE> 6
 3.129757e+01 1.230843e+04 1.496297e+04 2.593203e+02 1.595152e+04 1.545820e+07
<GCONST> 6.529120e+01
<MIXTURE> 7 8.959039e-02
<MEAN> 6
 9.327290e+01 1.586087e+01 1.178770e+02 -1.351929e+00 6.809721e-01 -1.051684e+02
<VARIANCE> 6
 3.129757e+01 1.610716e+04 1.230786e+04 2.593203e+02 1.595152e+04 1.545820e+07
<GCONST> 6.536484e+01
<MIXTURE> 8 1.218252e-01
<MEAN> 6
 9.380180e+01 -5.338511e+02 -5.316656e+02 1.863732e+00 6.004083e-01 -1.051523e+02
<VARIANCE> 6
 3.129757e+01 1.230843e+04 1.230786e+04 2.593203e+02 1.595152e+04 1.545820e+07
<GCONST> 6.509586e+01
<MIXTURE> 9 8.425333e-02
<MEAN> 6
 9.302197e+01 -6.485651e+01 -7.666703e+00 -6.928746e-01 1.762194e+00 -7.095119e+01
<VARIANCE> 6
 3.129757e+01 1.230843e+04 1.777369e+04 2.593203e+02 1.595152e+04 1.545820e+07
<GCONST> 6.546334e+01
<MIXTURE> 10 9.552517e-02
<MEAN> 6
 9.210905e+01 -7.182249e+01 -6.188555e+01 -7.286460e-01 1.254101e+00 -5.389767e+01
<VARIANCE> 6
 3.129757e+01 1.230843e+04 1.707586e+04 2.593203e+02 1.595152e+04 1.545820e+07
<GCONST> 6.542329e+01
<MIXTURE> 11 8.778790e-02
<MEAN> 6
 9.286222e+01 -4.068583e+01 9.314305e+01 -7.331911e-01 -1.268361e+00 -1.553346e+02
<VARIANCE> 6
 3.129757e+01 1.600722e+04 1.230786e+04 2.593203e+02 1.595152e+04 1.545820e+07
<GCONST> 6.535862e+01
<STATE> 11
<NUMMIXES> 11
<MIXTURE> 1 8.362368e-02
<MEAN> 6
 7.283788e+01 1.308767e+03 -1.097688e+03 -1.538983e-01 -1.562114e+00 -4.963510e+01
<VARIANCE> 6
 3.129757e+01 1.230843e+04 1.230786e+04 2.593203e+02 1.595152e+04 1.545820e+07
<GCONST> 6.509586e+01
<MIXTURE> 2 8.245020e-02
<MEAN> 6
 6.606641e+01 9.432363e+02 -1.400654e+02 -6.346534e-01 5.412105e+00 3.087930e+01
<VARIANCE> 6
 3.129757e+01 1.230843e+04 1.230786e+04 2.593203e+02 1.595152e+04 1.545820e+07
<GCONST> 6.509586e+01
<MIXTURE> 3 1.122677e-01
<MEAN> 6
 8.226765e+01 4.825065e+02 -6.325787e+02 -4.436675e-02 1.870426e+01 2.382739e+01
<VARIANCE> 6
 3.129757e+01 7.014276e+04 1.230786e+04 2.593203e+02 1.595152e+04 1.545820e+07
<GCONST> 6.683611e+01
<MIXTURE> 4 7.081599e-02
<MEAN> 6
 7.846342e+01 3.983595e+02 1.060470e+01 -4.019066e-02 -5.007136e+00 -1.016359e+02
<VARIANCE> 6
 3.129757e+01 1.230843e+04 1.230786e+04 2.593203e+02 1.595152e+04 1.545820e+07
<GCONST> 6.509586e+01
<MIXTURE> 5 6.931370e-02
<MEAN> 6
 6.670714e+01 7.297843e+02 -1.194497e+02 -1.875783e+00 -5.430786e+00 -1.677786e+02
<VARIANCE> 6
 3.129757e+01 4.472534e+04 1.230786e+04 2.593203e+02 1.595152e+04 1.545820e+07
<GCONST> 6.638612e+01
<MIXTURE> 6 7.242940e-02
<MEAN> 6
 5.689230e+01 4.480683e+02 -1.157860e+02 -5.131811e-02 5.297228e-01 -1.321947e+02
<VARIANCE> 6
 3.129757e+01 1.230843e+04 1.273008e+04 2.593203e+02 1.595152e+04 1.545820e+07
<GCONST> 6.512959e+01
<MIXTURE> 7 1.127567e-01
<MEAN> 6
 8.688833e+01 1.119958e+03 -1.101026e+03 -2.938258e+00 -3.841676e-01 6.234794e+00
<VARIANCE> 6
 3.129757e+01 1.230843e+04 3.706825e+04 2.593203e+02 1.595152e+04 1.545820e+07
<GCONST> 6.619838e+01
<MIXTURE> 8 1.150214e-01
<MEAN> 6
 7.006061e+01 5.269967e+02 -1.513479e+02 -1.200320e+00 -1.445318e+00 -5.974844e+01
<VARIANCE> 6
 3.129757e+01 1.230843e+04 1.230786e+04 2.593203e+02 1.595152e+04 1.545820e+07
<GCONST> 6.509586e+01
<MIXTURE> 9 1.144615e-01
<MEAN> 6
 5.315775e+01 4.125609e+02 -2.443070e+02 9.406360e-01 7.464539e-02 -8.333125e+01
<VARIANCE> 6
 3.129757e+01 1.230843e+04 1.230786e+04 2.593203e+02 1.595152e+04 1.545820e+07
<GCONST> 6.509586e+01
<MIXTURE> 10 8.375261e-02
<MEAN> 6
 7.281934e+01 1.309096e+03 -1.098083e+03 -1.443958e-01 -1.482875e+00 -4.961654e+01
<VARIANCE> 6
 3.129757e+01 1.230843e+04 1.230786e+04 2.593203e+02 1.595152e+04 1.545820e+07
<GCONST> 6.509586e+01
<MIXTURE> 11 8.309588e-02
<MEAN> 6
 6.608995e+01 9.041376e+02 -1.512858e+02 -7.056109e-01 -7.415390e-01 -4.192923e+01
<VARIANCE> 6
 3.129757e+01 1.230843e+04 1.230786e+04 2.593203e+02 1.595152e+04 1.545820e+07
<GCONST> 6.509586e+01
<STATE> 12
<NUMMIXES> 11
<MIXTURE> 1 1.092373e-01
<MEAN> 6
 7.413612e+01 3.870066e+02 7.730264e+02 -1.866021e+00 -3.422180e+00 -5.089559e+01
<VARIANCE> 6
 3.129757e+01 1.230843e+04 2.023943e+04 2.593203e+02 1.595152e+04 1.545820e+07
<GCONST> 6.559325e+01
<MIXTURE> 2 7.431854e-02
<MEAN> 6
 7.549323e+01 -1.007217e+03 1.275696e+02 4.927933e-01 2.324573e+01 -1.895408e+02
<VARIANCE> 6
 3.129757e+01 4.111967e+04 1.515183e+05 2.593203e+02 1.790960e+04 1.545820e+07
<GCONST> 6.892831e+01
<MIXTURE> 3 1.178542e-01
<MEAN> 6
 7.598452e+01 -4.566007e+00 4.471196e+02 -2.691678e+00 -1.694150e+00 3.742200e+01
<VARIANCE> 6
 5.558493e+01 1.230843e+04 1.230786e+04 2.593203e+02 1.595152e+04 1.545820e+07
<GCONST> 6.567023e+01
<MIXTURE> 4 9.076695e-02
<MEAN> 6
 6.878641e+01 -2.245781e+02 3.121044e+02 1.885454e+00 3.531409e+00 1.629918e+00
<VARIANCE> 6
 3.129757e+01 1.799957e+04 1.230786e+04 2.593203e+02 1.595152e+04 1.545820e+07
<GCONST> 6.547592e+01
<MIXTURE> 5 6.989955e-02
<MEAN> 6
 7.788749e+01 -1.786827e+03 -7.890272e+02 7.688321e-01 -2.398297e+00 -1.994716e+02
<VARIANCE> 6
 3.129757e+01 4.780385e+04 1.230786e+04 2.593203e+02 1.595152e+04 1.545820e+07
<GCONST> 6.645268e+01
<MIXTURE> 6 1.460416e-01
<MEAN> 6
 7.074191e+01 8.977688e+02 6.865358e+02 3.888386e-01 -1.848923e-01 -6.474482e+01
<VARIANCE> 6
 3.129757e+01 8.112769e+04 1.230786e+04 2.593203e+02 1.595152e+04 1.545820e+07
<GCONST> 6.698160e+01
<MIXTURE> 7 7.334133e-02
<MEAN> 6
 6.912207e+01 -3.836775e+02 3.568055e+02 1.048640e+00 3.736457e+00 -6.207357e+01
<VARIANCE> 6
 3.129757e+01 1.230843e+04 1.230786e+04 2.593203e+02 1.595152e+04 1.545820e+07
<GCONST> 6.509586e+01
<MIXTURE> 8 6.138982e-02
<MEAN> 6
 7.110634e+01 3.820614e+02 2.434754e+02 6.756884e-01 7.380949e+00 8.570081e+00
<VARIANCE> 6
 3.129757e+01 2.008348e+04 1.230786e+04 2.593203e+02 1.595152e+04 1.545820e+07
<GCONST> 6.558547e+01
<MIXTURE> 9 9.041494e-02
<MEAN> 6
 6.873457e+01 -2.529356e+02 3.110229e+02 1.868216e+00 5.600585e+00 -1.454671e+01
<VARIANCE> 6
 3.129757e+01 1.495053e+04 1.230786e+04 2.593203e+02 1.595152e+04 1.545820e+07
<GCONST> 6.529032e+01
<MIXTURE> 10 9.231940e-02
<MEAN> 6
 7.554308e+01 -1.023508e+03 5.331348e+01 -3.615474e-01 -3.780191e+00 9.834528e+01
<VARIANCE> 6
 3.129757e+01 1.230843e+04 1.205532e+05 2.593203e+02 1.595152e+04 1.545820e+07
<GCONST> 6.737772e+01
<MIXTURE> 11 7.439861e-02
<MEAN> 6
 6.599174e+01 -4.463753e+02 3.474955e+02 4.338253e-01 -2.080060e+00 -1.230404e+02
<VARIANCE> 6
 3.129757e+01 1.428047e+04 1.230786e+04 2.593203e+02 1.595152e+04 1.545820e+07
<GCONST> 6.524447e+01
<STATE> 13
<NUMMIXES> 11
<MIXTURE> 1 7.545249e-02
<MEAN> 6
 7.428754e+01 1.455059e+01 -1.211373e+01 -2.720433e+01 -6.740873e+02 -1.532161e+04
<VARIANCE> 6
 1.893633e+02 1.218803e+05 1.695798e+05 1.836558e+03 3.768942e+05 1.928129e+08
<GCONST> 7.945541e+01
<MIXTURE> 2 2.666540e-02
<MEAN> 6
 8.346693e+01 -8.768134e+03 2.079001e+03 -1.151500e+01 -1.473698e+01 6.290300e+02
<VARIANCE> 6
 3.129757e+01 1.230843e+04 1.410743e+04 2.593203e+02 3.426598e+04 2.125496e+07
<GCONST> 6.631537e+01
<MIXTURE> 3 1.146266e-01
<MEAN> 6
 7.329642e+01 -8.961715e+03 1.337375e+03 -4.457688e-01 -1.201901e-01 -9.809167e+01
<VARIANCE> 6
 3.129757e+01 1.463704e+04 1.106605e+05 2.593203e+02 1.595152e+04 1.545820e+07
<GCONST> 6.746536e+01
<MIXTURE> 4 7.677235e-02
<MEAN> 6
 7.390087e+01 1.741582e+01 -1.893200e+01 -1.309657e+02 -2.116187e+03 -1.840836e+04
<VARIANCE> 6
 1.707091e+02 1.660380e+06 2.438321e+05 4.652422e+03 1.113580e+06 4.912865e+08
<GCONST> 8.527480e+01
<MIXTURE> 5 1.026958e-01
<MEAN> 6
 -6.196269e+01 3.885486e+02 2.332777e+02 -3.010217e+01 1.109800e+03 -4.885000e+03
<VARIANCE> 6
 3.435509e+02 1.371606e+05 1.463191e+06 2.020479e+04 7.170382e+05 3.595740e+08
<GCONST> 8.598863e+01
<MIXTURE> 6 1.038247e-01
<MEAN> 6
 2.265228e+01 2.678241e+01 2.846345e+02 -3.632773e+02 -7.427731e+02 3.863240e+03
<VARIANCE> 6
 3.545090e+02 5.189489e+04 1.118529e+06 5.551498e+03 4.574302e+05 2.271803e+08
<GCONST> 8.257896e+01
<MIXTURE> 7 1.147498e-01
<MEAN> 6
 -1.487003e+01 1.475903e+02 5.321166e+01 -4.188348e+02 1.425638e+03 4.253568e+04
<VARIANCE> 6
 3.291938e+02 3.853112e+05 3.636413e+05 4.589475e+03 1.690800e+06 6.793750e+08
<GCONST> 8.559856e+01
<MIXTURE> 8 7.962074e-02
<MEAN> 6
 3.242204e+01 -1.904965e+02 -1.757607e+02 -4.191967e+02 -1.125768e+03 2.343969e+04
<VARIANCE> 6
 3.153422e+02 1.809844e+06 3.489336e+05 4.373094e+03 5.315212e+05 5.011477e+08
<GCONST> 8.555144e+01
<MIXTURE> 9 1.350687e-01
<MEAN> 6
 -4.431360e+01 5.930284e+01 -4.955740e+00 -1.750652e+02 2.481166e+03 -1.388504e+04
<VARIANCE> 6
 2.950217e+02 2.732567e+05 1.721490e+05 1.177549e+04 1.197382e+06 8.624815e+08
<GCONST> 8.523335e+01
<MIXTURE> 10 9.606642e-02
<MEAN> 6
 6.021649e+01 9.922174e+01 -7.601160e+00 -2.651653e+02 -2.314131e+03 1.237720e+04
<VARIANCE> 6
 1.717568e+02 2.116570e+05 1.756664e+05 4.617088e+03 5.881594e+05 3.957156e+08
<GCONST> 8.203088e+01
<MIXTURE> 11 7.444597e-02
<MEAN> 6
 7.104619e+01 -1.238453e+02 -1.483275e+02 -5.928909e+01 -1.165415e+03 -1.647550e+04
<VARIANCE> 6
 1.617755e+02 1.099546e+05 1.280040e+05 2.321422e+03 4.301178e+05 2.038996e+08
<GCONST> 7.933600e+01
<STATE> 14
<NUMMIXES> 11
<MIXTURE> 1 1.296782e-02
<MEAN> 6
 1.216884e+01 7.980823e+02 -2.340906e+02 -3.837581e+01 -1.810414e+02 7.353082e+03
<VARIANCE> 6
 7.580368e+03 3.498784e+07 1.265692e+06 7.228077e+05 3.786466e+08 5.474901e+11
<GCONST> 1.116538e+02
<MIXTURE> 2 1.237163e-01
<MEAN> 6
 2.564252e+01 1.185572e+02 1.600186e+01 2.484937e+02 -2.984096e+00 -3.225425e+03
<VARIANCE> 6
 7.816130e+02 2.136410e+05 8.352297e+04 7.499254e+03 1.948735e+05 6.843903e+07
<GCONST> 8.043767e+01
<MIXTURE> 3 8.989993e-02
<MEAN> 6
 1.182134e-01 2.105197e+01 2.337795e+01 -2.886409e+02 4.344463e+02 1.002570e+04
<VARIANCE> 6
 9.077214e+02 9.272318e+04 8.097627e+04 1.049612e+04 1.367115e+06 4.272599e+08
<GCONST> 8.383736e+01
<MIXTURE> 4 5.764160e-02
<MEAN> 6
 1.037678e+02 1.331057e+02 6.020427e+01 -6.623521e+00 -1.194216e+01 -2.023801e+02
<VARIANCE> 6
 3.342634e+02 2.381508e+06 2.612041e+05 2.593203e+02 1.595152e+04 1.545820e+07
<GCONST> 7.578452e+01
<MIXTURE> 5 9.597967e-02
<MEAN> 6
 4.872446e+01 1.133701e+02 7.643135e+00 1.959471e+01 -3.935586e+02 -1.962208e+03
<VARIANCE> 6
 5.241141e+03 1.148875e+06 7.763626e+05 5.938170e+04 4.343037e+06 2.199115e+09
<GCONST> 9.489537e+01
<MIXTURE> 6 1.341279e-01
<MEAN> 6
 8.878177e+01 4.143788e+00 9.685605e+01 5.058967e+00 -7.033541e+02 -1.894440e+03
<VARIANCE> 6
 2.694571e+02 6.972571e+04 8.511063e+04 2.133897e+04 5.032984e+05 1.942121e+08
<GCONST> 8.130939e+01
<MIXTURE> 7 7.546468e-02
<MEAN> 6
 -3.856720e+01 1.420927e+02 5.550163e+01 9.651541e+01 1.047169e+03 -1.150920e+03
<VARIANCE> 6
 3.020182e+02 2.058149e+05 7.382317e+04 2.400385e+04 3.177857e+05 1.297464e+08
<GCONST> 8.161810e+01
<MIXTURE> 8 1.272057e-01
<MEAN> 6
 7.553793e+01 -9.484322e+01 -1.083454e+01 -8.519717e+01 -6.025090e+02 1.142741e+03
<VARIANCE> 6
 9.095444e+02 4.715319e+05 1.454647e+05 2.995827e+04 3.600368e+05 9.320993e+07
<GCONST> 8.424352e+01
<MIXTURE> 9 9.939781e-02
<MEAN> 6
 -5.372851e+01 1.184089e+02 -4.232571e+00 1.032362e+01 2.283821e+02 6.295193e+02
<VARIANCE> 6
 2.919178e+02 2.816017e+05 1.321882e+05 1.248787e+03 9.904753e+04 3.913459e+07
<GCONST> 7.715977e+01
<MIXTURE> 10 1.055607e-01
<MEAN> 6
 9.160326e+01 -1.843600e+02 -4.789520e+01 -4.578331e+00 -2.135214e+01 -1.609513e+02
<VARIANCE> 6
 2.441608e+02 2.180513e+05 1.007703e+05 2.593203e+02 2.142223e+04 1.545820e+07
<GCONST> 7.242207e+01
<MIXTURE> 11 7.721495e-02
<MEAN> 6
 -4.681734e+01 -4.649874e+01 -6.563684e+01 2.330660e+01 9.818525e+02 -3.797472e+03
<VARIANCE> 6
 3.436321e+02 2.195298e+05 9.299235e+04 2.157968e+04 3.473527e+05 1.766946e+08
<GCONST> 8.233389e+01
<TRANSP> 15
 0.000000e+00 1.000000e+00 0.000000e+00 0.000000e+00 0.000000e+00 0.000000e+00 0.000000e+00 0.000000e+00 0.000000e+00 0.000000e+00 0.000000e+00 0.000000e+00 0.000000e+00 0.000000e+00 0.000000e+00
 0.000000e+00 9.998539e-01 1.460763e-04 0.000000e+00 0.000000e+00 0.000000e+00 0.000000e+00 0.000000e+00 0.000000e+00 0.000000e+00 0.000000e+00 0.000000e+00 0.000000e+00 0.000000e+00 0.000000e+00
 0.000000e+00 0.000000e+00 9.984037e-01 1.596256e-03 0.000000e+00 0.000000e+00 0.000000e+00 0.000000e+00 0.000000e+00 0.000000e+00 0.000000e+00 0.000000e+00 0.000000e+00 0.000000e+00 0.000000e+00
 0.000000e+00 0.000000e+00 0.000000e+00 9.982941e-01 1.705975e-03 0.000000e+00 0.000000e+00 0.000000e+00 0.000000e+00 0.000000e+00 0.000000e+00 0.000000e+00 0.000000e+00 0.000000e+00 0.000000e+00
 0.000000e+00 0.000000e+00 0.000000e+00 0.000000e+00 9.910213e-01 8.978694e-03 0.000000e+00 0.000000e+00 0.000000e+00 0.000000e+00 0.000000e+00 0.000000e+00 0.000000e+00 0.000000e+00 0.000000e+00
 0.000000e+00 0.000000e+00 0.000000e+00 0.000000e+00 0.000000e+00 9.959642e-01 4.035725e-03 0.000000e+00 0.000000e+00 0.000000e+00 0.000000e+00 0.000000e+00 0.000000e+00 0.000000e+00 0.000000e+00
 0.000000e+00 0.000000e+00 0.000000e+00 0.000000e+00 0.000000e+00 0.000000e+00 9.970806e-01 2.919362e-03 0.000000e+00 0.000000e+00 0.000000e+00 0.000000e+00 0.000000e+00 0.000000e+00 0.000000e+00
 0.000000e+00 0.000000e+00 0.000000e+00 0.000000e+00 0.000000e+00 0.000000e+00 0.000000e+00 9.946392e-01 5.360888e-03 0.000000e+00 0.000000e+00 0.000000e+00 0.000000e+00 0.000000e+00 0.000000e+00
 0.000000e+00 0.000000e+00 0.000000e+00 0.000000e+00 0.000000e+00 0.000000e+00 0.000000e+00 0.000000e+00 9.944140e-01 5.585970e-03 0.000000e+00 0.000000e+00 0.000000e+00 0.000000e+00 0.000000e+00
 0.000000e+00 0.000000e+00 0.000000e+00 0.000000e+00 0.000000e+00 0.000000e+00 0.000000e+00 0.000000e+00 0.000000e+00 9.981329e-01 1.867080e-03 0.000000e+00 0.000000e+00 0.000000e+00 0.000000e+00
 0.000000e+00 0.000000e+00 0.000000e+00 0.000000e+00 0.000000e+00 0.000000e+00 0.000000e+00 0.000000e+00 0.000000e+00 0.000000e+00 9.976861e-01 2.313891e-03 0.000000e+00 0.000000e+00 0.000000e+00
 0.000000e+00 0.000000e+00 0.000000e+00 0.000000e+00 0.000000e+00 0.000000e+00 0.000000e+00 0.000000e+00 0.000000e+00 0.000000e+00 0.000000e+00 9.975932e-01 2.406875e-03 0.000000e+00 0.000000e+00
 0.000000e+00 0.000000e+00 0.000000e+00 0.000000e+00 0.000000e+00 0.000000e+00 0.000000e+00 0.000000e+00 0.000000e+00 0.000000e+00 0.000000e+00 0.000000e+00 9.975064e-01 2.493612e-03 0.000000e+00
 0.000000e+00 0.000000e+00 0.000000e+00 0.000000e+00 0.000000e+00 0.000000e+00 0.000000e+00 0.000000e+00 0.000000e+00 0.000000e+00 0.000000e+00 0.000000e+00 0.000000e+00 9.999368e-01 6.317424e-05
 0.000000e+00 0.000000e+00 0.000000e+00 0.000000e+00 0.000000e+00 0.000000e+00 0.000000e+00 0.000000e+00 0.000000e+00 0.000000e+00 0.000000e+00 0.000000e+00 0.000000e+00 0.000000e+00 0.000000e+00
<ENDHMM>
~h "SegundoESO"
<BEGINHMM>
<NUMSTATES> 15
<STATE> 2
<NUMMIXES> 11
<MIXTURE> 1 1.023633e-01
<MEAN> 6
 8.996385e+01 -1.321229e+03 2.786932e+03 -3.301212e+00 -1.723789e+01 -4.894654e+01
<VARIANCE> 6
 1.600811e+02 4.862788e+06 1.266176e+07 2.593203e+02 1.595152e+04 1.545820e+07
<GCONST> 7.964319e+01
<MIXTURE> 2 9.088300e-02
<MEAN> 6
 -4.657257e+01 6.743643e+02 3.576617e+03 6.561192e+00 8.521235e+02 -1.627005e+02
<VARIANCE> 6
 7.269483e+02 5.209165e+05 2.256967e+06 5.309832e+04 4.215455e+05 1.574292e+08
<GCONST> 8.811507e+01
<MIXTURE> 3 7.017001e-02
<MEAN> 6
 8.859848e+01 -1.119052e+02 1.153835e+03 4.548400e+01 -4.567738e+02 5.417756e+02
<VARIANCE> 6
 1.963864e+02 1.385633e+06 6.293206e+06 9.830637e+03 7.676981e+04 3.057801e+07
<GCONST> 8.378162e+01
<MIXTURE> 4 8.291502e-02
<MEAN> 6
 4.259132e+01 1.563221e+02 9.254530e+01 -2.469307e+01 -1.969460e+02 7.398670e+02
<VARIANCE> 6
 1.988638e+03 5.003331e+07 5.781902e+05 3.132848e+04 2.470387e+05 5.488033e+07
<GCONST> 9.020857e+01
<MIXTURE> 5 7.346677e-02
<MEAN> 6
 -5.996400e+01 -9.056931e+02 1.659581e+02 1.102999e+01 9.097783e+01 2.563688e+02
<VARIANCE> 6
 6.333939e+01 5.765592e+06 2.669141e+06 3.926324e+02 3.920452e+04 1.545820e+07
<GCONST> 7.864352e+01
<MIXTURE> 6 1.015513e-01
<MEAN> 6
 7.443320e+01 1.140123e+02 -3.378414e+03 -4.852382e-01 -4.255380e+00 -9.772243e+01
<VARIANCE> 6
 3.129757e+01 2.404760e+05 1.999308e+07 2.593203e+02 1.595152e+04 1.545820e+07
<GCONST> 7.546110e+01
<MIXTURE> 7 1.047559e-01
<MEAN> 6
 6.031269e+01 3.728760e+02 1.204841e+03 -2.489654e+01 -7.930671e+02 1.221668e+03
<VARIANCE> 6
 9.522463e+02 3.553908e+06 8.353249e+06 5.863516e+04 5.192322e+05 2.344845e+08
<GCONST> 9.231990e+01
<MIXTURE> 8 1.126501e-01
<MEAN> 6
 -4.028149e+01 -3.588282e+02 -3.743842e+02 -4.804377e+00 8.571503e+02 6.739326e+01
<VARIANCE> 6
 2.558440e+02 5.855274e+06 2.537392e+06 2.648991e+04 2.962522e+05 1.605106e+08
<GCONST> 8.857869e+01
<MIXTURE> 9 7.428523e-02
<MEAN> 6
 7.929386e+01 3.081965e+03 -4.546534e+02 -2.554845e+00 -1.352544e+01 -1.380143e+02
<VARIANCE> 6
 1.616312e+02 4.706706e+07 9.672212e+05 2.593203e+02 1.595152e+04 1.545820e+07
<GCONST> 7.935087e+01
<MIXTURE> 10 1.173303e-01
<MEAN> 6
 1.903631e+01 5.020649e+02 -1.184948e+03 4.746151e+01 -3.513393e+01 -1.283532e+03
<VARIANCE> 6
 9.746671e+02 4.349868e+06 3.505959e+06 3.958543e+04 8.281005e+04 2.763630e+07
<GCONST> 8.731015e+01
<MIXTURE> 11 6.951247e-02
<MEAN> 6
 8.455390e+01 -2.308345e+02 1.300587e+02 -2.722843e+01 -6.165312e+02 -1.091398e+03
<VARIANCE> 6
 2.605337e+02 1.266602e+06 4.712898e+06 1.618526e+04 1.003886e+05 2.578620e+07
<GCONST> 8.428166e+01
<STATE> 3
<NUMMIXES> 11
<MIXTURE> 1 1.209853e-01
<MEAN> 6
 1.008833e+02 1.929795e+03 -2.911177e+03 -7.383747e+00 -7.847772e+00 1.333096e+02
<VARIANCE> 6
 4.897060e+01 7.865994e+04 4.644804e+04 2.593203e+02 1.595152e+04 1.545820e+07
<GCONST> 6.872649e+01
<MIXTURE> 2 6.580508e-02
<MEAN> 6
 8.340440e+01 -8.256736e+02 -9.097177e+03 -4.369062e+00 7.015974e+00 -7.171466e+01
<VARIANCE> 6
 3.129757e+01 1.230843e+04 5.403258e+06 2.593203e+02 1.595152e+04 1.545820e+07
<GCONST> 7.118038e+01
<MIXTURE> 3 1.896087e-02
<MEAN> 6
 9.334791e+01 -7.379968e+02 -1.602111e+03 -2.427568e+01 2.685038e+01 2.681364e+03
<VARIANCE> 6
 1.499214e+02 7.923583e+05 8.204254e+06 2.593203e+02 1.606604e+04 1.545820e+07
<GCONST> 7.733649e+01
<MIXTURE> 4 1.044987e-01
<MEAN> 6
 9.421096e+01 1.581965e+02 2.121443e+02 -1.921955e+01 4.764705e+01 -5.032537e+01
<VARIANCE> 6
 9.065711e+01 2.219991e+04 6.846439e+05 2.593203e+02 1.595152e+04 1.545820e+07
<GCONST> 7.076787e+01
<MIXTURE> 5 1.073549e-01
<MEAN> 6
 9.000507e+01 4.288668e+02 -2.796302e+03 -3.125151e+00 4.089821e+00 1.513127e+00
<VARIANCE> 6
 3.129757e+01 1.706629e+04 4.762489e+05 2.593203e+02 1.595152e+04 1.545820e+07
<GCONST> 6.907838e+01
<MIXTURE> 6 7.513700e-02
<MEAN> 6
 1.133620e+02 -1.287993e+03 -6.340021e+03 -9.911827e+00 1.499629e+01 1.429584e+02
<VARIANCE> 6
 3.129757e+01 2.278925e+04 1.230786e+04 2.593203e+02 1.595152e+04 1.545820e+07
<GCONST> 6.571187e+01
<MIXTURE> 7 7.725424e-02
<MEAN> 6
 7.696659e+01 2.696299e+02 -3.178565e+03 -3.611931e-01 1.765439e+00 6.324072e+00
<VARIANCE> 6
 3.129757e+01 1.920279e+04 7.196305e+04 2.593203e+02 1.595152e+04 1.545820e+07
<GCONST> 6.730655e+01
<MIXTURE> 8 1.200776e-01
<MEAN> 6
 1.010947e+02 -7.068039e+02 -7.021111e+03 -3.765049e+00 2.074615e+00 3.026986e+01
<VARIANCE> 6
 3.129757e+01 2.407007e+04 1.012846e+05 2.593203e+02 1.595152e+04 1.545820e+07
<GCONST> 6.787424e+01
<MIXTURE> 9 1.223942e-01
<MEAN> 6
 8.874743e+01 4.389376e+02 -3.145111e+03 -2.387763e+00 5.025300e+00 -1.023145e+01
<VARIANCE> 6
 3.129757e+01 1.967757e+04 4.896256e+05 2.593203e+02 1.595152e+04 1.545820e+07
<GCONST> 6.924846e+01
<MIXTURE> 10 1.208545e-01
<MEAN> 6
 9.398257e+01 -2.624136e-01 -1.972159e+03 -6.169201e+00 9.719622e+00 -1.172237e+02
<VARIANCE> 6
 3.129757e+01 5.393563e+04 1.032161e+05 2.593203e+02 1.595152e+04 1.545820e+07
<GCONST> 6.869995e+01
<MIXTURE> 11 6.666902e-02
<MEAN> 6
 8.176241e+01 -7.985134e+02 -1.025772e+04 -2.826679e+00 2.637356e+00 -2.929382e+01
<VARIANCE> 6
 3.129757e+01 1.230843e+04 3.547952e+06 2.593203e+02 1.595152e+04 1.545820e+07
<GCONST> 7.075975e+01
<STATE> 4
<NUMMIXES> 11
<MIXTURE> 1 1.148080e-01
<MEAN> 6
 7.663703e+01 4.104113e+02 -8.245937e+02 -3.489381e-03 -1.759657e+00 -6.471004e+01
<VARIANCE> 6
 3.129757e+01 1.230843e+04 1.230786e+04 2.593203e+02 1.595152e+04 1.545820e+07
<GCONST> 6.509586e+01
<MIXTURE> 2 7.254287e-02
<MEAN> 6
 7.633801e+01 -7.449928e+01 -2.291019e+03 2.437367e-02 1.005566e+00 -3.762314e+01
<VARIANCE> 6
 3.129757e+01 1.230843e+04 1.071065e+05 2.593203e+02 1.595152e+04 1.545820e+07
<GCONST> 6.725945e+01
<MIXTURE> 3 9.258930e-02
<MEAN> 6
 7.879900e+01 2.356790e+02 -1.414834e+02 -4.229879e-01 2.683079e+00 -9.594722e+01
<VARIANCE> 6
 3.129757e+01 1.230843e+04 1.230786e+04 2.593203e+02 1.595152e+04 1.545820e+07
<GCONST> 6.509586e+01
<MIXTURE> 4 1.040999e-01
<MEAN> 6
 7.243497e+01 3.882220e+01 -4.862218e+02 -8.997690e-01 -1.664848e+00 -1.503731e+02
<VARIANCE> 6
 3.129757e+01 3.416130e+04 1.247776e+04 2.593203e+02 1.595152e+04 1.545820e+07
<GCONST> 6.613038e+01
<MIXTURE> 5 1.051173e-01
<MEAN> 6
 7.544723e+01 -2.149512e+02 1.986367e+02 -1.074572e+00 -2.208471e+00 5.260410e+01
<VARIANCE> 6
 3.129757e+01 4.164628e+04 1.230786e+04 2.593203e+02 1.595152e+04 1.545820e+07
<GCONST> 6.631479e+01
<MIXTURE> 6 8.031935e-02
<MEAN> 6
 7.396397e+01 8.730319e+01 -6.654784e+02 -7.399983e-01 -3.264461e-01 -6.986732e+01
<VARIANCE> 6
 3.129757e+01 1.230843e+04 1.230786e+04 2.593203e+02 1.595152e+04 1.545820e+07
<GCONST> 6.509586e+01
<MIXTURE> 7 1.573811e-02
<MEAN> 6
 7.849310e+01 -1.529288e+03 4.395612e+02 -6.579585e-01 -4.971743e+01 6.177361e+02
<VARIANCE> 6
 3.129757e+01 6.799377e+05 1.449931e+05 2.593203e+02 1.595152e+04 1.545820e+07
<GCONST> 7.157402e+01
<MIXTURE> 8 1.249605e-01
<MEAN> 6
 7.677061e+01 -3.469419e+02 -1.154642e+02 -1.144388e+00 -9.781587e+00 2.776789e+01
<VARIANCE> 6
 3.129757e+01 1.230843e+04 1.230786e+04 2.593203e+02 1.595152e+04 1.545820e+07
<GCONST> 6.509586e+01
<MIXTURE> 9 1.016983e-01
<MEAN> 6
 7.231527e+01 4.835608e+01 -5.022853e+02 -9.782806e-01 -2.196882e+00 -1.375217e+02
<VARIANCE> 6
 3.129757e+01 3.407073e+04 1.230786e+04 2.593203e+02 1.595152e+04 1.545820e+07
<GCONST> 6.611401e+01
<MIXTURE> 10 1.081848e-01
<MEAN> 6
 7.536679e+01 -2.913820e+02 2.030790e+02 -6.475254e-01 -4.142003e+00 1.205982e+01
<VARIANCE> 6
 3.129757e+01 2.757389e+04 1.230786e+04 2.593203e+02 1.595152e+04 1.545820e+07
<GCONST> 6.590244e+01
<MIXTURE> 11 7.991635e-02
<MEAN> 6
 7.427259e+01 6.019031e+01 -6.787640e+02 -7.007301e-01 -9.941914e-01 -8.585577e+01
<VARIANCE> 6
 3.129757e+01 1.230843e+04 1.230786e+04 2.593203e+02 1.595152e+04 1.545820e+07
<GCONST> 6.509586e+01
<STATE> 5
<NUMMIXES> 11
<MIXTURE> 1 8.691717e-02
<MEAN> 6
 7.223914e+01 1.510317e+03 -1.997440e+03 7.054469e-02 -1.706443e+00 -1.890822e+02
<VARIANCE> 6
 3.129757e+01 1.230843e+04 1.230786e+04 2.593203e+02 1.595152e+04 1.545820e+07
<GCONST> 6.509586e+01
<MIXTURE> 2 2.291080e-02
<MEAN> 6
 7.061398e+01 -2.144083e+02 -5.992332e+02 -2.887607e+00 -3.161322e+01 -5.690247e+02
<VARIANCE> 6
 1.437738e+02 2.161643e+06 3.959652e+06 2.593203e+02 2.856689e+04 1.709552e+07
<GCONST> 7.824594e+01
<MIXTURE> 3 1.549771e-01
<MEAN> 6
 7.210774e+01 1.535864e+03 -2.733837e+03 2.149717e-01 -1.015318e-01 -3.342060e+00
<VARIANCE> 6
 3.129757e+01 1.230843e+04 1.674857e+04 2.593203e+02 1.595152e+04 1.545820e+07
<GCONST> 6.540393e+01
<MIXTURE> 4 1.701021e-01
<MEAN> 6
 7.221386e+01 1.493133e+03 -2.317810e+03 5.205932e-02 -2.288277e-02 -4.417530e+00
<VARIANCE> 6
 3.129757e+01 1.230843e+04 2.626613e+04 2.593203e+02 1.595152e+04 1.545820e+07
<GCONST> 6.585390e+01
<MIXTURE> 5 7.375783e-02
<MEAN> 6
 7.202428e+01 1.596228e+03 -2.991179e+03 -4.955610e-02 4.407883e-01 1.294658e+01
<VARIANCE> 6
 3.129757e+01 1.230843e+04 1.230786e+04 2.593203e+02 1.595152e+04 1.545820e+07
<GCONST> 6.509586e+01
<MIXTURE> 6 8.138271e-02
<MEAN> 6
 7.223923e+01 1.510693e+03 -1.994472e+03 7.398930e-02 -1.802317e+00 -1.991491e+02
<VARIANCE> 6
 3.129757e+01 1.230843e+04 1.230786e+04 2.593203e+02 1.595152e+04 1.545820e+07
<GCONST> 6.509586e+01
<MIXTURE> 7 7.853156e-02
<MEAN> 6
 7.221070e+01 1.494006e+03 -2.345069e+03 5.528321e-02 -3.241163e-02 -3.199702e+00
<VARIANCE> 6
 3.129757e+01 1.230843e+04 2.737879e+04 2.593203e+02 1.595152e+04 1.545820e+07
<GCONST> 6.589539e+01
<MIXTURE> 8 8.366688e-02
<MEAN> 6
 7.203814e+01 1.644634e+03 -3.150411e+03 2.388807e-01 -5.114627e+00 3.739180e+01
<VARIANCE> 6
 3.129757e+01 1.230843e+04 1.230786e+04 2.593203e+02 1.595152e+04 1.545820e+07
<GCONST> 6.509586e+01
<MIXTURE> 9 8.720660e-02
<MEAN> 6
 7.223901e+01 1.509676e+03 -2.002601e+03 6.499393e-02 -1.557240e+00 -1.730205e+02
<VARIANCE> 6
 3.129757e+01 1.230843e+04 1.230786e+04 2.593203e+02 1.595152e+04 1.545820e+07
<GCONST> 6.509586e+01
<MIXTURE> 10 8.155263e-02
<MEAN> 6
 7.223893e+01 1.508990e+03 -2.008292e+03 5.949065e-02 -1.414064e+00 -1.571201e+02
<VARIANCE> 6
 3.129757e+01 1.230843e+04 1.230786e+04 2.593203e+02 1.595152e+04 1.545820e+07
<GCONST> 6.509586e+01
<MIXTURE> 11 7.898572e-02
<MEAN> 6
 7.220306e+01 1.493825e+03 -2.407719e+03 6.535046e-02 -5.776981e-02 -1.016389e+00
<VARIANCE> 6
 3.129757e+01 1.230843e+04 2.580078e+04 2.593203e+02 1.595152e+04 1.545820e+07
<GCONST> 6.583603e+01
<STATE> 6
<NUMMIXES> 11
<MIXTURE> 1 3.489397e-02
<MEAN> 6
 7.251362e+01 1.359079e+02 1.721815e+03 2.881131e-01 5.521646e+00 2.680024e+01
<VARIANCE> 6
 3.129757e+01 1.316904e+05 1.163818e+06 2.593203e+02 1.595152e+04 1.545820e+07
<GCONST> 7.201525e+01
<MIXTURE> 2 1.070567e-01
<MEAN> 6
 7.724313e+01 5.330244e+02 7.750695e+02 1.008602e+00 3.699556e+00 1.063290e+01
<VARIANCE> 6
 3.129757e+01 2.509260e+04 1.399131e+04 2.593203e+02 1.595152e+04 1.545820e+07
<GCONST> 6.593635e+01
<MIXTURE> 3 9.172361e-02
<MEAN> 6
 7.395995e+01 7.957385e+02 3.064274e+02 -5.751256e-01 -2.042180e+00 -7.039250e+01
<VARIANCE> 6
 3.129757e+01 4.459854e+04 1.230786e+04 2.593203e+02 1.595152e+04 1.545820e+07
<GCONST> 6.638328e+01
<MIXTURE> 4 1.133899e-01
<MEAN> 6
 6.868974e+01 1.179610e+03 7.587584e+01 -1.021879e+00 -1.948669e+00 -1.339119e+02
<VARIANCE> 6
 3.129757e+01 1.230843e+04 1.230786e+04 2.593203e+02 1.595152e+04 1.545820e+07
<GCONST> 6.509586e+01
<MIXTURE> 5 6.134191e-02
<MEAN> 6
 7.956033e+01 3.443135e+02 4.617701e+02 1.508790e-01 6.795132e-01 2.087989e+01
<VARIANCE> 6
 3.129757e+01 1.230843e+04 1.245379e+04 2.593203e+02 1.595152e+04 1.545820e+07
<GCONST> 6.510765e+01
<MIXTURE> 6 1.067564e-01
<MEAN> 6
 7.213325e+01 4.005130e+02 1.248878e+02 -2.040241e-01 -2.288379e+00 -8.787057e+01
<VARIANCE> 6
 3.129757e+01 1.230843e+04 1.230786e+04 2.593203e+02 1.595152e+04 1.545820e+07
<GCONST> 6.509586e+01
<MIXTURE> 7 1.171333e-01
<MEAN> 6
 7.285779e+01 6.259207e+02 3.517450e+02 -6.068233e-01 -2.083249e+00 -1.230962e+01
<VARIANCE> 6
 3.129757e+01 1.230843e+04 1.230786e+04 2.593203e+02 1.595152e+04 1.545820e+07
<GCONST> 6.509586e+01
<MIXTURE> 8 9.815503e-02
<MEAN> 6
 7.113306e+01 9.908575e+02 7.004797e+01 -3.826581e-01 -1.517034e+00 -3.061889e+01
<VARIANCE> 6
 3.129757e+01 1.446786e+04 1.230786e+04 2.593203e+02 1.595152e+04 1.545820e+07
<GCONST> 6.525751e+01
<MIXTURE> 9 9.266366e-02
<MEAN> 6
 7.224614e+01 3.935863e+02 7.713704e+01 -3.362825e-01 -2.210582e+00 -6.948698e+01
<VARIANCE> 6
 3.129757e+01 1.230843e+04 1.504146e+04 2.593203e+02 1.595152e+04 1.545820e+07
<GCONST> 6.529643e+01
<MIXTURE> 10 1.159560e-01
<MEAN> 6
 7.282686e+01 6.146487e+02 3.409398e+02 -5.826229e-01 -2.119746e+00 -1.502457e+01
<VARIANCE> 6
 3.129757e+01 1.230843e+04 1.230786e+04 2.593203e+02 1.595152e+04 1.545820e+07
<GCONST> 6.509586e+01
<MIXTURE> 11 6.090354e-02
<MEAN> 6
 7.940714e+01 3.101098e+02 4.036902e+02 -5.663194e-02 -3.475442e+00 3.238880e+01
<VARIANCE> 6
 3.129757e+01 1.230843e+04 1.230786e+04 2.593203e+02 1.595152e+04 1.545820e+07
<GCONST> 6.509586e+01
<STATE> 7
<NUMMIXES> 11
<MIXTURE> 1 9.571369e-02
<MEAN> 6
 6.739901e+01 -6.773163e+02 2.056048e+03 -1.341261e+00 -1.839913e+00 -1.230600e+02
<VARIANCE> 6
 3.129757e+01 1.230843e+04 1.230786e+04 2.593203e+02 1.595152e+04 1.545820e+07
<GCONST> 6.509586e+01
<MIXTURE> 2 1.497302e-01
<MEAN> 6
 7.546512e+01 -4.923189e+02 1.361888e+03 -4.480229e+00 -1.123931e+00 8.593847e+00
<VARIANCE> 6
 3.129757e+01 1.230843e+04 4.501915e+04 2.593203e+02 1.595152e+04 1.545820e+07
<GCONST> 6.639271e+01
<MIXTURE> 3 4.118818e-03
<MEAN> 6
 6.964552e+01 -1.534967e+02 -7.825635e+02 -3.417315e+00 -7.606399e+01 -1.854092e+03
<VARIANCE> 6
 1.445176e+02 2.492631e+06 4.212116e+06 2.593203e+02 3.162436e+04 2.084030e+07
<GCONST> 7.875513e+01
<MIXTURE> 4 1.233466e-01
<MEAN> 6
 7.299811e+01 -3.924753e+02 9.321752e+02 1.392281e-01 -2.649816e+00 -4.734780e+01
<VARIANCE> 6
 3.129757e+01 1.230843e+04 1.340520e+04 2.593203e+02 1.595152e+04 1.545820e+07
<GCONST> 6.518127e+01
<MIXTURE> 5 8.049031e-02
<MEAN> 6
 6.071960e+01 -5.689432e+01 1.625619e+03 -1.492792e+00 -2.830421e+00 -1.021923e+02
<VARIANCE> 6
 3.129757e+01 1.230843e+04 1.230786e+04 2.593203e+02 1.595152e+04 1.545820e+07
<GCONST> 6.509586e+01
<MIXTURE> 6 9.984364e-02
<MEAN> 6
 7.217273e+01 -2.528185e+02 6.503130e+02 -3.892728e-01 2.160426e+00 3.733711e+01
<VARIANCE> 6
 3.129757e+01 1.905141e+04 1.230786e+04 2.593203e+02 1.595152e+04 1.545820e+07
<GCONST> 6.553271e+01
<MIXTURE> 7 3.460284e-02
<MEAN> 6
 8.230299e+01 -7.003976e+02 8.608810e+02 -1.643859e+01 5.079068e+01 -5.679192e+02
<VARIANCE> 6
 3.129757e+01 1.230843e+04 1.230786e+04 2.593203e+02 1.595152e+04 1.545820e+07
<GCONST> 6.509586e+01
<MIXTURE> 8 9.585255e-02
<MEAN> 6
 7.053162e+01 -6.236836e+02 1.871739e+03 -2.760961e+00 6.305960e-01 -4.533754e+01
<VARIANCE> 6
 3.129757e+01 1.230843e+04 1.230786e+04 2.593203e+02 1.595152e+04 1.545820e+07
<GCONST> 6.509586e+01
<MIXTURE> 9 1.085322e-01
<MEAN> 6
 7.671684e+01 -3.589788e+02 5.408858e+02 -2.306520e-01 9.004978e-01 -2.194431e+01
<VARIANCE> 6
 3.129757e+01 1.230843e+04 1.940714e+04 2.593203e+02 1.595152e+04 1.545820e+07
<GCONST> 6.555126e+01
<MIXTURE> 10 1.277122e-01
<MEAN> 6
 7.314526e+01 -3.846183e+02 8.960845e+02 2.726183e-01 -4.024255e+00 -4.443740e+01
<VARIANCE> 6
 3.129757e+01 1.230843e+04 1.271385e+04 2.593203e+02 1.595152e+04 1.545820e+07
<GCONST> 6.512831e+01
<MIXTURE> 11 8.003364e-02
<MEAN> 6
 6.187729e+01 -1.241214e+02 1.592133e+03 -2.446458e+00 -3.799174e-01 -4.823021e+01
<VARIANCE> 6
 3.129757e+01 1.355462e+04 1.230786e+04 2.593203e+02 1.595152e+04 1.545820e+07
<GCONST> 6.519231e+01
<STATE> 8
<NUMMIXES> 11
<MIXTURE> 1 1.232066e-01
<MEAN> 6
 6.000691e+01 7.048218e+02 -2.547505e+03 2.779609e+00 -1.245312e+01 -2.598290e+02
<VARIANCE> 6
 3.129757e+01 1.230843e+04 2.565818e+04 2.593203e+02 1.595152e+04 1.545820e+07
<GCONST> 6.583048e+01
<MIXTURE> 2 1.431469e-01
<MEAN> 6
 5.498370e+01 1.323075e+02 -2.753051e+03 4.264033e-02 5.998461e-01 -5.065868e-01
<VARIANCE> 6
 3.129757e+01 1.230843e+04 2.135883e+05 2.593203e+02 1.595152e+04 1.545820e+07
<GCONST> 6.794967e+01
<MIXTURE> 3 1.283766e-01
<MEAN> 6
 5.723978e+01 6.563116e+02 -3.708928e+03 2.020576e+00 9.559505e+00 6.194595e+00
<VARIANCE> 6
 3.129757e+01 1.230843e+04 1.531867e+05 2.593203e+02 1.595152e+04 1.545820e+07
<GCONST> 6.761728e+01
<MIXTURE> 4 1.985432e-02
<MEAN> 6
 7.064625e+01 -5.414415e+02 -3.129229e+01 -2.025797e+01 1.682054e+02 6.911568e+02
<VARIANCE> 6
 4.615408e+01 8.358282e+05 2.130232e+05 6.878434e+02 2.985812e+05 2.107589e+08
<GCONST> 7.907117e+01
<MIXTURE> 5 1.020665e-01
<MEAN> 6
 5.631127e+01 5.198707e+02 -5.412746e+03 7.013245e-01 -7.188616e-01 2.563988e+01
<VARIANCE> 6
 3.129757e+01 1.230843e+04 1.626170e+05 2.593203e+02 1.595152e+04 1.545820e+07
<GCONST> 6.767702e+01
<MIXTURE> 6 7.558120e-02
<MEAN> 6
 5.499772e+01 9.155309e+01 -4.127239e+03 3.505871e-02 2.159052e+00 -2.972608e+01
<VARIANCE> 6
 3.129757e+01 1.230843e+04 4.576048e+05 2.593203e+02 1.595152e+04 1.545820e+07
<GCONST> 6.871162e+01
<MIXTURE> 7 1.434624e-01
<MEAN> 6
 5.937019e+01 7.057272e+02 -3.035825e+03 3.500861e+00 -1.131404e+01 -6.344030e+00
<VARIANCE> 6
 3.129757e+01 1.230843e+04 6.721142e+04 2.593203e+02 1.595152e+04 1.545820e+07
<GCONST> 6.679346e+01
<MIXTURE> 8 7.254674e-02
<MEAN> 6
 5.643036e+01 6.453110e+02 -4.201109e+03 1.024582e+00 5.177397e+00 2.686621e+01
<VARIANCE> 6
 3.129757e+01 1.230843e+04 2.287772e+05 2.593203e+02 1.595152e+04 1.545820e+07
<GCONST> 6.801837e+01
<MIXTURE> 9 3.857242e-02
<MEAN> 6
 4.925019e+01 7.509688e+02 -5.965173e+03 7.244224e+00 -1.195887e+01 -7.744084e+00
<VARIANCE> 6
 3.129757e+01 1.230843e+04 2.762520e+05 2.593203e+02 1.595152e+04 1.545820e+07
<GCONST> 6.820693e+01
<MIXTURE> 10 7.671022e-02
<MEAN> 6
 5.492893e+01 8.368930e+01 -4.571571e+03 3.043805e-02 4.269120e+00 -6.167530e+01
<VARIANCE> 6
 3.129757e+01 1.230843e+04 1.687101e+05 2.593203e+02 1.595152e+04 1.545820e+07
<GCONST> 6.771381e+01
<MIXTURE> 11 7.646415e-02
<MEAN> 6
 5.610809e+01 6.370666e+02 -4.447225e+03 6.188006e-01 2.459437e+00 2.411770e+01
<VARIANCE> 6
 3.129757e+01 1.230843e+04 1.985658e+05 2.593203e+02 1.595152e+04 1.545820e+07
<GCONST> 6.787674e+01
<STATE> 9
<NUMMIXES> 11
<MIXTURE> 1 1.430086e-01
<MEAN> 6
 6.406512e+01 -1.160817e+02 -1.506168e+03 9.565635e-01 7.222626e+00 -7.335485e+01
<VARIANCE> 6
 3.129757e+01 2.075842e+04 2.240631e+04 2.593203e+02 1.595152e+04 1.545820e+07
<GCONST> 6.621763e+01
<MIXTURE> 2 8.677334e-02
<MEAN> 6
 6.094834e+01 -4.416090e+02 1.017091e+01 -5.176676e-01 3.426020e+00 -9.640451e+01
<VARIANCE> 6
 3.129757e+01 1.572021e+04 1.743218e+04 2.593203e+02 1.595152e+04 1.545820e+07
<GCONST> 6.568861e+01
<MIXTURE> 3 1.174589e-01
<MEAN> 6
 6.044183e+01 2.793868e+02 -1.890460e+03 -1.525909e-01 -6.557931e+00 -1.334889e+02
<VARIANCE> 6
 3.129757e+01 1.230843e+04 1.387021e+04 2.593203e+02 1.595152e+04 1.545820e+07
<GCONST> 6.521536e+01
<MIXTURE> 4 1.431867e-01
<MEAN> 6
 6.536359e+01 -7.636346e+02 -2.874799e+02 1.147261e+00 -5.769303e+00 -2.769370e+01
<VARIANCE> 6
 3.129757e+01 1.230843e+04 3.215261e+04 2.593203e+02 1.595152e+04 1.545820e+07
<GCONST> 6.605611e+01
<MIXTURE> 5 8.329624e-02
<MEAN> 6
 6.172905e+01 -3.046473e+02 -3.836721e+02 3.674853e-01 4.142701e+00 4.724408e+01
<VARIANCE> 6
 3.129757e+01 1.230843e+04 1.230786e+04 2.593203e+02 1.595152e+04 1.545820e+07
<GCONST> 6.509586e+01
<MIXTURE> 6 1.349950e-03
<MEAN> 6
 7.216879e+01 -9.766058e+01 -6.794523e+02 -4.380714e+00 -7.169658e+01 -2.950779e+03
<VARIANCE> 6
 1.600089e+02 3.230957e+06 4.502464e+06 2.593203e+02 7.220252e+04 4.075470e+07
<GCONST> 8.067929e+01
<MIXTURE> 7 7.401495e-02
<MEAN> 6
 6.816989e+01 -6.077967e+02 -7.685346e+02 -4.781548e-01 9.267913e-01 -1.554655e+01
<VARIANCE> 6
 3.129757e+01 1.230843e+04 2.679382e+04 2.593203e+02 1.595152e+04 1.545820e+07
<GCONST> 6.587379e+01
<MIXTURE> 8 1.053065e-01
<MEAN> 6
 6.087355e+01 -7.835267e+02 5.593615e+01 -3.619731e-01 -4.926014e-01 5.679383e+01
<VARIANCE> 6
 3.129757e+01 7.316010e+04 1.230786e+04 2.593203e+02 1.595152e+04 1.545820e+07
<GCONST> 6.687823e+01
<MIXTURE> 9 7.728391e-02
<MEAN> 6
 5.672233e+01 -3.050151e+02 -5.666494e+02 -3.427595e-01 3.705278e+00 1.866001e+00
<VARIANCE> 6
 3.129757e+01 1.230843e+04 4.673051e+04 2.593203e+02 1.595152e+04 1.545820e+07
<GCONST> 6.643002e+01
<MIXTURE> 10 8.585145e-02
<MEAN> 6
 6.130949e+01 -4.753776e+02 -7.821998e+01 1.968103e-01 6.246622e+00 -1.383562e+02
<VARIANCE> 6
 3.129757e+01 1.567813e+04 2.745755e+04 2.593203e+02 1.595152e+04 1.545820e+07
<GCONST> 6.614024e+01
<MIXTURE> 11 8.244559e-02
<MEAN> 6
 6.028313e+01 -3.282697e+02 -3.964594e+02 2.457485e-01 -3.605122e+00 -1.300294e+01
<VARIANCE> 6
 3.129757e+01 1.230843e+04 1.230786e+04 2.593203e+02 1.595152e+04 1.545820e+07
<GCONST> 6.509586e+01
<STATE> 10
<NUMMIXES> 11
<MIXTURE> 1 1.270976e-01
<MEAN> 6
 5.777428e+01 2.700545e+03 -2.406005e+02 3.702522e-01 -1.558703e+00 -9.892297e+01
<VARIANCE> 6
 3.129757e+01 1.230843e+04 1.230786e+04 2.593203e+02 1.595152e+04 1.545820e+07
<GCONST> 6.509586e+01
<MIXTURE> 2 8.374825e-02
<MEAN> 6
 7.322083e+01 1.156005e+03 -7.400352e+02 -5.676376e-01 -4.743725e+00 1.861323e+01
<VARIANCE> 6
 3.129757e+01 7.167978e+04 1.230786e+04 2.593203e+02 1.595152e+04 1.545820e+07
<GCONST> 6.685779e+01
<MIXTURE> 3 7.071743e-02
<MEAN> 6
 7.144572e+01 7.681857e+02 -8.250430e+02 -1.045943e+00 -1.745726e+01 -1.264591e+02
<VARIANCE> 6
 3.129757e+01 1.366725e+04 2.981187e+05 2.593203e+02 1.595152e+04 1.545820e+07
<GCONST> 6.838783e+01
<MIXTURE> 4 9.935781e-02
<MEAN> 6
 5.818104e+01 1.810383e+03 -1.149400e+03 3.501648e-01 -1.036493e-02 -8.012413e+00
<VARIANCE> 6
 3.129757e+01 2.853771e+04 1.430337e+05 2.593203e+02 1.595152e+04 1.545820e+07
<GCONST> 6.838965e+01
<MIXTURE> 5 7.624188e-02
<MEAN> 6
 6.240454e+01 1.820592e+03 -2.014628e+02 4.359637e-01 5.480760e-01 -5.146969e+01
<VARIANCE> 6
 3.129757e+01 1.230843e+04 1.347931e+04 2.593203e+02 1.595152e+04 1.545820e+07
<GCONST> 6.518678e+01
<MIXTURE> 6 7.807469e-02
<MEAN> 6
 6.679545e+01 8.209772e+02 -1.199854e+03 8.739788e-01 7.137817e-01 -9.175598e+01
<VARIANCE> 6
 3.129757e+01 1.230843e+04 1.273245e+04 2.593203e+02 1.595152e+04 1.545820e+07
<GCONST> 6.512978e+01
<MIXTURE> 7 8.961181e-02
<MEAN> 6
 5.910715e+01 2.537756e+03 -2.734883e+02 5.919784e-01 -1.549776e+00 -5.124200e+01
<VARIANCE> 6
 3.129757e+01 1.230843e+04 1.230786e+04 2.593203e+02 1.595152e+04 1.545820e+07
<GCONST> 6.509586e+01
<MIXTURE> 8 1.027250e-01
<MEAN> 6
 6.719275e+01 7.559981e+02 -5.657694e+02 9.956354e-01 -3.031576e+00 -7.930412e+01
<VARIANCE> 6
 4.524899e+01 1.832380e+05 3.784171e+04 2.593203e+02 1.595152e+04 1.545820e+07
<GCONST> 6.928818e+01
<MIXTURE> 9 1.079294e-01
<MEAN> 6
 5.922194e+01 1.831203e+03 -3.698761e+02 4.630827e-01 -3.289677e-01 -1.169241e+02
<VARIANCE> 6
 3.129757e+01 1.230843e+04 1.230786e+04 2.593203e+02 1.595152e+04 1.545820e+07
<GCONST> 6.509586e+01
<MIXTURE> 10 7.878523e-02
<MEAN> 6
 6.663937e+01 8.151512e+02 -1.233127e+03 6.576088e-01 -1.955379e+00 -1.101922e+02
<VARIANCE> 6
 3.129757e+01 1.230843e+04 1.230786e+04 2.593203e+02 1.595152e+04 1.545820e+07
<GCONST> 6.509586e+01
<MIXTURE> 11 8.570682e-02
<MEAN> 6
 7.229205e+01 1.054908e+03 -7.423786e+02 -6.628430e-01 -1.490769e+01 -1.047355e+02
<VARIANCE> 6
 3.129757e+01 9.951417e+04 1.230786e+04 2.593203e+02 1.595152e+04 1.545820e+07
<GCONST> 6.718587e+01
<STATE> 11
<NUMMIXES> 11
<MIXTURE> 1 1.136217e-01
<MEAN> 6
 7.215333e+01 7.247998e+02 1.152714e+03 -1.367566e-01 -1.355565e+00 -1.494637e+02
<VARIANCE> 6
 3.129757e+01 1.230843e+04 4.309493e+04 2.593203e+02 1.595152e+04 1.545820e+07
<GCONST> 6.634903e+01
<MIXTURE> 2 1.301839e-01
<MEAN> 6
 9.463906e+01 -6.120725e+03 -4.382967e+02 -4.931925e+00 -1.623961e+01 -2.588648e+02
<VARIANCE> 6
 3.129757e+01 1.623653e+06 5.571525e+04 2.593203e+02 1.595152e+04 1.545820e+07
<GCONST> 7.148802e+01
<MIXTURE> 3 1.041336e-01
<MEAN> 6
 9.267941e+01 -7.501632e+02 4.419604e+02 -2.751451e+00 -5.752544e-01 -2.594447e+01
<VARIANCE> 6
 3.129757e+01 4.550534e+04 1.230786e+04 2.593203e+02 1.595152e+04 1.545820e+07
<GCONST> 6.640340e+01
<MIXTURE> 4 6.514384e-02
<MEAN> 6
 9.084757e+01 -2.379970e+03 1.267741e+02 -2.065280e+00 4.537709e+00 -8.285492e+00
<VARIANCE> 6
 3.129757e+01 3.086699e+05 1.230786e+04 2.593203e+02 1.595152e+04 1.545820e+07
<GCONST> 6.831785e+01
<MIXTURE> 5 1.096035e-01
<MEAN> 6
 8.718374e+01 -1.626412e+03 5.177322e+02 8.045594e-01 -1.520715e+00 -6.953866e+01
<VARIANCE> 6
 3.129757e+01 1.230843e+04 1.230786e+04 2.593203e+02 1.595152e+04 1.545820e+07
<GCONST> 6.509586e+01
<MIXTURE> 6 6.470156e-02
<MEAN> 6
 8.871889e+01 -4.997075e+03 -2.118984e+03 -7.514424e+00 2.193364e+01 7.903965e+01
<VARIANCE> 6
 3.129757e+01 9.345100e+06 3.246187e+04 2.593203e+02 1.595152e+04 1.545820e+07
<GCONST> 7.269801e+01
<MIXTURE> 7 1.192408e-01
<MEAN> 6
 8.363822e+01 -5.729467e-01 1.137542e+03 -2.110111e-01 -2.508981e+00 -1.403717e+02
<VARIANCE> 6
 3.129757e+01 1.310639e+04 6.557973e+05 2.593203e+02 1.595152e+04 1.545820e+07
<GCONST> 6.913428e+01
<MIXTURE> 8 5.321214e-02
<MEAN> 6
 8.267229e+01 -4.085262e+03 -5.189619e+02 -1.006996e+00 2.643762e+01 -3.096457e+02
<VARIANCE> 6
 3.155707e+01 2.358810e+06 1.441895e+04 2.593203e+02 1.595152e+04 1.545820e+07
<GCONST> 7.051805e+01
<MIXTURE> 9 8.378471e-02
<MEAN> 6
 7.416577e+01 2.970939e+02 1.251626e+03 -1.106028e+00 -1.023484e+01 -8.272022e+01
<VARIANCE> 6
 3.129757e+01 5.234603e+04 3.210604e+04 2.593203e+02 1.595152e+04 1.545820e+07
<GCONST> 6.750226e+01
<MIXTURE> 10 8.894553e-02
<MEAN> 6
 8.891522e+01 -1.628202e+03 3.553586e+02 5.926821e-01 -3.390256e+00 -1.759283e+02
<VARIANCE> 6
 3.129757e+01 1.230843e+04 2.608628e+04 2.593203e+02 1.595152e+04 1.545820e+07
<GCONST> 6.584703e+01
<MIXTURE> 11 6.742023e-02
<MEAN> 6
 9.074982e+01 -3.068765e+03 2.997948e+01 -5.434316e+00 1.911677e+00 -1.696946e+01
<VARIANCE> 6
 3.129757e+01 4.234256e+05 1.545960e+04 2.593203e+02 1.595152e+04 1.545820e+07
<GCONST> 6.886195e+01
<STATE> 12
<NUMMIXES> 11
<MIXTURE> 1 5.477185e-02
<MEAN> 6
 7.660082e+01 -7.663455e+02 4.383563e+02 -3.403034e-01 -1.291294e+01 8.409258e+01
<VARIANCE> 6
 3.129757e+01 1.230843e+04 1.230786e+04 2.593203e+02 1.595152e+04 1.545820e+07
<GCONST> 6.509586e+01
<MIXTURE> 2 9.387389e-02
<MEAN> 6
 6.776319e+01 -1.221729e+03 1.021543e+02 1.079811e+00 5.591321e+00 -1.483499e+02
<VARIANCE> 6
 3.129757e+01 1.702694e+05 3.848073e+04 2.593203e+02 1.595152e+04 1.545820e+07
<GCONST> 6.886288e+01
<MIXTURE> 3 1.102368e-01
<MEAN> 6
 8.329771e+01 -7.769742e+02 1.317612e+02 -1.106185e-01 -1.948110e+00 -7.627243e+01
<VARIANCE> 6
 3.129757e+01 1.230843e+04 1.230786e+04 2.593203e+02 1.595152e+04 1.545820e+07
<GCONST> 6.509586e+01
<MIXTURE> 4 1.183035e-01
<MEAN> 6
 6.593773e+01 -2.093443e+03 -4.252325e+02 -1.907869e-02 -2.838336e-02 -6.704410e+01
<VARIANCE> 6
 3.129757e+01 7.762913e+04 1.230786e+04 2.593203e+02 1.595152e+04 1.545820e+07
<GCONST> 6.693752e+01
<MIXTURE> 5 1.160828e-01
<MEAN> 6
 7.960509e+01 -6.193977e+02 -4.176844e+01 1.577051e+00 -1.009692e+01 -2.706374e+02
<VARIANCE> 6
 3.129757e+01 1.230843e+04 1.230786e+04 2.593203e+02 1.595152e+04 1.545820e+07
<GCONST> 6.509586e+01
<MIXTURE> 6 1.955383e-02
<MEAN> 6
 7.867209e+01 -8.174483e+02 4.025896e+02 -6.344309e-01 -1.528778e+01 8.863883e+00
<VARIANCE> 6
 3.129757e+01 1.230843e+04 1.230786e+04 2.593203e+02 1.595152e+04 1.545820e+07
<GCONST> 6.509586e+01
<MIXTURE> 7 9.558436e-02
<MEAN> 6
 8.295618e+01 -7.999402e+02 1.494242e+02 -1.036889e-01 -8.234915e-01 -8.439922e+01
<VARIANCE> 6
 3.129757e+01 1.230843e+04 1.230786e+04 2.593203e+02 1.595152e+04 1.545820e+07
<GCONST> 6.509586e+01
<MIXTURE> 8 1.019906e-01
<MEAN> 6
 6.787448e+01 -2.430022e+03 6.103372e+01 -6.721561e-02 -4.369550e+00 -3.551175e+01
<VARIANCE> 6
 3.129757e+01 3.994638e+04 3.437733e+05 2.593203e+02 1.595152e+04 1.545820e+07
<GCONST> 6.960286e+01
<MIXTURE> 9 1.091829e-01
<MEAN> 6
 8.322552e+01 -7.817371e+02 1.340666e+02 -1.082851e-01 -1.697821e+00 -7.712725e+01
<VARIANCE> 6
 3.129757e+01 1.230843e+04 1.230786e+04 2.593203e+02 1.595152e+04 1.545820e+07
<GCONST> 6.509586e+01
<MIXTURE> 10 9.398209e-02
<MEAN> 6
 8.213577e+01 -8.740679e+02 1.392086e+02 -7.172291e-02 2.471221e-01 -7.154195e+01
<VARIANCE> 6
 3.129757e+01 1.473881e+04 1.230786e+04 2.593203e+02 1.595152e+04 1.545820e+07
<GCONST> 6.527606e+01
<MIXTURE> 11 8.644519e-02
<MEAN> 6
 6.733800e+01 -1.359965e+03 2.354993e+01 1.977240e-01 -2.035642e+00 -1.789509e+02
<VARIANCE> 6
 3.129757e+01 2.534951e+05 8.682105e+04 2.593203e+02 1.595152e+04 1.545820e+07
<GCONST> 7.007453e+01
<STATE> 13
<NUMMIXES> 11
<MIXTURE> 1 7.144404e-02
<MEAN> 6
 5.734373e+01 5.902780e+02 5.907197e+01 6.696174e-01 6.513826e+00 -5.154420e+01
<VARIANCE> 6
 3.129757e+01 4.139753e+04 1.230786e+04 2.593203e+02 1.595152e+04 1.545820e+07
<GCONST> 6.630880e+01
<MIXTURE> 2 1.105575e-01
<MEAN> 6
 6.620853e+01 -3.894062e+02 3.598614e+02 -9.923647e-02 -3.772988e+00 -4.425406e+01
<VARIANCE> 6
 3.129757e+01 1.230843e+04 1.230786e+04 2.593203e+02 1.595152e+04 1.545820e+07
<GCONST> 6.509586e+01
<MIXTURE> 3 9.814113e-02
<MEAN> 6
 6.452802e+01 5.930560e+01 1.286557e+02 -2.673602e-01 -3.551293e+00 -7.515274e+01
<VARIANCE> 6
 3.129757e+01 1.230843e+04 3.667200e+04 2.593203e+02 1.595152e+04 1.545820e+07
<GCONST> 6.618764e+01
<MIXTURE> 4 1.285569e-01
<MEAN> 6
 6.521785e+01 3.941374e+02 -2.050870e+02 9.164793e-01 -2.234020e+00 -7.532107e+01
<VARIANCE> 6
 3.129757e+01 1.230843e+04 1.230786e+04 2.593203e+02 1.595152e+04 1.545820e+07
<GCONST> 6.509586e+01
<MIXTURE> 5 1.187254e-01
<MEAN> 6
 6.554400e+01 4.639928e+01 2.005987e+02 -2.283404e-01 -3.400722e+00 -6.654746e+01
<VARIANCE> 6
 3.129757e+01 1.464408e+04 1.230786e+04 2.593203e+02 1.595152e+04 1.545820e+07
<GCONST> 6.526962e+01
<MIXTURE> 6 8.617522e-03
<MEAN> 6
 6.778027e+01 3.558419e+02 -3.102374e+02 -1.608319e+01 -6.128098e+02 -1.585171e+04
<VARIANCE> 6
 5.338996e+01 1.254907e+06 1.348072e+06 2.593203e+02 3.433320e+04 2.774631e+07
<GCONST> 7.630219e+01
<MIXTURE> 7 1.130364e-01
<MEAN> 6
 5.594937e+01 1.305479e+02 4.068306e+01 -4.092243e-01 -6.839482e-02 -5.814427e+01
<VARIANCE> 6
 3.129757e+01 1.230843e+04 1.588395e+05 2.593203e+02 1.595152e+04 1.545820e+07
<GCONST> 6.765352e+01
<MIXTURE> 8 7.829881e-02
<MEAN> 6
 6.569017e+01 4.875768e+02 -2.043674e+02 1.125212e+00 -8.338761e+00 -1.591663e+02
<VARIANCE> 6
 3.129757e+01 5.101783e+04 1.230786e+04 2.593203e+02 1.595152e+04 1.545820e+07
<GCONST> 6.651775e+01
<MIXTURE> 9 9.586866e-02
<MEAN> 6
 6.130610e+01 1.871846e+01 -1.314566e+02 -1.363190e-01 -3.090608e+00 -9.170329e+01
<VARIANCE> 6
 3.129757e+01 1.230843e+04 1.230786e+04 2.593203e+02 1.595152e+04 1.545820e+07
<GCONST> 6.509586e+01
<MIXTURE> 10 1.052839e-01
<MEAN> 6
 5.973313e+01 2.251148e+01 -1.509270e+02 4.721638e-02 -2.498680e+00 -9.322563e+01
<VARIANCE> 6
 3.129757e+01 1.230843e+04 1.230786e+04 2.593203e+02 1.595152e+04 1.545820e+07
<GCONST> 6.509586e+01
<MIXTURE> 11 7.138755e-02
<MEAN> 6
 5.709502e+01 5.813358e+02 4.856671e+01 4.156642e-01 4.270617e+00 -4.398395e+01
<VARIANCE> 6
 3.129757e+01 4.477706e+04 1.230786e+04 2.593203e+02 1.595152e+04 1.545820e+07
<GCONST> 6.638728e+01
<STATE> 14
<NUMMIXES> 11
<MIXTURE> 1 7.385993e-02
<MEAN> 6
 8.308594e+01 1.164393e+02 3.959175e+01 -4.466539e+00 -1.689513e+01 -2.279339e+01
<VARIANCE> 6
 1.869169e+02 1.355574e+06 1.476848e+06 2.593203e+02 1.595152e+04 1.545820e+07
<GCONST> 7.637211e+01
<MIXTURE> 2 5.376436e-02
<MEAN> 6
 4.162987e+01 5.130652e+01 5.129271e+01 -4.276833e+01 -5.039648e+02 2.000884e+03
<VARIANCE> 6
 2.482805e+03 1.710228e+06 2.661454e+06 4.938770e+04 1.907209e+06 8.453288e+08
<GCONST> 9.381477e+01
<MIXTURE> 3 1.221297e-01
<MEAN> 6
 -4.505107e+01 3.860640e+01 6.778233e+01 -1.621876e+01 1.106841e+03 2.337943e+02
<VARIANCE> 6
 2.089849e+02 7.420498e+05 4.600102e+05 2.635712e+04 3.697132e+05 2.271964e+08
<GCONST> 8.516700e+01
<MIXTURE> 4 1.098555e-01
<MEAN> 6
 2.678302e+01 -1.221452e+01 9.001909e+00 1.835671e+02 -1.512379e+02 -1.946107e+03
<VARIANCE> 6
 4.822437e+02 3.879321e+05 3.211895e+05 4.439601e+03 7.470504e+04 1.803008e+07
<GCONST> 7.908125e+01
<MIXTURE> 5 1.052973e-01
<MEAN> 6
 6.677797e+01 -2.903229e+02 2.228130e+02 1.305369e-01 -6.028923e+02 1.721675e+02
<VARIANCE> 6
 4.372766e+02 2.541344e+06 9.413956e+05 2.414194e+04 1.807797e+05 7.344943e+07
<GCONST> 8.592000e+01
<MIXTURE> 6 9.166095e-02
<MEAN> 6
 -5.203756e+01 1.808623e+01 3.382026e+01 2.143638e+01 3.111195e+02 1.385894e+02
<VARIANCE> 6
 1.800540e+02 2.810163e+05 7.158432e+05 1.404070e+03 9.317191e+04 2.202842e+07
<GCONST> 7.784509e+01
<MIXTURE> 7 7.402640e-02
<MEAN> 6
 6.943250e+01 8.026385e+01 5.894891e+01 8.397404e-01 -5.264452e+02 6.475483e+02
<VARIANCE> 6
 2.220945e+02 2.302375e+05 8.425781e+04 1.533496e+04 1.767879e+05 7.439166e+07
<GCONST> 7.996432e+01
<MIXTURE> 8 1.159812e-01
<MEAN> 6
 -1.980592e+01 7.276518e+00 1.629572e+01 4.796717e+01 3.552717e+02 -2.378413e+03
<VARIANCE> 6
 2.959988e+02 1.548216e+05 6.171816e+04 2.869824e+04 1.523667e+05 8.060729e+07
<GCONST> 8.010172e+01
<MIXTURE> 9 9.290137e-02
<MEAN> 6
 9.724681e+00 3.960740e+01 7.481244e+01 -1.977740e+02 -4.149085e+01 3.979286e+03
<VARIANCE> 6
 4.763945e+02 6.288462e+05 3.323442e+05 1.379408e+04 1.281367e+05 9.232274e+07
<GCONST> 8.289273e+01
<MIXTURE> 10 8.558764e-02
<MEAN> 6
 7.733401e+01 -6.116247e+01 2.049328e+00 -4.365559e+00 -2.352341e+01 -1.331186e+02
<VARIANCE> 6
 1.147961e+02 3.883691e+05 1.647864e+05 2.593203e+02 1.595152e+04 1.545820e+07
<GCONST> 7.244156e+01
<MIXTURE> 11 7.378274e-02
<MEAN> 6
 6.441101e+01 -3.674116e+01 -2.456205e+01 -5.634606e+01 -6.865568e+02 -7.965505e+02
<VARIANCE> 6
 2.370676e+02 2.193144e+05 7.624951e+04 1.813298e+04 2.040628e+05 7.230038e+07
<GCONST> 8.016365e+01
<TRANSP> 15
 0.000000e+00 1.000000e+00 0.000000e+00 0.000000e+00 0.000000e+00 0.000000e+00 0.000000e+00 0.000000e+00 0.000000e+00 0.000000e+00 0.000000e+00 0.000000e+00 0.000000e+00 0.000000e+00 0.000000e+00
 0.000000e+00 9.996499e-01 3.501052e-04 0.000000e+00 0.000000e+00 0.000000e+00 0.000000e+00 0.000000e+00 0.000000e+00 0.000000e+00 0.000000e+00 0.000000e+00 0.000000e+00 0.000000e+00 0.000000e+00
 0.000000e+00 0.000000e+00 9.959800e-01 4.020018e-03 0.000000e+00 0.000000e+00 0.000000e+00 0.000000e+00 0.000000e+00 0.000000e+00 0.000000e+00 0.000000e+00 0.000000e+00 0.000000e+00 0.000000e+00
 0.000000e+00 0.000000e+00 0.000000e+00 9.980287e-01 1.971319e-03 0.000000e+00 0.000000e+00 0.000000e+00 0.000000e+00 0.000000e+00 0.000000e+00 0.000000e+00 0.000000e+00 0.000000e+00 0.000000e+00
 0.000000e+00 0.000000e+00 0.000000e+00 0.000000e+00 9.770623e-01 2.293766e-02 0.000000e+00 0.000000e+00 0.000000e+00 0.000000e+00 0.000000e+00 0.000000e+00 0.000000e+00 0.000000e+00 0.000000e+00
 0.000000e+00 0.000000e+00 0.000000e+00 0.000000e+00 0.000000e+00 9.981652e-01 1.834697e-03 0.000000e+00 0.000000e+00 0.000000e+00 0.000000e+00 0.000000e+00 0.000000e+00 0.000000e+00 0.000000e+00
 0.000000e+00 0.000000e+00 0.000000e+00 0.000000e+00 0.000000e+00 0.000000e+00 9.952663e-01 4.733742e-03 0.000000e+00 0.000000e+00 0.000000e+00 0.000000e+00 0.000000e+00 0.000000e+00 0.000000e+00
 0.000000e+00 0.000000e+00 0.000000e+00 0.000000e+00 0.000000e+00 0.000000e+00 0.000000e+00 9.931179e-01 6.882153e-03 0.000000e+00 0.000000e+00 0.000000e+00 0.000000e+00 0.000000e+00 0.000000e+00
 0.000000e+00 0.000000e+00 0.000000e+00 0.000000e+00 0.000000e+00 0.000000e+00 0.000000e+00 0.000000e+00 9.979104e-01 2.089510e-03 0.000000e+00 0.000000e+00 0.000000e+00 0.000000e+00 0.000000e+00
 0.000000e+00 0.000000e+00 0.000000e+00 0.000000e+00 0.000000e+00 0.000000e+00 0.000000e+00 0.000000e+00 0.000000e+00 9.973120e-01 2.687976e-03 0.000000e+00 0.000000e+00 0.000000e+00 0.000000e+00
 0.000000e+00 0.000000e+00 0.000000e+00 0.000000e+00 0.000000e+00 0.000000e+00 0.000000e+00 0.000000e+00 0.000000e+00 0.000000e+00 9.964386e-01 3.561430e-03 0.000000e+00 0.000000e+00 0.000000e+00
 0.000000e+00 0.000000e+00 0.000000e+00 0.000000e+00 0.000000e+00 0.000000e+00 0.000000e+00 0.000000e+00 0.000000e+00 0.000000e+00 0.000000e+00 9.980230e-01 1.976999e-03 0.000000e+00 0.000000e+00
 0.000000e+00 0.000000e+00 0.000000e+00 0.000000e+00 0.000000e+00 0.000000e+00 0.000000e+00 0.000000e+00 0.000000e+00 0.000000e+00 0.000000e+00 0.000000e+00 9.991567e-01 8.433747e-04 0.000000e+00
 0.000000e+00 0.000000e+00 0.000000e+00 0.000000e+00 0.000000e+00 0.000000e+00 0.000000e+00 0.000000e+00 0.000000e+00 0.000000e+00 0.000000e+00 0.000000e+00 0.000000e+00 9.999497e-01 5.026579e-05
 0.000000e+00 0.000000e+00 0.000000e+00 0.000000e+00 0.000000e+00 0.000000e+00 0.000000e+00 0.000000e+00 0.000000e+00 0.000000e+00 0.000000e+00 0.000000e+00 0.000000e+00 0.000000e+00 0.000000e+00
<ENDHMM>
~h "QuintoPRIMARIA"
<BEGINHMM>
<NUMSTATES> 15
<STATE> 2
<NUMMIXES> 11
<MIXTURE> 1 6.500548e-02
<MEAN> 6
 8.357729e+01 2.899885e+02 2.742254e+03 -9.709395e-01 -5.218760e+00 -5.991671e+01
<VARIANCE> 6
 1.215977e+02 2.262161e+05 1.833370e+06 2.593203e+02 1.595152e+04 1.545820e+07
<GCONST> 7.436791e+01
<MIXTURE> 2 1.119603e-01
<MEAN> 6
 4.442544e+01 2.919661e+02 -1.424037e+03 -1.008676e+02 -6.421230e+02 2.432372e+03
<VARIANCE> 6
 1.665372e+03 1.354582e+06 1.416240e+07 4.267038e+04 1.115901e+06 5.317543e+08
<GCONST> 9.370830e+01
<MIXTURE> 3 8.458144e-02
<MEAN> 6
 -3.747071e+01 -1.974663e+02 1.726924e+02 1.690593e+02 5.941577e+02 -2.325531e+03
<VARIANCE> 6
 4.283520e+02 2.299415e+05 2.419258e+06 9.783175e+03 1.669587e+05 4.321204e+07
<GCONST> 8.292731e+01
<MIXTURE> 4 9.969476e-02
<MEAN> 6
 5.791257e+01 -4.629482e+01 2.094211e+02 1.986833e+01 -4.530754e+02 -2.464119e+02
<VARIANCE> 6
 4.095186e+02 3.769075e+05 4.198926e+06 1.619192e+04 7.139241e+04 2.567332e+07
<GCONST> 8.306152e+01
<MIXTURE> 5 8.986873e-02
<MEAN> 6
 5.608455e+01 1.561401e+02 -1.218571e+03 2.247963e+00 -1.523897e+01 -6.456074e+01
<VARIANCE> 6
 3.943718e+01 1.151340e+05 4.653130e+06 2.593203e+02 1.595152e+04 1.545820e+07
<GCONST> 7.349789e+01
<MIXTURE> 6 7.889237e-02
<MEAN> 6
 -5.292454e+01 -2.600641e+02 -9.627006e+02 -1.243700e+02 1.103837e+03 2.760012e+03
<VARIANCE> 6
 3.742760e+02 1.882637e+05 5.197902e+06 2.287386e+04 8.076294e+05 4.511918e+08
<GCONST> 8.812863e+01
<MIXTURE> 7 8.777022e-02
<MEAN> 6
 7.303876e+01 4.852501e+02 2.130954e+02 -7.466080e-01 -9.927556e+00 -9.515331e+01
<VARIANCE> 6
 1.201570e+02 1.109903e+06 1.823232e+06 2.593203e+02 1.595152e+04 1.545820e+07
<GCONST> 7.594099e+01
<MIXTURE> 8 8.978065e-02
<MEAN> 6
 -6.804448e+01 -1.169179e+02 1.810739e+02 6.349411e+00 2.592813e+02 2.240567e+02
<VARIANCE> 6
 1.271590e+02 2.622551e+05 2.852977e+06 1.325684e+03 1.092485e+05 3.996401e+07
<GCONST> 7.950819e+01
<MIXTURE> 9 1.268427e-01
<MEAN> 6
 2.423112e+01 -1.920477e+02 3.783723e+02 2.508290e+01 -3.213164e+02 -2.127014e+03
<VARIANCE> 6
 1.095521e+03 9.258714e+04 2.723686e+06 3.779173e+04 1.999986e+05 7.667784e+07
<GCONST> 8.518068e+01
<MIXTURE> 10 9.992909e-02
<MEAN> 6
 7.409997e+01 -3.766183e+02 -9.427623e+02 4.069485e-01 -1.306094e+01 -5.059956e+01
<VARIANCE> 6
 1.624885e+02 6.196556e+05 1.480613e+06 2.593203e+02 1.595152e+04 1.545820e+07
<GCONST> 7.545177e+01
<MIXTURE> 11 6.537557e-02
<MEAN> 6
 8.064665e+01 -3.825075e+00 2.090926e+03 -4.510233e-01 -2.284715e+01 -1.986298e+02
<VARIANCE> 6
 9.358644e+01 2.596896e+05 1.678344e+06 2.593203e+02 1.595152e+04 1.545820e+07
<GCONST> 7.415573e+01
<STATE> 3
<NUMMIXES> 11
<MIXTURE> 1 1.382285e-01
<MEAN> 6
 8.935990e+01 2.312550e+02 1.723620e+01 3.617158e-01 -7.129874e+02 -1.219297e+03
<VARIANCE> 6
 1.385358e+02 7.112410e+05 8.469011e+05 1.270555e+04 3.937908e+05 1.453690e+08
<GCONST> 8.421065e+01
<MIXTURE> 2 9.412384e-02
<MEAN> 6
 -5.131218e+01 -1.074584e+02 7.892622e+01 -1.446774e+02 1.590700e+03 2.097060e+03
<VARIANCE> 6
 2.418778e+02 1.768330e+06 6.081570e+05 2.295200e+04 9.595526e+05 8.187406e+08
<GCONST> 8.855809e+01
<MIXTURE> 3 8.527009e-02
<MEAN> 6
 8.654479e+01 6.133783e+01 -1.357098e+02 -2.483971e+00 -2.292767e+01 -2.078404e+02
<VARIANCE> 6
 1.272651e+02 2.447854e+05 2.415165e+05 2.593203e+02 1.595152e+04 1.545820e+07
<GCONST> 7.246539e+01
<MIXTURE> 4 5.198942e-02
<MEAN> 6
 6.836632e+01 1.548209e+01 -5.635168e+02 2.608153e+00 -1.081668e+03 8.670555e+02
<VARIANCE> 6
 1.392051e+03 2.794779e+06 2.984896e+06 5.860811e+04 2.424354e+06 1.585936e+09
<GCONST> 9.488228e+01
<MIXTURE> 5 9.743939e-02
<MEAN> 6
 -3.371493e+01 -3.261289e+02 2.022733e+02 2.194051e+02 9.467811e+02 -3.026258e+03
<VARIANCE> 6
 2.970743e+02 7.850337e+05 5.397594e+05 6.404080e+03 1.880589e+05 6.736890e+07
<GCONST> 8.242850e+01
<MIXTURE> 6 7.773902e-02
<MEAN> 6
 2.455701e+01 -4.725060e+02 2.795486e+02 2.663342e+02 -2.572670e+02 -6.622000e+03
<VARIANCE> 6
 4.387234e+02 7.224124e+05 1.204126e+06 1.388847e+04 1.842246e+05 7.512494e+07
<GCONST> 8.440013e+01
<MIXTURE> 7 1.263320e-01
<MEAN> 6
 -6.336352e+01 1.067389e+02 -1.124989e+02 1.889415e+01 3.902228e+02 4.683170e+02
<VARIANCE> 6
 8.498636e+01 5.900988e+05 6.827415e+05 1.779030e+03 1.552698e+05 5.462819e+07
<GCONST> 7.944447e+01
<MIXTURE> 8 6.973764e-02
<MEAN> 6
 6.445256e+01 9.527223e+00 3.252528e+01 2.847525e+01 -6.827543e+02 1.821004e+03
<VARIANCE> 6
 2.103219e+02 8.551146e+05 2.567499e+05 3.988853e+04 1.760913e+05 5.923318e+07
<GCONST> 8.306035e+01
<MIXTURE> 9 9.192897e-02
<MEAN> 6
 3.978423e+00 -2.374027e+02 9.826555e+01 -2.900475e+02 -1.696957e+01 5.699324e+03
<VARIANCE> 6
 5.628830e+02 9.272442e+05 5.087539e+05 1.294275e+04 3.623338e+05 2.007116e+08
<GCONST> 8.562602e+01
<MIXTURE> 10 9.818974e-02
<MEAN> 6
 7.080275e+01 -4.951246e+02 -1.940281e+02 -2.595764e-01 -8.476171e+00 -1.131918e+02
<VARIANCE> 6
 1.252022e+02 3.457443e+05 7.349445e+04 2.593203e+02 1.595152e+04 1.545820e+07
<GCONST> 7.160464e+01
<MIXTURE> 11 6.862322e-02
<MEAN> 6
 5.886118e+01 -3.275819e+02 -1.574394e+02 -6.222985e+01 -8.953564e+02 3.446882e+02
<VARIANCE> 6
 2.287918e+02 8.646456e+05 3.294736e+05 4.971071e+04 2.338146e+05 6.634722e+07
<GCONST> 8.402208e+01
<STATE> 4
<NUMMIXES> 11
<MIXTURE> 1 1.146129e-01
<MEAN> 6
 1.008014e+02 2.777929e+02 1.121787e+03 1.519801e+01 -5.866792e+02 7.678383e+03
<VARIANCE> 6
 9.422128e+01 1.626786e+06 8.640851e+05 4.662186e+02 2.358233e+05 1.022535e+08
<GCONST> 8.050291e+01
<MIXTURE> 2 7.347504e-02
<MEAN> 6
 5.686681e+01 -8.308844e+03 -1.727092e+03 6.602565e-01 -5.242903e+00 1.191620e+02
<VARIANCE> 6
 3.129757e+01 8.779441e+05 1.230786e+04 2.593203e+02 1.595152e+04 1.545820e+07
<GCONST> 6.936316e+01
<MIXTURE> 3 3.389753e-02
<MEAN> 6
 5.746323e+01 -1.944736e+04 -2.042896e+03 -9.612839e-01 8.043432e+00 4.346105e+02
<VARIANCE> 6
 3.129757e+01 2.740655e+06 1.230786e+04 2.593203e+02 1.595152e+04 1.545820e+07
<GCONST> 7.050153e+01
<MIXTURE> 4 9.450989e-02
<MEAN> 6
 5.744999e+01 -4.327114e+03 -1.937973e+03 -1.493906e+00 -2.226926e+01 -4.198435e+02
<VARIANCE> 6
 3.129757e+01 1.044915e+06 1.230786e+04 2.593203e+02 1.595152e+04 1.545820e+07
<GCONST> 6.953727e+01
<MIXTURE> 5 1.225074e-01
<MEAN> 6
 5.665951e+01 -1.210653e+04 -2.209891e+03 -5.804414e-01 4.205779e+00 -6.224147e+01
<VARIANCE> 6
 3.129757e+01 4.562905e+06 1.230786e+04 2.593203e+02 1.595152e+04 1.545820e+07
<GCONST> 7.101129e+01
<MIXTURE> 6 1.033228e-01
<MEAN> 6
 5.758761e+01 -5.885790e+03 -1.945164e+03 5.667413e-02 -6.712457e-02 9.642650e-01
<VARIANCE> 6
 3.129757e+01 8.178292e+05 1.230786e+04 2.593203e+02 1.595152e+04 1.545820e+07
<GCONST> 6.929223e+01
<MIXTURE> 7 4.263304e-02
<MEAN> 6
 6.555590e+01 -3.178073e+02 -2.259109e+03 -2.999346e+00 -9.726269e+00 4.483004e+02
<VARIANCE> 6
 3.129757e+01 1.499029e+05 2.505699e+04 2.593203e+02 1.595152e+04 1.545820e+07
<GCONST> 6.830648e+01
<MIXTURE> 8 9.590089e-02
<MEAN> 6
 6.305293e+01 -3.725876e+02 -2.327397e+03 -3.808197e+00 -4.854483e-01 1.374200e+02
<VARIANCE> 6
 3.129757e+01 1.515378e+04 1.230786e+04 2.593203e+02 1.595152e+04 1.545820e+07
<GCONST> 6.530383e+01
<MIXTURE> 9 9.444516e-02
<MEAN> 6
 1.039621e+02 2.571555e+02 -1.134719e+03 -1.251518e+01 8.548145e+01 1.999835e+03
<VARIANCE> 6
 1.707573e+02 4.479131e+05 4.506073e+06 4.093959e+02 2.181570e+05 2.362304e+08
<GCONST> 8.208878e+01
<MIXTURE> 10 1.309421e-01
<MEAN> 6
 9.233295e+01 6.808940e+02 1.849187e+02 -8.879090e+00 -3.290203e+02 6.375731e+03
<VARIANCE> 6
 1.738489e+02 3.715163e+05 1.920401e+05 3.977761e+02 5.807314e+04 5.456461e+07
<GCONST> 7.594650e+01
<MIXTURE> 11 9.374958e-02
<MEAN> 6
 1.004451e+02 1.671337e+02 -1.109228e+03 -1.392302e+01 9.294115e+00 3.273826e+03
<VARIANCE> 6
 2.321501e+02 5.836934e+05 6.029572e+06 3.283586e+02 2.125387e+05 2.188432e+08
<GCONST> 8.262881e+01
<STATE> 5
<NUMMIXES> 11
<MIXTURE> 1 1.129838e-01
<MEAN> 6
 7.374232e+01 -1.670787e+02 1.054458e+02 -2.566581e+00 5.398621e+00 -7.816649e+01
<VARIANCE> 6
 3.129757e+01 4.431282e+04 1.230786e+04 2.593203e+02 1.595152e+04 1.545820e+07
<GCONST> 6.637685e+01
<MIXTURE> 2 9.970443e-02
<MEAN> 6
 4.344686e+01 -3.900298e+02 2.081146e+02 4.342268e+00 -4.820974e+00 -2.042873e+02
<VARIANCE> 6
 1.148284e+02 1.230843e+04 1.230786e+04 2.593203e+02 1.595152e+04 1.545820e+07
<GCONST> 6.639576e+01
<MIXTURE> 3 3.728264e-02
<MEAN> 6
 9.329996e+01 -4.123256e+02 2.475974e+02 -1.288669e+01 7.690314e+01 3.062643e+02
<VARIANCE> 6
 7.299812e+01 1.208316e+05 1.839391e+05 2.593203e+02 1.595152e+04 1.545820e+07
<GCONST> 7.093123e+01
<MIXTURE> 4 1.103771e-01
<MEAN> 6
 7.670493e+01 -9.084757e+01 -1.731187e+02 -1.356284e+00 -3.248011e+00 1.171201e+02
<VARIANCE> 6
 3.129757e+01 1.230843e+04 1.230786e+04 2.593203e+02 1.595152e+04 1.545820e+07
<GCONST> 6.509586e+01
<MIXTURE> 5 1.059570e-01
<MEAN> 6
 7.362539e+01 -6.656863e+02 1.639480e+01 9.007584e-01 1.297401e+00 -1.335933e+02
<VARIANCE> 6
 3.129757e+01 1.637316e+04 1.230786e+04 2.593203e+02 1.595152e+04 1.545820e+07
<GCONST> 6.538122e+01
<MIXTURE> 6 1.126881e-01
<MEAN> 6
 7.287366e+01 -2.121065e+02 -1.547443e+02 -6.519612e-01 -1.164886e+00 -3.708662e+01
<VARIANCE> 6
 3.129757e+01 1.230843e+04 1.230786e+04 2.593203e+02 1.595152e+04 1.545820e+07
<GCONST> 6.509586e+01
<MIXTURE> 7 6.222311e-02
<MEAN> 6
 7.417390e+01 -9.224271e+02 9.746885e+01 -1.083857e+00 1.648504e+00 9.159401e+00
<VARIANCE> 6
 3.129757e+01 1.274058e+04 1.230786e+04 2.593203e+02 1.595152e+04 1.545820e+07
<GCONST> 6.513037e+01
<MIXTURE> 8 1.167373e-01
<MEAN> 6
 7.394566e+01 -1.704642e+02 -1.511511e+02 -1.092556e+00 -1.770820e+00 2.410456e+00
<VARIANCE> 6
 3.129757e+01 1.230843e+04 1.230786e+04 2.593203e+02 1.595152e+04 1.545820e+07
<GCONST> 6.509586e+01
<MIXTURE> 9 1.140210e-01
<MEAN> 6
 7.221897e+01 -2.429980e+02 -1.604986e+02 -2.556967e-01 -2.441084e+00 -6.575050e+01
<VARIANCE> 6
 3.129757e+01 1.230843e+04 1.230786e+04 2.593203e+02 1.595152e+04 1.545820e+07
<GCONST> 6.509586e+01
<MIXTURE> 10 6.520046e-02
<MEAN> 6
 4.305010e+01 -5.238905e+02 -9.036276e+00 3.231792e+00 4.511768e+00 2.249679e+02
<VARIANCE> 6
 7.498512e+01 1.230843e+04 2.294067e+04 2.593203e+02 1.595152e+04 1.545820e+07
<GCONST> 6.659229e+01
<MIXTURE> 11 6.281040e-02
<MEAN> 6
 7.266834e+01 -9.658421e+02 1.002613e+02 -5.260538e-01 6.803157e-01 -1.859993e+00
<VARIANCE> 6
 3.129757e+01 1.239419e+04 1.230786e+04 2.593203e+02 1.595152e+04 1.545820e+07
<GCONST> 6.510281e+01
<STATE> 6
<NUMMIXES> 11
<MIXTURE> 1 1.198663e-01
<MEAN> 6
 9.893951e+01 1.070328e+03 2.191593e+03 -1.817507e+00 -1.852432e+00 2.295323e+01
<VARIANCE> 6
 3.129757e+01 1.662213e+05 1.808113e+05 2.593203e+02 1.595152e+04 1.545820e+07
<GCONST> 7.038611e+01
<MIXTURE> 2 7.911683e-02
<MEAN> 6
 9.792539e+01 5.740434e+02 -3.135711e+02 -5.571548e+00 -3.089878e+00 -5.470969e+00
<VARIANCE> 6
 3.129757e+01 1.230843e+04 8.791041e+04 2.593203e+02 1.595152e+04 1.545820e+07
<GCONST> 6.706194e+01
<MIXTURE> 3 1.374719e-01
<MEAN> 6
 1.044431e+02 8.400108e+02 2.851503e+02 -4.545104e+00 6.940468e+00 3.683189e+01
<VARIANCE> 6
 4.497042e+01 4.730702e+04 1.230786e+04 2.593203e+02 1.595152e+04 1.545820e+07
<GCONST> 6.680470e+01
<MIXTURE> 4 7.964625e-02
<MEAN> 6
 8.556909e+01 -1.898833e+02 -7.430953e+02 -2.174196e+00 -1.884979e+00 4.437173e+01
<VARIANCE> 6
 3.129757e+01 1.230843e+04 2.482917e+04 2.593203e+02 1.595152e+04 1.545820e+07
<GCONST> 6.579764e+01
<MIXTURE> 5 8.182937e-02
<MEAN> 6
 1.003978e+02 6.099733e+02 -1.832410e+03 -1.129603e+00 5.597534e+00 4.649198e+01
<VARIANCE> 6
 3.129757e+01 1.761097e+04 1.230786e+04 2.593203e+02 1.595152e+04 1.545820e+07
<GCONST> 6.545410e+01
<MIXTURE> 6 7.485085e-02
<MEAN> 6
 9.709370e+01 9.831976e+01 3.353846e+03 -6.454326e+00 -5.062147e+00 6.004155e+01
<VARIANCE> 6
 3.313391e+01 3.693445e+04 1.230786e+04 2.593203e+02 1.595152e+04 1.545820e+07
<GCONST> 6.625174e+01
<MIXTURE> 7 9.925434e-02
<MEAN> 6
 9.342770e+01 1.904099e+02 -3.436285e+02 -6.295420e+00 -8.974007e+00 -1.465508e+01
<VARIANCE> 6
 3.599574e+01 2.740713e+04 3.882425e+04 2.593203e+02 1.595152e+04 1.545820e+07
<GCONST> 6.718504e+01
<MIXTURE> 8 5.244362e-02
<MEAN> 6
 9.073819e+01 7.480087e+02 -2.651365e+03 -3.178713e+00 3.719636e+00 -2.009080e+01
<VARIANCE> 6
 3.129757e+01 1.230843e+04 6.004641e+04 2.593203e+02 1.595152e+04 1.545820e+07
<GCONST> 6.668074e+01
<MIXTURE> 9 1.099711e-01
<MEAN> 6
 9.556019e+01 3.133550e+02 1.733406e+03 -1.471005e+00 -8.970669e-01 -3.683543e+01
<VARIANCE> 6
 1.142477e+02 9.350446e+04 7.654981e+05 2.593203e+02 1.595152e+04 1.545820e+07
<GCONST> 7.254870e+01
<MIXTURE> 10 8.780383e-02
<MEAN> 6
 9.759118e+01 4.704062e+02 -7.569202e+02 -4.638590e+00 -1.593820e+00 -2.230625e+01
<VARIANCE> 6
 3.129757e+01 1.230843e+04 1.384463e+05 2.593203e+02 1.595152e+04 1.545820e+07
<GCONST> 6.751611e+01
<MIXTURE> 11 7.771504e-02
<MEAN> 6
 8.539301e+01 -2.451175e+02 -8.247299e+02 -1.479971e+00 -9.358761e-01 2.363372e+01
<VARIANCE> 6
 3.129757e+01 1.230843e+04 4.890926e+04 2.593203e+02 1.595152e+04 1.545820e+07
<GCONST> 6.647559e+01
<STATE> 7
<NUMMIXES> 11
<MIXTURE> 1 7.938308e-02
<MEAN> 6
 8.087328e+01 1.606857e+03 2.375361e+02 -3.729695e+00 6.029818e+00 2.339958e+01
<VARIANCE> 6
 3.129757e+01 2.207853e+05 9.546341e+04 2.593203e+02 1.595152e+04 1.545820e+07
<GCONST> 7.003127e+01
<MIXTURE> 2 4.765086e-02
<MEAN> 6
 6.755372e+01 4.687135e+03 -6.853709e+02 -8.921549e-01 7.775679e-01 -5.338302e+00
<VARIANCE> 6
 3.129757e+01 1.044051e+05 1.230786e+04 2.593203e+02 1.595152e+04 1.545820e+07
<GCONST> 6.723386e+01
<MIXTURE> 3 8.906275e-02
<MEAN> 6
 6.867756e+01 1.230548e+03 -3.478244e+02 -1.103250e+00 -4.953190e+00 -3.070413e+01
<VARIANCE> 6
 3.129757e+01 1.416302e+04 4.287423e+04 2.593203e+02 1.595152e+04 1.545820e+07
<GCONST> 6.648425e+01
<MIXTURE> 4 1.550972e-01
<MEAN> 6
 7.924990e+01 5.458892e+02 -8.614603e+02 -2.332866e+00 -1.210187e+00 -2.013267e+01
<VARIANCE> 6
 3.129757e+01 4.568848e+04 1.230786e+04 2.593203e+02 1.595152e+04 1.545820e+07
<GCONST> 6.640742e+01
<MIXTURE> 5 6.400888e-02
<MEAN> 6
 8.041710e+01 1.134034e+03 -7.851913e+01 -3.404264e+00 -5.422960e+00 1.692551e+02
<VARIANCE> 6
 3.299259e+01 1.230843e+04 7.108700e+05 2.593203e+02 1.595152e+04 1.545820e+07
<GCONST> 6.920486e+01
<MIXTURE> 6 7.837186e-02
<MEAN> 6
 7.576300e+01 -1.536155e+02 -1.387753e+03 -2.923245e+00 7.697431e-01 1.298549e+01
<VARIANCE> 6
 3.850340e+01 2.202486e+05 1.419102e+04 2.593203e+02 1.595152e+04 1.545820e+07
<GCONST> 6.832991e+01
<MIXTURE> 7 1.323419e-01
<MEAN> 6
 7.281875e+01 8.548165e+02 2.612895e+02 -3.815759e+00 6.379509e+00 6.589120e+01
<VARIANCE> 6
 3.129757e+01 1.446253e+04 3.906344e+05 2.593203e+02 1.595152e+04 1.545820e+07
<GCONST> 6.871467e+01
<MIXTURE> 8 8.942492e-02
<MEAN> 6
 7.796288e+01 2.258202e+03 -4.636514e+02 -2.138784e+00 -1.012593e+00 -7.694910e+01
<VARIANCE> 6
 3.129757e+01 5.419858e+05 3.195123e+04 2.593203e+02 1.595152e+04 1.545820e+07
<GCONST> 6.983479e+01
<MIXTURE> 9 7.787072e-02
<MEAN> 6
 7.712892e+01 1.251248e+03 -1.373631e+03 -3.211820e+00 3.979510e-01 2.380960e+00
<VARIANCE> 6
 3.129757e+01 1.230843e+04 1.754224e+05 2.593203e+02 1.595152e+04 1.545820e+07
<GCONST> 6.775282e+01
<MIXTURE> 10 1.013024e-01
<MEAN> 6
 6.633639e+01 1.335760e+03 -6.449416e+02 -8.193858e-01 5.990316e-01 -4.238866e+01
<VARIANCE> 6
 3.129757e+01 1.230843e+04 1.230786e+04 2.593203e+02 1.595152e+04 1.545820e+07
<GCONST> 6.509586e+01
<MIXTURE> 11 8.545025e-02
<MEAN> 6
 7.904927e+01 1.369778e+03 9.953270e+01 -3.332938e+00 1.454172e+00 2.514993e+01
<VARIANCE> 6
 3.129757e+01 1.163992e+05 6.853991e+04 2.593203e+02 1.595152e+04 1.545820e+07
<GCONST> 6.905978e+01
<STATE> 8
<NUMMIXES> 11
<MIXTURE> 1 1.079705e-01
<MEAN> 6
 5.960416e+01 5.652944e+01 1.995738e+02 3.943588e-01 1.869712e+00 -8.702255e+01
<VARIANCE> 6
 3.129757e+01 1.900269e+04 2.051654e+04 2.593203e+02 1.595152e+04 1.545820e+07
<GCONST> 6.604115e+01
<MIXTURE> 2 5.278568e-02
<MEAN> 6
 6.267289e+01 7.877805e+01 -6.011357e+02 -4.370586e-01 7.847110e-01 -7.730939e+01
<VARIANCE> 6
 3.129757e+01 4.118625e+04 4.030902e+04 2.593203e+02 1.595152e+04 1.545820e+07
<GCONST> 6.749002e+01
<MIXTURE> 3 1.538864e-01
<MEAN> 6
 6.046134e+01 -1.626201e+02 -3.070491e+02 1.251082e-01 -7.785581e-02 -6.398130e+01
<VARIANCE> 6
 3.129757e+01 1.230843e+04 5.990111e+04 2.593203e+02 1.595152e+04 1.545820e+07
<GCONST> 6.667831e+01
<MIXTURE> 4 4.799366e-02
<MEAN> 6
 5.840188e+01 -2.389399e+02 8.765772e+02 -1.921974e-01 -3.198153e+00 -5.671287e+01
<VARIANCE> 6
 3.129757e+01 1.230843e+04 1.230786e+04 2.593203e+02 1.595152e+04 1.545820e+07
<GCONST> 6.509586e+01
<MIXTURE> 5 8.769458e-02
<MEAN> 6
 5.700824e+01 6.233463e-01 3.599720e+02 1.163996e-01 -2.430217e-01 -5.353563e+01
<VARIANCE> 6
 3.129757e+01 1.230843e+04 1.341843e+04 2.593203e+02 1.595152e+04 1.545820e+07
<GCONST> 6.518225e+01
<MIXTURE> 6 1.506478e-02
<MEAN> 6
 6.068945e+01 -2.119003e+02 -4.246665e+01 2.253279e-01 8.476454e+00 -3.895272e+01
<VARIANCE> 6
 3.129757e+01 2.713629e+04 1.676115e+05 2.593203e+02 1.595152e+04 1.545820e+07
<GCONST> 6.849786e+01
<MIXTURE> 7 1.803923e-01
<MEAN> 6
 5.815132e+01 -5.894808e+01 -1.764534e+00 -9.934746e-02 -6.388217e-01 -7.988973e+01
<VARIANCE> 6
 3.129757e+01 1.230843e+04 1.230786e+04 2.593203e+02 1.595152e+04 1.545820e+07
<GCONST> 6.509586e+01
<MIXTURE> 8 7.278735e-02
<MEAN> 6
 6.088898e+01 -1.526649e+02 -3.768051e+02 2.504004e-02 -4.580189e-01 -6.818185e+01
<VARIANCE> 6
 3.129757e+01 1.230843e+04 5.551062e+04 2.593203e+02 1.595152e+04 1.545820e+07
<GCONST> 6.660220e+01
<MIXTURE> 9 1.197188e-01
<MEAN> 6
 5.862595e+01 -1.536948e+01 1.430871e+02 1.263237e-01 -3.051125e-01 -6.906908e+01
<VARIANCE> 6
 3.129757e+01 1.230843e+04 3.262189e+04 2.593203e+02 1.595152e+04 1.545820e+07
<GCONST> 6.607060e+01
<MIXTURE> 10 8.039493e-02
<MEAN> 6
 6.127382e+01 -1.584062e+02 -4.747313e+02 -2.247582e-01 -1.052711e+00 -6.364010e+01
<VARIANCE> 6
 3.129757e+01 1.230843e+04 4.411575e+04 2.593203e+02 1.595152e+04 1.545820e+07
<GCONST> 6.637244e+01
<MIXTURE> 11 8.127877e-02
<MEAN> 6
 5.656644e+01 -1.954373e+01 3.390379e+02 2.538971e-01 -1.675725e+00 -8.291965e+01
<VARIANCE> 6
 3.129757e+01 1.230843e+04 1.953466e+04 2.593203e+02 1.595152e+04 1.545820e+07
<GCONST> 6.555782e+01
<STATE> 9
<NUMMIXES> 11
<MIXTURE> 1 8.841378e-02
<MEAN> 6
 8.371617e+01 4.269926e+02 2.043119e+02 -2.330519e+00 1.778362e+00 -2.485159e+01
<VARIANCE> 6
 3.129757e+01 1.230843e+04 1.230786e+04 2.593203e+02 1.595152e+04 1.545820e+07
<GCONST> 6.509586e+01
<MIXTURE> 2 8.277491e-02
<MEAN> 6
 8.473184e+01 1.834968e+02 1.566626e+02 -1.430022e+00 6.787608e-01 -2.857557e+01
<VARIANCE> 6
 3.129757e+01 1.230843e+04 1.230786e+04 2.593203e+02 1.595152e+04 1.545820e+07
<GCONST> 6.509586e+01
<MIXTURE> 3 1.162121e-01
<MEAN> 6
 8.195737e+01 -9.621064e+01 -1.195847e+02 -1.148150e+00 -5.198208e+00 -1.637662e+02
<VARIANCE> 6
 3.129757e+01 1.230843e+04 1.809202e+04 2.593203e+02 1.595152e+04 1.545820e+07
<GCONST> 6.548109e+01
<MIXTURE> 4 9.584839e-02
<MEAN> 6
 7.191613e+01 1.722478e+02 7.507357e+02 -2.509968e-01 -1.341319e-01 -1.227727e+01
<VARIANCE> 6
 3.129757e+01 2.825768e+04 1.230786e+04 2.593203e+02 1.595152e+04 1.545820e+07
<GCONST> 6.592694e+01
<MIXTURE> 5 4.620965e-03
<MEAN> 6
 8.025805e+01 -1.071735e+02 8.159384e+01 -3.533961e+00 -1.453999e+01 -7.283129e+02
<VARIANCE> 6
 3.230522e+01 6.555042e+05 5.169355e+05 2.593203e+02 1.595152e+04 1.545820e+07
<GCONST> 7.284035e+01
<MIXTURE> 6 8.932707e-02
<MEAN> 6
 7.795044e+01 -9.659659e-01 5.128240e+02 -2.282250e+00 2.811831e+00 -1.157257e+02
<VARIANCE> 6
 3.129757e+01 1.230843e+04 1.230786e+04 2.593203e+02 1.595152e+04 1.545820e+07
<GCONST> 6.509586e+01
<MIXTURE> 7 9.964798e-02
<MEAN> 6
 7.407682e+01 -8.075117e+01 -2.675614e+02 -2.259982e+00 4.851020e+00 -4.837302e+01
<VARIANCE> 6
 5.635916e+01 1.230843e+04 1.230786e+04 2.593203e+02 1.595152e+04 1.545820e+07
<GCONST> 6.568407e+01
<MIXTURE> 8 1.500788e-01
<MEAN> 6
 7.206570e+01 1.279310e+02 4.132304e+01 1.443672e+00 -1.775340e+00 -1.576158e+02
<VARIANCE> 6
 3.129757e+01 1.230843e+04 1.230786e+04 2.593203e+02 1.595152e+04 1.545820e+07
<GCONST> 6.509586e+01
<MIXTURE> 9 1.035964e-01
<MEAN> 6
 7.196311e+01 1.064315e+02 7.242154e+02 -8.655574e-01 1.085898e+00 6.580067e+00
<VARIANCE> 6
 3.129757e+01 1.819919e+04 1.230786e+04 2.593203e+02 1.595152e+04 1.545820e+07
<GCONST> 6.548695e+01
<MIXTURE> 10 8.603996e-02
<MEAN> 6
 7.357755e+01 3.708699e+02 2.927699e+02 -1.967652e+00 3.071947e+00 -1.050548e+02
<VARIANCE> 6
 4.779882e+01 1.230843e+04 1.230786e+04 2.593203e+02 1.595152e+04 1.545820e+07
<GCONST> 6.551932e+01
<MIXTURE> 11 8.341330e-02
<MEAN> 6
 8.349271e+01 1.408711e+02 1.416640e+02 -1.107686e+00 -2.713827e+00 -3.158923e+01
<VARIANCE> 6
 3.129757e+01 1.230843e+04 1.230786e+04 2.593203e+02 1.595152e+04 1.545820e+07
<GCONST> 6.509586e+01
<STATE> 10
<NUMMIXES> 11
<MIXTURE> 1 4.213823e-02
<MEAN> 6
 7.323341e+01 1.265329e+03 -4.099589e+02 -4.411132e+01 -8.544181e+02 -1.125712e+04
<VARIANCE> 6
 5.409946e+01 9.702114e+05 6.863023e+04 8.296755e+02 1.393295e+05 4.088990e+07
<GCONST> 7.603187e+01
<MIXTURE> 2 8.106472e-02
<MEAN> 6
 6.965746e+01 -4.016505e+01 6.317717e+01 -1.973702e+01 -6.781766e+02 -1.297866e+04
<VARIANCE> 6
 7.591895e+01 4.543136e+04 6.712696e+04 5.735071e+02 7.964424e+04 5.533582e+07
<GCONST> 7.266125e+01
<MIXTURE> 3 4.358321e-02
<MEAN> 6
 7.139159e+01 3.605051e+02 2.814054e+02 -7.733177e+01 -6.886436e+02 -4.827673e+03
<VARIANCE> 6
 3.668066e+01 6.082295e+04 9.268124e+04 9.734039e+02 4.546589e+05 1.769862e+08
<GCONST> 7.598184e+01
<MIXTURE> 4 9.871846e-02
<MEAN> 6
 4.617698e+01 -6.121804e+01 1.758822e+01 -1.111315e+02 -7.369191e+02 -1.698305e+03
<VARIANCE> 6
 6.543211e+01 1.260282e+04 7.074800e+04 1.385331e+03 1.267933e+05 2.918145e+07
<GCONST> 7.198988e+01
<MIXTURE> 5 9.314440e-02
<MEAN> 6
 5.079770e+01 2.027586e+02 3.756362e+01 -1.923659e+02 -1.352620e+03 1.149323e+03
<VARIANCE> 6
 1.110575e+02 3.302502e+05 3.036682e+05 1.484448e+03 2.986102e+05 4.976313e+07
<GCONST> 7.870109e+01
<MIXTURE> 6 7.509752e-02
<MEAN> 6
 5.689169e+01 -4.979287e+01 1.654244e+00 -2.854894e+01 -5.100483e+02 -6.002207e+03
<VARIANCE> 6
 3.129757e+01 1.417184e+04 1.690772e+05 2.718852e+02 2.014870e+04 2.423043e+07
<GCONST> 6.858733e+01
<MIXTURE> 7 1.484191e-01
<MEAN> 6
 1.191052e+01 7.122696e+01 -1.637830e+02 -3.652052e+02 -7.359088e+02 1.110243e+04
<VARIANCE> 6
 2.153476e+02 1.222627e+05 4.943216e+05 2.557961e+03 2.495552e+05 3.019572e+08
<GCONST> 8.102458e+01
<MIXTURE> 8 9.359605e-02
<MEAN> 6
 -2.874872e+01 1.071924e+02 1.284566e+02 -3.410240e+02 1.843703e+03 2.888402e+04
<VARIANCE> 6
 4.351266e+02 1.527288e+05 3.804800e+05 5.944041e+03 2.308315e+06 1.002340e+09
<GCONST> 8.595628e+01
<MIXTURE> 9 1.318679e-01
<MEAN> 6
 3.993657e+01 1.062380e+02 -1.812450e+02 -2.842329e+02 -1.467655e+03 8.999292e+03
<VARIANCE> 6
 1.370333e+02 1.728489e+05 1.759803e+05 2.058670e+03 4.040065e+05 9.904655e+07
<GCONST> 7.903589e+01
<MIXTURE> 10 9.671001e-02
<MEAN> 6
 6.284085e+01 -4.474477e+01 -5.031633e+01 -1.092803e+02 -1.712027e+03 -1.344426e+04
<VARIANCE> 6
 7.323337e+01 4.553295e+04 7.128459e+04 1.942513e+03 2.839645e+05 8.946877e+07
<GCONST> 7.565929e+01
<MIXTURE> 11 9.565131e-02
<MEAN> 6
 -2.621589e+01 -1.039454e+02 -2.418535e+02 -3.554452e+02 1.109723e+03 2.345842e+04
<VARIANCE> 6
 3.054312e+02 1.811098e+05 2.087781e+05 5.874198e+03 1.541291e+06 7.743752e+08
<GCONST> 8.449889e+01
<STATE> 11
<NUMMIXES> 11
<MIXTURE> 1 2.812337e-02
<MEAN> 6
 5.200511e+01 2.371680e+03 2.620022e+03 -1.051327e+00 -1.297776e+00 6.340507e+00
<VARIANCE> 6
 3.129757e+01 1.230843e+04 1.230786e+04 2.593203e+02 1.595152e+04 1.545820e+07
<GCONST> 6.509586e+01
<MIXTURE> 2 9.409612e-02
<MEAN> 6
 7.591488e+01 1.326595e+03 8.434391e+02 -3.414600e+00 -1.267075e+01 8.255951e+00
<VARIANCE> 6
 1.816231e+02 4.001874e+05 1.092990e+06 2.593203e+02 1.604372e+04 1.545820e+07
<GCONST> 7.482809e+01
<MIXTURE> 3 1.144415e-01
<MEAN> 6
 2.094875e+01 1.747091e+03 3.249229e+02 1.735207e+02 -6.255135e+01 -1.303571e+03
<VARIANCE> 6
 6.414158e+02 1.508906e+06 1.199581e+06 1.692293e+03 7.240200e+04 2.488726e+07
<GCONST> 8.136901e+01
<MIXTURE> 4 1.270735e-02
<MEAN> 6
 5.082635e+01 2.120428e+03 2.577040e+03 3.170783e+00 -1.636276e+01 1.367462e+02
<VARIANCE> 6
 3.129757e+01 1.230843e+04 5.772811e+04 2.593203e+02 1.595152e+04 1.545820e+07
<GCONST> 6.664137e+01
<MIXTURE> 5 1.429245e-01
<MEAN> 6
 7.220267e+01 1.533699e+03 7.829446e+01 -2.809790e+01 -5.950540e+02 2.794845e+02
<VARIANCE> 6
 3.127926e+02 2.383780e+06 7.062494e+05 1.428786e+04 2.003225e+05 9.510854e+07
<GCONST> 8.507010e+01
<MIXTURE> 6 6.299745e-02
<MEAN> 6
 2.057648e+01 2.000792e+03 2.043233e+02 -1.673961e+02 -7.883347e+01 7.042443e+02
<VARIANCE> 6
 6.305296e+02 8.561988e+05 4.856503e+05 4.678299e+03 1.378012e+05 5.886728e+07
<GCONST> 8.240237e+01
<MIXTURE> 7 1.006479e-01
<MEAN> 6
 -3.008491e+01 9.311049e+02 -5.882571e+02 -1.792855e+02 1.014502e+03 -1.310914e+03
<VARIANCE> 6
 6.582557e+02 3.238091e+06 7.669624e+05 1.063603e+04 1.620079e+06 1.061031e+09
<GCONST> 9.041004e+01
<MIXTURE> 8 1.564393e-01
<MEAN> 6
 -4.586002e+01 1.427885e+03 1.546267e+02 5.292383e+01 5.331551e+02 -1.815117e+03
<VARIANCE> 6
 1.578078e+02 1.166318e+06 8.031349e+05 9.823053e+03 1.963428e+05 5.429466e+07
<GCONST> 8.284432e+01
<MIXTURE> 9 8.378658e-02
<MEAN> 6
 4.443288e+01 4.816477e+02 -1.745835e+02 2.595034e+01 -5.222775e+02 3.218352e+02
<VARIANCE> 6
 1.584229e+03 6.824858e+05 1.433966e+06 4.824858e+04 1.124263e+06 7.167355e+08
<GCONST> 9.111154e+01
<MIXTURE> 10 1.105133e-01
<MEAN> 6
 -6.254941e+01 7.619803e+02 -6.098251e+02 -2.940680e+00 2.105639e+02 1.912901e+02
<VARIANCE> 6
 8.271491e+01 1.036054e+06 2.280732e+05 6.993119e+02 6.833990e+04 4.069256e+07
<GCONST> 7.683492e+01
<MIXTURE> 11 9.330227e-02
<MEAN> 6
 7.647420e+01 1.199068e+03 4.730446e+02 -4.186555e+00 -4.875924e+01 -4.117947e+02
<VARIANCE> 6
 1.839754e+02 5.243256e+05 1.097154e+06 2.593203e+02 1.850414e+04 1.545820e+07
<GCONST> 7.525763e+01
<STATE> 12
<NUMMIXES> 11
<MIXTURE> 1 1.158784e-01
<MEAN> 6
 5.519698e+01 8.140305e+02 -1.486082e+02 -9.045807e-01 2.311877e+01 -1.736266e+00
<VARIANCE> 6
 3.129757e+01 1.827553e+05 5.336736e+04 2.593203e+02 1.595152e+04 1.545820e+07
<GCONST> 6.926068e+01
<MIXTURE> 2 1.202539e-01
<MEAN> 6
 5.818133e+01 2.684122e+01 3.087822e+03 -7.165366e+00 1.715421e+01 8.166772e+01
<VARIANCE> 6
 4.458102e+01 2.176160e+04 8.069036e+04 2.593203e+02 1.595152e+04 1.545820e+07
<GCONST> 6.789987e+01
<MIXTURE> 3 8.382148e-02
<MEAN> 6
 5.751328e+01 2.753462e+02 -1.662312e+02 2.467760e-01 2.729353e+00 -8.682478e+01
<VARIANCE> 6
 3.129757e+01 1.230843e+04 1.230786e+04 2.593203e+02 1.595152e+04 1.545820e+07
<GCONST> 6.509586e+01
<MIXTURE> 4 1.244689e-01
<MEAN> 6
 5.833563e+01 1.070867e+03 -1.074399e+03 9.954326e-02 -2.157593e+00 -1.636202e+01
<VARIANCE> 6
 3.129757e+01 1.230843e+04 1.230786e+04 2.593203e+02 1.595152e+04 1.545820e+07
<GCONST> 6.509586e+01
<MIXTURE> 5 9.256268e-02
<MEAN> 6
 6.163467e+01 2.054954e+02 -1.332427e+02 -1.187458e+00 1.210389e+00 -1.149074e+02
<VARIANCE> 6
 3.129757e+01 1.230843e+04 1.230786e+04 2.593203e+02 1.595152e+04 1.545820e+07
<GCONST> 6.509586e+01
<MIXTURE> 6 9.004416e-02
<MEAN> 6
 6.163141e+01 2.052121e+02 -1.327603e+02 -1.190540e+00 1.245188e+00 -1.134364e+02
<VARIANCE> 6
 3.129757e+01 1.230843e+04 1.230786e+04 2.593203e+02 1.595152e+04 1.545820e+07
<GCONST> 6.509586e+01
<MIXTURE> 7 8.992614e-02
<MEAN> 6
 5.678284e+01 2.897823e+02 -1.737095e+02 5.178690e-01 3.641622e+00 -8.013262e+01
<VARIANCE> 6
 3.129757e+01 1.230843e+04 1.230786e+04 2.593203e+02 1.595152e+04 1.545820e+07
<GCONST> 6.509586e+01
<MIXTURE> 8 5.818331e-02
<MEAN> 6
 5.840682e+01 9.504021e+02 -1.056851e+03 -3.201596e+00 -3.451492e+01 -3.780919e+02
<VARIANCE> 6
 3.129757e+01 1.732469e+04 1.230786e+04 2.593203e+02 1.595152e+04 1.545820e+07
<GCONST> 6.543771e+01
<MIXTURE> 9 9.208550e-02
<MEAN> 6
 6.165041e+01 2.056430e+02 -1.337612e+02 -1.189975e+00 1.169966e+00 -1.166239e+02
<VARIANCE> 6
 3.129757e+01 1.230843e+04 1.230786e+04 2.593203e+02 1.595152e+04 1.545820e+07
<GCONST> 6.509586e+01
<MIXTURE> 10 8.980139e-02
<MEAN> 6
 6.166714e+01 2.059810e+02 -1.345815e+02 -1.189988e+00 1.106552e+00 -1.192977e+02
<VARIANCE> 6
 3.129757e+01 1.230843e+04 1.230786e+04 2.593203e+02 1.595152e+04 1.545820e+07
<GCONST> 6.509586e+01
<MIXTURE> 11 4.297245e-02
<MEAN> 6
 5.621736e+01 3.116944e+01 2.795282e+03 -1.292165e+01 4.952834e+01 6.223129e+02
<VARIANCE> 6
 5.201492e+02 3.899405e+04 7.815355e+05 1.839063e+03 1.322345e+05 2.361639e+07
<GCONST> 7.770835e+01
<STATE> 13
<NUMMIXES> 11
<MIXTURE> 1 1.092215e-01
<MEAN> 6
 -4.364362e+01 1.110848e+01 1.074042e+02 -5.285161e+01 1.296923e+03 -1.363824e+02
<VARIANCE> 6
 2.909879e+02 6.829634e+04 2.436437e+05 3.086486e+04 5.663567e+05 4.200437e+08
<GCONST> 8.367584e+01
<MIXTURE> 2 1.232683e-01
<MEAN> 6
 6.877911e+01 -2.047228e+00 2.318696e+01 1.716098e+01 -1.795795e+02 -1.661069e+02
<VARIANCE> 6
 2.974734e+02 4.378772e+04 6.748105e+04 6.794290e+03 4.987640e+04 1.545820e+07
<GCONST> 7.472409e+01
<MIXTURE> 3 8.231371e-02
<MEAN> 6
 1.843975e+01 3.632408e+01 -4.680488e+01 -2.053654e+02 -1.792174e+02 1.530330e+03
<VARIANCE> 6
 6.721915e+02 1.980153e+04 8.802211e+04 3.293602e+03 2.866404e+05 9.246003e+07
<GCONST> 7.782468e+01
<MIXTURE> 4 2.338785e-02
<MEAN> 6
 3.630217e+01 8.044112e+01 -3.179071e+02 2.155053e+01 -6.100770e+02 2.223055e+03
<VARIANCE> 6
 2.087714e+03 1.825938e+05 2.888616e+06 6.982059e+04 2.534653e+06 1.756415e+09
<GCONST> 9.284819e+01
<MIXTURE> 5 1.328184e-01
<MEAN> 6
 -3.670307e+01 -3.122628e+01 1.474880e+01 8.932700e+01 7.151321e+02 -1.026237e+03
<VARIANCE> 6
 3.309834e+02 8.130574e+04 6.129612e+04 1.186057e+04 1.152221e+05 4.783649e+07
<GCONST> 7.787767e+01
<MIXTURE> 6 7.150606e-02
<MEAN> 6
 2.727818e+01 7.585451e+01 8.412904e+01 2.291716e+02 -1.336026e+02 -2.773314e+03
<VARIANCE> 6
 5.927722e+02 9.542777e+04 1.288581e+05 4.903253e+03 2.566420e+05 8.386192e+07
<GCONST> 7.984244e+01
<MIXTURE> 7 1.241189e-01
<MEAN> 6
 7.706938e+01 5.241767e+01 2.592333e+00 -3.507665e+01 -5.733539e+02 -8.371069e+02
<VARIANCE> 6
 2.639008e+02 5.910755e+04 2.125044e+04 1.069770e+04 2.329374e+05 6.826832e+07
<GCONST> 7.722935e+01
<MIXTURE> 8 9.540153e-02
<MEAN> 6
 8.056909e+01 1.469399e+01 -8.209441e+01 1.836960e+01 -9.469426e+02 -5.299977e+02
<VARIANCE> 6
 2.704927e+02 2.440785e+05 1.255532e+05 1.873492e+04 7.744141e+05 3.688137e+08
<GCONST> 8.389704e+01
<MIXTURE> 9 9.555896e-02
<MEAN> 6
 -4.705994e+01 5.391385e+00 1.350699e+01 1.764342e+01 2.017299e+02 2.343222e+02
<VARIANCE> 6
 2.150570e+02 3.817471e+04 6.008127e+04 6.779886e+02 5.797664e+04 2.362857e+07
<GCONST> 7.241644e+01
<MIXTURE> 10 6.973352e-02
<MEAN> 6
 9.045519e+00 -4.573929e+01 1.019627e+01 -2.634355e+02 -1.452295e+02 8.277822e+03
<VARIANCE> 6
 6.239041e+02 7.933152e+04 8.836658e+04 6.178999e+03 5.343143e+05 3.061276e+08
<GCONST> 8.159106e+01
<MIXTURE> 11 7.236346e-02
<MEAN> 6
 2.444033e+01 -6.990946e+01 -2.790133e+01 2.184955e+02 -2.338437e+02 -4.092805e+03
<VARIANCE> 6
 5.510710e+02 8.387550e+04 9.877195e+04 4.966369e+03 2.603562e+05 9.106294e+07
<GCONST> 7.948410e+01
<STATE> 14
<NUMMIXES> 11
<MIXTURE> 1 6.788850e-02
<MEAN> 6
 8.469433e+01 -1.559859e+02 6.397952e+01 -5.779939e+00 1.357306e+01 2.228279e+01
<VARIANCE> 6
 1.247450e+02 9.402408e+04 1.574669e+04 2.593203e+02 1.595152e+04 1.545820e+07
<GCONST> 6.875825e+01
<MIXTURE> 2 1.164678e-02
<MEAN> 6
 -1.258242e+00 -1.984362e+02 2.244907e+02 -1.980302e+02 6.085048e+02 9.663985e+03
<VARIANCE> 6
 4.912632e+03 7.893368e+05 7.333967e+05 4.899517e+05 1.286924e+08 1.237258e+11
<GCONST> 1.039276e+02
<MIXTURE> 3 9.725391e-02
<MEAN> 6
 -2.333661e+01 -3.715844e+02 2.876103e+02 4.781145e+01 4.110285e+02 -1.234824e+03
<VARIANCE> 6
 7.807653e+02 3.223224e+05 9.032573e+04 1.859973e+04 1.408190e+05 3.219626e+07
<GCONST> 8.075552e+01
<MIXTURE> 4 1.187838e-01
<MEAN> 6
 1.793950e+01 -3.401480e+02 1.290471e+02 -3.734844e+01 6.955032e+01 4.396634e+02
<VARIANCE> 6
 3.027820e+03 5.391387e+05 4.788148e+05 4.763425e+04 1.878911e+06 8.158877e+08
<GCONST> 9.105696e+01
<MIXTURE> 5 1.190844e-01
<MEAN> 6
 8.164395e+01 -3.160266e+01 -9.735579e+00 -1.408246e+01 -4.797250e+02 -1.033741e+00
<VARIANCE> 6
 2.204306e+02 4.648573e+05 2.626064e+05 1.058903e+04 1.648200e+05 9.066971e+07
<GCONST> 8.155367e+01
<MIXTURE> 6 1.275601e-01
<MEAN> 6
 3.822516e+01 -2.175480e+02 1.529418e+02 4.728064e+01 -1.649128e+02 -1.326212e+02
<VARIANCE> 6
 5.756071e+02 3.445308e+05 7.647379e+05 2.103312e+04 6.825211e+04 2.105501e+07
<GCONST> 8.162738e+01
<MIXTURE> 7 1.123170e-01
<MEAN> 6
 7.265423e+01 8.306454e+01 2.795590e+02 -2.727244e+00 5.030723e-01 -1.227013e+02
<VARIANCE> 6
 1.362734e+02 8.123376e+05 2.634982e+05 2.593203e+02 1.595152e+04 1.545820e+07
<GCONST> 7.382043e+01
<MIXTURE> 8 1.233247e-01
<MEAN> 6
 7.542860e+01 -2.707888e+01 -2.023358e+02 -2.851535e+00 -4.288651e+00 4.951344e+01
<VARIANCE> 6
 1.782395e+02 3.365093e+04 1.134644e+05 2.593203e+02 1.595152e+04 1.545820e+07
<GCONST> 7.006245e+01
<MIXTURE> 9 7.653461e-02
<MEAN> 6
 9.341933e+01 -5.022892e+02 -2.613881e+02 -8.617076e+00 -5.220348e-01 3.691085e+01
<VARIANCE> 6
 2.406371e+02 1.489256e+06 1.462144e+05 2.593203e+02 1.595152e+04 1.545820e+07
<GCONST> 7.440619e+01
<MIXTURE> 10 7.754863e-02
<MEAN> 6
 -5.239199e+01 -5.231863e+02 -2.485255e+01 2.232832e+01 2.922054e+02 2.839969e+02
<VARIANCE> 6
 2.830230e+02 5.535299e+05 2.153002e+05 3.223810e+03 7.714576e+04 3.347167e+07
<GCONST> 7.883463e+01
<MIXTURE> 11 6.791770e-02
<MEAN> 6
 8.186649e+01 -2.925323e+02 1.575075e+01 -4.973774e+00 -5.981156e+00 -9.414885e+01
<VARIANCE> 6
 1.064667e+02 1.027142e+05 2.195447e+04 2.593203e+02 1.595152e+04 1.545820e+07
<GCONST> 6.902055e+01
<TRANSP> 15
 0.000000e+00 1.000000e+00 0.000000e+00 0.000000e+00 0.000000e+00 0.000000e+00 0.000000e+00 0.000000e+00 0.000000e+00 0.000000e+00 0.000000e+00 0.000000e+00 0.000000e+00 0.000000e+00 0.000000e+00
 0.000000e+00 9.997697e-01 2.303339e-04 0.000000e+00 0.000000e+00 0.000000e+00 0.000000e+00 0.000000e+00 0.000000e+00 0.000000e+00 0.000000e+00 0.000000e+00 0.000000e+00 0.000000e+00 0.000000e+00
 0.000000e+00 0.000000e+00 9.998525e-01 1.474489e-04 0.000000e+00 0.000000e+00 0.000000e+00 0.000000e+00 0.000000e+00 0.000000e+00 0.000000e+00 0.000000e+00 0.000000e+00 0.000000e+00 0.000000e+00
 0.000000e+00 0.000000e+00 0.000000e+00 9.925740e-01 7.425980e-03 0.000000e+00 0.000000e+00 0.000000e+00 0.000000e+00 0.000000e+00 0.000000e+00 0.000000e+00 0.000000e+00 0.000000e+00 0.000000e+00
 0.000000e+00 0.000000e+00 0.000000e+00 0.000000e+00 9.969496e-01 3.050474e-03 0.000000e+00 0.000000e+00 0.000000e+00 0.000000e+00 0.000000e+00 0.000000e+00 0.000000e+00 0.000000e+00 0.000000e+00
 0.000000e+00 0.000000e+00 0.000000e+00 0.000000e+00 0.000000e+00 9.984412e-01 1.558771e-03 0.000000e+00 0.000000e+00 0.000000e+00 0.000000e+00 0.000000e+00 0.000000e+00 0.000000e+00 0.000000e+00
 0.000000e+00 0.000000e+00 0.000000e+00 0.000000e+00 0.000000e+00 0.000000e+00 9.984704e-01 1.529523e-03 0.000000e+00 0.000000e+00 0.000000e+00 0.000000e+00 0.000000e+00 0.000000e+00 0.000000e+00
 0.000000e+00 0.000000e+00 0.000000e+00 0.000000e+00 0.000000e+00 0.000000e+00 0.000000e+00 9.990668e-01 9.332511e-04 0.000000e+00 0.000000e+00 0.000000e+00 0.000000e+00 0.000000e+00 0.000000e+00
 0.000000e+00 0.000000e+00 0.000000e+00 0.000000e+00 0.000000e+00 0.000000e+00 0.000000e+00 0.000000e+00 9.981933e-01 1.806738e-03 0.000000e+00 0.000000e+00 0.000000e+00 0.000000e+00 0.000000e+00
 0.000000e+00 0.000000e+00 0.000000e+00 0.000000e+00 0.000000e+00 0.000000e+00 0.000000e+00 0.000000e+00 0.000000e+00 9.942424e-01 5.757602e-03 0.000000e+00 0.000000e+00 0.000000e+00 0.000000e+00
 0.000000e+00 0.000000e+00 0.000000e+00 0.000000e+00 0.000000e+00 0.000000e+00 0.000000e+00 0.000000e+00 0.000000e+00 0.000000e+00 9.986463e-01 1.353699e-03 0.000000e+00 0.000000e+00 0.000000e+00
 0.000000e+00 0.000000e+00 0.000000e+00 0.000000e+00 0.000000e+00 0.000000e+00 0.000000e+00 0.000000e+00 0.000000e+00 0.000000e+00 0.000000e+00 9.956568e-01 4.343204e-03 0.000000e+00 0.000000e+00
 0.000000e+00 0.000000e+00 0.000000e+00 0.000000e+00 0.000000e+00 0.000000e+00 0.000000e+00 0.000000e+00 0.000000e+00 0.000000e+00 0.000000e+00 0.000000e+00 9.998770e-01 1.229413e-04 0.000000e+00
 0.000000e+00 0.000000e+00 0.000000e+00 0.000000e+00 0.000000e+00 0.000000e+00 0.000000e+00 0.000000e+00 0.000000e+00 0.000000e+00 0.000000e+00 0.000000e+00 0.000000e+00 9.997335e-01 2.664943e-04
 0.000000e+00 0.000000e+00 0.000000e+00 0.000000e+00 0.000000e+00 0.000000e+00 0.000000e+00 0.000000e+00 0.000000e+00 0.000000e+00 0.000000e+00 0.000000e+00 0.000000e+00 0.000000e+00 0.000000e+00
<ENDHMM>
