~o
<STREAMINFO> 1 6
<VECSIZE> 6<NULLD><USER><DIAGC>
~h "SegundoPRIMARIA"
<BEGINHMM>
<NUMSTATES> 14
<STATE> 2
<NUMMIXES> 13
<MIXTURE> 1 6.447633e-02
<MEAN> 6
 3.634361e+01 9.389671e+01 4.428813e+00 2.971943e+02 -2.387242e+02 -6.486982e+03
<VARIANCE> 6
 7.392387e+02 9.325894e+04 1.436637e+05 6.412196e+03 3.753050e+05 1.550867e+08
<GCONST> 8.141219e+01
<MIXTURE> 2 3.739413e-02
<MEAN> 6
 5.644473e+01 7.985885e+00 2.397622e+02 -3.500522e+01 -6.855320e+02 5.615528e+03
<VARIANCE> 6
 3.014575e+03 5.822376e+05 1.119668e+06 8.001251e+04 6.215097e+06 3.626486e+09
<GCONST> 9.518562e+01
<MIXTURE> 3 6.276610e-02
<MEAN> 6
 9.168049e+01 -6.609582e+01 7.075563e+01 -4.501749e+00 -5.036044e+01 -4.659718e+02
<VARIANCE> 6
 1.880589e+02 2.232845e+05 1.097234e+05 3.003832e+02 4.056576e+04 5.205853e+07
<GCONST> 7.426955e+01
<MIXTURE> 4 8.436660e-02
<MEAN> 6
 -3.708088e+01 7.431042e+01 -1.222024e+01 8.151037e+01 1.046044e+03 -2.460156e+03
<VARIANCE> 6
 2.274523e+02 1.059697e+05 3.905168e+04 3.000269e+04 2.187283e+05 1.079848e+08
<GCONST> 7.969989e+01
<MIXTURE> 5 9.090726e-02
<MEAN> 6
 9.349346e+01 -1.712255e+01 4.517822e+01 2.417270e+01 -9.612309e+02 -2.000372e+03
<VARIANCE> 6
 3.072866e+02 2.033291e+05 9.142895e+04 2.084157e+04 1.284728e+06 5.897619e+08
<GCONST> 8.460693e+01
<MIXTURE> 6 9.819110e-02
<MEAN> 6
 1.219711e+01 2.161526e+01 9.280552e+01 -3.025892e+02 -5.592106e+01 1.047771e+04
<VARIANCE> 6
 6.876640e+02 6.281733e+04 1.137176e+05 1.105936e+04 9.571815e+05 3.713748e+08
<GCONST> 8.306552e+01
<MIXTURE> 7 7.927683e-02
<MEAN> 6
 6.514153e+01 -1.275891e+02 -2.439570e+02 1.324559e+00 -3.517033e+00 -9.080431e+01
<VARIANCE> 6
 5.374331e+01 2.077229e+05 1.100094e+05 3.003832e+02 4.056576e+04 5.205853e+07
<GCONST> 7.294739e+01
<MIXTURE> 8 1.096221e-01
<MEAN> 6
 -5.337013e+01 8.095309e+01 1.076181e+01 1.662882e+01 3.571313e+02 5.259695e+02
<VARIANCE> 6
 2.262873e+02 8.069835e+04 9.694302e+04 2.967833e+03 1.242345e+05 5.205853e+07
<GCONST> 7.672281e+01
<MIXTURE> 9 7.566077e-02
<MEAN> 6
 8.175452e+01 5.560371e+01 1.096370e+02 -4.864264e-01 -5.721191e+02 1.280254e+02
<VARIANCE> 6
 3.525147e+02 5.880259e+04 1.211377e+05 1.961620e+04 1.752972e+05 5.205853e+07
<GCONST> 7.930521e+01
<MIXTURE> 10 8.660411e-02
<MEAN> 6
 8.083014e+01 -5.178988e+01 -1.308267e+02 -9.649541e-01 -1.363745e+01 -3.137609e+02
<VARIANCE> 6
 1.288119e+02 7.129764e+04 1.157802e+05 3.003832e+02 4.056576e+04 5.205853e+07
<GCONST> 7.280330e+01
<MIXTURE> 11 7.684306e-02
<MEAN> 6
 1.470820e+01 7.859178e+01 2.428876e+01 2.113245e+02 1.323414e+02 -1.669491e+03
<VARIANCE> 6
 7.933652e+02 1.001761e+05 3.263507e+04 4.487611e+03 1.486867e+05 5.205853e+07
<GCONST> 7.769792e+01
<MIXTURE> 12 6.454000e-02
<MEAN> 6
 -5.297145e+01 8.588886e+01 -4.404471e+01 -7.939320e+01 1.647114e+03 -3.638141e+03
<VARIANCE> 6
 3.388109e+02 8.180841e+04 2.478138e+05 2.995894e+04 1.041497e+06 6.831501e+08
<GCONST> 8.509125e+01
<MIXTURE> 13 6.876436e-02
<MEAN> 6
 7.386068e+01 -5.766366e+01 4.559170e+01 -1.298354e+02 -8.908544e+02 -1.665881e+03
<VARIANCE> 6
 3.846934e+02 7.837165e+04 1.140123e+05 1.787772e+04 2.798281e+05 6.444893e+07
<GCONST> 8.020761e+01
<STATE> 3
<NUMMIXES> 13
<MIXTURE> 1 5.774654e-02
<MEAN> 6
 9.966083e+01 1.556321e+02 1.235952e+01 -4.108911e+00 -6.024353e+00 4.519349e+02
<VARIANCE> 6
 3.171015e+01 1.281363e+04 1.155935e+04 3.003832e+02 4.056576e+04 5.205853e+07
<GCONST> 6.738103e+01
<MIXTURE> 2 1.107380e-01
<MEAN> 6
 9.742104e+01 5.156293e+02 -2.118304e+02 3.092549e+00 -6.073349e+01 3.967989e+02
<VARIANCE> 6
 3.171015e+01 3.079672e+04 1.155935e+04 7.109924e+02 4.056576e+04 5.205853e+07
<GCONST> 6.911954e+01
<MIXTURE> 3 1.083890e-01
<MEAN> 6
 9.267487e+01 2.764099e+02 -4.412473e+02 8.867314e-01 1.724375e+01 -9.375292e+01
<VARIANCE> 6
 3.171015e+01 1.281363e+04 1.155935e+04 3.003832e+02 4.056576e+04 5.205853e+07
<GCONST> 6.738103e+01
<MIXTURE> 4 9.045811e-02
<MEAN> 6
 1.061632e+02 -2.389141e+00 -2.860522e+02 -9.739544e-01 -2.518691e+01 -3.092063e+02
<VARIANCE> 6
 3.171015e+01 1.281363e+04 1.155935e+04 3.003832e+02 4.056576e+04 5.205853e+07
<GCONST> 6.738103e+01
<MIXTURE> 5 3.246814e-02
<MEAN> 6
 9.400526e+01 2.555500e+02 -3.811151e+02 1.018456e+00 2.533688e+00 -1.379166e+02
<VARIANCE> 6
 3.171015e+01 1.281363e+04 2.656161e+04 3.003832e+02 4.056576e+04 5.205853e+07
<GCONST> 6.821301e+01
<MIXTURE> 6 9.018719e-02
<MEAN> 6
 9.768368e+01 8.802267e+00 -4.657807e+02 -1.152593e+00 -5.511844e+00 -1.090453e+02
<VARIANCE> 6
 3.171015e+01 1.281363e+04 1.155935e+04 3.003832e+02 4.056576e+04 5.205853e+07
<GCONST> 6.738103e+01
<MIXTURE> 7 8.146347e-02
<MEAN> 6
 9.376623e+01 -5.748302e+01 -4.181846e+02 -2.232482e+00 1.597892e-01 -2.134866e+02
<VARIANCE> 6
 3.171015e+01 1.281363e+04 1.155935e+04 3.003832e+02 4.056576e+04 5.205853e+07
<GCONST> 6.738103e+01
<MIXTURE> 8 4.731475e-02
<MEAN> 6
 9.455836e+01 2.619571e+02 -5.681619e+02 -1.791235e+00 4.113045e+00 4.953847e+00
<VARIANCE> 6
 3.171015e+01 1.281363e+04 1.556207e+04 3.003832e+02 4.056576e+04 5.205853e+07
<GCONST> 6.767838e+01
<MIXTURE> 9 8.191007e-02
<MEAN> 6
 9.336553e+01 1.656102e+02 -1.839742e+02 -1.537134e+00 4.213785e+01 -2.112354e+02
<VARIANCE> 6
 3.171015e+01 1.281363e+04 1.155935e+04 3.003832e+02 4.056576e+04 5.205853e+07
<GCONST> 6.738103e+01
<MIXTURE> 10 1.072734e-01
<MEAN> 6
 1.043097e+02 -6.822002e+01 -1.881292e+02 -1.250872e+01 -4.648480e+01 1.047736e+04
<VARIANCE> 6
 1.394175e+02 6.369994e+05 1.418529e+05 1.780966e+03 1.029061e+06 8.547949e+08
<GCONST> 8.308725e+01
<MIXTURE> 11 7.773645e-02
<MEAN> 6
 9.384757e+01 8.890415e+01 -1.675226e+02 -4.539598e+00 9.400612e+00 1.031510e+02
<VARIANCE> 6
 3.171015e+01 1.526755e+04 1.155935e+04 3.003832e+02 4.056576e+04 5.205853e+07
<GCONST> 6.755625e+01
<MIXTURE> 12 5.733140e-02
<MEAN> 6
 9.559937e+01 2.583417e+02 -6.569425e+02 -3.108648e+00 2.459524e+00 2.972300e+01
<VARIANCE> 6
 3.171015e+01 1.281363e+04 1.155935e+04 3.003832e+02 4.056576e+04 5.205853e+07
<GCONST> 6.738103e+01
<MIXTURE> 13 5.696803e-02
<MEAN> 6
 9.916981e+01 1.488524e+02 -3.373374e+00 -4.496702e+00 -1.324420e+00 4.517026e+02
<VARIANCE> 6
 3.171015e+01 1.281363e+04 1.155935e+04 3.003832e+02 4.056576e+04 5.205853e+07
<GCONST> 6.738103e+01
<STATE> 4
<NUMMIXES> 13
<MIXTURE> 1 4.400777e-02
<MEAN> 6
 9.941087e+01 7.975155e+02 2.913906e+02 -4.890442e+00 -3.858541e+00 7.830527e+01
<VARIANCE> 6
 3.171015e+01 1.281363e+04 1.155935e+04 3.003832e+02 4.056576e+04 5.205853e+07
<GCONST> 6.738103e+01
<MIXTURE> 2 7.584630e-02
<MEAN> 6
 1.069374e+02 -2.658150e+02 2.114243e+02 -1.207411e+01 -4.142477e+01 8.884851e+02
<VARIANCE> 6
 5.322761e+01 3.116033e+04 5.107696e+04 3.003832e+02 4.056576e+04 5.205853e+07
<GCONST> 7.027345e+01
<MIXTURE> 3 8.004495e-02
<MEAN> 6
 9.325576e+01 1.477491e+02 2.250845e+02 -2.954438e+00 -2.215029e+00 9.470154e+01
<VARIANCE> 6
 3.171015e+01 1.281363e+04 1.516971e+04 3.003832e+02 4.056576e+04 5.205853e+07
<GCONST> 6.765284e+01
<MIXTURE> 4 8.941881e-02
<MEAN> 6
 8.966517e+01 4.690438e+02 2.151707e+02 -2.148075e+00 -6.637786e+00 1.052545e+02
<VARIANCE> 6
 3.171015e+01 5.145068e+04 1.155935e+04 3.003832e+02 4.056576e+04 5.205853e+07
<GCONST> 6.877115e+01
<MIXTURE> 5 5.731745e-02
<MEAN> 6
 1.007264e+02 -4.265126e+02 1.539674e+02 -4.297632e+00 -1.646280e+01 1.139376e+02
<VARIANCE> 6
 4.164542e+01 1.705584e+04 1.155935e+04 3.003832e+02 4.056576e+04 5.205853e+07
<GCONST> 6.793957e+01
<MIXTURE> 6 9.157144e-02
<MEAN> 6
 9.530121e+01 -1.110775e+02 8.806853e+01 -2.359159e+00 2.387367e-02 -2.497590e+01
<VARIANCE> 6
 3.171015e+01 1.722911e+04 1.155935e+04 3.003832e+02 4.056576e+04 5.205853e+07
<GCONST> 6.767712e+01
<MIXTURE> 7 6.190179e-02
<MEAN> 6
 9.628790e+01 -6.908552e+02 9.270453e+00 2.039129e+00 -1.559966e+01 5.955649e+01
<VARIANCE> 6
 3.171015e+01 1.016327e+05 1.155935e+04 3.003832e+02 4.056576e+04 5.205853e+07
<GCONST> 6.945189e+01
<MIXTURE> 8 9.040633e-02
<MEAN> 6
 9.801032e+01 -7.235886e+01 8.213077e+01 -3.046285e+00 -2.669956e+00 1.414433e+00
<VARIANCE> 6
 3.370533e+01 1.281363e+04 1.155935e+04 3.003832e+02 4.056576e+04 5.205853e+07
<GCONST> 6.744205e+01
<MIXTURE> 9 7.983569e-02
<MEAN> 6
 9.159253e+01 -3.046877e+02 7.770042e+01 -4.019492e+00 8.263173e+00 6.197161e+01
<VARIANCE> 6
 3.171015e+01 1.635076e+04 1.155935e+04 3.003832e+02 4.056576e+04 5.205853e+07
<GCONST> 6.762480e+01
<MIXTURE> 10 1.137056e-01
<MEAN> 6
 9.223249e+01 8.033343e+02 1.866394e+02 -2.653663e+00 1.249212e+00 5.092526e+01
<VARIANCE> 6
 3.171015e+01 1.281363e+04 1.155935e+04 3.003832e+02 4.056576e+04 5.205853e+07
<GCONST> 6.738103e+01
<MIXTURE> 11 9.208638e-02
<MEAN> 6
 9.624014e+01 -8.228703e+01 7.606557e+01 -2.336219e+00 -1.982751e+00 -2.314604e+01
<VARIANCE> 6
 3.171015e+01 1.281363e+04 1.155935e+04 3.003832e+02 4.056576e+04 5.205853e+07
<GCONST> 6.738103e+01
<MIXTURE> 12 6.864190e-02
<MEAN> 6
 9.437086e+01 1.083955e+02 1.539644e+02 -2.930676e+00 1.023704e+00 2.395036e+01
<VARIANCE> 6
 3.171015e+01 1.281363e+04 1.321451e+04 3.003832e+02 4.056576e+04 5.205853e+07
<GCONST> 6.751485e+01
<MIXTURE> 13 5.519986e-02
<MEAN> 6
 9.560394e+01 -4.896685e+02 1.064017e+02 -1.738138e-01 -1.124207e+01 7.026311e+01
<VARIANCE> 6
 5.995449e+01 1.281363e+04 1.155935e+04 3.003832e+02 4.056576e+04 5.205853e+07
<GCONST> 6.801798e+01
<STATE> 5
<NUMMIXES> 13
<MIXTURE> 1 8.810315e-02
<MEAN> 6
 9.308922e+01 1.035435e+03 1.189475e+03 -3.445173e+00 -1.306355e+00 1.114146e+02
<VARIANCE> 6
 3.171015e+01 2.023883e+04 1.155935e+04 3.003832e+02 4.056576e+04 5.205853e+07
<GCONST> 6.783813e+01
<MIXTURE> 2 6.281555e-02
<MEAN> 6
 1.007976e+02 -3.435657e+02 1.060329e+03 1.496730e+00 8.918267e+00 -2.999933e+02
<VARIANCE> 6
 3.171015e+01 1.281363e+04 1.155935e+04 3.003832e+02 4.056576e+04 5.205853e+07
<GCONST> 6.738103e+01
<MIXTURE> 3 8.962572e-02
<MEAN> 6
 9.055215e+01 -1.348096e+03 7.943958e+02 -1.905636e-01 5.976546e-01 -2.544052e+02
<VARIANCE> 6
 3.171015e+01 1.281363e+04 1.155935e+04 3.003832e+02 4.056576e+04 5.205853e+07
<GCONST> 6.738103e+01
<MIXTURE> 4 7.392587e-02
<MEAN> 6
 9.876209e+01 -3.447452e+02 6.925375e+02 -8.615050e+00 -7.017603e+00 7.422727e+01
<VARIANCE> 6
 3.914928e+01 1.281363e+04 1.155935e+04 3.003832e+02 4.056576e+04 5.205853e+07
<GCONST> 6.759177e+01
<MIXTURE> 5 5.684073e-02
<MEAN> 6
 9.157814e+01 -1.371157e+02 4.528572e+02 2.943741e+00 8.923935e+00 -2.184790e+01
<VARIANCE> 6
 3.171015e+01 2.005323e+04 1.155935e+04 3.003832e+02 4.056576e+04 5.205853e+07
<GCONST> 6.782891e+01
<MIXTURE> 6 1.304460e-01
<MEAN> 6
 9.747335e+01 -6.270789e+02 5.862397e+02 -5.681186e-01 2.186799e+00 -2.047870e+02
<VARIANCE> 6
 3.171015e+01 1.281363e+04 1.155935e+04 3.003832e+02 4.056576e+04 5.205853e+07
<GCONST> 6.738103e+01
<MIXTURE> 7 1.090567e-01
<MEAN> 6
 8.575326e+01 -3.687197e+02 3.161340e+02 -8.351417e+00 1.717051e+01 2.801078e+02
<VARIANCE> 6
 3.171015e+01 1.281363e+04 1.155935e+04 3.003832e+02 4.056576e+04 5.205853e+07
<GCONST> 6.738103e+01
<MIXTURE> 8 1.161300e-01
<MEAN> 6
 9.021548e+01 -1.447159e+03 8.525494e+02 -1.314166e-01 2.373718e+00 5.907025e+01
<VARIANCE> 6
 3.171015e+01 1.281363e+04 1.155935e+04 3.003832e+02 4.056576e+04 5.205853e+07
<GCONST> 6.738103e+01
<MIXTURE> 9 9.284626e-02
<MEAN> 6
 9.729721e+01 -5.911641e+02 4.966556e+02 -9.267741e-01 -4.845044e-01 -1.147005e+02
<VARIANCE> 6
 3.171015e+01 1.281363e+04 1.451237e+04 3.003832e+02 4.056576e+04 5.205853e+07
<GCONST> 6.760854e+01
<MIXTURE> 10 1.082714e-02
<MEAN> 6
 8.050198e+01 -7.648642e+02 -2.290782e+02 -1.132807e+01 1.009895e+02 -1.061464e+03
<VARIANCE> 6
 1.514584e+02 8.059748e+05 4.007852e+05 3.479981e+02 4.850339e+04 5.205853e+07
<GCONST> 7.695802e+01
<MIXTURE> 11 4.149890e-02
<MEAN> 6
 8.074187e+01 -7.012426e+02 4.013272e+02 -1.089816e+01 8.718834e+00 2.352067e+02
<VARIANCE> 6
 3.171015e+01 1.281363e+04 1.155935e+04 3.003832e+02 4.056576e+04 5.205853e+07
<GCONST> 6.738103e+01
<MIXTURE> 12 5.490833e-02
<MEAN> 6
 9.260540e+01 -1.983509e+02 4.521003e+02 1.243072e+00 -7.346738e+01 -7.903146e+02
<VARIANCE> 6
 3.171015e+01 1.449497e+04 1.155935e+04 3.003832e+02 5.950003e+04 5.205853e+07
<GCONST> 6.788737e+01
<MIXTURE> 13 7.296460e-02
<MEAN> 6
 9.541209e+01 -3.636206e+02 7.253004e+02 -1.009958e+01 1.055750e+01 2.698922e+02
<VARIANCE> 6
 6.124167e+01 1.281363e+04 1.155935e+04 3.003832e+02 4.056576e+04 5.205853e+07
<GCONST> 6.803922e+01
<STATE> 6
<NUMMIXES> 13
<MIXTURE> 1 6.675358e-02
<MEAN> 6
 7.561350e+01 2.012310e+02 -1.358034e+03 2.408039e+00 1.958681e+01 2.228275e+01
<VARIANCE> 6
 3.171015e+01 1.281363e+04 1.155935e+04 3.003832e+02 4.056576e+04 5.205853e+07
<GCONST> 6.738103e+01
<MIXTURE> 2 5.645826e-02
<MEAN> 6
 7.893895e+01 4.097309e+02 -2.037758e+03 1.324167e+00 -1.480746e+01 -3.825665e+02
<VARIANCE> 6
 3.171015e+01 1.281363e+04 1.155935e+04 3.003832e+02 4.056576e+04 5.205853e+07
<GCONST> 6.738103e+01
<MIXTURE> 3 2.387649e-02
<MEAN> 6
 7.667799e+01 1.556216e+01 -1.856277e+03 4.757901e+01 -3.276222e+02 -7.534279e+02
<VARIANCE> 6
 1.349013e+02 3.737793e+05 1.349110e+06 2.456872e+03 9.443095e+04 5.205853e+07
<GCONST> 7.990833e+01
<MIXTURE> 4 1.130523e-01
<MEAN> 6
 8.172854e+01 1.824323e+02 -2.379463e+03 5.935914e-01 -4.025243e+00 5.129809e+01
<VARIANCE> 6
 3.171015e+01 1.281363e+04 1.155935e+04 3.003832e+02 4.056576e+04 5.205853e+07
<GCONST> 6.738103e+01
<MIXTURE> 5 9.730189e-02
<MEAN> 6
 7.462131e+01 3.637773e+01 -1.780552e+03 -4.092907e-01 1.636543e+01 -1.148075e+02
<VARIANCE> 6
 3.171015e+01 1.281363e+04 1.870900e+04 3.003832e+02 4.056576e+04 5.205853e+07
<GCONST> 6.786254e+01
<MIXTURE> 6 7.600687e-02
<MEAN> 6
 8.078033e+01 5.534826e+01 -2.163261e+03 -1.711246e+00 -1.937391e+01 -2.015000e+02
<VARIANCE> 6
 3.171015e+01 1.281363e+04 1.155935e+04 3.003832e+02 4.056576e+04 5.205853e+07
<GCONST> 6.738103e+01
<MIXTURE> 7 9.348554e-02
<MEAN> 6
 7.554753e+01 1.807909e+02 -1.380994e+03 2.424755e+00 1.593263e+01 -7.739633e+01
<VARIANCE> 6
 3.171015e+01 1.281363e+04 1.155935e+04 3.003832e+02 4.056576e+04 5.205853e+07
<GCONST> 6.738103e+01
<MIXTURE> 8 8.118921e-02
<MEAN> 6
 7.508994e+01 4.448085e+02 -2.124904e+03 2.353772e+00 -1.693372e+00 -7.533582e+00
<VARIANCE> 6
 3.171015e+01 1.281363e+04 1.155935e+04 3.003832e+02 4.056576e+04 5.205853e+07
<GCONST> 6.738103e+01
<MIXTURE> 9 1.126657e-01
<MEAN> 6
 8.171872e+01 1.792932e+02 -2.378468e+03 5.915151e-01 -4.194101e+00 5.407505e+01
<VARIANCE> 6
 3.171015e+01 1.281363e+04 1.155935e+04 3.003832e+02 4.056576e+04 5.205853e+07
<GCONST> 6.738103e+01
<MIXTURE> 10 7.504259e-02
<MEAN> 6
 8.084389e+01 5.652654e+01 -2.167657e+03 -1.606289e+00 -1.835590e+01 -1.904054e+02
<VARIANCE> 6
 3.171015e+01 1.281363e+04 1.155935e+04 3.003832e+02 4.056576e+04 5.205853e+07
<GCONST> 6.738103e+01
<MIXTURE> 11 8.189335e-02
<MEAN> 6
 7.507148e+01 4.450623e+02 -2.125763e+03 2.361925e+00 -1.616940e+00 -6.550425e+00
<VARIANCE> 6
 3.171015e+01 1.281363e+04 1.155935e+04 3.003832e+02 4.056576e+04 5.205853e+07
<GCONST> 6.738103e+01
<MIXTURE> 12 6.669283e-02
<MEAN> 6
 7.548545e+01 1.614971e+02 -1.405405e+03 2.633358e+00 1.417470e+01 -2.123003e+02
<VARIANCE> 6
 3.171015e+01 1.281363e+04 1.155935e+04 3.003832e+02 4.056576e+04 5.205853e+07
<GCONST> 6.738103e+01
<MIXTURE> 13 5.557327e-02
<MEAN> 6
 7.653011e+01 4.294567e+02 -2.088484e+03 2.011913e+00 -5.896999e+00 -1.014243e+02
<VARIANCE> 6
 3.171015e+01 1.281363e+04 1.155935e+04 3.003832e+02 4.056576e+04 5.205853e+07
<GCONST> 6.738103e+01
<STATE> 7
<NUMMIXES> 13
<MIXTURE> 1 7.204761e-02
<MEAN> 6
 1.258982e+02 1.889108e+02 2.375627e+02 -4.915417e+00 -1.519109e+01 3.025875e+02
<VARIANCE> 6
 3.171015e+01 1.616750e+04 1.155935e+04 3.003832e+02 4.056576e+04 5.205853e+07
<GCONST> 6.761353e+01
<MIXTURE> 2 7.048211e-02
<MEAN> 6
 9.734726e+01 -4.071309e+02 -5.260648e+02 1.033075e+00 -3.952942e+00 -8.320834e+01
<VARIANCE> 6
 3.171015e+01 1.281363e+04 1.155935e+04 3.003832e+02 4.056576e+04 5.205853e+07
<GCONST> 6.738103e+01
<MIXTURE> 3 6.800658e-02
<MEAN> 6
 1.132222e+02 -6.375728e+02 9.206856e+01 -3.346422e+00 -5.040333e+00 3.469542e+01
<VARIANCE> 6
 3.171015e+01 1.281363e+04 2.828554e+04 3.003832e+02 4.056576e+04 5.205853e+07
<GCONST> 6.827589e+01
<MIXTURE> 4 8.889329e-02
<MEAN> 6
 9.532938e+01 -6.718079e+02 -1.578841e+02 -3.204062e+00 -2.811138e+00 1.081190e+02
<VARIANCE> 6
 3.171015e+01 1.281363e+04 1.155935e+04 3.003832e+02 4.056576e+04 5.205853e+07
<GCONST> 6.738103e+01
<MIXTURE> 5 9.938008e-02
<MEAN> 6
 1.129138e+02 1.136659e+02 -4.237348e+02 -5.369606e+00 -1.021786e+01 -3.447623e+02
<VARIANCE> 6
 3.171015e+01 2.671687e+05 1.155935e+04 3.003832e+02 4.056576e+04 5.205853e+07
<GCONST> 7.041840e+01
<MIXTURE> 6 5.416742e-02
<MEAN> 6
 1.096101e+02 -1.202480e+03 -8.714968e+02 -2.320399e+00 -3.365548e+01 -5.049807e+02
<VARIANCE> 6
 3.171015e+01 1.281363e+04 1.155935e+04 3.003832e+02 4.056576e+04 5.205853e+07
<GCONST> 6.738103e+01
<MIXTURE> 7 1.040083e-01
<MEAN> 6
 1.096288e+02 6.169357e+00 3.765436e+02 2.558452e-01 -1.194328e+00 3.222460e+00
<VARIANCE> 6
 3.171015e+01 1.704239e+04 1.155935e+04 3.003832e+02 4.056576e+04 5.205853e+07
<GCONST> 6.766623e+01
<MIXTURE> 8 5.891863e-02
<MEAN> 6
 8.534500e+01 -5.258176e+02 -3.841850e+02 -4.981642e-01 2.047116e+01 -1.327795e+02
<VARIANCE> 6
 3.171015e+01 1.281363e+04 1.155935e+04 3.003832e+02 4.056576e+04 5.205853e+07
<GCONST> 6.738103e+01
<MIXTURE> 9 1.157378e-01
<MEAN> 6
 1.122199e+02 -2.336880e+01 2.638023e+02 -3.638609e+00 7.875094e+00 5.007436e+01
<VARIANCE> 6
 3.171015e+01 1.281363e+04 1.155935e+04 3.003832e+02 4.056576e+04 5.205853e+07
<GCONST> 6.738103e+01
<MIXTURE> 10 5.868099e-02
<MEAN> 6
 1.040201e+02 -9.213624e+02 6.847071e+01 -4.941585e+00 -1.356385e+01 -9.014268e+01
<VARIANCE> 6
 3.171015e+01 1.281363e+04 7.158045e+04 3.003832e+02 4.056576e+04 5.205853e+07
<GCONST> 6.920436e+01
<MIXTURE> 11 7.018034e-02
<MEAN> 6
 9.734751e+01 -4.074632e+02 -5.260922e+02 1.055523e+00 -4.000976e+00 -8.485246e+01
<VARIANCE> 6
 3.171015e+01 1.281363e+04 1.155935e+04 3.003832e+02 4.056576e+04 5.205853e+07
<GCONST> 6.738103e+01
<MIXTURE> 12 7.856523e-02
<MEAN> 6
 1.083692e+02 -7.190614e+02 -2.324374e+02 -4.267346e+00 -2.556943e+00 9.389080e+01
<VARIANCE> 6
 3.171015e+01 1.281363e+04 3.142702e+04 3.003832e+02 4.056576e+04 5.205853e+07
<GCONST> 6.838121e+01
<MIXTURE> 13 6.091757e-02
<MEAN> 6
 1.030222e+02 -9.416092e+02 -1.396203e+01 -3.348632e+00 -6.854885e+00 -4.945048e+01
<VARIANCE> 6
 3.171015e+01 1.357010e+04 3.514364e+04 3.003832e+02 4.056576e+04 5.205853e+07
<GCONST> 6.855034e+01
<STATE> 8
<NUMMIXES> 13
<MIXTURE> 1 1.136370e-01
<MEAN> 6
 7.037473e+01 1.557465e+02 -2.422218e+02 -7.116304e-01 -2.085208e+01 -1.043175e+02
<VARIANCE> 6
 3.171015e+01 1.281363e+04 1.155935e+04 3.003832e+02 4.056576e+04 5.205853e+07
<GCONST> 6.738103e+01
<MIXTURE> 2 8.577636e-02
<MEAN> 6
 7.650260e+01 -2.249799e+02 -5.013167e+02 -2.608443e-01 -1.157186e+01 -2.696332e+01
<VARIANCE> 6
 3.171015e+01 1.281363e+04 1.155935e+04 3.003832e+02 4.056576e+04 5.205853e+07
<GCONST> 6.738103e+01
<MIXTURE> 3 7.795822e-03
<MEAN> 6
 7.704919e+01 -2.231115e+02 2.214829e+01 1.723226e+00 6.629569e+01 2.194430e+02
<VARIANCE> 6
 1.313080e+02 5.242905e+05 2.779041e+05 3.003832e+02 6.587643e+04 5.205853e+07
<GCONST> 7.617812e+01
<MIXTURE> 4 8.425950e-02
<MEAN> 6
 6.858006e+01 2.705357e+01 -8.253880e+02 -4.439535e-01 -8.371055e+00 -2.595850e+02
<VARIANCE> 6
 3.171015e+01 1.281363e+04 1.238506e+04 3.003832e+02 4.056576e+04 5.205853e+07
<GCONST> 6.745003e+01
<MIXTURE> 5 6.542195e-02
<MEAN> 6
 7.124319e+01 9.094170e+01 -4.651984e+02 -1.176006e-01 5.238617e+00 4.070678e+01
<VARIANCE> 6
 3.171015e+01 1.281363e+04 1.155935e+04 3.003832e+02 4.056576e+04 5.205853e+07
<GCONST> 6.738103e+01
<MIXTURE> 6 3.697624e-03
<MEAN> 6
 7.553202e+01 -1.976003e+02 -1.026530e+03 -1.162682e+00 1.453538e-01 -1.126129e+02
<VARIANCE> 6
 3.171015e+01 2.111380e+04 1.155935e+04 3.003832e+02 4.056576e+04 5.205853e+07
<GCONST> 6.788045e+01
<MIXTURE> 7 1.043352e-01
<MEAN> 6
 7.202724e+01 -4.319018e+02 -7.632255e+02 -1.029455e+00 -7.285523e+00 -1.022798e+01
<VARIANCE> 6
 3.171015e+01 1.281363e+04 1.155935e+04 3.003832e+02 4.056576e+04 5.205853e+07
<GCONST> 6.738103e+01
<MIXTURE> 8 1.155193e-01
<MEAN> 6
 7.638055e+01 -2.817224e+02 -1.025396e+03 -7.171561e-01 7.836124e-01 -9.050609e+01
<VARIANCE> 6
 3.171015e+01 1.281363e+04 1.155935e+04 3.003832e+02 4.056576e+04 5.205853e+07
<GCONST> 6.738103e+01
<MIXTURE> 9 7.495081e-02
<MEAN> 6
 7.061453e+01 2.316556e+01 -1.014344e+03 -1.923146e+00 1.291423e+00 -4.720233e+01
<VARIANCE> 6
 3.171015e+01 1.281363e+04 1.155935e+04 3.003832e+02 4.056576e+04 5.205853e+07
<GCONST> 6.738103e+01
<MIXTURE> 10 1.041807e-01
<MEAN> 6
 7.202608e+01 -4.320406e+02 -7.634114e+02 -1.029404e+00 -7.293268e+00 -1.070954e+01
<VARIANCE> 6
 3.171015e+01 1.281363e+04 1.155935e+04 3.003832e+02 4.056576e+04 5.205853e+07
<GCONST> 6.738103e+01
<MIXTURE> 11 9.490220e-02
<MEAN> 6
 7.178548e+01 3.028896e+01 -1.061653e+03 -2.829421e+00 -1.021921e+00 -2.576408e+01
<VARIANCE> 6
 3.171015e+01 1.281363e+04 1.155935e+04 3.003832e+02 4.056576e+04 5.205853e+07
<GCONST> 6.738103e+01
<MIXTURE> 12 8.045935e-02
<MEAN> 6
 6.881610e+01 2.316822e+01 -8.661177e+02 -6.444343e-01 -5.005057e+00 -1.872810e+02
<VARIANCE> 6
 3.171015e+01 1.281363e+04 1.248750e+04 3.003832e+02 4.056576e+04 5.205853e+07
<GCONST> 6.745827e+01
<MIXTURE> 13 6.504252e-02
<MEAN> 6
 7.069727e+01 8.325520e+01 -5.092096e+02 1.926947e+00 -4.081984e+00 -1.940815e+02
<VARIANCE> 6
 3.171015e+01 1.281363e+04 1.155935e+04 3.003832e+02 4.056576e+04 5.205853e+07
<GCONST> 6.738103e+01
<STATE> 9
<NUMMIXES> 13
<MIXTURE> 1 6.415103e-02
<MEAN> 6
 8.469786e+01 6.800709e+02 1.075750e+03 -6.443205e+00 3.506846e+00 -5.069962e+00
<VARIANCE> 6
 3.171015e+01 1.281363e+04 1.155935e+04 3.003832e+02 4.056576e+04 5.205853e+07
<GCONST> 6.738103e+01
<MIXTURE> 2 5.375893e-03
<MEAN> 6
 8.614957e+01 -2.012300e+02 1.143652e+01 -4.166186e+00 -1.547329e+02 -3.383413e+03
<VARIANCE> 6
 2.697238e+02 1.310339e+06 7.013641e+05 3.839784e+02 9.082391e+04 5.291780e+07
<GCONST> 7.932275e+01
<MIXTURE> 3 9.673011e-02
<MEAN> 6
 5.870995e+01 1.670394e+02 9.834974e+02 7.904635e-02 -1.430224e+00 -1.080873e+02
<VARIANCE> 6
 3.171015e+01 1.281363e+04 1.155935e+04 3.003832e+02 4.056576e+04 5.205853e+07
<GCONST> 6.738103e+01
<MIXTURE> 4 7.316852e-02
<MEAN> 6
 6.193769e+01 2.003783e+02 7.397646e+02 1.693620e+00 1.828998e+01 -1.222382e+01
<VARIANCE> 6
 3.171015e+01 1.281363e+04 1.155935e+04 3.003832e+02 4.056576e+04 5.205853e+07
<GCONST> 6.738103e+01
<MIXTURE> 5 1.069222e-01
<MEAN> 6
 7.543663e+01 4.333371e+02 8.667944e+02 -2.051685e+00 6.800091e-01 2.433976e+01
<VARIANCE> 6
 3.171015e+01 1.281363e+04 1.155935e+04 3.003832e+02 4.056576e+04 5.205853e+07
<GCONST> 6.738103e+01
<MIXTURE> 6 9.679633e-02
<MEAN> 6
 5.870963e+01 1.670290e+02 9.835231e+02 7.904689e-02 -1.430748e+00 -1.081178e+02
<VARIANCE> 6
 3.171015e+01 1.281363e+04 1.155935e+04 3.003832e+02 4.056576e+04 5.205853e+07
<GCONST> 6.738103e+01
<MIXTURE> 7 5.238529e-02
<MEAN> 6
 7.311831e+01 -3.321677e+01 6.198459e+02 2.637816e+00 1.543192e+01 -3.777307e+02
<VARIANCE> 6
 3.171015e+01 1.281363e+04 1.155935e+04 3.003832e+02 4.056576e+04 5.205853e+07
<GCONST> 6.738103e+01
<MIXTURE> 8 9.696747e-02
<MEAN> 6
 5.870997e+01 1.670403e+02 9.834951e+02 7.904610e-02 -1.430173e+00 -1.080845e+02
<VARIANCE> 6
 3.171015e+01 1.281363e+04 1.155935e+04 3.003832e+02 4.056576e+04 5.205853e+07
<GCONST> 6.738103e+01
<MIXTURE> 9 9.126708e-02
<MEAN> 6
 7.195280e+01 3.179943e+02 6.782457e+02 -1.774940e+00 -9.589390e+00 6.237205e+01
<VARIANCE> 6
 3.171015e+01 1.281363e+04 1.155935e+04 3.003832e+02 4.056576e+04 5.205853e+07
<GCONST> 6.738103e+01
<MIXTURE> 10 9.675388e-02
<MEAN> 6
 5.871042e+01 1.670554e+02 9.834578e+02 7.904716e-02 -1.429382e+00 -1.080399e+02
<VARIANCE> 6
 3.171015e+01 1.281363e+04 1.155935e+04 3.003832e+02 4.056576e+04 5.205853e+07
<GCONST> 6.738103e+01
<MIXTURE> 11 7.375436e-02
<MEAN> 6
 6.197453e+01 2.002206e+02 7.377401e+02 1.778057e+00 1.917835e+01 -1.948149e+01
<VARIANCE> 6
 3.171015e+01 1.281363e+04 1.155935e+04 3.003832e+02 4.056576e+04 5.205853e+07
<GCONST> 6.738103e+01
<MIXTURE> 12 8.485078e-02
<MEAN> 6
 7.162897e+01 3.092764e+02 6.501229e+02 -2.518647e+00 -1.760855e+01 -3.262898e+01
<VARIANCE> 6
 3.171015e+01 1.281363e+04 1.155935e+04 3.003832e+02 4.056576e+04 5.205853e+07
<GCONST> 6.738103e+01
<MIXTURE> 13 6.084744e-02
<MEAN> 6
 8.152528e+01 6.026273e+02 1.036934e+03 -5.388803e+00 2.548678e+00 -5.228239e+00
<VARIANCE> 6
 3.171015e+01 1.281363e+04 1.155935e+04 3.003832e+02 4.056576e+04 5.205853e+07
<GCONST> 6.738103e+01
<STATE> 10
<NUMMIXES> 13
<MIXTURE> 1 8.485524e-02
<MEAN> 6
 7.937830e+01 8.623578e+01 1.481400e+02 -2.525220e+00 -5.221902e+01 -5.284469e+01
<VARIANCE> 6
 3.171015e+01 1.281363e+04 1.155935e+04 3.003832e+02 4.056576e+04 5.205853e+07
<GCONST> 6.738103e+01
<MIXTURE> 2 7.135174e-02
<MEAN> 6
 7.301862e+01 -1.404342e+01 1.694062e+02 -2.491502e+00 -5.827353e+00 -6.433330e+01
<VARIANCE> 6
 3.171015e+01 1.281363e+04 1.155935e+04 3.003832e+02 4.056576e+04 5.205853e+07
<GCONST> 6.738103e+01
<MIXTURE> 3 7.364870e-03
<MEAN> 6
 7.691332e+01 9.481523e+01 5.598038e+01 1.541990e+01 3.272170e+02 -3.445995e+03
<VARIANCE> 6
 1.399795e+02 5.886017e+05 2.989390e+05 8.373411e+02 2.679012e+05 9.088497e+07
<GCONST> 7.941597e+01
<MIXTURE> 4 1.053873e-01
<MEAN> 6
 7.377210e+01 8.268250e+01 -4.793648e+01 -3.472357e+00 1.396410e+01 6.082231e+01
<VARIANCE> 6
 4.608043e+01 1.281363e+04 1.155935e+04 3.003832e+02 4.056576e+04 5.205853e+07
<GCONST> 6.775478e+01
<MIXTURE> 5 8.201338e-02
<MEAN> 6
 7.228258e+01 -2.337343e+01 1.672516e+02 -2.542809e+00 -5.259014e+00 -7.688465e+01
<VARIANCE> 6
 3.171015e+01 1.281363e+04 1.155935e+04 3.003832e+02 4.056576e+04 5.205853e+07
<GCONST> 6.738103e+01
<MIXTURE> 6 7.480549e-02
<MEAN> 6
 7.580954e+01 -5.368531e+00 1.566169e+02 -2.838720e+00 -1.286485e+01 -1.966845e+01
<VARIANCE> 6
 3.171015e+01 1.281363e+04 1.155935e+04 3.003832e+02 4.056576e+04 5.205853e+07
<GCONST> 6.738103e+01
<MIXTURE> 7 1.178811e-01
<MEAN> 6
 7.525413e+01 -2.063358e+02 9.460090e+01 -4.317868e+00 4.168305e+00 4.113375e+01
<VARIANCE> 6
 3.772209e+01 1.281363e+04 1.155935e+04 3.003832e+02 4.056576e+04 5.205853e+07
<GCONST> 6.755464e+01
<MIXTURE> 8 7.237033e-02
<MEAN> 6
 7.238033e+01 -2.193821e+01 1.673245e+02 -2.548051e+00 -5.373302e+00 -7.436520e+01
<VARIANCE> 6
 3.171015e+01 1.281363e+04 1.155935e+04 3.003832e+02 4.056576e+04 5.205853e+07
<GCONST> 6.738103e+01
<MIXTURE> 9 7.920834e-02
<MEAN> 6
 7.895454e+01 1.268292e+01 1.229771e+02 -3.297177e+00 -3.261965e+01 -2.523697e+01
<VARIANCE> 6
 3.171015e+01 1.281363e+04 1.155935e+04 3.003832e+02 4.056576e+04 5.205853e+07
<GCONST> 6.738103e+01
<MIXTURE> 10 7.885323e-02
<MEAN> 6
 7.266708e+01 -2.263451e+01 1.670260e+02 -2.513674e+00 -5.651457e+00 -7.432445e+01
<VARIANCE> 6
 3.171015e+01 1.281363e+04 1.155935e+04 3.003832e+02 4.056576e+04 5.205853e+07
<GCONST> 6.738103e+01
<MIXTURE> 11 8.243555e-02
<MEAN> 6
 7.147852e+01 -2.673884e+01 1.667113e+02 -2.638478e+00 -4.711691e+00 -8.337059e+01
<VARIANCE> 6
 3.171015e+01 1.281363e+04 1.155935e+04 3.003832e+02 4.056576e+04 5.205853e+07
<GCONST> 6.738103e+01
<MIXTURE> 12 7.182115e-02
<MEAN> 6
 7.123065e+01 -2.842311e+01 1.661206e+02 -2.683122e+00 -4.627272e+00 -8.542440e+01
<VARIANCE> 6
 3.171015e+01 1.281363e+04 1.155935e+04 3.003832e+02 4.056576e+04 5.205853e+07
<GCONST> 6.738103e+01
<MIXTURE> 13 7.163872e-02
<MEAN> 6
 7.110160e+01 -3.442264e+01 1.625367e+02 -2.778746e+00 -4.769068e+00 -8.431218e+01
<VARIANCE> 6
 3.171015e+01 1.281363e+04 1.155935e+04 3.003832e+02 4.056576e+04 5.205853e+07
<GCONST> 6.738103e+01
<STATE> 11
<NUMMIXES> 13
<MIXTURE> 1 9.978317e-02
<MEAN> 6
 7.141986e+01 1.313668e+03 -1.119796e+03 6.409242e-01 -5.431661e+00 -1.441838e+02
<VARIANCE> 6
 3.171015e+01 1.281363e+04 1.155935e+04 3.003832e+02 4.056576e+04 5.205853e+07
<GCONST> 6.738103e+01
<MIXTURE> 2 5.562515e-02
<MEAN> 6
 7.905399e+01 1.515848e+03 4.536424e+02 -1.627407e+00 -8.699845e+00 -2.717602e+02
<VARIANCE> 6
 3.171015e+01 1.281363e+04 1.155935e+04 3.003832e+02 4.056576e+04 5.205853e+07
<GCONST> 6.738103e+01
<MIXTURE> 3 9.077616e-02
<MEAN> 6
 6.530298e+01 9.474553e+02 -1.431778e+02 -4.200330e-02 1.457526e-01 -1.494221e+02
<VARIANCE> 6
 3.171015e+01 1.281363e+04 1.155935e+04 3.003832e+02 4.056576e+04 5.205853e+07
<GCONST> 6.738103e+01
<MIXTURE> 4 6.359344e-02
<MEAN> 6
 4.662142e+01 4.461671e+02 -8.757654e+01 5.178030e+00 4.092764e+01 -2.118557e+02
<VARIANCE> 6
 3.171015e+01 1.281363e+04 1.155935e+04 3.003832e+02 4.056576e+04 5.205853e+07
<GCONST> 6.738103e+01
<MIXTURE> 5 5.819361e-02
<MEAN> 6
 8.238535e+01 1.317010e+03 -2.175533e+02 1.000885e+00 -4.118941e+00 -3.428322e+02
<VARIANCE> 6
 3.171015e+01 2.591744e+05 9.041688e+04 3.003832e+02 4.056576e+04 5.205853e+07
<GCONST> 7.244496e+01
<MIXTURE> 6 6.306171e-02
<MEAN> 6
 6.529507e+01 8.845081e+02 -1.563208e+02 -3.213699e-01 -3.436178e+00 -1.581203e+02
<VARIANCE> 6
 3.171015e+01 1.404797e+04 1.155935e+04 3.003832e+02 4.056576e+04 5.205853e+07
<GCONST> 6.747300e+01
<MIXTURE> 7 8.397374e-02
<MEAN> 6
 8.326478e+01 1.032583e+03 3.295432e+02 -1.578659e+00 -4.201221e+00 -1.564483e+02
<VARIANCE> 6
 3.171015e+01 1.281363e+04 1.155935e+04 3.003832e+02 4.056576e+04 5.205853e+07
<GCONST> 6.738103e+01
<MIXTURE> 8 9.953996e-02
<MEAN> 6
 7.141986e+01 1.313668e+03 -1.119796e+03 6.409240e-01 -5.431673e+00 -1.441844e+02
<VARIANCE> 6
 3.171015e+01 1.281363e+04 1.155935e+04 3.003832e+02 4.056576e+04 5.205853e+07
<GCONST> 6.738103e+01
<MIXTURE> 9 8.378761e-02
<MEAN> 6
 8.363664e+01 1.059254e+03 2.906172e+02 -1.091120e+00 -7.479280e+00 -2.800789e+02
<VARIANCE> 6
 3.171015e+01 1.281363e+04 1.155935e+04 3.003832e+02 4.056576e+04 5.205853e+07
<GCONST> 6.738103e+01
<MIXTURE> 10 9.090932e-02
<MEAN> 6
 6.531351e+01 9.418459e+02 -1.451367e+02 -6.433117e-02 -1.396315e-01 -1.447256e+02
<VARIANCE> 6
 3.171015e+01 1.281363e+04 1.155935e+04 3.003832e+02 4.056576e+04 5.205853e+07
<GCONST> 6.738103e+01
<MIXTURE> 11 9.083273e-02
<MEAN> 6
 8.535294e+01 6.749238e+02 -6.335868e+02 3.562434e+00 1.286036e+01 -1.927251e+02
<VARIANCE> 6
 3.171015e+01 6.396195e+04 1.155935e+04 3.003832e+02 4.056576e+04 5.205853e+07
<GCONST> 6.898882e+01
<MIXTURE> 12 6.456279e-02
<MEAN> 6
 6.512064e+01 8.114547e+02 -1.604055e+02 -7.287387e-01 -9.927673e+00 -2.606772e+02
<VARIANCE> 6
 3.171015e+01 1.438470e+04 1.155935e+04 3.003832e+02 4.056576e+04 5.205853e+07
<GCONST> 6.749669e+01
<MIXTURE> 13 5.534633e-02
<MEAN> 6
 7.952600e+01 1.462805e+03 4.581409e+02 -1.531889e+00 -5.257434e+00 -1.748970e+02
<VARIANCE> 6
 3.171015e+01 1.676804e+04 1.155935e+04 3.003832e+02 4.056576e+04 5.205853e+07
<GCONST> 6.764999e+01
<STATE> 12
<NUMMIXES> 13
<MIXTURE> 1 8.950394e-02
<MEAN> 6
 7.919722e+01 -8.352314e+02 4.097766e+03 -1.367114e+00 -4.912512e+00 -3.921561e+01
<VARIANCE> 6
 3.171015e+01 1.320663e+05 3.843369e+05 3.003832e+02 4.056576e+04 5.205853e+07
<GCONST> 7.321785e+01
<MIXTURE> 2 9.205154e-02
<MEAN> 6
 7.521784e+01 -8.923997e+03 1.476036e+03 -2.574564e+00 -5.104211e+00 -3.999317e+01
<VARIANCE> 6
 3.171015e+01 1.956066e+04 1.767166e+05 3.003832e+02 4.056576e+04 5.205853e+07
<GCONST> 7.053110e+01
<MIXTURE> 3 4.091899e-02
<MEAN> 6
 6.754184e+01 3.087993e+02 9.010948e+02 -3.204614e+00 -1.525539e+00 -6.780099e+01
<VARIANCE> 6
 3.171015e+01 1.281363e+04 6.629760e+05 3.003832e+02 4.056576e+04 5.205853e+07
<GCONST> 7.143028e+01
<MIXTURE> 4 5.730701e-02
<MEAN> 6
 7.451962e+01 -1.010385e+03 1.575262e+02 3.388899e-01 9.130505e+00 -3.248521e+01
<VARIANCE> 6
 3.171015e+01 1.869453e+04 1.069012e+05 3.003832e+02 4.056576e+04 5.205853e+07
<GCONST> 6.998316e+01
<MIXTURE> 5 1.024825e-01
<MEAN> 6
 7.281913e+01 -7.802077e+02 1.853914e+03 -1.796341e+00 -3.652276e+00 -8.863078e+01
<VARIANCE> 6
 3.171015e+01 3.220182e+04 2.504836e+04 3.265398e+02 4.056576e+04 5.205853e+07
<GCONST> 6.915935e+01
<MIXTURE> 6 9.509694e-02
<MEAN> 6
 6.346382e+01 -8.762385e+02 1.119971e+03 -1.864760e+00 -3.864596e+00 -1.320790e+02
<VARIANCE> 6
 3.233165e+01 1.281363e+04 1.155935e+04 3.003832e+02 4.056576e+04 5.205853e+07
<GCONST> 6.740044e+01
<MIXTURE> 7 9.318390e-02
<MEAN> 6
 5.337643e+01 -4.740393e+02 2.577097e+03 2.667716e-01 -7.469148e+00 -1.105266e+02
<VARIANCE> 6
 3.171015e+01 1.281363e+04 2.451656e+04 3.003832e+02 4.056576e+04 5.205853e+07
<GCONST> 6.813289e+01
<MIXTURE> 8 7.446595e-02
<MEAN> 6
 7.577877e+01 2.861152e+03 4.590888e+02 -2.327828e+00 -1.563994e+01 -5.059595e+01
<VARIANCE> 6
 3.171015e+01 1.281363e+04 1.155935e+04 3.003832e+02 4.056576e+04 5.205853e+07
<GCONST> 6.738103e+01
<MIXTURE> 9 8.760490e-02
<MEAN> 6
 8.104775e+01 -1.518121e+03 -6.275165e+02 -1.043387e+00 -7.357577e+00 -6.503841e+01
<VARIANCE> 6
 3.171015e+01 1.416986e+05 3.662033e+04 3.003832e+02 4.056576e+04 5.205853e+07
<GCONST> 7.093733e+01
<MIXTURE> 10 7.661190e-02
<MEAN> 6
 6.447418e+01 -9.753531e+02 1.186555e+03 6.322976e-01 2.192033e+00 -2.073557e+02
<VARIANCE> 6
 3.171015e+01 1.281363e+04 6.767073e+04 3.003832e+02 4.056576e+04 5.205853e+07
<GCONST> 6.914819e+01
<MIXTURE> 11 6.721821e-02
<MEAN> 6
 6.536330e+01 -5.198448e+02 1.473954e+03 -9.458300e-01 -5.919844e+00 -1.949153e+02
<VARIANCE> 6
 3.171015e+01 1.281363e+04 1.155935e+04 3.003832e+02 4.056576e+04 5.205853e+07
<GCONST> 6.738103e+01
<MIXTURE> 12 5.875879e-02
<MEAN> 6
 7.426093e+01 -1.016664e+03 1.561233e+02 2.301849e-01 9.099007e+00 -3.009601e+01
<VARIANCE> 6
 3.171015e+01 1.333057e+04 1.036144e+05 3.003832e+02 4.056576e+04 5.205853e+07
<GCONST> 6.961377e+01
<MIXTURE> 13 6.478538e-02
<MEAN> 6
 6.232802e+01 2.340447e+02 -3.009352e+02 -1.132798e+00 8.581505e+00 1.589146e+02
<VARIANCE> 6
 3.171015e+01 1.361993e+04 1.848906e+04 3.003832e+02 4.056576e+04 5.205853e+07
<GCONST> 6.791174e+01
<STATE> 13
<NUMMIXES> 13
<MIXTURE> 1 8.472651e-03
<MEAN> 6
 3.861842e+00 -4.658167e+02 1.645426e+01 2.982316e+01 -2.978439e+02 7.529604e+03
<VARIANCE> 6
 9.643322e+03 7.174456e+05 1.269485e+06 1.593192e+06 8.753101e+08 1.268485e+12
<GCONST> 1.104790e+02
<MIXTURE> 2 9.304810e-02
<MEAN> 6
 1.093926e+02 2.158712e+02 4.606529e+02 -7.253573e+00 -3.850159e+01 -2.942176e+02
<VARIANCE> 6
 2.461536e+02 1.339418e+06 8.407224e+05 3.003832e+02 4.056576e+04 5.205853e+07
<GCONST> 7.836660e+01
<MIXTURE> 3 6.517145e-02
<MEAN> 6
 3.983537e+01 -6.639354e+01 -3.580174e+00 -7.968870e+01 -9.596848e+01 5.723461e+03
<VARIANCE> 6
 5.100487e+03 5.407858e+05 3.455673e+05 8.361114e+04 5.510296e+06 3.126828e+09
<GCONST> 9.423741e+01
<MIXTURE> 4 1.062030e-01
<MEAN> 6
 -3.720628e+01 -9.626579e+01 2.002089e+01 4.222564e+01 8.307795e+02 -5.320160e+02
<VARIANCE> 6
 4.089283e+02 2.879157e+05 2.359895e+05 3.695996e+04 2.607734e+05 1.200269e+08
<GCONST> 8.357499e+01
<MIXTURE> 5 3.119466e-02
<MEAN> 6
 2.841344e+01 1.046432e+03 -3.427813e+02 -4.962786e+01 -1.281661e+02 2.151727e+03
<VARIANCE> 6
 5.499570e+03 2.606849e+07 2.039482e+06 5.564664e+04 2.737790e+06 1.819884e+09
<GCONST> 9.831561e+01
<MIXTURE> 6 9.753765e-02
<MEAN> 6
 2.697436e+01 -7.114390e+01 2.865554e+01 2.604217e+02 -6.491441e+01 -3.718936e+03
<VARIANCE> 6
 9.635723e+02 3.776445e+05 6.861166e+05 6.286573e+03 2.233995e+05 6.918401e+07
<GCONST> 8.329359e+01
<MIXTURE> 7 6.198614e-02
<MEAN> 6
 8.194056e+01 3.308336e+02 -4.376111e+02 3.105989e-01 -3.206911e+01 -3.276338e+02
<VARIANCE> 6
 1.962180e+02 5.964489e+05 9.285863e+05 3.003832e+02 4.056576e+04 5.205853e+07
<GCONST> 7.743027e+01
<MIXTURE> 8 9.547966e-02
<MEAN> 6
 9.694945e+01 -4.274901e+01 -9.803720e-01 -2.185894e+00 -7.378045e+02 -1.016062e+03
<VARIANCE> 6
 3.991891e+02 7.827132e+05 4.882020e+05 1.669725e+04 7.415968e+05 2.833315e+08
<GCONST> 8.638739e+01
<MIXTURE> 9 1.096730e-01
<MEAN> 6
 -6.404058e+01 2.469844e+00 -1.352941e+02 3.491387e+00 2.195171e+02 3.790875e+02
<VARIANCE> 6
 3.415976e+02 3.416919e+05 7.338326e+05 1.333859e+03 9.028029e+04 5.205853e+07
<GCONST> 7.948299e+01
<MIXTURE> 10 1.126895e-01
<MEAN> 6
 5.944231e+01 -3.362800e+01 7.320433e+01 -8.460359e+01 -3.601384e+02 7.263240e+02
<VARIANCE> 6
 1.371794e+03 1.465096e+05 3.095525e+05 3.121067e+04 1.636709e+05 5.205853e+07
<GCONST> 8.291087e+01
<MIXTURE> 11 7.492972e-02
<MEAN> 6
 5.602240e+01 -7.526130e+01 3.064820e+01 -1.394358e+02 -9.254487e+02 2.243827e+03
<VARIANCE> 6
 7.979196e+02 3.250512e+05 2.056284e+06 4.973614e+04 3.777859e+05 1.820253e+08
<GCONST> 8.761365e+01
<MIXTURE> 12 8.112035e-02
<MEAN> 6
 -5.281199e+01 -1.820239e+01 -3.685037e+01 -3.246859e+01 1.174104e+03 -2.440758e+03
<VARIANCE> 6
 4.879339e+02 4.152283e+05 2.020753e+06 3.440012e+04 7.386495e+05 3.709172e+08
<GCONST> 8.836289e+01
<MIXTURE> 13 6.209625e-02
<MEAN> 6
 7.917535e+01 1.142054e+02 -6.034017e+02 -7.470316e-01 -3.104125e+01 -2.119512e+02
<VARIANCE> 6
 1.631374e+02 5.106217e+05 1.242647e+06 3.003832e+02 4.056576e+04 5.205853e+07
<GCONST> 7.738161e+01
<TRANSP> 14
 0.000000e+00 1.000000e+00 0.000000e+00 0.000000e+00 0.000000e+00 0.000000e+00 0.000000e+00 0.000000e+00 0.000000e+00 0.000000e+00 0.000000e+00 0.000000e+00 0.000000e+00 0.000000e+00
 0.000000e+00 9.999230e-01 7.702936e-05 0.000000e+00 0.000000e+00 0.000000e+00 0.000000e+00 0.000000e+00 0.000000e+00 0.000000e+00 0.000000e+00 0.000000e+00 0.000000e+00 0.000000e+00
 0.000000e+00 0.000000e+00 9.973876e-01 2.612385e-03 0.000000e+00 0.000000e+00 0.000000e+00 0.000000e+00 0.000000e+00 0.000000e+00 0.000000e+00 0.000000e+00 0.000000e+00 0.000000e+00
 0.000000e+00 0.000000e+00 0.000000e+00 9.978908e-01 2.109231e-03 0.000000e+00 0.000000e+00 0.000000e+00 0.000000e+00 0.000000e+00 0.000000e+00 0.000000e+00 0.000000e+00 0.000000e+00
 0.000000e+00 0.000000e+00 0.000000e+00 0.000000e+00 9.948913e-01 5.108666e-03 0.000000e+00 0.000000e+00 0.000000e+00 0.000000e+00 0.000000e+00 0.000000e+00 0.000000e+00 0.000000e+00
 0.000000e+00 0.000000e+00 0.000000e+00 0.000000e+00 0.000000e+00 9.950113e-01 4.988676e-03 0.000000e+00 0.000000e+00 0.000000e+00 0.000000e+00 0.000000e+00 0.000000e+00 0.000000e+00
 0.000000e+00 0.000000e+00 0.000000e+00 0.000000e+00 0.000000e+00 0.000000e+00 9.976362e-01 2.363830e-03 0.000000e+00 0.000000e+00 0.000000e+00 0.000000e+00 0.000000e+00 0.000000e+00
 0.000000e+00 0.000000e+00 0.000000e+00 0.000000e+00 0.000000e+00 0.000000e+00 0.000000e+00 9.971358e-01 2.864164e-03 0.000000e+00 0.000000e+00 0.000000e+00 0.000000e+00 0.000000e+00
 0.000000e+00 0.000000e+00 0.000000e+00 0.000000e+00 0.000000e+00 0.000000e+00 0.000000e+00 0.000000e+00 9.943168e-01 5.683232e-03 0.000000e+00 0.000000e+00 0.000000e+00 0.000000e+00
 0.000000e+00 0.000000e+00 0.000000e+00 0.000000e+00 0.000000e+00 0.000000e+00 0.000000e+00 0.000000e+00 0.000000e+00 9.968317e-01 3.168294e-03 0.000000e+00 0.000000e+00 0.000000e+00
 0.000000e+00 0.000000e+00 0.000000e+00 0.000000e+00 0.000000e+00 0.000000e+00 0.000000e+00 0.000000e+00 0.000000e+00 0.000000e+00 9.964225e-01 3.577489e-03 0.000000e+00 0.000000e+00
 0.000000e+00 0.000000e+00 0.000000e+00 0.000000e+00 0.000000e+00 0.000000e+00 0.000000e+00 0.000000e+00 0.000000e+00 0.000000e+00 0.000000e+00 9.983814e-01 1.618612e-03 0.000000e+00
 0.000000e+00 0.000000e+00 0.000000e+00 0.000000e+00 0.000000e+00 0.000000e+00 0.000000e+00 0.000000e+00 0.000000e+00 0.000000e+00 0.000000e+00 0.000000e+00 9.999040e-01 9.604586e-05
 0.000000e+00 0.000000e+00 0.000000e+00 0.000000e+00 0.000000e+00 0.000000e+00 0.000000e+00 0.000000e+00 0.000000e+00 0.000000e+00 0.000000e+00 0.000000e+00 0.000000e+00 0.000000e+00
<ENDHMM>
~h "SegundoESO"
<BEGINHMM>
<NUMSTATES> 14
<STATE> 2
<NUMMIXES> 13
<MIXTURE> 1 5.496361e-02
<MEAN> 6
 7.174866e+01 1.320489e+04 -1.200215e+03 -6.910209e-01 -3.695750e+00 -1.671145e+02
<VARIANCE> 6
 3.171015e+01 1.281363e+04 1.157462e+04 3.003832e+02 4.056576e+04 5.205853e+07
<GCONST> 6.738235e+01
<MIXTURE> 2 6.536330e-02
<MEAN> 6
 7.277161e+01 -1.965658e+03 4.384103e+03 6.589341e-01 7.558014e+00 -1.458226e+02
<VARIANCE> 6
 3.171015e+01 2.168650e+05 6.570384e+06 3.003832e+02 4.056576e+04 5.205853e+07
<GCONST> 7.655263e+01
<MIXTURE> 3 6.516165e-02
<MEAN> 6
 6.531426e+01 2.273296e+03 -1.272334e+03 -1.205679e-01 -1.097674e+01 -1.350431e+02
<VARIANCE> 6
 3.171015e+01 1.391177e+06 1.155935e+04 3.003832e+02 4.056576e+04 5.205853e+07
<GCONST> 7.206843e+01
<MIXTURE> 4 7.147528e-02
<MEAN> 6
 7.836591e+01 7.944254e+02 2.162355e+03 4.552605e-02 2.509200e-01 -5.814035e+01
<VARIANCE> 6
 3.171015e+01 1.380557e+06 7.671862e+05 3.003832e+02 4.056576e+04 5.205853e+07
<GCONST> 7.625600e+01
<MIXTURE> 5 1.042415e-01
<MEAN> 6
 5.701233e+01 6.465540e+02 -3.899994e+03 1.961042e+00 -2.816547e-01 -5.327512e+01
<VARIANCE> 6
 3.171015e+01 1.281363e+04 1.318364e+06 3.003832e+02 4.056576e+04 5.205853e+07
<GCONST> 7.211769e+01
<MIXTURE> 6 1.091388e-01
<MEAN> 6
 7.390845e+01 7.311061e+02 -2.550543e+03 3.899090e-01 -3.559784e+00 -5.359862e+01
<VARIANCE> 6
 3.171015e+01 5.196731e+05 2.389343e+05 3.003832e+02 4.056576e+04 5.205853e+07
<GCONST> 7.411242e+01
<MIXTURE> 7 1.331280e-01
<MEAN> 6
 6.274701e+01 6.299080e+01 -1.716914e+03 2.464150e-01 -1.430167e+00 -1.434156e+02
<VARIANCE> 6
 3.171015e+01 5.258998e+04 5.347834e+04 3.003832e+02 4.056576e+04 5.205853e+07
<GCONST> 7.032483e+01
<MIXTURE> 8 6.879273e-02
<MEAN> 6
 6.162923e+01 1.317513e+03 -1.049133e+03 8.232520e-01 -1.649944e+00 -4.215167e+01
<VARIANCE> 6
 3.171015e+01 3.257460e+05 1.578985e+05 3.003832e+02 4.056576e+04 5.205853e+07
<GCONST> 7.323109e+01
<MIXTURE> 9 4.003660e-02
<MEAN> 6
 7.865741e+01 -2.606121e+03 5.274162e+01 -2.555594e+00 -2.292979e+01 -6.251596e+01
<VARIANCE> 6
 3.171015e+01 1.670575e+07 9.514738e+05 3.003832e+02 4.056576e+04 5.205853e+07
<GCONST> 7.896455e+01
<MIXTURE> 10 4.727148e-02
<MEAN> 6
 5.512675e+01 1.138347e+02 -3.545394e+03 1.617959e-02 1.955441e+00 -2.759736e+01
<VARIANCE> 6
 3.171015e+01 1.281363e+04 1.010206e+06 3.003832e+02 4.056576e+04 5.205853e+07
<GCONST> 7.185145e+01
<MIXTURE> 11 8.640414e-02
<MEAN> 6
 6.267800e+01 6.092408e+02 -9.841823e+02 1.232721e-02 -3.183848e-01 -4.975290e+01
<VARIANCE> 6
 3.171015e+01 3.536856e+05 5.355062e+04 3.003832e+02 4.056576e+04 5.205853e+07
<GCONST> 7.223206e+01
<MIXTURE> 12 8.267524e-02
<MEAN> 6
 7.029713e+01 -2.229998e+03 6.241963e+01 1.484618e-01 1.306789e+00 -6.490747e+01
<VARIANCE> 6
 3.171015e+01 6.100411e+04 1.935055e+05 3.003832e+02 4.056576e+04 5.205853e+07
<GCONST> 7.175928e+01
<MIXTURE> 13 7.132580e-02
<MEAN> 6
 7.785624e+01 8.290010e+02 2.030441e+03 3.380980e-02 5.318493e-01 -4.542221e+01
<VARIANCE> 6
 3.171015e+01 1.690402e+06 7.982429e+05 3.003832e+02 4.056576e+04 5.205853e+07
<GCONST> 7.649816e+01
<STATE> 3
<NUMMIXES> 13
<MIXTURE> 1 6.491016e-03
<MEAN> 6
 6.856665e+01 -7.585004e+02 5.821188e+02 -8.002657e+00 1.920235e+01 5.702557e+02
<VARIANCE> 6
 1.054073e+02 1.434612e+06 3.165121e+06 3.003832e+02 4.196085e+04 5.205853e+07
<GCONST> 7.894663e+01
<MIXTURE> 2 9.047628e-02
<MEAN> 6
 7.303897e+01 -2.248790e+02 7.508553e+02 2.484503e-01 5.830522e+00 -1.133228e+02
<VARIANCE> 6
 3.171015e+01 1.948314e+05 5.220370e+04 3.003832e+02 4.056576e+04 5.205853e+07
<GCONST> 7.161032e+01
<MIXTURE> 3 6.961577e-02
<MEAN> 6
 7.683409e+01 4.798336e+02 4.148287e+02 -1.361932e+00 1.169287e+00 -7.075711e+01
<VARIANCE> 6
 3.171015e+01 4.140343e+04 1.198348e+04 3.003832e+02 4.056576e+04 5.205853e+07
<GCONST> 6.858992e+01
<MIXTURE> 4 9.064981e-02
<MEAN> 6
 7.409477e+01 6.825980e+02 5.835728e+02 7.282506e-01 -8.047907e+00 -1.082559e+02
<VARIANCE> 6
 3.171015e+01 1.281363e+04 5.204342e+05 3.003832e+02 4.056576e+04 5.205853e+07
<GCONST> 7.118820e+01
<MIXTURE> 5 6.857684e-02
<MEAN> 6
 6.467032e+01 1.093872e+02 3.161434e+02 -5.933631e-01 -8.329462e+00 -1.827041e+02
<VARIANCE> 6
 3.171015e+01 1.281363e+04 1.261058e+04 3.003832e+02 4.056576e+04 5.205853e+07
<GCONST> 6.746808e+01
<MIXTURE> 6 5.907331e-02
<MEAN> 6
 7.690804e+01 2.833919e+02 -1.501696e+02 -5.207378e-01 -1.253968e+01 -1.022947e+02
<VARIANCE> 6
 3.171015e+01 1.281363e+04 3.702779e+04 3.003832e+02 4.056576e+04 5.205853e+07
<GCONST> 6.854521e+01
<MIXTURE> 7 1.310200e-01
<MEAN> 6
 7.730547e+01 -5.554463e+01 1.029703e+03 -1.013062e+00 -2.287598e+00 -1.054473e+02
<VARIANCE> 6
 3.171015e+01 1.150449e+05 4.514244e+05 3.003832e+02 4.056576e+04 5.205853e+07
<GCONST> 7.324076e+01
<MIXTURE> 8 3.418760e-02
<MEAN> 6
 7.340789e+01 -2.314953e+02 2.325312e+02 -4.599705e-01 -4.295273e+00 -8.889201e+01
<VARIANCE> 6
 3.171015e+01 2.618889e+04 1.155935e+04 3.003832e+02 4.056576e+04 5.205853e+07
<GCONST> 6.809586e+01
<MIXTURE> 9 7.928159e-02
<MEAN> 6
 6.053745e+01 -3.262043e+02 1.601852e+02 -2.572321e-01 7.702255e-01 -1.070293e+02
<VARIANCE> 6
 3.171015e+01 2.795298e+04 1.155935e+04 3.003832e+02 4.056576e+04 5.205853e+07
<GCONST> 6.816105e+01
<MIXTURE> 10 9.980879e-02
<MEAN> 6
 7.643178e+01 2.978244e+02 -7.775496e+02 1.918086e-01 -4.213959e+00 -9.406701e+01
<VARIANCE> 6
 3.171015e+01 5.321245e+04 1.155935e+04 3.003832e+02 4.056576e+04 5.205853e+07
<GCONST> 6.880482e+01
<MIXTURE> 11 1.085262e-01
<MEAN> 6
 6.771778e+01 -3.939949e+02 3.634137e+02 -1.355093e-01 -2.579756e+00 -7.852480e+01
<VARIANCE> 6
 3.171015e+01 1.281363e+04 1.155935e+04 3.003832e+02 4.056576e+04 5.205853e+07
<GCONST> 6.738103e+01
<MIXTURE> 12 9.251776e-02
<MEAN> 6
 6.807018e+01 1.215475e+01 2.038356e+02 -4.879289e-01 -7.880312e+00 -1.753046e+02
<VARIANCE> 6
 3.171015e+01 1.281363e+04 1.155935e+04 3.003832e+02 4.056576e+04 5.205853e+07
<GCONST> 6.738103e+01
<MIXTURE> 13 6.973050e-02
<MEAN> 6
 7.531797e+01 5.150072e+02 3.642959e+02 -9.976361e-01 -2.207254e-01 -9.571989e+01
<VARIANCE> 6
 3.171015e+01 5.492431e+04 1.155935e+04 3.003832e+02 4.056576e+04 5.205853e+07
<GCONST> 6.883648e+01
<STATE> 4
<NUMMIXES> 13
<MIXTURE> 1 5.138318e-02
<MEAN> 6
 2.181659e+01 8.932188e+03 3.312907e+01 -1.008476e+01 -6.451566e+01 4.380821e+00
<VARIANCE> 6
 2.751908e+03 3.666356e+07 1.421227e+06 3.777261e+04 5.335668e+05 1.517944e+08
<GCONST> 9.309635e+01
<MIXTURE> 2 7.737679e-02
<MEAN> 6
 8.983738e+00 1.193411e+03 5.230999e+00 -3.780443e+01 8.350919e+01 6.361955e+02
<VARIANCE> 6
 5.647252e+02 2.442578e+06 5.593454e+06 5.082810e+04 1.010383e+05 6.048090e+07
<GCONST> 8.788657e+01
<MIXTURE> 3 8.857429e-02
<MEAN> 6
 9.474930e+01 -4.284410e+02 3.947043e+02 -9.216157e+00 -7.511636e+00 -2.492029e+02
<VARIANCE> 6
 7.669933e+01 2.065316e+07 2.393359e+06 3.003832e+02 4.056576e+04 5.205853e+07
<GCONST> 8.098236e+01
<MIXTURE> 4 4.439588e-02
<MEAN> 6
 -3.074809e+01 4.508594e+02 9.173082e+02 -2.383543e+02 1.021811e+03 1.146880e+04
<VARIANCE> 6
 3.238862e+02 7.551346e+06 4.542614e+06 6.512466e+03 8.774306e+05 4.038276e+08
<GCONST> 9.025663e+01
<MIXTURE> 5 9.778529e-02
<MEAN> 6
 2.545562e+01 -5.678903e+03 3.615297e+02 1.483221e+01 -2.293050e+01 -1.505972e+02
<VARIANCE> 6
 2.337427e+03 1.994691e+05 1.290250e+05 2.443529e+04 1.635049e+05 5.205853e+07
<GCONST> 8.263150e+01
<MIXTURE> 6 9.089895e-02
<MEAN> 6
 8.650671e+01 -5.469798e+02 1.666214e+03 1.011960e+01 -2.372101e+02 -5.023766e+01
<VARIANCE> 6
 1.557045e+02 1.519041e+06 1.698959e+06 4.071473e+03 1.179419e+05 5.205853e+07
<GCONST> 8.241193e+01
<MIXTURE> 7 1.165008e-01
<MEAN> 6
 -5.745852e+01 -8.222596e+02 7.349510e+02 1.123769e+01 9.917539e+01 3.531854e+01
<VARIANCE> 6
 7.264612e+01 7.617391e+06 2.367244e+06 4.193488e+02 4.131229e+04 5.205853e+07
<GCONST> 8.027155e+01
<MIXTURE> 8 4.045560e-02
<MEAN> 6
 9.859921e+01 -7.197085e+03 1.404747e+02 -1.203611e+01 -2.037521e+02 -4.344646e+01
<VARIANCE> 6
 3.171015e+01 1.462223e+05 1.221069e+05 9.342889e+02 5.888577e+04 5.205853e+07
<GCONST> 7.368045e+01
<MIXTURE> 9 1.034890e-01
<MEAN> 6
 -4.495991e+01 -3.337417e+02 7.881298e+02 5.476633e+01 1.142630e+03 -2.972821e+03
<VARIANCE> 6
 1.931955e+02 6.530252e+06 4.031579e+06 1.681063e+04 2.159418e+05 1.357087e+08
<GCONST> 8.793114e+01
<MIXTURE> 10 7.838458e-02
<MEAN> 6
 6.108127e+01 9.178249e+02 -1.018638e+01 7.999990e+01 -4.269419e+02 9.187151e+01
<VARIANCE> 6
 3.563914e+02 6.319580e+06 4.548421e+06 3.438657e+04 9.399730e+04 5.205853e+07
<GCONST> 8.755707e+01
<MIXTURE> 11 7.273877e-02
<MEAN> 6
 -1.039053e+01 -1.940648e+02 -7.356046e+02 9.301151e+01 1.973361e+02 -3.577862e+03
<VARIANCE> 6
 2.473735e+02 4.093767e+06 4.957394e+06 3.559740e+04 9.919104e+04 9.302434e+07
<GCONST> 8.751273e+01
<MIXTURE> 12 7.598382e-02
<MEAN> 6
 5.817269e+01 -1.391324e+02 7.049627e+02 -2.350923e+01 -7.080947e+02 -2.042800e+02
<VARIANCE> 6
 3.682684e+02 2.392284e+06 4.980730e+06 4.097453e+04 1.830014e+05 5.205853e+07
<GCONST> 8.755075e+01
<MIXTURE> 13 6.199482e-02
<MEAN> 6
 8.243851e+01 8.980120e+02 2.924516e+02 -5.048229e+01 -1.196937e+03 9.921400e+02
<VARIANCE> 6
 7.785589e+02 2.199277e+07 4.827262e+06 3.038635e+04 8.542379e+05 5.053804e+08
<GCONST> 9.400127e+01
<STATE> 5
<NUMMIXES> 13
<MIXTURE> 1 1.025345e-01
<MEAN> 6
 6.882899e+01 1.086718e+03 8.901575e+01 -1.006938e+00 -5.745764e+00 -1.512896e+02
<VARIANCE> 6
 3.171015e+01 3.918554e+04 1.155935e+04 3.003832e+02 4.056576e+04 5.205853e+07
<GCONST> 6.849883e+01
<MIXTURE> 2 7.124379e-02
<MEAN> 6
 6.759785e+01 -4.024301e+02 1.702712e+03 -2.332040e+00 -3.140098e+00 -1.056318e+02
<VARIANCE> 6
 3.979121e+01 8.381242e+04 1.588845e+05 3.003832e+02 4.056576e+04 5.205853e+07
<GCONST> 7.210680e+01
<MIXTURE> 3 1.053624e-01
<MEAN> 6
 5.910904e+01 2.289332e+03 -2.888351e+02 3.581706e-01 -4.566513e+00 -1.910310e+02
<VARIANCE> 6
 3.171015e+01 1.681115e+05 1.155935e+04 3.003832e+02 4.056576e+04 5.205853e+07
<GCONST> 6.995515e+01
<MIXTURE> 4 4.050464e-02
<MEAN> 6
 7.405476e+01 1.136211e+03 -7.302139e+02 -1.457206e+00 -7.483390e+00 -7.353539e+01
<VARIANCE> 6
 3.171015e+01 7.560291e+04 1.155935e+04 3.003832e+02 4.056576e+04 5.205853e+07
<GCONST> 6.915602e+01
<MIXTURE> 5 7.783453e-02
<MEAN> 6
 6.159745e+01 -1.404527e+03 -5.164637e+02 -1.428090e-02 -4.394011e+00 -1.516304e+02
<VARIANCE> 6
 3.171015e+01 6.763007e+05 2.535272e+04 3.003832e+02 4.056576e+04 5.205853e+07
<GCONST> 7.213255e+01
<MIXTURE> 6 8.167320e-02
<MEAN> 6
 6.658926e+01 1.156171e+01 -2.039869e+02 4.263164e-01 -6.991145e+00 -2.031844e+02
<VARIANCE> 6
 3.171015e+01 2.036316e+05 1.155935e+04 3.003832e+02 4.056576e+04 5.205853e+07
<GCONST> 7.014684e+01
<MIXTURE> 7 7.992433e-02
<MEAN> 6
 6.626926e+01 4.901055e+02 -2.356796e+02 3.717314e-01 -1.440796e+00 -1.293805e+02
<VARIANCE> 6
 3.171015e+01 1.929883e+04 1.155935e+04 3.003832e+02 4.056576e+04 5.205853e+07
<GCONST> 6.779057e+01
<MIXTURE> 8 6.555399e-02
<MEAN> 6
 6.581741e+01 -7.600388e+02 1.208230e+01 -3.925143e-01 -6.920315e+00 -6.658074e+01
<VARIANCE> 6
 3.171015e+01 1.074875e+05 1.155935e+04 3.003832e+02 4.056576e+04 5.205853e+07
<GCONST> 6.950790e+01
<MIXTURE> 9 9.791400e-02
<MEAN> 6
 6.703107e+01 7.150931e+01 -5.087640e+02 -6.385420e-01 -1.398715e+00 -1.201204e+02
<VARIANCE> 6
 4.596261e+01 4.145037e+04 1.155935e+04 3.003832e+02 4.056576e+04 5.205853e+07
<GCONST> 6.892621e+01
<MIXTURE> 10 2.676817e-02
<MEAN> 6
 6.785736e+01 1.787552e+03 -1.392596e+01 -1.013046e+00 -9.736098e-01 2.626763e+01
<VARIANCE> 6
 3.171015e+01 4.644036e+04 1.155935e+04 3.003832e+02 4.056576e+04 5.205853e+07
<GCONST> 6.866869e+01
<MIXTURE> 11 1.001452e-01
<MEAN> 6
 6.575157e+01 4.070272e+02 -2.064755e+02 5.622578e-01 -3.773518e+00 -1.249577e+02
<VARIANCE> 6
 3.171015e+01 1.281363e+04 1.155935e+04 3.003832e+02 4.056576e+04 5.205853e+07
<GCONST> 6.738103e+01
<MIXTURE> 12 8.445533e-02
<MEAN> 6
 6.603008e+01 -1.870580e+02 -2.111065e+02 6.613769e-01 -3.775103e+00 -1.776977e+02
<VARIANCE> 6
 3.171015e+01 1.620083e+05 1.155935e+04 3.003832e+02 4.056576e+04 5.205853e+07
<GCONST> 6.991817e+01
<MIXTURE> 13 6.602771e-02
<MEAN> 6
 6.538200e+01 -8.143201e+02 1.711957e+01 -2.119385e-01 -5.023936e+00 -5.396943e+01
<VARIANCE> 6
 3.171015e+01 1.075051e+05 1.155935e+04 3.003832e+02 4.056576e+04 5.205853e+07
<GCONST> 6.950806e+01
<STATE> 6
<NUMMIXES> 13
<MIXTURE> 1 1.003833e-01
<MEAN> 6
 8.514851e+01 -7.737376e+02 4.108492e+02 -1.241629e+00 -9.211945e+00 -2.068081e+01
<VARIANCE> 6
 6.383487e+01 2.470321e+04 1.155935e+04 3.003832e+02 4.056576e+04 5.205853e+07
<GCONST> 6.873712e+01
<MIXTURE> 2 9.054319e-02
<MEAN> 6
 6.827136e+01 1.213253e+01 -1.490038e+02 -6.070831e+01 -1.228931e+03 -1.489130e+04
<VARIANCE> 6
 7.426138e+01 7.438415e+05 7.537009e+05 1.283487e+03 2.398175e+05 1.010820e+08
<GCONST> 8.036360e+01
<MIXTURE> 3 6.631982e-02
<MEAN> 6
 9.071435e+01 -2.759343e+03 7.051197e+01 -3.864430e+00 2.366628e+00 -5.759004e+01
<VARIANCE> 6
 3.171015e+01 5.145730e+05 1.394261e+04 3.003832e+02 4.056576e+04 5.205853e+07
<GCONST> 7.126131e+01
<MIXTURE> 4 9.858319e-02
<MEAN> 6
 8.797633e+01 -1.626844e+03 4.434265e+02 5.770304e-01 -6.398733e+00 -2.421957e+02
<VARIANCE> 6
 3.171015e+01 1.281363e+04 1.952684e+04 3.003832e+02 4.056576e+04 5.205853e+07
<GCONST> 6.790533e+01
<MIXTURE> 5 9.316443e-02
<MEAN> 6
 8.295856e+01 -7.784323e+02 1.287064e+02 -6.328133e-02 -3.679240e+00 -1.499088e+02
<VARIANCE> 6
 3.171015e+01 1.281363e+04 1.155935e+04 3.003832e+02 4.056576e+04 5.205853e+07
<GCONST> 6.738103e+01
<MIXTURE> 6 8.473928e-02
<MEAN> 6
 7.897410e+01 -1.540915e+03 -5.747748e+01 -2.484085e+00 -1.000108e+01 -2.517100e+02
<VARIANCE> 6
 3.171015e+01 5.720408e+04 1.155935e+04 3.003832e+02 4.056576e+04 5.205853e+07
<GCONST> 6.887715e+01
<MIXTURE> 7 8.702055e-02
<MEAN> 6
 8.290308e+01 -7.927844e+02 1.396517e+02 -7.847775e-02 -3.612572e+00 -1.516857e+02
<VARIANCE> 6
 3.171015e+01 1.281363e+04 1.155935e+04 3.003832e+02 4.056576e+04 5.205853e+07
<GCONST> 6.738103e+01
<MIXTURE> 8 3.754932e-02
<MEAN> 6
 8.393326e+01 -8.128237e+02 1.502285e+02 -1.152593e+00 -1.428853e+01 2.958040e+00
<VARIANCE> 6
 3.171015e+01 3.388123e+04 1.693212e+05 3.003832e+02 4.056576e+04 5.205853e+07
<GCONST> 7.103769e+01
<MIXTURE> 9 5.111236e-02
<MEAN> 6
 9.065095e+01 -3.517026e+03 -5.875752e+02 -4.215042e+00 -3.100240e+00 -3.293466e+02
<VARIANCE> 6
 3.171015e+01 7.185358e+06 2.618260e+04 3.003832e+02 4.056576e+04 5.205853e+07
<GCONST> 7.452792e+01
<MIXTURE> 10 9.276707e-02
<MEAN> 6
 8.294881e+01 -7.830063e+02 1.320090e+02 -7.049157e-02 -3.673617e+00 -1.500459e+02
<VARIANCE> 6
 3.171015e+01 1.281363e+04 1.155935e+04 3.003832e+02 4.056576e+04 5.205853e+07
<GCONST> 6.738103e+01
<MIXTURE> 11 8.680415e-02
<MEAN> 6
 8.277898e+01 -8.134261e+02 1.502629e+02 -9.449051e-02 -3.407007e+00 -1.526443e+02
<VARIANCE> 6
 3.171015e+01 1.325113e+04 1.155935e+04 3.003832e+02 4.056576e+04 5.205853e+07
<GCONST> 6.741460e+01
<MIXTURE> 12 6.053466e-02
<MEAN> 6
 8.461930e+01 -9.647971e+02 -2.632549e+02 -3.712493e+00 -4.537039e+00 -1.251680e+02
<VARIANCE> 6
 3.171015e+01 5.645868e+04 1.915837e+04 3.003832e+02 4.056576e+04 5.205853e+07
<GCONST> 6.936928e+01
<MIXTURE> 13 5.045574e-02
<MEAN> 6
 8.900788e+01 -4.171430e+03 -5.458671e+02 -3.813641e+00 4.130647e+00 -3.445435e+02
<VARIANCE> 6
 3.965634e+01 5.577898e+06 2.220498e+04 3.003832e+02 4.056576e+04 5.205853e+07
<GCONST> 7.433353e+01
<STATE> 7
<NUMMIXES> 13
<MIXTURE> 1 6.503681e-02
<MEAN> 6
 9.848264e+01 -3.496908e+03 1.073468e+04 -2.498160e+00 -1.699989e+01 1.619638e+02
<VARIANCE> 6
 3.171015e+01 4.840142e+05 6.929178e+06 3.003832e+02 4.056576e+04 5.205853e+07
<GCONST> 7.740864e+01
<MIXTURE> 2 1.250742e-01
<MEAN> 6
 8.906822e+01 -4.393806e+03 4.281565e+03 -1.413769e+00 -1.611470e+01 -2.666059e+02
<VARIANCE> 6
 3.171015e+01 1.298031e+04 2.541984e+06 3.003832e+02 4.056576e+04 5.205853e+07
<GCONST> 7.278716e+01
<MIXTURE> 3 2.918093e-02
<MEAN> 6
 7.121896e+01 -3.156202e+03 2.833511e+03 -1.466876e+00 2.680252e+00 -5.632606e+01
<VARIANCE> 6
 3.171015e+01 1.939312e+05 1.202502e+05 3.003832e+02 4.056576e+04 5.205853e+07
<GCONST> 7.244011e+01
<MIXTURE> 4 4.328920e-02
<MEAN> 6
 7.160889e+01 -6.412641e+03 1.346701e+04 -5.632615e+01 -4.115485e+02 -1.209230e+03
<VARIANCE> 6
 1.879997e+02 6.953703e+06 9.604097e+07 1.014485e+04 6.225267e+05 8.010525e+07
<GCONST> 9.116389e+01
<MIXTURE> 5 7.582117e-02
<MEAN> 6
 6.795770e+01 -4.057710e+03 3.467009e+03 -8.293539e-01 -2.884445e+00 -9.064758e+01
<VARIANCE> 6
 3.171015e+01 2.433862e+04 1.155935e+04 3.003832e+02 4.056576e+04 5.205853e+07
<GCONST> 6.802258e+01
<MIXTURE> 6 5.826585e-02
<MEAN> 6
 8.275813e+01 -4.842445e+03 1.152199e+04 -3.217175e-02 1.710955e+00 6.201825e+01
<VARIANCE> 6
 3.171015e+01 2.666603e+04 6.907009e+06 3.003832e+02 4.056576e+04 5.205853e+07
<GCONST> 7.450671e+01
<MIXTURE> 7 4.974664e-02
<MEAN> 6
 6.714996e+01 -4.275984e+03 3.359345e+03 -4.609527e-01 -9.331717e+00 -1.927830e+02
<VARIANCE> 6
 3.171015e+01 1.281363e+04 1.155935e+04 3.003832e+02 4.056576e+04 5.205853e+07
<GCONST> 6.738103e+01
<MIXTURE> 8 9.133992e-02
<MEAN> 6
 5.617673e+01 -6.459039e+01 1.541473e+00 -1.916204e+02 -1.517598e+03 2.124234e+03
<VARIANCE> 6
 9.570554e+01 1.092370e+06 3.918983e+05 2.610134e+03 3.232380e+05 5.869737e+07
<GCONST> 8.081236e+01
<MIXTURE> 9 9.338900e-02
<MEAN> 6
 -2.669750e+01 5.052921e+02 -2.965858e+01 -3.855323e+02 1.393216e+03 3.719855e+04
<VARIANCE> 6
 2.143222e+02 2.778120e+06 1.118853e+06 5.686677e+03 1.663592e+06 8.190046e+08
<GCONST> 8.865382e+01
<MIXTURE> 10 8.072300e-02
<MEAN> 6
 2.135043e+01 -4.529009e+02 4.553252e+02 -3.130374e+02 -4.398338e+02 8.232499e+03
<VARIANCE> 6
 3.110656e+02 1.901011e+06 7.110998e+06 1.742356e+03 3.879634e+05 7.621867e+07
<GCONST> 8.548309e+01
<MIXTURE> 11 8.746888e-02
<MEAN> 6
 -5.565724e+01 2.710442e+01 -3.255690e+02 -1.422251e+02 2.760450e+03 -1.868692e+04
<VARIANCE> 6
 1.257048e+02 1.906202e+06 9.216139e+05 9.366803e+03 9.922291e+05 9.664742e+08
<GCONST> 8.769750e+01
<MIXTURE> 12 1.187820e-01
<MEAN> 6
 1.593813e+01 -8.067411e+01 -6.352702e+01 -3.799471e+02 -7.387030e+02 1.139130e+04
<VARIANCE> 6
 2.647036e+02 5.823815e+06 2.601952e+05 3.282137e+03 4.391271e+05 2.471155e+08
<GCONST> 8.506668e+01
<MIXTURE> 13 8.187126e-02
<MEAN> 6
 4.960667e+01 5.190662e+01 -1.723055e+02 -2.499259e+02 -1.678336e+03 6.922860e+03
<VARIANCE> 6
 1.480158e+02 6.700204e+05 5.349588e+05 3.870285e+03 5.031013e+05 2.157197e+08
<GCONST> 8.320872e+01
<STATE> 8
<NUMMIXES> 13
<MIXTURE> 1 7.561205e-02
<MEAN> 6
 -3.387511e+01 -4.664058e+01 4.459845e+01 1.822608e+02 8.458723e+02 -3.026871e+03
<VARIANCE> 6
 1.495027e+02 5.621844e+05 2.870256e+05 5.486240e+03 1.275079e+05 5.266680e+07
<GCONST> 7.998692e+01
<MIXTURE> 2 8.934369e-02
<MEAN> 6
 -1.772475e+01 2.357290e+02 1.896365e+02 -2.423753e+02 4.939901e+02 9.547742e+03
<VARIANCE> 6
 4.659919e+02 9.254528e+05 9.075554e+05 5.887885e+03 5.963263e+05 2.817521e+08
<GCONST> 8.606372e+01
<MIXTURE> 3 8.383181e-02
<MEAN> 6
 8.238958e+01 -2.343984e+02 2.479391e+02 -8.073534e+00 -8.508364e+01 -4.121019e+02
<VARIANCE> 6
 1.283367e+02 6.198058e+05 6.069677e+05 3.139169e+02 4.056576e+04 5.205853e+07
<GCONST> 7.666299e+01
<MIXTURE> 4 5.194961e-02
<MEAN> 6
 8.793524e+01 -1.286017e+02 2.243398e+02 4.857897e+01 -1.077485e+03 -1.471289e+03
<VARIANCE> 6
 2.337988e+02 2.391196e+06 1.371515e+06 1.421932e+04 1.009048e+06 7.057327e+08
<GCONST> 8.906207e+01
<MIXTURE> 5 8.919059e-02
<MEAN> 6
 7.734195e+00 1.041977e+02 5.347664e+01 -2.212005e+01 9.348129e+00 2.813849e+02
<VARIANCE> 6
 5.036292e+02 3.310240e+05 4.189984e+05 4.018457e+04 4.660551e+04 5.205853e+07
<GCONST> 8.202327e+01
<MIXTURE> 6 6.567132e-02
<MEAN> 6
 -5.196571e+01 9.864907e+01 1.336209e+02 2.869105e+01 4.164139e+02 7.843212e+02
<VARIANCE> 6
 1.418068e+02 2.893764e+05 5.683631e+05 1.823486e+03 9.300748e+04 5.205853e+07
<GCONST> 7.852455e+01
<MIXTURE> 7 5.705816e-02
<MEAN> 6
 3.089601e+01 -5.382585e+02 -1.224834e+02 -8.102332e+01 -2.502245e+02 2.457254e+03
<VARIANCE> 6
 4.406715e+02 3.400814e+06 2.272825e+06 4.441252e+04 1.253164e+05 6.271934e+07
<GCONST> 8.718567e+01
<MIXTURE> 8 8.276203e-02
<MEAN> 6
 5.957075e+01 1.825261e+02 9.555406e+01 1.420466e+02 -3.596261e+02 -6.062005e+02
<VARIANCE> 6
 3.130705e+02 1.000586e+06 5.090542e+05 5.652801e+03 8.877220e+04 5.205853e+07
<GCONST> 8.153171e+01
<MIXTURE> 9 8.924542e-02
<MEAN> 6
 -5.327764e+01 2.186223e+01 6.192633e+01 -2.776286e+01 1.229937e+03 -3.641055e+03
<VARIANCE> 6
 1.347768e+02 8.056590e+05 6.645836e+05 1.250351e+04 3.900717e+05 2.042578e+08
<GCONST> 8.437997e+01
<MIXTURE> 10 1.143553e-01
<MEAN> 6
 6.984794e+01 7.691286e+01 7.770530e+01 -1.244293e+02 -7.821511e+02 1.550236e+03
<VARIANCE> 6
 3.388757e+02 7.384387e+05 2.665357e+05 1.156388e+04 1.426597e+05 6.665414e+07
<GCONST> 8.209734e+01
<MIXTURE> 11 6.467993e-02
<MEAN> 6
 3.176303e-01 -1.003436e+02 -6.872405e+01 1.557810e+02 6.773542e+01 -6.548880e+03
<VARIANCE> 6
 2.205845e+02 8.258797e+05 2.293918e+05 3.275848e+04 1.377270e+05 8.511855e+07
<GCONST> 8.288045e+01
<MIXTURE> 12 7.561298e-02
<MEAN> 6
 6.076651e+01 -1.416535e+02 3.059328e+01 7.408652e+01 -5.772319e+02 -1.635629e+03
<VARIANCE> 6
 3.520664e+02 5.533828e+05 7.523289e+05 2.515008e+04 1.019215e+05 5.205853e+07
<GCONST> 8.307828e+01
<MIXTURE> 13 6.019004e-02
<MEAN> 6
 -5.743064e+01 -1.390125e+02 6.362995e+01 9.211685e+00 1.937331e+02 -3.412000e+02
<VARIANCE> 6
 1.168599e+02 6.847182e+05 1.214480e+06 5.678977e+02 6.926110e+04 5.205853e+07
<GCONST> 7.849029e+01
<STATE> 9
<NUMMIXES> 13
<MIXTURE> 1 7.907309e-02
<MEAN> 6
 2.704114e+01 7.552724e+02 -2.256239e+02 1.876879e+02 -6.432038e+01 -7.857899e+01
<VARIANCE> 6
 4.379234e+02 1.948455e+06 4.266464e+05 1.426771e+03 5.639205e+04 5.205853e+07
<GCONST> 8.052670e+01
<MIXTURE> 2 7.262664e-02
<MEAN> 6
 7.950672e+01 -5.163488e+02 2.717281e+02 1.187623e+02 -8.977791e+02 -3.634166e+02
<VARIANCE> 6
 4.126028e+02 3.816868e+06 1.030626e+06 1.587932e+04 1.461680e+06 1.031144e+09
<GCONST> 9.067217e+01
<MIXTURE> 3 1.106979e-01
<MEAN> 6
 1.936429e+01 5.886923e+02 1.104788e+03 7.763495e+01 3.070181e+00 -2.457914e+02
<VARIANCE> 6
 6.118960e+02 2.017343e+05 8.676611e+05 3.003832e+02 4.056576e+04 5.205853e+07
<GCONST> 7.741571e+01
<MIXTURE> 4 5.436502e-02
<MEAN> 6
 3.544007e+01 1.623308e+02 3.465016e+02 2.376316e+02 -3.878142e+02 -2.937504e+03
<VARIANCE> 6
 2.327821e+02 2.569064e+05 1.794280e+06 2.852285e+03 9.742745e+04 5.205853e+07
<GCONST> 8.054456e+01
<MIXTURE> 5 8.782107e-02
<MEAN> 6
 6.050370e+01 6.178633e+02 1.820528e+01 1.636458e+02 -5.063882e+02 -9.705048e+02
<VARIANCE> 6
 1.648634e+02 2.408958e+06 7.808232e+05 3.307360e+03 4.345363e+04 5.205853e+07
<GCONST> 8.094643e+01
<MIXTURE> 6 1.136913e-01
<MEAN> 6
 -3.379204e+00 -1.072250e+01 7.842075e+01 2.369983e+02 2.086889e+02 -4.682111e+03
<VARIANCE> 6
 1.749113e+02 7.705013e+05 8.234644e+05 3.529116e+03 6.834944e+04 5.205853e+07
<GCONST> 8.043668e+01
<MIXTURE> 7 5.705142e-02
<MEAN> 6
 9.465696e+01 8.096065e+02 -5.351573e+02 9.141841e+01 -7.410426e+02 7.585407e+02
<VARIANCE> 6
 1.823365e+02 9.373524e+05 2.790937e+05 4.543954e+03 2.422129e+05 1.125535e+08
<GCONST> 8.188130e+01
<MIXTURE> 8 9.792988e-02
<MEAN> 6
 -1.575095e+01 -1.642454e+02 7.946934e+02 1.144948e+01 1.562469e+02 6.934945e+01
<VARIANCE> 6
 6.724057e+01 8.352395e+04 5.887198e+05 2.172132e+03 8.626698e+04 5.205853e+07
<GCONST> 7.667068e+01
<MIXTURE> 9 6.186403e-02
<MEAN> 6
 -1.899046e+01 2.988637e+02 -3.777544e+02 6.901014e+00 2.617378e+01 2.352411e+02
<VARIANCE> 6
 3.171015e+01 1.281363e+04 8.890634e+04 3.040387e+02 4.056576e+04 5.205853e+07
<GCONST> 6.943322e+01
<MIXTURE> 10 6.842178e-02
<MEAN> 6
 4.757974e+01 6.571053e+02 1.048629e+03 8.111531e+00 -1.691214e+02 -9.423289e+01
<VARIANCE> 6
 3.717736e+01 1.009317e+05 4.367188e+05 2.834744e+03 4.056576e+04 5.205853e+07
<GCONST> 7.548047e+01
<MIXTURE> 11 9.574581e-02
<MEAN> 6
 7.724938e+01 -2.642037e+02 3.324952e+02 9.222923e+01 -6.791414e+02 2.216934e+02
<VARIANCE> 6
 1.254403e+02 5.034804e+05 6.529957e+05 2.431637e+03 1.678736e+05 5.205853e+07
<GCONST> 7.997289e+01
<MIXTURE> 12 4.336990e-02
<MEAN> 6
 5.484295e+00 -3.248771e+02 6.626255e+02 -7.373926e+01 8.030791e+01 1.323820e+03
<VARIANCE> 6
 2.737869e+02 4.586539e+04 5.165009e+05 3.355510e+03 1.383652e+05 1.100577e+08
<GCONST> 7.900043e+01
<MIXTURE> 13 5.731222e-02
<MEAN> 6
 3.202417e+01 -9.656795e+01 -2.348389e+02 2.463279e+02 -4.740660e+02 -3.096129e+03
<VARIANCE> 6
 3.440396e+02 3.686003e+05 7.981631e+05 2.438790e+03 9.949997e+04 5.205853e+07
<GCONST> 8.035060e+01
<STATE> 10
<NUMMIXES> 13
<MIXTURE> 1 6.322474e-02
<MEAN> 6
 9.758770e+01 3.553390e+02 -3.144532e+02 -4.969010e+00 -4.001444e+00 1.197205e+02
<VARIANCE> 6
 5.268267e+01 5.285518e+04 4.887945e+04 3.003832e+02 4.056576e+04 5.205853e+07
<GCONST> 7.074759e+01
<MIXTURE> 2 1.040491e-01
<MEAN> 6
 6.152291e+01 8.219802e+02 6.178172e+02 -1.919936e+00 -7.940611e+00 3.201165e+02
<VARIANCE> 6
 3.171015e+01 3.209254e+06 5.742784e+05 3.003832e+02 4.056576e+04 5.205853e+07
<GCONST> 7.680994e+01
<MIXTURE> 3 1.068120e-01
<MEAN> 6
 9.020799e+01 5.650219e+02 1.028594e+03 -3.771478e+00 -4.224517e+00 3.008494e+02
<VARIANCE> 6
 3.171015e+01 2.553575e+05 1.202040e+06 3.003832e+02 4.056576e+04 5.205853e+07
<GCONST> 7.501747e+01
<MIXTURE> 4 2.520575e-02
<MEAN> 6
 6.773167e+01 -3.837355e+02 2.972859e+03 -1.379200e+00 -1.257029e+01 1.451552e+02
<VARIANCE> 6
 3.171015e+01 1.640763e+04 1.155935e+04 3.003832e+02 4.056576e+04 5.205853e+07
<GCONST> 6.762827e+01
<MIXTURE> 5 9.798031e-02
<MEAN> 6
 1.074238e+02 1.003055e+03 -7.647762e+02 -7.556655e+00 -5.400144e+00 3.974289e+02
<VARIANCE> 6
 4.180350e+01 3.589705e+05 1.220833e+05 3.003832e+02 4.056576e+04 5.205853e+07
<GCONST> 7.334732e+01
<MIXTURE> 6 1.122995e-01
<MEAN> 6
 8.949975e+01 -2.654348e+02 2.221446e+02 -3.580670e+00 -8.470618e+00 1.467628e+02
<VARIANCE> 6
 4.927517e+01 2.142531e+04 1.041784e+05 3.003832e+02 4.056576e+04 5.205853e+07
<GCONST> 7.053448e+01
<MIXTURE> 7 8.578976e-02
<MEAN> 6
 8.529970e+01 -8.327079e+02 1.271591e+03 -5.185992e+00 -8.672510e+00 2.393124e+02
<VARIANCE> 6
 3.171015e+01 2.489379e+04 1.632144e+06 3.003832e+02 4.056576e+04 5.205853e+07
<GCONST> 7.299530e+01
<MIXTURE> 8 7.823413e-02
<MEAN> 6
 8.934547e+01 -6.152085e+02 -1.414824e+03 -3.476953e+00 -5.734244e+00 8.030422e+01
<VARIANCE> 6
 1.061298e+02 4.227864e+04 1.445090e+05 3.003832e+02 4.056576e+04 5.205853e+07
<GCONST> 7.230868e+01
<MIXTURE> 9 4.218435e-02
<MEAN> 6
 8.134415e+01 -4.013246e+03 6.382651e+02 -7.637677e+00 2.199061e+01 -1.697351e+02
<VARIANCE> 6
 3.171015e+01 1.083734e+06 3.725117e+05 3.003832e+02 4.056576e+04 5.205853e+07
<GCONST> 7.529147e+01
<MIXTURE> 10 6.934104e-02
<MEAN> 6
 8.250774e+01 -1.143139e+02 -4.676693e+01 -2.763587e+00 -9.578542e+00 1.349309e+02
<VARIANCE> 6
 3.171015e+01 1.662508e+04 4.980274e+05 3.003832e+02 4.056576e+04 5.205853e+07
<GCONST> 7.140459e+01
<MIXTURE> 11 9.398513e-02
<MEAN> 6
 8.137169e+01 -1.163660e+03 4.299212e+02 -3.918840e+00 -6.838902e+00 2.454501e+02
<VARIANCE> 6
 5.388469e+01 7.576867e+04 3.533965e+05 3.003832e+02 4.056576e+04 5.205853e+07
<GCONST> 7.310851e+01
<MIXTURE> 12 5.296187e-02
<MEAN> 6
 8.758868e+01 1.866851e+03 -1.201703e+03 -2.775513e+00 -2.609280e+00 4.388325e+01
<VARIANCE> 6
 1.065168e+02 3.382312e+05 2.813703e+04 3.003832e+02 4.056576e+04 5.205853e+07
<GCONST> 7.275551e+01
<MIXTURE> 13 6.785555e-02
<MEAN> 6
 9.400842e+01 2.590667e+02 -3.679726e+02 -4.764282e+00 -2.630630e+00 9.655064e+01
<VARIANCE> 6
 4.196952e+01 1.866573e+04 2.919217e+04 3.003832e+02 4.056576e+04 5.205853e+07
<GCONST> 6.896393e+01
<STATE> 11
<NUMMIXES> 13
<MIXTURE> 1 8.420458e-02
<MEAN> 6
 7.575780e+01 8.509478e+02 2.262808e+01 -3.047385e+00 1.714544e+00 1.422807e+02
<VARIANCE> 6
 3.171015e+01 3.444551e+04 1.083359e+05 3.003832e+02 4.056576e+04 5.205853e+07
<GCONST> 7.060764e+01
<MIXTURE> 2 1.053140e-01
<MEAN> 6
 6.821582e+01 4.453682e+02 1.366023e+02 -7.122828e-01 -1.014951e+01 -1.265227e+02
<VARIANCE> 6
 3.306938e+01 1.281363e+04 1.155935e+04 3.003832e+02 4.056576e+04 5.205853e+07
<GCONST> 6.742300e+01
<MIXTURE> 3 6.895860e-02
<MEAN> 6
 6.424069e+01 3.852048e+01 3.121605e+01 9.183367e-01 -9.439731e+00 -7.534276e+01
<VARIANCE> 6
 3.171015e+01 1.671560e+04 1.155935e+04 3.003832e+02 4.056576e+04 5.205853e+07
<GCONST> 6.764687e+01
<MIXTURE> 4 7.479244e-02
<MEAN> 6
 7.428734e+01 4.148933e+02 6.140931e+02 -4.261508e+00 -8.144182e+00 5.812554e+01
<VARIANCE> 6
 3.171015e+01 2.922848e+04 1.623858e+04 3.003832e+02 4.056576e+04 5.205853e+07
<GCONST> 6.854556e+01
<MIXTURE> 5 4.035716e-02
<MEAN> 6
 7.037254e+01 -5.531367e+02 -1.973427e+02 -4.636166e+00 8.225474e-01 -2.033407e+01
<VARIANCE> 6
 3.171015e+01 6.675844e+04 1.155935e+04 3.003832e+02 4.056576e+04 5.205853e+07
<GCONST> 6.903160e+01
<MIXTURE> 6 6.348022e-02
<MEAN> 6
 5.455779e+01 8.362059e+02 -1.823735e+00 1.396377e+00 4.666130e+00 -1.275681e+02
<VARIANCE> 6
 3.171015e+01 1.281363e+04 1.155935e+04 3.003832e+02 4.056576e+04 5.205853e+07
<GCONST> 6.738103e+01
<MIXTURE> 7 1.006229e-01
<MEAN> 6
 5.847272e+01 2.816660e+01 -1.200423e+02 1.933895e-01 -3.681902e+00 -1.374364e+02
<VARIANCE> 6
 3.171015e+01 1.281363e+04 1.155935e+04 3.003832e+02 4.056576e+04 5.205853e+07
<GCONST> 6.738103e+01
<MIXTURE> 8 7.637067e-02
<MEAN> 6
 7.476360e+01 1.109565e+03 -4.941101e+02 -2.481232e+00 -9.249382e-01 1.200051e+02
<VARIANCE> 6
 3.171015e+01 4.138322e+05 6.337982e+04 3.003832e+02 4.056576e+04 5.205853e+07
<GCONST> 7.255763e+01
<MIXTURE> 9 7.485706e-02
<MEAN> 6
 6.063463e+01 4.803415e+02 1.130887e+02 -2.535724e-01 -1.298120e+00 -1.276377e+02
<VARIANCE> 6
 3.171015e+01 1.281363e+04 1.155935e+04 3.003832e+02 4.056576e+04 5.205853e+07
<GCONST> 6.738103e+01
<MIXTURE> 10 1.008513e-01
<MEAN> 6
 5.838906e+01 2.735449e+01 -1.221592e+02 2.080147e-01 -3.626565e+00 -1.372218e+02
<VARIANCE> 6
 3.171015e+01 1.281363e+04 1.155935e+04 3.003832e+02 4.056576e+04 5.205853e+07
<GCONST> 6.738103e+01
<MIXTURE> 11 6.777966e-02
<MEAN> 6
 6.112960e+01 5.211320e+01 -5.381550e+01 -6.690221e-02 -5.232643e+00 -1.271904e+02
<VARIANCE> 6
 3.171015e+01 1.281363e+04 1.155935e+04 3.003832e+02 4.056576e+04 5.205853e+07
<GCONST> 6.738103e+01
<MIXTURE> 12 6.740260e-02
<MEAN> 6
 7.562026e+01 3.812191e+02 -7.560797e+02 -4.274609e+00 1.836152e+00 5.775867e+01
<VARIANCE> 6
 3.171015e+01 1.244270e+05 5.810281e+04 3.003832e+02 4.056576e+04 5.205853e+07
<GCONST> 7.126897e+01
<MIXTURE> 13 7.494705e-02
<MEAN> 6
 5.993128e+01 4.839287e+02 1.018931e+02 -2.528222e-01 4.794888e-01 -1.160331e+02
<VARIANCE> 6
 3.171015e+01 1.281363e+04 1.155935e+04 3.003832e+02 4.056576e+04 5.205853e+07
<GCONST> 6.738103e+01
<STATE> 12
<NUMMIXES> 13
<MIXTURE> 1 1.145740e-01
<MEAN> 6
 -3.566127e+01 1.775676e+03 -2.021594e+03 5.172433e+00 7.124395e+02 -1.630673e+02
<VARIANCE> 6
 1.365014e+02 2.094911e+06 1.655131e+06 1.724330e+04 1.785340e+05 8.295435e+07
<GCONST> 8.489953e+01
<MIXTURE> 2 5.468909e-02
<MEAN> 6
 1.016550e+02 1.897164e+03 -2.536088e+03 -5.051711e+00 -2.783816e+01 3.530735e+01
<VARIANCE> 6
 4.527230e+01 1.200964e+05 2.749685e+05 3.003832e+02 4.056576e+04 5.205853e+07
<GCONST> 7.314404e+01
<MIXTURE> 3 5.620492e-02
<MEAN> 6
 3.371315e+01 2.651975e+03 -3.198120e+03 1.616166e+02 -1.567716e+02 -1.123318e+03
<VARIANCE> 6
 7.370911e+02 2.022292e+06 1.091112e+06 1.659596e+03 4.056576e+04 5.205853e+07
<GCONST> 8.184531e+01
<MIXTURE> 4 4.589203e-02
<MEAN> 6
 8.800896e+01 -2.341117e+03 -1.292679e+03 -4.098058e+01 -6.252131e+02 1.246896e+03
<VARIANCE> 6
 3.902281e+02 1.861139e+07 5.572606e+06 1.492521e+04 5.575564e+05 1.650498e+08
<GCONST> 9.103053e+01
<MIXTURE> 5 1.008925e-01
<MEAN> 6
 1.189473e+01 1.996188e+03 -2.400212e+03 -1.595984e+02 1.003129e+02 1.495429e+03
<VARIANCE> 6
 5.357289e+02 2.275725e+06 1.673084e+06 1.993169e+03 6.453207e+04 5.205853e+07
<GCONST> 8.271916e+01
<MIXTURE> 6 4.933667e-02
<MEAN> 6
 1.060083e+02 -9.335179e+02 -6.761651e+03 -6.130040e+00 6.227478e+00 1.052420e+02
<VARIANCE> 6
 4.969135e+01 1.045640e+05 1.786725e+05 3.003832e+02 4.056576e+04 5.205853e+07
<GCONST> 7.266757e+01
<MIXTURE> 7 9.074779e-02
<MEAN> 6
 7.904465e+01 2.439525e+03 -3.613307e+03 2.278879e+01 -2.955602e+02 -3.461004e+02
<VARIANCE> 6
 9.028395e+01 1.677150e+06 1.042330e+06 5.551737e+03 7.491745e+04 5.205853e+07
<GCONST> 8.133368e+01
<MIXTURE> 8 7.416221e-02
<MEAN> 6
 7.340730e+01 3.745411e+02 -3.133872e+03 1.628736e+00 -2.329256e+00 -3.139211e+02
<VARIANCE> 6
 3.171015e+01 1.036940e+05 1.128794e+06 3.003832e+02 4.056576e+04 5.205853e+07
<GCONST> 7.405338e+01
<MIXTURE> 9 5.980733e-02
<MEAN> 6
 -5.888141e+00 -6.790002e+02 -1.285076e+03 4.273399e+01 1.829381e+02 -1.343845e+03
<VARIANCE> 6
 2.686662e+02 2.294324e+06 1.736923e+06 2.423772e+04 4.056576e+04 5.205853e+07
<GCONST> 8.410854e+01
<MIXTURE> 10 5.358078e-02
<MEAN> 6
 -6.132986e+01 4.828911e+02 -2.200043e+03 -6.256157e-01 2.122915e+02 1.164988e+02
<VARIANCE> 6
 3.171015e+01 8.141870e+05 2.371589e+06 8.692752e+02 5.886785e+04 5.205853e+07
<GCONST> 7.829150e+01
<MIXTURE> 11 1.244532e-01
<MEAN> 6
 7.267451e+01 -2.688397e+02 -2.154868e+03 -3.092689e+01 -3.685619e+02 6.913016e+02
<VARIANCE> 6
 5.370914e+02 1.458004e+06 2.404885e+06 2.167321e+04 8.817728e+04 5.205853e+07
<GCONST> 8.533784e+01
<MIXTURE> 12 1.207419e-01
<MEAN> 6
 8.767904e+01 2.015854e+01 -2.015702e+03 -2.289104e+00 -1.421355e+01 -5.649543e+01
<VARIANCE> 6
 3.299537e+01 6.978312e+05 7.479091e+04 3.003832e+02 4.056576e+04 5.205853e+07
<GCONST> 7.328543e+01
<MIXTURE> 13 5.488715e-02
<MEAN> 6
 2.283603e+01 2.594824e+03 -4.332901e+03 1.267080e+02 -1.824898e+01 -4.305956e+02
<VARIANCE> 6
 6.473148e+02 1.512515e+06 1.072783e+06 1.540518e+03 4.056576e+04 5.205853e+07
<GCONST> 8.133358e+01
<STATE> 13
<NUMMIXES> 13
<MIXTURE> 1 8.027042e-02
<MEAN> 6
 7.797936e-01 5.793701e+01 1.117673e+02 -2.030026e+02 2.653278e+02 6.090709e+03
<VARIANCE> 6
 5.242061e+02 1.305265e+05 1.980790e+05 4.394505e+03 2.354887e+05 1.823001e+08
<GCONST> 8.104359e+01
<MIXTURE> 2 6.220332e-02
<MEAN> 6
 -4.489315e+01 2.827910e+01 -5.757700e+01 -2.079971e+01 1.250024e+03 -2.788407e+02
<VARIANCE> 6
 1.474766e+02 1.129345e+05 9.041795e+04 2.142078e+04 3.121255e+05 2.780625e+08
<GCONST> 8.113432e+01
<MIXTURE> 3 1.115239e-01
<MEAN> 6
 7.047317e+01 -1.457232e+02 -2.256685e+01 -6.127172e+00 -4.224928e+01 9.098939e+01
<VARIANCE> 6
 6.977240e+01 1.882237e+05 5.963086e+04 3.003832e+02 4.056576e+04 5.205853e+07
<GCONST> 7.249744e+01
<MIXTURE> 4 7.462754e-02
<MEAN> 6
 8.018684e+01 -3.333794e+02 -3.479921e+01 1.175513e+01 -8.369214e+02 -1.468232e+03
<VARIANCE> 6
 1.762973e+02 6.211103e+05 7.518119e+04 1.009621e+04 5.571252e+05 2.435970e+08
<GCONST> 8.252784e+01
<MIXTURE> 5 8.594264e-02
<MEAN> 6
 2.486307e+01 7.398296e+01 6.343065e+01 1.835654e+02 -2.179979e+02 -1.917512e+03
<VARIANCE> 6
 4.710317e+02 6.799988e+04 8.166377e+04 3.052621e+03 1.002407e+05 5.205853e+07
<GCONST> 7.692677e+01
<MIXTURE> 6 9.722693e-02
<MEAN> 6
 -1.198135e+01 -3.009324e+01 2.519506e+01 -2.297259e+01 1.320954e+02 -1.885282e+03
<VARIANCE> 6
 2.709694e+02 4.640748e+04 1.447623e+04 2.892581e+04 1.370668e+05 1.058680e+08
<GCONST> 7.753317e+01
<MIXTURE> 7 7.259896e-02
<MEAN> 6
 -4.295799e+01 9.329570e+00 -1.476160e+00 4.435072e+01 7.211924e+02 -7.218480e+02
<VARIANCE> 6
 1.199358e+02 5.757240e+04 2.409286e+04 9.599306e+03 9.971921e+04 5.205853e+07
<GCONST> 7.531213e+01
<MIXTURE> 8 7.045103e-02
<MEAN> 6
 6.298263e+01 1.087252e+01 5.927428e+01 3.233918e+01 -3.521974e+02 -2.430258e+02
<VARIANCE> 6
 1.109004e+02 1.128182e+05 3.876822e+04 7.517349e+03 8.260873e+04 5.205853e+07
<GCONST> 7.594951e+01
<MIXTURE> 9 6.355994e-02
<MEAN> 6
 -1.445099e+01 -1.019468e+02 -7.087392e+00 6.413058e+01 1.871803e+02 -1.747618e+03
<VARIANCE> 6
 1.882163e+02 1.035540e+05 7.322009e+04 1.504986e+04 4.617585e+04 5.205853e+07
<GCONST> 7.714114e+01
<MIXTURE> 10 6.551843e-02
<MEAN> 6
 3.123751e+01 -2.290726e+02 -1.216846e+02 1.312778e+02 -7.468474e+01 -3.084149e+02
<VARIANCE> 6
 4.268590e+02 1.308035e+05 6.392109e+04 1.545248e+03 4.056576e+04 5.205853e+07
<GCONST> 7.565207e+01
<MIXTURE> 11 8.085590e-02
<MEAN> 6
 4.374768e+01 1.397100e+02 6.106513e+01 -1.830093e+02 -5.710533e+02 3.411844e+03
<VARIANCE> 6
 2.624324e+02 1.216736e+05 2.111445e+04 3.902426e+03 2.111277e+05 8.405497e+07
<GCONST> 7.704062e+01
<MIXTURE> 12 6.497192e-02
<MEAN> 6
 -4.225174e+01 4.283144e+01 -1.138586e+02 8.756474e+00 3.094141e+02 1.138926e+01
<VARIANCE> 6
 1.422920e+02 7.067062e+04 9.512937e+04 2.050317e+03 7.117940e+04 5.205853e+07
<GCONST> 7.518051e+01
<MIXTURE> 13 7.003410e-02
<MEAN> 6
 6.264035e+01 -8.116323e+01 -3.276137e+01 1.424460e+00 -4.825137e+02 -1.000980e+03
<VARIANCE> 6
 1.041997e+02 7.877505e+04 4.015798e+04 9.787235e+03 9.669569e+04 5.205853e+07
<GCONST> 7.598454e+01
<TRANSP> 14
 0.000000e+00 1.000000e+00 0.000000e+00 0.000000e+00 0.000000e+00 0.000000e+00 0.000000e+00 0.000000e+00 0.000000e+00 0.000000e+00 0.000000e+00 0.000000e+00 0.000000e+00 0.000000e+00
 0.000000e+00 9.989145e-01 1.085446e-03 0.000000e+00 0.000000e+00 0.000000e+00 0.000000e+00 0.000000e+00 0.000000e+00 0.000000e+00 0.000000e+00 0.000000e+00 0.000000e+00 0.000000e+00
 0.000000e+00 0.000000e+00 9.992028e-01 7.972018e-04 0.000000e+00 0.000000e+00 0.000000e+00 0.000000e+00 0.000000e+00 0.000000e+00 0.000000e+00 0.000000e+00 0.000000e+00 0.000000e+00
 0.000000e+00 0.000000e+00 0.000000e+00 9.991347e-01 8.653284e-04 0.000000e+00 0.000000e+00 0.000000e+00 0.000000e+00 0.000000e+00 0.000000e+00 0.000000e+00 0.000000e+00 0.000000e+00
 0.000000e+00 0.000000e+00 0.000000e+00 0.000000e+00 9.992604e-01 7.396781e-04 0.000000e+00 0.000000e+00 0.000000e+00 0.000000e+00 0.000000e+00 0.000000e+00 0.000000e+00 0.000000e+00
 0.000000e+00 0.000000e+00 0.000000e+00 0.000000e+00 0.000000e+00 9.982505e-01 1.749460e-03 0.000000e+00 0.000000e+00 0.000000e+00 0.000000e+00 0.000000e+00 0.000000e+00 0.000000e+00
 0.000000e+00 0.000000e+00 0.000000e+00 0.000000e+00 0.000000e+00 0.000000e+00 9.975293e-01 2.470745e-03 0.000000e+00 0.000000e+00 0.000000e+00 0.000000e+00 0.000000e+00 0.000000e+00
 0.000000e+00 0.000000e+00 0.000000e+00 0.000000e+00 0.000000e+00 0.000000e+00 0.000000e+00 9.999158e-01 8.414614e-05 0.000000e+00 0.000000e+00 0.000000e+00 0.000000e+00 0.000000e+00
 0.000000e+00 0.000000e+00 0.000000e+00 0.000000e+00 0.000000e+00 0.000000e+00 0.000000e+00 0.000000e+00 9.984922e-01 1.507827e-03 0.000000e+00 0.000000e+00 0.000000e+00 0.000000e+00
 0.000000e+00 0.000000e+00 0.000000e+00 0.000000e+00 0.000000e+00 0.000000e+00 0.000000e+00 0.000000e+00 0.000000e+00 9.991418e-01 8.581872e-04 0.000000e+00 0.000000e+00 0.000000e+00
 0.000000e+00 0.000000e+00 0.000000e+00 0.000000e+00 0.000000e+00 0.000000e+00 0.000000e+00 0.000000e+00 0.000000e+00 0.000000e+00 9.989069e-01 1.093058e-03 0.000000e+00 0.000000e+00
 0.000000e+00 0.000000e+00 0.000000e+00 0.000000e+00 0.000000e+00 0.000000e+00 0.000000e+00 0.000000e+00 0.000000e+00 0.000000e+00 0.000000e+00 9.989808e-01 1.019213e-03 0.000000e+00
 0.000000e+00 0.000000e+00 0.000000e+00 0.000000e+00 0.000000e+00 0.000000e+00 0.000000e+00 0.000000e+00 0.000000e+00 0.000000e+00 0.000000e+00 0.000000e+00 9.998248e-01 1.752592e-04
 0.000000e+00 0.000000e+00 0.000000e+00 0.000000e+00 0.000000e+00 0.000000e+00 0.000000e+00 0.000000e+00 0.000000e+00 0.000000e+00 0.000000e+00 0.000000e+00 0.000000e+00 0.000000e+00
<ENDHMM>
~h "QuintoPRIMARIA"
<BEGINHMM>
<NUMSTATES> 14
<STATE> 2
<NUMMIXES> 13
<MIXTURE> 1 7.303567e-02
<MEAN> 6
 -4.147952e+01 -3.539810e+02 -2.003944e+01 -5.332680e+01 1.377813e+03 2.674905e+02
<VARIANCE> 6
 3.429182e+02 7.186047e+05 1.890284e+05 3.627949e+04 8.662154e+05 6.011988e+08
<GCONST> 8.688481e+01
<MIXTURE> 2 3.039066e-02
<MEAN> 6
 3.210464e+01 1.188769e+02 -7.865250e+01 -8.519601e+01 -4.884952e+02 6.616990e+03
<VARIANCE> 6
 1.946571e+03 3.315577e+06 1.912519e+06 6.272946e+04 2.430696e+06 1.841146e+09
<GCONST> 9.516309e+01
<MIXTURE> 3 9.740537e-02
<MEAN> 6
 7.116515e+01 2.154457e+02 -1.837629e+02 -2.843945e+00 -1.578843e+01 -2.246336e+02
<VARIANCE> 6
 1.709473e+02 6.086428e+05 1.376842e+05 3.003832e+02 4.056576e+04 5.205853e+07
<GCONST> 7.540394e+01
<MIXTURE> 4 8.045246e-02
<MEAN> 6
 7.070322e+01 5.650689e+01 -9.946235e+00 1.646125e+01 -3.940653e+02 -4.571797e+02
<VARIANCE> 6
 3.870746e+02 4.513043e+04 2.315407e+04 1.505294e+04 1.221763e+05 5.205853e+07
<GCONST> 7.685355e+01
<MIXTURE> 5 5.881785e-02
<MEAN> 6
 -3.435593e+01 4.378143e+00 2.153946e+01 9.802814e+01 7.805748e+02 -7.229609e+02
<VARIANCE> 6
 2.855599e+02 6.732392e+04 5.027193e+04 1.441831e+04 1.608722e+05 5.815663e+07
<GCONST> 7.806746e+01
<MIXTURE> 6 1.123784e-01
<MEAN> 6
 2.419706e+01 -9.469075e+01 6.922303e+01 2.147127e+02 -1.302043e+02 -3.123147e+03
<VARIANCE> 6
 5.956465e+02 1.679699e+05 1.177191e+05 5.206788e+03 2.266319e+05 8.175071e+07
<GCONST> 8.023250e+01
<MIXTURE> 7 7.914203e-02
<MEAN> 6
 7.555240e+01 1.957637e+01 9.217775e+01 -5.763690e+00 -4.002407e+01 -3.510997e+02
<VARIANCE> 6
 1.521805e+02 1.927570e+04 6.285614e+04 3.003832e+02 4.056576e+04 5.205853e+07
<GCONST> 7.105115e+01
<MIXTURE> 8 1.069114e-01
<MEAN> 6
 9.382003e+00 7.547778e+00 -4.192170e+01 -2.303294e+02 -9.313071e+01 4.561667e+03
<VARIANCE> 6
 5.709197e+02 4.994353e+04 1.051334e+05 5.486171e+03 3.717537e+05 2.036726e+08
<GCONST> 8.032414e+01
<MIXTURE> 9 6.946720e-02
<MEAN> 6
 8.474267e+01 3.510396e+01 3.342073e+01 3.017084e+01 -9.609606e+02 -1.034672e+03
<VARIANCE> 6
 2.944109e+02 5.837748e+05 7.983788e+04 1.801457e+04 9.937396e+05 5.274974e+08
<GCONST> 8.496909e+01
<MIXTURE> 10 7.752299e-02
<MEAN> 6
 -4.810166e+01 -1.376363e+01 -6.502804e+00 1.607400e+01 1.723703e+02 1.364632e+02
<VARIANCE> 6
 2.179282e+02 8.597691e+04 9.011655e+04 5.606651e+02 5.034079e+04 5.205853e+07
<GCONST> 7.410570e+01
<MIXTURE> 11 7.351563e-02
<MEAN> 6
 5.984568e+01 -7.344136e+01 9.784343e+01 7.331172e-02 -1.729313e+01 -1.824839e+02
<VARIANCE> 6
 3.265095e+01 3.423214e+04 1.404736e+05 3.003832e+02 4.056576e+04 5.205853e+07
<GCONST> 7.089045e+01
<MIXTURE> 12 7.836546e-02
<MEAN> 6
 6.480822e+01 -5.064184e+00 -2.013169e+00 -9.338070e+01 -7.290079e+02 -3.891300e+02
<VARIANCE> 6
 2.586009e+02 1.130335e+05 1.052284e+05 1.328288e+04 1.845924e+05 5.205853e+07
<GCONST> 7.916989e+01
<MIXTURE> 13 6.222018e-02
<MEAN> 6
 -4.479797e+01 -7.794377e+01 -2.480035e+00 1.692736e+01 7.488799e+02 -1.406612e+03
<VARIANCE> 6
 2.567875e+02 5.394812e+04 6.639798e+04 1.359510e+04 1.403131e+05 7.289332e+07
<GCONST> 7.804832e+01
<STATE> 3
<NUMMIXES> 13
<MIXTURE> 1 5.815260e-02
<MEAN> 6
 9.504405e+01 1.066500e+02 -4.933967e+01 -3.063700e+01 -1.868578e+02 1.945926e+04
<VARIANCE> 6
 1.808773e+02 1.015863e+05 7.747877e+04 1.292632e+03 1.299224e+06 8.389722e+08
<GCONST> 8.080090e+01
<MIXTURE> 2 1.040822e-01
<MEAN> 6
 5.728714e+01 -6.051997e+03 -1.885261e+03 -4.814259e-01 -1.249468e+01 -1.614579e+02
<VARIANCE> 6
 3.171015e+01 3.481749e+06 1.424240e+04 3.003832e+02 4.056576e+04 5.205853e+07
<GCONST> 7.319454e+01
<MIXTURE> 3 6.290687e-02
<MEAN> 6
 4.705575e+01 9.820789e+01 5.028019e+01 1.569880e+02 -8.778352e+01 -4.874333e+02
<VARIANCE> 6
 6.030152e+02 2.475363e+04 1.155935e+04 4.248967e+03 7.726998e+04 5.205853e+07
<GCONST> 7.427856e+01
<MIXTURE> 4 6.505059e-02
<MEAN> 6
 2.163004e+01 -2.793159e+01 1.415760e+02 3.309986e+02 -1.343889e+01 -1.582479e+04
<VARIANCE> 6
 9.654460e+02 9.461677e+04 1.151911e+05 3.734532e+03 9.335087e+05 3.650952e+08
<GCONST> 8.269954e+01
<MIXTURE> 5 5.705700e-02
<MEAN> 6
 8.876868e+01 -1.261844e+02 1.175966e+02 1.376110e+02 -1.935580e+03 -1.084440e+04
<VARIANCE> 6
 1.884149e+02 3.147002e+05 1.996771e+05 9.162648e+03 1.124524e+06 1.067738e+09
<GCONST> 8.497431e+01
<MIXTURE> 6 1.228106e-01
<MEAN> 6
 2.938416e+01 -2.993056e+02 2.015299e+02 2.292518e+02 -2.936281e+02 -1.903507e+03
<VARIANCE> 6
 5.180226e+02 1.771995e+05 2.115923e+05 1.638705e+03 2.135655e+05 8.143551e+07
<GCONST> 7.951341e+01
<MIXTURE> 7 5.848394e-02
<MEAN> 6
 8.984982e+01 2.768032e+02 -8.282656e+01 6.358923e+01 -8.647244e+02 6.672334e+02
<VARIANCE> 6
 2.384045e+02 1.295960e+05 2.637316e+04 1.769579e+03 1.715968e+05 6.295477e+07
<GCONST> 7.594284e+01
<MIXTURE> 8 6.591173e-02
<MEAN> 6
 -1.737729e+01 -2.016101e+02 3.920516e+02 2.271996e+02 6.768343e+02 -5.566058e+03
<VARIANCE> 6
 1.904850e+02 1.642076e+05 2.639888e+05 1.832034e+03 1.412966e+05 5.205853e+07
<GCONST> 7.790907e+01
<MIXTURE> 9 1.142096e-01
<MEAN> 6
 6.151939e+01 6.232176e+01 -9.887885e+01 1.263127e+02 -3.827182e+02 -1.157317e+03
<VARIANCE> 6
 2.820552e+02 7.422898e+04 1.435996e+05 2.126255e+03 2.268583e+05 5.205853e+07
<GCONST> 7.752113e+01
<MIXTURE> 10 5.709432e-02
<MEAN> 6
 2.013184e+01 -1.616532e+02 -4.915743e+02 1.103599e+02 -1.475751e+01 1.449622e+02
<VARIANCE> 6
 6.827311e+02 1.621351e+05 3.792386e+05 6.783647e+02 5.711711e+04 5.205853e+07
<GCONST> 7.763589e+01
<MIXTURE> 11 5.827796e-02
<MEAN> 6
 5.685342e+01 -1.373799e+04 -2.175976e+03 -7.042133e-01 5.367684e+00 5.928422e+01
<VARIANCE> 6
 3.171015e+01 1.372636e+07 1.155935e+04 3.003832e+02 4.056576e+04 5.205853e+07
<GCONST> 7.435760e+01
<MIXTURE> 12 1.098935e-01
<MEAN> 6
 -2.704409e+01 -1.053856e+02 7.485667e+00 1.239901e+02 5.314599e+02 -2.272439e+02
<VARIANCE> 6
 2.021381e+02 9.049677e+04 1.606277e+05 1.610975e+03 4.365307e+04 5.205853e+07
<GCONST> 7.557263e+01
<MIXTURE> 13 6.605566e-02
<MEAN> 6
 3.149043e+01 -3.414277e+00 -9.414021e+00 1.751956e+02 -9.157922e+01 -1.538308e+03
<VARIANCE> 6
 5.690462e+02 2.044263e+04 1.155935e+04 4.447233e+03 8.517616e+04 5.205853e+07
<GCONST> 7.417224e+01
<STATE> 4
<NUMMIXES> 13
<MIXTURE> 1 1.083525e-01
<MEAN> 6
 8.118394e+01 -3.525437e+02 2.602049e+03 -6.437513e-01 -9.789904e+00 -1.785742e+02
<VARIANCE> 6
 3.171015e+01 1.281363e+04 1.155935e+04 3.003832e+02 4.056576e+04 5.205853e+07
<GCONST> 6.738103e+01
<MIXTURE> 2 1.013319e-01
<MEAN> 6
 1.196451e+02 -2.379830e+03 2.671501e+01 -1.611325e+00 -1.201219e+00 3.227774e+01
<VARIANCE> 6
 3.171015e+01 7.459702e+04 1.155935e+04 3.003832e+02 4.056576e+04 5.205853e+07
<GCONST> 6.914262e+01
<MIXTURE> 3 7.477679e-02
<MEAN> 6
 4.714688e+01 3.841646e+02 1.892059e+03 5.282461e-01 -1.674658e+00 -2.070467e+01
<VARIANCE> 6
 3.171015e+01 1.281363e+04 1.530481e+04 3.003832e+02 4.056576e+04 5.205853e+07
<GCONST> 6.766171e+01
<MIXTURE> 4 8.794070e-02
<MEAN> 6
 7.328111e+01 -4.346761e+02 1.122158e+03 -1.417910e+00 4.522726e+00 -1.462664e+02
<VARIANCE> 6
 3.171015e+01 1.281363e+04 1.155935e+04 3.003832e+02 4.056576e+04 5.205853e+07
<GCONST> 6.738103e+01
<MIXTURE> 5 1.428365e-01
<MEAN> 6
 7.330892e+01 -4.183212e+02 8.980662e+02 -1.369631e+00 -5.930225e+00 -8.122652e+01
<VARIANCE> 6
 3.171015e+01 1.281363e+04 1.155935e+04 3.003832e+02 4.056576e+04 5.205853e+07
<GCONST> 6.738103e+01
<MIXTURE> 6 8.626261e-02
<MEAN> 6
 8.188287e+01 -7.365081e+02 1.597057e+03 -1.283892e-01 4.426112e-01 6.954942e+00
<VARIANCE> 6
 3.171015e+01 1.281363e+04 1.155935e+04 3.003832e+02 4.056576e+04 5.205853e+07
<GCONST> 6.738103e+01
<MIXTURE> 7 6.573316e-02
<MEAN> 6
 7.319022e+01 -4.136092e+02 9.142132e+02 -1.262365e+00 -3.810841e+00 -6.214841e+01
<VARIANCE> 6
 3.171015e+01 1.281363e+04 1.155935e+04 3.003832e+02 4.056576e+04 5.205853e+07
<GCONST> 6.738103e+01
<MIXTURE> 8 7.721221e-02
<MEAN> 6
 7.296716e+01 -4.059880e+02 9.461378e+02 -1.189219e+00 -1.173731e+00 -4.162080e+01
<VARIANCE> 6
 3.171015e+01 1.281363e+04 1.155935e+04 3.003832e+02 4.056576e+04 5.205853e+07
<GCONST> 6.738103e+01
<MIXTURE> 9 9.205651e-03
<MEAN> 6
 6.998124e+01 -3.659539e+02 -1.244717e+02 -1.318727e+01 -2.915209e+02 1.323831e+04
<VARIANCE> 6
 3.379862e+02 6.336308e+05 1.118343e+06 4.094314e+02 2.037922e+05 1.557089e+08
<GCONST> 8.123997e+01
<MIXTURE> 10 6.582697e-02
<MEAN> 6
 8.138596e+01 -6.791454e+02 1.378665e+03 -2.764189e-01 -8.055911e+00 -2.408701e+02
<VARIANCE> 6
 3.171015e+01 1.281363e+04 1.155935e+04 3.003832e+02 4.056576e+04 5.205853e+07
<GCONST> 6.738103e+01
<MIXTURE> 11 4.334335e-02
<MEAN> 6
 8.074665e+01 -4.932905e+02 2.257374e+03 1.198449e-01 -1.274381e+00 4.532896e+01
<VARIANCE> 6
 3.171015e+01 1.281363e+04 1.935151e+04 3.003832e+02 4.056576e+04 5.205853e+07
<GCONST> 6.789631e+01
<MIXTURE> 12 7.162276e-02
<MEAN> 6
 4.778998e+01 3.534141e+02 1.765167e+03 3.135554e-01 -1.282660e+01 -2.141466e+02
<VARIANCE> 6
 3.171015e+01 1.281363e+04 1.155935e+04 3.003832e+02 4.056576e+04 5.205853e+07
<GCONST> 6.738103e+01
<MIXTURE> 13 6.554388e-02
<MEAN> 6
 7.342735e+01 -4.237367e+02 8.794684e+02 -1.599353e+00 -9.500497e+00 -1.132834e+02
<VARIANCE> 6
 3.171015e+01 1.281363e+04 1.155935e+04 3.003832e+02 4.056576e+04 5.205853e+07
<GCONST> 6.738103e+01
<STATE> 5
<NUMMIXES> 13
<MIXTURE> 1 6.136180e-02
<MEAN> 6
 7.117848e+01 -7.851038e+02 -1.447600e+03 -3.048678e-01 -1.024902e+00 4.783582e+01
<VARIANCE> 6
 3.171015e+01 1.281363e+04 1.155935e+04 3.003832e+02 4.056576e+04 5.205853e+07
<GCONST> 6.738103e+01
<MIXTURE> 2 1.000166e-01
<MEAN> 6
 5.896587e+01 -3.330686e+02 -1.192109e+03 1.092781e+00 -3.570782e+00 -2.321927e+02
<VARIANCE> 6
 3.171015e+01 1.281363e+04 1.688618e+04 3.003832e+02 4.056576e+04 5.205853e+07
<GCONST> 6.776003e+01
<MIXTURE> 3 2.220216e-02
<MEAN> 6
 6.064648e+01 6.392715e+01 -2.583209e+03 -5.348664e+00 2.085825e+01 4.656788e+01
<VARIANCE> 6
 3.171015e+01 1.281363e+04 1.155935e+04 3.003832e+02 9.008795e+04 5.205853e+07
<GCONST> 6.817889e+01
<MIXTURE> 4 7.610520e-02
<MEAN> 6
 7.138675e+01 -1.653688e+03 -1.115491e+03 3.585793e+00 -1.037083e+01 -2.965729e+01
<VARIANCE> 6
 3.171015e+01 6.095072e+05 1.889507e+05 3.003832e+02 4.056576e+04 5.205853e+07
<GCONST> 7.403717e+01
<MIXTURE> 5 8.818859e-02
<MEAN> 6
 6.149866e+01 2.033760e+02 -3.216478e+03 9.758251e-01 -1.203742e+01 -1.637271e+02
<VARIANCE> 6
 3.171015e+01 1.281363e+04 1.155935e+04 3.003832e+02 4.056576e+04 5.205853e+07
<GCONST> 6.738103e+01
<MIXTURE> 6 6.828071e-02
<MEAN> 6
 5.698680e+01 -4.080116e+02 -1.580558e+03 3.618702e+00 1.144924e+00 -1.142025e+02
<VARIANCE> 6
 3.290351e+01 1.281363e+04 1.155935e+04 3.003832e+02 4.056576e+04 5.205853e+07
<GCONST> 6.741798e+01
<MIXTURE> 7 7.493704e-02
<MEAN> 6
 6.970998e+01 -6.610294e+02 -1.703945e+03 -8.483756e-01 -1.136546e+01 -1.221576e+02
<VARIANCE> 6
 3.171015e+01 1.281363e+04 1.155935e+04 3.003832e+02 4.056576e+04 5.205853e+07
<GCONST> 6.738103e+01
<MIXTURE> 8 7.629687e-02
<MEAN> 6
 6.191171e+01 1.216739e+02 -2.911299e+03 5.642685e-02 -4.514708e+00 -1.643007e+02
<VARIANCE> 6
 3.171015e+01 1.281363e+04 1.155935e+04 3.003832e+02 4.056576e+04 5.205853e+07
<GCONST> 6.738103e+01
<MIXTURE> 9 1.339989e-01
<MEAN> 6
 5.986585e+01 -3.402520e+02 -1.352127e+03 3.164532e+00 -1.405604e+00 -7.358638e+00
<VARIANCE> 6
 3.171015e+01 1.281363e+04 1.155935e+04 3.003832e+02 4.056576e+04 5.205853e+07
<GCONST> 6.738103e+01
<MIXTURE> 10 8.849992e-02
<MEAN> 6
 6.149874e+01 2.033910e+02 -3.216496e+03 9.759243e-01 -1.203734e+01 -1.637363e+02
<VARIANCE> 6
 3.171015e+01 1.281363e+04 1.155935e+04 3.003832e+02 4.056576e+04 5.205853e+07
<GCONST> 6.738103e+01
<MIXTURE> 11 7.403317e-02
<MEAN> 6
 6.962149e+01 -6.528501e+02 -1.728973e+03 -1.216153e+00 -1.836618e+01 -1.909883e+02
<VARIANCE> 6
 3.171015e+01 1.281363e+04 1.155935e+04 3.003832e+02 4.056576e+04 5.205853e+07
<GCONST> 6.738103e+01
<MIXTURE> 12 7.459252e-02
<MEAN> 6
 6.193509e+01 1.237303e+02 -2.920130e+03 1.019645e-01 -5.870473e+00 -1.737285e+02
<VARIANCE> 6
 3.171015e+01 1.281363e+04 1.155935e+04 3.003832e+02 4.056576e+04 5.205853e+07
<GCONST> 6.738103e+01
<MIXTURE> 13 6.148079e-02
<MEAN> 6
 7.100446e+01 -7.686747e+02 -1.473473e+03 -4.052592e-01 -4.402879e-01 3.236748e+01
<VARIANCE> 6
 3.171015e+01 1.281363e+04 1.155935e+04 3.003832e+02 4.056576e+04 5.205853e+07
<GCONST> 6.738103e+01
<STATE> 6
<NUMMIXES> 13
<MIXTURE> 1 9.631868e-02
<MEAN> 6
 6.806002e+01 4.528513e+03 -6.637503e+02 -1.294015e+00 7.568020e-01 -2.049556e+00
<VARIANCE> 6
 3.171015e+01 2.547254e+05 1.155935e+04 3.003832e+02 4.056576e+04 5.205853e+07
<GCONST> 7.037071e+01
<MIXTURE> 2 8.206057e-02
<MEAN> 6
 6.919585e+01 2.234653e+03 1.251728e+03 -9.721710e-01 -5.429718e+00 -2.356940e+02
<VARIANCE> 6
 3.171015e+01 1.281363e+04 1.294518e+04 3.003832e+02 4.056576e+04 5.205853e+07
<GCONST> 6.749426e+01
<MIXTURE> 3 1.064652e-01
<MEAN> 6
 5.604515e+01 -1.106858e+03 8.223470e+02 -6.262910e-01 -6.634164e+00 -1.791813e+02
<VARIANCE> 6
 3.171015e+01 1.281363e+04 1.155935e+04 3.003832e+02 4.056576e+04 5.205853e+07
<GCONST> 6.738103e+01
<MIXTURE> 4 8.540376e-02
<MEAN> 6
 6.586510e+01 1.241406e+03 -4.977830e+02 4.549747e-01 -1.447981e+01 -7.992892e+01
<VARIANCE> 6
 3.171015e+01 1.281363e+04 1.155935e+04 3.003832e+02 4.056576e+04 5.205853e+07
<GCONST> 6.738103e+01
<MIXTURE> 5 9.839898e-02
<MEAN> 6
 7.102559e+01 1.119706e+03 -1.671995e+03 1.527946e+00 1.723640e+00 -1.815847e+02
<VARIANCE> 6
 3.171015e+01 1.923459e+04 3.099192e+04 3.003832e+02 4.056576e+04 5.205853e+07
<GCONST> 6.877347e+01
<MIXTURE> 6 1.123451e-01
<MEAN> 6
 7.338520e+01 1.347175e+03 1.229450e+03 6.708617e-01 5.940347e-01 -1.453973e+02
<VARIANCE> 6
 3.171015e+01 1.281363e+04 1.738365e+04 3.003832e+02 4.056576e+04 5.205853e+07
<GCONST> 6.778907e+01
<MIXTURE> 7 7.251359e-02
<MEAN> 6
 6.621533e+01 1.353273e+03 -6.830605e+02 -1.087268e+00 -3.875124e-01 -2.902989e+01
<VARIANCE> 6
 3.171015e+01 1.281363e+04 1.155935e+04 3.003832e+02 4.056576e+04 5.205853e+07
<GCONST> 6.738103e+01
<MIXTURE> 8 5.782837e-02
<MEAN> 6
 5.831761e+01 1.066148e+03 -1.073408e+03 -4.195563e-02 -4.968218e+00 -3.959450e+01
<VARIANCE> 6
 3.171015e+01 1.281363e+04 1.155935e+04 3.003832e+02 4.056576e+04 5.205853e+07
<GCONST> 6.738103e+01
<MIXTURE> 9 7.386185e-02
<MEAN> 6
 5.699943e+01 1.375694e+03 1.140496e+03 1.667430e+00 -1.110556e+01 2.343215e+01
<VARIANCE> 6
 3.171015e+01 1.906604e+04 1.155935e+04 3.003832e+02 4.056576e+04 5.205853e+07
<GCONST> 6.777843e+01
<MIXTURE> 10 7.355670e-02
<MEAN> 6
 7.181477e+01 1.920314e+03 -7.172231e+02 -1.952803e+00 -1.333669e+00 1.078494e+02
<VARIANCE> 6
 3.171015e+01 2.926621e+05 1.119802e+05 3.003832e+02 4.056576e+04 5.205853e+07
<GCONST> 7.278037e+01
<MIXTURE> 11 7.321183e-02
<MEAN> 6
 6.621525e+01 1.353268e+03 -6.830547e+02 -1.087210e+00 -3.873999e-01 -2.902913e+01
<VARIANCE> 6
 3.171015e+01 1.281363e+04 1.155935e+04 3.003832e+02 4.056576e+04 5.205853e+07
<GCONST> 6.738103e+01
<MIXTURE> 12 1.353026e-02
<MEAN> 6
 5.174070e+01 7.635132e+02 -7.923450e+01 1.907300e+01 -9.351720e+01 1.951586e+03
<VARIANCE> 6
 3.314512e+02 4.140891e+05 8.614111e+05 3.604694e+02 5.427969e+04 5.205853e+07
<GCONST> 7.798810e+01
<MIXTURE> 13 5.450284e-02
<MEAN> 6
 5.832113e+01 9.974692e+02 -1.063608e+03 -1.627989e+00 -2.158121e+01 -2.210883e+02
<VARIANCE> 6
 3.171015e+01 1.717921e+04 1.155935e+04 3.003832e+02 4.056576e+04 5.205853e+07
<GCONST> 6.767422e+01
<STATE> 7
<NUMMIXES> 13
<MIXTURE> 1 2.814590e-02
<MEAN> 6
 5.853757e+01 4.477853e+02 4.578133e+02 5.743923e+00 -9.188041e+00 6.830136e+00
<VARIANCE> 6
 3.171015e+01 1.281363e+04 1.155935e+04 3.003832e+02 4.056576e+04 5.205853e+07
<GCONST> 6.738103e+01
<MIXTURE> 2 4.331316e-02
<MEAN> 6
 6.865302e+01 2.331746e+02 8.733649e+01 -2.291355e+00 4.513963e-02 4.539146e+01
<VARIANCE> 6
 3.171015e+01 1.281363e+04 1.155935e+04 3.003832e+02 4.056576e+04 5.205853e+07
<GCONST> 6.738103e+01
<MIXTURE> 3 1.037097e-01
<MEAN> 6
 6.271861e+01 1.658577e+01 -4.763379e+02 -1.066023e+00 -6.692265e+00 -8.978818e+01
<VARIANCE> 6
 3.171015e+01 1.641910e+04 2.262195e+04 3.003832e+02 4.056576e+04 5.205853e+07
<GCONST> 6.830040e+01
<MIXTURE> 4 9.020625e-03
<MEAN> 6
 7.275811e+01 -1.044323e+01 4.188141e+02 -1.874100e+00 -5.934194e-01 -6.817801e+00
<VARIANCE> 6
 3.171015e+01 1.281363e+04 1.155935e+04 3.003832e+02 4.056576e+04 5.205853e+07
<GCONST> 6.738103e+01
<MIXTURE> 5 1.673763e-01
<MEAN> 6
 6.197552e+01 -4.975399e+00 -2.607715e+02 -8.440747e-01 -4.012372e+00 -6.602737e+01
<VARIANCE> 6
 3.171015e+01 2.716410e+04 1.155935e+04 3.003832e+02 4.056576e+04 5.205853e+07
<GCONST> 6.813242e+01
<MIXTURE> 6 9.607127e-02
<MEAN> 6
 5.827036e+01 -1.787090e+02 -2.035737e+02 -3.634583e-01 -1.511134e+00 -8.227908e+01
<VARIANCE> 6
 3.171015e+01 1.281363e+04 8.500508e+04 3.003832e+02 4.056576e+04 5.205853e+07
<GCONST> 6.937625e+01
<MIXTURE> 7 7.087050e-02
<MEAN> 6
 6.817181e+01 2.221654e+02 9.741309e+01 -2.372437e+00 2.871089e-01 4.344486e+01
<VARIANCE> 6
 3.171015e+01 1.281363e+04 1.155935e+04 3.003832e+02 4.056576e+04 5.205853e+07
<GCONST> 6.738103e+01
<MIXTURE> 8 1.690086e-01
<MEAN> 6
 6.195878e+01 -7.397967e+00 -2.623009e+02 -8.275086e-01 -4.021990e+00 -6.813808e+01
<VARIANCE> 6
 3.171015e+01 2.689348e+04 1.155935e+04 3.003832e+02 4.056576e+04 5.205853e+07
<GCONST> 6.812241e+01
<MIXTURE> 9 7.357881e-02
<MEAN> 6
 6.107949e+01 3.202792e+01 1.687912e+02 -1.474424e+00 5.679052e-01 2.888649e+01
<VARIANCE> 6
 3.171015e+01 1.281363e+04 1.155935e+04 3.003832e+02 4.056576e+04 5.205853e+07
<GCONST> 6.738103e+01
<MIXTURE> 10 5.640884e-02
<MEAN> 6
 7.278704e+01 -1.097570e+01 4.188483e+02 -1.881172e+00 -5.860995e-01 -6.094541e+00
<VARIANCE> 6
 3.171015e+01 1.281363e+04 1.155935e+04 3.003832e+02 4.056576e+04 5.205853e+07
<GCONST> 6.738103e+01
<MIXTURE> 11 1.166783e-03
<MEAN> 6
 6.963602e+01 -1.133232e+02 -1.375085e+02 -1.693063e+01 -1.379340e+02 6.277006e+02
<VARIANCE> 6
 8.735941e+02 1.071442e+06 2.208625e+06 5.472465e+02 1.751243e+05 9.672159e+07
<GCONST> 8.305777e+01
<MIXTURE> 12 6.442203e-02
<MEAN> 6
 6.701608e+01 1.800805e+02 1.018087e+02 -2.778626e+00 -5.676219e-02 6.252714e+01
<VARIANCE> 6
 3.171015e+01 1.281363e+04 1.155935e+04 3.003832e+02 4.056576e+04 5.205853e+07
<GCONST> 6.738103e+01
<MIXTURE> 13 1.168579e-01
<MEAN> 6
 6.107436e+01 -7.494357e+01 -5.801127e+02 -1.057601e+00 -5.032373e+00 -6.980448e+01
<VARIANCE> 6
 3.171015e+01 1.281363e+04 2.097435e+04 3.003832e+02 4.056576e+04 5.205853e+07
<GCONST> 6.797684e+01
<STATE> 8
<NUMMIXES> 13
<MIXTURE> 1 2.536399e-02
<MEAN> 6
 9.336175e+01 1.011814e+03 -1.309333e+02 -5.514029e+00 6.164962e+00 3.592492e+02
<VARIANCE> 6
 3.171015e+01 1.281363e+04 1.155935e+04 3.003832e+02 4.056576e+04 5.205853e+07
<GCONST> 6.738103e+01
<MIXTURE> 2 6.527213e-02
<MEAN> 6
 9.795061e+01 1.196118e+02 -6.596859e+00 -9.872172e+00 3.451875e+00 5.120754e+02
<VARIANCE> 6
 3.171015e+01 1.281363e+04 1.177867e+04 3.003832e+02 4.056576e+04 5.205853e+07
<GCONST> 6.739983e+01
<MIXTURE> 3 6.052544e-02
<MEAN> 6
 7.817034e+01 7.875267e+01 -6.779197e+02 -1.891497e+00 -1.765384e+01 -7.353532e+01
<VARIANCE> 6
 3.171015e+01 1.281363e+04 9.766472e+04 3.003832e+02 4.056576e+04 5.205853e+07
<GCONST> 6.951508e+01
<MIXTURE> 4 1.250287e-01
<MEAN> 6
 9.046231e+01 5.853225e+01 -1.895266e+02 -1.904544e+00 -5.597270e+00 -2.574583e+01
<VARIANCE> 6
 4.362053e+01 1.281363e+04 1.155935e+04 3.003832e+02 4.056576e+04 5.205853e+07
<GCONST> 6.769992e+01
<MIXTURE> 5 6.275561e-02
<MEAN> 6
 8.461177e+01 5.425570e+02 -2.760699e+02 -1.885120e+00 1.004245e+00 -2.368705e+01
<VARIANCE> 6
 3.171015e+01 3.797101e+04 1.155935e+04 3.003832e+02 4.056576e+04 5.205853e+07
<GCONST> 6.846735e+01
<MIXTURE> 6 4.105226e-02
<MEAN> 6
 1.036746e+02 -4.247226e+02 1.554430e+01 -6.185725e+00 1.531905e+01 1.417712e+02
<VARIANCE> 6
 3.171015e+01 1.281363e+04 1.155935e+04 3.003832e+02 4.056576e+04 5.205853e+07
<GCONST> 6.738103e+01
<MIXTURE> 7 1.186757e-01
<MEAN> 6
 8.476404e+01 -2.526420e+02 -3.045997e+02 -1.389986e+00 2.340096e+00 6.107997e+01
<VARIANCE> 6
 3.171015e+01 1.448535e+04 1.155935e+04 3.003832e+02 4.056576e+04 5.205853e+07
<GCONST> 6.750366e+01
<MIXTURE> 8 2.854664e-02
<MEAN> 6
 9.729981e+01 5.050909e+02 -4.430824e+02 -9.986982e+00 -6.579880e+00 1.257701e+02
<VARIANCE> 6
 8.149170e+01 1.281363e+04 1.155935e+04 3.003832e+02 4.056576e+04 5.205853e+07
<GCONST> 6.832490e+01
<MIXTURE> 9 1.047068e-01
<MEAN> 6
 8.863421e+01 -1.598168e+02 2.956018e+01 -2.939283e+00 3.957938e+00 -4.433082e+01
<VARIANCE> 6
 3.171015e+01 1.281363e+04 1.155935e+04 3.003832e+02 4.056576e+04 5.205853e+07
<GCONST> 6.738103e+01
<MIXTURE> 10 9.683863e-02
<MEAN> 6
 8.948147e+01 -2.719588e+01 3.596975e+01 -3.797184e+00 4.799054e+00 -5.232173e+01
<VARIANCE> 6
 3.171015e+01 1.281363e+04 1.155935e+04 3.003832e+02 4.056576e+04 5.205853e+07
<GCONST> 6.738103e+01
<MIXTURE> 11 8.669191e-02
<MEAN> 6
 8.554729e+01 4.949132e+01 -2.225233e+02 1.497620e-01 -1.125550e+00 -4.857860e+01
<VARIANCE> 6
 3.171015e+01 1.281363e+04 1.155935e+04 3.003832e+02 4.056576e+04 5.205853e+07
<GCONST> 6.738103e+01
<MIXTURE> 12 1.009185e-01
<MEAN> 6
 8.882372e+01 -1.878345e+02 2.973195e+01 -3.172776e+00 3.500435e+00 -5.140283e+01
<VARIANCE> 6
 3.171015e+01 1.281363e+04 1.155935e+04 3.003832e+02 4.056576e+04 5.205853e+07
<GCONST> 6.738103e+01
<MIXTURE> 13 8.359829e-02
<MEAN> 6
 8.404386e+01 1.526036e+01 -2.683867e+02 2.791759e-01 -7.483972e-01 -3.256356e+00
<VARIANCE> 6
 3.171015e+01 1.281363e+04 1.155935e+04 3.003832e+02 4.056576e+04 5.205853e+07
<GCONST> 6.738103e+01
<STATE> 9
<NUMMIXES> 13
<MIXTURE> 1 6.698903e-02
<MEAN> 6
 8.961905e+01 2.149634e+02 3.734401e+03 -1.339798e-01 -7.432576e+00 -1.581159e+02
<VARIANCE> 6
 3.171015e+01 1.281363e+04 1.155935e+04 3.003832e+02 4.056576e+04 5.205853e+07
<GCONST> 6.738103e+01
<MIXTURE> 2 6.733487e-02
<MEAN> 6
 6.872688e+01 6.477168e+02 4.305630e+03 -7.099380e-02 -2.334494e+00 -9.456424e+01
<VARIANCE> 6
 3.171015e+01 1.281363e+04 1.155935e+04 3.003832e+02 4.056576e+04 5.205853e+07
<GCONST> 6.738103e+01
<MIXTURE> 3 7.233068e-02
<MEAN> 6
 8.921478e+01 5.709855e+02 -1.358842e+03 1.500245e+00 -1.362405e+01 -2.348473e+02
<VARIANCE> 6
 3.171015e+01 1.281363e+04 1.155935e+04 3.003832e+02 4.056576e+04 5.205853e+07
<GCONST> 6.738103e+01
<MIXTURE> 4 7.754685e-02
<MEAN> 6
 5.334550e+01 3.893451e+02 -5.889608e+03 4.239356e+00 -2.837758e+01 -2.382478e+02
<VARIANCE> 6
 4.595565e+01 4.863848e+04 4.997646e+06 5.146390e+02 4.056576e+04 5.205853e+07
<GCONST> 7.569361e+01
<MIXTURE> 5 1.139104e-01
<MEAN> 6
 7.163564e+01 -3.544370e+01 3.324772e+03 3.201758e-01 -2.849541e+00 -9.201649e+01
<VARIANCE> 6
 3.171015e+01 1.281363e+04 1.155935e+04 3.003832e+02 4.056576e+04 5.205853e+07
<GCONST> 6.738103e+01
<MIXTURE> 6 7.695826e-02
<MEAN> 6
 6.359303e+01 7.154044e+02 -2.895262e+03 7.868037e-01 -1.436327e+01 -9.244641e+01
<VARIANCE> 6
 3.171015e+01 1.281363e+04 3.190813e+04 3.003832e+02 4.056576e+04 5.205853e+07
<GCONST> 6.839640e+01
<MIXTURE> 7 8.682236e-02
<MEAN> 6
 7.411102e+01 6.151439e+02 1.974070e+03 -7.481893e-01 -8.535241e+00 -1.878040e+02
<VARIANCE> 6
 3.171015e+01 1.281363e+04 3.154301e+04 3.003832e+02 4.056576e+04 5.205853e+07
<GCONST> 6.838489e+01
<MIXTURE> 8 1.203648e-01
<MEAN> 6
 5.289055e+01 5.566069e+02 -1.725822e+03 9.047470e-01 6.546878e-01 -1.659430e+02
<VARIANCE> 6
 3.171015e+01 1.281363e+04 2.041458e+05 3.003832e+02 4.056576e+04 5.205853e+07
<GCONST> 7.025237e+01
<MIXTURE> 9 4.479713e-02
<MEAN> 6
 9.440495e+01 2.302754e+02 4.482130e+02 -2.934180e+00 2.717293e+01 -5.595463e+02
<VARIANCE> 6
 3.171015e+01 1.281363e+04 1.155935e+04 3.003832e+02 4.056576e+04 5.205853e+07
<GCONST> 6.738103e+01
<MIXTURE> 10 7.695217e-02
<MEAN> 6
 8.830571e+01 3.275151e+02 -1.316712e+03 -2.935830e+00 3.599175e+00 4.952507e+01
<VARIANCE> 6
 3.171015e+01 1.281363e+04 1.155935e+04 3.003832e+02 4.056576e+04 5.205853e+07
<GCONST> 6.738103e+01
<MIXTURE> 11 6.275526e-02
<MEAN> 6
 6.237211e+01 8.116499e+02 -3.384703e+03 -5.488747e-02 1.059029e+00 4.912688e+01
<VARIANCE> 6
 3.171015e+01 1.281363e+04 1.413851e+04 3.003832e+02 4.056576e+04 5.205853e+07
<GCONST> 6.758244e+01
<MIXTURE> 12 6.696030e-02
<MEAN> 6
 6.873552e+01 6.458093e+02 4.304519e+03 -6.719096e-02 -2.631916e+00 -9.986207e+01
<VARIANCE> 6
 3.171015e+01 1.281363e+04 1.155935e+04 3.003832e+02 4.056576e+04 5.205853e+07
<GCONST> 6.738103e+01
<MIXTURE> 13 6.627762e-02
<MEAN> 6
 8.962872e+01 2.141981e+02 3.731982e+03 -1.620439e-01 -7.578576e+00 -1.584442e+02
<VARIANCE> 6
 3.171015e+01 1.281363e+04 1.155935e+04 3.003832e+02 4.056576e+04 5.205853e+07
<GCONST> 6.738103e+01
<STATE> 10
<NUMMIXES> 13
<MIXTURE> 1 1.370071e-01
<MEAN> 6
 7.860005e+01 -2.540031e+02 4.256382e+02 -3.137949e-01 -1.930546e+01 1.001295e+02
<VARIANCE> 6
 3.171015e+01 1.281363e+04 1.155935e+04 3.003832e+02 4.056576e+04 5.205853e+07
<GCONST> 6.738103e+01
<MIXTURE> 2 1.354795e-01
<MEAN> 6
 7.991037e+01 3.816949e+01 1.139514e+02 -5.227339e+00 2.488927e+00 4.819496e+01
<VARIANCE> 6
 3.171015e+01 1.281363e+04 1.155935e+04 3.003832e+02 4.056576e+04 5.205853e+07
<GCONST> 6.738103e+01
<MIXTURE> 3 8.765301e-03
<MEAN> 6
 7.854133e+01 -8.531464e+01 8.276639e+02 -5.652886e+00 -9.470979e+01 -3.354364e+02
<VARIANCE> 6
 1.898066e+02 2.529020e+05 3.927451e+06 3.003832e+02 4.819985e+04 5.205853e+07
<GCONST> 7.815358e+01
<MIXTURE> 4 8.306873e-02
<MEAN> 6
 7.296289e+01 -5.937471e+02 1.872940e+02 -8.924811e-01 -3.498872e+00 -1.327624e+02
<VARIANCE> 6
 3.171015e+01 1.281363e+04 1.155935e+04 3.003832e+02 4.056576e+04 5.205853e+07
<GCONST> 6.738103e+01
<MIXTURE> 5 9.275743e-02
<MEAN> 6
 7.829521e+01 -3.985738e+02 1.516701e+02 -2.651591e+00 1.133125e+00 -4.505451e-01
<VARIANCE> 6
 3.171015e+01 1.218227e+05 1.155935e+04 3.003832e+02 4.056576e+04 5.205853e+07
<GCONST> 6.963309e+01
<MIXTURE> 6 8.333062e-03
<MEAN> 6
 8.141178e+01 -5.028611e+02 -6.639459e+01 -5.998634e+00 2.087206e+00 -3.160417e+01
<VARIANCE> 6
 3.171015e+01 1.281363e+04 1.155935e+04 3.003832e+02 4.056576e+04 5.205853e+07
<GCONST> 6.738103e+01
<MIXTURE> 7 7.484581e-02
<MEAN> 6
 7.602609e+01 -7.954468e+02 2.075395e+00 2.354775e-01 8.483981e-01 -1.511142e+02
<VARIANCE> 6
 3.171015e+01 1.281363e+04 1.814169e+04 3.003832e+02 4.056576e+04 5.205853e+07
<GCONST> 6.783176e+01
<MIXTURE> 8 5.725248e-02
<MEAN> 6
 7.760644e+01 -2.056215e+02 9.546388e+01 -4.659687e+00 3.814568e+00 2.559380e+01
<VARIANCE> 6
 3.171015e+01 3.562389e+04 1.155935e+04 3.003832e+02 4.056576e+04 5.205853e+07
<GCONST> 6.840354e+01
<MIXTURE> 9 1.029022e-01
<MEAN> 6
 7.921362e+01 -3.903654e+02 1.217622e+02 -3.124251e+00 1.835297e+00 -4.863098e+01
<VARIANCE> 6
 3.171015e+01 1.281363e+04 1.575779e+04 3.003832e+02 4.056576e+04 5.205853e+07
<GCONST> 6.769087e+01
<MIXTURE> 10 9.251117e-02
<MEAN> 6
 7.290308e+01 -5.948477e+02 1.877701e+02 -8.816265e-01 -3.580070e+00 -1.314330e+02
<VARIANCE> 6
 3.171015e+01 1.281363e+04 1.155935e+04 3.003832e+02 4.056576e+04 5.205853e+07
<GCONST> 6.738103e+01
<MIXTURE> 11 4.983591e-02
<MEAN> 6
 7.841695e+01 -3.456381e+02 1.046021e+02 -3.859233e+00 2.405989e+00 1.755726e+00
<VARIANCE> 6
 3.171015e+01 1.956801e+04 1.155935e+04 3.003832e+02 4.056576e+04 5.205853e+07
<GCONST> 6.780442e+01
<MIXTURE> 12 8.046291e-02
<MEAN> 6
 7.757549e+01 -3.462551e+01 9.017914e+01 -4.990200e+00 6.358913e+00 7.513432e+00
<VARIANCE> 6
 3.171015e+01 1.314146e+04 1.155935e+04 3.003832e+02 4.056576e+04 5.205853e+07
<GCONST> 6.740630e+01
<MIXTURE> 13 7.676133e-02
<MEAN> 6
 7.554472e+01 -7.828159e+02 -5.822469e+01 -2.261452e-02 1.433088e+00 -1.339105e+02
<VARIANCE> 6
 3.171015e+01 1.281363e+04 1.155935e+04 3.003832e+02 4.056576e+04 5.205853e+07
<GCONST> 6.738103e+01
<STATE> 11
<NUMMIXES> 13
<MIXTURE> 1 6.774089e-02
<MEAN> 6
 9.889608e+01 -9.679775e+02 -2.565524e+02 -1.148779e+01 1.638717e+01 4.261522e+01
<VARIANCE> 6
 5.958688e+01 8.719782e+04 1.815041e+04 3.003832e+02 4.056576e+04 5.205853e+07
<GCONST> 7.038070e+01
<MIXTURE> 2 5.380256e-02
<MEAN> 6
 7.448875e+01 -4.017513e+02 -2.812878e+02 -4.390591e+01 -1.000431e+03 -1.656880e+04
<VARIANCE> 6
 3.290519e+02 3.131320e+05 4.640721e+05 7.187095e+02 4.193127e+05 2.240297e+08
<GCONST> 8.127677e+01
<MIXTURE> 3 8.191824e-02
<MEAN> 6
 7.592348e+01 -1.253565e+03 -8.547958e+01 -2.854652e+00 -3.709337e+00 -2.636999e+02
<VARIANCE> 6
 4.295385e+01 1.281363e+04 1.155935e+04 3.003832e+02 4.056576e+04 5.205853e+07
<GCONST> 6.768452e+01
<MIXTURE> 4 6.039048e-03
<MEAN> 6
 7.166919e+01 -4.720836e+02 -5.133232e+02 5.764566e+01 -1.675532e+02 1.035320e+02
<VARIANCE> 6
 3.171015e+01 1.619117e+04 1.155935e+04 3.003832e+02 4.056576e+04 5.205853e+07
<GCONST> 6.761499e+01
<MIXTURE> 5 2.966201e-02
<MEAN> 6
 7.075583e+01 -1.008088e+03 -4.116151e+02 2.766963e-01 -3.298934e+00 2.018665e+01
<VARIANCE> 6
 3.171015e+01 1.281363e+04 1.155935e+04 3.003832e+02 4.056576e+04 5.205853e+07
<GCONST> 6.738103e+01
<MIXTURE> 6 1.068415e-01
<MEAN> 6
 7.544678e+01 -2.966000e+02 -6.000707e+02 -3.264525e+00 -1.142517e+01 -1.076326e+02
<VARIANCE> 6
 3.201614e+01 1.281363e+04 1.155935e+04 3.003832e+02 4.056576e+04 5.205853e+07
<GCONST> 6.739063e+01
<MIXTURE> 7 8.742537e-02
<MEAN> 6
 7.073920e+01 -1.135500e+03 -3.317509e+02 1.595079e+00 -1.661350e+01 -3.683549e+01
<VARIANCE> 6
 3.171015e+01 1.281363e+04 1.155935e+04 3.003832e+02 4.056576e+04 5.205853e+07
<GCONST> 6.738103e+01
<MIXTURE> 8 1.956240e-01
<MEAN> 6
 9.865627e+01 -5.004644e+02 -5.399081e+02 -1.351183e+00 -1.991107e+00 -6.843955e+01
<VARIANCE> 6
 3.352828e+01 1.281363e+04 1.155935e+04 3.003832e+02 4.056576e+04 5.205853e+07
<GCONST> 6.743678e+01
<MIXTURE> 9 8.443463e-02
<MEAN> 6
 7.138048e+01 -1.336384e+03 -6.775639e+02 -1.550098e+00 8.693477e-01 -3.548085e+00
<VARIANCE> 6
 3.171015e+01 1.171292e+05 1.155935e+04 3.003832e+02 4.056576e+04 5.205853e+07
<GCONST> 6.959380e+01
<MIXTURE> 10 2.812224e-02
<MEAN> 6
 7.075906e+01 -9.482061e+02 -4.484730e+02 -4.396235e-01 2.216986e-01 2.825109e+01
<VARIANCE> 6
 3.171015e+01 1.281363e+04 1.155935e+04 3.003832e+02 4.056576e+04 5.205853e+07
<GCONST> 6.738103e+01
<MIXTURE> 11 7.680707e-02
<MEAN> 6
 7.268773e+01 -7.792342e+02 -6.447480e+02 -2.684301e+00 -1.149966e+01 1.611125e+02
<VARIANCE> 6
 3.171015e+01 2.011929e+04 1.155935e+04 3.003832e+02 4.056576e+04 5.205853e+07
<GCONST> 6.783220e+01
<MIXTURE> 12 9.071529e-02
<MEAN> 6
 9.729267e+01 -4.985429e+02 -5.394481e+02 -1.022955e+00 -2.311753e+00 -9.023489e+01
<VARIANCE> 6
 3.171015e+01 1.281363e+04 1.155935e+04 3.003832e+02 4.056576e+04 5.205853e+07
<GCONST> 6.738103e+01
<MIXTURE> 13 9.083569e-02
<MEAN> 6
 9.535953e+01 -5.017422e+02 -5.466021e+02 -6.782159e-01 -2.795125e+00 -9.678748e+01
<VARIANCE> 6
 3.171015e+01 1.281363e+04 1.155935e+04 3.003832e+02 4.056576e+04 5.205853e+07
<GCONST> 6.738103e+01
<STATE> 12
<NUMMIXES> 13
<MIXTURE> 1 1.041082e-01
<MEAN> 6
 8.754648e+01 6.603603e+01 -1.273379e+02 -6.231649e+00 -1.027584e+02 -6.419910e+02
<VARIANCE> 6
 9.163583e+01 4.346968e+05 8.669573e+05 4.330738e+02 5.621257e+04 5.205853e+07
<GCONST> 7.697592e+01
<MIXTURE> 2 9.623884e-02
<MEAN> 6
 7.628037e+01 2.392320e+02 -2.292400e+02 4.715947e+01 -8.059648e+02 -1.085459e+02
<VARIANCE> 6
 4.048452e+02 1.992511e+06 1.552910e+06 2.225088e+04 4.377388e+05 1.916827e+08
<GCONST> 8.786218e+01
<MIXTURE> 3 3.742201e-02
<MEAN> 6
 -4.208630e-02 9.845871e+01 -2.636504e+03 -3.568284e+02 -3.836257e+01 1.727871e+04
<VARIANCE> 6
 8.484432e+02 8.260974e+05 9.887195e+06 6.730984e+03 1.195018e+06 6.345677e+08
<GCONST> 9.057849e+01
<MIXTURE> 4 6.593508e-02
<MEAN> 6
 8.876992e+00 7.514705e+01 1.803866e+02 3.160482e+02 6.099265e+01 -8.830112e+03
<VARIANCE> 6
 6.890951e+02 4.132725e+05 4.395740e+05 4.674629e+03 5.792287e+05 1.310949e+08
<GCONST> 8.389885e+01
<MIXTURE> 5 5.564738e-02
<MEAN> 6
 4.958082e+01 -2.867449e+01 -7.811601e+01 -2.677618e+02 -9.893355e+02 5.376661e+03
<VARIANCE> 6
 2.245070e+02 5.184891e+05 7.276507e+05 4.023860e+03 3.415988e+05 9.348873e+07
<GCONST> 8.249216e+01
<MIXTURE> 6 9.570636e-02
<MEAN> 6
 -6.730013e+01 4.284483e+01 -1.158075e+02 8.681478e+00 1.547355e+02 4.683999e+02
<VARIANCE> 6
 9.538586e+01 2.737971e+05 6.534559e+05 5.046836e+02 6.476049e+04 5.205853e+07
<GCONST> 7.656563e+01
<MIXTURE> 7 1.306219e-01
<MEAN> 6
 -5.194895e+01 -3.480901e+01 9.385420e+01 1.117375e+02 9.273216e+02 6.094232e+02
<VARIANCE> 6
 1.790704e+02 3.052081e+05 4.525985e+05 1.358374e+04 1.880299e+05 5.788144e+07
<GCONST> 8.140144e+01
<MIXTURE> 8 5.354447e-02
<MEAN> 6
 -5.413073e+01 -1.620174e+02 -2.268056e+02 -1.977714e+02 1.856199e+03 3.427482e+03
<VARIANCE> 6
 1.579543e+02 7.682643e+05 1.549950e+06 9.959275e+03 1.075043e+06 8.414168e+08
<GCONST> 8.753992e+01
<MIXTURE> 9 8.416628e-02
<MEAN> 6
 -4.329188e+00 -1.376019e+01 -1.748822e+01 -2.783865e+02 1.224463e+02 3.133921e+03
<VARIANCE> 6
 5.162759e+02 7.327551e+05 7.656220e+05 6.083833e+03 2.922272e+05 1.488975e+08
<GCONST> 8.444436e+01
<MIXTURE> 10 5.003624e-02
<MEAN> 6
 -7.112603e+01 -8.000159e+01 -4.045002e+02 -5.183498e+00 9.013770e+02 -6.868046e+03
<VARIANCE> 6
 6.593562e+01 3.644138e+05 2.470153e+06 4.832614e+03 3.350647e+05 2.265894e+08
<GCONST> 8.318565e+01
<MIXTURE> 11 3.663602e-02
<MEAN> 6
 9.155997e+01 -3.247538e+02 -1.307691e+03 4.063096e+01 -1.404957e+03 7.641316e+02
<VARIANCE> 6
 1.232938e+02 8.436101e+05 4.400761e+06 1.799568e+04 2.252050e+06 1.581807e+09
<GCONST> 9.039163e+01
<MIXTURE> 12 1.224352e-01
<MEAN> 6
 7.559500e+01 5.514289e+01 -1.178509e+02 1.740997e+01 -7.166582e+02 -1.382400e+03
<VARIANCE> 6
 1.751882e+02 2.914464e+05 4.871606e+05 2.066094e+04 1.707810e+05 5.205853e+07
<GCONST> 8.162410e+01
<MIXTURE> 13 6.732628e-02
<MEAN> 6
 1.428135e+01 -2.816229e+02 -1.915944e+02 2.745432e+02 -9.389357e+01 -4.561023e+03
<VARIANCE> 6
 7.304387e+02 8.546846e+05 1.113650e+06 2.925311e+03 3.687826e+05 5.205853e+07
<GCONST> 8.376955e+01
<STATE> 13
<NUMMIXES> 13
<MIXTURE> 1 3.765747e-02
<MEAN> 6
 -5.886553e+00 1.589070e+02 1.089958e+02 -2.529320e+01 6.087222e+01 4.693727e+03
<VARIANCE> 6
 1.157813e+04 1.984294e+05 4.078541e+05 2.048777e+06 1.119984e+09 1.646127e+12
<GCONST> 1.089998e+02
<MIXTURE> 2 7.965259e-02
<MEAN> 6
 8.500286e+01 3.335782e+02 1.514759e+03 -3.281906e+00 -1.315403e+01 7.527634e+01
<VARIANCE> 6
 2.062415e+02 1.116318e+06 1.914268e+06 3.003832e+02 4.056576e+04 5.205853e+07
<GCONST> 7.883032e+01
<MIXTURE> 3 6.623077e-02
<MEAN> 6
 -1.073296e+01 1.781665e+02 2.254049e+02 -6.706841e+00 -1.959425e+02 -1.008168e+03
<VARIANCE> 6
 6.845241e+03 3.394548e+05 1.121192e+06 4.126105e+04 2.812268e+06 3.116884e+09
<GCONST> 9.386084e+01
<MIXTURE> 4 7.398918e-02
<MEAN> 6
 -4.242267e+01 5.460747e+00 4.921776e+02 8.759481e+01 4.363154e+02 -1.215695e+03
<VARIANCE> 6
 3.372969e+02 1.736839e+06 1.678101e+06 9.384817e+03 9.159781e+04 5.205853e+07
<GCONST> 8.388887e+01
<MIXTURE> 5 8.868401e-02
<MEAN> 6
 4.835287e+01 7.676384e+02 9.371627e+02 8.222432e+00 -3.664602e+02 1.218046e+02
<VARIANCE> 6
 7.527068e+02 1.831687e+06 4.044148e+06 2.043260e+04 2.206227e+05 5.435969e+07
<GCONST> 8.732469e+01
<MIXTURE> 6 8.723079e-02
<MEAN> 6
 8.885332e+01 5.821590e+02 -9.090348e+01 -6.568568e+00 -5.339422e+00 2.676389e+01
<VARIANCE> 6
 1.196839e+02 2.805034e+05 1.832079e+05 3.003832e+02 4.056576e+04 5.205853e+07
<GCONST> 7.455846e+01
<MIXTURE> 7 5.047597e-02
<MEAN> 6
 8.015699e+01 1.104291e+02 1.089738e+02 -1.184905e+01 -1.557602e+02 4.138504e+01
<VARIANCE> 6
 2.288308e+02 1.327697e+05 1.239894e+05 9.662017e+03 4.370442e+05 2.062337e+08
<GCONST> 8.129283e+01
<MIXTURE> 8 3.987023e-02
<MEAN> 6
 -6.145611e+01 6.617209e+01 5.674904e+02 -2.484604e+00 1.550815e+02 2.754843e+02
<VARIANCE> 6
 1.518215e+02 4.147718e+05 2.068815e+06 4.302236e+02 4.056576e+04 5.205853e+07
<GCONST> 7.797080e+01
<MIXTURE> 9 1.113014e-01
<MEAN> 6
 1.833411e+01 -2.061532e+02 5.988361e+02 3.711238e+00 -1.745833e+02 -5.606320e+02
<VARIANCE> 6
 8.036613e+02 1.472380e+05 1.889139e+06 2.442349e+04 1.074276e+05 5.205853e+07
<GCONST> 8.352364e+01
<MIXTURE> 10 3.861820e-02
<MEAN> 6
 -5.295356e+01 -1.054859e+02 1.581790e+02 -6.668613e+01 9.263843e+02 1.166952e+03
<VARIANCE> 6
 2.323606e+02 8.576537e+05 1.326255e+06 1.584014e+04 3.264756e+05 2.394425e+08
<GCONST> 8.589561e+01
<MIXTURE> 11 1.318064e-01
<MEAN> 6
 7.272881e+01 -1.090870e+02 1.824092e+02 5.408373e-01 -2.089371e+01 -3.754477e+01
<VARIANCE> 6
 2.499502e+02 4.297321e+05 1.923690e+06 3.003832e+02 4.056576e+04 5.205853e+07
<GCONST> 7.807281e+01
<MIXTURE> 12 1.105988e-01
<MEAN> 6
 8.079746e+01 -1.589684e+02 -1.120821e+02 -1.713214e+00 9.479932e+00 -7.524641e+01
<VARIANCE> 6
 5.457841e+01 1.155898e+05 1.518663e+05 3.003832e+02 4.056576e+04 5.205853e+07
<GCONST> 7.269908e+01
<MIXTURE> 13 8.363422e-02
<MEAN> 6
 8.219443e+01 1.691368e+02 8.882103e+02 -3.390627e+00 -1.260544e+01 6.002232e+01
<VARIANCE> 6
 2.017142e+02 1.370916e+06 2.256646e+06 3.003832e+02 4.056576e+04 5.205853e+07
<GCONST> 7.917812e+01
<TRANSP> 14
 0.000000e+00 1.000000e+00 0.000000e+00 0.000000e+00 0.000000e+00 0.000000e+00 0.000000e+00 0.000000e+00 0.000000e+00 0.000000e+00 0.000000e+00 0.000000e+00 0.000000e+00 0.000000e+00
 0.000000e+00 9.999070e-01 9.303005e-05 0.000000e+00 0.000000e+00 0.000000e+00 0.000000e+00 0.000000e+00 0.000000e+00 0.000000e+00 0.000000e+00 0.000000e+00 0.000000e+00 0.000000e+00
 0.000000e+00 0.000000e+00 9.971856e-01 2.814367e-03 0.000000e+00 0.000000e+00 0.000000e+00 0.000000e+00 0.000000e+00 0.000000e+00 0.000000e+00 0.000000e+00 0.000000e+00 0.000000e+00
 0.000000e+00 0.000000e+00 0.000000e+00 9.973208e-01 2.679158e-03 0.000000e+00 0.000000e+00 0.000000e+00 0.000000e+00 0.000000e+00 0.000000e+00 0.000000e+00 0.000000e+00 0.000000e+00
 0.000000e+00 0.000000e+00 0.000000e+00 0.000000e+00 9.961081e-01 3.891908e-03 0.000000e+00 0.000000e+00 0.000000e+00 0.000000e+00 0.000000e+00 0.000000e+00 0.000000e+00 0.000000e+00
 0.000000e+00 0.000000e+00 0.000000e+00 0.000000e+00 0.000000e+00 9.973354e-01 2.664664e-03 0.000000e+00 0.000000e+00 0.000000e+00 0.000000e+00 0.000000e+00 0.000000e+00 0.000000e+00
 0.000000e+00 0.000000e+00 0.000000e+00 0.000000e+00 0.000000e+00 0.000000e+00 9.988717e-01 1.128240e-03 0.000000e+00 0.000000e+00 0.000000e+00 0.000000e+00 0.000000e+00 0.000000e+00
 0.000000e+00 0.000000e+00 0.000000e+00 0.000000e+00 0.000000e+00 0.000000e+00 0.000000e+00 9.984407e-01 1.559264e-03 0.000000e+00 0.000000e+00 0.000000e+00 0.000000e+00 0.000000e+00
 0.000000e+00 0.000000e+00 0.000000e+00 0.000000e+00 0.000000e+00 0.000000e+00 0.000000e+00 0.000000e+00 9.978559e-01 2.144105e-03 0.000000e+00 0.000000e+00 0.000000e+00 0.000000e+00
 0.000000e+00 0.000000e+00 0.000000e+00 0.000000e+00 0.000000e+00 0.000000e+00 0.000000e+00 0.000000e+00 0.000000e+00 9.978879e-01 2.112083e-03 0.000000e+00 0.000000e+00 0.000000e+00
 0.000000e+00 0.000000e+00 0.000000e+00 0.000000e+00 0.000000e+00 0.000000e+00 0.000000e+00 0.000000e+00 0.000000e+00 0.000000e+00 9.971423e-01 2.857699e-03 0.000000e+00 0.000000e+00
 0.000000e+00 0.000000e+00 0.000000e+00 0.000000e+00 0.000000e+00 0.000000e+00 0.000000e+00 0.000000e+00 0.000000e+00 0.000000e+00 0.000000e+00 9.998716e-01 1.283609e-04 0.000000e+00
 0.000000e+00 0.000000e+00 0.000000e+00 0.000000e+00 0.000000e+00 0.000000e+00 0.000000e+00 0.000000e+00 0.000000e+00 0.000000e+00 0.000000e+00 0.000000e+00 9.998015e-01 1.985722e-04
 0.000000e+00 0.000000e+00 0.000000e+00 0.000000e+00 0.000000e+00 0.000000e+00 0.000000e+00 0.000000e+00 0.000000e+00 0.000000e+00 0.000000e+00 0.000000e+00 0.000000e+00 0.000000e+00
<ENDHMM>
