~o
<STREAMINFO> 1 6
<VECSIZE> 6<NULLD><USER><DIAGC>
~h "SegundoPRIMARIA"
<BEGINHMM>
<NUMSTATES> 14
<STATE> 2
<NUMMIXES> 13
<MIXTURE> 1 8.124895e-02
<MEAN> 6
 -1.077323e+01 7.460646e+01 1.794064e+01 7.937524e+01 4.285060e+02 -4.037249e+03
<VARIANCE> 6
 3.173117e+02 7.015890e+04 3.437258e+04 4.960603e+04 1.546544e+05 7.182457e+07
<GCONST> 7.924123e+01
<MIXTURE> 2 4.883887e-02
<MEAN> 6
 6.616463e+01 -8.621839e+01 1.884368e+01 2.758609e+01 -8.118331e+02 -3.956028e+02
<VARIANCE> 6
 3.849931e+03 4.652889e+05 7.779238e+05 6.632423e+04 5.341328e+06 3.175305e+09
<GCONST> 9.436983e+01
<MIXTURE> 3 6.221567e-02
<MEAN> 6
 8.675749e+01 -2.983027e+01 7.988123e+01 -1.799566e+00 -1.498064e+00 -1.200229e+01
<VARIANCE> 6
 1.642028e+02 1.313522e+05 1.329154e+05 2.593203e+02 1.595152e+04 1.545820e+07
<GCONST> 7.150050e+01
<MIXTURE> 4 1.037813e-01
<MEAN> 6
 4.114410e+01 1.012153e+02 1.528538e+01 2.471880e+02 -2.162738e+02 -2.277808e+03
<VARIANCE> 6
 6.314714e+02 8.960352e+04 9.252781e+04 6.391896e+03 1.744050e+05 6.319722e+07
<GCONST> 7.910742e+01
<MIXTURE> 5 6.358294e-02
<MEAN> 6
 -2.731746e+01 7.215469e+01 -4.344174e+00 -2.669589e+02 1.359893e+03 1.090930e+04
<VARIANCE> 6
 5.989353e+02 6.409695e+04 7.191275e+04 1.863155e+04 1.562694e+06 9.074900e+08
<GCONST> 8.439450e+01
<MIXTURE> 6 7.377996e-02
<MEAN> 6
 9.579545e+01 -1.324839e+01 1.126166e+02 7.927175e+00 -5.556840e+02 -1.257208e+03
<VARIANCE> 6
 1.990032e+02 7.966206e+04 8.795202e+04 8.985540e+03 4.230778e+05 1.691624e+08
<GCONST> 7.999573e+01
<MIXTURE> 7 1.022735e-01
<MEAN> 6
 -5.286406e+01 1.132657e+02 -4.843352e+00 1.490397e+01 3.632044e+02 6.498483e+02
<VARIANCE> 6
 1.893295e+02 7.372421e+04 8.606635e+04 2.894047e+03 1.262045e+05 3.718051e+07
<GCONST> 7.598907e+01
<MIXTURE> 8 7.781269e-02
<MEAN> 6
 6.458053e+01 -1.356036e+02 -2.663844e+02 8.770540e-01 -2.334179e+00 -6.769553e+01
<VARIANCE> 6
 5.207266e+01 2.210559e+05 1.010949e+05 2.593203e+02 1.595152e+04 1.545820e+07
<GCONST> 7.059891e+01
<MIXTURE> 9 8.269869e-02
<MEAN> 6
 6.725678e+01 4.044600e+01 2.597489e+01 -6.387737e+01 -1.069716e+03 1.075378e+03
<VARIANCE> 6
 9.017427e+02 5.552604e+04 4.367585e+04 6.299620e+04 1.063209e+06 5.222962e+08
<GCONST> 8.444213e+01
<MIXTURE> 10 6.636255e-02
<MEAN> 6
 4.281890e+01 2.027373e+01 2.504235e+02 -2.236592e+02 -4.597820e+02 3.422614e+03
<VARIANCE> 6
 6.643911e+02 6.250966e+04 4.294992e+05 1.844630e+04 3.913393e+05 9.292165e+07
<GCONST> 8.258680e+01
<MIXTURE> 11 1.032747e-01
<MEAN> 6
 -4.734988e+01 5.864228e+01 -3.158259e+01 6.915277e+01 1.208663e+03 -2.843863e+03
<VARIANCE> 6
 3.471886e+02 1.260484e+05 1.428795e+05 2.590774e+04 2.891593e+05 1.795654e+08
<GCONST> 8.223439e+01
<MIXTURE> 12 7.054674e-02
<MEAN> 6
 8.671809e+01 -1.138972e+02 1.264537e+01 -7.709717e+01 -7.121103e+02 -1.344874e+03
<VARIANCE> 6
 2.848294e+02 1.829042e+05 6.421475e+04 1.288186e+04 2.001010e+05 6.405562e+07
<GCONST> 7.951128e+01
<MIXTURE> 13 6.295086e-02
<MEAN> 6
 8.363892e+01 -1.681521e+02 -1.170923e+02 -2.386354e+00 -2.493132e+01 -2.780554e+02
<VARIANCE> 6
 1.574653e+02 1.260272e+05 1.589135e+05 2.593203e+02 1.595152e+04 1.545820e+07
<GCONST> 7.159586e+01
<STATE> 3
<NUMMIXES> 13
<MIXTURE> 1 5.591502e-02
<MEAN> 6
 7.919276e+01 9.887296e+01 1.587742e+02 -1.853886e+00 -3.888261e+01 1.657287e+02
<VARIANCE> 6
 3.129757e+01 1.371271e+04 1.230786e+04 2.593203e+02 1.595152e+04 1.545820e+07
<GCONST> 6.520390e+01
<MIXTURE> 2 9.090982e-02
<MEAN> 6
 9.019900e+01 1.100850e+02 3.573148e+02 1.101295e+02 -6.516382e+02 3.841230e+02
<VARIANCE> 6
 2.146603e+02 3.251559e+04 4.654644e+04 3.329235e+03 2.347093e+05 8.434844e+07
<GCONST> 7.626107e+01
<MIXTURE> 3 6.148985e-02
<MEAN> 6
 7.758019e+01 -3.118933e+00 1.952260e+02 -2.033270e+00 5.270002e+00 1.833284e+02
<VARIANCE> 6
 3.129757e+01 1.230843e+04 1.230786e+04 2.593203e+02 1.595152e+04 1.545820e+07
<GCONST> 6.509586e+01
<MIXTURE> 4 6.935530e-02
<MEAN> 6
 7.743008e+01 -1.940170e+01 1.932569e+02 -1.978440e+00 -1.938736e+00 6.215869e+01
<VARIANCE> 6
 3.129757e+01 1.230843e+04 1.230786e+04 2.593203e+02 1.595152e+04 1.545820e+07
<GCONST> 6.509586e+01
<MIXTURE> 5 6.582304e-02
<MEAN> 6
 7.745230e+01 -1.446304e+01 1.928452e+02 -1.996908e+00 -2.392576e+00 6.708620e+01
<VARIANCE> 6
 3.129757e+01 1.230843e+04 1.230786e+04 2.593203e+02 1.595152e+04 1.545820e+07
<GCONST> 6.509586e+01
<MIXTURE> 6 1.232671e-01
<MEAN> 6
 9.717429e+01 -3.259816e+01 4.047584e+01 2.345990e+02 -1.397058e+03 -2.472989e+04
<VARIANCE> 6
 2.927637e+02 2.164373e+05 1.713841e+05 1.297378e+04 2.631529e+06 1.003657e+09
<GCONST> 8.602402e+01
<MIXTURE> 7 8.193062e-02
<MEAN> 6
 1.113434e+02 -1.354277e+02 8.423948e+01 -2.198540e+01 -1.243476e+02 4.727360e+03
<VARIANCE> 6
 4.240462e+01 5.315067e+04 4.383589e+04 1.793923e+03 3.624991e+05 1.065497e+08
<GCONST> 7.512068e+01
<MIXTURE> 8 8.631846e-02
<MEAN> 6
 9.560978e+01 2.567069e+01 -1.573081e+02 1.841337e+01 -6.412700e+01 -4.977119e+02
<VARIANCE> 6
 1.131705e+02 7.622083e+04 1.230786e+04 3.562643e+02 2.214148e+05 2.150826e+08
<GCONST> 7.378554e+01
<MIXTURE> 9 9.810364e-02
<MEAN> 6
 1.110184e+02 -3.107744e+02 -5.933086e+01 -1.765334e+01 -8.563760e+02 2.984922e+04
<VARIANCE> 6
 2.408246e+02 4.844808e+05 3.281050e+05 4.531936e+03 2.556328e+06 9.389384e+08
<GCONST> 8.613651e+01
<MIXTURE> 10 6.968637e-02
<MEAN> 6
 7.742757e+01 -2.031926e+01 1.933134e+02 -1.975865e+00 -1.814065e+00 6.142068e+01
<VARIANCE> 6
 3.129757e+01 1.230843e+04 1.230786e+04 2.593203e+02 1.595152e+04 1.545820e+07
<GCONST> 6.509586e+01
<MIXTURE> 11 6.940471e-02
<MEAN> 6
 8.503698e+01 1.536447e+02 3.292024e+02 2.688275e+01 1.015516e+02 -7.981059e+01
<VARIANCE> 6
 1.619470e+02 3.431845e+04 3.632804e+04 1.960240e+03 3.396810e+05 2.271845e+08
<GCONST> 7.661618e+01
<MIXTURE> 12 6.621944e-02
<MEAN> 6
 7.742982e+01 -2.316492e+01 1.933306e+02 -1.973859e+00 -1.559438e+00 5.985615e+01
<VARIANCE> 6
 3.129757e+01 1.230843e+04 1.230786e+04 2.593203e+02 1.595152e+04 1.545820e+07
<GCONST> 6.509586e+01
<MIXTURE> 13 6.155725e-02
<MEAN> 6
 7.741412e+01 -3.126544e+01 1.921972e+02 -1.912919e+00 -6.950307e+00 -7.217110e+00
<VARIANCE> 6
 3.129757e+01 1.230843e+04 1.230786e+04 2.593203e+02 1.595152e+04 1.545820e+07
<GCONST> 6.509586e+01
<STATE> 4
<NUMMIXES> 13
<MIXTURE> 1 6.147049e-03
<MEAN> 6
 7.253288e+01 -1.644824e+02 -2.266118e+03 6.907382e+01 -4.759027e+02 1.086449e+03
<VARIANCE> 6
 1.765238e+02 5.030153e+05 1.280572e+06 2.244049e+03 5.518670e+04 1.545820e+07
<GCONST> 7.858008e+01
<MIXTURE> 2 6.146489e-02
<MEAN> 6
 9.837722e+01 8.000214e+02 2.792145e+02 -4.769028e+00 -3.744445e+00 8.222680e+01
<VARIANCE> 6
 3.129757e+01 1.230843e+04 1.230786e+04 2.593203e+02 1.595152e+04 1.545820e+07
<GCONST> 6.509586e+01
<MIXTURE> 3 5.970705e-02
<MEAN> 6
 9.839629e+01 1.109120e+02 8.040903e+01 -4.383418e+00 1.111276e+00 1.874894e+02
<VARIANCE> 6
 3.129757e+01 1.230843e+04 1.230786e+04 2.593203e+02 1.595152e+04 1.545820e+07
<GCONST> 6.509586e+01
<MIXTURE> 4 9.222110e-02
<MEAN> 6
 9.053681e+01 2.386579e+02 2.123230e+02 -2.858831e+00 -1.334483e+01 2.046700e+01
<VARIANCE> 6
 3.129757e+01 1.230843e+04 1.230786e+04 2.593203e+02 1.595152e+04 1.545820e+07
<GCONST> 6.509586e+01
<MIXTURE> 5 9.484152e-02
<MEAN> 6
 9.692063e+01 5.583718e+02 -1.438943e+02 -8.833054e-01 -1.592521e+01 2.295272e+02
<VARIANCE> 6
 3.129757e+01 2.464710e+04 1.230786e+04 2.593203e+02 1.595152e+04 1.545820e+07
<GCONST> 6.579024e+01
<MIXTURE> 6 1.067826e-01
<MEAN> 6
 9.356007e+01 -1.437175e+02 7.941917e+01 -2.581023e+00 2.074699e-02 9.168288e-01
<VARIANCE> 6
 3.129757e+01 2.135624e+04 1.230786e+04 2.593203e+02 1.595152e+04 1.545820e+07
<GCONST> 6.564692e+01
<MIXTURE> 7 7.371335e-02
<MEAN> 6
 9.376548e+01 1.009555e+02 -1.450085e+01 -3.558841e+00 5.690793e+00 5.186519e+01
<VARIANCE> 6
 3.129757e+01 1.307865e+04 7.375365e+04 2.593203e+02 1.595152e+04 1.545820e+07
<GCONST> 6.694704e+01
<MIXTURE> 8 8.662952e-02
<MEAN> 6
 9.139056e+01 7.764435e+02 1.599584e+02 -2.244544e+00 -6.084042e-01 9.627951e+00
<VARIANCE> 6
 3.129757e+01 2.286689e+04 1.230786e+04 2.593203e+02 1.595152e+04 1.545820e+07
<GCONST> 6.571526e+01
<MIXTURE> 9 1.140190e-01
<MEAN> 6
 9.362846e+01 -2.085626e+02 8.473994e+01 -2.871876e+00 -6.481916e-01 4.793521e+01
<VARIANCE> 6
 3.129757e+01 1.890373e+04 1.230786e+04 2.593203e+02 1.595152e+04 1.545820e+07
<GCONST> 6.552493e+01
<MIXTURE> 10 8.830365e-02
<MEAN> 6
 9.608313e+01 7.940853e+00 5.664838e+01 -3.847211e+00 -5.074183e-01 6.206739e+01
<VARIANCE> 6
 3.129757e+01 1.431437e+04 1.230786e+04 2.593203e+02 1.595152e+04 1.545820e+07
<GCONST> 6.524684e+01
<MIXTURE> 11 8.380878e-02
<MEAN> 6
 9.115846e+01 7.178206e+02 1.771409e+02 -2.635647e+00 -3.847641e-01 2.088436e+01
<VARIANCE> 6
 3.129757e+01 2.438197e+04 1.230786e+04 2.593203e+02 1.595152e+04 1.545820e+07
<GCONST> 6.577942e+01
<MIXTURE> 12 7.291039e-02
<MEAN> 6
 9.372181e+01 7.842187e+01 -2.677481e+01 -3.641306e+00 5.471182e+00 2.697532e+01
<VARIANCE> 6
 3.129757e+01 1.298587e+04 6.783839e+04 2.593203e+02 1.595152e+04 1.545820e+07
<GCONST> 6.685633e+01
<MIXTURE> 13 5.942862e-02
<MEAN> 6
 9.735951e+01 7.691241e+01 5.936955e+01 -4.138406e+00 -7.201746e+00 2.848853e+01
<VARIANCE> 6
 3.129757e+01 1.230843e+04 1.230786e+04 2.593203e+02 1.595152e+04 1.545820e+07
<GCONST> 6.509586e+01
<STATE> 5
<NUMMIXES> 13
<MIXTURE> 1 1.263592e-01
<MEAN> 6
 1.322672e+02 5.821230e+02 1.583322e+02 -7.870336e+00 1.071526e+01 -5.247576e+01
<VARIANCE> 6
 3.129757e+01 4.998418e+05 1.230786e+04 8.207536e+02 1.352189e+05 6.254529e+07
<GCONST> 7.348712e+01
<MIXTURE> 2 6.249843e-02
<MEAN> 6
 6.824956e+01 3.555920e+01 -7.770132e+02 -5.088013e-01 -6.836585e+00 -2.075624e+02
<VARIANCE> 6
 3.129757e+01 1.230843e+04 1.230786e+04 2.593203e+02 1.595152e+04 1.545820e+07
<GCONST> 6.509586e+01
<MIXTURE> 3 7.550742e-02
<MEAN> 6
 7.633308e+01 -2.796970e+02 -1.024022e+03 -8.237332e-01 1.558104e+00 5.074599e+01
<VARIANCE> 6
 3.129757e+01 1.230843e+04 1.230786e+04 2.593203e+02 1.595152e+04 1.545820e+07
<GCONST> 6.509586e+01
<MIXTURE> 4 6.539318e-02
<MEAN> 6
 7.176462e+01 3.232914e+01 -1.043740e+03 -2.919020e+00 -1.227939e+00 3.992490e+01
<VARIANCE> 6
 3.129757e+01 1.230843e+04 1.230786e+04 2.593203e+02 1.595152e+04 1.545820e+07
<GCONST> 6.509586e+01
<MIXTURE> 5 1.444268e-02
<MEAN> 6
 7.792710e+01 -1.533536e+02 -5.084093e+02 1.903738e+00 2.140403e+02 2.802052e+02
<VARIANCE> 6
 1.538466e+02 4.009849e+05 6.395051e+05 2.593203e+02 6.358491e+04 2.002563e+07
<GCONST> 7.576407e+01
<MIXTURE> 6 1.042132e-01
<MEAN> 6
 7.178244e+01 -4.527074e+02 -8.033373e+02 -5.956684e-01 -5.338818e+00 -6.341140e+01
<VARIANCE> 6
 3.129757e+01 1.230843e+04 1.230786e+04 2.593203e+02 1.595152e+04 1.545820e+07
<GCONST> 6.509586e+01
<MIXTURE> 7 1.248257e-01
<MEAN> 6
 6.908186e+01 2.177915e+01 -9.033359e+02 -8.291121e-01 -9.512728e-01 -6.073483e+01
<VARIANCE> 6
 3.129757e+01 1.230843e+04 1.230786e+04 2.593203e+02 1.595152e+04 1.545820e+07
<GCONST> 6.509586e+01
<MIXTURE> 8 1.032051e-01
<MEAN> 6
 7.178244e+01 -4.527075e+02 -8.033373e+02 -5.956704e-01 -5.338845e+00 -6.341095e+01
<VARIANCE> 6
 3.129757e+01 1.230843e+04 1.230786e+04 2.593203e+02 1.595152e+04 1.545820e+07
<GCONST> 6.509586e+01
<MIXTURE> 9 7.944023e-02
<MEAN> 6
 7.062969e+01 2.692861e+01 -1.088865e+03 -4.902620e-01 2.034680e-01 -1.929325e+02
<VARIANCE> 6
 3.129757e+01 1.230843e+04 2.918345e+04 2.593203e+02 1.595152e+04 1.545820e+07
<GCONST> 6.595922e+01
<MIXTURE> 10 4.127340e-02
<MEAN> 6
 1.331285e+02 -2.117536e+03 7.034450e+01 -4.186550e+01 -1.163252e+01 3.918300e+02
<VARIANCE> 6
 1.879836e+02 5.610797e+05 1.230786e+04 2.593203e+02 1.765651e+04 1.545820e+07
<GCONST> 7.080980e+01
<MIXTURE> 11 7.578187e-02
<MEAN> 6
 7.633316e+01 -2.797110e+02 -1.024024e+03 -8.237426e-01 1.557504e+00 5.072951e+01
<VARIANCE> 6
 3.129757e+01 1.230843e+04 1.230786e+04 2.593203e+02 1.595152e+04 1.545820e+07
<GCONST> 6.509586e+01
<MIXTURE> 12 6.141813e-02
<MEAN> 6
 6.839926e+01 3.103596e+01 -8.091134e+02 -5.153177e-01 -4.913391e+00 -1.596995e+02
<VARIANCE> 6
 3.129757e+01 1.230843e+04 1.230786e+04 2.593203e+02 1.595152e+04 1.545820e+07
<GCONST> 6.509586e+01
<MIXTURE> 13 6.562637e-02
<MEAN> 6
 7.153442e+01 2.839850e+01 -1.063891e+03 -2.606926e+00 -6.980120e+00 2.648043e+01
<VARIANCE> 6
 3.129757e+01 1.230843e+04 1.230786e+04 2.593203e+02 1.595152e+04 1.545820e+07
<GCONST> 6.509586e+01
<STATE> 6
<NUMMIXES> 13
<MIXTURE> 1 7.814116e-02
<MEAN> 6
 5.870352e+01 1.658935e+02 9.804380e+02 1.135020e-01 9.046378e-01 -6.059960e+01
<VARIANCE> 6
 3.129757e+01 1.230843e+04 1.230786e+04 2.593203e+02 1.595152e+04 1.545820e+07
<GCONST> 6.509586e+01
<MIXTURE> 2 9.511495e-02
<MEAN> 6
 6.724200e+01 -3.133512e+01 1.533347e+02 -4.162666e+00 -4.793391e+00 -9.610572e+01
<VARIANCE> 6
 3.129757e+01 1.230843e+04 1.230786e+04 2.593203e+02 1.595152e+04 1.545820e+07
<GCONST> 6.509586e+01
<MIXTURE> 3 1.581547e-02
<MEAN> 6
 9.880952e+01 5.531784e+01 -2.407810e+02 -1.393145e+01 -2.801548e+02 2.053012e+03
<VARIANCE> 6
 2.277110e+02 8.931065e+05 2.455657e+05 2.887630e+02 5.072885e+04 7.167351e+07
<GCONST> 7.715662e+01
<MIXTURE> 4 7.854799e-02
<MEAN> 6
 7.590972e+01 -1.511402e+02 -2.446483e+01 -1.032594e+01 2.199580e+00 1.669569e+02
<VARIANCE> 6
 3.129757e+01 1.230843e+04 1.230786e+04 2.593203e+02 1.595152e+04 1.545820e+07
<GCONST> 6.509586e+01
<MIXTURE> 5 5.599613e-02
<MEAN> 6
 6.061928e+01 1.980176e+02 7.599324e+02 4.795839e-01 6.208393e+00 1.852117e+02
<VARIANCE> 6
 3.129757e+01 1.230843e+04 1.230786e+04 2.593203e+02 1.595152e+04 1.545820e+07
<GCONST> 6.509586e+01
<MIXTURE> 6 9.252815e-02
<MEAN> 6
 6.724199e+01 -3.133447e+01 1.533349e+02 -4.162677e+00 -4.793460e+00 -9.610692e+01
<VARIANCE> 6
 3.129757e+01 1.230843e+04 1.230786e+04 2.593203e+02 1.595152e+04 1.545820e+07
<GCONST> 6.509586e+01
<MIXTURE> 7 7.789065e-02
<MEAN> 6
 5.869708e+01 1.656438e+02 9.810316e+02 1.136484e-01 9.147249e-01 -6.088015e+01
<VARIANCE> 6
 3.129757e+01 1.230843e+04 1.230786e+04 2.593203e+02 1.595152e+04 1.545820e+07
<GCONST> 6.509586e+01
<MIXTURE> 8 9.446371e-02
<MEAN> 6
 6.724200e+01 -3.133529e+01 1.533347e+02 -4.162663e+00 -4.793359e+00 -9.610558e+01
<VARIANCE> 6
 3.129757e+01 1.230843e+04 1.230786e+04 2.593203e+02 1.595152e+04 1.545820e+07
<GCONST> 6.509586e+01
<MIXTURE> 9 9.177518e-02
<MEAN> 6
 6.724201e+01 -3.133638e+01 1.533343e+02 -4.162639e+00 -4.793324e+00 -9.610517e+01
<VARIANCE> 6
 3.129757e+01 1.230843e+04 1.230786e+04 2.593203e+02 1.595152e+04 1.545820e+07
<GCONST> 6.509586e+01
<MIXTURE> 10 1.072020e-01
<MEAN> 6
 7.179328e+01 -2.504445e+02 8.491517e+01 -4.374057e+00 2.644574e+00 3.677652e+01
<VARIANCE> 6
 3.129757e+01 1.230843e+04 1.230786e+04 2.593203e+02 1.595152e+04 1.545820e+07
<GCONST> 6.509586e+01
<MIXTURE> 11 7.813175e-02
<MEAN> 6
 5.870750e+01 1.660465e+02 9.800715e+02 1.134125e-01 8.985180e-01 -6.042625e+01
<VARIANCE> 6
 3.129757e+01 1.230843e+04 1.230786e+04 2.593203e+02 1.595152e+04 1.545820e+07
<GCONST> 6.509586e+01
<MIXTURE> 12 7.787543e-02
<MEAN> 6
 5.871627e+01 1.663798e+02 9.792646e+02 1.132149e-01 8.854429e-01 -6.004227e+01
<VARIANCE> 6
 3.129757e+01 1.230843e+04 1.230786e+04 2.593203e+02 1.595152e+04 1.545820e+07
<GCONST> 6.509586e+01
<MIXTURE> 13 5.651214e-02
<MEAN> 6
 6.072092e+01 1.964859e+02 7.411437e+02 5.484149e-01 6.435740e+00 1.901898e+02
<VARIANCE> 6
 3.129757e+01 1.230843e+04 1.230786e+04 2.593203e+02 1.595152e+04 1.545820e+07
<GCONST> 6.509586e+01
<STATE> 7
<NUMMIXES> 13
<MIXTURE> 1 5.653482e-02
<MEAN> 6
 1.037387e+02 1.088664e+03 -4.717917e+02 -2.120425e+00 2.990016e+00 1.409976e+02
<VARIANCE> 6
 3.129757e+01 1.230843e+04 1.230786e+04 2.593203e+02 1.595152e+04 1.545820e+07
<GCONST> 6.509586e+01
<MIXTURE> 2 1.135467e-01
<MEAN> 6
 7.919870e+01 -9.085758e+02 4.378267e+03 -3.621659e+00 1.857010e+01 8.088081e+01
<VARIANCE> 6
 3.129757e+01 3.963701e+04 3.620010e+04 2.593203e+02 1.688598e+04 1.545820e+07
<GCONST> 6.740109e+01
<MIXTURE> 3 8.156306e-02
<MEAN> 6
 9.061674e+01 9.057673e+02 1.154461e+03 -4.573847e+00 6.872553e-01 6.232911e+01
<VARIANCE> 6
 3.129757e+01 4.287114e+04 1.230786e+04 2.593203e+02 1.595152e+04 1.545820e+07
<GCONST> 6.634377e+01
<MIXTURE> 4 1.176404e-01
<MEAN> 6
 7.597491e+01 1.987273e+02 -1.385293e+03 1.558424e+00 1.773013e+01 6.215688e+01
<VARIANCE> 6
 3.129757e+01 1.230843e+04 1.230786e+04 2.593203e+02 1.595152e+04 1.545820e+07
<GCONST> 6.509586e+01
<MIXTURE> 5 2.104138e-02
<MEAN> 6
 7.907299e+01 -9.250275e+02 2.445673e+03 -1.888579e+01 -2.310585e+01 4.439606e+00
<VARIANCE> 6
 1.697079e+02 3.384992e+05 2.031118e+06 2.323507e+03 4.147157e+05 1.651557e+08
<GCONST> 8.302630e+01
<MIXTURE> 6 8.013266e-02
<MEAN> 6
 7.674644e+01 4.306924e+02 -2.086013e+03 2.103702e+00 -4.686979e+00 1.998057e+00
<VARIANCE> 6
 3.129757e+01 1.230843e+04 1.230786e+04 2.593203e+02 1.595152e+04 1.545820e+07
<GCONST> 6.509586e+01
<MIXTURE> 7 8.971395e-02
<MEAN> 6
 7.930285e+01 1.490623e+03 4.555212e+02 -1.485163e+00 -3.707781e+00 -1.449518e+02
<VARIANCE> 6
 3.129757e+01 1.432987e+04 1.230786e+04 2.593203e+02 1.595152e+04 1.545820e+07
<GCONST> 6.524792e+01
<MIXTURE> 8 1.108823e-01
<MEAN> 6
 7.633888e+01 2.528238e+01 -2.000047e+03 -5.380018e-01 -3.793399e+00 8.950134e+01
<VARIANCE> 6
 3.129757e+01 1.230843e+04 8.358540e+04 2.593203e+02 1.595152e+04 1.545820e+07
<GCONST> 6.701149e+01
<MIXTURE> 9 3.513042e-02
<MEAN> 6
 8.115417e+01 1.485882e+03 -2.341083e+02 4.070164e-01 1.308615e+01 7.232204e+01
<VARIANCE> 6
 3.129757e+01 3.329645e+04 2.172640e+04 2.593203e+02 1.595152e+04 1.545820e+07
<GCONST> 6.665932e+01
<MIXTURE> 10 7.666060e-02
<MEAN> 6
 7.590041e+01 -4.185350e+02 2.602339e+03 -2.279943e+00 -1.452430e+01 -4.790039e+01
<VARIANCE> 6
 3.129757e+01 4.084943e+05 9.610014e+05 2.593203e+02 1.595152e+04 1.545820e+07
<GCONST> 7.295579e+01
<MIXTURE> 11 6.739067e-02
<MEAN> 6
 8.324319e+01 1.057025e+03 3.202046e+02 -1.389438e+00 1.932722e+00 9.968719e-01
<VARIANCE> 6
 3.129757e+01 1.230843e+04 1.230786e+04 2.593203e+02 1.595152e+04 1.545820e+07
<GCONST> 6.509586e+01
<MIXTURE> 12 8.199032e-02
<MEAN> 6
 7.542269e+01 4.465626e+02 -2.113619e+03 2.356116e+00 -2.705791e+00 3.202401e+01
<VARIANCE> 6
 3.129757e+01 1.230843e+04 1.230786e+04 2.593203e+02 1.595152e+04 1.545820e+07
<GCONST> 6.509586e+01
<MIXTURE> 13 6.776439e-02
<MEAN> 6
 8.332154e+01 1.035158e+03 3.110208e+02 -1.307202e+00 2.072718e-01 -4.056744e+01
<VARIANCE> 6
 3.129757e+01 1.230843e+04 1.230786e+04 2.593203e+02 1.595152e+04 1.545820e+07
<GCONST> 6.509586e+01
<STATE> 8
<NUMMIXES> 13
<MIXTURE> 1 6.232540e-02
<MEAN> 6
 9.479085e+01 -2.856021e+02 5.315010e+02 -8.938665e+00 2.164649e+01 5.117477e+02
<VARIANCE> 6
 9.441115e+01 1.355325e+04 3.057798e+04 2.593203e+02 2.480052e+04 1.574525e+07
<GCONST> 6.766608e+01
<MIXTURE> 2 9.030318e-02
<MEAN> 6
 6.495401e+01 -8.943894e+02 1.117009e+03 -9.544067e-02 -6.464219e+00 -9.475751e+01
<VARIANCE> 6
 3.129757e+01 1.230843e+04 1.230786e+04 2.593203e+02 1.595152e+04 1.545820e+07
<GCONST> 6.509586e+01
<MIXTURE> 3 1.190435e-01
<MEAN> 6
 9.019675e+01 -1.404522e+03 8.259708e+02 -1.538897e-01 3.283555e+00 4.694628e+01
<VARIANCE> 6
 3.129757e+01 1.230843e+04 1.230786e+04 2.593203e+02 1.595152e+04 1.545820e+07
<GCONST> 6.509586e+01
<MIXTURE> 4 1.080281e-01
<MEAN> 6
 7.410458e+01 -1.033318e+03 3.659756e+02 1.170227e+00 2.868445e+01 -6.037430e+02
<VARIANCE> 6
 3.129757e+01 1.739384e+04 4.419621e+04 2.593203e+02 1.595152e+04 1.545820e+07
<GCONST> 6.672009e+01
<MIXTURE> 5 1.103456e-01
<MEAN> 6
 9.754462e+01 -6.267041e+02 5.869852e+02 -1.301774e+00 1.834345e+00 -1.421421e+02
<VARIANCE> 6
 3.129757e+01 1.230843e+04 1.230786e+04 2.593203e+02 1.595152e+04 1.545820e+07
<GCONST> 6.509586e+01
<MIXTURE> 6 7.703979e-02
<MEAN> 6
 6.407967e+01 -1.002857e+03 1.351830e+03 1.448435e+00 5.649373e+00 -1.468293e+02
<VARIANCE> 6
 3.129757e+01 1.230843e+04 1.230786e+04 2.593203e+02 1.595152e+04 1.545820e+07
<GCONST> 6.509586e+01
<MIXTURE> 7 1.028505e-01
<MEAN> 6
 9.292226e+01 -5.420781e+02 2.911905e+02 -5.732010e+00 -4.910277e+00 -8.079472e+01
<VARIANCE> 6
 6.294815e+01 1.230843e+04 1.230786e+04 2.593203e+02 1.595152e+04 1.545820e+07
<GCONST> 6.579463e+01
<MIXTURE> 8 1.093736e-01
<MEAN> 6
 7.566933e+01 -9.796440e+02 -1.211358e+02 -1.998918e+00 -9.528930e+00 6.461281e+02
<VARIANCE> 6
 3.129757e+01 1.537929e+04 7.202509e+04 2.593203e+02 1.595152e+04 1.545820e+07
<GCONST> 6.708537e+01
<MIXTURE> 9 2.111613e-02
<MEAN> 6
 5.368497e+01 -7.880394e+02 1.095131e+03 -1.566030e+01 4.857579e+01 1.833356e+02
<VARIANCE> 6
 3.129757e+01 1.230843e+04 1.230786e+04 8.140203e+02 4.851112e+04 1.545820e+07
<GCONST> 6.735202e+01
<MIXTURE> 10 6.805802e-03
<MEAN> 6
 8.805807e+01 7.958818e+01 -6.164891e+01 6.978879e+00 2.452127e+02 -6.670703e+03
<VARIANCE> 6
 2.468502e+02 1.002222e+06 2.026220e+05 3.237151e+02 1.027669e+05 3.905903e+07
<GCONST> 7.737354e+01
<MIXTURE> 11 4.018495e-02
<MEAN> 6
 6.446770e+01 -9.578004e+02 7.212122e+02 -1.880376e-01 8.474232e+00 3.840066e+01
<VARIANCE> 6
 3.129757e+01 1.230843e+04 7.148430e+04 2.593203e+02 1.595152e+04 1.545820e+07
<GCONST> 6.685510e+01
<MIXTURE> 12 9.102336e-02
<MEAN> 6
 6.492333e+01 -8.935638e+02 1.116442e+03 -9.137462e-02 -6.580539e+00 -9.692854e+01
<VARIANCE> 6
 3.129757e+01 1.230843e+04 1.230786e+04 2.593203e+02 1.595152e+04 1.545820e+07
<GCONST> 6.509586e+01
<MIXTURE> 13 6.155019e-02
<MEAN> 6
 9.064600e+01 -3.302158e+02 4.794285e+02 -8.237086e+00 -2.167343e+01 -2.080537e+02
<VARIANCE> 6
 7.151118e+01 1.230843e+04 4.304048e+04 2.593203e+02 3.456005e+04 2.690929e+07
<GCONST> 6.850156e+01
<STATE> 9
<NUMMIXES> 13
<MIXTURE> 1 7.875980e-02
<MEAN> 6
 1.214334e+02 3.778096e+02 2.338090e+02 -5.629518e+00 3.638775e-01 2.424985e+01
<VARIANCE> 6
 3.129757e+01 3.897130e+04 1.230786e+04 2.593203e+02 1.595152e+04 1.545820e+07
<GCONST> 6.624840e+01
<MIXTURE> 2 7.687960e-02
<MEAN> 6
 1.020147e+02 -2.765747e+03 -2.381305e+02 -2.376796e+00 -8.703915e+00 -9.546365e+01
<VARIANCE> 6
 3.129757e+01 1.414314e+05 1.230786e+04 2.593203e+02 1.595152e+04 1.545820e+07
<GCONST> 6.753739e+01
<MIXTURE> 3 8.769152e-02
<MEAN> 6
 1.068933e+02 -8.037582e+02 1.121352e+02 -4.066410e+00 -2.097838e+01 -9.463168e+01
<VARIANCE> 6
 3.278629e+01 3.765825e+04 5.159791e+04 2.593203e+02 1.595152e+04 1.545820e+07
<GCONST> 6.769384e+01
<MIXTURE> 4 5.989716e-02
<MEAN> 6
 1.033984e+02 -6.578982e+02 -1.022896e+02 -2.560738e+00 -3.820098e+00 -4.466826e+01
<VARIANCE> 6
 6.929005e+01 1.230843e+04 1.398602e+04 2.593203e+02 1.595152e+04 1.545820e+07
<GCONST> 6.601844e+01
<MIXTURE> 5 5.587571e-02
<MEAN> 6
 9.863849e+01 1.586669e+03 -2.353987e+02 -4.829215e+00 8.438189e+00 9.706523e+01
<VARIANCE> 6
 3.129757e+01 9.289198e+04 1.230786e+04 2.593203e+02 1.595152e+04 1.545820e+07
<GCONST> 6.711701e+01
<MIXTURE> 6 1.004964e-01
<MEAN> 6
 1.096865e+02 -6.069622e-01 3.531925e+02 -4.514799e-01 9.367428e+00 -9.960633e+01
<VARIANCE> 6
 3.129757e+01 1.239704e+04 1.230786e+04 2.593203e+02 1.595152e+04 1.545820e+07
<GCONST> 6.510303e+01
<MIXTURE> 7 6.979381e-02
<MEAN> 6
 1.177403e+02 -9.231445e+02 1.051653e+02 -4.821342e+00 -3.543363e-01 4.617220e+00
<VARIANCE> 6
 3.129757e+01 7.968533e+04 1.230786e+04 2.593203e+02 1.595152e+04 1.545820e+07
<GCONST> 6.696366e+01
<MIXTURE> 8 7.252772e-02
<MEAN> 6
 1.041521e+02 -3.226892e+02 1.973484e+02 -4.158804e+00 -1.282994e-01 5.820042e+01
<VARIANCE> 6
 3.129757e+01 1.230843e+04 1.230786e+04 2.593203e+02 1.595152e+04 1.545820e+07
<GCONST> 6.509586e+01
<MIXTURE> 9 8.956740e-02
<MEAN> 6
 1.019264e+02 -8.582565e+02 -1.112205e+02 -3.076759e+00 7.708406e+00 6.146624e+01
<VARIANCE> 6
 3.129757e+01 1.511165e+04 1.572201e+04 2.593203e+02 1.595152e+04 1.545820e+07
<GCONST> 6.554587e+01
<MIXTURE> 10 8.501142e-02
<MEAN> 6
 9.887997e+01 -3.782862e+03 2.679941e+00 -2.919325e+00 1.252020e+01 -3.215457e+01
<VARIANCE> 6
 3.129757e+01 1.195600e+05 1.230786e+04 2.593203e+02 1.595152e+04 1.545820e+07
<GCONST> 6.736939e+01
<MIXTURE> 11 1.084643e-01
<MEAN> 6
 1.115667e+02 -3.295940e+01 2.742259e+02 -3.049249e+00 -1.242457e+00 2.968951e+00
<VARIANCE> 6
 3.129757e+01 1.230843e+04 1.230786e+04 2.593203e+02 1.595152e+04 1.545820e+07
<GCONST> 6.509586e+01
<MIXTURE> 12 5.983498e-02
<MEAN> 6
 9.819701e+01 -6.518953e+02 -1.599679e+02 -3.243218e+00 5.007207e-01 5.053648e+01
<VARIANCE> 6
 4.629395e+01 1.230843e+04 1.230786e+04 2.593203e+02 1.595152e+04 1.545820e+07
<GCONST> 6.548733e+01
<MIXTURE> 13 5.518806e-02
<MEAN> 6
 9.787411e+01 1.452784e+03 -2.451204e+02 -4.585949e+00 -1.008725e-01 -1.367346e+02
<VARIANCE> 6
 3.129757e+01 8.921675e+04 1.230786e+04 2.593203e+02 1.595152e+04 1.545820e+07
<GCONST> 6.707664e+01
<STATE> 10
<NUMMIXES> 13
<MIXTURE> 1 7.122318e-02
<MEAN> 6
 1.078499e+02 6.502337e+01 -3.912697e+02 -3.038251e+00 -6.652545e+00 3.462589e+01
<VARIANCE> 6
 3.129757e+01 1.230843e+04 1.230786e+04 2.593203e+02 1.595152e+04 1.545820e+07
<GCONST> 6.509586e+01
<MIXTURE> 2 1.054804e-01
<MEAN> 6
 9.401261e+01 2.688085e+02 -4.295396e+02 1.976612e+00 -1.106333e+01 -3.144141e+02
<VARIANCE> 6
 3.129757e+01 1.230843e+04 2.378081e+04 2.593203e+02 1.595152e+04 1.545820e+07
<GCONST> 6.575450e+01
<MIXTURE> 3 8.570503e-02
<MEAN> 6
 1.024244e+02 -5.497089e+02 -4.406671e+02 -1.958331e+00 -7.167588e+00 -1.265972e+02
<VARIANCE> 6
 2.002149e+02 2.966824e+04 1.230786e+04 2.593203e+02 1.595152e+04 1.545820e+07
<GCONST> 6.783150e+01
<MIXTURE> 4 8.134507e-02
<MEAN> 6
 7.421282e+01 -2.989471e+02 -5.941350e+02 5.483734e-01 -5.295150e+00 4.106562e+01
<VARIANCE> 6
 3.129757e+01 1.230843e+04 1.230786e+04 2.593203e+02 1.595152e+04 1.545820e+07
<GCONST> 6.509586e+01
<MIXTURE> 5 8.613020e-02
<MEAN> 6
 8.865691e+01 -1.269499e+03 -3.451394e+02 -2.921366e+00 -1.025150e+01 -9.376123e+01
<VARIANCE> 6
 3.129757e+01 2.338630e+05 2.745460e+04 2.593203e+02 1.595152e+04 1.545820e+07
<GCONST> 6.884261e+01
<MIXTURE> 6 5.680351e-02
<MEAN> 6
 1.096670e+02 -1.206062e+03 -8.741211e+02 -1.865650e+00 -2.666232e+01 -2.784312e+02
<VARIANCE> 6
 3.129757e+01 1.230843e+04 1.230786e+04 2.593203e+02 2.668983e+04 1.573121e+07
<GCONST> 6.562810e+01
<MIXTURE> 7 6.248737e-02
<MEAN> 6
 8.539490e+01 7.396284e+02 -6.106743e+02 1.741323e+00 1.231054e+00 3.547312e+00
<VARIANCE> 6
 3.129757e+01 6.898061e+04 1.230786e+04 2.593203e+02 1.595152e+04 1.545820e+07
<GCONST> 6.681940e+01
<MIXTURE> 8 4.855364e-02
<MEAN> 6
 9.297486e+01 -4.339025e+02 -4.760781e+02 -2.277849e-01 9.531041e+00 -3.620643e+01
<VARIANCE> 6
 4.017945e+01 1.230843e+04 1.230786e+04 2.593203e+02 1.595152e+04 1.545820e+07
<GCONST> 6.534567e+01
<MIXTURE> 9 1.064168e-01
<MEAN> 6
 9.361888e+01 -5.874012e+01 -4.457918e+02 -5.097484e+00 -8.481934e+00 -2.047298e+01
<VARIANCE> 6
 3.697964e+01 1.230843e+04 1.230786e+04 2.593203e+02 1.595152e+04 1.545820e+07
<GCONST> 6.526269e+01
<MIXTURE> 10 5.647909e-02
<MEAN> 6
 9.511906e+01 2.739688e+02 -5.648514e+02 -1.666439e+00 4.918204e+00 4.939285e+01
<VARIANCE> 6
 3.129757e+01 1.230843e+04 1.862800e+04 2.593203e+02 1.595152e+04 1.545820e+07
<GCONST> 6.551028e+01
<MIXTURE> 11 1.094342e-01
<MEAN> 6
 9.680875e+01 -4.058163e+02 -5.228113e+02 5.291232e-01 -1.948315e+00 -5.623524e+01
<VARIANCE> 6
 3.129757e+01 1.230843e+04 1.230786e+04 2.593203e+02 1.595152e+04 1.545820e+07
<GCONST> 6.509586e+01
<MIXTURE> 12 7.185439e-02
<MEAN> 6
 1.078214e+02 4.683499e+01 -3.840465e+02 -3.006443e+00 -7.310131e+00 2.460222e+01
<VARIANCE> 6
 3.129757e+01 1.230843e+04 1.230786e+04 2.593203e+02 1.595152e+04 1.545820e+07
<GCONST> 6.509586e+01
<MIXTURE> 13 5.807178e-02
<MEAN> 6
 9.469003e+01 2.740653e+02 -6.181094e+02 -2.041982e+00 4.616089e+00 2.225090e+00
<VARIANCE> 6
 3.129757e+01 1.230843e+04 1.426583e+04 2.593203e+02 1.595152e+04 1.545820e+07
<GCONST> 6.524349e+01
<STATE> 11
<NUMMIXES> 13
<MIXTURE> 1 7.047834e-02
<MEAN> 6
 7.141145e+01 1.313742e+03 -1.120031e+03 7.530617e-01 -2.729045e+00 -4.751432e+01
<VARIANCE> 6
 3.129757e+01 1.230843e+04 1.230786e+04 2.593203e+02 1.595152e+04 1.545820e+07
<GCONST> 6.509586e+01
<MIXTURE> 2 6.798299e-02
<MEAN> 6
 6.530261e+01 9.541719e+02 -1.418587e+02 -1.329214e-01 3.215470e+00 3.588545e+01
<VARIANCE> 6
 3.129757e+01 1.230843e+04 1.230786e+04 2.593203e+02 1.595152e+04 1.545820e+07
<GCONST> 6.509586e+01
<MIXTURE> 3 9.546124e-02
<MEAN> 6
 7.218674e+01 1.351193e+02 -3.606393e+02 -6.825128e-01 -1.038516e+00 4.382744e+00
<VARIANCE> 6
 3.129757e+01 1.230843e+04 1.230786e+04 2.593203e+02 1.595152e+04 1.545820e+07
<GCONST> 6.509586e+01
<MIXTURE> 4 4.505633e-02
<MEAN> 6
 6.581226e+01 3.371646e+02 -8.713383e+01 -4.752736e-01 -9.479436e-01 4.793064e+01
<VARIANCE> 6
 3.129757e+01 1.230843e+04 4.073991e+04 2.593203e+02 1.595152e+04 1.545820e+07
<GCONST> 6.629283e+01
<MIXTURE> 5 8.274516e-02
<MEAN> 6
 5.765290e+01 3.331820e+02 1.301146e+02 2.943290e+00 2.432698e+01 -3.744650e+01
<VARIANCE> 6
 1.588455e+02 1.098872e+05 2.184951e+05 2.593203e+02 1.595152e+04 1.545820e+07
<GCONST> 7.178595e+01
<MIXTURE> 6 8.144163e-02
<MEAN> 6
 6.518398e+01 8.385928e+02 -1.585523e+02 -4.028872e-01 -3.843535e+00 -9.481201e+01
<VARIANCE> 6
 3.129757e+01 1.604038e+04 1.230786e+04 2.593203e+02 1.595152e+04 1.545820e+07
<GCONST> 6.536069e+01
<MIXTURE> 7 1.069977e-01
<MEAN> 6
 7.242973e+01 1.281567e+02 -3.659102e+02 -6.978241e-01 -6.800911e-01 -3.869331e+00
<VARIANCE> 6
 3.129757e+01 1.230843e+04 1.230786e+04 2.593203e+02 1.595152e+04 1.545820e+07
<GCONST> 6.509586e+01
<MIXTURE> 8 6.162079e-02
<MEAN> 6
 6.817158e+01 1.989552e+02 -3.277514e+02 -6.206102e-01 5.068440e-01 3.351443e+01
<VARIANCE> 6
 3.129757e+01 1.230843e+04 1.230786e+04 2.593203e+02 1.595152e+04 1.545820e+07
<GCONST> 6.509586e+01
<MIXTURE> 9 9.411223e-02
<MEAN> 6
 7.343607e+01 9.141096e+01 -3.849134e+02 -8.558317e-01 2.224459e+00 -7.262717e+01
<VARIANCE> 6
 3.129757e+01 1.230843e+04 1.230786e+04 2.593203e+02 1.595152e+04 1.545820e+07
<GCONST> 6.509586e+01
<MIXTURE> 10 9.449865e-02
<MEAN> 6
 7.222571e+01 1.303847e+02 -3.675981e+02 -5.982927e-01 -6.764560e-01 -6.231776e+00
<VARIANCE> 6
 3.129757e+01 1.230843e+04 1.230786e+04 2.593203e+02 1.595152e+04 1.545820e+07
<GCONST> 6.509586e+01
<MIXTURE> 11 7.059415e-02
<MEAN> 6
 7.141145e+01 1.313741e+03 -1.120030e+03 7.530629e-01 -2.729177e+00 -4.751485e+01
<VARIANCE> 6
 3.129757e+01 1.230843e+04 1.230786e+04 2.593203e+02 1.595152e+04 1.545820e+07
<GCONST> 6.509586e+01
<MIXTURE> 12 6.806740e-02
<MEAN> 6
 6.534575e+01 9.329532e+02 -1.490218e+02 -1.783205e-01 1.662813e+00 1.503009e+01
<VARIANCE> 6
 3.129757e+01 1.230843e+04 1.230786e+04 2.593203e+02 1.595152e+04 1.545820e+07
<GCONST> 6.509586e+01
<MIXTURE> 13 6.094025e-02
<MEAN> 6
 6.668072e+01 1.846321e+02 -3.645600e+02 1.052861e-02 3.224039e-01 8.801094e+00
<VARIANCE> 6
 3.129757e+01 1.230843e+04 1.230786e+04 2.593203e+02 1.595152e+04 1.545820e+07
<GCONST> 6.509586e+01
<STATE> 12
<NUMMIXES> 13
<MIXTURE> 1 1.006454e-01
<MEAN> 6
 7.585661e+01 2.864545e+03 4.599723e+02 -1.548813e+00 -1.157055e+01 -1.124672e+02
<VARIANCE> 6
 3.129757e+01 1.230843e+04 1.230786e+04 2.593203e+02 1.595152e+04 1.545820e+07
<GCONST> 6.509586e+01
<MIXTURE> 2 2.595247e-02
<MEAN> 6
 8.284803e+01 -8.778793e+03 2.064757e+03 -1.121187e+01 -1.318288e+01 5.839146e+02
<VARIANCE> 6
 3.129757e+01 1.230843e+04 1.598039e+04 2.593203e+02 3.222719e+04 1.987568e+07
<GCONST> 6.631160e+01
<MIXTURE> 3 5.714417e-02
<MEAN> 6
 5.318356e+01 -4.328149e+02 2.713941e+03 -1.682867e-01 1.085049e+00 -3.060241e-01
<VARIANCE> 6
 3.129757e+01 1.230843e+04 1.230786e+04 2.593203e+02 1.595152e+04 1.545820e+07
<GCONST> 6.509586e+01
<MIXTURE> 4 1.173737e-01
<MEAN> 6
 7.040847e+01 9.562403e+02 6.878245e+02 5.795537e-01 1.838240e+00 -4.870852e+01
<VARIANCE> 6
 3.129757e+01 4.148558e+04 1.230786e+04 2.593203e+02 1.595152e+04 1.545820e+07
<GCONST> 6.631092e+01
<MIXTURE> 5 6.710043e-02
<MEAN> 6
 7.801015e+01 -1.752852e+03 -7.835504e+02 7.704321e-01 -1.814345e+00 -2.366604e+02
<VARIANCE> 6
 3.129757e+01 8.120294e+04 1.230786e+04 2.593203e+02 1.595152e+04 1.545820e+07
<GCONST> 6.698253e+01
<MIXTURE> 6 6.061028e-02
<MEAN> 6
 7.232896e+01 -6.843356e+02 1.902246e+03 1.661548e+00 -7.349689e+00 -1.029376e+02
<VARIANCE> 6
 3.129757e+01 1.356713e+04 3.024074e+04 2.593203e+02 1.595152e+04 1.545820e+07
<GCONST> 6.609218e+01
<MIXTURE> 7 5.607523e-02
<MEAN> 6
 7.771118e+01 5.115752e+02 9.508160e+02 -3.625976e+00 1.453888e+00 5.013262e+00
<VARIANCE> 6
 3.129757e+01 1.230843e+04 1.230786e+04 2.593203e+02 1.595152e+04 1.545820e+07
<GCONST> 6.509586e+01
<MIXTURE> 8 9.114796e-02
<MEAN> 6
 6.536328e+01 -5.194105e+02 1.473968e+03 -8.106180e-01 -3.237523e+00 -1.027420e+02
<VARIANCE> 6
 3.129757e+01 1.230843e+04 1.230786e+04 2.593203e+02 1.595152e+04 1.545820e+07
<GCONST> 6.509586e+01
<MIXTURE> 9 8.620506e-02
<MEAN> 6
 7.897073e+01 2.614794e+03 -2.107704e+02 -1.348574e+00 1.665369e+00 -8.452978e+01
<VARIANCE> 6
 3.129757e+01 8.417879e+04 1.230786e+04 2.593203e+02 1.595152e+04 1.545820e+07
<GCONST> 6.701852e+01
<MIXTURE> 10 1.041947e-01
<MEAN> 6
 7.297046e+01 2.786660e+02 6.588317e+02 -1.041995e+00 -6.973619e+00 -2.311598e+02
<VARIANCE> 6
 3.129757e+01 4.219293e+04 1.230786e+04 2.593203e+02 1.595152e+04 1.545820e+07
<GCONST> 6.632783e+01
<MIXTURE> 11 6.981447e-02
<MEAN> 6
 5.351036e+01 -5.087118e+02 2.467345e+03 9.223617e-01 -1.016917e+01 -1.607042e+02
<VARIANCE> 6
 3.129757e+01 1.230843e+04 1.230786e+04 2.593203e+02 1.595152e+04 1.545820e+07
<GCONST> 6.509586e+01
<MIXTURE> 12 9.940568e-02
<MEAN> 6
 7.322673e+01 -8.963946e+03 1.324932e+03 -2.577448e-01 1.896047e-01 -6.087647e+01
<VARIANCE> 6
 3.129757e+01 1.456456e+04 1.053673e+05 2.593203e+02 1.595152e+04 1.545820e+07
<GCONST> 6.741138e+01
<MIXTURE> 13 6.432798e-02
<MEAN> 6
 7.253101e+01 -7.850020e+02 1.790623e+03 1.277548e+00 -2.639476e+00 5.329631e+01
<VARIANCE> 6
 3.129757e+01 1.230843e+04 1.230786e+04 2.593203e+02 1.595152e+04 1.545820e+07
<GCONST> 6.509586e+01
<STATE> 13
<NUMMIXES> 13
<MIXTURE> 1 7.620550e-03
<MEAN> 6
 -3.305053e+00 -4.510167e+02 1.372313e+01 1.759674e+01 1.352486e+01 6.375078e+03
<VARIANCE> 6
 8.984701e+03 7.121345e+05 1.197990e+06 1.643160e+06 8.981548e+08 1.301917e+12
<GCONST> 1.104256e+02
<MIXTURE> 2 7.792409e-02
<MEAN> 6
 1.097575e+02 7.112891e+01 4.713496e+02 -7.807959e+00 -2.412830e+01 -3.113102e+02
<VARIANCE> 6
 1.808539e+02 1.410449e+06 7.556164e+05 2.593203e+02 2.083141e+04 1.545820e+07
<GCONST> 7.597559e+01
<MIXTURE> 3 5.614342e-02
<MEAN> 6
 3.435804e+01 5.763424e+02 -2.264324e+02 -4.004052e+01 -2.777262e+02 1.748586e+03
<VARIANCE> 6
 5.918926e+03 1.417283e+07 1.792578e+06 6.747344e+04 4.924090e+06 3.108320e+09
<GCONST> 9.896566e+01
<MIXTURE> 4 8.277436e-02
<MEAN> 6
 2.517934e+01 1.217359e+02 4.820261e+01 2.145654e+02 1.259851e+01 -2.240251e+03
<VARIANCE> 6
 1.083119e+03 4.523670e+05 2.820891e+05 7.347223e+03 1.504317e+05 3.082376e+07
<GCONST> 8.165423e+01
<MIXTURE> 5 6.560826e-02
<MEAN> 6
 -2.202395e+01 1.512112e+01 7.216870e+01 -9.901003e+01 8.565208e+02 6.204613e+03
<VARIANCE> 6
 5.919286e+02 3.673887e+05 3.530874e+05 6.968237e+04 5.525600e+05 5.434490e+08
<GCONST> 8.748676e+01
<MIXTURE> 6 7.766470e-02
<MEAN> 6
 -5.627582e+01 7.611845e+01 -6.925136e+01 2.050691e+00 1.328503e+02 4.341215e+02
<VARIANCE> 6
 3.354765e+02 3.899424e+05 3.388400e+05 5.649453e+02 5.506348e+04 2.457049e+07
<GCONST> 7.671988e+01
<MIXTURE> 7 6.812839e-02
<MEAN> 6
 1.026656e+02 9.168461e+01 1.155993e+02 2.650935e+00 -5.274579e+02 1.200636e+03
<VARIANCE> 6
 4.979042e+02 6.379415e+05 2.878184e+05 1.281299e+04 6.876656e+05 3.086670e+08
<GCONST> 8.562080e+01
<MIXTURE> 8 1.081654e-01
<MEAN> 6
 -5.423072e+01 9.309838e+01 -1.049985e+02 4.538316e+01 6.287842e+02 -3.099493e+02
<VARIANCE> 6
 5.493261e+02 3.372134e+05 1.508245e+06 1.322636e+04 1.775451e+05 8.223106e+07
<GCONST> 8.409288e+01
<MIXTURE> 9 1.139334e-01
<MEAN> 6
 8.063218e+01 2.033120e+02 -5.172916e+02 -8.745189e-01 -2.547484e+01 -2.239550e+02
<VARIANCE> 6
 1.826421e+02 5.487264e+05 9.792401e+05 2.593203e+02 1.595152e+04 1.545820e+07
<GCONST> 7.503370e+01
<MIXTURE> 10 1.126244e-01
<MEAN> 6
 5.917787e+01 -5.851479e+01 3.693710e+01 -6.291057e+01 -7.932975e+02 8.301653e+02
<VARIANCE> 6
 8.506207e+02 2.985918e+05 1.759351e+06 5.868149e+04 4.168993e+05 1.852862e+08
<GCONST> 8.771841e+01
<MIXTURE> 11 9.348402e-02
<MEAN> 6
 4.468901e+01 -8.977326e+01 -2.595480e+01 -4.153035e+01 -2.760308e+02 6.007167e+01
<VARIANCE> 6
 1.199550e+03 3.035956e+05 2.183134e+05 5.197709e+04 2.025859e+05 8.489626e+07
<GCONST> 8.436852e+01
<MIXTURE> 12 6.676812e-02
<MEAN> 6
 -4.685835e+01 -2.094316e+02 -2.029898e+01 -8.175329e+00 1.355105e+03 -4.729256e+03
<VARIANCE> 6
 3.842936e+02 4.182446e+05 2.494901e+05 3.829427e+04 8.529184e+05 3.498006e+08
<GCONST> 8.623202e+01
<MIXTURE> 13 6.856257e-02
<MEAN> 6
 9.230865e+01 -2.368862e+02 -8.500056e+01 -2.735181e+01 -7.956956e+02 -2.569230e+03
<VARIANCE> 6
 3.257838e+02 7.030524e+05 2.613574e+05 1.611955e+04 7.144672e+05 2.334243e+08
<GCONST> 8.518578e+01
<TRANSP> 14
 0.000000e+00 1.000000e+00 0.000000e+00 0.000000e+00 0.000000e+00 0.000000e+00 0.000000e+00 0.000000e+00 0.000000e+00 0.000000e+00 0.000000e+00 0.000000e+00 0.000000e+00 0.000000e+00
 0.000000e+00 9.999157e-01 8.436582e-05 0.000000e+00 0.000000e+00 0.000000e+00 0.000000e+00 0.000000e+00 0.000000e+00 0.000000e+00 0.000000e+00 0.000000e+00 0.000000e+00 0.000000e+00
 0.000000e+00 0.000000e+00 9.968524e-01 3.147596e-03 0.000000e+00 0.000000e+00 0.000000e+00 0.000000e+00 0.000000e+00 0.000000e+00 0.000000e+00 0.000000e+00 0.000000e+00 0.000000e+00
 0.000000e+00 0.000000e+00 0.000000e+00 9.977828e-01 2.217209e-03 0.000000e+00 0.000000e+00 0.000000e+00 0.000000e+00 0.000000e+00 0.000000e+00 0.000000e+00 0.000000e+00 0.000000e+00
 0.000000e+00 0.000000e+00 0.000000e+00 0.000000e+00 9.963136e-01 3.686418e-03 0.000000e+00 0.000000e+00 0.000000e+00 0.000000e+00 0.000000e+00 0.000000e+00 0.000000e+00 0.000000e+00
 0.000000e+00 0.000000e+00 0.000000e+00 0.000000e+00 0.000000e+00 9.954137e-01 4.586285e-03 0.000000e+00 0.000000e+00 0.000000e+00 0.000000e+00 0.000000e+00 0.000000e+00 0.000000e+00
 0.000000e+00 0.000000e+00 0.000000e+00 0.000000e+00 0.000000e+00 0.000000e+00 9.970844e-01 2.915560e-03 0.000000e+00 0.000000e+00 0.000000e+00 0.000000e+00 0.000000e+00 0.000000e+00
 0.000000e+00 0.000000e+00 0.000000e+00 0.000000e+00 0.000000e+00 0.000000e+00 0.000000e+00 9.970534e-01 2.946527e-03 0.000000e+00 0.000000e+00 0.000000e+00 0.000000e+00 0.000000e+00
 0.000000e+00 0.000000e+00 0.000000e+00 0.000000e+00 0.000000e+00 0.000000e+00 0.000000e+00 0.000000e+00 9.977817e-01 2.218334e-03 0.000000e+00 0.000000e+00 0.000000e+00 0.000000e+00
 0.000000e+00 0.000000e+00 0.000000e+00 0.000000e+00 0.000000e+00 0.000000e+00 0.000000e+00 0.000000e+00 0.000000e+00 9.974531e-01 2.546953e-03 0.000000e+00 0.000000e+00 0.000000e+00
 0.000000e+00 0.000000e+00 0.000000e+00 0.000000e+00 0.000000e+00 0.000000e+00 0.000000e+00 0.000000e+00 0.000000e+00 0.000000e+00 9.974554e-01 2.544631e-03 0.000000e+00 0.000000e+00
 0.000000e+00 0.000000e+00 0.000000e+00 0.000000e+00 0.000000e+00 0.000000e+00 0.000000e+00 0.000000e+00 0.000000e+00 0.000000e+00 0.000000e+00 9.977849e-01 2.215097e-03 0.000000e+00
 0.000000e+00 0.000000e+00 0.000000e+00 0.000000e+00 0.000000e+00 0.000000e+00 0.000000e+00 0.000000e+00 0.000000e+00 0.000000e+00 0.000000e+00 0.000000e+00 9.999112e-01 8.882774e-05
 0.000000e+00 0.000000e+00 0.000000e+00 0.000000e+00 0.000000e+00 0.000000e+00 0.000000e+00 0.000000e+00 0.000000e+00 0.000000e+00 0.000000e+00 0.000000e+00 0.000000e+00 0.000000e+00
<ENDHMM>
~h "SegundoESO"
<BEGINHMM>
<NUMSTATES> 14
<STATE> 2
<NUMMIXES> 13
<MIXTURE> 1 1.049174e-01
<MEAN> 6
 9.052005e+01 -1.312915e+03 2.768552e+03 -3.499336e+00 -1.782845e+01 -4.823963e+00
<VARIANCE> 6
 1.620941e+02 4.684884e+06 1.321067e+07 2.593203e+02 1.595152e+04 1.545820e+07
<GCONST> 7.966085e+01
<MIXTURE> 2 5.730814e-02
<MEAN> 6
 1.269660e+01 1.077415e+03 -6.918138e+01 -2.103086e+01 8.365045e+01 5.885926e+02
<VARIANCE> 6
 6.434240e+02 2.116457e+06 8.141924e+06 6.729447e+04 1.135797e+05 1.241100e+08
<GCONST> 8.936563e+01
<MIXTURE> 3 7.056328e-02
<MEAN> 6
 8.921901e+01 -3.006473e+02 1.548132e+03 7.079275e+01 -4.102880e+02 -1.393782e+02
<VARIANCE> 6
 1.743225e+02 1.557346e+06 5.732160e+06 6.181262e+03 5.873093e+04 3.341980e+07
<GCONST> 8.304293e+01
<MIXTURE> 4 9.407174e-02
<MEAN> 6
 1.814977e+01 -1.464873e+03 3.231533e+02 4.670953e+01 -1.448707e+01 -8.591949e+02
<VARIANCE> 6
 2.519621e+03 3.988681e+07 2.560284e+05 2.633839e+04 1.805319e+05 2.678241e+07
<GCONST> 8.819943e+01
<MIXTURE> 5 1.030635e-01
<MEAN> 6
 -4.959880e+01 6.523993e+02 2.164415e+03 6.155494e+01 7.968571e+02 -9.617124e+02
<VARIANCE> 6
 4.332686e+02 6.250386e+05 6.867445e+06 2.934651e+04 2.193702e+05 7.735191e+07
<GCONST> 8.693582e+01
<MIXTURE> 6 1.134440e-01
<MEAN> 6
 7.463732e+01 1.261111e+02 -3.320278e+03 -6.097121e-01 -3.451664e+00 -8.980683e+01
<VARIANCE> 6
 3.129757e+01 2.318513e+05 1.906019e+07 2.593203e+02 1.595152e+04 1.545820e+07
<GCONST> 7.537679e+01
<MIXTURE> 7 6.360262e-02
<MEAN> 6
 -5.185862e+01 -1.762534e+02 -1.247823e+02 6.368396e+00 4.399814e+01 3.146148e+02
<VARIANCE> 6
 4.319203e+02 1.220843e+06 3.049825e+06 2.593203e+02 1.754916e+04 1.545820e+07
<GCONST> 7.792563e+01
<MIXTURE> 8 5.883723e-02
<MEAN> 6
 5.152147e+01 5.310091e+01 2.297946e+03 -1.740727e+01 -8.385744e+02 8.753191e+02
<VARIANCE> 6
 4.135728e+02 2.083370e+05 6.649382e+06 7.161498e+04 2.152271e+05 1.057202e+08
<GCONST> 8.694386e+01
<MIXTURE> 9 7.999296e-02
<MEAN> 6
 -4.834639e+01 -7.535845e+02 5.755925e+02 -5.973950e+01 1.066423e+03 1.697154e+03
<VARIANCE> 6
 2.106000e+02 6.301038e+06 3.611058e+06 2.403038e+04 4.354182e+05 2.209544e+08
<GCONST> 8.941756e+01
<MIXTURE> 10 4.873765e-02
<MEAN> 6
 8.825664e+01 8.004706e+02 -7.588388e+01 -1.624978e+01 -9.328456e+02 1.412997e+02
<VARIANCE> 6
 3.729556e+02 2.418294e+07 6.107851e+06 2.432857e+04 6.832051e+05 2.902605e+08
<GCONST> 9.259521e+01
<MIXTURE> 11 5.866907e-02
<MEAN> 6
 8.241031e+01 3.525703e+03 -1.793266e+02 -2.778793e+00 -1.400081e+01 -7.790594e+01
<VARIANCE> 6
 1.357939e+02 6.058540e+07 1.181808e+06 2.593203e+02 1.595152e+04 1.545820e+07
<GCONST> 7.962955e+01
<MIXTURE> 12 8.892378e-02
<MEAN> 6
 8.031204e+01 2.595578e+02 -6.857747e+02 -3.499583e+01 -5.812192e+02 -3.522866e+02
<VARIANCE> 6
 3.290529e+02 2.145010e+06 3.578030e+06 1.913145e+04 9.340762e+04 2.460614e+07
<GCONST> 8.481478e+01
<MIXTURE> 13 5.775713e-02
<MEAN> 6
 5.906983e+00 5.629827e+02 -7.654482e+02 -3.698454e+01 6.785078e+01 -3.904461e+02
<VARIANCE> 6
 5.014280e+02 2.055443e+06 6.735449e+06 6.215350e+04 1.051811e+05 9.791743e+07
<GCONST> 8.850405e+01
<STATE> 3
<NUMMIXES> 13
<MIXTURE> 1 5.137203e-02
<MEAN> 6
 1.016689e+02 -6.332164e+01 9.019247e+02 -2.159536e+01 1.077522e+02 2.654664e+02
<VARIANCE> 6
 3.129757e+01 3.106349e+04 8.903732e+05 2.593203e+02 1.595152e+04 1.545820e+07
<GCONST> 7.030301e+01
<MIXTURE> 2 6.163778e-02
<MEAN> 6
 8.793761e+01 -9.001080e+02 -6.627301e+03 -8.499393e+00 1.891588e+01 4.856898e+01
<VARIANCE> 6
 3.129757e+01 1.230843e+04 1.565408e+06 2.593203e+02 1.595152e+04 1.545820e+07
<GCONST> 6.994152e+01
<MIXTURE> 3 1.021901e-01
<MEAN> 6
 1.138662e+02 -1.309292e+03 -6.328630e+03 -1.022984e+01 1.673603e+01 1.716326e+02
<VARIANCE> 6
 3.129757e+01 1.839754e+04 1.230786e+04 2.593203e+02 1.595152e+04 1.545820e+07
<GCONST> 6.549780e+01
<MIXTURE> 4 6.442358e-02
<MEAN> 6
 1.048455e+02 -8.193860e+02 -6.631885e+03 -3.868214e+00 3.037822e+00 2.131599e+00
<VARIANCE> 6
 3.129757e+01 1.823825e+04 1.532315e+04 2.593203e+02 1.595152e+04 1.545820e+07
<GCONST> 6.570822e+01
<MIXTURE> 5 7.783549e-02
<MEAN> 6
 7.736011e+01 -1.152450e+03 2.735684e+02 -7.021669e-01 -3.185251e+01 4.267481e+02
<VARIANCE> 6
 3.129757e+01 6.928804e+05 1.110182e+05 2.593203e+02 1.595152e+04 1.545820e+07
<GCONST> 7.132589e+01
<MIXTURE> 6 7.347215e-02
<MEAN> 6
 9.699462e+01 -9.409779e+01 -1.828681e+03 -7.893763e+00 8.874179e+00 -1.758507e+02
<VARIANCE> 6
 3.129757e+01 6.388397e+04 4.494979e+04 2.593203e+02 1.595152e+04 1.545820e+07
<GCONST> 6.803795e+01
<MIXTURE> 7 7.130500e-02
<MEAN> 6
 8.163608e+01 -8.022257e+02 -1.003922e+04 -2.596551e+00 2.423357e+00 -7.147241e+00
<VARIANCE> 6
 3.129757e+01 1.230843e+04 1.658024e+06 2.593203e+02 1.595152e+04 1.545820e+07
<GCONST> 6.999900e+01
<MIXTURE> 8 1.138794e-01
<MEAN> 6
 8.876789e+01 4.585193e+02 -2.324193e+03 -3.538859e+00 2.548085e+00 1.074961e+01
<VARIANCE> 6
 3.129757e+01 1.746846e+04 1.230786e+04 2.593203e+02 1.595152e+04 1.545820e+07
<GCONST> 6.544598e+01
<MIXTURE> 9 5.896949e-02
<MEAN> 6
 1.005277e+02 -6.151635e+02 -7.117740e+03 -3.784324e+00 2.072912e+00 5.887234e+01
<VARIANCE> 6
 3.129757e+01 1.343313e+04 3.562163e+04 2.593203e+02 1.595152e+04 1.545820e+07
<GCONST> 6.624601e+01
<MIXTURE> 10 9.000364e-02
<MEAN> 6
 9.119906e+01 7.669069e+01 -2.187079e+03 -4.712056e+00 4.874595e+00 -5.426918e+00
<VARIANCE> 6
 3.129757e+01 3.413738e+04 1.230786e+04 2.593203e+02 1.595152e+04 1.545820e+07
<GCONST> 6.611597e+01
<MIXTURE> 11 1.088740e-01
<MEAN> 6
 9.672731e+01 2.217464e+02 -6.163631e+02 -1.320346e+01 2.370502e+01 9.240621e+00
<VARIANCE> 6
 3.129757e+01 1.230843e+04 7.239924e+05 2.593203e+02 1.595152e+04 1.545820e+07
<GCONST> 6.917040e+01
<MIXTURE> 12 6.985407e-02
<MEAN> 6
 8.039086e+01 -7.728338e+02 -1.151889e+04 -1.659554e+00 6.917846e-01 -2.497281e+01
<VARIANCE> 6
 3.129757e+01 1.230843e+04 6.550198e+05 2.593203e+02 1.595152e+04 1.545820e+07
<GCONST> 6.907029e+01
<MIXTURE> 13 5.617883e-02
<MEAN> 6
 9.833691e+01 -6.978748e+02 -7.270454e+03 -3.786167e+00 -7.820320e-02 -7.476028e+00
<VARIANCE> 6
 3.129757e+01 2.585425e+04 3.601416e+04 2.593203e+02 1.595152e+04 1.545820e+07
<GCONST> 6.691173e+01
<STATE> 4
<NUMMIXES> 13
<MIXTURE> 1 7.138298e-02
<MEAN> 6
 7.763105e+01 2.586876e+02 -1.405399e+02 1.646850e-02 -3.118313e+00 -1.683537e+01
<VARIANCE> 6
 3.129757e+01 1.230843e+04 1.230786e+04 2.593203e+02 1.595152e+04 1.545820e+07
<GCONST> 6.509586e+01
<MIXTURE> 2 9.225787e-02
<MEAN> 6
 7.155534e+01 1.744657e+02 9.218373e+02 -1.912250e+00 -2.563844e-02 -1.507332e+01
<VARIANCE> 6
 3.129757e+01 1.230843e+04 1.823621e+06 2.593203e+02 1.595152e+04 1.545820e+07
<GCONST> 7.009420e+01
<MIXTURE> 3 7.731012e-02
<MEAN> 6
 7.614002e+01 4.126768e+02 -8.137864e+02 -1.337360e-02 -8.192840e-01 -6.328662e+01
<VARIANCE> 6
 3.129757e+01 1.230843e+04 1.230786e+04 2.593203e+02 1.595152e+04 1.545820e+07
<GCONST> 6.509586e+01
<MIXTURE> 4 5.941873e-03
<MEAN> 6
 6.894455e+01 -2.036231e+02 -1.826391e+02 -2.311300e+01 1.336577e+02 4.599016e+03
<VARIANCE> 6
 4.584842e+01 8.348516e+05 1.701784e+05 7.021286e+02 2.386151e+05 9.673408e+07
<GCONST> 7.785641e+01
<MIXTURE> 5 5.137102e-02
<MEAN> 6
 7.678326e+01 2.537081e+02 2.047291e+02 -4.477065e+00 5.317597e+00 -4.391959e+01
<VARIANCE> 6
 3.129757e+01 1.230843e+04 1.230786e+04 2.593203e+02 1.595152e+04 1.545820e+07
<GCONST> 6.509586e+01
<MIXTURE> 6 9.559075e-02
<MEAN> 6
 7.348920e+01 7.821382e+01 -6.516630e+02 -8.600215e-01 -2.243995e+00 -8.215909e+01
<VARIANCE> 6
 3.129757e+01 1.230843e+04 1.230786e+04 2.593203e+02 1.595152e+04 1.545820e+07
<GCONST> 6.509586e+01
<MIXTURE> 7 9.772824e-02
<MEAN> 6
 7.653117e+01 -5.805968e+01 -2.342311e+03 -1.708491e-01 2.070896e+00 -4.164923e+01
<VARIANCE> 6
 3.129757e+01 1.230843e+04 7.988315e+04 2.593203e+02 1.595152e+04 1.545820e+07
<GCONST> 6.696619e+01
<MIXTURE> 8 1.120386e-01
<MEAN> 6
 7.418941e+01 6.167016e+01 -6.697163e+02 -7.237023e-01 -1.929218e+00 -7.980942e+01
<VARIANCE> 6
 3.129757e+01 1.230843e+04 1.230786e+04 2.593203e+02 1.595152e+04 1.545820e+07
<GCONST> 6.509586e+01
<MIXTURE> 9 5.972632e-02
<MEAN> 6
 7.172905e+01 1.573251e+02 -4.900784e+02 -1.163361e+00 -6.018786e+00 -6.735681e+01
<VARIANCE> 6
 3.129757e+01 4.470318e+04 1.230786e+04 2.593203e+02 1.595152e+04 1.545820e+07
<GCONST> 6.638562e+01
<MIXTURE> 10 7.752949e-02
<MEAN> 6
 7.614101e+01 4.126803e+02 -8.138310e+02 -1.345934e-02 -8.198185e-01 -6.326943e+01
<VARIANCE> 6
 3.129757e+01 1.230843e+04 1.230786e+04 2.593203e+02 1.595152e+04 1.545820e+07
<GCONST> 6.509586e+01
<MIXTURE> 11 1.274286e-01
<MEAN> 6
 7.296401e+01 -4.139076e+00 -4.522419e+02 -7.434861e-02 -9.400306e+00 -1.394695e+02
<VARIANCE> 6
 3.129757e+01 2.917821e+04 1.752823e+04 2.593203e+02 1.595152e+04 1.545820e+07
<GCONST> 6.631257e+01
<MIXTURE> 12 7.070529e-02
<MEAN> 6
 7.762464e+01 2.565856e+02 -1.411192e+02 2.756373e-02 -3.087972e+00 -1.758114e+01
<VARIANCE> 6
 3.129757e+01 1.230843e+04 1.230786e+04 2.593203e+02 1.595152e+04 1.545820e+07
<GCONST> 6.509586e+01
<MIXTURE> 13 6.096438e-02
<MEAN> 6
 7.149462e+01 1.210138e+02 -5.221865e+02 -1.211321e+00 -1.196946e+01 -1.211191e+02
<VARIANCE> 6
 3.129757e+01 4.011961e+04 1.230786e+04 2.593203e+02 1.595152e+04 1.545820e+07
<GCONST> 6.627744e+01
<STATE> 5
<NUMMIXES> 13
<MIXTURE> 1 3.837288e-03
<MEAN> 6
 7.218169e+01 -2.550175e+02 -6.083181e+02 -2.427188e+00 -2.569417e+01 -3.287276e+01
<VARIANCE> 6
 1.593176e+02 2.347303e+06 3.353212e+06 2.593203e+02 2.204757e+04 1.545820e+07
<GCONST> 7.790504e+01
<MIXTURE> 2 8.969390e-02
<MEAN> 6
 6.008064e+01 7.085729e+02 -2.570590e+03 2.832411e+00 -1.314684e+01 -2.271482e+02
<VARIANCE> 6
 3.129757e+01 1.230843e+04 3.217817e+04 2.593203e+02 1.595152e+04 1.545820e+07
<GCONST> 6.605691e+01
<MIXTURE> 3 7.016797e-02
<MEAN> 6
 6.900896e+01 8.250396e+02 -9.805225e+02 1.935369e+00 -8.946666e-01 -5.122872e+01
<VARIANCE> 6
 3.129757e+01 1.230843e+04 6.526692e+04 2.593203e+02 1.595152e+04 1.545820e+07
<GCONST> 6.676411e+01
<MIXTURE> 4 3.128269e-02
<MEAN> 6
 5.495525e+01 7.298782e+01 -4.952707e+03 -7.610663e-02 1.182114e+01 -1.767696e+02
<VARIANCE> 6
 3.129757e+01 1.230843e+04 1.903230e+04 2.593203e+02 1.595152e+04 1.545820e+07
<GCONST> 6.553176e+01
<MIXTURE> 5 7.703387e-02
<MEAN> 6
 5.698640e+01 6.522538e+02 -3.866015e+03 1.629404e+00 8.212518e+00 2.299549e+01
<VARIANCE> 6
 3.129757e+01 1.230843e+04 2.059694e+05 2.593203e+02 1.595152e+04 1.545820e+07
<GCONST> 6.791335e+01
<MIXTURE> 6 1.129668e-01
<MEAN> 6
 6.669370e+01 8.129111e+02 -1.223155e+03 7.634299e-01 -5.423260e-01 -9.701266e+01
<VARIANCE> 6
 3.129757e+01 1.230843e+04 1.230786e+04 2.593203e+02 1.595152e+04 1.545820e+07
<GCONST> 6.509586e+01
<MIXTURE> 7 4.227949e-02
<MEAN> 6
 6.887217e+01 8.966744e+02 -4.552798e+02 5.987311e+00 -1.645139e+01 -5.452438e+01
<VARIANCE> 6
 3.129757e+01 3.537083e+04 3.940689e+04 2.593203e+02 1.595152e+04 1.545820e+07
<GCONST> 6.731516e+01
<MIXTURE> 8 1.031855e-01
<MEAN> 6
 5.442088e+01 5.906261e+02 -5.478032e+03 2.246515e+00 -3.540486e+00 1.835443e+01
<VARIANCE> 6
 3.129757e+01 1.552158e+04 3.078719e+05 2.593203e+02 1.595152e+04 1.545820e+07
<GCONST> 6.854725e+01
<MIXTURE> 9 9.676976e-02
<MEAN> 6
 5.907005e+01 6.985566e+02 -3.102101e+03 3.451840e+00 -7.926822e+00 -3.272291e+01
<VARIANCE> 6
 3.129757e+01 1.230843e+04 7.798533e+04 2.593203e+02 1.595152e+04 1.545820e+07
<GCONST> 6.694214e+01
<MIXTURE> 10 1.142642e-01
<MEAN> 6
 7.318471e+01 7.998822e+02 -6.985562e+02 1.011729e+00 -8.217191e+00 5.443942e+01
<VARIANCE> 6
 3.129757e+01 2.785291e+04 1.230786e+04 2.593203e+02 1.595152e+04 1.545820e+07
<GCONST> 6.591251e+01
<MIXTURE> 11 1.091808e-01
<MEAN> 6
 6.667554e+01 8.123320e+02 -1.226734e+03 7.378495e-01 -9.131711e-01 -9.945188e+01
<VARIANCE> 6
 3.129757e+01 1.230843e+04 1.230786e+04 2.593203e+02 1.595152e+04 1.545820e+07
<GCONST> 6.509586e+01
<MIXTURE> 12 8.148081e-02
<MEAN> 6
 5.654319e+01 6.412416e+02 -4.203067e+03 1.008401e+00 4.899467e+00 2.916744e+01
<VARIANCE> 6
 3.129757e+01 1.230843e+04 2.491111e+05 2.593203e+02 1.595152e+04 1.545820e+07
<GCONST> 6.810352e+01
<MIXTURE> 13 6.783663e-02
<MEAN> 6
 6.891090e+01 8.068724e+02 -1.117826e+03 9.858707e-01 -1.636724e+01 -1.702538e+02
<VARIANCE> 6
 3.129757e+01 1.230843e+04 9.255970e+04 2.593203e+02 1.595152e+04 1.545820e+07
<GCONST> 6.711347e+01
<STATE> 6
<NUMMIXES> 13
<MIXTURE> 1 1.084048e-01
<MEAN> 6
 8.153148e+01 -3.077521e+02 1.325062e+03 -2.930380e+00 2.509490e+00 -7.557915e+01
<VARIANCE> 6
 3.129757e+01 1.141007e+05 3.490298e+05 2.593203e+02 1.595152e+04 1.545820e+07
<GCONST> 7.066758e+01
<MIXTURE> 2 1.154795e-01
<MEAN> 6
 7.401991e+01 6.935590e+02 1.017583e+03 8.819208e-01 1.089476e+00 -1.058932e+02
<VARIANCE> 6
 3.129757e+01 1.230843e+04 6.170717e+04 2.593203e+02 1.595152e+04 1.545820e+07
<GCONST> 6.670802e+01
<MIXTURE> 3 8.565014e-02
<MEAN> 6
 7.948850e+01 3.883604e+02 5.327054e+02 1.248045e-01 3.048760e+00 -1.277186e+00
<VARIANCE> 6
 3.129757e+01 1.230843e+04 1.753098e+04 2.593203e+02 1.595152e+04 1.545820e+07
<GCONST> 6.544959e+01
<MIXTURE> 4 7.678558e-02
<MEAN> 6
 7.312048e+01 6.438513e+02 3.412471e+02 -6.521212e-01 -1.152498e+00 3.132466e+00
<VARIANCE> 6
 3.129757e+01 1.230843e+04 1.230786e+04 2.593203e+02 1.595152e+04 1.545820e+07
<GCONST> 6.509586e+01
<MIXTURE> 5 4.930858e-02
<MEAN> 6
 7.575034e+01 3.001634e+02 1.082580e+03 2.201954e-02 -1.741327e+00 -8.782487e+01
<VARIANCE> 6
 3.129757e+01 1.230843e+04 8.720823e+04 2.593203e+02 1.595152e+04 1.545820e+07
<GCONST> 6.705392e+01
<MIXTURE> 6 7.557717e-02
<MEAN> 6
 7.311943e+01 6.337644e+02 3.411122e+02 -6.322908e-01 -1.105517e+00 4.860049e+00
<VARIANCE> 6
 3.129757e+01 1.230843e+04 1.230786e+04 2.593203e+02 1.595152e+04 1.545820e+07
<GCONST> 6.509586e+01
<MIXTURE> 7 8.234528e-02
<MEAN> 6
 7.318793e+01 9.870462e+02 2.280511e+02 -4.335784e-01 -1.348435e+00 -8.012156e+01
<VARIANCE> 6
 3.129757e+01 2.071955e+04 1.523231e+04 2.593203e+02 1.595152e+04 1.545820e+07
<GCONST> 6.582983e+01
<MIXTURE> 8 7.607477e-02
<MEAN> 6
 7.565000e+01 5.860469e+02 4.295318e+02 -1.710054e+00 4.253727e-01 9.730286e+01
<VARIANCE> 6
 3.129757e+01 1.230843e+04 1.368230e+05 2.593203e+02 1.595152e+04 1.545820e+07
<GCONST> 6.750431e+01
<MIXTURE> 9 6.014287e-02
<MEAN> 6
 7.095035e+01 1.031927e+03 8.308611e+01 -3.127972e-01 1.843219e-01 -5.889535e+01
<VARIANCE> 6
 3.129757e+01 1.230843e+04 1.230786e+04 2.593203e+02 1.595152e+04 1.545820e+07
<GCONST> 6.509586e+01
<MIXTURE> 10 5.898094e-02
<MEAN> 6
 7.321873e+01 5.631349e+02 2.971521e+02 -4.977098e-01 -1.482175e-01 2.083811e+01
<VARIANCE> 6
 3.129757e+01 1.230843e+04 1.230786e+04 2.593203e+02 1.595152e+04 1.545820e+07
<GCONST> 6.509586e+01
<MIXTURE> 11 7.597884e-02
<MEAN> 6
 7.311636e+01 6.311395e+02 3.397129e+02 -6.275879e-01 -1.093595e+00 5.402339e+00
<VARIANCE> 6
 3.129757e+01 1.230843e+04 1.230786e+04 2.593203e+02 1.595152e+04 1.545820e+07
<GCONST> 6.509586e+01
<MIXTURE> 12 7.496031e-02
<MEAN> 6
 8.190349e+01 2.366094e+02 3.959784e+02 -2.565191e-01 -6.576208e+00 -1.287924e+02
<VARIANCE> 6
 3.129757e+01 1.230843e+04 1.230786e+04 2.593203e+02 1.595152e+04 1.545820e+07
<GCONST> 6.509586e+01
<MIXTURE> 13 6.028179e-02
<MEAN> 6
 7.131580e+01 9.946034e+02 3.812080e+01 -7.075092e-01 -1.575181e+00 -6.332157e+01
<VARIANCE> 6
 3.129757e+01 1.230843e+04 1.230786e+04 2.593203e+02 1.595152e+04 1.545820e+07
<GCONST> 6.509586e+01
<STATE> 7
<NUMMIXES> 13
<MIXTURE> 1 9.148307e-02
<MEAN> 6
 6.546588e+01 -3.991396e+02 1.787704e+03 -2.201578e+00 1.977931e-01 -7.125966e+01
<VARIANCE> 6
 3.129757e+01 8.144512e+04 4.800281e+04 2.593203e+02 1.595152e+04 1.545820e+07
<GCONST> 6.834653e+01
<MIXTURE> 2 7.506490e-02
<MEAN> 6
 7.444995e+01 -1.910183e+02 2.353099e+02 -4.059200e-01 -3.479461e+00 2.221729e+01
<VARIANCE> 6
 3.129757e+01 1.230843e+04 1.230786e+04 2.593203e+02 1.595152e+04 1.545820e+07
<GCONST> 6.509586e+01
<MIXTURE> 3 9.091146e-02
<MEAN> 6
 6.043728e+01 -3.329703e+02 -3.154510e+02 1.824643e-01 -1.434879e+00 -5.017643e+01
<VARIANCE> 6
 3.129757e+01 1.230843e+04 3.576645e+04 2.593203e+02 1.595152e+04 1.545820e+07
<GCONST> 6.616264e+01
<MIXTURE> 4 6.071874e-02
<MEAN> 6
 6.782242e+01 -6.420515e+02 -6.720757e+02 -6.055444e-02 -1.571993e+00 -5.091294e+01
<VARIANCE> 6
 3.129757e+01 1.230843e+04 3.985956e+04 2.593203e+02 1.595152e+04 1.545820e+07
<GCONST> 6.627098e+01
<MIXTURE> 5 9.101114e-02
<MEAN> 6
 6.828217e+01 -3.968795e+02 3.316701e+02 -1.353580e-01 -2.031660e+00 -3.779317e+01
<VARIANCE> 6
 3.129757e+01 1.230843e+04 1.230786e+04 2.593203e+02 1.595152e+04 1.545820e+07
<GCONST> 6.509586e+01
<MIXTURE> 6 8.621012e-02
<MEAN> 6
 7.263428e+01 -3.661732e+02 7.725914e+02 -4.136771e-01 -1.704611e+00 -9.174894e+00
<VARIANCE> 6
 3.129757e+01 1.230843e+04 5.710693e+04 2.593203e+02 1.595152e+04 1.545820e+07
<GCONST> 6.663055e+01
<MIXTURE> 7 3.862959e-02
<MEAN> 6
 6.508025e+01 -9.508129e+02 1.164531e+02 -1.112679e+00 -5.902653e+00 4.515335e+01
<VARIANCE> 6
 3.129757e+01 2.618320e+05 1.248504e+05 2.593203e+02 1.595152e+04 1.545820e+07
<GCONST> 7.047015e+01
<MIXTURE> 8 1.117354e-01
<MEAN> 6
 6.712140e+01 -4.091221e+02 3.180552e+02 -1.790040e-01 -1.684351e+00 -4.146040e+01
<VARIANCE> 6
 3.129757e+01 1.230843e+04 1.230786e+04 2.593203e+02 1.595152e+04 1.545820e+07
<GCONST> 6.509586e+01
<MIXTURE> 9 7.383558e-02
<MEAN> 6
 6.255727e+01 -6.687780e+02 -5.451630e+01 4.481904e-01 6.290687e+00 9.391327e-01
<VARIANCE> 6
 3.129757e+01 2.998736e+04 3.465955e+04 2.593203e+02 1.595152e+04 1.545820e+07
<GCONST> 6.702168e+01
<MIXTURE> 10 7.217823e-02
<MEAN> 6
 7.666129e+01 -3.640003e+02 -9.281181e+01 -1.113448e+00 -1.032809e+01 -6.006482e+01
<VARIANCE> 6
 3.129757e+01 1.230843e+04 1.352347e+04 2.593203e+02 1.595152e+04 1.545820e+07
<GCONST> 6.519005e+01
<MIXTURE> 11 8.048319e-02
<MEAN> 6
 5.855488e+01 -3.113262e+02 -4.296494e+02 -1.460782e-01 8.262231e-01 -5.854949e+00
<VARIANCE> 6
 3.129757e+01 1.230843e+04 6.458507e+04 2.593203e+02 1.595152e+04 1.545820e+07
<GCONST> 6.675361e+01
<MIXTURE> 12 5.472076e-02
<MEAN> 6
 7.213759e+01 -3.803929e+02 5.719608e+02 -1.138253e+00 -7.856975e-01 -7.249781e+00
<VARIANCE> 6
 3.129757e+01 1.230843e+04 3.249242e+05 2.593203e+02 1.595152e+04 1.545820e+07
<GCONST> 6.836922e+01
<MIXTURE> 13 7.296085e-02
<MEAN> 6
 6.294830e+01 -7.389018e+02 -1.172001e+02 5.764688e-01 -3.440049e+00 -3.957682e+01
<VARIANCE> 6
 3.129757e+01 3.018674e+04 4.150962e+04 2.593203e+02 1.595152e+04 1.545820e+07
<GCONST> 6.720866e+01
<STATE> 8
<NUMMIXES> 13
<MIXTURE> 1 7.360415e-02
<MEAN> 6
 6.504756e+01 4.190124e+01 -1.275475e+03 -1.336194e+00 6.388207e+00 8.312530e+01
<VARIANCE> 6
 3.129757e+01 1.230843e+04 1.344634e+04 2.593203e+02 1.595152e+04 1.545820e+07
<GCONST> 6.518433e+01
<MIXTURE> 2 4.794746e-02
<MEAN> 6
 6.974444e+01 -2.803214e+02 -8.828019e+02 1.398010e+01 3.600441e+01 -3.798442e+03
<VARIANCE> 6
 3.677130e+01 3.396915e+05 8.534299e+05 1.344341e+03 2.596853e+05 1.093375e+08
<GCONST> 7.920563e+01
<MIXTURE> 3 6.354451e-02
<MEAN> 6
 6.053890e+01 3.058453e+02 -1.772055e+03 -1.361853e+00 -3.128217e+01 -5.279830e+02
<VARIANCE> 6
 3.129757e+01 1.230843e+04 1.230786e+04 2.593203e+02 1.595152e+04 1.545820e+07
<GCONST> 6.509586e+01
<MIXTURE> 4 9.197427e-02
<MEAN> 6
 6.423864e+01 -7.102700e+01 -1.585230e+03 5.801851e-01 3.434731e+00 -4.051486e+01
<VARIANCE> 6
 3.129757e+01 1.230843e+04 1.230786e+04 2.593203e+02 1.595152e+04 1.545820e+07
<GCONST> 6.509586e+01
<MIXTURE> 5 9.745490e-02
<MEAN> 6
 5.505500e+01 1.359892e+02 -2.677637e+03 1.188449e-02 1.226019e-01 -1.171477e-01
<VARIANCE> 6
 3.129757e+01 1.230843e+04 1.369405e+05 2.593203e+02 1.595152e+04 1.545820e+07
<GCONST> 6.750517e+01
<MIXTURE> 6 7.102280e-02
<MEAN> 6
 6.297033e+01 -2.424032e+02 -1.510680e+03 -8.239620e-01 8.226601e+00 8.739450e+00
<VARIANCE> 6
 3.129757e+01 1.230843e+04 1.230786e+04 2.593203e+02 1.595152e+04 1.545820e+07
<GCONST> 6.509586e+01
<MIXTURE> 7 1.138463e-01
<MEAN> 6
 6.017723e+01 2.651204e+02 -1.946186e+03 1.039561e-01 -2.730932e-01 -2.692384e+01
<VARIANCE> 6
 3.129757e+01 1.230843e+04 1.230786e+04 2.593203e+02 1.595152e+04 1.545820e+07
<GCONST> 6.509586e+01
<MIXTURE> 8 5.632548e-02
<MEAN> 6
 6.035799e+01 2.713252e+02 -1.927294e+03 8.196107e-02 -8.199924e-01 -3.743475e+01
<VARIANCE> 6
 3.129757e+01 1.230843e+04 1.230786e+04 2.593203e+02 1.595152e+04 1.545820e+07
<GCONST> 6.509586e+01
<MIXTURE> 9 1.092045e-01
<MEAN> 6
 5.491206e+01 9.792516e+01 -3.962172e+03 6.624115e-02 -2.984615e-01 1.251146e+01
<VARIANCE> 6
 3.129757e+01 1.230843e+04 2.489761e+05 2.593203e+02 1.595152e+04 1.545820e+07
<GCONST> 6.810298e+01
<MIXTURE> 10 9.183978e-02
<MEAN> 6
 6.423809e+01 -7.171766e+01 -1.585777e+03 5.826669e-01 3.527092e+00 -3.839342e+01
<VARIANCE> 6
 3.129757e+01 1.230843e+04 1.230786e+04 2.593203e+02 1.595152e+04 1.545820e+07
<GCONST> 6.509586e+01
<MIXTURE> 11 5.738509e-02
<MEAN> 6
 6.047913e+01 2.884906e+02 -1.838592e+03 -1.550772e-01 -8.148577e+00 -1.753223e+02
<VARIANCE> 6
 3.129757e+01 1.230843e+04 1.305167e+04 2.593203e+02 1.595152e+04 1.545820e+07
<GCONST> 6.515454e+01
<MIXTURE> 12 6.974832e-02
<MEAN> 6
 6.294416e+01 -2.597816e+02 -1.508785e+03 -1.133339e+00 -1.922225e+01 -9.102160e+00
<VARIANCE> 6
 3.129757e+01 1.230843e+04 1.230786e+04 2.593203e+02 1.595152e+04 1.545820e+07
<GCONST> 6.509586e+01
<MIXTURE> 13 5.608469e-02
<MEAN> 6
 5.987254e+01 2.570839e+02 -1.966442e+03 1.223369e-01 9.447789e-02 -1.936963e+01
<VARIANCE> 6
 3.129757e+01 1.230843e+04 1.230786e+04 2.593203e+02 1.595152e+04 1.545820e+07
<GCONST> 6.509586e+01
<STATE> 9
<NUMMIXES> 13
<MIXTURE> 1 1.033229e-01
<MEAN> 6
 5.785913e+01 2.695807e+03 -2.405291e+02 3.707229e-01 -1.953643e+00 -1.124073e+02
<VARIANCE> 6
 3.129757e+01 1.230843e+04 1.230786e+04 2.593203e+02 1.595152e+04 1.545820e+07
<GCONST> 6.509586e+01
<MIXTURE> 2 8.137964e-02
<MEAN> 6
 6.686539e+01 3.349054e+03 -1.319669e+03 1.974565e-01 -1.821850e+01 -1.957726e+02
<VARIANCE> 6
 3.129757e+01 2.129385e+04 1.230786e+04 3.241636e+02 1.595152e+04 1.545820e+07
<GCONST> 6.586718e+01
<MIXTURE> 3 8.066036e-02
<MEAN> 6
 6.281604e+01 1.809497e+03 -1.657202e+02 4.722692e-01 6.305922e-01 -2.946054e+01
<VARIANCE> 6
 3.129757e+01 1.230843e+04 1.230786e+04 2.593203e+02 1.595152e+04 1.545820e+07
<GCONST> 6.509586e+01
<MIXTURE> 4 7.658918e-02
<MEAN> 6
 5.953990e+01 1.833662e+03 -3.575383e+02 4.408625e-01 -9.483860e-01 -1.420470e+02
<VARIANCE> 6
 3.129757e+01 1.230843e+04 1.230786e+04 2.593203e+02 1.595152e+04 1.545820e+07
<GCONST> 6.509586e+01
<MIXTURE> 5 1.075814e-01
<MEAN> 6
 5.946169e+01 1.510076e+03 -8.089697e+02 2.528283e-01 -1.557565e+00 -3.289137e+00
<VARIANCE> 6
 3.129757e+01 4.475866e+04 2.398017e+04 2.593203e+02 1.595152e+04 1.545820e+07
<GCONST> 6.705385e+01
<MIXTURE> 6 5.973997e-02
<MEAN> 6
 5.910751e+01 2.533835e+03 -2.750255e+02 5.912569e-01 -1.582876e+00 -5.124847e+01
<VARIANCE> 6
 3.129757e+01 1.230843e+04 1.230786e+04 2.593203e+02 1.595152e+04 1.545820e+07
<GCONST> 6.509586e+01
<MIXTURE> 7 6.409427e-02
<MEAN> 6
 6.020470e+01 1.839407e+03 -3.303268e+02 4.106184e-01 -6.052904e-01 -1.382178e+02
<VARIANCE> 6
 3.129757e+01 1.230843e+04 1.230786e+04 2.593203e+02 1.595152e+04 1.545820e+07
<GCONST> 6.509586e+01
<MIXTURE> 8 3.204323e-02
<MEAN> 6
 6.035508e+01 8.197345e+02 -5.676440e+02 -7.579298e-01 -1.672285e+01 -3.897694e+02
<VARIANCE> 6
 3.510687e+01 4.751737e+05 3.898074e+05 2.593203e+02 1.595152e+04 1.545820e+07
<GCONST> 7.231953e+01
<MIXTURE> 9 1.034691e-01
<MEAN> 6
 5.787851e+01 2.694924e+03 -2.404481e+02 3.727226e-01 -1.967317e+00 -1.127968e+02
<VARIANCE> 6
 3.129757e+01 1.230843e+04 1.230786e+04 2.593203e+02 1.595152e+04 1.545820e+07
<GCONST> 6.509586e+01
<MIXTURE> 10 1.044245e-01
<MEAN> 6
 5.916491e+01 1.919043e+03 -1.339810e+03 3.573075e-01 8.234603e-01 -7.400208e+00
<VARIANCE> 6
 3.129757e+01 1.788905e+04 7.628802e+04 2.593203e+02 1.595152e+04 1.545820e+07
<GCONST> 6.729404e+01
<MIXTURE> 11 6.246454e-02
<MEAN> 6
 5.909987e+01 2.522900e+03 -2.792141e+02 6.062496e-01 -1.565678e+00 -4.354295e+01
<VARIANCE> 6
 3.129757e+01 1.230843e+04 1.230786e+04 2.593203e+02 1.595152e+04 1.545820e+07
<GCONST> 6.509586e+01
<MIXTURE> 12 6.007615e-02
<MEAN> 6
 6.459321e+01 2.723760e+03 -1.223293e+03 -1.156386e-01 -8.264107e-01 -1.335633e+01
<VARIANCE> 6
 3.129757e+01 1.138361e+05 1.230786e+04 2.593203e+02 1.595152e+04 1.545820e+07
<GCONST> 6.732034e+01
<MIXTURE> 13 6.414690e-02
<MEAN> 6
 5.905920e+01 1.828070e+03 -3.776610e+02 4.709959e-01 -1.400359e+00 -1.504760e+02
<VARIANCE> 6
 3.129757e+01 1.230843e+04 1.230786e+04 2.593203e+02 1.595152e+04 1.545820e+07
<GCONST> 6.509586e+01
<STATE> 10
<NUMMIXES> 13
<MIXTURE> 1 7.536857e-02
<MEAN> 6
 7.382455e+01 1.316344e+03 -7.551644e+02 -2.078469e+00 -7.731922e+00 -5.943185e+01
<VARIANCE> 6
 3.129757e+01 3.649146e+04 1.230786e+04 2.593203e+02 1.595152e+04 1.545820e+07
<GCONST> 6.618266e+01
<MIXTURE> 2 5.834883e-02
<MEAN> 6
 1.037349e+02 1.851698e+03 -2.845914e+03 -7.993893e+00 7.810358e+00 -4.669906e+01
<VARIANCE> 6
 5.403627e+01 7.200755e+04 4.566443e+04 2.593203e+02 1.595152e+04 1.545820e+07
<GCONST> 6.871954e+01
<MIXTURE> 3 7.795075e-02
<MEAN> 6
 9.097960e+01 -2.240534e+03 1.405494e+02 -6.692047e-01 -1.194575e+00 4.094396e+00
<VARIANCE> 6
 3.129757e+01 7.391018e+04 1.230786e+04 2.593203e+02 1.595152e+04 1.545820e+07
<GCONST> 6.688843e+01
<MIXTURE> 4 7.531650e-02
<MEAN> 6
 8.869855e+01 -4.946769e+03 -2.123447e+03 -7.478909e+00 2.280877e+01 6.565092e+01
<VARIANCE> 6
 3.129757e+01 9.432413e+06 3.255338e+04 2.593203e+02 1.595152e+04 1.545820e+07
<GCONST> 7.271012e+01
<MIXTURE> 5 7.624511e-02
<MEAN> 6
 9.197932e+01 5.050302e+02 -3.434749e+03 -2.565228e+00 3.675941e+00 1.583244e+01
<VARIANCE> 6
 3.129757e+01 1.230843e+04 1.634719e+05 2.593203e+02 1.595152e+04 1.545820e+07
<GCONST> 6.768227e+01
<MIXTURE> 6 1.005781e-01
<MEAN> 6
 7.223045e+01 1.502400e+03 -2.114324e+03 4.751762e-02 -1.686179e+00 -1.295131e+02
<VARIANCE> 6
 3.129757e+01 1.230843e+04 3.369500e+04 2.593203e+02 1.595152e+04 1.545820e+07
<GCONST> 6.610297e+01
<MIXTURE> 7 1.045720e-01
<MEAN> 6
 8.997941e+01 -4.400182e+03 -4.575129e+02 -6.653891e-01 -4.892651e+00 -4.929565e+02
<VARIANCE> 6
 1.097631e+02 3.169518e+06 8.320127e+04 2.593203e+02 1.687736e+04 1.545820e+07
<GCONST> 7.386914e+01
<MIXTURE> 8 5.611078e-02
<MEAN> 6
 8.784959e+01 3.090153e+02 -3.558340e+03 -1.099943e+00 4.852139e+00 -1.153125e+02
<VARIANCE> 6
 3.129757e+01 1.230843e+04 3.056392e+05 2.593203e+02 1.595152e+04 1.545820e+07
<GCONST> 6.830803e+01
<MIXTURE> 9 8.950363e-02
<MEAN> 6
 9.214754e+01 -6.828948e+03 -4.977942e+02 -5.413236e+00 2.660333e+00 -1.368050e+01
<VARIANCE> 6
 3.129757e+01 1.952476e+04 1.230786e+04 2.593203e+02 1.595152e+04 1.545820e+07
<GCONST> 6.555726e+01
<MIXTURE> 10 7.400737e-02
<MEAN> 6
 7.210136e+01 1.559016e+03 -2.798132e+03 1.380464e-01 -9.942418e-01 8.085778e+00
<VARIANCE> 6
 3.129757e+01 1.230843e+04 7.412489e+04 2.593203e+02 1.595152e+04 1.545820e+07
<GCONST> 6.689137e+01
<MIXTURE> 11 8.191171e-02
<MEAN> 6
 7.403223e+01 1.243381e+03 -7.539652e+02 -1.381252e+00 -1.143921e+01 -1.640188e+02
<VARIANCE> 6
 3.129757e+01 2.078795e+04 1.230786e+04 2.593203e+02 1.595152e+04 1.545820e+07
<GCONST> 6.561995e+01
<MIXTURE> 12 6.940895e-02
<MEAN> 6
 9.070427e+01 -3.401292e+03 -9.846712e+00 -7.700747e+00 9.372978e+00 1.230222e+02
<VARIANCE> 6
 3.129757e+01 1.417508e+05 1.570203e+04 2.593203e+02 1.595152e+04 1.545820e+07
<GCONST> 6.778320e+01
<MIXTURE> 13 6.067188e-02
<MEAN> 6
 9.893368e+01 2.014242e+03 -2.995062e+03 -6.164615e+00 -3.222348e+00 2.523964e+01
<VARIANCE> 6
 3.129757e+01 5.919709e+04 3.438926e+04 2.593203e+02 1.595152e+04 1.545820e+07
<GCONST> 6.769395e+01
<STATE> 11
<NUMMIXES> 13
<MIXTURE> 1 4.196124e-02
<MEAN> 6
 9.306001e+01 -7.338193e+02 4.066747e+02 -2.645852e+00 -4.382977e+00 -4.906331e+01
<VARIANCE> 6
 3.129757e+01 4.999904e+04 1.230786e+04 2.593203e+02 1.595152e+04 1.545820e+07
<GCONST> 6.649758e+01
<MIXTURE> 2 9.889670e-02
<MEAN> 6
 8.798975e+01 -1.624629e+03 4.392888e+02 7.215962e-01 -1.479861e+00 -9.866100e+01
<VARIANCE> 6
 3.129757e+01 1.230843e+04 2.026630e+04 2.593203e+02 1.595152e+04 1.545820e+07
<GCONST> 6.559458e+01
<MIXTURE> 3 5.406804e-02
<MEAN> 6
 7.942300e+01 -6.127060e+02 -3.909945e+01 1.550178e+00 -3.905663e+00 -1.868116e+02
<VARIANCE> 6
 3.129757e+01 1.230843e+04 1.230786e+04 2.593203e+02 1.595152e+04 1.545820e+07
<GCONST> 6.509586e+01
<MIXTURE> 4 1.030787e-01
<MEAN> 6
 6.912564e+01 -2.195390e+03 2.330123e+02 3.707269e-01 -3.071488e+00 -7.839857e+01
<VARIANCE> 6
 3.129757e+01 1.921880e+05 2.046266e+05 2.593203e+02 1.595152e+04 1.545820e+07
<GCONST> 7.065500e+01
<MIXTURE> 5 9.426501e-02
<MEAN> 6
 6.798698e+01 -1.082483e+03 3.763959e+01 1.460054e+00 4.959868e+00 -1.239711e+02
<VARIANCE> 6
 3.129757e+01 6.843131e+04 1.230786e+04 2.593203e+02 1.595152e+04 1.545820e+07
<GCONST> 6.681141e+01
<MIXTURE> 6 9.184133e-02
<MEAN> 6
 8.338875e+01 -7.792947e+02 1.326584e+02 -1.484357e-01 -1.375777e+00 -7.036929e+01
<VARIANCE> 6
 3.129757e+01 1.230843e+04 1.230786e+04 2.593203e+02 1.595152e+04 1.545820e+07
<GCONST> 6.509586e+01
<MIXTURE> 7 9.012514e-02
<MEAN> 6
 6.631380e+01 -1.958328e+03 -3.806891e+02 2.048089e-01 -2.322479e+00 -1.243697e+02
<VARIANCE> 6
 3.129757e+01 7.708727e+04 1.230786e+04 2.593203e+02 1.595152e+04 1.545820e+07
<GCONST> 6.693051e+01
<MIXTURE> 8 8.157657e-02
<MEAN> 6
 8.321832e+01 -7.930375e+02 1.478251e+02 -1.661892e-01 -5.341331e-01 -7.553379e+01
<VARIANCE> 6
 3.129757e+01 1.230843e+04 1.230786e+04 2.593203e+02 1.595152e+04 1.545820e+07
<GCONST> 6.509586e+01
<MIXTURE> 9 7.696994e-02
<MEAN> 6
 8.105859e+01 -7.827619e+02 4.156743e+02 -1.025443e+00 -1.685268e+01 1.112450e+02
<VARIANCE> 6
 3.129757e+01 1.230843e+04 3.550378e+04 2.593203e+02 1.595152e+04 1.545820e+07
<GCONST> 6.615526e+01
<MIXTURE> 10 9.133464e-02
<MEAN> 6
 8.336192e+01 -7.814961e+02 1.345418e+02 -1.505141e-01 -1.244052e+00 -7.089939e+01
<VARIANCE> 6
 3.129757e+01 1.230843e+04 1.230786e+04 2.593203e+02 1.595152e+04 1.545820e+07
<GCONST> 6.509586e+01
<MIXTURE> 11 7.863436e-02
<MEAN> 6
 8.252697e+01 -8.728076e+02 1.485566e+02 -1.996667e-01 7.502681e-01 -5.836789e+01
<VARIANCE> 6
 3.129757e+01 1.465786e+04 1.230786e+04 2.593203e+02 1.595152e+04 1.545820e+07
<GCONST> 6.527055e+01
<MIXTURE> 12 4.416573e-02
<MEAN> 6
 6.251795e+01 -2.472908e+03 -5.924715e+02 -3.642733e-01 -1.943531e+00 -4.659460e+01
<VARIANCE> 6
 3.129757e+01 1.864827e+04 1.336076e+04 2.593203e+02 1.595152e+04 1.545820e+07
<GCONST> 6.559341e+01
<MIXTURE> 13 5.304271e-02
<MEAN> 6
 7.851459e+01 -6.348065e+02 -6.656101e+01 1.592728e+00 -1.112284e+01 -3.060074e+02
<VARIANCE> 6
 3.129757e+01 1.230843e+04 1.230786e+04 2.593203e+02 1.595152e+04 1.545820e+07
<GCONST> 6.509586e+01
<STATE> 12
<NUMMIXES> 13
<MIXTURE> 1 3.183351e-02
<MEAN> 6
 6.725890e+01 1.242026e+03 6.177137e+01 -1.748844e+00 -5.536923e+00 -1.465636e+02
<VARIANCE> 6
 3.129757e+01 1.230843e+04 1.230786e+04 2.593203e+02 1.802101e+04 1.545820e+07
<GCONST> 6.521785e+01
<MIXTURE> 2 1.098903e-01
<MEAN> 6
 6.384454e+01 4.389906e+02 1.236238e+02 -4.783163e-02 -2.462118e+00 -1.378298e+02
<VARIANCE> 6
 3.814553e+01 1.230843e+04 1.230786e+04 2.593203e+02 1.595152e+04 1.545820e+07
<GCONST> 6.529373e+01
<MIXTURE> 3 8.208505e-02
<MEAN> 6
 5.427288e+01 1.306365e+02 1.669269e+01 -4.007937e-01 4.124375e+00 -6.085553e+01
<VARIANCE> 6
 3.129757e+01 1.230843e+04 2.149246e+05 2.593203e+02 1.595152e+04 1.545820e+07
<GCONST> 6.795591e+01
<MIXTURE> 4 3.986225e-02
<MEAN> 6
 6.583290e+01 6.450887e+02 -2.139468e+02 1.696620e+00 -1.308472e+01 -2.463224e+02
<VARIANCE> 6
 3.129757e+01 2.837358e+04 1.230786e+04 2.593203e+02 1.595152e+04 1.545820e+07
<GCONST> 6.593104e+01
<MIXTURE> 5 7.695923e-02
<MEAN> 6
 6.416399e+01 1.132424e+02 2.892443e+02 -2.912540e-01 -3.374379e+00 -8.493725e+01
<VARIANCE> 6
 3.129757e+01 1.230843e+04 1.885346e+04 2.593203e+02 1.595152e+04 1.545820e+07
<GCONST> 6.552232e+01
<MIXTURE> 6 6.088335e-02
<MEAN> 6
 6.274471e+01 3.732082e+01 -1.095373e+02 -3.359333e-01 -2.441838e+00 -8.680257e+01
<VARIANCE> 6
 3.129757e+01 1.230843e+04 1.230786e+04 2.593203e+02 1.595152e+04 1.545820e+07
<GCONST> 6.509586e+01
<MIXTURE> 7 7.869104e-02
<MEAN> 6
 5.555125e+01 7.097523e+02 2.558621e+00 8.301030e-01 9.259744e+00 -2.157630e+01
<VARIANCE> 6
 3.129757e+01 6.952606e+04 1.230786e+04 2.593203e+02 1.595152e+04 1.545820e+07
<GCONST> 6.682728e+01
<MIXTURE> 8 1.256956e-01
<MEAN> 6
 5.974848e+01 2.994886e+01 -1.514168e+02 4.043832e-02 -1.991385e+00 -9.551366e+01
<VARIANCE> 6
 3.129757e+01 1.230843e+04 1.230786e+04 2.593203e+02 1.595152e+04 1.545820e+07
<GCONST> 6.509586e+01
<MIXTURE> 9 8.523752e-02
<MEAN> 6
 6.524405e+01 3.979962e+02 -1.963048e+02 8.145370e-01 -9.451378e-01 -9.268594e+01
<VARIANCE> 6
 3.129757e+01 1.230843e+04 1.230786e+04 2.593203e+02 1.595152e+04 1.545820e+07
<GCONST> 6.509586e+01
<MIXTURE> 10 4.688853e-02
<MEAN> 6
 6.715728e+01 2.167942e+02 1.400972e+02 -2.629782e-01 -4.559151e+00 -1.551125e+02
<VARIANCE> 6
 3.129757e+01 3.712907e+04 1.230786e+04 2.593203e+02 1.595152e+04 1.545820e+07
<GCONST> 6.619997e+01
<MIXTURE> 11 1.153472e-01
<MEAN> 6
 6.550827e+01 1.366617e+01 1.537986e+02 -3.617285e-01 -2.726040e+00 -7.575059e+01
<VARIANCE> 6
 3.129757e+01 1.230843e+04 1.230786e+04 2.593203e+02 1.595152e+04 1.545820e+07
<GCONST> 6.509586e+01
<MIXTURE> 12 8.577372e-02
<MEAN> 6
 6.521874e+01 3.960753e+02 -1.978958e+02 8.095136e-01 -9.190415e-01 -9.332601e+01
<VARIANCE> 6
 3.129757e+01 1.230843e+04 1.230786e+04 2.593203e+02 1.595152e+04 1.545820e+07
<GCONST> 6.509586e+01
<MIXTURE> 13 6.076105e-02
<MEAN> 6
 6.079643e+01 1.665917e+01 -1.488676e+02 -7.933144e-02 -3.422873e+00 -1.133003e+02
<VARIANCE> 6
 3.129757e+01 1.230843e+04 1.230786e+04 2.593203e+02 1.595152e+04 1.545820e+07
<GCONST> 6.509586e+01
<STATE> 13
<NUMMIXES> 13
<MIXTURE> 1 8.193637e-02
<MEAN> 6
 8.235156e+01 -3.356574e+01 6.774216e+01 -4.252280e+00 -2.003458e+01 -1.575233e+01
<VARIANCE> 6
 1.779403e+02 1.734691e+06 1.407237e+06 2.593203e+02 1.595152e+04 1.545820e+07
<GCONST> 7.652121e+01
<MIXTURE> 2 3.173825e-02
<MEAN> 6
 2.456642e+01 -3.424137e+02 -3.573318e+01 -6.850253e+01 -1.976976e+02 2.756748e+03
<VARIANCE> 6
 2.620074e+03 5.183134e+06 3.911702e+06 5.341424e+04 2.257816e+06 9.838246e+08
<GCONST> 9.576132e+01
<MIXTURE> 3 5.911619e-02
<MEAN> 6
 -4.232344e+01 2.110991e+02 6.591661e+01 -7.232890e+01 1.248200e+03 3.637933e+03
<VARIANCE> 6
 1.906844e+02 6.590952e+05 3.359625e+05 2.973328e+04 5.231999e+05 3.635174e+08
<GCONST> 8.558034e+01
<MIXTURE> 4 5.760106e-02
<MEAN> 6
 2.571317e+01 1.634321e+02 1.735609e+02 1.921820e+02 -1.379855e+02 -1.411617e+03
<VARIANCE> 6
 4.551607e+02 5.796991e+05 5.248095e+05 4.744613e+03 9.112489e+04 2.892820e+07
<GCONST> 8.065405e+01
<MIXTURE> 5 1.133524e-01
<MEAN> 6
 7.677468e+01 -8.522058e+01 1.786715e+02 1.917013e+01 -7.647423e+02 -1.076172e+03
<VARIANCE> 6
 2.966032e+02 1.543705e+06 7.518535e+05 1.740997e+04 3.985374e+05 1.881074e+08
<GCONST> 8.621252e+01
<MIXTURE> 6 7.828134e-02
<MEAN> 6
 -5.079729e+01 3.925758e+01 3.474946e+01 1.784299e+01 2.251016e+02 2.244664e+02
<VARIANCE> 6
 2.162650e+02 2.954882e+05 7.672980e+05 8.792999e+02 6.594033e+04 1.885577e+07
<GCONST> 7.717874e+01
<MIXTURE> 7 9.245234e-02
<MEAN> 6
 6.471080e+01 -5.238154e+01 -9.578244e+00 3.607287e+01 -4.086279e+02 -4.378065e+02
<VARIANCE> 6
 1.782545e+02 2.135600e+05 1.560555e+05 1.131684e+04 6.130130e+04 2.342842e+07
<GCONST> 7.776718e+01
<MIXTURE> 8 1.114831e-01
<MEAN> 6
 -1.879030e+01 4.462286e+00 1.120205e+01 5.665046e+01 3.244288e+02 -2.497907e+03
<VARIANCE> 6
 2.739156e+02 1.617960e+05 6.337471e+04 2.559839e+04 1.389213e+05 7.455785e+07
<GCONST> 7.981003e+01
<MIXTURE> 9 1.032416e-01
<MEAN> 6
 1.006995e+01 2.199265e+01 8.297864e+01 -2.312447e+02 -3.737864e+01 4.431154e+03
<VARIANCE> 6
 5.559905e+02 7.623229e+05 4.838066e+05 5.215379e+03 1.978743e+05 1.158442e+08
<GCONST> 8.330409e+01
<MIXTURE> 10 7.658188e-02
<MEAN> 6
 7.763010e+01 -8.186023e+00 -1.505314e+01 -4.882830e+00 -1.255955e+01 -1.261620e+02
<VARIANCE> 6
 1.220808e+02 3.259331e+05 1.138801e+05 2.593203e+02 1.595152e+04 1.545820e+07
<GCONST> 7.195832e+01
<MIXTURE> 11 5.958677e-02
<MEAN> 6
 6.174715e+01 9.027240e+01 1.943916e+01 -1.306908e+02 -7.482844e+02 1.674663e+03
<VARIANCE> 6
 2.941935e+02 2.534644e+05 4.962368e+04 1.066890e+04 1.821211e+05 6.697149e+07
<GCONST> 7.937400e+01
<MIXTURE> 12 7.570613e-02
<MEAN> 6
 -5.087220e+01 -7.859498e+01 4.119109e+01 4.396643e+01 9.512805e+02 -2.089876e+03
<VARIANCE> 6
 1.383223e+02 5.659141e+05 4.668033e+05 1.196902e+04 1.693037e+05 8.909698e+07
<GCONST> 8.199147e+01
<MIXTURE> 13 5.798130e-02
<MEAN> 6
 2.179230e+01 -1.188482e+02 -6.998492e+01 1.971447e+02 -1.599769e+02 -2.909409e+03
<VARIANCE> 6
 4.414022e+02 4.839985e+05 3.562868e+05 5.136877e+03 1.005294e+05 2.713471e+07
<GCONST> 8.016928e+01
<TRANSP> 14
 0.000000e+00 1.000000e+00 0.000000e+00 0.000000e+00 0.000000e+00 0.000000e+00 0.000000e+00 0.000000e+00 0.000000e+00 0.000000e+00 0.000000e+00 0.000000e+00 0.000000e+00 0.000000e+00
 0.000000e+00 9.996332e-01 3.668184e-04 0.000000e+00 0.000000e+00 0.000000e+00 0.000000e+00 0.000000e+00 0.000000e+00 0.000000e+00 0.000000e+00 0.000000e+00 0.000000e+00 0.000000e+00
 0.000000e+00 0.000000e+00 9.941218e-01 5.878184e-03 0.000000e+00 0.000000e+00 0.000000e+00 0.000000e+00 0.000000e+00 0.000000e+00 0.000000e+00 0.000000e+00 0.000000e+00 0.000000e+00
 0.000000e+00 0.000000e+00 0.000000e+00 9.976303e-01 2.369712e-03 0.000000e+00 0.000000e+00 0.000000e+00 0.000000e+00 0.000000e+00 0.000000e+00 0.000000e+00 0.000000e+00 0.000000e+00
 0.000000e+00 0.000000e+00 0.000000e+00 0.000000e+00 9.955018e-01 4.498210e-03 0.000000e+00 0.000000e+00 0.000000e+00 0.000000e+00 0.000000e+00 0.000000e+00 0.000000e+00 0.000000e+00
 0.000000e+00 0.000000e+00 0.000000e+00 0.000000e+00 0.000000e+00 9.980061e-01 1.993953e-03 0.000000e+00 0.000000e+00 0.000000e+00 0.000000e+00 0.000000e+00 0.000000e+00 0.000000e+00
 0.000000e+00 0.000000e+00 0.000000e+00 0.000000e+00 0.000000e+00 0.000000e+00 9.988009e-01 1.199107e-03 0.000000e+00 0.000000e+00 0.000000e+00 0.000000e+00 0.000000e+00 0.000000e+00
 0.000000e+00 0.000000e+00 0.000000e+00 0.000000e+00 0.000000e+00 0.000000e+00 0.000000e+00 9.940083e-01 5.991669e-03 0.000000e+00 0.000000e+00 0.000000e+00 0.000000e+00 0.000000e+00
 0.000000e+00 0.000000e+00 0.000000e+00 0.000000e+00 0.000000e+00 0.000000e+00 0.000000e+00 0.000000e+00 9.959220e-01 4.078013e-03 0.000000e+00 0.000000e+00 0.000000e+00 0.000000e+00
 0.000000e+00 0.000000e+00 0.000000e+00 0.000000e+00 0.000000e+00 0.000000e+00 0.000000e+00 0.000000e+00 0.000000e+00 9.959026e-01 4.097453e-03 0.000000e+00 0.000000e+00 0.000000e+00
 0.000000e+00 0.000000e+00 0.000000e+00 0.000000e+00 0.000000e+00 0.000000e+00 0.000000e+00 0.000000e+00 0.000000e+00 0.000000e+00 9.982668e-01 1.733260e-03 0.000000e+00 0.000000e+00
 0.000000e+00 0.000000e+00 0.000000e+00 0.000000e+00 0.000000e+00 0.000000e+00 0.000000e+00 0.000000e+00 0.000000e+00 0.000000e+00 0.000000e+00 9.991365e-01 8.635463e-04 0.000000e+00
 0.000000e+00 0.000000e+00 0.000000e+00 0.000000e+00 0.000000e+00 0.000000e+00 0.000000e+00 0.000000e+00 0.000000e+00 0.000000e+00 0.000000e+00 0.000000e+00 9.999500e-01 4.998123e-05
 0.000000e+00 0.000000e+00 0.000000e+00 0.000000e+00 0.000000e+00 0.000000e+00 0.000000e+00 0.000000e+00 0.000000e+00 0.000000e+00 0.000000e+00 0.000000e+00 0.000000e+00 0.000000e+00
<ENDHMM>
~h "QuintoPRIMARIA"
<BEGINHMM>
<NUMSTATES> 14
<STATE> 2
<NUMMIXES> 13
<MIXTURE> 1 6.507725e-02
<MEAN> 6
 8.917515e+01 4.719752e+02 1.188218e+03 -3.200525e+00 -1.222912e+01 -1.347435e+02
<VARIANCE> 6
 1.300443e+02 1.250663e+05 4.056236e+06 2.593203e+02 1.595152e+04 1.545820e+07
<GCONST> 7.463653e+01
<MIXTURE> 2 6.316809e-02
<MEAN> 6
 2.655325e+01 3.211509e+02 -1.960960e+03 -1.488526e+02 -3.643471e+02 6.083731e+03
<VARIANCE> 6
 2.395867e+03 1.791778e+06 1.500484e+07 5.148350e+04 2.242993e+06 1.073595e+09
<GCONST> 9.599799e+01
<MIXTURE> 3 8.301951e-02
<MEAN> 6
 -4.040017e+01 -2.712312e+02 5.505761e+01 1.749672e+02 6.589633e+02 -2.151613e+03
<VARIANCE> 6
 3.561316e+02 2.357446e+05 1.794755e+06 6.698072e+03 1.393232e+05 4.224538e+07
<GCONST> 8.188658e+01
<MIXTURE> 4 5.808949e-02
<MEAN> 6
 5.366050e+01 3.666214e+01 5.021536e+02 6.467627e+01 -3.806476e+02 3.933734e+02
<VARIANCE> 6
 4.580357e+02 5.099118e+05 2.580932e+06 1.707720e+04 5.581981e+04 2.261126e+07
<GCONST> 8.266920e+01
<MIXTURE> 5 8.737784e-02
<MEAN> 6
 5.483621e+01 7.324731e+01 -9.063524e+02 2.944482e+00 -1.877126e+01 -7.162877e+01
<VARIANCE> 6
 3.937719e+01 1.233136e+05 4.215558e+06 2.593203e+02 1.595152e+04 1.545820e+07
<GCONST> 7.346625e+01
<MIXTURE> 6 1.067929e-01
<MEAN> 6
 4.767289e+00 -1.875731e+02 2.100306e+02 -2.859407e+00 -1.266979e+02 -2.024221e+03
<VARIANCE> 6
 4.927281e+02 1.339484e+05 3.066779e+06 5.436868e+04 1.847114e+05 9.405046e+07
<GCONST> 8.535800e+01
<MIXTURE> 7 9.411492e-02
<MEAN> 6
 -6.643076e+01 -8.819025e+01 -1.049275e+02 4.984067e+00 2.205311e+02 2.923510e+02
<VARIANCE> 6
 1.166159e+02 2.527351e+05 2.331712e+06 9.731366e+02 7.875977e+04 2.898165e+07
<GCONST> 7.822521e+01
<MIXTURE> 8 5.387325e-02
<MEAN> 6
 6.806469e+01 9.834301e+02 6.405485e+02 -3.374168e-02 -1.023668e+01 -5.883453e+01
<VARIANCE> 6
 5.229464e+01 8.100774e+05 2.013623e+06 2.593203e+02 1.595152e+04 1.545820e+07
<GCONST> 7.489351e+01
<MIXTURE> 9 1.023064e-01
<MEAN> 6
 7.574847e+01 -1.763227e+01 -4.029370e+02 -3.311357e+01 -7.820226e+02 -5.138781e+02
<VARIANCE> 6
 4.626671e+02 2.972691e+05 4.799671e+06 2.594121e+04 4.098827e+05 2.006297e+08
<GCONST> 8.735490e+01
<MIXTURE> 10 9.042288e-02
<MEAN> 6
 -5.519401e+01 -2.638103e+02 -5.858099e+02 -9.817921e+01 1.069802e+03 1.183586e+03
<VARIANCE> 6
 2.826592e+02 1.955073e+05 3.326553e+06 1.909865e+04 6.406421e+05 3.468846e+08
<GCONST> 8.676441e+01
<MIXTURE> 11 7.197314e-02
<MEAN> 6
 7.220930e+01 -6.510969e+02 -4.688760e+02 1.234347e+00 -1.542825e+01 -4.200402e+01
<VARIANCE> 6
 1.427068e+02 2.867236e+05 2.056939e+06 2.593203e+02 1.595152e+04 1.545820e+07
<GCONST> 7.488008e+01
<MIXTURE> 12 6.398313e-02
<MEAN> 6
 8.077845e+01 7.743380e+01 2.039407e+03 -3.088326e-01 -2.098251e+01 -1.664346e+02
<VARIANCE> 6
 1.115903e+02 2.421585e+05 2.731462e+06 2.593203e+02 1.595152e+04 1.545820e+07
<GCONST> 7.474882e+01
<MIXTURE> 13 5.952663e-02
<MEAN> 6
 4.918304e+01 -2.253038e+02 -3.306431e+01 4.910540e+01 -4.637137e+02 -1.051829e+03
<VARIANCE> 6
 4.651826e+02 3.380533e+05 2.464655e+06 2.417203e+04 6.366736e+04 2.157855e+07
<GCONST> 8.265981e+01
<STATE> 3
<NUMMIXES> 13
<MIXTURE> 1 6.816560e-02
<MEAN> 6
 7.619358e+01 4.366551e+02 -4.044562e+02 -4.166875e-01 -4.096625e+00 -2.497354e+01
<VARIANCE> 6
 1.197168e+02 1.339492e+06 4.816916e+04 2.593203e+02 1.595152e+04 1.545820e+07
<GCONST> 7.249169e+01
<MIXTURE> 2 7.328349e-02
<MEAN> 6
 -4.561823e+01 2.594678e+01 1.799932e+01 -1.545375e+02 1.682623e+03 4.698741e+03
<VARIANCE> 6
 3.145597e+02 2.994337e+06 6.203572e+05 2.894928e+04 1.335885e+06 1.279823e+09
<GCONST> 9.037711e+01
<MIXTURE> 3 7.288905e-02
<MEAN> 6
 -5.872405e+01 4.462154e+01 -2.175170e+02 1.203896e+01 2.472127e+02 5.678574e+02
<VARIANCE> 6
 1.509110e+02 1.356155e+06 6.055142e+05 9.209930e+02 8.547160e+04 4.310134e+07
<GCONST> 7.923840e+01
<MIXTURE> 4 5.885095e-02
<MEAN> 6
 9.218793e+01 -1.128730e+02 1.054772e+02 5.327576e+01 -1.049027e+03 -8.711570e+02
<VARIANCE> 6
 2.195273e+02 1.115169e+06 1.035173e+06 1.501953e+04 2.445277e+06 2.026579e+09
<GCONST> 8.994972e+01
<MIXTURE> 5 7.947215e-02
<MEAN> 6
 -4.532562e+01 -3.275294e+02 3.680983e+02 1.086782e+02 1.008624e+03 -1.144220e+03
<VARIANCE> 6
 2.706180e+02 2.844522e+05 3.383002e+05 1.709001e+04 1.752752e+05 8.032244e+07
<GCONST> 8.193990e+01
<MIXTURE> 6 1.124345e-01
<MEAN> 6
 4.036629e+01 -7.916677e+02 2.797835e+02 2.135402e+02 -3.881310e+02 -2.275581e+03
<VARIANCE> 6
 5.198951e+02 3.792025e+05 6.330961e+05 6.923849e+03 1.864571e+05 5.790762e+07
<GCONST> 8.233813e+01
<MIXTURE> 7 5.452788e-02
<MEAN> 6
 6.576362e+01 -7.989962e+02 1.292477e+01 8.761848e-01 -9.014781e+00 -1.375769e+02
<VARIANCE> 6
 2.688745e+02 1.834056e+05 1.356501e+04 2.593203e+02 1.595152e+04 1.545820e+07
<GCONST> 7.004523e+01
<MIXTURE> 8 5.420861e-02
<MEAN> 6
 4.468958e+01 4.588080e+02 -4.342899e+02 5.586121e+01 -3.290383e+02 -4.234154e+03
<VARIANCE> 6
 1.411946e+03 3.791679e+06 2.851547e+06 5.123272e+04 8.876603e+05 3.041574e+08
<GCONST> 9.236521e+01
<MIXTURE> 9 8.918771e-02
<MEAN> 6
 8.387000e+01 2.242121e+02 1.413877e+02 -1.592593e+00 -3.293641e+02 5.224773e+01
<VARIANCE> 6
 2.288913e+02 1.014340e+06 2.181691e+05 6.333325e+03 2.411793e+05 1.190898e+08
<GCONST> 8.232555e+01
<MIXTURE> 10 7.486434e-02
<MEAN> 6
 -1.847414e+01 -8.365457e+02 1.092416e+02 1.174200e+02 4.572981e+02 -3.019534e+03
<VARIANCE> 6
 3.827043e+02 9.550022e+05 1.242938e+05 2.426579e+04 9.921649e+04 5.363782e+07
<GCONST> 8.187405e+01
<MIXTURE> 11 1.081834e-01
<MEAN> 6
 2.208453e+01 -3.847363e+02 -2.120141e+02 -2.685811e+02 -4.133359e+02 5.134364e+03
<VARIANCE> 6
 7.384809e+02 1.402653e+06 7.310331e+05 7.587110e+03 5.989765e+05 2.280530e+08
<GCONST> 8.677022e+01
<MIXTURE> 12 8.560556e-02
<MEAN> 6
 7.452802e+01 -6.278630e+01 -1.242024e+02 -7.177165e+01 -6.691189e+02 -1.061790e+03
<VARIANCE> 6
 2.103747e+02 7.712937e+05 2.007442e+05 1.256730e+04 1.548887e+05 4.528345e+07
<GCONST> 8.115953e+01
<MIXTURE> 13 6.816752e-02
<MEAN> 6
 7.342770e+01 5.326597e+01 -4.890737e+02 -2.903169e-01 -1.295562e+01 -2.492924e+01
<VARIANCE> 6
 8.415598e+01 1.251119e+06 3.218083e+04 2.593203e+02 1.595152e+04 1.545820e+07
<GCONST> 7.166763e+01
<STATE> 4
<NUMMIXES> 13
<MIXTURE> 1 4.785836e-02
<MEAN> 6
 7.133905e+01 3.521447e+03 -5.226539e+02 -3.532026e+00 2.424710e+00 1.346759e+01
<VARIANCE> 6
 3.129757e+01 3.232424e+05 1.230786e+04 2.593203e+02 1.595152e+04 1.545820e+07
<GCONST> 6.836398e+01
<MIXTURE> 2 5.303613e-02
<MEAN> 6
 6.358222e+01 -3.558460e+02 -2.320808e+03 -3.941248e+00 -3.951008e+00 -3.189615e+01
<VARIANCE> 6
 3.129757e+01 4.221318e+04 1.230786e+04 2.593203e+02 1.595152e+04 1.545820e+07
<GCONST> 6.632831e+01
<MIXTURE> 3 5.030517e-02
<MEAN> 6
 1.204310e+02 -2.220309e+03 5.143276e+01 -4.496587e-01 -2.555426e+00 -5.049209e+02
<VARIANCE> 6
 3.129757e+01 7.870619e+04 1.320676e+04 2.593203e+02 1.595152e+04 1.545820e+07
<GCONST> 6.702179e+01
<MIXTURE> 4 6.323310e-02
<MEAN> 6
 5.684926e+01 -1.371029e+04 -2.174836e+03 -6.887957e-01 5.367327e+00 5.268761e+01
<VARIANCE> 6
 3.129757e+01 1.362630e+07 1.230786e+04 2.593203e+02 1.595152e+04 1.545820e+07
<GCONST> 7.210533e+01
<MIXTURE> 5 9.228624e-02
<MEAN> 6
 5.833423e+01 1.067961e+03 -1.073766e+03 1.094287e-01 -2.119744e+00 -1.460466e+01
<VARIANCE> 6
 3.129757e+01 1.230843e+04 1.230786e+04 2.593203e+02 1.595152e+04 1.545820e+07
<GCONST> 6.509586e+01
<MIXTURE> 6 3.964297e-02
<MEAN> 6
 5.700636e+01 -7.899864e+03 -1.778511e+03 5.624676e-01 -4.609170e+00 7.702573e+01
<VARIANCE> 6
 3.129757e+01 1.666676e+06 1.814783e+04 2.593203e+02 1.595152e+04 1.545820e+07
<GCONST> 7.039248e+01
<MIXTURE> 7 1.312897e-01
<MEAN> 6
 1.028761e+02 -3.909849e+02 4.227319e+02 -3.241180e+00 1.055465e+01 -6.797058e+01
<VARIANCE> 6
 3.129757e+01 4.021350e+04 1.667826e+06 2.593203e+02 1.595152e+04 1.545820e+07
<GCONST> 7.118881e+01
<MIXTURE> 8 3.446915e-02
<MEAN> 6
 5.849803e+01 9.430168e+02 -1.055587e+03 -2.482472e+00 -2.526188e+01 -2.855458e+02
<VARIANCE> 6
 3.129757e+01 1.794805e+04 1.230786e+04 2.593203e+02 1.595152e+04 1.545820e+07
<GCONST> 6.547306e+01
<MIXTURE> 9 7.751341e-02
<MEAN> 6
 6.707274e+01 4.811427e+03 -7.043845e+02 -6.742403e-01 9.163038e-01 5.792521e+00
<VARIANCE> 6
 3.129757e+01 3.018275e+04 1.230786e+04 2.593203e+02 1.595152e+04 1.545820e+07
<GCONST> 6.599284e+01
<MIXTURE> 10 8.294804e-02
<MEAN> 6
 1.060770e+02 -7.028887e+02 -3.841881e+02 -1.061838e+01 -7.859666e+01 3.171829e+03
<VARIANCE> 6
 1.579113e+02 5.548933e+05 1.166109e+06 2.593203e+02 1.334094e+05 1.352421e+08
<GCONST> 7.936683e+01
<MIXTURE> 11 6.245214e-02
<MEAN> 6
 1.188634e+02 -2.524618e+03 5.975012e+00 -2.321331e+00 -4.042210e-01 1.027581e+02
<VARIANCE> 6
 3.129757e+01 2.056106e+04 1.230786e+04 2.593203e+02 1.595152e+04 1.545820e+07
<GCONST> 6.560898e+01
<MIXTURE> 12 7.166627e-02
<MEAN> 6
 5.753121e+01 -5.009619e+03 -1.944009e+03 -7.164772e-01 -1.096980e+01 -1.903846e+02
<VARIANCE> 6
 3.129757e+01 1.472487e+06 1.230786e+04 2.593203e+02 1.595152e+04 1.545820e+07
<GCONST> 6.988029e+01
<MIXTURE> 13 1.932967e-01
<MEAN> 6
 1.012800e+02 -4.944109e+02 -4.491941e+02 -2.837015e+00 7.471979e-01 1.418882e+01
<VARIANCE> 6
 3.129757e+01 1.230843e+04 1.190417e+05 2.593203e+02 1.595152e+04 1.545820e+07
<GCONST> 6.736510e+01
<STATE> 5
<NUMMIXES> 13
<MIXTURE> 1 5.625554e-02
<MEAN> 6
 6.336292e+01 1.043141e+03 -6.303296e+01 -5.210714e+00 4.977240e+00 1.390762e+01
<VARIANCE> 6
 3.129757e+01 1.214778e+05 1.634307e+04 2.593203e+02 1.595152e+04 1.545820e+07
<GCONST> 6.766888e+01
<MIXTURE> 2 6.969171e-02
<MEAN> 6
 7.154226e+01 4.783999e+02 -1.672240e+02 -1.387766e+00 -2.997288e+00 1.874994e+01
<VARIANCE> 6
 3.129757e+01 1.230843e+04 1.230786e+04 2.593203e+02 1.595152e+04 1.545820e+07
<GCONST> 6.509586e+01
<MIXTURE> 3 7.366519e-02
<MEAN> 6
 6.813213e+01 2.678433e+02 3.716343e+01 -6.817061e-01 1.098012e+01 6.517664e+01
<VARIANCE> 6
 3.129757e+01 1.230843e+04 1.230786e+04 2.593203e+02 1.595152e+04 1.545820e+07
<GCONST> 6.509586e+01
<MIXTURE> 4 4.651614e-02
<MEAN> 6
 3.477341e+01 -4.914591e+02 6.841613e+01 8.718783e+00 -3.981056e+00 -1.128618e+02
<VARIANCE> 6
 9.067347e+01 1.230843e+04 7.761741e+04 2.593203e+02 2.283691e+04 2.077981e+07
<GCONST> 6.865580e+01
<MIXTURE> 5 1.069734e-01
<MEAN> 6
 6.892638e+01 -8.756544e+02 9.611909e+01 4.118017e-01 1.847221e+00 -3.968221e+01
<VARIANCE> 6
 3.129757e+01 1.632145e+04 1.230786e+04 2.593203e+02 1.595152e+04 1.545820e+07
<GCONST> 6.537806e+01
<MIXTURE> 6 9.205580e-02
<MEAN> 6
 7.067919e+01 -6.106812e+02 1.499241e+02 -6.808605e-01 -4.521164e-01 -6.803735e+01
<VARIANCE> 6
 3.129757e+01 1.230843e+04 1.230786e+04 2.593203e+02 1.595152e+04 1.545820e+07
<GCONST> 6.509586e+01
<MIXTURE> 7 8.292507e-02
<MEAN> 6
 5.836325e+01 -1.105943e+03 4.876874e+02 6.347453e+00 -1.069886e+01 1.957878e+01
<VARIANCE> 6
 5.102398e+01 1.230843e+04 1.230786e+04 2.593203e+02 1.595152e+04 1.545820e+07
<GCONST> 6.558462e+01
<MIXTURE> 8 4.232843e-02
<MEAN> 6
 6.929010e+01 -6.568876e+02 1.135332e+02 -1.134132e+00 -7.651186e+00 3.687803e+01
<VARIANCE> 6
 3.129757e+01 7.916023e+04 1.230786e+04 2.593203e+02 1.595152e+04 1.545820e+07
<GCONST> 6.695705e+01
<MIXTURE> 9 9.590356e-02
<MEAN> 6
 6.244505e+01 2.094198e+02 -1.162158e+02 -1.030940e+00 4.798121e+00 -2.487397e+01
<VARIANCE> 6
 3.129757e+01 1.230843e+04 1.230786e+04 2.593203e+02 1.595152e+04 1.545820e+07
<GCONST> 6.509586e+01
<MIXTURE> 10 9.045617e-02
<MEAN> 6
 5.652998e+01 2.780971e+02 -1.627232e+02 -5.509161e-01 2.665727e+00 -2.599222e+01
<VARIANCE> 6
 3.129757e+01 1.230843e+04 1.230786e+04 2.593203e+02 1.595152e+04 1.545820e+07
<GCONST> 6.509586e+01
<MIXTURE> 11 8.176634e-02
<MEAN> 6
 6.594789e+01 2.055729e+02 -7.413959e+00 -2.383977e-01 1.027423e+01 -1.575788e+01
<VARIANCE> 6
 3.129757e+01 1.230843e+04 1.230786e+04 2.593203e+02 1.595152e+04 1.545820e+07
<GCONST> 6.509586e+01
<MIXTURE> 12 9.227753e-02
<MEAN> 6
 7.066665e+01 -6.122038e+02 1.481641e+02 -6.624918e-01 -4.492950e-01 -6.927749e+01
<VARIANCE> 6
 3.129757e+01 1.230843e+04 1.230786e+04 2.593203e+02 1.595152e+04 1.545820e+07
<GCONST> 6.509586e+01
<MIXTURE> 13 6.917543e-02
<MEAN> 6
 7.131424e+01 4.672771e+02 -1.685127e+02 -1.505499e+00 -6.069582e+00 8.740711e+00
<VARIANCE> 6
 3.129757e+01 1.230843e+04 1.230786e+04 2.593203e+02 1.595152e+04 1.545820e+07
<GCONST> 6.509586e+01
<STATE> 6
<NUMMIXES> 13
<MIXTURE> 1 6.206134e-02
<MEAN> 6
 5.163776e+01 2.292895e+03 2.605428e+03 2.931643e-01 -6.276477e+00 5.419324e+01
<VARIANCE> 6
 3.129757e+01 2.366607e+04 2.539667e+04 2.593203e+02 1.595152e+04 1.545820e+07
<GCONST> 6.647400e+01
<MIXTURE> 2 6.847832e-02
<MEAN> 6
 9.962338e+01 1.267252e+03 2.279415e+03 -2.429394e+00 7.788258e+00 8.797462e+01
<VARIANCE> 6
 3.129757e+01 9.513141e+04 2.266913e+05 2.593203e+02 1.595152e+04 1.545820e+07
<GCONST> 7.005418e+01
<MIXTURE> 3 6.700442e-02
<MEAN> 6
 8.453230e+01 -4.257182e+02 1.448389e+03 -3.943532e+00 1.817396e+00 5.402367e+00
<VARIANCE> 6
 3.129757e+01 1.230843e+04 1.230786e+04 2.593203e+02 1.595152e+04 1.545820e+07
<GCONST> 6.509586e+01
<MIXTURE> 4 1.030851e-01
<MEAN> 6
 1.012803e+02 9.989634e+02 2.439341e+02 -2.636449e+00 3.041710e+00 3.621429e+01
<VARIANCE> 6
 3.129757e+01 1.230843e+04 1.230786e+04 2.593203e+02 1.595152e+04 1.545820e+07
<GCONST> 6.509586e+01
<MIXTURE> 5 6.109070e-02
<MEAN> 6
 9.671246e+01 3.790487e+02 8.203183e+01 -5.009667e-01 -8.664714e+00 -1.174708e+02
<VARIANCE> 6
 8.755064e+01 2.748469e+04 4.608008e+05 2.593203e+02 1.595152e+04 1.545820e+07
<GCONST> 7.055061e+01
<MIXTURE> 6 1.033426e-01
<MEAN> 6
 9.718853e+01 9.982700e+01 3.347933e+03 -6.436141e+00 -6.285742e+00 7.143563e+01
<VARIANCE> 6
 3.424042e+01 3.734023e+04 1.230786e+04 2.593203e+02 1.595152e+04 1.545820e+07
<GCONST> 6.629551e+01
<MIXTURE> 7 7.000898e-02
<MEAN> 6
 9.817313e+01 6.850858e+02 -1.917786e+03 1.544413e+00 3.488619e-01 1.498676e+01
<VARIANCE> 6
 3.129757e+01 1.230843e+04 2.878472e+04 2.593203e+02 1.595152e+04 1.545820e+07
<GCONST> 6.594547e+01
<MIXTURE> 8 6.835469e-02
<MEAN> 6
 1.103772e+02 6.380943e+02 3.544980e+02 -5.737004e+00 3.968687e+00 -2.618597e+01
<VARIANCE> 6
 4.409822e+01 1.230843e+04 1.308694e+04 2.593203e+02 1.595152e+04 1.545820e+07
<GCONST> 6.550011e+01
<MIXTURE> 9 8.252828e-02
<MEAN> 6
 9.917236e+01 4.994742e+02 -7.713818e+02 -4.425251e+00 2.077306e+00 5.279668e+01
<VARIANCE> 6
 3.129757e+01 1.230843e+04 2.949483e+05 2.593203e+02 1.595152e+04 1.545820e+07
<GCONST> 6.827242e+01
<MIXTURE> 10 9.296762e-02
<MEAN> 6
 9.087417e+01 4.814555e+02 2.058665e+03 2.393872e-01 -4.885888e+00 -3.444757e+01
<VARIANCE> 6
 3.129757e+01 1.407854e+04 3.195435e+04 2.593203e+02 1.595152e+04 1.545820e+07
<GCONST> 6.618430e+01
<MIXTURE> 11 7.824468e-02
<MEAN> 6
 9.232652e+01 7.466689e+02 -2.780629e+03 -3.395700e+00 2.509034e+00 -1.083238e+02
<VARIANCE> 6
 3.129757e+01 1.230843e+04 3.455327e+05 2.593203e+02 1.595152e+04 1.545820e+07
<GCONST> 6.843071e+01
<MIXTURE> 12 7.382639e-02
<MEAN> 6
 1.008644e+02 4.740062e+02 -1.228794e+03 -4.993389e+00 3.958197e+00 4.201530e+01
<VARIANCE> 6
 3.129757e+01 1.230843e+04 2.322215e+05 2.593203e+02 1.595152e+04 1.545820e+07
<GCONST> 6.803331e+01
<MIXTURE> 13 6.898927e-02
<MEAN> 6
 1.009217e+02 1.041138e+03 2.043633e+03 -2.418901e+00 -8.916901e+00 -5.919898e+01
<VARIANCE> 6
 3.129757e+01 1.786849e+05 2.531350e+05 2.593203e+02 1.595152e+04 1.545820e+07
<GCONST> 7.079488e+01
<STATE> 7
<NUMMIXES> 13
<MIXTURE> 1 1.012098e-01
<MEAN> 6
 7.676439e+01 1.944069e+03 5.013575e+02 -5.969213e+00 1.295471e+01 8.448519e+00
<VARIANCE> 6
 4.794863e+01 4.427482e+05 2.944872e+04 2.593203e+02 1.688522e+04 1.545820e+07
<GCONST> 7.003446e+01
<MIXTURE> 2 7.627884e-02
<MEAN> 6
 7.813007e+01 6.946715e+02 -8.486758e+02 -9.376588e-01 -4.794577e-01 -8.090036e+00
<VARIANCE> 6
 3.129757e+01 1.230843e+04 1.230786e+04 2.593203e+02 1.595152e+04 1.545820e+07
<GCONST> 6.509586e+01
<MIXTURE> 3 7.845736e-02
<MEAN> 6
 8.197240e+01 3.189216e+02 -6.499633e+02 -4.898976e-01 -2.463259e+00 -1.365845e+02
<VARIANCE> 6
 3.129757e+01 1.230843e+04 1.789828e+04 2.593203e+02 1.595152e+04 1.545820e+07
<GCONST> 6.547033e+01
<MIXTURE> 4 5.470878e-02
<MEAN> 6
 7.063230e+01 4.015871e+02 -1.267574e+03 -2.023188e+00 1.018245e+00 2.053013e+00
<VARIANCE> 6
 3.129757e+01 1.230843e+04 1.301720e+04 2.593203e+02 1.595152e+04 1.545820e+07
<GCONST> 6.515189e+01
<MIXTURE> 5 1.331248e-01
<MEAN> 6
 7.179959e+01 1.011280e+03 -3.019211e+02 -2.051177e-01 -1.605540e+00 -1.057138e+01
<VARIANCE> 6
 3.129757e+01 2.112011e+04 1.230786e+04 2.593203e+02 1.595152e+04 1.545820e+07
<GCONST> 6.563580e+01
<MIXTURE> 6 3.321939e-02
<MEAN> 6
 7.676517e+01 9.849675e+02 1.244938e+03 -2.940964e+00 -1.150747e+01 7.177089e+02
<VARIANCE> 6
 3.129757e+01 2.602389e+04 2.124242e+05 2.593203e+02 1.595152e+04 1.545820e+07
<GCONST> 6.869294e+01
<MIXTURE> 7 9.603216e-02
<MEAN> 6
 8.098056e+01 -4.707365e+02 -1.355198e+03 -2.751952e+00 1.745054e+00 1.786004e+01
<VARIANCE> 6
 3.129757e+01 1.554211e+04 3.169209e+04 2.593203e+02 1.595152e+04 1.545820e+07
<GCONST> 6.627496e+01
<MIXTURE> 8 6.695717e-02
<MEAN> 6
 7.812425e+01 1.230673e+03 -1.362461e+03 -3.190039e+00 -1.532302e+00 3.949142e+00
<VARIANCE> 6
 3.129757e+01 1.230843e+04 1.287312e+05 2.593203e+02 1.595152e+04 1.545820e+07
<GCONST> 6.744335e+01
<MIXTURE> 9 7.058449e-02
<MEAN> 6
 6.431236e+01 4.843224e+02 -8.560912e+02 -7.476903e-01 -1.253135e+00 5.988345e+00
<VARIANCE> 6
 3.129757e+01 1.230843e+04 1.230786e+04 2.593203e+02 1.595152e+04 1.545820e+07
<GCONST> 6.509586e+01
<MIXTURE> 10 6.555736e-02
<MEAN> 6
 7.133911e+01 7.486638e+02 8.128885e+02 -2.919700e+00 1.987316e+00 6.188976e+01
<VARIANCE> 6
 3.129757e+01 1.230843e+04 1.015399e+05 2.593203e+02 1.595152e+04 1.545820e+07
<GCONST> 6.720607e+01
<MIXTURE> 11 7.875802e-02
<MEAN> 6
 8.230015e+01 3.010501e+02 -7.792911e+02 -2.718194e+00 -5.115066e-01 -3.582237e+01
<VARIANCE> 6
 3.129757e+01 1.230843e+04 1.291653e+04 2.593203e+02 1.595152e+04 1.545820e+07
<GCONST> 6.514413e+01
<MIXTURE> 12 7.730800e-02
<MEAN> 6
 7.804146e+01 6.779647e+02 -8.597866e+02 -6.594926e-01 -5.400029e-01 -1.389674e+01
<VARIANCE> 6
 3.129757e+01 1.230843e+04 1.230786e+04 2.593203e+02 1.595152e+04 1.545820e+07
<GCONST> 6.509586e+01
<MIXTURE> 13 6.779174e-02
<MEAN> 6
 7.784030e+01 1.233171e+03 -1.428481e+03 -3.363388e+00 1.873928e-01 2.232419e+00
<VARIANCE> 6
 3.129757e+01 1.230843e+04 1.098886e+05 2.593203e+02 1.595152e+04 1.545820e+07
<GCONST> 6.728509e+01
<STATE> 8
<NUMMIXES> 13
<MIXTURE> 1 8.670615e-02
<MEAN> 6
 6.123922e+01 1.672741e+00 1.411302e+02 1.019641e+00 -3.050823e-01 -5.965635e+01
<VARIANCE> 6
 3.129757e+01 1.262851e+04 1.351937e+04 2.593203e+02 1.595152e+04 1.545820e+07
<GCONST> 6.521542e+01
<MIXTURE> 2 8.394022e-02
<MEAN> 6
 5.687598e+01 2.602753e+01 3.740511e+02 1.600578e-01 2.424920e-01 -5.189673e+01
<VARIANCE> 6
 3.129757e+01 1.230843e+04 1.230786e+04 2.593203e+02 1.595152e+04 1.545820e+07
<GCONST> 6.509586e+01
<MIXTURE> 3 4.666098e-02
<MEAN> 6
 5.840183e+01 -2.387387e+02 8.760882e+02 -1.901944e-01 -3.213570e+00 -5.855732e+01
<VARIANCE> 6
 3.129757e+01 1.230843e+04 1.230786e+04 2.593203e+02 1.595152e+04 1.545820e+07
<GCONST> 6.509586e+01
<MIXTURE> 4 1.142112e-02
<MEAN> 6
 6.045059e+01 -7.042422e+01 7.248364e+01 2.433649e-01 1.397604e+01 1.118741e+02
<VARIANCE> 6
 8.975686e+01 1.458852e+05 1.554807e+05 2.593203e+02 1.595152e+04 1.545820e+07
<GCONST> 7.115824e+01
<MIXTURE> 5 7.169858e-02
<MEAN> 6
 6.194419e+01 -1.015653e+02 -3.505222e+02 4.263227e-01 -7.548261e-02 -4.847054e+01
<VARIANCE> 6
 3.129757e+01 1.272621e+04 1.230786e+04 2.593203e+02 1.595152e+04 1.545820e+07
<GCONST> 6.512924e+01
<MIXTURE> 6 6.152636e-02
<MEAN> 6
 6.069002e+01 -2.417197e+01 1.674115e+02 5.383419e-01 -4.716685e-01 -4.786342e+01
<VARIANCE> 6
 3.129757e+01 1.230843e+04 2.329100e+04 2.593203e+02 1.595152e+04 1.545820e+07
<GCONST> 6.573369e+01
<MIXTURE> 7 8.908648e-02
<MEAN> 6
 6.359577e+01 1.043575e+02 -5.395115e+02 -1.421927e-01 -1.844038e+00 -8.806376e+01
<VARIANCE> 6
 3.129757e+01 1.230843e+04 1.860924e+04 2.593203e+02 1.595152e+04 1.545820e+07
<GCONST> 6.550928e+01
<MIXTURE> 8 1.259086e-01
<MEAN> 6
 5.755507e+01 -5.555123e+01 -1.566556e+01 4.040930e-01 -2.514171e+00 -7.919040e+01
<VARIANCE> 6
 3.129757e+01 1.230843e+04 1.230786e+04 2.593203e+02 1.595152e+04 1.545820e+07
<GCONST> 6.509586e+01
<MIXTURE> 9 3.568254e-02
<MEAN> 6
 6.286404e+01 -5.268188e+01 -5.188005e+02 -1.282910e-01 -1.409323e+00 -7.143130e+01
<VARIANCE> 6
 3.129757e+01 2.225621e+04 2.439214e+04 2.593203e+02 1.595152e+04 1.545820e+07
<GCONST> 6.637222e+01
<MIXTURE> 10 1.124808e-01
<MEAN> 6
 6.259480e+01 -1.736709e+02 -6.181223e+02 -4.658503e-01 -1.205073e+00 -7.397778e+01
<VARIANCE> 6
 3.129757e+01 1.230843e+04 1.865515e+04 2.593203e+02 1.595152e+04 1.545820e+07
<GCONST> 6.551174e+01
<MIXTURE> 11 1.187679e-01
<MEAN> 6
 5.774608e+01 -1.227633e+02 -4.288553e+01 4.686010e-01 -1.138541e+00 -5.357730e+01
<VARIANCE> 6
 3.129757e+01 1.437879e+04 1.230786e+04 2.593203e+02 1.595152e+04 1.545820e+07
<GCONST> 6.525133e+01
<MIXTURE> 12 8.376102e-02
<MEAN> 6
 5.705754e+01 2.931766e+01 3.663208e+02 1.928906e-01 3.182875e-01 -5.284773e+01
<VARIANCE> 6
 3.129757e+01 1.230843e+04 1.230786e+04 2.593203e+02 1.595152e+04 1.545820e+07
<GCONST> 6.509586e+01
<MIXTURE> 13 7.229977e-02
<MEAN> 6
 6.118197e+01 -1.548321e+02 -3.509767e+02 2.733372e-01 -8.652527e-01 -4.637849e+01
<VARIANCE> 6
 3.129757e+01 1.350346e+04 1.230786e+04 2.593203e+02 1.595152e+04 1.545820e+07
<GCONST> 6.518852e+01
<STATE> 9
<NUMMIXES> 13
<MIXTURE> 1 1.206390e-01
<MEAN> 6
 8.330260e+01 3.889947e+02 2.320252e+02 -4.751074e-01 6.892020e-01 -1.704854e+01
<VARIANCE> 6
 3.129757e+01 1.230843e+04 1.230786e+04 2.593203e+02 1.595152e+04 1.545820e+07
<GCONST> 6.509586e+01
<MIXTURE> 2 1.413408e-02
<MEAN> 6
 -8.570985e+00 -2.643085e+03 -1.740258e+03 -1.515098e+02 -7.158167e+00 5.291956e+03
<VARIANCE> 6
 2.871568e+03 6.342124e+05 3.169309e+05 4.156500e+03 8.539764e+05 3.633082e+08
<GCONST> 8.671730e+01
<MIXTURE> 3 8.543045e-02
<MEAN> 6
 8.466565e+01 4.022388e+01 -1.992279e+02 -5.498496e-02 -8.016835e+00 -6.315601e+01
<VARIANCE> 6
 3.129757e+01 1.230843e+04 1.230786e+04 2.593203e+02 1.595152e+04 1.545820e+07
<GCONST> 6.509586e+01
<MIXTURE> 4 7.673013e-02
<MEAN> 6
 7.263809e+01 2.209903e+02 7.337318e+02 1.109631e+00 2.614697e+00 -7.985741e+01
<VARIANCE> 6
 3.129757e+01 1.230843e+04 1.230786e+04 2.593203e+02 1.595152e+04 1.545820e+07
<GCONST> 6.509586e+01
<MIXTURE> 5 1.159921e-01
<MEAN> 6
 7.613962e+01 -1.455021e+02 -1.222449e+02 -8.257343e-01 -8.334993e-01 -5.826060e+01
<VARIANCE> 6
 3.129757e+01 1.230843e+04 1.230786e+04 2.593203e+02 1.595152e+04 1.545820e+07
<GCONST> 6.509586e+01
<MIXTURE> 6 4.472812e-02
<MEAN> 6
 7.853073e+01 1.589395e+02 1.497045e+02 1.787777e+00 -8.191749e+00 -1.809457e+02
<VARIANCE> 6
 3.129757e+01 1.230843e+04 1.230786e+04 2.593203e+02 1.595152e+04 1.545820e+07
<GCONST> 6.509586e+01
<MIXTURE> 7 6.320675e-02
<MEAN> 6
 8.508659e+01 5.191335e+01 -1.913512e+02 -8.974512e-02 -5.613338e+00 -3.840822e+01
<VARIANCE> 6
 3.129757e+01 1.230843e+04 1.230786e+04 2.593203e+02 1.595152e+04 1.545820e+07
<GCONST> 6.509586e+01
<MIXTURE> 8 6.187315e-02
<MEAN> 6
 7.825860e+01 4.397928e+00 4.983200e+02 -1.742463e+00 4.337399e+00 -1.041141e+02
<VARIANCE> 6
 3.129757e+01 1.230843e+04 1.230786e+04 2.593203e+02 1.595152e+04 1.545820e+07
<GCONST> 6.509586e+01
<MIXTURE> 9 1.253807e-01
<MEAN> 6
 7.229478e+01 -2.343105e+02 -1.576241e+02 -7.057305e-01 3.393451e+00 -9.757905e+01
<VARIANCE> 6
 3.129757e+01 1.230843e+04 1.230786e+04 2.593203e+02 1.595152e+04 1.545820e+07
<GCONST> 6.509586e+01
<MIXTURE> 10 8.566672e-02
<MEAN> 6
 8.464806e+01 3.942479e+01 -1.990164e+02 -6.086086e-02 -7.915090e+00 -6.382581e+01
<VARIANCE> 6
 3.129757e+01 1.230843e+04 1.230786e+04 2.593203e+02 1.595152e+04 1.545820e+07
<GCONST> 6.509586e+01
<MIXTURE> 11 7.364377e-02
<MEAN> 6
 7.719142e+01 1.168308e+02 1.139023e+02 2.500751e+00 -1.186880e+01 -2.929689e+02
<VARIANCE> 6
 3.129757e+01 1.230843e+04 1.230786e+04 2.593203e+02 1.595152e+04 1.545820e+07
<GCONST> 6.509586e+01
<MIXTURE> 12 6.951746e-02
<MEAN> 6
 7.077406e+01 1.370212e+02 7.045272e+02 1.977515e-01 2.511988e+00 -1.100864e-01
<VARIANCE> 6
 3.129757e+01 3.588450e+04 2.789045e+04 2.593203e+02 1.595152e+04 1.545820e+07
<GCONST> 6.698392e+01
<MIXTURE> 13 6.303433e-02
<MEAN> 6
 8.412221e+01 2.146127e+01 -2.044242e+02 -8.786079e-02 -1.073230e+01 -9.851398e+01
<VARIANCE> 6
 3.129757e+01 1.230843e+04 1.230786e+04 2.593203e+02 1.595152e+04 1.545820e+07
<GCONST> 6.509586e+01
<STATE> 10
<NUMMIXES> 13
<MIXTURE> 1 8.129484e-02
<MEAN> 6
 5.823856e+01 2.734664e+02 -7.009197e+02 -9.881321e+01 -1.051143e+03 -4.748655e+03
<VARIANCE> 6
 4.686866e+01 1.681451e+05 3.133662e+04 1.392037e+03 1.007321e+05 5.658878e+07
<GCONST> 7.386980e+01
<MIXTURE> 2 7.318126e-02
<MEAN> 6
 7.867033e+01 1.430094e+02 8.184682e+01 -2.934993e+01 -6.319094e+02 -5.867479e+03
<VARIANCE> 6
 3.129757e+01 3.873575e+04 2.177745e+05 5.815131e+02 3.958460e+04 1.545820e+07
<GCONST> 7.083202e+01
<MIXTURE> 3 3.637592e-02
<MEAN> 6
 4.782550e+01 -3.384438e+02 6.906819e+02 -8.781408e+01 -3.528918e+02 1.275940e+03
<VARIANCE> 6
 3.940009e+02 3.335658e+05 2.842828e+05 1.277507e+03 8.411049e+04 3.752862e+07
<GCONST> 7.821210e+01
<MIXTURE> 4 9.549669e-02
<MEAN> 6
 4.862072e+01 3.447848e+01 1.521869e+02 -8.416178e+01 -7.657148e+02 -2.007753e+03
<VARIANCE> 6
 3.129757e+01 1.230843e+04 3.843009e+04 8.065266e+02 1.368610e+05 2.487067e+07
<GCONST> 6.999409e+01
<MIXTURE> 5 8.331151e-02
<MEAN> 6
 6.850630e+01 -4.595166e+01 -2.243224e+01 -8.679211e+00 -5.277412e+02 -1.483829e+04
<VARIANCE> 6
 4.878391e+01 1.364481e+05 2.912406e+04 2.676325e+02 6.858402e+04 2.324928e+07
<GCONST> 7.070490e+01
<MIXTURE> 6 7.857958e-02
<MEAN> 6
 3.956990e+01 -6.072017e+01 -8.718248e+01 -1.506063e+02 -5.530731e+02 4.162180e+02
<VARIANCE> 6
 1.923390e+02 1.574338e+04 1.733147e+04 1.004540e+03 4.026973e+04 4.199621e+07
<GCONST> 7.077971e+01
<MIXTURE> 7 9.078050e-02
<MEAN> 6
 6.910863e+01 -1.098846e+02 3.913913e+01 -1.156309e+02 -1.201762e+03 -4.484181e+03
<VARIANCE> 6
 4.263980e+01 3.346819e+05 3.604258e+04 1.698339e+03 7.262367e+04 1.640527e+07
<GCONST> 7.323701e+01
<MIXTURE> 8 8.013106e-02
<MEAN> 6
 6.123042e+01 1.697369e-01 -1.611982e+02 -1.438063e+01 -3.799986e+02 -7.571930e+03
<VARIANCE> 6
 3.129757e+01 2.170958e+04 1.312720e+05 2.593203e+02 1.595152e+04 1.545820e+07
<GCONST> 6.803036e+01
<MIXTURE> 9 1.115816e-01
<MEAN> 6
 7.116816e+01 -3.443105e+01 -1.189151e+02 -4.390139e+01 -1.174680e+03 -2.248872e+04
<VARIANCE> 6
 1.503090e+02 4.347824e+04 4.502189e+04 4.039894e+02 1.204755e+05 1.155920e+08
<GCONST> 7.370105e+01
<MIXTURE> 10 7.148292e-02
<MEAN> 6
 3.954128e+01 -1.424172e+02 -8.499155e+01 -1.834234e+02 -1.117331e+03 -4.094555e+03
<VARIANCE> 6
 6.625621e+01 1.989586e+04 2.167155e+05 6.384766e+02 1.155011e+05 4.648104e+07
<GCONST> 7.317607e+01
<MIXTURE> 11 6.422960e-02
<MEAN> 6
 6.546238e+01 3.798431e+01 -1.220061e+01 -1.120908e+02 -1.921243e+03 -1.408275e+04
<VARIANCE> 6
 1.015947e+02 2.357333e+04 4.027359e+04 9.593395e+02 1.567678e+05 1.531101e+08
<GCONST> 7.399501e+01
<MIXTURE> 12 7.553723e-02
<MEAN> 6
 5.742922e+01 -1.516406e+01 -1.409744e+01 -3.431457e+01 -5.746811e+02 -6.530312e+03
<VARIANCE> 6
 3.129757e+01 2.097230e+04 1.864685e+05 2.593203e+02 1.924028e+04 1.545820e+07
<GCONST> 6.853426e+01
<MIXTURE> 13 5.799829e-02
<MEAN> 6
 6.669738e+01 -6.536934e+01 -1.378451e+02 -1.322660e+02 -2.408008e+03 -2.051206e+04
<VARIANCE> 6
 1.689871e+02 3.685823e+04 5.072493e+04 1.476402e+03 4.005252e+05 1.792302e+08
<GCONST> 7.670818e+01
<STATE> 11
<NUMMIXES> 13
<MIXTURE> 1 3.291160e-02
<MEAN> 6
 6.882391e+01 4.197598e+02 2.323714e+03 -1.090478e+01 6.992925e+01 -5.490204e+02
<VARIANCE> 6
 8.642908e+01 8.870197e+04 1.841837e+06 2.222084e+03 3.250234e+05 2.486191e+08
<GCONST> 8.103519e+01
<MIXTURE> 2 5.478482e-02
<MEAN> 6
 5.788534e+01 6.356617e+01 -3.583364e+01 -2.234393e+02 -2.165290e+03 3.726970e+03
<VARIANCE> 6
 9.775958e+01 5.338497e+04 6.638431e+04 1.943765e+03 3.874608e+05 8.030197e+07
<GCONST> 7.623933e+01
<MIXTURE> 3 7.740388e-02
<MEAN> 6
 4.536605e+01 2.883925e+02 -2.259244e+02 -2.422555e+02 -1.140344e+03 5.711199e+03
<VARIANCE> 6
 8.972643e+01 3.101513e+05 3.363340e+05 1.965117e+03 1.778066e+05 3.636612e+07
<GCONST> 7.797562e+01
<MIXTURE> 4 5.773257e-02
<MEAN> 6
 4.458691e+01 -1.774580e+02 -1.557112e+02 -3.542100e+02 -1.979865e+03 2.200842e+04
<VARIANCE> 6
 2.039484e+02 2.879158e+05 1.441814e+05 5.588802e+03 5.422124e+05 1.777009e+08
<GCONST> 8.162193e+01
<MIXTURE> 5 7.159118e-02
<MEAN> 6
 -4.726040e+01 3.925685e+02 1.130160e+02 -3.386924e+02 2.942848e+03 2.430961e+04
<VARIANCE> 6
 3.022362e+02 1.071831e+06 3.065680e+05 2.063067e+04 2.975125e+06 2.971876e+09
<GCONST> 8.990934e+01
<MIXTURE> 6 1.021808e-01
<MEAN> 6
 2.411467e+01 4.724794e+01 -2.648507e+01 -3.293702e+02 -7.851452e+02 1.055979e+04
<VARIANCE> 6
 8.926476e+01 1.587991e+05 4.759754e+05 4.517048e+03 2.368869e+05 1.123718e+08
<GCONST> 7.989566e+01
<MIXTURE> 7 6.044417e-02
<MEAN> 6
 -4.144827e-01 -1.608725e+02 -4.404274e+01 -2.423769e+02 2.749178e+02 8.748527e+03
<VARIANCE> 6
 2.212988e+02 6.015969e+04 2.049369e+04 9.893734e+02 3.548242e+05 1.469862e+08
<GCONST> 7.584171e+01
<MIXTURE> 8 8.662201e-02
<MEAN> 6
 -1.946470e+01 3.277100e+01 -1.554716e+01 -3.612270e+02 1.240365e+03 3.734317e+04
<VARIANCE> 6
 2.664630e+02 1.177021e+05 6.479270e+05 5.767824e+03 1.083419e+06 3.817096e+08
<GCONST> 8.398579e+01
<MIXTURE> 9 9.979530e-02
<MEAN> 6
 -4.900863e+01 4.897693e+01 1.109434e+02 -9.818777e+01 1.680067e+03 -1.412656e+04
<VARIANCE> 6
 4.356775e+02 5.601068e+04 1.500328e+05 7.067137e+03 9.010238e+05 4.680717e+08
<GCONST> 8.249471e+01
<MIXTURE> 10 1.086529e-01
<MEAN> 6
 -2.981769e+01 -3.132989e+01 -5.525460e+02 -1.332557e+02 1.112590e+03 6.940826e+02
<VARIANCE> 6
 1.651983e+02 3.442361e+04 3.630003e+05 1.405367e+04 6.599009e+05 1.031767e+08
<GCONST> 8.078551e+01
<MIXTURE> 11 7.008250e-02
<MEAN> 6
 8.723227e+00 -3.253263e+01 -2.773251e+02 -3.598321e+02 -9.662169e+02 -4.211196e+03
<VARIANCE> 6
 1.889841e+02 1.944011e+05 2.511692e+05 5.980420e+03 3.654581e+05 7.589048e+07
<GCONST> 8.053044e+01
<MIXTURE> 12 8.153896e-02
<MEAN> 6
 -5.637314e+00 -1.148249e+02 -1.323565e+02 -4.130400e+02 -1.249109e+02 2.571597e+04
<VARIANCE> 6
 2.462243e+02 2.936631e+05 1.562204e+05 2.512961e+03 4.815390e+05 3.640498e+08
<GCONST> 8.170948e+01
<MIXTURE> 13 9.624687e-02
<MEAN> 6
 -5.526723e+01 -9.699423e+01 -5.294897e+01 -1.122188e+02 1.804540e+03 -1.745377e+04
<VARIANCE> 6
 3.323835e+02 7.268210e+04 1.947328e+05 6.839178e+03 9.296966e+05 4.829079e+08
<GCONST> 8.277515e+01
<STATE> 12
<NUMMIXES> 13
<MIXTURE> 1 4.762878e-03
<MEAN> 6
 5.472036e+01 5.559310e+01 2.922781e+03 -8.844791e+00 1.814971e+01 7.568978e+01
<VARIANCE> 6
 3.129757e+01 1.840924e+04 7.841670e+04 2.593203e+02 2.579795e+04 1.545820e+07
<GCONST> 6.783096e+01
<MIXTURE> 2 3.400502e-02
<MEAN> 6
 1.255489e+01 5.318005e+02 2.875443e+02 -2.432014e+02 -4.648901e+01 3.820290e+03
<VARIANCE> 6
 1.119874e+03 2.210128e+06 7.851832e+05 8.445671e+03 4.634471e+05 1.298336e+08
<GCONST> 8.700009e+01
<MIXTURE> 3 9.358823e-02
<MEAN> 6
 -3.287581e+01 -1.858379e+01 1.355323e+02 2.319015e+02 1.008820e+03 -3.600500e+03
<VARIANCE> 6
 2.497748e+02 3.193247e+05 2.414169e+05 6.132291e+03 2.177917e+05 7.714799e+07
<GCONST> 8.078992e+01
<MIXTURE> 4 8.551668e-02
<MEAN> 6
 8.211295e+01 4.731416e+02 3.246219e+02 -8.977731e+00 -2.415223e+01 -2.677892e+02
<VARIANCE> 6
 4.757653e+01 7.952264e+05 5.410120e+05 2.593203e+02 1.645923e+04 1.545820e+07
<GCONST> 7.349754e+01
<MIXTURE> 5 6.959390e-02
<MEAN> 6
 -5.888210e+01 5.616609e+02 2.598791e+02 3.362906e+01 5.916364e+02 4.344402e+02
<VARIANCE> 6
 8.816758e+01 1.323578e+06 8.455541e+05 5.079669e+03 1.897896e+05 5.468231e+07
<GCONST> 8.175382e+01
<MIXTURE> 6 8.602937e-02
<MEAN> 6
 9.212305e+01 3.138392e+02 2.267907e+02 2.448501e+01 -1.196324e+03 1.974406e+03
<VARIANCE> 6
 1.445570e+02 8.699084e+05 7.861024e+05 1.435167e+04 1.080157e+06 6.243637e+08
<GCONST> 8.696841e+01
<MIXTURE> 7 6.513298e-02
<MEAN> 6
 2.804670e+01 5.469328e+02 1.942883e+02 2.656801e+02 -2.532422e+02 -4.210876e+03
<VARIANCE> 6
 6.157704e+02 1.521966e+06 6.911008e+05 6.121335e+03 2.443572e+05 1.025732e+08
<GCONST> 8.470370e+01
<MIXTURE> 8 1.197933e-01
<MEAN> 6
 8.235983e+01 5.929558e+01 -3.491823e+01 6.456089e+00 -6.080975e+02 -2.688209e+03
<VARIANCE> 6
 7.701338e+01 1.799211e+05 1.794300e+05 1.334866e+04 2.761938e+05 9.691179e+07
<GCONST> 7.998640e+01
<MIXTURE> 9 9.548863e-02
<MEAN> 6
 -5.390464e+01 -9.557668e+01 1.983465e+02 -1.146669e+02 1.507256e+03 9.068843e+02
<VARIANCE> 6
 1.862960e+02 3.286212e+05 2.952266e+05 2.094003e+04 6.213241e+05 5.273794e+08
<GCONST> 8.492522e+01
<MIXTURE> 10 8.602117e-02
<MEAN> 6
 6.242595e+01 -3.445874e+01 9.171280e+00 -6.798553e+01 -9.827669e+02 1.736298e+03
<VARIANCE> 6
 1.189340e+02 3.373732e+05 1.439113e+05 4.420561e+04 2.147526e+05 6.232663e+07
<GCONST> 8.133347e+01
<MIXTURE> 11 1.023205e-01
<MEAN> 6
 5.606740e+00 -1.285332e+02 1.410365e+02 -3.100204e+02 -2.748406e+01 7.675279e+03
<VARIANCE> 6
 6.547534e+02 1.901474e+05 1.646246e+05 4.345458e+03 5.107262e+05 2.765385e+08
<GCONST> 8.263683e+01
<MIXTURE> 12 9.094080e-02
<MEAN> 6
 -6.537477e+01 1.499384e+02 8.662290e+01 1.917944e+01 3.885112e+02 -1.762051e+02
<VARIANCE> 6
 6.827447e+01 1.604332e+05 1.548939e+05 1.286348e+03 1.289040e+05 5.172596e+07
<GCONST> 7.587479e+01
<MIXTURE> 13 6.665423e-02
<MEAN> 6
 2.664993e+01 1.468590e+02 -7.801960e+01 2.902530e+02 -3.346915e+02 -6.906966e+03
<VARIANCE> 6
 5.632300e+02 8.553475e+05 4.057452e+05 5.310322e+03 2.886020e+05 1.244209e+08
<GCONST> 8.372309e+01
<STATE> 13
<NUMMIXES> 13
<MIXTURE> 1 1.091025e-01
<MEAN> 6
 8.180827e+01 -4.322751e+01 6.257456e+01 -6.652374e+00 -1.038531e+01 -1.259498e+02
<VARIANCE> 6
 1.433503e+02 7.971141e+04 3.004238e+04 2.593203e+02 1.595152e+04 1.545820e+07
<GCONST> 6.937811e+01
<MIXTURE> 2 5.567948e-03
<MEAN> 6
 5.943936e+00 3.881748e+01 -8.646492e+01 -1.938917e+02 5.597765e+02 1.832841e+04
<VARIANCE> 6
 5.461084e+03 1.035904e+06 4.124592e+06 4.405346e+05 1.201198e+08 1.154228e+11
<GCONST> 1.057875e+02
<MIXTURE> 3 7.587916e-02
<MEAN> 6
 -3.291578e+01 8.835104e+00 7.577735e+01 5.847181e+01 7.332736e+02 1.147990e+02
<VARIANCE> 6
 2.831376e+02 7.209637e+04 9.550836e+04 1.585920e+04 1.724531e+05 6.928270e+07
<GCONST> 7.910902e+01
<MIXTURE> 4 7.299908e-02
<MEAN> 6
 1.154634e+01 -1.724384e+01 -4.604826e+00 1.158010e+01 1.825048e+02 -9.602521e+02
<VARIANCE> 6
 2.212241e+03 5.825302e+04 4.755198e+04 5.949291e+04 2.515417e+06 1.009235e+09
<GCONST> 8.693517e+01
<MIXTURE> 5 8.552682e-02
<MEAN> 6
 8.524531e+01 1.059352e+02 -2.893778e+01 1.084747e+01 -5.839550e+02 -3.929456e+01
<VARIANCE> 6
 2.204716e+02 7.003030e+04 2.560720e+04 9.672232e+03 3.161233e+05 1.340754e+08
<GCONST> 7.828516e+01
<MIXTURE> 6 4.489444e-02
<MEAN> 6
 3.850188e+01 2.953952e+01 6.947112e+00 -1.980271e+01 -2.226664e+02 2.982076e+02
<VARIANCE> 6
 2.068801e+03 6.987169e+05 8.317416e+05 3.053428e+04 4.444386e+05 1.324965e+08
<GCONST> 8.778351e+01
<MIXTURE> 7 1.156628e-01
<MEAN> 6
 3.097303e+01 -4.172267e+00 2.907613e+01 1.655074e+02 -9.874480e+01 -1.169991e+03
<VARIANCE> 6
 6.312242e+02 7.219938e+04 1.077935e+05 3.528397e+03 1.048195e+05 2.823271e+07
<GCONST> 7.713467e+01
<MIXTURE> 8 7.558931e-02
<MEAN> 6
 -4.437303e+01 -2.304212e+01 2.892662e+01 1.343529e+01 1.354196e+02 2.170141e+02
<VARIANCE> 6
 2.377996e+02 5.936427e+04 8.438102e+04 4.068138e+02 3.661985e+04 1.545820e+07
<GCONST> 7.190359e+01
<MIXTURE> 9 7.187175e-02
<MEAN> 6
 8.660825e+01 -3.843460e+01 -2.828158e+02 -7.245282e+00 -5.083809e+00 1.990931e+01
<VARIANCE> 6
 9.980727e+01 6.689567e+05 1.242750e+05 2.593203e+02 1.595152e+04 1.545820e+07
<GCONST> 7.256326e+01
<MIXTURE> 10 7.907119e-02
<MEAN> 6
 1.195407e+01 2.753618e+01 -2.980281e+01 -1.999700e+02 -5.170660e+01 3.148085e+03
<VARIANCE> 6
 5.409815e+02 1.982113e+04 7.180676e+04 3.992938e+03 2.248102e+05 1.328122e+08
<GCONST> 7.771663e+01
<MIXTURE> 11 8.956714e-02
<MEAN> 6
 7.315271e+01 -2.744580e+01 -9.378503e+01 -3.394012e+00 -2.265043e+01 -5.618433e+01
<VARIANCE> 6
 1.164445e+02 2.464205e+04 1.592680e+05 2.593203e+02 1.595152e+04 1.545820e+07
<GCONST> 6.966425e+01
<MIXTURE> 12 9.771132e-02
<MEAN> 6
 6.468028e+01 -8.252042e+00 -4.159403e+00 -4.916936e+01 -5.727863e+02 -2.622648e+02
<VARIANCE> 6
 2.180289e+02 6.804964e+04 8.500642e+04 1.495429e+04 1.409768e+05 3.657477e+07
<GCONST> 7.777434e+01
<MIXTURE> 13 7.619396e-02
<MEAN> 6
 -3.982890e+01 -1.014483e+02 -2.030129e+01 1.600655e+01 6.670331e+02 -1.997326e+03
<VARIANCE> 6
 2.909094e+02 8.068602e+04 8.870708e+04 1.271709e+04 1.744296e+05 8.706150e+07
<GCONST> 7.919380e+01
<TRANSP> 14
 0.000000e+00 1.000000e+00 0.000000e+00 0.000000e+00 0.000000e+00 0.000000e+00 0.000000e+00 0.000000e+00 0.000000e+00 0.000000e+00 0.000000e+00 0.000000e+00 0.000000e+00 0.000000e+00
 0.000000e+00 9.998240e-01 1.760135e-04 0.000000e+00 0.000000e+00 0.000000e+00 0.000000e+00 0.000000e+00 0.000000e+00 0.000000e+00 0.000000e+00 0.000000e+00 0.000000e+00 0.000000e+00
 0.000000e+00 0.000000e+00 9.997633e-01 2.366795e-04 0.000000e+00 0.000000e+00 0.000000e+00 0.000000e+00 0.000000e+00 0.000000e+00 0.000000e+00 0.000000e+00 0.000000e+00 0.000000e+00
 0.000000e+00 0.000000e+00 0.000000e+00 9.969670e-01 3.033056e-03 0.000000e+00 0.000000e+00 0.000000e+00 0.000000e+00 0.000000e+00 0.000000e+00 0.000000e+00 0.000000e+00 0.000000e+00
 0.000000e+00 0.000000e+00 0.000000e+00 0.000000e+00 9.980846e-01 1.915387e-03 0.000000e+00 0.000000e+00 0.000000e+00 0.000000e+00 0.000000e+00 0.000000e+00 0.000000e+00 0.000000e+00
 0.000000e+00 0.000000e+00 0.000000e+00 0.000000e+00 0.000000e+00 9.979484e-01 2.051641e-03 0.000000e+00 0.000000e+00 0.000000e+00 0.000000e+00 0.000000e+00 0.000000e+00 0.000000e+00
 0.000000e+00 0.000000e+00 0.000000e+00 0.000000e+00 0.000000e+00 0.000000e+00 9.977164e-01 2.283594e-03 0.000000e+00 0.000000e+00 0.000000e+00 0.000000e+00 0.000000e+00 0.000000e+00
 0.000000e+00 0.000000e+00 0.000000e+00 0.000000e+00 0.000000e+00 0.000000e+00 0.000000e+00 9.990996e-01 9.004218e-04 0.000000e+00 0.000000e+00 0.000000e+00 0.000000e+00 0.000000e+00
 0.000000e+00 0.000000e+00 0.000000e+00 0.000000e+00 0.000000e+00 0.000000e+00 0.000000e+00 0.000000e+00 9.982740e-01 1.725999e-03 0.000000e+00 0.000000e+00 0.000000e+00 0.000000e+00
 0.000000e+00 0.000000e+00 0.000000e+00 0.000000e+00 0.000000e+00 0.000000e+00 0.000000e+00 0.000000e+00 0.000000e+00 9.905670e-01 9.433034e-03 0.000000e+00 0.000000e+00 0.000000e+00
 0.000000e+00 0.000000e+00 0.000000e+00 0.000000e+00 0.000000e+00 0.000000e+00 0.000000e+00 0.000000e+00 0.000000e+00 0.000000e+00 9.954598e-01 4.540213e-03 0.000000e+00 0.000000e+00
 0.000000e+00 0.000000e+00 0.000000e+00 0.000000e+00 0.000000e+00 0.000000e+00 0.000000e+00 0.000000e+00 0.000000e+00 0.000000e+00 0.000000e+00 9.998189e-01 1.810999e-04 0.000000e+00
 0.000000e+00 0.000000e+00 0.000000e+00 0.000000e+00 0.000000e+00 0.000000e+00 0.000000e+00 0.000000e+00 0.000000e+00 0.000000e+00 0.000000e+00 0.000000e+00 9.998797e-01 1.202842e-04
 0.000000e+00 0.000000e+00 0.000000e+00 0.000000e+00 0.000000e+00 0.000000e+00 0.000000e+00 0.000000e+00 0.000000e+00 0.000000e+00 0.000000e+00 0.000000e+00 0.000000e+00 0.000000e+00
<ENDHMM>
