~o
<STREAMINFO> 1 6
<VECSIZE> 6<NULLD><USER><DIAGC>
~h "SegundoPRIMARIA"
<BEGINHMM>
<NUMSTATES> 13
<STATE> 2
<NUMMIXES> 13
<MIXTURE> 1 6.256578e-02
<MEAN> 6
 8.807565e+01 3.821620e+02 -3.260481e+02 2.669639e+00 -5.426312e+01 -3.281252e+02
<VARIANCE> 6
 4.690112e+02 5.973424e+05 1.253914e+06 2.998198e+02 4.022584e+04 5.158639e+07
<GCONST> 7.858413e+01
<MIXTURE> 2 7.546805e-02
<MEAN> 6
 -3.179236e+01 6.162326e+01 -2.005200e+01 -1.643335e+02 1.314696e+03 4.213899e+03
<VARIANCE> 6
 8.139188e+02 2.474858e+05 1.989082e+06 6.296020e+04 1.290030e+06 1.055245e+09
<GCONST> 9.054889e+01
<MIXTURE> 3 5.918941e-02
<MEAN> 6
 2.431228e+01 8.727734e+01 1.482352e+02 -1.219657e+01 -3.742566e+01 4.242541e+02
<VARIANCE> 6
 9.399987e+02 6.068688e+04 3.475858e+05 4.364975e+04 1.272116e+05 5.158639e+07
<GCONST> 8.184172e+01
<MIXTURE> 4 7.430241e-02
<MEAN> 6
 -3.897274e+01 -1.080565e+01 1.101186e+02 9.532691e+01 6.236176e+02 -1.073454e+03
<VARIANCE> 6
 3.463455e+02 2.098900e+05 1.047038e+06 1.877820e+04 1.015244e+05 5.158639e+07
<GCONST> 8.211778e+01
<MIXTURE> 5 5.673778e-02
<MEAN> 6
 9.591528e+01 -1.569811e+02 -2.351049e+01 7.125582e+01 -1.157706e+03 -9.622847e+01
<VARIANCE> 6
 6.885666e+02 6.192637e+05 1.623589e+06 2.495043e+04 1.873218e+06 1.055286e+09
<GCONST> 9.054321e+01
<MIXTURE> 6 6.907966e-02
<MEAN> 6
 7.162141e+01 1.883492e+02 -7.760009e+02 1.426060e+00 -1.785829e+01 -6.917720e+01
<VARIANCE> 6
 9.136171e+01 5.819502e+04 1.158357e+06 2.998198e+02 4.022584e+04 5.158639e+07
<GCONST> 7.454037e+01
<MIXTURE> 7 1.208049e-01
<MEAN> 6
 9.234489e+01 -1.567807e+01 2.109590e+02 -2.165287e+01 -5.524685e+02 -1.536644e+03
<VARIANCE> 6
 4.433691e+02 1.061086e+05 5.802164e+05 1.035127e+04 2.428427e+05 7.364782e+07
<GCONST> 8.172488e+01
<MIXTURE> 8 1.033446e-01
<MEAN> 6
 -6.439398e+01 -1.262522e+01 -2.408704e+02 -1.484725e+00 2.110853e+02 1.673345e+02
<VARIANCE> 6
 3.442016e+02 1.502491e+05 1.346698e+06 1.305304e+03 6.449773e+04 5.158639e+07
<GCONST> 7.890905e+01
<MIXTURE> 9 9.567410e-02
<MEAN> 6
 3.703199e+01 -6.262950e+01 -1.326915e+02 2.451378e+02 -2.960287e+02 -4.135289e+03
<VARIANCE> 6
 8.070648e+02 2.229947e+05 1.277316e+06 8.807134e+03 2.777982e+05 9.825337e+07
<GCONST> 8.411687e+01
<MIXTURE> 10 7.143328e-02
<MEAN> 6
 4.741938e+01 1.935676e+01 1.061605e+02 -2.792321e+02 -1.013761e+03 5.038910e+03
<VARIANCE> 6
 6.340768e+02 1.901864e+05 1.578032e+06 1.181701e+04 6.301172e+05 2.121056e+08
<GCONST> 8.581043e+01
<MIXTURE> 11 8.009991e-02
<MEAN> 6
 -5.270109e+01 -1.695103e+01 -2.345429e+02 2.223932e+01 9.490364e+02 -5.463007e+02
<VARIANCE> 6
 5.534790e+02 9.568832e+04 1.870430e+05 2.735114e+04 2.668969e+05 1.440795e+08
<GCONST> 8.244844e+01
<MIXTURE> 12 6.364421e-02
<MEAN> 6
 7.760244e+01 -4.418107e+02 1.767969e+03 -1.899870e+00 -1.504910e+01 -7.497517e+01
<VARIANCE> 6
 4.045392e+02 1.480710e+05 2.182288e+06 2.998198e+02 4.022584e+04 5.158639e+07
<GCONST> 7.759556e+01
<MIXTURE> 13 6.740609e-02
<MEAN> 6
 7.015835e+01 5.669440e+01 -6.183633e+02 7.343757e-01 -1.875287e+01 -1.138308e+02
<VARIANCE> 6
 6.266338e+01 9.251571e+04 8.297795e+05 2.998198e+02 4.022584e+04 5.158639e+07
<GCONST> 7.429330e+01
<STATE> 3
<NUMMIXES> 13
<MIXTURE> 1 1.036353e-01
<MEAN> 6
 1.019563e+02 -2.407897e+01 -9.159322e+01 -1.880642e+00 6.468094e+00 2.498262e+02
<VARIANCE> 6
 3.185104e+01 1.195217e+04 2.031559e+04 2.998198e+02 4.022584e+04 5.158639e+07
<GCONST> 6.786036e+01
<MIXTURE> 2 8.595446e-02
<MEAN> 6
 9.460269e+01 -3.479812e+02 -5.482874e+02 -1.118664e+00 -1.380850e+00 -1.817239e+01
<VARIANCE> 6
 3.185104e+01 1.195217e+04 1.387160e+04 2.998198e+02 4.022584e+04 5.158639e+07
<GCONST> 6.747881e+01
<MIXTURE> 3 9.532120e-02
<MEAN> 6
 8.733793e+01 -1.311903e+02 -8.559464e+02 -3.387363e+00 -6.029698e+00 -1.948180e+02
<VARIANCE> 6
 3.185104e+01 1.195217e+04 1.387160e+04 2.998198e+02 4.022584e+04 5.158639e+07
<GCONST> 6.747881e+01
<MIXTURE> 4 7.011539e-02
<MEAN> 6
 9.294670e+01 -5.586224e+02 -5.398625e+02 1.548272e+00 -2.556170e+00 -2.182632e+02
<VARIANCE> 6
 3.185104e+01 1.195217e+04 1.387160e+04 2.998198e+02 4.022584e+04 5.158639e+07
<GCONST> 6.747881e+01
<MIXTURE> 5 9.135254e-02
<MEAN> 6
 9.030189e+01 -5.633219e-01 -5.062764e+02 -3.834948e+00 1.205631e+01 -1.114286e+02
<VARIANCE> 6
 3.185104e+01 1.195217e+04 1.387160e+04 2.998198e+02 4.022584e+04 5.158639e+07
<GCONST> 6.747881e+01
<MIXTURE> 6 7.057828e-02
<MEAN> 6
 9.459728e+01 -3.476530e+02 -5.482925e+02 -1.121754e+00 -1.321196e+00 -1.723446e+01
<VARIANCE> 6
 3.185104e+01 1.195217e+04 1.387160e+04 2.998198e+02 4.022584e+04 5.158639e+07
<GCONST> 6.747881e+01
<MIXTURE> 7 7.253547e-02
<MEAN> 6
 9.277642e+01 -5.648436e+02 -5.400860e+02 1.548036e+00 -1.877779e+00 -2.080999e+02
<VARIANCE> 6
 3.185104e+01 1.195217e+04 1.387160e+04 2.998198e+02 4.022584e+04 5.158639e+07
<GCONST> 6.747881e+01
<MIXTURE> 8 8.672401e-02
<MEAN> 6
 9.460925e+01 -3.483824e+02 -5.482821e+02 -1.114861e+00 -1.453320e+00 -1.930962e+01
<VARIANCE> 6
 3.185104e+01 1.195217e+04 1.387160e+04 2.998198e+02 4.022584e+04 5.158639e+07
<GCONST> 6.747881e+01
<MIXTURE> 9 3.648578e-02
<MEAN> 6
 1.016368e+02 -9.188798e+02 -3.195400e-01 -7.817924e+00 -1.958851e+02 9.926141e+03
<VARIANCE> 6
 1.804172e+02 1.054467e+06 1.597242e+05 1.435492e+03 8.376381e+05 4.937772e+08
<GCONST> 8.299748e+01
<MIXTURE> 10 7.011774e-02
<MEAN> 6
 9.462716e+01 -3.494944e+02 -5.482685e+02 -1.104231e+00 -1.652992e+00 -2.243596e+01
<VARIANCE> 6
 3.185104e+01 1.195217e+04 1.387160e+04 2.998198e+02 4.022584e+04 5.158639e+07
<GCONST> 6.747881e+01
<MIXTURE> 11 7.478322e-02
<MEAN> 6
 7.829395e+01 -3.155262e+02 -8.683617e+02 -1.016205e+01 1.849125e+00 2.294196e+02
<VARIANCE> 6
 3.916784e+01 1.195217e+04 1.387160e+04 2.998198e+02 4.022584e+04 5.158639e+07
<GCONST> 6.768560e+01
<MIXTURE> 12 7.246703e-02
<MEAN> 6
 9.273110e+01 -5.665662e+02 -5.400994e+02 1.558370e+00 -1.583477e+00 -2.061347e+02
<VARIANCE> 6
 3.185104e+01 1.195217e+04 1.387160e+04 2.998198e+02 4.022584e+04 5.158639e+07
<GCONST> 6.747881e+01
<MIXTURE> 13 6.989853e-02
<MEAN> 6
 9.256414e+01 -5.707068e+02 -5.412243e+02 1.511865e+00 -9.828445e-01 -1.962017e+02
<VARIANCE> 6
 3.185104e+01 1.195217e+04 1.387160e+04 2.998198e+02 4.022584e+04 5.158639e+07
<GCONST> 6.747881e+01
<STATE> 4
<NUMMIXES> 13
<MIXTURE> 1 1.034778e-01
<MEAN> 6
 9.568486e+01 7.917375e+02 2.250891e+02 -3.839621e+00 -2.197138e+00 4.399540e+01
<VARIANCE> 6
 3.185104e+01 1.195217e+04 1.387160e+04 2.998198e+02 4.022584e+04 5.158639e+07
<GCONST> 6.747881e+01
<MIXTURE> 2 1.094637e-01
<MEAN> 6
 8.966589e+01 2.380861e+02 2.024258e+02 -9.895709e-01 -9.309496e+00 6.296602e+00
<VARIANCE> 6
 3.185104e+01 1.195217e+04 1.723934e+04 2.998198e+02 4.022584e+04 5.158639e+07
<GCONST> 6.769617e+01
<MIXTURE> 3 3.642972e-02
<MEAN> 6
 9.576488e+01 -8.232722e+02 -3.114564e+01 1.423199e+00 -1.442857e+01 -1.515144e+02
<VARIANCE> 6
 3.185104e+01 4.520668e+04 1.387160e+04 2.998198e+02 4.022584e+04 5.158639e+07
<GCONST> 6.880914e+01
<MIXTURE> 4 7.184169e-02
<MEAN> 6
 8.382592e+01 5.488218e+02 4.358888e+02 -5.906945e-01 2.384041e-01 -2.298663e+01
<VARIANCE> 6
 3.185104e+01 1.195217e+04 1.387160e+04 2.998198e+02 4.022584e+04 5.158639e+07
<GCONST> 6.747881e+01
<MIXTURE> 5 1.190824e-01
<MEAN> 6
 9.201636e+01 -8.874010e+00 9.964835e+01 -1.308920e+00 2.009009e+00 -6.963432e+01
<VARIANCE> 6
 3.185104e+01 1.922440e+04 1.387160e+04 2.998198e+02 4.022584e+04 5.158639e+07
<GCONST> 6.795408e+01
<MIXTURE> 6 6.947474e-02
<MEAN> 6
 8.475231e+01 1.861513e+02 -2.973320e+01 1.112600e+00 -8.003583e+00 -1.698403e+01
<VARIANCE> 6
 3.185104e+01 1.613360e+04 1.387160e+04 2.998198e+02 4.022584e+04 5.158639e+07
<GCONST> 6.777880e+01
<MIXTURE> 7 7.852464e-02
<MEAN> 6
 9.209754e+01 7.680520e+01 1.358565e+02 -2.780479e+00 -3.257011e+00 -3.040962e+01
<VARIANCE> 6
 3.185104e+01 1.263187e+04 1.387160e+04 2.998198e+02 4.022584e+04 5.158639e+07
<GCONST> 6.753413e+01
<MIXTURE> 8 1.021480e-03
<MEAN> 6
 8.139198e+01 -2.173712e+02 -8.034206e+01 8.439999e+00 -1.458401e+02 1.625777e+02
<VARIANCE> 6
 6.320104e+02 2.490627e+06 9.460862e+05 6.286031e+02 1.555303e+05 1.604053e+08
<GCONST> 8.325562e+01
<MIXTURE> 9 1.283209e-01
<MEAN> 6
 8.604414e+01 -2.624731e+02 -6.492451e+01 -2.549048e+00 -6.401691e-01 -1.230769e+02
<VARIANCE> 6
 3.185104e+01 3.175032e+04 1.387160e+04 2.998198e+02 4.022584e+04 5.158639e+07
<GCONST> 6.845580e+01
<MIXTURE> 10 7.193825e-02
<MEAN> 6
 9.058167e+01 8.001259e+02 1.566451e+02 -1.858532e+00 2.678785e+00 -6.053367e+01
<VARIANCE> 6
 3.185104e+01 5.613828e+04 1.387160e+04 2.998198e+02 4.022584e+04 5.158639e+07
<GCONST> 6.902572e+01
<MIXTURE> 11 7.123006e-02
<MEAN> 6
 8.407399e+01 5.411089e+02 4.348195e+02 -5.970216e-01 -3.407300e-02 -1.601995e+01
<VARIANCE> 6
 3.185104e+01 1.195217e+04 1.387160e+04 2.998198e+02 4.022584e+04 5.158639e+07
<GCONST> 6.747881e+01
<MIXTURE> 12 7.570841e-02
<MEAN> 6
 9.201435e+01 8.842003e+00 1.053957e+02 -1.615391e+00 1.022973e+00 -6.316700e+01
<VARIANCE> 6
 3.185104e+01 1.799346e+04 1.387160e+04 2.998198e+02 4.022584e+04 5.158639e+07
<GCONST> 6.788791e+01
<MIXTURE> 13 6.346041e-02
<MEAN> 6
 8.574188e+01 1.084747e+02 -5.831218e+01 1.371574e-01 -3.234507e+00 -6.550694e+01
<VARIANCE> 6
 3.185104e+01 2.180667e+04 1.387160e+04 2.998198e+02 4.022584e+04 5.158639e+07
<GCONST> 6.808012e+01
<STATE> 5
<NUMMIXES> 13
<MIXTURE> 1 8.255105e-02
<MEAN> 6
 1.208236e+02 1.866020e+03 1.241707e+03 -1.250960e+00 1.640665e+00 -1.920765e+01
<VARIANCE> 6
 3.185104e+01 5.162911e+04 2.306505e+04 2.998198e+02 4.022584e+04 5.158639e+07
<GCONST> 6.945046e+01
<MIXTURE> 2 8.910426e-02
<MEAN> 6
 9.222799e+01 9.750137e+02 1.177336e+03 -4.448953e+00 -1.092337e+00 7.133250e+01
<VARIANCE> 6
 3.185104e+01 3.243040e+04 1.387160e+04 2.998198e+02 4.022584e+04 5.158639e+07
<GCONST> 6.847700e+01
<MIXTURE> 3 7.074220e-02
<MEAN> 6
 9.216522e+01 -3.908844e+00 6.364112e+02 -1.501829e+00 -5.201138e+00 -1.799566e+02
<VARIANCE> 6
 3.185104e+01 1.195217e+04 1.387160e+04 2.998198e+02 4.022584e+04 5.158639e+07
<GCONST> 6.747881e+01
<MIXTURE> 4 1.221237e-01
<MEAN> 6
 8.406802e+01 -4.284937e+02 3.191621e+02 -1.028877e+00 -1.120497e+01 -2.276074e+02
<VARIANCE> 6
 3.506955e+01 1.195217e+04 1.387160e+04 2.998198e+02 4.022584e+04 5.158639e+07
<GCONST> 6.757507e+01
<MIXTURE> 5 7.712942e-02
<MEAN> 6
 9.059846e+01 -1.346877e+03 7.942902e+02 -7.035594e-03 -1.963175e+00 -2.943634e+02
<VARIANCE> 6
 3.185104e+01 1.195217e+04 1.387160e+04 2.998198e+02 4.022584e+04 5.158639e+07
<GCONST> 6.747881e+01
<MIXTURE> 6 8.906845e-02
<MEAN> 6
 8.372069e+01 -6.301000e+01 4.776757e+02 -3.500712e+00 5.533608e+00 -1.198930e+02
<VARIANCE> 6
 3.185104e+01 1.195217e+04 1.387160e+04 2.998198e+02 4.022584e+04 5.158639e+07
<GCONST> 6.747881e+01
<MIXTURE> 7 8.218411e-02
<MEAN> 6
 9.561728e+01 3.307316e+02 1.053879e+03 -3.783306e+00 1.570985e-03 3.660339e+01
<VARIANCE> 6
 3.185104e+01 1.195217e+04 1.387160e+04 2.998198e+02 4.022584e+04 5.158639e+07
<GCONST> 6.747881e+01
<MIXTURE> 8 3.051380e-03
<MEAN> 6
 8.045615e+01 -8.994524e+01 -1.798749e+02 4.098789e+00 -1.140765e+02 -2.125315e+03
<VARIANCE> 6
 4.879576e+02 1.861025e+06 6.067312e+05 4.538802e+02 1.374037e+05 1.460877e+08
<GCONST> 8.171820e+01
<MIXTURE> 9 8.901963e-02
<MEAN> 6
 8.373692e+01 -6.457174e+01 4.771755e+02 -3.481040e+00 5.591730e+00 -1.184705e+02
<VARIANCE> 6
 3.185104e+01 1.195217e+04 1.387160e+04 2.998198e+02 4.022584e+04 5.158639e+07
<GCONST> 6.747881e+01
<MIXTURE> 10 7.747848e-02
<MEAN> 6
 9.009736e+01 -7.194000e+02 3.345852e+02 -6.475264e-01 -3.067661e+01 4.748406e+02
<VARIANCE> 6
 3.185104e+01 6.076346e+04 1.387160e+04 2.998198e+02 4.022584e+04 5.158639e+07
<GCONST> 6.910489e+01
<MIXTURE> 11 8.928178e-02
<MEAN> 6
 9.019936e+01 -1.450959e+03 8.533409e+02 -1.448839e-01 2.608248e+00 6.303472e+01
<VARIANCE> 6
 3.185104e+01 1.195217e+04 1.387160e+04 2.998198e+02 4.022584e+04 5.158639e+07
<GCONST> 6.747881e+01
<MIXTURE> 12 7.108193e-02
<MEAN> 6
 9.186664e+01 -1.478157e+01 6.263155e+02 -1.570441e+00 -3.654927e+00 -1.891331e+02
<VARIANCE> 6
 3.185104e+01 1.195217e+04 1.387160e+04 2.998198e+02 4.022584e+04 5.158639e+07
<GCONST> 6.747881e+01
<MIXTURE> 13 5.717126e-02
<MEAN> 6
 1.232674e+02 1.717684e+03 8.881006e+02 -6.101856e+00 -1.276579e+01 5.371792e+02
<VARIANCE> 6
 3.185104e+01 1.289177e+05 9.880020e+04 2.998198e+02 4.022584e+04 5.158639e+07
<GCONST> 7.182034e+01
<STATE> 6
<NUMMIXES> 13
<MIXTURE> 1 1.092142e-01
<MEAN> 6
 1.280546e+02 3.793735e+02 1.668246e+03 -3.536670e+00 6.645039e-01 4.109949e+01
<VARIANCE> 6
 3.185104e+01 1.498939e+04 1.387160e+04 2.998198e+02 4.022584e+04 5.158639e+07
<GCONST> 6.770525e+01
<MIXTURE> 2 8.074307e-02
<MEAN> 6
 1.163135e+02 -4.853854e+02 2.593901e+03 -1.071000e+00 8.492529e-01 -2.700870e+01
<VARIANCE> 6
 3.185104e+01 1.195217e+04 1.387160e+04 2.998198e+02 4.022584e+04 5.158639e+07
<GCONST> 6.747881e+01
<MIXTURE> 3 9.050272e-02
<MEAN> 6
 1.057454e+02 2.588608e+02 1.269582e+03 1.325765e-01 -3.485310e+01 1.927979e+02
<VARIANCE> 6
 3.185104e+01 1.468625e+04 1.387160e+04 2.998198e+02 4.022584e+04 5.158639e+07
<GCONST> 6.768481e+01
<MIXTURE> 4 1.025391e-01
<MEAN> 6
 9.924280e+01 -3.372996e+02 8.619278e+02 -2.919159e+00 7.821788e-01 -2.627020e+02
<VARIANCE> 6
 3.185104e+01 1.195217e+04 4.600361e+04 2.998198e+02 4.022584e+04 5.158639e+07
<GCONST> 6.867769e+01
<MIXTURE> 5 6.017919e-02
<MEAN> 6
 8.580057e+01 -4.923707e+02 2.028296e+03 -5.534114e+00 -1.191674e+00 1.349960e+02
<VARIANCE> 6
 3.185104e+01 1.281966e+04 1.387160e+04 2.998198e+02 4.022584e+04 5.158639e+07
<GCONST> 6.754888e+01
<MIXTURE> 6 1.814070e-02
<MEAN> 6
 1.198727e+02 -2.126019e+02 2.331093e+02 4.888957e+00 -2.534284e+02 -2.663606e+03
<VARIANCE> 6
 7.642611e+02 4.313079e+05 1.820621e+05 4.231537e+02 1.879350e+05 2.733075e+08
<GCONST> 8.037055e+01
<MIXTURE> 7 6.519535e-02
<MEAN> 6
 9.269559e+01 -4.265135e+02 7.702829e+02 -1.035129e+01 3.278527e+01 4.431486e+02
<VARIANCE> 6
 4.793572e+01 1.869817e+04 1.387160e+04 2.998198e+02 4.022584e+04 5.158639e+07
<GCONST> 6.833511e+01
<MIXTURE> 8 1.069918e-01
<MEAN> 6
 9.460606e+01 -9.805288e+01 1.136399e+03 -1.916258e-01 -1.607308e+01 1.780854e+02
<VARIANCE> 6
 3.185104e+01 1.195217e+04 1.387160e+04 2.998198e+02 4.022584e+04 5.158639e+07
<GCONST> 6.747881e+01
<MIXTURE> 9 5.739689e-02
<MEAN> 6
 1.124562e+02 -3.563238e+02 2.864114e+02 -1.075484e+01 -1.044612e+01 6.326556e+02
<VARIANCE> 6
 3.185104e+01 4.877873e+04 2.922640e+04 2.998198e+02 4.022584e+04 5.158639e+07
<GCONST> 6.963042e+01
<MIXTURE> 10 8.645747e-02
<MEAN> 6
 1.186013e+02 -4.601330e+02 2.258537e+03 -1.393025e+00 5.771053e+00 -5.135079e+02
<VARIANCE> 6
 3.185104e+01 1.195217e+04 1.387160e+04 2.998198e+02 4.022584e+04 5.158639e+07
<GCONST> 6.747881e+01
<MIXTURE> 11 5.435882e-02
<MEAN> 6
 1.342939e+02 1.139442e+02 9.377148e+02 -8.117175e+00 1.037733e+01 5.241158e+02
<VARIANCE> 6
 3.185104e+01 2.072686e+04 7.161389e+04 2.998198e+02 4.022584e+04 5.158639e+07
<GCONST> 6.967078e+01
<MIXTURE> 12 1.061657e-01
<MEAN> 6
 1.000822e+02 -3.416679e+02 7.018669e+02 -4.795311e+00 -1.890005e+01 -3.426217e+02
<VARIANCE> 6
 3.185104e+01 1.195217e+04 3.484201e+04 2.998198e+02 4.022584e+04 5.158639e+07
<GCONST> 6.839980e+01
<MIXTURE> 13 6.210994e-02
<MEAN> 6
 8.474290e+01 -5.359487e+02 2.045148e+03 -4.146331e+00 4.353037e+00 4.426004e+01
<VARIANCE> 6
 3.185104e+01 1.195217e+04 1.387160e+04 2.998198e+02 4.022584e+04 5.158639e+07
<GCONST> 6.747881e+01
<STATE> 7
<NUMMIXES> 13
<MIXTURE> 1 8.693161e-02
<MEAN> 6
 7.141683e+01 1.311811e+03 -1.123167e+03 6.238849e-01 -7.058219e+00 -1.634908e+02
<VARIANCE> 6
 3.185104e+01 1.195217e+04 1.387160e+04 2.998198e+02 4.022584e+04 5.158639e+07
<GCONST> 6.747881e+01
<MIXTURE> 2 6.886455e-02
<MEAN> 6
 6.946065e+01 1.143484e+03 7.274555e+02 5.524173e-01 6.946435e+00 -4.021967e+01
<VARIANCE> 6
 3.185104e+01 2.170515e+04 1.387160e+04 2.998198e+02 4.022584e+04 5.158639e+07
<GCONST> 6.807545e+01
<MIXTURE> 3 7.567880e-02
<MEAN> 6
 6.531359e+01 9.547335e+02 -1.403314e+02 -2.231254e-02 1.097872e-01 -1.127324e+02
<VARIANCE> 6
 3.185104e+01 1.195217e+04 1.387160e+04 2.998198e+02 4.022584e+04 5.158639e+07
<GCONST> 6.747881e+01
<MIXTURE> 4 8.646220e-02
<MEAN> 6
 5.904312e+01 4.944297e+02 -4.663205e+01 -1.518208e+00 -7.365734e+00 -2.423214e+02
<VARIANCE> 6
 3.185104e+01 1.195217e+04 1.387160e+04 2.998198e+02 4.022584e+04 5.158639e+07
<GCONST> 6.747881e+01
<MIXTURE> 5 2.544498e-03
<MEAN> 6
 8.317699e+01 -2.337515e+02 8.915770e+01 -2.643393e+00 -1.778976e+02 -3.469979e+03
<VARIANCE> 6
 3.377354e+02 1.567056e+06 6.614472e+05 3.526151e+02 1.089317e+05 1.072059e+08
<GCONST> 8.047054e+01
<MIXTURE> 6 1.070069e-01
<MEAN> 6
 5.341087e+01 4.234744e+02 -2.439210e+02 1.123848e+00 -2.732474e+00 -1.362149e+02
<VARIANCE> 6
 3.185104e+01 1.195217e+04 1.387160e+04 2.998198e+02 4.022584e+04 5.158639e+07
<GCONST> 6.747881e+01
<MIXTURE> 7 5.794863e-02
<MEAN> 6
 6.981495e+01 9.252697e+02 -1.342249e+03 3.832726e+00 -1.152431e+01 2.642009e+02
<VARIANCE> 6
 3.185104e+01 1.450879e+05 7.770460e+04 2.998198e+02 4.022584e+04 5.158639e+07
<GCONST> 7.169831e+01
<MIXTURE> 8 6.825095e-02
<MEAN> 6
 6.528388e+01 8.651724e+02 -1.422993e+02 -6.859468e-01 -4.975197e+00 -1.588286e+02
<VARIANCE> 6
 3.185104e+01 1.565488e+04 1.387160e+04 2.998198e+02 4.022584e+04 5.158639e+07
<GCONST> 6.774868e+01
<MIXTURE> 9 8.698505e-02
<MEAN> 6
 7.141682e+01 1.311811e+03 -1.123167e+03 6.238930e-01 -7.058032e+00 -1.634893e+02
<VARIANCE> 6
 3.185104e+01 1.195217e+04 1.387160e+04 2.998198e+02 4.022584e+04 5.158639e+07
<GCONST> 6.747881e+01
<MIXTURE> 10 1.080264e-01
<MEAN> 6
 5.437797e+01 3.776611e+02 -2.522081e+02 1.428785e+00 -4.134951e+00 -1.777364e+02
<VARIANCE> 6
 3.185104e+01 1.195217e+04 1.387160e+04 2.998198e+02 4.022584e+04 5.158639e+07
<GCONST> 6.747881e+01
<MIXTURE> 11 1.064952e-01
<MEAN> 6
 7.114671e+01 8.187292e+02 6.526018e+02 5.845007e-01 -6.577785e+00 -1.625089e+02
<VARIANCE> 6
 3.185104e+01 1.195217e+04 1.387160e+04 2.998198e+02 4.022584e+04 5.158639e+07
<GCONST> 6.747881e+01
<MIXTURE> 12 7.572551e-02
<MEAN> 6
 6.534789e+01 9.402784e+02 -1.437243e+02 -1.019643e-01 -7.057330e-01 -1.039010e+02
<VARIANCE> 6
 3.185104e+01 1.195217e+04 1.387160e+04 2.998198e+02 4.022584e+04 5.158639e+07
<GCONST> 6.747881e+01
<MIXTURE> 13 6.906185e-02
<MEAN> 6
 6.517184e+01 8.092112e+02 -1.384585e+02 -1.185483e+00 -9.090226e+00 -2.258469e+02
<VARIANCE> 6
 3.185104e+01 1.414024e+04 1.387160e+04 2.998198e+02 4.022584e+04 5.158639e+07
<GCONST> 6.764693e+01
<STATE> 8
<NUMMIXES> 13
<MIXTURE> 1 9.871142e-02
<MEAN> 6
 1.104055e+02 1.349408e+02 -4.131332e+02 -2.639138e+00 -8.260260e-01 -1.551595e+02
<VARIANCE> 6
 3.185104e+01 1.195217e+04 1.387160e+04 2.998198e+02 4.022584e+04 5.158639e+07
<GCONST> 6.747881e+01
<MIXTURE> 2 6.459764e-02
<MEAN> 6
 9.878223e+01 -3.445095e+03 -1.936997e+01 -3.327913e+00 2.161025e+01 -7.116093e+01
<VARIANCE> 6
 3.185104e+01 9.477863e+04 1.387160e+04 2.998198e+02 4.022584e+04 5.158639e+07
<GCONST> 6.954945e+01
<MIXTURE> 3 7.013948e-02
<MEAN> 6
 9.506757e+01 -1.856510e+03 -2.226785e+02 -4.718935e+00 -1.127427e+01 -6.256155e+02
<VARIANCE> 6
 3.185104e+01 4.838292e+04 1.387160e+04 2.998198e+02 4.022584e+04 5.158639e+07
<GCONST> 6.887704e+01
<MIXTURE> 4 6.846868e-02
<MEAN> 6
 1.292911e+02 -1.958000e+03 7.237576e+01 -3.912421e+01 -3.843267e+01 1.137659e+01
<VARIANCE> 6
 4.164562e+02 8.717451e+05 5.099289e+04 2.998198e+02 4.022584e+04 5.158639e+07
<GCONST> 7.564095e+01
<MIXTURE> 5 3.686249e-02
<MEAN> 6
 1.085408e+02 -6.184053e+02 -2.046249e+02 -1.564773e+00 1.237036e+01 -2.588701e+02
<VARIANCE> 6
 3.185104e+01 3.193153e+04 1.797487e+04 2.998198e+02 4.022584e+04 5.158639e+07
<GCONST> 6.872063e+01
<MIXTURE> 6 9.456934e-02
<MEAN> 6
 1.014513e+02 -2.591802e+03 -2.302294e+02 -4.967391e+00 -4.732717e+01 -4.014036e+02
<VARIANCE> 6
 3.185104e+01 5.668596e+04 1.387160e+04 2.998198e+02 4.022584e+04 5.158639e+07
<GCONST> 6.903543e+01
<MIXTURE> 7 6.460883e-02
<MEAN> 6
 1.189078e+02 -4.879003e+02 -4.543925e+02 -4.415848e+00 -3.750031e+00 -1.496679e+02
<VARIANCE> 6
 3.185104e+01 4.806609e+04 1.387160e+04 2.998198e+02 4.022584e+04 5.158639e+07
<GCONST> 6.887048e+01
<MIXTURE> 8 1.100741e-01
<MEAN> 6
 9.910775e+01 -4.045990e+03 1.558527e+01 -2.636798e+00 2.470388e+00 1.806622e+01
<VARIANCE> 6
 3.185104e+01 1.195217e+04 1.387160e+04 2.998198e+02 4.022584e+04 5.158639e+07
<GCONST> 6.747881e+01
<MIXTURE> 9 6.904869e-02
<MEAN> 6
 1.101761e+02 2.025819e+01 -3.666354e+02 -1.635256e+00 -5.262691e-01 -4.327225e+00
<VARIANCE> 6
 3.185104e+01 1.195217e+04 1.387160e+04 2.998198e+02 4.022584e+04 5.158639e+07
<GCONST> 6.747881e+01
<MIXTURE> 10 8.641978e-02
<MEAN> 6
 1.036993e+02 -3.062773e+03 -2.610987e+02 -5.158017e-01 -1.181310e+00 -1.190019e+02
<VARIANCE> 6
 3.185104e+01 2.824963e+04 1.387160e+04 2.998198e+02 4.022584e+04 5.158639e+07
<GCONST> 6.833898e+01
<MIXTURE> 11 1.028217e-01
<MEAN> 6
 1.059742e+02 -6.498426e+02 -3.830785e+02 -4.843140e+00 -4.161703e+00 6.300962e+01
<VARIANCE> 6
 3.185104e+01 1.470957e+04 1.387160e+04 2.998198e+02 4.022584e+04 5.158639e+07
<GCONST> 6.768640e+01
<MIXTURE> 12 6.941082e-02
<MEAN> 6
 1.102075e+02 1.754547e+01 -3.667577e+02 -1.661206e+00 -4.054467e-01 -2.085820e+00
<VARIANCE> 6
 3.185104e+01 1.195217e+04 1.387160e+04 2.998198e+02 4.022584e+04 5.158639e+07
<GCONST> 6.747881e+01
<MIXTURE> 13 6.426095e-02
<MEAN> 6
 9.895076e+01 -3.549782e+03 -1.185436e+01 -3.730896e+00 2.086942e+01 -8.124841e+01
<VARIANCE> 6
 3.185104e+01 8.272952e+04 1.387160e+04 2.998198e+02 4.022584e+04 5.158639e+07
<GCONST> 6.941348e+01
<STATE> 9
<NUMMIXES> 13
<MIXTURE> 1 6.371150e-02
<MEAN> 6
 7.503304e+01 -1.064072e+03 2.584001e+02 1.570836e+00 2.119399e+01 -3.860801e+02
<VARIANCE> 6
 3.185104e+01 1.345258e+04 9.066395e+04 2.998198e+02 4.022584e+04 5.158639e+07
<GCONST> 6.947439e+01
<MIXTURE> 2 7.072573e-02
<MEAN> 6
 6.786395e+01 3.474170e+01 -9.014277e+02 -3.293595e-01 -6.516748e+00 -5.035881e+01
<VARIANCE> 6
 3.185104e+01 1.195217e+04 3.555728e+04 2.998198e+02 4.022584e+04 5.158639e+07
<GCONST> 6.842011e+01
<MIXTURE> 3 8.159812e-02
<MEAN> 6
 7.291484e+01 -5.109365e+02 -6.162220e+02 -1.586083e+00 -4.189873e+00 -5.547847e+01
<VARIANCE> 6
 3.185104e+01 9.131802e+04 1.387160e+04 2.998198e+02 4.022584e+04 5.158639e+07
<GCONST> 6.951225e+01
<MIXTURE> 4 1.074426e-01
<MEAN> 6
 6.330888e+01 -5.117454e+02 2.880227e+02 -3.713829e-01 -3.818179e+00 -1.294586e+02
<VARIANCE> 6
 3.185104e+01 1.195217e+04 1.387160e+04 2.998198e+02 4.022584e+04 5.158639e+07
<GCONST> 6.747881e+01
<MIXTURE> 5 8.599958e-02
<MEAN> 6
 5.945671e+01 -4.074983e+02 -1.799142e+02 1.265378e+00 -1.140372e+00 -1.134932e+02
<VARIANCE> 6
 3.185104e+01 1.195217e+04 1.886277e+04 2.998198e+02 4.022584e+04 5.158639e+07
<GCONST> 6.778616e+01
<MIXTURE> 6 4.590390e-02
<MEAN> 6
 6.591936e+01 -2.745899e+02 -1.277757e+03 3.201842e+00 -1.503091e+01 1.064168e+02
<VARIANCE> 6
 3.185104e+01 1.195217e+04 1.387160e+04 2.998198e+02 4.022584e+04 5.158639e+07
<GCONST> 6.747881e+01
<MIXTURE> 7 8.481716e-02
<MEAN> 6
 7.308558e+01 -7.991387e+02 -2.896919e+02 -3.201155e+00 -1.250307e+01 1.435013e+02
<VARIANCE> 6
 3.185104e+01 1.874683e+04 6.141688e+04 2.998198e+02 4.022584e+04 5.158639e+07
<GCONST> 6.941677e+01
<MIXTURE> 8 5.941401e-02
<MEAN> 6
 7.225197e+01 -1.679001e+03 -7.612849e+02 2.450060e+00 -1.118915e+01 -1.299460e+02
<VARIANCE> 6
 8.167216e+01 6.045134e+04 1.387160e+04 2.998198e+02 4.022584e+04 5.158639e+07
<GCONST> 7.004138e+01
<MIXTURE> 9 9.310366e-02
<MEAN> 6
 6.400100e+01 -4.804574e+02 -5.415511e+02 -2.553768e-01 1.155711e+00 -7.178849e+01
<VARIANCE> 6
 3.185104e+01 1.195217e+04 1.387160e+04 2.998198e+02 4.022584e+04 5.158639e+07
<GCONST> 6.747881e+01
<MIXTURE> 10 5.546582e-02
<MEAN> 6
 5.655046e+01 -1.208080e+03 -5.140845e+02 3.002262e+00 -3.551400e+00 -1.110902e+02
<VARIANCE> 6
 3.185104e+01 6.622927e+04 2.101530e+04 2.998198e+02 4.022584e+04 5.158639e+07
<GCONST> 6.960643e+01
<MIXTURE> 11 8.674777e-02
<MEAN> 6
 7.089843e+01 -7.860831e+02 -6.491102e+02 -2.487830e+00 -5.103701e+00 -2.601819e+01
<VARIANCE> 6
 3.185104e+01 1.195217e+04 1.347220e+05 2.998198e+02 4.022584e+04 5.158639e+07
<GCONST> 6.975218e+01
<MIXTURE> 12 9.373086e-02
<MEAN> 6
 6.003178e+01 -4.254781e+02 -2.327038e+02 5.885510e-01 -7.773976e+00 -1.763818e+02
<VARIANCE> 6
 3.185104e+01 1.195217e+04 1.387160e+04 2.998198e+02 4.022584e+04 5.158639e+07
<GCONST> 6.747881e+01
<MIXTURE> 13 7.130370e-02
<MEAN> 6
 6.784164e+01 1.676899e+01 -9.548936e+02 -4.027286e-01 -6.163338e+00 -9.398978e+01
<VARIANCE> 6
 3.185104e+01 1.195217e+04 2.684611e+04 2.998198e+02 4.022584e+04 5.158639e+07
<GCONST> 6.813909e+01
<STATE> 10
<NUMMIXES> 13
<MIXTURE> 1 1.143896e-01
<MEAN> 6
 7.357108e+01 5.101395e+01 1.632462e+02 -9.378133e-01 -2.367707e+00 -2.656423e+01
<VARIANCE> 6
 3.185104e+01 1.195217e+04 1.387160e+04 2.998198e+02 4.022584e+04 5.158639e+07
<GCONST> 6.747881e+01
<MIXTURE> 2 9.841332e-02
<MEAN> 6
 7.370010e+01 4.173917e+02 -4.705434e+01 4.657682e-01 7.431553e+00 4.174564e+01
<VARIANCE> 6
 3.185104e+01 1.195217e+04 3.108022e+04 2.998198e+02 4.022584e+04 5.158639e+07
<GCONST> 6.828555e+01
<MIXTURE> 3 8.779220e-02
<MEAN> 6
 7.441273e+01 7.740987e+01 -2.540844e+02 -8.687598e-01 -6.634374e+00 -7.702534e+01
<VARIANCE> 6
 3.185104e+01 1.195217e+04 1.387160e+04 2.998198e+02 4.022584e+04 5.158639e+07
<GCONST> 6.747881e+01
<MIXTURE> 4 7.084223e-02
<MEAN> 6
 6.778670e+01 -6.754720e+01 1.619698e+02 9.909080e-01 2.085203e+00 -6.642917e+01
<VARIANCE> 6
 3.185104e+01 1.195217e+04 4.435976e+04 2.998198e+02 4.022584e+04 5.158639e+07
<GCONST> 6.864130e+01
<MIXTURE> 5 6.154210e-02
<MEAN> 6
 7.072999e+01 1.263953e+02 -3.713584e+02 1.807086e+00 -2.389473e+00 -1.577999e+02
<VARIANCE> 6
 3.185104e+01 1.195217e+04 1.387160e+04 2.998198e+02 4.022584e+04 5.158639e+07
<GCONST> 6.747881e+01
<MIXTURE> 6 7.929246e-02
<MEAN> 6
 6.928155e+01 -1.543355e+02 1.396972e+02 1.101015e+00 2.290308e+00 -1.669980e+02
<VARIANCE> 6
 3.185104e+01 1.195217e+04 1.387160e+04 2.998198e+02 4.022584e+04 5.158639e+07
<GCONST> 6.747881e+01
<MIXTURE> 7 2.398194e-03
<MEAN> 6
 7.551125e+01 -4.229105e+02 -3.412106e+02 -5.080081e+00 -9.526786e+01 -5.487464e+02
<VARIANCE> 6
 8.184399e+01 6.353926e+05 3.272624e+05 2.998198e+02 6.125891e+04 5.158639e+07
<GCONST> 7.597741e+01
<MIXTURE> 8 1.062547e-01
<MEAN> 6
 7.276947e+01 1.921210e+01 1.661266e+02 -4.490797e-01 -1.426550e+00 -8.809362e+01
<VARIANCE> 6
 3.185104e+01 1.195217e+04 1.387160e+04 2.998198e+02 4.022584e+04 5.158639e+07
<GCONST> 6.747881e+01
<MIXTURE> 9 7.266086e-02
<MEAN> 6
 6.953703e+01 -2.770460e+01 -2.018039e+02 1.244495e-01 1.092116e+00 -1.357160e+02
<VARIANCE> 6
 3.185104e+01 1.195217e+04 1.387160e+04 2.998198e+02 4.022584e+04 5.158639e+07
<GCONST> 6.747881e+01
<MIXTURE> 10 6.333612e-02
<MEAN> 6
 6.851879e+01 9.666728e+01 -4.087046e+02 4.231053e+00 -1.460033e-01 -3.032954e+02
<VARIANCE> 6
 3.185104e+01 1.195217e+04 1.387160e+04 2.998198e+02 4.022584e+04 5.158639e+07
<GCONST> 6.747881e+01
<MIXTURE> 11 8.900974e-02
<MEAN> 6
 7.458903e+01 5.977562e+01 -2.665880e+02 -6.863213e-01 -6.423260e+00 -8.983941e+01
<VARIANCE> 6
 3.185104e+01 1.195217e+04 1.387160e+04 2.998198e+02 4.022584e+04 5.158639e+07
<GCONST> 6.747881e+01
<MIXTURE> 12 7.650312e-02
<MEAN> 6
 6.856102e+01 -4.760811e+01 -2.026234e+02 2.397606e-01 2.965333e+00 -1.188747e+02
<VARIANCE> 6
 3.185104e+01 1.195217e+04 1.387160e+04 2.998198e+02 4.022584e+04 5.158639e+07
<GCONST> 6.747881e+01
<MIXTURE> 13 7.749793e-02
<MEAN> 6
 6.979121e+01 -1.973448e+02 8.869065e+01 6.860801e-01 -7.908511e-01 -2.194679e+02
<VARIANCE> 6
 3.185104e+01 1.195217e+04 1.387160e+04 2.998198e+02 4.022584e+04 5.158639e+07
<GCONST> 6.747881e+01
<STATE> 11
<NUMMIXES> 13
<MIXTURE> 1 9.922684e-02
<MEAN> 6
 9.040075e+01 -9.492537e+01 -3.122085e+03 -7.474056e+00 -3.925357e-01 2.968431e+02
<VARIANCE> 6
 6.310625e+01 1.195217e+04 1.387160e+04 2.998198e+02 4.022584e+04 5.158639e+07
<GCONST> 6.816257e+01
<MIXTURE> 2 7.217936e-02
<MEAN> 6
 7.578049e+01 2.861867e+03 4.594037e+02 -2.334869e+00 -1.522384e+01 -6.108891e+01
<VARIANCE> 6
 3.185104e+01 1.195217e+04 1.387160e+04 2.998198e+02 4.022584e+04 5.158639e+07
<GCONST> 6.747881e+01
<MIXTURE> 3 3.798698e-02
<MEAN> 6
 8.244889e+01 -8.785778e+03 2.062185e+03 -1.094084e+01 -1.049898e+01 4.899713e+02
<VARIANCE> 6
 3.185104e+01 1.195217e+04 1.414565e+04 2.998198e+02 4.022584e+04 5.158639e+07
<GCONST> 6.749837e+01
<MIXTURE> 4 9.403722e-02
<MEAN> 6
 7.937968e+01 1.476445e+03 4.546018e+02 -1.631842e+00 -7.735178e+00 -2.469980e+02
<VARIANCE> 6
 3.185104e+01 2.005848e+04 1.387160e+04 2.998198e+02 4.022584e+04 5.158639e+07
<GCONST> 6.799655e+01
<MIXTURE> 5 1.175621e-01
<MEAN> 6
 7.894041e+01 2.612072e+03 -2.111857e+02 -1.412027e+00 -1.824800e+00 -1.604245e+02
<VARIANCE> 6
 3.185104e+01 9.159089e+04 1.387160e+04 2.998198e+02 4.022584e+04 5.158639e+07
<GCONST> 6.951524e+01
<MIXTURE> 6 7.094672e-02
<MEAN> 6
 8.059429e+01 5.856321e+02 1.017083e+03 -4.569599e+00 3.890073e+00 1.367038e+01
<VARIANCE> 6
 3.185104e+01 1.195217e+04 1.387160e+04 2.998198e+02 4.022584e+04 5.158639e+07
<GCONST> 6.747881e+01
<MIXTURE> 7 6.599031e-02
<MEAN> 6
 7.391528e+01 3.695569e+02 7.671191e+02 -1.540798e+00 -2.456020e+00 -4.207617e+01
<VARIANCE> 6
 3.185104e+01 1.195217e+04 1.387160e+04 2.998198e+02 4.022584e+04 5.158639e+07
<GCONST> 6.747881e+01
<MIXTURE> 8 8.151661e-02
<MEAN> 6
 7.306934e+01 -9.030287e+03 1.503990e+03 -1.115483e+00 2.152337e+00 -3.389972e+00
<VARIANCE> 6
 3.185104e+01 1.195217e+04 5.482083e+04 2.998198e+02 4.022584e+04 5.158639e+07
<GCONST> 6.885304e+01
<MIXTURE> 9 4.476717e-02
<MEAN> 6
 7.648619e+01 -3.361299e+02 -2.675692e+03 -9.697671e-01 -4.737909e+00 -2.003414e+02
<VARIANCE> 6
 3.185104e+01 1.195217e+04 1.387160e+04 2.998198e+02 4.022584e+04 5.158639e+07
<GCONST> 6.747881e+01
<MIXTURE> 10 6.645551e-02
<MEAN> 6
 7.575499e+01 2.859378e+03 4.585878e+02 -2.515890e+00 -1.680040e+01 -6.174766e+01
<VARIANCE> 6
 3.185104e+01 1.195217e+04 1.387160e+04 2.998198e+02 4.022584e+04 5.158639e+07
<GCONST> 6.747881e+01
<MIXTURE> 11 5.180528e-02
<MEAN> 6
 7.330367e+01 -8.856900e+03 1.001443e+03 1.201501e+00 -1.585746e+01 -5.574240e+02
<VARIANCE> 6
 3.185104e+01 1.195217e+04 1.387160e+04 2.998198e+02 4.022584e+04 5.158639e+07
<GCONST> 6.747881e+01
<MIXTURE> 12 1.340441e-01
<MEAN> 6
 8.270232e+01 1.024977e+03 3.219370e+02 -1.470780e+00 -1.225877e+01 -3.591182e+02
<VARIANCE> 6
 3.185104e+01 3.900543e+04 1.387160e+04 2.998198e+02 4.022584e+04 5.158639e+07
<GCONST> 6.866160e+01
<MIXTURE> 13 6.347739e-02
<MEAN> 6
 7.267220e+01 3.271572e+02 6.613469e+02 -2.759011e+00 -1.870592e+01 -2.600453e+02
<VARIANCE> 6
 3.185104e+01 1.195217e+04 1.387160e+04 2.998198e+02 4.022584e+04 5.158639e+07
<GCONST> 6.747881e+01
<STATE> 12
<NUMMIXES> 13
<MIXTURE> 1 5.333907e-03
<MEAN> 6
 9.721003e+00 -3.142516e+02 4.044014e+01 3.538301e+01 -5.423092e+02 1.013281e+04
<VARIANCE> 6
 9.596560e+03 2.654644e+06 1.040966e+06 1.562141e+06 8.575333e+08 1.241304e+12
<GCONST> 1.115222e+02
<MIXTURE> 2 6.174098e-02
<MEAN> 6
 3.093522e+01 1.860799e+02 8.065164e+01 2.420213e+02 -2.808725e+01 -1.892525e+03
<VARIANCE> 6
 7.589745e+02 2.877217e+05 1.300852e+05 6.748257e+03 2.279034e+05 7.909850e+07
<GCONST> 8.134485e+01
<MIXTURE> 3 4.801264e-02
<MEAN> 6
 3.122284e+01 4.434534e+02 -1.040830e+02 -5.283939e+01 -2.486785e+02 4.233493e+03
<VARIANCE> 6
 5.613229e+03 1.072519e+07 1.434958e+06 7.299622e+04 5.235858e+06 3.592402e+09
<GCONST> 9.869618e+01
<MIXTURE> 4 6.589597e-02
<MEAN> 6
 9.825323e+01 7.264526e+01 -1.095313e+02 -6.652677e+00 -2.326135e+01 -3.124948e+02
<VARIANCE> 6
 4.622774e+02 1.888501e+06 2.583143e+05 2.998198e+02 4.022584e+04 5.158639e+07
<GCONST> 7.814087e+01
<MIXTURE> 5 8.867605e-02
<MEAN> 6
 1.103507e+01 -8.567597e+00 3.195876e+01 -3.072160e+02 8.123112e+00 1.049425e+04
<VARIANCE> 6
 6.119165e+02 1.332181e+05 1.092181e+05 9.782111e+03 8.465298e+05 3.678640e+08
<GCONST> 8.340514e+01
<MIXTURE> 6 1.186140e-01
<MEAN> 6
 -3.635801e+01 8.679052e+01 3.162576e+01 7.272454e+01 7.483256e+02 -1.093883e+03
<VARIANCE> 6
 3.220761e+02 1.595014e+05 4.462363e+04 1.922254e+04 2.022459e+05 5.610516e+07
<GCONST> 7.941170e+01
<MIXTURE> 7 1.004949e-01
<MEAN> 6
 9.586418e+01 -1.287334e+01 2.175657e+01 4.345465e+01 -9.462462e+02 -2.246773e+03
<VARIANCE> 6
 5.217155e+02 4.432637e+05 1.182073e+05 2.766475e+04 1.887010e+06 9.011245e+08
<GCONST> 8.726407e+01
<MIXTURE> 8 8.084024e-02
<MEAN> 6
 -5.629600e+01 8.568973e+01 3.800685e+00 7.170223e+00 1.868074e+02 5.004462e+02
<VARIANCE> 6
 2.743389e+02 3.115615e+05 1.339866e+05 7.553704e+02 8.812989e+04 5.158639e+07
<GCONST> 7.686902e+01
<MIXTURE> 9 8.933032e-02
<MEAN> 6
 8.270206e+01 3.466866e+01 8.247934e+01 1.820782e+01 -5.745831e+02 -7.607158e+02
<VARIANCE> 6
 2.953994e+02 1.145608e+05 1.511997e+05 1.988649e+04 1.775418e+05 5.525797e+07
<GCONST> 8.010309e+01
<MIXTURE> 10 1.133190e-01
<MEAN> 6
 9.266034e+01 -1.305280e+02 -2.052387e+01 -4.437507e+00 -3.027013e+01 -2.622176e+02
<VARIANCE> 6
 2.213161e+02 1.815128e+05 7.124807e+04 2.998198e+02 4.022584e+04 5.158639e+07
<GCONST> 7.377407e+01
<MIXTURE> 11 8.827914e-02
<MEAN> 6
 -4.916250e+01 -2.757922e+01 5.345976e+00 -3.643180e+01 1.517769e+03 -3.160350e+03
<VARIANCE> 6
 3.083687e+02 2.776220e+05 2.136520e+05 3.513008e+04 9.239688e+05 5.444397e+08
<GCONST> 8.588319e+01
<MIXTURE> 12 7.553370e-02
<MEAN> 6
 7.279565e+01 -4.442436e+01 1.012290e+01 -1.690596e+02 -8.799061e+02 -1.271573e+02
<VARIANCE> 6
 4.808022e+02 2.000844e+05 7.260855e+04 1.297535e+04 3.208141e+05 8.139313e+07
<GCONST> 8.096628e+01
<MIXTURE> 13 6.317548e-02
<MEAN> 6
 2.520833e+01 1.137306e+01 -1.096782e+01 2.661318e+02 -5.615044e+01 -5.211865e+03
<VARIANCE> 6
 6.615881e+02 1.865460e+05 5.881225e+04 8.142231e+03 2.671113e+05 9.664157e+07
<GCONST> 8.052721e+01
<TRANSP> 13
 0.000000e+00 1.000000e+00 0.000000e+00 0.000000e+00 0.000000e+00 0.000000e+00 0.000000e+00 0.000000e+00 0.000000e+00 0.000000e+00 0.000000e+00 0.000000e+00 0.000000e+00
 0.000000e+00 9.998348e-01 1.652200e-04 0.000000e+00 0.000000e+00 0.000000e+00 0.000000e+00 0.000000e+00 0.000000e+00 0.000000e+00 0.000000e+00 0.000000e+00 0.000000e+00
 0.000000e+00 0.000000e+00 9.959257e-01 4.074222e-03 0.000000e+00 0.000000e+00 0.000000e+00 0.000000e+00 0.000000e+00 0.000000e+00 0.000000e+00 0.000000e+00 0.000000e+00
 0.000000e+00 0.000000e+00 0.000000e+00 9.981391e-01 1.860913e-03 0.000000e+00 0.000000e+00 0.000000e+00 0.000000e+00 0.000000e+00 0.000000e+00 0.000000e+00 0.000000e+00
 0.000000e+00 0.000000e+00 0.000000e+00 0.000000e+00 9.958894e-01 4.110593e-03 0.000000e+00 0.000000e+00 0.000000e+00 0.000000e+00 0.000000e+00 0.000000e+00 0.000000e+00
 0.000000e+00 0.000000e+00 0.000000e+00 0.000000e+00 0.000000e+00 9.952601e-01 4.739983e-03 0.000000e+00 0.000000e+00 0.000000e+00 0.000000e+00 0.000000e+00 0.000000e+00
 0.000000e+00 0.000000e+00 0.000000e+00 0.000000e+00 0.000000e+00 0.000000e+00 9.968562e-01 3.143836e-03 0.000000e+00 0.000000e+00 0.000000e+00 0.000000e+00 0.000000e+00
 0.000000e+00 0.000000e+00 0.000000e+00 0.000000e+00 0.000000e+00 0.000000e+00 0.000000e+00 9.940690e-01 5.931056e-03 0.000000e+00 0.000000e+00 0.000000e+00 0.000000e+00
 0.000000e+00 0.000000e+00 0.000000e+00 0.000000e+00 0.000000e+00 0.000000e+00 0.000000e+00 0.000000e+00 9.986097e-01 1.390330e-03 0.000000e+00 0.000000e+00 0.000000e+00
 0.000000e+00 0.000000e+00 0.000000e+00 0.000000e+00 0.000000e+00 0.000000e+00 0.000000e+00 0.000000e+00 0.000000e+00 9.990094e-01 9.905577e-04 0.000000e+00 0.000000e+00
 0.000000e+00 0.000000e+00 0.000000e+00 0.000000e+00 0.000000e+00 0.000000e+00 0.000000e+00 0.000000e+00 0.000000e+00 0.000000e+00 9.969913e-01 3.008706e-03 0.000000e+00
 0.000000e+00 0.000000e+00 0.000000e+00 0.000000e+00 0.000000e+00 0.000000e+00 0.000000e+00 0.000000e+00 0.000000e+00 0.000000e+00 0.000000e+00 9.999409e-01 5.913581e-05
 0.000000e+00 0.000000e+00 0.000000e+00 0.000000e+00 0.000000e+00 0.000000e+00 0.000000e+00 0.000000e+00 0.000000e+00 0.000000e+00 0.000000e+00 0.000000e+00 0.000000e+00
<ENDHMM>
~h "SegundoESO"
<BEGINHMM>
<NUMSTATES> 13
<STATE> 2
<NUMMIXES> 13
<MIXTURE> 1 1.075274e-01
<MEAN> 6
 7.175182e+01 1.320463e+04 -1.200078e+03 -7.791382e-01 -6.246788e+00 -1.924380e+02
<VARIANCE> 6
 3.185104e+01 1.195217e+04 1.387160e+04 2.998198e+02 4.022584e+04 5.158639e+07
<GCONST> 6.747881e+01
<MIXTURE> 2 9.091864e-02
<MEAN> 6
 7.217128e+01 1.526316e+03 -2.401595e+03 2.672243e-02 -4.899920e+00 -1.830574e+02
<VARIANCE> 6
 3.185104e+01 1.195217e+04 1.671948e+05 2.998198e+02 4.022584e+04 5.158639e+07
<GCONST> 6.996813e+01
<MIXTURE> 3 7.870249e-02
<MEAN> 6
 7.212804e+01 6.884298e+02 -6.697654e+03 -4.843268e-01 -6.016644e-01 3.217696e+01
<VARIANCE> 6
 3.185104e+01 1.195217e+04 5.382576e+06 2.998198e+02 4.022584e+04 5.158639e+07
<GCONST> 7.343990e+01
<MIXTURE> 4 6.445586e-02
<MEAN> 6
 5.983642e+01 7.068204e+02 -2.706033e+03 2.894348e+00 -1.590535e+01 -1.959276e+02
<VARIANCE> 6
 3.185104e+01 1.195217e+04 7.140843e+04 2.998198e+02 4.022584e+04 5.158639e+07
<GCONST> 6.911739e+01
<MIXTURE> 5 5.571702e-02
<MEAN> 6
 7.609618e+01 5.816517e+01 -2.764470e+03 -9.239528e-01 -7.977295e+00 -1.212516e+02
<VARIANCE> 6
 3.185104e+01 3.671308e+04 2.760411e+05 2.998198e+02 4.022584e+04 5.158639e+07
<GCONST> 7.159174e+01
<MIXTURE> 6 1.090345e-01
<MEAN> 6
 5.503992e+01 1.234230e+02 -3.293716e+03 2.373050e-01 -8.029741e-01 -1.482735e+02
<VARIANCE> 6
 3.185104e+01 1.195217e+04 1.181278e+06 2.998198e+02 4.022584e+04 5.158639e+07
<GCONST> 7.192332e+01
<MIXTURE> 7 8.170500e-02
<MEAN> 6
 7.394100e+01 -2.376210e+02 -7.372347e+03 -1.656120e-01 -3.000876e+00 -1.483696e+02
<VARIANCE> 6
 3.185104e+01 1.195217e+04 5.356037e+04 2.998198e+02 4.022584e+04 5.158639e+07
<GCONST> 6.882978e+01
<MIXTURE> 8 7.246165e-02
<MEAN> 6
 5.517065e+01 6.054380e+02 -5.150896e+03 1.717463e+00 -1.134456e+00 2.124004e+01
<VARIANCE> 6
 3.185104e+01 1.229046e+04 4.955962e+05 2.998198e+02 4.022584e+04 5.158639e+07
<GCONST> 7.108264e+01
<MIXTURE> 9 1.023473e-01
<MEAN> 6
 7.664337e+01 -1.079249e+02 -4.090245e+03 -3.664268e-01 -4.457217e+00 -7.821210e+01
<VARIANCE> 6
 3.185104e+01 1.195217e+04 1.805671e+06 2.998198e+02 4.022584e+04 5.158639e+07
<GCONST> 7.234766e+01
<MIXTURE> 10 9.570201e-02
<MEAN> 6
 7.421433e+01 -4.185935e+02 -9.076576e+03 5.183342e-02 -2.318858e+00 -1.072356e+01
<VARIANCE> 6
 3.185104e+01 1.195217e+04 8.924578e+05 2.998198e+02 4.022584e+04 5.158639e+07
<GCONST> 7.164295e+01
<MIXTURE> 11 8.091610e-02
<MEAN> 6
 5.868554e+01 6.518193e+02 -3.678973e+03 1.770130e+00 5.915875e+00 -1.183849e+01
<VARIANCE> 6
 3.185104e+01 1.195217e+04 2.087567e+05 2.998198e+02 4.022584e+04 5.158639e+07
<GCONST> 7.019014e+01
<MIXTURE> 12 6.040154e-03
<MEAN> 6
 6.708592e+01 6.170889e+02 -1.421764e+03 -2.533378e-02 1.920500e+01 -2.020916e+02
<VARIANCE> 6
 2.131891e+02 1.499801e+06 5.430871e+06 2.998198e+02 5.081442e+04 5.158639e+07
<GCONST> 8.041578e+01
<MIXTURE> 13 5.445169e-02
<MEAN> 6
 7.615251e+01 3.033777e+01 -2.717631e+03 -9.953490e-01 -8.861466e+00 -1.357536e+02
<VARIANCE> 6
 3.185104e+01 3.170068e+04 2.762997e+05 2.998198e+02 4.022584e+04 5.158639e+07
<GCONST> 7.144588e+01
<STATE> 3
<NUMMIXES> 13
<MIXTURE> 1 1.015347e-01
<MEAN> 6
 7.178153e+01 6.654394e+02 7.473248e+02 6.048863e-01 -3.381702e+00 -1.086223e+02
<VARIANCE> 6
 3.185104e+01 1.195217e+04 8.597224e+05 2.998198e+02 4.022584e+04 5.158639e+07
<GCONST> 7.160558e+01
<MIXTURE> 2 9.986355e-02
<MEAN> 6
 8.780059e+01 -1.390031e+03 2.735190e+02 -1.597395e+00 -5.600680e+00 -1.562245e+02
<VARIANCE> 6
 3.185104e+01 2.633443e+05 8.398431e+04 2.998198e+02 4.022584e+04 5.158639e+07
<GCONST> 7.237215e+01
<MIXTURE> 3 4.519596e-02
<MEAN> 6
 7.619451e+01 4.130729e+02 -8.216443e+02 -1.556173e-01 -1.990420e+00 -1.022853e+02
<VARIANCE> 6
 3.185104e+01 1.195217e+04 1.387160e+04 2.998198e+02 4.022584e+04 5.158639e+07
<GCONST> 6.747881e+01
<MIXTURE> 4 9.670487e-02
<MEAN> 6
 8.294736e+01 -1.865379e+03 -1.089258e+02 -3.047831e+00 -2.052849e+00 -1.382757e+02
<VARIANCE> 6
 8.909066e+01 7.591396e+06 4.780549e+05 2.998198e+02 4.022584e+04 5.158639e+07
<GCONST> 7.850114e+01
<MIXTURE> 5 1.058766e-01
<MEAN> 6
 7.216058e+01 -3.776934e+02 6.714864e+02 -1.197501e+00 -2.037805e+00 1.927720e+01
<VARIANCE> 6
 3.185104e+01 1.195217e+04 1.686779e+05 2.998198e+02 4.022584e+04 5.158639e+07
<GCONST> 6.997696e+01
<MIXTURE> 6 3.284851e-02
<MEAN> 6
 6.340945e+01 -1.189006e+01 1.532046e+03 1.354622e+01 -6.935905e+00 -2.520522e+02
<VARIANCE> 6
 5.481435e+01 4.123532e+04 2.531469e+05 1.770087e+03 4.022584e+04 5.158639e+07
<GCONST> 7.393980e+01
<MIXTURE> 7 1.065086e-01
<MEAN> 6
 6.937762e+01 -3.734021e+02 3.294262e+02 -4.000156e-01 -3.855025e+00 -5.583717e+00
<VARIANCE> 6
 3.185104e+01 1.195217e+04 1.387160e+04 2.998198e+02 4.022584e+04 5.158639e+07
<GCONST> 6.747881e+01
<MIXTURE> 8 6.563037e-02
<MEAN> 6
 7.316107e+01 8.652184e+01 -5.437518e+02 -1.069810e+00 -7.100566e+00 -1.274812e+02
<VARIANCE> 6
 3.185104e+01 2.970404e+04 2.024379e+04 2.998198e+02 4.022584e+04 5.158639e+07
<GCONST> 6.876719e+01
<MIXTURE> 9 1.003509e-01
<MEAN> 6
 8.454175e+01 -7.610339e+02 1.533343e+02 -3.067181e-01 -1.377120e+00 -1.243437e+02
<VARIANCE> 6
 3.185104e+01 1.195217e+04 1.387160e+04 2.998198e+02 4.022584e+04 5.158639e+07
<GCONST> 6.747881e+01
<MIXTURE> 10 5.990740e-02
<MEAN> 6
 7.375592e+01 4.960662e+02 7.731031e+02 -1.217014e+00 9.028776e-01 -4.235668e+01
<VARIANCE> 6
 3.185104e+01 6.352451e+04 2.777106e+05 2.998198e+02 4.022584e+04 5.158639e+07
<GCONST> 7.214606e+01
<MIXTURE> 11 4.870188e-02
<MEAN> 6
 7.967387e+01 -5.323268e+02 -5.328513e+01 -3.622770e-01 -8.130407e+00 7.504557e+00
<VARIANCE> 6
 3.185104e+01 1.606048e+04 1.387160e+04 2.998198e+02 4.022584e+04 5.158639e+07
<GCONST> 6.777426e+01
<MIXTURE> 12 7.179258e-02
<MEAN> 6
 7.406609e+01 5.831750e+02 4.144888e+02 -1.223452e+00 1.162728e+00 -5.214162e+01
<VARIANCE> 6
 3.185104e+01 3.191939e+04 2.993343e+04 2.998198e+02 4.022584e+04 5.158639e+07
<GCONST> 6.923025e+01
<MIXTURE> 13 6.505364e-02
<MEAN> 6
 7.367072e+01 4.038517e+01 -6.022236e+02 -6.656176e-01 -5.583690e+00 -1.639740e+02
<VARIANCE> 6
 3.185104e+01 1.694721e+04 1.573572e+04 2.998198e+02 4.022584e+04 5.158639e+07
<GCONST> 6.795409e+01
<STATE> 4
<NUMMIXES> 13
<MIXTURE> 1 6.150848e-02
<MEAN> 6
 9.825116e+01 -3.521458e+03 1.073920e+04 -2.466953e+00 -1.855453e+01 1.746896e+02
<VARIANCE> 6
 3.185104e+01 4.317694e+05 7.187050e+06 2.998198e+02 4.022584e+04 5.158639e+07
<GCONST> 7.731599e+01
<MIXTURE> 2 7.479651e-02
<MEAN> 6
 5.393210e+01 -3.107317e+03 8.357267e+03 -6.444650e+01 -3.313752e+02 8.269131e+02
<VARIANCE> 6
 8.463943e+02 1.560051e+07 9.004123e+07 2.414789e+04 1.134525e+06 2.143768e+08
<GCONST> 9.586377e+01
<MIXTURE> 3 6.890420e-02
<MEAN> 6
 7.450381e+01 -2.083538e+03 6.412533e+03 -2.685347e-01 -8.042576e+00 -2.106544e+02
<VARIANCE> 6
 3.185104e+01 2.432654e+05 4.120500e+06 2.998198e+02 4.022584e+04 5.158639e+07
<GCONST> 7.618594e+01
<MIXTURE> 4 1.213167e-01
<MEAN> 6
 6.769256e+01 -4.129533e+03 3.418823e+03 -7.761063e-01 -5.731567e+00 -1.448320e+02
<VARIANCE> 6
 3.185104e+01 3.468162e+04 1.387160e+04 2.998198e+02 4.022584e+04 5.158639e+07
<GCONST> 6.854411e+01
<MIXTURE> 5 1.168048e-01
<MEAN> 6
 8.905663e+01 -4.394817e+03 4.278759e+03 -1.405082e+00 -1.608607e+01 -2.618899e+02
<VARIANCE> 6
 3.185104e+01 1.276598e+04 2.503533e+06 2.998198e+02 4.022584e+04 5.158639e+07
<GCONST> 7.274030e+01
<MIXTURE> 6 1.188916e-01
<MEAN> 6
 6.895398e+01 -2.224769e+03 3.369707e+02 4.020466e-01 -7.924722e-01 -1.427810e+01
<VARIANCE> 6
 3.185104e+01 1.098472e+05 9.786498e+04 2.998198e+02 4.022584e+04 5.158639e+07
<GCONST> 7.165074e+01
<MIXTURE> 7 4.290047e-02
<MEAN> 6
 6.130893e+01 -1.750265e+03 -3.291429e+02 -2.349954e-01 -1.097358e+01 -3.134991e+02
<VARIANCE> 6
 3.185104e+01 4.217791e+04 1.387160e+04 2.998198e+02 4.022584e+04 5.158639e+07
<GCONST> 6.873980e+01
<MIXTURE> 8 7.252251e-02
<MEAN> 6
 8.067600e+01 1.022490e+02 3.204520e+03 4.139636e-01 -4.890853e+00 -2.207583e+02
<VARIANCE> 6
 3.185104e+01 2.794751e+05 1.387160e+04 2.998198e+02 4.022584e+04 5.158639e+07
<GCONST> 7.063081e+01
<MIXTURE> 9 4.919188e-02
<MEAN> 6
 6.131213e+01 -2.517152e+03 -6.238309e+02 -4.413535e-01 -3.249701e+00 -5.331321e+01
<VARIANCE> 6
 3.185104e+01 1.432185e+04 1.387160e+04 2.998198e+02 4.022584e+04 5.158639e+07
<GCONST> 6.765969e+01
<MIXTURE> 10 6.908417e-02
<MEAN> 6
 7.426266e+01 -1.513391e+03 2.764618e+03 2.136082e+00 -6.582706e+00 -7.483987e+01
<VARIANCE> 6
 3.185104e+01 3.498729e+05 8.633916e+04 2.998198e+02 4.022584e+04 5.158639e+07
<GCONST> 7.268391e+01
<MIXTURE> 11 5.464518e-02
<MEAN> 6
 8.275845e+01 -4.842368e+03 1.151848e+04 -3.120735e-02 1.733246e+00 6.137142e+01
<VARIANCE> 6
 3.185104e+01 2.664669e+04 6.911424e+06 2.998198e+02 4.022584e+04 5.158639e+07
<GCONST> 7.449165e+01
<MIXTURE> 12 8.591221e-02
<MEAN> 6
 6.975917e+01 -2.197632e+03 -3.791957e+02 5.366682e-02 2.174767e-01 -8.078841e+01
<VARIANCE> 6
 3.185104e+01 2.033180e+04 1.387160e+04 2.998198e+02 4.022584e+04 5.158639e+07
<GCONST> 6.801009e+01
<MIXTURE> 13 6.350779e-02
<MEAN> 6
 7.090461e+01 -2.124394e+03 2.561069e+03 3.242435e+00 -2.359148e+01 -2.413916e+02
<VARIANCE> 6
 3.185104e+01 6.745470e+05 2.619906e+05 2.998198e+02 4.022584e+04 5.158639e+07
<GCONST> 7.445041e+01
<STATE> 5
<NUMMIXES> 13
<MIXTURE> 1 9.324266e-02
<MEAN> 6
 6.784949e+01 1.309944e+03 6.450183e+01 -8.947775e-01 -4.045925e+00 -1.452636e+02
<VARIANCE> 6
 3.185104e+01 1.276846e+05 1.387160e+04 2.998198e+02 4.022584e+04 5.158639e+07
<GCONST> 6.984747e+01
<MIXTURE> 2 6.390372e-02
<MEAN> 6
 5.985416e+01 2.006953e+03 -6.156459e+02 2.058010e-01 -1.803232e+00 -1.372266e+02
<VARIANCE> 6
 3.185104e+01 4.631531e+05 2.369573e+05 2.998198e+02 4.022584e+04 5.158639e+07
<GCONST> 7.397400e+01
<MIXTURE> 3 6.130665e-02
<MEAN> 6
 5.974422e+01 1.288096e+02 3.739281e+02 -1.472589e+00 -4.547187e+00 -1.917695e+02
<VARIANCE> 6
 6.664910e+01 1.195217e+04 3.143817e+04 2.998198e+02 4.022584e+04 5.158639e+07
<GCONST> 6.903536e+01
<MIXTURE> 4 1.164329e-01
<MEAN> 6
 6.080858e+01 -2.997570e+02 5.821258e+01 -3.642200e-01 -6.136477e+00 -2.065910e+02
<VARIANCE> 6
 3.185104e+01 2.943719e+04 3.724758e+04 2.998198e+02 4.022584e+04 5.158639e+07
<GCONST> 6.936790e+01
<MIXTURE> 5 6.702331e-02
<MEAN> 6
 6.577051e+01 4.198579e+02 -2.156054e+02 5.110355e-01 -2.445218e+00 -1.337684e+02
<VARIANCE> 6
 3.185104e+01 1.195217e+04 1.387160e+04 2.998198e+02 4.022584e+04 5.158639e+07
<GCONST> 6.747881e+01
<MIXTURE> 6 1.070925e-01
<MEAN> 6
 6.619006e+01 3.572679e+02 -2.307835e+02 1.185628e-01 -8.062721e+00 -2.085464e+02
<VARIANCE> 6
 3.185104e+01 8.511684e+04 1.387160e+04 2.998198e+02 4.022584e+04 5.158639e+07
<GCONST> 6.944193e+01
<MIXTURE> 7 6.318966e-02
<MEAN> 6
 6.508279e+01 -7.212161e+02 -5.317920e+02 8.281160e-01 -7.103146e+00 -1.841908e+02
<VARIANCE> 6
 3.185104e+01 1.195217e+04 5.459684e+04 2.998198e+02 4.022584e+04 5.158639e+07
<GCONST> 6.884895e+01
<MIXTURE> 8 4.738423e-02
<MEAN> 6
 6.327630e+01 -7.345621e+02 5.964754e+01 3.677804e-02 -3.034926e+00 -7.859219e+01
<VARIANCE> 6
 3.185104e+01 1.415960e+05 1.387160e+04 2.998198e+02 4.022584e+04 5.158639e+07
<GCONST> 6.995088e+01
<MIXTURE> 9 9.305368e-02
<MEAN> 6
 6.443117e+01 1.147464e+03 -1.069112e+03 -2.396230e-01 -5.575172e+00 -9.428535e+01
<VARIANCE> 6
 3.185104e+01 1.758974e+06 8.516473e+04 2.998198e+02 4.022584e+04 5.158639e+07
<GCONST> 7.428513e+01
<MIXTURE> 10 9.523857e-02
<MEAN> 6
 5.718648e+01 -1.614054e+02 -4.969792e+02 -6.274066e-01 -1.086750e+00 -4.516959e+01
<VARIANCE> 6
 3.185104e+01 5.233900e+04 5.305299e+04 2.998198e+02 4.022584e+04 5.158639e+07
<GCONST> 7.029709e+01
<MIXTURE> 11 6.710421e-02
<MEAN> 6
 6.572704e+01 4.156870e+02 -2.133443e+02 5.170002e-01 -2.653515e+00 -1.350966e+02
<VARIANCE> 6
 3.185104e+01 1.195217e+04 1.387160e+04 2.998198e+02 4.022584e+04 5.158639e+07
<GCONST> 6.747881e+01
<MIXTURE> 12 6.237422e-02
<MEAN> 6
 6.471872e+01 -8.483260e+02 -3.893382e+00 2.379315e-01 -4.683500e+00 -8.664987e+01
<VARIANCE> 6
 3.185104e+01 7.698203e+04 1.387160e+04 2.998198e+02 4.022584e+04 5.158639e+07
<GCONST> 6.934148e+01
<MIXTURE> 13 6.250646e-02
<MEAN> 6
 6.353673e+01 8.233766e+01 2.858525e+02 -1.412585e+00 -8.450626e+00 -1.560376e+02
<VARIANCE> 6
 3.597715e+01 1.195217e+04 1.450824e+04 2.998198e+02 4.022584e+04 5.158639e+07
<GCONST> 6.764550e+01
<STATE> 6
<NUMMIXES> 13
<MIXTURE> 1 6.370544e-02
<MEAN> 6
 -3.680027e+01 5.148368e+02 2.245617e+03 -2.650577e+01 6.863770e+02 4.995535e+01
<VARIANCE> 6
 8.409651e+02 4.072480e+05 6.772494e+06 5.587038e+04 4.444042e+05 1.824183e+08
<GCONST> 8.936446e+01
<MIXTURE> 2 5.770353e-02
<MEAN> 6
 7.398537e+01 -1.051866e+02 2.056709e+03 4.131633e+01 -7.005051e+02 1.132499e+03
<VARIANCE> 6
 4.468372e+02 6.877741e+05 5.617214e+06 3.121431e+04 2.752181e+05 8.832706e+07
<GCONST> 8.728252e+01
<MIXTURE> 3 8.592960e-02
<MEAN> 6
 -4.394147e+01 -5.105718e+01 1.643517e+02 1.609396e+02 1.059156e+03 -4.089816e+02
<VARIANCE> 6
 1.063690e+02 7.328699e+05 1.789318e+05 5.734881e+03 1.417923e+05 5.942178e+07
<GCONST> 7.971027e+01
<MIXTURE> 4 7.565294e-02
<MEAN> 6
 6.336604e+01 1.131698e+02 3.835781e+01 -5.310690e+01 -7.656656e+02 1.561425e+03
<VARIANCE> 6
 1.196985e+02 5.867643e+05 1.140610e+05 3.022109e+04 1.080395e+05 5.158639e+07
<GCONST> 8.040442e+01
<MIXTURE> 5 1.053247e-01
<MEAN> 6
 -6.306484e+01 -6.001081e+01 1.083548e+02 2.083894e+01 5.469126e+02 -1.041519e+03
<VARIANCE> 6
 6.121572e+01 5.302602e+05 3.060031e+05 1.814416e+03 2.093231e+05 7.733133e+07
<GCONST> 7.887290e+01
<MIXTURE> 6 7.202349e-02
<MEAN> 6
 8.215149e+01 9.744855e+01 -6.449306e+01 1.835156e+01 -1.188821e+03 -5.953445e+02
<VARIANCE> 6
 5.041838e+02 3.634785e+06 3.570641e+05 2.640744e+04 9.442811e+05 6.794184e+08
<GCONST> 8.941826e+01
<MIXTURE> 7 5.172136e-02
<MEAN> 6
 -1.184816e+01 -8.044772e+01 1.188624e+02 2.752187e+02 4.291826e+02 -9.768592e+03
<VARIANCE> 6
 1.158302e+02 6.639484e+05 2.278502e+05 5.531814e+03 1.439376e+05 7.328678e+07
<GCONST> 8.012709e+01
<MIXTURE> 8 1.118882e-01
<MEAN> 6
 3.298256e+01 4.368512e+01 -2.789049e+01 2.557977e+02 -3.883026e+02 -2.957243e+03
<VARIANCE> 6
 4.319797e+02 1.032389e+06 4.586557e+05 2.878455e+03 1.317013e+05 5.287362e+07
<GCONST> 8.151579e+01
<MIXTURE> 9 7.425974e-02
<MEAN> 6
 9.034013e+01 -2.136070e+00 2.845350e+02 -1.145792e+01 -3.275989e+02 -4.024808e+01
<VARIANCE> 6
 9.768703e+01 9.072547e+05 4.715567e+05 2.449976e+03 1.212138e+05 5.158639e+07
<GCONST> 7.965891e+01
<MIXTURE> 10 7.101277e-02
<MEAN> 6
 1.350628e+01 3.701457e+02 1.221027e+02 -2.767394e+02 -1.659598e+02 4.990498e+03
<VARIANCE> 6
 6.836461e+02 5.758276e+05 2.416292e+05 2.860700e+03 2.922557e+05 1.325314e+08
<GCONST> 8.245996e+01
<MIXTURE> 11 8.916710e-02
<MEAN> 6
 -4.896027e+01 2.086290e+02 1.804346e+02 -1.765850e+02 1.565108e+03 4.618604e+03
<VARIANCE> 6
 2.024846e+02 9.303751e+05 6.443417e+05 1.227582e+04 7.701405e+05 6.612893e+08
<GCONST> 8.673666e+01
<MIXTURE> 12 7.416108e-02
<MEAN> 6
 7.844904e+01 -1.628770e+02 2.311043e+02 -3.847309e+01 -9.536545e+02 -3.037495e+03
<VARIANCE> 6
 1.139785e+02 4.746694e+05 3.213484e+05 1.651550e+04 1.914209e+05 7.992811e+07
<GCONST> 8.158485e+01
<MIXTURE> 13 6.726258e-02
<MEAN> 6
 1.061457e+01 1.641033e+02 -4.613463e+01 -2.977990e+02 -2.008346e+02 4.966201e+03
<VARIANCE> 6
 5.805334e+02 1.114364e+06 6.026516e+05 4.073637e+03 3.236367e+05 1.482413e+08
<GCONST> 8.443812e+01
<STATE> 7
<NUMMIXES> 13
<MIXTURE> 1 4.325138e-02
<MEAN> 6
 9.065196e+01 2.289185e+02 2.154232e+03 -7.010593e+00 -1.578510e+01 2.535023e+02
<VARIANCE> 6
 3.185104e+01 1.683509e+04 1.625140e+05 2.998198e+02 4.022584e+04 5.158639e+07
<GCONST> 7.028229e+01
<MIXTURE> 2 4.945611e-02
<MEAN> 6
 6.967119e+01 -6.363168e+02 1.894696e+03 -2.499241e+00 -7.148669e+00 -2.207111e+02
<VARIANCE> 6
 8.160065e+01 1.195217e+04 5.489825e+04 2.998198e+02 4.022584e+04 5.158639e+07
<GCONST> 6.979522e+01
<MIXTURE> 3 9.699051e-02
<MEAN> 6
 8.058778e+01 2.958161e+02 6.271467e+02 -1.645995e+00 8.094155e-01 1.296964e+01
<VARIANCE> 6
 3.185104e+01 3.221756e+04 2.598802e+04 2.998198e+02 4.022584e+04 5.158639e+07
<GCONST> 6.909821e+01
<MIXTURE> 4 6.237205e-02
<MEAN> 6
 7.535603e+01 3.415809e+02 2.342610e+02 -6.993383e-01 -1.483349e+01 1.569533e+01
<VARIANCE> 6
 3.185104e+01 1.815096e+05 1.387160e+04 2.998198e+02 4.022584e+04 5.158639e+07
<GCONST> 7.019921e+01
<MIXTURE> 5 7.804891e-02
<MEAN> 6
 7.300787e+01 9.545334e+02 3.806245e+01 -4.829287e-01 -9.148137e+00 -4.716985e+01
<VARIANCE> 6
 3.185104e+01 1.761400e+04 1.387160e+04 2.998198e+02 4.022584e+04 5.158639e+07
<GCONST> 6.786659e+01
<MIXTURE> 6 6.278934e-02
<MEAN> 6
 7.924189e+01 -1.549175e+03 -1.128261e+02 -2.210372e+00 -1.343387e+00 -8.180959e+01
<VARIANCE> 6
 3.185104e+01 6.608976e+04 1.387160e+04 2.998198e+02 4.022584e+04 5.158639e+07
<GCONST> 6.918891e+01
<MIXTURE> 7 9.768525e-02
<MEAN> 6
 8.095670e+01 1.123814e+03 1.066606e+03 -1.177968e+00 -7.702224e+00 1.331354e+02
<VARIANCE> 6
 3.185104e+01 1.547433e+06 7.033654e+05 2.998198e+02 4.022584e+04 5.158639e+07
<GCONST> 7.626829e+01
<MIXTURE> 8 1.120227e-01
<MEAN> 6
 7.795189e+01 1.444665e+02 -1.678650e+02 -1.261869e+00 -1.240988e+01 -2.743276e+01
<VARIANCE> 6
 3.185104e+01 1.474842e+05 4.739429e+04 2.998198e+02 4.022584e+04 5.158639e+07
<GCONST> 7.122028e+01
<MIXTURE> 9 9.719516e-02
<MEAN> 6
 7.543921e+01 9.882294e+02 -7.133524e+02 -1.500144e+00 -6.421093e+00 1.990634e+01
<VARIANCE> 6
 3.185104e+01 9.769080e+04 1.387160e+04 2.998198e+02 4.022584e+04 5.158639e+07
<GCONST> 6.957971e+01
<MIXTURE> 10 1.197369e-01
<MEAN> 6
 7.706397e+01 -1.108059e+02 1.889362e+02 -1.415070e+00 -1.346696e+01 -3.738022e+01
<VARIANCE> 6
 3.185104e+01 1.372377e+05 1.387160e+04 2.998198e+02 4.022584e+04 5.158639e+07
<GCONST> 6.991962e+01
<MIXTURE> 11 6.088706e-02
<MEAN> 6
 7.735486e+01 2.716426e+01 -1.217011e+02 -1.500073e+00 -1.067651e+01 -7.275072e+01
<VARIANCE> 6
 3.185104e+01 1.521583e+05 1.765652e+04 2.998198e+02 4.022584e+04 5.158639e+07
<GCONST> 7.026408e+01
<MIXTURE> 12 6.169794e-02
<MEAN> 6
 7.769219e+01 -1.385869e+02 -1.551940e+02 -2.204178e+00 -1.284482e+01 -4.361129e+01
<VARIANCE> 6
 3.185104e+01 1.383678e+05 2.189283e+04 2.998198e+02 4.022584e+04 5.158639e+07
<GCONST> 7.038413e+01
<MIXTURE> 13 5.784297e-02
<MEAN> 6
 7.552249e+01 1.442735e+02 1.916989e+02 -8.223121e-01 -1.284609e+01 -2.460864e+01
<VARIANCE> 6
 3.185104e+01 1.974514e+05 1.387160e+04 2.998198e+02 4.022584e+04 5.158639e+07
<GCONST> 7.028339e+01
<STATE> 8
<NUMMIXES> 13
<MIXTURE> 1 3.201456e-02
<MEAN> 6
 5.807895e+01 2.817754e+03 3.088938e+02 -3.715591e+01 -7.057119e+02 1.511225e+03
<VARIANCE> 6
 2.004463e+03 3.413887e+07 4.284488e+06 3.090922e+04 8.738688e+05 3.790176e+08
<GCONST> 9.501944e+01
<MIXTURE> 2 5.583290e-02
<MEAN> 6
 -1.618757e+01 2.749247e+02 1.210137e+02 6.738810e+01 2.619163e+02 -1.779623e+03
<VARIANCE> 6
 2.054651e+02 4.052790e+05 3.627346e+05 1.697824e+04 8.162627e+04 5.158639e+07
<GCONST> 8.087466e+01
<MIXTURE> 3 1.098090e-01
<MEAN> 6
 7.971159e+01 -2.060819e+02 3.083986e+02 -4.303860e+00 -6.477184e+01 -1.263016e+02
<VARIANCE> 6
 1.051500e+02 7.034880e+05 9.455519e+05 2.998198e+02 4.022584e+04 5.158639e+07
<GCONST> 7.697019e+01
<MIXTURE> 4 1.043774e-01
<MEAN> 6
 3.436545e+01 8.318903e+01 -1.632939e+02 1.566496e+02 -1.952173e+02 -1.204147e+03
<VARIANCE> 6
 4.822866e+02 6.060957e+05 3.666014e+05 2.594240e+03 6.534350e+04 5.158639e+07
<GCONST> 8.003986e+01
<MIXTURE> 5 6.976674e-02
<MEAN> 6
 -3.963663e+01 3.439273e+02 -2.235533e+01 -6.772256e+01 9.382806e+02 1.688048e+03
<VARIANCE> 6
 2.189717e+02 3.101648e+06 3.039060e+06 2.047887e+04 3.320857e+05 2.028193e+08
<GCONST> 8.805884e+01
<MIXTURE> 6 1.002985e-01
<MEAN> 6
 3.794358e+01 1.242303e+03 -1.807939e+03 1.319833e+01 -1.383304e+02 1.282873e+02
<VARIANCE> 6
 1.292144e+03 3.605062e+06 5.025682e+06 2.838605e+04 1.090118e+05 5.158639e+07
<GCONST> 8.833087e+01
<MIXTURE> 7 9.647375e-02
<MEAN> 6
 -5.636270e+01 4.015841e+01 1.752583e+02 9.388947e+00 1.360135e+02 -1.285261e+02
<VARIANCE> 6
 9.858430e+01 6.222104e+05 1.446449e+06 4.599353e+02 4.218205e+04 5.158639e+07
<GCONST> 7.768343e+01
<MIXTURE> 8 1.151419e-01
<MEAN> 6
 7.305651e+01 -2.142769e+02 1.145640e+02 1.400630e+01 -4.864613e+02 -9.495010e+02
<VARIANCE> 6
 1.207076e+02 1.014987e+06 7.557601e+05 6.012801e+03 1.206718e+05 5.158639e+07
<GCONST> 8.134774e+01
<MIXTURE> 9 8.109494e-02
<MEAN> 6
 6.187270e+00 -2.296100e+02 2.041107e+01 -1.967651e+02 7.080129e+01 3.439256e+03
<VARIANCE> 6
 4.059424e+02 8.725953e+05 3.341293e+05 3.283703e+03 1.357138e+05 9.015737e+07
<GCONST> 8.166408e+01
<MIXTURE> 10 3.185475e-02
<MEAN> 6
 3.063698e+01 -5.470485e+03 3.268504e+02 -7.210195e+00 -5.363418e+01 7.080705e+01
<VARIANCE> 6
 3.253449e+03 1.358088e+06 2.267703e+05 1.618848e+04 1.542304e+05 5.158639e+07
<GCONST> 8.496503e+01
<MIXTURE> 11 8.730951e-02
<MEAN> 6
 -4.608346e+01 4.342759e+01 7.223928e+01 3.012491e+01 6.715414e+02 -5.486160e+02
<VARIANCE> 6
 1.249428e+02 4.862703e+05 4.058171e+05 8.604796e+03 9.480631e+04 5.158639e+07
<GCONST> 8.014173e+01
<MIXTURE> 12 6.146279e-02
<MEAN> 6
 5.497009e+01 -1.153316e+02 -1.669150e+02 -1.564669e+02 -6.112574e+02 1.880901e+03
<VARIANCE> 6
 1.598612e+02 7.249882e+05 6.196428e+05 3.199724e+03 1.286654e+05 5.158639e+07
<GCONST> 8.052693e+01
<MIXTURE> 13 5.426345e-02
<MEAN> 6
 -1.823334e+01 8.184271e+01 1.290958e+01 3.214407e+01 2.038035e+02 -2.103311e+03
<VARIANCE> 6
 1.657781e+02 5.629315e+05 4.019180e+05 2.016582e+04 7.394730e+04 5.158639e+07
<GCONST> 8.116445e+01
<STATE> 9
<NUMMIXES> 13
<MIXTURE> 1 8.079407e-02
<MEAN> 6
 6.845467e+01 1.160155e+03 -1.949857e+03 1.189936e+02 -4.173357e+02 5.603416e+02
<VARIANCE> 6
 1.839791e+02 1.787451e+06 4.800699e+06 5.866517e+03 1.042759e+05 5.158639e+07
<GCONST> 8.401324e+01
<MIXTURE> 2 8.663762e-02
<MEAN> 6
 8.131304e+01 -1.018591e+02 1.597686e+02 1.119822e+02 -7.066746e+02 -1.886427e+03
<VARIANCE> 6
 4.062063e+02 3.065800e+06 3.242206e+05 1.160072e+04 1.410137e+06 9.805166e+08
<GCONST> 8.888073e+01
<MIXTURE> 3 8.939850e-02
<MEAN> 6
 3.400647e+01 8.695977e+02 -4.262330e+01 1.567688e+02 -1.681137e+02 -6.091501e+02
<VARIANCE> 6
 1.918691e+02 1.169883e+06 3.638942e+05 3.153937e+03 4.022584e+04 5.158639e+07
<GCONST> 7.947855e+01
<MIXTURE> 4 4.687519e-02
<MEAN> 6
 4.058585e+01 2.122402e+02 1.970951e+02 2.168739e+02 -4.722691e+02 -2.058543e+03
<VARIANCE> 6
 1.329046e+02 1.039169e+05 1.702891e+05 1.415467e+03 4.022584e+04 5.158639e+07
<GCONST> 7.512974e+01
<MIXTURE> 5 9.696677e-02
<MEAN> 6
 2.671818e-01 2.403206e+02 -1.710444e+02 2.305783e+02 1.614674e+02 -3.684365e+03
<VARIANCE> 6
 1.809316e+02 8.935481e+05 4.871490e+05 1.696095e+03 4.695626e+04 5.158639e+07
<GCONST> 7.897649e+01
<MIXTURE> 6 8.420253e-02
<MEAN> 6
 5.991612e+01 -4.527989e+02 2.010290e+02 7.601805e+01 -7.616094e+01 -2.902332e+02
<VARIANCE> 6
 2.239859e+02 2.287726e+06 5.720777e+05 2.998198e+02 4.022584e+04 5.158639e+07
<GCONST> 7.840316e+01
<MIXTURE> 7 7.191405e-02
<MEAN> 6
 -3.118992e+01 1.530689e+01 -1.072497e+02 1.824788e+02 7.939465e+02 -3.852665e+03
<VARIANCE> 6
 6.418507e+01 5.443916e+05 4.301611e+05 1.890973e+03 7.383043e+04 5.158639e+07
<GCONST> 7.788152e+01
<MIXTURE> 8 1.104060e-01
<MEAN> 6
 6.733699e+01 3.906314e+01 -2.647660e+02 1.438027e+02 -5.608193e+02 -4.804550e+02
<VARIANCE> 6
 1.885388e+02 3.028753e+05 2.993089e+05 1.883794e+03 7.625677e+04 5.158639e+07
<GCONST> 7.803854e+01
<MIXTURE> 9 9.255630e-02
<MEAN> 6
 2.596329e+01 -3.859045e+02 -2.495181e+02 2.240877e+02 -1.941352e+02 -2.761970e+03
<VARIANCE> 6
 2.408549e+02 3.527187e+05 2.267930e+06 1.923171e+03 4.884854e+04 5.158639e+07
<GCONST> 8.003624e+01
<MIXTURE> 10 3.650623e-02
<MEAN> 6
 1.075902e+02 -1.023607e+03 -1.159478e+03 5.013227e+01 -1.135022e+03 5.489678e+03
<VARIANCE> 6
 9.059844e+01 6.927726e+06 7.076858e+06 5.283983e+03 1.921281e+05 1.951171e+08
<GCONST> 8.688454e+01
<MIXTURE> 11 5.931769e-02
<MEAN> 6
 -1.035890e+01 -8.852040e+01 4.483642e+01 2.091109e+02 1.543289e+02 -4.069776e+03
<VARIANCE> 6
 9.330077e+01 4.370859e+05 1.925045e+05 1.811441e+03 1.403424e+05 1.141183e+08
<GCONST> 7.862531e+01
<MIXTURE> 12 8.097945e-02
<MEAN> 6
 7.976817e+01 -3.078857e+02 -2.795907e+02 5.283439e+01 -5.327173e+02 1.051780e+03
<VARIANCE> 6
 1.529201e+02 1.241652e+06 1.655994e+06 6.591406e+02 9.834666e+04 5.158639e+07
<GCONST> 8.015500e+01
<MIXTURE> 13 6.342848e-02
<MEAN> 6
 -4.365527e+01 -1.311745e+02 -4.618228e+02 1.157239e+02 5.879380e+02 1.227184e+03
<VARIANCE> 6
 5.556416e+01 2.575020e+05 1.714499e+05 1.149058e+03 4.415554e+04 5.158639e+07
<GCONST> 7.505657e+01
<STATE> 10
<NUMMIXES> 13
<MIXTURE> 1 8.582748e-02
<MEAN> 6
 1.051498e+02 6.396759e+02 -5.937833e+02 -7.455915e+00 9.424953e+00 2.724030e+02
<VARIANCE> 6
 5.068543e+01 1.688358e+05 1.263445e+05 2.998198e+02 4.022584e+04 5.158639e+07
<GCONST> 7.280057e+01
<MIXTURE> 2 7.022172e-02
<MEAN> 6
 9.626617e+01 -8.911094e+02 -7.833771e+03 -5.519717e+00 5.881524e+00 7.477266e+01
<VARIANCE> 6
 1.633640e+02 6.984191e+04 4.467404e+06 2.998198e+02 4.022584e+04 5.158639e+07
<GCONST> 7.665376e+01
<MIXTURE> 3 7.856798e-02
<MEAN> 6
 9.420434e+01 -2.682989e+02 -1.480670e+02 -4.094214e+00 -9.703354e+00 1.034435e+02
<VARIANCE> 6
 4.204794e+01 6.457599e+04 3.069925e+05 2.998198e+02 4.022584e+04 5.158639e+07
<GCONST> 7.254047e+01
<MIXTURE> 4 9.140792e-02
<MEAN> 6
 9.109457e+01 1.643255e+03 -1.298734e+03 -3.967541e+00 -3.659389e+00 1.136728e+02
<VARIANCE> 6
 1.133783e+02 3.507362e+05 8.657514e+04 2.998198e+02 4.022584e+04 5.158639e+07
<GCONST> 7.395876e+01
<MIXTURE> 5 5.126125e-02
<MEAN> 6
 8.162899e+01 5.213859e+02 -3.883043e+03 -2.267275e+00 9.233329e-01 2.888943e+01
<VARIANCE> 6
 7.753119e+01 2.435310e+04 2.529390e+05 2.998198e+02 4.022584e+04 5.158639e+07
<GCONST> 7.198347e+01
<MIXTURE> 6 2.434723e-02
<MEAN> 6
 6.766698e+01 -3.867871e+02 2.972283e+03 -1.551340e+00 -1.050232e+01 1.334593e+02
<VARIANCE> 6
 3.185104e+01 1.549501e+04 1.387160e+04 2.998198e+02 4.022584e+04 5.158639e+07
<GCONST> 6.773842e+01
<MIXTURE> 7 8.774487e-02
<MEAN> 6
 8.819678e+01 -5.514663e+03 7.079172e+01 -6.791660e+00 1.286109e+01 1.231557e+02
<VARIANCE> 6
 7.122522e+01 5.625609e+06 1.301787e+06 2.998198e+02 4.022584e+04 5.158639e+07
<GCONST> 7.897942e+01
<MIXTURE> 8 1.107384e-01
<MEAN> 6
 8.497787e+01 -8.775208e+02 7.750886e+02 -4.337582e+00 -6.985467e+00 6.503706e+01
<VARIANCE> 6
 3.185104e+01 2.752363e+04 2.132051e+06 2.998198e+02 4.022584e+04 5.158639e+07
<GCONST> 7.334794e+01
<MIXTURE> 9 8.106991e-02
<MEAN> 6
 8.443803e+01 4.388999e+01 -1.760798e+03 -3.877885e+00 -1.917469e-01 7.830611e+01
<VARIANCE> 6
 9.534480e+01 5.069519e+04 4.063266e+05 2.998198e+02 4.022584e+04 5.158639e+07
<GCONST> 7.339748e+01
<MIXTURE> 10 9.981439e-02
<MEAN> 6
 9.299780e+01 2.810784e+02 -3.017996e+02 -3.941476e+00 8.653640e-01 1.109626e+01
<VARIANCE> 6
 3.185104e+01 2.231732e+04 4.259703e+04 2.998198e+02 4.022584e+04 5.158639e+07
<GCONST> 6.922520e+01
<MIXTURE> 11 6.798816e-02
<MEAN> 6
 7.854477e+01 -1.221444e+03 5.695037e+02 -4.284825e+00 1.057273e+00 8.558888e+01
<VARIANCE> 6
 3.660272e+01 5.912261e+04 2.786971e+05 2.998198e+02 4.022584e+04 5.158639e+07
<GCONST> 7.221685e+01
<MIXTURE> 12 6.828041e-02
<MEAN> 6
 8.297626e+01 -2.727888e+02 -1.953300e+03 -3.986469e+00 -3.344884e-03 9.045745e+01
<VARIANCE> 6
 7.778022e+01 4.038081e+05 9.511045e+04 2.998198e+02 4.022584e+04 5.158639e+07
<GCONST> 7.381686e+01
<MIXTURE> 13 8.268640e-02
<MEAN> 6
 9.248032e+01 -4.912862e+02 -7.316166e+02 -4.259195e+00 -1.029577e+01 1.365872e+02
<VARIANCE> 6
 4.448302e+01 8.922766e+04 5.172988e+05 2.998198e+02 4.022584e+04 5.158639e+07
<GCONST> 7.344191e+01
<STATE> 11
<NUMMIXES> 13
<MIXTURE> 1 5.367032e-02
<MEAN> 6
 6.112566e+01 2.092757e+03 8.406702e+02 -1.158935e+00 6.487861e+00 9.111358e+01
<VARIANCE> 6
 3.185104e+01 3.280687e+05 4.921233e+05 2.998198e+02 4.022584e+04 5.158639e+07
<GCONST> 7.436001e+01
<MIXTURE> 2 8.576322e-02
<MEAN> 6
 6.722615e+01 4.471623e+02 1.394605e+02 -5.336923e-01 -1.054796e+01 -1.534132e+02
<VARIANCE> 6
 3.185104e+01 1.195217e+04 1.387160e+04 2.998198e+02 4.022584e+04 5.158639e+07
<GCONST> 6.747881e+01
<MIXTURE> 3 5.966772e-02
<MEAN> 6
 6.469727e+01 1.086138e+02 7.502557e+01 3.179219e-01 -9.276459e+00 -1.277558e+02
<VARIANCE> 6
 3.185104e+01 1.195217e+04 1.387160e+04 2.998198e+02 4.022584e+04 5.158639e+07
<GCONST> 6.747881e+01
<MIXTURE> 4 8.425125e-02
<MEAN> 6
 6.381660e+01 -1.181850e+03 -5.892660e+01 -1.273112e+00 -3.660951e+00 1.326660e+02
<VARIANCE> 6
 3.185104e+01 4.222929e+05 4.545866e+04 2.998198e+02 4.022584e+04 5.158639e+07
<GCONST> 7.223056e+01
<MIXTURE> 5 5.739807e-02
<MEAN> 6
 5.446517e+01 8.430960e+02 1.783724e-01 1.274713e+00 4.407890e+00 -1.303714e+02
<VARIANCE> 6
 3.185104e+01 1.195217e+04 1.387160e+04 2.998198e+02 4.022584e+04 5.158639e+07
<GCONST> 6.747881e+01
<MIXTURE> 6 8.396319e-02
<MEAN> 6
 7.689204e+01 6.176899e+02 4.473323e+02 -4.195389e+00 -4.277581e+00 7.403008e+01
<VARIANCE> 6
 5.163152e+01 2.951728e+04 2.575636e+04 2.998198e+02 4.022584e+04 5.158639e+07
<GCONST> 6.948478e+01
<MIXTURE> 7 1.189803e-01
<MEAN> 6
 5.903735e+01 2.295978e+01 -1.101855e+02 1.025331e-01 -3.862975e+00 -1.516058e+02
<VARIANCE> 6
 3.185104e+01 1.195217e+04 1.387160e+04 2.998198e+02 4.022584e+04 5.158639e+07
<GCONST> 6.747881e+01
<MIXTURE> 8 6.999878e-02
<MEAN> 6
 6.048493e+01 4.855571e+02 1.084951e+02 -1.872607e-01 -1.107239e+00 -1.232406e+02
<VARIANCE> 6
 3.185104e+01 1.195217e+04 1.387160e+04 2.998198e+02 4.022584e+04 5.158639e+07
<GCONST> 6.747881e+01
<MIXTURE> 9 7.425785e-02
<MEAN> 6
 7.437845e+01 1.150286e+03 -2.183070e+02 -3.494096e+00 -2.395300e+00 1.812486e+02
<VARIANCE> 6
 3.185104e+01 1.635454e+05 7.907445e+04 2.998198e+02 4.022584e+04 5.158639e+07
<GCONST> 7.183554e+01
<MIXTURE> 10 1.164966e-01
<MEAN> 6
 5.886452e+01 2.359361e+01 -1.128458e+02 1.248640e-01 -3.819887e+00 -1.512455e+02
<VARIANCE> 6
 3.185104e+01 1.195217e+04 1.387160e+04 2.998198e+02 4.022584e+04 5.158639e+07
<GCONST> 6.747881e+01
<MIXTURE> 11 5.234538e-02
<MEAN> 6
 6.406019e+01 8.688383e+01 3.756945e+01 6.652089e-02 -7.320649e+00 -1.199344e+02
<VARIANCE> 6
 3.185104e+01 1.195217e+04 1.387160e+04 2.998198e+02 4.022584e+04 5.158639e+07
<GCONST> 6.747881e+01
<MIXTURE> 12 7.016253e-02
<MEAN> 6
 6.013647e+01 4.906256e+02 1.026106e+02 -1.489464e-01 -1.607904e-01 -1.179511e+02
<VARIANCE> 6
 3.185104e+01 1.195217e+04 1.387160e+04 2.998198e+02 4.022584e+04 5.158639e+07
<GCONST> 6.747881e+01
<MIXTURE> 13 7.299310e-02
<MEAN> 6
 7.298421e+01 1.063430e+03 -4.023579e+02 -3.977505e+00 -2.880575e+00 1.135179e+02
<VARIANCE> 6
 3.185104e+01 3.861714e+05 6.573506e+04 2.998198e+02 4.022584e+04 5.158639e+07
<GCONST> 7.250997e+01
<STATE> 12
<NUMMIXES> 13
<MIXTURE> 1 4.509364e-02
<MEAN> 6
 -4.173421e+01 5.083488e+01 2.499079e+01 -4.770993e+01 1.192385e+03 7.303577e+02
<VARIANCE> 6
 2.213877e+02 1.130934e+05 3.387307e+05 2.395701e+04 4.776657e+05 3.708664e+08
<GCONST> 8.368814e+01
<MIXTURE> 2 6.358005e-02
<MEAN> 6
 7.905739e+01 -2.706913e+02 -1.911459e+01 2.657202e+01 -9.047419e+02 -2.075858e+03
<VARIANCE> 6
 1.645320e+02 6.069097e+05 7.734257e+04 1.039286e+04 5.656275e+05 2.727119e+08
<GCONST> 8.262099e+01
<MIXTURE> 3 7.364216e-02
<MEAN> 6
 1.990433e+01 7.599461e+01 7.465530e+01 2.058199e+02 -2.163924e+02 -2.666063e+03
<VARIANCE> 6
 4.645931e+02 7.096594e+04 8.756644e+04 3.022484e+03 1.339264e+05 6.197384e+07
<GCONST> 7.747964e+01
<MIXTURE> 4 1.154435e-01
<MEAN> 6
 7.295457e+01 -2.094952e+02 1.702721e+01 -6.425948e+00 -3.961030e+01 1.396221e+02
<VARIANCE> 6
 1.044377e+02 2.363711e+05 7.585248e+04 2.998198e+02 4.022584e+04 5.158639e+07
<GCONST> 7.334977e+01
<MIXTURE> 5 9.124896e-02
<MEAN> 6
 -1.931207e+01 -4.181673e+01 1.996910e+01 4.208966e+01 2.175482e+02 -3.175879e+03
<VARIANCE> 6
 1.119352e+02 6.073077e+04 1.789544e+04 2.091304e+04 1.111512e+05 8.195078e+07
<GCONST> 7.634009e+01
<MIXTURE> 6 6.365438e-02
<MEAN> 6
 6.139557e+01 -7.836475e+00 3.719806e+01 7.188345e+01 -2.954270e+02 -2.437637e+02
<VARIANCE> 6
 1.146719e+02 8.748002e+04 4.541814e+04 5.041989e+03 6.897762e+04 5.158639e+07
<GCONST> 7.529803e+01
<MIXTURE> 7 6.154337e-02
<MEAN> 6
 1.735692e+01 1.148571e+02 1.035589e+02 -2.321115e+02 -8.123441e+01 8.577774e+03
<VARIANCE> 6
 4.910977e+02 1.650387e+05 5.135468e+04 4.364330e+03 3.293566e+05 1.858728e+08
<GCONST> 8.021104e+01
<MIXTURE> 8 9.287810e-02
<MEAN> 6
 -4.565393e+01 3.229660e+01 -1.974568e+01 2.789635e+01 8.650590e+02 -4.583769e+02
<VARIANCE> 6
 9.686852e+01 6.424513e+04 3.482675e+04 1.099995e+04 1.391877e+05 5.865172e+07
<GCONST> 7.616557e+01
<MIXTURE> 9 9.342661e-02
<MEAN> 6
 5.981754e+01 5.382218e+01 2.581904e+01 -1.208016e+02 -6.594948e+02 6.536438e+02
<VARIANCE> 6
 2.277780e+02 1.279107e+05 1.620909e+04 5.428184e+03 1.669643e+05 5.158639e+07
<GCONST> 7.629171e+01
<MIXTURE> 10 8.331434e-02
<MEAN> 6
 1.858161e+01 -1.752154e+02 -6.970277e+01 1.354372e+02 -1.768604e+00 -1.824788e+02
<VARIANCE> 6
 3.865081e+02 1.260279e+05 5.684185e+04 1.436972e+03 4.446139e+04 5.158639e+07
<GCONST> 7.540814e+01
<MIXTURE> 11 7.018918e-02
<MEAN> 6
 -3.965299e+01 4.062088e+00 -9.090194e+01 1.684004e+01 2.492072e+02 -3.772060e+01
<VARIANCE> 6
 1.553756e+02 7.272772e+04 8.387941e+04 1.408605e+03 4.877242e+04 5.158639e+07
<GCONST> 7.440876e+01
<MIXTURE> 12 8.336682e-02
<MEAN> 6
 -1.562222e-01 1.605008e+01 4.476003e+01 -1.766172e+02 1.705415e+02 1.434764e+03
<VARIANCE> 6
 5.139705e+02 6.999480e+04 7.916956e+04 2.760582e+03 1.580662e+05 8.998732e+07
<GCONST> 7.791410e+01
<MIXTURE> 13 6.241595e-02
<MEAN> 6
 5.957285e+01 -1.277350e+02 -7.515913e+01 4.958850e+01 -3.448129e+02 -6.015411e+02
<VARIANCE> 6
 9.426626e+01 7.843394e+04 7.484816e+04 7.337907e+03 6.187716e+04 5.158639e+07
<GCONST> 7.575910e+01
<TRANSP> 13
 0.000000e+00 1.000000e+00 0.000000e+00 0.000000e+00 0.000000e+00 0.000000e+00 0.000000e+00 0.000000e+00 0.000000e+00 0.000000e+00 0.000000e+00 0.000000e+00 0.000000e+00
 0.000000e+00 9.978821e-01 2.117889e-03 0.000000e+00 0.000000e+00 0.000000e+00 0.000000e+00 0.000000e+00 0.000000e+00 0.000000e+00 0.000000e+00 0.000000e+00 0.000000e+00
 0.000000e+00 0.000000e+00 9.992598e-01 7.402152e-04 0.000000e+00 0.000000e+00 0.000000e+00 0.000000e+00 0.000000e+00 0.000000e+00 0.000000e+00 0.000000e+00 0.000000e+00
 0.000000e+00 0.000000e+00 0.000000e+00 9.976843e-01 2.315708e-03 0.000000e+00 0.000000e+00 0.000000e+00 0.000000e+00 0.000000e+00 0.000000e+00 0.000000e+00 0.000000e+00
 0.000000e+00 0.000000e+00 0.000000e+00 0.000000e+00 9.993301e-01 6.699152e-04 0.000000e+00 0.000000e+00 0.000000e+00 0.000000e+00 0.000000e+00 0.000000e+00 0.000000e+00
 0.000000e+00 0.000000e+00 0.000000e+00 0.000000e+00 0.000000e+00 9.998488e-01 1.512588e-04 0.000000e+00 0.000000e+00 0.000000e+00 0.000000e+00 0.000000e+00 0.000000e+00
 0.000000e+00 0.000000e+00 0.000000e+00 0.000000e+00 0.000000e+00 0.000000e+00 9.989830e-01 1.016931e-03 0.000000e+00 0.000000e+00 0.000000e+00 0.000000e+00 0.000000e+00
 0.000000e+00 0.000000e+00 0.000000e+00 0.000000e+00 0.000000e+00 0.000000e+00 0.000000e+00 9.998680e-01 1.320253e-04 0.000000e+00 0.000000e+00 0.000000e+00 0.000000e+00
 0.000000e+00 0.000000e+00 0.000000e+00 0.000000e+00 0.000000e+00 0.000000e+00 0.000000e+00 0.000000e+00 9.976630e-01 2.337022e-03 0.000000e+00 0.000000e+00 0.000000e+00
 0.000000e+00 0.000000e+00 0.000000e+00 0.000000e+00 0.000000e+00 0.000000e+00 0.000000e+00 0.000000e+00 0.000000e+00 9.991642e-01 8.357922e-04 0.000000e+00 0.000000e+00
 0.000000e+00 0.000000e+00 0.000000e+00 0.000000e+00 0.000000e+00 0.000000e+00 0.000000e+00 0.000000e+00 0.000000e+00 0.000000e+00 9.989728e-01 1.027194e-03 0.000000e+00
 0.000000e+00 0.000000e+00 0.000000e+00 0.000000e+00 0.000000e+00 0.000000e+00 0.000000e+00 0.000000e+00 0.000000e+00 0.000000e+00 0.000000e+00 9.998296e-01 1.703838e-04
 0.000000e+00 0.000000e+00 0.000000e+00 0.000000e+00 0.000000e+00 0.000000e+00 0.000000e+00 0.000000e+00 0.000000e+00 0.000000e+00 0.000000e+00 0.000000e+00 0.000000e+00
<ENDHMM>
~h "QuintoPRIMARIA"
<BEGINHMM>
<NUMSTATES> 13
<STATE> 2
<NUMMIXES> 13
<MIXTURE> 1 7.135458e-02
<MEAN> 6
 8.607921e+01 3.380018e+02 1.312213e+03 -2.412343e+00 -3.153393e+01 -1.543564e+02
<VARIANCE> 6
 1.357349e+02 2.004487e+05 4.170063e+06 2.998198e+02 4.022584e+04 5.158639e+07
<GCONST> 7.745394e+01
<MIXTURE> 2 5.307379e-02
<MEAN> 6
 3.766766e+01 1.067738e+02 -1.819570e+03 -8.036326e+01 -4.646226e+02 3.942701e+03
<VARIANCE> 6
 2.980308e+03 2.358051e+06 1.322851e+07 6.829435e+04 3.257213e+06 1.591198e+09
<GCONST> 9.741399e+01
<MIXTURE> 3 6.773682e-02
<MEAN> 6
 -3.205542e+01 -3.279066e+02 2.122362e+02 2.275228e+02 7.131378e+02 -3.673828e+03
<VARIANCE> 6
 2.960795e+02 3.281620e+05 1.263407e+06 5.008304e+03 1.980144e+05 5.158639e+07
<GCONST> 8.194219e+01
<MIXTURE> 4 7.926504e-02
<MEAN> 6
 -6.455199e+01 -9.812145e+01 2.696425e+01 3.941249e+01 6.173392e+02 4.708106e+02
<VARIANCE> 6
 9.155392e+01 5.146315e+05 2.127831e+06 5.485614e+03 1.297563e+05 5.343938e+07
<GCONST> 8.144337e+01
<MIXTURE> 5 1.189803e-01
<MEAN> 6
 4.675037e+01 -2.512783e+02 3.742702e+02 1.209103e+02 -4.595110e+02 -1.164246e+03
<VARIANCE> 6
 4.787960e+02 2.079332e+05 2.043692e+06 2.243574e+04 9.870312e+04 5.158639e+07
<GCONST> 8.325082e+01
<MIXTURE> 6 1.110528e-01
<MEAN> 6
 6.940386e+01 -4.263331e+02 -2.710926e+02 2.081812e+00 -2.258403e+01 -1.271367e+02
<VARIANCE> 6
 2.914343e+02 5.938151e+04 1.269350e+06 2.998198e+02 4.022584e+04 5.158639e+07
<GCONST> 7.581205e+01
<MIXTURE> 7 6.115428e-02
<MEAN> 6
 9.010133e+01 2.662914e+02 -1.971611e+02 -1.402345e+01 -8.447582e+02 -1.699486e+03
<VARIANCE> 6
 2.083068e+02 4.258509e+05 5.377612e+05 1.762701e+04 3.869752e+05 2.022097e+08
<GCONST> 8.429141e+01
<MIXTURE> 8 7.239204e-02
<MEAN> 6
 -5.546389e+01 -3.186662e+02 -5.541364e+02 -1.366432e+02 1.359722e+03 2.035338e+03
<VARIANCE> 6
 2.732038e+02 2.962696e+05 2.981834e+06 2.077318e+04 7.889876e+05 5.269863e+08
<GCONST> 8.774716e+01
<MIXTURE> 9 5.871085e-02
<MEAN> 6
 5.827961e+01 3.895414e+02 -1.283840e+03 1.151898e+00 -2.039638e+01 -8.860956e+01
<VARIANCE> 6
 4.929397e+01 8.256175e+04 6.147678e+06 2.998198e+02 4.022584e+04 5.158639e+07
<GCONST> 7.594216e+01
<MIXTURE> 10 1.064003e-01
<MEAN> 6
 -5.228776e-01 -1.956798e+02 -1.138335e+01 -8.536716e+01 -7.981776e+00 -3.932664e+02
<VARIANCE> 6
 5.297700e+02 2.754097e+05 3.634458e+06 6.019289e+04 1.967228e+05 1.306152e+08
<GCONST> 8.681432e+01
<MIXTURE> 11 7.101559e-02
<MEAN> 6
 5.854973e+01 -5.220367e+01 -1.391057e+02 -1.189805e+02 -8.873957e+02 2.107838e+03
<VARIANCE> 6
 3.910992e+02 9.890661e+05 4.545046e+06 3.106306e+04 3.014172e+05 1.123996e+08
<GCONST> 8.762788e+01
<MIXTURE> 12 6.134997e-02
<MEAN> 6
 -6.842464e+01 -1.509224e+02 -1.486622e+02 4.110535e+00 1.286889e+02 2.951686e+02
<VARIANCE> 6
 1.336593e+02 8.352030e+04 1.891212e+06 4.102387e+02 6.016104e+04 5.158639e+07
<GCONST> 7.648842e+01
<MIXTURE> 13 6.709035e-02
<MEAN> 6
 8.137708e+01 2.248899e+02 6.444146e+02 -2.466563e+00 -3.385297e+01 -7.313418e+01
<VARIANCE> 6
 1.943792e+02 6.545074e+05 3.994760e+06 2.998198e+02 4.022584e+04 5.158639e+07
<GCONST> 7.895342e+01
<STATE> 3
<NUMMIXES> 13
<MIXTURE> 1 7.512177e-02
<MEAN> 6
 5.804124e+01 2.493694e+02 -1.644287e+02 -6.545646e-02 -7.841581e-01 -5.339975e+01
<VARIANCE> 6
 3.185104e+01 1.195217e+04 1.387160e+04 2.998198e+02 4.022584e+04 5.158639e+07
<GCONST> 6.747881e+01
<MIXTURE> 2 8.615955e-02
<MEAN> 6
 6.374912e+01 -5.518628e+01 -3.868942e+02 -3.611217e-02 -2.284194e+00 -8.629356e+01
<VARIANCE> 6
 3.185104e+01 1.195217e+04 1.387160e+04 2.998198e+02 4.022584e+04 5.158639e+07
<GCONST> 6.747881e+01
<MIXTURE> 3 8.302475e-02
<MEAN> 6
 6.949363e+01 8.126203e+01 -8.638760e+01 -2.534843e+00 -3.375805e+00 2.249676e+01
<VARIANCE> 6
 7.844586e+01 1.648191e+04 1.387160e+04 2.998198e+02 4.022584e+04 5.158639e+07
<GCONST> 6.870150e+01
<MIXTURE> 4 9.682497e-02
<MEAN> 6
 6.423797e+01 1.391705e+02 -4.797386e+02 -4.081225e-01 -3.934904e+00 -1.049501e+02
<VARIANCE> 6
 3.185104e+01 1.195217e+04 6.199404e+04 2.998198e+02 4.022584e+04 5.158639e+07
<GCONST> 6.897601e+01
<MIXTURE> 5 1.127357e-01
<MEAN> 6
 6.403167e+01 -1.840231e+02 -2.502411e+02 -6.456164e-02 -3.856385e+00 -1.092518e+02
<VARIANCE> 6
 3.185104e+01 1.195217e+04 1.387160e+04 2.998198e+02 4.022584e+04 5.158639e+07
<GCONST> 6.747881e+01
<MIXTURE> 6 7.033754e-02
<MEAN> 6
 5.635566e+01 -9.766233e+00 -6.775491e+01 -9.347065e-02 -6.598218e+00 -1.845611e+02
<VARIANCE> 6
 3.185104e+01 1.627629e+04 1.387160e+04 2.998198e+02 4.022584e+04 5.158639e+07
<GCONST> 6.778761e+01
<MIXTURE> 7 5.936392e-02
<MEAN> 6
 6.575833e+01 -1.715996e+02 -2.227520e+02 -2.888997e-01 -4.368189e+00 -9.649313e+01
<VARIANCE> 6
 3.425758e+01 1.195217e+04 1.387160e+04 2.998198e+02 4.022584e+04 5.158639e+07
<GCONST> 6.755165e+01
<MIXTURE> 8 6.031833e-02
<MEAN> 6
 6.180461e+01 -1.645900e+02 -6.671727e+02 -6.399591e-01 -4.517187e+00 -1.426220e+02
<VARIANCE> 6
 3.185104e+01 1.195217e+04 1.387160e+04 2.998198e+02 4.022584e+04 5.158639e+07
<GCONST> 6.747881e+01
<MIXTURE> 9 1.119820e-01
<MEAN> 6
 6.353676e+01 -7.307467e+01 -3.923009e+02 -3.433407e-02 -2.275308e+00 -8.320047e+01
<VARIANCE> 6
 3.185104e+01 1.195217e+04 1.387160e+04 2.998198e+02 4.022584e+04 5.158639e+07
<GCONST> 6.747881e+01
<MIXTURE> 10 6.334791e-02
<MEAN> 6
 6.155936e+01 -2.224123e+02 -2.692182e+02 -1.443070e-02 -3.754070e+00 -1.030699e+02
<VARIANCE> 6
 3.185104e+01 1.195217e+04 1.387160e+04 2.998198e+02 4.022584e+04 5.158639e+07
<GCONST> 6.747881e+01
<MIXTURE> 11 7.525556e-02
<MEAN> 6
 5.605838e+01 -7.631709e+01 -7.880070e+01 2.314090e-02 -5.323527e+00 -1.545647e+02
<VARIANCE> 6
 3.185104e+01 1.750034e+04 1.387160e+04 2.998198e+02 4.022584e+04 5.158639e+07
<GCONST> 6.786012e+01
<MIXTURE> 12 4.487808e-02
<MEAN> 6
 5.720429e+01 7.443668e+01 -1.127071e+02 -6.527828e-02 -2.240755e+00 -8.449399e+01
<VARIANCE> 6
 3.185104e+01 4.346856e+04 1.387160e+04 2.998198e+02 4.022584e+04 5.158639e+07
<GCONST> 6.876994e+01
<MIXTURE> 13 6.060590e-02
<MEAN> 6
 6.167010e+01 -1.730192e+02 -6.830593e+02 -6.591919e-01 -3.272064e+00 -1.350372e+02
<VARIANCE> 6
 3.185104e+01 1.195217e+04 1.387160e+04 2.998198e+02 4.022584e+04 5.158639e+07
<GCONST> 6.747881e+01
<STATE> 4
<NUMMIXES> 13
<MIXTURE> 1 1.500023e-02
<MEAN> 6
 7.794727e+01 3.840928e+02 2.727955e+03 2.054765e+01 -6.692220e+01 -1.640483e+03
<VARIANCE> 6
 3.080576e+02 1.401644e+05 1.441141e+06 9.452318e+02 5.003131e+05 2.705212e+08
<GCONST> 8.217934e+01
<MIXTURE> 2 7.658507e-02
<MEAN> 6
 8.464056e+01 -4.272488e+02 1.436215e+03 -3.919271e+00 1.346267e+00 7.988858e+00
<VARIANCE> 6
 3.185104e+01 1.195217e+04 1.387160e+04 2.998198e+02 4.022584e+04 5.158639e+07
<GCONST> 6.747881e+01
<MIXTURE> 3 1.170840e-01
<MEAN> 6
 7.818074e+01 -7.292274e+02 3.127907e+03 -1.630064e+00 -5.293723e-01 -2.853978e+01
<VARIANCE> 6
 3.185104e+01 1.740284e+04 4.687941e+04 2.998198e+02 4.022584e+04 5.158639e+07
<GCONST> 6.907227e+01
<MIXTURE> 4 6.388876e-02
<MEAN> 6
 1.000860e+02 -4.146976e+01 3.390733e+03 -4.794074e+00 6.967900e-01 8.072661e+00
<VARIANCE> 6
 3.185104e+01 1.195217e+04 1.387160e+04 2.998198e+02 4.022584e+04 5.158639e+07
<GCONST> 6.747881e+01
<MIXTURE> 5 3.743270e-02
<MEAN> 6
 5.956072e+01 -2.293671e+02 8.754282e+02 -4.631273e-01 -7.923452e+00 -9.379835e+01
<VARIANCE> 6
 3.185104e+01 1.195217e+04 1.387160e+04 2.998198e+02 4.022584e+04 5.158639e+07
<GCONST> 6.747881e+01
<MIXTURE> 6 5.891773e-02
<MEAN> 6
 7.447818e+01 -4.315418e+02 1.057728e+03 -3.564760e-02 -6.347256e-01 -8.439647e+00
<VARIANCE> 6
 3.185104e+01 1.195217e+04 1.617371e+04 2.998198e+02 4.022584e+04 5.158639e+07
<GCONST> 6.763236e+01
<MIXTURE> 7 9.026368e-02
<MEAN> 6
 5.956082e+01 -2.293687e+02 8.754302e+02 -4.631122e-01 -7.923214e+00 -9.379413e+01
<VARIANCE> 6
 3.185104e+01 1.195217e+04 1.387160e+04 2.998198e+02 4.022584e+04 5.158639e+07
<GCONST> 6.747881e+01
<MIXTURE> 8 9.900887e-02
<MEAN> 6
 7.396621e+01 -4.191416e+02 8.847569e+02 -9.560459e-01 -1.112608e+01 -8.496613e+01
<VARIANCE> 6
 3.185104e+01 1.195217e+04 1.387160e+04 2.998198e+02 4.022584e+04 5.158639e+07
<GCONST> 6.747881e+01
<MIXTURE> 9 9.260616e-02
<MEAN> 6
 9.215028e+01 5.169442e+02 2.079343e+03 3.182644e-02 -4.992289e+00 -5.659766e+01
<VARIANCE> 6
 3.185104e+01 1.377461e+04 1.956868e+04 2.998198e+02 4.022584e+04 5.158639e+07
<GCONST> 6.796481e+01
<MIXTURE> 10 1.025140e-01
<MEAN> 6
 6.784134e+01 -4.755507e+00 3.054812e+03 -6.132017e+00 5.353854e+00 3.568982e+02
<VARIANCE> 6
 3.674899e+02 2.300300e+04 9.396141e+04 2.998198e+02 4.022584e+04 5.158639e+07
<GCONST> 7.249220e+01
<MIXTURE> 11 9.219013e-02
<MEAN> 6
 9.175938e+01 3.054565e+02 2.822572e+03 -4.374773e+00 -6.143963e+00 3.670287e+02
<VARIANCE> 6
 3.185104e+01 1.195217e+04 3.412521e+05 2.998198e+02 4.022584e+04 5.158639e+07
<GCONST> 7.068159e+01
<MIXTURE> 12 9.726828e-02
<MEAN> 6
 7.395409e+01 -4.199741e+02 8.797187e+02 -1.065506e+00 -1.241383e+01 -9.472382e+01
<VARIANCE> 6
 3.185104e+01 1.195217e+04 1.387160e+04 2.998198e+02 4.022584e+04 5.158639e+07
<GCONST> 6.747881e+01
<MIXTURE> 13 5.723641e-02
<MEAN> 6
 7.430199e+01 -4.264742e+02 9.937507e+02 -2.837515e-01 -3.322915e+00 -2.769372e+01
<VARIANCE> 6
 3.185104e+01 1.195217e+04 1.966435e+04 2.998198e+02 4.022584e+04 5.158639e+07
<GCONST> 6.782778e+01
<STATE> 5
<NUMMIXES> 13
<MIXTURE> 1 7.741906e-02
<MEAN> 6
 5.930514e+01 -1.111764e+03 4.783366e+02 5.097979e+00 -7.051302e+00 3.590442e+00
<VARIANCE> 6
 3.412499e+01 1.195217e+04 1.387160e+04 2.998198e+02 4.022584e+04 5.158639e+07
<GCONST> 6.754778e+01
<MIXTURE> 2 8.421683e-02
<MEAN> 6
 7.152737e+01 -6.027977e+02 1.607553e+02 -4.918934e-01 -3.107213e+00 -6.688339e+01
<VARIANCE> 6
 3.185104e+01 1.195217e+04 1.387160e+04 2.998198e+02 4.022584e+04 5.158639e+07
<GCONST> 6.747881e+01
<MIXTURE> 3 1.108180e-01
<MEAN> 6
 7.157365e+01 -1.088587e+03 -3.334547e+02 4.837408e-01 -6.204738e+00 -1.399465e+00
<VARIANCE> 6
 3.185104e+01 4.989851e+04 6.505825e+04 2.998198e+02 4.022584e+04 5.158639e+07
<GCONST> 7.045333e+01
<MIXTURE> 4 3.637886e-02
<MEAN> 6
 9.229264e+01 -1.558058e+03 -1.596345e+03 9.268554e+00 -5.183540e+01 1.735852e+02
<VARIANCE> 6
 8.311057e+01 1.195217e+04 6.947748e+04 7.675572e+02 4.022584e+04 5.158639e+07
<GCONST> 7.098911e+01
<MIXTURE> 5 9.410296e-02
<MEAN> 6
 7.392164e+01 -7.727057e+02 -6.148972e+01 1.060590e+00 -3.042285e+00 -1.423817e+02
<VARIANCE> 6
 3.185104e+01 1.195217e+04 1.387160e+04 2.998198e+02 4.022584e+04 5.158639e+07
<GCONST> 6.747881e+01
<MIXTURE> 6 6.291358e-02
<MEAN> 6
 7.304312e+01 -1.289708e+03 -1.341866e+01 -9.615660e-02 -1.107759e+01 -2.155263e+02
<VARIANCE> 6
 3.185104e+01 1.195217e+04 3.696861e+04 2.998198e+02 4.022584e+04 5.158639e+07
<GCONST> 6.845904e+01
<MIXTURE> 7 6.400804e-02
<MEAN> 6
 4.899549e+01 -1.046349e+03 2.095453e+01 -1.794440e-01 -1.697824e+00 -9.464235e+01
<VARIANCE> 6
 3.185104e+01 1.195217e+04 1.387160e+04 2.998198e+02 4.022584e+04 5.158639e+07
<GCONST> 6.747881e+01
<MIXTURE> 8 4.916060e-02
<MEAN> 6
 7.784533e+01 -1.393790e+03 -1.019350e+03 -3.640384e+00 1.103086e+01 8.367465e+01
<VARIANCE> 6
 3.395513e+01 1.195217e+04 1.488375e+04 2.998198e+02 4.022584e+04 5.158639e+07
<GCONST> 6.761321e+01
<MIXTURE> 9 1.282011e-01
<MEAN> 6
 7.134404e+01 -1.004057e+03 -6.301402e+02 -3.371655e-01 -1.194666e+01 -1.723146e+02
<VARIANCE> 6
 3.185104e+01 3.227397e+05 1.387160e+04 2.998198e+02 4.022584e+04 5.158639e+07
<GCONST> 7.077475e+01
<MIXTURE> 10 8.158952e-02
<MEAN> 6
 7.261732e+01 -8.729805e+02 5.172364e+01 1.203233e+00 3.037595e+00 -1.071363e+02
<VARIANCE> 6
 3.185104e+01 1.195217e+04 1.387160e+04 2.998198e+02 4.022584e+04 5.158639e+07
<GCONST> 6.747881e+01
<MIXTURE> 11 8.376292e-02
<MEAN> 6
 7.152753e+01 -6.027977e+02 1.607409e+02 -4.917467e-01 -3.107299e+00 -6.690966e+01
<VARIANCE> 6
 3.185104e+01 1.195217e+04 1.387160e+04 2.998198e+02 4.022584e+04 5.158639e+07
<GCONST> 6.747881e+01
<MIXTURE> 12 6.351211e-02
<MEAN> 6
 7.359662e+01 -1.325026e+03 -1.484374e+02 5.347306e-01 -5.053849e+00 -9.932184e+01
<VARIANCE> 6
 3.185104e+01 1.195217e+04 2.662815e+04 2.998198e+02 4.022584e+04 5.158639e+07
<GCONST> 6.813094e+01
<MIXTURE> 13 6.389307e-02
<MEAN> 6
 4.897998e+01 -1.045533e+03 1.889384e+01 -1.705259e-01 -1.429757e+00 -9.176618e+01
<VARIANCE> 6
 3.185104e+01 1.195217e+04 1.387160e+04 2.998198e+02 4.022584e+04 5.158639e+07
<GCONST> 6.747881e+01
<STATE> 6
<NUMMIXES> 13
<MIXTURE> 1 7.655803e-02
<MEAN> 6
 7.433097e+01 2.033212e+02 7.196450e+02 1.899639e+00 -4.723532e+00 -2.000287e+02
<VARIANCE> 6
 3.185104e+01 1.195217e+04 1.387160e+04 2.998198e+02 4.022584e+04 5.158639e+07
<GCONST> 6.747881e+01
<MIXTURE> 2 1.159735e-01
<MEAN> 6
 7.451126e+01 1.741057e+02 5.012365e+01 1.832031e+00 -3.778556e+00 -1.926181e+02
<VARIANCE> 6
 3.185104e+01 1.195217e+04 1.387160e+04 2.998198e+02 4.022584e+04 5.158639e+07
<GCONST> 6.747881e+01
<MIXTURE> 3 1.871437e-02
<MEAN> 6
 7.212251e+01 1.909328e+02 1.458515e+02 -5.551267e+01 7.653987e+00 5.556933e+03
<VARIANCE> 6
 2.423973e+02 1.012019e+05 1.870678e+05 1.474919e+03 6.268401e+05 2.291160e+08
<GCONST> 8.007648e+01
<MIXTURE> 4 8.070884e-02
<MEAN> 6
 5.506959e+01 2.155615e+00 4.301636e+02 -1.444695e-01 -2.987855e+00 -1.409720e+02
<VARIANCE> 6
 3.185104e+01 1.195217e+04 1.387160e+04 2.998198e+02 4.022584e+04 5.158639e+07
<GCONST> 6.747881e+01
<MIXTURE> 5 3.901162e-02
<MEAN> 6
 7.225823e+01 2.606992e+02 5.077333e+01 1.184659e+00 2.436188e+00 -1.869362e+02
<VARIANCE> 6
 3.185104e+01 1.492655e+04 1.387160e+04 2.998198e+02 4.022584e+04 5.158639e+07
<GCONST> 6.770104e+01
<MIXTURE> 6 6.046004e-02
<MEAN> 6
 7.891877e+01 9.403967e+00 4.982106e+02 -1.012576e+00 -1.422230e+00 -2.712396e+02
<VARIANCE> 6
 3.185104e+01 1.195217e+04 1.387160e+04 2.998198e+02 4.022584e+04 5.158639e+07
<GCONST> 6.747881e+01
<MIXTURE> 7 6.576891e-02
<MEAN> 6
 6.191393e+01 -7.885880e+01 1.381294e+02 1.121470e+00 -2.518242e+00 -2.985240e+02
<VARIANCE> 6
 3.185104e+01 5.170732e+04 1.387160e+04 2.998198e+02 4.022584e+04 5.158639e+07
<GCONST> 6.894350e+01
<MIXTURE> 8 1.077866e-01
<MEAN> 6
 5.706943e+01 4.573180e+01 2.728121e+02 5.838012e-01 -4.388848e+00 -2.152134e+02
<VARIANCE> 6
 3.185104e+01 1.195217e+04 1.387160e+04 2.998198e+02 4.022584e+04 5.158639e+07
<GCONST> 6.747881e+01
<MIXTURE> 9 6.454054e-02
<MEAN> 6
 6.203485e+01 -1.071434e+02 1.558081e+02 -3.029364e-01 -9.748773e+00 -2.216279e+02
<VARIANCE> 6
 3.185104e+01 1.195217e+04 1.387160e+04 2.998198e+02 4.022584e+04 5.158639e+07
<GCONST> 6.747881e+01
<MIXTURE> 10 1.168029e-01
<MEAN> 6
 7.451115e+01 1.741062e+02 5.012408e+01 1.832004e+00 -3.778542e+00 -1.926140e+02
<VARIANCE> 6
 3.185104e+01 1.195217e+04 1.387160e+04 2.998198e+02 4.022584e+04 5.158639e+07
<GCONST> 6.747881e+01
<MIXTURE> 11 7.889396e-02
<MEAN> 6
 5.545713e+01 1.015322e+01 4.069118e+02 -9.317089e-02 -2.765717e+00 -1.408878e+02
<VARIANCE> 6
 3.185104e+01 1.195217e+04 1.387160e+04 2.998198e+02 4.022584e+04 5.158639e+07
<GCONST> 6.747881e+01
<MIXTURE> 12 1.108004e-01
<MEAN> 6
 5.708270e+01 2.898632e+01 2.466697e+02 8.176875e-01 -5.454832e+00 -2.535990e+02
<VARIANCE> 6
 3.185104e+01 1.195217e+04 1.387160e+04 2.998198e+02 4.022584e+04 5.158639e+07
<GCONST> 6.747881e+01
<MIXTURE> 13 6.391232e-02
<MEAN> 6
 6.197112e+01 -1.170524e+02 1.425328e+02 -2.548635e-01 -9.856845e+00 -2.293425e+02
<VARIANCE> 6
 3.185104e+01 1.195217e+04 1.387160e+04 2.998198e+02 4.022584e+04 5.158639e+07
<GCONST> 6.747881e+01
<STATE> 7
<NUMMIXES> 13
<MIXTURE> 1 5.810060e-02
<MEAN> 6
 1.121744e+02 5.890526e+02 3.161858e+02 -6.110271e+00 5.888645e+00 2.451742e+02
<VARIANCE> 6
 1.023015e+02 2.058054e+04 7.774322e+04 2.998198e+02 4.022584e+04 5.158639e+07
<GCONST> 7.091267e+01
<MIXTURE> 2 9.281085e-02
<MEAN> 6
 8.526934e+01 6.333503e+01 -2.205243e+02 6.954781e-01 -1.021647e+01 -3.977472e+01
<VARIANCE> 6
 3.185104e+01 1.195217e+04 1.387160e+04 2.998198e+02 4.022584e+04 5.158639e+07
<GCONST> 6.747881e+01
<MIXTURE> 3 7.060704e-02
<MEAN> 6
 8.301724e+01 3.374359e+02 -5.745402e+02 1.569864e-01 -1.454269e+01 -3.315728e+02
<VARIANCE> 6
 3.185104e+01 1.195217e+04 2.016865e+04 2.998198e+02 4.022584e+04 5.158639e+07
<GCONST> 6.785310e+01
<MIXTURE> 4 8.149679e-02
<MEAN> 6
 8.224391e+01 -1.706221e+02 -3.180826e+02 9.207285e-01 -8.134133e+00 1.586925e+01
<VARIANCE> 6
 3.185104e+01 1.195217e+04 1.387160e+04 2.998198e+02 4.022584e+04 5.158639e+07
<GCONST> 6.747881e+01
<MIXTURE> 5 1.011397e-01
<MEAN> 6
 1.012273e+02 9.895876e+02 2.233692e+02 -3.142781e+00 8.353849e-01 1.590458e+02
<VARIANCE> 6
 3.185104e+01 1.195217e+04 1.387160e+04 2.998198e+02 4.022584e+04 5.158639e+07
<GCONST> 6.747881e+01
<MIXTURE> 6 4.986397e-02
<MEAN> 6
 8.541965e+01 6.875777e+01 -2.176201e+02 7.147254e-01 -1.090566e+01 -3.983331e+01
<VARIANCE> 6
 3.185104e+01 1.195217e+04 1.387160e+04 2.998198e+02 4.022584e+04 5.158639e+07
<GCONST> 6.747881e+01
<MIXTURE> 7 6.659476e-02
<MEAN> 6
 1.010470e+02 7.538174e+02 1.675915e+02 -3.326560e+00 -2.699114e+00 1.074082e+02
<VARIANCE> 6
 3.185104e+01 2.329928e+04 1.455733e+04 2.998198e+02 4.022584e+04 5.158639e+07
<GCONST> 6.819457e+01
<MIXTURE> 8 1.036403e-01
<MEAN> 6
 8.445078e+01 2.597856e+01 -2.338997e+02 5.628574e-01 -6.594596e+00 -4.735260e+01
<VARIANCE> 6
 3.185104e+01 1.195217e+04 1.387160e+04 2.998198e+02 4.022584e+04 5.158639e+07
<GCONST> 6.747881e+01
<MIXTURE> 9 9.931282e-02
<MEAN> 6
 8.468362e+01 3.707983e+01 -2.296296e+02 5.822291e-01 -7.337501e+00 -4.509200e+01
<VARIANCE> 6
 3.185104e+01 1.195217e+04 1.387160e+04 2.998198e+02 4.022584e+04 5.158639e+07
<GCONST> 6.747881e+01
<MIXTURE> 10 8.906511e-02
<MEAN> 6
 8.199186e+01 3.032698e+02 -7.800490e+02 -2.574547e+00 2.505159e+00 -1.810309e+01
<VARIANCE> 6
 3.185104e+01 1.195217e+04 1.387160e+04 2.998198e+02 4.022584e+04 5.158639e+07
<GCONST> 6.747881e+01
<MIXTURE> 11 6.637036e-02
<MEAN> 6
 8.233360e+01 -2.022764e+02 -2.911358e+02 1.198033e+00 -9.799747e+00 -3.117021e+00
<VARIANCE> 6
 3.185104e+01 2.298570e+04 1.387160e+04 2.998198e+02 4.022584e+04 5.158639e+07
<GCONST> 6.813277e+01
<MIXTURE> 12 7.096701e-02
<MEAN> 6
 9.945671e+01 7.391142e+02 1.080813e+02 -3.482037e+00 -5.169659e-01 8.161665e+01
<VARIANCE> 6
 3.185104e+01 1.684142e+04 1.387160e+04 2.998198e+02 4.022584e+04 5.158639e+07
<GCONST> 6.782174e+01
<MIXTURE> 13 5.002009e-02
<MEAN> 6
 8.428890e+01 1.858908e+01 -2.378377e+02 5.663347e-01 -6.314121e+00 -4.712781e+01
<VARIANCE> 6
 3.185104e+01 1.195217e+04 1.387160e+04 2.998198e+02 4.022584e+04 5.158639e+07
<GCONST> 6.747881e+01
<STATE> 8
<NUMMIXES> 13
<MIXTURE> 1 6.284593e-02
<MEAN> 6
 8.170246e+01 2.037797e+03 -2.875311e+02 -2.609919e+00 -8.959434e+00 -3.155420e+02
<VARIANCE> 6
 3.185104e+01 4.112606e+05 3.107549e+04 2.998198e+02 4.022584e+04 5.158639e+07
<GCONST> 7.182371e+01
<MIXTURE> 2 1.063787e-01
<MEAN> 6
 7.021684e+01 9.463550e+02 -2.492699e+02 -1.642023e+00 -1.593854e+00 1.941388e+01
<VARIANCE> 6
 3.185104e+01 1.213362e+04 1.387160e+04 2.998198e+02 4.022584e+04 5.158639e+07
<GCONST> 6.749388e+01
<MIXTURE> 3 4.624739e-02
<MEAN> 6
 5.654855e+01 1.379120e+03 1.137906e+03 2.331566e+00 -1.376627e+01 8.468382e+01
<VARIANCE> 6
 3.185104e+01 1.809674e+04 1.387160e+04 2.998198e+02 4.022584e+04 5.158639e+07
<GCONST> 6.789363e+01
<MIXTURE> 4 1.086500e-01
<MEAN> 6
 7.839134e+01 6.887444e+02 -8.461203e+02 -1.808384e+00 -3.849379e+00 -5.682020e+01
<VARIANCE> 6
 3.185104e+01 1.195217e+04 1.387160e+04 2.998198e+02 4.022584e+04 5.158639e+07
<GCONST> 6.747881e+01
<MIXTURE> 5 5.083157e-02
<MEAN> 6
 6.661317e+01 1.424810e+03 -1.859234e+02 -6.936308e-01 -9.809289e+00 -6.330159e+01
<VARIANCE> 6
 3.185104e+01 2.479242e+04 1.387160e+04 2.998198e+02 4.022584e+04 5.158639e+07
<GCONST> 6.820844e+01
<MIXTURE> 6 8.229584e-02
<MEAN> 6
 7.256406e+01 7.965739e+02 -1.189998e+03 -1.918043e+00 6.249954e-01 -5.870130e+00
<VARIANCE> 6
 3.185104e+01 1.883245e+05 1.774217e+04 2.998198e+02 4.022584e+04 5.158639e+07
<GCONST> 7.048217e+01
<MIXTURE> 7 6.803644e-02
<MEAN> 6
 6.981001e+01 4.983361e+02 -2.225810e+02 -1.856609e+00 -2.690957e+00 -7.105510e+01
<VARIANCE> 6
 3.185104e+01 1.195217e+04 1.387160e+04 2.998198e+02 4.022584e+04 5.158639e+07
<GCONST> 6.747881e+01
<MIXTURE> 8 8.101409e-02
<MEAN> 6
 6.753844e+01 1.231196e+03 -4.767916e+02 -3.465265e-01 -4.174459e+00 -1.161999e+02
<VARIANCE> 6
 3.185104e+01 1.195217e+04 1.387160e+04 2.998198e+02 4.022584e+04 5.158639e+07
<GCONST> 6.747881e+01
<MIXTURE> 9 8.018810e-02
<MEAN> 6
 6.540907e+01 4.420760e+02 -3.920685e+02 -7.043210e-01 -5.786086e+00 -1.247048e+02
<VARIANCE> 6
 3.185104e+01 1.195217e+04 1.387160e+04 2.998198e+02 4.022584e+04 5.158639e+07
<GCONST> 6.747881e+01
<MIXTURE> 10 9.638269e-02
<MEAN> 6
 6.787428e+01 6.059809e+02 7.483976e+02 -7.694061e-01 -4.815462e+00 -1.608890e+02
<VARIANCE> 6
 7.829066e+01 9.673069e+04 1.755145e+05 2.998198e+02 4.022584e+04 5.158639e+07
<GCONST> 7.300707e+01
<MIXTURE> 11 8.864184e-02
<MEAN> 6
 6.670094e+01 1.358652e+03 -6.820318e+02 -1.146784e+00 -9.143195e-02 -3.672559e+01
<VARIANCE> 6
 3.185104e+01 1.195217e+04 1.387160e+04 2.998198e+02 4.022584e+04 5.158639e+07
<GCONST> 6.747881e+01
<MIXTURE> 12 6.734691e-02
<MEAN> 6
 6.959601e+01 4.971376e+02 -2.267494e+02 -1.806504e+00 -2.599930e+00 -7.829959e+01
<VARIANCE> 6
 3.185104e+01 1.195217e+04 1.387160e+04 2.998198e+02 4.022584e+04 5.158639e+07
<GCONST> 6.747881e+01
<MIXTURE> 13 6.110614e-02
<MEAN> 6
 7.769233e+01 2.048688e+03 -4.835770e+02 -1.942453e+00 -6.367646e+00 -2.635372e+02
<VARIANCE> 6
 3.185104e+01 3.475476e+05 4.424793e+04 2.998198e+02 4.022584e+04 5.158639e+07
<GCONST> 7.200877e+01
<STATE> 9
<NUMMIXES> 13
<MIXTURE> 1 6.393007e-02
<MEAN> 6
 6.732175e+01 4.751653e+03 -6.957039e+02 -6.861183e-01 7.293792e-01 -3.019046e+00
<VARIANCE> 6
 3.185104e+01 7.418767e+04 1.387160e+04 2.998198e+02 4.022584e+04 5.158639e+07
<GCONST> 6.930450e+01
<MIXTURE> 2 7.190712e-02
<MEAN> 6
 9.947775e+01 5.082098e+02 -5.103718e+02 -8.574854e+00 3.032954e+00 7.620143e+01
<VARIANCE> 6
 3.185104e+01 1.480773e+04 4.751475e+04 2.998198e+02 4.022584e+04 5.158639e+07
<GCONST> 6.892425e+01
<MIXTURE> 3 6.507983e-02
<MEAN> 6
 9.873847e+01 6.825814e+02 -1.879382e+03 1.722529e+00 -2.204095e-01 1.962920e+01
<VARIANCE> 6
 3.185104e+01 1.195217e+04 1.387160e+04 2.998198e+02 4.022584e+04 5.158639e+07
<GCONST> 6.747881e+01
<MIXTURE> 4 1.183252e-01
<MEAN> 6
 8.956606e+01 5.794445e+02 -1.358699e+03 5.539871e-01 -2.553678e+01 -2.294844e+02
<VARIANCE> 6
 3.185104e+01 1.195217e+04 1.387160e+04 2.998198e+02 4.022584e+04 5.158639e+07
<GCONST> 6.747881e+01
<MIXTURE> 5 6.416052e-02
<MEAN> 6
 1.050025e+02 4.532611e+02 -1.722142e+03 -7.747341e+00 9.010198e+00 3.181088e+02
<VARIANCE> 6
 3.185104e+01 1.195217e+04 1.387160e+04 2.998198e+02 4.022584e+04 5.158639e+07
<GCONST> 6.747881e+01
<MIXTURE> 6 1.130673e-01
<MEAN> 6
 9.030424e+01 7.477944e+02 -2.614281e+03 -2.917746e+00 2.218727e+00 -1.036515e+01
<VARIANCE> 6
 3.185104e+01 1.195217e+04 3.062431e+04 2.998198e+02 4.022584e+04 5.158639e+07
<GCONST> 6.827077e+01
<MIXTURE> 7 1.062567e-01
<MEAN> 6
 5.166720e+01 2.298668e+03 2.612127e+03 8.117823e-02 -5.142436e+00 4.263665e+01
<VARIANCE> 6
 3.185104e+01 2.156681e+04 2.303218e+04 2.998198e+02 4.022584e+04 5.158639e+07
<GCONST> 6.857610e+01
<MIXTURE> 8 6.939220e-02
<MEAN> 6
 8.766971e+01 3.598359e+02 -1.313876e+03 -1.956667e+00 6.437000e+00 2.443508e+01
<VARIANCE> 6
 3.185104e+01 1.195217e+04 1.387160e+04 2.998198e+02 4.022584e+04 5.158639e+07
<GCONST> 6.747881e+01
<MIXTURE> 9 1.155558e-01
<MEAN> 6
 9.779614e+01 4.748018e+02 -9.986215e+02 -2.109620e+00 -1.575902e+00 6.778592e+00
<VARIANCE> 6
 3.185104e+01 1.195217e+04 1.387160e+04 2.998198e+02 4.022584e+04 5.158639e+07
<GCONST> 6.747881e+01
<MIXTURE> 10 1.713543e-02
<MEAN> 6
 5.196715e+01 8.161136e+02 1.767625e+03 -3.101322e+00 -4.188016e+01 1.316066e+02
<VARIANCE> 6
 1.583967e+02 7.371030e+05 7.336572e+05 4.626691e+02 6.311003e+04 5.158639e+07
<GCONST> 7.805706e+01
<MIXTURE> 11 6.598292e-02
<MEAN> 6
 9.850244e+01 6.746230e+02 -1.873021e+03 1.244676e+00 8.758289e-01 1.904680e+01
<VARIANCE> 6
 3.185104e+01 1.195217e+04 1.387160e+04 2.998198e+02 4.022584e+04 5.158639e+07
<GCONST> 6.747881e+01
<MIXTURE> 12 6.842452e-02
<MEAN> 6
 8.939912e+01 3.063575e+02 -1.306223e+03 -3.405047e+00 2.056330e+00 3.199852e+01
<VARIANCE> 6
 3.185104e+01 1.195217e+04 1.387160e+04 2.998198e+02 4.022584e+04 5.158639e+07
<GCONST> 6.747881e+01
<MIXTURE> 13 6.076888e-02
<MEAN> 6
 6.855000e+01 4.386742e+03 -6.430416e+02 -1.834351e+00 -5.560055e-02 7.550738e+00
<VARIANCE> 6
 3.185104e+01 2.699956e+05 1.387160e+04 2.998198e+02 4.022584e+04 5.158639e+07
<GCONST> 7.059631e+01
<STATE> 10
<NUMMIXES> 13
<MIXTURE> 1 8.637919e-02
<MEAN> 6
 8.273100e+01 3.916003e+02 2.347156e+02 -1.017856e+00 -2.600901e+00 -5.539447e+01
<VARIANCE> 6
 3.185104e+01 1.195217e+04 1.387160e+04 2.998198e+02 4.022584e+04 5.158639e+07
<GCONST> 6.747881e+01
<MIXTURE> 2 1.621220e-02
<MEAN> 6
 7.961757e+01 -2.095159e+02 6.934859e+02 -3.020021e+00 -1.192078e+01 7.745927e+01
<VARIANCE> 6
 1.237103e+02 1.531519e+05 3.074154e+06 2.998198e+02 4.022584e+04 5.158639e+07
<GCONST> 7.678715e+01
<MIXTURE> 3 1.154999e-01
<MEAN> 6
 8.445703e+01 -1.397269e+02 -4.168714e+00 -3.644268e-01 -2.232806e+00 -4.131201e+01
<VARIANCE> 6
 3.185104e+01 1.195217e+04 1.387160e+04 2.998198e+02 4.022584e+04 5.158639e+07
<GCONST> 6.747881e+01
<MIXTURE> 4 7.055645e-02
<MEAN> 6
 6.801468e+01 8.582001e+01 -1.093679e+02 -3.770785e+01 -8.799529e+02 -1.414413e+04
<VARIANCE> 6
 7.869849e+01 5.689047e+05 1.061422e+05 2.998198e+02 5.328620e+04 5.359528e+07
<GCONST> 7.460048e+01
<MIXTURE> 5 5.507906e-02
<MEAN> 6
 8.477735e+01 -1.255305e+02 2.727222e+00 -3.243317e-01 -1.618190e+00 -2.324303e+01
<VARIANCE> 6
 3.185104e+01 1.195217e+04 1.387160e+04 2.998198e+02 4.022584e+04 5.158639e+07
<GCONST> 6.747881e+01
<MIXTURE> 6 6.047435e-02
<MEAN> 6
 9.062444e+01 4.236343e+02 1.056080e+02 -4.872253e+00 2.665921e+00 -1.511829e+02
<VARIANCE> 6
 3.185104e+01 1.195217e+04 1.387160e+04 2.998198e+02 4.022584e+04 5.158639e+07
<GCONST> 6.747881e+01
<MIXTURE> 7 6.430493e-02
<MEAN> 6
 8.456393e+01 -1.349960e+02 -1.984959e+00 -3.511066e-01 -2.027736e+00 -3.524506e+01
<VARIANCE> 6
 3.185104e+01 1.195217e+04 1.387160e+04 2.998198e+02 4.022584e+04 5.158639e+07
<GCONST> 6.747881e+01
<MIXTURE> 8 1.086273e-01
<MEAN> 6
 8.419530e+01 -1.468667e+02 -8.655554e+00 -4.012270e-01 -2.672565e+00 -5.321489e+01
<VARIANCE> 6
 3.185104e+01 1.195217e+04 1.387160e+04 2.998198e+02 4.022584e+04 5.158639e+07
<GCONST> 6.747881e+01
<MIXTURE> 9 9.781669e-02
<MEAN> 6
 8.611172e+01 1.141542e+02 1.354237e+02 -9.611729e-01 -1.453911e+00 -1.034002e+02
<VARIANCE> 6
 3.185104e+01 1.195217e+04 1.387160e+04 2.998198e+02 4.022584e+04 5.158639e+07
<GCONST> 6.747881e+01
<MIXTURE> 10 1.061213e-01
<MEAN> 6
 8.223696e+01 3.256574e+02 2.375564e+02 -9.939675e-01 -5.380218e+00 -1.013426e+02
<VARIANCE> 6
 3.185104e+01 1.195217e+04 1.387160e+04 2.998198e+02 4.022584e+04 5.158639e+07
<GCONST> 6.747881e+01
<MIXTURE> 11 1.005280e-01
<MEAN> 6
 8.613186e+01 1.067571e+02 1.314589e+02 -9.114424e-01 -1.241646e+00 -9.520689e+01
<VARIANCE> 6
 3.185104e+01 1.195217e+04 1.387160e+04 2.998198e+02 4.022584e+04 5.158639e+07
<GCONST> 6.747881e+01
<MIXTURE> 12 6.312650e-02
<MEAN> 6
 8.351265e+01 -1.544287e+02 -1.877088e+01 -5.003854e-01 -3.696319e+00 -7.616016e+01
<VARIANCE> 6
 3.185104e+01 1.195217e+04 1.387160e+04 2.998198e+02 4.022584e+04 5.158639e+07
<GCONST> 6.747881e+01
<MIXTURE> 13 5.526368e-02
<MEAN> 6
 8.323141e+01 -1.575026e+02 -2.286615e+01 -5.390576e-01 -4.153574e+00 -8.562278e+01
<VARIANCE> 6
 3.185104e+01 1.195217e+04 1.387160e+04 2.998198e+02 4.022584e+04 5.158639e+07
<GCONST> 6.747881e+01
<STATE> 11
<NUMMIXES> 13
<MIXTURE> 1 7.870106e-02
<MEAN> 6
 5.631857e+01 1.078387e+02 5.598167e+01 -1.207632e+02 -8.835947e+02 -1.932620e+03
<VARIANCE> 6
 1.503245e+02 9.959014e+04 3.942764e+05 1.982540e+03 1.378886e+05 5.158639e+07
<GCONST> 7.761879e+01
<MIXTURE> 2 7.668240e-02
<MEAN> 6
 6.450529e+01 3.039742e+02 -9.280775e+01 -1.232409e+02 -1.754071e+03 -1.284161e+04
<VARIANCE> 6
 9.329845e+01 9.850306e+05 6.192062e+04 2.315632e+03 5.335731e+05 2.352960e+08
<GCONST> 8.060825e+01
<MIXTURE> 3 5.920282e-02
<MEAN> 6
 -3.369677e+01 2.750106e+02 2.893022e+01 -3.667864e+02 2.090015e+03 4.016522e+04
<VARIANCE> 6
 3.096923e+02 1.279956e+06 4.593611e+05 1.153075e+04 2.605095e+06 1.331086e+09
<GCONST> 8.899779e+01
<MIXTURE> 4 1.000776e-01
<MEAN> 6
 4.567933e+01 2.217476e+02 -1.945485e+02 -2.609574e+02 -1.558574e+03 7.658483e+03
<VARIANCE> 6
 1.169509e+02 1.148784e+06 1.983051e+05 2.680269e+03 5.240291e+05 1.106907e+08
<GCONST> 8.152602e+01
<MIXTURE> 5 2.334323e-02
<MEAN> 6
 7.221752e-01 -1.037046e+03 -8.521822e+02 -3.666364e+02 -4.092326e+02 1.608012e+04
<VARIANCE> 6
 3.759708e+02 1.612527e+06 8.175860e+06 4.054086e+03 1.009295e+06 5.184090e+08
<GCONST> 8.936530e+01
<MIXTURE> 6 5.596571e-02
<MEAN> 6
 -6.730679e+01 1.349121e+02 4.672415e+02 4.226101e+01 1.632974e+03 -1.772885e+02
<VARIANCE> 6
 1.152282e+02 4.332066e+05 6.021862e+05 2.475122e+04 6.042657e+04 7.273095e+07
<GCONST> 8.128957e+01
<MIXTURE> 7 9.197067e-02
<MEAN> 6
 -5.986073e+01 -9.920443e+01 -2.585224e+02 1.127694e+02 7.782281e+02 9.891340e+02
<VARIANCE> 6
 8.140601e+01 1.988770e+05 9.720899e+04 2.933602e+03 7.388388e+04 5.158639e+07
<GCONST> 7.606477e+01
<MIXTURE> 8 8.532089e-02
<MEAN> 6
 -6.268781e+01 -3.037430e+02 -4.241243e+02 2.428395e+00 8.355921e+01 9.616705e+02
<VARIANCE> 6
 1.175331e+02 6.726794e+05 1.987001e+05 2.998198e+02 5.079974e+04 5.158639e+07
<GCONST> 7.571016e+01
<MIXTURE> 9 1.092819e-01
<MEAN> 6
 -6.061159e+01 7.045379e+01 -1.370411e+02 -1.050564e+02 1.794851e+03 -1.963417e+04
<VARIANCE> 6
 1.638438e+02 8.101378e+05 3.878379e+05 6.844944e+03 1.354034e+06 5.014031e+08
<GCONST> 8.558227e+01
<MIXTURE> 10 8.540908e-02
<MEAN> 6
 1.358197e+01 4.524049e+01 1.048889e+02 -3.229604e+02 -5.694092e+02 7.460770e+03
<VARIANCE> 6
 2.278747e+02 9.856884e+04 3.564379e+05 4.413063e+03 3.227869e+05 1.660407e+08
<GCONST> 8.074329e+01
<MIXTURE> 11 9.089877e-02
<MEAN> 6
 -7.060323e+01 1.746445e+02 -3.459979e+02 8.457475e+00 5.902104e+02 -3.371439e+02
<VARIANCE> 6
 4.336509e+01 7.458532e+05 5.045212e+05 3.073806e+03 4.022584e+04 5.158639e+07
<GCONST> 7.784227e+01
<MIXTURE> 12 7.418287e-02
<MEAN> 6
 1.076380e+01 8.120251e+01 -2.958959e+02 -4.057382e+02 -8.126164e+02 1.728106e+04
<VARIANCE> 6
 3.834930e+02 8.728738e+05 1.912426e+05 3.797862e+03 7.172668e+05 3.743795e+08
<GCONST> 8.428360e+01
<MIXTURE> 13 6.895032e-02
<MEAN> 6
 -3.239350e+01 -4.501674e+01 -2.379970e+02 -3.046591e+02 1.583041e+03 1.702822e+04
<VARIANCE> 6
 2.541139e+02 3.855558e+05 4.553805e+05 6.064979e+03 9.805229e+05 4.743110e+08
<GCONST> 8.493987e+01
<STATE> 12
<NUMMIXES> 13
<MIXTURE> 1 7.335868e-02
<MEAN> 6
 8.651191e+01 2.790403e+01 2.130021e+01 -5.434073e+00 -1.658792e+01 1.568771e+01
<VARIANCE> 6
 1.417038e+02 1.338703e+06 7.440132e+05 2.998198e+02 4.022584e+04 5.158639e+07
<GCONST> 7.767224e+01
<MIXTURE> 2 1.145998e-02
<MEAN> 6
 -7.037445e+00 1.587848e+02 1.112206e+02 -1.812987e+01 4.788564e+01 4.371303e+03
<VARIANCE> 6
 1.182762e+04 2.013571e+05 4.234744e+05 2.097977e+06 1.149956e+09 1.691398e+12
<GCONST> 1.091506e+02
<MIXTURE> 3 7.346557e-02
<MEAN> 6
 -3.939628e+01 2.883822e+01 1.463957e+02 6.535943e+01 9.405496e+02 -6.483732e+02
<VARIANCE> 6
 3.080294e+02 1.562233e+05 1.781162e+05 2.794754e+04 2.740930e+05 9.322175e+07
<GCONST> 8.191650e+01
<MIXTURE> 4 5.749565e-02
<MEAN> 6
 1.260746e+01 4.366208e+01 2.725246e+01 -6.223801e+01 1.451610e+02 3.790796e+03
<VARIANCE> 6
 4.711761e+03 6.587071e+05 4.800421e+05 5.414911e+04 4.033025e+06 2.440671e+09
<GCONST> 9.368981e+01
<MIXTURE> 5 7.878437e-02
<MEAN> 6
 9.121123e+00 -1.172912e+01 1.938766e+02 5.283174e+01 -1.946032e+01 -1.803771e+03
<VARIANCE> 6
 2.678172e+03 2.700270e+06 1.493041e+06 4.629553e+04 7.006586e+05 1.312424e+08
<GCONST> 9.084048e+01
<MIXTURE> 6 9.372853e-02
<MEAN> 6
 7.212431e+01 8.280811e+01 -6.613284e+01 6.312386e+00 -6.091353e+02 -1.798935e+02
<VARIANCE> 6
 2.397610e+02 5.174379e+05 3.371267e+05 2.030613e+04 1.402623e+05 5.158639e+07
<GCONST> 8.192048e+01
<MIXTURE> 7 8.242800e-02
<MEAN> 6
 8.062814e+01 -2.964531e+01 5.040855e+01 -8.381704e+00 -2.542150e+01 -3.138704e+02
<VARIANCE> 6
 1.441750e+02 1.246266e+05 4.620591e+04 2.998198e+02 4.022584e+04 5.158639e+07
<GCONST> 7.253645e+01
<MIXTURE> 8 9.802441e-02
<MEAN> 6
 4.388335e+01 8.702142e+00 -1.547174e+01 7.931302e+01 -2.736562e+02 -7.428256e+02
<VARIANCE> 6
 5.848576e+02 5.756048e+04 6.961888e+04 2.881650e+04 1.280047e+05 5.158639e+07
<GCONST> 7.929731e+01
<MIXTURE> 9 7.743576e-02
<MEAN> 6
 -5.638705e+01 9.298031e+01 9.601318e-01 1.602381e+01 2.131640e+02 1.842707e+02
<VARIANCE> 6
 2.050738e+02 2.336048e+05 1.500575e+05 7.017690e+02 6.631523e+04 5.158639e+07
<GCONST> 7.604533e+01
<MIXTURE> 10 1.048341e-01
<MEAN> 6
 3.854258e+00 -6.988528e+01 5.454512e+01 -6.305990e+01 5.032982e+01 4.651079e+02
<VARIANCE> 6
 3.974337e+02 1.322886e+05 1.285223e+05 5.610921e+04 2.241999e+05 1.596288e+08
<GCONST> 8.271260e+01
<MIXTURE> 11 9.535189e-02
<MEAN> 6
 7.341394e+01 5.097082e+01 2.126838e+01 -3.050133e+01 -8.742075e+02 7.643056e+01
<VARIANCE> 6
 4.188524e+02 1.747731e+05 5.539677e+04 2.698449e+04 5.422325e+05 2.249965e+08
<GCONST> 8.269637e+01
<MIXTURE> 12 7.754485e-02
<MEAN> 6
 7.797169e+01 -8.016338e+01 -7.666080e+01 -4.547544e+00 -2.647032e+01 -2.508061e+02
<VARIANCE> 6
 1.236491e+02 7.587891e+04 1.547616e+05 2.998198e+02 4.022584e+04 5.158639e+07
<GCONST> 7.309546e+01
<MIXTURE> 13 7.522532e-02
<MEAN> 6
 -4.545690e+01 -9.981463e+01 9.316053e+00 9.757823e+00 9.578594e+02 -8.367829e+02
<VARIANCE> 6
 2.679491e+02 1.716702e+05 1.157764e+05 2.380514e+04 2.717079e+05 1.546494e+08
<GCONST> 8.177762e+01
<TRANSP> 13
 0.000000e+00 1.000000e+00 0.000000e+00 0.000000e+00 0.000000e+00 0.000000e+00 0.000000e+00 0.000000e+00 0.000000e+00 0.000000e+00 0.000000e+00 0.000000e+00 0.000000e+00
 0.000000e+00 9.998647e-01 1.353307e-04 0.000000e+00 0.000000e+00 0.000000e+00 0.000000e+00 0.000000e+00 0.000000e+00 0.000000e+00 0.000000e+00 0.000000e+00 0.000000e+00
 0.000000e+00 0.000000e+00 9.987614e-01 1.238644e-03 0.000000e+00 0.000000e+00 0.000000e+00 0.000000e+00 0.000000e+00 0.000000e+00 0.000000e+00 0.000000e+00 0.000000e+00
 0.000000e+00 0.000000e+00 0.000000e+00 9.977483e-01 2.251791e-03 0.000000e+00 0.000000e+00 0.000000e+00 0.000000e+00 0.000000e+00 0.000000e+00 0.000000e+00 0.000000e+00
 0.000000e+00 0.000000e+00 0.000000e+00 0.000000e+00 9.981505e-01 1.849501e-03 0.000000e+00 0.000000e+00 0.000000e+00 0.000000e+00 0.000000e+00 0.000000e+00 0.000000e+00
 0.000000e+00 0.000000e+00 0.000000e+00 0.000000e+00 0.000000e+00 9.983906e-01 1.609392e-03 0.000000e+00 0.000000e+00 0.000000e+00 0.000000e+00 0.000000e+00 0.000000e+00
 0.000000e+00 0.000000e+00 0.000000e+00 0.000000e+00 0.000000e+00 0.000000e+00 9.979321e-01 2.067906e-03 0.000000e+00 0.000000e+00 0.000000e+00 0.000000e+00 0.000000e+00
 0.000000e+00 0.000000e+00 0.000000e+00 0.000000e+00 0.000000e+00 0.000000e+00 0.000000e+00 9.983812e-01 1.618809e-03 0.000000e+00 0.000000e+00 0.000000e+00 0.000000e+00
 0.000000e+00 0.000000e+00 0.000000e+00 0.000000e+00 0.000000e+00 0.000000e+00 0.000000e+00 0.000000e+00 9.964367e-01 3.563336e-03 0.000000e+00 0.000000e+00 0.000000e+00
 0.000000e+00 0.000000e+00 0.000000e+00 0.000000e+00 0.000000e+00 0.000000e+00 0.000000e+00 0.000000e+00 0.000000e+00 9.970298e-01 2.970133e-03 0.000000e+00 0.000000e+00
 0.000000e+00 0.000000e+00 0.000000e+00 0.000000e+00 0.000000e+00 0.000000e+00 0.000000e+00 0.000000e+00 0.000000e+00 0.000000e+00 9.976827e-01 2.317304e-03 0.000000e+00
 0.000000e+00 0.000000e+00 0.000000e+00 0.000000e+00 0.000000e+00 0.000000e+00 0.000000e+00 0.000000e+00 0.000000e+00 0.000000e+00 0.000000e+00 9.999379e-01 6.209561e-05
 0.000000e+00 0.000000e+00 0.000000e+00 0.000000e+00 0.000000e+00 0.000000e+00 0.000000e+00 0.000000e+00 0.000000e+00 0.000000e+00 0.000000e+00 0.000000e+00 0.000000e+00
<ENDHMM>
