~o
<STREAMINFO> 1 6
<VECSIZE> 6<NULLD><USER><DIAGC>
~h "SegundoPRIMARIA"
<BEGINHMM>
<NUMSTATES> 12
<STATE> 2
<NUMMIXES> 15
<MIXTURE> 1 5.853959e-02
<MEAN> 6
 1.076880e+02 4.042129e+01 3.254184e+02 -4.882236e+00 -6.350431e+01 -6.210746e+02
<VARIANCE> 6
 2.184869e+02 8.319611e+04 1.929408e+06 2.998198e+02 4.102457e+04 5.158639e+07
<GCONST> 7.629955e+01
<MIXTURE> 2 6.614575e-02
<MEAN> 6
 -3.247133e+01 8.421374e+00 3.462339e+01 -2.504591e+02 1.451527e+03 5.839009e+03
<VARIANCE> 6
 6.463152e+02 3.093399e+05 1.628007e+06 2.122636e+04 1.330081e+06 1.089164e+09
<GCONST> 8.931605e+01
<MIXTURE> 3 5.689812e-02
<MEAN> 6
 6.041088e+01 1.243425e+01 6.635543e+00 6.184451e+01 -3.849946e+02 -7.831503e+02
<VARIANCE> 6
 5.277666e+02 1.496505e+05 2.404992e+06 2.366591e+04 1.289815e+05 5.158639e+07
<GCONST> 8.350301e+01
<MIXTURE> 4 4.587162e-02
<MEAN> 6
 -7.585710e+00 5.243900e+01 -1.521438e+02 2.985742e+02 5.654562e+02 -9.323399e+03
<VARIANCE> 6
 3.879182e+02 2.965045e+05 1.709883e+06 5.826284e+03 5.471840e+05 1.651932e+08
<GCONST> 8.474512e+01
<MIXTURE> 5 6.135026e-02
<MEAN> 6
 9.657105e+01 -2.714755e+02 -8.856432e+01 7.892695e+01 -1.072539e+03 -6.595115e+01
<VARIANCE> 6
 7.224307e+02 7.237469e+05 1.438108e+06 2.589753e+04 2.044211e+06 1.155865e+09
<GCONST> 9.084146e+01
<MIXTURE> 6 5.386063e-02
<MEAN> 6
 6.981437e+01 2.557468e+02 -5.995887e+02 1.180925e+00 -1.508987e+01 -7.094139e+01
<VARIANCE> 6
 8.765672e+01 2.904350e+04 1.365964e+06 2.998198e+02 4.022584e+04 5.158639e+07
<GCONST> 7.396883e+01
<MIXTURE> 7 6.913418e-02
<MEAN> 6
 -6.382679e+01 -4.296186e+01 -1.765314e+02 -7.604186e+00 1.103660e+02 1.298971e+02
<VARIANCE> 6
 2.640757e+02 1.520267e+05 9.829193e+05 3.327009e+02 4.022584e+04 5.158639e+07
<GCONST> 7.650187e+01
<MIXTURE> 8 9.047952e-02
<MEAN> 6
 8.906916e+01 -4.931269e+01 1.683335e+02 -7.474610e+01 -7.710761e+02 -2.232943e+03
<VARIANCE> 6
 5.048189e+02 1.757976e+05 9.325309e+05 1.047653e+04 3.462778e+05 9.594133e+07
<GCONST> 8.346535e+01
<MIXTURE> 9 1.021968e-01
<MEAN> 6
 -4.432957e+01 -7.621558e+01 1.300647e+01 5.449338e+01 7.359111e+02 3.951588e+02
<VARIANCE> 6
 3.008571e+02 1.911627e+05 4.140555e+05 1.863660e+04 2.164912e+05 5.158639e+07
<GCONST> 8.170549e+01
<MIXTURE> 10 5.430705e-02
<MEAN> 6
 6.814902e+01 -6.239350e+02 2.001451e+03 -9.032521e-02 -7.648530e+00 2.416478e+01
<VARIANCE> 6
 9.400699e+01 7.382567e+04 2.222224e+06 2.998198e+02 4.022584e+04 5.158639e+07
<GCONST> 7.545833e+01
<MIXTURE> 11 7.317878e-02
<MEAN> 6
 4.207039e+01 -1.217508e+02 -2.031864e+02 2.260472e+02 -3.291992e+02 -2.089609e+03
<VARIANCE> 6
 7.204827e+02 2.237817e+05 3.348796e+05 1.006937e+04 2.860302e+05 8.328129e+07
<GCONST> 8.266597e+01
<MIXTURE> 12 6.953830e-02
<MEAN> 6
 3.375372e+01 -1.098666e+01 2.728827e+01 -3.076070e+02 -7.637387e+02 6.994055e+03
<VARIANCE> 6
 6.040324e+02 2.428198e+05 1.450490e+06 9.340615e+03 6.850894e+05 2.062265e+08
<GCONST> 8.574229e+01
<MIXTURE> 13 7.245949e-02
<MEAN> 6
 -6.751859e+01 2.447783e+01 -2.869511e+02 2.096631e+01 5.451607e+02 -7.160552e+02
<VARIANCE> 6
 4.792918e+02 1.850871e+05 2.658272e+06 8.170841e+03 1.639723e+05 1.118393e+08
<GCONST> 8.366969e+01
<MIXTURE> 14 7.184409e-02
<MEAN> 6
 7.361763e+01 5.276866e+02 -4.571574e+02 5.630991e+00 -4.205556e+01 -1.275221e+02
<VARIANCE> 6
 1.315140e+02 5.819246e+05 8.250392e+05 2.998198e+02 4.022584e+04 5.158639e+07
<GCONST> 7.686787e+01
<MIXTURE> 15 5.399977e-02
<MEAN> 6
 7.133540e+01 1.914238e+02 -7.856242e+02 8.354741e-01 -1.610150e+01 -8.217780e+01
<VARIANCE> 6
 9.867446e+01 3.241154e+04 1.513152e+06 2.998198e+02 4.022584e+04 5.158639e+07
<GCONST> 7.429928e+01
<STATE> 3
<NUMMIXES> 15
<MIXTURE> 1 5.858091e-02
<MEAN> 6
 7.929533e+01 3.196283e+02 -3.227873e+01 1.584615e+00 -1.686162e+01 9.380717e+01
<VARIANCE> 6
 3.185104e+01 1.195217e+04 1.387160e+04 2.998198e+02 4.022584e+04 5.158639e+07
<GCONST> 6.747881e+01
<MIXTURE> 2 3.475232e-02
<MEAN> 6
 9.566531e+01 -8.011380e+02 -3.281301e+01 -1.847304e-01 -2.604376e+00 4.205149e+02
<VARIANCE> 6
 3.185104e+01 5.292388e+04 1.387160e+04 2.998198e+02 4.022584e+04 5.158639e+07
<GCONST> 6.896676e+01
<MIXTURE> 3 4.514753e-02
<MEAN> 6
 9.246555e+01 -1.329571e+02 -5.320394e+02 -2.750427e+00 1.115867e+01 8.903539e+01
<VARIANCE> 6
 3.185104e+01 2.471172e+04 1.387160e+04 2.998198e+02 4.022584e+04 5.158639e+07
<GCONST> 6.820518e+01
<MIXTURE> 4 8.012633e-02
<MEAN> 6
 8.512658e+01 8.780304e+00 -1.500191e+02 -5.435149e-01 -1.522427e+00 -1.535161e+02
<VARIANCE> 6
 3.185104e+01 1.205811e+04 1.387160e+04 2.998198e+02 4.022584e+04 5.158639e+07
<GCONST> 6.748764e+01
<MIXTURE> 5 7.104641e-02
<MEAN> 6
 7.312223e+01 1.830190e+02 -2.898131e+02 -8.833475e-01 -4.746376e+00 -2.043289e+01
<VARIANCE> 6
 3.185104e+01 1.195217e+04 1.387160e+04 2.998198e+02 4.022584e+04 5.158639e+07
<GCONST> 6.747881e+01
<MIXTURE> 6 5.238479e-02
<MEAN> 6
 9.481595e+01 -3.554228e+02 -5.458705e+02 -1.154097e+00 -1.928741e+00 -1.106276e+01
<VARIANCE> 6
 3.185104e+01 1.195217e+04 1.387160e+04 2.998198e+02 4.022584e+04 5.158639e+07
<GCONST> 6.747881e+01
<MIXTURE> 7 9.817927e-02
<MEAN> 6
 7.876991e+01 3.796357e+01 -2.865116e+02 -1.082177e+00 1.255179e-01 -7.589937e+01
<VARIANCE> 6
 3.185104e+01 1.195217e+04 1.387160e+04 2.998198e+02 4.022584e+04 5.158639e+07
<GCONST> 6.747881e+01
<MIXTURE> 8 8.832974e-02
<MEAN> 6
 6.632040e+01 1.574415e+02 -3.817856e+02 3.680642e+00 7.629962e-02 -8.520740e+00
<VARIANCE> 6
 3.185104e+01 1.195217e+04 1.387160e+04 2.998198e+02 4.022584e+04 5.158639e+07
<GCONST> 6.747881e+01
<MIXTURE> 9 5.417176e-02
<MEAN> 6
 9.312857e+01 -5.607766e+02 -5.338852e+02 1.831394e+00 -9.762861e-01 -1.813292e+02
<VARIANCE> 6
 3.185104e+01 1.195217e+04 1.387160e+04 2.998198e+02 4.022584e+04 5.158639e+07
<GCONST> 6.747881e+01
<MIXTURE> 10 9.945907e-02
<MEAN> 6
 7.877753e+01 3.774359e+01 -2.864601e+02 -1.081223e+00 1.359972e-01 -7.608846e+01
<VARIANCE> 6
 3.185104e+01 1.195217e+04 1.387160e+04 2.998198e+02 4.022584e+04 5.158639e+07
<GCONST> 6.747881e+01
<MIXTURE> 11 7.148962e-02
<MEAN> 6
 7.236702e+01 1.715171e+02 -3.187491e+02 -2.495396e-01 -2.795053e+00 -3.138246e+01
<VARIANCE> 6
 3.185104e+01 1.195217e+04 1.387160e+04 2.998198e+02 4.022584e+04 5.158639e+07
<GCONST> 6.747881e+01
<MIXTURE> 12 5.693927e-02
<MEAN> 6
 7.935133e+01 3.150216e+02 -3.457827e+01 1.525759e+00 -1.640343e+01 8.790437e+01
<VARIANCE> 6
 3.185104e+01 1.195217e+04 1.387160e+04 2.998198e+02 4.022584e+04 5.158639e+07
<GCONST> 6.747881e+01
<MIXTURE> 13 8.292701e-02
<MEAN> 6
 8.416886e+01 -2.829966e+02 -8.158057e+01 -3.165563e+00 -3.516164e+00 -1.103315e+02
<VARIANCE> 6
 3.185104e+01 8.918622e+04 1.387160e+04 2.998198e+02 4.022584e+04 5.158639e+07
<GCONST> 6.948862e+01
<MIXTURE> 14 5.451208e-02
<MEAN> 6
 9.310928e+01 -5.617596e+02 -5.337709e+02 1.846417e+00 -8.283309e-01 -1.808021e+02
<VARIANCE> 6
 3.185104e+01 1.195217e+04 1.387160e+04 2.998198e+02 4.022584e+04 5.158639e+07
<GCONST> 6.747881e+01
<MIXTURE> 15 5.191603e-02
<MEAN> 6
 9.495593e+01 -3.670654e+02 -5.461890e+02 -1.039147e+00 -4.035032e+00 -3.369141e+01
<VARIANCE> 6
 3.185104e+01 1.195217e+04 1.387160e+04 2.998198e+02 4.022584e+04 5.158639e+07
<GCONST> 6.747881e+01
<STATE> 4
<NUMMIXES> 15
<MIXTURE> 1 8.591133e-02
<MEAN> 6
 7.476889e+01 7.342657e+01 1.282801e+02 -3.806170e-01 -5.227417e+00 3.541032e+01
<VARIANCE> 6
 3.185104e+01 1.195217e+04 1.387160e+04 2.998198e+02 4.022584e+04 5.158639e+07
<GCONST> 6.747881e+01
<MIXTURE> 2 2.839090e-03
<MEAN> 6
 8.301083e+01 -6.491032e+02 1.351494e+02 6.651497e+00 5.717009e+02 -4.149742e+03
<VARIANCE> 6
 2.127277e+02 1.595468e+06 2.716562e+05 4.756143e+02 2.522775e+05 8.171615e+07
<GCONST> 8.000390e+01
<MIXTURE> 3 7.650228e-02
<MEAN> 6
 7.181013e+01 -3.680580e+02 3.440570e+02 -2.744911e-01 -4.299377e+00 -1.411470e+02
<VARIANCE> 6
 3.185104e+01 1.195217e+04 1.387160e+04 2.998198e+02 4.022584e+04 5.158639e+07
<GCONST> 6.747881e+01
<MIXTURE> 4 3.487518e-02
<MEAN> 6
 6.687235e+01 -3.584316e+01 3.537119e+02 1.562863e+00 -7.601263e+00 2.153463e+01
<VARIANCE> 6
 3.185104e+01 1.195217e+04 1.939024e+04 2.998198e+02 4.022584e+04 5.158639e+07
<GCONST> 6.781374e+01
<MIXTURE> 5 5.435612e-02
<MEAN> 6
 6.776540e+01 -4.339642e+01 -1.740138e+02 7.667860e-01 8.238925e-01 -1.451668e+02
<VARIANCE> 6
 3.185104e+01 1.195217e+04 1.387160e+04 2.998198e+02 4.022584e+04 5.158639e+07
<GCONST> 6.747881e+01
<MIXTURE> 6 8.562650e-02
<MEAN> 6
 7.255515e+01 -4.425287e+00 1.430354e+02 5.655047e-01 -1.225807e+00 -1.182761e+02
<VARIANCE> 6
 3.185104e+01 1.195217e+04 1.387160e+04 2.998198e+02 4.022584e+04 5.158639e+07
<GCONST> 6.747881e+01
<MIXTURE> 7 5.731860e-02
<MEAN> 6
 6.934357e+01 -1.388501e+02 1.593319e+02 1.333507e+00 3.088342e+00 -1.261385e+02
<VARIANCE> 6
 3.185104e+01 1.195217e+04 1.387160e+04 2.998198e+02 4.022584e+04 5.158639e+07
<GCONST> 6.747881e+01
<MIXTURE> 8 7.321758e-02
<MEAN> 6
 6.698920e+01 -5.955599e+01 -1.983509e+02 1.182056e+00 3.093471e+00 -1.529783e+02
<VARIANCE> 6
 3.185104e+01 1.195217e+04 1.387160e+04 2.998198e+02 4.022584e+04 5.158639e+07
<GCONST> 6.747881e+01
<MIXTURE> 9 9.132528e-02
<MEAN> 6
 6.442920e+01 -5.262736e+02 2.898926e+02 -3.066712e-01 -9.640819e+00 -1.219498e+02
<VARIANCE> 6
 3.185104e+01 1.195217e+04 1.387160e+04 2.998198e+02 4.022584e+04 5.158639e+07
<GCONST> 6.747881e+01
<MIXTURE> 10 1.082488e-01
<MEAN> 6
 6.990440e+01 -1.033314e+02 1.531579e+02 1.241295e+00 2.311559e+00 -1.253140e+02
<VARIANCE> 6
 3.185104e+01 1.195217e+04 1.387160e+04 2.998198e+02 4.022584e+04 5.158639e+07
<GCONST> 6.747881e+01
<MIXTURE> 11 8.824149e-02
<MEAN> 6
 7.439364e+01 5.686101e+01 1.247502e+02 -1.864176e-01 -3.672740e+00 -1.786894e+01
<VARIANCE> 6
 3.185104e+01 1.195217e+04 1.387160e+04 2.998198e+02 4.022584e+04 5.158639e+07
<GCONST> 6.747881e+01
<MIXTURE> 12 5.681146e-02
<MEAN> 6
 7.031520e+01 -2.651258e+02 1.006067e+01 -3.476000e-01 -7.466864e+00 -1.723258e+02
<VARIANCE> 6
 3.185104e+01 1.197740e+04 1.387160e+04 2.998198e+02 4.022584e+04 5.158639e+07
<GCONST> 6.748092e+01
<MIXTURE> 13 7.263494e-02
<MEAN> 6
 6.635901e+01 -7.180424e+01 -2.227238e+02 1.748729e+00 6.612200e+00 -1.785736e+02
<VARIANCE> 6
 3.185104e+01 1.195217e+04 1.387160e+04 2.998198e+02 4.022584e+04 5.158639e+07
<GCONST> 6.747881e+01
<MIXTURE> 14 5.600143e-02
<MEAN> 6
 6.645828e+01 -7.022405e+01 -2.181203e+02 1.627636e+00 5.806468e+00 -1.714522e+02
<VARIANCE> 6
 3.185104e+01 1.195217e+04 1.387160e+04 2.998198e+02 4.022584e+04 5.158639e+07
<GCONST> 6.747881e+01
<MIXTURE> 15 5.603299e-02
<MEAN> 6
 6.929013e+01 -1.644317e+02 1.451624e+02 1.256228e+00 3.500741e+00 -1.222678e+02
<VARIANCE> 6
 3.185104e+01 1.195217e+04 1.387160e+04 2.998198e+02 4.022584e+04 5.158639e+07
<GCONST> 6.747881e+01
<STATE> 5
<NUMMIXES> 15
<MIXTURE> 1 6.136609e-02
<MEAN> 6
 9.788357e+01 7.933121e+02 2.699016e+02 -4.553564e+00 -3.155832e+00 2.769339e+01
<VARIANCE> 6
 3.185104e+01 1.195217e+04 1.387160e+04 2.998198e+02 4.022584e+04 5.158639e+07
<GCONST> 6.747881e+01
<MIXTURE> 2 9.671690e-02
<MEAN> 6
 8.775497e+01 4.532973e+02 4.268401e+02 -4.134476e-01 7.096507e-01 -5.524035e+01
<VARIANCE> 6
 3.185104e+01 1.216685e+04 1.387160e+04 2.998198e+02 4.022584e+04 5.158639e+07
<GCONST> 6.749661e+01
<MIXTURE> 3 1.168773e-01
<MEAN> 6
 9.140469e+01 2.146137e+02 1.859392e+02 -1.391737e+00 -4.374135e+00 -1.355168e+02
<VARIANCE> 6
 3.185104e+01 1.195217e+04 1.387160e+04 2.998198e+02 4.022584e+04 5.158639e+07
<GCONST> 6.747881e+01
<MIXTURE> 4 1.809453e-03
<MEAN> 6
 8.338205e+01 -1.305831e+02 -1.619124e+02 1.555475e+00 -1.197197e+02 -2.447513e+03
<VARIANCE> 6
 4.451562e+02 1.713456e+06 6.161304e+05 5.035759e+02 1.382413e+05 7.750474e+07
<GCONST> 8.103526e+01
<MIXTURE> 5 6.367911e-02
<MEAN> 6
 9.338765e+01 -1.853156e+01 1.160658e+02 -8.360192e-01 8.959407e-01 -1.472954e+02
<VARIANCE> 6
 3.185104e+01 1.340262e+04 1.387160e+04 2.998198e+02 4.022584e+04 5.158639e+07
<GCONST> 6.759335e+01
<MIXTURE> 6 4.508770e-02
<MEAN> 6
 8.708204e+01 -3.506822e+02 3.713169e+02 -1.391373e+00 -1.455012e+00 -8.997890e+00
<VARIANCE> 6
 3.185104e+01 1.195217e+04 1.387160e+04 2.998198e+02 4.022584e+04 5.158639e+07
<GCONST> 6.747881e+01
<MIXTURE> 7 7.173306e-02
<MEAN> 6
 9.395197e+01 1.193036e+02 1.203605e+02 -2.666771e+00 -4.237065e+00 -6.063325e+00
<VARIANCE> 6
 3.185104e+01 1.195217e+04 1.387160e+04 2.998198e+02 4.022584e+04 5.158639e+07
<GCONST> 6.747881e+01
<MIXTURE> 8 8.356351e-02
<MEAN> 6
 9.611683e+01 -1.158381e+02 1.705111e+01 -1.960991e-01 5.304569e+00 -1.017027e+02
<VARIANCE> 6
 3.185104e+01 1.239675e+04 1.387160e+04 2.998198e+02 4.022584e+04 5.158639e+07
<GCONST> 6.751534e+01
<MIXTURE> 9 4.134978e-02
<MEAN> 6
 9.071960e+01 8.459871e+02 1.552483e+02 -1.675590e+00 6.552891e+00 -1.888000e+02
<VARIANCE> 6
 3.185104e+01 8.372020e+04 1.387160e+04 2.998198e+02 4.022584e+04 5.158639e+07
<GCONST> 6.942538e+01
<MIXTURE> 10 9.216721e-02
<MEAN> 6
 8.294053e+01 -5.301541e+01 4.599843e+02 -4.317263e+00 1.163620e+01 -3.878794e+01
<VARIANCE> 6
 3.185104e+01 1.195217e+04 1.387160e+04 2.998198e+02 4.022584e+04 5.158639e+07
<GCONST> 6.747881e+01
<MIXTURE> 11 5.160570e-02
<MEAN> 6
 8.984431e+01 -7.001027e+02 3.211964e+02 -7.700666e-01 -3.613938e+01 4.995101e+02
<VARIANCE> 6
 3.185104e+01 5.737274e+04 1.395335e+04 2.998198e+02 4.022584e+04 5.158639e+07
<GCONST> 6.905334e+01
<MIXTURE> 12 4.505019e-02
<MEAN> 6
 9.100648e+01 6.626085e+02 1.712978e+02 -2.850754e+00 1.447822e+00 -6.873622e+01
<VARIANCE> 6
 3.185104e+01 3.285412e+04 1.387160e+04 2.998198e+02 4.022584e+04 5.158639e+07
<GCONST> 6.848997e+01
<MIXTURE> 13 9.108539e-02
<MEAN> 6
 9.186208e+01 8.173120e+02 2.116914e+02 -3.008516e+00 5.714635e-01 1.897535e+01
<VARIANCE> 6
 3.185104e+01 1.195217e+04 1.387160e+04 2.998198e+02 4.022584e+04 5.158639e+07
<GCONST> 6.747881e+01
<MIXTURE> 14 7.304364e-02
<MEAN> 6
 9.383591e+01 8.074073e+01 1.225269e+02 -2.259821e+00 -1.973829e+00 -6.274083e+01
<VARIANCE> 6
 3.185104e+01 1.195217e+04 1.387160e+04 2.998198e+02 4.022584e+04 5.158639e+07
<GCONST> 6.747881e+01
<MIXTURE> 15 6.482956e-02
<MEAN> 6
 9.315178e+01 -7.691322e+01 1.076553e+02 2.151570e-01 3.980372e+00 -1.767808e+02
<VARIANCE> 6
 3.185104e+01 1.426324e+04 1.387160e+04 2.998198e+02 4.022584e+04 5.158639e+07
<GCONST> 6.765559e+01
<STATE> 6
<NUMMIXES> 15
<MIXTURE> 1 2.420975e-02
<MEAN> 6
 7.828400e+01 -1.822439e+02 -1.941405e+02 -8.600488e+00 -7.546228e+02 -1.939711e+04
<VARIANCE> 6
 9.742541e+01 3.223327e+05 1.569768e+05 2.998198e+02 7.366484e+04 5.635760e+07
<GCONST> 7.501123e+01
<MIXTURE> 2 9.852526e-02
<MEAN> 6
 9.040102e+01 -9.508482e+01 -3.122231e+03 -7.470642e+00 9.745811e-02 2.863052e+02
<VARIANCE> 6
 6.303572e+01 1.195217e+04 1.387160e+04 2.998198e+02 4.022584e+04 5.158639e+07
<GCONST> 6.816145e+01
<MIXTURE> 3 4.437272e-02
<MEAN> 6
 7.650196e+01 -3.357441e+02 -2.677480e+03 -9.301410e-01 -4.089157e+00 -1.891270e+02
<VARIANCE> 6
 3.185104e+01 1.195217e+04 1.387160e+04 2.998198e+02 4.022584e+04 5.158639e+07
<GCONST> 6.747881e+01
<MIXTURE> 4 5.078266e-02
<MEAN> 6
 5.916478e+01 -3.954315e+02 -4.519237e+02 4.257683e-01 -1.093891e+01 -1.917414e+02
<VARIANCE> 6
 3.185104e+01 1.195217e+04 1.387160e+04 2.998198e+02 4.022584e+04 5.158639e+07
<GCONST> 6.747881e+01
<MIXTURE> 5 6.735942e-02
<MEAN> 6
 7.779319e+01 -1.881412e+03 -8.065074e+02 1.140949e+00 -2.866522e+00 -2.739527e+02
<VARIANCE> 6
 3.185104e+01 1.444226e+04 1.387160e+04 2.998198e+02 4.022584e+04 5.158639e+07
<GCONST> 6.766806e+01
<MIXTURE> 6 6.590178e-02
<MEAN> 6
 8.006067e+01 1.735811e+02 -7.224243e+02 1.671004e+00 -3.750894e-01 -5.618608e+01
<VARIANCE> 6
 3.185104e+01 1.195217e+04 1.387160e+04 2.998198e+02 4.022584e+04 5.158639e+07
<GCONST> 6.747881e+01
<MIXTURE> 7 6.952342e-02
<MEAN> 6
 7.441908e+01 -2.893493e+02 -6.156165e+02 2.836677e-01 -1.251281e+01 -1.480041e+02
<VARIANCE> 6
 3.185104e+01 1.195217e+04 1.387160e+04 2.998198e+02 4.022584e+04 5.158639e+07
<GCONST> 6.747881e+01
<MIXTURE> 8 9.989199e-02
<MEAN> 6
 8.533451e+01 -2.012569e+02 -8.627905e+02 -4.820058e+00 -1.126119e+01 -9.502513e+01
<VARIANCE> 6
 3.185104e+01 1.666373e+04 1.387160e+04 2.998198e+02 4.022584e+04 5.158639e+07
<GCONST> 6.781113e+01
<MIXTURE> 9 1.029552e-01
<MEAN> 6
 7.439333e+01 -8.014276e+02 -5.926585e+02 -3.991143e+00 5.447077e+00 -1.785563e+02
<VARIANCE> 6
 3.185104e+01 1.195217e+04 1.387160e+04 2.998198e+02 4.022584e+04 5.158639e+07
<GCONST> 6.747881e+01
<MIXTURE> 10 8.543660e-02
<MEAN> 6
 6.564796e+01 -5.032634e+02 -5.633104e+02 -7.983726e-01 -3.536644e-01 -2.497387e+01
<VARIANCE> 6
 3.185104e+01 1.195217e+04 1.387160e+04 2.998198e+02 4.022584e+04 5.158639e+07
<GCONST> 6.747881e+01
<MIXTURE> 11 4.016500e-02
<MEAN> 6
 7.475610e+01 -6.336046e+02 -6.201506e+02 -3.559665e+00 2.914057e+00 -6.664478e+01
<VARIANCE> 6
 3.185104e+01 4.283762e+04 1.387160e+04 2.998198e+02 4.022584e+04 5.158639e+07
<GCONST> 6.875532e+01
<MIXTURE> 12 4.818455e-02
<MEAN> 6
 7.785375e+01 -1.115195e+03 -6.938278e+02 -2.365027e+00 -1.589608e+00 -4.629635e+00
<VARIANCE> 6
 3.185104e+01 1.288194e+05 1.387160e+04 2.998198e+02 4.022584e+04 5.158639e+07
<GCONST> 6.985632e+01
<MIXTURE> 13 6.599943e-02
<MEAN> 6
 8.006079e+01 1.735735e+02 -7.224229e+02 1.670968e+00 -3.771608e-01 -5.619716e+01
<VARIANCE> 6
 3.185104e+01 1.195217e+04 1.387160e+04 2.998198e+02 4.022584e+04 5.158639e+07
<GCONST> 6.747881e+01
<MIXTURE> 14 8.591077e-02
<MEAN> 6
 6.563857e+01 -5.033276e+02 -5.632573e+02 -7.976932e-01 -3.483343e-01 -2.492801e+01
<VARIANCE> 6
 3.185104e+01 1.195217e+04 1.387160e+04 2.998198e+02 4.022584e+04 5.158639e+07
<GCONST> 6.747881e+01
<MIXTURE> 15 5.076722e-02
<MEAN> 6
 5.905327e+01 -4.350828e+02 -4.647359e+02 8.981612e-01 -2.457618e+00 -7.426534e+01
<VARIANCE> 6
 3.185104e+01 1.195217e+04 1.387160e+04 2.998198e+02 4.022584e+04 5.158639e+07
<GCONST> 6.747881e+01
<STATE> 7
<NUMMIXES> 15
<MIXTURE> 1 8.595257e-02
<MEAN> 6
 1.288561e+02 3.516475e+02 1.580924e+03 -3.262385e+00 1.079619e+00 1.610961e+01
<VARIANCE> 6
 3.185104e+01 1.707746e+04 4.837833e+04 2.998198e+02 4.022584e+04 5.158639e+07
<GCONST> 6.908487e+01
<MIXTURE> 2 5.370378e-02
<MEAN> 6
 1.172603e+02 -4.772786e+02 2.456165e+03 -1.153408e+00 1.450256e+00 -2.294548e+02
<VARIANCE> 6
 3.185104e+01 1.195217e+04 3.889601e+04 2.998198e+02 4.022584e+04 5.158639e+07
<GCONST> 6.850986e+01
<MIXTURE> 3 6.945196e-02
<MEAN> 6
 9.707866e+01 -2.488990e+02 1.051480e+03 -7.312021e-01 6.503083e+00 -1.106547e+02
<VARIANCE> 6
 3.185104e+01 1.471479e+04 1.387160e+04 2.998198e+02 4.022584e+04 5.158639e+07
<GCONST> 6.768675e+01
<MIXTURE> 4 5.933275e-02
<MEAN> 6
 1.053844e+02 2.554691e+02 1.263877e+03 -1.153740e-01 -3.173210e+01 1.715487e+02
<VARIANCE> 6
 3.185104e+01 1.553768e+04 1.387160e+04 2.998198e+02 4.022584e+04 5.158639e+07
<GCONST> 6.774117e+01
<MIXTURE> 5 5.487213e-02
<MEAN> 6
 9.264839e+01 -5.656110e+00 6.502630e+02 -1.682190e+00 -4.748399e+00 -2.197265e+02
<VARIANCE> 6
 3.185104e+01 1.195217e+04 1.387160e+04 2.998198e+02 4.022584e+04 5.158639e+07
<GCONST> 6.747881e+01
<MIXTURE> 6 5.893547e-02
<MEAN> 6
 9.250593e+01 1.010521e+03 1.180204e+03 -4.005743e+00 3.323906e-01 9.702761e+01
<VARIANCE> 6
 3.185104e+01 2.374303e+04 1.387160e+04 2.998198e+02 4.022584e+04 5.158639e+07
<GCONST> 6.816519e+01
<MIXTURE> 7 9.663211e-02
<MEAN> 6
 1.213408e+02 1.851412e+03 1.139818e+03 -2.880154e+00 6.120171e+00 4.263150e+01
<VARIANCE> 6
 3.185104e+01 6.055060e+04 6.360532e+04 2.998198e+02 4.022584e+04 5.158639e+07
<GCONST> 7.062424e+01
<MIXTURE> 8 7.787612e-02
<MEAN> 6
 8.519188e+01 -5.175473e+02 2.037110e+03 -4.807592e+00 3.212565e+00 8.084787e+01
<VARIANCE> 6
 3.185104e+01 1.195217e+04 1.387160e+04 2.998198e+02 4.022584e+04 5.158639e+07
<GCONST> 6.747881e+01
<MIXTURE> 9 7.145407e-02
<MEAN> 6
 1.021961e+02 -3.326145e+02 5.548883e+02 -5.463572e+00 -1.153947e+01 -3.766157e+02
<VARIANCE> 6
 3.356653e+01 1.195217e+04 1.472025e+04 2.998198e+02 4.022584e+04 5.158639e+07
<GCONST> 6.759065e+01
<MIXTURE> 10 4.641466e-02
<MEAN> 6
 1.265991e+02 7.195007e+01 4.889383e+02 -9.154368e+00 -1.051152e+02 6.900825e+02
<VARIANCE> 6
 2.668073e+02 3.652058e+05 1.057847e+05 2.998198e+02 1.131327e+05 1.117348e+08
<GCONST> 7.686230e+01
<MIXTURE> 11 7.896136e-02
<MEAN> 6
 8.178098e+01 5.903897e+02 1.039924e+03 -5.129124e+00 1.531700e+00 -9.811949e-01
<VARIANCE> 6
 3.185104e+01 1.195217e+04 1.387160e+04 2.998198e+02 4.022584e+04 5.158639e+07
<GCONST> 6.747881e+01
<MIXTURE> 12 7.851072e-02
<MEAN> 6
 9.510254e+01 -3.970820e+02 7.723011e+02 -9.323602e+00 1.058091e+01 2.372708e+02
<VARIANCE> 6
 4.029619e+01 1.320757e+04 1.387160e+04 2.998198e+02 4.022584e+04 5.158639e+07
<GCONST> 6.781388e+01
<MIXTURE> 13 5.872401e-02
<MEAN> 6
 9.597514e+01 3.256957e+02 1.061164e+03 -3.704955e+00 3.371637e-01 3.400931e+01
<VARIANCE> 6
 3.185104e+01 1.195217e+04 1.387160e+04 2.998198e+02 4.022584e+04 5.158639e+07
<GCONST> 6.747881e+01
<MIXTURE> 14 5.580669e-02
<MEAN> 6
 9.265267e+01 -7.691951e+00 6.496697e+02 -1.677730e+00 -4.590223e+00 -2.216204e+02
<VARIANCE> 6
 3.185104e+01 1.195217e+04 1.387160e+04 2.998198e+02 4.022584e+04 5.158639e+07
<GCONST> 6.747881e+01
<MIXTURE> 15 5.336121e-02
<MEAN> 6
 1.177183e+02 -4.680711e+02 2.386598e+03 -1.278587e+00 1.634756e+00 -2.722872e+02
<VARIANCE> 6
 3.185104e+01 1.195217e+04 3.689305e+04 2.998198e+02 4.022584e+04 5.158639e+07
<GCONST> 6.845699e+01
<STATE> 8
<NUMMIXES> 15
<MIXTURE> 1 6.688607e-02
<MEAN> 6
 1.115173e+02 1.679412e+02 -4.496332e+02 -3.690028e+00 -3.504041e-01 -2.378616e+02
<VARIANCE> 6
 3.185104e+01 1.195217e+04 1.387160e+04 2.998198e+02 4.022584e+04 5.158639e+07
<GCONST> 6.747881e+01
<MIXTURE> 2 1.000483e-01
<MEAN> 6
 1.264359e+02 -1.988122e+03 5.370757e+01 -4.097086e+01 -1.124317e+02 -5.499650e+02
<VARIANCE> 6
 4.745332e+02 8.751902e+05 5.142843e+04 2.998198e+02 8.850452e+04 5.158639e+07
<GCONST> 7.657249e+01
<MIXTURE> 3 7.354295e-02
<MEAN> 6
 9.800657e+01 -3.160249e+03 -4.728057e+01 -4.010970e-01 1.113997e+01 -1.693644e+02
<VARIANCE> 6
 3.185104e+01 4.043219e+04 1.387160e+04 2.998198e+02 4.022584e+04 5.158639e+07
<GCONST> 6.869753e+01
<MIXTURE> 4 9.052619e-02
<MEAN> 6
 9.494989e+01 -1.843779e+03 -2.218767e+02 -4.648278e+00 -1.232487e+01 -6.575445e+02
<VARIANCE> 6
 3.185104e+01 4.570121e+04 1.387160e+04 2.998198e+02 4.022584e+04 5.158639e+07
<GCONST> 6.882002e+01
<MIXTURE> 5 5.767429e-02
<MEAN> 6
 1.169796e+02 -2.005471e+02 -4.555664e+02 -6.047812e+00 8.818226e-01 2.761099e+01
<VARIANCE> 6
 3.185104e+01 1.924421e+04 1.387160e+04 2.998198e+02 4.022584e+04 5.158639e+07
<GCONST> 6.795511e+01
<MIXTURE> 6 6.454601e-02
<MEAN> 6
 1.007601e+02 -2.428611e+03 -2.423131e+02 -5.289670e+00 -9.797215e+00 -6.711548e+01
<VARIANCE> 6
 3.185104e+01 4.142716e+04 1.387160e+04 2.998198e+02 4.022584e+04 5.158639e+07
<GCONST> 6.872184e+01
<MIXTURE> 7 7.527042e-02
<MEAN> 6
 9.909618e+01 -4.049965e+03 1.548611e+01 -2.619701e+00 2.701947e+00 2.114401e+01
<VARIANCE> 6
 3.185104e+01 1.195217e+04 1.387160e+04 2.998198e+02 4.022584e+04 5.158639e+07
<GCONST> 6.747881e+01
<MIXTURE> 8 5.138182e-02
<MEAN> 6
 1.039231e+02 -3.034820e+03 -2.668000e+02 -7.439047e-01 -3.289672e+00 -8.675401e+01
<VARIANCE> 6
 3.185104e+01 2.596195e+04 1.387160e+04 2.998198e+02 4.022584e+04 5.158639e+07
<GCONST> 6.825453e+01
<MIXTURE> 9 5.351340e-02
<MEAN> 6
 9.970260e+01 -3.603275e+03 -1.988588e+00 -6.256779e+00 3.350541e+01 -5.286609e+01
<VARIANCE> 6
 3.185104e+01 3.261241e+04 1.387160e+04 2.998198e+02 4.022584e+04 5.158639e+07
<GCONST> 6.848260e+01
<MIXTURE> 10 7.603150e-02
<MEAN> 6
 9.909618e+01 -4.049986e+03 1.548670e+01 -2.619637e+00 2.703010e+00 2.113723e+01
<VARIANCE> 6
 3.185104e+01 1.195217e+04 1.387160e+04 2.998198e+02 4.022584e+04 5.158639e+07
<GCONST> 6.747881e+01
<MIXTURE> 11 6.636038e-02
<MEAN> 6
 1.115434e+02 1.666087e+02 -4.496552e+02 -3.697478e+00 -3.197728e-01 -2.333214e+02
<VARIANCE> 6
 3.185104e+01 1.195217e+04 1.387160e+04 2.998198e+02 4.022584e+04 5.158639e+07
<GCONST> 6.747881e+01
<MIXTURE> 12 6.320258e-02
<MEAN> 6
 1.025190e+02 -2.719053e+03 -2.341901e+02 -2.868227e+00 -3.872752e+01 -5.369657e+02
<VARIANCE> 6
 3.185104e+01 2.948477e+04 1.387160e+04 2.998198e+02 4.022584e+04 5.158639e+07
<GCONST> 6.838177e+01
<MIXTURE> 13 5.569820e-02
<MEAN> 6
 1.203235e+02 -6.111417e+02 -4.572350e+02 -3.309138e+00 1.260515e+00 -2.470161e+02
<VARIANCE> 6
 3.185104e+01 2.896785e+04 1.387160e+04 2.998198e+02 4.022584e+04 5.158639e+07
<GCONST> 6.836409e+01
<MIXTURE> 14 5.240506e-02
<MEAN> 6
 1.042365e+02 -3.128282e+03 -2.811488e+02 -7.422420e-01 -8.427218e-01 -4.569128e+01
<VARIANCE> 6
 3.185104e+01 2.055823e+04 1.387160e+04 2.998198e+02 4.022584e+04 5.158639e+07
<GCONST> 6.802116e+01
<MIXTURE> 15 5.290354e-02
<MEAN> 6
 9.904388e+01 -3.700551e+03 -3.274970e+00 -3.216860e+00 1.664447e+01 -1.767552e+02
<VARIANCE> 6
 3.185104e+01 2.752344e+04 1.387160e+04 2.998198e+02 4.022584e+04 5.158639e+07
<GCONST> 6.831294e+01
<STATE> 9
<NUMMIXES> 15
<MIXTURE> 1 6.097264e-02
<MEAN> 6
 6.848842e+01 2.833389e+01 -9.134340e+02 -1.219362e+00 -8.404396e+00 -1.789632e+02
<VARIANCE> 6
 3.185104e+01 1.195217e+04 2.523294e+04 2.998198e+02 4.022584e+04 5.158639e+07
<GCONST> 6.807712e+01
<MIXTURE> 2 5.227949e-02
<MEAN> 6
 6.538210e+01 9.355462e+02 -1.422275e+02 -2.034535e-01 2.054352e-01 -1.342240e+02
<VARIANCE> 6
 3.185104e+01 1.195217e+04 1.387160e+04 2.998198e+02 4.022584e+04 5.158639e+07
<GCONST> 6.747881e+01
<MIXTURE> 3 1.027877e-01
<MEAN> 6
 7.302463e+01 1.288153e+03 -1.089249e+03 -2.864572e-01 -5.908788e+00 -1.135040e+02
<VARIANCE> 6
 3.185104e+01 1.195217e+04 1.387160e+04 2.998198e+02 4.022584e+04 5.158639e+07
<GCONST> 6.747881e+01
<MIXTURE> 4 2.703915e-02
<MEAN> 6
 6.628987e+01 -9.372067e+01 -2.036097e+02 -1.518962e+00 -1.980140e+01 -4.390490e+02
<VARIANCE> 6
 3.185104e+01 1.195217e+04 1.387160e+04 2.998198e+02 4.022584e+04 5.158639e+07
<GCONST> 6.747881e+01
<MIXTURE> 5 9.137390e-02
<MEAN> 6
 5.395990e+01 4.158397e+02 -2.168795e+02 7.378210e-01 -3.098840e+00 -1.426869e+02
<VARIANCE> 6
 3.185104e+01 1.195217e+04 1.387160e+04 2.998198e+02 4.022584e+04 5.158639e+07
<GCONST> 6.747881e+01
<MIXTURE> 6 5.494428e-02
<MEAN> 6
 5.723905e+01 -1.357198e+03 -6.068970e+02 3.982543e+00 -1.340251e+01 5.182615e+01
<VARIANCE> 6
 3.185104e+01 1.950799e+04 1.387160e+04 2.998198e+02 4.022584e+04 5.158639e+07
<GCONST> 6.796873e+01
<MIXTURE> 7 8.659639e-02
<MEAN> 6
 6.907991e+01 -2.814815e+02 -9.793356e+02 -1.395072e+00 -1.018372e+01 -7.964050e+00
<VARIANCE> 6
 3.185104e+01 3.467215e+05 5.238366e+04 2.998198e+02 4.022584e+04 5.158639e+07
<GCONST> 7.217518e+01
<MIXTURE> 8 7.916135e-02
<MEAN> 6
 6.600703e+01 5.364985e+02 -1.277435e+02 -9.212269e-01 -2.150858e+00 -1.636146e+02
<VARIANCE> 6
 3.185104e+01 1.195217e+04 1.387160e+04 2.998198e+02 4.022584e+04 5.158639e+07
<GCONST> 6.747881e+01
<MIXTURE> 9 7.317352e-02
<MEAN> 6
 6.864335e+01 -7.725324e+02 -2.564538e+02 -2.631070e+00 -9.073637e+00 -2.122357e+02
<VARIANCE> 6
 4.694120e+01 1.553995e+04 1.387160e+04 2.998198e+02 4.022584e+04 5.158639e+07
<GCONST> 6.812914e+01
<MIXTURE> 10 3.983560e-02
<MEAN> 6
 6.571129e+01 -2.665331e+02 -1.271451e+03 3.167400e+00 -1.325383e+01 6.235700e+01
<VARIANCE> 6
 3.185104e+01 1.195217e+04 1.387160e+04 2.998198e+02 4.022584e+04 5.158639e+07
<GCONST> 6.747881e+01
<MIXTURE> 11 8.528899e-02
<MEAN> 6
 6.607629e+01 -6.790330e+01 -9.208109e+02 -3.432817e-01 -1.198986e+01 -2.216603e+02
<VARIANCE> 6
 3.185104e+01 1.364592e+04 1.387160e+04 2.998198e+02 4.022584e+04 5.158639e+07
<GCONST> 6.761134e+01
<MIXTURE> 12 6.876907e-02
<MEAN> 6
 5.959154e+01 -4.199550e+02 -1.609406e+02 -1.211553e-01 2.503418e+00 -1.176338e+02
<VARIANCE> 6
 3.185104e+01 1.195217e+04 1.387160e+04 2.998198e+02 4.022584e+04 5.158639e+07
<GCONST> 6.747881e+01
<MIXTURE> 13 5.241697e-02
<MEAN> 6
 6.542132e+01 9.075615e+02 -1.466743e+02 -3.827849e-01 -9.208687e-01 -1.242913e+02
<VARIANCE> 6
 3.185104e+01 1.195217e+04 1.387160e+04 2.998198e+02 4.022584e+04 5.158639e+07
<GCONST> 6.747881e+01
<MIXTURE> 14 6.011846e-02
<MEAN> 6
 6.981824e+01 3.793191e+01 -1.003612e+03 -2.036527e+00 -5.441084e+00 -5.530593e+01
<VARIANCE> 6
 3.185104e+01 1.195217e+04 1.950154e+04 2.998198e+02 4.022584e+04 5.158639e+07
<GCONST> 6.781947e+01
<MIXTURE> 15 6.522892e-02
<MEAN> 6
 5.978758e+01 -4.269327e+02 -1.712471e+02 -2.727031e-01 1.675902e-01 -1.097161e+02
<VARIANCE> 6
 3.185104e+01 1.195217e+04 1.387160e+04 2.998198e+02 4.022584e+04 5.158639e+07
<GCONST> 6.747881e+01
<STATE> 10
<NUMMIXES> 15
<MIXTURE> 1 9.230594e-02
<MEAN> 6
 9.017763e+01 -1.401775e+03 8.249995e+02 -5.437398e-02 -7.529062e-02 -1.727547e+02
<VARIANCE> 6
 3.185104e+01 1.205702e+04 1.387160e+04 2.998198e+02 4.022584e+04 5.158639e+07
<GCONST> 6.748755e+01
<MIXTURE> 2 2.697742e-02
<MEAN> 6
 8.280039e+01 -8.780774e+03 2.068467e+03 -1.113547e+01 -1.271658e+01 5.391825e+02
<VARIANCE> 6
 3.185104e+01 1.195217e+04 1.411286e+04 2.998198e+02 4.022584e+04 5.158639e+07
<GCONST> 6.749606e+01
<MIXTURE> 3 5.407375e-02
<MEAN> 6
 7.586145e+01 2.870068e+03 4.621276e+02 -1.780663e+00 -1.021591e+01 -5.963923e+01
<VARIANCE> 6
 3.185104e+01 1.195217e+04 1.387160e+04 2.998198e+02 4.022584e+04 5.158639e+07
<GCONST> 6.747881e+01
<MIXTURE> 4 8.817460e-02
<MEAN> 6
 7.894855e+01 2.615861e+03 -2.105774e+02 -1.393895e+00 -1.161292e+00 -1.378120e+02
<VARIANCE> 6
 3.185104e+01 7.886203e+04 1.387160e+04 2.998198e+02 4.022584e+04 5.158639e+07
<GCONST> 6.936560e+01
<MIXTURE> 5 4.093034e-02
<MEAN> 6
 6.936129e+01 1.176331e+03 7.294722e+02 5.732239e-01 7.898735e+00 -4.104879e+01
<VARIANCE> 6
 3.185104e+01 1.784474e+04 1.387160e+04 2.998198e+02 4.022584e+04 5.158639e+07
<GCONST> 6.787961e+01
<MIXTURE> 6 5.454451e-02
<MEAN> 6
 7.897446e+01 5.997076e+02 4.484733e+02 -2.022541e-01 -3.229471e+00 -2.037444e+02
<VARIANCE> 6
 3.185104e+01 1.195217e+04 1.387160e+04 2.998198e+02 4.022584e+04 5.158639e+07
<GCONST> 6.747881e+01
<MIXTURE> 7 9.111935e-02
<MEAN> 6
 7.505308e+01 -1.058399e+03 2.838817e+02 1.415467e+00 2.469597e+01 -3.494480e+02
<VARIANCE> 6
 3.185104e+01 1.195217e+04 7.518355e+04 2.998198e+02 4.022584e+04 5.158639e+07
<GCONST> 6.916891e+01
<MIXTURE> 8 9.440555e-02
<MEAN> 6
 7.342699e+01 3.540335e+02 7.190986e+02 -1.725216e+00 -7.181250e+00 -1.084408e+02
<VARIANCE> 6
 3.185104e+01 1.195217e+04 1.387160e+04 2.998198e+02 4.022584e+04 5.158639e+07
<GCONST> 6.747881e+01
<MIXTURE> 9 9.203641e-02
<MEAN> 6
 7.990495e+01 1.400897e+03 4.586692e+02 -1.841511e+00 -5.428421e+00 -2.025234e+02
<VARIANCE> 6
 3.185104e+01 3.923682e+04 1.387160e+04 2.998198e+02 4.022584e+04 5.158639e+07
<GCONST> 6.866752e+01
<MIXTURE> 10 4.264495e-02
<MEAN> 6
 7.511774e+01 -9.421983e+02 -1.193638e+02 -1.790871e+00 -3.238650e+01 5.818589e+02
<VARIANCE> 6
 3.185104e+01 3.368834e+04 4.697109e+04 2.998198e+02 4.022584e+04 5.158639e+07
<GCONST> 6.973474e+01
<MIXTURE> 11 4.416108e-02
<MEAN> 6
 7.121404e+01 4.012149e+02 2.525523e+02 3.527646e-01 -1.898193e+00 -1.712551e+02
<VARIANCE> 6
 3.185104e+01 1.358095e+04 1.387160e+04 2.998198e+02 4.022584e+04 5.158639e+07
<GCONST> 6.760657e+01
<MIXTURE> 12 1.015439e-01
<MEAN> 6
 7.320999e+01 -8.961884e+03 1.318891e+03 -3.018816e-01 -3.666578e+00 -1.990583e+02
<VARIANCE> 6
 3.185104e+01 1.538836e+04 1.022005e+05 2.998198e+02 4.022584e+04 5.158639e+07
<GCONST> 6.972861e+01
<MIXTURE> 13 7.447192e-02
<MEAN> 6
 7.102477e+01 8.611589e+02 6.644500e+02 5.481307e-01 -2.353363e-01 -4.976287e+01
<VARIANCE> 6
 3.185104e+01 1.195217e+04 1.387160e+04 2.998198e+02 4.022584e+04 5.158639e+07
<GCONST> 6.747881e+01
<MIXTURE> 14 5.253348e-02
<MEAN> 6
 7.897703e+01 5.996169e+02 4.480100e+02 -2.003484e-01 -3.154679e+00 -2.030823e+02
<VARIANCE> 6
 3.185104e+01 1.195217e+04 1.387160e+04 2.998198e+02 4.022584e+04 5.158639e+07
<GCONST> 6.747881e+01
<MIXTURE> 15 5.007384e-02
<MEAN> 6
 7.565835e+01 2.850036e+03 4.555886e+02 -3.200799e+00 -2.255131e+01 -7.319107e+01
<VARIANCE> 6
 3.185104e+01 1.195217e+04 1.387160e+04 2.998198e+02 4.022584e+04 5.158639e+07
<GCONST> 6.747881e+01
<STATE> 11
<NUMMIXES> 15
<MIXTURE> 1 5.430769e-03
<MEAN> 6
 1.147540e+01 -4.228693e+02 2.110452e+01 3.686741e+01 -5.579745e+02 2.498869e+03
<VARIANCE> 6
 9.563364e+03 6.563718e+05 1.037613e+06 1.462627e+06 7.955514e+08 1.149766e+12
<GCONST> 1.099007e+02
<MIXTURE> 2 7.295921e-02
<MEAN> 6
 2.887317e+01 1.784893e+02 3.839381e+01 2.089587e+02 -3.772265e+01 -6.119757e+02
<VARIANCE> 6
 7.319455e+02 2.580779e+05 1.186777e+05 4.001432e+03 1.195989e+05 5.158639e+07
<GCONST> 7.951322e+01
<MIXTURE> 3 3.769975e-02
<MEAN> 6
 2.655614e+01 2.768486e+02 -9.647597e+01 -6.944280e+01 -2.292924e+02 7.697409e+03
<VARIANCE> 6
 5.665594e+03 9.138914e+06 1.642748e+06 7.146386e+04 4.758474e+06 3.562825e+09
<GCONST> 9.855556e+01
<MIXTURE> 4 2.121777e-02
<MEAN> 6
 1.065592e+02 6.530707e+02 1.578534e+02 -1.122773e+01 -3.866568e+01 -3.710105e+02
<VARIANCE> 6
 7.239286e+01 1.030691e+07 3.270901e+05 2.998198e+02 4.022584e+04 5.158639e+07
<GCONST> 7.821990e+01
<MIXTURE> 5 9.460801e-02
<MEAN> 6
 1.431809e+01 -1.164885e-01 4.249840e+01 -3.039946e+02 -9.687117e+01 9.499566e+03
<VARIANCE> 6
 6.570689e+02 1.290583e+05 1.195708e+05 9.778579e+03 8.704436e+05 3.416420e+08
<GCONST> 8.348872e+01
<MIXTURE> 6 8.941635e-02
<MEAN> 6
 7.478919e+01 8.125435e+00 1.783375e+02 -1.234909e+00 -5.690875e+02 -9.852861e+02
<VARIANCE> 6
 3.863447e+02 6.307893e+04 2.513610e+05 3.007554e+04 2.193480e+05 5.442817e+07
<GCONST> 8.089306e+01
<MIXTURE> 7 6.117016e-02
<MEAN> 6
 -3.530363e+01 1.607633e+02 6.426972e+01 1.171894e+02 8.042150e+02 -1.152314e+03
<VARIANCE> 6
 2.578294e+02 2.396648e+05 7.176352e+04 1.458744e+04 2.155516e+05 5.158639e+07
<GCONST> 7.977533e+01
<MIXTURE> 8 8.492481e-02
<MEAN> 6
 9.558765e+01 2.562512e+01 4.602441e+01 5.164233e+01 -1.020392e+03 -3.064973e+03
<VARIANCE> 6
 5.337116e+02 3.436525e+05 1.493291e+05 2.946942e+04 2.344143e+06 1.138984e+09
<GCONST> 8.778035e+01
<MIXTURE> 9 7.614437e-02
<MEAN> 6
 -5.596207e+01 8.998399e+01 1.196164e+00 7.527416e+00 1.739269e+02 3.892545e+02
<VARIANCE> 6
 2.909085e+02 3.097105e+05 1.499737e+05 6.821727e+02 8.098849e+04 5.158639e+07
<GCONST> 7.684799e+01
<MIXTURE> 10 7.724021e-02
<MEAN> 6
 9.436172e+01 -1.496733e+02 7.107695e+01 -5.042008e+00 -4.028350e+01 -2.303368e+02
<VARIANCE> 6
 1.957600e+02 1.034824e+05 5.553253e+04 2.998198e+02 4.022584e+04 5.158639e+07
<GCONST> 7.284025e+01
<MIXTURE> 11 9.479492e-02
<MEAN> 6
 8.565167e+01 -4.129898e+01 -1.641518e+01 -8.304541e+01 -7.933668e+02 1.811777e+01
<VARIANCE> 6
 4.607523e+02 3.370868e+05 5.460119e+04 1.762234e+04 2.911046e+05 9.271373e+07
<GCONST> 8.149942e+01
<MIXTURE> 12 8.388919e-02
<MEAN> 6
 -4.948800e+01 -1.996179e+01 -3.241695e+01 -5.919398e+01 1.550040e+03 -2.247406e+03
<VARIANCE> 6
 3.451904e+02 2.533121e+05 2.330284e+05 3.515645e+04 9.954338e+05 6.273939e+08
<GCONST> 8.620824e+01
<MIXTURE> 13 7.964198e-02
<MEAN> 6
 9.192738e+01 -3.543210e+01 -2.290841e+02 -3.696478e+00 -1.432631e+01 -3.212085e+02
<VARIANCE> 6
 4.557510e+02 6.492766e+05 1.113006e+05 2.998198e+02 4.022584e+04 5.158639e+07
<GCONST> 7.621703e+01
<MIXTURE> 14 5.351912e-02
<MEAN> 6
 2.141583e+01 -1.852305e+01 7.931655e+00 3.229123e+02 6.351563e+01 -9.121366e+03
<VARIANCE> 6
 8.031866e+02 1.803313e+05 5.292267e+04 5.011800e+03 5.114660e+05 1.506022e+08
<GCONST> 8.118973e+01
<MIXTURE> 15 6.665470e-02
<MEAN> 6
 -4.282706e+01 2.314582e+01 4.110799e+00 1.292244e+01 6.973130e+02 -2.237436e+02
<VARIANCE> 6
 3.607790e+02 7.792603e+04 4.583759e+04 1.588854e+04 1.779188e+05 6.345224e+07
<GCONST> 7.864014e+01
<TRANSP> 12
 0.000000e+00 1.000000e+00 0.000000e+00 0.000000e+00 0.000000e+00 0.000000e+00 0.000000e+00 0.000000e+00 0.000000e+00 0.000000e+00 0.000000e+00 0.000000e+00
 0.000000e+00 9.997986e-01 2.014323e-04 0.000000e+00 0.000000e+00 0.000000e+00 0.000000e+00 0.000000e+00 0.000000e+00 0.000000e+00 0.000000e+00 0.000000e+00
 0.000000e+00 0.000000e+00 9.983975e-01 1.602501e-03 0.000000e+00 0.000000e+00 0.000000e+00 0.000000e+00 0.000000e+00 0.000000e+00 0.000000e+00 0.000000e+00
 0.000000e+00 0.000000e+00 0.000000e+00 9.986881e-01 1.311894e-03 0.000000e+00 0.000000e+00 0.000000e+00 0.000000e+00 0.000000e+00 0.000000e+00 0.000000e+00
 0.000000e+00 0.000000e+00 0.000000e+00 0.000000e+00 9.977020e-01 2.298003e-03 0.000000e+00 0.000000e+00 0.000000e+00 0.000000e+00 0.000000e+00 0.000000e+00
 0.000000e+00 0.000000e+00 0.000000e+00 0.000000e+00 0.000000e+00 9.970095e-01 2.990519e-03 0.000000e+00 0.000000e+00 0.000000e+00 0.000000e+00 0.000000e+00
 0.000000e+00 0.000000e+00 0.000000e+00 0.000000e+00 0.000000e+00 0.000000e+00 9.969575e-01 3.042561e-03 0.000000e+00 0.000000e+00 0.000000e+00 0.000000e+00
 0.000000e+00 0.000000e+00 0.000000e+00 0.000000e+00 0.000000e+00 0.000000e+00 0.000000e+00 9.920463e-01 7.953673e-03 0.000000e+00 0.000000e+00 0.000000e+00
 0.000000e+00 0.000000e+00 0.000000e+00 0.000000e+00 0.000000e+00 0.000000e+00 0.000000e+00 0.000000e+00 9.987044e-01 1.295590e-03 0.000000e+00 0.000000e+00
 0.000000e+00 0.000000e+00 0.000000e+00 0.000000e+00 0.000000e+00 0.000000e+00 0.000000e+00 0.000000e+00 0.000000e+00 9.977416e-01 2.258399e-03 0.000000e+00
 0.000000e+00 0.000000e+00 0.000000e+00 0.000000e+00 0.000000e+00 0.000000e+00 0.000000e+00 0.000000e+00 0.000000e+00 0.000000e+00 9.999443e-01 5.568439e-05
 0.000000e+00 0.000000e+00 0.000000e+00 0.000000e+00 0.000000e+00 0.000000e+00 0.000000e+00 0.000000e+00 0.000000e+00 0.000000e+00 0.000000e+00 0.000000e+00
<ENDHMM>
~h "SegundoESO"
<BEGINHMM>
<NUMSTATES> 12
<STATE> 2
<NUMMIXES> 15
<MIXTURE> 1 7.645354e-02
<MEAN> 6
 7.175244e+01 1.320458e+04 -1.200089e+03 -8.108357e-01 -7.017431e+00 -1.952994e+02
<VARIANCE> 6
 3.185104e+01 1.195217e+04 1.387160e+04 2.998198e+02 4.022584e+04 5.158639e+07
<GCONST> 6.747881e+01
<MIXTURE> 2 6.101553e-02
<MEAN> 6
 6.574429e+01 9.179518e+02 -6.513094e+02 2.874037e+00 -6.430960e+00 -5.085779e+00
<VARIANCE> 6
 4.490334e+01 4.759668e+04 4.247492e+04 2.998198e+02 4.022584e+04 5.158639e+07
<GCONST> 7.032317e+01
<MIXTURE> 3 7.500240e-02
<MEAN> 6
 7.620210e+01 1.059833e+01 -2.651971e+03 -9.412891e-01 -8.248901e+00 -1.327022e+02
<VARIANCE> 6
 3.185104e+01 2.553493e+04 2.430900e+05 2.998198e+02 4.022584e+04 5.158639e+07
<GCONST> 7.110154e+01
<MIXTURE> 4 6.025308e-02
<MEAN> 6
 5.832370e+01 6.153116e+02 -5.143352e+03 1.223846e+00 -9.165665e-01 1.508127e+01
<VARIANCE> 6
 6.334989e+01 1.195217e+04 5.772663e+05 2.998198e+02 4.022584e+04 5.158639e+07
<GCONST> 7.189487e+01
<MIXTURE> 5 5.475457e-02
<MEAN> 6
 7.240359e+01 6.554315e+02 -6.301012e+03 -1.547776e-01 -4.042769e+00 1.004767e+01
<VARIANCE> 6
 3.185104e+01 7.607907e+04 8.087022e+06 2.998198e+02 4.022584e+04 5.158639e+07
<GCONST> 7.569785e+01
<MIXTURE> 6 6.459143e-02
<MEAN> 6
 7.217068e+01 1.526628e+03 -2.402312e+03 2.887954e-02 -4.832357e+00 -1.802318e+02
<VARIANCE> 6
 3.185104e+01 1.195217e+04 1.676705e+05 2.998198e+02 4.022584e+04 5.158639e+07
<GCONST> 6.997097e+01
<MIXTURE> 7 9.372351e-02
<MEAN> 6
 5.544872e+01 1.449421e+02 -2.842862e+03 3.707646e-01 3.857459e+00 -5.879935e+01
<VARIANCE> 6
 3.185104e+01 1.195217e+04 2.087231e+06 2.998198e+02 4.022584e+04 5.158639e+07
<GCONST> 7.249256e+01
<MIXTURE> 8 5.633263e-02
<MEAN> 6
 6.622500e+01 3.183979e+03 -1.266160e+03 -7.589527e-01 -1.904664e+01 -1.034208e+02
<VARIANCE> 6
 3.185104e+01 4.618814e+05 1.387160e+04 2.998198e+02 4.022584e+04 5.158639e+07
<GCONST> 7.113321e+01
<MIXTURE> 9 5.341717e-02
<MEAN> 6
 5.928873e+01 6.857325e+02 -2.992561e+03 2.766284e+00 -7.302205e+00 -1.445428e+02
<VARIANCE> 6
 3.185104e+01 1.195217e+04 2.379012e+05 2.998198e+02 4.022584e+04 5.158639e+07
<GCONST> 7.032082e+01
<MIXTURE> 10 5.791182e-02
<MEAN> 6
 7.393930e+01 -2.375099e+02 -7.371782e+03 -1.615060e-01 -2.925747e+00 -1.453422e+02
<VARIANCE> 6
 3.185104e+01 1.195217e+04 5.310518e+04 2.998198e+02 4.022584e+04 5.158639e+07
<GCONST> 6.882124e+01
<MIXTURE> 11 6.851508e-02
<MEAN> 6
 5.924677e+01 1.787338e+03 -1.131140e+03 3.184079e-01 4.735873e-01 -8.842548e+00
<VARIANCE> 6
 3.185104e+01 4.489914e+04 1.096660e+05 2.998198e+02 4.022584e+04 5.158639e+07
<GCONST> 7.086992e+01
<MIXTURE> 12 6.809411e-02
<MEAN> 6
 7.421465e+01 -4.184699e+02 -9.074732e+03 5.028944e-02 -2.323232e+00 -1.063305e+01
<VARIANCE> 6
 3.185104e+01 1.195217e+04 8.934717e+05 2.998198e+02 4.022584e+04 5.158639e+07
<GCONST> 7.164409e+01
<MIXTURE> 13 8.939029e-02
<MEAN> 6
 6.643248e+01 8.253253e+02 -1.217257e+03 2.604713e-01 -6.288123e+00 -1.197250e+02
<VARIANCE> 6
 3.185104e+01 1.195217e+04 1.387160e+04 2.998198e+02 4.022584e+04 5.158639e+07
<GCONST> 6.747881e+01
<MIXTURE> 14 6.982575e-02
<MEAN> 6
 7.666100e+01 -1.080849e+02 -4.177051e+03 -3.351739e-01 -4.263043e+00 -6.911710e+01
<VARIANCE> 6
 3.185104e+01 1.195217e+04 1.692656e+06 2.998198e+02 4.022584e+04 5.158639e+07
<GCONST> 7.228303e+01
<MIXTURE> 15 5.069736e-02
<MEAN> 6
 5.845588e+01 6.571172e+02 -3.623448e+03 1.552767e+00 1.739401e+00 -3.601875e+01
<VARIANCE> 6
 3.185104e+01 1.195217e+04 4.683619e+05 2.998198e+02 4.022584e+04 5.158639e+07
<GCONST> 7.099821e+01
<STATE> 3
<NUMMIXES> 15
<MIXTURE> 1 6.013689e-02
<MEAN> 6
 7.768507e+01 1.961614e+03 1.198492e+03 -1.831986e-01 3.005040e+00 -8.905061e+01
<VARIANCE> 6
 3.185104e+01 7.043227e+05 6.959491e+05 2.998198e+02 4.022584e+04 5.158639e+07
<GCONST> 7.547057e+01
<MIXTURE> 2 6.053306e-02
<MEAN> 6
 7.363857e+01 -3.890619e+02 7.684297e+02 -1.458383e+00 -1.272061e+00 2.543089e+01
<VARIANCE> 6
 3.185104e+01 1.195217e+04 1.369062e+05 2.998198e+02 4.022584e+04 5.158639e+07
<GCONST> 6.976826e+01
<MIXTURE> 3 1.248597e-01
<MEAN> 6
 7.268301e+01 6.455842e+02 9.161604e+02 4.112250e-01 -4.436253e+00 -1.111916e+02
<VARIANCE> 6
 3.185104e+01 1.195217e+04 4.786001e+05 2.998198e+02 4.022584e+04 5.158639e+07
<GCONST> 7.101984e+01
<MIXTURE> 4 4.476335e-02
<MEAN> 6
 8.794414e+01 -1.629051e+03 4.450437e+02 7.223360e-01 -4.803693e+00 -2.066936e+02
<VARIANCE> 6
 3.185104e+01 1.195217e+04 1.921334e+04 2.998198e+02 4.022584e+04 5.158639e+07
<GCONST> 6.780457e+01
<MIXTURE> 5 5.022846e-02
<MEAN> 6
 7.617729e+01 4.132752e+02 -8.182660e+02 -2.171373e-01 -1.684224e+00 -9.492349e+01
<VARIANCE> 6
 3.185104e+01 1.195217e+04 1.387160e+04 2.998198e+02 4.022584e+04 5.158639e+07
<GCONST> 6.747881e+01
<MIXTURE> 6 6.503941e-02
<MEAN> 6
 8.336386e+01 -7.347463e+02 8.953880e+01 1.677799e-02 -1.161005e+00 -1.356376e+02
<VARIANCE> 6
 3.185104e+01 1.195217e+04 1.387160e+04 2.998198e+02 4.022584e+04 5.158639e+07
<GCONST> 6.747881e+01
<MIXTURE> 7 2.704453e-02
<MEAN> 6
 6.109512e+01 -8.957536e+01 1.609987e+03 -2.033311e+00 -3.354519e+00 -2.057322e+02
<VARIANCE> 6
 3.185104e+01 1.195217e+04 1.387160e+04 2.998198e+02 4.022584e+04 5.158639e+07
<GCONST> 6.747881e+01
<MIXTURE> 8 8.588976e-02
<MEAN> 6
 7.343639e+01 6.659214e+02 3.514370e+02 -4.194709e-01 -2.011318e+00 -8.241537e+01
<VARIANCE> 6
 3.185104e+01 1.621193e+04 1.387160e+04 2.998198e+02 4.022584e+04 5.158639e+07
<GCONST> 6.778365e+01
<MIXTURE> 9 7.478051e-02
<MEAN> 6
 8.945709e+01 -2.195578e+03 -1.688607e+02 -3.769699e+00 6.324784e+00 -1.968663e+02
<VARIANCE> 6
 3.185104e+01 1.864442e+06 1.643441e+05 2.998198e+02 4.022584e+04 5.158639e+07
<GCONST> 7.500074e+01
<MIXTURE> 10 7.684078e-02
<MEAN> 6
 7.278048e+01 6.527939e+01 -4.876519e+02 -1.128822e+00 -5.225909e+00 -1.612289e+02
<VARIANCE> 6
 3.185104e+01 4.044181e+04 1.843031e+04 2.998198e+02 4.022584e+04 5.158639e+07
<GCONST> 6.898192e+01
<MIXTURE> 11 7.808515e-02
<MEAN> 6
 7.683151e+01 3.445953e+02 5.072312e+02 -8.442069e-01 2.374166e+00 -8.867025e+01
<VARIANCE> 6
 3.185104e+01 1.195217e+04 2.565108e+05 2.998198e+02 4.022584e+04 5.158639e+07
<GCONST> 7.039614e+01
<MIXTURE> 12 5.730265e-02
<MEAN> 6
 7.867386e+01 3.404741e+02 3.587996e+02 -2.529299e+00 -6.734246e-01 -1.083802e+02
<VARIANCE> 6
 3.185104e+01 2.349721e+04 1.387160e+04 2.998198e+02 4.022584e+04 5.158639e+07
<GCONST> 6.815479e+01
<MIXTURE> 13 6.366036e-02
<MEAN> 6
 8.268339e+01 -6.988192e+02 5.865902e+01 7.278507e-03 -2.388714e+00 -9.336098e+01
<VARIANCE> 6
 3.185104e+01 1.195217e+04 1.387160e+04 2.998198e+02 4.022584e+04 5.158639e+07
<GCONST> 6.747881e+01
<MIXTURE> 14 7.141378e-02
<MEAN> 6
 7.391186e+01 6.211015e+01 -6.492153e+02 -7.605733e-01 -4.134697e+00 -1.534045e+02
<VARIANCE> 6
 3.185104e+01 1.195217e+04 1.387160e+04 2.998198e+02 4.022584e+04 5.158639e+07
<GCONST> 6.747881e+01
<MIXTURE> 15 5.938917e-02
<MEAN> 6
 7.680223e+01 -4.017889e+02 3.835213e+02 -1.532229e+00 -5.237107e+00 9.362248e+01
<VARIANCE> 6
 3.185104e+01 1.195217e+04 2.330990e+05 2.998198e+02 4.022584e+04 5.158639e+07
<GCONST> 7.030044e+01
<STATE> 4
<NUMMIXES> 15
<MIXTURE> 1 7.667623e-02
<MEAN> 6
 8.613014e+01 -4.190042e+03 7.535868e+03 -1.543419e+00 -1.413359e+01 -6.672889e+01
<VARIANCE> 6
 8.105153e+01 3.186272e+06 3.723505e+07 2.998198e+02 4.022584e+04 5.158639e+07
<GCONST> 8.189368e+01
<MIXTURE> 2 5.400269e-02
<MEAN> 6
 6.807136e+01 4.195493e+02 2.955531e+03 -2.211183e+01 -7.526528e+02 6.913123e+02
<VARIANCE> 6
 5.445206e+02 1.308967e+07 3.898573e+07 3.610149e+04 8.611659e+05 3.110939e+08
<GCONST> 9.490894e+01
<MIXTURE> 3 6.598651e-02
<MEAN> 6
 -2.127720e+01 9.224998e+02 3.963031e+03 2.760492e+02 7.403330e+02 -5.191430e+03
<VARIANCE> 6
 5.012083e+02 4.727568e+05 2.345452e+06 6.353490e+03 3.224750e+05 8.624856e+07
<GCONST> 8.469189e+01
<MIXTURE> 4 7.861909e-02
<MEAN> 6
 7.401308e+01 -2.817007e+02 3.117375e+03 1.389181e+02 -4.809823e+02 1.292549e+03
<VARIANCE> 6
 2.661222e+02 1.263601e+06 4.162370e+06 3.620230e+03 8.312852e+04 5.158639e+07
<GCONST> 8.318349e+01
<MIXTURE> 5 5.516921e-02
<MEAN> 6
 -2.796529e+01 6.016607e+02 1.248630e+03 -3.180989e+01 9.009302e+02 -1.038788e+03
<VARIANCE> 6
 4.984238e+02 7.889726e+06 3.333915e+06 4.804375e+04 4.664576e+05 2.005089e+08
<GCONST> 9.108861e+01
<MIXTURE> 6 4.305258e-02
<MEAN> 6
 4.014005e+01 2.611104e+01 3.700462e+03 2.862079e+02 -9.104347e+02 -5.082832e+03
<VARIANCE> 6
 3.309157e+02 3.200712e+05 3.860114e+06 6.310706e+03 2.738788e+05 1.293193e+08
<GCONST> 8.461987e+01
<MIXTURE> 7 1.013687e-01
<MEAN> 6
 -6.590685e+01 7.569035e+02 3.233253e+03 4.677779e+01 3.751772e+02 -1.440638e+02
<VARIANCE> 6
 8.207886e+01 6.025992e+05 1.754732e+06 2.451895e+03 1.626064e+05 5.158639e+07
<GCONST> 8.068425e+01
<MIXTURE> 8 4.171513e-02
<MEAN> 6
 1.011043e+02 6.277001e+02 2.757640e+03 -9.257927e+00 -1.217078e+02 2.020189e+02
<VARIANCE> 6
 3.185104e+01 9.404001e+05 1.229535e+06 2.998198e+02 4.111000e+04 5.158639e+07
<GCONST> 7.635049e+01
<MIXTURE> 9 6.633983e-02
<MEAN> 6
 9.500510e+01 -5.592742e+02 1.637883e+03 -1.780567e+01 -7.587892e+02 -1.458980e+03
<VARIANCE> 6
 1.011658e+02 1.217556e+06 2.034568e+06 6.690481e+03 1.458446e+05 5.158639e+07
<GCONST> 8.263968e+01
<MIXTURE> 10 8.982418e-02
<MEAN> 6
 8.500269e+01 -4.122203e+02 6.382764e+02 -8.046206e+00 -4.150911e+01 -1.182875e+02
<VARIANCE> 6
 3.185104e+01 7.813236e+05 2.787918e+06 2.998198e+02 4.022584e+04 5.158639e+07
<GCONST> 7.696210e+01
<MIXTURE> 11 4.899879e-02
<MEAN> 6
 -6.671886e+01 2.814055e+02 2.745526e+03 -1.175003e+02 1.657235e+03 -8.943417e+02
<VARIANCE> 6
 1.161465e+02 5.075588e+05 1.986754e+06 1.359288e+04 3.862540e+05 3.458500e+08
<GCONST> 8.546456e+01
<MIXTURE> 12 9.473972e-02
<MEAN> 6
 7.293237e+01 -1.460583e+03 2.407702e+03 2.467941e+00 -1.287294e+01 -1.618638e+02
<VARIANCE> 6
 3.185104e+01 1.256563e+06 1.728400e+06 2.998198e+02 4.022584e+04 5.158639e+07
<GCONST> 7.695914e+01
<MIXTURE> 13 6.449723e-02
<MEAN> 6
 -5.025708e+00 3.998981e+01 2.835069e+03 -3.477149e+02 2.110183e+02 1.011239e+04
<VARIANCE> 6
 6.904991e+02 2.761250e+05 2.861361e+06 2.951069e+03 4.426107e+05 1.492804e+08
<GCONST> 8.477180e+01
<MIXTURE> 14 7.068735e-02
<MEAN> 6
 5.912731e+01 1.429564e+02 1.021847e+03 -2.109570e+02 -1.007300e+03 -2.343579e+02
<VARIANCE> 6
 3.078657e+02 1.052556e+05 4.191091e+06 8.396428e+03 1.912503e+05 5.158639e+07
<GCONST> 8.252522e+01
<MIXTURE> 15 4.828514e-02
<MEAN> 6
 -3.441058e+01 -7.884020e+02 -5.621062e+02 2.661537e+01 1.739303e+02 1.817209e+02
<VARIANCE> 6
 4.706166e+02 7.283914e+06 2.565800e+06 5.936712e+03 1.107906e+05 5.158639e+07
<GCONST> 8.580334e+01
<STATE> 5
<NUMMIXES> 15
<MIXTURE> 1 5.315383e-02
<MEAN> 6
 6.863504e+01 -2.965427e+02 2.031944e+02 1.059526e-01 -1.188405e+01 -8.801777e+01
<VARIANCE> 6
 3.185104e+01 9.302901e+05 3.639596e+04 2.998198e+02 4.022584e+04 5.158639e+07
<GCONST> 7.279801e+01
<MIXTURE> 2 9.850296e-02
<MEAN> 6
 6.926164e+01 1.150637e+03 8.360351e+01 -7.924060e-01 -5.317914e+00 -1.564069e+02
<VARIANCE> 6
 3.185104e+01 1.291194e+05 1.387160e+04 2.998198e+02 4.022584e+04 5.158639e+07
<GCONST> 6.985864e+01
<MIXTURE> 3 3.001902e-02
<MEAN> 6
 7.408810e+01 1.111742e+03 -7.247386e+02 -1.423176e+00 -7.308727e+00 -7.256848e+01
<VARIANCE> 6
 3.185104e+01 8.770198e+04 1.387160e+04 2.998198e+02 4.022584e+04 5.158639e+07
<GCONST> 6.947185e+01
<MIXTURE> 4 5.239458e-02
<MEAN> 6
 5.631760e+01 1.380410e+02 1.686698e+02 -1.091276e+00 -2.735008e+00 -1.037711e+02
<VARIANCE> 6
 5.146597e+01 1.195217e+04 2.003226e+05 2.998198e+02 4.022584e+04 5.158639e+07
<GCONST> 7.062875e+01
<MIXTURE> 5 5.158115e-02
<MEAN> 6
 5.975758e+01 -2.754760e+02 -2.022322e+02 -4.740267e-01 -5.785326e+00 -1.285010e+02
<VARIANCE> 6
 3.185104e+01 4.755273e+04 1.115896e+05 2.998198e+02 4.022584e+04 5.158639e+07
<GCONST> 7.094473e+01
<MIXTURE> 6 7.244171e-02
<MEAN> 6
 6.796878e+01 5.049253e+01 2.345314e+02 -4.579980e-01 -5.980855e+00 -1.352281e+02
<VARIANCE> 6
 3.185104e+01 2.756677e+04 1.387160e+04 2.998198e+02 4.022584e+04 5.158639e+07
<GCONST> 6.831451e+01
<MIXTURE> 7 2.942982e-02
<MEAN> 6
 5.964994e+01 2.275432e+03 -2.381246e+02 9.791350e-02 -4.337379e+00 -2.142626e+02
<VARIANCE> 6
 3.185104e+01 2.181333e+05 1.387160e+04 2.998198e+02 4.022584e+04 5.158639e+07
<GCONST> 7.038301e+01
<MIXTURE> 8 2.831623e-02
<MEAN> 6
 6.193180e+01 -2.106485e+03 -4.958333e+02 -3.407162e-01 -1.990505e+00 -1.340884e+02
<VARIANCE> 6
 3.185104e+01 1.674815e+05 2.001994e+04 2.998198e+02 4.022584e+04 5.158639e+07
<GCONST> 7.048566e+01
<MIXTURE> 9 9.138670e-02
<MEAN> 6
 6.652449e+01 -3.932828e+02 3.016451e+02 -3.726686e-01 -5.604762e+00 -1.000831e+02
<VARIANCE> 6
 3.185104e+01 1.195217e+04 1.387160e+04 2.998198e+02 4.022584e+04 5.158639e+07
<GCONST> 6.747881e+01
<MIXTURE> 10 7.876764e-02
<MEAN> 6
 7.051288e+01 -1.179416e+03 1.477209e+00 -9.743176e-01 -8.926221e+00 -1.240680e+02
<VARIANCE> 6
 5.113612e+01 1.756030e+05 1.836477e+04 2.998198e+02 4.022584e+04 5.158639e+07
<GCONST> 7.092014e+01
<MIXTURE> 11 1.053372e-01
<MEAN> 6
 6.605164e+01 4.195264e+02 -2.179330e+02 6.711199e-01 -2.745450e+00 -1.281293e+02
<VARIANCE> 6
 3.185104e+01 1.195217e+04 1.387160e+04 2.998198e+02 4.022584e+04 5.158639e+07
<GCONST> 6.747881e+01
<MIXTURE> 12 8.919697e-02
<MEAN> 6
 6.442683e+01 -6.870215e+02 -3.259070e+02 4.927552e-01 -4.098150e+00 -1.453986e+02
<VARIANCE> 6
 3.185104e+01 2.103328e+04 1.293702e+05 2.998198e+02 4.022584e+04 5.158639e+07
<GCONST> 7.027684e+01
<MIXTURE> 13 9.235342e-02
<MEAN> 6
 6.687214e+01 3.224434e+02 -2.251830e+02 3.131279e-02 -8.345447e+00 -1.921495e+02
<VARIANCE> 6
 3.185104e+01 8.551916e+04 1.387160e+04 2.998198e+02 4.022584e+04 5.158639e+07
<GCONST> 6.944664e+01
<MIXTURE> 14 6.914070e-02
<MEAN> 6
 6.815323e+01 -7.861867e+01 2.056409e+02 -3.820547e-01 -6.301270e+00 -1.271227e+02
<VARIANCE> 6
 4.072990e+01 2.293139e+04 1.387160e+04 2.998198e+02 4.022584e+04 5.158639e+07
<GCONST> 6.837630e+01
<MIXTURE> 15 5.788751e-02
<MEAN> 6
 5.832390e+01 -2.796622e+02 -3.653032e+02 -2.699886e-01 -3.950625e+00 -1.009273e+02
<VARIANCE> 6
 3.185104e+01 2.220047e+04 1.025407e+05 2.998198e+02 4.022584e+04 5.158639e+07
<GCONST> 7.009843e+01
<STATE> 6
<NUMMIXES> 15
<MIXTURE> 1 5.779884e-02
<MEAN> 6
 -4.506861e+01 2.405683e+02 1.581082e+02 -1.995619e+02 1.547009e+03 8.295749e+03
<VARIANCE> 6
 2.037638e+02 9.680266e+05 8.244888e+05 1.101597e+04 8.383965e+05 6.601052e+08
<GCONST> 8.700401e+01
<MIXTURE> 2 1.819685e-02
<MEAN> 6
 2.743817e+01 -3.778889e+02 -6.219799e+02 -3.071625e+02 -5.282803e+02 1.046628e+04
<VARIANCE> 6
 5.334391e+02 6.826382e+06 2.439732e+06 6.789789e+03 4.609824e+05 2.134466e+08
<GCONST> 8.879350e+01
<MIXTURE> 3 7.994817e-02
<MEAN> 6
 8.487811e+01 -1.407541e+02 2.311669e+02 -7.185367e+00 -7.906663e+01 -6.943523e+01
<VARIANCE> 6
 9.588660e+01 6.819268e+05 3.382387e+05 2.998198e+02 4.022584e+04 5.158639e+07
<GCONST> 7.581882e+01
<MIXTURE> 4 5.451329e-02
<MEAN> 6
 -2.649188e+01 -6.196117e+01 8.740045e+01 2.337666e+02 8.058881e+02 -6.575958e+03
<VARIANCE> 6
 8.635425e+01 6.231839e+05 2.257862e+05 3.369927e+03 1.542668e+05 6.178998e+07
<GCONST> 7.916400e+01
<MIXTURE> 5 7.350466e-02
<MEAN> 6
 8.539476e+01 1.161699e+02 -5.846552e+00 4.050392e+01 -1.071865e+03 -1.127339e+03
<VARIANCE> 6
 3.215697e+02 2.285155e+06 4.340250e+05 1.822109e+04 8.949937e+05 5.868196e+08
<GCONST> 8.812842e+01
<MIXTURE> 6 5.870889e-02
<MEAN> 6
 -4.076334e+00 3.484815e+02 1.415297e+02 -2.536995e+02 1.691327e+02 4.595081e+03
<VARIANCE> 6
 4.934900e+02 4.921334e+05 4.227456e+05 3.470594e+03 1.702761e+05 1.299724e+08
<GCONST> 8.216988e+01
<MIXTURE> 7 7.720409e-02
<MEAN> 6
 -6.004329e+01 1.043344e+01 1.027464e+02 1.353376e+01 1.543548e+02 1.014304e+02
<VARIANCE> 6
 9.073679e+01 4.562664e+05 4.201450e+05 4.271142e+02 5.363303e+04 5.158639e+07
<GCONST> 7.622015e+01
<MIXTURE> 8 6.050000e-02
<MEAN> 6
 6.989013e+01 -1.662455e+02 1.563017e+02 1.302652e+02 -5.029294e+02 1.295537e+02
<VARIANCE> 6
 1.323117e+02 5.790448e+05 5.533652e+05 2.362215e+03 8.968992e+04 5.158639e+07
<GCONST> 7.933557e+01
<MIXTURE> 9 9.622675e-02
<MEAN> 6
 7.884271e+01 -6.933583e+01 1.743700e+02 -5.259648e+01 -7.539680e+02 -1.746131e+03
<VARIANCE> 6
 1.271273e+02 5.306018e+05 2.908891e+05 6.638093e+03 1.291564e+05 5.158639e+07
<GCONST> 7.996304e+01
<MIXTURE> 10 6.857668e-02
<MEAN> 6
 4.747016e+00 1.621629e+01 -2.039032e+01 2.651054e+02 -6.610319e+00 -5.562315e+03
<VARIANCE> 6
 1.589355e+02 6.940228e+05 4.293609e+05 3.375378e+03 9.701666e+04 6.525819e+07
<GCONST> 8.011684e+01
<MIXTURE> 11 9.169207e-02
<MEAN> 6
 -4.754377e+01 8.557093e+01 1.563208e+02 6.232154e+01 8.316586e+02 1.606709e+03
<VARIANCE> 6
 6.072224e+01 3.668723e+05 2.084184e+05 1.058589e+04 1.541844e+05 5.158639e+07
<GCONST> 7.916560e+01
<MIXTURE> 12 7.991871e-02
<MEAN> 6
 4.158366e+01 1.492355e+02 -4.635875e+01 2.296106e+02 -4.922443e+02 -1.657919e+03
<VARIANCE> 6
 1.936724e+02 1.047948e+06 4.152424e+05 2.568575e+03 1.104454e+05 5.158639e+07
<GCONST> 8.031454e+01
<MIXTURE> 13 6.552202e-02
<MEAN> 6
 5.196125e+01 1.776842e+02 5.576389e+01 -2.202419e+02 -7.629833e+02 3.721145e+03
<VARIANCE> 6
 1.686026e+02 6.560160e+05 2.051095e+05 3.329962e+03 1.635143e+05 5.326274e+07
<GCONST> 7.968616e+01
<MIXTURE> 14 6.088959e-02
<MEAN> 6
 -6.168800e+01 -1.498872e+02 7.723859e+01 1.149406e+01 9.982344e+02 -5.405120e+03
<VARIANCE> 6
 6.077181e+01 9.140284e+05 4.902576e+05 5.944368e+03 2.290053e+05 1.403390e+08
<GCONST> 8.175397e+01
<MIXTURE> 15 5.655809e-02
<MEAN> 6
 3.553411e+00 1.533388e+02 -2.315284e+01 -2.668178e+02 -3.366576e+01 2.422492e+03
<VARIANCE> 6
 4.306363e+02 6.894347e+05 3.046199e+05 3.970395e+03 1.944173e+05 1.158517e+08
<GCONST> 8.219518e+01
<STATE> 7
<NUMMIXES> 15
<MIXTURE> 1 5.189332e-02
<MEAN> 6
 8.962718e+01 2.452513e+02 2.084125e+03 -2.413152e+00 -5.285055e+00 1.606025e+02
<VARIANCE> 6
 3.185104e+01 1.549269e+04 1.402374e+05 2.998198e+02 4.022584e+04 5.158639e+07
<GCONST> 7.005177e+01
<MIXTURE> 2 7.655130e-02
<MEAN> 6
 6.769512e+01 -4.127675e+03 3.418476e+03 -7.880534e-01 -5.441129e+00 -1.363299e+02
<VARIANCE> 6
 3.185104e+01 3.556310e+04 1.387160e+04 2.998198e+02 4.022584e+04 5.158639e+07
<GCONST> 6.856921e+01
<MIXTURE> 3 6.286645e-02
<MEAN> 6
 7.817705e+01 -3.522427e+03 2.884859e+02 -9.052214e+00 3.599838e+01 2.265306e+02
<VARIANCE> 6
 8.346803e+01 2.255989e+06 3.472132e+04 3.180845e+02 4.022584e+04 5.158639e+07
<GCONST> 7.465929e+01
<MIXTURE> 4 4.910453e-02
<MEAN> 6
 8.643999e+01 -9.241174e+02 2.541941e+03 -4.957856e+00 -9.407694e+00 1.489538e+02
<VARIANCE> 6
 3.185104e+01 1.443489e+04 6.406154e+05 2.998198e+02 4.022584e+04 5.158639e+07
<GCONST> 7.150014e+01
<MIXTURE> 5 4.313683e-02
<MEAN> 6
 8.595974e+01 -6.030642e+02 6.421260e+02 -4.237617e+00 -3.269724e+01 2.809205e+02
<VARIANCE> 6
 3.185104e+01 2.850807e+04 2.538129e+05 2.998198e+02 4.022584e+04 5.158639e+07
<GCONST> 7.125484e+01
<MIXTURE> 6 9.169982e-02
<MEAN> 6
 8.738676e+01 -1.930407e+02 7.424101e+02 -3.392411e+00 -2.149399e+01 1.570188e+02
<VARIANCE> 6
 3.185104e+01 4.412681e+04 2.736845e+04 2.998198e+02 4.022584e+04 5.158639e+07
<GCONST> 6.946452e+01
<MIXTURE> 7 8.393898e-02
<MEAN> 6
 8.469528e+01 -1.145462e+03 -4.073240e+02 -4.650028e+00 -1.019497e+01 3.163146e+02
<VARIANCE> 6
 3.185104e+01 2.419062e+04 4.187726e+05 2.998198e+02 4.022584e+04 5.158639e+07
<GCONST> 7.159135e+01
<MIXTURE> 8 5.128448e-02
<MEAN> 6
 7.106892e+01 -2.116434e+03 -1.378227e+02 3.538684e-01 -3.352020e+00 -5.373610e+01
<VARIANCE> 6
 3.185104e+01 9.185469e+04 3.568492e+04 2.998198e+02 4.022584e+04 5.158639e+07
<GCONST> 7.046300e+01
<MIXTURE> 9 4.465096e-02
<MEAN> 6
 7.482023e+01 -1.247670e+03 8.938368e+02 -1.499885e+00 1.183011e+00 3.700650e+01
<VARIANCE> 6
 3.185104e+01 3.488481e+04 1.413043e+05 2.998198e+02 4.022584e+04 5.158639e+07
<GCONST> 7.087103e+01
<MIXTURE> 10 8.549355e-02
<MEAN> 6
 8.580625e+01 -6.722130e+02 -2.511194e+02 -5.421690e+00 -1.526071e+01 1.325691e+02
<VARIANCE> 6
 3.185104e+01 7.068943e+04 1.500490e+06 2.998198e+02 4.022584e+04 5.158639e+07
<GCONST> 7.393990e+01
<MIXTURE> 11 7.942353e-02
<MEAN> 6
 7.126952e+01 -6.462169e+02 1.964149e+03 -2.973112e+00 -8.259080e-01 -1.364660e+02
<VARIANCE> 6
 3.185104e+01 1.195217e+04 3.532907e+04 2.998198e+02 4.022584e+04 5.158639e+07
<GCONST> 6.841368e+01
<MIXTURE> 12 5.604525e-02
<MEAN> 6
 7.671400e+01 -1.459991e+03 3.739076e+02 -2.523331e+00 -3.566188e+00 2.342915e+02
<VARIANCE> 6
 3.185104e+01 2.979283e+04 3.207227e+05 2.998198e+02 4.022584e+04 5.158639e+07
<GCONST> 7.153291e+01
<MIXTURE> 13 7.412858e-02
<MEAN> 6
 8.890041e+01 -4.401059e+03 4.266427e+03 -1.516574e+00 -1.729553e+01 -2.569169e+02
<VARIANCE> 6
 3.185104e+01 1.195217e+04 2.601262e+06 2.998198e+02 4.022584e+04 5.158639e+07
<GCONST> 7.271272e+01
<MIXTURE> 14 9.667014e-02
<MEAN> 6
 8.221622e+01 -8.606133e+02 3.150507e+02 -4.878638e+00 8.736500e+00 -3.831244e+01
<VARIANCE> 6
 5.669764e+01 1.195217e+04 3.467873e+04 2.998198e+02 4.022584e+04 5.158639e+07
<GCONST> 6.897176e+01
<MIXTURE> 15 5.309505e-02
<MEAN> 6
 6.807834e+01 -2.151843e+03 -3.232149e+02 -1.384729e+00 9.093265e-01 -1.848928e+01
<VARIANCE> 6
 3.185104e+01 1.617486e+04 1.533708e+04 2.998198e+02 4.022584e+04 5.158639e+07
<GCONST> 6.788179e+01
<STATE> 8
<NUMMIXES> 15
<MIXTURE> 1 6.747600e-02
<MEAN> 6
 5.900191e+01 -1.908253e+03 1.913069e+02 -8.010106e+00 -2.156056e+02 2.545776e+02
<VARIANCE> 6
 9.481508e+02 3.027308e+07 2.832420e+05 1.978822e+04 8.315204e+04 5.158639e+07
<GCONST> 8.664164e+01
<MIXTURE> 2 4.840803e-02
<MEAN> 6
 6.958081e+01 1.880015e+03 -3.501686e+03 5.786760e+01 -2.750549e+02 -3.447063e+02
<VARIANCE> 6
 4.299912e+02 3.118234e+06 1.246509e+06 1.341378e+04 5.368798e+04 5.158639e+07
<GCONST> 8.423341e+01
<MIXTURE> 3 5.376122e-02
<MEAN> 6
 -3.994179e+00 -2.335376e+02 4.231180e+02 4.169189e+01 5.360832e+01 -1.590957e+03
<VARIANCE> 6
 3.887890e+02 1.174905e+06 2.352242e+06 2.539836e+04 6.968929e+04 5.158639e+07
<GCONST> 8.469089e+01
<MIXTURE> 4 8.589482e-02
<MEAN> 6
 7.370837e+01 -2.418166e+02 7.255855e+02 -1.951694e+00 -5.391613e+01 -1.043951e+02
<VARIANCE> 6
 8.375365e+01 5.703059e+05 2.008002e+06 3.601281e+02 4.022584e+04 5.158639e+07
<GCONST> 7.746922e+01
<MIXTURE> 5 7.055370e-02
<MEAN> 6
 -3.945939e+01 1.937993e+02 -4.463009e+02 -9.286601e+00 9.105054e+02 8.924995e+01
<VARIANCE> 6
 1.283486e+02 1.985532e+06 2.941855e+06 1.631544e+04 2.203628e+05 1.352066e+08
<GCONST> 8.600317e+01
<MIXTURE> 6 1.088683e-01
<MEAN> 6
 4.263937e+01 2.017782e+02 -2.777655e+02 1.291274e+02 -1.574793e+02 -1.010831e+03
<VARIANCE> 6
 3.834770e+02 8.741414e+05 3.707853e+05 1.950827e+03 4.900058e+04 5.158639e+07
<GCONST> 7.961528e+01
<MIXTURE> 7 7.041741e-02
<MEAN> 6
 -5.521541e+01 -1.055832e+02 -7.973111e+01 5.536681e+00 2.270945e+02 -1.963410e+02
<VARIANCE> 6
 1.010966e+02 6.314561e+05 2.876953e+06 8.567346e+02 5.952101e+04 5.158639e+07
<GCONST> 7.937734e+01
<MIXTURE> 8 3.481356e-02
<MEAN> 6
 8.535329e+01 3.868953e+02 -8.586708e+01 -9.595671e+00 -1.051917e+03 -2.062766e+02
<VARIANCE> 6
 2.723048e+02 1.778174e+07 6.774352e+06 1.670197e+04 5.386352e+05 3.276855e+08
<GCONST> 9.158417e+01
<MIXTURE> 9 6.244693e-02
<MEAN> 6
 6.075446e+00 1.607101e+03 -2.875710e+03 -7.150641e+00 1.238338e+02 2.300497e+02
<VARIANCE> 6
 4.203622e+02 3.707428e+06 1.873734e+06 3.331179e+04 6.714017e+04 5.158639e+07
<GCONST> 8.592464e+01
<MIXTURE> 10 7.353078e-02
<MEAN> 6
 -1.126892e+01 3.027537e+02 -1.631540e+02 1.063964e+02 2.042448e+02 -1.391775e+03
<VARIANCE> 6
 2.475706e+02 3.263921e+05 5.991218e+04 3.767082e+03 1.168263e+05 5.158639e+07
<GCONST> 7.789671e+01
<MIXTURE> 11 7.674297e-02
<MEAN> 6
 6.899353e+01 8.757510e+01 -7.202608e+01 5.329836e+00 -4.867160e+02 -6.266316e+02
<VARIANCE> 6
 9.974007e+01 7.808940e+05 1.449325e+06 6.805873e+03 9.762911e+04 5.158639e+07
<GCONST> 8.145787e+01
<MIXTURE> 12 3.077079e-02
<MEAN> 6
 -4.084388e+01 -6.645692e+02 3.681801e+02 4.568048e+00 4.728137e+02 1.819735e+02
<VARIANCE> 6
 1.941044e+02 4.299379e+07 3.664578e+05 1.280271e+04 1.499161e+05 5.158639e+07
<GCONST> 8.581787e+01
<MIXTURE> 13 7.202290e-02
<MEAN> 6
 -3.097633e+01 3.371880e+02 6.718544e+01 -4.060719e+00 3.448353e+02 3.333598e+01
<VARIANCE> 6
 1.752866e+02 5.933786e+05 3.041086e+05 8.243923e+03 1.050344e+05 5.158639e+07
<GCONST> 8.045045e+01
<MIXTURE> 14 8.733682e-02
<MEAN> 6
 7.176802e+00 -4.578304e+02 -1.282673e+02 -1.695141e+02 9.739020e+01 2.577615e+03
<VARIANCE> 6
 4.652485e+02 7.404008e+05 4.315897e+05 1.765983e+03 1.516570e+05 9.983306e+07
<GCONST> 8.148486e+01
<MIXTURE> 15 5.678839e-02
<MEAN> 6
 6.000148e+01 -2.940841e+02 -8.353964e+02 -1.239989e+02 -5.093387e+02 1.985168e+03
<VARIANCE> 6
 1.622833e+02 9.798197e+05 1.856670e+06 5.864347e+03 8.354400e+04 5.158639e+07
<GCONST> 8.211456e+01
<STATE> 9
<NUMMIXES> 15
<MIXTURE> 1 7.288690e-02
<MEAN> 6
 9.489080e+01 -1.919810e+02 2.699063e+01 -3.631135e+00 2.008288e+00 4.758790e+00
<VARIANCE> 6
 3.185104e+01 1.631059e+04 1.387160e+04 2.998198e+02 4.022584e+04 5.158639e+07
<GCONST> 6.778972e+01
<MIXTURE> 2 9.147120e-02
<MEAN> 6
 9.629358e+01 -8.932678e+02 -7.819695e+03 -5.553048e+00 5.264783e+00 1.044224e+02
<VARIANCE> 6
 1.641208e+02 7.102209e+04 4.515686e+06 2.998198e+02 4.022584e+04 5.158639e+07
<GCONST> 7.668589e+01
<MIXTURE> 3 4.308427e-02
<MEAN> 6
 7.963489e+01 -5.217533e+01 -9.029872e+02 -3.498751e+00 3.275031e+00 9.832112e+00
<VARIANCE> 6
 3.185104e+01 3.522249e+04 1.496620e+04 2.998198e+02 4.022584e+04 5.158639e+07
<GCONST> 6.863554e+01
<MIXTURE> 4 6.104086e-02
<MEAN> 6
 6.128203e+01 2.101561e+03 7.241660e+02 -1.863513e+00 -1.604527e+00 1.055897e+02
<VARIANCE> 6
 3.185104e+01 2.705490e+05 5.248298e+05 2.998198e+02 4.022584e+04 5.158639e+07
<GCONST> 7.423158e+01
<MIXTURE> 5 6.012048e-02
<MEAN> 6
 8.060928e+01 5.296512e+02 -3.996661e+03 -2.052811e+00 2.858124e-01 -1.388072e+01
<VARIANCE> 6
 7.277157e+01 2.459534e+04 1.370979e+05 2.998198e+02 4.022584e+04 5.158639e+07
<GCONST> 7.131757e+01
<MIXTURE> 6 6.371883e-02
<MEAN> 6
 9.804746e+01 5.018337e+02 -2.549094e+02 -4.914972e+00 7.566624e+00 9.150012e+01
<VARIANCE> 6
 4.297517e+01 8.344780e+04 9.646852e+04 2.998198e+02 4.022584e+04 5.158639e+07
<GCONST> 7.166105e+01
<MIXTURE> 7 5.997674e-02
<MEAN> 6
 1.030391e+02 1.051690e+03 -1.027098e+03 -7.607481e+00 -6.361780e+00 1.740726e+02
<VARIANCE> 6
 8.851229e+01 5.122778e+04 5.382845e+04 2.998198e+02 4.022584e+04 5.158639e+07
<GCONST> 7.131222e+01
<MIXTURE> 8 8.022115e-02
<MEAN> 6
 9.136499e+01 -6.172930e+03 -6.302891e+01 -6.278790e+00 3.042377e+00 1.121498e+02
<VARIANCE> 6
 5.463547e+01 5.445700e+06 1.901708e+06 2.998198e+02 4.022584e+04 5.158639e+07
<GCONST> 7.906076e+01
<MIXTURE> 9 1.041919e-01
<MEAN> 6
 9.207718e+01 7.466337e+01 -2.133609e+03 -3.737079e+00 -5.801134e+00 4.360962e+01
<VARIANCE> 6
 3.185104e+01 1.036206e+05 1.424108e+05 2.998198e+02 4.022584e+04 5.158639e+07
<GCONST> 7.196751e+01
<MIXTURE> 10 4.992269e-02
<MEAN> 6
 8.655251e+01 2.152943e+03 -1.213578e+03 -3.115652e+00 -1.766511e+00 1.961484e+02
<VARIANCE> 6
 1.241606e+02 1.275983e+05 2.784270e+04 2.998198e+02 4.022584e+04 5.158639e+07
<GCONST> 7.190402e+01
<MIXTURE> 11 9.499079e-02
<MEAN> 6
 9.238624e+01 2.468690e+02 -3.482992e+02 -3.981611e+00 1.905626e+00 1.644305e+01
<VARIANCE> 6
 3.185104e+01 1.195217e+04 2.764500e+04 2.998198e+02 4.022584e+04 5.158639e+07
<GCONST> 6.816842e+01
<MIXTURE> 12 6.410293e-02
<MEAN> 6
 7.439689e+01 -3.393090e+02 -1.988916e+03 -4.276727e+00 3.893941e+00 -3.209593e+00
<VARIANCE> 6
 3.185104e+01 1.994687e+05 4.455089e+04 2.998198e+02 4.022584e+04 5.158639e+07
<GCONST> 7.146035e+01
<MIXTURE> 13 6.044373e-02
<MEAN> 6
 9.578824e+01 -6.046569e+02 -1.216198e+03 -3.995071e+00 -7.374016e+00 7.432523e+01
<VARIANCE> 6
 4.250972e+01 3.191127e+04 6.295730e+04 2.998198e+02 4.022584e+04 5.158639e+07
<GCONST> 7.026214e+01
<MIXTURE> 14 5.096759e-02
<MEAN> 6
 1.057412e+02 3.476906e+02 -5.421908e+02 -6.918430e+00 1.167029e+01 1.644813e+02
<VARIANCE> 6
 3.853937e+01 5.621546e+04 2.900571e+04 2.998198e+02 4.022584e+04 5.158639e+07
<GCONST> 6.995535e+01
<MIXTURE> 15 4.282059e-02
<MEAN> 6
 9.145602e+01 1.428126e+03 -1.565900e+03 -3.952779e+00 -5.855797e+00 7.594540e+01
<VARIANCE> 6
 5.707558e+01 1.918256e+05 1.022716e+05 2.998198e+02 4.022584e+04 5.158639e+07
<GCONST> 7.283559e+01
<STATE> 10
<NUMMIXES> 15
<MIXTURE> 1 4.701728e-02
<MEAN> 6
 7.365154e+01 4.502533e+02 5.969708e+02 -3.857951e+00 -7.050236e+00 5.906016e+01
<VARIANCE> 6
 3.185104e+01 1.980423e+04 1.387160e+04 2.998198e+02 4.022584e+04 5.158639e+07
<GCONST> 6.798380e+01
<MIXTURE> 2 9.250853e-02
<MEAN> 6
 6.317346e+01 4.586551e+02 1.146309e+02 -4.470890e-01 -5.169656e+00 -1.501684e+02
<VARIANCE> 6
 3.495032e+01 1.195217e+04 1.387160e+04 2.998198e+02 4.022584e+04 5.158639e+07
<GCONST> 6.757167e+01
<MIXTURE> 3 5.711861e-02
<MEAN> 6
 6.078420e+01 8.112813e+01 -2.072425e+01 -3.611978e-01 -5.617139e+00 -1.563935e+02
<VARIANCE> 6
 3.185104e+01 1.195217e+04 1.387160e+04 2.998198e+02 4.022584e+04 5.158639e+07
<GCONST> 6.747881e+01
<MIXTURE> 4 5.525827e-02
<MEAN> 6
 7.513125e+01 1.005754e+03 -4.762372e+01 -2.961505e+00 1.459890e+00 5.990905e+01
<VARIANCE> 6
 3.185104e+01 4.996901e+04 7.212564e+04 2.998198e+02 4.022584e+04 5.158639e+07
<GCONST> 7.055787e+01
<MIXTURE> 5 4.750052e-02
<MEAN> 6
 6.839557e+01 -6.604973e+02 -1.399948e+02 -3.402019e+00 -6.379517e-01 5.861648e+01
<VARIANCE> 6
 3.185104e+01 7.995384e+04 1.387160e+04 2.998198e+02 4.022584e+04 5.158639e+07
<GCONST> 6.937935e+01
<MIXTURE> 6 4.948922e-02
<MEAN> 6
 5.460686e+01 8.365526e+02 -4.016756e+00 1.653515e+00 3.482419e+00 -1.153501e+02
<VARIANCE> 6
 3.185104e+01 1.195217e+04 1.387160e+04 2.998198e+02 4.022584e+04 5.158639e+07
<GCONST> 6.747881e+01
<MIXTURE> 7 6.543806e-02
<MEAN> 6
 5.913503e+01 2.432509e+01 -9.876415e+01 -1.872344e-02 -3.733702e+00 -1.520391e+02
<VARIANCE> 6
 3.185104e+01 1.195217e+04 1.387160e+04 2.998198e+02 4.022584e+04 5.158639e+07
<GCONST> 6.747881e+01
<MIXTURE> 8 1.383030e-01
<MEAN> 6
 7.743704e+01 1.745282e+01 -1.317359e+02 -1.419495e+00 -6.249610e+00 -2.389782e+01
<VARIANCE> 6
 3.185104e+01 9.276476e+04 4.143301e+04 2.998198e+02 4.022584e+04 5.158639e+07
<GCONST> 7.062220e+01
<MIXTURE> 9 7.034810e-02
<MEAN> 6
 7.478764e+01 1.096130e+03 -4.966543e+02 -2.491335e+00 1.986671e+00 8.303247e+01
<VARIANCE> 6
 3.185104e+01 3.944472e+05 5.451078e+04 2.998198e+02 4.022584e+04 5.158639e+07
<GCONST> 7.234394e+01
<MIXTURE> 10 7.902565e-02
<MEAN> 6
 6.080127e+01 4.824852e+02 1.033777e+02 -2.180660e-01 -1.096303e+00 -1.232564e+02
<VARIANCE> 6
 3.185104e+01 1.195217e+04 1.387160e+04 2.998198e+02 4.022584e+04 5.158639e+07
<GCONST> 6.747881e+01
<MIXTURE> 11 8.434036e-02
<MEAN> 6
 7.943980e+01 4.210953e+02 6.081800e+01 -2.398506e+00 -7.156289e+00 3.209693e+01
<VARIANCE> 6
 3.185104e+01 1.360748e+05 9.593838e+04 2.998198e+02 4.022584e+04 5.158639e+07
<GCONST> 7.184497e+01
<MIXTURE> 12 3.573032e-02
<MEAN> 6
 7.850718e+01 2.833608e+02 6.568437e+01 -2.615658e+00 -8.125009e+00 9.467711e+01
<VARIANCE> 6
 3.185104e+01 1.186378e+05 2.909039e+05 2.998198e+02 4.022584e+04 5.158639e+07
<GCONST> 7.281712e+01
<MIXTURE> 13 6.549679e-02
<MEAN> 6
 5.869361e+01 2.130537e+01 -1.108759e+02 7.605558e-02 -3.479101e+00 -1.493760e+02
<VARIANCE> 6
 3.185104e+01 1.195217e+04 1.387160e+04 2.998198e+02 4.022584e+04 5.158639e+07
<GCONST> 6.747881e+01
<MIXTURE> 14 5.881804e-02
<MEAN> 6
 5.922925e+01 2.534811e+01 -9.592093e+01 -3.920397e-02 -3.791273e+00 -1.525434e+02
<VARIANCE> 6
 3.185104e+01 1.195217e+04 1.387160e+04 2.998198e+02 4.022584e+04 5.158639e+07
<GCONST> 6.747881e+01
<MIXTURE> 15 5.351856e-02
<MEAN> 6
 7.534358e+01 8.909166e+02 -2.621978e+02 -2.120520e+00 -6.817527e+00 1.028654e+02
<VARIANCE> 6
 3.185104e+01 9.166086e+04 1.061086e+05 2.998198e+02 4.022584e+04 5.158639e+07
<GCONST> 7.155062e+01
<STATE> 11
<NUMMIXES> 15
<MIXTURE> 1 2.349032e-02
<MEAN> 6
 -4.315650e+01 3.293722e+01 7.083795e+01 -8.971441e+01 1.352853e+03 3.871847e+03
<VARIANCE> 6
 2.420577e+02 1.430481e+05 5.252283e+05 1.883012e+04 5.235507e+05 4.257227e+08
<GCONST> 8.443987e+01
<MIXTURE> 2 3.545301e-02
<MEAN> 6
 8.049934e+01 -8.653511e+01 -4.472408e+01 4.122072e+01 -1.015518e+03 -3.358223e+03
<VARIANCE> 6
 1.968755e+02 2.808691e+05 5.409268e+04 1.274092e+04 7.923595e+05 3.607901e+08
<GCONST> 8.249309e+01
<MIXTURE> 3 6.226675e-02
<MEAN> 6
 5.913736e+01 6.449922e+01 3.576827e+01 5.195307e+01 -2.325022e+02 -3.034521e+02
<VARIANCE> 6
 9.992908e+01 1.350824e+05 3.414026e+04 7.303243e+03 5.066202e+04 5.158639e+07
<GCONST> 7.537137e+01
<MIXTURE> 4 1.026197e-01
<MEAN> 6
 6.941418e+01 -1.639538e+02 1.914752e+01 -6.368445e+00 -3.789142e+01 6.120821e+01
<VARIANCE> 6
 5.110270e+01 1.778885e+05 4.505486e+04 2.998198e+02 4.022584e+04 5.158639e+07
<GCONST> 7.182986e+01
<MIXTURE> 5 7.719336e-02
<MEAN> 6
 4.542866e+00 -2.367309e+01 1.276135e+02 -1.542565e+02 1.505397e+02 -2.844478e+02
<VARIANCE> 6
 5.637332e+02 2.524044e+05 8.362928e+04 2.454134e+03 1.652977e+05 8.341689e+07
<GCONST> 7.919518e+01
<MIXTURE> 6 3.912985e-02
<MEAN> 6
 2.228917e-01 3.409628e+01 6.092154e+01 2.375476e+02 -4.906042e+01 -7.979753e+03
<VARIANCE> 6
 4.713885e+02 7.089199e+04 7.654967e+04 3.033763e+03 2.628132e+05 1.564382e+08
<GCONST> 7.896248e+01
<MIXTURE> 7 4.691165e-02
<MEAN> 6
 7.830531e+01 -7.085303e+02 -6.338708e+01 -1.231125e+01 -4.039227e+02 5.990176e+02
<VARIANCE> 6
 1.806754e+02 8.182746e+05 1.445549e+05 4.222850e+03 1.164683e+05 5.158639e+07
<GCONST> 7.949274e+01
<MIXTURE> 8 9.642202e-02
<MEAN> 6
 -4.587727e+01 2.547057e+01 -2.486648e+01 2.429257e+01 8.942944e+02 -7.461509e+02
<VARIANCE> 6
 1.110459e+02 6.207359e+04 3.580354e+04 1.191624e+04 1.727939e+05 8.431612e+07
<GCONST> 7.695468e+01
<MIXTURE> 9 6.433682e-02
<MEAN> 6
 1.733287e+01 1.160459e+02 1.246464e+02 1.483946e+02 -3.405619e+01 -4.273314e+02
<VARIANCE> 6
 3.807198e+02 1.258845e+05 6.925241e+04 1.561038e+03 6.529339e+04 5.158639e+07
<GCONST> 7.605648e+01
<MIXTURE> 10 8.206740e-02
<MEAN> 6
 -2.026757e+01 -6.579231e+01 1.162952e+01 1.919416e+01 1.702177e+02 -9.752836e+02
<VARIANCE> 6
 1.262303e+02 5.340982e+04 1.464714e+04 1.356047e+04 8.871878e+04 5.158639e+07
<GCONST> 7.501003e+01
<MIXTURE> 11 7.802521e-02
<MEAN> 6
 -3.723481e+01 1.025234e+02 -7.857512e+01 8.118982e+00 2.778316e+02 5.857655e+01
<VARIANCE> 6
 1.329181e+02 1.211186e+05 1.021320e+05 2.649665e+03 5.566337e+04 5.158639e+07
<GCONST> 7.572357e+01
<MIXTURE> 12 8.473270e-02
<MEAN> 6
 6.267939e+01 6.726106e+00 2.508617e+01 -7.683027e+01 -7.218503e+02 8.193469e+01
<VARIANCE> 6
 1.866036e+02 9.391596e+04 1.387160e+04 1.177772e+04 1.452582e+05 5.158639e+07
<GCONST> 7.626301e+01
<MIXTURE> 13 7.863456e-02
<MEAN> 6
 1.226917e+01 5.840685e+01 8.589584e+01 -2.271259e+02 -4.048442e+01 7.770159e+03
<VARIANCE> 6
 5.694390e+02 8.034559e+04 2.700767e+04 3.587358e+03 3.437007e+05 1.826547e+08
<GCONST> 7.882569e+01
<MIXTURE> 14 6.756073e-02
<MEAN> 6
 2.262024e+01 -2.227426e+02 -1.294333e+02 1.333184e+02 -3.289370e+01 -5.289097e+02
<VARIANCE> 6
 4.623580e+02 1.208566e+05 5.250788e+04 1.607616e+03 4.509943e+04 5.158639e+07
<GCONST> 7.559258e+01
<MIXTURE> 15 6.094959e-02
<MEAN> 6
 5.510431e+01 -6.189507e+01 -7.751201e+01 4.409414e+01 -3.430904e+02 -5.314443e+02
<VARIANCE> 6
 1.004283e+02 6.442951e+04 7.375733e+04 1.175226e+04 5.421304e+04 5.158639e+07
<GCONST> 7.594981e+01
<TRANSP> 12
 0.000000e+00 1.000000e+00 0.000000e+00 0.000000e+00 0.000000e+00 0.000000e+00 0.000000e+00 0.000000e+00 0.000000e+00 0.000000e+00 0.000000e+00 0.000000e+00
 0.000000e+00 9.984953e-01 1.504734e-03 0.000000e+00 0.000000e+00 0.000000e+00 0.000000e+00 0.000000e+00 0.000000e+00 0.000000e+00 0.000000e+00 0.000000e+00
 0.000000e+00 0.000000e+00 9.991847e-01 8.153266e-04 0.000000e+00 0.000000e+00 0.000000e+00 0.000000e+00 0.000000e+00 0.000000e+00 0.000000e+00 0.000000e+00
 0.000000e+00 0.000000e+00 0.000000e+00 9.992462e-01 7.538165e-04 0.000000e+00 0.000000e+00 0.000000e+00 0.000000e+00 0.000000e+00 0.000000e+00 0.000000e+00
 0.000000e+00 0.000000e+00 0.000000e+00 0.000000e+00 9.994732e-01 5.267333e-04 0.000000e+00 0.000000e+00 0.000000e+00 0.000000e+00 0.000000e+00 0.000000e+00
 0.000000e+00 0.000000e+00 0.000000e+00 0.000000e+00 0.000000e+00 9.998971e-01 1.029549e-04 0.000000e+00 0.000000e+00 0.000000e+00 0.000000e+00 0.000000e+00
 0.000000e+00 0.000000e+00 0.000000e+00 0.000000e+00 0.000000e+00 0.000000e+00 9.985446e-01 1.455329e-03 0.000000e+00 0.000000e+00 0.000000e+00 0.000000e+00
 0.000000e+00 0.000000e+00 0.000000e+00 0.000000e+00 0.000000e+00 0.000000e+00 0.000000e+00 9.997556e-01 2.443230e-04 0.000000e+00 0.000000e+00 0.000000e+00
 0.000000e+00 0.000000e+00 0.000000e+00 0.000000e+00 0.000000e+00 0.000000e+00 0.000000e+00 0.000000e+00 9.989156e-01 1.084422e-03 0.000000e+00 0.000000e+00
 0.000000e+00 0.000000e+00 0.000000e+00 0.000000e+00 0.000000e+00 0.000000e+00 0.000000e+00 0.000000e+00 0.000000e+00 9.991490e-01 8.509866e-04 0.000000e+00
 0.000000e+00 0.000000e+00 0.000000e+00 0.000000e+00 0.000000e+00 0.000000e+00 0.000000e+00 0.000000e+00 0.000000e+00 0.000000e+00 9.998239e-01 1.761483e-04
 0.000000e+00 0.000000e+00 0.000000e+00 0.000000e+00 0.000000e+00 0.000000e+00 0.000000e+00 0.000000e+00 0.000000e+00 0.000000e+00 0.000000e+00 0.000000e+00
<ENDHMM>
~h "QuintoPRIMARIA"
<BEGINHMM>
<NUMSTATES> 12
<STATE> 2
<NUMMIXES> 15
<MIXTURE> 1 8.401630e-02
<MEAN> 6
 9.264584e+01 3.725390e+02 3.628962e+02 -3.224478e+00 -4.143664e+01 -1.809614e+02
<VARIANCE> 6
 5.997291e+01 1.747999e+05 4.129088e+06 2.998198e+02 4.022584e+04 5.158639e+07
<GCONST> 7.649033e+01
<MIXTURE> 2 3.947134e-02
<MEAN> 6
 5.090753e+01 1.470688e+02 -1.322312e+03 4.996745e+00 -7.288910e+02 -8.736464e+01
<VARIANCE> 6
 2.530087e+03 3.024259e+06 1.100422e+07 5.287959e+04 2.936725e+06 1.555620e+09
<GCONST> 9.693295e+01
<MIXTURE> 3 6.640121e-02
<MEAN> 6
 -1.818148e+01 -3.855851e+02 2.749916e+02 2.515112e+02 4.744536e+02 -5.412479e+03
<VARIANCE> 6
 3.333447e+02 3.284951e+05 1.907908e+06 3.975409e+03 2.061378e+05 5.158639e+07
<GCONST> 8.228318e+01
<MIXTURE> 4 1.035166e-01
<MEAN> 6
 -5.968177e+01 -1.617621e+02 -1.891143e+01 5.179048e+01 6.282698e+02 3.670021e+02
<VARIANCE> 6
 1.642038e+02 3.294689e+05 2.206781e+06 8.894092e+03 1.264546e+05 5.158639e+07
<GCONST> 8.204020e+01
<MIXTURE> 5 8.318336e-02
<MEAN> 6
 4.021863e+01 -3.006121e+02 4.539282e+02 1.781379e+02 -4.516113e+02 -1.404686e+03
<VARIANCE> 6
 3.853291e+02 2.224479e+05 1.989477e+06 1.125380e+04 8.445119e+04 5.158639e+07
<GCONST> 8.222835e+01
<MIXTURE> 6 5.383390e-02
<MEAN> 6
 6.068772e+01 -3.775224e+02 -5.657629e+02 2.262600e+00 -2.845076e+01 -1.032251e+02
<VARIANCE> 6
 7.236824e+01 8.191016e+04 1.338094e+06 2.998198e+02 4.022584e+04 5.158639e+07
<GCONST> 7.479338e+01
<MIXTURE> 7 6.699725e-02
<MEAN> 6
 -6.569927e+00 -1.691636e+02 -1.366286e+03 -2.978791e+02 1.484843e+02 1.156615e+04
<VARIANCE> 6
 8.018542e+02 6.076191e+05 9.208610e+06 6.615801e+03 8.276088e+05 3.324265e+08
<GCONST> 8.911259e+01
<MIXTURE> 8 7.596808e-02
<MEAN> 6
 5.932264e+01 4.542566e+02 -8.322175e+02 1.209739e+00 -2.471126e+01 -1.144401e+02
<VARIANCE> 6
 6.464409e+01 1.627496e+05 7.650276e+06 2.998198e+02 4.022584e+04 5.158639e+07
<GCONST> 7.711060e+01
<MIXTURE> 9 6.960703e-02
<MEAN> 6
 7.453934e+01 3.099888e+02 8.394148e+01 -4.664980e+00 -5.032968e+02 -5.811585e+01
<VARIANCE> 6
 3.042703e+02 8.744042e+05 5.768424e+06 1.275314e+04 2.392810e+05 8.980141e+07
<GCONST> 8.614642e+01
<MIXTURE> 10 6.600594e-02
<MEAN> 6
 -6.610509e+01 -1.235958e+02 -2.274257e+02 2.546474e+00 1.003024e+02 3.878362e+02
<VARIANCE> 6
 1.865904e+02 8.309019e+04 2.173959e+06 3.621455e+02 4.829488e+04 5.158639e+07
<GCONST> 7.661182e+01
<MIXTURE> 11 5.097582e-02
<MEAN> 6
 7.888698e+01 -5.161489e+01 2.414102e+03 4.352674e-01 -2.571140e+01 -2.286713e+02
<VARIANCE> 6
 4.941863e+01 2.404648e+05 1.207116e+06 2.998198e+02 4.022584e+04 5.158639e+07
<GCONST> 7.538588e+01
<MIXTURE> 12 6.490721e-02
<MEAN> 6
 1.222785e+01 -1.645716e+02 2.270921e+02 -9.394900e+01 -1.446569e+02 -5.774948e+02
<VARIANCE> 6
 8.004775e+02 9.339225e+04 3.104840e+06 2.375690e+04 1.244064e+05 5.158639e+07
<GCONST> 8.367121e+01
<MIXTURE> 13 5.234504e-02
<MEAN> 6
 -6.131116e+01 -3.898569e+02 -6.219896e+02 -8.408954e+01 1.516087e+03 -4.706139e+03
<VARIANCE> 6
 1.861986e+02 3.571204e+05 3.022056e+06 1.665765e+04 7.463297e+05 4.385921e+08
<GCONST> 8.710397e+01
<MIXTURE> 14 7.318547e-02
<MEAN> 6
 6.965067e+01 -8.574495e+01 -3.966758e+02 -8.007149e+01 -9.878715e+02 -3.886873e+02
<VARIANCE> 6
 4.672814e+02 3.060686e+05 1.475187e+06 2.674874e+04 3.035035e+05 1.565583e+08
<GCONST> 8.569638e+01
<MIXTURE> 15 4.931997e-02
<MEAN> 6
 5.849516e+01 -6.348085e+02 -2.139977e+02 1.313817e+00 -1.847083e+01 -9.378445e+01
<VARIANCE> 6
 8.563419e+01 2.393400e+05 1.007350e+06 2.998198e+02 4.022584e+04 5.158639e+07
<GCONST> 7.575004e+01
<STATE> 3
<NUMMIXES> 15
<MIXTURE> 1 9.498212e-02
<MEAN> 6
 5.661436e+01 -7.567671e+00 -6.820339e+01 3.152787e-02 -6.013721e+00 -1.837021e+02
<VARIANCE> 6
 3.185104e+01 1.763255e+04 1.387160e+04 2.998198e+02 4.022584e+04 5.158639e+07
<GCONST> 6.786765e+01
<MIXTURE> 2 1.348476e-03
<MEAN> 6
 6.508496e+01 5.925941e+02 3.381761e+02 8.980128e-01 4.535678e+01 2.918754e+03
<VARIANCE> 6
 8.150152e+02 1.359292e+06 1.229066e+06 4.144053e+02 1.675182e+05 5.531369e+07
<GCONST> 8.175893e+01
<MIXTURE> 3 1.172538e-01
<MEAN> 6
 6.396090e+01 -1.771563e+01 -3.927794e+02 4.010780e-02 -3.783065e+00 -1.094597e+02
<VARIANCE> 6
 3.185104e+01 1.249965e+04 1.387160e+04 2.998198e+02 4.022584e+04 5.158639e+07
<GCONST> 6.752361e+01
<MIXTURE> 4 5.826855e-02
<MEAN> 6
 6.017239e+01 2.460773e+02 -1.755757e+02 -5.344469e-02 -9.213345e-01 -6.240683e+01
<VARIANCE> 6
 3.353642e+01 1.195217e+04 1.387160e+04 2.998198e+02 4.022584e+04 5.158639e+07
<GCONST> 6.753037e+01
<MIXTURE> 5 7.619180e-02
<MEAN> 6
 6.995876e+01 -1.597654e+02 -1.761592e+02 -7.672327e-01 -6.491441e+00 -4.835929e+01
<VARIANCE> 6
 3.185104e+01 1.195217e+04 1.387160e+04 2.998198e+02 4.022584e+04 5.158639e+07
<GCONST> 6.747881e+01
<MIXTURE> 6 5.198047e-02
<MEAN> 6
 6.355175e+01 1.545526e+02 -6.683244e+02 -3.345937e-01 -5.499437e+00 -1.445575e+02
<VARIANCE> 6
 3.185104e+01 1.195217e+04 1.387160e+04 2.998198e+02 4.022584e+04 5.158639e+07
<GCONST> 6.747881e+01
<MIXTURE> 7 8.466763e-02
<MEAN> 6
 6.157778e+01 -2.198481e+02 -2.643647e+02 1.618455e-01 -4.231621e+00 -1.261245e+02
<VARIANCE> 6
 3.185104e+01 1.195217e+04 1.387160e+04 2.998198e+02 4.022584e+04 5.158639e+07
<GCONST> 6.747881e+01
<MIXTURE> 8 6.251965e-02
<MEAN> 6
 6.172011e+01 -1.716326e+02 -6.769697e+02 -6.684565e-01 -4.068000e+00 -1.414910e+02
<VARIANCE> 6
 3.185104e+01 1.195217e+04 1.387160e+04 2.998198e+02 4.022584e+04 5.158639e+07
<GCONST> 6.747881e+01
<MIXTURE> 9 2.181923e-02
<MEAN> 6
 5.681561e+01 3.373919e+01 -5.892255e+01 2.139463e-03 -6.179818e+00 -1.997985e+02
<VARIANCE> 6
 3.185104e+01 1.390492e+04 1.387160e+04 2.998198e+02 4.022584e+04 5.158639e+07
<GCONST> 6.763014e+01
<MIXTURE> 10 9.623155e-02
<MEAN> 6
 5.645381e+01 -4.351249e+01 -7.547267e+01 7.170419e-02 -5.499378e+00 -1.667136e+02
<VARIANCE> 6
 3.185104e+01 1.953518e+04 1.387160e+04 2.998198e+02 4.022584e+04 5.158639e+07
<GCONST> 6.797012e+01
<MIXTURE> 11 6.261210e-02
<MEAN> 6
 6.352765e+01 -6.106435e+01 -3.967504e+02 1.142529e-01 -3.489324e+00 -1.031786e+02
<VARIANCE> 6
 3.185104e+01 1.195217e+04 1.387160e+04 2.998198e+02 4.022584e+04 5.158639e+07
<GCONST> 6.747881e+01
<MIXTURE> 12 8.714493e-02
<MEAN> 6
 6.140872e+01 -2.235758e+02 -2.609780e+02 1.543700e-01 -4.176083e+00 -1.243340e+02
<VARIANCE> 6
 3.185104e+01 1.195217e+04 1.387160e+04 2.998198e+02 4.022584e+04 5.158639e+07
<GCONST> 6.747881e+01
<MIXTURE> 13 6.288180e-02
<MEAN> 6
 6.171875e+01 -1.716853e+02 -6.771081e+02 -6.683345e-01 -4.049131e+00 -1.414236e+02
<VARIANCE> 6
 3.185104e+01 1.195217e+04 1.387160e+04 2.998198e+02 4.022584e+04 5.158639e+07
<GCONST> 6.747881e+01
<MIXTURE> 14 6.376550e-02
<MEAN> 6
 6.326088e+01 -8.640812e+01 -4.015881e+02 9.262959e-02 -3.441645e+00 -9.740998e+01
<VARIANCE> 6
 3.185104e+01 1.195217e+04 1.387160e+04 2.998198e+02 4.022584e+04 5.158639e+07
<GCONST> 6.747881e+01
<MIXTURE> 15 5.828334e-02
<MEAN> 6
 5.835675e+01 2.541953e+02 -1.711986e+02 -5.784755e-02 -4.657399e-01 -5.018020e+01
<VARIANCE> 6
 3.185104e+01 1.195217e+04 1.387160e+04 2.998198e+02 4.022584e+04 5.158639e+07
<GCONST> 6.747881e+01
<STATE> 4
<NUMMIXES> 15
<MIXTURE> 1 6.496244e-02
<MEAN> 6
 9.184949e+01 3.271686e+02 3.252796e+03 -4.216423e+00 2.539487e+01 2.476887e+02
<VARIANCE> 6
 3.185104e+01 1.195217e+04 1.387160e+04 4.293164e+02 1.024223e+05 7.075086e+07
<GCONST> 6.908833e+01
<MIXTURE> 2 5.004260e-02
<MEAN> 6
 8.209261e+01 -6.030656e+02 2.915871e+03 -1.837173e+00 -3.218750e+00 -1.162216e+02
<VARIANCE> 6
 3.185104e+01 1.195217e+04 1.387160e+04 2.998198e+02 4.022584e+04 5.158639e+07
<GCONST> 6.747881e+01
<MIXTURE> 3 7.540305e-02
<MEAN> 6
 8.461122e+01 -4.270071e+02 1.437801e+03 -3.911866e+00 1.412316e+00 7.875130e+00
<VARIANCE> 6
 3.185104e+01 1.195217e+04 1.387160e+04 2.998198e+02 4.022584e+04 5.158639e+07
<GCONST> 6.747881e+01
<MIXTURE> 4 6.319390e-02
<MEAN> 6
 1.000583e+02 -4.368716e+01 3.393696e+03 -4.756892e+00 6.821665e-01 2.244406e-01
<VARIANCE> 6
 3.185104e+01 1.195217e+04 1.387160e+04 2.998198e+02 4.022584e+04 5.158639e+07
<GCONST> 6.747881e+01
<MIXTURE> 5 5.399667e-02
<MEAN> 6
 7.453923e+01 -4.376414e+02 1.113732e+03 1.008119e-01 5.457741e-02 -7.531868e+00
<VARIANCE> 6
 3.185104e+01 1.195217e+04 1.387160e+04 2.998198e+02 4.022584e+04 5.158639e+07
<GCONST> 6.747881e+01
<MIXTURE> 6 6.311657e-02
<MEAN> 6
 5.953962e+01 -2.295487e+02 8.752053e+02 -4.240695e-01 -7.433845e+00 -9.302131e+01
<VARIANCE> 6
 3.185104e+01 1.195217e+04 1.387160e+04 2.998198e+02 4.022584e+04 5.158639e+07
<GCONST> 6.747881e+01
<MIXTURE> 7 5.660723e-02
<MEAN> 6
 9.464665e+01 5.925905e+02 2.193780e+03 3.874924e+00 -1.223205e+01 -7.730597e+01
<VARIANCE> 6
 3.185104e+01 1.195217e+04 1.717036e+04 2.998198e+02 4.022584e+04 5.158639e+07
<GCONST> 6.769215e+01
<MIXTURE> 8 1.105435e-01
<MEAN> 6
 7.432147e+01 -4.207269e+02 8.855208e+02 -9.627934e-01 -1.059963e+01 -8.947921e+01
<VARIANCE> 6
 3.185104e+01 1.195217e+04 1.387160e+04 2.998198e+02 4.022584e+04 5.158639e+07
<GCONST> 6.747881e+01
<MIXTURE> 9 8.125029e-02
<MEAN> 6
 5.811988e+01 2.156087e+01 3.064754e+03 -8.972807e+00 9.028107e+00 2.739001e+02
<VARIANCE> 6
 4.164335e+01 1.898990e+04 1.261770e+05 2.998198e+02 4.022584e+04 5.158639e+07
<GCONST> 7.041772e+01
<MIXTURE> 10 4.653228e-02
<MEAN> 6
 1.010212e+02 -1.857021e+01 2.282161e+03 -1.930954e+00 -1.735281e+00 -1.183164e+02
<VARIANCE> 6
 1.158865e+02 6.281752e+04 6.996752e+05 2.998198e+02 4.022584e+04 5.158639e+07
<GCONST> 7.435045e+01
<MIXTURE> 11 1.087768e-01
<MEAN> 6
 7.432152e+01 -4.207326e+02 8.854907e+02 -9.633788e-01 -1.060623e+01 -8.953165e+01
<VARIANCE> 6
 3.185104e+01 1.195217e+04 1.387160e+04 2.998198e+02 4.022584e+04 5.158639e+07
<GCONST> 6.747881e+01
<MIXTURE> 12 4.028642e-02
<MEAN> 6
 7.441061e+01 -4.220754e+02 9.589821e+02 -4.183569e-01 -4.405833e+00 -3.993916e+01
<VARIANCE> 6
 3.185104e+01 1.195217e+04 1.732014e+04 2.998198e+02 4.022584e+04 5.158639e+07
<GCONST> 6.770084e+01
<MIXTURE> 13 6.355143e-02
<MEAN> 6
 5.953955e+01 -2.295495e+02 8.752057e+02 -4.240704e-01 -7.433842e+00 -9.302193e+01
<VARIANCE> 6
 3.185104e+01 1.195217e+04 1.387160e+04 2.998198e+02 4.022584e+04 5.158639e+07
<GCONST> 6.747881e+01
<MIXTURE> 14 6.629871e-02
<MEAN> 6
 7.526104e+01 -8.233007e+02 3.287196e+03 -1.415931e+00 9.986983e-01 -1.212211e-01
<VARIANCE> 6
 3.185104e+01 1.195217e+04 1.444594e+04 2.998198e+02 4.022584e+04 5.158639e+07
<GCONST> 6.751939e+01
<MIXTURE> 15 5.542998e-02
<MEAN> 6
 8.777177e+01 3.838326e+02 1.928480e+03 -2.849072e+00 4.829217e+00 -5.064120e+01
<VARIANCE> 6
 3.185104e+01 1.195217e+04 1.387160e+04 2.998198e+02 4.022584e+04 5.158639e+07
<GCONST> 6.747881e+01
<STATE> 5
<NUMMIXES> 15
<MIXTURE> 1 1.017633e-01
<MEAN> 6
 7.975340e+01 -3.703210e+02 2.883592e+02 -3.186174e-01 2.875817e-01 -2.547144e+01
<VARIANCE> 6
 3.185104e+01 1.195217e+04 1.387160e+04 2.998198e+02 4.022584e+04 5.158639e+07
<GCONST> 6.747881e+01
<MIXTURE> 2 8.432035e-02
<MEAN> 6
 7.343176e+01 -8.083801e+02 -2.141022e+01 1.039770e+00 -6.304772e-01 -1.256566e+02
<VARIANCE> 6
 3.185104e+01 1.195217e+04 1.387160e+04 2.998198e+02 4.022584e+04 5.158639e+07
<GCONST> 6.747881e+01
<MIXTURE> 3 4.060259e-02
<MEAN> 6
 3.440070e+01 -4.940612e+02 6.615169e+01 8.798942e+00 -3.724837e+00 -1.519178e+02
<VARIANCE> 6
 5.139943e+01 1.195217e+04 3.507239e+04 2.998198e+02 4.022584e+04 5.158639e+07
<GCONST> 6.888494e+01
<MIXTURE> 4 3.757287e-02
<MEAN> 6
 9.214665e+01 -1.546597e+03 -1.513168e+03 3.836074e+00 -3.519915e+01 1.049079e+02
<VARIANCE> 6
 3.696476e+01 1.195217e+04 7.413975e+04 5.070776e+02 4.022584e+04 5.158639e+07
<GCONST> 6.982930e+01
<MIXTURE> 5 1.093701e-03
<MEAN> 6
 6.950388e+01 2.369901e+02 9.783451e+01 -5.966320e+00 -1.777809e+02 1.505468e+02
<VARIANCE> 6
 1.119113e+03 4.416732e+05 1.710996e+06 6.668829e+02 2.143617e+05 1.072789e+08
<GCONST> 8.266744e+01
<MIXTURE> 6 7.047405e-02
<MEAN> 6
 5.957152e+01 -1.113004e+03 4.750802e+02 4.811452e+00 -7.052071e+00 3.902139e+00
<VARIANCE> 6
 3.185104e+01 1.195217e+04 1.387160e+04 2.998198e+02 4.022584e+04 5.158639e+07
<GCONST> 6.747881e+01
<MIXTURE> 7 6.922437e-02
<MEAN> 6
 7.020784e+01 -3.405622e+02 -5.867465e+02 -3.410532e-01 -1.926954e+01 -1.043547e+02
<VARIANCE> 6
 3.185104e+01 1.195217e+04 1.387160e+04 2.998198e+02 4.022584e+04 5.158639e+07
<GCONST> 6.747881e+01
<MIXTURE> 8 7.839890e-02
<MEAN> 6
 7.070344e+01 -1.059569e+03 -3.976451e+02 8.316448e-01 -1.087900e+01 -1.876702e+01
<VARIANCE> 6
 3.185104e+01 1.420526e+04 1.387160e+04 2.998198e+02 4.022584e+04 5.158639e+07
<GCONST> 6.765151e+01
<MIXTURE> 9 7.897945e-02
<MEAN> 6
 7.201272e+01 -5.922664e+02 1.642406e+02 -4.546364e-01 -5.583185e+00 -1.268417e+02
<VARIANCE> 6
 3.185104e+01 1.195217e+04 1.387160e+04 2.998198e+02 4.022584e+04 5.158639e+07
<GCONST> 6.747881e+01
<MIXTURE> 10 1.069904e-01
<MEAN> 6
 7.410350e+01 -1.459443e+03 -7.699655e+02 -1.534254e+00 -3.866038e+00 -8.993141e+01
<VARIANCE> 6
 3.185104e+01 3.450791e+04 4.621300e+04 2.998198e+02 4.022584e+04 5.158639e+07
<GCONST> 6.974251e+01
<MIXTURE> 11 7.885117e-02
<MEAN> 6
 7.201272e+01 -5.922663e+02 1.642406e+02 -4.546364e-01 -5.583194e+00 -1.268414e+02
<VARIANCE> 6
 3.185104e+01 1.195217e+04 1.387160e+04 2.998198e+02 4.022584e+04 5.158639e+07
<GCONST> 6.747881e+01
<MIXTURE> 12 6.137523e-02
<MEAN> 6
 7.301464e+01 -1.284135e+03 1.272335e+01 -2.611200e-01 -1.162599e+01 -2.272456e+02
<VARIANCE> 6
 3.185104e+01 1.195217e+04 3.180220e+04 2.998198e+02 4.022584e+04 5.158639e+07
<GCONST> 6.830851e+01
<MIXTURE> 13 8.585795e-02
<MEAN> 6
 7.314300e+01 -8.294674e+02 3.400120e+00 1.048934e+00 6.837330e-01 -1.166081e+02
<VARIANCE> 6
 3.185104e+01 1.195217e+04 1.387160e+04 2.998198e+02 4.022584e+04 5.158639e+07
<GCONST> 6.747881e+01
<MIXTURE> 14 4.438291e-02
<MEAN> 6
 7.018684e+01 -6.370280e+02 -5.734518e+02 -4.663009e-01 -2.350986e+01 1.009171e+02
<VARIANCE> 6
 3.185104e+01 5.922404e+04 1.387160e+04 2.998198e+02 4.022584e+04 5.158639e+07
<GCONST> 6.907923e+01
<MIXTURE> 15 6.009233e-02
<MEAN> 6
 7.380576e+01 -1.332746e+03 -1.287775e+02 4.792383e-01 -4.462928e+00 -1.061802e+02
<VARIANCE> 6
 3.185104e+01 1.195217e+04 2.443170e+04 2.998198e+02 4.022584e+04 5.158639e+07
<GCONST> 6.804485e+01
<STATE> 6
<NUMMIXES> 15
<MIXTURE> 1 6.100178e-02
<MEAN> 6
 7.872392e+01 6.323313e+00 4.895504e+02 -1.331835e+00 -2.052152e+00 -2.467681e+02
<VARIANCE> 6
 3.185104e+01 1.195217e+04 1.387160e+04 2.998198e+02 4.022584e+04 5.158639e+07
<GCONST> 6.747881e+01
<MIXTURE> 2 7.616390e-02
<MEAN> 6
 7.996162e+01 3.601602e+02 2.402964e+02 -3.416528e-01 3.320650e+00 -1.078352e+02
<VARIANCE> 6
 3.185104e+01 1.195217e+04 1.387160e+04 2.998198e+02 4.022584e+04 5.158639e+07
<GCONST> 6.747881e+01
<MIXTURE> 3 1.375578e-02
<MEAN> 6
 7.148297e+01 1.364354e+02 5.790034e+01 -5.648363e+01 -3.549416e+01 7.202112e+03
<VARIANCE> 6
 3.043781e+02 1.277370e+05 1.772694e+05 1.461181e+03 6.266121e+05 2.031208e+08
<GCONST> 8.035308e+01
<MIXTURE> 4 5.001212e-02
<MEAN> 6
 7.474395e+01 1.854812e+02 7.064700e+01 1.318103e+00 -6.093259e+00 -2.555736e+02
<VARIANCE> 6
 3.185104e+01 1.195217e+04 1.387160e+04 2.998198e+02 4.022584e+04 5.158639e+07
<GCONST> 6.747881e+01
<MIXTURE> 5 9.603320e-02
<MEAN> 6
 7.468614e+01 1.861872e+02 7.027779e+01 1.314400e+00 -5.994009e+00 -2.530509e+02
<VARIANCE> 6
 3.185104e+01 1.195217e+04 1.387160e+04 2.998198e+02 4.022584e+04 5.158639e+07
<GCONST> 6.747881e+01
<MIXTURE> 6 5.869285e-02
<MEAN> 6
 5.476414e+01 -4.384553e+00 4.481571e+02 -1.496780e-01 -2.460564e+00 -1.344342e+02
<VARIANCE> 6
 3.185104e+01 1.195217e+04 1.387160e+04 2.998198e+02 4.022584e+04 5.158639e+07
<GCONST> 6.747881e+01
<MIXTURE> 7 7.550868e-02
<MEAN> 6
 5.729921e+01 5.553786e+01 2.637904e+02 6.279610e-01 -4.955115e+00 -2.320157e+02
<VARIANCE> 6
 3.185104e+01 1.195217e+04 1.387160e+04 2.998198e+02 4.022584e+04 5.158639e+07
<GCONST> 6.747881e+01
<MIXTURE> 8 6.512696e-02
<MEAN> 6
 6.308328e+01 -1.903083e+02 1.277363e+02 6.161489e-01 -4.981580e+00 -2.452705e+02
<VARIANCE> 6
 3.185104e+01 2.082219e+04 1.387160e+04 2.998198e+02 4.022584e+04 5.158639e+07
<GCONST> 6.803392e+01
<MIXTURE> 9 5.244343e-02
<MEAN> 6
 5.697597e+01 4.577456e+01 2.958432e+02 4.030656e-01 -3.569525e+00 -1.910750e+02
<VARIANCE> 6
 3.185104e+01 1.195217e+04 1.387160e+04 2.998198e+02 4.022584e+04 5.158639e+07
<GCONST> 6.747881e+01
<MIXTURE> 10 9.628583e-02
<MEAN> 6
 7.468531e+01 1.862055e+02 7.027438e+01 1.314273e+00 -5.991790e+00 -2.530126e+02
<VARIANCE> 6
 3.185104e+01 1.195217e+04 1.387160e+04 2.998198e+02 4.022584e+04 5.158639e+07
<GCONST> 6.747881e+01
<MIXTURE> 11 1.143618e-01
<MEAN> 6
 6.100702e+01 -8.760147e+01 1.560033e+02 -1.637027e-01 -1.075059e+01 -2.541208e+02
<VARIANCE> 6
 3.185104e+01 1.195217e+04 1.387160e+04 2.998198e+02 4.022584e+04 5.158639e+07
<GCONST> 6.747881e+01
<MIXTURE> 12 7.936361e-02
<MEAN> 6
 5.719422e+01 3.852517e+01 2.605526e+02 6.875226e-01 -4.862519e+00 -2.382668e+02
<VARIANCE> 6
 3.185104e+01 1.195217e+04 1.387160e+04 2.998198e+02 4.022584e+04 5.158639e+07
<GCONST> 6.747881e+01
<MIXTURE> 13 5.777436e-02
<MEAN> 6
 5.479683e+01 -3.743818e+00 4.463522e+02 -1.470704e-01 -2.439503e+00 -1.344299e+02
<VARIANCE> 6
 3.185104e+01 1.195217e+04 1.387160e+04 2.998198e+02 4.022584e+04 5.158639e+07
<GCONST> 6.747881e+01
<MIXTURE> 14 5.032237e-02
<MEAN> 6
 7.468303e+01 1.860343e+02 7.018542e+01 1.316194e+00 -6.007836e+00 -2.529688e+02
<VARIANCE> 6
 3.185104e+01 1.195217e+04 1.387160e+04 2.998198e+02 4.022584e+04 5.158639e+07
<GCONST> 6.747881e+01
<MIXTURE> 15 5.306762e-02
<MEAN> 6
 5.706780e+01 3.099006e+01 2.691254e+02 6.480923e-01 -4.306498e+00 -2.292834e+02
<VARIANCE> 6
 3.185104e+01 1.195217e+04 1.387160e+04 2.998198e+02 4.022584e+04 5.158639e+07
<GCONST> 6.747881e+01
<STATE> 7
<NUMMIXES> 15
<MIXTURE> 1 4.186534e-03
<MEAN> 6
 7.592502e+01 2.250901e+02 -2.961645e+02 2.498869e+00 2.131379e+02 -8.233077e+03
<VARIANCE> 6
 3.608801e+02 3.154408e+05 6.355508e+05 5.096525e+02 3.673597e+05 9.049126e+07
<GCONST> 8.030837e+01
<MIXTURE> 2 8.496486e-02
<MEAN> 6
 8.497070e+01 -1.243364e+02 -2.198541e+01 1.431421e-01 9.122797e-01 -6.841051e+01
<VARIANCE> 6
 3.185104e+01 1.195217e+04 1.387160e+04 2.998198e+02 4.022584e+04 5.158639e+07
<GCONST> 6.747881e+01
<MIXTURE> 3 5.771422e-02
<MEAN> 6
 9.945972e+01 -5.007128e+02 -5.429587e+02 -1.415141e+00 -2.261641e+00 -6.184010e+01
<VARIANCE> 6
 3.306109e+01 1.195217e+04 1.387160e+04 2.998198e+02 4.022584e+04 5.158639e+07
<GCONST> 6.751610e+01
<MIXTURE> 4 8.476125e-02
<MEAN> 6
 8.487489e+01 3.900638e+01 -2.095515e+02 5.510846e-01 -8.243910e+00 -2.607939e+01
<VARIANCE> 6
 3.185104e+01 1.195217e+04 1.387160e+04 2.998198e+02 4.022584e+04 5.158639e+07
<GCONST> 6.747881e+01
<MIXTURE> 5 6.530972e-02
<MEAN> 6
 8.157555e+01 -1.701766e+02 -2.858123e+02 1.750078e-01 -5.068924e+00 -2.346640e+01
<VARIANCE> 6
 3.185104e+01 1.195217e+04 1.387160e+04 2.998198e+02 4.022584e+04 5.158639e+07
<GCONST> 6.747881e+01
<MIXTURE> 6 8.769967e-02
<MEAN> 6
 8.485252e+01 3.807016e+01 -2.100505e+02 5.475894e-01 -8.124275e+00 -2.623543e+01
<VARIANCE> 6
 3.185104e+01 1.195217e+04 1.387160e+04 2.998198e+02 4.022584e+04 5.158639e+07
<GCONST> 6.747881e+01
<MIXTURE> 7 5.390164e-02
<MEAN> 6
 8.505170e+01 -1.106387e+02 -2.097583e+01 1.213613e-01 8.619769e-01 -6.224748e+01
<VARIANCE> 6
 3.185104e+01 1.195217e+04 1.387160e+04 2.998198e+02 4.022584e+04 5.158639e+07
<GCONST> 6.747881e+01
<MIXTURE> 8 5.963022e-02
<MEAN> 6
 9.720317e+01 -4.992184e+02 -5.424689e+02 -8.772656e-01 -2.708137e+00 -8.945941e+01
<VARIANCE> 6
 3.185104e+01 1.195217e+04 1.387160e+04 2.998198e+02 4.022584e+04 5.158639e+07
<GCONST> 6.747881e+01
<MIXTURE> 9 7.396813e-02
<MEAN> 6
 8.156413e+01 -1.827807e+02 -2.887343e+02 2.006508e-01 -4.770047e+00 -1.835111e+01
<VARIANCE> 6
 3.185104e+01 1.195217e+04 1.387160e+04 2.998198e+02 4.022584e+04 5.158639e+07
<GCONST> 6.747881e+01
<MIXTURE> 10 8.510630e-02
<MEAN> 6
 8.496689e+01 -1.293639e+02 -2.133652e+01 1.525261e-01 9.501485e-01 -7.068681e+01
<VARIANCE> 6
 3.185104e+01 1.195217e+04 1.387160e+04 2.998198e+02 4.022584e+04 5.158639e+07
<GCONST> 6.747881e+01
<MIXTURE> 11 8.752441e-02
<MEAN> 6
 8.480383e+01 3.588403e+01 -2.109963e+02 5.377209e-01 -7.853076e+00 -2.657284e+01
<VARIANCE> 6
 3.185104e+01 1.195217e+04 1.387160e+04 2.998198e+02 4.022584e+04 5.158639e+07
<GCONST> 6.747881e+01
<MIXTURE> 12 8.461542e-02
<MEAN> 6
 8.476764e+01 3.430972e+01 -2.117614e+02 5.315242e-01 -7.670235e+00 -2.682069e+01
<VARIANCE> 6
 3.185104e+01 1.195217e+04 1.387160e+04 2.998198e+02 4.022584e+04 5.158639e+07
<GCONST> 6.747881e+01
<MIXTURE> 13 5.936570e-02
<MEAN> 6
 9.633798e+01 -5.000653e+02 -5.439729e+02 -7.097010e-01 -2.879166e+00 -9.504931e+01
<VARIANCE> 6
 3.185104e+01 1.195217e+04 1.387160e+04 2.998198e+02 4.022584e+04 5.158639e+07
<GCONST> 6.747881e+01
<MIXTURE> 14 5.782481e-02
<MEAN> 6
 9.712940e+01 -4.992596e+02 -5.425639e+02 -8.623919e-01 -2.723880e+00 -9.004352e+01
<VARIANCE> 6
 3.185104e+01 1.195217e+04 1.387160e+04 2.998198e+02 4.022584e+04 5.158639e+07
<GCONST> 6.747881e+01
<MIXTURE> 15 5.340496e-02
<MEAN> 6
 8.485305e+01 -1.401927e+02 -2.407712e+01 1.752170e-01 9.581587e-01 -7.477995e+01
<VARIANCE> 6
 3.185104e+01 1.195217e+04 1.387160e+04 2.998198e+02 4.022584e+04 5.158639e+07
<GCONST> 6.747881e+01
<STATE> 8
<NUMMIXES> 15
<MIXTURE> 1 1.028679e-01
<MEAN> 6
 8.028570e+01 2.092795e+03 -1.592746e+02 -3.118602e+00 -7.905468e+00 -2.595606e+02
<VARIANCE> 6
 3.185104e+01 2.526534e+05 2.029012e+05 2.998198e+02 4.022584e+04 5.158639e+07
<GCONST> 7.321280e+01
<MIXTURE> 2 6.452344e-02
<MEAN> 6
 6.804854e+01 1.225869e+03 -2.343258e+02 -1.421827e+00 -6.277054e+00 -1.179557e+02
<VARIANCE> 6
 3.185104e+01 9.070093e+04 1.387160e+04 2.998198e+02 4.022584e+04 5.158639e+07
<GCONST> 6.950547e+01
<MIXTURE> 3 3.577899e-02
<MEAN> 6
 5.676299e+01 1.376460e+03 1.136302e+03 1.942159e+00 -1.081874e+01 5.744393e+00
<VARIANCE> 6
 3.185104e+01 1.897937e+04 1.387160e+04 2.998198e+02 4.022584e+04 5.158639e+07
<GCONST> 6.794125e+01
<MIXTURE> 4 8.750831e-02
<MEAN> 6
 7.793188e+01 6.752395e+02 -8.459977e+02 -1.515956e+00 -1.858296e+00 -9.704500e+00
<VARIANCE> 6
 3.185104e+01 1.195217e+04 1.387160e+04 2.998198e+02 4.022584e+04 5.158639e+07
<GCONST> 6.747881e+01
<MIXTURE> 5 5.214929e-02
<MEAN> 6
 6.651356e+01 1.255088e+03 -5.181202e+02 -2.825380e-01 -3.632314e+00 -1.411190e+02
<VARIANCE> 6
 3.185104e+01 1.195217e+04 1.387160e+04 2.998198e+02 4.022584e+04 5.158639e+07
<GCONST> 6.747881e+01
<MIXTURE> 6 6.086435e-02
<MEAN> 6
 7.073818e+01 4.976378e+02 -2.313990e+02 -1.766051e+00 -8.654873e+00 -6.016670e+01
<VARIANCE> 6
 3.185104e+01 1.195217e+04 1.387160e+04 2.998198e+02 4.022584e+04 5.158639e+07
<GCONST> 6.747881e+01
<MIXTURE> 7 8.576038e-02
<MEAN> 6
 7.204227e+01 2.113896e+02 7.332114e+02 7.774177e-01 -2.953855e+00 -1.203459e+02
<VARIANCE> 6
 3.185104e+01 1.195217e+04 1.387160e+04 2.998198e+02 4.022584e+04 5.158639e+07
<GCONST> 6.747881e+01
<MIXTURE> 8 4.577993e-02
<MEAN> 6
 7.834550e+01 3.472954e+02 -6.064091e+02 -7.716945e-01 -1.504478e+01 -2.362559e+02
<VARIANCE> 6
 3.185104e+01 1.195217e+04 1.387160e+04 2.998198e+02 4.022584e+04 5.158639e+07
<GCONST> 6.747881e+01
<MIXTURE> 9 6.376085e-02
<MEAN> 6
 7.058299e+01 9.559068e+02 -2.618992e+02 -1.469686e+00 -4.065904e+00 6.938869e+00
<VARIANCE> 6
 3.185104e+01 1.589142e+04 1.387160e+04 2.998198e+02 4.022584e+04 5.158639e+07
<GCONST> 6.776368e+01
<MIXTURE> 10 3.700063e-02
<MEAN> 6
 7.043488e+01 3.978692e+02 -1.178171e+03 -2.079900e+00 -1.216151e-01 -7.839609e+00
<VARIANCE> 6
 3.185104e+01 1.195217e+04 3.309122e+04 2.998198e+02 4.022584e+04 5.158639e+07
<GCONST> 6.834824e+01
<MIXTURE> 11 1.094369e-01
<MEAN> 6
 6.388505e+01 4.467497e+02 -4.298165e+02 -1.071836e+00 -2.871313e+00 -1.995283e+02
<VARIANCE> 6
 3.185104e+01 1.195217e+04 1.807985e+05 2.998198e+02 4.022584e+04 5.158639e+07
<GCONST> 7.004636e+01
<MIXTURE> 12 5.588574e-02
<MEAN> 6
 7.296854e+01 8.347119e+02 9.324593e+02 -2.829951e+00 -3.548239e+00 1.404192e+02
<VARIANCE> 6
 3.185104e+01 2.988340e+04 1.981020e+05 2.998198e+02 4.022584e+04 5.158639e+07
<GCONST> 7.105415e+01
<MIXTURE> 13 6.037445e-02
<MEAN> 6
 6.658710e+01 1.355352e+03 -6.799364e+02 -1.109974e+00 -7.403349e-02 -4.517242e+01
<VARIANCE> 6
 3.185104e+01 1.195217e+04 1.387160e+04 2.998198e+02 4.022584e+04 5.158639e+07
<GCONST> 6.747881e+01
<MIXTURE> 14 8.080930e-02
<MEAN> 6
 7.323731e+01 1.243961e+03 -5.353512e+02 -2.124546e+00 -2.135612e+00 -4.760602e+01
<VARIANCE> 6
 3.185104e+01 6.238623e+04 3.538110e+05 2.998198e+02 4.022584e+04 5.158639e+07
<GCONST> 7.237016e+01
<MIXTURE> 15 5.747818e-02
<MEAN> 6
 6.849891e+01 4.801003e+02 -2.831122e+02 -1.200375e+00 -7.713054e+00 -1.138349e+02
<VARIANCE> 6
 3.185104e+01 1.195217e+04 1.387160e+04 2.998198e+02 4.022584e+04 5.158639e+07
<GCONST> 6.747881e+01
<STATE> 9
<NUMMIXES> 15
<MIXTURE> 1 6.353296e-02
<MEAN> 6
 6.708265e+01 4.813701e+03 -7.054709e+02 -4.947383e-01 1.000137e+00 -6.518140e-01
<VARIANCE> 6
 3.185104e+01 3.290562e+04 1.387160e+04 2.998198e+02 4.022584e+04 5.158639e+07
<GCONST> 6.849155e+01
<MIXTURE> 2 9.066006e-02
<MEAN> 6
 1.106305e+02 6.335081e+02 3.622649e+02 -6.508735e+00 1.896155e+00 6.672030e+01
<VARIANCE> 6
 4.660395e+01 1.195217e+04 1.387160e+04 2.998198e+02 4.022584e+04 5.158639e+07
<GCONST> 6.785943e+01
<MIXTURE> 3 5.108068e-02
<MEAN> 6
 1.049208e+02 4.561849e+02 -1.722430e+03 -7.710606e+00 1.021224e+01 3.083446e+02
<VARIANCE> 6
 3.185104e+01 1.195217e+04 1.387160e+04 2.998198e+02 4.022584e+04 5.158639e+07
<GCONST> 6.747881e+01
<MIXTURE> 4 7.236786e-02
<MEAN> 6
 9.981441e+01 5.196615e+02 -4.588903e+02 -7.067608e+00 3.317048e+00 -8.587421e+00
<VARIANCE> 6
 3.185104e+01 1.261219e+04 9.220582e+04 2.998198e+02 4.022584e+04 5.158639e+07
<GCONST> 6.942674e+01
<MIXTURE> 5 8.883233e-02
<MEAN> 6
 8.968220e+01 5.844635e+02 -1.360228e+03 4.068563e-01 -2.716632e+01 -2.291640e+02
<VARIANCE> 6
 3.185104e+01 1.195217e+04 1.387160e+04 2.998198e+02 4.022584e+04 5.158639e+07
<GCONST> 6.747881e+01
<MIXTURE> 6 8.392935e-02
<MEAN> 6
 8.985561e+01 7.462497e+02 -2.576232e+03 -2.577265e+00 3.496399e+00 -1.869678e+01
<VARIANCE> 6
 3.185104e+01 1.195217e+04 1.387160e+04 2.998198e+02 4.022584e+04 5.158639e+07
<GCONST> 6.747881e+01
<MIXTURE> 7 2.082307e-02
<MEAN> 6
 1.109009e+02 2.571630e+02 -6.713200e+02 -5.223646e+00 -3.012584e+01 -2.677148e+03
<VARIANCE> 6
 4.257188e+02 1.240284e+05 7.165542e+05 4.855698e+02 3.189832e+05 2.030664e+08
<GCONST> 8.027878e+01
<MIXTURE> 8 8.822928e-02
<MEAN> 6
 9.240310e+01 4.754147e+02 1.132407e+02 -3.070071e+00 2.984151e+00 6.558682e+00
<VARIANCE> 6
 3.185104e+01 1.195217e+04 1.387160e+04 2.998198e+02 4.022584e+04 5.158639e+07
<GCONST> 6.747881e+01
<MIXTURE> 9 6.029027e-02
<MEAN> 6
 8.706142e+01 3.889242e+02 -1.318414e+03 -1.090703e+00 7.769375e+00 5.225614e+00
<VARIANCE> 6
 3.185104e+01 1.195217e+04 1.387160e+04 2.998198e+02 4.022584e+04 5.158639e+07
<GCONST> 6.747881e+01
<MIXTURE> 10 8.707567e-02
<MEAN> 6
 5.161154e+01 2.288430e+03 2.601802e+03 4.326383e-01 -6.784316e+00 3.993101e+01
<VARIANCE> 6
 3.185104e+01 2.555541e+04 2.715461e+04 2.998198e+02 4.022584e+04 5.158639e+07
<GCONST> 6.891045e+01
<MIXTURE> 11 5.201571e-02
<MEAN> 6
 9.882453e+01 6.842175e+02 -1.882007e+03 1.836418e+00 -6.619384e-01 -1.427774e+00
<VARIANCE> 6
 3.185104e+01 1.195217e+04 1.387160e+04 2.998198e+02 4.022584e+04 5.158639e+07
<GCONST> 6.747881e+01
<MIXTURE> 12 8.818928e-02
<MEAN> 6
 9.769384e+01 4.725279e+02 -1.001803e+03 -1.990510e+00 -1.310710e+00 6.693457e+00
<VARIANCE> 6
 3.185104e+01 1.195217e+04 1.387160e+04 2.998198e+02 4.022584e+04 5.158639e+07
<GCONST> 6.747881e+01
<MIXTURE> 13 5.521369e-02
<MEAN> 6
 8.997030e+01 2.895931e+02 -1.304103e+03 -3.870796e+00 7.608339e-01 3.184294e+01
<VARIANCE> 6
 3.185104e+01 1.195217e+04 1.387160e+04 2.998198e+02 4.022584e+04 5.158639e+07
<GCONST> 6.747881e+01
<MIXTURE> 14 5.283672e-02
<MEAN> 6
 9.847738e+01 6.732465e+02 -1.872884e+03 1.169916e+00 9.673970e-01 3.086263e+00
<VARIANCE> 6
 3.185104e+01 1.195217e+04 1.387160e+04 2.998198e+02 4.022584e+04 5.158639e+07
<GCONST> 6.747881e+01
<MIXTURE> 15 4.491209e-02
<MEAN> 6
 6.994740e+01 3.964784e+03 -5.827615e+02 -2.698809e+00 -6.788061e-01 -3.089011e+01
<VARIANCE> 6
 3.185104e+01 3.339840e+05 1.387160e+04 2.998198e+02 4.022584e+04 5.158639e+07
<GCONST> 7.080899e+01
<STATE> 10
<NUMMIXES> 15
<MIXTURE> 1 4.078288e-02
<MEAN> 6
 6.145581e+01 -2.082934e+02 -1.330166e+01 -2.388316e+02 -2.537719e+03 2.134043e+03
<VARIANCE> 6
 1.477883e+02 1.814422e+05 7.511455e+04 7.985669e+03 3.339518e+05 4.577124e+08
<GCONST> 8.100441e+01
<MIXTURE> 2 8.808553e-02
<MEAN> 6
 6.887921e+01 2.771855e+02 -1.525391e+02 -7.912172e+01 -1.202227e+03 -1.347451e+04
<VARIANCE> 6
 9.403394e+01 9.658279e+05 1.318112e+05 1.752242e+03 4.067199e+05 1.923754e+08
<GCONST> 8.060027e+01
<MIXTURE> 3 7.821831e-02
<MEAN> 6
 4.859124e+01 3.433185e+02 -2.508590e+02 -2.370799e+02 -1.469446e+03 4.749991e+03
<VARIANCE> 6
 8.703603e+01 1.380462e+06 1.964609e+05 2.923133e+03 3.047010e+05 1.036780e+08
<GCONST> 8.088403e+01
<MIXTURE> 4 6.526560e-02
<MEAN> 6
 -5.151220e+01 2.624333e+02 -4.947188e+01 -2.307769e+02 2.665550e+03 -2.107653e+03
<VARIANCE> 6
 2.193537e+02 7.118571e+05 4.083084e+05 5.036063e+03 1.619293e+06 6.252240e+08
<GCONST> 8.588885e+01
<MIXTURE> 5 7.933316e-02
<MEAN> 6
 -2.562816e+01 -5.299936e+01 -3.318364e+02 -2.674053e+02 1.124117e+03 1.051226e+04
<VARIANCE> 6
 2.957900e+02 1.699885e+05 5.120940e+05 7.982957e+03 4.624830e+05 2.779442e+08
<GCONST> 8.337902e+01
<MIXTURE> 6 4.684325e-02
<MEAN> 6
 -3.064183e+01 2.470324e+01 -6.167227e+02 -4.237946e+02 1.665042e+03 5.841948e+04
<VARIANCE> 6
 4.466196e+02 1.534723e+06 4.345076e+06 6.200287e+03 2.885775e+06 7.740145e+08
<GCONST> 9.073214e+01
<MIXTURE> 7 7.829269e-02
<MEAN> 6
 2.330979e+01 4.545033e+01 3.335486e+00 -2.893453e+02 -7.521464e+02 4.327806e+03
<VARIANCE> 6
 1.650315e+02 1.277742e+05 4.070393e+05 3.961906e+03 2.174522e+05 9.629401e+07
<GCONST> 7.976522e+01
<MIXTURE> 8 6.854979e-02
<MEAN> 6
 -6.469906e+01 3.167753e+01 2.442204e+02 1.152133e+02 1.558309e+03 -3.270553e+02
<VARIANCE> 6
 1.235149e+02 3.654409e+05 5.354644e+05 1.682578e+04 5.264010e+04 7.314163e+07
<GCONST> 8.055318e+01
<MIXTURE> 9 7.797214e-02
<MEAN> 6
 5.889890e+01 4.792964e+01 5.416391e+01 -9.194034e+01 -8.903007e+02 -4.591385e+03
<VARIANCE> 6
 1.190022e+02 4.957890e+04 2.717559e+05 2.183181e+03 9.722637e+04 5.158639e+07
<GCONST> 7.606249e+01
<MIXTURE> 10 5.897322e-02
<MEAN> 6
 7.217751e+00 -6.091473e+01 -5.769853e+01 -3.717812e+02 -4.150788e+02 1.411187e+04
<VARIANCE> 6
 3.384077e+02 1.619360e+06 3.752438e+05 3.128729e+03 5.527750e+05 2.890133e+08
<GCONST> 8.473746e+01
<MIXTURE> 11 4.272740e-02
<MEAN> 6
 -7.529293e+01 -7.224800e+02 -2.981834e+02 6.813492e+00 1.080463e+02 8.787198e+02
<VARIANCE> 6
 3.185104e+01 2.777061e+05 2.374174e+05 3.395095e+02 1.520718e+05 1.646516e+08
<GCONST> 7.607918e+01
<MIXTURE> 12 8.172848e-02
<MEAN> 6
 -6.775240e+01 -1.600290e+02 -1.969942e+02 6.345955e+01 7.087518e+02 1.000118e+03
<VARIANCE> 6
 5.382235e+01 1.607350e+05 6.529813e+04 3.516258e+03 5.362968e+04 5.158639e+07
<GCONST> 7.490096e+01
<MIXTURE> 13 6.045725e-02
<MEAN> 6
 -6.790227e+01 1.184088e+02 -1.152214e+02 -7.313055e+01 1.753738e+03 -2.826225e+04
<VARIANCE> 6
 1.007376e+02 1.272941e+06 5.088191e+05 3.414938e+03 9.203970e+05 5.504908e+08
<GCONST> 8.483127e+01
<MIXTURE> 14 7.301401e-02
<MEAN> 6
 -6.868367e+01 4.742600e+02 -5.192053e+02 2.443688e+00 5.296876e+02 -1.727518e+02
<VARIANCE> 6
 5.063711e+01 9.626735e+05 5.480572e+05 4.462278e+03 5.893663e+04 5.158639e+07
<GCONST> 7.908995e+01
<MIXTURE> 15 5.974130e-02
<MEAN> 6
 6.499018e+00 -2.059652e+02 -2.053356e+02 -4.335187e+02 -7.701930e+02 1.568708e+04
<VARIANCE> 6
 4.321861e+02 4.825220e+05 6.074420e+05 3.505440e+03 6.437176e+05 3.961009e+08
<GCONST> 8.483418e+01
<STATE> 11
<NUMMIXES> 15
<MIXTURE> 1 5.256788e-02
<MEAN> 6
 8.815661e+01 -1.109863e+02 -1.147448e+01 -5.066247e+00 -2.333155e+01 1.171089e+02
<VARIANCE> 6
 1.482507e+02 1.405804e+06 9.380659e+05 2.998198e+02 4.022584e+04 5.158639e+07
<GCONST> 7.799808e+01
<MIXTURE> 2 1.155236e-02
<MEAN> 6
 -6.476572e+00 1.582603e+02 1.109265e+02 -2.456298e+01 4.434195e+01 5.258157e+03
<VARIANCE> 6
 1.164514e+04 1.975003e+05 4.071810e+05 1.974304e+06 1.080563e+09 1.588797e+12
<GCONST> 1.088909e+02
<MIXTURE> 3 3.744115e-02
<MEAN> 6
 -2.129775e+00 2.770624e+02 1.892696e+02 -4.574181e+01 1.732986e+01 1.027618e+03
<VARIANCE> 6
 4.524915e+03 2.370992e+06 1.895061e+06 7.169395e+04 3.324625e+06 2.213492e+09
<GCONST> 9.629306e+01
<MIXTURE> 4 7.593696e-02
<MEAN> 6
 -3.603379e+01 -1.940134e+01 8.927919e+01 1.354609e+02 7.241447e+02 -1.348326e+03
<VARIANCE> 6
 3.546309e+02 1.007059e+05 1.190316e+05 1.004986e+04 1.379773e+05 5.158639e+07
<GCONST> 7.891437e+01
<MIXTURE> 5 9.339439e-02
<MEAN> 6
 5.386958e+01 -9.820859e+00 8.707545e+01 5.643338e+01 -5.568528e+02 -3.079139e+02
<VARIANCE> 6
 6.503154e+02 1.072074e+06 6.905427e+05 3.970932e+04 1.972181e+05 5.382354e+07
<GCONST> 8.541769e+01
<MIXTURE> 6 7.764850e-02
<MEAN> 6
 -5.810806e+01 1.014678e+02 -5.721865e+00 1.438291e+01 2.119338e+02 2.274640e+02
<VARIANCE> 6
 2.363420e+02 2.121773e+05 1.695298e+05 6.387026e+02 7.639527e+04 5.158639e+07
<GCONST> 7.626038e+01
<MIXTURE> 7 5.403684e-02
<MEAN> 6
 9.201933e+01 1.839880e+02 -8.852328e+00 3.487371e+01 -9.113915e+02 -3.742170e+02
<VARIANCE> 6
 1.379824e+02 4.342203e+05 3.092082e+05 1.313225e+04 1.498960e+06 8.552369e+08
<GCONST> 8.584746e+01
<MIXTURE> 8 9.122193e-02
<MEAN> 6
 8.465417e+01 6.898022e+01 4.404914e+01 -8.428072e+00 -2.108880e+01 -2.825971e+02
<VARIANCE> 6
 1.281602e+02 3.451238e+05 4.285219e+04 2.998198e+02 4.022584e+04 5.158639e+07
<GCONST> 7.336193e+01
<MIXTURE> 9 6.745125e-02
<MEAN> 6
 -4.840340e+01 -6.080660e+01 3.542013e+01 -8.524223e+01 1.365379e+03 1.923279e+03
<VARIANCE> 6
 2.497595e+02 1.412107e+05 1.586272e+05 2.681952e+04 5.706005e+05 4.389411e+08
<GCONST> 8.373129e+01
<MIXTURE> 10 5.262822e-02
<MEAN> 6
 5.469072e+01 4.917257e+01 1.445223e+01 1.005688e+02 -2.454412e+02 -6.011876e+02
<VARIANCE> 6
 5.250986e+02 6.205659e+04 5.494139e+04 1.850963e+04 1.159543e+05 5.158639e+07
<GCONST> 7.848643e+01
<MIXTURE> 11 9.049112e-02
<MEAN> 6
 7.648076e+01 -2.789705e+01 -6.030188e+01 -4.332396e+00 -2.912929e+01 -2.202476e+02
<VARIANCE> 6
 1.181266e+02 3.926990e+04 1.529969e+05 2.998198e+02 4.022584e+04 5.158639e+07
<GCONST> 7.237962e+01
<MIXTURE> 12 1.071996e-01
<MEAN> 6
 5.966969e+00 -5.248041e+01 4.917433e+01 -7.266895e+01 8.598165e+00 3.560900e+02
<VARIANCE> 6
 4.273297e+02 1.223310e+05 1.250638e+05 6.195280e+04 2.873329e+05 2.124194e+08
<GCONST> 8.331248e+01
<MIXTURE> 13 5.793772e-02
<MEAN> 6
 -3.592813e+01 -2.393804e+02 1.276538e+02 4.811061e+01 6.917036e+02 -1.868215e+03
<VARIANCE> 6
 4.985149e+02 1.724868e+06 4.993973e+05 3.495661e+04 2.261482e+05 7.352494e+07
<GCONST> 8.562466e+01
<MIXTURE> 14 7.874375e-02
<MEAN> 6
 7.140121e+01 2.397632e+01 4.208839e+01 -7.494270e+01 -8.722741e+02 -9.315689e+00
<VARIANCE> 6
 2.382388e+02 1.975507e+05 6.891774e+04 2.006216e+04 2.191509e+05 9.231363e+07
<GCONST> 8.037976e+01
<MIXTURE> 15 5.081124e-02
<MEAN> 6
 4.970075e+01 -7.570199e+00 -7.875172e+01 1.906165e+01 -3.833357e+02 -6.182158e+01
<VARIANCE> 6
 6.036237e+02 4.335270e+04 7.013251e+04 3.358615e+04 1.521783e+05 5.158639e+07
<GCONST> 7.937892e+01
<TRANSP> 12
 0.000000e+00 1.000000e+00 0.000000e+00 0.000000e+00 0.000000e+00 0.000000e+00 0.000000e+00 0.000000e+00 0.000000e+00 0.000000e+00 0.000000e+00 0.000000e+00
 0.000000e+00 9.998448e-01 1.551371e-04 0.000000e+00 0.000000e+00 0.000000e+00 0.000000e+00 0.000000e+00 0.000000e+00 0.000000e+00 0.000000e+00 0.000000e+00
 0.000000e+00 0.000000e+00 9.986845e-01 1.315481e-03 0.000000e+00 0.000000e+00 0.000000e+00 0.000000e+00 0.000000e+00 0.000000e+00 0.000000e+00 0.000000e+00
 0.000000e+00 0.000000e+00 0.000000e+00 9.977674e-01 2.232491e-03 0.000000e+00 0.000000e+00 0.000000e+00 0.000000e+00 0.000000e+00 0.000000e+00 0.000000e+00
 0.000000e+00 0.000000e+00 0.000000e+00 0.000000e+00 9.983085e-01 1.691500e-03 0.000000e+00 0.000000e+00 0.000000e+00 0.000000e+00 0.000000e+00 0.000000e+00
 0.000000e+00 0.000000e+00 0.000000e+00 0.000000e+00 0.000000e+00 9.984165e-01 1.583464e-03 0.000000e+00 0.000000e+00 0.000000e+00 0.000000e+00 0.000000e+00
 0.000000e+00 0.000000e+00 0.000000e+00 0.000000e+00 0.000000e+00 0.000000e+00 9.981965e-01 1.803430e-03 0.000000e+00 0.000000e+00 0.000000e+00 0.000000e+00
 0.000000e+00 0.000000e+00 0.000000e+00 0.000000e+00 0.000000e+00 0.000000e+00 0.000000e+00 9.987400e-01 1.259964e-03 0.000000e+00 0.000000e+00 0.000000e+00
 0.000000e+00 0.000000e+00 0.000000e+00 0.000000e+00 0.000000e+00 0.000000e+00 0.000000e+00 0.000000e+00 9.971496e-01 2.850373e-03 0.000000e+00 0.000000e+00
 0.000000e+00 0.000000e+00 0.000000e+00 0.000000e+00 0.000000e+00 0.000000e+00 0.000000e+00 0.000000e+00 0.000000e+00 9.978322e-01 2.167848e-03 0.000000e+00
 0.000000e+00 0.000000e+00 0.000000e+00 0.000000e+00 0.000000e+00 0.000000e+00 0.000000e+00 0.000000e+00 0.000000e+00 0.000000e+00 9.999412e-01 5.875401e-05
 0.000000e+00 0.000000e+00 0.000000e+00 0.000000e+00 0.000000e+00 0.000000e+00 0.000000e+00 0.000000e+00 0.000000e+00 0.000000e+00 0.000000e+00 0.000000e+00
<ENDHMM>
