~o
<STREAMINFO> 1 6
<VECSIZE> 6<NULLD><USER><DIAGC>
~h "SegundoPRIMARIA"
<BEGINHMM>
<NUMSTATES> 13
<STATE> 2
<NUMMIXES> 15
<MIXTURE> 1 9.707273e-02
<MEAN> 6
 8.229388e+01 2.359194e+01 1.694035e+02 -2.449772e+01 -4.350280e+02 -5.378182e+02
<VARIANCE> 6
 4.359121e+02 1.051529e+05 6.604904e+05 1.294433e+04 9.755739e+04 5.191738e+07
<GCONST> 8.079039e+01
<MIXTURE> 2 3.469074e-02
<MEAN> 6
 6.354580e+01 -4.364214e+02 4.618246e+02 -4.093845e+01 -6.764438e+02 6.741855e+03
<VARIANCE> 6
 2.716039e+03 9.917652e+05 1.229531e+06 7.511048e+04 2.877771e+06 1.755668e+09
<GCONST> 9.414893e+01
<MIXTURE> 3 7.802176e-02
<MEAN> 6
 -4.541278e+01 -2.150106e+02 5.778046e+01 -8.373447e+01 1.347022e+03 -6.350555e+02
<VARIANCE> 6
 5.213286e+02 3.287422e+05 1.295198e+06 4.240937e+04 8.093896e+05 5.353754e+08
<GCONST> 8.841849e+01
<MIXTURE> 4 5.660964e-02
<MEAN> 6
 1.089767e+02 6.475410e+00 3.874924e+02 -7.046801e+00 -5.276317e+01 -5.433238e+02
<VARIANCE> 6
 2.070127e+02 1.554701e+05 6.874898e+05 2.998645e+02 4.044808e+04 5.191738e+07
<GCONST> 7.583133e+01
<MIXTURE> 5 6.227066e-02
<MEAN> 6
 3.210905e+01 -4.148584e+01 -7.482844e+01 2.071077e+02 -1.363318e+02 -9.772210e+02
<VARIANCE> 6
 7.524229e+02 1.841828e+05 4.250252e+05 3.619417e+03 1.398903e+05 5.191738e+07
<GCONST> 8.054199e+01
<MIXTURE> 6 6.945764e-02
<MEAN> 6
 -6.192952e+01 -4.354780e+01 -1.546333e+02 -7.642089e+00 1.044704e+02 3.932365e+01
<VARIANCE> 6
 1.917948e+02 1.782475e+05 1.598763e+06 2.998645e+02 4.044808e+04 5.191738e+07
<GCONST> 7.673563e+01
<MIXTURE> 7 7.245339e-02
<MEAN> 6
 6.115361e+01 -4.389218e+02 1.333826e+03 1.798912e-01 -1.245649e+00 -5.852423e+01
<VARIANCE> 6
 3.171274e+01 2.250282e+05 4.699356e+05 2.998645e+02 4.044808e+04 5.191738e+07
<GCONST> 7.394458e+01
<MIXTURE> 8 8.408242e-02
<MEAN> 6
 -3.992548e+01 -1.558658e+02 2.302785e+02 1.164095e+02 6.421293e+02 -1.183135e+03
<VARIANCE> 6
 3.579937e+02 2.010844e+05 6.356679e+05 1.350649e+04 1.300026e+05 5.191738e+07
<GCONST> 8.153309e+01
<MIXTURE> 9 5.678868e-02
<MEAN> 6
 9.614491e+01 -6.379793e+01 2.173582e+02 2.062633e+01 -6.728956e+02 3.536682e-01
<VARIANCE> 6
 5.401895e+02 4.311441e+05 8.408062e+05 1.540975e+04 7.280541e+05 2.951808e+08
<GCONST> 8.657948e+01
<MIXTURE> 10 8.790668e-02
<MEAN> 6
 7.600093e+01 2.441885e+01 -1.307188e+03 9.028898e-02 -1.406887e+01 -1.045128e+02
<VARIANCE> 6
 3.171274e+01 9.097050e+04 5.049716e+05 2.998645e+02 4.044808e+04 5.191738e+07
<GCONST> 7.311079e+01
<MIXTURE> 11 7.035632e-02
<MEAN> 6
 1.483201e+01 -5.189754e+01 2.061301e+01 -2.684174e+02 -1.559060e+02 6.168068e+03
<VARIANCE> 6
 6.472592e+02 1.488827e+05 8.041266e+05 6.315044e+03 4.210916e+05 1.485236e+08
<GCONST> 8.352599e+01
<MIXTURE> 12 7.081894e-02
<MEAN> 6
 -6.459066e+01 1.957020e+01 -4.017910e+02 -1.435431e+01 4.436835e+02 3.689893e+02
<VARIANCE> 6
 7.353418e+02 1.073892e+05 6.829296e+05 6.498319e+03 1.265379e+05 5.533111e+07
<GCONST> 8.100240e+01
<MIXTURE> 13 6.850837e-02
<MEAN> 6
 7.786163e+01 8.328600e+02 -5.091808e+02 5.844517e+00 -5.303971e+01 4.610091e+00
<VARIANCE> 6
 2.032842e+02 4.529888e+05 9.466228e+05 2.998645e+02 4.044808e+04 5.191738e+07
<GCONST> 7.720241e+01
<MIXTURE> 14 4.407990e-02
<MEAN> 6
 2.657478e+01 -2.804140e+02 -9.696086e+01 2.747318e+02 -2.309292e+02 -6.578891e+03
<VARIANCE> 6
 8.870712e+02 2.485542e+05 1.356639e+06 5.952426e+03 2.594188e+05 8.903320e+07
<GCONST> 8.382140e+01
<MIXTURE> 15 4.671717e-02
<MEAN> 6
 6.738193e+01 -6.362739e+01 -1.165476e+02 -9.809718e+01 -1.189199e+03 -2.309222e+03
<VARIANCE> 6
 3.511349e+02 2.298407e+05 1.425636e+06 3.220458e+04 2.590152e+05 1.234237e+08
<GCONST> 8.487934e+01
<STATE> 3
<NUMMIXES> 15
<MIXTURE> 1 5.738403e-02
<MEAN> 6
 6.904152e+01 1.541200e+02 -3.042260e+02 1.476395e+00 5.236009e-01 -2.029205e+02
<VARIANCE> 6
 3.171274e+01 1.309607e+04 1.362684e+04 2.998645e+02 4.044808e+04 5.191738e+07
<GCONST> 6.756012e+01
<MIXTURE> 2 5.705142e-02
<MEAN> 6
 7.513909e+01 4.035363e+02 8.562439e+01 3.549954e+00 -1.419612e+00 1.025407e+01
<VARIANCE> 6
 3.171274e+01 1.495446e+04 1.362684e+04 2.998645e+02 4.044808e+04 5.191738e+07
<GCONST> 6.769281e+01
<MIXTURE> 3 8.663781e-02
<MEAN> 6
 6.636879e+01 -5.856363e+01 -2.368639e+02 4.365133e-01 1.255653e+00 -9.484454e+01
<VARIANCE> 6
 3.171274e+01 1.309607e+04 1.362684e+04 2.998645e+02 4.044808e+04 5.191738e+07
<GCONST> 6.756012e+01
<MIXTURE> 4 5.283766e-02
<MEAN> 6
 7.639121e+01 5.983137e+01 -3.229863e+02 -8.760011e-01 -7.006011e+00 -1.470784e+02
<VARIANCE> 6
 3.171274e+01 1.309607e+04 1.362684e+04 2.998645e+02 4.044808e+04 5.191738e+07
<GCONST> 6.756012e+01
<MIXTURE> 5 8.552076e-02
<MEAN> 6
 6.749886e+01 -4.490902e+02 3.118111e+02 -3.693475e-01 -6.879105e+00 -1.551922e+02
<VARIANCE> 6
 3.531084e+01 1.621826e+04 1.362684e+04 2.998645e+02 4.044808e+04 5.191738e+07
<GCONST> 6.788141e+01
<MIXTURE> 6 6.028802e-02
<MEAN> 6
 5.957565e+01 -4.100557e+02 -1.769783e+02 1.845630e-01 5.271000e-02 -2.979929e+01
<VARIANCE> 6
 3.171274e+01 1.309607e+04 1.580505e+04 2.998645e+02 4.044808e+04 5.191738e+07
<GCONST> 6.770840e+01
<MIXTURE> 7 8.440847e-02
<MEAN> 6
 7.275922e+01 1.087431e+02 -2.654760e+02 -5.358304e-01 -5.384026e+00 -1.078432e+02
<VARIANCE> 6
 3.171274e+01 1.309607e+04 1.362684e+04 2.998645e+02 4.044808e+04 5.191738e+07
<GCONST> 6.756012e+01
<MIXTURE> 8 7.957575e-02
<MEAN> 6
 7.375142e+01 3.926591e+01 1.350420e+02 -3.811036e-02 -3.488790e+00 -4.917985e+01
<VARIANCE> 6
 3.171274e+01 1.309607e+04 1.362684e+04 2.998645e+02 4.044808e+04 5.191738e+07
<GCONST> 6.756012e+01
<MIXTURE> 9 6.034497e-02
<MEAN> 6
 6.959419e+01 -1.340934e+02 1.410639e+02 1.370739e+00 2.659834e+00 -1.347904e+02
<VARIANCE> 6
 3.171274e+01 1.309607e+04 1.362684e+04 2.998645e+02 4.044808e+04 5.191738e+07
<GCONST> 6.756012e+01
<MIXTURE> 10 8.708767e-02
<MEAN> 6
 6.626172e+01 -6.136117e+01 -2.421332e+02 4.682061e-01 1.309376e+00 -9.582095e+01
<VARIANCE> 6
 3.171274e+01 1.309607e+04 1.362684e+04 2.998645e+02 4.044808e+04 5.191738e+07
<GCONST> 6.756012e+01
<MIXTURE> 11 4.610894e-02
<MEAN> 6
 7.239176e+01 -7.750114e+02 -3.645705e+02 -4.186895e+00 -8.004032e+00 -1.619404e+02
<VARIANCE> 6
 3.171274e+01 2.808196e+04 4.925936e+04 2.998645e+02 4.044808e+04 5.191738e+07
<GCONST> 6.960799e+01
<MIXTURE> 12 7.643003e-02
<MEAN> 6
 7.356449e+01 3.188508e+01 1.360784e+02 4.875562e-02 -2.971352e+00 -6.082599e+01
<VARIANCE> 6
 3.171274e+01 1.309607e+04 1.362684e+04 2.998645e+02 4.044808e+04 5.191738e+07
<GCONST> 6.756012e+01
<MIXTURE> 13 6.205196e-02
<MEAN> 6
 6.941849e+01 -1.507409e+02 1.408692e+02 1.395708e+00 2.615246e+00 -1.412211e+02
<VARIANCE> 6
 3.171274e+01 1.309607e+04 1.362684e+04 2.998645e+02 4.044808e+04 5.191738e+07
<GCONST> 6.756012e+01
<MIXTURE> 14 5.124298e-02
<MEAN> 6
 6.086890e+01 -4.771204e+02 -4.305956e+02 -3.447447e-01 -3.588086e+00 -4.113422e+01
<VARIANCE> 6
 3.171274e+01 1.309607e+04 2.904992e+04 2.998645e+02 4.044808e+04 5.191738e+07
<GCONST> 6.831709e+01
<MIXTURE> 15 5.292532e-02
<MEAN> 6
 7.644057e+01 5.569227e+01 -3.304526e+02 -8.484116e-01 -6.987040e+00 -1.592237e+02
<VARIANCE> 6
 3.171274e+01 1.309607e+04 1.362684e+04 2.998645e+02 4.044808e+04 5.191738e+07
<GCONST> 6.756012e+01
<STATE> 4
<NUMMIXES> 15
<MIXTURE> 1 5.614370e-02
<MEAN> 6
 9.735858e+01 8.028151e+02 2.654484e+02 -4.513194e+00 -3.198704e+00 3.135095e+01
<VARIANCE> 6
 3.171274e+01 1.309607e+04 1.362684e+04 2.998645e+02 4.044808e+04 5.191738e+07
<GCONST> 6.756012e+01
<MIXTURE> 2 6.047733e-02
<MEAN> 6
 8.424529e+01 -2.834491e+02 -7.022753e+01 -2.092438e+00 -5.696119e+00 -3.779902e+02
<VARIANCE> 6
 3.171274e+01 8.948230e+04 1.362684e+04 2.998645e+02 4.044808e+04 5.191738e+07
<GCONST> 6.948184e+01
<MIXTURE> 3 1.009159e-01
<MEAN> 6
 9.110987e+01 2.371584e+02 2.112892e+02 -2.583287e-01 -1.076715e+01 -1.436392e+02
<VARIANCE> 6
 3.171274e+01 1.338123e+04 2.032173e+04 2.998645e+02 4.044808e+04 5.191738e+07
<GCONST> 6.798131e+01
<MIXTURE> 4 2.906983e-02
<MEAN> 6
 9.563551e+01 7.019595e+01 -4.677492e+02 -4.690732e+00 -8.029739e+00 3.171384e+02
<VARIANCE> 6
 3.171274e+01 1.309607e+04 1.362684e+04 2.998645e+02 4.044808e+04 5.191738e+07
<GCONST> 6.756012e+01
<MIXTURE> 5 7.149830e-02
<MEAN> 6
 8.381664e+01 5.555735e+02 4.345276e+02 -6.559480e-01 1.090616e+00 -7.460570e+01
<VARIANCE> 6
 3.171274e+01 1.309607e+04 1.362684e+04 2.998645e+02 4.044808e+04 5.191738e+07
<GCONST> 6.756012e+01
<MIXTURE> 6 7.765104e-02
<MEAN> 6
 9.645483e+01 -3.978568e+02 -5.330541e+02 -5.049537e-01 -5.865426e+00 -8.290468e+01
<VARIANCE> 6
 3.171274e+01 1.309607e+04 1.362684e+04 2.998645e+02 4.044808e+04 5.191738e+07
<GCONST> 6.756012e+01
<MIXTURE> 7 7.199682e-02
<MEAN> 6
 8.015879e+01 1.855001e+02 -7.253191e+02 1.367830e+00 1.766152e+00 -5.100686e+01
<VARIANCE> 6
 3.171274e+01 1.309607e+04 1.362684e+04 2.998645e+02 4.044808e+04 5.191738e+07
<GCONST> 6.756012e+01
<MIXTURE> 8 5.303951e-02
<MEAN> 6
 9.683087e+01 -4.113834e+01 -1.303809e+02 -1.654252e+00 5.444967e+00 -1.566440e+01
<VARIANCE> 6
 3.859690e+01 1.309607e+04 1.362684e+04 2.998645e+02 4.044808e+04 5.191738e+07
<GCONST> 6.775656e+01
<MIXTURE> 9 6.373347e-02
<MEAN> 6
 9.305495e+01 -5.577268e+02 -5.373301e+02 1.475721e+00 -3.566116e+00 -1.707039e+02
<VARIANCE> 6
 3.171274e+01 1.309607e+04 1.362684e+04 2.998645e+02 4.044808e+04 5.191738e+07
<GCONST> 6.756012e+01
<MIXTURE> 10 1.077494e-01
<MEAN> 6
 9.158696e+01 7.751721e+02 1.850992e+02 -2.753208e+00 1.523273e+00 -1.006672e+01
<VARIANCE> 6
 3.171274e+01 1.825083e+04 1.362684e+04 2.998645e+02 4.044808e+04 5.191738e+07
<GCONST> 6.789201e+01
<MIXTURE> 11 7.299674e-02
<MEAN> 6
 8.710529e+01 1.845888e+02 -2.244818e+01 -2.627868e-01 5.056665e+00 -1.623627e+02
<VARIANCE> 6
 3.171274e+01 1.309607e+04 1.362684e+04 2.998645e+02 4.044808e+04 5.191738e+07
<GCONST> 6.756012e+01
<MIXTURE> 12 7.074360e-02
<MEAN> 6
 8.423356e+01 5.400602e+02 4.319416e+02 -6.321451e-01 1.002803e+00 -7.311000e+01
<VARIANCE> 6
 3.171274e+01 1.309607e+04 1.362684e+04 2.998645e+02 4.044808e+04 5.191738e+07
<GCONST> 6.756012e+01
<MIXTURE> 13 6.165330e-02
<MEAN> 6
 8.746872e+01 -2.711420e+01 -1.232194e+02 -1.474180e-01 -8.119525e-01 -2.566485e+02
<VARIANCE> 6
 3.171274e+01 1.309607e+04 1.362684e+04 2.998645e+02 4.044808e+04 5.191738e+07
<GCONST> 6.756012e+01
<MIXTURE> 14 6.339770e-02
<MEAN> 6
 9.298012e+01 -5.601213e+02 -5.375449e+02 1.493509e+00 -3.204877e+00 -1.702747e+02
<VARIANCE> 6
 3.171274e+01 1.309607e+04 1.362684e+04 2.998645e+02 4.044808e+04 5.191738e+07
<GCONST> 6.756012e+01
<MIXTURE> 15 3.891400e-02
<MEAN> 6
 8.748660e+01 -6.696616e+01 -8.384112e+02 -2.256858e+00 -5.390964e+00 -2.007006e+02
<VARIANCE> 6
 3.171274e+01 1.364187e+04 1.362684e+04 2.998645e+02 4.044808e+04 5.191738e+07
<GCONST> 6.760094e+01
<STATE> 5
<NUMMIXES> 15
<MIXTURE> 1 8.395152e-02
<MEAN> 6
 1.281082e+02 3.792983e+02 1.665310e+03 -3.480064e+00 -1.333497e-02 2.586557e+01
<VARIANCE> 6
 3.171274e+01 1.468263e+04 1.362684e+04 2.998645e+02 4.044808e+04 5.191738e+07
<GCONST> 6.767447e+01
<MIXTURE> 2 6.860936e-02
<MEAN> 6
 1.057829e+02 2.591146e+02 1.270250e+03 -1.467670e-01 -3.330608e+01 1.817013e+02
<VARIANCE> 6
 3.171274e+01 1.465568e+04 1.362684e+04 2.998645e+02 4.044808e+04 5.191738e+07
<GCONST> 6.767262e+01
<MIXTURE> 3 7.962920e-02
<MEAN> 6
 9.463409e+01 -9.575814e+01 1.138771e+03 -2.819107e-01 -1.575294e+01 1.807719e+02
<VARIANCE> 6
 3.171274e+01 1.309607e+04 1.362684e+04 2.998645e+02 4.044808e+04 5.191738e+07
<GCONST> 6.756012e+01
<MIXTURE> 4 5.544442e-02
<MEAN> 6
 9.069442e+01 -1.453470e+01 6.129421e+02 -2.490928e+00 -2.399756e+00 -1.447214e+02
<VARIANCE> 6
 3.171274e+01 1.309607e+04 1.362684e+04 2.998645e+02 4.044808e+04 5.191738e+07
<GCONST> 6.756012e+01
<MIXTURE> 5 4.209323e-02
<MEAN> 6
 1.301158e+02 -2.037159e+03 5.598529e+01 -4.039441e+01 -3.008055e+01 -2.104739e+01
<VARIANCE> 6
 3.590511e+02 8.777302e+05 2.391746e+04 2.998645e+02 4.044808e+04 5.191738e+07
<GCONST> 7.475446e+01
<MIXTURE> 6 8.081486e-02
<MEAN> 6
 1.206759e+02 1.816930e+03 1.286721e+03 -9.458860e-01 -6.192818e-01 1.236055e+01
<VARIANCE> 6
 3.171274e+01 5.084690e+04 1.362684e+04 2.998645e+02 4.044808e+04 5.191738e+07
<GCONST> 6.891663e+01
<MIXTURE> 7 9.322813e-02
<MEAN> 6
 8.867519e+01 -3.590792e+02 3.779966e+02 -5.852205e-01 5.046576e+00 -1.792242e+02
<VARIANCE> 6
 3.171274e+01 1.309607e+04 1.362684e+04 2.998645e+02 4.044808e+04 5.191738e+07
<GCONST> 6.756012e+01
<MIXTURE> 8 6.179019e-02
<MEAN> 6
 9.899200e+01 -3.320475e+02 9.783124e+02 -1.006458e+00 3.945661e+00 -1.334209e+02
<VARIANCE> 6
 3.171274e+01 1.309607e+04 2.056941e+04 2.998645e+02 4.044808e+04 5.191738e+07
<GCONST> 6.797188e+01
<MIXTURE> 9 7.731672e-02
<MEAN> 6
 8.396630e+01 -4.616450e+01 4.754865e+02 -3.868473e+00 2.892137e+00 -1.645713e+02
<VARIANCE> 6
 3.171274e+01 1.309607e+04 1.362684e+04 2.998645e+02 4.044808e+04 5.191738e+07
<GCONST> 6.756012e+01
<MIXTURE> 10 7.359551e-02
<MEAN> 6
 9.010998e+01 -7.474008e+02 3.234613e+02 8.841330e-01 -3.746853e+01 -3.074997e+02
<VARIANCE> 6
 3.171274e+01 5.706935e+04 2.281517e+04 2.998645e+02 4.044808e+04 5.191738e+07
<GCONST> 6.954745e+01
<MIXTURE> 11 7.532421e-02
<MEAN> 6
 8.396500e+01 -4.624260e+01 4.754532e+02 -3.867450e+00 2.894397e+00 -1.645769e+02
<VARIANCE> 6
 3.171274e+01 1.309607e+04 1.362684e+04 2.998645e+02 4.044808e+04 5.191738e+07
<GCONST> 6.756012e+01
<MIXTURE> 12 6.863847e-02
<MEAN> 6
 9.849141e+01 -3.464634e+02 7.121578e+02 -2.468082e+00 -1.315579e+01 -4.351279e+01
<VARIANCE> 6
 3.171274e+01 1.309607e+04 3.432342e+04 2.998645e+02 4.044808e+04 5.191738e+07
<GCONST> 6.848390e+01
<MIXTURE> 13 4.192453e-02
<MEAN> 6
 1.239129e+02 1.793699e+03 7.413303e+02 -7.820300e+00 -4.061076e+00 3.846820e+02
<VARIANCE> 6
 3.171274e+01 1.521640e+05 2.978121e+04 2.998645e+02 4.044808e+04 5.191738e+07
<GCONST> 7.079460e+01
<MIXTURE> 14 4.299187e-02
<MEAN> 6
 1.346405e+02 1.002306e+02 9.152902e+02 -8.807931e+00 2.173834e+01 4.047067e+02
<VARIANCE> 6
 3.171274e+01 2.265254e+04 7.209699e+04 2.998645e+02 4.489147e+04 6.767621e+07
<GCONST> 7.014336e+01
<MIXTURE> 15 5.463751e-02
<MEAN> 6
 9.053535e+01 -1.621275e+01 6.077432e+02 -2.533046e+00 -2.300636e+00 -1.468751e+02
<VARIANCE> 6
 3.171274e+01 1.309607e+04 1.362684e+04 2.998645e+02 4.044808e+04 5.191738e+07
<GCONST> 6.756012e+01
<STATE> 6
<NUMMIXES> 15
<MIXTURE> 1 6.497139e-02
<MEAN> 6
 7.578898e+01 2.863880e+03 4.603206e+02 -2.269950e+00 -1.436230e+01 -6.674268e+01
<VARIANCE> 6
 3.171274e+01 1.309607e+04 1.362684e+04 2.998645e+02 4.044808e+04 5.191738e+07
<GCONST> 6.756012e+01
<MIXTURE> 2 6.052114e-02
<MEAN> 6
 7.302210e+01 1.301779e+03 -1.107099e+03 -1.866856e-01 -3.751816e+00 -9.185529e+01
<VARIANCE> 6
 3.171274e+01 1.309607e+04 1.362684e+04 2.998645e+02 4.044808e+04 5.191738e+07
<GCONST> 6.756012e+01
<MIXTURE> 3 8.144216e-02
<MEAN> 6
 8.138915e+01 1.811062e+03 7.634340e+01 -1.407774e+00 -8.033884e+00 -2.976035e+02
<VARIANCE> 6
 3.278188e+01 2.901689e+05 1.489992e+05 2.998645e+02 4.044808e+04 5.191738e+07
<GCONST> 7.308333e+01
<MIXTURE> 4 1.164713e-01
<MEAN> 6
 7.298771e+01 1.030546e+03 6.290043e+02 -1.836743e-02 -4.981322e-01 -9.575260e+01
<VARIANCE> 6
 3.171274e+01 6.189101e+04 1.362684e+04 2.998645e+02 4.044808e+04 5.191738e+07
<GCONST> 6.911317e+01
<MIXTURE> 5 8.191990e-02
<MEAN> 6
 8.715431e+01 1.105296e+03 -1.075535e+03 -2.964315e+00 -9.135666e-01 2.092781e+01
<VARIANCE> 6
 3.171274e+01 1.309607e+04 3.798861e+04 2.998645e+02 4.044808e+04 5.191738e+07
<GCONST> 6.858536e+01
<MIXTURE> 6 6.189422e-02
<MEAN> 6
 6.371213e+01 5.324554e+02 -1.117522e+02 -1.243135e+00 -8.047390e+00 -3.082167e+02
<VARIANCE> 6
 3.171274e+01 1.309607e+04 1.362684e+04 2.998645e+02 4.044808e+04 5.191738e+07
<GCONST> 6.756012e+01
<MIXTURE> 7 4.512946e-02
<MEAN> 6
 6.211585e+01 5.231874e+02 -6.302936e+02 9.367125e-01 1.015935e+00 8.768576e+00
<VARIANCE> 6
 3.171274e+01 3.588326e+04 1.362684e+04 2.998645e+02 4.044808e+04 5.191738e+07
<GCONST> 6.856807e+01
<MIXTURE> 8 6.598022e-02
<MEAN> 6
 6.538050e+01 9.249172e+02 -1.437183e+02 -2.779931e-01 2.558954e-01 -1.300513e+02
<VARIANCE> 6
 3.171274e+01 1.309607e+04 1.362684e+04 2.998645e+02 4.044808e+04 5.191738e+07
<GCONST> 6.756012e+01
<MIXTURE> 9 5.569793e-02
<MEAN> 6
 5.472649e+01 4.127674e+02 -2.215663e+02 6.517243e-01 -5.259168e+00 -1.610372e+02
<VARIANCE> 6
 3.171274e+01 1.309607e+04 1.362684e+04 2.998645e+02 4.044808e+04 5.191738e+07
<GCONST> 6.756012e+01
<MIXTURE> 10 5.702269e-02
<MEAN> 6
 8.878802e+01 1.013791e+03 -2.212224e+03 4.399483e-01 -1.519261e+01 2.704798e+01
<VARIANCE> 6
 3.171274e+01 1.309607e+04 2.122369e+04 2.998645e+02 4.044808e+04 5.191738e+07
<GCONST> 6.800319e+01
<MIXTURE> 11 6.526878e-02
<MEAN> 6
 6.540384e+01 9.094763e+02 -1.455262e+02 -3.771484e-01 -4.657606e-01 -1.310639e+02
<VARIANCE> 6
 3.171274e+01 1.309607e+04 1.362684e+04 2.998645e+02 4.044808e+04 5.191738e+07
<GCONST> 6.756012e+01
<MIXTURE> 12 8.372556e-02
<MEAN> 6
 6.732370e+01 4.570344e+02 -2.127338e+02 2.181757e-02 -8.871465e+00 -2.409755e+02
<VARIANCE> 6
 3.171274e+01 1.309607e+04 1.362684e+04 2.998645e+02 4.044808e+04 5.191738e+07
<GCONST> 6.756012e+01
<MIXTURE> 13 5.987957e-02
<MEAN> 6
 7.302196e+01 1.301781e+03 -1.107104e+03 -1.866092e-01 -3.751377e+00 -9.185104e+01
<VARIANCE> 6
 3.171274e+01 1.309607e+04 1.362684e+04 2.998645e+02 4.044808e+04 5.191738e+07
<GCONST> 6.756012e+01
<MIXTURE> 14 5.753458e-02
<MEAN> 6
 5.453388e+01 4.130794e+02 -2.253030e+02 6.783555e-01 -4.722127e+00 -1.539457e+02
<VARIANCE> 6
 3.171274e+01 1.309607e+04 1.362684e+04 2.998645e+02 4.044808e+04 5.191738e+07
<GCONST> 6.756012e+01
<MIXTURE> 15 4.252900e-02
<MEAN> 6
 7.865268e+01 2.828458e+03 -1.150319e+02 -3.056957e+00 -1.875330e+00 2.081271e+01
<VARIANCE> 6
 3.171274e+01 1.309607e+04 7.287284e+04 2.998645e+02 4.044808e+04 5.191738e+07
<GCONST> 6.923679e+01
<STATE> 7
<NUMMIXES> 15
<MIXTURE> 1 4.218846e-02
<MEAN> 6
 4.770832e+01 8.438953e+01 1.177377e+02 2.567660e+02 -3.365237e+02 -2.506015e+03
<VARIANCE> 6
 5.514598e+02 1.074660e+05 3.108500e+05 9.237819e+03 1.959316e+05 6.761534e+07
<GCONST> 8.091776e+01
<MIXTURE> 2 5.412229e-02
<MEAN> 6
 1.006505e+02 -8.042951e+01 -4.903326e+01 -4.371328e+01 -3.777364e+02 3.602436e+03
<VARIANCE> 6
 1.845175e+02 4.603002e+05 1.664468e+05 3.039656e+03 5.817593e+05 3.144669e+08
<GCONST> 8.216677e+01
<MIXTURE> 3 6.474172e-02
<MEAN> 6
 8.959081e+01 -8.156879e+01 -1.986971e+01 -3.493054e+00 -6.147008e+01 -6.268499e+02
<VARIANCE> 6
 2.734969e+02 1.269600e+05 5.560020e+04 3.540728e+02 4.439972e+04 5.191738e+07
<GCONST> 7.365178e+01
<MIXTURE> 4 3.260379e-02
<MEAN> 6
 9.005275e+01 4.620845e+01 1.878799e+02 3.195714e+01 -1.668975e+03 4.120913e+03
<VARIANCE> 6
 1.136130e+03 7.430896e+05 8.246853e+05 6.603990e+04 6.409918e+06 5.584995e+09
<GCONST> 9.441869e+01
<MIXTURE> 5 7.390297e-02
<MEAN> 6
 -4.798658e+01 4.795758e+01 -4.408364e+01 -1.152004e+02 1.856658e+03 -1.650740e+01
<VARIANCE> 6
 4.474550e+02 1.227035e+05 3.676353e+05 4.289315e+04 1.475871e+06 1.193861e+09
<GCONST> 8.743490e+01
<MIXTURE> 6 1.086435e-01
<MEAN> 6
 8.739263e+01 3.767032e+00 3.498245e+01 -1.049894e+01 -7.402921e+02 -1.413066e+03
<VARIANCE> 6
 1.873813e+02 5.752119e+04 4.844200e+04 1.513958e+04 1.913300e+05 6.266793e+07
<GCONST> 7.774862e+01
<MIXTURE> 7 7.274183e-02
<MEAN> 6
 -3.146590e+01 4.720292e+01 9.126287e+00 1.746947e+02 8.143530e+02 -1.119322e+03
<VARIANCE> 6
 2.787240e+02 1.243870e+05 6.375168e+04 4.023292e+03 2.343816e+05 5.191738e+07
<GCONST> 7.788112e+01
<MIXTURE> 8 4.674360e-02
<MEAN> 6
 3.512727e+00 3.072571e+01 8.155469e+01 -2.924961e+02 2.066081e+02 1.018553e+04
<VARIANCE> 6
 4.358575e+02 4.724471e+04 7.175696e+04 1.237431e+04 6.038833e+05 4.388999e+08
<GCONST> 8.168301e+01
<MIXTURE> 9 7.795996e-02
<MEAN> 6
 5.722600e+01 -2.386795e+01 1.228501e+02 -2.409476e+02 -9.418231e+02 1.127301e+03
<VARIANCE> 6
 3.398361e+02 9.035583e+04 2.313181e+05 8.397351e+03 4.236235e+05 9.392023e+07
<GCONST> 8.096901e+01
<MIXTURE> 10 9.540579e-02
<MEAN> 6
 -5.508190e+01 4.255666e+01 -1.633915e+01 1.097063e+01 3.024787e+02 4.428068e+02
<VARIANCE> 6
 2.135810e+02 8.218153e+04 1.072883e+05 1.326698e+03 1.137271e+05 5.191738e+07
<GCONST> 7.588841e+01
<MIXTURE> 11 5.017783e-02
<MEAN> 6
 3.560671e+00 2.992929e+01 2.003609e+00 3.342504e+02 3.961619e+02 -1.189080e+04
<VARIANCE> 6
 5.172993e+02 1.437242e+05 6.612486e+04 4.344255e+03 4.625876e+05 1.295531e+08
<GCONST> 8.035164e+01
<MIXTURE> 12 9.339094e-02
<MEAN> 6
 -4.550811e+01 4.095609e+01 -5.783185e+00 -3.743354e+01 9.469531e+02 -7.314806e+02
<VARIANCE> 6
 2.612076e+02 7.518483e+04 3.604946e+04 1.615475e+04 3.104758e+05 1.311998e+08
<GCONST> 7.934100e+01
<MIXTURE> 13 6.960422e-02
<MEAN> 6
 8.557189e+01 2.233112e+01 3.647739e+01 9.196852e+01 -1.129433e+03 -6.653816e+03
<VARIANCE> 6
 4.916730e+02 9.747789e+04 6.229927e+04 3.407039e+04 1.623765e+06 7.151471e+08
<GCONST> 8.487660e+01
<MIXTURE> 14 7.316778e-02
<MEAN> 6
 3.572436e+01 5.502358e+01 1.320834e+01 2.139250e+02 -1.639444e+02 -2.624526e+02
<VARIANCE> 6
 5.798528e+02 7.804827e+04 2.089189e+04 4.638995e+03 1.802754e+05 5.191738e+07
<GCONST> 7.691190e+01
<MIXTURE> 15 4.421783e-02
<MEAN> 6
 1.107801e+01 -4.242189e+01 -1.824211e+01 -3.385495e+02 -1.097450e+02 1.378478e+04
<VARIANCE> 6
 4.906032e+02 8.701130e+04 6.897846e+04 1.049655e+04 9.404717e+05 4.142184e+08
<GCONST> 8.259308e+01
<STATE> 8
<NUMMIXES> 15
<MIXTURE> 1 6.039613e-02
<MEAN> 6
 1.166016e+02 -4.853784e+02 2.553491e+03 -1.043507e+00 1.161402e+00 -1.272268e+02
<VARIANCE> 6
 3.171274e+01 1.309607e+04 2.434887e+04 2.998645e+02 4.044808e+04 5.191738e+07
<GCONST> 6.814056e+01
<MIXTURE> 2 3.164104e-02
<MEAN> 6
 9.058338e+01 1.210180e+03 2.894129e+02 -2.166539e+00 1.573821e+01 3.018610e+02
<VARIANCE> 6
 3.171274e+01 1.309607e+04 3.044381e+05 2.998645e+02 4.044808e+04 5.191738e+07
<GCONST> 7.066653e+01
<MIXTURE> 3 5.123398e-02
<MEAN> 6
 6.914949e+01 4.691960e+02 -1.102381e+03 -4.866788e+00 -1.746524e+00 -1.573530e+00
<VARIANCE> 6
 3.171274e+01 7.028109e+04 1.362684e+04 2.998645e+02 4.044808e+04 5.191738e+07
<GCONST> 6.924031e+01
<MIXTURE> 4 7.982451e-02
<MEAN> 6
 9.064054e+01 9.020906e+02 1.154483e+03 -4.844929e+00 -3.691947e-01 9.278704e+01
<VARIANCE> 6
 3.171274e+01 3.591625e+04 1.362684e+04 2.998645e+02 4.044808e+04 5.191738e+07
<GCONST> 6.856898e+01
<MIXTURE> 5 7.172985e-02
<MEAN> 6
 7.652846e+01 2.553573e+02 -5.642223e+02 -2.272727e-01 1.508245e+01 -1.830888e+02
<VARIANCE> 6
 3.171274e+01 1.309607e+04 1.362684e+04 2.998645e+02 4.044808e+04 5.191738e+07
<GCONST> 6.756012e+01
<MIXTURE> 6 8.991782e-02
<MEAN> 6
 8.553765e+01 -5.017697e+02 2.038524e+03 -4.343100e+00 -1.090866e+01 2.268201e+02
<VARIANCE> 6
 3.171274e+01 1.499301e+04 1.362684e+04 2.998645e+02 4.044808e+04 5.191738e+07
<GCONST> 6.769539e+01
<MIXTURE> 7 7.881408e-02
<MEAN> 6
 7.893407e+01 5.384571e+02 9.810545e+02 -3.902935e+00 2.042399e+00 9.143269e-02
<VARIANCE> 6
 3.171274e+01 1.309607e+04 1.362684e+04 2.998645e+02 4.044808e+04 5.191738e+07
<GCONST> 6.756012e+01
<MIXTURE> 8 3.940997e-02
<MEAN> 6
 8.712725e+01 7.891694e+02 9.666965e+01 2.687997e+01 5.487669e+00 -9.895746e+02
<VARIANCE> 6
 3.171274e+01 1.568509e+04 3.405064e+04 4.291122e+02 5.388638e+04 5.536031e+07
<GCONST> 6.936578e+01
<MIXTURE> 9 6.945927e-02
<MEAN> 6
 7.330480e+01 3.445122e+02 7.202646e+02 -2.007378e+00 -7.619784e+00 1.679264e+02
<VARIANCE> 6
 3.171274e+01 1.309607e+04 1.362684e+04 2.998645e+02 4.044808e+04 5.191738e+07
<GCONST> 6.756012e+01
<MIXTURE> 10 1.025643e-01
<MEAN> 6
 6.545206e+01 -2.705602e+02 -1.285226e+03 2.499165e+00 -5.293971e+00 1.947349e+01
<VARIANCE> 6
 3.171274e+01 1.309607e+04 1.362684e+04 2.998645e+02 4.044808e+04 5.191738e+07
<GCONST> 6.756012e+01
<MIXTURE> 11 8.212380e-02
<MEAN> 6
 8.512040e+01 7.784387e+02 -5.041479e+02 -6.849173e+00 2.449953e+00 3.015178e+02
<VARIANCE> 6
 3.171274e+01 1.849909e+05 1.479367e+04 2.998645e+02 4.044808e+04 5.191738e+07
<GCONST> 7.029027e+01
<MIXTURE> 12 5.484216e-02
<MEAN> 6
 7.032523e+01 1.072018e+02 -5.361892e+02 7.038015e+00 -5.375923e+00 -5.683369e+01
<VARIANCE> 6
 3.171274e+01 1.309607e+04 1.362684e+04 2.998645e+02 4.044808e+04 5.191738e+07
<GCONST> 6.756012e+01
<MIXTURE> 13 5.796421e-02
<MEAN> 6
 1.184227e+02 -4.568689e+02 2.281850e+03 -1.438774e+00 2.280101e+00 -3.639699e+02
<VARIANCE> 6
 3.171274e+01 1.309607e+04 1.746745e+04 2.998645e+02 4.044808e+04 5.191738e+07
<GCONST> 6.780841e+01
<MIXTURE> 14 6.265349e-02
<MEAN> 6
 7.278790e+01 3.261369e+02 6.696812e+02 -2.949739e+00 -1.793752e+01 1.448902e+02
<VARIANCE> 6
 3.171274e+01 1.309607e+04 1.362684e+04 2.998645e+02 4.044808e+04 5.191738e+07
<GCONST> 6.756012e+01
<MIXTURE> 15 6.742182e-02
<MEAN> 6
 9.160404e+01 7.018079e+02 -6.544038e+01 4.509836e-03 -1.718476e+01 5.465417e+02
<VARIANCE> 6
 3.171274e+01 1.309607e+04 1.362684e+04 2.998645e+02 4.044808e+04 5.191738e+07
<GCONST> 6.756012e+01
<STATE> 9
<NUMMIXES> 15
<MIXTURE> 1 8.971936e-02
<MEAN> 6
 9.729836e+01 -6.348833e+02 5.581107e+02 1.261571e-01 -1.634547e+00 -1.570809e+02
<VARIANCE> 6
 3.171274e+01 1.309607e+04 1.362684e+04 2.998645e+02 4.044808e+04 5.191738e+07
<GCONST> 6.756012e+01
<MIXTURE> 2 9.657632e-02
<MEAN> 6
 9.019264e+01 -1.402678e+03 8.250359e+02 -3.250874e-02 1.557276e+00 -1.357053e+02
<VARIANCE> 6
 3.171274e+01 1.309607e+04 1.362684e+04 2.998645e+02 4.044808e+04 5.191738e+07
<GCONST> 6.756012e+01
<MIXTURE> 3 4.931491e-02
<MEAN> 6
 7.647809e+01 -2.369619e+02 -5.344362e+02 1.805693e+00 -3.528616e+01 -4.106736e+02
<VARIANCE> 6
 3.171274e+01 1.565753e+04 1.362684e+04 2.998645e+02 4.044808e+04 5.191738e+07
<GCONST> 6.773875e+01
<MIXTURE> 4 8.296095e-03
<MEAN> 6
 1.133669e+02 -7.480918e+02 -2.393505e+02 -1.680647e+01 4.017185e+02 -3.783976e+03
<VARIANCE> 6
 3.847701e+02 6.324142e+05 3.547162e+05 4.805985e+02 2.412117e+05 3.468946e+08
<GCONST> 8.134927e+01
<MIXTURE> 5 7.689436e-02
<MEAN> 6
 7.521067e+01 -1.082764e+03 3.599041e+02 2.554493e+00 2.954024e+01 -5.954507e+02
<VARIANCE> 6
 3.171274e+01 1.410983e+04 5.475365e+04 2.998645e+02 4.044808e+04 5.191738e+07
<GCONST> 6.902548e+01
<MIXTURE> 6 6.338130e-02
<MEAN> 6
 9.785052e+01 -6.161686e+02 7.759695e+01 2.513420e+00 -2.398866e+01 2.337493e+02
<VARIANCE> 6
 3.171274e+01 1.309607e+04 1.988985e+04 2.998645e+02 4.044808e+04 5.191738e+07
<GCONST> 6.793828e+01
<MIXTURE> 7 9.161301e-02
<MEAN> 6
 5.917159e+01 -1.420188e+03 -6.788435e+02 8.900915e+00 -1.940450e+01 -3.284816e+01
<VARIANCE> 6
 1.273580e+02 1.309607e+04 1.362684e+04 4.193701e+02 4.044808e+04 5.191738e+07
<GCONST> 6.928583e+01
<MIXTURE> 8 6.108641e-02
<MEAN> 6
 8.536211e+01 -5.294010e+02 -3.596501e+02 -1.420874e+00 1.148287e+01 -2.626338e+02
<VARIANCE> 6
 3.171274e+01 1.309607e+04 1.362684e+04 2.998645e+02 4.044808e+04 5.191738e+07
<GCONST> 6.756012e+01
<MIXTURE> 9 5.226432e-02
<MEAN> 6
 5.558243e+01 -1.047037e+03 -4.063574e+02 9.221410e-01 1.583078e+01 -1.174443e+02
<VARIANCE> 6
 3.171274e+01 2.915192e+04 1.362684e+04 2.998645e+02 4.044808e+04 5.191738e+07
<GCONST> 6.836032e+01
<MIXTURE> 10 8.427974e-02
<MEAN> 6
 9.708493e+01 -8.833712e+02 -8.118986e+01 -3.361146e-01 -4.546355e+00 1.715248e+02
<VARIANCE> 6
 3.171274e+01 1.309607e+04 1.362684e+04 2.998645e+02 4.044808e+04 5.191738e+07
<GCONST> 6.756012e+01
<MIXTURE> 11 8.505689e-02
<MEAN> 6
 7.634734e+01 -9.652859e+02 -1.529676e+02 -1.865647e+00 -2.834739e+00 6.260207e+02
<VARIANCE> 6
 3.171274e+01 1.309607e+04 6.472658e+04 2.998645e+02 4.044808e+04 5.191738e+07
<GCONST> 6.911824e+01
<MIXTURE> 12 5.570868e-02
<MEAN> 6
 7.779463e+01 -1.873866e+03 -8.052138e+02 1.063509e+00 -3.091370e+00 -2.803281e+02
<VARIANCE> 6
 3.171274e+01 1.590027e+04 1.362684e+04 2.998645e+02 4.044808e+04 5.191738e+07
<GCONST> 6.775414e+01
<MIXTURE> 13 5.105637e-02
<MEAN> 6
 8.540845e+01 -1.292666e+03 -4.236849e+02 -4.836983e+00 2.547341e+00 6.062502e+01
<VARIANCE> 6
 3.171274e+01 3.352971e+04 1.362684e+04 2.998645e+02 4.044808e+04 5.191738e+07
<GCONST> 6.850023e+01
<MIXTURE> 14 7.926948e-02
<MEAN> 6
 9.498151e+01 -6.247220e+02 -1.336858e+02 -1.880939e+00 -7.752750e+00 2.006249e+02
<VARIANCE> 6
 3.171274e+01 1.309607e+04 1.362684e+04 2.998645e+02 4.044808e+04 5.191738e+07
<GCONST> 6.756012e+01
<MIXTURE> 15 5.545657e-02
<MEAN> 6
 7.438050e+01 -3.188612e+02 -5.942733e+02 3.305292e-01 -8.213317e+00 3.617889e+01
<VARIANCE> 6
 3.171274e+01 1.309607e+04 1.362684e+04 2.998645e+02 4.044808e+04 5.191738e+07
<GCONST> 6.756012e+01
<STATE> 10
<NUMMIXES> 15
<MIXTURE> 1 4.064418e-02
<MEAN> 6
 6.856339e+01 -1.996352e+01 5.179011e+02 6.613099e-01 -1.230877e+00 -1.042400e+02
<VARIANCE> 6
 3.171274e+01 1.309607e+04 1.362684e+04 2.998645e+02 4.044808e+04 5.191738e+07
<GCONST> 6.756012e+01
<MIXTURE> 2 7.833732e-02
<MEAN> 6
 1.169937e+02 1.572054e+02 2.590098e+02 -4.314677e+00 -1.793265e+01 3.123247e+02
<VARIANCE> 6
 1.609095e+02 1.791069e+04 1.362684e+04 2.998645e+02 4.044808e+04 5.191738e+07
<GCONST> 6.949731e+01
<MIXTURE> 3 8.961529e-02
<MEAN> 6
 7.205621e+01 6.603538e+01 4.743187e+01 -1.102911e+01 -7.290614e+00 2.839407e+02
<VARIANCE> 6
 3.171274e+01 1.309607e+04 1.449831e+04 2.998645e+02 4.044808e+04 5.191738e+07
<GCONST> 6.762210e+01
<MIXTURE> 4 7.805412e-02
<MEAN> 6
 1.053107e+02 -3.781123e+02 2.074643e+02 -8.063725e+00 -2.610610e+01 2.802087e+02
<VARIANCE> 6
 3.561168e+01 1.641097e+04 1.362684e+04 2.998645e+02 4.044808e+04 5.191738e+07
<GCONST> 6.790170e+01
<MIXTURE> 5 7.079388e-02
<MEAN> 6
 9.564852e+01 1.377804e+02 5.350572e+01 -2.709064e+00 3.082748e+00 8.393468e+01
<VARIANCE> 6
 3.171274e+01 1.309607e+04 1.662299e+04 2.998645e+02 4.044808e+04 5.191738e+07
<GCONST> 6.775887e+01
<MIXTURE> 6 7.772400e-02
<MEAN> 6
 1.078569e+02 -3.349842e+01 3.630676e+02 -8.847130e-01 -8.330182e+00 2.384489e+01
<VARIANCE> 6
 3.171274e+01 1.309607e+04 1.362684e+04 2.998645e+02 4.044808e+04 5.191738e+07
<GCONST> 6.756012e+01
<MIXTURE> 7 1.970395e-02
<MEAN> 6
 9.322827e+01 -7.380628e+01 3.507789e+02 -1.208847e+00 -2.359396e+01 9.426221e+00
<VARIANCE> 6
 3.171274e+01 1.569261e+05 6.936948e+04 2.998645e+02 4.044808e+04 5.191738e+07
<GCONST> 7.167099e+01
<MIXTURE> 8 5.788498e-02
<MEAN> 6
 8.880533e+01 -2.997535e+02 1.197014e+02 -4.640897e+00 8.677704e+00 -5.227263e+00
<VARIANCE> 6
 3.171274e+01 1.531290e+04 1.362684e+04 2.998645e+02 4.044808e+04 5.191738e+07
<GCONST> 6.771649e+01
<MIXTURE> 9 9.541123e-02
<MEAN> 6
 9.162206e+01 -3.941216e+01 9.911672e+01 -2.706926e+00 -5.995004e+00 -6.046087e+01
<VARIANCE> 6
 3.171274e+01 1.722313e+04 1.362684e+04 2.998645e+02 4.044808e+04 5.191738e+07
<GCONST> 6.783406e+01
<MIXTURE> 10 2.814570e-02
<MEAN> 6
 9.532761e+01 -3.795557e+02 7.123493e+02 -1.281716e+01 1.080344e+01 7.597912e+01
<VARIANCE> 6
 7.734869e+01 1.309607e+04 1.362684e+04 2.998645e+02 4.044808e+04 5.191738e+07
<GCONST> 6.845172e+01
<MIXTURE> 11 5.729863e-02
<MEAN> 6
 7.286446e+01 3.424997e+01 -1.937880e+02 -1.860250e+00 1.093005e+01 -1.264120e+01
<VARIANCE> 6
 3.171274e+01 1.309607e+04 3.987078e+04 2.998645e+02 4.044808e+04 5.191738e+07
<GCONST> 6.863371e+01
<MIXTURE> 12 7.162403e-02
<MEAN> 6
 1.109492e+02 -4.852964e+01 2.528791e+02 -4.665604e+00 3.215134e+00 2.365862e+02
<VARIANCE> 6
 3.171274e+01 1.309607e+04 1.362684e+04 2.998645e+02 4.044808e+04 5.191738e+07
<GCONST> 6.756012e+01
<MIXTURE> 13 1.054560e-01
<MEAN> 6
 9.414977e+01 -1.046889e+02 5.828080e+01 -2.840824e+00 -7.953143e-01 -7.738421e+01
<VARIANCE> 6
 3.176821e+01 1.309607e+04 1.362684e+04 2.998645e+02 4.044808e+04 5.191738e+07
<GCONST> 6.756186e+01
<MIXTURE> 14 6.904707e-02
<MEAN> 6
 9.601257e+01 1.287926e+02 2.234958e+01 -2.530892e+00 4.125011e+00 5.573600e+01
<VARIANCE> 6
 3.171274e+01 1.309607e+04 1.362684e+04 2.998645e+02 4.044808e+04 5.191738e+07
<GCONST> 6.756012e+01
<MIXTURE> 15 6.022035e-02
<MEAN> 6
 8.747585e+01 -3.510522e+02 1.184370e+02 -5.049525e+00 1.533800e+01 1.231519e+01
<VARIANCE> 6
 3.171274e+01 1.322263e+04 1.362684e+04 2.998645e+02 4.044808e+04 5.191738e+07
<GCONST> 6.756973e+01
<STATE> 11
<NUMMIXES> 15
<MIXTURE> 1 3.245326e-02
<MEAN> 6
 9.686299e+01 -1.661636e+03 7.922129e+01 -4.782161e+00 2.609638e+00 -3.216516e+02
<VARIANCE> 6
 3.171274e+01 1.465268e+04 3.588475e+04 2.998645e+02 4.044808e+04 5.191738e+07
<GCONST> 6.864070e+01
<MIXTURE> 2 2.008955e-02
<MEAN> 6
 8.276751e+01 -8.781602e+03 2.067807e+03 -1.113878e+01 -1.203216e+01 5.298876e+02
<VARIANCE> 6
 3.171274e+01 1.309607e+04 1.407876e+04 2.998645e+02 4.044808e+04 5.191738e+07
<GCONST> 6.759274e+01
<MIXTURE> 3 5.872202e-02
<MEAN> 6
 1.193480e+02 -8.306330e+02 -8.525844e+01 -6.906471e+00 -6.793317e+00 9.603156e+01
<VARIANCE> 6
 3.342291e+01 1.109745e+05 7.853329e+04 2.998645e+02 4.044808e+04 5.191738e+07
<GCONST> 7.150111e+01
<MIXTURE> 4 7.517715e-02
<MEAN> 6
 7.320398e+01 -8.962297e+03 1.318383e+03 -2.706666e-01 -2.811645e+00 -1.738940e+02
<VARIANCE> 6
 3.171274e+01 1.525452e+04 1.018681e+05 2.998645e+02 4.044808e+04 5.191738e+07
<GCONST> 6.972432e+01
<MIXTURE> 5 8.472383e-02
<MEAN> 6
 9.856310e+01 1.509126e+03 -2.477157e+02 -4.491524e+00 2.234977e+00 -9.888106e+01
<VARIANCE> 6
 3.171274e+01 1.040306e+05 1.362684e+04 2.998645e+02 4.044808e+04 5.191738e+07
<GCONST> 6.963249e+01
<MIXTURE> 6 7.942291e-02
<MEAN> 6
 9.945279e+01 4.432735e+02 -2.223491e+02 -1.641038e-01 -4.587821e+01 4.254626e+02
<VARIANCE> 6
 3.171274e+01 2.930929e+04 1.362684e+04 2.998645e+02 4.044808e+04 5.191738e+07
<GCONST> 6.836571e+01
<MIXTURE> 7 7.232170e-02
<MEAN> 6
 1.097647e+02 5.693077e+01 -3.865477e+02 -1.714714e+00 -7.203061e+00 -7.074797e+01
<VARIANCE> 6
 3.171274e+01 1.611007e+04 1.362684e+04 2.998645e+02 4.044808e+04 5.191738e+07
<GCONST> 6.776724e+01
<MIXTURE> 8 3.881860e-02
<MEAN> 6
 1.095909e+02 -1.199147e+03 -8.694312e+02 -2.267649e+00 -3.457100e+01 -5.151261e+02
<VARIANCE> 6
 3.171274e+01 1.309607e+04 1.362684e+04 2.998645e+02 4.044808e+04 5.191738e+07
<GCONST> 6.756012e+01
<MIXTURE> 9 5.819916e-02
<MEAN> 6
 1.058086e+02 1.004880e+03 -3.890956e+02 -4.310866e+00 -3.124557e+01 2.143889e+02
<VARIANCE> 6
 3.171274e+01 2.679307e+04 1.702532e+04 2.998645e+02 4.044808e+04 5.191738e+07
<GCONST> 6.849861e+01
<MIXTURE> 10 7.042958e-02
<MEAN> 6
 1.010451e+02 -2.658457e+03 -2.319509e+02 -4.392837e+00 -1.500032e+01 -3.907251e+02
<VARIANCE> 6
 3.171274e+01 2.015305e+05 1.362684e+04 2.998645e+02 4.044808e+04 5.191738e+07
<GCONST> 7.029375e+01
<MIXTURE> 11 1.168050e-01
<MEAN> 6
 1.088145e+02 -8.511312e+02 4.305461e+01 -5.118905e+00 2.074637e+00 -5.062637e+01
<VARIANCE> 6
 3.171274e+01 3.167033e+04 4.324827e+04 2.998645e+02 4.044808e+04 5.191738e+07
<GCONST> 6.959810e+01
<MIXTURE> 12 1.087269e-01
<MEAN> 6
 9.436454e+01 2.626003e+02 -5.557905e+02 -1.695528e+00 -3.042341e+00 8.300546e+01
<VARIANCE> 6
 3.171274e+01 1.309607e+04 1.986311e+04 2.998645e+02 4.044808e+04 5.191738e+07
<GCONST> 6.793694e+01
<MIXTURE> 13 6.254438e-02
<MEAN> 6
 9.035505e+01 -8.187658e+01 -4.080526e+02 -3.266726e+00 -1.800033e+00 4.268037e+01
<VARIANCE> 6
 4.822591e+01 1.309607e+04 1.362684e+04 2.998645e+02 4.044808e+04 5.191738e+07
<GCONST> 6.797929e+01
<MIXTURE> 14 6.296141e-02
<MEAN> 6
 9.888988e+01 -3.793270e+03 1.974423e+00 -2.852663e+00 1.183607e+01 -4.578470e+01
<VARIANCE> 6
 3.171274e+01 1.063419e+05 1.362684e+04 2.998645e+02 4.044808e+04 5.191738e+07
<GCONST> 6.965446e+01
<MIXTURE> 15 5.859131e-02
<MEAN> 6
 9.776892e+01 2.204935e+02 -2.571037e+02 7.725918e+00 4.835832e+00 -8.817201e+02
<VARIANCE> 6
 3.171274e+01 3.183831e+04 1.362684e+04 7.380330e+02 1.170785e+05 6.425570e+07
<GCONST> 7.062517e+01
<STATE> 12
<NUMMIXES> 15
<MIXTURE> 1 1.418192e-02
<MEAN> 6
 -4.471177e+00 -4.364070e+02 -3.708672e-01 9.276805e+00 3.512243e+01 5.278319e+03
<VARIANCE> 6
 8.850270e+03 7.371962e+05 1.263935e+06 1.565251e+06 8.529859e+08 1.235899e+12
<GCONST> 1.103464e+02
<MIXTURE> 2 4.579203e-02
<MEAN> 6
 -1.892631e+01 9.036841e+01 6.931612e+01 2.638275e+02 7.394929e+02 -7.392851e+03
<VARIANCE> 6
 2.745751e+02 6.358967e+05 1.735361e+05 5.880188e+03 3.398820e+05 7.503637e+07
<GCONST> 8.161861e+01
<MIXTURE> 3 4.008340e-02
<MEAN> 6
 2.155263e+01 1.403530e+03 -4.488207e+02 -3.600076e+01 -2.584734e+02 -7.608910e+01
<VARIANCE> 6
 6.247477e+03 2.927050e+07 1.919993e+06 5.628616e+04 2.688136e+06 2.557766e+09
<GCONST> 9.883208e+01
<MIXTURE> 4 5.851142e-02
<MEAN> 6
 1.142050e+02 2.144987e+02 2.303925e+02 -1.089338e+01 -2.585890e+01 -2.800538e+02
<VARIANCE> 6
 3.339252e+02 4.100272e+06 1.273750e+05 2.998645e+02 4.044808e+04 5.191738e+07
<GCONST> 7.789590e+01
<MIXTURE> 5 7.633904e-02
<MEAN> 6
 -4.015588e+01 -1.129011e+02 4.350159e+01 -1.570971e+02 1.336265e+03 4.013522e+03
<VARIANCE> 6
 8.774773e+02 6.987773e+05 6.465340e+05 4.501034e+04 1.465786e+06 9.501990e+08
<GCONST> 9.022551e+01
<MIXTURE> 6 1.016551e-01
<MEAN> 6
 1.709841e+01 3.152270e+02 3.198579e+01 3.425781e+01 8.083566e+01 -6.397207e+01
<VARIANCE> 6
 8.888955e+02 3.969829e+05 4.461091e+04 4.882388e+04 1.306513e+05 5.932554e+07
<GCONST> 8.188943e+01
<MIXTURE> 7 9.927568e-02
<MEAN> 6
 -5.744280e+01 1.632590e+02 2.457067e+01 4.405977e+00 1.379238e+02 2.482110e+02
<VARIANCE> 6
 3.666498e+02 5.624962e+05 1.749500e+05 6.744015e+02 6.662351e+04 5.191738e+07
<GCONST> 7.762987e+01
<MIXTURE> 8 5.689081e-02
<MEAN> 6
 1.088941e+02 2.132932e+02 -1.262759e+01 4.729507e+01 -1.092897e+03 -1.489131e+03
<VARIANCE> 6
 8.020848e+02 1.071542e+06 1.760811e+05 2.730311e+04 3.227238e+06 2.194335e+09
<GCONST> 9.038882e+01
<MIXTURE> 9 6.610580e-02
<MEAN> 6
 9.256638e+01 -1.361526e+02 6.681490e+01 -5.813231e+00 -2.746229e+01 -1.645379e+02
<VARIANCE> 6
 1.837421e+02 3.828233e+05 1.973386e+05 2.998645e+02 4.044808e+04 5.191738e+07
<GCONST> 7.536507e+01
<MIXTURE> 10 8.255678e-02
<MEAN> 6
 7.754505e+01 1.534536e+02 8.568106e+01 2.853816e-01 -4.655208e+02 -4.783132e+02
<VARIANCE> 6
 5.698661e+02 3.810169e+05 1.176733e+05 3.330470e+04 1.030217e+05 5.191738e+07
<GCONST> 8.162024e+01
<MIXTURE> 11 5.694392e-02
<MEAN> 6
 6.237002e+01 2.588742e+01 -1.053252e+01 9.288660e+01 -4.115395e+02 -2.025581e+03
<VARIANCE> 6
 1.070402e+03 6.255718e+05 9.890071e+05 5.172826e+04 4.888052e+05 2.107243e+08
<GCONST> 8.827347e+01
<MIXTURE> 12 9.766160e-02
<MEAN> 6
 -5.339911e+01 6.187514e+01 -1.869450e-01 2.177831e+01 8.967172e+02 3.048297e+02
<VARIANCE> 6
 2.274364e+02 4.874554e+05 1.590128e+05 1.423296e+04 2.335613e+05 1.332570e+08
<GCONST> 8.216013e+01
<MIXTURE> 13 7.826389e-02
<MEAN> 6
 8.659468e+01 -3.054060e+02 -1.356799e+02 -6.515071e+01 -8.353911e+02 -3.803382e+02
<VARIANCE> 6
 6.169503e+02 7.815004e+05 1.798218e+05 2.444184e+04 3.009176e+05 1.103828e+08
<GCONST> 8.435885e+01
<MIXTURE> 14 6.806802e-02
<MEAN> 6
 8.381358e+01 -1.830510e+02 -3.913231e+02 -2.992279e+00 -1.452127e+01 -4.399381e+02
<VARIANCE> 6
 3.003073e+02 8.092198e+05 1.201217e+05 2.998645e+02 4.044808e+04 5.191738e+07
<GCONST> 7.610843e+01
<MIXTURE> 15 5.735741e-02
<MEAN> 6
 4.370998e+01 -2.876967e+02 4.019862e+01 -1.173138e+02 -7.186415e+02 4.477121e+03
<VARIANCE> 6
 1.010723e+03 4.428493e+05 4.967826e+05 7.414787e+04 6.632270e+05 3.162370e+08
<GCONST> 8.825327e+01
<TRANSP> 13
 0.000000e+00 1.000000e+00 0.000000e+00 0.000000e+00 0.000000e+00 0.000000e+00 0.000000e+00 0.000000e+00 0.000000e+00 0.000000e+00 0.000000e+00 0.000000e+00 0.000000e+00
 0.000000e+00 9.997821e-01 2.178920e-04 0.000000e+00 0.000000e+00 0.000000e+00 0.000000e+00 0.000000e+00 0.000000e+00 0.000000e+00 0.000000e+00 0.000000e+00 0.000000e+00
 0.000000e+00 0.000000e+00 9.993420e-01 6.580116e-04 0.000000e+00 0.000000e+00 0.000000e+00 0.000000e+00 0.000000e+00 0.000000e+00 0.000000e+00 0.000000e+00 0.000000e+00
 0.000000e+00 0.000000e+00 0.000000e+00 9.981970e-01 1.803068e-03 0.000000e+00 0.000000e+00 0.000000e+00 0.000000e+00 0.000000e+00 0.000000e+00 0.000000e+00 0.000000e+00
 0.000000e+00 0.000000e+00 0.000000e+00 0.000000e+00 9.963742e-01 3.625714e-03 0.000000e+00 0.000000e+00 0.000000e+00 0.000000e+00 0.000000e+00 0.000000e+00 0.000000e+00
 0.000000e+00 0.000000e+00 0.000000e+00 0.000000e+00 0.000000e+00 9.984115e-01 1.588428e-03 0.000000e+00 0.000000e+00 0.000000e+00 0.000000e+00 0.000000e+00 0.000000e+00
 0.000000e+00 0.000000e+00 0.000000e+00 0.000000e+00 0.000000e+00 0.000000e+00 9.999058e-01 9.417849e-05 0.000000e+00 0.000000e+00 0.000000e+00 0.000000e+00 0.000000e+00
 0.000000e+00 0.000000e+00 0.000000e+00 0.000000e+00 0.000000e+00 0.000000e+00 0.000000e+00 9.966450e-01 3.354919e-03 0.000000e+00 0.000000e+00 0.000000e+00 0.000000e+00
 0.000000e+00 0.000000e+00 0.000000e+00 0.000000e+00 0.000000e+00 0.000000e+00 0.000000e+00 0.000000e+00 9.976310e-01 2.369011e-03 0.000000e+00 0.000000e+00 0.000000e+00
 0.000000e+00 0.000000e+00 0.000000e+00 0.000000e+00 0.000000e+00 0.000000e+00 0.000000e+00 0.000000e+00 0.000000e+00 9.985158e-01 1.484137e-03 0.000000e+00 0.000000e+00
 0.000000e+00 0.000000e+00 0.000000e+00 0.000000e+00 0.000000e+00 0.000000e+00 0.000000e+00 0.000000e+00 0.000000e+00 0.000000e+00 9.983242e-01 1.675804e-03 0.000000e+00
 0.000000e+00 0.000000e+00 0.000000e+00 0.000000e+00 0.000000e+00 0.000000e+00 0.000000e+00 0.000000e+00 0.000000e+00 0.000000e+00 0.000000e+00 9.998432e-01 1.567778e-04
 0.000000e+00 0.000000e+00 0.000000e+00 0.000000e+00 0.000000e+00 0.000000e+00 0.000000e+00 0.000000e+00 0.000000e+00 0.000000e+00 0.000000e+00 0.000000e+00 0.000000e+00
<ENDHMM>
~h "SegundoESO"
<BEGINHMM>
<NUMSTATES> 13
<STATE> 2
<NUMMIXES> 15
<MIXTURE> 1 4.924555e-02
<MEAN> 6
 7.174863e+01 1.320487e+04 -1.200219e+03 -6.885815e-01 -3.620636e+00 -1.660024e+02
<VARIANCE> 6
 3.171274e+01 1.309607e+04 1.362684e+04 2.998645e+02 4.044808e+04 5.191738e+07
<GCONST> 6.756012e+01
<MIXTURE> 2 6.127240e-02
<MEAN> 6
 7.208363e+01 -1.372297e+02 2.448013e+02 -4.129318e-01 -5.516776e+00 -1.075207e+02
<VARIANCE> 6
 3.171274e+01 1.978014e+04 1.362684e+04 2.998645e+02 4.044808e+04 5.191738e+07
<GCONST> 6.797247e+01
<MIXTURE> 3 5.540105e-02
<MEAN> 6
 6.881610e+01 -2.331691e+03 1.526775e+02 -1.823950e-01 -5.929957e+00 -1.688726e+01
<VARIANCE> 6
 3.171274e+01 9.430728e+04 4.867257e+05 2.998645e+02 4.044808e+04 5.191738e+07
<GCONST> 7.311002e+01
<MIXTURE> 4 7.313139e-02
<MEAN> 6
 6.601211e+01 -1.159871e+03 1.220750e+02 7.117583e-01 -2.785799e+00 -9.198016e+01
<VARIANCE> 6
 3.171274e+01 1.364468e+05 3.674571e+04 2.998645e+02 4.044808e+04 5.191738e+07
<GCONST> 7.089572e+01
<MIXTURE> 5 4.980734e-02
<MEAN> 6
 6.505730e+01 -6.738658e+02 -5.340755e+02 3.857458e-01 -8.134113e+00 -7.861881e+01
<VARIANCE> 6
 3.171274e+01 1.309607e+04 6.874122e+04 2.998645e+02 4.044808e+04 5.191738e+07
<GCONST> 6.917842e+01
<MIXTURE> 6 8.227344e-02
<MEAN> 6
 6.055774e+01 -2.704518e+02 -2.763392e+02 2.525650e-01 -1.695112e+00 -1.188960e+02
<VARIANCE> 6
 3.171274e+01 1.309607e+04 3.080222e+04 2.998645e+02 4.044808e+04 5.191738e+07
<GCONST> 6.837566e+01
<MIXTURE> 7 2.920136e-02
<MEAN> 6
 5.939912e+01 -1.304466e+02 -8.988622e+02 -1.344831e+00 5.608836e+00 -1.341541e+01
<VARIANCE> 6
 3.171274e+01 1.020265e+05 1.362684e+04 2.998645e+02 4.044808e+04 5.191738e+07
<GCONST> 6.961304e+01
<MIXTURE> 8 8.469854e-02
<MEAN> 6
 6.672134e+01 -3.983133e+02 3.176386e+02 -2.370169e-01 -4.072615e+00 -8.803862e+01
<VARIANCE> 6
 3.171274e+01 1.309607e+04 1.362684e+04 2.998645e+02 4.044808e+04 5.191738e+07
<GCONST> 6.756012e+01
<MIXTURE> 9 7.491159e-02
<MEAN> 6
 6.266640e+01 -5.479651e+02 1.826628e+01 -5.552294e-01 -3.750891e+00 -1.651811e+02
<VARIANCE> 6
 3.171274e+01 2.869213e+04 1.362684e+04 2.998645e+02 4.044808e+04 5.191738e+07
<GCONST> 6.834442e+01
<MIXTURE> 10 7.565974e-02
<MEAN> 6
 6.080259e+01 -1.340923e+02 1.946254e+02 -6.709646e-02 -2.196826e+00 -1.343296e+02
<VARIANCE> 6
 3.171274e+01 1.309607e+04 1.362684e+04 2.998645e+02 4.044808e+04 5.191738e+07
<GCONST> 6.756012e+01
<MIXTURE> 11 8.348214e-02
<MEAN> 6
 5.940323e+01 -3.141115e+02 -4.280870e+02 -5.178083e-02 6.864225e-01 -7.889577e+01
<VARIANCE> 6
 3.171274e+01 1.309607e+04 5.626066e+04 2.998645e+02 4.044808e+04 5.191738e+07
<GCONST> 6.897807e+01
<MIXTURE> 12 8.289512e-02
<MEAN> 6
 6.671804e+01 -3.983241e+02 3.174777e+02 -2.376359e-01 -4.071643e+00 -8.805030e+01
<VARIANCE> 6
 3.171274e+01 1.309607e+04 1.362684e+04 2.998645e+02 4.044808e+04 5.191738e+07
<GCONST> 6.756012e+01
<MIXTURE> 13 7.029392e-02
<MEAN> 6
 6.525112e+01 -2.084301e+03 -4.408079e+02 -2.446177e-01 -1.799429e+00 -1.414936e+02
<VARIANCE> 6
 3.171274e+01 1.173482e+05 1.671204e+04 2.998645e+02 4.044808e+04 5.191738e+07
<GCONST> 6.995703e+01
<MIXTURE> 14 7.685447e-02
<MEAN> 6
 6.438672e+01 -7.579593e+02 -2.757405e+01 3.164070e-01 -3.953488e+00 -1.258933e+02
<VARIANCE> 6
 3.171274e+01 5.435687e+04 1.362684e+04 2.998645e+02 4.044808e+04 5.191738e+07
<GCONST> 6.898337e+01
<MIXTURE> 15 5.079208e-02
<MEAN> 6
 6.431049e+01 -7.206530e+02 -5.546548e+02 4.229001e-01 -8.787543e+00 -1.001817e+02
<VARIANCE> 6
 3.171274e+01 1.309607e+04 3.802210e+04 2.998645e+02 4.044808e+04 5.191738e+07
<GCONST> 6.858624e+01
<STATE> 3
<NUMMIXES> 15
<MIXTURE> 1 1.635380e-02
<MEAN> 6
 7.262706e+01 2.469970e+03 2.766544e+02 -7.050232e-01 -4.075490e+00 -4.021941e+01
<VARIANCE> 6
 3.171274e+01 2.741396e+06 1.021280e+06 2.998645e+02 4.044808e+04 5.191738e+07
<GCONST> 7.722079e+01
<MIXTURE> 2 8.486994e-02
<MEAN> 6
 5.384982e+01 1.352886e+02 -1.440902e+03 -8.555743e-01 1.855400e+00 -1.204368e+02
<VARIANCE> 6
 3.171274e+01 1.309607e+04 4.027888e+06 2.998645e+02 4.044808e+04 5.191738e+07
<GCONST> 7.324907e+01
<MIXTURE> 3 1.073783e-01
<MEAN> 6
 8.324079e+01 -7.729775e+02 1.072719e+02 -1.480066e-01 -2.464517e+00 -7.565620e+01
<VARIANCE> 6
 3.171274e+01 1.309607e+04 1.362684e+04 2.998645e+02 4.044808e+04 5.191738e+07
<GCONST> 6.756012e+01
<MIXTURE> 4 5.964107e-02
<MEAN> 6
 7.267461e+01 5.194014e+02 -3.935397e+03 -6.607077e-01 -1.294696e+00 1.053929e+01
<VARIANCE> 6
 3.171274e+01 6.209571e+04 1.272061e+07 2.998645e+02 4.044808e+04 5.191738e+07
<GCONST> 7.595541e+01
<MIXTURE> 5 7.025210e-02
<MEAN> 6
 7.057827e+01 -3.988350e+01 1.659713e+03 -1.391667e+00 -1.936178e+00 -1.083458e+02
<VARIANCE> 6
 7.940726e+01 5.009366e+04 1.880665e+05 2.998645e+02 4.044808e+04 5.191738e+07
<GCONST> 7.244432e+01
<MIXTURE> 6 8.192189e-02
<MEAN> 6
 5.766383e+01 6.492808e+02 -3.928652e+03 1.995455e+00 -1.060911e+00 -5.096191e+01
<VARIANCE> 6
 3.171274e+01 1.309607e+04 1.239286e+06 2.998645e+02 4.044808e+04 5.191738e+07
<GCONST> 7.207036e+01
<MIXTURE> 7 6.393486e-02
<MEAN> 6
 7.913902e+01 -5.026128e+02 -7.363311e+01 -3.873112e-01 -4.681818e+00 -8.728939e+01
<VARIANCE> 6
 3.171274e+01 1.309607e+04 1.411764e+04 2.998645e+02 4.044808e+04 5.191738e+07
<GCONST> 6.759550e+01
<MIXTURE> 8 6.950430e-02
<MEAN> 6
 7.632953e+01 -7.040388e+01 -3.223651e+03 -6.310868e-01 -6.429734e+00 -7.613290e+01
<VARIANCE> 6
 3.171274e+01 1.309607e+04 1.374895e+06 2.998645e+02 4.044808e+04 5.191738e+07
<GCONST> 7.217421e+01
<MIXTURE> 9 5.169965e-02
<MEAN> 6
 6.386242e+01 -1.214333e+02 -1.522488e+03 1.178217e-01 4.525537e+00 -6.490899e+01
<VARIANCE> 6
 3.171274e+01 2.207449e+04 1.596181e+04 2.998645e+02 4.044808e+04 5.191738e+07
<GCONST> 6.824039e+01
<MIXTURE> 10 7.710122e-02
<MEAN> 6
 8.136269e+01 -8.311622e+02 2.070647e+02 -3.693814e-01 -8.095553e-01 -1.419011e+02
<VARIANCE> 6
 3.171274e+01 1.309607e+04 2.706355e+04 2.998645e+02 4.044808e+04 5.191738e+07
<GCONST> 6.824626e+01
<MIXTURE> 11 9.711853e-02
<MEAN> 6
 7.887714e+01 3.783618e+02 6.859447e+02 -1.584218e+00 3.850618e+00 -2.516880e+01
<VARIANCE> 6
 3.171274e+01 4.050891e+04 5.597443e+04 2.998645e+02 4.044808e+04 5.191738e+07
<GCONST> 7.010217e+01
<MIXTURE> 12 7.125421e-02
<MEAN> 6
 7.418341e+01 -3.272339e+02 -8.206209e+03 -4.022555e-02 -2.307568e+00 -7.408637e+01
<VARIANCE> 6
 3.171274e+01 1.345619e+04 1.353686e+06 2.998645e+02 4.044808e+04 5.191738e+07
<GCONST> 7.218579e+01
<MIXTURE> 13 6.050760e-02
<MEAN> 6
 7.337267e+01 -3.835051e+02 8.279969e+02 -7.259573e-01 -1.756181e+00 -7.678829e+01
<VARIANCE> 6
 3.171274e+01 1.309607e+04 7.052782e+04 2.998645e+02 4.044808e+04 5.191738e+07
<GCONST> 6.920409e+01
<MIXTURE> 14 4.386029e-02
<MEAN> 6
 6.056330e+01 2.811709e+02 -1.892797e+03 -2.610393e-01 -8.221189e+00 -1.449283e+02
<VARIANCE> 6
 3.171274e+01 1.309607e+04 1.434143e+04 2.998645e+02 4.044808e+04 5.191738e+07
<GCONST> 6.761122e+01
<MIXTURE> 15 4.455182e-02
<MEAN> 6
 7.679023e+01 -4.768560e+02 7.069542e+02 -3.151702e+00 5.743691e+00 -9.029079e+01
<VARIANCE> 6
 3.171274e+01 2.723853e+04 9.947585e+04 2.998645e+02 4.044808e+04 5.191738e+07
<GCONST> 7.028030e+01
<STATE> 4
<NUMMIXES> 15
<MIXTURE> 1 6.682506e-02
<MEAN> 6
 7.377780e+01 -1.876710e+03 4.096477e+03 4.008084e-01 -2.877402e+01 -5.263796e+01
<VARIANCE> 6
 3.171274e+01 2.147937e+05 5.212758e+06 2.998645e+02 4.044808e+04 5.191738e+07
<GCONST> 7.630431e+01
<MIXTURE> 2 2.706584e-02
<MEAN> 6
 5.446096e+01 -3.521153e+03 9.432688e+03 -1.260987e+02 -4.117452e+02 1.769768e+03
<VARIANCE> 6
 6.762769e+02 2.264601e+07 1.465528e+08 3.357625e+04 1.052191e+06 2.497982e+08
<GCONST> 9.690638e+01
<MIXTURE> 3 7.324176e-02
<MEAN> 6
 8.974342e+01 -4.021562e+03 1.100734e+04 -7.921267e-01 -1.405541e+01 1.239573e+02
<VARIANCE> 6
 8.114574e+01 7.727393e+05 7.452980e+06 2.998645e+02 4.044808e+04 5.191738e+07
<GCONST> 7.888161e+01
<MIXTURE> 4 6.410967e-02
<MEAN> 6
 9.009686e+01 -7.626821e+02 3.530322e+02 -3.125396e+00 6.344092e+00 -2.069987e+01
<VARIANCE> 6
 3.463208e+01 4.131834e+04 1.362684e+04 2.998645e+02 4.044808e+04 5.191738e+07
<GCONST> 6.879716e+01
<MIXTURE> 5 8.088403e-02
<MEAN> 6
 7.997434e+01 -1.460768e+03 -9.573833e+01 -2.603402e+00 -4.205120e+00 -1.802801e+02
<VARIANCE> 6
 3.171274e+01 7.309612e+04 1.362684e+04 2.998645e+02 4.044808e+04 5.191738e+07
<GCONST> 6.927957e+01
<MIXTURE> 6 7.174578e-02
<MEAN> 6
 5.021382e+01 2.035330e+02 -5.255417e+02 3.522952e+01 -9.900534e+01 -3.064117e+02
<VARIANCE> 6
 3.550805e+02 4.024180e+04 4.227800e+05 3.101372e+03 4.044808e+04 5.191738e+07
<GCONST> 7.686942e+01
<MIXTURE> 7 9.150881e-02
<MEAN> 6
 -3.846704e+01 -7.059843e+02 -2.349656e+02 -7.580336e+00 1.027823e+03 -4.376126e+02
<VARIANCE> 6
 3.839905e+02 2.467702e+06 2.718575e+06 2.767253e+04 3.811194e+05 1.870675e+08
<GCONST> 8.863834e+01
<MIXTURE> 8 3.324642e-02
<MEAN> 6
 8.860622e+01 -1.764093e+02 -8.242949e+02 -3.538079e+00 1.165691e+00 -3.167134e+02
<VARIANCE> 6
 3.171274e+01 1.627237e+06 1.497071e+05 2.998645e+02 4.044808e+04 5.191738e+07
<GCONST> 7.477908e+01
<MIXTURE> 9 6.537248e-02
<MEAN> 6
 8.899458e+01 -4.399078e+03 4.268313e+03 -1.337320e+00 -1.538864e+01 -2.532180e+02
<VARIANCE> 6
 3.171274e+01 1.309607e+04 2.523333e+06 2.998645e+02 4.044808e+04 5.191738e+07
<GCONST> 7.278140e+01
<MIXTURE> 10 8.108300e-02
<MEAN> 6
 -1.250179e+01 -6.956847e+02 -7.081473e+02 1.726602e+01 1.036962e+02 -1.041786e+02
<VARIANCE> 6
 2.761656e+02 1.036967e+05 2.959863e+05 3.265724e+03 4.044808e+04 5.191738e+07
<GCONST> 7.725974e+01
<MIXTURE> 11 6.299718e-02
<MEAN> 6
 6.336251e+01 -8.178977e+02 2.592408e+02 -4.104313e+01 -1.103156e+03 -5.630287e+02
<VARIANCE> 6
 3.338599e+02 4.661659e+06 3.121596e+06 3.088539e+04 2.538286e+05 1.628741e+08
<GCONST> 8.883766e+01
<MIXTURE> 12 7.047266e-02
<MEAN> 6
 5.635221e+00 -9.749293e+02 -7.913410e+02 -2.980187e+01 9.860519e+01 8.389051e+02
<VARIANCE> 6
 3.381663e+02 1.342491e+06 8.780113e+05 5.597350e+04 2.438004e+05 2.177321e+08
<GCONST> 8.718176e+01
<MIXTURE> 13 7.075357e-02
<MEAN> 6
 -2.702796e+01 2.999661e+02 -1.262521e+03 2.901568e+00 4.473874e+01 3.113761e+02
<VARIANCE> 6
 1.822671e+02 1.309607e+04 1.174971e+06 2.998645e+02 4.044808e+04 5.191738e+07
<GCONST> 7.376582e+01
<MIXTURE> 14 8.818658e-02
<MEAN> 6
 5.852018e+01 -2.707804e+02 -9.219810e+02 2.726397e+01 -5.447747e+02 -7.634957e+02
<VARIANCE> 6
 3.323076e+02 6.963382e+05 6.486663e+05 2.040221e+04 7.949402e+04 5.191738e+07
<GCONST> 8.264159e+01
<MIXTURE> 15 5.249011e-02
<MEAN> 6
 8.862986e+01 -5.969437e+02 -6.318034e+02 -5.062552e+00 -2.806749e+01 -2.299258e+02
<VARIANCE> 6
 3.171274e+01 1.677293e+05 9.818427e+04 2.998645e+02 4.044808e+04 5.191738e+07
<GCONST> 7.208496e+01
<STATE> 5
<NUMMIXES> 15
<MIXTURE> 1 9.605465e-02
<MEAN> 6
 5.926162e+01 2.280190e+03 -2.836751e+02 4.037432e-01 -5.398637e+00 -2.073472e+02
<VARIANCE> 6
 3.171274e+01 1.761321e+05 1.362684e+04 2.998645e+02 4.044808e+04 5.191738e+07
<GCONST> 7.015904e+01
<MIXTURE> 2 2.378361e-02
<MEAN> 6
 6.579527e+01 3.063661e+03 -1.277813e+03 -1.210525e-01 -1.319094e+01 -1.519620e+02
<VARIANCE> 6
 3.171274e+01 2.154266e+05 1.362684e+04 2.998645e+02 4.044808e+04 5.191738e+07
<GCONST> 7.036043e+01
<MIXTURE> 3 5.904746e-02
<MEAN> 6
 7.515677e+01 5.025355e+02 3.246014e+02 -6.827281e-01 -6.450550e+00 -7.865607e+01
<VARIANCE> 6
 3.171274e+01 7.591568e+04 1.362684e+04 2.998645e+02 4.044808e+04 5.191738e+07
<GCONST> 6.931743e+01
<MIXTURE> 4 5.922604e-02
<MEAN> 6
 6.579295e+01 1.663964e+03 -1.713642e+03 -1.273244e-01 -2.102026e+00 -8.574230e+01
<VARIANCE> 6
 5.122876e+01 4.744425e+04 6.239796e+05 2.998645e+02 4.044808e+04 5.191738e+07
<GCONST> 7.315102e+01
<MIXTURE> 5 5.932027e-02
<MEAN> 6
 7.045460e+01 1.085236e+03 -7.310558e+02 -2.157228e-01 -7.168542e+00 -4.566832e+01
<VARIANCE> 6
 4.041208e+01 8.174748e+04 1.362684e+04 2.998645e+02 4.044808e+04 5.191738e+07
<GCONST> 6.963385e+01
<MIXTURE> 6 1.221902e-01
<MEAN> 6
 6.799530e+01 5.324752e+02 -2.778576e+02 -2.335178e-01 -2.287362e+00 -9.766970e+01
<VARIANCE> 6
 3.171274e+01 2.083969e+04 1.498790e+04 2.998645e+02 4.044808e+04 5.191738e+07
<GCONST> 6.811986e+01
<MIXTURE> 7 4.616338e-02
<MEAN> 6
 6.905343e+01 1.380356e+03 2.359296e+01 -1.069644e+00 -3.596468e+00 -5.461377e+01
<VARIANCE> 6
 3.171274e+01 2.174595e+05 1.362684e+04 2.998645e+02 4.044808e+04 5.191738e+07
<GCONST> 7.036981e+01
<MIXTURE> 8 5.253547e-02
<MEAN> 6
 7.534033e+01 4.310642e+02 -7.925809e+02 -1.297404e-01 -3.151431e+00 -9.765440e+01
<VARIANCE> 6
 3.171274e+01 1.309607e+04 1.362684e+04 2.998645e+02 4.044808e+04 5.191738e+07
<GCONST> 6.756012e+01
<MIXTURE> 9 4.389041e-02
<MEAN> 6
 6.701109e+01 8.158750e+02 -1.207737e+03 1.010836e+00 -1.378399e+00 -1.107440e+02
<VARIANCE> 6
 3.171274e+01 1.309607e+04 1.414265e+04 2.998645e+02 4.044808e+04 5.191738e+07
<GCONST> 6.759727e+01
<MIXTURE> 10 5.949862e-02
<MEAN> 6
 7.158475e+01 2.524715e+02 1.695205e+02 -5.656282e-01 -8.944540e+00 -1.880525e+02
<VARIANCE> 6
 3.171274e+01 4.407383e+04 1.362684e+04 2.998645e+02 4.044808e+04 5.191738e+07
<GCONST> 6.877367e+01
<MIXTURE> 11 9.784441e-02
<MEAN> 6
 7.056973e+01 1.714439e+02 -2.182832e+02 -7.905002e-01 -1.098231e+01 -1.783429e+02
<VARIANCE> 6
 3.171274e+01 5.350690e+04 1.362684e+04 2.998645e+02 4.044808e+04 5.191738e+07
<GCONST> 6.896761e+01
<MIXTURE> 12 8.677831e-02
<MEAN> 6
 7.345101e+01 7.401132e+01 -6.260734e+02 -6.314877e-01 -7.235077e+00 -1.155305e+02
<VARIANCE> 6
 3.171274e+01 1.401322e+04 1.362684e+04 2.998645e+02 4.044808e+04 5.191738e+07
<GCONST> 6.762781e+01
<MIXTURE> 13 6.152238e-02
<MEAN> 6
 7.455704e+01 5.594074e+02 3.144061e+02 -7.190970e-01 -6.382051e+00 -7.812132e+01
<VARIANCE> 6
 3.171274e+01 7.588997e+04 1.362684e+04 2.998645e+02 4.044808e+04 5.191738e+07
<GCONST> 6.931708e+01
<MIXTURE> 14 7.316038e-02
<MEAN> 6
 6.925993e+01 1.110540e+03 8.356258e+01 -7.397452e-01 -6.541716e+00 -2.045502e+02
<VARIANCE> 6
 3.171274e+01 1.973153e+04 1.362684e+04 2.998645e+02 4.044808e+04 5.191738e+07
<GCONST> 6.797002e+01
<MIXTURE> 15 5.892706e-02
<MEAN> 6
 7.171327e+01 1.936610e+02 1.622542e+02 -7.429613e-01 -1.087591e+01 -2.182641e+02
<VARIANCE> 6
 3.171274e+01 4.972559e+04 1.362684e+04 2.998645e+02 4.044808e+04 5.191738e+07
<GCONST> 6.889432e+01
<STATE> 6
<NUMMIXES> 15
<MIXTURE> 1 5.992396e-02
<MEAN> 6
 -4.251212e+01 2.748678e+02 1.521777e+02 -2.017325e+02 1.469622e+03 8.426063e+03
<VARIANCE> 6
 2.624401e+02 1.115324e+06 8.471048e+05 1.422121e+04 9.606396e+05 7.060038e+08
<GCONST> 8.788450e+01
<MIXTURE> 2 6.212247e-02
<MEAN> 6
 8.434669e+01 -9.483286e+01 2.432098e+02 -7.573160e+00 -7.306101e+01 -3.935533e+02
<VARIANCE> 6
 9.915324e+01 5.422435e+05 3.203961e+05 2.998645e+02 4.044808e+04 5.191738e+07
<GCONST> 7.558098e+01
<MIXTURE> 3 6.873735e-02
<MEAN> 6
 -3.831954e+01 -4.630985e+01 4.055117e+01 1.638807e+02 9.076093e+02 -1.053793e+03
<VARIANCE> 6
 8.433558e+01 5.079657e+05 1.979756e+05 4.530875e+03 1.495017e+05 5.191738e+07
<GCONST> 7.889503e+01
<MIXTURE> 4 6.613123e-02
<MEAN> 6
 8.543116e+01 5.290253e+01 4.580891e+01 4.035173e+01 -1.121926e+03 -1.118028e+03
<VARIANCE> 6
 2.160533e+02 2.131237e+06 9.398454e+05 1.509764e+04 1.002255e+06 7.303578e+08
<GCONST> 8.857758e+01
<MIXTURE> 5 5.987085e-02
<MEAN> 6
 -1.017718e+01 1.134043e+01 2.244781e+01 2.484570e+02 3.271311e+02 -7.587504e+03
<VARIANCE> 6
 1.285840e+02 5.545228e+05 2.546585e+05 4.054625e+03 1.249138e+05 7.866167e+07
<GCONST> 7.978104e+01
<MIXTURE> 6 5.798083e-02
<MEAN> 6
 4.977541e+01 3.143549e+02 4.968822e+01 1.960575e+02 -4.777108e+02 -4.565792e+02
<VARIANCE> 6
 2.257280e+02 1.188221e+06 3.095487e+05 2.505674e+03 1.327432e+05 5.191738e+07
<GCONST> 8.046509e+01
<MIXTURE> 7 5.273945e-02
<MEAN> 6
 3.367023e+01 -2.656759e+02 2.214613e+00 -2.760722e+02 -5.390918e+02 6.816163e+03
<VARIANCE> 6
 2.981468e+02 3.779110e+06 1.030287e+06 4.772706e+03 2.758938e+05 1.267846e+08
<GCONST> 8.537164e+01
<MIXTURE> 8 6.188890e-02
<MEAN> 6
 7.681883e+01 -1.668859e+02 2.834300e+02 4.084936e+01 -5.210015e+02 5.196360e+02
<VARIANCE> 6
 1.452449e+02 6.624119e+05 4.112473e+05 7.950261e+03 9.713927e+04 5.191738e+07
<GCONST> 8.056630e+01
<MIXTURE> 9 1.076204e-01
<MEAN> 6
 -2.786657e+00 9.998617e+01 6.196629e+01 -2.388067e+02 1.235580e+02 2.642353e+03
<VARIANCE> 6
 4.462446e+02 6.060692e+05 3.093878e+05 4.175324e+03 1.618924e+05 1.114403e+08
<GCONST> 8.194586e+01
<MIXTURE> 10 7.519355e-02
<MEAN> 6
 -5.963315e+01 -9.107755e-01 7.002792e+01 1.343161e+01 2.121112e+02 1.312378e+02
<VARIANCE> 6
 9.309773e+01 3.428574e+05 4.734173e+05 5.231549e+02 6.485028e+04 5.191738e+07
<GCONST> 7.647859e+01
<MIXTURE> 11 7.180347e-02
<MEAN> 6
 6.274480e+01 1.253332e+02 2.619557e+01 -1.725653e+02 -8.289856e+02 1.432891e+03
<VARIANCE> 6
 1.913518e+02 4.749410e+05 1.841169e+05 3.379766e+03 1.709196e+05 5.191738e+07
<GCONST> 7.941531e+01
<MIXTURE> 12 2.595642e-02
<MEAN> 6
 2.218079e+01 -1.614285e+02 -5.364950e+01 3.113638e+02 -4.203629e+02 -8.144381e+03
<VARIANCE> 6
 2.441415e+02 1.254207e+06 8.772979e+05 1.984031e+03 1.847914e+05 6.097389e+07
<GCONST> 8.189745e+01
<MIXTURE> 13 1.036137e-01
<MEAN> 6
 -5.492785e+01 -1.218455e+01 8.387754e+01 6.423804e+00 9.500521e+02 -1.932833e+03
<VARIANCE> 6
 1.041030e+02 5.649781e+05 4.187162e+05 8.522474e+03 1.976188e+05 1.062325e+08
<GCONST> 8.158783e+01
<MIXTURE> 14 6.249212e-02
<MEAN> 6
 2.854250e+01 -8.220884e+01 -2.780380e+01 2.065429e+02 -2.121156e+02 -5.151873e+02
<VARIANCE> 6
 4.056411e+02 2.875143e+05 4.791935e+05 1.812477e+03 6.183696e+04 5.191738e+07
<GCONST> 7.898149e+01
<MIXTURE> 15 6.365225e-02
<MEAN> 6
 7.687561e+01 -2.910679e+02 1.608141e+02 8.721716e+00 -6.982420e+02 -2.833276e+03
<VARIANCE> 6
 1.342019e+02 7.309211e+05 2.559666e+05 9.651690e+03 1.317092e+05 5.647947e+07
<GCONST> 8.069410e+01
<STATE> 7
<NUMMIXES> 15
<MIXTURE> 1 4.552450e-02
<MEAN> 6
 7.859724e+01 2.340992e+03 1.022088e+03 5.087556e-01 8.658579e+00 -2.218565e+02
<VARIANCE> 6
 3.171274e+01 4.932015e+04 3.706496e+04 2.998645e+02 4.044808e+04 5.191738e+07
<GCONST> 6.988676e+01
<MIXTURE> 2 8.697245e-02
<MEAN> 6
 6.762581e+01 -4.145734e+03 3.424446e+03 -7.418549e-01 -6.945648e+00 -1.605384e+02
<VARIANCE> 6
 3.171274e+01 2.742939e+04 1.362684e+04 2.998645e+02 4.044808e+04 5.191738e+07
<GCONST> 6.829942e+01
<MIXTURE> 3 1.345616e-01
<MEAN> 6
 8.557269e+01 -6.956589e+02 7.582065e+02 -3.466908e+00 -3.489353e+01 2.943662e+02
<VARIANCE> 6
 3.171274e+01 6.965443e+04 4.025821e+05 2.998645e+02 4.044808e+04 5.191738e+07
<GCONST> 7.261720e+01
<MIXTURE> 4 1.565945e-02
<MEAN> 6
 7.107716e+01 -3.367016e+03 2.997735e+03 -2.734970e+00 -3.185359e+00 -3.430342e+01
<VARIANCE> 6
 3.171274e+01 5.784537e+04 4.399552e+04 2.998645e+02 4.044808e+04 5.191738e+07
<GCONST> 7.021762e+01
<MIXTURE> 5 5.324868e-02
<MEAN> 6
 8.048873e+01 -4.030614e+03 2.669460e+02 -8.442529e+00 4.076336e+01 -1.258859e+02
<VARIANCE> 6
 3.171274e+01 1.844226e+06 1.880286e+04 2.998645e+02 4.044808e+04 5.191738e+07
<GCONST> 7.282959e+01
<MIXTURE> 6 5.956074e-02
<MEAN> 6
 7.979581e+01 1.532978e+03 1.742455e+03 -4.736945e-01 -9.240722e+00 1.650211e+02
<VARIANCE> 6
 3.171274e+01 6.710524e+04 1.838970e+05 2.998645e+02 4.044808e+04 5.191738e+07
<GCONST> 7.179640e+01
<MIXTURE> 7 1.326437e-02
<MEAN> 6
 7.739729e+01 -4.396824e+02 -1.089370e+03 1.439630e+01 -3.238877e+01 1.144013e+03
<VARIANCE> 6
 3.171274e+01 8.105934e+04 1.001900e+06 2.998645e+02 4.044808e+04 5.191738e+07
<GCONST> 7.368060e+01
<MIXTURE> 8 8.569189e-02
<MEAN> 6
 7.104353e+01 -6.568051e+02 2.003556e+03 -2.862672e+00 -1.658633e+00 -1.516046e+02
<VARIANCE> 6
 3.171274e+01 1.309607e+04 2.627762e+04 2.998645e+02 4.044808e+04 5.191738e+07
<GCONST> 6.821680e+01
<MIXTURE> 9 6.254796e-02
<MEAN> 6
 7.494720e+01 -1.348572e+03 1.078138e+03 -4.080864e+00 3.603062e+00 1.181383e+02
<VARIANCE> 6
 3.171274e+01 2.876957e+04 1.703443e+04 2.998645e+02 4.044808e+04 5.191738e+07
<GCONST> 6.857031e+01
<MIXTURE> 10 6.744185e-02
<MEAN> 6
 7.137381e+01 6.541275e+02 1.574417e+03 7.010620e-01 -5.582344e+00 -2.093778e+02
<VARIANCE> 6
 3.171274e+01 1.309607e+04 2.556854e+05 2.998645e+02 4.044808e+04 5.191738e+07
<GCONST> 7.049202e+01
<MIXTURE> 11 7.627820e-02
<MEAN> 6
 8.210628e+01 -8.208378e+02 4.358795e+02 -4.234634e+00 1.013740e+01 5.485661e+01
<VARIANCE> 6
 4.616672e+01 1.309607e+04 1.362684e+04 2.998645e+02 4.044808e+04 5.191738e+07
<GCONST> 6.793565e+01
<MIXTURE> 12 1.048018e-01
<MEAN> 6
 8.166167e+01 -1.388339e+03 -1.290406e+02 -2.591617e+00 -3.914970e+00 7.810814e+01
<VARIANCE> 6
 4.213918e+01 4.433005e+04 3.170138e+04 2.998645e+02 4.044808e+04 5.191738e+07
<GCONST> 6.990805e+01
<MIXTURE> 13 6.373214e-02
<MEAN> 6
 7.783336e+01 -1.583271e+02 1.764615e+03 -8.779019e-01 -4.280461e+00 -1.569561e+02
<VARIANCE> 6
 3.171274e+01 8.745713e+04 1.362684e+04 2.998645e+02 4.044808e+04 5.191738e+07
<GCONST> 6.945895e+01
<MIXTURE> 14 6.294812e-02
<MEAN> 6
 8.235988e+01 -9.704370e+02 1.115695e+02 -5.409320e+00 -3.622390e+00 2.853103e+02
<VARIANCE> 6
 1.313641e+02 3.415305e+04 1.370057e+04 2.998645e+02 4.044808e+04 5.191738e+07
<GCONST> 6.994530e+01
<MIXTURE> 15 6.775688e-02
<MEAN> 6
 7.172182e+01 6.848824e+02 1.353121e+03 3.531035e-01 -3.522278e+00 -1.292636e+02
<VARIANCE> 6
 3.171274e+01 1.309607e+04 1.703750e+05 2.998645e+02 4.044808e+04 5.191738e+07
<GCONST> 7.008607e+01
<STATE> 8
<NUMMIXES> 15
<MIXTURE> 1 4.037033e-02
<MEAN> 6
 4.658031e+01 3.239271e+03 -1.465927e+02 -4.380429e+01 -4.310463e+02 7.816375e+02
<VARIANCE> 6
 2.664891e+03 4.002853e+07 2.894558e+06 3.404921e+04 1.077761e+06 3.891273e+08
<GCONST> 9.540400e+01
<MIXTURE> 2 8.949582e-02
<MEAN> 6
 -3.772136e+01 4.316526e+02 1.026556e+03 3.074599e+01 7.825441e+02 -7.322245e+02
<VARIANCE> 6
 3.211792e+02 1.833997e+06 5.745052e+06 3.045686e+04 1.534375e+05 9.196086e+07
<GCONST> 8.738712e+01
<MIXTURE> 3 9.361938e-02
<MEAN> 6
 8.227975e+01 -3.219289e+02 5.233096e+02 -7.953668e+00 -7.133463e+01 -1.203673e+02
<VARIANCE> 6
 1.655254e+02 6.906568e+05 2.108056e+06 3.474853e+02 4.044808e+04 5.191738e+07
<GCONST> 7.836673e+01
<MIXTURE> 4 6.392298e-02
<MEAN> 6
 4.725955e+00 1.493860e+03 -2.241334e+03 6.026587e-01 1.088289e+02 7.421384e+01
<VARIANCE> 6
 4.970922e+02 3.934140e+06 2.668727e+06 3.128870e+04 6.216039e+04 5.191738e+07
<GCONST> 8.637201e+01
<MIXTURE> 5 5.221692e-02
<MEAN> 6
 6.411031e+01 -2.767031e+02 2.461166e+03 1.443357e+02 -6.125847e+02 -1.762157e+03
<VARIANCE> 6
 7.028611e+02 4.253264e+05 5.697408e+06 1.163065e+04 2.194057e+05 6.915896e+07
<GCONST> 8.581055e+01
<MIXTURE> 6 9.361563e-02
<MEAN> 6
 -5.511622e+01 -7.323311e+01 3.548557e+02 1.101390e+01 1.729579e+02 -1.155551e+02
<VARIANCE> 6
 1.212734e+02 8.140559e+05 3.077413e+06 8.038169e+02 5.409880e+04 5.191738e+07
<GCONST> 7.972780e+01
<MIXTURE> 7 5.982624e-02
<MEAN> 6
 7.818362e+01 -3.067111e+03 4.036608e+02 1.132672e+01 -3.487175e+02 6.089524e+01
<VARIANCE> 6
 3.710706e+02 6.505975e+06 5.172207e+05 1.020682e+04 1.396073e+05 5.191738e+07
<GCONST> 8.463068e+01
<MIXTURE> 8 2.589700e-02
<MEAN> 6
 -2.360519e+01 -4.990672e+03 5.350862e+02 2.508250e+01 2.551506e+02 -6.859031e+02
<VARIANCE> 6
 9.816718e+02 1.356584e+06 2.303123e+05 2.195065e+04 1.423880e+05 5.191738e+07
<GCONST> 8.401222e+01
<MIXTURE> 9 4.404052e-02
<MEAN> 6
 4.289493e+01 1.557270e+02 1.014217e+03 -2.315453e+02 -6.571122e+02 5.205127e+03
<VARIANCE> 6
 7.132319e+02 3.675147e+05 4.209954e+06 8.010901e+03 3.005705e+05 9.373988e+07
<GCONST> 8.562258e+01
<MIXTURE> 10 1.208402e-01
<MEAN> 6
 2.153913e+01 7.387179e+01 3.096735e+02 1.528089e+01 -4.800850e+01 -2.330521e+02
<VARIANCE> 6
 6.610251e+02 7.073829e+05 1.232602e+06 2.185571e+04 4.044808e+04 5.191738e+07
<GCONST> 8.338017e+01
<MIXTURE> 11 5.313710e-02
<MEAN> 6
 6.491766e+01 2.012464e+03 -2.172685e+03 8.989619e+01 -2.632449e+02 -5.720290e+02
<VARIANCE> 6
 3.822536e+02 2.674217e+06 3.630092e+06 8.572738e+03 5.350748e+04 5.191738e+07
<GCONST> 8.458636e+01
<MIXTURE> 12 3.384028e-02
<MEAN> 6
 -5.040396e+01 -7.680885e+01 1.191196e+03 -1.217992e+02 1.341586e+03 2.584108e+03
<VARIANCE> 6
 3.092102e+02 4.608524e+05 4.500299e+06 1.620514e+04 4.746160e+05 3.504987e+08
<GCONST> 8.755998e+01
<MIXTURE> 13 6.562318e-02
<MEAN> 6
 -1.763741e+01 1.262801e+02 9.131996e+01 3.760536e+01 2.462241e+02 -4.896169e+02
<VARIANCE> 6
 3.141392e+02 3.231907e+05 4.448047e+05 1.079546e+04 7.994945e+04 5.191738e+07
<GCONST> 8.080968e+01
<MIXTURE> 14 1.020990e-01
<MEAN> 6
 6.956572e+01 9.850504e+01 -4.593882e+02 -2.723035e+01 -4.534272e+02 -1.981801e+02
<VARIANCE> 6
 1.798714e+02 7.067008e+05 2.173246e+06 1.025931e+04 7.108309e+04 5.191738e+07
<GCONST> 8.245232e+01
<MIXTURE> 15 6.122839e-02
<MEAN> 6
 -1.789629e+01 -1.009978e+02 -1.286953e+02 5.371539e+00 2.118088e+02 -7.374821e+02
<VARIANCE> 6
 3.019806e+02 6.999738e+05 4.360024e+05 1.706483e+04 1.062461e+05 5.191738e+07
<GCONST> 8.226527e+01
<STATE> 9
<NUMMIXES> 15
<MIXTURE> 1 9.379431e-02
<MEAN> 6
 8.987460e+01 1.980565e+03 -1.910515e+03 -4.107020e+00 -5.352973e+00 3.147084e+02
<VARIANCE> 6
 1.487404e+02 1.741846e+05 9.585113e+05 2.998645e+02 4.044808e+04 5.191738e+07
<GCONST> 7.594675e+01
<MIXTURE> 2 8.434398e-02
<MEAN> 6
 9.145436e+01 -6.208268e+03 -3.032010e+01 -6.346876e+00 4.113243e+00 1.020328e+02
<VARIANCE> 6
 5.436309e+01 5.349154e+06 1.838796e+06 2.998645e+02 4.044808e+04 5.191738e+07
<GCONST> 7.901628e+01
<MIXTURE> 3 3.148408e-02
<MEAN> 6
 1.111987e+02 1.612939e+03 -5.648608e+02 -5.620202e+00 -3.012621e+01 9.524410e+02
<VARIANCE> 6
 3.171274e+01 1.356462e+05 2.671542e+04 2.998645e+02 4.044808e+04 5.191738e+07
<GCONST> 7.057104e+01
<MIXTURE> 4 9.814886e-02
<MEAN> 6
 9.454691e+01 1.042476e+03 -7.400519e+02 -5.025080e+00 2.467612e+00 7.536137e+01
<VARIANCE> 6
 4.021812e+01 2.902422e+04 5.798656e+05 2.998645e+02 4.044808e+04 5.191738e+07
<GCONST> 7.234428e+01
<MIXTURE> 5 5.612751e-02
<MEAN> 6
 8.983688e+01 4.641581e+02 2.028942e+03 -3.514796e+00 -2.429871e+00 3.089186e+02
<VARIANCE> 6
 3.171274e+01 2.651815e+05 1.059785e+05 2.998645e+02 4.044808e+04 5.191738e+07
<GCONST> 7.261942e+01
<MIXTURE> 6 7.445952e-02
<MEAN> 6
 9.494588e+01 -1.427388e+02 -8.460285e+02 -6.045676e+00 -1.082947e+00 1.655255e+02
<VARIANCE> 6
 3.171274e+01 2.695168e+04 1.398164e+06 2.998645e+02 4.044808e+04 5.191738e+07
<GCONST> 7.291272e+01
<MIXTURE> 7 7.215770e-02
<MEAN> 6
 9.967889e+01 4.082905e+02 -2.766120e+02 -4.659974e+00 -1.830095e+00 1.532342e+02
<VARIANCE> 6
 3.647868e+01 7.562480e+04 8.353476e+04 2.998645e+02 4.044808e+04 5.191738e+07
<GCONST> 7.126682e+01
<MIXTURE> 8 7.643525e-02
<MEAN> 6
 9.030912e+01 3.864446e+02 -2.812754e+03 -2.999831e+00 1.938781e+00 4.586310e+01
<VARIANCE> 6
 3.171274e+01 2.681669e+04 5.771028e+05 2.998645e+02 4.044808e+04 5.191738e+07
<GCONST> 7.202281e+01
<MIXTURE> 9 6.988100e-02
<MEAN> 6
 9.240788e+01 -7.505472e+02 -1.113444e+03 -4.383302e+00 -3.590397e+00 1.656650e+02
<VARIANCE> 6
 4.171468e+01 2.154397e+04 2.464680e+04 2.998645e+02 4.044808e+04 5.191738e+07
<GCONST> 6.892464e+01
<MIXTURE> 10 1.997849e-02
<MEAN> 6
 9.672090e+01 1.739891e+02 -5.151427e+02 -5.735427e+00 -2.500681e+00 4.704014e+02
<VARIANCE> 6
 3.171274e+01 8.079923e+04 1.135709e+06 2.998645e+02 4.044808e+04 5.191738e+07
<GCONST> 7.380273e+01
<MIXTURE> 11 9.944411e-02
<MEAN> 6
 7.777151e+01 -4.626656e+02 -1.863213e+03 -3.882593e+00 1.621001e+00 4.721232e+01
<VARIANCE> 6
 3.570897e+01 2.384032e+05 8.503470e+04 2.998645e+02 4.044808e+04 5.191738e+07
<GCONST> 7.241147e+01
<MIXTURE> 12 3.926252e-02
<MEAN> 6
 8.269678e+01 -8.146088e+02 -9.564464e+03 -3.916670e+00 7.037431e+00 -3.534281e+01
<VARIANCE> 6
 3.171274e+01 1.309607e+04 5.227688e+06 2.998645e+02 4.044808e+04 5.191738e+07
<GCONST> 7.350980e+01
<MIXTURE> 13 7.862987e-02
<MEAN> 6
 9.550603e+01 -2.704378e+02 -5.692471e+02 -5.472438e+00 -1.776323e+00 5.276587e+01
<VARIANCE> 6
 3.171274e+01 1.309607e+04 1.013080e+06 2.998645e+02 4.044808e+04 5.191738e+07
<GCONST> 7.186882e+01
<MIXTURE> 14 6.698478e-02
<MEAN> 6
 9.349261e+01 2.376082e+02 -4.050623e+02 -4.980170e+00 -1.682878e-01 1.021835e+02
<VARIANCE> 6
 3.171274e+01 1.309607e+04 3.413141e+04 2.998645e+02 4.044808e+04 5.191738e+07
<GCONST> 6.847829e+01
<MIXTURE> 15 3.883862e-02
<MEAN> 6
 8.588238e+01 -5.653622e+02 2.806179e+03 -4.979763e+00 7.172804e+00 2.706639e+02
<VARIANCE> 6
 3.171274e+01 2.970786e+05 3.517348e+05 2.998645e+02 4.044808e+04 5.191738e+07
<GCONST> 7.393263e+01
<STATE> 10
<NUMMIXES> 15
<MIXTURE> 1 8.265654e-02
<MEAN> 6
 7.468834e+01 1.042933e+03 4.138242e+01 -2.993407e+00 5.515456e+00 -5.812748e+01
<VARIANCE> 6
 3.171274e+01 1.547349e+04 2.193199e+04 2.998645e+02 4.044808e+04 5.191738e+07
<GCONST> 6.820284e+01
<MIXTURE> 2 4.825455e-02
<MEAN> 6
 7.305637e+01 5.531875e+02 -4.025039e+03 -2.341903e+00 -2.143578e+00 3.081038e+01
<VARIANCE> 6
 3.171274e+01 5.071447e+04 4.026911e+05 2.998645e+02 4.044808e+04 5.191738e+07
<GCONST> 7.230014e+01
<MIXTURE> 3 6.061675e-02
<MEAN> 6
 7.051254e+01 4.973191e+02 5.980502e+02 -3.772181e+00 5.872945e+00 3.627860e+01
<VARIANCE> 6
 3.171274e+01 1.309607e+04 1.362684e+04 2.998645e+02 4.044808e+04 5.191738e+07
<GCONST> 6.756012e+01
<MIXTURE> 4 6.991771e-02
<MEAN> 6
 7.381866e+01 1.217952e+03 -4.085666e+02 -1.021128e+00 -1.769059e+01 1.082228e+02
<VARIANCE> 6
 3.171274e+01 1.651335e+05 5.000073e+04 2.998645e+02 4.044808e+04 5.191738e+07
<GCONST> 7.139455e+01
<MIXTURE> 5 5.477771e-02
<MEAN> 6
 8.219702e+01 2.703683e+02 -2.063368e+02 -2.188397e+00 -1.681503e+00 -7.759023e+01
<VARIANCE> 6
 3.171274e+01 1.309607e+04 1.362684e+04 2.998645e+02 4.044808e+04 5.191738e+07
<GCONST> 6.756012e+01
<MIXTURE> 6 3.910940e-02
<MEAN> 6
 6.767209e+01 -3.864670e+02 2.971773e+03 -1.549411e+00 -1.055402e+01 1.337891e+02
<VARIANCE> 6
 3.171274e+01 1.579140e+04 1.362684e+04 2.998645e+02 4.044808e+04 5.191738e+07
<GCONST> 6.774727e+01
<MIXTURE> 7 7.476733e-02
<MEAN> 6
 7.835940e+01 -1.469871e+01 -9.106654e+02 -5.424138e+00 3.317190e+00 -6.369685e+01
<VARIANCE> 6
 3.171274e+01 3.389183e+04 4.898456e+04 2.998645e+02 4.044808e+04 5.191738e+07
<GCONST> 6.979044e+01
<MIXTURE> 8 7.362266e-02
<MEAN> 6
 8.134241e+01 3.849941e+02 4.516937e+02 -4.310449e+00 -4.744870e-01 1.729752e+02
<VARIANCE> 6
 3.171274e+01 1.707878e+05 5.719983e+04 2.998645e+02 4.044808e+04 5.191738e+07
<GCONST> 7.156273e+01
<MIXTURE> 9 7.026135e-02
<MEAN> 6
 8.191743e+01 -9.878231e+01 1.421724e+02 -1.584133e+00 -9.173746e+00 3.010576e+02
<VARIANCE> 6
 3.171274e+01 1.309607e+04 1.362684e+04 2.998645e+02 4.044808e+04 5.191738e+07
<GCONST> 6.756012e+01
<MIXTURE> 10 9.776459e-02
<MEAN> 6
 7.956418e+01 5.477402e+02 -1.231749e+02 -2.417070e+00 -5.278282e+00 2.324462e+01
<VARIANCE> 6
 3.171274e+01 3.045702e+04 5.289735e+04 2.998645e+02 4.044808e+04 5.191738e+07
<GCONST> 6.976042e+01
<MIXTURE> 11 5.340225e-02
<MEAN> 6
 7.457613e+01 1.157441e+03 -4.457533e+02 -3.023848e+00 -5.508026e+00 2.656585e+01
<VARIANCE> 6
 3.171274e+01 6.231889e+05 5.298997e+04 2.998645e+02 4.044808e+04 5.191738e+07
<GCONST> 7.278072e+01
<MIXTURE> 12 7.727451e-02
<MEAN> 6
 8.239114e+01 6.775587e+01 6.165408e+02 -4.257840e+00 -1.152469e+00 1.172662e+02
<VARIANCE> 6
 3.171274e+01 1.417101e+05 5.664401e+04 2.998645e+02 4.044808e+04 5.191738e+07
<GCONST> 7.136633e+01
<MIXTURE> 13 6.983577e-02
<MEAN> 6
 7.929006e+01 -2.130638e+02 -2.187791e+02 -2.380475e+00 -2.716664e+00 -3.231087e+01
<VARIANCE> 6
 3.171274e+01 1.309607e+04 1.596480e+04 2.998645e+02 4.044808e+04 5.191738e+07
<GCONST> 6.771846e+01
<MIXTURE> 14 7.349291e-02
<MEAN> 6
 7.486330e+01 8.176794e+02 -5.646262e+02 -1.470406e+00 -6.729994e+00 5.995616e+01
<VARIANCE> 6
 3.171274e+01 1.543983e+05 3.543651e+04 2.998645e+02 4.044808e+04 5.191738e+07
<GCONST> 7.098303e+01
<MIXTURE> 15 5.420849e-02
<MEAN> 6
 8.198167e+01 2.484036e+02 -2.387549e+02 -2.481508e+00 -3.447952e-01 -8.687547e+01
<VARIANCE> 6
 3.171274e+01 1.309607e+04 1.362684e+04 2.998645e+02 4.044808e+04 5.191738e+07
<GCONST> 6.756012e+01
<STATE> 11
<NUMMIXES> 15
<MIXTURE> 1 6.520253e-02
<MEAN> 6
 6.130186e+01 2.351517e+03 7.952341e+02 3.856859e-01 5.213190e+00 -1.057663e+02
<VARIANCE> 6
 3.171274e+01 2.696350e+05 1.441110e+05 2.998645e+02 4.044808e+04 5.191738e+07
<GCONST> 7.294342e+01
<MIXTURE> 2 6.339040e-02
<MEAN> 6
 5.939546e+01 4.817955e+02 9.637994e+01 3.116672e-02 -2.572426e+00 -1.516558e+02
<VARIANCE> 6
 3.171274e+01 1.309607e+04 1.362684e+04 2.998645e+02 4.044808e+04 5.191738e+07
<GCONST> 6.756012e+01
<MIXTURE> 3 7.881508e-02
<MEAN> 6
 6.333060e+01 3.542784e+02 -1.396925e+02 5.219994e-01 -1.268480e+01 -7.094624e+01
<VARIANCE> 6
 3.171274e+01 1.309607e+04 1.362684e+04 2.998645e+02 4.044808e+04 5.191738e+07
<GCONST> 6.756012e+01
<MIXTURE> 4 8.622885e-02
<MEAN> 6
 5.440583e+01 8.451398e+02 3.153633e-01 1.414108e+00 1.624270e+00 -1.273132e+02
<VARIANCE> 6
 3.171274e+01 1.309607e+04 1.362684e+04 2.998645e+02 4.044808e+04 5.191738e+07
<GCONST> 6.756012e+01
<MIXTURE> 5 8.932007e-02
<MEAN> 6
 6.131936e+01 4.396157e+01 -6.022072e+01 -4.812318e-01 -4.048859e+00 -1.504248e+02
<VARIANCE> 6
 3.171274e+01 1.309607e+04 1.362684e+04 2.998645e+02 4.044808e+04 5.191738e+07
<GCONST> 6.756012e+01
<MIXTURE> 6 9.748571e-02
<MEAN> 6
 6.128829e+01 3.688400e+01 -6.457571e+01 -4.861680e-01 -3.844977e+00 -1.523574e+02
<VARIANCE> 6
 3.171274e+01 1.309607e+04 1.362684e+04 2.998645e+02 4.044808e+04 5.191738e+07
<GCONST> 6.756012e+01
<MIXTURE> 7 6.312259e-02
<MEAN> 6
 5.939574e+01 4.817745e+02 9.640597e+01 3.087817e-02 -2.574003e+00 -1.516665e+02
<VARIANCE> 6
 3.171274e+01 1.309607e+04 1.362684e+04 2.998645e+02 4.044808e+04 5.191738e+07
<GCONST> 6.756012e+01
<MIXTURE> 8 6.564145e-02
<MEAN> 6
 6.333064e+01 3.542805e+02 -1.396933e+02 5.220171e-01 -1.268497e+01 -7.094630e+01
<VARIANCE> 6
 3.171274e+01 1.309607e+04 1.362684e+04 2.998645e+02 4.044808e+04 5.191738e+07
<GCONST> 6.756012e+01
<MIXTURE> 9 3.097388e-02
<MEAN> 6
 6.184913e+01 -2.058885e+03 -2.206078e+02 -3.129095e+00 -7.393395e-01 1.541940e+01
<VARIANCE> 6
 3.171274e+01 1.309607e+04 1.362684e+04 2.998645e+02 4.044808e+04 5.191738e+07
<GCONST> 6.756012e+01
<MIXTURE> 10 4.552913e-02
<MEAN> 6
 6.137875e+01 5.085274e+01 -5.416344e+01 -4.742085e-01 -4.302514e+00 -1.488666e+02
<VARIANCE> 6
 3.171274e+01 1.309607e+04 1.362684e+04 2.998645e+02 4.044808e+04 5.191738e+07
<GCONST> 6.756012e+01
<MIXTURE> 11 9.164775e-02
<MEAN> 6
 6.124630e+01 2.707178e+01 -7.028401e+01 -4.914496e-01 -3.593471e+00 -1.559272e+02
<VARIANCE> 6
 3.171274e+01 1.309607e+04 1.362684e+04 2.998645e+02 4.044808e+04 5.191738e+07
<GCONST> 6.756012e+01
<MIXTURE> 12 6.326937e-02
<MEAN> 6
 5.939511e+01 4.818221e+02 9.634841e+01 3.152612e-02 -2.570503e+00 -1.516428e+02
<VARIANCE> 6
 3.171274e+01 1.309607e+04 1.362684e+04 2.998645e+02 4.044808e+04 5.191738e+07
<GCONST> 6.756012e+01
<MIXTURE> 13 6.300086e-02
<MEAN> 6
 5.939447e+01 4.818712e+02 9.628838e+01 3.219790e-02 -2.566836e+00 -1.516181e+02
<VARIANCE> 6
 3.171274e+01 1.309607e+04 1.362684e+04 2.998645e+02 4.044808e+04 5.191738e+07
<GCONST> 6.756012e+01
<MIXTURE> 14 5.080706e-02
<MEAN> 6
 6.120569e+01 1.548682e+03 9.572085e+02 -4.951303e+00 6.197500e+00 2.129393e+02
<VARIANCE> 6
 3.171274e+01 4.562439e+05 1.119204e+06 2.998645e+02 4.044808e+04 5.191738e+07
<GCONST> 7.551917e+01
<MIXTURE> 15 4.552821e-02
<MEAN> 6
 6.114591e+01 1.306246e+01 -7.949741e+01 -4.958921e-01 -3.296278e+00 -1.643455e+02
<VARIANCE> 6
 3.171274e+01 1.309607e+04 1.362684e+04 2.998645e+02 4.044808e+04 5.191738e+07
<GCONST> 6.756012e+01
<STATE> 12
<NUMMIXES> 15
<MIXTURE> 1 3.991938e-02
<MEAN> 6
 -3.307016e+01 5.653988e+02 1.952852e+02 -5.310909e+01 3.909809e+02 1.353311e+03
<VARIANCE> 6
 1.242985e+02 2.764624e+05 4.999522e+05 5.495496e+03 1.295210e+05 5.191738e+07
<GCONST> 7.965050e+01
<MIXTURE> 2 5.006099e-02
<MEAN> 6
 -4.690529e+01 6.004872e+01 -6.968342e+01 -4.435715e+01 1.222011e+03 1.352642e+03
<VARIANCE> 6
 1.790097e+02 9.908759e+04 8.538138e+04 2.026508e+04 3.718115e+05 2.736490e+08
<GCONST> 8.124350e+01
<MIXTURE> 3 4.132320e-02
<MEAN> 6
 8.000639e+01 -3.810366e+02 -2.158642e+01 -1.126313e+01 -4.810251e+01 1.667312e+02
<VARIANCE> 6
 1.600355e+02 3.771849e+05 3.003252e+04 2.998645e+02 4.044808e+04 5.191738e+07
<GCONST> 7.332945e+01
<MIXTURE> 4 6.588967e-02
<MEAN> 6
 7.966686e+01 -1.172350e+02 -3.026599e+01 1.491535e+00 -9.375540e+02 -2.101348e+03
<VARIANCE> 6
 2.025204e+02 2.144350e+05 2.712423e+04 1.518971e+04 5.356471e+05 2.398439e+08
<GCONST> 8.093716e+01
<MIXTURE> 5 6.358591e-02
<MEAN> 6
 5.759278e+01 1.259515e+02 -2.388185e+01 1.199228e+02 -2.299025e+02 -4.795892e+02
<VARIANCE> 6
 1.971457e+02 1.258881e+05 2.620739e+04 3.321262e+03 6.833988e+04 5.191738e+07
<GCONST> 7.523367e+01
<MIXTURE> 6 7.847255e-02
<MEAN> 6
 -4.106447e+01 1.061889e+02 -9.666978e+00 5.803696e+01 7.210104e+02 -1.418188e+03
<VARIANCE> 6
 1.461540e+02 1.113241e+05 2.765262e+04 9.646145e+03 7.909009e+04 5.191738e+07
<GCONST> 7.607742e+01
<MIXTURE> 7 5.252207e-02
<MEAN> 6
 2.029782e+01 1.128530e+02 1.163098e+02 -2.561444e+02 -1.345633e+02 1.043545e+04
<VARIANCE> 6
 4.568295e+02 1.042679e+05 3.942075e+04 3.179766e+03 3.890668e+05 1.514545e+08
<GCONST> 7.906020e+01
<MIXTURE> 8 4.941768e-02
<MEAN> 6
 7.488807e+01 -4.996208e+02 -1.216374e+02 5.974971e+00 -4.857849e+02 4.646690e+02
<VARIANCE> 6
 1.048122e+02 1.132736e+06 2.157748e+05 3.717875e+03 1.472446e+05 5.191738e+07
<GCONST> 7.978749e+01
<MIXTURE> 9 5.003741e-02
<MEAN> 6
 2.598238e+00 7.204482e+01 1.230967e+02 2.288983e+02 -6.788137e+01 -5.723513e+03
<VARIANCE> 6
 4.668425e+02 7.077245e+04 1.089650e+05 3.978617e+03 1.948271e+05 1.093658e+08
<GCONST> 7.891803e+01
<MIXTURE> 10 8.490182e-02
<MEAN> 6
 5.574886e+01 -2.616235e+01 5.982227e+01 -1.270028e+02 -4.875855e+02 4.375627e+02
<VARIANCE> 6
 2.049276e+02 3.116769e+05 2.936882e+04 3.074467e+03 1.017867e+05 5.191738e+07
<GCONST> 7.661401e+01
<MIXTURE> 11 7.064109e-02
<MEAN> 6
 -3.568848e+01 2.839931e+01 -2.497023e+01 2.370636e+01 2.193598e+02 6.972185e+01
<VARIANCE> 6
 2.575234e+02 8.507116e+04 3.816008e+04 1.012644e+03 4.200262e+04 5.191738e+07
<GCONST> 7.381013e+01
<MIXTURE> 12 1.021475e-01
<MEAN> 6
 -4.487404e+00 -1.027807e+02 8.709569e+01 -1.593596e+02 2.194401e+02 -3.626723e+02
<VARIANCE> 6
 4.017793e+02 2.066613e+05 4.519064e+04 2.276924e+03 1.598995e+05 1.186918e+08
<GCONST> 7.828557e+01
<MIXTURE> 13 9.518220e-02
<MEAN> 6
 6.615360e+00 -3.832208e+01 -3.988231e+00 1.390742e+02 5.263424e+01 -5.321094e+02
<VARIANCE> 6
 2.813981e+02 2.413443e+05 6.609315e+04 1.742422e+03 4.259720e+04 5.191738e+07
<GCONST> 7.604758e+01
<MIXTURE> 14 9.784523e-02
<MEAN> 6
 6.897696e+01 -2.403174e+02 3.519971e+01 -6.407851e+00 -5.027879e+01 -5.223127e+01
<VARIANCE> 6
 3.171274e+01 2.275453e+05 4.078112e+04 2.998645e+02 4.044808e+04 5.191738e+07
<GCONST> 7.151132e+01
<MIXTURE> 15 5.789628e-02
<MEAN> 6
 5.000153e+01 -1.705504e+02 -1.677882e+02 1.260765e+02 -2.838513e+02 -8.669163e+02
<VARIANCE> 6
 1.602413e+02 1.400365e+05 7.981875e+04 2.019337e+03 5.050901e+04 5.191738e+07
<GCONST> 7.544671e+01
<TRANSP> 13
 0.000000e+00 1.000000e+00 0.000000e+00 0.000000e+00 0.000000e+00 0.000000e+00 0.000000e+00 0.000000e+00 0.000000e+00 0.000000e+00 0.000000e+00 0.000000e+00 0.000000e+00
 0.000000e+00 9.990274e-01 9.725521e-04 0.000000e+00 0.000000e+00 0.000000e+00 0.000000e+00 0.000000e+00 0.000000e+00 0.000000e+00 0.000000e+00 0.000000e+00 0.000000e+00
 0.000000e+00 0.000000e+00 9.991844e-01 8.155255e-04 0.000000e+00 0.000000e+00 0.000000e+00 0.000000e+00 0.000000e+00 0.000000e+00 0.000000e+00 0.000000e+00 0.000000e+00
 0.000000e+00 0.000000e+00 0.000000e+00 9.986883e-01 1.311732e-03 0.000000e+00 0.000000e+00 0.000000e+00 0.000000e+00 0.000000e+00 0.000000e+00 0.000000e+00 0.000000e+00
 0.000000e+00 0.000000e+00 0.000000e+00 0.000000e+00 9.993326e-01 6.673380e-04 0.000000e+00 0.000000e+00 0.000000e+00 0.000000e+00 0.000000e+00 0.000000e+00 0.000000e+00
 0.000000e+00 0.000000e+00 0.000000e+00 0.000000e+00 0.000000e+00 9.999059e-01 9.411545e-05 0.000000e+00 0.000000e+00 0.000000e+00 0.000000e+00 0.000000e+00 0.000000e+00
 0.000000e+00 0.000000e+00 0.000000e+00 0.000000e+00 0.000000e+00 0.000000e+00 9.982862e-01 1.713780e-03 0.000000e+00 0.000000e+00 0.000000e+00 0.000000e+00 0.000000e+00
 0.000000e+00 0.000000e+00 0.000000e+00 0.000000e+00 0.000000e+00 0.000000e+00 0.000000e+00 9.998043e-01 1.957322e-04 0.000000e+00 0.000000e+00 0.000000e+00 0.000000e+00
 0.000000e+00 0.000000e+00 0.000000e+00 0.000000e+00 0.000000e+00 0.000000e+00 0.000000e+00 0.000000e+00 9.988455e-01 1.154558e-03 0.000000e+00 0.000000e+00 0.000000e+00
 0.000000e+00 0.000000e+00 0.000000e+00 0.000000e+00 0.000000e+00 0.000000e+00 0.000000e+00 0.000000e+00 0.000000e+00 9.986597e-01 1.340380e-03 0.000000e+00 0.000000e+00
 0.000000e+00 0.000000e+00 0.000000e+00 0.000000e+00 0.000000e+00 0.000000e+00 0.000000e+00 0.000000e+00 0.000000e+00 0.000000e+00 9.984223e-01 1.577652e-03 0.000000e+00
 0.000000e+00 0.000000e+00 0.000000e+00 0.000000e+00 0.000000e+00 0.000000e+00 0.000000e+00 0.000000e+00 0.000000e+00 0.000000e+00 0.000000e+00 9.997623e-01 2.376895e-04
 0.000000e+00 0.000000e+00 0.000000e+00 0.000000e+00 0.000000e+00 0.000000e+00 0.000000e+00 0.000000e+00 0.000000e+00 0.000000e+00 0.000000e+00 0.000000e+00 0.000000e+00
<ENDHMM>
~h "QuintoPRIMARIA"
<BEGINHMM>
<NUMSTATES> 13
<STATE> 2
<NUMMIXES> 15
<MIXTURE> 1 6.964526e-02
<MEAN> 6
 8.023377e+01 2.274592e+02 8.670102e+02 -1.257767e+00 -2.349052e+01 -1.781737e+02
<VARIANCE> 6
 1.505030e+02 1.612311e+05 7.346028e+06 2.998645e+02 4.044808e+04 5.191738e+07
<GCONST> 7.791777e+01
<MIXTURE> 2 6.169320e-02
<MEAN> 6
 8.366264e+00 -9.140829e+01 -2.151294e+03 -1.438940e+02 7.367255e+00 4.976376e+03
<VARIANCE> 6
 3.476609e+03 3.401385e+05 1.071803e+07 3.576775e+04 1.993255e+06 5.691096e+08
<GCONST> 9.325529e+01
<MIXTURE> 3 6.797316e-02
<MEAN> 6
 -2.829876e+01 6.124680e+01 6.534453e+01 1.465439e+02 7.140622e+02 -1.925879e+03
<VARIANCE> 6
 2.974996e+02 9.268863e+04 1.159191e+05 9.699088e+03 1.420835e+05 5.191738e+07
<GCONST> 7.862944e+01
<MIXTURE> 4 6.626728e-02
<MEAN> 6
 4.122676e+01 6.887354e+00 3.000773e+01 1.718074e+02 -2.576413e+02 -1.580021e+03
<VARIANCE> 6
 4.274589e+02 7.872350e+04 4.442983e+04 5.727024e+03 1.197293e+05 5.191738e+07
<GCONST> 7.717159e+01
<MIXTURE> 5 5.879179e-02
<MEAN> 6
 -3.783890e+01 -1.782244e+00 -2.962904e+01 -8.355042e+01 1.362354e+03 2.495574e+03
<VARIANCE> 6
 2.242945e+02 2.696649e+04 5.606081e+04 2.665498e+04 6.680051e+05 5.991503e+08
<GCONST> 8.139057e+01
<MIXTURE> 6 3.732559e-02
<MEAN> 6
 6.401047e+01 2.974920e+01 -4.219498e+01 9.216162e+01 -1.048875e+03 -3.653532e+03
<VARIANCE> 6
 9.271449e+02 1.170452e+05 6.124757e+04 3.979432e+04 1.103946e+06 9.289945e+08
<GCONST> 8.570786e+01
<MIXTURE> 7 7.993142e-02
<MEAN> 6
 6.131282e+01 1.917335e+01 1.450242e+02 2.647316e-01 -3.234686e+01 -2.662717e+02
<VARIANCE> 6
 5.796972e+01 1.309607e+04 3.403111e+04 2.998645e+02 4.044808e+04 5.191738e+07
<GCONST> 6.907855e+01
<MIXTURE> 8 5.999110e-02
<MEAN> 6
 5.821529e+01 -1.865237e+02 -1.566000e+02 1.452836e+00 -2.501130e+01 -1.253028e+02
<VARIANCE> 6
 3.807277e+01 2.932075e+04 5.385873e+05 2.998645e+02 4.044808e+04 5.191738e+07
<GCONST> 7.222578e+01
<MIXTURE> 9 1.030015e-01
<MEAN> 6
 3.025513e+00 9.210430e+00 1.198862e+01 -9.693565e+01 6.151723e+01 7.688326e+02
<VARIANCE> 6
 3.877097e+02 2.206368e+04 6.388002e+04 3.978491e+04 2.416432e+05 1.860624e+08
<GCONST> 8.008202e+01
<MIXTURE> 10 8.097728e-02
<MEAN> 6
 6.926855e+01 3.764494e+01 1.096128e+01 -6.707848e+01 -7.145222e+02 -6.341935e+01
<VARIANCE> 6
 3.536237e+02 2.035246e+04 1.915352e+04 1.355183e+04 2.483395e+05 8.802002e+07
<GCONST> 7.690660e+01
<MIXTURE> 11 5.006876e-02
<MEAN> 6
 3.174069e+01 -1.856250e+02 1.789556e+02 5.072869e+01 -3.143159e+02 -2.018775e+03
<VARIANCE> 6
 1.316854e+03 1.207459e+05 4.595702e+06 3.043484e+04 1.892225e+05 5.191738e+07
<GCONST> 8.549153e+01
<MIXTURE> 12 7.831892e-02
<MEAN> 6
 -4.995582e+01 -7.185179e+00 1.036005e+01 1.473846e+01 1.834172e+02 1.148413e+01
<VARIANCE> 6
 2.525777e+02 1.843618e+04 8.005601e+04 5.893384e+02 5.520368e+04 5.191738e+07
<GCONST> 7.273448e+01
<MIXTURE> 13 5.330549e-02
<MEAN> 6
 7.892392e+01 -2.286473e+01 -3.577174e+01 -1.014156e+01 -7.142452e+01 -3.887146e+02
<VARIANCE> 6
 1.076330e+02 1.415002e+04 2.355146e+04 3.126496e+02 4.044808e+04 5.191738e+07
<GCONST> 6.944843e+01
<MIXTURE> 14 6.861667e-02
<MEAN> 6
 5.716217e+01 -8.601837e+00 -2.476706e+00 -4.757038e+01 -6.218853e+02 8.388304e+02
<VARIANCE> 6
 3.506700e+02 1.171846e+05 1.379231e+05 2.012936e+04 1.593164e+05 5.191738e+07
<GCONST> 8.004681e+01
<MIXTURE> 15 6.371449e-02
<MEAN> 6
 -5.449063e+01 -1.037615e+02 -2.833682e+01 2.378874e+01 5.939278e+02 -3.463306e+02
<VARIANCE> 6
 3.124939e+02 5.703371e+04 1.075743e+06 9.395861e+03 1.519028e+05 5.191738e+07
<GCONST> 8.045595e+01
<STATE> 3
<NUMMIXES> 15
<MIXTURE> 1 7.444569e-02
<MEAN> 6
 8.796995e+01 -2.989196e+00 -1.517584e+02 4.368927e+01 -8.713196e+02 4.967055e+03
<VARIANCE> 6
 1.364324e+02 5.054689e+05 1.653536e+05 9.358059e+03 2.033531e+06 1.102297e+09
<GCONST> 8.558212e+01
<MIXTURE> 2 8.101707e-02
<MEAN> 6
 1.002975e+02 7.136676e+01 8.524428e+00 2.733694e+01 -6.540188e+02 1.721970e+03
<VARIANCE> 6
 7.366091e+01 3.505977e+04 1.362684e+04 3.998198e+03 3.064970e+05 1.228531e+08
<GCONST> 7.486440e+01
<MIXTURE> 3 3.581199e-02
<MEAN> 6
 3.081522e+00 6.608881e+01 6.974913e+02 2.549423e+02 -2.737297e+02 -1.328800e+04
<VARIANCE> 6
 9.245051e+01 1.257414e+05 9.312549e+04 2.603516e+03 4.934639e+05 2.893875e+08
<GCONST> 7.919472e+01
<MIXTURE> 4 7.238127e-02
<MEAN> 6
 5.389472e+01 7.657066e+01 1.462323e+01 9.030710e+01 -3.352765e+01 4.166183e+02
<VARIANCE> 6
 4.803369e+02 4.029386e+04 1.362684e+04 2.998645e+02 4.044808e+04 5.191738e+07
<GCONST> 7.140176e+01
<MIXTURE> 5 1.150911e-01
<MEAN> 6
 -2.532095e+01 -9.103130e+01 3.512468e+02 1.451553e+02 4.583846e+02 -1.364537e+03
<VARIANCE> 6
 1.488219e+02 1.078972e+05 6.196820e+05 1.526751e+03 4.044808e+04 5.191738e+07
<GCONST> 7.665974e+01
<MIXTURE> 6 9.125044e-02
<MEAN> 6
 5.317556e+01 1.739501e+02 2.916085e+02 1.671587e+02 -1.647374e+02 -7.331418e+02
<VARIANCE> 6
 5.587206e+02 1.347777e+04 4.246233e+04 2.119206e+03 7.518789e+04 5.191738e+07
<GCONST> 7.416978e+01
<MIXTURE> 7 8.703820e-02
<MEAN> 6
 1.850660e+01 -1.485569e+02 -6.011932e+02 1.220735e+02 1.753808e+00 -6.979260e+02
<VARIANCE> 6
 5.986414e+02 1.372246e+05 4.921256e+04 7.995416e+02 5.138462e+04 5.191738e+07
<GCONST> 7.535150e+01
<MIXTURE> 8 3.105108e-02
<MEAN> 6
 1.629334e+01 -4.227301e+02 1.653805e+03 1.151359e+02 -3.246169e+02 6.100909e+02
<VARIANCE> 6
 1.796418e+02 1.336824e+04 3.362934e+05 1.105244e+03 4.044808e+04 5.191738e+07
<GCONST> 7.382536e+01
<MIXTURE> 9 4.282912e-02
<MEAN> 6
 1.754195e+01 -5.211478e+01 -3.211976e+01 3.243667e+02 7.952429e+01 -1.577250e+04
<VARIANCE> 6
 9.926207e+02 4.483513e+04 1.362684e+04 7.776739e+02 7.962719e+05 1.430999e+08
<GCONST> 7.718121e+01
<MIXTURE> 10 7.685085e-02
<MEAN> 6
 6.724082e+01 1.093675e+02 -1.849677e+02 7.075969e+01 -6.048987e+02 1.585599e+03
<VARIANCE> 6
 4.622522e+01 2.643050e+05 1.207365e+05 8.563529e+02 1.747530e+05 5.191738e+07
<GCONST> 7.563599e+01
<MIXTURE> 11 7.377429e-02
<MEAN> 6
 4.144373e+01 -6.569273e+01 -3.455742e+01 2.182348e+02 -4.335434e+02 -1.300487e+03
<VARIANCE> 6
 2.528633e+02 3.652850e+04 2.601405e+04 2.164238e+03 1.381783e+05 7.845200e+07
<GCONST> 7.492648e+01
<MIXTURE> 12 3.029195e-02
<MEAN> 6
 2.342936e+01 -6.489768e+02 -1.827462e+02 1.931904e+02 -5.062539e+02 -1.323966e+03
<VARIANCE> 6
 4.012133e+02 4.292548e+05 1.831734e+05 4.289511e+03 3.499855e+05 1.049452e+08
<GCONST> 8.170827e+01
<MIXTURE> 13 3.469069e-02
<MEAN> 6
 4.494696e+01 -1.247590e+02 -4.992661e+02 6.894394e+01 -3.356523e+02 2.269849e+03
<VARIANCE> 6
 9.650720e+01 2.367652e+05 9.584134e+05 1.093704e+03 4.720394e+04 5.191738e+07
<GCONST> 7.726946e+01
<MIXTURE> 14 8.542927e-02
<MEAN> 6
 2.765194e+00 -4.614679e+01 -1.142912e+02 2.134105e+02 4.477886e+02 -3.846643e+03
<VARIANCE> 6
 1.869277e+02 5.623080e+04 1.362684e+04 1.318237e+03 1.153041e+05 7.410078e+07
<GCONST> 7.367532e+01
<MIXTURE> 15 6.803130e-02
<MEAN> 6
 5.424115e+01 -1.324323e+02 -5.370378e+01 1.828922e+02 -7.779131e+02 -5.257262e+03
<VARIANCE> 6
 3.706787e+02 6.145742e+04 4.459512e+04 2.746250e+03 2.057118e+05 5.893930e+07
<GCONST> 7.671832e+01
<STATE> 4
<NUMMIXES> 15
<MIXTURE> 1 8.681806e-02
<MEAN> 6
 5.196344e+01 2.364820e+03 2.623028e+03 -1.018796e+00 -1.591627e+00 1.216340e+01
<VARIANCE> 6
 3.171274e+01 1.309607e+04 1.362684e+04 2.998645e+02 4.044808e+04 5.191738e+07
<GCONST> 6.756012e+01
<MIXTURE> 2 6.820707e-02
<MEAN> 6
 5.604258e+01 -1.107063e+03 8.226118e+02 -6.467593e-01 -7.151386e+00 -1.891282e+02
<VARIANCE> 6
 3.171274e+01 1.309607e+04 1.362684e+04 2.998645e+02 4.044808e+04 5.191738e+07
<GCONST> 6.756012e+01
<MIXTURE> 3 8.530950e-02
<MEAN> 6
 6.128775e+00 -1.716825e+03 -1.994071e+03 7.695847e+01 1.204121e+02 -1.710534e+02
<VARIANCE> 6
 2.928259e+03 6.648092e+05 1.424229e+06 7.749049e+03 2.373713e+05 5.639090e+07
<GCONST> 8.576634e+01
<MIXTURE> 4 2.474312e-02
<MEAN> 6
 5.604364e+01 -1.106969e+03 8.223631e+02 -6.457304e-01 -7.123107e+00 -1.883547e+02
<VARIANCE> 6
 3.171274e+01 1.309607e+04 1.362684e+04 2.998645e+02 4.044808e+04 5.191738e+07
<GCONST> 6.756012e+01
<MIXTURE> 5 6.972141e-02
<MEAN> 6
 4.897613e+01 -1.046014e+03 1.982922e+01 -1.868189e-01 -2.077035e+00 -1.224581e+02
<VARIANCE> 6
 3.171274e+01 1.309607e+04 1.362684e+04 2.998645e+02 4.044808e+04 5.191738e+07
<GCONST> 6.756012e+01
<MIXTURE> 6 1.006570e-01
<MEAN> 6
 4.705656e+01 3.837144e+02 1.911634e+03 5.237940e-01 -5.597371e-01 1.702206e+00
<VARIANCE> 6
 3.171274e+01 1.309607e+04 1.362684e+04 2.998645e+02 4.044808e+04 5.191738e+07
<GCONST> 6.756012e+01
<MIXTURE> 7 6.951752e-02
<MEAN> 6
 4.897613e+01 -1.046014e+03 1.982895e+01 -1.868186e-01 -2.077021e+00 -1.224589e+02
<VARIANCE> 6
 3.171274e+01 1.309607e+04 1.362684e+04 2.998645e+02 4.044808e+04 5.191738e+07
<GCONST> 6.756012e+01
<MIXTURE> 8 2.404347e-02
<MEAN> 6
 4.735672e+01 1.356796e+03 1.025878e+03 2.148268e+01 -3.722954e+01 5.664527e+02
<VARIANCE> 6
 3.171274e+01 4.737055e+04 5.127531e+05 2.998645e+02 4.044808e+04 5.191738e+07
<GCONST> 7.247356e+01
<MIXTURE> 9 6.007857e-02
<MEAN> 6
 4.773086e+01 3.580174e+02 1.773284e+03 2.375138e-01 -1.168146e+01 -1.615117e+02
<VARIANCE> 6
 3.171274e+01 1.309607e+04 1.362684e+04 2.998645e+02 4.044808e+04 5.191738e+07
<GCONST> 6.756012e+01
<MIXTURE> 10 6.965344e-02
<MEAN> 6
 4.897613e+01 -1.046014e+03 1.982935e+01 -1.868194e-01 -2.077031e+00 -1.224575e+02
<VARIANCE> 6
 3.171274e+01 1.309607e+04 1.362684e+04 2.998645e+02 4.044808e+04 5.191738e+07
<GCONST> 6.756012e+01
<MIXTURE> 11 6.944957e-02
<MEAN> 6
 4.897613e+01 -1.046014e+03 1.982934e+01 -1.868194e-01 -2.077034e+00 -1.224587e+02
<VARIANCE> 6
 3.171274e+01 1.309607e+04 1.362684e+04 2.998645e+02 4.044808e+04 5.191738e+07
<GCONST> 6.756012e+01
<MIXTURE> 12 6.793558e-02
<MEAN> 6
 5.604488e+01 -1.106860e+03 8.220707e+02 -6.445292e-01 -7.090237e+00 -1.874536e+02
<VARIANCE> 6
 3.171274e+01 1.309607e+04 1.362684e+04 2.998645e+02 4.044808e+04 5.191738e+07
<GCONST> 6.756012e+01
<MIXTURE> 13 1.097875e-01
<MEAN> 6
 5.695747e+01 1.379990e+03 1.149487e+03 9.700686e-01 -1.166212e+01 8.909099e+01
<VARIANCE> 6
 3.171274e+01 1.912153e+04 1.362684e+04 2.998645e+02 4.044808e+04 5.191738e+07
<GCONST> 6.793861e+01
<MIXTURE> 14 3.498973e-02
<MEAN> 6
 5.083970e+01 2.112645e+03 2.557689e+03 3.651350e+00 -1.829935e+01 1.333838e+02
<VARIANCE> 6
 3.171274e+01 1.309607e+04 6.197232e+04 2.998645e+02 4.044808e+04 5.191738e+07
<GCONST> 6.907475e+01
<MIXTURE> 15 5.908807e-02
<MEAN> 6
 4.791013e+01 3.469644e+02 1.747176e+03 6.377120e-04 -2.043989e+01 -2.696126e+02
<VARIANCE> 6
 3.171274e+01 1.309607e+04 1.362684e+04 2.998645e+02 4.044808e+04 5.191738e+07
<GCONST> 6.756012e+01
<STATE> 5
<NUMMIXES> 15
<MIXTURE> 1 1.151787e-02
<MEAN> 6
 8.804925e+01 3.901459e+02 3.236709e+03 2.819604e+01 2.502361e+02 -2.205418e+03
<VARIANCE> 6
 6.065662e+01 1.996854e+04 1.362684e+04 1.001969e+03 5.424539e+05 3.735193e+08
<GCONST> 7.440626e+01
<MIXTURE> 2 6.512030e-02
<MEAN> 6
 5.680462e+01 -1.339267e+04 -2.136651e+03 -6.587394e-01 2.756252e+00 7.666573e+01
<VARIANCE> 6
 3.171274e+01 1.334134e+07 2.814215e+04 2.998645e+02 4.044808e+04 5.191738e+07
<GCONST> 7.521165e+01
<MIXTURE> 3 5.841307e-02
<MEAN> 6
 9.253024e+01 -3.601006e+02 6.356218e+02 -4.952387e+00 2.194940e+01 7.636362e+02
<VARIANCE> 6
 1.115574e+02 1.271711e+05 6.349928e+05 2.998645e+02 4.044808e+04 5.191738e+07
<GCONST> 7.493272e+01
<MIXTURE> 4 5.555001e-02
<MEAN> 6
 8.136815e+01 -3.524670e+02 2.616010e+03 -3.459165e-01 -1.181891e+01 4.577874e+01
<VARIANCE> 6
 3.171274e+01 1.309607e+04 1.362684e+04 2.998645e+02 4.044808e+04 5.191738e+07
<GCONST> 6.756012e+01
<MIXTURE> 5 9.694933e-02
<MEAN> 6
 7.575880e+01 -8.067090e+02 3.256727e+03 -1.761259e+00 6.746634e-01 1.679324e+01
<VARIANCE> 6
 3.171274e+01 1.309607e+04 1.940707e+04 2.998645e+02 4.044808e+04 5.191738e+07
<GCONST> 6.791371e+01
<MIXTURE> 6 8.596263e-02
<MEAN> 6
 8.406018e+01 -4.362081e+02 1.444957e+03 -3.529346e+00 6.441218e-01 -2.377834e+01
<VARIANCE> 6
 3.171274e+01 1.309607e+04 1.362684e+04 2.998645e+02 4.044808e+04 5.191738e+07
<GCONST> 6.756012e+01
<MIXTURE> 7 5.213180e-02
<MEAN> 6
 8.183833e+01 -5.390152e+02 2.648793e+03 -1.255242e+00 -3.280900e+00 -1.655257e+01
<VARIANCE> 6
 3.171274e+01 1.309607e+04 9.495904e+04 2.998645e+02 4.044808e+04 5.191738e+07
<GCONST> 6.950151e+01
<MIXTURE> 8 1.064764e-01
<MEAN> 6
 8.192396e+01 -7.290561e+02 1.575528e+03 -2.893361e-01 9.683949e-01 1.585325e+01
<VARIANCE> 6
 3.171274e+01 1.309607e+04 1.362684e+04 2.998645e+02 4.044808e+04 5.191738e+07
<GCONST> 6.756012e+01
<MIXTURE> 9 5.300502e-02
<MEAN> 6
 1.017849e+02 2.135059e+01 2.581629e+03 -1.856465e+00 -1.148645e+01 -1.450209e+01
<VARIANCE> 6
 3.826125e+01 2.962416e+04 1.501090e+05 2.998645e+02 4.044808e+04 5.191738e+07
<GCONST> 7.096342e+01
<MIXTURE> 10 6.563734e-02
<MEAN> 6
 8.266988e+01 -6.319294e+02 1.362237e+03 -1.294164e+00 -8.942040e+00 -2.580284e+02
<VARIANCE> 6
 3.171274e+01 1.309607e+04 1.362684e+04 2.998645e+02 4.044808e+04 5.191738e+07
<GCONST> 6.756012e+01
<MIXTURE> 11 9.176160e-02
<MEAN> 6
 8.768816e+01 -5.380513e+02 -1.912444e+02 -2.193305e+00 -1.283093e+01 -1.461259e+01
<VARIANCE> 6
 3.171274e+01 2.634516e+05 1.362684e+04 2.998645e+02 4.044808e+04 5.191738e+07
<GCONST> 7.056168e+01
<MIXTURE> 12 7.821517e-02
<MEAN> 6
 9.993517e+01 -4.380632e+01 3.401012e+03 -4.793812e+00 1.005597e+00 -7.476627e+00
<VARIANCE> 6
 3.171274e+01 1.309607e+04 1.362684e+04 2.998645e+02 4.044808e+04 5.191738e+07
<GCONST> 6.756012e+01
<MIXTURE> 13 5.509758e-02
<MEAN> 6
 8.136784e+01 -3.525759e+02 2.615879e+03 -3.441378e-01 -1.177165e+01 4.559290e+01
<VARIANCE> 6
 3.171274e+01 1.309607e+04 1.362684e+04 2.998645e+02 4.044808e+04 5.191738e+07
<GCONST> 6.756012e+01
<MIXTURE> 14 7.150650e-02
<MEAN> 6
 9.245000e+01 3.160372e+02 3.260439e+03 -9.293869e+00 -9.709569e+00 5.538711e+02
<VARIANCE> 6
 3.171274e+01 1.309607e+04 1.362684e+04 2.998645e+02 4.044808e+04 5.191738e+07
<GCONST> 6.756012e+01
<MIXTURE> 15 5.264277e-02
<MEAN> 6
 8.149330e+01 -5.122900e+02 2.500417e+03 -5.612401e-01 -2.676963e+00 3.012241e+00
<VARIANCE> 6
 3.171274e+01 1.309607e+04 1.002908e+05 2.998645e+02 4.044808e+04 5.191738e+07
<GCONST> 6.955615e+01
<STATE> 6
<NUMMIXES> 15
<MIXTURE> 1 4.531788e-02
<MEAN> 6
 5.735034e+01 -5.783061e+03 -1.892913e+03 -5.915337e-01 -1.400682e+01 -2.111719e+02
<VARIANCE> 6
 3.171274e+01 2.645037e+06 1.362684e+04 2.998645e+02 4.044808e+04 5.191738e+07
<GCONST> 7.286824e+01
<MIXTURE> 2 8.786988e-02
<MEAN> 6
 8.064330e+01 1.888778e+03 -3.584726e+02 -2.983402e+00 -9.952542e+00 -2.116539e+02
<VARIANCE> 6
 3.171274e+01 4.287404e+05 6.130793e+04 2.998645e+02 4.044808e+04 5.191738e+07
<GCONST> 7.255252e+01
<MIXTURE> 3 3.687866e-02
<MEAN> 6
 5.808405e+01 4.362686e+02 4.286937e+02 5.139338e+00 -1.465111e+01 -2.344916e+02
<VARIANCE> 6
 3.171274e+01 1.309607e+04 1.362684e+04 2.998645e+02 4.044808e+04 5.191738e+07
<GCONST> 6.756012e+01
<MIXTURE> 4 6.086168e-02
<MEAN> 6
 6.932355e+01 1.474109e+03 -7.019431e+02 2.030725e-01 -4.183814e+00 -1.438744e+02
<VARIANCE> 6
 3.171274e+01 7.654587e+04 2.101933e+05 2.998645e+02 4.044808e+04 5.191738e+07
<GCONST> 7.206168e+01
<MIXTURE> 5 1.152931e-01
<MEAN> 6
 6.161555e+01 1.581404e+02 -3.047387e+03 2.822468e-01 -4.453624e+00 -1.221385e+02
<VARIANCE> 6
 3.171274e+01 1.309607e+04 4.281530e+04 2.998645e+02 4.044808e+04 5.191738e+07
<GCONST> 6.870497e+01
<MIXTURE> 6 5.249180e-02
<MEAN> 6
 7.411281e+01 6.152317e+02 1.973777e+03 -7.152859e-01 -7.642869e+00 -1.698127e+02
<VARIANCE> 6
 3.171274e+01 1.309607e+04 3.161553e+04 2.998645e+02 4.044808e+04 5.191738e+07
<GCONST> 6.840172e+01
<MIXTURE> 7 3.899464e-02
<MEAN> 6
 7.107194e+01 1.076536e+03 -1.724672e+03 1.501797e+00 5.528040e+00 -1.128995e+02
<VARIANCE> 6
 3.171274e+01 1.309607e+04 1.602251e+04 2.998645e+02 4.044808e+04 5.191738e+07
<GCONST> 6.772206e+01
<MIXTURE> 8 1.089978e-01
<MEAN> 6
 5.335388e+01 5.652203e+02 -1.983077e+03 -1.351308e-01 -3.592525e+00 -1.657423e+02
<VARIANCE> 6
 3.171274e+01 1.309607e+04 1.361506e+06 2.998645e+02 4.044808e+04 5.191738e+07
<GCONST> 7.216441e+01
<MIXTURE> 9 6.072580e-02
<MEAN> 6
 6.293233e+01 4.609662e+02 -4.617657e+02 -3.631176e-01 2.748721e-02 -3.327539e+01
<VARIANCE> 6
 3.171274e+01 1.309607e+04 7.072027e+04 2.998645e+02 4.044808e+04 5.191738e+07
<GCONST> 6.920680e+01
<MIXTURE> 10 5.746744e-02
<MEAN> 6
 6.621269e+01 1.353611e+03 -4.003982e+02 -1.236671e+00 -1.559951e+00 -2.187951e+01
<VARIANCE> 6
 3.171274e+01 1.436654e+04 7.001272e+04 2.998645e+02 4.044808e+04 5.191738e+07
<GCONST> 6.928934e+01
<MIXTURE> 11 9.444835e-02
<MEAN> 6
 7.173166e+01 1.720248e+03 1.239799e+03 -2.275518e-02 -1.844510e+00 -1.869391e+02
<VARIANCE> 6
 3.171274e+01 2.095569e+05 1.584404e+04 2.998645e+02 4.044808e+04 5.191738e+07
<GCONST> 7.048355e+01
<MIXTURE> 12 7.730221e-02
<MEAN> 6
 6.042518e+01 1.026841e+03 -8.201671e+02 -1.417686e+00 -1.426671e+00 -9.230762e+01
<VARIANCE> 6
 3.171274e+01 1.529979e+04 1.540674e+05 2.998645e+02 4.044808e+04 5.191738e+07
<GCONST> 7.014099e+01
<MIXTURE> 13 3.209092e-02
<MEAN> 6
 5.322606e+01 3.293882e+02 -6.780206e+03 8.877222e+00 -2.813256e+01 1.837051e+02
<VARIANCE> 6
 6.200362e+01 2.463782e+04 4.298583e+06 6.441365e+02 4.044808e+04 5.191738e+07
<GCONST> 7.538113e+01
<MIXTURE> 14 6.313026e-02
<MEAN> 6
 6.307044e+01 4.578774e+02 -5.575427e+02 -3.855838e-01 -6.605024e-01 -3.735548e+01
<VARIANCE> 6
 3.171274e+01 1.309607e+04 8.017062e+04 2.998645e+02 4.044808e+04 5.191738e+07
<GCONST> 6.933223e+01
<MIXTURE> 15 6.810991e-02
<MEAN> 6
 6.603526e+01 1.321152e+03 -6.367107e+02 -7.633752e-01 -1.185190e+00 -8.356618e+01
<VARIANCE> 6
 3.171274e+01 1.309607e+04 1.362684e+04 2.998645e+02 4.044808e+04 5.191738e+07
<GCONST> 6.756012e+01
<STATE> 7
<NUMMIXES> 15
<MIXTURE> 1 8.159090e-02
<MEAN> 6
 6.389502e+01 9.583388e+01 1.046146e+02 -2.762496e+00 -2.837612e+00 6.260480e+01
<VARIANCE> 6
 3.171274e+01 1.309607e+04 1.362684e+04 2.998645e+02 4.044808e+04 5.191738e+07
<GCONST> 6.756012e+01
<MIXTURE> 2 1.339077e-03
<MEAN> 6
 6.823796e+01 -5.689912e+01 -1.288863e+02 -1.433595e+01 -1.667725e+02 1.431069e+02
<VARIANCE> 6
 7.866775e+02 1.014809e+06 1.915724e+06 6.550225e+02 1.376204e+05 9.901065e+07
<GCONST> 8.271856e+01
<MIXTURE> 3 8.158430e-02
<MEAN> 6
 5.706368e+01 -2.093620e+02 -1.692120e+02 -1.554736e-01 -4.162017e-02 -7.284023e+01
<VARIANCE> 6
 3.171274e+01 1.309607e+04 1.362684e+04 2.998645e+02 4.044808e+04 5.191738e+07
<GCONST> 6.756012e+01
<MIXTURE> 4 5.851766e-02
<MEAN> 6
 6.301818e+01 2.852532e+01 -2.880934e+02 -7.550901e-01 -5.783062e+00 -7.710284e+01
<VARIANCE> 6
 3.171274e+01 1.309607e+04 1.362684e+04 2.998645e+02 4.044808e+04 5.191738e+07
<GCONST> 6.756012e+01
<MIXTURE> 5 5.723946e-02
<MEAN> 6
 5.608787e+01 2.960800e+02 -1.936209e+02 -1.671937e-01 -1.678569e+00 -5.441626e+01
<VARIANCE> 6
 3.171274e+01 1.309607e+04 1.362684e+04 2.998645e+02 4.044808e+04 5.191738e+07
<GCONST> 6.756012e+01
<MIXTURE> 6 4.141992e-02
<MEAN> 6
 5.836703e+01 -7.056597e+01 2.865706e+02 5.738392e-01 -7.674906e+00 -1.797313e+02
<VARIANCE> 6
 3.171274e+01 1.309607e+04 1.362684e+04 2.998645e+02 4.044808e+04 5.191738e+07
<GCONST> 6.756012e+01
<MIXTURE> 7 6.023265e-02
<MEAN> 6
 6.024459e+01 -9.697203e+01 -6.622252e+02 -1.243197e+00 -4.638605e+00 -9.197361e+01
<VARIANCE> 6
 3.171274e+01 1.309607e+04 1.362684e+04 2.998645e+02 4.044808e+04 5.191738e+07
<GCONST> 6.756012e+01
<MIXTURE> 8 8.242796e-02
<MEAN> 6
 6.344003e+01 9.722192e+00 -3.682049e+02 -7.117439e-01 -5.709352e+00 -8.560600e+01
<VARIANCE> 6
 3.171274e+01 1.309607e+04 1.482875e+04 2.998645e+02 4.044808e+04 5.191738e+07
<GCONST> 6.764464e+01
<MIXTURE> 9 7.960179e-02
<MEAN> 6
 5.930752e+01 -2.194073e+02 -2.865961e+02 -2.919921e-01 -4.462136e+00 -1.142862e+02
<VARIANCE> 6
 3.171274e+01 1.309607e+04 1.362684e+04 2.998645e+02 4.044808e+04 5.191738e+07
<GCONST> 6.756012e+01
<MIXTURE> 10 5.552027e-02
<MEAN> 6
 6.414412e+01 1.719962e+02 -2.219628e+02 -1.114528e+00 -7.429533e+00 3.774352e+01
<VARIANCE> 6
 3.171274e+01 1.436988e+04 1.362684e+04 2.998645e+02 4.044808e+04 5.191738e+07
<GCONST> 6.765294e+01
<MIXTURE> 11 1.165268e-01
<MEAN> 6
 6.317140e+01 -7.691331e+00 -3.545675e+02 -5.796869e-01 -5.097018e+00 -8.964629e+01
<VARIANCE> 6
 3.171274e+01 1.309607e+04 1.362684e+04 2.998645e+02 4.044808e+04 5.191738e+07
<GCONST> 6.756012e+01
<MIXTURE> 12 8.351006e-02
<MEAN> 6
 6.361288e+01 -7.154978e+00 -4.137632e+02 -7.797969e-01 -5.955881e+00 -8.009026e+01
<VARIANCE> 6
 3.171274e+01 1.309607e+04 1.362684e+04 2.998645e+02 4.044808e+04 5.191738e+07
<GCONST> 6.756012e+01
<MIXTURE> 13 8.097208e-02
<MEAN> 6
 6.387302e+01 9.565902e+01 1.046897e+02 -2.752187e+00 -2.791444e+00 6.197947e+01
<VARIANCE> 6
 3.171274e+01 1.309607e+04 1.362684e+04 2.998645e+02 4.044808e+04 5.191738e+07
<GCONST> 6.756012e+01
<MIXTURE> 14 6.112911e-02
<MEAN> 6
 6.007043e+01 -1.066357e+02 -6.694826e+02 -1.140637e+00 -4.111742e+00 -9.044175e+01
<VARIANCE> 6
 3.171274e+01 1.309607e+04 1.362684e+04 2.998645e+02 4.044808e+04 5.191738e+07
<GCONST> 6.756012e+01
<MIXTURE> 15 5.834051e-02
<MEAN> 6
 6.286871e+01 -7.493917e+00 -3.220463e+02 -5.603353e-01 -5.095916e+00 -9.175021e+01
<VARIANCE> 6
 3.171274e+01 1.309607e+04 1.362684e+04 2.998645e+02 4.044808e+04 5.191738e+07
<GCONST> 6.756012e+01
<STATE> 8
<NUMMIXES> 15
<MIXTURE> 1 5.779995e-02
<MEAN> 6
 9.556017e+01 9.307092e+01 -1.581410e+01 -8.041634e+00 -6.585172e-02 2.301199e+02
<VARIANCE> 6
 3.171274e+01 1.309607e+04 1.362684e+04 2.998645e+02 4.044808e+04 5.191738e+07
<GCONST> 6.756012e+01
<MIXTURE> 2 8.527113e-02
<MEAN> 6
 9.855556e+01 -4.997723e+02 -5.424307e+02 -1.182362e+00 -2.165948e+00 -6.694092e+01
<VARIANCE> 6
 3.309536e+01 1.309607e+04 1.362684e+04 2.998645e+02 4.044808e+04 5.191738e+07
<GCONST> 6.760278e+01
<MIXTURE> 3 9.433532e-02
<MEAN> 6
 8.499481e+01 5.648625e+01 -2.079038e+02 2.906887e-01 -3.793679e+00 -2.271553e+01
<VARIANCE> 6
 3.171274e+01 1.309607e+04 1.362684e+04 2.998645e+02 4.044808e+04 5.191738e+07
<GCONST> 6.756012e+01
<MIXTURE> 4 6.206289e-02
<MEAN> 6
 8.072842e+01 5.807853e+01 4.366069e+01 -2.190427e+00 3.425884e+00 -2.394012e+01
<VARIANCE> 6
 3.171274e+01 1.309607e+04 1.362684e+04 2.998645e+02 4.044808e+04 5.191738e+07
<GCONST> 6.756012e+01
<MIXTURE> 5 1.005804e-02
<MEAN> 6
 7.955930e+01 -9.761538e+01 2.613511e+02 -2.671901e+00 -3.905680e+01 -4.256520e+02
<VARIANCE> 6
 1.096712e+02 2.268058e+05 2.818754e+06 2.998645e+02 4.044808e+04 5.191738e+07
<GCONST> 7.698468e+01
<MIXTURE> 6 6.015819e-02
<MEAN> 6
 8.598188e+01 -1.342935e+02 2.285514e+01 -3.285491e+00 3.296788e+00 -1.997754e+01
<VARIANCE> 6
 3.171274e+01 1.309607e+04 1.362684e+04 2.998645e+02 4.044808e+04 5.191738e+07
<GCONST> 6.756012e+01
<MIXTURE> 7 8.351679e-02
<MEAN> 6
 8.160957e+01 -1.864344e+02 -3.409888e+02 -1.574123e-01 1.592254e-01 6.553240e+01
<VARIANCE> 6
 3.171274e+01 1.309607e+04 1.362684e+04 2.998645e+02 4.044808e+04 5.191738e+07
<GCONST> 6.756012e+01
<MIXTURE> 8 9.778132e-02
<MEAN> 6
 8.492017e+01 5.583577e+01 -2.111648e+02 3.257525e-01 -3.852622e+00 -2.022638e+01
<VARIANCE> 6
 3.171274e+01 1.309607e+04 1.362684e+04 2.998645e+02 4.044808e+04 5.191738e+07
<GCONST> 6.756012e+01
<MIXTURE> 9 5.772052e-02
<MEAN> 6
 8.419916e+01 -2.173280e+02 5.268840e+01 -3.794087e+00 2.948799e+00 -4.819828e+01
<VARIANCE> 6
 3.171274e+01 1.309607e+04 1.362684e+04 2.998645e+02 4.044808e+04 5.191738e+07
<GCONST> 6.756012e+01
<MIXTURE> 10 6.236164e-02
<MEAN> 6
 8.072646e+01 5.793757e+01 4.371769e+01 -2.192536e+00 3.439309e+00 -2.387934e+01
<VARIANCE> 6
 3.171274e+01 1.309607e+04 1.362684e+04 2.998645e+02 4.044808e+04 5.191738e+07
<GCONST> 6.756012e+01
<MIXTURE> 11 8.706446e-02
<MEAN> 6
 9.652608e+01 -4.996677e+02 -5.438467e+02 -7.343203e-01 -2.544013e+00 -8.700768e+01
<VARIANCE> 6
 3.171274e+01 1.309607e+04 1.362684e+04 2.998645e+02 4.044808e+04 5.191738e+07
<GCONST> 6.756012e+01
<MIXTURE> 12 5.866635e-02
<MEAN> 6
 8.266476e+01 -2.608493e+02 7.608889e+01 -4.077956e+00 3.303333e+00 -5.436872e+01
<VARIANCE> 6
 3.171274e+01 1.309607e+04 1.362684e+04 2.998645e+02 4.044808e+04 5.191738e+07
<GCONST> 6.756012e+01
<MIXTURE> 13 6.179070e-02
<MEAN> 6
 8.076042e+01 5.737122e+01 4.361198e+01 -2.205965e+00 3.406599e+00 -2.301535e+01
<VARIANCE> 6
 3.171274e+01 1.309607e+04 1.362684e+04 2.998645e+02 4.044808e+04 5.191738e+07
<GCONST> 6.756012e+01
<MIXTURE> 14 6.187336e-02
<MEAN> 6
 8.076618e+01 5.704850e+01 4.366254e+01 -2.212125e+00 3.416285e+00 -2.271530e+01
<VARIANCE> 6
 3.171274e+01 1.309607e+04 1.362684e+04 2.998645e+02 4.044808e+04 5.191738e+07
<GCONST> 6.756012e+01
<MIXTURE> 15 5.951276e-02
<MEAN> 6
 8.530492e+01 -1.752095e+02 3.483688e+01 -3.465418e+00 2.954137e+00 -3.633198e+01
<VARIANCE> 6
 3.171274e+01 1.309607e+04 1.362684e+04 2.998645e+02 4.044808e+04 5.191738e+07
<GCONST> 6.756012e+01
<STATE> 9
<NUMMIXES> 15
<MIXTURE> 1 5.679003e-02
<MEAN> 6
 9.514198e+01 1.007621e+03 2.573259e+03 -1.829768e-01 -3.233523e+00 -2.319814e+02
<VARIANCE> 6
 3.171274e+01 1.309607e+04 6.179278e+04 2.998645e+02 4.044808e+04 5.191738e+07
<GCONST> 6.907185e+01
<MIXTURE> 2 4.110570e-02
<MEAN> 6
 1.003799e+02 8.410864e+02 6.729188e+02 -3.337729e+00 9.013771e-01 3.046876e+01
<VARIANCE> 6
 3.171274e+01 1.309607e+04 5.458748e+05 2.998645e+02 4.044808e+04 5.191738e+07
<GCONST> 7.125046e+01
<MIXTURE> 3 7.901777e-02
<MEAN> 6
 7.828516e+01 6.498426e+02 -8.658470e+02 -1.206447e-01 -3.771604e+00 -7.303674e+01
<VARIANCE> 6
 3.171274e+01 1.309607e+04 1.362684e+04 2.998645e+02 4.044808e+04 5.191738e+07
<GCONST> 6.756012e+01
<MIXTURE> 4 8.179912e-02
<MEAN> 6
 8.054456e+01 3.568317e+02 -6.051198e+02 6.778926e-01 -1.191165e+01 -2.608965e+02
<VARIANCE> 6
 3.171274e+01 1.309607e+04 1.362684e+04 2.998645e+02 4.044808e+04 5.191738e+07
<GCONST> 6.756012e+01
<MIXTURE> 5 7.752400e-02
<MEAN> 6
 8.971629e+01 7.450389e+02 -2.566259e+03 -2.381266e+00 2.781789e+00 -2.132134e+01
<VARIANCE> 6
 3.171274e+01 1.309607e+04 1.362684e+04 2.998645e+02 4.044808e+04 5.191738e+07
<GCONST> 6.756012e+01
<MIXTURE> 6 4.949973e-02
<MEAN> 6
 9.861053e+01 5.748206e+02 -2.787685e+03 -8.128125e+00 -4.335135e+00 4.866344e+02
<VARIANCE> 6
 8.022282e+01 1.102684e+05 1.918183e+06 2.998645e+02 4.044808e+04 5.191738e+07
<GCONST> 7.556590e+01
<MIXTURE> 7 9.200543e-02
<MEAN> 6
 8.957657e+01 5.710192e+02 -1.358075e+03 1.326368e+00 -1.412424e+01 -2.416120e+02
<VARIANCE> 6
 3.171274e+01 1.309607e+04 1.362684e+04 2.998645e+02 4.044808e+04 5.191738e+07
<GCONST> 6.756012e+01
<MIXTURE> 8 7.636932e-02
<MEAN> 6
 7.670581e+01 1.069364e+02 -7.425618e+02 -3.086751e+00 -1.878038e+01 3.832713e+01
<VARIANCE> 6
 3.171274e+01 1.309607e+04 1.362684e+04 2.998645e+02 4.044808e+04 5.191738e+07
<GCONST> 6.756012e+01
<MIXTURE> 9 5.541378e-02
<MEAN> 6
 8.868332e+01 3.410905e+02 -1.315024e+03 -3.130599e+00 8.522558e+00 5.548201e+01
<VARIANCE> 6
 3.171274e+01 1.309607e+04 1.362684e+04 2.998645e+02 4.044808e+04 5.191738e+07
<GCONST> 6.756012e+01
<MIXTURE> 10 5.778586e-02
<MEAN> 6
 9.457951e+01 2.402473e+02 4.556307e+02 -3.708810e+00 2.265204e+01 1.838659e+02
<VARIANCE> 6
 3.171274e+01 1.309607e+04 1.362684e+04 2.998645e+02 4.044808e+04 5.191738e+07
<GCONST> 6.756012e+01
<MIXTURE> 11 7.874103e-02
<MEAN> 6
 7.828516e+01 6.498426e+02 -8.658471e+02 -1.206449e-01 -3.771607e+00 -7.303680e+01
<VARIANCE> 6
 3.171274e+01 1.309607e+04 1.362684e+04 2.998645e+02 4.044808e+04 5.191738e+07
<GCONST> 6.756012e+01
<MIXTURE> 12 5.106315e-02
<MEAN> 6
 7.067549e+01 4.094041e+02 -4.530775e+02 -1.429460e+00 -2.657047e+01 -4.000900e+02
<VARIANCE> 6
 3.171274e+01 1.309607e+04 1.362684e+04 2.998645e+02 4.044808e+04 5.191738e+07
<GCONST> 6.756012e+01
<MIXTURE> 13 7.047384e-02
<MEAN> 6
 9.661890e+01 8.938322e+02 2.053388e+03 -2.748098e-01 3.085785e+00 8.932827e+01
<VARIANCE> 6
 3.171274e+01 1.309607e+04 6.608948e+04 2.998645e+02 4.044808e+04 5.191738e+07
<GCONST> 6.913908e+01
<MIXTURE> 14 7.648745e-02
<MEAN> 6
 9.243582e+01 5.628082e+02 1.087721e+03 -4.591174e-01 -5.271572e+00 -1.788053e+02
<VARIANCE> 6
 3.171274e+01 1.309607e+04 5.481394e+05 2.998645e+02 4.044808e+04 5.191738e+07
<GCONST> 7.125461e+01
<MIXTURE> 15 5.589703e-02
<MEAN> 6
 8.944927e+01 3.195491e+02 -1.313066e+03 -3.832641e+00 7.912690e+00 5.948492e+01
<VARIANCE> 6
 3.171274e+01 1.309607e+04 1.362684e+04 2.998645e+02 4.044808e+04 5.191738e+07
<GCONST> 6.756012e+01
<STATE> 10
<NUMMIXES> 15
<MIXTURE> 1 8.015414e-02
<MEAN> 6
 7.893579e+01 -2.791806e+02 3.997751e+02 -4.811232e-01 -1.342472e+01 1.603002e+02
<VARIANCE> 6
 3.171274e+01 1.309607e+04 1.362684e+04 2.998645e+02 4.044808e+04 5.191738e+07
<GCONST> 6.756012e+01
<MIXTURE> 2 6.544526e-02
<MEAN> 6
 7.394241e+01 -4.297356e+02 1.020482e+03 -3.851109e-02 -2.162898e+00 -2.522843e+01
<VARIANCE> 6
 3.171274e+01 1.309607e+04 1.937654e+04 2.998645e+02 4.044808e+04 5.191738e+07
<GCONST> 6.791214e+01
<MIXTURE> 3 7.070449e-02
<MEAN> 6
 7.363458e+01 -5.641655e+02 1.527111e+02 -7.466776e-01 -5.709781e+00 -1.164000e+02
<VARIANCE> 6
 3.171274e+01 1.309607e+04 1.362684e+04 2.998645e+02 4.044808e+04 5.191738e+07
<GCONST> 6.756012e+01
<MIXTURE> 4 6.719919e-02
<MEAN> 6
 7.066236e+01 -4.464770e+02 -5.961685e+02 -7.892347e-01 -2.653327e+01 -4.476780e+01
<VARIANCE> 6
 3.171274e+01 4.101131e+04 1.362684e+04 2.998645e+02 4.044808e+04 5.191738e+07
<GCONST> 6.870164e+01
<MIXTURE> 5 8.247320e-02
<MEAN> 6
 7.035249e+01 -7.068400e+02 -1.605505e+03 -5.893130e-01 -6.969214e+00 -6.382598e+01
<VARIANCE> 6
 3.171274e+01 1.309607e+04 2.568264e+04 2.998645e+02 4.044808e+04 5.191738e+07
<GCONST> 6.819389e+01
<MIXTURE> 6 2.314385e-02
<MEAN> 6
 6.430022e+01 -3.662504e+02 -1.320616e+03 1.834881e+00 -1.985326e+00 -4.216360e+01
<VARIANCE> 6
 3.171274e+01 1.309607e+04 1.362684e+04 2.998645e+02 4.044808e+04 5.191738e+07
<GCONST> 6.756012e+01
<MIXTURE> 7 6.765358e-02
<MEAN> 6
 7.432734e+01 -7.692514e+02 -5.230872e+01 4.375369e-02 -2.610479e+00 -7.321586e+01
<VARIANCE> 6
 3.171274e+01 1.309607e+04 1.362684e+04 2.998645e+02 4.044808e+04 5.191738e+07
<GCONST> 6.756012e+01
<MIXTURE> 8 2.890265e-02
<MEAN> 6
 9.141056e+01 -1.538010e+03 -1.467496e+03 1.893712e+00 -2.849440e+01 9.243347e+01
<VARIANCE> 6
 6.833696e+01 1.309607e+04 7.776492e+04 4.132310e+02 4.044808e+04 5.191738e+07
<GCONST> 7.039017e+01
<MIXTURE> 9 8.783785e-02
<MEAN> 6
 6.338015e+01 -4.319352e+02 -8.607066e+00 1.018409e-01 -1.081870e+01 -8.935174e+01
<VARIANCE> 6
 3.171274e+01 1.309607e+04 1.362684e+04 2.998645e+02 4.044808e+04 5.191738e+07
<GCONST> 6.756012e+01
<MIXTURE> 10 6.049015e-02
<MEAN> 6
 7.515479e+01 -1.322020e+03 -5.635257e+01 -1.187079e+00 -6.256149e+00 -1.071682e+02
<VARIANCE> 6
 3.171274e+01 1.309607e+04 4.163132e+04 2.998645e+02 4.044808e+04 5.191738e+07
<GCONST> 6.867693e+01
<MIXTURE> 11 7.791489e-02
<MEAN> 6
 7.347684e+01 -1.500920e+03 -9.093518e+02 -1.381435e-02 -4.021025e+00 -6.973036e+01
<VARIANCE> 6
 3.171274e+01 2.096482e+05 1.003187e+05 2.998645e+02 4.044808e+04 5.191738e+07
<GCONST> 7.232954e+01
<MIXTURE> 12 9.623358e-02
<MEAN> 6
 7.395489e+01 -4.267641e+02 8.794234e+02 -7.285156e-01 -1.009310e+01 -1.029669e+02
<VARIANCE> 6
 3.171274e+01 1.309607e+04 1.362684e+04 2.998645e+02 4.044808e+04 5.191738e+07
<GCONST> 6.756012e+01
<MIXTURE> 13 7.241383e-02
<MEAN> 6
 7.310867e+01 -5.721580e+02 1.553033e+02 -7.267127e-01 -5.613181e+00 -1.076927e+02
<VARIANCE> 6
 3.171274e+01 1.309607e+04 1.362684e+04 2.998645e+02 4.044808e+04 5.191738e+07
<GCONST> 6.756012e+01
<MIXTURE> 14 6.331638e-02
<MEAN> 6
 7.271573e+01 -8.703586e+02 4.770955e+01 6.927283e-01 3.821143e+00 -5.060776e+01
<VARIANCE> 6
 3.171274e+01 1.309607e+04 1.362684e+04 2.998645e+02 4.044808e+04 5.191738e+07
<GCONST> 6.756012e+01
<MIXTURE> 15 5.609953e-02
<MEAN> 6
 7.185983e+01 -1.009862e+03 -6.570128e+02 -2.486083e+00 -1.532433e+01 -1.595936e+02
<VARIANCE> 6
 3.171274e+01 2.122047e+05 1.362684e+04 2.998645e+02 4.044808e+04 5.191738e+07
<GCONST> 7.034535e+01
<STATE> 11
<NUMMIXES> 15
<MIXTURE> 1 1.841486e-03
<MEAN> 6
 8.661974e+01 2.724278e+01 2.689130e+03 8.717922e+00 -2.121394e+02 -8.504866e+02
<VARIANCE> 6
 3.788666e+01 4.443372e+04 8.786711e+04 1.157891e+03 4.044808e+04 5.191738e+07
<GCONST> 7.217448e+01
<MIXTURE> 2 7.678113e-02
<MEAN> 6
 8.412794e+01 1.900951e+02 1.391417e+02 -7.742871e+00 -6.640397e+01 -8.483530e+02
<VARIANCE> 6
 1.500331e+02 5.638857e+05 3.640799e+05 3.577370e+02 4.044808e+04 5.191738e+07
<GCONST> 7.633859e+01
<MIXTURE> 3 7.552832e-02
<MEAN> 6
 -2.236617e+00 5.050913e+01 6.271557e+01 -2.366167e+02 1.220800e+02 9.930208e+02
<VARIANCE> 6
 6.536497e+02 5.116205e+05 1.918338e+06 4.471045e+03 2.948872e+05 1.229880e+08
<GCONST> 8.474947e+01
<MIXTURE> 4 6.452715e-02
<MEAN> 6
 -4.229683e+01 -2.094498e+02 1.117764e+02 1.782159e+02 9.235630e+02 -9.021124e+01
<VARIANCE> 6
 1.394907e+02 4.175443e+05 4.053077e+05 3.691262e+03 1.867743e+05 5.191738e+07
<GCONST> 7.993636e+01
<MIXTURE> 5 4.982099e-02
<MEAN> 6
 4.203061e+01 -8.141666e+01 2.858256e+02 2.305758e+02 -5.043288e+02 5.127188e+02
<VARIANCE> 6
 3.334171e+02 6.964236e+05 1.784298e+06 4.078288e+03 2.405605e+05 7.291040e+07
<GCONST> 8.349380e+01
<MIXTURE> 6 2.394164e-02
<MEAN> 6
 2.863202e+01 5.327202e+02 -3.263684e+02 -3.490649e+01 -4.810018e+02 8.398788e+02
<VARIANCE> 6
 3.132018e+03 3.641737e+06 8.136158e+06 1.201133e+05 9.770134e+06 6.939346e+09
<GCONST> 1.005480e+02
<MIXTURE> 7 1.015648e-01
<MEAN> 6
 7.602834e+01 -1.375503e+01 -2.190060e+02 4.148285e+01 -4.961313e+02 -9.496212e+01
<VARIANCE> 6
 1.806126e+02 6.297541e+05 1.659300e+06 1.228572e+04 1.108958e+05 5.191738e+07
<GCONST> 8.269632e+01
<MIXTURE> 8 9.390825e-02
<MEAN> 6
 -6.499454e+01 1.747175e+02 -1.370876e+02 1.044523e+01 2.100153e+02 2.414741e+02
<VARIANCE> 6
 8.162715e+01 5.210353e+05 1.100602e+06 8.500933e+02 7.407340e+04 5.191738e+07
<GCONST> 7.822768e+01
<MIXTURE> 9 9.114718e-02
<MEAN> 6
 8.951722e+01 1.460117e+02 -8.419193e+01 2.843146e+01 -9.873381e+02 -6.984301e+01
<VARIANCE> 6
 2.017276e+02 1.475867e+06 9.166296e+05 1.537948e+04 1.146388e+06 6.254584e+08
<GCONST> 8.811431e+01
<MIXTURE> 10 8.215595e-02
<MEAN> 6
 6.822390e+01 1.000741e+01 -3.981911e-01 -1.608809e+02 -8.844038e+02 -8.520815e+02
<VARIANCE> 6
 2.855036e+02 5.171960e+05 1.881750e+05 6.264372e+03 2.044263e+05 7.147038e+07
<GCONST> 8.103821e+01
<MIXTURE> 11 7.270069e-02
<MEAN> 6
 -5.068539e+01 -3.181137e+01 -5.466395e+01 -1.450600e+02 1.691738e+03 2.145213e+03
<VARIANCE> 6
 2.300079e+02 1.850037e+06 9.953676e+05 2.590363e+04 9.559420e+05 8.039287e+08
<GCONST> 8.914457e+01
<MIXTURE> 12 6.447200e-02
<MEAN> 6
 -9.547433e+00 -2.621981e+02 2.811725e+02 2.922843e+02 4.484883e+02 -8.805767e+03
<VARIANCE> 6
 2.139790e+02 6.330318e+05 9.744012e+05 3.973122e+03 2.393050e+05 7.597021e+07
<GCONST> 8.235965e+01
<MIXTURE> 13 6.375083e-02
<MEAN> 6
 1.841281e+01 -2.960015e+02 -4.842571e+01 -3.354350e+02 -5.048946e+02 1.140296e+04
<VARIANCE> 6
 6.965374e+02 1.178764e+06 7.439321e+05 4.601467e+03 6.474524e+05 2.571768e+08
<GCONST> 8.625327e+01
<MIXTURE> 14 8.402526e-02
<MEAN> 6
 -6.228547e+01 -8.851271e+01 7.043372e+01 1.082912e+01 8.995114e+02 -8.738440e+02
<VARIANCE> 6
 9.641004e+01 2.255904e+05 7.197450e+05 9.322554e+03 1.798082e+05 1.125239e+08
<GCONST> 8.118752e+01
<MIXTURE> 15 5.352399e-02
<MEAN> 6
 3.692587e+01 -2.855574e+02 8.429313e+01 2.625862e+02 -5.073788e+02 -3.959631e+03
<VARIANCE> 6
 3.520158e+02 5.849886e+05 4.698942e+05 4.528421e+03 1.570881e+05 6.448290e+07
<GCONST> 8.159515e+01
<STATE> 12
<NUMMIXES> 15
<MIXTURE> 1 1.115228e-01
<MEAN> 6
 8.758747e+01 1.600424e+02 3.906802e+02 -4.938497e+00 -6.632743e+00 3.501822e+01
<VARIANCE> 6
 2.437318e+02 3.427913e+06 1.302305e+06 2.998645e+02 4.044808e+04 5.191738e+07
<GCONST> 7.972672e+01
<MIXTURE> 2 3.374169e-02
<MEAN> 6
 -5.211168e+00 1.662688e+02 7.774721e+01 3.364612e+01 -8.976904e+01 1.257721e+03
<VARIANCE> 6
 1.284865e+04 1.993210e+05 4.030815e+05 2.212595e+06 1.231720e+09 1.815879e+12
<GCONST> 1.093668e+02
<MIXTURE> 3 8.053248e-02
<MEAN> 6
 3.908465e+00 3.907986e+01 1.551605e+02 -4.168870e+01 4.818902e+01 1.563249e+03
<VARIANCE> 6
 6.828113e+03 4.319084e+05 4.915828e+05 2.071462e+04 1.809488e+06 2.043303e+09
<GCONST> 9.172241e+01
<MIXTURE> 4 6.129524e-02
<MEAN> 6
 -3.391520e+01 -3.921309e+01 4.201993e+02 2.601808e+01 5.089326e+02 -9.807657e+02
<VARIANCE> 6
 4.473951e+02 1.402271e+06 1.092785e+06 1.378822e+04 1.084889e+05 5.191738e+07
<GCONST> 8.407968e+01
<MIXTURE> 5 8.733200e-02
<MEAN> 6
 4.500514e+01 5.639175e+02 4.013368e+02 1.199282e+01 -2.740255e+02 -3.561422e+02
<VARIANCE> 6
 9.857498e+02 1.732180e+06 1.509972e+06 2.040926e+04 1.279550e+05 5.191738e+07
<GCONST> 8.596150e+01
<MIXTURE> 6 5.088887e-02
<MEAN> 6
 9.329799e+01 6.856523e+02 1.752973e+02 -8.701217e+00 -3.524450e+00 -6.333805e+01
<VARIANCE> 6
 1.270757e+02 1.129994e+05 1.362684e+04 2.998645e+02 4.044808e+04 5.191738e+07
<GCONST> 7.110324e+01
<MIXTURE> 7 7.716198e-02
<MEAN> 6
 2.146646e+01 -3.171088e+02 1.677410e+02 7.570300e+01 9.320817e+01 -7.974861e+02
<VARIANCE> 6
 1.059973e+03 2.604666e+05 9.893410e+04 7.769798e+03 6.773652e+04 5.191738e+07
<GCONST> 7.981224e+01
<MIXTURE> 8 6.958580e-02
<MEAN> 6
 8.774825e+01 6.149401e+00 -5.576454e+02 -3.081577e+00 -8.425999e+00 2.286664e+01
<VARIANCE> 6
 4.640829e+01 9.801760e+04 1.483692e+05 2.998645e+02 4.044808e+04 5.191738e+07
<GCONST> 7.234137e+01
<MIXTURE> 9 3.855936e-02
<MEAN> 6
 -4.116118e+01 1.354673e+02 1.803002e+02 1.492601e+01 1.012459e+02 1.160778e+02
<VARIANCE> 6
 1.942818e+02 1.632631e+06 5.785103e+05 2.998645e+02 4.044808e+04 5.191738e+07
<GCONST> 7.794676e+01
<MIXTURE> 10 8.475149e-02
<MEAN> 6
 8.792426e+01 8.766041e+02 1.208297e+02 -3.666074e+00 -9.678319e+00 1.278087e+02
<VARIANCE> 6
 1.542189e+02 1.494811e+05 2.013786e+06 2.998645e+02 4.044808e+04 5.191738e+07
<GCONST> 7.657236e+01
<MIXTURE> 11 6.949255e-02
<MEAN> 6
 7.903164e+01 -1.109697e+02 1.331028e+02 -2.557052e+00 9.985456e+00 -2.267039e+02
<VARIANCE> 6
 4.769179e+01 1.607560e+05 3.943614e+04 2.998645e+02 4.044808e+04 5.191738e+07
<GCONST> 7.153838e+01
<MIXTURE> 12 5.726517e-02
<MEAN> 6
 6.629576e+01 -1.866294e+02 5.172933e+02 -1.149738e+00 -2.231570e+01 2.295533e+01
<VARIANCE> 6
 9.708388e+01 2.108968e+05 2.646363e+06 2.998645e+02 4.044808e+04 5.191738e+07
<GCONST> 7.672693e+01
<MIXTURE> 13 4.523229e-02
<MEAN> 6
 8.544598e+01 1.923995e+02 -2.458285e+01 -6.109510e+00 -5.257528e+00 -1.859779e+02
<VARIANCE> 6
 1.876794e+02 7.382552e+04 4.827560e+04 2.998645e+02 4.044808e+04 5.191738e+07
<GCONST> 7.233241e+01
<MIXTURE> 14 6.497503e-02
<MEAN> 6
 6.269035e+01 -2.011668e+01 2.007082e+01 -5.636684e+01 -2.554056e+02 6.574306e+02
<VARIANCE> 6
 7.295906e+02 1.940846e+05 8.140848e+04 1.311246e+04 2.396477e+05 5.547024e+07
<GCONST> 8.080264e+01
<MIXTURE> 15 6.734826e-02
<MEAN> 6
 7.663422e+01 -2.127114e+02 6.356834e+01 -2.170886e+00 7.634734e+00 -1.189954e+02
<VARIANCE> 6
 5.973248e+01 1.750448e+05 5.120180e+04 2.998645e+02 4.044808e+04 5.191738e+07
<GCONST> 7.210973e+01
<TRANSP> 13
 0.000000e+00 1.000000e+00 0.000000e+00 0.000000e+00 0.000000e+00 0.000000e+00 0.000000e+00 0.000000e+00 0.000000e+00 0.000000e+00 0.000000e+00 0.000000e+00 0.000000e+00
 0.000000e+00 9.998765e-01 1.234881e-04 0.000000e+00 0.000000e+00 0.000000e+00 0.000000e+00 0.000000e+00 0.000000e+00 0.000000e+00 0.000000e+00 0.000000e+00 0.000000e+00
 0.000000e+00 0.000000e+00 9.951739e-01 4.826095e-03 0.000000e+00 0.000000e+00 0.000000e+00 0.000000e+00 0.000000e+00 0.000000e+00 0.000000e+00 0.000000e+00 0.000000e+00
 0.000000e+00 0.000000e+00 0.000000e+00 9.959782e-01 4.021790e-03 0.000000e+00 0.000000e+00 0.000000e+00 0.000000e+00 0.000000e+00 0.000000e+00 0.000000e+00 0.000000e+00
 0.000000e+00 0.000000e+00 0.000000e+00 0.000000e+00 9.971513e-01 2.848683e-03 0.000000e+00 0.000000e+00 0.000000e+00 0.000000e+00 0.000000e+00 0.000000e+00 0.000000e+00
 0.000000e+00 0.000000e+00 0.000000e+00 0.000000e+00 0.000000e+00 9.987026e-01 1.297461e-03 0.000000e+00 0.000000e+00 0.000000e+00 0.000000e+00 0.000000e+00 0.000000e+00
 0.000000e+00 0.000000e+00 0.000000e+00 0.000000e+00 0.000000e+00 0.000000e+00 9.986781e-01 1.321902e-03 0.000000e+00 0.000000e+00 0.000000e+00 0.000000e+00 0.000000e+00
 0.000000e+00 0.000000e+00 0.000000e+00 0.000000e+00 0.000000e+00 0.000000e+00 0.000000e+00 9.986731e-01 1.326851e-03 0.000000e+00 0.000000e+00 0.000000e+00 0.000000e+00
 0.000000e+00 0.000000e+00 0.000000e+00 0.000000e+00 0.000000e+00 0.000000e+00 0.000000e+00 0.000000e+00 9.972657e-01 2.734296e-03 0.000000e+00 0.000000e+00 0.000000e+00
 0.000000e+00 0.000000e+00 0.000000e+00 0.000000e+00 0.000000e+00 0.000000e+00 0.000000e+00 0.000000e+00 0.000000e+00 9.987841e-01 1.215840e-03 0.000000e+00 0.000000e+00
 0.000000e+00 0.000000e+00 0.000000e+00 0.000000e+00 0.000000e+00 0.000000e+00 0.000000e+00 0.000000e+00 0.000000e+00 0.000000e+00 9.999039e-01 9.613264e-05 0.000000e+00
 0.000000e+00 0.000000e+00 0.000000e+00 0.000000e+00 0.000000e+00 0.000000e+00 0.000000e+00 0.000000e+00 0.000000e+00 0.000000e+00 0.000000e+00 9.998032e-01 1.967721e-04
 0.000000e+00 0.000000e+00 0.000000e+00 0.000000e+00 0.000000e+00 0.000000e+00 0.000000e+00 0.000000e+00 0.000000e+00 0.000000e+00 0.000000e+00 0.000000e+00 0.000000e+00
<ENDHMM>
