~o
<STREAMINFO> 1 6
<VECSIZE> 6<NULLD><USER><DIAGC>
~h "SegundoPRIMARIA"
<BEGINHMM>
<NUMSTATES> 13
<STATE> 2
<NUMMIXES> 14
<MIXTURE> 1 5.818214e-02
<MEAN> 6
 9.041543e+01 2.338641e+02 3.587048e+01 5.213532e-02 -3.013315e+01 -3.745737e+02
<VARIANCE> 6
 3.834616e+02 5.973067e+05 1.649879e+06 2.961554e+02 4.050157e+04 5.219723e+07
<GCONST> 7.866342e+01
<MIXTURE> 2 3.039209e-02
<MEAN> 6
 7.853388e+01 -1.175626e+02 -5.139907e+00 -4.516471e+00 -9.871954e+02 5.745666e+03
<VARIANCE> 6
 2.720944e+03 1.144022e+06 1.428308e+06 6.450245e+04 3.998884e+06 2.431646e+09
<GCONST> 9.494588e+01
<MIXTURE> 3 7.454907e-02
<MEAN> 6
 -3.343814e+01 -9.562692e+01 -3.734930e+01 6.554845e+01 8.235428e+02 -2.478568e+03
<VARIANCE> 6
 2.673643e+02 1.653320e+05 1.980094e+05 3.616845e+04 2.751057e+05 8.033537e+07
<GCONST> 8.205023e+01
<MIXTURE> 4 6.544598e-02
<MEAN> 6
 3.603041e+01 -4.181216e+01 6.664084e+01 2.095406e+02 -2.246742e+02 -4.373422e+02
<VARIANCE> 6
 6.616318e+02 1.546833e+05 6.042695e+05 3.373341e+03 1.465310e+05 5.219723e+07
<GCONST> 8.057207e+01
<MIXTURE> 5 1.130966e-01
<MEAN> 6
 6.973661e+01 6.218296e+01 -4.303587e+02 2.215934e-01 -1.200337e+01 -1.068927e+02
<VARIANCE> 6
 5.977321e+01 6.026562e+04 7.116958e+05 2.961554e+02 4.050157e+04 5.219723e+07
<GCONST> 7.367027e+01
<MIXTURE> 6 1.157518e-01
<MEAN> 6
 8.342757e+01 -2.730991e+01 1.404240e+02 -4.773726e+01 -5.149613e+02 -9.204969e+02
<VARIANCE> 6
 5.312754e+02 1.003787e+05 4.468230e+05 1.547575e+04 1.853930e+05 5.219723e+07
<GCONST> 8.137697e+01
<MIXTURE> 7 8.587951e-02
<MEAN> 6
 -5.436919e+01 -2.920505e+01 3.333216e+01 4.546364e+01 6.050529e+02 4.975533e+02
<VARIANCE> 6
 2.940553e+02 1.857995e+05 1.677540e+06 9.209669e+03 1.106358e+05 5.219723e+07
<GCONST> 8.168884e+01
<MIXTURE> 8 7.922518e-02
<MEAN> 6
 1.802935e+01 -3.461053e+01 1.024118e+02 -2.983051e+02 -2.874113e+02 8.246663e+03
<VARIANCE> 6
 5.814418e+02 1.768134e+05 1.009930e+06 8.853773e+03 6.073739e+05 2.147935e+08
<GCONST> 8.489171e+01
<MIXTURE> 9 4.387844e-02
<MEAN> 6
 6.712971e+01 -7.802247e+02 2.012274e+03 4.122683e-01 -5.835929e+00 -2.185399e+01
<VARIANCE> 6
 1.002332e+02 5.962966e+04 1.514978e+06 2.961554e+02 4.050157e+04 5.219723e+07
<GCONST> 7.493211e+01
<MIXTURE> 10 9.841669e-02
<MEAN> 6
 8.134979e+01 -9.617094e+01 2.655886e+00 1.699573e+00 -9.459058e+02 -1.371031e+03
<VARIANCE> 6
 5.424294e+02 3.967641e+05 1.702041e+06 2.837908e+04 6.161264e+05 2.528072e+08
<GCONST> 8.749451e+01
<MIXTURE> 11 6.882155e-02
<MEAN> 6
 -5.020067e+01 -1.322868e+02 8.353602e+00 -1.120325e+02 1.567750e+03 2.869970e+02
<VARIANCE> 6
 4.213949e+02 4.574218e+05 1.448452e+06 3.592299e+04 7.417913e+05 6.118820e+08
<GCONST> 8.852821e+01
<MIXTURE> 12 5.780756e-02
<MEAN> 6
 -5.860139e+01 -1.561460e+01 -1.407247e+02 -7.019412e+00 1.635759e+02 3.808009e+01
<VARIANCE> 6
 1.907397e+02 1.788537e+05 9.288036e+05 5.730643e+02 4.366145e+04 5.219723e+07
<GCONST> 7.691991e+01
<MIXTURE> 13 5.019644e-02
<MEAN> 6
 1.758148e+01 -1.640120e+02 -8.643941e+01 3.000480e+02 -5.611119e+01 -8.025354e+03
<VARIANCE> 6
 7.838182e+02 3.547156e+05 1.450646e+06 5.702049e+03 3.241286e+05 1.079127e+08
<GCONST> 8.449234e+01
<MIXTURE> 14 5.807951e-02
<MEAN> 6
 8.714031e+01 2.933580e+02 -4.491796e+02 -5.353167e-01 -5.166339e+01 -2.480895e+02
<VARIANCE> 6
 2.945587e+02 4.928492e+05 1.493630e+06 2.961554e+02 4.050157e+04 5.219723e+07
<GCONST> 7.810794e+01
<STATE> 3
<NUMMIXES> 14
<MIXTURE> 1 9.924132e-02
<MEAN> 6
 9.293698e+01 -4.350652e+01 9.067430e+01 -9.798480e-01 2.504581e-01 -5.714911e+01
<VARIANCE> 6
 3.128982e+01 1.293270e+04 1.353773e+04 2.961554e+02 4.050157e+04 5.219723e+07
<GCONST> 6.752183e+01
<MIXTURE> 2 5.794487e-02
<MEAN> 6
 9.577354e+01 -6.341787e+02 -3.859095e+01 -2.253898e-01 5.432048e+00 2.738782e+02
<VARIANCE> 6
 3.128982e+01 1.711462e+05 1.353773e+04 2.961554e+02 4.050157e+04 5.219723e+07
<GCONST> 7.010458e+01
<MIXTURE> 3 3.461286e-02
<MEAN> 6
 9.518971e+01 2.496913e+02 -3.216201e+02 1.199729e+00 -1.086037e+01 -5.888751e+01
<VARIANCE> 6
 3.128982e+01 1.293270e+04 9.222748e+04 2.961554e+02 4.050157e+04 5.219723e+07
<GCONST> 6.944061e+01
<MIXTURE> 4 4.933653e-02
<MEAN> 6
 8.222212e+01 2.665174e+02 -4.328750e+01 4.594649e+00 -3.072393e+01 4.160108e+02
<VARIANCE> 6
 3.128982e+01 1.293270e+04 1.353773e+04 2.961554e+02 4.050157e+04 5.219723e+07
<GCONST> 6.752183e+01
<MIXTURE> 5 7.402488e-02
<MEAN> 6
 9.049836e+01 -2.193307e+02 -5.553541e+02 -4.470618e-01 1.792724e+01 3.276361e+01
<VARIANCE> 6
 3.128982e+01 1.611793e+04 1.353773e+04 2.961554e+02 4.050157e+04 5.219723e+07
<GCONST> 6.774200e+01
<MIXTURE> 6 7.065829e-02
<MEAN> 6
 9.293401e+01 -4.450760e+01 8.953175e+01 -9.614685e-01 3.124811e-01 -5.879827e+01
<VARIANCE> 6
 3.128982e+01 1.293270e+04 1.353773e+04 2.961554e+02 4.050157e+04 5.219723e+07
<GCONST> 6.752183e+01
<MIXTURE> 7 6.624316e-02
<MEAN> 6
 8.437123e+01 -3.922509e+02 -6.079976e+01 -3.773900e+00 -2.397748e-01 -2.016460e+02
<VARIANCE> 6
 3.128982e+01 1.293270e+04 1.353773e+04 2.961554e+02 4.050157e+04 5.219723e+07
<GCONST> 6.752183e+01
<MIXTURE> 8 6.582397e-02
<MEAN> 6
 9.217320e+01 -5.688762e+02 -5.371113e+02 -8.371037e-01 -4.564853e+00 -1.310606e+02
<VARIANCE> 6
 3.128982e+01 1.293270e+04 1.353773e+04 2.961554e+02 4.050157e+04 5.219723e+07
<GCONST> 6.752183e+01
<MIXTURE> 9 6.716977e-02
<MEAN> 6
 9.257420e+01 -7.041655e+01 -6.063489e-01 -8.615725e-01 2.319298e+00 -7.360799e+01
<VARIANCE> 6
 3.128982e+01 1.293270e+04 1.665466e+04 2.961554e+02 4.050157e+04 5.219723e+07
<GCONST> 6.772903e+01
<MIXTURE> 10 1.256608e-01
<MEAN> 6
 9.448043e+01 2.583204e+02 -5.506230e+02 -1.850078e+00 -2.741860e+00 4.523590e+00
<VARIANCE> 6
 3.128982e+01 1.293270e+04 1.955873e+04 2.961554e+02 4.050157e+04 5.219723e+07
<GCONST> 6.788976e+01
<MIXTURE> 11 7.233428e-02
<MEAN> 6
 8.693923e+01 1.321660e+02 -9.190166e+01 6.253588e-01 -1.405015e+00 2.849356e+01
<VARIANCE> 6
 3.128982e+01 1.293270e+04 1.353773e+04 2.961554e+02 4.050157e+04 5.219723e+07
<GCONST> 6.752183e+01
<MIXTURE> 12 8.327542e-02
<MEAN> 6
 8.965845e+01 -6.551576e+01 -9.684409e+01 -9.904891e-01 8.666549e-01 -9.881663e+01
<VARIANCE> 6
 3.128982e+01 1.293270e+04 1.353773e+04 2.961554e+02 4.050157e+04 5.219723e+07
<GCONST> 6.752183e+01
<MIXTURE> 13 6.846055e-02
<MEAN> 6
 9.280003e+01 -7.014974e+01 6.121068e+01 -6.461438e-01 1.783050e+00 -8.577898e+01
<VARIANCE> 6
 3.128982e+01 1.293270e+04 1.353773e+04 2.961554e+02 4.050157e+04 5.219723e+07
<GCONST> 6.752183e+01
<MIXTURE> 14 6.518464e-02
<MEAN> 6
 9.212615e+01 -5.698287e+02 -5.378790e+02 -8.880930e-01 -5.167161e+00 -1.208362e+02
<VARIANCE> 6
 3.128982e+01 1.293270e+04 1.353773e+04 2.961554e+02 4.050157e+04 5.219723e+07
<GCONST> 6.752183e+01
<STATE> 4
<NUMMIXES> 14
<MIXTURE> 1 9.039702e-02
<MEAN> 6
 9.258171e+01 1.011094e+03 -8.214410e+02 -4.185748e+00 1.388859e-01 -5.751448e+01
<VARIANCE> 6
 3.408176e+01 1.614354e+04 2.369556e+04 2.961554e+02 4.050157e+04 5.219723e+07
<GCONST> 6.838886e+01
<MIXTURE> 2 5.635742e-02
<MEAN> 6
 9.573405e+01 -1.215104e+02 -3.142927e+03 -5.211388e+00 -7.333269e+00 2.891159e+02
<VARIANCE> 6
 3.128982e+01 1.293270e+04 1.353773e+04 2.961554e+02 4.050157e+04 5.219723e+07
<GCONST> 6.752183e+01
<MIXTURE> 3 1.242198e-01
<MEAN> 6
 4.261409e+01 -4.128734e+02 -7.023727e+02 5.836108e+01 -4.816642e+01 -1.423919e+03
<VARIANCE> 6
 2.061786e+02 2.819746e+05 2.253639e+05 9.690504e+02 1.008387e+05 5.529348e+07
<GCONST> 7.745681e+01
<MIXTURE> 4 8.499912e-02
<MEAN> 6
 8.859539e+01 1.014851e+03 -2.173612e+03 -1.605854e+00 -2.265826e+00 3.144028e+01
<VARIANCE> 6
 3.128982e+01 1.293270e+04 1.353773e+04 2.961554e+02 4.050157e+04 5.219723e+07
<GCONST> 6.752183e+01
<MIXTURE> 5 7.489046e-02
<MEAN> 6
 7.658092e+01 -3.440601e+02 -2.670610e+03 -6.070525e-01 -1.020320e+01 -1.661378e+02
<VARIANCE> 6
 3.128982e+01 1.293270e+04 1.353773e+04 2.961554e+02 4.050157e+04 5.219723e+07
<GCONST> 6.752183e+01
<MIXTURE> 6 9.979653e-02
<MEAN> 6
 7.755557e+01 1.265247e+03 -9.919442e+02 -2.937857e+00 -1.088560e+00 1.480155e+01
<VARIANCE> 6
 3.128982e+01 1.293270e+04 1.353773e+04 2.961554e+02 4.050157e+04 5.219723e+07
<GCONST> 6.752183e+01
<MIXTURE> 7 9.646260e-02
<MEAN> 6
 8.725198e+01 1.128315e+03 -1.093656e+03 -3.190120e+00 -2.360114e+00 2.525171e+01
<VARIANCE> 6
 3.128982e+01 1.293270e+04 1.453594e+04 2.961554e+02 4.050157e+04 5.219723e+07
<GCONST> 6.759296e+01
<MIXTURE> 8 1.842991e-02
<MEAN> 6
 9.070643e+01 9.942075e+02 -2.568807e+03 1.800238e+01 -1.364509e+02 -3.725775e+01
<VARIANCE> 6
 3.128982e+01 1.968634e+04 1.353773e+04 2.961554e+02 4.050157e+04 5.219723e+07
<GCONST> 6.794199e+01
<MIXTURE> 9 6.341189e-02
<MEAN> 6
 8.027930e+01 -5.436638e+01 -3.073975e+03 -1.092002e+01 2.629962e+01 6.984801e+01
<VARIANCE> 6
 3.128982e+01 1.293270e+04 1.353773e+04 2.961554e+02 4.050157e+04 5.219723e+07
<GCONST> 6.752183e+01
<MIXTURE> 10 3.324750e-02
<MEAN> 6
 6.845966e+01 1.355640e+03 -1.781654e+03 2.555265e+01 -4.402361e+01 1.926042e+03
<VARIANCE> 6
 3.544743e+01 3.484741e+04 3.550463e+04 2.961554e+02 4.050157e+04 5.219723e+07
<GCONST> 6.960199e+01
<MIXTURE> 11 8.458952e-02
<MEAN> 6
 8.859479e+01 1.014834e+03 -2.173630e+03 -1.606127e+00 -2.265898e+00 3.145818e+01
<VARIANCE> 6
 3.128982e+01 1.293270e+04 1.353773e+04 2.961554e+02 4.050157e+04 5.219723e+07
<GCONST> 6.752183e+01
<MIXTURE> 12 6.290074e-02
<MEAN> 6
 8.377115e+01 1.173713e+03 -1.280734e+03 -1.870864e+00 -2.421930e-01 1.400476e+01
<VARIANCE> 6
 3.128982e+01 1.293270e+04 1.353773e+04 2.961554e+02 4.050157e+04 5.219723e+07
<GCONST> 6.752183e+01
<MIXTURE> 13 5.616967e-02
<MEAN> 6
 9.565239e+01 -1.159063e+02 -3.142813e+03 -5.881587e+00 -1.261462e+01 4.644338e+02
<VARIANCE> 6
 3.128982e+01 1.293270e+04 1.353773e+04 2.961554e+02 4.050157e+04 5.219723e+07
<GCONST> 6.752183e+01
<MIXTURE> 14 5.412617e-02
<MEAN> 6
 7.906158e+01 1.101678e+03 -1.316707e+03 -5.233459e-02 -1.539571e+01 7.631344e+01
<VARIANCE> 6
 3.463852e+01 1.293270e+04 1.353773e+04 2.961554e+02 4.050157e+04 5.219723e+07
<GCONST> 6.762350e+01
<STATE> 5
<NUMMIXES> 14
<MIXTURE> 1 6.517377e-02
<MEAN> 6
 7.911980e+01 2.685515e+03 -2.256471e+02 -1.668767e+00 -1.748822e+00 9.167977e+01
<VARIANCE> 6
 3.128982e+01 6.358288e+04 1.353773e+04 2.961554e+02 4.050157e+04 5.219723e+07
<GCONST> 6.911441e+01
<MIXTURE> 2 4.964654e-02
<MEAN> 6
 1.011582e+02 8.118523e+02 3.371772e+02 -5.494701e+00 -3.809170e+00 4.368395e+01
<VARIANCE> 6
 3.128982e+01 1.293270e+04 1.353773e+04 2.961554e+02 4.050157e+04 5.219723e+07
<GCONST> 6.752183e+01
<MIXTURE> 3 4.453882e-02
<MEAN> 6
 9.002591e+01 1.700270e+03 -4.113381e+02 -3.623688e+00 -1.526902e+01 6.006796e+02
<VARIANCE> 6
 3.128982e+01 9.489933e+04 2.390146e+04 2.961554e+02 4.050157e+04 5.219723e+07
<GCONST> 7.008334e+01
<MIXTURE> 4 1.079699e-01
<MEAN> 6
 8.327213e+01 5.722800e+02 4.459007e+02 -4.237065e-01 -6.728531e-01 -1.582310e+01
<VARIANCE> 6
 3.128982e+01 1.293270e+04 1.353773e+04 2.961554e+02 4.050157e+04 5.219723e+07
<GCONST> 6.752183e+01
<MIXTURE> 5 8.333845e-02
<MEAN> 6
 8.744783e+01 2.865086e+02 4.106552e+02 2.436914e+00 3.123310e+00 -1.564001e+02
<VARIANCE> 6
 3.128982e+01 1.293270e+04 1.353773e+04 2.961554e+02 4.050157e+04 5.219723e+07
<GCONST> 6.752183e+01
<MIXTURE> 6 1.342398e-02
<MEAN> 6
 8.992152e+01 1.246279e+03 8.752406e+01 -4.133952e-01 1.136713e+01 -5.833859e+02
<VARIANCE> 6
 3.128982e+01 1.293270e+04 1.353773e+04 2.961554e+02 4.050157e+04 5.219723e+07
<GCONST> 6.752183e+01
<MIXTURE> 7 5.381978e-02
<MEAN> 6
 9.484824e+01 2.074935e+02 1.454703e+02 -2.082527e+00 1.784302e+01 -1.661581e+02
<VARIANCE> 6
 3.128982e+01 1.293270e+04 1.353773e+04 2.961554e+02 4.050157e+04 5.219723e+07
<GCONST> 6.752183e+01
<MIXTURE> 8 1.065402e-01
<MEAN> 6
 8.327213e+01 5.722798e+02 4.459007e+02 -4.237053e-01 -6.728551e-01 -1.582320e+01
<VARIANCE> 6
 3.128982e+01 1.293270e+04 1.353773e+04 2.961554e+02 4.050157e+04 5.219723e+07
<GCONST> 6.752183e+01
<MIXTURE> 9 6.945244e-02
<MEAN> 6
 8.940993e+01 8.890567e+02 2.317686e+02 -2.687908e+00 1.474476e+00 4.009776e+01
<VARIANCE> 6
 3.128982e+01 1.293270e+04 1.353773e+04 2.961554e+02 4.050157e+04 5.219723e+07
<GCONST> 6.752183e+01
<MIXTURE> 10 9.311855e-02
<MEAN> 6
 9.517892e+01 2.075797e+02 1.471191e+02 -3.047313e+00 -1.821630e+01 -2.584754e+01
<VARIANCE> 6
 3.128982e+01 1.293270e+04 1.353773e+04 2.961554e+02 4.050157e+04 5.219723e+07
<GCONST> 6.752183e+01
<MIXTURE> 11 8.419039e-02
<MEAN> 6
 8.746491e+01 2.828038e+02 4.091667e+02 2.543662e+00 3.766873e+00 -1.712248e+02
<VARIANCE> 6
 3.128982e+01 1.293270e+04 1.353773e+04 2.961554e+02 4.050157e+04 5.219723e+07
<GCONST> 6.752183e+01
<MIXTURE> 12 9.415757e-02
<MEAN> 6
 8.322072e+01 9.023456e+02 -4.541484e+02 -2.986373e+00 -8.292172e+00 1.297608e+02
<VARIANCE> 6
 3.128982e+01 2.384447e+05 4.057932e+04 2.961554e+02 4.050157e+04 5.219723e+07
<GCONST> 7.153398e+01
<MIXTURE> 13 6.963141e-02
<MEAN> 6
 8.949762e+01 8.880721e+02 2.195599e+02 -2.432122e+00 1.995876e+00 3.150734e+01
<VARIANCE> 6
 3.128982e+01 1.293270e+04 1.353773e+04 2.961554e+02 4.050157e+04 5.219723e+07
<GCONST> 6.752183e+01
<MIXTURE> 14 6.497860e-02
<MEAN> 6
 7.888606e+01 2.525748e+03 -2.030796e+02 -4.996033e-01 -7.160998e+00 -1.152249e+02
<VARIANCE> 6
 3.128982e+01 9.322235e+04 1.353773e+04 2.961554e+02 4.050157e+04 5.219723e+07
<GCONST> 6.949706e+01
<STATE> 6
<NUMMIXES> 14
<MIXTURE> 1 6.655092e-02
<MEAN> 6
 7.709593e+01 2.338021e+03 4.593445e+02 -2.214831e+00 -1.270125e+01 -1.224719e+02
<VARIANCE> 6
 3.128982e+01 4.906550e+05 1.353773e+04 2.961554e+02 4.050157e+04 5.219723e+07
<GCONST> 7.115781e+01
<MIXTURE> 2 6.842691e-02
<MEAN> 6
 6.465565e+01 -5.056404e+02 2.864019e+02 -6.786826e-01 -7.841086e+00 -1.526258e+02
<VARIANCE> 6
 3.128982e+01 1.293270e+04 1.353773e+04 2.961554e+02 4.050157e+04 5.219723e+07
<GCONST> 6.752183e+01
<MIXTURE> 3 4.469661e-02
<MEAN> 6
 5.893509e+01 4.887402e+02 -4.866768e+01 -1.402535e+00 -6.516640e+00 -1.954011e+02
<VARIANCE> 6
 3.128982e+01 1.293270e+04 1.353773e+04 2.961554e+02 4.050157e+04 5.219723e+07
<GCONST> 6.752183e+01
<MIXTURE> 4 8.472525e-02
<MEAN> 6
 6.579559e+01 9.404820e+02 -1.424799e+02 -3.144724e-01 8.327693e-02 -1.188632e+02
<VARIANCE> 6
 3.128982e+01 1.293270e+04 1.353773e+04 2.961554e+02 4.050157e+04 5.219723e+07
<GCONST> 6.752183e+01
<MIXTURE> 5 4.902839e-02
<MEAN> 6
 5.843244e+01 -1.424007e+03 -6.549082e+02 3.992041e+00 -1.749337e+01 4.888857e+00
<VARIANCE> 6
 3.128982e+01 1.293270e+04 1.353773e+04 2.961554e+02 4.050157e+04 5.219723e+07
<GCONST> 6.752183e+01
<MIXTURE> 6 9.555075e-02
<MEAN> 6
 7.504296e+01 -1.022274e+03 1.714299e+02 5.946839e-01 9.910747e+00 4.058100e+01
<VARIANCE> 6
 3.128982e+01 1.927121e+04 1.054643e+05 2.961554e+02 4.050157e+04 5.219723e+07
<GCONST> 6.997357e+01
<MIXTURE> 7 8.567896e-02
<MEAN> 6
 5.841811e+01 -4.072988e+02 -1.313000e+02 1.589604e+00 1.515610e+00 2.101412e+01
<VARIANCE> 6
 3.128982e+01 1.293270e+04 1.353773e+04 2.961554e+02 4.050157e+04 5.219723e+07
<GCONST> 6.752183e+01
<MIXTURE> 8 8.806414e-02
<MEAN> 6
 7.074746e+01 9.548818e+02 6.777914e+02 5.560712e-01 -3.688141e-01 -8.753708e+01
<VARIANCE> 6
 3.128982e+01 4.126682e+04 1.353773e+04 2.961554e+02 4.050157e+04 5.219723e+07
<GCONST> 6.868213e+01
<MIXTURE> 9 3.049074e-02
<MEAN> 6
 5.542590e+01 -1.037184e+03 -4.023019e+02 9.944572e-01 1.355337e+01 -9.523781e+00
<VARIANCE> 6
 3.128982e+01 2.386944e+04 1.353773e+04 2.961554e+02 4.050157e+04 5.219723e+07
<GCONST> 6.813467e+01
<MIXTURE> 10 6.804982e-02
<MEAN> 6
 6.617161e+01 8.274812e+02 -1.385380e+02 -1.501473e+00 -5.953146e+00 -1.567620e+02
<VARIANCE> 6
 3.128982e+01 1.445824e+04 1.353773e+04 2.961554e+02 4.050157e+04 5.219723e+07
<GCONST> 6.763333e+01
<MIXTURE> 11 8.155104e-02
<MEAN> 6
 5.789145e+01 -4.666758e+02 -2.503278e+02 1.947352e+00 -2.904697e-01 -1.481499e+02
<VARIANCE> 6
 3.128982e+01 1.293270e+04 1.353773e+04 2.961554e+02 4.050157e+04 5.219723e+07
<GCONST> 6.752183e+01
<MIXTURE> 12 1.036299e-01
<MEAN> 6
 5.373978e+01 4.021752e+02 -2.500949e+02 1.287783e+00 -3.305728e+00 -5.874316e+01
<VARIANCE> 6
 3.128982e+01 1.293270e+04 1.353773e+04 2.961554e+02 4.050157e+04 5.219723e+07
<GCONST> 6.752183e+01
<MIXTURE> 13 6.819828e-02
<MEAN> 6
 6.495332e+01 -5.144518e+02 2.831507e+02 -5.308735e-01 -1.320969e+01 -1.794367e+02
<VARIANCE> 6
 3.128982e+01 1.293270e+04 1.353773e+04 2.961554e+02 4.050157e+04 5.219723e+07
<GCONST> 6.752183e+01
<MIXTURE> 14 6.534602e-02
<MEAN> 6
 7.787933e+01 2.071378e+03 4.603168e+02 -1.958263e+00 -1.117062e+01 -1.396255e+02
<VARIANCE> 6
 3.128982e+01 5.987142e+05 1.353773e+04 2.961554e+02 4.050157e+04 5.219723e+07
<GCONST> 7.135685e+01
<STATE> 7
<NUMMIXES> 14
<MIXTURE> 1 6.136809e-02
<MEAN> 6
 9.276218e+01 1.028494e+03 1.184017e+03 -3.770647e+00 6.186544e-01 9.925923e+01
<VARIANCE> 6
 3.128982e+01 2.052928e+04 1.353773e+04 2.961554e+02 4.050157e+04 5.219723e+07
<GCONST> 6.798392e+01
<MIXTURE> 2 6.769254e-02
<MEAN> 6
 9.048183e+01 -1.371761e+03 8.088024e+02 -9.936085e-02 -8.228463e-01 -2.268933e+02
<VARIANCE> 6
 3.128982e+01 1.293270e+04 1.353773e+04 2.961554e+02 4.050157e+04 5.219723e+07
<GCONST> 6.752183e+01
<MIXTURE> 3 6.238675e-02
<MEAN> 6
 8.286221e+01 -1.667305e+02 4.348713e+02 -2.242425e+00 9.584745e+00 -1.242106e+02
<VARIANCE> 6
 3.128982e+01 1.422007e+04 1.353773e+04 2.961554e+02 4.050157e+04 5.219723e+07
<GCONST> 6.761672e+01
<MIXTURE> 4 7.803893e-02
<MEAN> 6
 8.342295e+01 6.228550e+02 1.060582e+03 -5.579850e+00 2.109397e+00 2.406355e+00
<VARIANCE> 6
 3.128982e+01 1.293270e+04 1.353773e+04 2.961554e+02 4.050157e+04 5.219723e+07
<GCONST> 6.752183e+01
<MIXTURE> 5 6.506461e-02
<MEAN> 6
 1.053303e+02 2.631174e+02 1.263356e+03 -1.130525e-01 -3.319119e+01 1.837280e+02
<VARIANCE> 6
 3.128982e+01 1.485159e+04 1.353773e+04 2.961554e+02 4.050157e+04 5.219723e+07
<GCONST> 6.766017e+01
<MIXTURE> 6 9.305986e-02
<MEAN> 6
 9.002087e+01 -6.602748e+02 3.347207e+02 1.840916e-01 -3.381176e+01 -3.967833e+01
<VARIANCE> 6
 3.128982e+01 1.272608e+05 4.431383e+04 2.961554e+02 4.050157e+04 5.219723e+07
<GCONST> 7.099412e+01
<MIXTURE> 7 7.592703e-02
<MEAN> 6
 9.472050e+01 -1.012291e+02 1.132359e+03 -4.688288e-01 -1.281046e+01 1.579623e+02
<VARIANCE> 6
 3.128982e+01 1.293270e+04 1.353773e+04 2.961554e+02 4.050157e+04 5.219723e+07
<GCONST> 6.752183e+01
<MIXTURE> 8 7.545893e-02
<MEAN> 6
 7.491933e+01 4.128011e+02 8.359628e+02 -1.755474e+00 7.358430e-01 -4.527856e+00
<VARIANCE> 6
 3.128982e+01 1.293270e+04 1.353773e+04 2.961554e+02 4.050157e+04 5.219723e+07
<GCONST> 6.752183e+01
<MIXTURE> 9 6.379347e-02
<MEAN> 6
 9.901011e+01 -3.320791e+02 8.756982e+02 -1.275285e+00 6.311490e-02 -1.318607e+02
<VARIANCE> 6
 3.128982e+01 1.293270e+04 4.346295e+04 2.961554e+02 4.050157e+04 5.219723e+07
<GCONST> 6.868826e+01
<MIXTURE> 10 7.301121e-02
<MEAN> 6
 9.643996e+01 2.954183e+02 1.033951e+03 -2.626217e+00 -1.205755e+01 8.025196e+01
<VARIANCE> 6
 3.128982e+01 1.293270e+04 1.518590e+04 2.961554e+02 4.050157e+04 5.219723e+07
<GCONST> 6.763671e+01
<MIXTURE> 11 8.882211e-02
<MEAN> 6
 7.260715e+01 3.256085e+02 6.581865e+02 -2.458488e+00 -1.581054e+01 -2.134537e+02
<VARIANCE> 6
 3.128982e+01 1.293270e+04 1.353773e+04 2.961554e+02 4.050157e+04 5.219723e+07
<GCONST> 6.752183e+01
<MIXTURE> 12 6.907310e-02
<MEAN> 6
 9.025435e+01 -1.435738e+03 8.449197e+02 -1.626310e-01 2.309345e+00 1.595731e+01
<VARIANCE> 6
 3.128982e+01 1.293270e+04 1.353773e+04 2.961554e+02 4.050157e+04 5.219723e+07
<GCONST> 6.752183e+01
<MIXTURE> 13 6.412135e-02
<MEAN> 6
 9.883984e+01 -3.341424e+02 7.532078e+02 -1.195879e+00 -5.557646e+00 -2.901688e+02
<VARIANCE> 6
 3.128982e+01 1.293270e+04 4.964525e+04 2.961554e+02 4.050157e+04 5.219723e+07
<GCONST> 6.882124e+01
<MIXTURE> 14 6.216960e-02
<MEAN> 6
 8.502188e+01 -2.752852e+02 4.066148e+02 -1.804421e+00 1.114652e+01 -1.254178e+02
<VARIANCE> 6
 3.128982e+01 2.295996e+04 1.353773e+04 2.961554e+02 4.050157e+04 5.219723e+07
<GCONST> 6.809582e+01
<STATE> 8
<NUMMIXES> 14
<MIXTURE> 1 1.040174e-01
<MEAN> 6
 1.280471e+02 3.808090e+02 1.669371e+03 -3.556611e+00 4.712216e-01 4.919851e+01
<VARIANCE> 6
 3.128982e+01 1.459711e+04 1.353773e+04 2.961554e+02 4.050157e+04 5.219723e+07
<GCONST> 6.764289e+01
<MIXTURE> 2 7.228258e-02
<MEAN> 6
 1.083919e+02 8.560296e+00 -2.969469e+02 -1.531087e+00 1.525100e+00 2.327282e+02
<VARIANCE> 6
 3.128982e+01 1.293270e+04 1.353773e+04 2.961554e+02 4.050157e+04 5.219723e+07
<GCONST> 6.752183e+01
<MIXTURE> 3 9.886567e-02
<MEAN> 6
 9.923431e+01 -3.479406e+03 -1.335396e+01 -4.827379e+00 2.157878e+01 -3.357003e+01
<VARIANCE> 6
 3.128982e+01 9.005848e+04 1.353773e+04 2.961554e+02 4.050157e+04 5.219723e+07
<GCONST> 6.946252e+01
<MIXTURE> 4 6.104977e-02
<MEAN> 6
 9.553177e+01 -1.901711e+03 -2.244221e+02 -4.969208e+00 -1.246223e+01 -5.799853e+02
<VARIANCE> 6
 3.128982e+01 6.107558e+04 1.353773e+04 2.961554e+02 4.050157e+04 5.219723e+07
<GCONST> 6.907418e+01
<MIXTURE> 5 3.146135e-02
<MEAN> 6
 1.083919e+02 8.560152e+00 -2.969475e+02 -1.531074e+00 1.525194e+00 2.327294e+02
<VARIANCE> 6
 3.128982e+01 1.293270e+04 1.353773e+04 2.961554e+02 4.050157e+04 5.219723e+07
<GCONST> 6.752183e+01
<MIXTURE> 6 8.903974e-02
<MEAN> 6
 1.314921e+02 -6.913690e+02 2.110531e+02 -2.660879e+01 -1.215659e+02 1.342069e+03
<VARIANCE> 6
 2.954620e+02 2.732098e+06 7.008256e+04 5.166607e+02 8.098570e+04 7.932846e+07
<GCONST> 7.843233e+01
<MIXTURE> 7 4.187361e-02
<MEAN> 6
 1.283779e+02 2.633958e+03 2.424729e+02 -2.024045e+01 9.674562e+00 2.233848e+02
<VARIANCE> 6
 3.907651e+01 6.263328e+04 1.353773e+04 2.961554e+02 4.050157e+04 5.219723e+07
<GCONST> 6.932159e+01
<MIXTURE> 8 8.293322e-02
<MEAN> 6
 1.206565e+02 1.755016e+03 1.316406e+03 -1.637639e+00 -2.264209e+00 5.386295e+01
<VARIANCE> 6
 3.128982e+01 3.797003e+04 1.353773e+04 2.961554e+02 4.050157e+04 5.219723e+07
<GCONST> 6.859886e+01
<MIXTURE> 9 6.615870e-02
<MEAN> 6
 1.024918e+02 -2.799206e+03 -2.402804e+02 -2.670100e+00 -2.075256e+01 -2.944409e+02
<VARIANCE> 6
 3.128982e+01 9.165833e+04 1.353773e+04 2.961554e+02 4.050157e+04 5.219723e+07
<GCONST> 6.948013e+01
<MIXTURE> 10 8.682731e-02
<MEAN> 6
 9.909818e+01 -4.041672e+03 1.534243e+01 -2.619131e+00 2.415353e+00 1.224258e+01
<VARIANCE> 6
 3.128982e+01 1.293270e+04 1.353773e+04 2.961554e+02 4.050157e+04 5.219723e+07
<GCONST> 6.752183e+01
<MIXTURE> 11 5.756933e-02
<MEAN> 6
 1.219421e+02 2.022563e+03 9.263577e+02 -3.136230e+00 2.105177e+01 -2.286706e+02
<VARIANCE> 6
 3.128982e+01 3.916477e+04 4.019582e+04 2.961554e+02 4.050157e+04 5.219723e+07
<GCONST> 6.971812e+01
<MIXTURE> 12 5.038563e-02
<MEAN> 6
 1.339802e+02 1.250337e+02 9.616495e+02 -6.588716e+00 2.359787e+01 -5.654155e+02
<VARIANCE> 6
 3.128982e+01 2.045595e+04 7.148663e+04 2.961554e+02 4.050157e+04 5.219723e+07
<GCONST> 6.964437e+01
<MIXTURE> 13 9.191892e-02
<MEAN> 6
 1.218050e+02 2.387588e+03 1.818563e+02 -6.727762e-01 3.825014e+00 -7.168733e+01
<VARIANCE> 6
 3.128982e+01 1.355216e+04 1.353773e+04 2.961554e+02 4.050157e+04 5.219723e+07
<GCONST> 6.756861e+01
<MIXTURE> 14 6.561299e-02
<MEAN> 6
 1.030714e+02 -2.906931e+03 -2.492849e+02 -1.907704e+00 -1.558600e+01 -2.572685e+02
<VARIANCE> 6
 3.128982e+01 7.846410e+04 1.353773e+04 2.961554e+02 4.050157e+04 5.219723e+07
<GCONST> 6.932471e+01
<STATE> 9
<NUMMIXES> 14
<MIXTURE> 1 9.992840e-02
<MEAN> 6
 7.206480e+01 -7.104088e+02 -2.077210e+02 -4.006272e+00 -1.910406e+01 -1.477181e+02
<VARIANCE> 6
 3.128982e+01 1.465371e+04 1.353773e+04 2.961554e+02 4.050157e+04 5.219723e+07
<GCONST> 6.764676e+01
<MIXTURE> 2 1.053694e-01
<MEAN> 6
 7.154104e+01 1.241390e+02 -6.066222e+02 1.843138e+00 -9.193471e+00 -2.436588e+02
<VARIANCE> 6
 3.128982e+01 1.293270e+04 1.353773e+04 2.961554e+02 4.050157e+04 5.219723e+07
<GCONST> 6.752183e+01
<MIXTURE> 3 2.138886e-02
<MEAN> 6
 7.121807e+01 3.498404e+02 -9.861418e+02 -4.032356e+00 -2.309249e+01 -3.258617e+02
<VARIANCE> 6
 3.128982e+01 2.432966e+05 1.504685e+05 2.961554e+02 4.050157e+04 5.219723e+07
<GCONST> 7.286462e+01
<MIXTURE> 4 4.064783e-02
<MEAN> 6
 6.033567e+01 -3.222191e+02 -4.433417e+02 2.035732e+00 -1.545457e+01 -2.201714e+02
<VARIANCE> 6
 3.128982e+01 1.293270e+04 1.353773e+04 2.961554e+02 4.050157e+04 5.219723e+07
<GCONST> 6.752183e+01
<MIXTURE> 5 8.578615e-02
<MEAN> 6
 6.718591e+01 3.328876e+01 -9.584116e+02 -5.565673e-01 -4.724598e+00 -5.542775e+01
<VARIANCE> 6
 3.128982e+01 1.293270e+04 1.771475e+04 2.961554e+02 4.050157e+04 5.219723e+07
<GCONST> 6.779074e+01
<MIXTURE> 6 8.511595e-02
<MEAN> 6
 7.727023e+01 -3.018717e+02 -7.395359e+02 -4.408865e+00 -6.871981e+00 -8.520356e+01
<VARIANCE> 6
 3.128982e+01 1.293270e+04 1.766354e+04 2.961554e+02 4.050157e+04 5.219723e+07
<GCONST> 6.778785e+01
<MIXTURE> 7 7.118442e-02
<MEAN> 6
 6.589146e+01 -2.675464e+02 -1.273375e+03 3.091621e+00 -1.500854e+01 8.999879e+01
<VARIANCE> 6
 3.128982e+01 1.293270e+04 1.353773e+04 2.961554e+02 4.050157e+04 5.219723e+07
<GCONST> 6.752183e+01
<MIXTURE> 8 6.269781e-02
<MEAN> 6
 7.313708e+01 -7.825529e+02 -6.329065e+02 -3.490878e+00 2.561231e+00 -6.208249e+01
<VARIANCE> 6
 3.128982e+01 1.293270e+04 1.353773e+04 2.961554e+02 4.050157e+04 5.219723e+07
<GCONST> 6.752183e+01
<MIXTURE> 9 8.833317e-02
<MEAN> 6
 6.457276e+01 -1.380817e+02 -9.384427e+02 -1.853579e-01 -1.265215e+01 -1.679171e+02
<VARIANCE> 6
 3.128982e+01 1.493166e+04 1.353773e+04 2.961554e+02 4.050157e+04 5.219723e+07
<GCONST> 6.766555e+01
<MIXTURE> 10 7.483608e-02
<MEAN> 6
 6.610299e+01 -4.899000e+02 -5.652579e+02 -9.927356e-01 1.258046e-01 -4.335267e+01
<VARIANCE> 6
 3.128982e+01 1.293270e+04 1.353773e+04 2.961554e+02 4.050157e+04 5.219723e+07
<GCONST> 6.752183e+01
<MIXTURE> 11 4.347393e-02
<MEAN> 6
 6.871375e+01 -7.703593e+02 -1.064252e+03 -1.209578e+00 -9.814888e-01 3.559121e+01
<VARIANCE> 6
 3.128982e+01 1.293270e+04 2.008873e+04 2.961554e+02 4.050157e+04 5.219723e+07
<GCONST> 6.791650e+01
<MIXTURE> 12 8.327313e-02
<MEAN> 6
 6.759286e+01 3.431927e+01 -1.013925e+03 -4.603466e-01 -6.763921e+00 -1.358928e+01
<VARIANCE> 6
 3.128982e+01 1.293270e+04 2.031420e+04 2.961554e+02 4.050157e+04 5.219723e+07
<GCONST> 6.792767e+01
<MIXTURE> 13 7.499386e-02
<MEAN> 6
 6.612615e+01 -4.912687e+02 -5.659446e+02 -1.020847e+00 1.216801e-01 -4.197205e+01
<VARIANCE> 6
 3.128982e+01 1.293270e+04 1.353773e+04 2.961554e+02 4.050157e+04 5.219723e+07
<GCONST> 6.752183e+01
<MIXTURE> 14 6.294578e-02
<MEAN> 6
 7.197597e+01 -8.198013e+02 -6.161971e+02 -3.683929e+00 -1.473751e-01 -8.079894e+01
<VARIANCE> 6
 3.128982e+01 1.293270e+04 1.353773e+04 2.961554e+02 4.050157e+04 5.219723e+07
<GCONST> 6.752183e+01
<STATE> 10
<NUMMIXES> 14
<MIXTURE> 1 8.775251e-02
<MEAN> 6
 7.475671e+01 6.907225e+01 -2.773170e+02 -7.630254e-01 -6.050030e+00 -7.649452e+01
<VARIANCE> 6
 3.128982e+01 1.293270e+04 1.353773e+04 2.961554e+02 4.050157e+04 5.219723e+07
<GCONST> 6.752183e+01
<MIXTURE> 2 1.111872e-01
<MEAN> 6
 7.370004e+01 4.368390e+02 -4.991064e+01 9.974264e-02 7.329487e+00 1.885518e+01
<VARIANCE> 6
 3.128982e+01 1.293270e+04 2.737123e+04 2.961554e+02 4.050157e+04 5.219723e+07
<GCONST> 6.822584e+01
<MIXTURE> 3 1.185763e-01
<MEAN> 6
 7.497401e+01 5.233708e+01 1.566371e+02 -4.634661e-01 -7.512140e-02 -8.400607e+01
<VARIANCE> 6
 3.128982e+01 1.293270e+04 1.353773e+04 2.961554e+02 4.050157e+04 5.219723e+07
<GCONST> 6.752183e+01
<MIXTURE> 4 5.127579e-03
<MEAN> 6
 7.283311e+01 3.729411e+01 -7.423116e+01 -7.722259e-01 -2.892424e+01 -8.478107e+02
<VARIANCE> 6
 4.824229e+01 3.933137e+05 1.366531e+05 2.961554e+02 4.050157e+04 5.219723e+07
<GCONST> 7.368158e+01
<MIXTURE> 5 6.108716e-02
<MEAN> 6
 7.150845e+01 -1.906283e+02 8.183993e+01 1.497491e-01 -3.505243e+00 -2.098542e+02
<VARIANCE> 6
 3.128982e+01 1.293270e+04 1.353773e+04 2.961554e+02 4.050157e+04 5.219723e+07
<GCONST> 6.752183e+01
<MIXTURE> 6 1.019492e-01
<MEAN> 6
 6.801472e+01 -3.146964e+01 -2.000470e+02 4.474379e-01 1.390802e+00 -1.632726e+02
<VARIANCE> 6
 3.128982e+01 1.293270e+04 1.353773e+04 2.961554e+02 4.050157e+04 5.219723e+07
<GCONST> 6.752183e+01
<MIXTURE> 7 2.177940e-02
<MEAN> 6
 6.582194e+01 -2.161286e+01 4.362500e+02 2.400784e+00 -1.212684e+01 1.204415e+02
<VARIANCE> 6
 3.128982e+01 1.293270e+04 1.353773e+04 2.961554e+02 4.050157e+04 5.219723e+07
<GCONST> 6.752183e+01
<MIXTURE> 8 1.094761e-01
<MEAN> 6
 6.795886e+01 -3.463159e+01 -1.995275e+02 4.555337e-01 1.503699e+00 -1.634985e+02
<VARIANCE> 6
 3.128982e+01 1.293270e+04 1.353773e+04 2.961554e+02 4.050157e+04 5.219723e+07
<GCONST> 6.752183e+01
<MIXTURE> 9 6.399409e-02
<MEAN> 6
 7.247079e+01 1.180081e+02 -2.981015e+02 -6.667516e-02 -3.203885e+00 -8.431696e+01
<VARIANCE> 6
 3.128982e+01 1.293270e+04 1.353773e+04 2.961554e+02 4.050157e+04 5.219723e+07
<GCONST> 6.752183e+01
<MIXTURE> 10 5.492616e-02
<MEAN> 6
 7.499281e+01 6.103806e+01 1.591096e+02 -4.749054e-01 3.269436e-01 -6.754823e+01
<VARIANCE> 6
 3.128982e+01 1.293270e+04 1.353773e+04 2.961554e+02 4.050157e+04 5.219723e+07
<GCONST> 6.752183e+01
<MIXTURE> 11 8.618829e-02
<MEAN> 6
 7.479302e+01 6.815955e+01 -2.779552e+02 -7.632105e-01 -6.047994e+00 -7.682552e+01
<VARIANCE> 6
 3.128982e+01 1.293270e+04 1.353773e+04 2.961554e+02 4.050157e+04 5.219723e+07
<GCONST> 6.752183e+01
<MIXTURE> 12 6.162053e-02
<MEAN> 6
 6.764502e+01 1.112900e+02 -3.634875e+02 3.149041e+00 8.406443e+00 -1.655956e+02
<VARIANCE> 6
 3.128982e+01 1.293270e+04 1.353773e+04 2.961554e+02 4.050157e+04 5.219723e+07
<GCONST> 6.752183e+01
<MIXTURE> 13 6.144384e-02
<MEAN> 6
 7.084380e+01 -2.243388e+02 3.207187e+01 -1.895683e-01 -1.080052e+00 -2.358151e+02
<VARIANCE> 6
 3.128982e+01 1.293270e+04 1.353773e+04 2.961554e+02 4.050157e+04 5.219723e+07
<GCONST> 6.752183e+01
<MIXTURE> 14 5.482099e-02
<MEAN> 6
 7.476963e+01 2.341540e+01 1.583908e+02 -3.247542e-01 -1.072453e+00 -1.223299e+02
<VARIANCE> 6
 3.128982e+01 1.293270e+04 1.353773e+04 2.961554e+02 4.050157e+04 5.219723e+07
<GCONST> 6.752183e+01
<STATE> 11
<NUMMIXES> 14
<MIXTURE> 1 7.120050e-03
<MEAN> 6
 9.197411e+01 -1.567569e+02 2.032239e+03 1.568876e+01 -3.952870e+02 2.899780e+03
<VARIANCE> 6
 3.128982e+01 1.293270e+04 1.353773e+04 8.691534e+02 6.113969e+04 5.219723e+07
<GCONST> 6.901028e+01
<MIXTURE> 2 3.499606e-02
<MEAN> 6
 8.245208e+01 -8.786157e+03 2.062277e+03 -1.094621e+01 -1.050002e+01 4.890202e+02
<VARIANCE> 6
 3.128982e+01 1.293270e+04 1.412379e+04 2.961554e+02 4.050157e+04 5.219723e+07
<GCONST> 6.756420e+01
<MIXTURE> 3 4.723209e-02
<MEAN> 6
 7.330798e+01 -8.857017e+03 1.000082e+03 1.251615e+00 -1.482994e+01 -5.317505e+02
<VARIANCE> 6
 3.128982e+01 1.293270e+04 1.353773e+04 2.961554e+02 4.050157e+04 5.219723e+07
<GCONST> 6.752183e+01
<MIXTURE> 4 7.554401e-02
<MEAN> 6
 7.306573e+01 -9.029281e+03 1.501871e+03 -1.108877e+00 2.191698e+00 -3.013101e+00
<VARIANCE> 6
 3.128982e+01 1.293270e+04 5.531643e+04 2.961554e+02 4.050157e+04 5.219723e+07
<GCONST> 6.892941e+01
<MIXTURE> 5 5.507480e-02
<MEAN> 6
 8.086812e+01 1.719061e+02 1.497186e+01 -4.659383e+01 -1.775432e+03 -3.733386e+04
<VARIANCE> 6
 9.451377e+01 5.027375e+05 1.212461e+05 2.335518e+03 9.119577e+05 2.758106e+08
<GCONST> 8.132397e+01
<MIXTURE> 6 6.944037e-02
<MEAN> 6
 8.502563e+01 -5.247820e+02 2.038576e+03 -4.536548e+00 6.210199e+00 6.016883e+01
<VARIANCE> 6
 3.128982e+01 1.293270e+04 1.353773e+04 2.961554e+02 4.050157e+04 5.219723e+07
<GCONST> 6.752183e+01
<MIXTURE> 7 1.255733e-01
<MEAN> 6
 6.054026e+01 -5.712252e+01 6.465462e+01 -2.590461e+02 -2.155252e+03 1.123571e+04
<VARIANCE> 6
 2.126161e+02 1.253731e+06 1.306942e+05 6.838304e+03 1.015340e+06 4.423142e+08
<GCONST> 8.477757e+01
<MIXTURE> 8 5.084336e-02
<MEAN> 6
 -5.081297e+01 5.908448e+02 1.065736e+03 -1.127860e+02 8.458159e+02 -3.542776e+03
<VARIANCE> 6
 5.148400e+02 1.026264e+05 1.178232e+06 1.562698e+04 2.915431e+05 1.902599e+08
<GCONST> 8.409309e+01
<MIXTURE> 9 6.528420e-02
<MEAN> 6
 3.434956e+01 1.385240e+02 4.938954e+02 -3.301024e+02 -1.075227e+03 7.738436e+03
<VARIANCE> 6
 1.411885e+02 2.407348e+05 1.197984e+06 6.453515e+03 2.649122e+05 1.950150e+08
<GCONST> 8.271308e+01
<MIXTURE> 10 7.734969e-02
<MEAN> 6
 6.587479e+01 -1.288056e+02 -9.539332e+00 -6.570070e+01 -7.617496e+02 -6.945132e+03
<VARIANCE> 6
 1.505202e+02 1.135145e+05 1.788659e+05 1.623805e+03 2.974888e+05 1.019891e+08
<GCONST> 7.821147e+01
<MIXTURE> 11 1.046840e-01
<MEAN> 6
 -8.457827e+00 8.113020e+01 2.210886e+02 -4.140220e+02 1.174545e+03 4.297107e+04
<VARIANCE> 6
 2.503739e+02 2.465590e+05 2.439047e+05 2.966258e+03 1.355553e+06 6.996496e+08
<GCONST> 8.385098e+01
<MIXTURE> 12 8.833987e-02
<MEAN> 6
 2.229147e+01 -2.437131e+01 5.709844e+01 -4.026341e+02 -9.902028e+02 1.543136e+04
<VARIANCE> 6
 3.073220e+02 7.332582e+04 1.093950e+05 2.995630e+03 2.996836e+05 4.324348e+08
<GCONST> 8.006088e+01
<MIXTURE> 13 1.252837e-01
<MEAN> 6
 -3.708822e+01 5.530006e+01 8.593639e+01 -2.124738e+02 2.672002e+03 -1.139940e+04
<VARIANCE> 6
 2.066015e+02 2.599360e+05 1.446494e+05 9.166833e+03 9.076368e+05 9.752020e+08
<GCONST> 8.424841e+01
<MIXTURE> 14 7.322714e-02
<MEAN> 6
 6.127733e+01 -2.095319e+02 -1.638053e+02 -1.181414e+02 -1.449603e+03 -1.050756e+04
<VARIANCE> 6
 1.164689e+02 1.007028e+05 1.029542e+05 2.746228e+03 5.368914e+05 1.264723e+08
<GCONST> 7.861392e+01
<STATE> 12
<NUMMIXES> 14
<MIXTURE> 1 6.920501e-03
<MEAN> 6
 5.859522e+00 -3.550678e+02 5.788806e+00 -8.242416e+00 -3.061182e+02 1.231406e+04
<VARIANCE> 6
 9.161349e+03 7.856176e+05 1.102012e+06 1.359493e+06 7.312098e+08 1.056503e+12
<GCONST> 1.098557e+02
<MIXTURE> 2 6.137421e-02
<MEAN> 6
 2.907349e+01 1.766017e+02 6.178680e+01 2.431061e+02 2.026405e+01 -2.493363e+03
<VARIANCE> 6
 7.264437e+02 2.041976e+05 5.531874e+04 6.919213e+03 2.366184e+05 8.780545e+07
<GCONST> 8.027003e+01
<MIXTURE> 3 3.656886e-02
<MEAN> 6
 1.531355e+01 6.810641e+02 -1.636008e+02 -4.982196e+01 8.738653e+01 4.581067e+03
<VARIANCE> 6
 5.529868e+03 1.587720e+07 1.510668e+06 6.568163e+04 3.037601e+06 2.130913e+09
<GCONST> 9.795261e+01
<MIXTURE> 4 7.692393e-02
<MEAN> 6
 9.526246e+01 2.618665e+01 -1.927907e+02 -4.948896e+00 -1.641685e+01 -3.632827e+02
<VARIANCE> 6
 4.881620e+02 1.008597e+06 1.562405e+05 2.961554e+02 4.050157e+04 5.219723e+07
<GCONST> 7.707166e+01
<MIXTURE> 5 9.203039e-02
<MEAN> 6
 1.199045e+01 3.724611e-01 6.472425e+01 -2.882652e+02 3.163317e+01 8.710401e+03
<VARIANCE> 6
 6.411733e+02 1.135896e+05 9.290035e+04 9.258157e+03 7.471601e+05 3.431587e+08
<GCONST> 8.288119e+01
<MIXTURE> 6 6.391993e-02
<MEAN> 6
 7.531304e+01 1.474670e+01 1.299226e+02 -8.321443e+00 -4.309042e+02 1.283546e+02
<VARIANCE> 6
 4.600061e+02 1.592931e+05 3.325526e+05 2.538935e+04 1.860810e+05 5.219723e+07
<GCONST> 8.189812e+01
<MIXTURE> 7 1.170001e-01
<MEAN> 6
 -3.653428e+01 1.077845e+02 4.310493e+01 6.516267e+01 7.411441e+02 -9.262805e+02
<VARIANCE> 6
 2.923989e+02 1.259286e+05 3.817552e+04 1.763747e+04 1.971785e+05 5.418778e+07
<GCONST> 7.877641e+01
<MIXTURE> 8 5.850935e-02
<MEAN> 6
 9.666469e+01 5.615425e+01 3.096695e+01 8.287373e+01 -1.058541e+03 -4.653514e+03
<VARIANCE> 6
 6.025216e+02 3.740605e+05 1.691364e+05 3.285808e+04 3.866340e+06 2.462903e+09
<GCONST> 8.949139e+01
<MIXTURE> 9 8.209527e-02
<MEAN> 6
 -5.391826e+01 1.010517e+02 2.142494e+01 6.589699e+00 1.705054e+02 4.524623e+02
<VARIANCE> 6
 2.822451e+02 2.742173e+05 1.055887e+05 6.945140e+02 8.178635e+04 5.219723e+07
<GCONST> 7.638464e+01
<MIXTURE> 10 1.019561e-01
<MEAN> 6
 9.376343e+01 -1.762331e+02 -4.183172e+00 -5.346259e+00 -3.382387e+01 -2.527903e+02
<VARIANCE> 6
 1.740755e+02 1.295137e+05 6.753219e+04 2.961554e+02 4.050157e+04 5.219723e+07
<GCONST> 7.314917e+01
<MIXTURE> 11 7.217885e-02
<MEAN> 6
 9.078545e+01 -7.179166e+01 -5.491352e+01 -3.852079e+01 -7.517238e+02 1.578521e+03
<VARIANCE> 6
 5.554766e+02 5.578906e+05 4.513002e+04 2.201838e+04 4.684953e+05 2.027906e+08
<GCONST> 8.348091e+01
<MIXTURE> 12 8.437704e-02
<MEAN> 6
 -4.838363e+01 1.557104e+00 -1.503825e+01 -2.430856e+01 1.419887e+03 -3.065088e+03
<VARIANCE> 6
 3.183250e+02 2.356289e+05 1.628135e+05 3.326562e+04 8.871660e+05 5.316624e+08
<GCONST> 8.536031e+01
<MIXTURE> 13 8.456997e-02
<MEAN> 6
 7.955509e+01 1.568238e+01 4.602504e+01 -4.521418e+01 -8.530397e+02 -1.707868e+03
<VARIANCE> 6
 2.875685e+02 3.838977e+04 4.287261e+04 2.767682e+04 2.818127e+05 7.755844e+07
<GCONST> 7.885415e+01
<MIXTURE> 14 6.099079e-02
<MEAN> 6
 2.207906e+01 1.999374e+01 -1.287764e+01 2.505122e+02 -4.444482e+00 -4.456859e+03
<VARIANCE> 6
 6.512672e+02 1.861932e+05 6.676951e+04 7.088437e+03 2.130148e+05 7.914605e+07
<GCONST> 8.007187e+01
<TRANSP> 13
 0.000000e+00 1.000000e+00 0.000000e+00 0.000000e+00 0.000000e+00 0.000000e+00 0.000000e+00 0.000000e+00 0.000000e+00 0.000000e+00 0.000000e+00 0.000000e+00 0.000000e+00
 0.000000e+00 9.998574e-01 1.425850e-04 0.000000e+00 0.000000e+00 0.000000e+00 0.000000e+00 0.000000e+00 0.000000e+00 0.000000e+00 0.000000e+00 0.000000e+00 0.000000e+00
 0.000000e+00 0.000000e+00 9.980156e-01 1.984373e-03 0.000000e+00 0.000000e+00 0.000000e+00 0.000000e+00 0.000000e+00 0.000000e+00 0.000000e+00 0.000000e+00 0.000000e+00
 0.000000e+00 0.000000e+00 0.000000e+00 9.949152e-01 5.084762e-03 0.000000e+00 0.000000e+00 0.000000e+00 0.000000e+00 0.000000e+00 0.000000e+00 0.000000e+00 0.000000e+00
 0.000000e+00 0.000000e+00 0.000000e+00 0.000000e+00 9.968721e-01 3.127975e-03 0.000000e+00 0.000000e+00 0.000000e+00 0.000000e+00 0.000000e+00 0.000000e+00 0.000000e+00
 0.000000e+00 0.000000e+00 0.000000e+00 0.000000e+00 0.000000e+00 9.984833e-01 1.516657e-03 0.000000e+00 0.000000e+00 0.000000e+00 0.000000e+00 0.000000e+00 0.000000e+00
 0.000000e+00 0.000000e+00 0.000000e+00 0.000000e+00 0.000000e+00 0.000000e+00 9.967045e-01 3.295572e-03 0.000000e+00 0.000000e+00 0.000000e+00 0.000000e+00 0.000000e+00
 0.000000e+00 0.000000e+00 0.000000e+00 0.000000e+00 0.000000e+00 0.000000e+00 0.000000e+00 9.955928e-01 4.407258e-03 0.000000e+00 0.000000e+00 0.000000e+00 0.000000e+00
 0.000000e+00 0.000000e+00 0.000000e+00 0.000000e+00 0.000000e+00 0.000000e+00 0.000000e+00 0.000000e+00 9.979469e-01 2.053129e-03 0.000000e+00 0.000000e+00 0.000000e+00
 0.000000e+00 0.000000e+00 0.000000e+00 0.000000e+00 0.000000e+00 0.000000e+00 0.000000e+00 0.000000e+00 0.000000e+00 9.989558e-01 1.044228e-03 0.000000e+00 0.000000e+00
 0.000000e+00 0.000000e+00 0.000000e+00 0.000000e+00 0.000000e+00 0.000000e+00 0.000000e+00 0.000000e+00 0.000000e+00 0.000000e+00 9.973173e-01 2.682676e-03 0.000000e+00
 0.000000e+00 0.000000e+00 0.000000e+00 0.000000e+00 0.000000e+00 0.000000e+00 0.000000e+00 0.000000e+00 0.000000e+00 0.000000e+00 0.000000e+00 9.999370e-01 6.297952e-05
 0.000000e+00 0.000000e+00 0.000000e+00 0.000000e+00 0.000000e+00 0.000000e+00 0.000000e+00 0.000000e+00 0.000000e+00 0.000000e+00 0.000000e+00 0.000000e+00 0.000000e+00
<ENDHMM>
~h "SegundoESO"
<BEGINHMM>
<NUMSTATES> 13
<STATE> 2
<NUMMIXES> 14
<MIXTURE> 1 5.315318e-02
<MEAN> 6
 9.101841e+01 -2.839764e+03 6.096281e+01 -3.430038e+00 2.501245e+00 1.455691e+01
<VARIANCE> 6
 3.128982e+01 3.720739e+05 1.353773e+04 2.961554e+02 4.050157e+04 5.219723e+07
<GCONST> 7.088116e+01
<MIXTURE> 2 7.595433e-02
<MEAN> 6
 7.214293e+01 1.526532e+03 -2.397519e+03 5.357129e-02 -3.900566e+00 -1.568877e+02
<VARIANCE> 6
 3.128982e+01 1.293270e+04 1.742231e+05 2.961554e+02 4.050157e+04 5.219723e+07
<GCONST> 7.007668e+01
<MIXTURE> 3 8.948186e-02
<MEAN> 6
 7.175158e+01 1.320465e+04 -1.200070e+03 -7.696003e-01 -5.999391e+00 -1.913022e+02
<VARIANCE> 6
 3.128982e+01 1.293270e+04 1.353773e+04 2.961554e+02 4.050157e+04 5.219723e+07
<GCONST> 6.752183e+01
<MIXTURE> 4 9.310672e-02
<MEAN> 6
 7.198723e+01 6.623921e+02 -5.620748e+03 5.628636e-01 -5.865062e+00 2.252382e+01
<VARIANCE> 6
 3.128982e+01 2.149707e+04 6.900742e+06 2.961554e+02 4.050157e+04 5.219723e+07
<GCONST> 7.426389e+01
<MIXTURE> 5 9.629506e-02
<MEAN> 6
 6.865972e+01 6.831252e+02 -5.925293e+02 1.844778e+00 -4.426218e+00 2.059509e+01
<VARIANCE> 6
 3.128982e+01 7.192928e+04 5.297243e+04 2.961554e+02 4.050157e+04 5.219723e+07
<GCONST> 7.060204e+01
<MIXTURE> 6 3.435995e-02
<MEAN> 6
 6.478557e+01 5.458748e+01 -1.344351e+03 -2.740192e-01 -8.706076e-01 -1.477876e+02
<VARIANCE> 6
 3.128982e+01 1.293270e+04 3.187670e+04 2.961554e+02 4.050157e+04 5.219723e+07
<GCONST> 6.837822e+01
<MIXTURE> 7 5.344964e-02
<MEAN> 6
 6.049316e+01 2.849269e+02 -1.845451e+03 -5.256823e-01 -1.798378e+01 -2.998729e+02
<VARIANCE> 6
 3.128982e+01 1.293270e+04 1.706779e+04 2.961554e+02 4.050157e+04 5.219723e+07
<GCONST> 6.775354e+01
<MIXTURE> 8 1.007775e-01
<MEAN> 6
 5.414621e+01 2.842594e+02 -3.942841e+03 2.616431e+00 4.724527e+00 -2.760388e+01
<VARIANCE> 6
 3.128982e+01 8.202046e+04 1.263260e+06 2.961554e+02 4.050157e+04 5.219723e+07
<GCONST> 7.390501e+01
<MIXTURE> 9 7.647330e-02
<MEAN> 6
 8.443933e+01 -4.664793e+03 -2.933680e+02 -1.227234e+00 1.495537e+00 -1.262401e+02
<VARIANCE> 6
 5.961178e+01 1.928158e+06 7.376411e+05 2.961554e+02 4.050157e+04 5.219723e+07
<GCONST> 7.716892e+01
<MIXTURE> 10 5.237269e-02
<MEAN> 6
 6.664122e+01 8.372662e+02 -1.175332e+03 7.668009e-01 -2.884930e+00 -9.945529e+01
<VARIANCE> 6
 3.128982e+01 1.293270e+04 1.809636e+04 2.961554e+02 4.050157e+04 5.219723e+07
<GCONST> 6.781206e+01
<MIXTURE> 11 7.775695e-02
<MEAN> 6
 6.609823e+01 2.984968e+03 -1.229808e+03 -3.157752e-01 -1.210240e+01 -8.930196e+01
<VARIANCE> 6
 3.128982e+01 5.952198e+05 1.663064e+04 2.961554e+02 4.050157e+04 5.219723e+07
<GCONST> 7.155676e+01
<MIXTURE> 12 8.999542e-02
<MEAN> 6
 6.373198e+01 -1.652074e+02 -1.554283e+03 1.072512e+00 6.490868e+00 -1.645777e+02
<VARIANCE> 6
 3.128982e+01 1.625618e+04 1.353773e+04 2.961554e+02 4.050157e+04 5.219723e+07
<GCONST> 6.775054e+01
<MIXTURE> 13 5.245111e-02
<MEAN> 6
 5.991119e+01 2.595776e+02 -1.954429e+03 3.029541e-03 -2.085071e+00 -6.086681e+01
<VARIANCE> 6
 3.128982e+01 1.293270e+04 1.359981e+04 2.961554e+02 4.050157e+04 5.219723e+07
<GCONST> 6.752640e+01
<MIXTURE> 14 5.435825e-02
<MEAN> 6
 6.627974e+01 8.180820e+02 -1.243028e+03 7.471439e-02 -6.655281e+00 -1.122228e+02
<VARIANCE> 6
 3.128982e+01 1.293270e+04 1.353773e+04 2.961554e+02 4.050157e+04 5.219723e+07
<GCONST> 6.752183e+01
<STATE> 3
<NUMMIXES> 14
<MIXTURE> 1 8.366773e-02
<MEAN> 6
 7.736828e+01 1.309016e+03 1.274898e+03 -4.348635e-01 1.413839e+00 -7.429836e+01
<VARIANCE> 6
 3.128982e+01 1.192650e+06 7.603528e+05 2.961554e+02 4.050157e+04 5.219723e+07
<GCONST> 7.607430e+01
<MIXTURE> 2 9.630059e-02
<MEAN> 6
 7.615446e+01 5.777487e+02 3.296978e+02 -1.000891e+00 -1.455090e+00 -8.461004e+01
<VARIANCE> 6
 3.128982e+01 8.386099e+04 1.353773e+04 2.961554e+02 4.050157e+04 5.219723e+07
<GCONST> 6.939123e+01
<MIXTURE> 3 4.981873e-02
<MEAN> 6
 7.931374e+01 -8.086613e+02 3.477403e+02 -1.720650e+00 6.295823e-01 -1.579657e+02
<VARIANCE> 6
 3.128982e+01 1.293270e+04 5.586344e+04 2.961554e+02 4.050157e+04 5.219723e+07
<GCONST> 6.893925e+01
<MIXTURE> 4 8.033282e-02
<MEAN> 6
 7.334093e+01 6.612873e+02 1.127281e+03 3.510503e-01 -1.246739e+00 -1.191274e+02
<VARIANCE> 6
 3.128982e+01 1.293270e+04 3.759750e+05 2.961554e+02 4.050157e+04 5.219723e+07
<GCONST> 7.084586e+01
<MIXTURE> 5 5.576239e-02
<MEAN> 6
 7.060490e+01 4.311529e+01 2.060654e+02 -5.163645e-01 -7.143520e+00 -1.713139e+02
<VARIANCE> 6
 3.128982e+01 1.845185e+04 1.353773e+04 2.961554e+02 4.050157e+04 5.219723e+07
<GCONST> 6.787724e+01
<MIXTURE> 6 6.189830e-02
<MEAN> 6
 7.016721e+01 -2.141045e+03 7.013091e+01 1.186689e-01 -5.162405e-01 -8.411499e+01
<VARIANCE> 6
 3.128982e+01 1.201645e+05 1.804284e+05 2.961554e+02 4.050157e+04 5.219723e+07
<GCONST> 7.234078e+01
<MIXTURE> 7 5.125264e-02
<MEAN> 6
 7.047665e+01 -8.487035e+01 1.709313e+03 -1.008680e+00 -4.415543e+00 -1.566062e+02
<VARIANCE> 6
 8.235416e+01 2.335993e+04 3.085865e+04 2.961554e+02 4.050157e+04 5.219723e+07
<GCONST> 6.990476e+01
<MIXTURE> 8 5.897824e-02
<MEAN> 6
 7.011122e+01 -3.635684e+02 3.309352e+02 -2.746129e-01 -2.831977e+00 -3.491879e+01
<VARIANCE> 6
 3.128982e+01 1.293270e+04 1.353773e+04 2.961554e+02 4.050157e+04 5.219723e+07
<GCONST> 6.752183e+01
<MIXTURE> 9 1.069143e-01
<MEAN> 6
 7.714406e+01 2.868287e+02 4.905460e+02 -1.243120e+00 -4.429017e+00 -7.093624e+01
<VARIANCE> 6
 3.128982e+01 2.051253e+04 2.505802e+05 2.961554e+02 4.050157e+04 5.219723e+07
<GCONST> 7.090140e+01
<MIXTURE> 10 4.894979e-02
<MEAN> 6
 7.957748e+01 -5.004554e+02 -8.158898e+01 -3.144129e-01 -8.685614e+00 -2.560037e+01
<VARIANCE> 6
 3.128982e+01 1.293270e+04 1.353773e+04 2.961554e+02 4.050157e+04 5.219723e+07
<GCONST> 6.752183e+01
<MIXTURE> 11 7.449704e-02
<MEAN> 6
 7.313003e+01 -3.997364e+02 8.320573e+02 -1.135524e+00 -1.537319e+00 -4.482624e+01
<VARIANCE> 6
 3.128982e+01 1.293270e+04 9.250772e+04 2.961554e+02 4.050157e+04 5.219723e+07
<GCONST> 6.944363e+01
<MIXTURE> 12 5.860133e-02
<MEAN> 6
 7.083782e+01 1.901885e+01 2.086272e+02 -4.679601e-01 -6.856018e+00 -1.562866e+02
<VARIANCE> 6
 3.128982e+01 1.922736e+04 1.353773e+04 2.961554e+02 4.050157e+04 5.219723e+07
<GCONST> 6.791840e+01
<MIXTURE> 13 1.138194e-01
<MEAN> 6
 8.313049e+01 -7.961552e+02 1.143350e+02 -8.336909e-02 -1.803260e+00 -9.662477e+01
<VARIANCE> 6
 3.128982e+01 1.293270e+04 1.353773e+04 2.961554e+02 4.050157e+04 5.219723e+07
<GCONST> 6.752183e+01
<MIXTURE> 14 5.914396e-02
<MEAN> 6
 6.991760e+01 -3.742853e+02 3.178749e+02 -3.528183e-01 -3.169889e+00 -3.754849e+01
<VARIANCE> 6
 3.128982e+01 1.293270e+04 1.353773e+04 2.961554e+02 4.050157e+04 5.219723e+07
<GCONST> 6.752183e+01
<STATE> 4
<NUMMIXES> 14
<MIXTURE> 1 4.813784e-02
<MEAN> 6
 8.682433e+01 -3.883975e+03 8.032601e+03 -7.955820e-01 -1.514541e+01 -5.941863e+01
<VARIANCE> 6
 7.593846e+01 2.384113e+06 2.256080e+07 2.961554e+02 4.050157e+04 5.219723e+07
<GCONST> 8.104377e+01
<MIXTURE> 2 5.542579e-02
<MEAN> 6
 5.865234e+01 4.190542e+03 8.924133e+02 -1.818024e+01 -6.577852e+02 -1.046259e+02
<VARIANCE> 6
 2.523064e+03 5.007131e+07 2.393854e+07 2.938360e+04 1.095122e+06 3.334041e+08
<GCONST> 9.739989e+01
<MIXTURE> 3 5.735657e-02
<MEAN> 6
 7.275286e+01 -2.214723e+03 3.090605e+03 5.846904e-03 -7.569760e+00 -2.137951e+02
<VARIANCE> 6
 3.128982e+01 2.797631e+06 2.440787e+05 2.961554e+02 4.050157e+04 5.219723e+07
<GCONST> 7.579060e+01
<MIXTURE> 4 8.033290e-02
<MEAN> 6
 -3.877728e+01 5.638239e+02 8.701439e+02 8.246765e+01 6.873974e+02 -2.002634e+03
<VARIANCE> 6
 3.067056e+02 1.277786e+06 6.495282e+06 1.807530e+04 1.279885e+05 5.654789e+07
<GCONST> 8.591297e+01
<MIXTURE> 5 5.624031e-02
<MEAN> 6
 5.412033e+01 2.765185e+03 -2.832285e+03 1.431569e+02 -1.854444e+02 -8.253718e+02
<VARIANCE> 6
 4.837540e+02 2.138430e+06 2.939550e+06 3.670804e+03 4.050157e+04 5.219723e+07
<GCONST> 8.326598e+01
<MIXTURE> 6 7.098223e-02
<MEAN> 6
 9.958128e+00 6.827441e+02 3.119529e+02 -2.519498e+02 9.297039e+01 5.707452e+03
<VARIANCE> 6
 7.414161e+02 3.906475e+06 5.653330e+06 3.840395e+03 2.221731e+05 1.123850e+08
<GCONST> 8.746371e+01
<MIXTURE> 7 7.645722e-02
<MEAN> 6
 5.162006e+01 -2.101239e+02 1.283671e+03 6.238329e+01 -6.155717e+02 -1.342003e+03
<VARIANCE> 6
 5.064428e+02 2.623223e+06 5.489767e+06 4.232571e+04 1.838238e+05 5.219723e+07
<GCONST> 8.809840e+01
<MIXTURE> 8 8.777962e-02
<MEAN> 6
 -6.202647e+01 2.337605e+02 6.815516e+02 9.742573e+00 1.400177e+02 9.053405e+01
<VARIANCE> 6
 6.514635e+01 1.167467e+06 4.627370e+06 6.542554e+02 4.504082e+04 5.219723e+07
<GCONST> 7.949110e+01
<MIXTURE> 9 1.027193e-01
<MEAN> 6
 -5.076407e+00 1.546529e+03 -1.964937e+03 4.813430e+01 1.373062e+02 -1.278885e+03
<VARIANCE> 6
 4.290045e+02 3.424460e+06 3.347958e+06 2.754956e+04 4.899609e+04 5.219723e+07
<GCONST> 8.595282e+01
<MIXTURE> 10 7.503005e-02
<MEAN> 6
 8.656448e+01 7.640643e+01 -1.954834e+02 2.897350e+01 -3.765791e+02 -7.206480e+01
<VARIANCE> 6
 1.668702e+02 1.909046e+06 6.814134e+06 8.629246e+03 8.776273e+04 5.219723e+07
<GCONST> 8.455695e+01
<MIXTURE> 11 6.178971e-02
<MEAN> 6
 1.415553e+01 -5.676882e+03 4.177044e+02 1.073420e+01 -6.900541e+00 -1.970568e+02
<VARIANCE> 6
 3.086977e+03 3.583052e+05 1.891333e+05 1.962823e+04 1.712997e+05 5.219723e+07
<GCONST> 8.370799e+01
<MIXTURE> 12 9.774271e-02
<MEAN> 6
 9.517347e+01 -1.260749e+03 3.341469e+02 -7.081956e+00 -6.791365e+01 -1.425209e+02
<VARIANCE> 6
 1.162640e+02 8.451172e+06 4.190905e+06 2.961554e+02 4.050157e+04 5.219723e+07
<GCONST> 8.105189e+01
<MIXTURE> 13 6.076712e-02
<MEAN> 6
 -4.698534e+01 2.913151e+02 3.575576e+02 -5.435365e+01 1.244325e+03 9.299828e+02
<VARIANCE> 6
 1.824909e+02 5.913488e+06 5.189306e+06 2.299869e+04 3.600348e+05 2.561534e+08
<GCONST> 8.948726e+01
<MIXTURE> 14 6.914826e-02
<MEAN> 6
 7.805856e+01 3.504075e+02 -1.776810e+03 -5.969375e+01 -4.896699e+02 1.024350e+02
<VARIANCE> 6
 2.295219e+02 2.652580e+06 3.471814e+06 1.295803e+04 9.072205e+04 5.219723e+07
<GCONST> 8.497005e+01
<STATE> 5
<NUMMIXES> 14
<MIXTURE> 1 7.008694e-02
<MEAN> 6
 6.835890e+01 1.357150e+03 8.060456e+01 -6.838681e-01 -2.166668e+00 -1.225111e+02
<VARIANCE> 6
 3.128982e+01 1.317732e+05 1.353773e+04 2.961554e+02 4.050157e+04 5.219723e+07
<GCONST> 6.984315e+01
<MIXTURE> 2 1.606398e-02
<MEAN> 6
 7.067428e+01 5.676146e+02 -9.340512e+02 8.718345e-01 -1.413845e+01 -2.181412e+02
<VARIANCE> 6
 3.128982e+01 2.372334e+04 4.688020e+04 2.961554e+02 4.050157e+04 5.219723e+07
<GCONST> 6.937064e+01
<MIXTURE> 3 1.169316e-01
<MEAN> 6
 5.930152e+01 2.273461e+03 -2.833275e+02 3.208133e-01 -4.682139e+00 -1.868472e+02
<VARIANCE> 6
 3.128982e+01 1.691312e+05 1.353773e+04 2.961554e+02 4.050157e+04 5.219723e+07
<GCONST> 7.009274e+01
<MIXTURE> 4 7.392088e-02
<MEAN> 6
 5.360063e+01 1.459852e+02 -9.509757e+01 -1.166532e+00 3.715194e+00 -8.780001e+01
<VARIANCE> 6
 3.128982e+01 1.293270e+04 3.274864e+05 2.961554e+02 4.050157e+04 5.219723e+07
<GCONST> 7.070779e+01
<MIXTURE> 5 9.835570e-02
<MEAN> 6
 5.979835e+01 -2.752621e+02 1.891956e+02 -1.486275e-01 -2.819781e+00 -2.068940e+02
<VARIANCE> 6
 3.128982e+01 3.804550e+04 1.353773e+04 2.961554e+02 4.050157e+04 5.219723e+07
<GCONST> 6.860085e+01
<MIXTURE> 6 8.468546e-03
<MEAN> 6
 6.632475e+01 -1.638820e+03 -4.859224e+02 1.485378e+00 -1.394152e+01 -4.711678e+02
<VARIANCE> 6
 3.128982e+01 1.416276e+05 1.353773e+04 2.961554e+02 4.050157e+04 5.219723e+07
<GCONST> 6.991527e+01
<MIXTURE> 7 6.805373e-02
<MEAN> 6
 6.722573e+01 4.338436e+02 -2.391260e+02 -2.415716e-01 -1.783406e+00 -7.778354e+01
<VARIANCE> 6
 3.128982e+01 1.293270e+04 1.353773e+04 2.961554e+02 4.050157e+04 5.219723e+07
<GCONST> 6.752183e+01
<MIXTURE> 8 9.232720e-02
<MEAN> 6
 6.476795e+01 -6.910037e+02 -5.169901e+02 3.263038e-01 -5.568974e+00 -9.616139e+01
<VARIANCE> 6
 3.128982e+01 1.300429e+04 6.716834e+04 2.961554e+02 4.050157e+04 5.219723e+07
<GCONST> 6.912907e+01
<MIXTURE> 9 6.543269e-02
<MEAN> 6
 6.689040e+01 3.668781e+02 -2.226032e+02 -1.647465e-01 -7.346787e+00 -1.920013e+02
<VARIANCE> 6
 3.128982e+01 8.084416e+04 1.353773e+04 2.961554e+02 4.050157e+04 5.219723e+07
<GCONST> 6.935459e+01
<MIXTURE> 10 5.955558e-02
<MEAN> 6
 6.101568e+01 -2.761373e+02 -2.552185e+02 2.143893e-01 -1.517513e+00 -1.601126e+02
<VARIANCE> 6
 3.128982e+01 2.415240e+04 3.207381e+04 2.961554e+02 4.050157e+04 5.219723e+07
<GCONST> 6.900901e+01
<MIXTURE> 11 1.092891e-01
<MEAN> 6
 6.375286e+01 -7.386544e+02 -1.227303e+01 8.124872e-02 -2.411304e+00 -1.265740e+02
<VARIANCE> 6
 3.128982e+01 8.544002e+04 1.353773e+04 2.961554e+02 4.050157e+04 5.219723e+07
<GCONST> 6.940988e+01
<MIXTURE> 12 8.816173e-02
<MEAN> 6
 5.930093e+01 -2.998396e+02 -4.911425e+02 9.413894e-02 -6.621494e-01 -5.974939e+01
<VARIANCE> 6
 3.128982e+01 1.293270e+04 7.527855e+04 2.961554e+02 4.050157e+04 5.219723e+07
<GCONST> 6.923754e+01
<MIXTURE> 13 6.782396e-02
<MEAN> 6
 6.721347e+01 4.292207e+02 -2.393585e+02 -2.445968e-01 -2.018614e+00 -7.965242e+01
<VARIANCE> 6
 3.128982e+01 1.293270e+04 1.353773e+04 2.961554e+02 4.050157e+04 5.219723e+07
<GCONST> 6.752183e+01
<MIXTURE> 14 6.546831e-02
<MEAN> 6
 6.665997e+01 2.596863e+02 -2.245479e+02 -2.595613e-01 -8.391011e+00 -1.995117e+02
<VARIANCE> 6
 3.128982e+01 8.530654e+04 1.353773e+04 2.961554e+02 4.050157e+04 5.219723e+07
<GCONST> 6.940832e+01
<STATE> 6
<NUMMIXES> 14
<MIXTURE> 1 7.947290e-02
<MEAN> 6
 2.274140e+01 4.256567e+02 3.128688e+02 1.080940e+02 -4.405398e+01 -4.495972e+01
<VARIANCE> 6
 6.012390e+02 2.104696e+05 5.509600e+05 1.564969e+03 4.050157e+04 5.219723e+07
<GCONST> 7.863802e+01
<MIXTURE> 2 4.708473e-02
<MEAN> 6
 -3.739978e+01 -3.383291e+02 -4.882952e+01 -1.099804e+02 1.115975e+03 2.863202e+03
<VARIANCE> 6
 2.167298e+02 1.115427e+06 1.857272e+06 1.337136e+04 3.995583e+05 3.385346e+08
<GCONST> 8.680441e+01
<MIXTURE> 3 7.157664e-02
<MEAN> 6
 7.644145e+01 -1.062898e+02 2.126268e+02 -8.292850e+00 -7.109082e+01 -5.204916e+02
<VARIANCE> 6
 6.046991e+01 1.316523e+05 7.234374e+05 2.961554e+02 4.050157e+04 5.219723e+07
<GCONST> 7.447961e+01
<MIXTURE> 4 4.873029e-02
<MEAN> 6
 6.520200e+01 -1.708423e+03 1.595503e+02 -1.756456e+01 -7.808759e+02 -1.296500e+03
<VARIANCE> 6
 5.428846e+02 4.936153e+06 5.007399e+05 2.007599e+04 5.655177e+05 3.017949e+08
<GCONST> 8.853814e+01
<MIXTURE> 5 7.125584e-02
<MEAN> 6
 -2.670289e+01 3.493442e+02 8.180850e+01 7.710760e+01 4.867736e+02 -2.477393e+03
<VARIANCE> 6
 1.917751e+02 1.894034e+05 1.939332e+05 7.431794e+03 1.123739e+05 5.339771e+07
<GCONST> 7.894687e+01
<MIXTURE> 6 3.249671e-02
<MEAN> 6
 4.278522e+01 8.184064e+01 7.583467e+02 -8.904800e+01 -4.402432e+02 6.360531e+03
<VARIANCE> 6
 1.342295e+03 7.733243e+05 6.830296e+06 1.924927e+04 3.399877e+05 1.067926e+08
<GCONST> 8.861302e+01
<MIXTURE> 7 1.032317e-01
<MEAN> 6
 -3.782873e+01 3.084466e+01 4.622996e+01 1.781025e+01 9.958186e+01 -4.146215e+00
<VARIANCE> 6
 2.738751e+02 2.811674e+05 9.455121e+05 5.637646e+02 4.050157e+04 5.219723e+07
<GCONST> 7.766039e+01
<MIXTURE> 8 6.683955e-02
<MEAN> 6
 6.287762e+01 2.026854e+02 3.092258e+02 5.050361e+01 -2.596906e+02 -3.942163e+02
<VARIANCE> 6
 1.032753e+02 9.112932e+05 6.685451e+05 3.753552e+03 8.814667e+04 5.219723e+07
<GCONST> 8.018790e+01
<MIXTURE> 9 6.892323e-02
<MEAN> 6
 -1.311959e+01 1.212964e+02 4.313401e+02 -1.357141e+02 1.722939e+02 1.200648e+03
<VARIANCE> 6
 2.074876e+02 4.931082e+05 3.871217e+05 3.108557e+03 1.065709e+05 8.301309e+07
<GCONST> 8.019030e+01
<MIXTURE> 10 1.121932e-01
<MEAN> 6
 1.620170e+01 -2.054688e+02 -2.712798e+02 1.633875e+02 -4.860048e+01 -2.123839e+03
<VARIANCE> 6
 4.707624e+02 4.608305e+05 7.768671e+05 2.310033e+03 8.656272e+04 5.219723e+07
<GCONST> 8.066961e+01
<MIXTURE> 11 7.808259e-02
<MEAN> 6
 5.980528e+01 -1.433613e+02 -1.954209e+02 -1.099239e+02 -5.213301e+02 4.703586e+02
<VARIANCE> 6
 1.387633e+02 6.183763e+05 5.856494e+05 2.144636e+03 9.375998e+04 5.219723e+07
<GCONST> 7.946512e+01
<MIXTURE> 12 8.673370e-02
<MEAN> 6
 1.736076e+01 -8.060156e+02 -1.223654e+02 -1.779236e+02 -3.223400e+01 2.657983e+03
<VARIANCE> 6
 3.336425e+02 1.478179e+06 2.963151e+05 2.605374e+03 1.476492e+05 9.799222e+07
<GCONST> 8.181116e+01
<MIXTURE> 13 6.539569e-02
<MEAN> 6
 -4.173172e+01 -2.561953e+02 -9.526480e+01 2.927927e+01 6.709080e+02 -6.592075e+02
<VARIANCE> 6
 1.322558e+02 6.186510e+05 4.484167e+05 5.779099e+03 9.590940e+04 5.219723e+07
<GCONST> 8.016447e+01
<MIXTURE> 14 6.775048e-02
<MEAN> 6
 6.541245e+01 -9.427676e+01 1.008701e+02 4.645820e+01 -3.617551e+02 -1.332766e+03
<VARIANCE> 6
 1.289384e+02 1.021175e+06 5.146777e+05 4.691667e+03 1.108820e+05 5.219723e+07
<GCONST> 8.071467e+01
<STATE> 7
<NUMMIXES> 14
<MIXTURE> 1 9.327855e-02
<MEAN> 6
 8.289129e+01 -5.663645e+02 -1.117527e+03 -4.480677e+00 -1.110431e+01 9.279683e+01
<VARIANCE> 6
 5.637045e+01 9.272003e+04 5.723498e+05 2.961554e+02 4.050157e+04 5.219723e+07
<GCONST> 7.382457e+01
<MIXTURE> 2 8.088899e-02
<MEAN> 6
 7.515556e+01 2.161385e+01 -2.375092e+03 -8.804403e-02 -7.884061e+00 -6.326346e+01
<VARIANCE> 6
 3.128982e+01 1.498968e+04 1.626136e+05 2.961554e+02 4.050157e+04 5.219723e+07
<GCONST> 7.015533e+01
<MIXTURE> 3 9.760880e-02
<MEAN> 6
 7.101244e+01 6.067276e+02 1.227996e+02 -1.852617e+00 -7.981694e+00 -1.465029e+02
<VARIANCE> 6
 3.128982e+01 1.105233e+05 2.065919e+04 2.961554e+02 4.050157e+04 5.219723e+07
<GCONST> 7.008997e+01
<MIXTURE> 4 8.850079e-02
<MEAN> 6
 7.713503e+01 -5.445925e+02 -9.218147e+03 -1.282511e+00 -6.698770e-01 -6.218189e+00
<VARIANCE> 6
 3.128982e+01 4.447159e+04 2.463874e+06 2.961554e+02 4.050157e+04 5.219723e+07
<GCONST> 7.396092e+01
<MIXTURE> 5 4.876175e-02
<MEAN> 6
 6.967593e+01 -6.396407e+02 1.919963e+03 -2.613378e+00 -3.373115e+00 -1.507395e+02
<VARIANCE> 6
 3.128982e+01 1.293270e+04 3.289856e+04 2.961554e+02 4.050157e+04 5.219723e+07
<GCONST> 6.840977e+01
<MIXTURE> 6 5.520932e-02
<MEAN> 6
 7.408378e+01 1.158156e+03 -7.353966e+02 -1.518090e+00 -8.105500e+00 -7.913546e+01
<VARIANCE> 6
 3.128982e+01 6.668298e+04 1.353773e+04 2.961554e+02 4.050157e+04 5.219723e+07
<GCONST> 6.916202e+01
<MIXTURE> 7 5.333703e-02
<MEAN> 6
 9.039049e+01 -8.149053e+02 3.605622e+02 -2.892837e+00 6.860093e+00 -4.921482e+01
<VARIANCE> 6
 3.128982e+01 1.105560e+05 1.353773e+04 2.961554e+02 4.050157e+04 5.219723e+07
<GCONST> 6.966759e+01
<MIXTURE> 8 7.484520e-02
<MEAN> 6
 7.273689e+01 2.849151e+01 -5.079381e+02 -9.857455e-01 -8.351453e+00 -1.829861e+02
<VARIANCE> 6
 3.128982e+01 1.835669e+04 1.826174e+04 2.961554e+02 4.050157e+04 5.219723e+07
<GCONST> 6.817139e+01
<MIXTURE> 9 5.302817e-02
<MEAN> 6
 7.723076e+01 -1.286687e+02 -2.760245e+03 -2.151439e+00 -3.118262e+00 -1.164399e+02
<VARIANCE> 6
 3.128982e+01 1.293270e+04 7.956212e+06 2.961554e+02 4.050157e+04 5.219723e+07
<GCONST> 7.389805e+01
<MIXTURE> 10 6.765335e-02
<MEAN> 6
 8.022927e+01 -1.450233e+03 -1.014823e+02 -2.592809e+00 -6.762980e+00 -1.845818e+02
<VARIANCE> 6
 3.128982e+01 7.403220e+04 1.449049e+04 2.961554e+02 4.050157e+04 5.219723e+07
<GCONST> 6.933458e+01
<MIXTURE> 11 6.854603e-02
<MEAN> 6
 7.703447e+01 4.198757e+02 -8.119611e+02 -6.238721e-01 -4.638526e-01 -1.082231e+02
<VARIANCE> 6
 3.128982e+01 1.293270e+04 1.353773e+04 2.961554e+02 4.050157e+04 5.219723e+07
<GCONST> 6.752183e+01
<MIXTURE> 12 9.382828e-02
<MEAN> 6
 7.417671e+01 9.206023e+01 -6.492234e+02 -9.518914e-01 -3.297579e+00 -1.209813e+02
<VARIANCE> 6
 3.128982e+01 1.293270e+04 1.353773e+04 2.961554e+02 4.050157e+04 5.219723e+07
<GCONST> 6.752183e+01
<MIXTURE> 13 6.848108e-02
<MEAN> 6
 8.769702e+01 -1.654407e+03 4.300312e+02 -2.103699e-01 -5.549646e+00 -2.075641e+02
<VARIANCE> 6
 3.128982e+01 2.742902e+04 2.458115e+04 2.961554e+02 4.050157e+04 5.219723e+07
<GCONST> 6.887016e+01
<MIXTURE> 14 5.601241e-02
<MEAN> 6
 7.551955e+01 -1.765268e+02 -5.578696e+03 -4.153458e-01 -3.727921e+00 -1.194250e+02
<VARIANCE> 6
 3.128982e+01 1.293270e+04 4.613025e+06 2.961554e+02 4.050157e+04 5.219723e+07
<GCONST> 7.335298e+01
<STATE> 8
<NUMMIXES> 14
<MIXTURE> 1 4.023979e-02
<MEAN> 6
 7.415133e+00 2.762472e+02 2.000399e+03 2.314187e+01 9.818903e+01 -3.015219e+02
<VARIANCE> 6
 2.735384e+03 4.411820e+05 8.676261e+06 7.071359e+04 8.955802e+05 1.992432e+08
<GCONST> 9.189626e+01
<MIXTURE> 2 6.475480e-02
<MEAN> 6
 -3.689289e+01 -1.140111e+02 4.084906e+01 1.960246e+02 9.779520e+02 -2.262569e+03
<VARIANCE> 6
 9.723062e+01 6.445664e+05 2.079015e+05 3.259661e+03 1.599995e+05 5.219723e+07
<GCONST> 7.906834e+01
<MIXTURE> 3 5.959663e-02
<MEAN> 6
 8.709047e+01 -4.931375e+01 1.976697e+02 -8.269667e+00 -8.208207e+01 -2.975151e+02
<VARIANCE> 6
 8.703130e+01 6.340274e+05 3.196110e+05 2.961554e+02 4.050157e+04 5.219723e+07
<GCONST> 7.559875e+01
<MIXTURE> 4 5.652203e-02
<MEAN> 6
 1.274621e+01 5.087786e+02 2.102675e+02 -3.217074e+02 -2.786608e+02 1.012953e+04
<VARIANCE> 6
 6.760523e+02 1.189914e+06 4.097751e+05 3.822867e+03 4.525549e+05 2.464309e+08
<GCONST> 8.505030e+01
<MIXTURE> 5 9.253265e-02
<MEAN> 6
 -5.646938e+01 3.315009e+01 7.054440e+01 3.912716e+01 7.430710e+02 2.254199e+02
<VARIANCE> 6
 7.479967e+01 3.503298e+05 3.344588e+05 4.969994e+03 1.223060e+05 5.655120e+07
<GCONST> 7.890509e+01
<MIXTURE> 6 7.306876e-02
<MEAN> 6
 8.926216e+01 1.783820e+02 -1.290202e+01 3.681757e+01 -1.141022e+03 -1.254373e+03
<VARIANCE> 6
 2.683503e+02 2.251373e+06 6.722197e+05 1.663660e+04 1.004937e+06 7.446217e+08
<GCONST> 8.863313e+01
<MIXTURE> 7 1.074621e-01
<MEAN> 6
 4.485707e+01 9.625827e+00 -5.564166e+01 2.239739e+02 -4.771364e+02 -1.090383e+03
<VARIANCE> 6
 2.937939e+02 9.337023e+05 4.357861e+05 3.035593e+03 1.045613e+05 5.219723e+07
<GCONST> 8.078819e+01
<MIXTURE> 8 8.770736e-02
<MEAN> 6
 -5.078453e+01 2.122410e+02 1.655559e+02 -1.443077e+02 1.532557e+03 2.521888e+03
<VARIANCE> 6
 1.829976e+02 8.589831e+05 7.609893e+05 1.517970e+04 6.793646e+05 5.646676e+08
<GCONST> 8.665099e+01
<MIXTURE> 9 6.324091e-02
<MEAN> 6
 8.255730e+01 -1.749852e+02 3.666548e+02 3.996611e+01 -5.334845e+02 6.158369e+02
<VARIANCE> 6
 1.362974e+02 7.356246e+05 9.326763e+05 8.241278e+03 1.102217e+05 5.219723e+07
<GCONST> 8.159409e+01
<MIXTURE> 10 7.244587e-02
<MEAN> 6
 -1.679965e+00 -1.965117e+01 -1.620798e+01 2.769751e+02 1.644294e+02 -7.338072e+03
<VARIANCE> 6
 1.929655e+02 7.358771e+05 3.104848e+05 2.851438e+03 1.411179e+05 6.541811e+07
<GCONST> 8.025372e+01
<MIXTURE> 11 7.603146e-02
<MEAN> 6
 6.239030e+01 1.783034e+02 6.263111e+01 -1.954647e+02 -8.616385e+02 1.935070e+03
<VARIANCE> 6
 2.210985e+02 5.291405e+05 2.523844e+05 3.644501e+03 1.610059e+05 5.219723e+07
<GCONST> 8.000430e+01
<MIXTURE> 12 7.859314e-02
<MEAN> 6
 1.135976e+00 1.856363e+02 -8.486725e+01 -2.470861e+02 9.749288e+01 1.703705e+03
<VARIANCE> 6
 5.540857e+02 4.340105e+05 5.629352e+05 2.339457e+03 1.414885e+05 6.944518e+07
<GCONST> 8.124002e+01
<MIXTURE> 13 6.136316e-02
<MEAN> 6
 -6.317798e+01 -1.543201e+02 -4.090594e+01 1.109357e+01 1.803232e+02 -3.309347e+02
<VARIANCE> 6
 6.560263e+01 7.736148e+05 4.747392e+05 4.335655e+02 6.349086e+04 5.219723e+07
<GCONST> 7.674146e+01
<MIXTURE> 14 6.618612e-02
<MEAN> 6
 7.962978e+01 -2.704841e+02 1.263134e+02 2.620854e+00 -6.888130e+02 -2.773374e+03
<VARIANCE> 6
 1.075091e+02 5.628032e+05 3.094728e+05 9.882334e+03 1.342048e+05 5.226186e+07
<GCONST> 8.036555e+01
<STATE> 9
<NUMMIXES> 14
<MIXTURE> 1 2.730678e-02
<MEAN> 6
 8.496352e+01 4.811471e+02 7.612887e+02 -4.435183e+00 -9.233103e+00 5.322834e+02
<VARIANCE> 6
 3.128982e+01 1.212391e+05 4.446811e+05 2.961554e+02 4.050157e+04 5.219723e+07
<GCONST> 7.325171e+01
<MIXTURE> 2 4.247252e-02
<MEAN> 6
 7.356745e+01 5.956164e+02 -4.241996e+03 -2.686887e+00 -1.182593e+00 1.661569e+01
<VARIANCE> 6
 3.128982e+01 1.342842e+04 2.977151e+04 2.961554e+02 4.050157e+04 5.219723e+07
<GCONST> 6.834751e+01
<MIXTURE> 3 1.187669e-01
<MEAN> 6
 7.838734e+01 -5.028456e+01 -7.125819e+02 -3.531132e+00 -2.489095e+00 -8.663249e+01
<VARIANCE> 6
 3.128982e+01 2.967210e+04 1.055940e+05 2.961554e+02 4.050157e+04 5.219723e+07
<GCONST> 7.040639e+01
<MIXTURE> 4 8.955765e-02
<MEAN> 6
 7.516500e+01 1.038593e+03 4.398105e+01 -2.989406e+00 2.672307e+00 -3.536705e+01
<VARIANCE> 6
 3.128982e+01 1.544608e+04 2.302216e+04 2.961554e+02 4.050157e+04 5.219723e+07
<GCONST> 6.823040e+01
<MIXTURE> 5 9.386592e-02
<MEAN> 6
 7.449033e+01 1.188907e+03 -3.441247e+02 -2.583895e+00 -6.693683e+00 9.784783e+01
<VARIANCE> 6
 3.128982e+01 3.290242e+05 2.019215e+04 2.961554e+02 4.050157e+04 5.219723e+07
<GCONST> 7.115801e+01
<MIXTURE> 6 6.188741e-02
<MEAN> 6
 7.954330e+01 -2.061932e+02 1.941607e+02 -3.298239e+00 -5.469414e-01 4.165199e+02
<VARIANCE> 6
 3.128982e+01 6.499779e+04 1.353773e+04 2.961554e+02 4.050157e+04 5.219723e+07
<GCONST> 6.913642e+01
<MIXTURE> 7 9.297253e-02
<MEAN> 6
 7.552359e+01 -2.860880e+02 -1.710905e+02 -1.838799e+00 -5.171797e+00 5.247528e+01
<VARIANCE> 6
 3.128982e+01 1.293270e+04 1.377221e+04 2.961554e+02 4.050157e+04 5.219723e+07
<GCONST> 6.753899e+01
<MIXTURE> 8 1.061338e-01
<MEAN> 6
 8.225600e+01 5.796221e+02 -9.638966e+01 -2.071001e+00 -7.461012e+00 7.829826e+01
<VARIANCE> 6
 3.962760e+01 1.859807e+04 5.433222e+04 2.961554e+02 4.050157e+04 5.219723e+07
<GCONST> 6.951099e+01
<MIXTURE> 9 5.337347e-02
<MEAN> 6
 7.645181e+01 1.166460e+03 -6.914735e+02 -2.401820e+00 -6.012540e+00 1.478549e+02
<VARIANCE> 6
 3.128982e+01 1.882326e+05 4.623667e+04 2.961554e+02 4.050157e+04 5.219723e+07
<GCONST> 7.142804e+01
<MIXTURE> 10 1.396118e-02
<MEAN> 6
 8.280838e+01 -1.803731e+02 -3.003484e+02 -4.712090e+00 8.872857e+00 1.905397e+02
<VARIANCE> 6
 3.128982e+01 5.210220e+05 7.402116e+05 2.961554e+02 4.050157e+04 5.219723e+07
<GCONST> 7.521931e+01
<MIXTURE> 11 9.280445e-02
<MEAN> 6
 8.064989e+01 2.659008e+02 6.277009e+02 -3.663783e+00 -2.146425e+00 7.803084e+01
<VARIANCE> 6
 3.128982e+01 1.140186e+05 4.450754e+04 2.961554e+02 4.050157e+04 5.219723e+07
<GCONST> 7.088861e+01
<MIXTURE> 12 9.089112e-02
<MEAN> 6
 7.939813e+01 2.719073e+02 -1.743919e+02 -2.346639e+00 -7.262700e+00 -3.558428e+01
<VARIANCE> 6
 3.128982e+01 1.293270e+04 1.353773e+04 2.961554e+02 4.050157e+04 5.219723e+07
<GCONST> 6.752183e+01
<MIXTURE> 13 5.504793e-02
<MEAN> 6
 7.648344e+01 8.870797e+02 -6.334757e+02 -2.388956e+00 -8.401629e+00 1.212410e+02
<VARIANCE> 6
 3.128982e+01 1.227366e+05 2.631898e+04 2.961554e+02 4.050157e+04 5.219723e+07
<GCONST> 7.043691e+01
<MIXTURE> 14 6.092390e-02
<MEAN> 6
 7.804524e+01 -3.910847e+02 1.965810e+02 -3.290742e+00 3.593583e+00 2.772475e+02
<VARIANCE> 6
 3.128982e+01 9.093441e+04 1.353773e+04 2.961554e+02 4.050157e+04 5.219723e+07
<GCONST> 6.947221e+01
<STATE> 10
<NUMMIXES> 14
<MIXTURE> 1 1.128148e-01
<MEAN> 6
 1.074322e+02 8.633170e+02 -6.605324e+02 -6.884038e+00 -9.086449e-02 3.582737e+02
<VARIANCE> 6
 3.444259e+01 3.298419e+05 1.149435e+05 2.961554e+02 4.050157e+04 5.219723e+07
<GCONST> 7.299564e+01
<MIXTURE> 2 4.336509e-02
<MEAN> 6
 1.060357e+02 -9.346588e+02 -6.761045e+03 -6.169496e+00 5.877001e+00 1.278203e+02
<VARIANCE> 6
 5.010786e+01 1.054287e+05 1.783378e+05 2.961554e+02 4.050157e+04 5.219723e+07
<GCONST> 7.266918e+01
<MIXTURE> 3 6.465584e-02
<MEAN> 6
 9.274358e+01 1.120288e+03 -3.218795e+02 -4.688132e+00 4.210359e+00 6.711102e+01
<VARIANCE> 6
 3.128982e+01 2.725096e+04 1.643916e+06 2.961554e+02 4.050157e+04 5.219723e+07
<GCONST> 7.306651e+01
<MIXTURE> 4 7.900300e-02
<MEAN> 6
 8.460171e+01 -8.454022e+02 1.430113e+03 -4.550568e+00 -3.804604e+00 9.175638e+01
<VARIANCE> 6
 3.128982e+01 2.361361e+04 1.593371e+06 2.961554e+02 4.050157e+04 5.219723e+07
<GCONST> 7.289201e+01
<MIXTURE> 5 7.944954e-02
<MEAN> 6
 9.362469e+01 2.050035e+03 -1.850194e+03 -4.113677e+00 -3.759256e+00 1.610624e+02
<VARIANCE> 6
 1.461542e+02 1.177692e+05 6.663499e+05 2.961554e+02 4.050157e+04 5.219723e+07
<GCONST> 7.516850e+01
<MIXTURE> 6 8.447658e-02
<MEAN> 6
 9.349001e+01 2.541819e+02 -3.522453e+02 -4.225030e+00 1.596553e+00 1.867276e+01
<VARIANCE> 6
 3.128982e+01 1.293270e+04 2.896240e+04 2.961554e+02 4.050157e+04 5.219723e+07
<GCONST> 6.828234e+01
<MIXTURE> 7 6.742039e-02
<MEAN> 6
 7.725776e+01 -1.357170e+03 5.322216e+02 -3.760981e+00 1.986925e+00 1.052205e+02
<VARIANCE> 6
 3.128982e+01 8.125771e+04 3.190025e+05 2.961554e+02 4.050157e+04 5.219723e+07
<GCONST> 7.251941e+01
<MIXTURE> 8 5.552175e-02
<MEAN> 6
 9.560941e+01 -1.508844e+02 -2.538769e+02 -4.908426e+00 7.060869e-01 1.041100e+02
<VARIANCE> 6
 3.128982e+01 2.366199e+04 1.506272e+06 2.961554e+02 4.050157e+04 5.219723e+07
<GCONST> 7.283784e+01
<MIXTURE> 9 5.615041e-02
<MEAN> 6
 9.047564e+01 2.835670e+02 -2.168437e+02 -2.885356e+00 1.584829e+00 8.261938e+01
<VARIANCE> 6
 3.128982e+01 1.939096e+04 5.205332e+06 2.961554e+02 4.050157e+04 5.219723e+07
<GCONST> 7.387883e+01
<MIXTURE> 10 8.084652e-02
<MEAN> 6
 8.887124e+01 -5.981301e+03 1.720729e+00 -6.846219e+00 3.397639e+00 2.183471e+02
<VARIANCE> 6
 7.761036e+01 4.792688e+06 1.568064e+06 2.961554e+02 4.050157e+04 5.219723e+07
<GCONST> 7.909743e+01
<MIXTURE> 11 7.829259e-02
<MEAN> 6
 8.513489e+01 -1.050111e+03 -3.486772e+02 -3.718714e+00 -3.775516e+00 4.124361e+01
<VARIANCE> 6
 3.128982e+01 5.489913e+04 6.026750e+05 2.961554e+02 4.050157e+04 5.219723e+07
<GCONST> 7.276346e+01
<MIXTURE> 12 8.597913e-02
<MEAN> 6
 9.411324e+01 -5.315353e+02 -4.674031e+02 -3.931289e+00 -5.172542e+00 1.085818e+02
<VARIANCE> 6
 3.128982e+01 5.258945e+04 7.048368e+05 2.961554e+02 4.050157e+04 5.219723e+07
<GCONST> 7.287707e+01
<MIXTURE> 13 5.539849e-02
<MEAN> 6
 9.096154e+01 3.700490e+02 -1.933973e+03 -2.979490e+00 2.157971e+00 1.123118e+02
<VARIANCE> 6
 3.128982e+01 3.303080e+04 3.152483e+06 2.961554e+02 4.050157e+04 5.219723e+07
<GCONST> 7.390997e+01
<MIXTURE> 14 5.658406e-02
<MEAN> 6
 9.387313e+01 -2.245789e+02 -4.946420e+02 -3.738591e+00 -6.167991e-01 5.091250e+01
<VARIANCE> 6
 3.128982e+01 1.618036e+04 1.265310e+06 2.961554e+02 4.050157e+04 5.219723e+07
<GCONST> 7.228345e+01
<STATE> 11
<NUMMIXES> 14
<MIXTURE> 1 5.433805e-02
<MEAN> 6
 6.744248e+01 -9.893969e+02 1.029197e+02 -7.976934e-01 1.663001e+00 1.088626e+01
<VARIANCE> 6
 3.128982e+01 4.873359e+04 1.419884e+04 2.961554e+02 4.050157e+04 5.219723e+07
<GCONST> 6.889612e+01
<MIXTURE> 2 7.227620e-02
<MEAN> 6
 6.952622e+01 5.619103e+02 5.446505e+02 -2.817010e+00 4.668605e+00 8.999234e+01
<VARIANCE> 6
 3.128982e+01 1.293270e+04 1.971352e+04 2.961554e+02 4.050157e+04 5.219723e+07
<GCONST> 6.789765e+01
<MIXTURE> 3 1.045527e-01
<MEAN> 6
 6.051226e+01 6.317307e+01 -3.955436e+01 -2.899602e-01 -4.248533e+00 -1.532740e+02
<VARIANCE> 6
 3.128982e+01 1.293270e+04 1.353773e+04 2.961554e+02 4.050157e+04 5.219723e+07
<GCONST> 6.752183e+01
<MIXTURE> 4 5.919371e-02
<MEAN> 6
 6.148499e+01 2.194898e+03 8.181074e+02 -7.181206e-01 7.498702e+00 -3.767997e+01
<VARIANCE> 6
 3.128982e+01 3.384002e+05 2.485072e+05 2.961554e+02 4.050157e+04 5.219723e+07
<GCONST> 7.369629e+01
<MIXTURE> 5 8.386921e-02
<MEAN> 6
 6.373386e+01 4.828197e+02 1.641037e+02 -5.823802e-01 -1.974612e+00 -1.445309e+02
<VARIANCE> 6
 3.128982e+01 1.293270e+04 1.353773e+04 2.961554e+02 4.050157e+04 5.219723e+07
<GCONST> 6.752183e+01
<MIXTURE> 6 5.153283e-02
<MEAN> 6
 6.024942e+01 4.928060e+01 -5.623572e+01 -2.287647e-01 -3.975267e+00 -1.526835e+02
<VARIANCE> 6
 3.128982e+01 1.293270e+04 1.353773e+04 2.961554e+02 4.050157e+04 5.219723e+07
<GCONST> 6.752183e+01
<MIXTURE> 7 1.081866e-01
<MEAN> 6
 5.892398e+01 2.361656e+01 -1.048834e+02 3.724637e-02 -3.536281e+00 -1.477420e+02
<VARIANCE> 6
 3.128982e+01 1.293270e+04 1.353773e+04 2.961554e+02 4.050157e+04 5.219723e+07
<GCONST> 6.752183e+01
<MIXTURE> 8 1.065575e-01
<MEAN> 6
 5.903242e+01 2.444476e+01 -1.018561e+02 1.639755e-02 -3.557181e+00 -1.482385e+02
<VARIANCE> 6
 3.128982e+01 1.293270e+04 1.353773e+04 2.961554e+02 4.050157e+04 5.219723e+07
<GCONST> 6.752183e+01
<MIXTURE> 9 5.692183e-02
<MEAN> 6
 6.135794e+01 1.575634e+02 3.942785e+02 -5.968384e-01 -6.383941e+00 -1.579982e+02
<VARIANCE> 6
 3.128982e+01 1.293270e+04 1.353773e+04 2.961554e+02 4.050157e+04 5.219723e+07
<GCONST> 6.752183e+01
<MIXTURE> 10 6.190813e-02
<MEAN> 6
 7.044653e+01 5.984763e+02 4.172867e+02 -1.336403e+00 -3.354246e+00 -4.478897e+01
<VARIANCE> 6
 3.128982e+01 1.293270e+04 1.353773e+04 2.961554e+02 4.050157e+04 5.219723e+07
<GCONST> 6.752183e+01
<MIXTURE> 11 8.075320e-02
<MEAN> 6
 6.316108e+01 4.729144e+02 1.591531e+02 -6.152008e-01 -1.821593e+00 -1.399386e+02
<VARIANCE> 6
 3.128982e+01 1.293270e+04 1.353773e+04 2.961554e+02 4.050157e+04 5.219723e+07
<GCONST> 6.752183e+01
<MIXTURE> 12 5.726071e-02
<MEAN> 6
 6.696394e+01 -9.651879e+02 5.137201e+01 -9.244107e-01 8.778986e-01 4.077941e+00
<VARIANCE> 6
 3.128982e+01 2.556355e+04 1.369962e+04 2.961554e+02 4.050157e+04 5.219723e+07
<GCONST> 6.821512e+01
<MIXTURE> 13 5.299675e-02
<MEAN> 6
 5.863650e+01 2.141508e+01 -1.129182e+02 9.441285e-02 -3.468638e+00 -1.461911e+02
<VARIANCE> 6
 3.128982e+01 1.293270e+04 1.353773e+04 2.961554e+02 4.050157e+04 5.219723e+07
<GCONST> 6.752183e+01
<MIXTURE> 14 4.962523e-02
<MEAN> 6
 6.120232e+01 1.697270e+03 8.813737e+02 -4.192462e+00 6.354830e+00 1.799235e+02
<VARIANCE> 6
 3.128982e+01 6.798686e+05 1.025186e+06 2.961554e+02 4.050157e+04 5.219723e+07
<GCONST> 7.581112e+01
<STATE> 12
<NUMMIXES> 14
<MIXTURE> 1 1.377518e-02
<MEAN> 6
 1.831068e+01 -6.231739e+01 1.684259e+02 4.439615e+01 1.266716e+02 -5.336696e+03
<VARIANCE> 6
 2.801845e+03 3.906126e+05 1.117574e+06 2.811875e+04 2.098542e+06 6.123370e+08
<GCONST> 9.080118e+01
<MIXTURE> 2 5.872502e-02
<MEAN> 6
 6.923786e+01 -6.414082e+01 6.759561e+01 -7.717441e+00 -3.731023e+01 1.405982e+02
<VARIANCE> 6
 4.436372e+01 2.012291e+05 4.268420e+04 2.961554e+02 4.050157e+04 5.219723e+07
<GCONST> 7.176398e+01
<MIXTURE> 3 8.115492e-02
<MEAN> 6
 4.122460e+01 1.954334e+02 8.902518e+01 -1.619246e+02 -3.955284e+02 1.968010e+03
<VARIANCE> 6
 1.658743e+02 1.110277e+05 4.128876e+04 3.816656e+03 9.504772e+04 5.219723e+07
<GCONST> 7.586418e+01
<MIXTURE> 4 7.235396e-02
<MEAN> 6
 1.733267e+00 4.309226e+01 1.625707e+02 -2.344768e+02 2.099424e+02 8.238134e+03
<VARIANCE> 6
 3.628584e+02 1.244378e+05 3.843933e+04 3.278320e+03 3.490493e+05 2.010255e+08
<GCONST> 7.918667e+01
<MIXTURE> 5 6.786938e-02
<MEAN> 6
 4.194422e-01 6.182200e+01 9.052430e+01 2.100898e+02 -5.182140e+01 -5.190936e+03
<VARIANCE> 6
 3.949986e+02 7.304120e+04 8.457239e+04 2.927948e+03 2.056736e+05 1.325634e+08
<GCONST> 7.846896e+01
<MIXTURE> 6 9.928548e-02
<MEAN> 6
 -4.551632e+01 9.028600e+01 -8.308407e+01 -2.043409e+00 1.076898e+03 -3.541333e+02
<VARIANCE> 6
 8.891568e+01 9.003165e+04 6.126405e+04 1.435162e+04 2.241518e+05 1.467227e+08
<GCONST> 7.864157e+01
<MIXTURE> 7 8.470836e-02
<MEAN> 6
 6.703810e+01 -3.361299e+02 -1.617868e+01 2.093269e+01 -4.579270e+02 -6.112336e+02
<VARIANCE> 6
 7.858231e+01 5.605128e+05 1.015848e+05 4.926851e+03 1.115985e+05 5.219723e+07
<GCONST> 7.805232e+01
<MIXTURE> 8 9.070621e-02
<MEAN> 6
 6.669572e+01 -2.961979e+01 2.431617e+01 -3.166100e+01 -8.543703e+02 -1.344997e+02
<VARIANCE> 6
 1.459207e+02 6.572205e+04 1.894605e+04 1.235292e+04 2.714400e+05 9.476967e+07
<GCONST> 7.725297e+01
<MIXTURE> 9 6.638443e-02
<MEAN> 6
 -3.261901e+01 -6.543786e+01 -3.419011e+01 7.119421e+01 3.765004e+02 -4.381645e+02
<VARIANCE> 6
 1.982216e+02 4.594659e+04 1.507070e+04 2.840679e+03 1.112020e+05 5.219723e+07
<GCONST> 7.401383e+01
<MIXTURE> 10 9.230793e-02
<MEAN> 6
 4.329715e+01 -3.003193e+01 -1.133380e+01 1.321379e+02 -2.523823e+02 -7.284764e+02
<VARIANCE> 6
 2.110101e+02 6.687233e+04 7.214107e+04 1.903288e+03 4.224860e+04 5.219723e+07
<GCONST> 7.464929e+01
<MIXTURE> 11 7.291742e-02
<MEAN> 6
 -1.581231e+01 2.137696e+01 4.136034e+01 -1.400328e+02 2.087408e+02 -1.096271e+03
<VARIANCE> 6
 2.613019e+02 6.028877e+04 8.150070e+04 1.466080e+03 1.272054e+05 8.753252e+07
<GCONST> 7.623964e+01
<MIXTURE> 12 6.675183e-02
<MEAN> 6
 -3.834597e+01 3.874552e+01 -1.414668e+02 1.175441e+01 2.173800e+02 -3.420990e+01
<VARIANCE> 6
 1.339424e+02 8.292938e+04 9.098964e+04 1.382221e+03 5.447898e+04 5.219723e+07
<GCONST> 7.457648e+01
<MIXTURE> 13 7.219227e-02
<MEAN> 6
 1.207440e+01 -2.529617e+02 -9.968571e+01 1.356044e+02 4.527660e+01 -2.698254e+02
<VARIANCE> 6
 4.032272e+02 1.322789e+05 6.755675e+04 1.560044e+03 4.349359e+04 5.219723e+07
<GCONST> 7.574353e+01
<MIXTURE> 14 6.070893e-02
<MEAN> 6
 6.569255e+01 -1.420424e+02 -7.493700e+01 -2.009065e+00 -7.028835e+01 -9.840637e+01
<VARIANCE> 6
 3.128982e+01 9.639830e+04 5.578959e+04 2.961554e+02 4.050157e+04 5.219723e+07
<GCONST> 7.094666e+01
<TRANSP> 13
 0.000000e+00 1.000000e+00 0.000000e+00 0.000000e+00 0.000000e+00 0.000000e+00 0.000000e+00 0.000000e+00 0.000000e+00 0.000000e+00 0.000000e+00 0.000000e+00 0.000000e+00
 0.000000e+00 9.981853e-01 1.814733e-03 0.000000e+00 0.000000e+00 0.000000e+00 0.000000e+00 0.000000e+00 0.000000e+00 0.000000e+00 0.000000e+00 0.000000e+00 0.000000e+00
 0.000000e+00 0.000000e+00 9.993100e-01 6.899395e-04 0.000000e+00 0.000000e+00 0.000000e+00 0.000000e+00 0.000000e+00 0.000000e+00 0.000000e+00 0.000000e+00 0.000000e+00
 0.000000e+00 0.000000e+00 0.000000e+00 9.996002e-01 3.997625e-04 0.000000e+00 0.000000e+00 0.000000e+00 0.000000e+00 0.000000e+00 0.000000e+00 0.000000e+00 0.000000e+00
 0.000000e+00 0.000000e+00 0.000000e+00 0.000000e+00 9.991857e-01 8.142344e-04 0.000000e+00 0.000000e+00 0.000000e+00 0.000000e+00 0.000000e+00 0.000000e+00 0.000000e+00
 0.000000e+00 0.000000e+00 0.000000e+00 0.000000e+00 0.000000e+00 9.997986e-01 2.014262e-04 0.000000e+00 0.000000e+00 0.000000e+00 0.000000e+00 0.000000e+00 0.000000e+00
 0.000000e+00 0.000000e+00 0.000000e+00 0.000000e+00 0.000000e+00 0.000000e+00 9.989193e-01 1.080640e-03 0.000000e+00 0.000000e+00 0.000000e+00 0.000000e+00 0.000000e+00
 0.000000e+00 0.000000e+00 0.000000e+00 0.000000e+00 0.000000e+00 0.000000e+00 0.000000e+00 9.998899e-01 1.101932e-04 0.000000e+00 0.000000e+00 0.000000e+00 0.000000e+00
 0.000000e+00 0.000000e+00 0.000000e+00 0.000000e+00 0.000000e+00 0.000000e+00 0.000000e+00 0.000000e+00 9.985846e-01 1.415321e-03 0.000000e+00 0.000000e+00 0.000000e+00
 0.000000e+00 0.000000e+00 0.000000e+00 0.000000e+00 0.000000e+00 0.000000e+00 0.000000e+00 0.000000e+00 0.000000e+00 9.990788e-01 9.212004e-04 0.000000e+00 0.000000e+00
 0.000000e+00 0.000000e+00 0.000000e+00 0.000000e+00 0.000000e+00 0.000000e+00 0.000000e+00 0.000000e+00 0.000000e+00 0.000000e+00 9.985207e-01 1.479318e-03 0.000000e+00
 0.000000e+00 0.000000e+00 0.000000e+00 0.000000e+00 0.000000e+00 0.000000e+00 0.000000e+00 0.000000e+00 0.000000e+00 0.000000e+00 0.000000e+00 9.997575e-01 2.424561e-04
 0.000000e+00 0.000000e+00 0.000000e+00 0.000000e+00 0.000000e+00 0.000000e+00 0.000000e+00 0.000000e+00 0.000000e+00 0.000000e+00 0.000000e+00 0.000000e+00 0.000000e+00
<ENDHMM>
~h "QuintoPRIMARIA"
<BEGINHMM>
<NUMSTATES> 13
<STATE> 2
<NUMMIXES> 14
<MIXTURE> 1 7.240060e-02
<MEAN> 6
 -4.260090e+01 -9.035579e+00 5.437173e+01 -1.076275e+02 1.416369e+03 2.602817e+03
<VARIANCE> 6
 2.998423e+02 8.514398e+04 2.713214e+05 2.666549e+04 6.614772e+05 5.692095e+08
<GCONST> 8.434679e+01
<MIXTURE> 2 1.685848e-02
<MEAN> 6
 3.282950e+01 -4.234111e+02 -7.390484e+02 -6.554458e+01 -5.036713e+02 9.671850e+03
<VARIANCE> 6
 3.137652e+03 1.411861e+06 3.352448e+06 4.047381e+04 2.202492e+06 9.665707e+08
<GCONST> 9.416689e+01
<MIXTURE> 3 5.969367e-02
<MEAN> 6
 7.419594e+01 1.356573e+02 6.002471e+01 -8.190066e-01 -3.624242e+01 -1.521941e+02
<VARIANCE> 6
 6.636650e+01 4.419431e+04 1.598394e+05 2.961554e+02 4.050157e+04 5.219723e+07
<GCONST> 7.197125e+01
<MIXTURE> 4 5.652695e-02
<MEAN> 6
 -6.643892e+00 -2.239830e+00 1.775963e+02 2.475148e+02 3.862658e+02 -8.645912e+03
<VARIANCE> 6
 2.452382e+02 1.093315e+05 1.940113e+05 5.658567e+03 2.991164e+05 1.003721e+08
<GCONST> 7.998121e+01
<MIXTURE> 5 1.146656e-01
<MEAN> 6
 7.267226e+01 5.676986e+01 -3.984046e+01 -4.109105e+01 -5.880394e+02 -6.453688e+02
<VARIANCE> 6
 2.290235e+02 2.235603e+05 5.398656e+04 1.209392e+04 1.729064e+05 5.219723e+07
<GCONST> 7.890652e+01
<MIXTURE> 6 5.572087e-02
<MEAN> 6
 7.854394e+01 7.697021e+01 -2.773690e+01 4.126798e+01 -1.106624e+03 -2.515054e+03
<VARIANCE> 6
 4.608936e+02 6.652617e+04 3.912148e+04 2.690064e+04 8.940260e+05 5.341008e+08
<GCONST> 8.283971e+01
<MIXTURE> 7 9.931789e-02
<MEAN> 6
 5.938374e+01 -8.277244e+01 2.230180e+01 -1.035154e-01 -1.868796e+01 -1.906639e+02
<VARIANCE> 6
 3.128982e+01 2.720378e+04 1.662609e+05 2.961554e+02 4.050157e+04 5.219723e+07
<GCONST> 7.077350e+01
<MIXTURE> 8 1.152518e-01
<MEAN> 6
 -4.296243e+01 -4.782455e+01 3.261050e+01 5.608471e+01 7.355743e+02 -2.861497e+02
<VARIANCE> 6
 2.895728e+02 7.992083e+04 6.856616e+04 1.065975e+04 1.171344e+05 5.219723e+07
<GCONST> 7.783586e+01
<MIXTURE> 9 9.821881e-02
<MEAN> 6
 3.683433e+01 -3.467652e+01 2.985321e+01 1.772607e+02 -2.323787e+02 -6.743213e+02
<VARIANCE> 6
 4.516209e+02 6.190173e+04 5.923440e+04 5.285259e+03 1.364592e+05 5.219723e+07
<GCONST> 7.732967e+01
<MIXTURE> 10 5.926591e-02
<MEAN> 6
 1.448553e+01 4.219366e+01 2.323687e+01 -2.252706e+02 -1.002059e+02 5.027274e+03
<VARIANCE> 6
 5.974451e+02 3.734739e+04 8.780488e+04 5.419933e+03 3.086727e+05 1.533896e+08
<GCONST> 7.941719e+01
<MIXTURE> 11 5.828873e-02
<MEAN> 6
 5.696808e+01 5.450772e+01 -2.562812e+02 8.994927e+00 -6.463723e+02 -1.326468e+02
<VARIANCE> 6
 4.611970e+02 1.176141e+05 3.660593e+05 3.083167e+04 2.701983e+05 5.219723e+07
<GCONST> 8.226055e+01
<MIXTURE> 12 6.878326e-02
<MEAN> 6
 -4.636110e+01 -2.908835e+01 6.364778e+00 1.614177e+01 1.537711e+02 3.050163e+01
<VARIANCE> 6
 2.564683e+02 3.332729e+04 8.452095e+04 5.101337e+02 4.550747e+04 5.219723e+07
<GCONST> 7.306400e+01
<MIXTURE> 13 6.623375e-02
<MEAN> 6
 7.615657e+01 1.977124e+00 1.232247e-01 -7.056089e+00 -5.491461e+01 -3.219786e+02
<VARIANCE> 6
 1.225676e+02 2.331428e+04 2.711924e+04 2.961554e+02 4.050157e+04 5.219723e+07
<GCONST> 7.017126e+01
<MIXTURE> 14 5.830910e-02
<MEAN> 6
 8.602120e+00 -3.737392e+01 -6.473879e+01 -2.317156e+02 -1.303495e+02 3.414987e+03
<VARIANCE> 6
 5.424149e+02 5.207702e+04 8.869966e+04 6.869186e+03 3.568826e+05 1.788524e+08
<GCONST> 8.019882e+01
<STATE> 3
<NUMMIXES> 14
<MIXTURE> 1 5.250451e-02
<MEAN> 6
 5.998456e+01 -1.179979e+03 -4.259900e+02 4.848654e+00 2.067688e+02 -1.545694e+03
<VARIANCE> 6
 3.030622e+02 1.252836e+06 1.603930e+04 7.243057e+03 7.759209e+05 2.070872e+08
<GCONST> 8.206317e+01
<MIXTURE> 2 6.003789e-02
<MEAN> 6
 9.465997e+01 2.323920e+02 4.522787e+02 -4.065537e+00 2.118611e+01 2.750182e+02
<VARIANCE> 6
 3.128982e+01 1.293270e+04 1.353773e+04 2.961554e+02 4.050157e+04 5.219723e+07
<GCONST> 6.752183e+01
<MIXTURE> 3 6.906859e-02
<MEAN> 6
 9.935076e+01 1.050769e+02 5.800792e+00 -1.397065e+01 1.217595e+01 1.057527e+03
<VARIANCE> 6
 3.128982e+01 1.293270e+04 1.353773e+04 3.027654e+02 4.050157e+04 5.219723e+07
<GCONST> 6.754390e+01
<MIXTURE> 4 1.354952e-01
<MEAN> 6
 9.913511e+01 -4.960356e+02 -5.388589e+02 -1.540350e+00 -1.685263e+00 -7.050082e+01
<VARIANCE> 6
 3.398514e+01 1.293270e+04 1.353773e+04 2.961554e+02 4.050157e+04 5.219723e+07
<GCONST> 6.760445e+01
<MIXTURE> 5 6.025338e-02
<MEAN> 6
 8.474895e+01 -1.085656e+03 -1.915475e+02 -7.089050e+00 -2.570205e+01 5.729084e+00
<VARIANCE> 6
 4.461456e+01 2.711302e+04 1.353773e+04 2.961554e+02 4.050157e+04 5.219723e+07
<GCONST> 6.861685e+01
<MIXTURE> 6 9.903832e-02
<MEAN> 6
 9.445486e+01 -2.496817e+02 -3.451915e+02 -5.130847e+00 1.025369e+01 4.038153e+01
<VARIANCE> 6
 3.128982e+01 1.293270e+04 1.353773e+04 2.961554e+02 4.050157e+04 5.219723e+07
<GCONST> 6.752183e+01
<MIXTURE> 7 1.261453e-02
<MEAN> 6
 9.201749e+01 -6.768415e+02 1.316374e+03 -2.253749e+01 -2.391058e+01 4.594764e+03
<VARIANCE> 6
 3.372300e+01 3.051512e+05 2.546408e+06 2.961554e+02 1.632275e+05 9.338552e+07
<GCONST> 7.797023e+01
<MIXTURE> 8 6.266694e-02
<MEAN> 6
 9.717169e+01 -4.864897e+02 -5.323979e+02 -1.177755e+00 -1.950654e+00 -1.077159e+02
<VARIANCE> 6
 3.128982e+01 1.293270e+04 1.353773e+04 2.961554e+02 4.050157e+04 5.219723e+07
<GCONST> 6.752183e+01
<MIXTURE> 9 6.539838e-02
<MEAN> 6
 9.631731e+01 -4.873085e+02 -5.348213e+02 -1.031545e+00 -1.978664e+00 -1.151702e+02
<VARIANCE> 6
 3.128982e+01 1.293270e+04 1.353773e+04 2.961554e+02 4.050157e+04 5.219723e+07
<GCONST> 6.752183e+01
<MIXTURE> 10 1.104363e-01
<MEAN> 6
 9.729946e+01 6.642884e+01 -2.276753e+02 -3.959078e+00 -3.091591e+01 7.703531e+01
<VARIANCE> 6
 3.128982e+01 1.293270e+04 1.781428e+04 2.961554e+02 4.050157e+04 5.219723e+07
<GCONST> 6.779634e+01
<MIXTURE> 11 7.063862e-02
<MEAN> 6
 8.958758e+01 -4.249733e+02 -1.627527e+02 -5.305350e+00 9.687444e+00 6.744509e+01
<VARIANCE> 6
 3.128982e+01 1.293270e+04 1.353773e+04 2.961554e+02 4.050157e+04 5.219723e+07
<GCONST> 6.752183e+01
<MIXTURE> 12 6.525618e-02
<MEAN> 6
 9.592445e+01 -4.866666e+02 -5.353387e+02 -9.797925e-01 -2.037118e+00 -1.198089e+02
<VARIANCE> 6
 3.128982e+01 1.293270e+04 1.353773e+04 2.961554e+02 4.050157e+04 5.219723e+07
<GCONST> 6.752183e+01
<MIXTURE> 13 7.347821e-02
<MEAN> 6
 9.888248e+01 9.310082e+01 -3.187883e+01 -7.672861e+00 -3.684002e+01 5.001797e+02
<VARIANCE> 6
 3.128982e+01 1.293270e+04 1.353773e+04 2.961554e+02 4.050157e+04 5.219723e+07
<GCONST> 6.752183e+01
<MIXTURE> 14 6.308406e-02
<MEAN> 6
 9.567976e+01 -4.898174e+02 -5.383829e+02 -9.131927e-01 -1.934841e+00 -1.173874e+02
<VARIANCE> 6
 3.128982e+01 1.293270e+04 1.353773e+04 2.961554e+02 4.050157e+04 5.219723e+07
<GCONST> 6.752183e+01
<STATE> 4
<NUMMIXES> 14
<MIXTURE> 1 6.595626e-02
<MEAN> 6
 8.119053e+01 -1.181220e+02 -3.385835e+02 -3.792151e-01 -1.935144e+00 5.429179e+01
<VARIANCE> 6
 3.128982e+01 1.294781e+04 1.353773e+04 2.961554e+02 4.050157e+04 5.219723e+07
<GCONST> 6.752299e+01
<MIXTURE> 2 5.234430e-02
<MEAN> 6
 9.006409e+01 -1.518823e+03 -1.383703e+03 -1.250020e+00 -1.930467e+01 2.844193e+01
<VARIANCE> 6
 7.867161e+01 1.293270e+04 7.641980e+04 2.961554e+02 4.050157e+04 5.219723e+07
<GCONST> 7.017458e+01
<MIXTURE> 3 6.160774e-02
<MEAN> 6
 7.712323e+01 9.098141e+01 -7.492390e+02 -2.366802e+00 -2.604951e+01 2.660539e+02
<VARIANCE> 6
 3.128982e+01 1.293270e+04 1.353773e+04 2.961554e+02 4.050157e+04 5.219723e+07
<GCONST> 6.752183e+01
<MIXTURE> 4 3.743317e-02
<MEAN> 6
 7.673965e+01 -5.894308e+02 -1.513114e+03 3.361058e+01 -8.549882e+01 -1.803153e+02
<VARIANCE> 6
 3.128982e+01 7.356607e+05 2.464349e+06 7.838175e+02 4.050157e+04 5.219723e+07
<GCONST> 7.774033e+01
<MIXTURE> 5 1.090230e-01
<MEAN> 6
 5.973264e+01 -3.348291e+02 -1.273046e+03 1.766232e+00 -3.711895e+00 -1.054779e+02
<VARIANCE> 6
 3.128982e+01 1.293270e+04 1.910854e+04 2.961554e+02 4.050157e+04 5.219723e+07
<GCONST> 6.786648e+01
<MIXTURE> 6 9.861652e-02
<MEAN> 6
 8.016473e+01 -2.957733e+02 -3.084202e+02 -9.336911e-01 -3.068923e+00 8.133348e+01
<VARIANCE> 6
 3.128982e+01 1.822050e+04 1.353773e+04 2.961554e+02 4.050157e+04 5.219723e+07
<GCONST> 6.786462e+01
<MIXTURE> 7 6.624069e-02
<MEAN> 6
 7.123579e+01 -7.635957e+02 -1.469647e+03 -5.135809e-01 -4.752917e-01 2.269679e+01
<VARIANCE> 6
 3.128982e+01 1.293270e+04 1.353773e+04 2.961554e+02 4.050157e+04 5.219723e+07
<GCONST> 6.752183e+01
<MIXTURE> 8 1.082231e-01
<MEAN> 6
 7.069980e+01 -3.574352e+02 -5.687748e+02 1.104696e-01 -2.188250e+01 1.821657e+00
<VARIANCE> 6
 3.128982e+01 1.426804e+04 1.353773e+04 2.961554e+02 4.050157e+04 5.219723e+07
<GCONST> 6.762009e+01
<MIXTURE> 9 4.493440e-02
<MEAN> 6
 5.732759e+01 -3.933700e+02 -1.538636e+03 4.569602e+00 2.452315e+00 -1.552487e+02
<VARIANCE> 6
 3.128982e+01 1.293270e+04 1.521349e+04 2.961554e+02 4.050157e+04 5.219723e+07
<GCONST> 6.763853e+01
<MIXTURE> 10 7.577113e-02
<MEAN> 6
 7.271074e+01 -1.077814e+03 -6.698229e+02 -2.221473e+00 -1.375901e+01 2.971951e+00
<VARIANCE> 6
 3.128982e+01 1.800801e+05 1.353773e+04 2.961554e+02 4.050157e+04 5.219723e+07
<GCONST> 7.015547e+01
<MIXTURE> 11 5.975152e-02
<MEAN> 6
 7.294028e+01 -1.603131e+03 -1.093087e+03 9.004491e-01 1.200821e+00 7.587177e+01
<VARIANCE> 6
 3.128982e+01 2.871279e+05 3.243333e+04 2.961554e+02 4.050157e+04 5.219723e+07
<GCONST> 7.149570e+01
<MIXTURE> 12 7.641171e-02
<MEAN> 6
 6.992388e+01 -6.539502e+02 -1.717434e+03 -9.685225e-01 -1.197642e+01 -1.082553e+02
<VARIANCE> 6
 3.128982e+01 1.293270e+04 1.353773e+04 2.961554e+02 4.050157e+04 5.219723e+07
<GCONST> 6.752183e+01
<MIXTURE> 13 6.711177e-02
<MEAN> 6
 8.099813e+01 -1.550777e+02 -3.376391e+02 -5.088452e-01 -6.020225e-01 3.481488e+01
<VARIANCE> 6
 3.128982e+01 1.293270e+04 1.353773e+04 2.961554e+02 4.050157e+04 5.219723e+07
<GCONST> 6.752183e+01
<MIXTURE> 14 7.655054e-02
<MEAN> 6
 7.274683e+01 -1.240328e+03 -6.915809e+02 -1.897296e+00 -9.108184e+00 -8.333394e+01
<VARIANCE> 6
 3.128982e+01 1.441430e+05 1.353773e+04 2.961554e+02 4.050157e+04 5.219723e+07
<GCONST> 6.993288e+01
<STATE> 5
<NUMMIXES> 14
<MIXTURE> 1 7.947249e-02
<MEAN> 6
 7.165376e+01 -3.586204e+01 3.326350e+03 3.235371e-01 -2.428794e+00 -8.592397e+01
<VARIANCE> 6
 3.128982e+01 1.293270e+04 1.353773e+04 2.961554e+02 4.050157e+04 5.219723e+07
<GCONST> 6.752183e+01
<MIXTURE> 2 8.746697e-02
<MEAN> 6
 8.961658e+01 2.142187e+02 3.733003e+03 -6.083190e-02 -5.546015e+00 -1.537442e+02
<VARIANCE> 6
 3.128982e+01 1.293270e+04 1.353773e+04 2.961554e+02 4.050157e+04 5.219723e+07
<GCONST> 6.752183e+01
<MIXTURE> 3 5.737155e-02
<MEAN> 6
 8.117294e+01 -3.534967e+02 2.597966e+03 -6.495498e-01 -9.858827e+00 -1.802020e+02
<VARIANCE> 6
 3.128982e+01 1.293270e+04 1.353773e+04 2.961554e+02 4.050157e+04 5.219723e+07
<GCONST> 6.752183e+01
<MIXTURE> 4 4.797129e-02
<MEAN> 6
 4.846637e+01 5.691355e+02 -1.234930e+02 2.620613e+01 -8.166259e+01 9.136616e+02
<VARIANCE> 6
 1.794738e+02 1.012123e+06 8.255041e+05 3.398459e+02 4.050157e+04 5.219723e+07
<GCONST> 7.787673e+01
<MIXTURE> 5 1.357358e-01
<MEAN> 6
 7.164436e+01 -3.621766e+01 3.325026e+03 3.397087e-01 -2.445971e+00 -8.306567e+01
<VARIANCE> 6
 3.128982e+01 1.293270e+04 1.353773e+04 2.961554e+02 4.050157e+04 5.219723e+07
<GCONST> 6.752183e+01
<MIXTURE> 6 8.474210e-02
<MEAN> 6
 8.074409e+01 -4.923765e+02 2.244830e+03 1.483102e-01 -1.051655e+00 4.799775e+00
<VARIANCE> 6
 3.128982e+01 1.293270e+04 1.979814e+04 2.961554e+02 4.050157e+04 5.219723e+07
<GCONST> 6.790193e+01
<MIXTURE> 7 4.008857e-02
<MEAN> 6
 8.961662e+01 2.142224e+02 3.733014e+03 -6.074262e-02 -5.546801e+00 -1.537497e+02
<VARIANCE> 6
 3.128982e+01 1.293270e+04 1.353773e+04 2.961554e+02 4.050157e+04 5.219723e+07
<GCONST> 6.752183e+01
<MIXTURE> 8 5.800491e-02
<MEAN> 6
 8.117241e+01 -3.538538e+02 2.597561e+03 -6.428523e-01 -9.772120e+00 -1.786185e+02
<VARIANCE> 6
 3.128982e+01 1.293270e+04 1.353773e+04 2.961554e+02 4.050157e+04 5.219723e+07
<GCONST> 6.752183e+01
<MIXTURE> 9 8.852919e-02
<MEAN> 6
 8.961658e+01 2.142187e+02 3.733003e+03 -6.083179e-02 -5.546024e+00 -1.537454e+02
<VARIANCE> 6
 3.128982e+01 1.293270e+04 1.353773e+04 2.961554e+02 4.050157e+04 5.219723e+07
<GCONST> 6.752183e+01
<MIXTURE> 10 8.718374e-02
<MEAN> 6
 8.961658e+01 2.142187e+02 3.733003e+03 -6.083136e-02 -5.546029e+00 -1.537437e+02
<VARIANCE> 6
 3.128982e+01 1.293270e+04 1.353773e+04 2.961554e+02 4.050157e+04 5.219723e+07
<GCONST> 6.752183e+01
<MIXTURE> 11 5.759262e-02
<MEAN> 6
 8.117178e+01 -3.542638e+02 2.597094e+03 -6.352416e-01 -9.673853e+00 -1.768207e+02
<VARIANCE> 6
 3.128982e+01 1.293270e+04 1.353773e+04 2.961554e+02 4.050157e+04 5.219723e+07
<GCONST> 6.752183e+01
<MIXTURE> 12 5.720927e-02
<MEAN> 6
 8.117074e+01 -3.549294e+02 2.596332e+03 -6.230456e-01 -9.516916e+00 -1.739464e+02
<VARIANCE> 6
 3.128982e+01 1.293270e+04 1.353773e+04 2.961554e+02 4.050157e+04 5.219723e+07
<GCONST> 6.752183e+01
<MIXTURE> 13 3.994186e-02
<MEAN> 6
 8.961672e+01 2.142149e+02 3.732988e+03 -6.095774e-02 -5.544612e+00 -1.537197e+02
<VARIANCE> 6
 3.128982e+01 1.293270e+04 1.353773e+04 2.961554e+02 4.050157e+04 5.219723e+07
<GCONST> 6.752183e+01
<MIXTURE> 14 7.868434e-02
<MEAN> 6
 7.162628e+01 -3.680245e+01 3.322575e+03 3.693898e-01 -2.461443e+00 -7.791596e+01
<VARIANCE> 6
 3.128982e+01 1.293270e+04 1.353773e+04 2.961554e+02 4.050157e+04 5.219723e+07
<GCONST> 6.752183e+01
<STATE> 6
<NUMMIXES> 14
<MIXTURE> 1 5.218869e-03
<MEAN> 6
 7.561965e+01 -2.040112e+03 7.222128e+01 4.677225e+01 -6.139968e+02 1.744619e+03
<VARIANCE> 6
 3.172577e+02 3.466346e+06 1.577232e+05 1.627927e+03 5.652777e+04 5.219723e+07
<GCONST> 7.992227e+01
<MIXTURE> 2 4.147724e-02
<MEAN> 6
 9.152621e+01 5.862859e+02 1.656457e+03 1.389351e+00 -5.525857e+00 -3.133511e+02
<VARIANCE> 6
 3.128982e+01 1.293270e+04 1.220022e+05 2.961554e+02 4.050157e+04 5.219723e+07
<GCONST> 6.972038e+01
<MIXTURE> 3 6.300505e-02
<MEAN> 6
 9.563855e+01 9.795300e+02 2.424802e+03 -6.996639e-02 2.481960e+00 -4.718877e+01
<VARIANCE> 6
 3.128982e+01 1.293270e+04 1.075526e+05 2.961554e+02 4.050157e+04 5.219723e+07
<GCONST> 6.959432e+01
<MIXTURE> 4 1.077707e-01
<MEAN> 6
 8.359282e+01 5.412527e+02 -2.642201e+02 -1.464372e+00 -9.395648e+00 -1.406401e+02
<VARIANCE> 6
 3.128982e+01 1.293270e+04 1.353773e+04 2.961554e+02 4.050157e+04 5.219723e+07
<GCONST> 6.752183e+01
<MIXTURE> 5 9.627364e-02
<MEAN> 6
 8.896926e+01 2.266225e+02 -1.456253e+03 -2.298765e+00 -2.473216e+00 1.413956e+02
<VARIANCE> 6
 4.623858e+01 5.699171e+04 6.311065e+05 2.961554e+02 4.050157e+04 5.219723e+07
<GCONST> 7.323749e+01
<MIXTURE> 6 8.220665e-02
<MEAN> 6
 8.987784e+01 5.812452e+02 -1.360501e+03 1.075040e+00 -1.926866e+01 -2.523996e+02
<VARIANCE> 6
 3.128982e+01 1.293270e+04 1.353773e+04 2.961554e+02 4.050157e+04 5.219723e+07
<GCONST> 6.752183e+01
<MIXTURE> 7 6.730314e-02
<MEAN> 6
 9.649289e+01 6.928123e+02 4.815550e+02 -3.473683e+00 5.607032e+00 -1.392906e+01
<VARIANCE> 6
 3.128982e+01 2.515792e+04 4.501634e+05 2.961554e+02 4.050157e+04 5.219723e+07
<GCONST> 7.169137e+01
<MIXTURE> 8 8.065865e-02
<MEAN> 6
 8.336761e+01 5.397034e+02 -2.594805e+02 -1.419217e+00 -9.708276e+00 -1.428779e+02
<VARIANCE> 6
 3.128982e+01 1.293270e+04 1.353773e+04 2.961554e+02 4.050157e+04 5.219723e+07
<GCONST> 6.752183e+01
<MIXTURE> 9 5.364094e-02
<MEAN> 6
 9.322665e+01 9.875962e+02 -1.472836e+02 -5.563757e+00 -7.886518e+00 6.861555e+01
<VARIANCE> 6
 3.128982e+01 1.293270e+04 1.353773e+04 2.961554e+02 4.050157e+04 5.219723e+07
<GCONST> 6.752183e+01
<MIXTURE> 10 1.208839e-01
<MEAN> 6
 8.826169e+01 3.264936e+02 -1.305501e+03 -2.858576e+00 6.137455e+00 4.794731e+01
<VARIANCE> 6
 3.128982e+01 1.293270e+04 1.353773e+04 2.961554e+02 4.050157e+04 5.219723e+07
<GCONST> 6.752183e+01
<MIXTURE> 11 9.222958e-02
<MEAN> 6
 7.154499e+01 4.893033e+02 -2.032084e+02 -9.408327e-01 -5.924672e+00 2.528074e+01
<VARIANCE> 6
 3.128982e+01 1.293270e+04 1.353773e+04 2.961554e+02 4.050157e+04 5.219723e+07
<GCONST> 6.752183e+01
<MIXTURE> 12 5.210975e-02
<MEAN> 6
 7.752076e+01 5.140941e+02 -2.195393e+02 -9.192795e-01 -8.993772e+00 -9.192039e+01
<VARIANCE> 6
 4.585482e+01 1.293270e+04 1.353773e+04 2.961554e+02 4.050157e+04 5.219723e+07
<GCONST> 6.790401e+01
<MIXTURE> 13 7.631514e-02
<MEAN> 6
 6.909604e+01 4.592993e+02 -2.215494e+02 -9.639500e-01 -9.879850e-01 8.982298e+01
<VARIANCE> 6
 3.128982e+01 1.293270e+04 1.353773e+04 2.961554e+02 4.050157e+04 5.219723e+07
<GCONST> 6.752183e+01
<MIXTURE> 14 6.089861e-02
<MEAN> 6
 9.683302e+01 9.163830e+02 2.066174e+03 -6.782146e-01 -1.817763e-01 4.101972e+01
<VARIANCE> 6
 3.128982e+01 1.293270e+04 1.641601e+05 2.961554e+02 4.050157e+04 5.219723e+07
<GCONST> 7.001719e+01
<STATE> 7
<NUMMIXES> 14
<MIXTURE> 1 5.433549e-02
<MEAN> 6
 6.919331e+01 2.234323e+03 1.251574e+03 -9.970770e-01 -6.793456e+00 -2.623400e+02
<VARIANCE> 6
 3.128982e+01 1.293270e+04 1.353773e+04 2.961554e+02 4.050157e+04 5.219723e+07
<GCONST> 6.752183e+01
<MIXTURE> 2 1.018567e-01
<MEAN> 6
 5.708987e+01 -8.782918e+03 -1.989385e+03 -6.979797e-01 -7.979911e+00 -9.432407e+01
<VARIANCE> 6
 3.128982e+01 2.068307e+07 3.252581e+04 2.961554e+02 4.050157e+04 5.219723e+07
<GCONST> 7.577569e+01
<MIXTURE> 3 7.807423e-02
<MEAN> 6
 8.272229e+01 1.960204e+03 -2.108745e+02 -2.073858e+00 -1.174406e+01 -2.659635e+02
<VARIANCE> 6
 3.128982e+01 4.529681e+05 3.988291e+04 2.961554e+02 4.050157e+04 5.219723e+07
<GCONST> 7.215836e+01
<MIXTURE> 4 7.736668e-02
<MEAN> 6
 6.752647e+01 1.226768e+03 -4.756260e+02 -4.701029e-01 -3.196682e+00 -1.601634e+02
<VARIANCE> 6
 3.128982e+01 1.293270e+04 1.353773e+04 2.961554e+02 4.050157e+04 5.219723e+07
<GCONST> 6.752183e+01
<MIXTURE> 5 9.647361e-02
<MEAN> 6
 4.750280e+01 3.694295e+02 1.831771e+03 4.454461e-01 -6.944677e+00 -1.247788e+02
<VARIANCE> 6
 3.128982e+01 1.293270e+04 2.031633e+04 2.961554e+02 4.050157e+04 5.219723e+07
<GCONST> 6.792776e+01
<MIXTURE> 6 4.941117e-02
<MEAN> 6
 6.804470e+01 1.389241e+03 -3.200634e+02 5.614230e-02 -4.070210e+00 -2.471374e+02
<VARIANCE> 6
 3.128982e+01 5.325952e+04 1.353773e+04 2.961554e+02 4.050157e+04 5.219723e+07
<GCONST> 6.893724e+01
<MIXTURE> 7 6.951910e-02
<MEAN> 6
 7.100434e+01 1.137008e+03 -1.652791e+03 1.412697e+00 -1.385645e+00 -1.944788e+02
<VARIANCE> 6
 3.128982e+01 2.309933e+04 3.780934e+04 2.961554e+02 4.050157e+04 5.219723e+07
<GCONST> 6.912894e+01
<MIXTURE> 8 5.631125e-02
<MEAN> 6
 6.120267e+01 9.222172e+02 -1.025116e+03 -7.901652e-01 -7.571093e+00 -6.991828e+01
<VARIANCE> 6
 3.128982e+01 1.011822e+05 1.353773e+04 2.961554e+02 4.050157e+04 5.219723e+07
<GCONST> 6.957899e+01
<MIXTURE> 9 5.479293e-02
<MEAN> 6
 7.327622e+01 1.368416e+03 1.255140e+03 9.660404e-01 4.180648e+00 -2.308108e+02
<VARIANCE> 6
 3.128982e+01 1.324437e+04 1.851124e+04 2.961554e+02 4.050157e+04 5.219723e+07
<GCONST> 6.785854e+01
<MIXTURE> 10 9.248139e-02
<MEAN> 6
 7.092700e+01 9.310380e+02 -2.594059e+02 -7.803446e-01 -2.186664e+00 -9.323109e+01
<VARIANCE> 6
 3.128982e+01 1.293270e+04 1.353773e+04 2.961554e+02 4.050157e+04 5.219723e+07
<GCONST> 6.752183e+01
<MIXTURE> 11 9.848460e-02
<MEAN> 6
 6.666991e+01 1.355372e+03 -6.826356e+02 -1.135974e+00 -1.667855e-01 -4.022726e+01
<VARIANCE> 6
 3.128982e+01 1.293270e+04 1.353773e+04 2.961554e+02 4.050157e+04 5.219723e+07
<GCONST> 6.752183e+01
<MIXTURE> 12 4.781780e-02
<MEAN> 6
 7.386502e+01 1.993482e+03 -7.220330e+02 -7.301851e-02 -2.077835e+00 -1.075303e+02
<VARIANCE> 6
 3.128982e+01 7.190302e+04 1.712362e+04 2.961554e+02 4.050157e+04 5.219723e+07
<GCONST> 6.947237e+01
<MIXTURE> 13 6.808314e-02
<MEAN> 6
 6.188202e+01 1.350796e+03 1.150640e+03 8.546017e-01 -1.107445e+01 4.386246e+01
<VARIANCE> 6
 6.439951e+01 1.740058e+04 1.353773e+04 2.961554e+02 4.050157e+04 5.219723e+07
<GCONST> 6.854038e+01
<MIXTURE> 14 5.498460e-02
<MEAN> 6
 6.012946e+01 9.340490e+02 -1.035769e+03 -8.667385e-01 -8.199429e+00 -8.934743e+01
<VARIANCE> 6
 3.128982e+01 6.784537e+04 1.353773e+04 2.961554e+02 4.050157e+04 5.219723e+07
<GCONST> 6.917930e+01
<STATE> 8
<NUMMIXES> 14
<MIXTURE> 1 6.425761e-02
<MEAN> 6
 8.235113e+01 -7.036337e+01 1.243702e+02 -5.185137e+00 1.274548e+01 9.635809e+01
<VARIANCE> 6
 3.128982e+01 2.465122e+05 1.438413e+04 2.961554e+02 4.050157e+04 5.219723e+07
<GCONST> 7.053012e+01
<MIXTURE> 2 5.627837e-03
<MEAN> 6
 7.823569e+01 -6.837017e+00 8.330388e+02 -9.226180e+00 -9.120072e+01 -5.227226e+02
<VARIANCE> 6
 2.565106e+02 3.349495e+05 8.055011e+05 2.961554e+02 6.229135e+04 5.236277e+07
<GCONST> 7.739955e+01
<MIXTURE> 3 6.239483e-02
<MEAN> 6
 8.527847e+01 8.210526e+01 -1.867966e+02 2.445227e-01 -5.709531e+00 -5.045490e+01
<VARIANCE> 6
 3.128982e+01 1.293270e+04 1.353773e+04 2.961554e+02 4.050157e+04 5.219723e+07
<GCONST> 6.752183e+01
<MIXTURE> 4 1.108874e-01
<MEAN> 6
 8.488418e+01 -3.210558e+01 5.080844e+01 -3.294274e+00 1.745446e+00 6.370026e+01
<VARIANCE> 6
 3.128982e+01 1.327878e+04 1.353773e+04 2.961554e+02 4.050157e+04 5.219723e+07
<GCONST> 6.754823e+01
<MIXTURE> 5 8.304732e-02
<MEAN> 6
 8.527528e+01 8.213070e+01 -1.871559e+02 2.500227e-01 -5.712432e+00 -5.032154e+01
<VARIANCE> 6
 3.128982e+01 1.293270e+04 1.353773e+04 2.961554e+02 4.050157e+04 5.219723e+07
<GCONST> 6.752183e+01
<MIXTURE> 6 1.079891e-01
<MEAN> 6
 8.597652e+01 -1.255038e+02 4.870876e+01 -3.464317e+00 1.780201e+00 -3.626900e+00
<VARIANCE> 6
 3.128982e+01 1.470368e+04 1.353773e+04 2.961554e+02 4.050157e+04 5.219723e+07
<GCONST> 6.765016e+01
<MIXTURE> 7 7.995522e-02
<MEAN> 6
 8.240102e+01 4.300517e+01 6.842506e+01 -3.194717e+00 3.082738e+00 9.156845e+01
<VARIANCE> 6
 3.128982e+01 1.293270e+04 1.353773e+04 2.961554e+02 4.050157e+04 5.219723e+07
<GCONST> 6.752183e+01
<MIXTURE> 8 5.885342e-02
<MEAN> 6
 8.639198e+01 -1.718573e+02 5.027447e+01 -3.628321e+00 1.881053e+00 -4.675648e+01
<VARIANCE> 6
 3.128982e+01 1.293270e+04 1.353773e+04 2.961554e+02 4.050157e+04 5.219723e+07
<GCONST> 6.752183e+01
<MIXTURE> 9 1.014755e-01
<MEAN> 6
 8.593095e+01 -1.204975e+02 4.875646e+01 -3.457719e+00 1.780542e+00 3.698616e-01
<VARIANCE> 6
 3.128982e+01 1.502590e+04 1.353773e+04 2.961554e+02 4.050157e+04 5.219723e+07
<GCONST> 6.767184e+01
<MIXTURE> 10 4.156256e-02
<MEAN> 6
 7.319239e+01 -1.198951e+02 9.044291e+01 -4.609006e+00 1.476819e+01 -1.672289e+01
<VARIANCE> 6
 3.128982e+01 1.293270e+04 1.353773e+04 2.961554e+02 4.050157e+04 5.219723e+07
<GCONST> 6.752183e+01
<MIXTURE> 11 8.330847e-02
<MEAN> 6
 8.527380e+01 8.214355e+01 -1.873231e+02 2.526000e-01 -5.714002e+00 -5.025992e+01
<VARIANCE> 6
 3.128982e+01 1.293270e+04 1.353773e+04 2.961554e+02 4.050157e+04 5.219723e+07
<GCONST> 6.752183e+01
<MIXTURE> 12 6.239522e-02
<MEAN> 6
 8.527148e+01 8.216641e+01 -1.875910e+02 2.567593e-01 -5.716969e+00 -5.016235e+01
<VARIANCE> 6
 3.128982e+01 1.293270e+04 1.353773e+04 2.961554e+02 4.050157e+04 5.219723e+07
<GCONST> 6.752183e+01
<MIXTURE> 13 7.929116e-02
<MEAN> 6
 8.219937e+01 3.822172e+01 6.940697e+01 -3.211297e+00 3.566762e+00 8.982915e+01
<VARIANCE> 6
 3.128982e+01 1.293270e+04 1.353773e+04 2.961554e+02 4.050157e+04 5.219723e+07
<GCONST> 6.752183e+01
<MIXTURE> 14 5.894991e-02
<MEAN> 6
 8.609628e+01 -1.998528e+02 5.255265e+01 -3.888934e+00 1.310960e+00 -5.776436e+01
<VARIANCE> 6
 3.128982e+01 1.293270e+04 1.353773e+04 2.961554e+02 4.050157e+04 5.219723e+07
<GCONST> 6.752183e+01
<STATE> 9
<NUMMIXES> 14
<MIXTURE> 1 4.704538e-02
<MEAN> 6
 7.188775e+01 2.746077e+01 7.026785e+02 -3.731005e+00 -1.285076e+00 8.318528e+01
<VARIANCE> 6
 3.128982e+01 1.293270e+04 1.353773e+04 2.961554e+02 4.050157e+04 5.219723e+07
<GCONST> 6.752183e+01
<MIXTURE> 2 9.442677e-04
<MEAN> 6
 6.978092e+01 -2.708907e+01 1.487599e+02 -1.087135e+01 -2.924912e+02 -5.993469e+03
<VARIANCE> 6
 1.042000e+03 1.092027e+06 1.910039e+06 6.722569e+02 1.506520e+05 2.148779e+08
<GCONST> 8.396129e+01
<MIXTURE> 3 8.449892e-02
<MEAN> 6
 6.309257e+01 2.262413e+01 -2.899371e+02 -8.686719e-01 -1.064038e+00 -5.355933e+01
<VARIANCE> 6
 3.128982e+01 1.293270e+04 1.353773e+04 2.961554e+02 4.050157e+04 5.219723e+07
<GCONST> 6.752183e+01
<MIXTURE> 4 6.155269e-02
<MEAN> 6
 6.831223e+01 3.189010e+02 2.439028e+02 -2.607231e+00 3.255716e+00 -5.020617e+01
<VARIANCE> 6
 3.128982e+01 1.293270e+04 1.353773e+04 2.961554e+02 4.050157e+04 5.219723e+07
<GCONST> 6.752183e+01
<MIXTURE> 5 1.134677e-01
<MEAN> 6
 6.368726e+01 -6.477499e+00 -4.491523e+02 -9.227006e-01 -5.392848e+00 -6.789593e+01
<VARIANCE> 6
 3.128982e+01 1.293270e+04 1.353773e+04 2.961554e+02 4.050157e+04 5.219723e+07
<GCONST> 6.752183e+01
<MIXTURE> 6 9.038680e-02
<MEAN> 6
 6.423362e+01 4.142252e+02 -1.540268e+02 1.891598e-01 -7.797194e+00 -1.622929e+02
<VARIANCE> 6
 3.128982e+01 1.293270e+04 2.621260e+05 2.961554e+02 4.050157e+04 5.219723e+07
<GCONST> 7.048517e+01
<MIXTURE> 7 5.162343e-02
<MEAN> 6
 6.383625e+01 2.009341e+01 -4.103779e+02 -7.648945e-01 -4.305089e+00 -7.904267e+01
<VARIANCE> 6
 3.128982e+01 1.293270e+04 1.353773e+04 2.961554e+02 4.050157e+04 5.219723e+07
<GCONST> 6.752183e+01
<MIXTURE> 8 6.429543e-02
<MEAN> 6
 6.350272e+01 3.119102e+01 -3.363219e+02 -8.189230e-01 -2.279916e+00 -6.414048e+01
<VARIANCE> 6
 3.128982e+01 1.293270e+04 1.353773e+04 2.961554e+02 4.050157e+04 5.219723e+07
<GCONST> 6.752183e+01
<MIXTURE> 9 8.849036e-02
<MEAN> 6
 6.573282e+01 1.615502e+02 1.376717e+02 -2.088291e+00 1.954623e+00 -5.110044e+01
<VARIANCE> 6
 3.128982e+01 1.293270e+04 1.353773e+04 2.961554e+02 4.050157e+04 5.219723e+07
<GCONST> 6.752183e+01
<MIXTURE> 10 6.704422e-02
<MEAN> 6
 6.030632e+01 -2.564540e+01 -6.449091e+02 -1.746877e+00 -2.817268e+00 -6.226618e+01
<VARIANCE> 6
 3.128982e+01 1.293270e+04 1.353773e+04 2.961554e+02 4.050157e+04 5.219723e+07
<GCONST> 6.752183e+01
<MIXTURE> 11 9.307884e-02
<MEAN> 6
 7.392470e+01 -9.561531e+00 4.486197e+02 -2.444663e+00 4.192454e-01 -1.374365e+01
<VARIANCE> 6
 3.128982e+01 1.293270e+04 1.353773e+04 2.961554e+02 4.050157e+04 5.219723e+07
<GCONST> 6.752183e+01
<MIXTURE> 12 8.407283e-02
<MEAN> 6
 6.315775e+01 2.187998e+01 -3.014439e+02 -8.166398e-01 -1.310869e+00 -5.876392e+01
<VARIANCE> 6
 3.128982e+01 1.293270e+04 1.353773e+04 2.961554e+02 4.050157e+04 5.219723e+07
<GCONST> 6.752183e+01
<MIXTURE> 13 8.863587e-02
<MEAN> 6
 6.562041e+01 1.567518e+02 1.353313e+02 -2.039279e+00 1.956109e+00 -5.270953e+01
<VARIANCE> 6
 3.128982e+01 1.293270e+04 1.353773e+04 2.961554e+02 4.050157e+04 5.219723e+07
<GCONST> 6.752183e+01
<MIXTURE> 14 6.487595e-02
<MEAN> 6
 6.349250e+01 6.484279e+00 -3.785239e+02 -6.942891e-01 -3.217755e+00 -7.839618e+01
<VARIANCE> 6
 3.128982e+01 1.293270e+04 1.412849e+04 2.961554e+02 4.050157e+04 5.219723e+07
<GCONST> 6.756454e+01
<STATE> 10
<NUMMIXES> 14
<MIXTURE> 1 5.227081e-02
<MEAN> 6
 7.896281e+01 -2.314366e+02 4.317703e+02 -7.169528e-01 -1.942306e+01 2.356681e+02
<VARIANCE> 6
 3.128982e+01 1.293270e+04 1.353773e+04 2.961554e+02 4.050157e+04 5.219723e+07
<GCONST> 6.752183e+01
<MIXTURE> 2 5.508443e-02
<MEAN> 6
 7.740764e+01 -5.103317e+02 -7.799717e+00 -3.964508e+00 -3.623195e+00 -9.054816e+01
<VARIANCE> 6
 3.128982e+01 1.293270e+04 1.353773e+04 2.961554e+02 4.050157e+04 5.219723e+07
<GCONST> 6.752183e+01
<MIXTURE> 3 1.008071e-01
<MEAN> 6
 7.353093e+01 -8.097345e+02 -4.560174e+00 3.848825e-01 8.485832e-01 -1.156173e+02
<VARIANCE> 6
 3.128982e+01 1.293270e+04 1.353773e+04 2.961554e+02 4.050157e+04 5.219723e+07
<GCONST> 6.752183e+01
<MIXTURE> 4 1.519981e-02
<MEAN> 6
 8.053364e+01 7.568068e+02 2.552105e+03 -9.451665e+01 -1.697937e+03 -1.898519e+04
<VARIANCE> 6
 1.931771e+02 4.503991e+05 1.303452e+06 4.238707e+03 6.041998e+05 5.892288e+08
<GCONST> 8.524728e+01
<MIXTURE> 5 1.003666e-01
<MEAN> 6
 7.243665e+01 -5.828046e+02 1.608954e+02 -1.603769e+00 -5.007771e+00 -9.164886e+01
<VARIANCE> 6
 3.128982e+01 1.293270e+04 1.353773e+04 2.961554e+02 4.050157e+04 5.219723e+07
<GCONST> 6.752183e+01
<MIXTURE> 6 6.101885e-02
<MEAN> 6
 7.354195e+01 -1.329209e+03 -1.197412e+02 1.476780e-01 -4.590448e+00 -1.516250e+02
<VARIANCE> 6
 3.128982e+01 1.293270e+04 2.057036e+04 2.961554e+02 4.050157e+04 5.219723e+07
<GCONST> 6.794019e+01
<MIXTURE> 7 7.947185e-02
<MEAN> 6
 7.955003e+01 -3.856128e+02 1.995515e+02 -2.590686e+00 -1.366453e+00 -5.988014e+01
<VARIANCE> 6
 3.128982e+01 1.293270e+04 1.353773e+04 2.961554e+02 4.050157e+04 5.219723e+07
<GCONST> 6.752183e+01
<MIXTURE> 8 5.250009e-02
<MEAN> 6
 7.245435e+01 -1.200952e+03 1.479122e+02 -8.239839e-01 -1.496837e+01 -2.840476e+02
<VARIANCE> 6
 3.128982e+01 1.569344e+04 1.353773e+04 2.961554e+02 4.050157e+04 5.219723e+07
<GCONST> 6.771531e+01
<MIXTURE> 9 9.927273e-02
<MEAN> 6
 7.243658e+01 -5.828065e+02 1.608962e+02 -1.603732e+00 -5.007895e+00 -9.164885e+01
<VARIANCE> 6
 3.128982e+01 1.293270e+04 1.353773e+04 2.961554e+02 4.050157e+04 5.219723e+07
<GCONST> 6.752183e+01
<MIXTURE> 10 9.120350e-02
<MEAN> 6
 7.070260e+01 -1.039450e+03 -3.797122e+02 5.119466e-01 -9.784410e+00 -5.880084e+01
<VARIANCE> 6
 3.128982e+01 1.485224e+04 1.353773e+04 2.961554e+02 4.050157e+04 5.219723e+07
<GCONST> 6.766022e+01
<MIXTURE> 11 1.010605e-01
<MEAN> 6
 7.369617e+01 -8.006188e+02 -1.623072e+01 2.843564e-01 3.474380e-01 -1.083851e+02
<VARIANCE> 6
 3.128982e+01 1.293270e+04 1.353773e+04 2.961554e+02 4.050157e+04 5.219723e+07
<GCONST> 6.752183e+01
<MIXTURE> 12 8.180989e-02
<MEAN> 6
 7.938716e+01 -3.938844e+02 1.844753e+02 -2.859414e+00 -9.744639e-01 -6.664355e+01
<VARIANCE> 6
 3.128982e+01 1.293270e+04 1.353773e+04 2.961554e+02 4.050157e+04 5.219723e+07
<GCONST> 6.752183e+01
<MIXTURE> 13 5.728452e-02
<MEAN> 6
 7.390672e+01 -1.336317e+03 -1.934307e+02 5.408087e-01 -4.586814e+00 -9.552087e+01
<VARIANCE> 6
 3.128982e+01 1.293270e+04 1.682351e+04 2.961554e+02 4.050157e+04 5.219723e+07
<GCONST> 6.773912e+01
<MIXTURE> 14 5.263421e-02
<MEAN> 6
 7.909583e+01 -2.681849e+02 4.069709e+02 -6.840838e-01 -1.381048e+01 1.884027e+02
<VARIANCE> 6
 3.128982e+01 1.293270e+04 1.353773e+04 2.961554e+02 4.050157e+04 5.219723e+07
<GCONST> 6.752183e+01
<STATE> 11
<NUMMIXES> 14
<MIXTURE> 1 6.925974e-02
<MEAN> 6
 7.420811e+01 -4.424592e+02 1.122508e+03 2.017806e-01 -2.083104e+00 -5.041963e+01
<VARIANCE> 6
 3.128982e+01 1.293270e+04 1.353773e+04 2.961554e+02 4.050157e+04 5.219723e+07
<GCONST> 6.752183e+01
<MIXTURE> 2 6.429847e-02
<MEAN> 6
 6.126619e+01 3.143960e+02 -2.442466e+02 -1.104200e+02 -7.746912e+02 -1.907529e+03
<VARIANCE> 6
 1.300895e+02 2.527608e+05 1.331428e+06 2.419165e+03 7.924636e+04 5.219723e+07
<GCONST> 7.927948e+01
<MIXTURE> 3 4.662038e-02
<MEAN> 6
 8.128783e+01 -6.680012e+02 1.360441e+03 -4.703021e-01 -1.573828e+01 -3.330901e+02
<VARIANCE> 6
 3.128982e+01 1.293270e+04 1.353773e+04 2.961554e+02 4.050157e+04 5.219723e+07
<GCONST> 6.752183e+01
<MIXTURE> 4 6.454355e-02
<MEAN> 6
 7.398920e+01 -4.254880e+02 8.871766e+02 -8.959104e-01 -1.039959e+01 -8.935055e+01
<VARIANCE> 6
 3.128982e+01 1.293270e+04 1.353773e+04 2.961554e+02 4.050157e+04 5.219723e+07
<GCONST> 6.752183e+01
<MIXTURE> 5 8.991174e-02
<MEAN> 6
 8.185100e+01 -7.337016e+02 1.575078e+03 -1.338151e-01 2.241678e-01 1.619100e+00
<VARIANCE> 6
 3.128982e+01 1.293270e+04 1.353773e+04 2.961554e+02 4.050157e+04 5.219723e+07
<GCONST> 6.752183e+01
<MIXTURE> 6 6.210762e-02
<MEAN> 6
 4.394853e+01 6.385831e+02 7.850840e+02 -2.564468e+02 -1.138082e+03 8.259312e+03
<VARIANCE> 6
 3.645628e+02 1.810547e+06 3.525501e+06 5.141243e+03 1.497082e+06 2.957136e+08
<GCONST> 8.867961e+01
<MIXTURE> 7 6.342701e-02
<MEAN> 6
 7.398945e+01 -4.254400e+02 8.876240e+02 -8.874214e-01 -1.029952e+01 -8.858373e+01
<VARIANCE> 6
 3.128982e+01 1.293270e+04 1.353773e+04 2.961554e+02 4.050157e+04 5.219723e+07
<GCONST> 6.752183e+01
<MIXTURE> 8 6.827147e-02
<MEAN> 6
 -3.341265e+01 4.477095e+02 -1.438076e+02 -3.732246e+02 2.003272e+03 3.900317e+04
<VARIANCE> 6
 2.916923e+02 2.516186e+06 8.782371e+05 7.726576e+03 1.986440e+06 1.038862e+09
<GCONST> 8.934255e+01
<MIXTURE> 9 7.287566e-02
<MEAN> 6
 6.909630e+01 2.040716e+02 -1.865319e+02 -1.053501e+02 -1.502245e+03 -1.288830e+04
<VARIANCE> 6
 1.143065e+02 1.483575e+06 7.375424e+04 3.514299e+03 5.599651e+05 2.217796e+08
<GCONST> 8.180203e+01
<MIXTURE> 10 9.132377e-02
<MEAN> 6
 1.063216e+01 -1.467243e+02 -2.325740e+02 -4.158381e+02 -7.591468e+02 1.466301e+04
<VARIANCE> 6
 4.171939e+02 1.074496e+06 9.712201e+05 4.423494e+03 5.272311e+05 3.334229e+08
<GCONST> 8.592948e+01
<MIXTURE> 11 6.388761e-02
<MEAN> 6
 7.398907e+01 -4.255121e+02 8.869535e+02 -9.001890e-01 -1.044999e+01 -8.973631e+01
<VARIANCE> 6
 3.128982e+01 1.293270e+04 1.353773e+04 2.961554e+02 4.050157e+04 5.219723e+07
<GCONST> 6.752183e+01
<MIXTURE> 12 6.307574e-02
<MEAN> 6
 7.398883e+01 -4.255569e+02 8.865424e+02 -9.081576e-01 -1.054378e+01 -9.045197e+01
<VARIANCE> 6
 3.128982e+01 1.293270e+04 1.353773e+04 2.961554e+02 4.050157e+04 5.219723e+07
<GCONST> 6.752183e+01
<MIXTURE> 13 1.057329e-01
<MEAN> 6
 -4.679680e+01 -4.984680e+02 -1.709832e+03 -1.364729e+02 1.424509e+03 -5.676561e+02
<VARIANCE> 6
 5.663219e+02 8.733638e+05 2.062826e+07 3.661954e+04 2.321634e+06 5.955535e+08
<GCONST> 9.325983e+01
<MIXTURE> 14 7.465670e-02
<MEAN> 6
 3.379092e+01 -9.956554e+01 -3.521475e+02 -2.625501e+02 -1.101664e+03 2.663278e+03
<VARIANCE> 6
 3.244890e+02 2.470677e+06 1.443811e+06 4.359180e+03 5.986762e+05 1.668504e+08
<GCONST> 8.632744e+01
<STATE> 12
<NUMMIXES> 14
<MIXTURE> 1 8.515080e-02
<MEAN> 6
 8.689171e+01 3.037664e+02 2.023590e+02 -2.737831e+00 -2.087042e+01 -1.905100e+01
<VARIANCE> 6
 1.635938e+02 3.334573e+05 4.503768e+06 2.961554e+02 4.050157e+04 5.219723e+07
<GCONST> 7.823286e+01
<MIXTURE> 2 1.568152e-02
<MEAN> 6
 -7.323774e+00 1.605570e+02 1.127608e+02 -2.140474e+01 6.360369e+01 3.324733e+03
<VARIANCE> 6
 1.149369e+04 2.021383e+05 4.117157e+05 1.871617e+06 1.021949e+09 1.502675e+12
<GCONST> 1.087472e+02
<MIXTURE> 3 5.893636e-02
<MEAN> 6
 1.370411e+01 -3.386636e+01 -1.219760e+03 -1.191103e+02 -3.029493e+02 5.947022e+03
<VARIANCE> 6
 4.182598e+03 4.442672e+05 8.551853e+06 5.698533e+04 2.297624e+06 1.460637e+09
<GCONST> 9.503186e+01
<MIXTURE> 4 5.734355e-02
<MEAN> 6
 -3.948511e+01 -1.159775e+02 2.512289e+02 1.701038e+02 8.825502e+02 -1.407342e+03
<VARIANCE> 6
 3.216727e+02 5.416437e+05 5.672840e+05 1.129750e+04 2.033699e+05 5.219723e+07
<GCONST> 8.257744e+01
<MIXTURE> 5 6.995416e-02
<MEAN> 6
 3.856627e+01 3.386442e+02 3.193247e+02 1.239815e+02 -2.618427e+02 -1.947627e+03
<VARIANCE> 6
 8.984308e+02 1.954294e+06 2.628007e+06 2.757947e+04 1.252104e+05 5.219723e+07
<GCONST> 8.682830e+01
<MIXTURE> 6 1.117869e-01
<MEAN> 6
 8.601183e+01 8.110525e+01 -2.149862e+01 -5.431080e+00 -1.572668e+01 -3.693354e+02
<VARIANCE> 6
 1.375897e+02 3.298313e+05 8.003662e+04 2.961554e+02 4.050157e+04 5.219723e+07
<GCONST> 7.401863e+01
<MIXTURE> 7 5.758680e-02
<MEAN> 6
 9.300077e+01 1.165903e+02 4.616653e+01 3.409224e+01 -7.958784e+02 -1.718389e+03
<VARIANCE> 6
 1.494750e+02 1.136506e+06 5.861346e+05 1.432952e+04 1.503094e+06 1.008222e+09
<GCONST> 8.778373e+01
<MIXTURE> 8 9.013302e-02
<MEAN> 6
 -6.389742e+01 1.560854e+02 -4.159131e+01 8.423540e+00 1.501965e+02 2.362369e+02
<VARIANCE> 6
 2.370455e+02 5.952858e+05 1.172527e+06 5.393705e+02 7.092255e+04 5.219723e+07
<GCONST> 7.899727e+01
<MIXTURE> 9 1.042552e-01
<MEAN> 6
 6.914252e+00 -1.617462e+02 1.229881e+02 -1.990570e+01 4.870016e+01 -1.616737e+03
<VARIANCE> 6
 5.321609e+02 5.847326e+05 3.085724e+05 7.160580e+04 2.334692e+05 1.501243e+08
<GCONST> 8.558955e+01
<MIXTURE> 10 6.247708e-02
<MEAN> 6
 -5.114845e+01 2.877404e+01 -8.423748e+00 -9.948191e+01 1.458771e+03 -2.417641e+02
<VARIANCE> 6
 2.509342e+02 2.075205e+06 6.028601e+05 2.615412e+04 8.483102e+05 6.264767e+08
<GCONST> 8.848585e+01
<MIXTURE> 11 6.016380e-02
<MEAN> 6
 8.691613e+01 -1.926838e+01 5.554772e+02 -3.152716e+00 -2.647472e+01 -1.709698e+01
<VARIANCE> 6
 2.657170e+02 1.759040e+06 2.306840e+06 2.961554e+02 4.050157e+04 5.219723e+07
<GCONST> 7.971188e+01
<MIXTURE> 12 9.336649e-02
<MEAN> 6
 6.146940e+01 -1.826051e+02 -8.472173e+01 4.806703e+00 -6.680952e+02 1.156728e+03
<VARIANCE> 6
 4.463995e+02 9.214211e+05 1.253476e+06 4.132737e+04 2.116708e+05 5.469004e+07
<GCONST> 8.561284e+01
<MIXTURE> 13 7.403598e-02
<MEAN> 6
 7.737701e+01 8.072100e+01 5.150927e+01 -4.313076e+01 -6.518679e+02 -5.470721e+02
<VARIANCE> 6
 2.251855e+02 2.988990e+05 1.280927e+05 2.040237e+04 2.419325e+05 7.772692e+07
<GCONST> 8.130109e+01
<MIXTURE> 14 5.831752e-02
<MEAN> 6
 -5.124168e+01 -1.286175e+02 -1.274834e+02 4.805804e+01 7.117894e+02 -4.345954e+02
<VARIANCE> 6
 2.887659e+02 3.466639e+05 1.061018e+06 1.489396e+04 1.226406e+05 5.381645e+07
<GCONST> 8.245055e+01
<TRANSP> 13
 0.000000e+00 1.000000e+00 0.000000e+00 0.000000e+00 0.000000e+00 0.000000e+00 0.000000e+00 0.000000e+00 0.000000e+00 0.000000e+00 0.000000e+00 0.000000e+00 0.000000e+00
 0.000000e+00 9.998993e-01 1.007036e-04 0.000000e+00 0.000000e+00 0.000000e+00 0.000000e+00 0.000000e+00 0.000000e+00 0.000000e+00 0.000000e+00 0.000000e+00 0.000000e+00
 0.000000e+00 0.000000e+00 9.972264e-01 2.773564e-03 0.000000e+00 0.000000e+00 0.000000e+00 0.000000e+00 0.000000e+00 0.000000e+00 0.000000e+00 0.000000e+00 0.000000e+00
 0.000000e+00 0.000000e+00 0.000000e+00 9.980963e-01 1.903687e-03 0.000000e+00 0.000000e+00 0.000000e+00 0.000000e+00 0.000000e+00 0.000000e+00 0.000000e+00 0.000000e+00
 0.000000e+00 0.000000e+00 0.000000e+00 0.000000e+00 9.946573e-01 5.342659e-03 0.000000e+00 0.000000e+00 0.000000e+00 0.000000e+00 0.000000e+00 0.000000e+00 0.000000e+00
 0.000000e+00 0.000000e+00 0.000000e+00 0.000000e+00 0.000000e+00 9.974893e-01 2.510729e-03 0.000000e+00 0.000000e+00 0.000000e+00 0.000000e+00 0.000000e+00 0.000000e+00
 0.000000e+00 0.000000e+00 0.000000e+00 0.000000e+00 0.000000e+00 0.000000e+00 9.982949e-01 1.705087e-03 0.000000e+00 0.000000e+00 0.000000e+00 0.000000e+00 0.000000e+00
 0.000000e+00 0.000000e+00 0.000000e+00 0.000000e+00 0.000000e+00 0.000000e+00 0.000000e+00 9.980108e-01 1.989269e-03 0.000000e+00 0.000000e+00 0.000000e+00 0.000000e+00
 0.000000e+00 0.000000e+00 0.000000e+00 0.000000e+00 0.000000e+00 0.000000e+00 0.000000e+00 0.000000e+00 9.985702e-01 1.429781e-03 0.000000e+00 0.000000e+00 0.000000e+00
 0.000000e+00 0.000000e+00 0.000000e+00 0.000000e+00 0.000000e+00 0.000000e+00 0.000000e+00 0.000000e+00 0.000000e+00 9.980141e-01 1.985930e-03 0.000000e+00 0.000000e+00
 0.000000e+00 0.000000e+00 0.000000e+00 0.000000e+00 0.000000e+00 0.000000e+00 0.000000e+00 0.000000e+00 0.000000e+00 0.000000e+00 9.976699e-01 2.330045e-03 0.000000e+00
 0.000000e+00 0.000000e+00 0.000000e+00 0.000000e+00 0.000000e+00 0.000000e+00 0.000000e+00 0.000000e+00 0.000000e+00 0.000000e+00 0.000000e+00 9.999270e-01 7.294941e-05
 0.000000e+00 0.000000e+00 0.000000e+00 0.000000e+00 0.000000e+00 0.000000e+00 0.000000e+00 0.000000e+00 0.000000e+00 0.000000e+00 0.000000e+00 0.000000e+00 0.000000e+00
<ENDHMM>
