~o
<STREAMINFO> 1 6
<VECSIZE> 6<NULLD><USER><DIAGC>
~h "SegundoPRIMARIA"
<BEGINHMM>
<NUMSTATES> 14
<STATE> 2
<NUMMIXES> 15
<MIXTURE> 1 7.566743e-02
<MEAN> 6
 -1.682487e+01 9.156773e+01 1.718132e+01 1.046432e+02 5.174532e+02 -4.312577e+03
<VARIANCE> 6
 2.626664e+02 7.012648e+04 4.030663e+04 3.751847e+04 1.499139e+05 6.779154e+07
<GCONST> 7.884283e+01
<MIXTURE> 2 3.902822e-02
<MEAN> 6
 6.974689e+01 -9.748631e+01 1.330000e+02 3.293460e+01 -9.059711e+02 4.550109e+02
<VARIANCE> 6
 3.158127e+03 5.255519e+05 8.969346e+05 7.104614e+04 5.753534e+06 3.615651e+09
<GCONST> 9.470889e+01
<MIXTURE> 3 7.751705e-02
<MEAN> 6
 8.013043e+01 6.662265e+01 7.380313e+01 -6.221223e-01 -1.280917e+01 -9.294154e+01
<VARIANCE> 6
 2.133315e+02 9.223023e+04 6.558838e+04 2.593203e+02 1.595152e+04 1.545820e+07
<GCONST> 7.070233e+01
<MIXTURE> 4 5.777983e-02
<MEAN> 6
 4.023117e+01 1.446072e+02 5.976899e+01 2.340409e+02 -1.481167e+02 -9.169900e+02
<VARIANCE> 6
 6.613417e+02 8.826955e+04 1.117325e+05 6.351480e+03 1.739341e+05 6.136563e+07
<GCONST> 7.928878e+01
<MIXTURE> 5 5.331598e-02
<MEAN> 6
 -1.758163e+01 5.910510e+01 -6.854689e+00 -3.224015e+02 1.205545e+03 1.676867e+04
<VARIANCE> 6
 5.765217e+02 7.442613e+04 7.306740e+04 1.236481e+04 1.895496e+06 8.831302e+08
<GCONST> 8.427756e+01
<MIXTURE> 6 7.052885e-02
<MEAN> 6
 9.706367e+01 -1.174123e+02 8.387116e+01 -2.085004e+01 -4.815376e+02 2.329177e+02
<VARIANCE> 6
 2.520068e+02 1.763678e+05 1.800075e+05 6.545577e+03 4.940177e+05 2.125849e+08
<GCONST> 8.180952e+01
<MIXTURE> 7 7.835520e-02
<MEAN> 6
 -5.319643e+01 1.158059e+02 1.066973e+01 9.949009e+00 2.877868e+02 6.221998e+02
<VARIANCE> 6
 1.637097e+02 7.877488e+04 6.433192e+04 1.534598e+03 9.565027e+04 3.067653e+07
<GCONST> 7.451500e+01
<MIXTURE> 8 6.032285e-02
<MEAN> 6
 6.355018e+01 -1.800035e+02 -3.223965e+02 1.001301e+00 -2.904557e+00 -7.408235e+01
<VARIANCE> 6
 4.054727e+01 2.412037e+05 7.616600e+04 2.593203e+02 1.595152e+04 1.545820e+07
<GCONST> 7.015282e+01
<MIXTURE> 9 6.471285e-02
<MEAN> 6
 8.284040e+01 4.689375e+01 3.899942e+01 3.324700e+01 -1.241999e+03 -4.319213e+03
<VARIANCE> 6
 5.836935e+02 6.649935e+04 4.932285e+04 4.553530e+04 1.252682e+06 6.042066e+08
<GCONST> 8.429420e+01
<MIXTURE> 10 8.089522e-02
<MEAN> 6
 3.598233e+01 2.593844e+01 1.797204e+02 -2.725538e+02 -5.152803e+02 4.856256e+03
<VARIANCE> 6
 6.048848e+02 5.584156e+04 2.629853e+05 9.801521e+03 5.482158e+05 1.365417e+08
<GCONST> 8.197929e+01
<MIXTURE> 11 8.096987e-02
<MEAN> 6
 -4.295930e+01 5.353631e+01 -6.838357e+00 5.789854e+01 1.193833e+03 -1.078590e+03
<VARIANCE> 6
 1.815736e+02 1.416443e+05 4.078096e+04 2.807259e+04 2.847469e+05 1.391058e+08
<GCONST> 8.025862e+01
<MIXTURE> 12 8.329769e-02
<MEAN> 6
 8.414589e+01 -2.554067e+01 3.763372e+01 -5.824490e+01 -6.992658e+02 -1.202010e+03
<VARIANCE> 6
 2.544233e+02 9.435826e+04 4.512769e+04 1.691942e+04 1.471935e+05 4.767616e+07
<GCONST> 7.805402e+01
<MIXTURE> 13 6.580434e-02
<MEAN> 6
 8.591631e+01 -2.584628e+02 -1.434614e+02 -2.665579e+00 -8.923122e+00 -1.791508e+02
<VARIANCE> 6
 1.471182e+02 1.213755e+05 2.297517e+05 2.593203e+02 1.595152e+04 1.545820e+07
<GCONST> 7.185892e+01
<MIXTURE> 14 5.326632e-02
<MEAN> 6
 -6.159646e+01 8.100573e+01 -1.163315e+02 1.042484e+00 1.110711e+03 -5.020848e+03
<VARIANCE> 6
 2.957351e+02 6.067752e+04 3.690907e+05 1.490057e+04 6.444466e+05 3.616700e+08
<GCONST> 8.324039e+01
<MIXTURE> 15 5.797058e-02
<MEAN> 6
 3.621024e+01 4.894336e+01 -2.857524e+01 2.620105e+02 -2.144959e+02 -4.213160e+03
<VARIANCE> 6
 6.503656e+02 8.494413e+04 8.194434e+04 8.043223e+03 1.994874e+05 8.151747e+07
<GCONST> 7.958076e+01
<STATE> 3
<NUMMIXES> 15
<MIXTURE> 1 3.294645e-02
<MEAN> 6
 8.139571e+01 1.706837e+02 6.107360e+01 6.739047e-01 -6.284676e+01 4.686241e+02
<VARIANCE> 6
 3.129757e+01 1.230843e+04 3.895041e+04 2.593203e+02 5.319241e+04 1.877384e+07
<GCONST> 6.764660e+01
<MIXTURE> 2 5.444952e-02
<MEAN> 6
 8.816482e+01 1.620482e+02 3.889044e+02 9.794469e+01 -5.003231e+02 1.773453e+03
<VARIANCE> 6
 1.556083e+02 3.854718e+04 3.856548e+04 2.860811e+03 1.611041e+05 5.187901e+07
<GCONST> 7.490745e+01
<MIXTURE> 3 6.557355e-02
<MEAN> 6
 7.749684e+01 -1.223257e+01 1.930100e+02 -2.024395e+00 -4.110110e+00 6.798903e+01
<VARIANCE> 6
 3.129757e+01 1.230843e+04 1.230786e+04 2.593203e+02 1.595152e+04 1.545820e+07
<GCONST> 6.509586e+01
<MIXTURE> 4 7.440101e-02
<MEAN> 6
 7.749475e+01 -1.329249e+01 1.930219e+02 -2.021347e+00 -3.967151e+00 6.703163e+01
<VARIANCE> 6
 3.129757e+01 1.230843e+04 1.230786e+04 2.593203e+02 1.595152e+04 1.545820e+07
<GCONST> 6.509586e+01
<MIXTURE> 5 7.061242e-02
<MEAN> 6
 7.749526e+01 -1.298270e+01 1.930198e+02 -2.022183e+00 -4.008728e+00 6.730367e+01
<VARIANCE> 6
 3.129757e+01 1.230843e+04 1.230786e+04 2.593203e+02 1.595152e+04 1.545820e+07
<GCONST> 6.509586e+01
<MIXTURE> 6 7.996571e-02
<MEAN> 6
 8.857227e+01 1.197332e+02 -1.178323e+02 2.261963e+02 -6.786982e+02 -1.353702e+04
<VARIANCE> 6
 1.262591e+02 1.161138e+05 1.517094e+05 1.128128e+04 1.150144e+06 5.489916e+08
<GCONST> 8.286754e+01
<MIXTURE> 7 8.954702e-02
<MEAN> 6
 1.117913e+02 -1.561737e+02 7.558863e+01 -2.132969e+01 -7.287364e+01 3.748728e+03
<VARIANCE> 6
 4.407125e+01 5.942245e+04 4.816662e+04 1.639019e+03 3.540614e+05 1.290918e+08
<GCONST> 7.544303e+01
<MIXTURE> 8 6.380344e-02
<MEAN> 6
 9.781486e+01 -2.475910e+00 -1.677103e+02 2.134342e+01 -1.561841e+02 8.732988e+02
<VARIANCE> 6
 5.351706e+01 1.104649e+05 1.230786e+04 2.593203e+02 2.370487e+05 2.710478e+08
<GCONST> 7.338960e+01
<MIXTURE> 9 8.128228e-02
<MEAN> 6
 1.128058e+02 -2.978658e+02 -4.533397e+01 -1.636203e+01 -1.119358e+03 3.568768e+04
<VARIANCE> 6
 2.453846e+02 5.073419e+05 3.167551e+05 5.154698e+03 2.447135e+06 7.886700e+08
<GCONST> 8.607687e+01
<MIXTURE> 10 7.474833e-02
<MEAN> 6
 7.749467e+01 -1.334794e+01 1.930220e+02 -2.021214e+00 -3.959768e+00 6.698442e+01
<VARIANCE> 6
 3.129757e+01 1.230843e+04 1.230786e+04 2.593203e+02 1.595152e+04 1.545820e+07
<GCONST> 6.509586e+01
<MIXTURE> 11 7.305606e-02
<MEAN> 6
 8.590333e+01 1.383160e+02 2.858633e+02 1.955454e+01 2.508127e+02 -5.511744e+02
<VARIANCE> 6
 1.888931e+02 2.511145e+04 8.378977e+04 2.278895e+03 4.610014e+05 2.765684e+08
<GCONST> 7.794616e+01
<MIXTURE> 12 7.098659e-02
<MEAN> 6
 7.749448e+01 -1.351503e+01 1.930219e+02 -2.020836e+00 -3.937591e+00 6.684988e+01
<VARIANCE> 6
 3.129757e+01 1.230843e+04 1.230786e+04 2.593203e+02 1.595152e+04 1.545820e+07
<GCONST> 6.509586e+01
<MIXTURE> 13 6.570184e-02
<MEAN> 6
 7.749424e+01 -1.393507e+01 1.930186e+02 -2.020043e+00 -3.883060e+00 6.653831e+01
<VARIANCE> 6
 3.129757e+01 1.230843e+04 1.230786e+04 2.593203e+02 1.595152e+04 1.545820e+07
<GCONST> 6.509586e+01
<MIXTURE> 14 4.910268e-02
<MEAN> 6
 1.081922e+02 -1.966207e+02 1.830596e+02 2.390055e+02 -2.272908e+03 -3.967782e+04
<VARIANCE> 6
 2.473684e+02 2.450615e+05 1.897217e+05 1.202820e+04 2.559786e+06 1.021087e+09
<GCONST> 8.599529e+01
<MIXTURE> 15 5.380216e-02
<MEAN> 6
 9.358236e+01 2.276594e+01 1.791436e+02 1.195091e+02 -9.262073e+02 -3.318374e+02
<VARIANCE> 6
 1.965069e+02 3.425389e+04 4.874908e+04 3.455508e+03 2.266784e+05 8.275408e+07
<GCONST> 7.625435e+01
<STATE> 4
<NUMMIXES> 15
<MIXTURE> 1 6.168207e-03
<MEAN> 6
 7.251955e+01 -1.651529e+02 -2.268925e+03 6.883701e+01 -4.666238e+02 1.044708e+03
<VARIANCE> 6
 1.761313e+02 5.029412e+05 1.271673e+06 2.291075e+03 7.191759e+04 1.545820e+07
<GCONST> 7.885626e+01
<MIXTURE> 2 4.388817e-02
<MEAN> 6
 9.983144e+01 8.036462e+02 3.021710e+02 -5.048489e+00 -3.920377e+00 8.441880e+01
<VARIANCE> 6
 3.129757e+01 1.230843e+04 1.230786e+04 2.593203e+02 1.595152e+04 1.545820e+07
<GCONST> 6.509586e+01
<MIXTURE> 3 7.032072e-02
<MEAN> 6
 9.739868e+01 1.042635e+02 8.239729e+01 -4.113178e+00 -3.264845e+00 8.790711e+01
<VARIANCE> 6
 3.129757e+01 1.230843e+04 1.230786e+04 2.593203e+02 1.595152e+04 1.545820e+07
<GCONST> 6.509586e+01
<MIXTURE> 4 8.423002e-02
<MEAN> 6
 9.010210e+01 2.551779e+02 2.178545e+02 -2.588926e+00 -1.477252e+01 2.673815e+01
<VARIANCE> 6
 3.129757e+01 1.230843e+04 1.230786e+04 2.593203e+02 1.595152e+04 1.545820e+07
<GCONST> 6.509586e+01
<MIXTURE> 5 9.436697e-02
<MEAN> 6
 9.696154e+01 5.579637e+02 -1.442229e+02 -8.649770e-01 -1.649860e+01 2.221761e+02
<VARIANCE> 6
 3.129757e+01 2.430086e+04 1.230786e+04 2.593203e+02 1.595152e+04 1.545820e+07
<GCONST> 6.577608e+01
<MIXTURE> 6 5.151418e-02
<MEAN> 6
 9.369639e+01 -1.158747e+02 7.609918e+01 -2.285277e+00 6.122811e-01 -1.516704e+01
<VARIANCE> 6
 3.129757e+01 1.783546e+04 1.230786e+04 2.593203e+02 1.595152e+04 1.545820e+07
<GCONST> 6.546677e+01
<MIXTURE> 7 7.280767e-02
<MEAN> 6
 9.396881e+01 1.207330e+02 -8.719047e+01 -3.299021e+00 2.935827e+00 4.284747e+01
<VARIANCE> 6
 3.129757e+01 1.230843e+04 6.796788e+04 2.593203e+02 1.595152e+04 1.545820e+07
<GCONST> 6.680466e+01
<MIXTURE> 8 9.721714e-02
<MEAN> 6
 9.216090e+01 7.850923e+02 1.647978e+02 -2.549209e+00 1.331377e+00 2.597230e+01
<VARIANCE> 6
 3.129757e+01 1.310557e+04 1.230786e+04 2.593203e+02 1.595152e+04 1.545820e+07
<GCONST> 6.515862e+01
<MIXTURE> 9 5.401283e-02
<MEAN> 6
 9.476463e+01 -2.035471e+02 8.320704e+01 -3.257064e+00 -4.173314e+00 1.216347e+02
<VARIANCE> 6
 3.575331e+01 2.047336e+04 1.230786e+04 2.593203e+02 1.595152e+04 1.545820e+07
<GCONST> 6.573780e+01
<MIXTURE> 10 8.843829e-02
<MEAN> 6
 9.592609e+01 -1.858474e+00 5.313542e+01 -3.805319e+00 -6.554397e-01 7.109640e+01
<VARIANCE> 6
 3.129757e+01 1.334853e+04 1.230786e+04 2.593203e+02 1.595152e+04 1.545820e+07
<GCONST> 6.517698e+01
<MIXTURE> 11 8.911394e-02
<MEAN> 6
 9.107349e+01 7.115573e+02 1.821620e+02 -2.664016e+00 5.050069e-01 2.126298e+01
<VARIANCE> 6
 3.129757e+01 2.837829e+04 1.230786e+04 2.593203e+02 1.595152e+04 1.545820e+07
<GCONST> 6.593120e+01
<MIXTURE> 12 7.277893e-02
<MEAN> 6
 9.345632e+01 5.737160e+01 4.355864e+01 -3.916266e+00 7.115736e+00 3.804136e+01
<VARIANCE> 6
 3.129757e+01 1.230843e+04 6.585117e+04 2.593203e+02 1.595152e+04 1.545820e+07
<GCONST> 6.677302e+01
<MIXTURE> 13 6.841391e-02
<MEAN> 6
 9.758441e+01 9.571043e+01 7.844973e+01 -4.153108e+00 -3.033929e+00 9.653239e+01
<VARIANCE> 6
 3.129757e+01 1.230843e+04 1.230786e+04 2.593203e+02 1.595152e+04 1.545820e+07
<GCONST> 6.509586e+01
<MIXTURE> 14 5.554705e-02
<MEAN> 6
 9.295578e+01 -2.486993e+02 8.691486e+01 -3.002447e+00 6.333999e-01 6.404531e+01
<VARIANCE> 6
 3.129757e+01 1.440367e+04 1.230786e+04 2.593203e+02 1.595152e+04 1.545820e+07
<GCONST> 6.525306e+01
<MIXTURE> 15 5.116102e-02
<MEAN> 6
 9.307299e+01 -1.646581e+02 7.856821e+01 -2.285505e+00 1.493688e+00 -4.582510e-01
<VARIANCE> 6
 3.129757e+01 1.811927e+04 1.230786e+04 2.593203e+02 1.595152e+04 1.545820e+07
<GCONST> 6.548255e+01
<STATE> 5
<NUMMIXES> 15
<MIXTURE> 1 9.484180e-02
<MEAN> 6
 1.314769e+02 6.468979e+02 1.721125e+02 -4.608099e+00 -4.680571e+01 3.620044e+02
<VARIANCE> 6
 3.129757e+01 2.177266e+05 1.230786e+04 2.593203e+02 2.868724e+04 1.827959e+07
<GCONST> 6.872337e+01
<MIXTURE> 2 6.689739e-02
<MEAN> 6
 6.828722e+01 3.408113e+01 -7.869261e+02 -4.959599e-01 -6.064928e+00 -1.899916e+02
<VARIANCE> 6
 3.129757e+01 1.230843e+04 1.230786e+04 2.593203e+02 1.595152e+04 1.545820e+07
<GCONST> 6.509586e+01
<MIXTURE> 3 7.432891e-02
<MEAN> 6
 7.633367e+01 -2.801448e+02 -1.024015e+03 -8.209295e-01 1.551604e+00 5.060863e+01
<VARIANCE> 6
 3.129757e+01 1.230843e+04 1.230786e+04 2.593203e+02 1.595152e+04 1.545820e+07
<GCONST> 6.509586e+01
<MIXTURE> 4 8.803538e-02
<MEAN> 6
 7.147557e+01 2.891005e+01 -1.059818e+03 -2.486577e+00 -3.640723e+00 3.019469e+01
<VARIANCE> 6
 3.129757e+01 1.230843e+04 1.230786e+04 2.593203e+02 1.595152e+04 1.545820e+07
<GCONST> 6.509586e+01
<MIXTURE> 5 8.839435e-03
<MEAN> 6
 7.763338e+01 -2.876529e+02 -1.354278e+02 7.028003e+00 1.080214e+02 -2.795010e+01
<VARIANCE> 6
 1.586970e+02 5.974339e+05 3.661095e+05 2.593203e+02 5.409557e+04 3.032660e+07
<GCONST> 7.588945e+01
<MIXTURE> 6 1.029985e-01
<MEAN> 6
 7.178223e+01 -4.526761e+02 -8.035167e+02 -6.109616e-01 -5.276177e+00 -5.968864e+01
<VARIANCE> 6
 3.129757e+01 1.230843e+04 1.230786e+04 2.593203e+02 1.595152e+04 1.545820e+07
<GCONST> 6.509586e+01
<MIXTURE> 7 6.154621e-02
<MEAN> 6
 6.901650e+01 2.173778e+01 -8.973015e+02 -7.768809e-01 -7.836998e-01 -6.382389e+01
<VARIANCE> 6
 3.129757e+01 1.230843e+04 1.230786e+04 2.593203e+02 1.595152e+04 1.545820e+07
<GCONST> 6.509586e+01
<MIXTURE> 8 1.020032e-01
<MEAN> 6
 7.178223e+01 -4.526763e+02 -8.035166e+02 -6.109629e-01 -5.276196e+00 -5.968853e+01
<VARIANCE> 6
 3.129757e+01 1.230843e+04 1.230786e+04 2.593203e+02 1.595152e+04 1.545820e+07
<GCONST> 6.509586e+01
<MIXTURE> 9 2.476134e-02
<MEAN> 6
 6.959949e+01 2.928856e+01 -1.211551e+03 1.571302e+00 4.737197e+01 -5.862555e+02
<VARIANCE> 6
 3.129757e+01 1.230843e+04 9.741060e+04 2.593203e+02 1.888480e+04 1.545820e+07
<GCONST> 6.733336e+01
<MIXTURE> 10 4.056039e-02
<MEAN> 6
 1.331226e+02 -2.123198e+03 7.091550e+01 -4.194108e+01 -1.257874e+01 3.668875e+02
<VARIANCE> 6
 1.893859e+02 5.617439e+05 1.230786e+04 2.593203e+02 1.723964e+04 1.545820e+07
<GCONST> 7.079453e+01
<MIXTURE> 11 7.459883e-02
<MEAN> 6
 7.633366e+01 -2.801447e+02 -1.024015e+03 -8.209295e-01 1.551603e+00 5.060855e+01
<VARIANCE> 6
 3.129757e+01 1.230843e+04 1.230786e+04 2.593203e+02 1.595152e+04 1.545820e+07
<GCONST> 6.509586e+01
<MIXTURE> 12 6.584720e-02
<MEAN> 6
 6.837097e+01 3.152923e+01 -8.046426e+02 -5.001920e-01 -4.995077e+00 -1.636861e+02
<VARIANCE> 6
 3.129757e+01 1.230843e+04 1.230786e+04 2.593203e+02 1.595152e+04 1.545820e+07
<GCONST> 6.509586e+01
<MIXTURE> 13 8.887383e-02
<MEAN> 6
 7.164277e+01 2.992516e+01 -1.066161e+03 -2.601606e+00 -4.645981e+00 3.556302e+01
<VARIANCE> 6
 3.129757e+01 1.230843e+04 1.230786e+04 2.593203e+02 1.595152e+04 1.545820e+07
<GCONST> 6.509586e+01
<MIXTURE> 14 4.418245e-02
<MEAN> 6
 1.311618e+02 5.119675e+02 1.321255e+02 -1.502844e+01 1.386729e+02 -1.013607e+03
<VARIANCE> 6
 4.182193e+01 9.283722e+05 1.230786e+04 1.927895e+03 2.974067e+05 1.324087e+08
<GCONST> 7.678831e+01
<MIXTURE> 15 6.165922e-02
<MEAN> 6
 6.938161e+01 2.033804e+01 -9.326041e+02 -1.007294e+00 1.945361e-01 -4.024080e+01
<VARIANCE> 6
 3.129757e+01 1.230843e+04 1.230786e+04 2.593203e+02 1.595152e+04 1.545820e+07
<GCONST> 6.509586e+01
<STATE> 6
<NUMMIXES> 15
<MIXTURE> 1 7.681470e-02
<MEAN> 6
 5.869637e+01 1.658100e+02 9.810999e+02 1.137018e-01 8.949372e-01 -6.118304e+01
<VARIANCE> 6
 3.129757e+01 1.230843e+04 1.230786e+04 2.593203e+02 1.595152e+04 1.545820e+07
<GCONST> 6.509586e+01
<MIXTURE> 2 4.396007e-02
<MEAN> 6
 6.720990e+01 -2.971249e+01 1.536209e+02 -4.007387e+00 -4.158526e+00 -1.003262e+02
<VARIANCE> 6
 3.129757e+01 1.230843e+04 1.230786e+04 2.593203e+02 1.595152e+04 1.545820e+07
<GCONST> 6.509586e+01
<MIXTURE> 3 2.470143e-02
<MEAN> 6
 1.008204e+02 -2.397668e+02 -3.892055e+02 -1.227518e+01 1.850904e+01 -8.652324e+02
<VARIANCE> 6
 1.873595e+02 7.168036e+05 2.283960e+05 2.734163e+02 2.007391e+05 1.781734e+08
<GCONST> 7.890071e+01
<MIXTURE> 4 5.023400e-02
<MEAN> 6
 7.639813e+01 -8.973162e+01 -6.084931e+01 -1.427978e+01 -4.092869e+00 2.470685e+02
<VARIANCE> 6
 3.129757e+01 1.230843e+04 1.230786e+04 2.593203e+02 1.595152e+04 1.545820e+07
<GCONST> 6.509586e+01
<MIXTURE> 5 5.633145e-02
<MEAN> 6
 6.066584e+01 1.972422e+02 7.518207e+02 5.281811e-01 6.865907e+00 1.961906e+02
<VARIANCE> 6
 3.129757e+01 1.230843e+04 1.230786e+04 2.593203e+02 1.595152e+04 1.545820e+07
<GCONST> 6.509586e+01
<MIXTURE> 6 9.374005e-02
<MEAN> 6
 6.723039e+01 -3.182850e+01 1.527729e+02 -3.998917e+00 -4.158438e+00 -9.894960e+01
<VARIANCE> 6
 3.129757e+01 1.230843e+04 1.230786e+04 2.593203e+02 1.595152e+04 1.545820e+07
<GCONST> 6.509586e+01
<MIXTURE> 7 7.656945e-02
<MEAN> 6
 5.869620e+01 1.658035e+02 9.811154e+02 1.137045e-01 8.951817e-01 -6.119069e+01
<VARIANCE> 6
 3.129757e+01 1.230843e+04 1.230786e+04 2.593203e+02 1.595152e+04 1.545820e+07
<GCONST> 6.509586e+01
<MIXTURE> 8 9.569984e-02
<MEAN> 6
 6.723039e+01 -3.182849e+01 1.527729e+02 -3.998921e+00 -4.158446e+00 -9.894963e+01
<VARIANCE> 6
 3.129757e+01 1.230843e+04 1.230786e+04 2.593203e+02 1.595152e+04 1.545820e+07
<GCONST> 6.509586e+01
<MIXTURE> 9 9.297588e-02
<MEAN> 6
 6.723039e+01 -3.182850e+01 1.527729e+02 -3.998919e+00 -4.158436e+00 -9.894944e+01
<VARIANCE> 6
 3.129757e+01 1.230843e+04 1.230786e+04 2.593203e+02 1.595152e+04 1.545820e+07
<GCONST> 6.509586e+01
<MIXTURE> 10 6.789041e-02
<MEAN> 6
 7.374104e+01 -2.537884e+02 6.943164e+01 -4.790151e+00 3.986882e+00 2.086521e+01
<VARIANCE> 6
 3.357366e+01 1.230843e+04 1.230786e+04 2.593203e+02 1.595152e+04 1.545820e+07
<GCONST> 6.516606e+01
<MIXTURE> 11 7.680482e-02
<MEAN> 6
 5.869648e+01 1.658142e+02 9.810901e+02 1.136994e-01 8.947700e-01 -6.117837e+01
<VARIANCE> 6
 3.129757e+01 1.230843e+04 1.230786e+04 2.593203e+02 1.595152e+04 1.545820e+07
<GCONST> 6.509586e+01
<MIXTURE> 12 7.654782e-02
<MEAN> 6
 5.869671e+01 1.658234e+02 9.810684e+02 1.136924e-01 8.943927e-01 -6.116806e+01
<VARIANCE> 6
 3.129757e+01 1.230843e+04 1.230786e+04 2.593203e+02 1.595152e+04 1.545820e+07
<GCONST> 6.509586e+01
<MIXTURE> 13 5.682012e-02
<MEAN> 6
 6.066970e+01 1.972181e+02 7.511152e+02 5.326355e-01 6.963109e+00 1.990838e+02
<VARIANCE> 6
 3.129757e+01 1.230843e+04 1.230786e+04 2.593203e+02 1.595152e+04 1.545820e+07
<GCONST> 6.509586e+01
<MIXTURE> 14 6.705213e-02
<MEAN> 6
 7.184256e+01 -2.451652e+02 7.902036e+01 -4.302021e+00 3.040197e+00 2.880826e+01
<VARIANCE> 6
 3.129757e+01 1.230843e+04 1.230786e+04 2.593203e+02 1.595152e+04 1.545820e+07
<GCONST> 6.509586e+01
<MIXTURE> 15 4.385350e-02
<MEAN> 6
 6.726692e+01 -3.477823e+01 1.513322e+02 -4.034387e+00 -4.268101e+00 -9.697530e+01
<VARIANCE> 6
 3.129757e+01 1.230843e+04 1.230786e+04 2.593203e+02 1.595152e+04 1.545820e+07
<GCONST> 6.509586e+01
<STATE> 7
<NUMMIXES> 15
<MIXTURE> 1 5.839429e-02
<MEAN> 6
 1.038255e+02 1.087012e+03 -4.675768e+02 -2.479727e+00 -7.329663e-01 2.589975e+02
<VARIANCE> 6
 3.129757e+01 1.230843e+04 1.230786e+04 2.593203e+02 1.595152e+04 1.545820e+07
<GCONST> 6.509586e+01
<MIXTURE> 2 5.899483e-02
<MEAN> 6
 7.819238e+01 -8.005331e+02 4.489761e+03 -8.232005e+00 1.710554e+01 6.084129e+02
<VARIANCE> 6
 3.129757e+01 3.022235e+04 1.382068e+04 2.593203e+02 2.117203e+04 1.779371e+07
<GCONST> 6.653392e+01
<MIXTURE> 3 8.163930e-02
<MEAN> 6
 9.071637e+01 9.096384e+02 1.155633e+03 -4.551610e+00 9.055163e-01 6.205840e+01
<VARIANCE> 6
 3.129757e+01 4.241107e+04 1.230786e+04 2.593203e+02 1.595152e+04 1.545820e+07
<GCONST> 6.633298e+01
<MIXTURE> 4 5.344382e-02
<MEAN> 6
 7.591087e+01 2.213119e+02 -1.350128e+03 2.740313e+00 3.957281e+01 1.612390e+02
<VARIANCE> 6
 3.129757e+01 1.230843e+04 1.230786e+04 2.593203e+02 2.142261e+04 1.545820e+07
<GCONST> 6.539075e+01
<MIXTURE> 5 1.720022e-02
<MEAN> 6
 7.770577e+01 -8.990219e+02 2.288502e+03 -2.454281e+01 -8.090344e+01 -8.581298e+02
<VARIANCE> 6
 1.918148e+02 9.882891e+04 1.075508e+06 2.523751e+03 4.771540e+05 1.729668e+08
<GCONST> 8.155095e+01
<MIXTURE> 6 7.920855e-02
<MEAN> 6
 7.693828e+01 4.283072e+02 -2.082684e+03 2.076998e+00 -4.917238e+00 -1.263545e+00
<VARIANCE> 6
 3.129757e+01 1.230843e+04 1.230786e+04 2.593203e+02 1.595152e+04 1.545820e+07
<GCONST> 6.509586e+01
<MIXTURE> 7 9.128767e-02
<MEAN> 6
 7.930868e+01 1.490034e+03 4.555847e+02 -1.478902e+00 -3.440700e+00 -1.377705e+02
<VARIANCE> 6
 3.129757e+01 1.439809e+04 1.230786e+04 2.593203e+02 1.595152e+04 1.545820e+07
<GCONST> 6.525267e+01
<MIXTURE> 8 1.110239e-01
<MEAN> 6
 7.635115e+01 2.449086e+01 -2.005931e+03 -5.946814e-01 -4.160073e+00 9.551136e+01
<VARIANCE> 6
 3.129757e+01 1.230843e+04 8.235408e+04 2.593203e+02 1.595152e+04 1.545820e+07
<GCONST> 6.699665e+01
<MIXTURE> 9 3.566452e-02
<MEAN> 6
 8.114632e+01 1.486260e+03 -2.342554e+02 3.966970e-01 1.275078e+01 7.294060e+01
<VARIANCE> 6
 3.129757e+01 3.387729e+04 2.163907e+04 2.593203e+02 1.595152e+04 1.545820e+07
<GCONST> 6.667258e+01
<MIXTURE> 10 6.687677e-02
<MEAN> 6
 7.777501e+01 -6.572557e+02 3.005956e+03 3.200569e-01 -1.148112e+01 -2.503706e+02
<VARIANCE> 6
 3.129757e+01 3.988555e+05 1.024161e+06 2.593203e+02 1.595152e+04 1.545820e+07
<GCONST> 7.299557e+01
<MIXTURE> 11 6.958368e-02
<MEAN> 6
 8.354623e+01 1.056325e+03 3.005584e+02 -1.200396e+00 -1.653448e+00 -9.341753e+00
<VARIANCE> 6
 3.129757e+01 1.230843e+04 1.230786e+04 2.593203e+02 1.595152e+04 1.545820e+07
<GCONST> 6.509586e+01
<MIXTURE> 12 8.561061e-02
<MEAN> 6
 7.527296e+01 4.492680e+02 -2.115721e+03 2.376990e+00 -2.644381e+00 3.903146e+01
<VARIANCE> 6
 3.129757e+01 1.230843e+04 1.230786e+04 2.593203e+02 1.595152e+04 1.545820e+07
<GCONST> 6.509586e+01
<MIXTURE> 13 7.000618e-02
<MEAN> 6
 8.332648e+01 1.037542e+03 3.226578e+02 -1.455389e+00 -1.321809e+00 -2.904772e+01
<VARIANCE> 6
 3.129757e+01 1.230843e+04 1.230786e+04 2.593203e+02 1.595152e+04 1.545820e+07
<GCONST> 6.509586e+01
<MIXTURE> 14 6.796325e-02
<MEAN> 6
 7.603786e+01 1.779505e+02 -1.416743e+03 9.427704e-01 2.623283e+00 -2.773964e+01
<VARIANCE> 6
 3.129757e+01 1.230843e+04 1.230786e+04 2.593203e+02 1.595152e+04 1.545820e+07
<GCONST> 6.509586e+01
<MIXTURE> 15 5.309299e-02
<MEAN> 6
 8.056619e+01 -1.043004e+03 4.266414e+03 1.035389e+00 2.337855e+01 -3.551320e+02
<VARIANCE> 6
 3.129757e+01 1.277595e+04 3.301813e+04 2.593203e+02 1.595152e+04 1.545820e+07
<GCONST> 6.611996e+01
<STATE> 8
<NUMMIXES> 15
<MIXTURE> 1 4.668672e-02
<MEAN> 6
 1.009852e+02 -2.559165e+02 5.163390e+02 -8.638677e+00 -2.110372e+01 8.880283e+01
<VARIANCE> 6
 8.145274e+01 1.560266e+04 1.528214e+04 2.593203e+02 1.595152e+04 1.545820e+07
<GCONST> 6.650594e+01
<MIXTURE> 2 9.774144e-02
<MEAN> 6
 6.449242e+01 -8.919259e+02 1.115612e+03 1.157466e-01 -5.416197e+00 -1.042436e+02
<VARIANCE> 6
 3.129757e+01 1.230843e+04 1.230786e+04 2.593203e+02 1.595152e+04 1.545820e+07
<GCONST> 6.509586e+01
<MIXTURE> 3 5.913458e-02
<MEAN> 6
 9.021664e+01 -1.374215e+03 8.078593e+02 -1.531054e-01 3.586979e+00 2.015137e+01
<VARIANCE> 6
 3.129757e+01 1.230843e+04 1.230786e+04 2.593203e+02 1.595152e+04 1.545820e+07
<GCONST> 6.509586e+01
<MIXTURE> 4 1.090779e-01
<MEAN> 6
 7.407482e+01 -1.033409e+03 3.533522e+02 1.098281e+00 2.679236e+01 -5.927729e+02
<VARIANCE> 6
 3.129757e+01 1.731320e+04 4.464365e+04 2.593203e+02 1.595152e+04 1.545820e+07
<GCONST> 6.672552e+01
<MIXTURE> 5 5.576123e-02
<MEAN> 6
 9.767648e+01 -6.196957e+02 5.953987e+02 -1.892539e+00 2.088729e+00 -1.290480e+02
<VARIANCE> 6
 3.129757e+01 1.230843e+04 1.230786e+04 2.593203e+02 1.595152e+04 1.545820e+07
<GCONST> 6.509586e+01
<MIXTURE> 6 7.643551e-02
<MEAN> 6
 6.407403e+01 -1.003505e+03 1.354219e+03 1.491581e+00 5.129766e+00 -1.707201e+02
<VARIANCE> 6
 3.129757e+01 1.230843e+04 1.230786e+04 2.593203e+02 1.595152e+04 1.545820e+07
<GCONST> 6.509586e+01
<MIXTURE> 7 9.308445e-02
<MEAN> 6
 9.351232e+01 -5.594837e+02 2.877727e+02 -5.337370e+00 -1.291322e+01 1.847621e+01
<VARIANCE> 6
 5.311566e+01 1.230843e+04 1.230786e+04 2.593203e+02 1.595152e+04 1.545820e+07
<GCONST> 6.562479e+01
<MIXTURE> 8 1.070385e-01
<MEAN> 6
 7.563807e+01 -9.781026e+02 -1.235971e+02 -2.052578e+00 -9.667139e+00 6.589683e+02
<VARIANCE> 6
 3.129757e+01 1.527255e+04 7.183366e+04 2.593203e+02 1.595152e+04 1.545820e+07
<GCONST> 6.707574e+01
<MIXTURE> 9 1.459354e-02
<MEAN> 6
 5.432002e+01 -7.938571e+02 1.084862e+03 -2.542858e+01 5.528532e+01 3.332129e+02
<VARIANCE> 6
 3.129757e+01 1.230843e+04 1.230786e+04 8.543177e+02 7.137544e+04 2.039791e+07
<GCONST> 6.806380e+01
<MIXTURE> 10 7.044455e-03
<MEAN> 6
 8.736041e+01 6.467891e+01 -7.005475e+01 7.861807e+00 2.893056e+02 -6.744711e+03
<VARIANCE> 6
 2.077863e+02 9.406511e+05 2.125059e+05 2.943517e+02 9.348248e+04 4.065127e+07
<GCONST> 7.703568e+01
<MIXTURE> 11 3.180589e-02
<MEAN> 6
 6.492390e+01 -9.625857e+02 6.396528e+02 -1.820907e-01 1.672852e+01 6.189760e+01
<VARIANCE> 6
 3.129757e+01 1.230843e+04 2.431399e+04 2.593203e+02 1.595152e+04 1.545820e+07
<GCONST> 6.577667e+01
<MIXTURE> 12 9.853874e-02
<MEAN> 6
 6.448969e+01 -8.918770e+02 1.115587e+03 1.166215e-01 -5.419084e+00 -1.043787e+02
<VARIANCE> 6
 3.129757e+01 1.230843e+04 1.230786e+04 2.593203e+02 1.595152e+04 1.545820e+07
<GCONST> 6.509586e+01
<MIXTURE> 13 8.727036e-02
<MEAN> 6
 8.704835e+01 -3.303501e+02 4.727258e+02 -7.919011e+00 2.625531e+01 1.361478e+02
<VARIANCE> 6
 3.129757e+01 1.230843e+04 4.718791e+04 2.593203e+02 3.858166e+04 3.259468e+07
<GCONST> 6.806899e+01
<MIXTURE> 14 5.956326e-02
<MEAN> 6
 9.015392e+01 -1.434255e+03 8.436905e+02 -1.425682e-01 2.965701e+00 6.742987e+01
<VARIANCE> 6
 3.129757e+01 1.230843e+04 1.230786e+04 2.593203e+02 1.595152e+04 1.545820e+07
<GCONST> 6.509586e+01
<MIXTURE> 15 5.620942e-02
<MEAN> 6
 9.756845e+01 -6.257338e+02 5.824880e+02 -1.442419e+00 1.794515e+00 -1.251574e+02
<VARIANCE> 6
 3.129757e+01 1.230843e+04 1.230786e+04 2.593203e+02 1.595152e+04 1.545820e+07
<GCONST> 6.509586e+01
<STATE> 9
<NUMMIXES> 15
<MIXTURE> 1 6.700375e-02
<MEAN> 6
 1.211842e+02 3.489475e+02 2.444518e+02 -5.178525e+00 -4.723567e+00 2.560240e+00
<VARIANCE> 6
 3.129757e+01 1.727572e+04 1.230786e+04 2.593203e+02 1.595152e+04 1.545820e+07
<GCONST> 6.543488e+01
<MIXTURE> 2 7.745567e-02
<MEAN> 6
 1.020190e+02 -2.765422e+03 -2.382998e+02 -2.371820e+00 -8.450714e+00 -8.037795e+01
<VARIANCE> 6
 3.129757e+01 1.417212e+05 1.230786e+04 2.593203e+02 1.595152e+04 1.545820e+07
<GCONST> 6.753944e+01
<MIXTURE> 3 6.739060e-02
<MEAN> 6
 1.055478e+02 -8.808595e+02 1.126350e+02 -4.859088e+00 -1.450333e+01 -7.371997e+01
<VARIANCE> 6
 3.129757e+01 2.542687e+04 6.187400e+04 2.593203e+02 1.595152e+04 1.545820e+07
<GCONST> 6.743624e+01
<MIXTURE> 4 8.901422e-02
<MEAN> 6
 1.097018e+02 -6.511573e+02 -2.503498e+01 -2.577345e+00 -8.649417e+00 -7.621112e+01
<VARIANCE> 6
 3.129757e+01 1.230843e+04 2.609823e+04 2.593203e+02 1.595152e+04 1.545820e+07
<GCONST> 6.584749e+01
<MIXTURE> 5 4.956883e-02
<MEAN> 6
 9.743353e+01 1.595827e+03 -2.374412e+02 -3.632393e+00 1.077238e+00 -1.649690e+02
<VARIANCE> 6
 3.129757e+01 1.493629e+05 1.230786e+04 2.593203e+02 1.595152e+04 1.545820e+07
<GCONST> 6.759196e+01
<MIXTURE> 6 4.999765e-02
<MEAN> 6
 1.093213e+02 2.026345e+01 3.775450e+02 1.798408e-01 1.644092e+01 -1.241183e+02
<VARIANCE> 6
 3.129757e+01 1.308177e+04 1.230786e+04 2.593203e+02 1.595152e+04 1.545820e+07
<GCONST> 6.515679e+01
<MIXTURE> 7 5.721467e-02
<MEAN> 6
 1.187377e+02 -9.910406e+02 1.040444e+02 -5.184217e+00 4.647762e-01 -2.135424e+01
<VARIANCE> 6
 3.129757e+01 7.139298e+04 1.230786e+04 2.593203e+02 1.595152e+04 1.545820e+07
<GCONST> 6.685378e+01
<MIXTURE> 8 7.362764e-02
<MEAN> 6
 1.042141e+02 -3.204055e+02 1.995099e+02 -4.139872e+00 -1.317876e+00 3.823907e+01
<VARIANCE> 6
 3.129757e+01 1.230843e+04 1.230786e+04 2.593203e+02 1.595152e+04 1.545820e+07
<GCONST> 6.509586e+01
<MIXTURE> 9 8.926823e-02
<MEAN> 6
 1.018260e+02 -8.590287e+02 -1.166556e+02 -2.998910e+00 8.477182e+00 3.469752e+01
<VARIANCE> 6
 3.129757e+01 1.344492e+04 1.571255e+04 2.593203e+02 1.595152e+04 1.545820e+07
<GCONST> 6.542840e+01
<MIXTURE> 10 8.575299e-02
<MEAN> 6
 9.887643e+01 -3.782670e+03 2.642095e+00 -2.904403e+00 1.247564e+01 -3.373826e+01
<VARIANCE> 6
 3.129757e+01 1.197321e+05 1.230786e+04 2.593203e+02 1.595152e+04 1.545820e+07
<GCONST> 6.737083e+01
<MIXTURE> 11 5.665201e-02
<MEAN> 6
 1.115729e+02 -2.668844e+01 2.765909e+02 -3.460210e+00 3.754243e+00 8.412260e+01
<VARIANCE> 6
 3.129757e+01 1.230843e+04 1.230786e+04 2.593203e+02 1.595152e+04 1.545820e+07
<GCONST> 6.509586e+01
<MIXTURE> 12 6.721523e-02
<MEAN> 6
 9.510532e+01 -6.387934e+02 -1.529622e+02 -2.990675e+00 7.366122e-02 -3.159695e+01
<VARIANCE> 6
 3.129757e+01 1.230843e+04 1.230786e+04 2.593203e+02 1.595152e+04 1.545820e+07
<GCONST> 6.509586e+01
<MIXTURE> 13 6.223050e-02
<MEAN> 6
 9.886526e+01 1.460991e+03 -2.426625e+02 -5.513420e+00 6.714069e+00 7.208223e+01
<VARIANCE> 6
 3.129757e+01 4.545743e+04 1.230786e+04 2.593203e+02 1.595152e+04 1.545820e+07
<GCONST> 6.640235e+01
<MIXTURE> 14 5.633562e-02
<MEAN> 6
 1.120664e+02 -3.193540e+01 2.644681e+02 -3.603751e+00 3.180184e-01 2.695696e+01
<VARIANCE> 6
 3.129757e+01 1.230843e+04 1.230786e+04 2.593203e+02 1.595152e+04 1.545820e+07
<GCONST> 6.509586e+01
<MIXTURE> 15 5.126450e-02
<MEAN> 6
 1.099859e+02 -3.045411e+01 3.322862e+02 -5.407985e-01 -2.214909e+00 -1.738034e+02
<VARIANCE> 6
 3.129757e+01 1.230843e+04 1.230786e+04 2.593203e+02 1.595152e+04 1.545820e+07
<GCONST> 6.509586e+01
<STATE> 10
<NUMMIXES> 15
<MIXTURE> 1 7.290984e-02
<MEAN> 6
 1.075618e+02 6.372768e+01 -3.918775e+02 -3.043243e+00 -6.602628e+00 2.844290e+01
<VARIANCE> 6
 3.129757e+01 1.230843e+04 1.230786e+04 2.593203e+02 1.595152e+04 1.545820e+07
<GCONST> 6.509586e+01
<MIXTURE> 2 9.428234e-02
<MEAN> 6
 9.426518e+01 2.594293e+02 -3.751002e+02 2.453803e+00 -1.635897e+01 -3.170522e+02
<VARIANCE> 6
 3.129757e+01 1.230843e+04 1.230786e+04 2.593203e+02 1.777312e+04 1.545820e+07
<GCONST> 6.520399e+01
<MIXTURE> 3 4.709285e-02
<MEAN> 6
 1.132551e+02 -5.667407e+02 -4.495240e+02 -3.393757e+00 -2.165171e+01 -1.124443e+02
<VARIANCE> 6
 6.900906e+01 3.915153e+04 1.230786e+04 2.593203e+02 1.595152e+04 1.545820e+07
<GCONST> 6.704371e+01
<MIXTURE> 4 8.041562e-02
<MEAN> 6
 7.398953e+01 -2.963244e+02 -5.979225e+02 7.591508e-01 -6.125042e+00 4.489442e+01
<VARIANCE> 6
 3.129757e+01 1.230843e+04 1.230786e+04 2.593203e+02 1.595152e+04 1.545820e+07
<GCONST> 6.509586e+01
<MIXTURE> 5 7.694966e-02
<MEAN> 6
 8.880492e+01 -1.366631e+03 -3.417552e+02 -2.875323e+00 -1.223831e+01 -1.016509e+02
<VARIANCE> 6
 3.129757e+01 1.691250e+05 3.286379e+04 2.593203e+02 1.595152e+04 1.545820e+07
<GCONST> 6.869835e+01
<MIXTURE> 6 5.679897e-02
<MEAN> 6
 1.096758e+02 -1.206483e+03 -8.742368e+02 -1.841620e+00 -2.601799e+01 -2.627324e+02
<VARIANCE> 6
 3.129757e+01 1.230843e+04 1.230786e+04 2.593203e+02 2.642069e+04 1.562387e+07
<GCONST> 6.561111e+01
<MIXTURE> 7 5.876261e-02
<MEAN> 6
 8.537160e+01 7.620403e+02 -6.054382e+02 1.730219e+00 -1.309677e+00 -1.611615e+01
<VARIANCE> 6
 3.129757e+01 6.646479e+04 1.230786e+04 2.593203e+02 1.595152e+04 1.545820e+07
<GCONST> 6.678225e+01
<MIXTURE> 8 5.693789e-02
<MEAN> 6
 8.603331e+01 -5.291056e+02 -3.944624e+02 -1.854753e+00 1.097702e+01 -5.671002e+01
<VARIANCE> 6
 3.129757e+01 1.230843e+04 1.230786e+04 2.593203e+02 1.595152e+04 1.545820e+07
<GCONST> 6.509586e+01
<MIXTURE> 9 5.398610e-02
<MEAN> 6
 9.593841e+01 -3.747537e+01 -4.666779e+02 -4.010946e+00 9.086843e-01 -7.790442e+01
<VARIANCE> 6
 3.129757e+01 1.230843e+04 1.230786e+04 2.593203e+02 1.595152e+04 1.545820e+07
<GCONST> 6.509586e+01
<MIXTURE> 10 4.951176e-02
<MEAN> 6
 9.513473e+01 2.752553e+02 -5.703891e+02 -2.087334e+00 2.381083e+00 2.995057e+01
<VARIANCE> 6
 3.129757e+01 1.230843e+04 1.522204e+04 2.593203e+02 1.595152e+04 1.545820e+07
<GCONST> 6.530836e+01
<MIXTURE> 11 7.396818e-02
<MEAN> 6
 9.731178e+01 -4.036951e+02 -5.253163e+02 5.048283e-01 1.976367e+00 -2.484171e+01
<VARIANCE> 6
 3.129757e+01 1.230843e+04 1.230786e+04 2.593203e+02 1.595152e+04 1.545820e+07
<GCONST> 6.509586e+01
<MIXTURE> 12 7.353707e-02
<MEAN> 6
 1.076584e+02 5.065156e+01 -3.855871e+02 -2.995853e+00 -7.089963e+00 1.835024e+01
<VARIANCE> 6
 3.129757e+01 1.230843e+04 1.230786e+04 2.593203e+02 1.595152e+04 1.545820e+07
<GCONST> 6.509586e+01
<MIXTURE> 13 8.049257e-02
<MEAN> 6
 9.375351e+01 2.910789e+02 -6.464051e+02 -1.478411e+00 1.109962e+01 -2.713119e+01
<VARIANCE> 6
 3.129757e+01 1.230843e+04 1.230786e+04 2.593203e+02 1.595152e+04 1.545820e+07
<GCONST> 6.509586e+01
<MIXTURE> 14 7.297136e-02
<MEAN> 6
 9.736393e+01 -4.090028e+02 -5.264083e+02 9.070024e-01 -2.679198e+00 -7.070653e+01
<VARIANCE> 6
 3.129757e+01 1.230843e+04 1.230786e+04 2.593203e+02 1.595152e+04 1.545820e+07
<GCONST> 6.509586e+01
<MIXTURE> 15 5.135868e-02
<MEAN> 6
 9.073438e+01 -9.442923e+01 -4.255225e+02 -6.255644e+00 -1.829819e+01 2.230223e+01
<VARIANCE> 6
 3.129757e+01 1.230843e+04 1.230786e+04 2.593203e+02 1.595152e+04 1.545820e+07
<GCONST> 6.509586e+01
<STATE> 11
<NUMMIXES> 15
<MIXTURE> 1 6.929325e-02
<MEAN> 6
 7.141074e+01 1.313742e+03 -1.120046e+03 7.586399e-01 -2.644136e+00 -4.049658e+01
<VARIANCE> 6
 3.129757e+01 1.230843e+04 1.230786e+04 2.593203e+02 1.595152e+04 1.545820e+07
<GCONST> 6.509586e+01
<MIXTURE> 2 6.995070e-02
<MEAN> 6
 6.532523e+01 9.452236e+02 -1.450695e+02 -1.552554e-01 2.479066e+00 2.659101e+01
<VARIANCE> 6
 3.129757e+01 1.230843e+04 1.230786e+04 2.593203e+02 1.595152e+04 1.545820e+07
<GCONST> 6.509586e+01
<MIXTURE> 3 4.838035e-02
<MEAN> 6
 7.241451e+01 1.450267e+02 -3.450720e+02 -9.121748e-01 -2.388154e+00 3.641306e+01
<VARIANCE> 6
 3.129757e+01 1.230843e+04 1.230786e+04 2.593203e+02 1.595152e+04 1.545820e+07
<GCONST> 6.509586e+01
<MIXTURE> 4 5.954592e-02
<MEAN> 6
 6.723417e+01 3.318196e+02 7.240040e+02 -2.808660e+00 9.554028e+00 4.931968e+01
<VARIANCE> 6
 3.129757e+01 1.230843e+04 4.397657e+05 2.593203e+02 1.595152e+04 1.545820e+07
<GCONST> 6.867187e+01
<MIXTURE> 5 6.208008e-02
<MEAN> 6
 5.373057e+01 3.783194e+02 -1.017977e+02 4.260475e+00 2.562242e+01 -5.328965e+01
<VARIANCE> 6
 1.611718e+02 1.276729e+05 2.112984e+04 2.593203e+02 1.595152e+04 1.545820e+07
<GCONST> 6.961443e+01
<MIXTURE> 6 7.172262e-02
<MEAN> 6
 6.522022e+01 8.320482e+02 -1.598158e+02 -4.551912e-01 -4.467799e+00 -1.049044e+02
<VARIANCE> 6
 3.129757e+01 1.537709e+04 1.230786e+04 2.593203e+02 1.595152e+04 1.545820e+07
<GCONST> 6.531846e+01
<MIXTURE> 7 5.387297e-02
<MEAN> 6
 7.230197e+01 1.416397e+02 -3.535204e+02 -8.095978e-01 -1.964983e+00 2.895735e+01
<VARIANCE> 6
 3.129757e+01 1.230843e+04 1.230786e+04 2.593203e+02 1.595152e+04 1.545820e+07
<GCONST> 6.509586e+01
<MIXTURE> 8 6.640556e-02
<MEAN> 6
 6.786476e+01 2.109115e+02 -3.019683e+02 -8.543245e-01 -1.925084e+00 5.718319e+00
<VARIANCE> 6
 3.129757e+01 1.230843e+04 1.230786e+04 2.593203e+02 1.595152e+04 1.545820e+07
<GCONST> 6.509586e+01
<MIXTURE> 9 9.051964e-02
<MEAN> 6
 7.375170e+01 5.376973e+01 -4.067483e+02 -7.541252e-01 7.919329e+00 -1.054921e+02
<VARIANCE> 6
 3.129757e+01 1.957325e+04 1.230786e+04 2.593203e+02 1.595152e+04 1.545820e+07
<GCONST> 6.555974e+01
<MIXTURE> 10 1.035990e-01
<MEAN> 6
 7.222198e+01 1.364716e+02 -3.659583e+02 -6.368632e-01 -1.415400e+00 1.664939e+01
<VARIANCE> 6
 3.129757e+01 1.230843e+04 1.230786e+04 2.593203e+02 1.595152e+04 1.545820e+07
<GCONST> 6.509586e+01
<MIXTURE> 11 6.940807e-02
<MEAN> 6
 7.141074e+01 1.313742e+03 -1.120046e+03 7.586393e-01 -2.644134e+00 -4.049702e+01
<VARIANCE> 6
 3.129757e+01 1.230843e+04 1.230786e+04 2.593203e+02 1.595152e+04 1.545820e+07
<GCONST> 6.509586e+01
<MIXTURE> 12 7.002679e-02
<MEAN> 6
 6.533385e+01 9.409564e+02 -1.465105e+02 -1.643779e-01 2.171249e+00 2.250822e+01
<VARIANCE> 6
 3.129757e+01 1.230843e+04 1.230786e+04 2.593203e+02 1.595152e+04 1.545820e+07
<GCONST> 6.509586e+01
<MIXTURE> 13 6.330907e-02
<MEAN> 6
 6.631419e+01 2.093348e+02 -3.426715e+02 -5.701084e-01 6.762919e-01 2.152233e+01
<VARIANCE> 6
 3.129757e+01 1.230843e+04 1.230786e+04 2.593203e+02 1.595152e+04 1.545820e+07
<GCONST> 6.509586e+01
<MIXTURE> 14 5.367981e-02
<MEAN> 6
 7.220061e+01 1.307837e+02 -3.772752e+02 -4.449927e-01 -1.068214e+00 8.304820e-01
<VARIANCE> 6
 3.129757e+01 1.230843e+04 1.230786e+04 2.593203e+02 1.595152e+04 1.545820e+07
<GCONST> 6.509586e+01
<MIXTURE> 15 4.820115e-02
<MEAN> 6
 7.189271e+01 1.336146e+02 -3.793925e+02 -2.842124e-01 -1.086697e+00 -3.942251e+00
<VARIANCE> 6
 3.129757e+01 1.230843e+04 1.230786e+04 2.593203e+02 1.595152e+04 1.545820e+07
<GCONST> 6.509586e+01
<STATE> 12
<NUMMIXES> 15
<MIXTURE> 1 1.003415e-01
<MEAN> 6
 7.586648e+01 2.865064e+03 4.601475e+02 -1.435595e+00 -1.039415e+01 -1.140373e+02
<VARIANCE> 6
 3.129757e+01 1.230843e+04 1.230786e+04 2.593203e+02 1.595152e+04 1.545820e+07
<GCONST> 6.509586e+01
<MIXTURE> 2 2.368256e-02
<MEAN> 6
 8.347663e+01 -8.768193e+03 2.079217e+03 -1.149642e+01 -1.536918e+01 6.338655e+02
<VARIANCE> 6
 3.129757e+01 1.230843e+04 1.412922e+04 2.593203e+02 3.457720e+04 2.127416e+07
<GCONST> 6.632686e+01
<MIXTURE> 3 5.572208e-02
<MEAN> 6
 5.318879e+01 -4.316716e+02 2.716878e+03 -1.690160e-01 1.112003e+00 -2.752709e-01
<VARIANCE> 6
 3.129757e+01 1.230843e+04 1.230786e+04 2.593203e+02 1.595152e+04 1.545820e+07
<GCONST> 6.509586e+01
<MIXTURE> 4 5.045287e-02
<MEAN> 6
 6.953003e+01 1.129333e+03 7.241797e+02 5.700696e-01 6.745549e+00 -5.343216e+01
<VARIANCE> 6
 3.129757e+01 2.518590e+04 1.230786e+04 2.593203e+02 1.595152e+04 1.545820e+07
<GCONST> 6.581186e+01
<MIXTURE> 5 6.703541e-02
<MEAN> 6
 7.799458e+01 -1.752236e+03 -7.836219e+02 7.721851e-01 -1.145163e+00 -2.248634e+02
<VARIANCE> 6
 3.129757e+01 8.119999e+04 1.230786e+04 2.593203e+02 1.595152e+04 1.545820e+07
<GCONST> 6.698249e+01
<MIXTURE> 6 3.218810e-02
<MEAN> 6
 7.173135e+01 -5.960447e+02 2.057168e+03 4.100311e-01 -7.555998e+00 -2.963206e+02
<VARIANCE> 6
 3.129757e+01 1.230843e+04 1.230786e+04 2.593203e+02 1.595152e+04 1.545820e+07
<GCONST> 6.509586e+01
<MIXTURE> 7 5.237461e-02
<MEAN> 6
 7.805726e+01 5.254694e+02 9.630770e+02 -3.787603e+00 1.591783e+00 9.173115e+00
<VARIANCE> 6
 3.129757e+01 1.230843e+04 1.230786e+04 2.593203e+02 1.595152e+04 1.545820e+07
<GCONST> 6.509586e+01
<MIXTURE> 8 9.144939e-02
<MEAN> 6
 6.536086e+01 -5.193414e+02 1.473941e+03 -8.014436e-01 -3.368206e+00 -1.065094e+02
<VARIANCE> 6
 3.129757e+01 1.230843e+04 1.230786e+04 2.593203e+02 1.595152e+04 1.545820e+07
<GCONST> 6.509586e+01
<MIXTURE> 9 8.607288e-02
<MEAN> 6
 7.897121e+01 2.615380e+03 -2.108416e+02 -1.346827e+00 2.001603e+00 -7.468327e+01
<VARIANCE> 6
 3.129757e+01 8.362544e+04 1.230786e+04 2.593203e+02 1.595152e+04 1.545820e+07
<GCONST> 6.701192e+01
<MIXTURE> 10 5.860922e-02
<MEAN> 6
 7.310818e+01 3.449668e+02 7.064261e+02 -1.659238e+00 -5.360739e+00 -9.840936e+01
<VARIANCE> 6
 3.129757e+01 1.230843e+04 1.230786e+04 2.593203e+02 1.595152e+04 1.545820e+07
<GCONST> 6.509586e+01
<MIXTURE> 11 7.115262e-02
<MEAN> 6
 5.349657e+01 -5.080812e+02 2.469846e+03 8.882933e-01 -1.016598e+01 -1.592804e+02
<VARIANCE> 6
 3.129757e+01 1.230843e+04 1.230786e+04 2.593203e+02 1.595152e+04 1.545820e+07
<GCONST> 6.509586e+01
<MIXTURE> 12 1.015863e-01
<MEAN> 6
 7.329343e+01 -8.962312e+03 1.337956e+03 -4.341996e-01 4.021125e-01 -5.831093e+01
<VARIANCE> 6
 3.129757e+01 1.445463e+04 1.107418e+05 2.593203e+02 1.595152e+04 1.545820e+07
<GCONST> 6.745355e+01
<MIXTURE> 13 9.244816e-02
<MEAN> 6
 7.270401e+01 -7.854849e+02 1.772748e+03 1.815722e+00 -4.491861e+00 5.451885e+01
<VARIANCE> 6
 3.129757e+01 1.230843e+04 1.230786e+04 2.593203e+02 1.595152e+04 1.545820e+07
<GCONST> 6.509586e+01
<MIXTURE> 14 6.792706e-02
<MEAN> 6
 7.104752e+01 8.306777e+02 6.566436e+02 6.680993e-01 -2.602368e+00 -4.200367e+01
<VARIANCE> 6
 3.129757e+01 1.230843e+04 1.230786e+04 2.593203e+02 1.595152e+04 1.545820e+07
<GCONST> 6.509586e+01
<MIXTURE> 15 4.895138e-02
<MEAN> 6
 7.310555e+01 1.887616e+02 6.234760e+02 -4.925916e-01 -6.776493e+00 -3.696544e+02
<VARIANCE> 6
 3.129757e+01 5.818086e+04 1.230786e+04 2.593203e+02 1.595152e+04 1.545820e+07
<GCONST> 6.664913e+01
<STATE> 13
<NUMMIXES> 15
<MIXTURE> 1 7.732355e-03
<MEAN> 6
 -2.782776e+00 -4.457614e+02 1.098334e+01 1.449315e+01 -1.292025e+01 6.375267e+03
<VARIANCE> 6
 8.969181e+03 7.123215e+05 1.200255e+06 1.622228e+06 8.857382e+08 1.283252e+12
<GCONST> 1.103848e+02
<MIXTURE> 2 8.374596e-02
<MEAN> 6
 1.086638e+02 8.414455e+01 4.472982e+02 -7.116049e+00 -1.824249e+01 -2.828561e+02
<VARIANCE> 6
 1.795250e+02 1.301318e+06 7.636157e+05 2.593203e+02 1.778943e+04 1.545820e+07
<GCONST> 7.574036e+01
<MIXTURE> 3 3.494712e-02
<MEAN> 6
 2.286027e+01 9.026753e+02 -3.523889e+02 -4.381390e+01 -7.942333e+00 1.911578e+03
<VARIANCE> 6
 5.668560e+03 2.171768e+07 2.087156e+06 7.107213e+04 4.347608e+06 3.322635e+09
<GCONST> 9.949552e+01
<MIXTURE> 4 9.480410e-02
<MEAN> 6
 2.191325e+01 3.442122e+01 3.898383e+01 2.515869e+02 1.908921e+01 -4.071385e+03
<VARIANCE> 6
 7.863359e+02 4.621635e+05 3.513672e+05 7.182513e+03 2.115394e+05 7.425756e+07
<GCONST> 8.277254e+01
<MIXTURE> 5 6.268355e-02
<MEAN> 6
 5.779802e-01 -6.972572e+01 1.963348e+01 -3.080978e+02 2.318116e+02 1.168575e+04
<VARIANCE> 6
 4.946436e+02 3.755302e+05 6.376269e+05 9.441144e+03 6.962192e+05 3.839978e+08
<GCONST> 8.580510e+01
<MIXTURE> 6 7.601726e-02
<MEAN> 6
 -5.574363e+01 6.582582e+01 -6.425707e+01 1.941357e+00 1.263886e+02 4.266381e+02
<VARIANCE> 6
 3.154728e+02 3.804284e+05 3.492636e+05 5.594655e+02 5.202248e+04 2.470540e+07
<GCONST> 7.660292e+01
<MIXTURE> 7 5.300931e-02
<MEAN> 6
 1.057509e+02 2.524106e+01 8.671610e+01 3.999973e+01 -1.006161e+03 -2.589160e+02
<VARIANCE> 6
 6.795138e+02 6.807146e+05 2.635854e+05 2.403556e+04 2.379344e+06 1.356511e+09
<GCONST> 8.925948e+01
<MIXTURE> 8 8.722261e-02
<MEAN> 6
 -3.974831e+01 5.726877e+01 4.489404e+01 7.516915e+01 6.886956e+02 -3.234319e+02
<VARIANCE> 6
 3.022873e+02 3.237173e+05 3.164042e+05 1.615372e+04 1.333340e+05 4.361210e+07
<GCONST> 8.117241e+01
<MIXTURE> 9 5.164675e-02
<MEAN> 6
 7.896236e+01 3.084279e+02 -4.426825e+02 -7.025804e-02 -1.707677e+01 -2.201339e+02
<VARIANCE> 6
 1.724884e+02 5.860874e+05 6.518206e+05 2.593203e+02 1.595152e+04 1.545820e+07
<GCONST> 7.463536e+01
<MIXTURE> 10 8.743951e-02
<MEAN> 6
 6.250376e+01 -9.156245e+01 5.022243e+00 -4.309760e+01 -8.965463e+02 3.659705e+01
<VARIANCE> 6
 7.559375e+02 3.243828e+05 2.074628e+06 5.909106e+04 5.326492e+05 2.149201e+08
<GCONST> 8.824842e+01
<MIXTURE> 11 9.995496e-02
<MEAN> 6
 6.990598e+01 2.066380e+01 6.178392e+01 -4.630847e+01 -4.348160e+02 2.747346e+02
<VARIANCE> 6
 8.957744e+02 2.417186e+05 2.405671e+05 2.739623e+04 1.498809e+05 3.401737e+07
<GCONST> 8.208938e+01
<MIXTURE> 12 6.594349e-02
<MEAN> 6
 -4.725026e+01 -1.793349e+02 3.410640e+01 -3.148485e+01 1.588117e+03 -3.771260e+03
<VARIANCE> 6
 3.059596e+02 4.865732e+05 2.874479e+05 4.422281e+04 8.583489e+05 5.616911e+08
<GCONST> 8.692088e+01
<MIXTURE> 13 8.490764e-02
<MEAN> 6
 9.257703e+01 -1.414528e+02 -8.858078e+01 -1.426660e+01 -5.195322e+02 -1.483353e+03
<VARIANCE> 6
 2.641172e+02 9.245589e+05 3.497674e+05 1.174743e+04 3.669655e+05 1.224799e+08
<GCONST> 8.391363e+01
<MIXTURE> 14 5.887345e-02
<MEAN> 6
 -6.933205e+01 1.152025e+02 -2.691689e+02 1.135400e+01 5.543014e+02 -9.343030e+02
<VARIANCE> 6
 4.855605e+02 4.106700e+05 2.345092e+06 8.531818e+03 3.419638e+05 1.824281e+08
<GCONST> 8.562183e+01
<MIXTURE> 15 5.061369e-02
<MEAN> 6
 7.904469e+01 1.470282e+02 -7.277603e+02 -4.677264e-01 -2.299973e+01 -2.258246e+02
<VARIANCE> 6
 1.608988e+02 5.013433e+05 1.293653e+06 2.593203e+02 1.595152e+04 1.545820e+07
<GCONST> 7.509509e+01
<TRANSP> 14
 0.000000e+00 1.000000e+00 0.000000e+00 0.000000e+00 0.000000e+00 0.000000e+00 0.000000e+00 0.000000e+00 0.000000e+00 0.000000e+00 0.000000e+00 0.000000e+00 0.000000e+00 0.000000e+00
 0.000000e+00 9.999156e-01 8.441741e-05 0.000000e+00 0.000000e+00 0.000000e+00 0.000000e+00 0.000000e+00 0.000000e+00 0.000000e+00 0.000000e+00 0.000000e+00 0.000000e+00 0.000000e+00
 0.000000e+00 0.000000e+00 9.968997e-01 3.100262e-03 0.000000e+00 0.000000e+00 0.000000e+00 0.000000e+00 0.000000e+00 0.000000e+00 0.000000e+00 0.000000e+00 0.000000e+00 0.000000e+00
 0.000000e+00 0.000000e+00 0.000000e+00 9.977738e-01 2.226154e-03 0.000000e+00 0.000000e+00 0.000000e+00 0.000000e+00 0.000000e+00 0.000000e+00 0.000000e+00 0.000000e+00 0.000000e+00
 0.000000e+00 0.000000e+00 0.000000e+00 0.000000e+00 9.963573e-01 3.642759e-03 0.000000e+00 0.000000e+00 0.000000e+00 0.000000e+00 0.000000e+00 0.000000e+00 0.000000e+00 0.000000e+00
 0.000000e+00 0.000000e+00 0.000000e+00 0.000000e+00 0.000000e+00 9.954659e-01 4.534109e-03 0.000000e+00 0.000000e+00 0.000000e+00 0.000000e+00 0.000000e+00 0.000000e+00 0.000000e+00
 0.000000e+00 0.000000e+00 0.000000e+00 0.000000e+00 0.000000e+00 0.000000e+00 9.970387e-01 2.961385e-03 0.000000e+00 0.000000e+00 0.000000e+00 0.000000e+00 0.000000e+00 0.000000e+00
 0.000000e+00 0.000000e+00 0.000000e+00 0.000000e+00 0.000000e+00 0.000000e+00 0.000000e+00 9.970649e-01 2.935125e-03 0.000000e+00 0.000000e+00 0.000000e+00 0.000000e+00 0.000000e+00
 0.000000e+00 0.000000e+00 0.000000e+00 0.000000e+00 0.000000e+00 0.000000e+00 0.000000e+00 0.000000e+00 9.977626e-01 2.237379e-03 0.000000e+00 0.000000e+00 0.000000e+00 0.000000e+00
 0.000000e+00 0.000000e+00 0.000000e+00 0.000000e+00 0.000000e+00 0.000000e+00 0.000000e+00 0.000000e+00 0.000000e+00 9.974469e-01 2.553162e-03 0.000000e+00 0.000000e+00 0.000000e+00
 0.000000e+00 0.000000e+00 0.000000e+00 0.000000e+00 0.000000e+00 0.000000e+00 0.000000e+00 0.000000e+00 0.000000e+00 0.000000e+00 9.974973e-01 2.502750e-03 0.000000e+00 0.000000e+00
 0.000000e+00 0.000000e+00 0.000000e+00 0.000000e+00 0.000000e+00 0.000000e+00 0.000000e+00 0.000000e+00 0.000000e+00 0.000000e+00 0.000000e+00 9.977865e-01 2.213515e-03 0.000000e+00
 0.000000e+00 0.000000e+00 0.000000e+00 0.000000e+00 0.000000e+00 0.000000e+00 0.000000e+00 0.000000e+00 0.000000e+00 0.000000e+00 0.000000e+00 0.000000e+00 9.999112e-01 8.882528e-05
 0.000000e+00 0.000000e+00 0.000000e+00 0.000000e+00 0.000000e+00 0.000000e+00 0.000000e+00 0.000000e+00 0.000000e+00 0.000000e+00 0.000000e+00 0.000000e+00 0.000000e+00 0.000000e+00
<ENDHMM>
~h "SegundoESO"
<BEGINHMM>
<NUMSTATES> 14
<STATE> 2
<NUMMIXES> 15
<MIXTURE> 1 4.676088e-02
<MEAN> 6
 9.146986e+01 -2.924979e+03 4.286210e+03 -3.247941e+00 -1.979483e+01 4.686208e+01
<VARIANCE> 6
 1.432460e+02 5.258994e+06 2.136832e+07 2.593203e+02 1.595152e+04 1.545820e+07
<GCONST> 8.013372e+01
<MIXTURE> 2 5.467292e-02
<MEAN> 6
 -1.892189e+00 5.044639e+02 2.157616e+03 -5.091179e+01 2.147084e+02 -9.197635e+02
<VARIANCE> 6
 3.741711e+02 1.439738e+06 5.993002e+06 9.450239e+04 2.280518e+05 2.124474e+08
<GCONST> 8.970596e+01
<MIXTURE> 3 7.686136e-02
<MEAN> 6
 9.600731e+01 -4.705936e+02 1.340354e+03 1.762911e+01 -5.183449e+02 -6.041694e+02
<VARIANCE> 6
 1.002232e+02 7.596596e+05 4.748314e+06 6.881739e+03 9.025716e+04 2.943812e+07
<GCONST> 8.199344e+01
<MIXTURE> 4 9.855958e-02
<MEAN> 6
 1.532274e+01 -1.227037e+03 3.471371e+02 3.270534e+01 3.062127e+01 -6.450270e+02
<VARIANCE> 6
 2.592507e+03 4.223390e+07 2.558268e+05 2.735386e+04 1.793191e+05 3.283866e+07
<GCONST> 8.851929e+01
<MIXTURE> 5 8.842396e-02
<MEAN> 6
 -5.254461e+01 6.386114e+02 1.793284e+03 9.836017e+01 7.453892e+02 -4.788750e+02
<VARIANCE> 6
 3.255513e+02 7.578606e+05 7.376076e+06 1.154785e+04 1.844760e+05 5.054952e+07
<GCONST> 8.538278e+01
<MIXTURE> 6 5.303781e-02
<MEAN> 6
 7.355462e+01 4.352140e+02 -1.338836e+03 -5.547804e-01 1.064764e-01 -7.810198e+01
<VARIANCE> 6
 3.129757e+01 1.277659e+05 1.382477e+07 2.593203e+02 1.595152e+04 1.545820e+07
<GCONST> 7.445975e+01
<MIXTURE> 7 6.179522e-02
<MEAN> 6
 -5.167359e+01 -2.062917e+02 -1.415217e+02 5.953633e+00 3.964245e+01 3.112153e+02
<VARIANCE> 6
 4.335469e+02 1.233070e+06 2.899438e+06 2.593203e+02 1.617031e+04 1.545820e+07
<GCONST> 7.780695e+01
<MIXTURE> 8 6.064181e-02
<MEAN> 6
 5.412656e+01 2.633616e+01 2.476275e+03 -2.996354e+01 -8.268900e+02 1.217512e+03
<VARIANCE> 6
 4.033308e+02 1.949769e+05 5.952502e+06 6.584151e+04 2.405108e+05 8.977463e+07
<GCONST> 8.660532e+01
<MIXTURE> 9 8.243582e-02
<MEAN> 6
 -4.994617e+01 -4.717026e+02 9.522087e+02 -8.875633e+01 1.126562e+03 1.487318e+03
<VARIANCE> 6
 2.330680e+02 5.386386e+06 4.363459e+06 2.347174e+04 4.368701e+05 2.298374e+08
<GCONST> 8.957058e+01
<MIXTURE> 10 4.944284e-02
<MEAN> 6
 9.078431e+01 7.410512e+02 -7.224458e+01 -2.213569e+01 -9.217474e+02 -1.560635e+02
<VARIANCE> 6
 2.838291e+02 2.496907e+07 6.183926e+06 2.072944e+04 6.796891e+05 2.844147e+08
<GCONST> 9.218089e+01
<MIXTURE> 11 1.850139e-02
<MEAN> 6
 7.174097e+01 1.320528e+04 -1.200460e+03 -6.091141e-01 6.904483e-03 -9.400513e+01
<VARIANCE> 6
 3.129757e+01 1.230843e+04 1.230786e+04 2.593203e+02 1.595152e+04 1.545820e+07
<GCONST> 6.509586e+01
<MIXTURE> 12 9.773157e-02
<MEAN> 6
 6.788461e+01 5.643034e+02 -8.899236e+02 3.143618e+01 -4.596453e+02 5.370955e+01
<VARIANCE> 6
 3.210593e+02 3.359653e+06 4.063308e+06 2.968654e+04 6.511602e+04 2.805209e+07
<GCONST> 8.557570e+01
<MIXTURE> 13 5.563394e-02
<MEAN> 6
 5.798199e+00 9.831039e+02 -2.167976e+03 -1.223968e+01 1.155796e+02 -7.004884e+01
<VARIANCE> 6
 3.975713e+02 1.979022e+06 2.216347e+06 4.841810e+04 5.711031e+04 5.870646e+07
<GCONST> 8.575055e+01
<MIXTURE> 14 1.054039e-01
<MEAN> 6
 8.702505e+01 -5.613140e+02 1.212034e+03 -2.626729e+00 -1.440982e+01 -1.106216e+02
<VARIANCE> 6
 1.504153e+02 6.278635e+06 2.419255e+06 2.593203e+02 1.595152e+04 1.545820e+07
<GCONST> 7.818132e+01
<MIXTURE> 15 5.001849e-02
<MEAN> 6
 7.508907e+01 -1.911253e+02 -6.574615e+03 -9.080635e-01 -6.898186e+00 -1.028758e+02
<VARIANCE> 6
 3.129757e+01 9.515236e+04 7.621030e+06 2.593203e+02 1.595152e+04 1.545820e+07
<GCONST> 7.356948e+01
<STATE> 3
<NUMMIXES> 15
<MIXTURE> 1 4.350789e-02
<MEAN> 6
 1.019798e+02 -8.266541e+01 1.014817e+03 -2.174187e+01 1.116612e+02 3.364117e+02
<VARIANCE> 6
 3.129757e+01 3.015543e+04 7.935308e+05 2.593203e+02 1.595152e+04 1.545820e+07
<GCONST> 7.015820e+01
<MIXTURE> 2 3.135372e-02
<MEAN> 6
 9.045370e+01 -1.036385e+03 -5.131992e+03 -1.493101e+01 1.357936e+01 4.178955e+02
<VARIANCE> 6
 3.129757e+01 4.411959e+04 6.782036e+05 2.593203e+02 1.595152e+04 1.545820e+07
<GCONST> 7.038169e+01
<MIXTURE> 3 9.687864e-02
<MEAN> 6
 1.140348e+02 -1.315871e+03 -6.324689e+03 -1.033062e+01 1.728896e+01 1.663117e+02
<VARIANCE> 6
 3.129757e+01 1.723112e+04 1.230786e+04 2.593203e+02 1.595152e+04 1.545820e+07
<GCONST> 6.543229e+01
<MIXTURE> 4 5.239274e-02
<MEAN> 6
 1.053060e+02 -8.664424e+02 -6.586133e+03 -4.253238e+00 3.093299e+00 1.299529e+01
<VARIANCE> 6
 3.129757e+01 1.801731e+04 1.230786e+04 2.593203e+02 1.595152e+04 1.545820e+07
<GCONST> 6.547691e+01
<MIXTURE> 5 7.309309e-02
<MEAN> 6
 7.744031e+01 -1.201626e+03 2.964309e+02 -4.125189e-01 -3.924363e+01 5.389957e+02
<VARIANCE> 6
 3.129757e+01 6.833096e+05 1.097924e+05 2.593203e+02 1.595152e+04 1.545820e+07
<GCONST> 7.130087e+01
<MIXTURE> 6 6.522341e-02
<MEAN> 6
 9.749123e+01 -6.308916e+01 -1.760129e+03 -8.088181e+00 1.336244e+01 -2.223462e+02
<VARIANCE> 6
 3.129757e+01 7.339332e+04 4.290160e+04 2.593203e+02 1.595152e+04 1.545820e+07
<GCONST> 6.813008e+01
<MIXTURE> 7 8.941423e-02
<MEAN> 6
 8.292659e+01 -8.186407e+02 -8.931815e+03 -3.928818e+00 5.586985e+00 7.214362e+00
<VARIANCE> 6
 3.129757e+01 1.230843e+04 1.910109e+06 2.593203e+02 1.595152e+04 1.545820e+07
<GCONST> 7.014053e+01
<MIXTURE> 8 8.826707e-02
<MEAN> 6
 8.801952e+01 4.652578e+02 -2.287712e+03 -2.896909e+00 9.408447e-01 2.698890e+01
<VARIANCE> 6
 3.129757e+01 2.122586e+04 1.230786e+04 2.593203e+02 1.595152e+04 1.545820e+07
<GCONST> 6.564079e+01
<MIXTURE> 9 7.999089e-02
<MEAN> 6
 1.014698e+02 -6.397201e+02 -7.016456e+03 -3.519139e+00 -1.738334e+00 -3.266264e+00
<VARIANCE> 6
 3.129757e+01 1.230843e+04 3.398192e+04 2.593203e+02 1.595152e+04 1.545820e+07
<GCONST> 6.611145e+01
<MIXTURE> 10 7.679860e-02
<MEAN> 6
 9.181010e+01 -2.565475e+01 -2.162437e+03 -5.250679e+00 2.950584e+00 -2.261598e+00
<VARIANCE> 6
 3.129757e+01 2.015931e+04 1.230786e+04 2.593203e+02 1.595152e+04 1.545820e+07
<GCONST> 6.558924e+01
<MIXTURE> 11 5.202949e-02
<MEAN> 6
 9.745567e+01 2.258648e+02 -5.889191e+02 -1.272005e+01 2.502287e+01 -1.619041e+01
<VARIANCE> 6
 3.129757e+01 1.230843e+04 5.337995e+05 2.593203e+02 1.595152e+04 1.545820e+07
<GCONST> 6.886564e+01
<MIXTURE> 12 7.762554e-02
<MEAN> 6
 8.033638e+01 -7.701706e+02 -1.165671e+04 -1.543999e+00 -4.770508e-02 -2.771111e+01
<VARIANCE> 6
 3.129757e+01 1.230843e+04 4.444172e+05 2.593203e+02 1.595152e+04 1.545820e+07
<GCONST> 6.868239e+01
<MIXTURE> 13 5.163030e-02
<MEAN> 6
 9.689325e+01 -7.197054e+02 -7.385518e+03 -4.015685e+00 6.797120e+00 1.000395e+02
<VARIANCE> 6
 3.129757e+01 3.583658e+04 1.230786e+04 2.593203e+02 1.595152e+04 1.545820e+07
<GCONST> 6.616454e+01
<MIXTURE> 14 7.046077e-02
<MEAN> 6
 9.182585e+01 3.765738e+02 -2.445741e+03 -4.967010e+00 1.169191e+01 -1.357783e+01
<VARIANCE> 6
 3.129757e+01 1.230843e+04 6.346142e+04 2.593203e+02 1.595152e+04 1.545820e+07
<GCONST> 6.673605e+01
<MIXTURE> 15 5.132544e-02
<MEAN> 6
 9.656595e+01 1.924386e+02 -3.291181e+02 -1.563054e+01 3.021169e+01 4.887031e+00
<VARIANCE> 6
 3.129757e+01 1.230843e+04 6.505478e+05 2.593203e+02 1.595152e+04 1.545820e+07
<GCONST> 6.906344e+01
<STATE> 4
<NUMMIXES> 15
<MIXTURE> 1 7.336651e-02
<MEAN> 6
 7.749471e+01 2.593385e+02 -1.456721e+02 -3.444626e-02 -3.540494e+00 -2.800480e+01
<VARIANCE> 6
 3.129757e+01 1.230843e+04 1.230786e+04 2.593203e+02 1.595152e+04 1.545820e+07
<GCONST> 6.509586e+01
<MIXTURE> 2 9.225973e-02
<MEAN> 6
 7.159804e+01 1.735297e+02 9.087974e+02 -1.956333e+00 6.574410e-02 -1.992720e+01
<VARIANCE> 6
 3.129757e+01 1.230843e+04 1.845692e+06 2.593203e+02 1.595152e+04 1.545820e+07
<GCONST> 7.010623e+01
<MIXTURE> 3 7.345286e-02
<MEAN> 6
 7.639267e+01 4.135236e+02 -8.217680e+02 -4.128972e-02 -8.539407e-01 -6.057411e+01
<VARIANCE> 6
 3.129757e+01 1.230843e+04 1.230786e+04 2.593203e+02 1.595152e+04 1.545820e+07
<GCONST> 6.509586e+01
<MIXTURE> 4 5.739589e-03
<MEAN> 6
 6.904930e+01 -2.085360e+02 -1.753128e+02 -2.401850e+01 1.394236e+02 4.797858e+03
<VARIANCE> 6
 4.696474e+01 8.369041e+05 1.808740e+05 6.781021e+02 2.395225e+05 9.741530e+07
<GCONST> 7.791988e+01
<MIXTURE> 5 5.361785e-02
<MEAN> 6
 7.672697e+01 2.622556e+02 2.052396e+02 -4.286789e+00 5.049604e+00 -3.436868e+01
<VARIANCE> 6
 3.129757e+01 1.230843e+04 1.230786e+04 2.593203e+02 1.595152e+04 1.545820e+07
<GCONST> 6.509586e+01
<MIXTURE> 6 9.856835e-02
<MEAN> 6
 7.387395e+01 6.320411e+01 -6.602032e+02 -7.167794e-01 -1.651234e+00 -7.847845e+01
<VARIANCE> 6
 3.129757e+01 1.230843e+04 1.230786e+04 2.593203e+02 1.595152e+04 1.545820e+07
<GCONST> 6.509586e+01
<MIXTURE> 7 9.743377e-02
<MEAN> 6
 7.652170e+01 -5.742145e+01 -2.344603e+03 -1.495730e-01 2.150937e+00 -4.334631e+01
<VARIANCE> 6
 3.129757e+01 1.230843e+04 8.106070e+04 2.593203e+02 1.595152e+04 1.545820e+07
<GCONST> 6.698082e+01
<MIXTURE> 8 5.325251e-02
<MEAN> 6
 7.394488e+01 6.795541e+01 -6.635208e+02 -7.214345e-01 -1.560381e+00 -7.692382e+01
<VARIANCE> 6
 3.129757e+01 1.230843e+04 1.230786e+04 2.593203e+02 1.595152e+04 1.545820e+07
<GCONST> 6.509586e+01
<MIXTURE> 9 6.457284e-02
<MEAN> 6
 7.055914e+01 2.437250e+02 -5.333436e+02 -1.802706e+00 -8.931500e+00 -1.210365e+01
<VARIANCE> 6
 3.129757e+01 1.982557e+04 1.230786e+04 2.593203e+02 1.595152e+04 1.545820e+07
<GCONST> 6.557255e+01
<MIXTURE> 10 7.366286e-02
<MEAN> 6
 7.639266e+01 4.135235e+02 -8.217681e+02 -4.128999e-02 -8.539491e-01 -6.057399e+01
<VARIANCE> 6
 3.129757e+01 1.230843e+04 1.230786e+04 2.593203e+02 1.595152e+04 1.545820e+07
<GCONST> 6.509586e+01
<MIXTURE> 11 5.473062e-02
<MEAN> 6
 7.369387e+01 -9.615535e+01 -3.875065e+02 1.447406e+00 -8.883256e+00 -1.693727e+02
<VARIANCE> 6
 3.129757e+01 1.230843e+04 2.090228e+04 2.593203e+02 1.595152e+04 1.545820e+07
<GCONST> 6.562548e+01
<MIXTURE> 12 7.264748e-02
<MEAN> 6
 7.749470e+01 2.593359e+02 -1.456728e+02 -3.444352e-02 -3.540450e+00 -2.800665e+01
<VARIANCE> 6
 3.129757e+01 1.230843e+04 1.230786e+04 2.593203e+02 1.595152e+04 1.545820e+07
<GCONST> 6.509586e+01
<MIXTURE> 13 6.516106e-02
<MEAN> 6
 7.060420e+01 2.290818e+02 -5.359581e+02 -1.750562e+00 -9.000607e+00 -2.023241e+01
<VARIANCE> 6
 3.129757e+01 2.038538e+04 1.230786e+04 2.593203e+02 1.595152e+04 1.545820e+07
<GCONST> 6.560040e+01
<MIXTURE> 14 6.839276e-02
<MEAN> 6
 7.373497e+01 -9.962886e+01 -4.584432e+02 -4.195190e-01 -1.096699e+01 -1.820316e+02
<VARIANCE> 6
 3.129757e+01 1.230843e+04 1.230786e+04 2.593203e+02 1.595152e+04 1.545820e+07
<GCONST> 6.509586e+01
<MIXTURE> 15 5.311747e-02
<MEAN> 6
 7.419050e+01 5.468164e+01 -6.690881e+02 -6.678433e-01 -1.606965e+00 -7.811690e+01
<VARIANCE> 6
 3.129757e+01 1.230843e+04 1.230786e+04 2.593203e+02 1.595152e+04 1.545820e+07
<GCONST> 6.509586e+01
<STATE> 5
<NUMMIXES> 15
<MIXTURE> 1 3.780505e-03
<MEAN> 6
 7.189690e+01 -2.702548e+02 -5.560861e+02 -1.991201e+00 -2.702950e+01 -5.558727e+01
<VARIANCE> 6
 1.626321e+02 2.245475e+06 3.352252e+06 2.593203e+02 1.942670e+04 1.545820e+07
<GCONST> 7.775444e+01
<MIXTURE> 2 8.147245e-02
<MEAN> 6
 5.989815e+01 7.027099e+02 -2.552661e+03 2.871888e+00 -1.219725e+01 -2.507164e+02
<VARIANCE> 6
 3.129757e+01 1.230843e+04 2.532905e+04 2.593203e+02 1.595152e+04 1.545820e+07
<GCONST> 6.581757e+01
<MIXTURE> 3 9.110987e-02
<MEAN> 6
 6.882671e+01 8.207200e+02 -9.343988e+02 1.726164e+00 2.103982e+00 -2.607059e+01
<VARIANCE> 6
 3.129757e+01 1.230843e+04 1.883979e+04 2.593203e+02 1.595152e+04 1.545820e+07
<GCONST> 6.552159e+01
<MIXTURE> 4 3.115516e-02
<MEAN> 6
 5.495548e+01 7.296732e+01 -4.952950e+03 -7.778643e-02 1.185556e+01 -1.766813e+02
<VARIANCE> 6
 3.129757e+01 1.230843e+04 1.897669e+04 2.593203e+02 1.595152e+04 1.545820e+07
<GCONST> 6.552883e+01
<MIXTURE> 5 8.270132e-02
<MEAN> 6
 5.711661e+01 6.553108e+02 -3.749193e+03 1.921674e+00 1.024503e+01 1.981055e+01
<VARIANCE> 6
 3.129757e+01 1.230843e+04 1.241100e+05 2.593203e+02 1.595152e+04 1.545820e+07
<GCONST> 6.740679e+01
<MIXTURE> 6 6.141213e-02
<MEAN> 6
 6.668178e+01 8.131945e+02 -1.231409e+03 8.198386e-01 -1.836348e-01 -1.014469e+02
<VARIANCE> 6
 3.129757e+01 1.230843e+04 1.230786e+04 2.593203e+02 1.595152e+04 1.545820e+07
<GCONST> 6.509586e+01
<MIXTURE> 7 2.610143e-02
<MEAN> 6
 6.688854e+01 9.388195e+02 -3.500158e+02 9.218849e+00 -2.208569e+01 -1.711331e+02
<VARIANCE> 6
 3.129757e+01 3.701148e+04 1.230786e+04 2.593203e+02 1.595152e+04 1.545820e+07
<GCONST> 6.619680e+01
<MIXTURE> 8 8.829712e-02
<MEAN> 6
 5.418033e+01 5.886307e+02 -5.574840e+03 2.567172e+00 -3.939035e+00 1.947720e+01
<VARIANCE> 6
 3.129757e+01 1.692393e+04 2.722318e+05 2.593203e+02 1.595152e+04 1.545820e+07
<GCONST> 6.851072e+01
<MIXTURE> 9 9.962713e-02
<MEAN> 6
 5.924157e+01 7.025845e+02 -3.061083e+03 3.482245e+00 -9.933724e+00 -1.432125e+01
<VARIANCE> 6
 3.129757e+01 1.230843e+04 6.787257e+04 2.593203e+02 1.595152e+04 1.545820e+07
<GCONST> 6.680325e+01
<MIXTURE> 10 1.238075e-01
<MEAN> 6
 7.323089e+01 8.011446e+02 -6.781468e+02 1.026185e+00 -7.084065e+00 6.181686e+01
<VARIANCE> 6
 3.129757e+01 2.984954e+04 1.230786e+04 2.593203e+02 1.595152e+04 1.545820e+07
<GCONST> 6.598174e+01
<MIXTURE> 11 6.021833e-02
<MEAN> 6
 6.671462e+01 8.143546e+02 -1.224095e+03 8.673944e-01 5.088947e-01 -9.675298e+01
<VARIANCE> 6
 3.129757e+01 1.230843e+04 1.230786e+04 2.593203e+02 1.595152e+04 1.545820e+07
<GCONST> 6.509586e+01
<MIXTURE> 12 9.336880e-02
<MEAN> 6
 5.629900e+01 6.320494e+02 -4.425029e+03 7.035496e-01 2.985963e+00 2.292811e+01
<VARIANCE> 6
 3.129757e+01 1.230843e+04 2.248194e+05 2.593203e+02 1.595152e+04 1.545820e+07
<GCONST> 6.800092e+01
<MIXTURE> 13 3.381348e-02
<MEAN> 6
 7.107211e+01 8.158533e+02 -1.177654e+03 9.855552e-01 -4.130495e+01 -2.568436e+02
<VARIANCE> 6
 3.129757e+01 1.230843e+04 2.828044e+05 2.593203e+02 1.595152e+04 1.545820e+07
<GCONST> 6.823038e+01
<MIXTURE> 14 6.282976e-02
<MEAN> 6
 6.666204e+01 8.124680e+02 -1.236677e+03 7.858564e-01 -7.375054e-01 -1.055500e+02
<VARIANCE> 6
 3.129757e+01 1.230843e+04 1.230786e+04 2.593203e+02 1.595152e+04 1.545820e+07
<GCONST> 6.509586e+01
<MIXTURE> 15 6.028838e-02
<MEAN> 6
 6.664627e+01 8.118263e+02 -1.241766e+03 7.503842e-01 -1.391033e+00 -1.106523e+02
<VARIANCE> 6
 3.129757e+01 1.230843e+04 1.230786e+04 2.593203e+02 1.595152e+04 1.545820e+07
<GCONST> 6.509586e+01
<STATE> 6
<NUMMIXES> 15
<MIXTURE> 1 6.380532e-02
<MEAN> 6
 8.195504e+01 -2.711685e+02 1.417404e+03 -1.505157e+00 -1.262347e+00 -1.953326e+01
<VARIANCE> 6
 3.129757e+01 6.663998e+04 2.460020e+05 2.593203e+02 1.595152e+04 1.545820e+07
<GCONST> 6.977998e+01
<MIXTURE> 2 5.497070e-02
<MEAN> 6
 7.330997e+01 7.038921e+02 1.108666e+03 6.918860e-01 1.136143e+00 -1.279977e+02
<VARIANCE> 6
 3.129757e+01 1.230843e+04 5.331254e+04 2.593203e+02 1.595152e+04 1.545820e+07
<GCONST> 6.656179e+01
<MIXTURE> 3 9.602597e-02
<MEAN> 6
 7.850580e+01 4.584073e+02 6.449766e+02 -8.149755e-02 4.272393e+00 2.842816e+01
<VARIANCE> 6
 3.129757e+01 1.230843e+04 1.813071e+04 2.593203e+02 1.595152e+04 1.545820e+07
<GCONST> 6.548323e+01
<MIXTURE> 4 7.957584e-02
<MEAN> 6
 7.310585e+01 6.296371e+02 3.365365e+02 -6.052657e-01 -1.337274e+00 4.010423e+00
<VARIANCE> 6
 3.129757e+01 1.230843e+04 1.230786e+04 2.593203e+02 1.595152e+04 1.545820e+07
<GCONST> 6.509586e+01
<MIXTURE> 5 3.751466e-02
<MEAN> 6
 7.511000e+01 2.872178e+02 1.218147e+03 -7.105067e-02 -4.656024e+00 -1.124353e+02
<VARIANCE> 6
 3.129757e+01 1.230843e+04 4.041322e+04 2.593203e+02 1.595152e+04 1.545820e+07
<GCONST> 6.628478e+01
<MIXTURE> 6 7.875801e-02
<MEAN> 6
 7.311137e+01 6.264501e+02 3.359339e+02 -5.998776e-01 -1.317881e+00 4.483330e+00
<VARIANCE> 6
 3.129757e+01 1.230843e+04 1.230786e+04 2.593203e+02 1.595152e+04 1.545820e+07
<GCONST> 6.509586e+01
<MIXTURE> 7 5.957559e-02
<MEAN> 6
 7.418242e+01 9.669088e+02 2.861074e+02 -5.460711e-01 -1.234759e+00 -9.993581e+01
<VARIANCE> 6
 3.129757e+01 2.429808e+04 1.230786e+04 2.593203e+02 1.595152e+04 1.545820e+07
<GCONST> 6.577597e+01
<MIXTURE> 8 4.364317e-02
<MEAN> 6
 7.489190e+01 6.359793e+02 3.030829e+02 -2.980906e+00 -2.187362e+00 1.065464e+02
<VARIANCE> 6
 3.129757e+01 1.230843e+04 1.607704e+05 2.593203e+02 1.595152e+04 1.545820e+07
<GCONST> 6.766560e+01
<MIXTURE> 9 7.509716e-02
<MEAN> 6
 7.089158e+01 1.039669e+03 9.082957e+01 -2.339951e-01 -4.571228e-01 -8.778840e+01
<VARIANCE> 6
 3.129757e+01 1.230843e+04 1.230786e+04 2.593203e+02 1.595152e+04 1.545820e+07
<GCONST> 6.509586e+01
<MIXTURE> 10 5.800733e-02
<MEAN> 6
 7.327039e+01 5.744749e+02 3.097761e+02 -5.100366e-01 -5.807954e-01 1.223762e+01
<VARIANCE> 6
 3.129757e+01 1.230843e+04 1.230786e+04 2.593203e+02 1.595152e+04 1.545820e+07
<GCONST> 6.509586e+01
<MIXTURE> 11 7.926977e-02
<MEAN> 6
 7.311300e+01 6.255043e+02 3.356788e+02 -5.982990e-01 -1.311495e+00 4.625826e+00
<VARIANCE> 6
 3.129757e+01 1.230843e+04 1.230786e+04 2.593203e+02 1.595152e+04 1.545820e+07
<GCONST> 6.509586e+01
<MIXTURE> 12 1.082057e-01
<MEAN> 6
 8.134893e+01 2.610677e+02 4.099850e+02 -7.432716e-02 -4.584752e+00 -1.029233e+02
<VARIANCE> 6
 3.129757e+01 1.230843e+04 1.230786e+04 2.593203e+02 1.595152e+04 1.545820e+07
<GCONST> 6.509586e+01
<MIXTURE> 13 7.199884e-02
<MEAN> 6
 7.140205e+01 9.863396e+02 5.211666e+01 -6.293554e-01 -1.374212e+00 -4.694377e+01
<VARIANCE> 6
 3.129757e+01 1.230843e+04 1.230786e+04 2.593203e+02 1.595152e+04 1.545820e+07
<GCONST> 6.509586e+01
<MIXTURE> 14 5.253928e-02
<MEAN> 6
 7.416129e+01 7.025447e+02 9.845874e+02 1.280077e+00 1.955460e+00 -9.650018e+01
<VARIANCE> 6
 3.129757e+01 1.230843e+04 4.800193e+04 2.593203e+02 1.595152e+04 1.545820e+07
<GCONST> 6.645686e+01
<MIXTURE> 15 4.097597e-02
<MEAN> 6
 8.146918e+01 -3.355186e+02 1.175610e+03 -4.566494e+00 8.705760e+00 -1.280981e+02
<VARIANCE> 6
 3.129757e+01 1.868047e+05 5.084846e+05 2.593203e+02 1.595152e+04 1.545820e+07
<GCONST> 7.153683e+01
<STATE> 7
<NUMMIXES> 15
<MIXTURE> 1 9.522394e-02
<MEAN> 6
 6.567232e+01 -4.008550e+02 1.773965e+03 -2.350067e+00 9.308442e-02 -6.667805e+01
<VARIANCE> 6
 3.129757e+01 7.874442e+04 5.106732e+04 2.593203e+02 1.595152e+04 1.545820e+07
<GCONST> 6.837469e+01
<MIXTURE> 2 7.994485e-02
<MEAN> 6
 7.438576e+01 -1.954379e+02 2.340192e+02 -4.435554e-01 -3.633010e+00 1.885895e+01
<VARIANCE> 6
 3.129757e+01 1.230843e+04 1.230786e+04 2.593203e+02 1.595152e+04 1.545820e+07
<GCONST> 6.509586e+01
<MIXTURE> 3 9.536149e-02
<MEAN> 6
 6.102404e+01 -3.337111e+02 -3.669548e+02 3.356229e-01 -1.526242e+00 -2.386485e+01
<VARIANCE> 6
 3.129757e+01 1.230843e+04 1.447982e+04 2.593203e+02 1.595152e+04 1.545820e+07
<GCONST> 6.525838e+01
<MIXTURE> 4 4.782363e-02
<MEAN> 6
 6.813485e+01 -6.220330e+02 -7.233736e+02 -2.391055e-01 -4.373993e-01 -3.751943e+01
<VARIANCE> 6
 3.129757e+01 1.230843e+04 3.213127e+04 2.593203e+02 1.595152e+04 1.545820e+07
<GCONST> 6.605545e+01
<MIXTURE> 5 5.086882e-02
<MEAN> 6
 6.943475e+01 -3.858840e+02 3.476016e+02 -1.173730e-01 -2.087003e+00 -3.543882e+01
<VARIANCE> 6
 3.129757e+01 1.230843e+04 1.230786e+04 2.593203e+02 1.595152e+04 1.545820e+07
<GCONST> 6.509586e+01
<MIXTURE> 6 9.375834e-02
<MEAN> 6
 7.272076e+01 -3.743040e+02 8.409409e+02 -6.096612e-01 -1.809284e+00 -2.691574e+01
<VARIANCE> 6
 3.129757e+01 1.230843e+04 3.501323e+04 2.593203e+02 1.595152e+04 1.545820e+07
<GCONST> 6.614135e+01
<MIXTURE> 7 3.698358e-02
<MEAN> 6
 6.541422e+01 -9.626901e+02 1.590637e+02 -1.135680e+00 -5.544419e+00 4.242319e+01
<VARIANCE> 6
 3.129757e+01 2.682832e+05 1.173696e+05 2.593203e+02 1.595152e+04 1.545820e+07
<GCONST> 7.043271e+01
<MIXTURE> 8 6.262450e-02
<MEAN> 6
 6.877807e+01 -3.940801e+02 3.385582e+02 -1.280794e-01 -2.095857e+00 -3.993600e+01
<VARIANCE> 6
 3.129757e+01 1.230843e+04 1.230786e+04 2.593203e+02 1.595152e+04 1.545820e+07
<GCONST> 6.509586e+01
<MIXTURE> 9 9.585486e-02
<MEAN> 6
 6.126206e+01 -5.967032e+02 2.019998e+01 -6.184686e-02 3.855628e+00 -4.651136e+01
<VARIANCE> 6
 3.129757e+01 4.458788e+04 1.293683e+04 2.593203e+02 1.595152e+04 1.545820e+07
<GCONST> 6.643288e+01
<MIXTURE> 10 7.154159e-02
<MEAN> 6
 7.670937e+01 -3.648591e+02 -9.869292e+01 -1.114666e+00 -1.014489e+01 -6.654996e+01
<VARIANCE> 6
 3.129757e+01 1.230843e+04 1.230786e+04 2.593203e+02 1.595152e+04 1.545820e+07
<GCONST> 6.509586e+01
<MIXTURE> 11 6.560608e-02
<MEAN> 6
 5.777198e+01 -3.119585e+02 -4.605265e+02 -2.901094e-01 1.453968e+00 -1.543030e+01
<VARIANCE> 6
 3.129757e+01 1.230843e+04 6.909141e+04 2.593203e+02 1.595152e+04 1.545820e+07
<GCONST> 6.682105e+01
<MIXTURE> 12 1.767875e-02
<MEAN> 6
 7.223272e+01 -3.957585e+02 3.501167e+02 -1.940086e+00 5.343350e-01 1.335536e+01
<VARIANCE> 6
 3.129757e+01 1.230843e+04 7.039752e+05 2.593203e+02 1.595152e+04 1.545820e+07
<GCONST> 6.914236e+01
<MIXTURE> 13 7.965648e-02
<MEAN> 6
 6.442229e+01 -7.633502e+02 -2.403164e+02 1.066681e+00 -3.333199e+00 -1.327178e+01
<VARIANCE> 6
 3.129757e+01 1.675860e+04 4.113688e+04 2.593203e+02 1.595152e+04 1.545820e+07
<GCONST> 6.661115e+01
<MIXTURE> 14 5.661358e-02
<MEAN> 6
 6.703120e+01 -4.126800e+02 3.199956e+02 -1.777602e-01 -1.639342e+00 -4.702262e+01
<VARIANCE> 6
 3.129757e+01 1.230843e+04 1.230786e+04 2.593203e+02 1.595152e+04 1.545820e+07
<GCONST> 6.509586e+01
<MIXTURE> 15 5.040643e-02
<MEAN> 6
 6.765329e+01 -4.066438e+02 3.247949e+02 -1.605431e-01 -1.864115e+00 -4.537849e+01
<VARIANCE> 6
 3.129757e+01 1.230843e+04 1.230786e+04 2.593203e+02 1.595152e+04 1.545820e+07
<GCONST> 6.509586e+01
<STATE> 8
<NUMMIXES> 15
<MIXTURE> 1 7.209498e-02
<MEAN> 6
 6.504884e+01 4.195089e+01 -1.275366e+03 -1.334746e+00 6.398650e+00 8.375224e+01
<VARIANCE> 6
 3.129757e+01 1.230843e+04 1.339053e+04 2.593203e+02 1.595152e+04 1.545820e+07
<GCONST> 6.518017e+01
<MIXTURE> 2 6.675138e-02
<MEAN> 6
 6.920547e+01 -1.618412e+02 -9.446005e+02 3.910838e+00 -1.719581e+02 -5.839604e+03
<VARIANCE> 6
 4.213655e+01 3.224545e+05 7.520706e+05 1.291628e+03 3.001952e+05 9.325581e+07
<GCONST> 7.910918e+01
<MIXTURE> 3 5.994362e-02
<MEAN> 6
 6.055445e+01 3.072550e+02 -1.764293e+03 -1.184893e+00 -3.031284e+01 -5.365067e+02
<VARIANCE> 6
 3.129757e+01 1.230843e+04 1.230786e+04 2.593203e+02 1.595152e+04 1.545820e+07
<GCONST> 6.509586e+01
<MIXTURE> 4 9.006832e-02
<MEAN> 6
 6.424011e+01 -7.105048e+01 -1.585656e+03 5.994085e-01 3.591876e+00 -3.919390e+01
<VARIANCE> 6
 3.129757e+01 1.230843e+04 1.230786e+04 2.593203e+02 1.595152e+04 1.545820e+07
<GCONST> 6.509586e+01
<MIXTURE> 5 1.034072e-01
<MEAN> 6
 5.505349e+01 1.345157e+02 -2.714252e+03 2.288696e-02 1.445663e-01 -9.729332e-01
<VARIANCE> 6
 3.129757e+01 1.230843e+04 1.569730e+05 2.593203e+02 1.595152e+04 1.545820e+07
<GCONST> 6.764169e+01
<MIXTURE> 6 6.996474e-02
<MEAN> 6
 6.296228e+01 -2.479427e+02 -1.510049e+03 -9.212850e-01 -1.339454e-01 1.912856e+01
<VARIANCE> 6
 3.129757e+01 1.230843e+04 1.230786e+04 2.593203e+02 1.595152e+04 1.545820e+07
<GCONST> 6.509586e+01
<MIXTURE> 7 5.581516e-02
<MEAN> 6
 6.022331e+01 2.674303e+02 -1.936030e+03 1.104748e-01 -4.071966e-01 -3.197454e+01
<VARIANCE> 6
 3.129757e+01 1.230843e+04 1.230786e+04 2.593203e+02 1.595152e+04 1.545820e+07
<GCONST> 6.509586e+01
<MIXTURE> 8 6.021766e-02
<MEAN> 6
 6.019255e+01 2.662939e+02 -1.940313e+03 1.130048e-01 -2.984128e-01 -2.948815e+01
<VARIANCE> 6
 3.129757e+01 1.230843e+04 1.230786e+04 2.593203e+02 1.595152e+04 1.545820e+07
<GCONST> 6.509586e+01
<MIXTURE> 9 4.966127e-02
<MEAN> 6
 5.491822e+01 9.936059e+01 -3.878675e+03 5.715579e-02 -1.852148e-01 9.883457e+00
<VARIANCE> 6
 3.129757e+01 1.230843e+04 2.466572e+05 2.593203e+02 1.595152e+04 1.545820e+07
<GCONST> 6.809362e+01
<MIXTURE> 10 8.993473e-02
<MEAN> 6
 6.424008e+01 -7.108926e+01 -1.585685e+03 5.995522e-01 3.597036e+00 -3.907899e+01
<VARIANCE> 6
 3.129757e+01 1.230843e+04 1.230786e+04 2.593203e+02 1.595152e+04 1.545820e+07
<GCONST> 6.509586e+01
<MIXTURE> 11 4.838425e-02
<MEAN> 6
 6.047403e+01 2.876557e+02 -1.841889e+03 -6.106713e-02 -6.729959e+00 -1.575639e+02
<VARIANCE> 6
 3.129757e+01 1.230843e+04 1.322274e+04 2.593203e+02 1.595152e+04 1.545820e+07
<GCONST> 6.516756e+01
<MIXTURE> 12 6.839132e-02
<MEAN> 6
 6.296013e+01 -2.534670e+02 -1.509397e+03 -1.006601e+00 -9.947127e+00 1.047588e+01
<VARIANCE> 6
 3.129757e+01 1.230843e+04 1.230786e+04 2.593203e+02 1.595152e+04 1.545820e+07
<GCONST> 6.509586e+01
<MIXTURE> 13 5.949617e-02
<MEAN> 6
 6.015435e+01 2.649902e+02 -1.945022e+03 1.156199e-01 -1.901418e-01 -2.698161e+01
<VARIANCE> 6
 3.129757e+01 1.230843e+04 1.230786e+04 2.593203e+02 1.595152e+04 1.545820e+07
<GCONST> 6.509586e+01
<MIXTURE> 14 5.542565e-02
<MEAN> 6
 6.012323e+01 2.639982e+02 -1.948456e+03 1.174411e-01 -1.183183e-01 -2.529987e+01
<VARIANCE> 6
 3.129757e+01 1.230843e+04 1.230786e+04 2.593203e+02 1.595152e+04 1.545820e+07
<GCONST> 6.509586e+01
<MIXTURE> 15 5.042392e-02
<MEAN> 6
 5.489884e+01 9.450266e+01 -4.142696e+03 6.788654e-02 -5.130150e-01 1.757815e+01
<VARIANCE> 6
 3.129757e+01 1.230843e+04 1.699785e+05 2.593203e+02 1.595152e+04 1.545820e+07
<GCONST> 6.772129e+01
<STATE> 9
<NUMMIXES> 15
<MIXTURE> 1 1.038930e-01
<MEAN> 6
 5.789248e+01 2.693854e+03 -2.405538e+02 3.757745e-01 -1.891037e+00 -1.100055e+02
<VARIANCE> 6
 3.129757e+01 1.230843e+04 1.230786e+04 2.593203e+02 1.595152e+04 1.545820e+07
<GCONST> 6.509586e+01
<MIXTURE> 2 8.810280e-02
<MEAN> 6
 6.670983e+01 3.333509e+03 -1.320458e+03 4.053940e-01 -1.401797e+01 -1.256972e+02
<VARIANCE> 6
 3.129757e+01 2.362636e+04 1.230786e+04 2.989755e+02 1.595152e+04 1.545820e+07
<GCONST> 6.589024e+01
<MIXTURE> 3 7.370525e-02
<MEAN> 6
 6.287183e+01 1.806339e+03 -1.575779e+02 4.923096e-01 6.799705e-01 -2.504434e+01
<VARIANCE> 6
 3.129757e+01 1.230843e+04 1.230786e+04 2.593203e+02 1.595152e+04 1.545820e+07
<GCONST> 6.509586e+01
<MIXTURE> 4 7.864260e-02
<MEAN> 6
 5.958335e+01 1.833265e+03 -3.561500e+02 4.367092e-01 -1.042615e+00 -1.420534e+02
<VARIANCE> 6
 3.129757e+01 1.230843e+04 1.230786e+04 2.593203e+02 1.595152e+04 1.545820e+07
<GCONST> 6.509586e+01
<MIXTURE> 5 8.700876e-02
<MEAN> 6
 5.959820e+01 1.605133e+03 -8.794157e+02 1.783083e-01 -1.968681e+00 -2.808359e+00
<VARIANCE> 6
 3.129757e+01 2.149214e+04 1.651146e+04 2.593203e+02 1.595152e+04 1.545820e+07
<GCONST> 6.594708e+01
<MIXTURE> 6 5.661632e-02
<MEAN> 6
 5.910247e+01 2.525396e+03 -2.782771e+02 6.017721e-01 -1.540954e+00 -4.447873e+01
<VARIANCE> 6
 3.129757e+01 1.230843e+04 1.230786e+04 2.593203e+02 1.595152e+04 1.545820e+07
<GCONST> 6.509586e+01
<MIXTURE> 7 6.486563e-02
<MEAN> 6
 5.995906e+01 1.836402e+03 -3.406975e+02 4.189137e-01 -1.103872e+00 -1.494475e+02
<VARIANCE> 6
 3.129757e+01 1.230843e+04 1.230786e+04 2.593203e+02 1.595152e+04 1.545820e+07
<GCONST> 6.509586e+01
<MIXTURE> 8 1.477067e-02
<MEAN> 6
 6.139098e+01 1.997994e+03 -1.175628e+03 -5.944493e+01 -4.584236e+02 -3.204433e+03
<VARIANCE> 6
 8.687745e+01 4.038513e+06 1.120775e+06 1.533108e+03 6.571636e+04 6.948938e+07
<GCONST> 8.111752e+01
<MIXTURE> 9 1.040496e-01
<MEAN> 6
 5.789759e+01 2.693616e+03 -2.405342e+02 3.763059e-01 -1.894435e+00 -1.101004e+02
<VARIANCE> 6
 3.129757e+01 1.230843e+04 1.230786e+04 2.593203e+02 1.595152e+04 1.545820e+07
<GCONST> 6.509586e+01
<MIXTURE> 10 4.786509e-02
<MEAN> 6
 5.908642e+01 1.937796e+03 -1.380522e+03 5.105877e-01 1.051764e+00 -1.150407e+01
<VARIANCE> 6
 3.129757e+01 1.752414e+04 7.858884e+04 2.593203e+02 1.595152e+04 1.545820e+07
<GCONST> 6.730315e+01
<MIXTURE> 11 5.932281e-02
<MEAN> 6
 5.910148e+01 2.524225e+03 -2.787279e+02 6.034195e-01 -1.540278e+00 -4.366981e+01
<VARIANCE> 6
 3.129757e+01 1.230843e+04 1.230786e+04 2.593203e+02 1.595152e+04 1.545820e+07
<GCONST> 6.509586e+01
<MIXTURE> 12 5.156453e-02
<MEAN> 6
 6.452972e+01 2.634775e+03 -1.203054e+03 -7.626916e-02 -1.617581e+00 -5.029508e-01
<VARIANCE> 6
 3.129757e+01 8.006838e+04 1.230786e+04 2.593203e+02 1.595152e+04 1.545820e+07
<GCONST> 6.696846e+01
<MIXTURE> 13 6.514154e-02
<MEAN> 6
 5.947156e+01 1.832168e+03 -3.607642e+02 4.420564e-01 -1.007344e+00 -1.387728e+02
<VARIANCE> 6
 3.129757e+01 1.230843e+04 1.230786e+04 2.593203e+02 1.595152e+04 1.545820e+07
<GCONST> 6.509586e+01
<MIXTURE> 14 5.588894e-02
<MEAN> 6
 5.867364e+01 9.958597e+02 -5.688578e+02 -1.297788e-01 3.726009e-01 9.124342e+00
<VARIANCE> 6
 3.129757e+01 8.968122e+04 1.230786e+04 2.593203e+02 1.595152e+04 1.545820e+07
<GCONST> 6.708184e+01
<MIXTURE> 15 4.855036e-02
<MEAN> 6
 5.910975e+01 1.916881e+03 -1.346511e+03 3.054930e-01 9.780993e-01 -4.006724e+00
<VARIANCE> 6
 3.129757e+01 1.472605e+04 6.746135e+04 2.593203e+02 1.595152e+04 1.545820e+07
<GCONST> 6.697651e+01
<STATE> 10
<NUMMIXES> 15
<MIXTURE> 1 7.234095e-02
<MEAN> 6
 7.377670e+01 1.321729e+03 -7.547866e+02 -2.221195e+00 -1.060400e+01 -7.829333e+01
<VARIANCE> 6
 3.129757e+01 3.820328e+04 1.230786e+04 2.593203e+02 1.595152e+04 1.545820e+07
<GCONST> 6.622850e+01
<MIXTURE> 2 5.482692e-02
<MEAN> 6
 1.067790e+02 1.749559e+03 -2.721940e+03 -9.503978e+00 -1.006903e+00 -3.147395e+02
<VARIANCE> 6
 3.787392e+01 3.309712e+04 1.230786e+04 2.593203e+02 1.788596e+04 1.545820e+07
<GCONST> 6.639021e+01
<MIXTURE> 3 8.139574e-02
<MEAN> 6
 9.100256e+01 -2.256268e+03 1.381521e+02 -6.958800e-01 -9.747007e-01 5.365531e+00
<VARIANCE> 6
 3.129757e+01 7.942330e+04 1.230786e+04 2.593203e+02 1.595152e+04 1.545820e+07
<GCONST> 6.696037e+01
<MIXTURE> 4 7.631079e-02
<MEAN> 6
 8.867345e+01 -4.943132e+03 -2.123265e+03 -7.553496e+00 2.184694e+01 5.336160e+01
<VARIANCE> 6
 3.129757e+01 9.442251e+06 3.268522e+04 2.593203e+02 1.595152e+04 1.545820e+07
<GCONST> 7.271521e+01
<MIXTURE> 5 6.821538e-02
<MEAN> 6
 9.170042e+01 5.167536e+02 -3.526711e+03 -2.302038e+00 3.402287e+00 2.906190e+01
<VARIANCE> 6
 3.129757e+01 1.230843e+04 1.112319e+05 2.593203e+02 1.595152e+04 1.545820e+07
<GCONST> 6.729724e+01
<MIXTURE> 6 5.459773e-02
<MEAN> 6
 7.223401e+01 1.506021e+03 -2.062009e+03 5.390121e-02 -2.158264e+00 -1.659238e+02
<VARIANCE> 6
 3.129757e+01 1.230843e+04 2.385162e+04 2.593203e+02 1.595152e+04 1.545820e+07
<GCONST> 6.575748e+01
<MIXTURE> 7 3.404177e-02
<MEAN> 6
 9.833482e+01 -6.515227e+03 1.405742e+01 -7.781176e+00 -2.894314e+01 2.311831e+02
<VARIANCE> 6
 1.091082e+02 5.384800e+06 9.746476e+04 2.593203e+02 1.914137e+04 1.545820e+07
<GCONST> 7.467726e+01
<MIXTURE> 8 5.077930e-02
<MEAN> 6
 8.751842e+01 3.026589e+02 -3.653442e+03 -8.022612e-01 5.123235e-01 -1.355356e+02
<VARIANCE> 6
 3.129757e+01 1.230843e+04 2.564192e+05 2.593203e+02 1.595152e+04 1.545820e+07
<GCONST> 6.813244e+01
<MIXTURE> 9 9.173876e-02
<MEAN> 6
 9.212378e+01 -6.828083e+03 -4.985887e+02 -5.390505e+00 2.637860e+00 -1.663402e+01
<VARIANCE> 6
 3.129757e+01 1.937036e+04 1.230786e+04 2.593203e+02 1.595152e+04 1.545820e+07
<GCONST> 6.554932e+01
<MIXTURE> 10 6.567753e-02
<MEAN> 6
 7.208795e+01 1.567822e+03 -2.844607e+03 1.444537e-01 -1.107102e+00 9.896064e+00
<VARIANCE> 6
 3.129757e+01 1.230843e+04 6.336765e+04 2.593203e+02 1.595152e+04 1.545820e+07
<GCONST> 6.673457e+01
<MIXTURE> 11 8.729476e-02
<MEAN> 6
 7.404118e+01 1.241231e+03 -7.537739e+02 -1.327519e+00 -9.512586e+00 -1.596777e+02
<VARIANCE> 6
 3.129757e+01 2.069200e+04 1.230786e+04 2.593203e+02 1.595152e+04 1.545820e+07
<GCONST> 6.561533e+01
<MIXTURE> 12 6.939385e-02
<MEAN> 6
 9.067886e+01 -3.421709e+03 -1.788445e+01 -7.360448e+00 9.156669e+00 7.270603e+01
<VARIANCE> 6
 3.129757e+01 1.294866e+05 1.487079e+04 2.593203e+02 1.595152e+04 1.545820e+07
<GCONST> 6.763831e+01
<MIXTURE> 13 6.559768e-02
<MEAN> 6
 9.668375e+01 2.089675e+03 -3.089806e+03 -5.017980e+00 4.829822e+00 2.445757e+02
<VARIANCE> 6
 3.129757e+01 5.182122e+04 1.230786e+04 2.593203e+02 1.595152e+04 1.545820e+07
<GCONST> 6.653338e+01
<MIXTURE> 14 7.131545e-02
<MEAN> 6
 8.790684e+01 -3.896893e+03 -5.933890e+02 -1.846593e-01 -1.830083e+00 -2.774677e+02
<VARIANCE> 6
 8.635865e+01 3.337995e+05 2.645227e+04 2.593203e+02 1.871189e+04 1.545820e+07
<GCONST> 7.033579e+01
<MIXTURE> 15 5.646856e-02
<MEAN> 6
 7.222147e+01 1.497923e+03 -2.222797e+03 4.853858e-02 -9.976707e-01 -7.456199e+01
<VARIANCE> 6
 3.129757e+01 1.230843e+04 4.805169e+04 2.593203e+02 1.595152e+04 1.545820e+07
<GCONST> 6.645790e+01
<STATE> 11
<NUMMIXES> 15
<MIXTURE> 1 4.107006e-02
<MEAN> 6
 9.318647e+01 -7.316448e+02 4.068466e+02 -2.638353e+00 -4.208568e+00 -4.015758e+01
<VARIANCE> 6
 3.129757e+01 4.931888e+04 1.230786e+04 2.593203e+02 1.595152e+04 1.545820e+07
<GCONST> 6.648389e+01
<MIXTURE> 2 9.904841e-02
<MEAN> 6
 8.796740e+01 -1.624454e+03 4.390929e+02 7.316160e-01 -1.512033e+00 -9.783334e+01
<VARIANCE> 6
 3.129757e+01 1.230843e+04 2.035655e+04 2.593203e+02 1.595152e+04 1.545820e+07
<GCONST> 6.559902e+01
<MIXTURE> 3 5.475724e-02
<MEAN> 6
 7.897998e+01 -6.220190e+02 -4.921801e+01 1.490494e+00 -6.165903e+00 -2.344317e+02
<VARIANCE> 6
 3.129757e+01 1.230843e+04 1.230786e+04 2.593203e+02 1.595152e+04 1.545820e+07
<GCONST> 6.509586e+01
<MIXTURE> 4 8.637371e-02
<MEAN> 6
 6.915869e+01 -2.270233e+03 3.200696e+02 4.234149e-01 1.181209e-01 -2.087129e+01
<VARIANCE> 6
 3.129757e+01 8.261259e+04 1.139144e+05 2.593203e+02 1.595152e+04 1.545820e+07
<GCONST> 6.922495e+01
<MIXTURE> 5 9.598890e-02
<MEAN> 6
 6.794434e+01 -1.121559e+03 4.486109e+01 1.435058e+00 4.163378e+00 -1.054841e+02
<VARIANCE> 6
 3.129757e+01 6.343118e+04 1.230786e+04 2.593203e+02 1.595152e+04 1.545820e+07
<GCONST> 6.673553e+01
<MIXTURE> 6 9.363605e-02
<MEAN> 6
 8.334412e+01 -7.807830e+02 1.342573e+02 -1.432172e-01 -1.236783e+00 -7.196651e+01
<VARIANCE> 6
 3.129757e+01 1.230843e+04 1.230786e+04 2.593203e+02 1.595152e+04 1.545820e+07
<GCONST> 6.509586e+01
<MIXTURE> 7 5.644097e-02
<MEAN> 6
 6.588134e+01 -1.940308e+03 -3.767032e+02 3.441495e-01 -2.862046e+00 -1.586150e+02
<VARIANCE> 6
 3.129757e+01 9.067502e+04 1.230786e+04 2.593203e+02 1.595152e+04 1.545820e+07
<GCONST> 6.709286e+01
<MIXTURE> 8 8.272565e-02
<MEAN> 6
 8.327827e+01 -7.860990e+02 1.406662e+02 -1.504762e-01 -8.805979e-01 -7.429152e+01
<VARIANCE> 6
 3.129757e+01 1.230843e+04 1.230786e+04 2.593203e+02 1.595152e+04 1.545820e+07
<GCONST> 6.509586e+01
<MIXTURE> 9 7.729836e-02
<MEAN> 6
 8.111293e+01 -7.837051e+02 4.168321e+02 -1.035501e+00 -1.608112e+01 1.142751e+02
<VARIANCE> 6
 3.129757e+01 1.230843e+04 3.404374e+04 2.593203e+02 1.595152e+04 1.545820e+07
<GCONST> 6.611327e+01
<MIXTURE> 10 9.313925e-02
<MEAN> 6
 8.333654e+01 -7.814099e+02 1.350157e+02 -1.440737e-01 -1.193890e+00 -7.224562e+01
<VARIANCE> 6
 3.129757e+01 1.230843e+04 1.230786e+04 2.593203e+02 1.595152e+04 1.545820e+07
<GCONST> 6.509586e+01
<MIXTURE> 11 7.370198e-02
<MEAN> 6
 8.242681e+01 -8.856647e+02 1.540059e+02 -2.122269e-01 1.061052e+00 -5.869982e+01
<VARIANCE> 6
 3.129757e+01 1.393812e+04 1.230786e+04 2.593203e+02 1.595152e+04 1.545820e+07
<GCONST> 6.522021e+01
<MIXTURE> 12 3.347574e-02
<MEAN> 6
 6.137751e+01 -2.526862e+03 -6.334782e+02 -4.542113e-01 -2.232492e+00 -3.971825e+01
<VARIANCE> 6
 3.129757e+01 1.375029e+04 1.230786e+04 2.593203e+02 1.595152e+04 1.545820e+07
<GCONST> 6.520663e+01
<MIXTURE> 13 5.319174e-02
<MEAN> 6
 7.897556e+01 -6.225562e+02 -5.000800e+01 1.487799e+00 -6.153428e+00 -2.343192e+02
<VARIANCE> 6
 3.129757e+01 1.230843e+04 1.230786e+04 2.593203e+02 1.595152e+04 1.545820e+07
<GCONST> 6.509586e+01
<MIXTURE> 14 3.183602e-03
<MEAN> 6
 7.023299e+01 -8.055015e+02 -2.004698e+02 -5.155786e+00 -1.713734e+02 -2.593975e+03
<VARIANCE> 6
 7.524242e+01 2.106496e+06 1.957399e+06 3.363751e+02 7.410471e+04 2.481234e+07
<GCONST> 7.845395e+01
<MIXTURE> 15 5.593541e-02
<MEAN> 6
 6.769585e+01 -2.072434e+03 -4.083962e+02 7.160439e-01 -3.677965e-01 -1.752348e+02
<VARIANCE> 6
 3.279324e+01 6.457304e+04 1.230786e+04 2.593203e+02 1.595152e+04 1.545820e+07
<GCONST> 6.680006e+01
<STATE> 12
<NUMMIXES> 15
<MIXTURE> 1 3.204512e-02
<MEAN> 6
 6.724859e+01 1.241770e+03 6.128568e+01 -1.750189e+00 -5.581283e+00 -1.407073e+02
<VARIANCE> 6
 3.129757e+01 1.230843e+04 1.230786e+04 2.593203e+02 1.803051e+04 1.545820e+07
<GCONST> 6.521837e+01
<MIXTURE> 2 1.228719e-01
<MEAN> 6
 6.387295e+01 4.363321e+02 1.223393e+02 -5.840837e-02 -2.224058e+00 -1.348947e+02
<VARIANCE> 6
 3.855940e+01 1.230843e+04 1.230786e+04 2.593203e+02 1.595152e+04 1.545820e+07
<GCONST> 6.530452e+01
<MIXTURE> 3 7.685903e-02
<MEAN> 6
 5.400142e+01 1.312325e+02 1.633014e+01 -3.154568e-01 4.844851e+00 -8.045703e+01
<VARIANCE> 6
 3.129757e+01 1.230843e+04 2.211529e+05 2.593203e+02 1.595152e+04 1.545820e+07
<GCONST> 6.798447e+01
<MIXTURE> 4 2.591245e-02
<MEAN> 6
 6.596994e+01 7.447975e+02 -2.145575e+02 2.254440e+00 -1.941480e+01 -3.364946e+02
<VARIANCE> 6
 3.129757e+01 1.230843e+04 1.230786e+04 2.593203e+02 1.595152e+04 1.545820e+07
<GCONST> 6.509586e+01
<MIXTURE> 5 5.052296e-02
<MEAN> 6
 6.334756e+01 1.316571e+02 3.643593e+02 -2.121823e-01 -3.361016e+00 -8.021981e+01
<VARIANCE> 6
 3.129757e+01 1.230843e+04 1.230786e+04 2.593203e+02 1.595152e+04 1.545820e+07
<GCONST> 6.509586e+01
<MIXTURE> 6 6.256922e-02
<MEAN> 6
 6.241508e+01 2.561457e+01 -1.225629e+02 -2.989041e-01 -3.125397e+00 -9.845700e+01
<VARIANCE> 6
 3.129757e+01 1.230843e+04 1.230786e+04 2.593203e+02 1.595152e+04 1.545820e+07
<GCONST> 6.509586e+01
<MIXTURE> 7 7.353122e-02
<MEAN> 6
 5.536141e+01 7.309510e+02 1.877664e-01 8.541645e-01 9.367164e+00 -1.847129e+01
<VARIANCE> 6
 3.129757e+01 6.529552e+04 1.230786e+04 2.593203e+02 1.595152e+04 1.545820e+07
<GCONST> 6.676450e+01
<MIXTURE> 8 6.163837e-02
<MEAN> 6
 6.060597e+01 3.179047e+01 -1.354452e+02 -8.118933e-02 -2.492414e+00 -9.881535e+01
<VARIANCE> 6
 3.129757e+01 1.230843e+04 1.230786e+04 2.593203e+02 1.595152e+04 1.545820e+07
<GCONST> 6.509586e+01
<MIXTURE> 9 9.199193e-02
<MEAN> 6
 6.530553e+01 4.009175e+02 -1.956869e+02 8.222404e-01 -1.149390e+00 -9.615644e+01
<VARIANCE> 6
 3.129757e+01 1.230843e+04 1.230786e+04 2.593203e+02 1.595152e+04 1.545820e+07
<GCONST> 6.509586e+01
<MIXTURE> 10 3.256654e-02
<MEAN> 6
 6.743556e+01 2.052645e+02 1.446600e+02 -2.729487e-01 -4.719368e+00 -1.650974e+02
<VARIANCE> 6
 3.129757e+01 3.697407e+04 1.230786e+04 2.593203e+02 1.595152e+04 1.545820e+07
<GCONST> 6.619579e+01
<MIXTURE> 11 7.611617e-02
<MEAN> 6
 6.557155e+01 4.093262e+01 1.581607e+02 -3.745464e-01 -2.958532e+00 -8.404094e+01
<VARIANCE> 6
 3.129757e+01 1.230843e+04 1.230786e+04 2.593203e+02 1.595152e+04 1.545820e+07
<GCONST> 6.509586e+01
<MIXTURE> 12 9.256143e-02
<MEAN> 6
 6.530546e+01 4.009102e+02 -1.956882e+02 8.222235e-01 -1.149330e+00 -9.615729e+01
<VARIANCE> 6
 3.129757e+01 1.230843e+04 1.230786e+04 2.593203e+02 1.595152e+04 1.545820e+07
<GCONST> 6.509586e+01
<MIXTURE> 13 6.381028e-02
<MEAN> 6
 6.045939e+01 2.950262e+01 -1.433252e+02 -4.716262e-02 -2.494344e+00 -9.954937e+01
<VARIANCE> 6
 3.129757e+01 1.230843e+04 1.230786e+04 2.593203e+02 1.595152e+04 1.545820e+07
<GCONST> 6.509586e+01
<MIXTURE> 14 6.166093e-02
<MEAN> 6
 5.911054e+01 3.131145e+01 -1.665128e+02 1.283486e-01 -1.798141e+00 -9.411965e+01
<VARIANCE> 6
 3.129757e+01 1.230843e+04 1.230786e+04 2.593203e+02 1.595152e+04 1.545820e+07
<GCONST> 6.509586e+01
<MIXTURE> 15 7.524836e-02
<MEAN> 6
 6.528382e+01 1.662490e+01 1.470835e+02 -3.456030e-01 -2.703100e+00 -7.938066e+01
<VARIANCE> 6
 3.129757e+01 1.230843e+04 1.230786e+04 2.593203e+02 1.595152e+04 1.545820e+07
<GCONST> 6.509586e+01
<STATE> 13
<NUMMIXES> 15
<MIXTURE> 1 8.351824e-02
<MEAN> 6
 8.234766e+01 -2.755451e+01 5.693224e+01 -4.161710e+00 -1.920789e+01 -2.947369e+01
<VARIANCE> 6
 1.769946e+02 1.698161e+06 1.357770e+06 2.593203e+02 1.595152e+04 1.545820e+07
<GCONST> 7.645882e+01
<MIXTURE> 2 2.372869e-02
<MEAN> 6
 3.769753e+01 -4.203690e+02 -2.061671e+02 -4.931964e+01 -5.751010e+02 2.984625e+03
<VARIANCE> 6
 1.991726e+03 6.315898e+06 3.667959e+06 5.918593e+04 1.573961e+06 9.966621e+08
<GCONST> 9.537521e+01
<MIXTURE> 3 4.999737e-02
<MEAN> 6
 -4.652359e+01 1.211126e+02 1.168046e+02 -1.447872e+02 1.448682e+03 4.121072e+03
<VARIANCE> 6
 2.020779e+02 8.497508e+05 9.365952e+05 1.387505e+04 6.427351e+05 4.994076e+08
<GCONST> 8.667889e+01
<MIXTURE> 4 5.564119e-02
<MEAN> 6
 3.076751e+01 1.218003e+02 1.794404e+02 1.714814e+02 -1.762108e+02 -1.305907e+03
<VARIANCE> 6
 5.442754e+02 8.187891e+05 9.489169e+05 4.977375e+03 8.734634e+04 1.545820e+07
<GCONST> 8.114932e+01
<MIXTURE> 5 5.701926e-02
<MEAN> 6
 8.066898e+01 2.721075e+01 2.527988e+02 -5.456219e+00 -6.910593e+02 8.437964e+02
<VARIANCE> 6
 2.307684e+02 8.800727e+05 1.268756e+06 1.070550e+04 2.731822e+05 1.058502e+08
<GCONST> 8.448392e+01
<MIXTURE> 6 6.893599e-02
<MEAN> 6
 -5.037810e+01 3.405716e+01 2.950117e+01 1.653797e+01 1.745901e+02 1.632363e+02
<VARIANCE> 6
 2.310417e+02 2.949401e+05 8.555670e+05 6.898510e+02 5.212833e+04 1.728632e+07
<GCONST> 7.678728e+01
<MIXTURE> 7 1.005401e-01
<MEAN> 6
 6.462447e+01 -4.281870e+01 -1.302534e+01 3.864983e+01 -4.139672e+02 -4.503447e+02
<VARIANCE> 6
 1.744983e+02 1.984513e+05 1.390747e+05 1.067952e+04 6.923955e+04 2.646201e+07
<GCONST> 7.774287e+01
<MIXTURE> 8 8.759940e-02
<MEAN> 6
 -1.677771e+01 7.821959e+00 1.711989e+01 1.460094e+01 2.627593e+02 -2.020585e+03
<VARIANCE> 6
 2.264382e+02 1.317738e+05 5.156998e+04 2.730042e+04 1.132801e+05 8.586300e+07
<GCONST> 7.920981e+01
<MIXTURE> 9 9.855984e-02
<MEAN> 6
 8.680201e+00 1.951090e+01 8.611768e+01 -2.319901e+02 -5.554900e+00 4.650613e+03
<VARIANCE> 6
 5.466017e+02 8.210538e+05 5.417574e+05 5.591438e+03 2.040211e+05 1.242944e+08
<GCONST> 8.364503e+01
<MIXTURE> 10 7.409289e-02
<MEAN> 6
 7.749854e+01 -1.102252e+01 -1.470681e+01 -4.993643e+00 -1.266300e+01 -1.190005e+02
<VARIANCE> 6
 1.212652e+02 3.216978e+05 1.055762e+05 2.593203e+02 1.595152e+04 1.545820e+07
<GCONST> 7.186282e+01
<MIXTURE> 11 5.291978e-02
<MEAN> 6
 5.566406e+01 1.058976e+02 2.922981e+01 -1.827385e+02 -7.466829e+02 2.255227e+03
<VARIANCE> 6
 2.649760e+02 3.891027e+05 8.556963e+04 4.398169e+03 1.600531e+05 5.465354e+07
<GCONST> 7.902431e+01
<MIXTURE> 12 5.586285e-02
<MEAN> 6
 -3.931990e+01 8.789463e+00 7.371945e+01 1.293533e+02 9.384791e+02 -2.589901e+03
<VARIANCE> 6
 1.557684e+02 6.130090e+05 2.409345e+05 1.240137e+04 1.628553e+05 6.568309e+07
<GCONST> 8.122058e+01
<MIXTURE> 13 7.239020e-02
<MEAN> 6
 1.699716e+01 -4.695570e+01 -1.268719e+01 2.119783e+02 -1.184063e+02 -3.000064e+03
<VARIANCE> 6
 3.856599e+02 3.630255e+05 1.570285e+05 4.775103e+03 1.136321e+05 4.881448e+07
<GCONST> 7.956406e+01
<MIXTURE> 14 5.797269e-02
<MEAN> 6
 7.697083e+01 -2.247616e+02 1.098630e+02 4.053801e+01 -8.735624e+02 -3.069623e+03
<VARIANCE> 6
 2.827896e+02 1.951424e+06 2.409577e+05 1.783902e+04 5.714489e+05 2.983344e+08
<GCONST> 8.610721e+01
<MIXTURE> 15 6.029465e-02
<MEAN> 6
 -5.249118e+01 -7.508780e+00 -1.977826e+01 2.372787e+01 7.813348e+02 -8.020118e+02
<VARIANCE> 6
 1.247498e+02 3.977962e+05 2.843877e+05 7.465968e+03 1.227684e+05 8.072840e+07
<GCONST> 8.014813e+01
<TRANSP> 14
 0.000000e+00 1.000000e+00 0.000000e+00 0.000000e+00 0.000000e+00 0.000000e+00 0.000000e+00 0.000000e+00 0.000000e+00 0.000000e+00 0.000000e+00 0.000000e+00 0.000000e+00 0.000000e+00
 0.000000e+00 9.996327e-01 3.672907e-04 0.000000e+00 0.000000e+00 0.000000e+00 0.000000e+00 0.000000e+00 0.000000e+00 0.000000e+00 0.000000e+00 0.000000e+00 0.000000e+00 0.000000e+00
 0.000000e+00 0.000000e+00 9.942632e-01 5.736792e-03 0.000000e+00 0.000000e+00 0.000000e+00 0.000000e+00 0.000000e+00 0.000000e+00 0.000000e+00 0.000000e+00 0.000000e+00 0.000000e+00
 0.000000e+00 0.000000e+00 0.000000e+00 9.976449e-01 2.355048e-03 0.000000e+00 0.000000e+00 0.000000e+00 0.000000e+00 0.000000e+00 0.000000e+00 0.000000e+00 0.000000e+00 0.000000e+00
 0.000000e+00 0.000000e+00 0.000000e+00 0.000000e+00 9.955127e-01 4.487244e-03 0.000000e+00 0.000000e+00 0.000000e+00 0.000000e+00 0.000000e+00 0.000000e+00 0.000000e+00 0.000000e+00
 0.000000e+00 0.000000e+00 0.000000e+00 0.000000e+00 0.000000e+00 9.979910e-01 2.008992e-03 0.000000e+00 0.000000e+00 0.000000e+00 0.000000e+00 0.000000e+00 0.000000e+00 0.000000e+00
 0.000000e+00 0.000000e+00 0.000000e+00 0.000000e+00 0.000000e+00 0.000000e+00 9.988078e-01 1.192268e-03 0.000000e+00 0.000000e+00 0.000000e+00 0.000000e+00 0.000000e+00 0.000000e+00
 0.000000e+00 0.000000e+00 0.000000e+00 0.000000e+00 0.000000e+00 0.000000e+00 0.000000e+00 9.941220e-01 5.877901e-03 0.000000e+00 0.000000e+00 0.000000e+00 0.000000e+00 0.000000e+00
 0.000000e+00 0.000000e+00 0.000000e+00 0.000000e+00 0.000000e+00 0.000000e+00 0.000000e+00 0.000000e+00 9.959856e-01 4.014350e-03 0.000000e+00 0.000000e+00 0.000000e+00 0.000000e+00
 0.000000e+00 0.000000e+00 0.000000e+00 0.000000e+00 0.000000e+00 0.000000e+00 0.000000e+00 0.000000e+00 0.000000e+00 9.958519e-01 4.148030e-03 0.000000e+00 0.000000e+00 0.000000e+00
 0.000000e+00 0.000000e+00 0.000000e+00 0.000000e+00 0.000000e+00 0.000000e+00 0.000000e+00 0.000000e+00 0.000000e+00 0.000000e+00 9.982675e-01 1.732420e-03 0.000000e+00 0.000000e+00
 0.000000e+00 0.000000e+00 0.000000e+00 0.000000e+00 0.000000e+00 0.000000e+00 0.000000e+00 0.000000e+00 0.000000e+00 0.000000e+00 0.000000e+00 9.991341e-01 8.659278e-04 0.000000e+00
 0.000000e+00 0.000000e+00 0.000000e+00 0.000000e+00 0.000000e+00 0.000000e+00 0.000000e+00 0.000000e+00 0.000000e+00 0.000000e+00 0.000000e+00 0.000000e+00 9.999500e-01 4.999654e-05
 0.000000e+00 0.000000e+00 0.000000e+00 0.000000e+00 0.000000e+00 0.000000e+00 0.000000e+00 0.000000e+00 0.000000e+00 0.000000e+00 0.000000e+00 0.000000e+00 0.000000e+00 0.000000e+00
<ENDHMM>
~h "QuintoPRIMARIA"
<BEGINHMM>
<NUMSTATES> 14
<STATE> 2
<NUMMIXES> 15
<MIXTURE> 1 6.521033e-02
<MEAN> 6
 9.302730e+01 4.964370e+02 4.803224e+02 -3.979871e+00 -1.871912e+01 -1.752510e+02
<VARIANCE> 6
 6.736396e+01 1.020479e+05 3.314470e+06 2.593203e+02 1.595152e+04 1.545820e+07
<GCONST> 7.357340e+01
<MIXTURE> 2 4.602914e-02
<MEAN> 6
 1.746472e+01 3.905446e+02 -2.371697e+03 -1.975976e+02 -2.079203e+02 9.034030e+03
<VARIANCE> 6
 1.992524e+03 1.844171e+06 1.693720e+07 4.392264e+04 2.304537e+06 9.669460e+08
<GCONST> 9.572721e+01
<MIXTURE> 3 7.123138e-02
<MEAN> 6
 -4.021741e+01 -2.490209e+02 3.259148e+01 1.783951e+02 6.582393e+02 -2.064197e+03
<VARIANCE> 6
 3.048682e+02 2.048200e+05 1.806834e+06 5.652173e+03 1.343314e+05 4.040659e+07
<GCONST> 8.134648e+01
<MIXTURE> 4 4.704374e-02
<MEAN> 6
 5.458369e+01 2.558972e+02 2.034670e+02 1.596262e+01 -4.086595e+02 5.162322e+02
<VARIANCE> 6
 4.657009e+02 1.131293e+06 4.337398e+06 2.134131e+04 6.621823e+04 3.004321e+07
<GCONST> 8.467972e+01
<MIXTURE> 5 9.044379e-02
<MEAN> 6
 5.502322e+01 9.862289e+01 -9.231481e+02 2.700157e+00 -1.822927e+01 -6.333215e+01
<VARIANCE> 6
 3.892699e+01 1.236268e+05 4.246893e+06 2.593203e+02 1.595152e+04 1.545820e+07
<GCONST> 7.346470e+01
<MIXTURE> 6 5.208757e-02
<MEAN> 6
 2.294132e+00 -2.245654e+02 3.870964e+02 1.277735e+02 -2.958793e+01 -5.946976e+03
<VARIANCE> 6
 3.304279e+02 3.317572e+05 2.470507e+06 4.451756e+04 1.534084e+05 6.717845e+07
<GCONST> 8.492711e+01
<MIXTURE> 7 4.963444e-02
<MEAN> 6
 -6.240174e+01 -2.626819e+00 -7.268374e+01 1.174921e+01 3.443509e+02 6.301506e+02
<VARIANCE> 6
 1.349634e+02 5.264390e+05 3.721472e+06 2.308976e+03 9.600295e+04 2.865650e+07
<GCONST> 8.062337e+01
<MIXTURE> 8 4.075052e-02
<MEAN> 6
 6.820958e+01 1.422130e+03 4.284358e+02 -2.364873e-01 -4.811456e+00 -6.884714e+01
<VARIANCE> 6
 4.020795e+01 2.604336e+05 1.518496e+06 2.593203e+02 1.595152e+04 1.545820e+07
<GCONST> 7.321368e+01
<MIXTURE> 9 1.003855e-01
<MEAN> 6
 7.625455e+01 1.413250e+01 -3.749503e+02 -2.237652e+01 -8.122507e+02 -1.213335e+03
<VARIANCE> 6
 4.089981e+02 3.431329e+05 5.487919e+06 2.319303e+04 4.577738e+05 2.316046e+08
<GCONST> 8.765118e+01
<MIXTURE> 10 7.777854e-02
<MEAN> 6
 -5.824314e+01 -2.567975e+02 -6.090519e+02 -8.477854e+01 1.144286e+03 5.552417e+01
<VARIANCE> 6
 2.369359e+02 2.017832e+05 3.256606e+06 1.893595e+04 5.972318e+05 3.602778e+08
<GCONST> 8.655746e+01
<MIXTURE> 11 9.253757e-02
<MEAN> 6
 7.189748e+01 -6.156021e+02 -2.724687e+02 1.252922e+00 -1.556863e+01 -7.066512e+01
<VARIANCE> 6
 1.345870e+02 2.337297e+05 2.019740e+06 2.593203e+02 1.595152e+04 1.545820e+07
<GCONST> 7.459889e+01
<MIXTURE> 12 6.408854e-02
<MEAN> 6
 7.803361e+01 1.420028e+02 2.934349e+03 -3.147993e-03 -1.357127e+01 -1.445412e+02
<VARIANCE> 6
 9.141267e+01 1.900253e+05 1.423912e+06 2.593203e+02 1.595152e+04 1.545820e+07
<GCONST> 7.365550e+01
<MIXTURE> 13 8.952127e-02
<MEAN> 6
 4.496877e+01 -2.071729e+02 3.383152e+02 6.688255e+01 -4.262710e+02 -4.537724e+02
<VARIANCE> 6
 4.406382e+02 8.379991e+04 1.693025e+06 1.965767e+04 7.187593e+04 2.271576e+07
<GCONST> 8.080119e+01
<MIXTURE> 14 5.710151e-02
<MEAN> 6
 -6.033409e+00 -1.410300e+02 -3.676176e+02 -1.784911e+02 -1.013320e+02 3.188151e+03
<VARIANCE> 6
 5.878665e+02 7.955244e+04 4.797940e+06 2.219852e+04 2.802556e+05 1.545686e+08
<GCONST> 8.547902e+01
<MIXTURE> 15 5.581367e-02
<MEAN> 6
 -6.933660e+01 -1.585448e+02 -1.065074e+02 3.527698e+00 1.695090e+02 1.497188e+01
<VARIANCE> 6
 8.864862e+01 6.245209e+04 1.226483e+06 5.756866e+02 6.869081e+04 3.251285e+07
<GCONST> 7.536385e+01
<STATE> 3
<NUMMIXES> 15
<MIXTURE> 1 5.413496e-02
<MEAN> 6
 8.326089e+01 4.576051e+02 -1.211384e+02 -2.010302e+00 -1.614658e+01 -3.049898e+02
<VARIANCE> 6
 1.679237e+02 1.403457e+06 1.072304e+05 2.593203e+02 1.683432e+04 1.545820e+07
<GCONST> 7.373084e+01
<MIXTURE> 2 6.398474e-02
<MEAN> 6
 -4.402882e+01 -9.163245e+01 -4.060692e+01 -1.706111e+02 1.735358e+03 6.252713e+03
<VARIANCE> 6
 2.942954e+02 2.895189e+06 5.750804e+05 2.592676e+04 1.362974e+06 1.345876e+09
<GCONST> 9.016119e+01
<MIXTURE> 3 7.021827e-02
<MEAN> 6
 -5.725778e+01 -2.449194e+01 -2.262910e+02 1.164857e+01 2.131502e+02 3.853502e+02
<VARIANCE> 6
 1.593698e+02 1.393006e+06 5.613313e+05 7.762075e+02 7.093221e+04 3.636700e+07
<GCONST> 7.871660e+01
<MIXTURE> 4 5.203522e-02
<MEAN> 6
 9.553498e+01 -3.851070e+02 -5.343354e+02 6.963020e+01 -1.139919e+03 -7.069668e+02
<VARIANCE> 6
 2.142040e+02 1.227327e+06 2.628378e+06 1.722807e+04 2.796223e+06 2.526355e+09
<GCONST> 9.144453e+01
<MIXTURE> 5 7.963113e-02
<MEAN> 6
 -4.866574e+01 -2.859193e+02 3.002536e+02 5.925895e+01 9.911711e+02 -4.066155e+02
<VARIANCE> 6
 1.741313e+02 3.763161e+05 4.475214e+05 1.587455e+04 2.053081e+05 8.995108e+07
<GCONST> 8.225626e+01
<MIXTURE> 6 6.269893e-02
<MEAN> 6
 4.553236e+01 -7.438448e+02 2.912854e+02 1.570586e+02 -2.682436e+02 6.463298e+02
<VARIANCE> 6
 4.017732e+02 2.509624e+05 3.623357e+05 4.321013e+03 9.939589e+04 2.445166e+07
<GCONST> 7.914686e+01
<MIXTURE> 7 4.519503e-02
<MEAN> 6
 6.056337e+01 -8.516130e+02 -1.368098e+00 1.039995e+00 -2.895773e+00 -4.000282e+01
<VARIANCE> 6
 1.111895e+02 1.510769e+05 1.230786e+04 2.593203e+02 1.595152e+04 1.545820e+07
<GCONST> 6.887106e+01
<MIXTURE> 8 3.293860e-02
<MEAN> 6
 1.053398e+01 1.085106e+03 -2.286931e+01 5.325324e+01 3.042509e+02 -6.340851e+03
<VARIANCE> 6
 1.995319e+03 5.051354e+06 2.611188e+06 5.194748e+04 9.836244e+05 3.909844e+08
<GCONST> 9.327747e+01
<MIXTURE> 9 8.287273e-02
<MEAN> 6
 8.238535e+01 2.684467e+02 1.716739e+02 2.085468e+00 -4.357817e+02 -9.057889e+01
<VARIANCE> 6
 2.626640e+02 9.519373e+05 2.017158e+05 9.141563e+03 6.057436e+05 2.521396e+08
<GCONST> 8.435930e+01
<MIXTURE> 10 6.738553e-02
<MEAN> 6
 -2.032476e+01 -8.973038e+02 1.585336e+02 1.810599e+02 5.458015e+02 -2.613994e+03
<VARIANCE> 6
 2.577554e+02 6.563711e+05 2.015974e+05 7.970870e+03 1.026158e+05 2.815592e+07
<GCONST> 7.986335e+01
<MIXTURE> 11 6.893808e-02
<MEAN> 6
 1.839827e+01 -4.674228e+01 -9.421275e+01 -2.095026e+02 -1.164155e+02 9.074250e+02
<VARIANCE> 6
 8.205854e+02 8.757887e+05 3.466927e+05 4.267766e+03 4.018300e+05 1.508735e+08
<GCONST> 8.427094e+01
<MIXTURE> 12 1.090459e-01
<MEAN> 6
 7.816743e+01 -6.412337e+01 -2.205369e+02 -4.660385e+01 -5.939777e+02 -8.784561e+02
<VARIANCE> 6
 2.160698e+02 1.055087e+06 3.717980e+05 1.360722e+04 1.032668e+05 3.706342e+07
<GCONST> 8.158967e+01
<MIXTURE> 13 8.586195e-02
<MEAN> 6
 6.948830e+01 1.943093e+02 -4.868576e+02 1.811221e-01 -5.593084e+00 -1.355781e+01
<VARIANCE> 6
 3.129757e+01 1.331728e+06 2.948926e+04 2.593203e+02 1.595152e+04 1.545820e+07
<GCONST> 7.065359e+01
<MIXTURE> 14 6.589546e-02
<MEAN> 6
 3.160673e+01 -7.587833e+02 3.411116e+02 2.795069e+02 -4.309386e+02 -6.643148e+03
<VARIANCE> 6
 5.723834e+02 6.514244e+05 1.503752e+06 3.569478e+03 3.044558e+05 9.359751e+07
<GCONST> 8.414843e+01
<MIXTURE> 15 5.902112e-02
<MEAN> 6
 2.575502e+01 -7.955015e+02 -4.156678e+02 -3.042675e+02 -6.503443e+02 7.874028e+03
<VARIANCE> 6
 7.223073e+02 1.576197e+06 1.473840e+06 6.481443e+03 6.346526e+05 2.222516e+08
<GCONST> 8.744048e+01
<STATE> 4
<NUMMIXES> 15
<MIXTURE> 1 4.011512e-02
<MEAN> 6
 7.127783e+01 3.541684e+03 -5.252742e+02 -3.486330e+00 2.935975e+00 9.737759e+00
<VARIANCE> 6
 3.129757e+01 3.144822e+05 1.230786e+04 2.593203e+02 1.595152e+04 1.545820e+07
<GCONST> 6.833650e+01
<MIXTURE> 2 4.482251e-02
<MEAN> 6
 6.358125e+01 -3.558473e+02 -2.320840e+03 -3.943326e+00 -3.957628e+00 -3.142646e+01
<VARIANCE> 6
 3.129757e+01 4.215434e+04 1.230786e+04 2.593203e+02 1.595152e+04 1.545820e+07
<GCONST> 6.632691e+01
<MIXTURE> 3 4.286157e-02
<MEAN> 6
 1.204467e+02 -2.219335e+03 5.159248e+01 -4.542030e-01 -2.892070e+00 -5.089328e+02
<VARIANCE> 6
 3.129757e+01 7.781130e+04 1.331753e+04 2.593203e+02 1.595152e+04 1.545820e+07
<GCONST> 6.701871e+01
<MIXTURE> 4 5.455652e-02
<MEAN> 6
 5.683924e+01 -1.363096e+04 -2.171453e+03 -6.558650e-01 4.918531e+00 4.735989e+01
<VARIANCE> 6
 3.129757e+01 1.367160e+07 1.230786e+04 2.593203e+02 1.595152e+04 1.545820e+07
<GCONST> 7.210865e+01
<MIXTURE> 5 8.986107e-02
<MEAN> 6
 5.834415e+01 1.064389e+03 -1.073677e+03 1.413142e-01 -1.989625e+00 -1.205917e+01
<VARIANCE> 6
 3.129757e+01 1.230843e+04 1.230786e+04 2.593203e+02 1.595152e+04 1.545820e+07
<GCONST> 6.509586e+01
<MIXTURE> 6 2.474585e-02
<MEAN> 6
 5.686985e+01 -8.300209e+03 -1.723780e+03 6.742892e-01 -5.216077e+00 1.155095e+02
<VARIANCE> 6
 3.129757e+01 8.653098e+05 1.230786e+04 2.593203e+02 1.595152e+04 1.545820e+07
<GCONST> 6.934866e+01
<MIXTURE> 7 7.163761e-02
<MEAN> 6
 1.030509e+02 -2.519664e+02 1.386588e+03 -3.538495e+00 1.459396e+01 -2.425916e+02
<VARIANCE> 6
 4.063805e+01 4.464341e+04 1.301070e+06 2.593203e+02 1.595152e+04 1.545820e+07
<GCONST> 7.130615e+01
<MIXTURE> 8 1.737890e-02
<MEAN> 6
 5.854266e+01 8.755390e+02 -1.043401e+03 -4.582348e+00 -4.360125e+01 -5.156862e+02
<VARIANCE> 6
 3.129757e+01 1.270234e+04 1.230786e+04 2.593203e+02 1.595152e+04 1.545820e+07
<GCONST> 6.512737e+01
<MIXTURE> 9 6.529719e-02
<MEAN> 6
 6.706631e+01 4.812732e+03 -7.046535e+02 -6.620010e-01 9.803308e-01 6.519134e+00
<VARIANCE> 6
 3.129757e+01 2.973206e+04 1.230786e+04 2.593203e+02 1.595152e+04 1.545820e+07
<GCONST> 6.597780e+01
<MIXTURE> 10 7.835317e-02
<MEAN> 6
 1.042793e+02 -7.571152e+02 -5.233920e+02 -1.203804e+01 -4.401623e+01 3.111983e+03
<VARIANCE> 6
 1.378305e+02 4.004093e+05 1.515836e+06 2.593203e+02 1.074833e+05 1.230358e+08
<GCONST> 7.885615e+01
<MIXTURE> 11 5.264769e-02
<MEAN> 6
 1.188436e+02 -2.526383e+03 5.676572e+00 -2.333121e+00 -2.726512e-01 1.042149e+02
<VARIANCE> 6
 3.129757e+01 2.036399e+04 1.230786e+04 2.593203e+02 1.595152e+04 1.545820e+07
<GCONST> 6.559934e+01
<MIXTURE> 12 6.824914e-02
<MEAN> 6
 5.753048e+01 -5.158577e+03 -1.941552e+03 -6.250691e-01 -9.926145e+00 -1.716693e+02
<VARIANCE> 6
 3.129757e+01 1.582363e+06 1.230786e+04 2.593203e+02 1.595152e+04 1.545820e+07
<GCONST> 6.995225e+01
<MIXTURE> 13 8.392248e-02
<MEAN> 6
 9.984564e+01 -5.037740e+02 -5.375278e+02 -1.933187e+00 -3.132361e-01 -2.072134e+01
<VARIANCE> 6
 3.229222e+01 1.230843e+04 1.230786e+04 2.593203e+02 1.595152e+04 1.545820e+07
<GCONST> 6.512714e+01
<MIXTURE> 14 1.823650e-01
<MEAN> 6
 9.637019e+01 -4.972461e+02 -5.436675e+02 -1.020052e+00 -8.746961e-01 -5.318607e+01
<VARIANCE> 6
 3.129757e+01 1.230843e+04 1.230786e+04 2.593203e+02 1.595152e+04 1.545820e+07
<GCONST> 6.509586e+01
<MIXTURE> 15 8.318046e-02
<MEAN> 6
 9.777045e+01 -4.996794e+02 -5.408366e+02 -1.353229e+00 -6.368170e-01 -4.000074e+01
<VARIANCE> 6
 3.211696e+01 1.230843e+04 1.230786e+04 2.593203e+02 1.595152e+04 1.545820e+07
<GCONST> 6.512170e+01
<STATE> 5
<NUMMIXES> 15
<MIXTURE> 1 5.608712e-02
<MEAN> 6
 6.336161e+01 1.045972e+03 -6.360017e+01 -5.230146e+00 4.971110e+00 1.134173e+01
<VARIANCE> 6
 3.129757e+01 1.201918e+05 1.606072e+04 2.593203e+02 1.595152e+04 1.545820e+07
<GCONST> 6.764080e+01
<MIXTURE> 2 7.020322e-02
<MEAN> 6
 7.147314e+01 4.719784e+02 -1.676262e+02 -1.401358e+00 -4.973883e+00 1.290264e+01
<VARIANCE> 6
 3.129757e+01 1.230843e+04 1.230786e+04 2.593203e+02 1.595152e+04 1.545820e+07
<GCONST> 6.509586e+01
<MIXTURE> 3 6.839095e-02
<MEAN> 6
 6.815359e+01 2.692823e+02 3.611821e+01 -6.888790e-01 1.090332e+01 6.570415e+01
<VARIANCE> 6
 3.129757e+01 1.230843e+04 1.230786e+04 2.593203e+02 1.595152e+04 1.545820e+07
<GCONST> 6.509586e+01
<MIXTURE> 4 4.654057e-02
<MEAN> 6
 3.474114e+01 -4.909127e+02 6.924532e+01 8.673144e+00 -4.170583e+00 -1.301138e+02
<VARIANCE> 6
 9.021713e+01 1.230843e+04 6.965855e+04 2.593203e+02 2.299620e+04 2.095795e+07
<GCONST> 6.855806e+01
<MIXTURE> 5 5.015962e-02
<MEAN> 6
 6.881868e+01 -8.879161e+02 9.312881e+01 4.813177e-01 1.973579e+00 -4.863677e+01
<VARIANCE> 6
 3.129757e+01 1.230843e+04 1.230786e+04 2.593203e+02 1.595152e+04 1.545820e+07
<GCONST> 6.509586e+01
<MIXTURE> 6 1.117560e-01
<MEAN> 6
 7.059031e+01 -6.172806e+02 1.436261e+02 -6.266697e-01 -7.643065e-01 -8.441218e+01
<VARIANCE> 6
 3.129757e+01 1.230843e+04 1.230786e+04 2.593203e+02 1.595152e+04 1.545820e+07
<GCONST> 6.509586e+01
<MIXTURE> 7 8.105080e-02
<MEAN> 6
 5.895770e+01 -1.109745e+03 4.831102e+02 5.509174e+00 -7.664432e+00 2.725476e+01
<VARIANCE> 6
 3.915043e+01 1.230843e+04 1.230786e+04 2.593203e+02 1.595152e+04 1.545820e+07
<GCONST> 6.531973e+01
<MIXTURE> 8 1.981469e-02
<MEAN> 6
 6.870783e+01 -4.669846e+02 1.198214e+02 -2.612095e+00 -1.732778e+01 1.526702e+02
<VARIANCE> 6
 3.129757e+01 1.392460e+05 1.230786e+04 2.593203e+02 1.595152e+04 1.545820e+07
<GCONST> 6.752182e+01
<MIXTURE> 9 1.022073e-01
<MEAN> 6
 6.280317e+01 2.066009e+02 -1.090528e+02 -1.005837e+00 5.069784e+00 -2.233729e+01
<VARIANCE> 6
 3.129757e+01 1.230843e+04 1.230786e+04 2.593203e+02 1.595152e+04 1.545820e+07
<GCONST> 6.509586e+01
<MIXTURE> 10 9.175357e-02
<MEAN> 6
 5.641713e+01 2.790865e+02 -1.635645e+02 -5.373483e-01 2.553699e+00 -2.723186e+01
<VARIANCE> 6
 3.129757e+01 1.230843e+04 1.230786e+04 2.593203e+02 1.595152e+04 1.545820e+07
<GCONST> 6.509586e+01
<MIXTURE> 11 7.788709e-02
<MEAN> 6
 6.608262e+01 2.108571e+02 -4.572389e+00 -2.394857e-01 1.077682e+01 -1.075430e+01
<VARIANCE> 6
 3.129757e+01 1.230843e+04 1.230786e+04 2.593203e+02 1.595152e+04 1.545820e+07
<GCONST> 6.509586e+01
<MIXTURE> 12 5.108653e-02
<MEAN> 6
 7.062467e+01 -6.130950e+02 1.476381e+02 -6.725864e-01 -7.451967e-01 -8.190611e+01
<VARIANCE> 6
 3.129757e+01 1.230843e+04 1.230786e+04 2.593203e+02 1.595152e+04 1.545820e+07
<GCONST> 6.509586e+01
<MIXTURE> 13 6.969374e-02
<MEAN> 6
 7.147263e+01 4.719329e+02 -1.675886e+02 -1.401506e+00 -4.977920e+00 1.288658e+01
<VARIANCE> 6
 3.129757e+01 1.230843e+04 1.230786e+04 2.593203e+02 1.595152e+04 1.545820e+07
<GCONST> 6.509586e+01
<MIXTURE> 14 5.237617e-02
<MEAN> 6
 6.885378e+01 -9.225041e+02 1.014517e+02 4.288194e-01 2.238861e+00 -2.566056e+01
<VARIANCE> 6
 3.129757e+01 1.230843e+04 1.230786e+04 2.593203e+02 1.595152e+04 1.545820e+07
<GCONST> 6.509586e+01
<MIXTURE> 15 5.098303e-02
<MEAN> 6
 7.051864e+01 -6.260709e+02 1.355208e+02 -5.358434e-01 -7.955320e-01 -8.838259e+01
<VARIANCE> 6
 3.129757e+01 1.230843e+04 1.230786e+04 2.593203e+02 1.595152e+04 1.545820e+07
<GCONST> 6.509586e+01
<STATE> 6
<NUMMIXES> 15
<MIXTURE> 1 6.972123e-02
<MEAN> 6
 5.163664e+01 2.292698e+03 2.605223e+03 3.002231e-01 -6.316696e+00 5.396386e+01
<VARIANCE> 6
 3.129757e+01 2.374912e+04 2.548627e+04 2.593203e+02 1.595152e+04 1.545820e+07
<GCONST> 6.648103e+01
<MIXTURE> 2 8.652593e-02
<MEAN> 6
 9.920042e+01 1.414174e+03 2.343910e+03 -1.665841e+00 3.653062e+00 -8.048295e+00
<VARIANCE> 6
 3.129757e+01 2.644817e+04 1.796587e+05 2.593203e+02 1.595152e+04 1.545820e+07
<GCONST> 6.854158e+01
<MIXTURE> 3 7.757197e-02
<MEAN> 6
 8.476585e+01 -4.273970e+02 1.439581e+03 -4.016187e+00 1.329139e+00 1.602999e+01
<VARIANCE> 6
 3.129757e+01 1.230843e+04 1.230786e+04 2.593203e+02 1.595152e+04 1.545820e+07
<GCONST> 6.509586e+01
<MIXTURE> 4 6.481073e-03
<MEAN> 6
 1.046712e+02 1.143191e+03 2.669690e+02 -5.611632e+00 2.484316e+01 1.414737e+03
<VARIANCE> 6
 3.129757e+01 3.017031e+05 3.267398e+04 2.593203e+02 1.595152e+04 1.545820e+07
<GCONST> 6.927135e+01
<MIXTURE> 5 1.081141e-02
<MEAN> 6
 9.929604e+01 2.782021e+02 1.167408e+02 3.303591e+00 -5.179913e+01 -1.289889e+03
<VARIANCE> 6
 5.546536e+02 1.084507e+05 2.366167e+05 2.593203e+02 2.373507e+04 2.587179e+07
<GCONST> 7.401529e+01
<MIXTURE> 6 5.845414e-02
<MEAN> 6
 9.968181e+01 -5.287315e+00 3.375988e+03 -5.009527e+00 2.403906e+00 1.284650e+01
<VARIANCE> 6
 3.129757e+01 1.794788e+04 1.230786e+04 2.593203e+02 1.595152e+04 1.545820e+07
<GCONST> 6.547305e+01
<MIXTURE> 7 9.584953e-02
<MEAN> 6
 9.905469e+01 6.579669e+02 -1.861659e+03 6.443598e-01 1.351366e+00 3.478899e+01
<VARIANCE> 6
 3.129757e+01 1.230843e+04 1.230786e+04 2.593203e+02 1.595152e+04 1.545820e+07
<GCONST> 6.509586e+01
<MIXTURE> 8 7.252175e-02
<MEAN> 6
 1.104527e+02 6.333802e+02 3.625925e+02 -6.483469e+00 2.491307e+00 4.589043e+01
<VARIANCE> 6
 4.608308e+01 1.230843e+04 1.274180e+04 2.593203e+02 1.595152e+04 1.545820e+07
<GCONST> 6.551741e+01
<MIXTURE> 9 8.271405e-02
<MEAN> 6
 9.888190e+01 5.200214e+02 -5.961530e+02 -4.735792e+00 -1.660049e+00 6.394718e+01
<VARIANCE> 6
 3.129757e+01 1.230843e+04 1.881515e+05 2.593203e+02 1.595152e+04 1.545820e+07
<GCONST> 6.782287e+01
<MIXTURE> 10 1.029481e-01
<MEAN> 6
 9.060178e+01 4.809913e+02 2.056893e+03 4.580602e-01 -4.271983e+00 -3.822449e+01
<VARIANCE> 6
 3.129757e+01 1.397848e+04 3.287406e+04 2.593203e+02 1.595152e+04 1.545820e+07
<GCONST> 6.620554e+01
<MIXTURE> 11 7.045957e-02
<MEAN> 6
 9.007535e+01 7.470273e+02 -2.594612e+03 -2.799127e+00 1.813136e+00 3.926234e+00
<VARIANCE> 6
 3.129757e+01 1.230843e+04 2.047844e+04 2.593203e+02 1.595152e+04 1.545820e+07
<GCONST> 6.560500e+01
<MIXTURE> 12 3.850034e-02
<MEAN> 6
 1.046219e+02 4.405225e+02 -1.549519e+03 -7.113782e+00 6.404814e+00 8.375931e+01
<VARIANCE> 6
 3.129757e+01 1.230843e+04 1.023762e+05 2.593203e+02 1.595152e+04 1.545820e+07
<GCONST> 6.721428e+01
<MIXTURE> 13 7.890946e-02
<MEAN> 6
 1.018172e+02 7.612104e+02 1.820505e+03 -3.434049e+00 -6.220802e+00 6.217145e+01
<VARIANCE> 6
 3.129757e+01 8.858875e+04 2.823802e+05 2.593203e+02 1.595152e+04 1.545820e+07
<GCONST> 7.020260e+01
<MIXTURE> 14 9.453031e-02
<MEAN> 6
 9.550066e+01 4.291159e+02 -5.261212e+02 -1.898848e+00 -5.544033e+00 1.226432e+01
<VARIANCE> 6
 3.129757e+01 1.230843e+04 2.121430e+05 2.593203e+02 1.595152e+04 1.545820e+07
<GCONST> 6.794288e+01
<MIXTURE> 15 5.399361e-02
<MEAN> 6
 9.380469e+01 2.282376e+02 3.337650e+03 -8.282901e+00 -1.416108e+01 1.616318e+02
<VARIANCE> 6
 3.129757e+01 2.917593e+04 1.230786e+04 2.593203e+02 1.595152e+04 1.545820e+07
<GCONST> 6.595892e+01
<STATE> 7
<NUMMIXES> 15
<MIXTURE> 1 6.179551e-02
<MEAN> 6
 7.833442e+01 2.308925e+03 5.663254e+02 -8.812552e+00 1.718531e+01 1.529699e+02
<VARIANCE> 6
 3.129757e+01 1.936423e+05 1.918603e+04 2.593203e+02 2.372648e+04 1.545820e+07
<GCONST> 6.869257e+01
<MIXTURE> 2 7.636360e-02
<MEAN> 6
 7.817617e+01 6.848929e+02 -8.464656e+02 -8.706384e-01 -5.528323e-01 -2.011356e+01
<VARIANCE> 6
 3.129757e+01 1.230843e+04 1.230786e+04 2.593203e+02 1.595152e+04 1.545820e+07
<GCONST> 6.509586e+01
<MIXTURE> 3 6.967359e-02
<MEAN> 6
 8.137505e+01 3.341582e+02 -6.151360e+02 7.469030e-02 -2.242545e+00 -1.846242e+02
<VARIANCE> 6
 3.129757e+01 1.230843e+04 1.230786e+04 2.593203e+02 1.595152e+04 1.545820e+07
<GCONST> 6.509586e+01
<MIXTURE> 4 5.421549e-02
<MEAN> 6
 7.062435e+01 4.018459e+02 -1.268515e+03 -2.020182e+00 1.021838e+00 1.930831e+00
<VARIANCE> 6
 3.129757e+01 1.230843e+04 1.283544e+04 2.593203e+02 1.595152e+04 1.545820e+07
<GCONST> 6.513783e+01
<MIXTURE> 5 6.188467e-02
<MEAN> 6
 7.240762e+01 1.141797e+03 -3.712949e+02 -2.759530e-01 -4.303321e+00 1.216790e+01
<VARIANCE> 6
 3.129757e+01 1.230843e+04 1.230786e+04 2.593203e+02 1.595152e+04 1.545820e+07
<GCONST> 6.509586e+01
<MIXTURE> 6 1.844245e-02
<MEAN> 6
 7.853453e+01 1.043473e+03 1.533452e+03 -2.997093e+00 -1.742398e+01 9.547107e+02
<VARIANCE> 6
 3.129757e+01 2.454227e+04 7.286712e+04 2.593203e+02 1.595152e+04 1.545820e+07
<GCONST> 6.756437e+01
<MIXTURE> 7 9.558243e-02
<MEAN> 6
 8.098412e+01 -4.706932e+02 -1.354837e+03 -2.756694e+00 1.593126e+00 1.486521e+01
<VARIANCE> 6
 3.129757e+01 1.554047e+04 3.197565e+04 2.593203e+02 1.595152e+04 1.545820e+07
<GCONST> 6.628376e+01
<MIXTURE> 8 6.727853e-02
<MEAN> 6
 7.669094e+01 1.202785e+03 -1.142635e+03 -2.653452e+00 -1.741404e+00 1.928381e+01
<VARIANCE> 6
 3.129757e+01 1.230843e+04 4.659755e+04 2.593203e+02 1.595152e+04 1.545820e+07
<GCONST> 6.642717e+01
<MIXTURE> 9 6.937847e-02
<MEAN> 6
 6.430659e+01 4.869672e+02 -8.582067e+02 -7.233930e-01 -1.364878e+00 8.380746e-01
<VARIANCE> 6
 3.129757e+01 1.230843e+04 1.230786e+04 2.593203e+02 1.595152e+04 1.545820e+07
<GCONST> 6.509586e+01
<MIXTURE> 10 6.663620e-02
<MEAN> 6
 7.239099e+01 7.680715e+02 9.176016e+02 -3.031038e+00 5.727971e-01 1.498021e+02
<VARIANCE> 6
 3.129757e+01 1.230843e+04 8.083409e+04 2.593203e+02 1.595152e+04 1.545820e+07
<GCONST> 6.697802e+01
<MIXTURE> 11 8.629393e-02
<MEAN> 6
 8.246399e+01 2.907538e+02 -8.000677e+02 -3.094338e+00 -1.942601e+00 -2.374572e+00
<VARIANCE> 6
 3.129757e+01 1.230843e+04 1.230786e+04 2.593203e+02 1.595152e+04 1.545820e+07
<GCONST> 6.509586e+01
<MIXTURE> 12 7.733750e-02
<MEAN> 6
 7.814050e+01 6.812553e+02 -8.506669e+02 -7.917489e-01 -5.662869e-01 -2.073270e+01
<VARIANCE> 6
 3.129757e+01 1.230843e+04 1.230786e+04 2.593203e+02 1.595152e+04 1.545820e+07
<GCONST> 6.509586e+01
<MIXTURE> 13 6.696732e-02
<MEAN> 6
 7.915883e+01 1.255458e+03 -1.657982e+03 -4.006527e+00 8.388015e-01 -5.712180e+00
<VARIANCE> 6
 3.129757e+01 1.230843e+04 4.805198e+04 2.593203e+02 1.595152e+04 1.545820e+07
<GCONST> 6.645791e+01
<MIXTURE> 14 7.349942e-02
<MEAN> 6
 7.167984e+01 8.973793e+02 -2.485047e+02 -2.734402e-01 1.697401e+00 -6.049530e+01
<VARIANCE> 6
 3.129757e+01 1.230843e+04 1.230786e+04 2.593203e+02 1.595152e+04 1.545820e+07
<GCONST> 6.509586e+01
<MIXTURE> 15 5.463888e-02
<MEAN> 6
 7.282359e+01 1.192893e+03 3.921360e+02 -1.648296e+00 3.497283e+00 -1.486479e+02
<VARIANCE> 6
 5.989849e+01 2.951190e+05 2.193526e+04 2.593203e+02 1.595152e+04 1.545820e+07
<GCONST> 6.949992e+01
<STATE> 8
<NUMMIXES> 15
<MIXTURE> 1 7.076661e-02
<MEAN> 6
 6.062131e+01 2.236428e+01 1.707290e+02 1.123428e+00 -3.904421e-01 -8.522570e+01
<VARIANCE> 6
 3.129757e+01 1.737040e+04 1.422909e+04 2.593203e+02 1.595152e+04 1.545820e+07
<GCONST> 6.558540e+01
<MIXTURE> 2 8.195226e-02
<MEAN> 6
 5.584409e+01 7.620082e+00 4.174215e+02 -3.096436e-03 -2.940929e-01 -5.797593e+01
<VARIANCE> 6
 3.129757e+01 1.230843e+04 1.230786e+04 2.593203e+02 1.595152e+04 1.545820e+07
<GCONST> 6.509586e+01
<MIXTURE> 3 4.634906e-02
<MEAN> 6
 5.840335e+01 -2.387140e+02 8.759653e+02 -1.998833e-01 -3.370542e+00 -6.283224e+01
<VARIANCE> 6
 3.129757e+01 1.230843e+04 1.230786e+04 2.593203e+02 1.595152e+04 1.545820e+07
<GCONST> 6.509586e+01
<MIXTURE> 4 5.886208e-03
<MEAN> 6
 5.480825e+01 -8.890974e+01 -6.917372e+01 -3.979598e+01 1.673156e+02 3.890591e+03
<VARIANCE> 6
 1.862639e+02 1.698755e+05 3.237121e+05 1.069312e+03 3.419381e+05 1.189288e+08
<GCONST> 7.929605e+01
<MIXTURE> 5 1.172784e-01
<MEAN> 6
 6.295794e+01 -3.980065e+01 -4.055168e+02 1.247699e-01 -8.344165e-01 -4.876400e+01
<VARIANCE> 6
 3.129757e+01 1.230843e+04 1.230786e+04 2.593203e+02 1.595152e+04 1.545820e+07
<GCONST> 6.509586e+01
<MIXTURE> 6 5.618190e-02
<MEAN> 6
 6.241050e+01 -5.135146e+01 1.813544e+02 3.476827e-01 -6.073080e-01 -3.742894e+01
<VARIANCE> 6
 3.129757e+01 1.230843e+04 1.547356e+04 2.593203e+02 1.595152e+04 1.545820e+07
<GCONST> 6.532475e+01
<MIXTURE> 7 5.046983e-02
<MEAN> 6
 6.342825e+01 1.557838e+02 -6.364590e+02 -1.219623e-01 -1.139404e+00 -1.142422e+02
<VARIANCE> 6
 3.129757e+01 1.230843e+04 1.230786e+04 2.593203e+02 1.595152e+04 1.545820e+07
<GCONST> 6.509586e+01
<MIXTURE> 8 7.735425e-02
<MEAN> 6
 5.801323e+01 -5.015436e+01 -4.593831e-01 4.661459e-01 -4.127182e+00 -1.049469e+02
<VARIANCE> 6
 3.129757e+01 1.230843e+04 1.230786e+04 2.593203e+02 1.595152e+04 1.545820e+07
<GCONST> 6.509586e+01
<MIXTURE> 9 3.840556e-02
<MEAN> 6
 6.328270e+01 -6.107862e+00 -4.148853e+02 3.011515e-02 -1.275925e+00 -5.183796e+01
<VARIANCE> 6
 3.129757e+01 1.230843e+04 1.230786e+04 2.593203e+02 1.595152e+04 1.545820e+07
<GCONST> 6.509586e+01
<MIXTURE> 10 9.451368e-02
<MEAN> 6
 6.276587e+01 -1.836689e+02 -6.750193e+02 8.011965e-02 -4.071182e+00 -1.889266e+02
<VARIANCE> 6
 3.129757e+01 1.230843e+04 1.230786e+04 2.593203e+02 1.595152e+04 1.545820e+07
<GCONST> 6.509586e+01
<MIXTURE> 11 5.859756e-02
<MEAN> 6
 5.825376e+01 -9.136971e+01 -1.073236e+01 5.299186e-01 -2.152611e+00 -8.088137e+01
<VARIANCE> 6
 3.129757e+01 1.641260e+04 1.230786e+04 2.593203e+02 1.595152e+04 1.545820e+07
<GCONST> 6.538363e+01
<MIXTURE> 12 8.598149e-02
<MEAN> 6
 5.790351e+01 4.518281e+01 3.256010e+02 4.097239e-01 7.281623e-01 -6.687959e+01
<VARIANCE> 6
 3.129757e+01 1.230843e+04 1.230786e+04 2.593203e+02 1.595152e+04 1.545820e+07
<GCONST> 6.509586e+01
<MIXTURE> 13 8.166152e-02
<MEAN> 6
 6.013044e+01 -2.040208e+02 -3.188623e+02 2.543388e-01 -1.517020e+00 -3.939072e+01
<VARIANCE> 6
 3.129757e+01 1.230843e+04 1.230786e+04 2.593203e+02 1.595152e+04 1.545820e+07
<GCONST> 6.509586e+01
<MIXTURE> 14 7.716011e-02
<MEAN> 6
 5.766287e+01 -6.310173e+01 -1.800545e+01 4.653951e-01 -4.160608e+00 -1.050915e+02
<VARIANCE> 6
 3.129757e+01 1.230843e+04 1.230786e+04 2.593203e+02 1.595152e+04 1.545820e+07
<GCONST> 6.509586e+01
<MIXTURE> 15 5.738286e-02
<MEAN> 6
 5.759507e+01 -1.333183e+02 -4.368792e+01 6.513287e-01 -1.175508e+00 -7.061231e+01
<VARIANCE> 6
 3.129757e+01 1.925183e+04 1.230786e+04 2.593203e+02 1.595152e+04 1.545820e+07
<GCONST> 6.554318e+01
<STATE> 9
<NUMMIXES> 15
<MIXTURE> 1 6.289656e-02
<MEAN> 6
 8.399710e+01 4.110923e+02 2.279773e+02 -5.435684e-01 1.292892e+00 -7.363287e+00
<VARIANCE> 6
 3.129757e+01 1.230843e+04 1.230786e+04 2.593203e+02 1.595152e+04 1.545820e+07
<GCONST> 6.509586e+01
<MIXTURE> 2 1.387994e-02
<MEAN> 6
 -7.835177e+00 -2.669473e+03 -1.741499e+03 -1.530191e+02 -4.499740e+01 5.882877e+03
<VARIANCE> 6
 2.954989e+03 6.179919e+05 3.225326e+05 4.144641e+03 8.251476e+05 3.753698e+08
<GCONST> 8.673302e+01
<MIXTURE> 3 8.496007e-02
<MEAN> 6
 8.467551e+01 4.011540e+01 -1.991440e+02 -7.103878e-02 -8.173244e+00 -6.572694e+01
<VARIANCE> 6
 3.129757e+01 1.230843e+04 1.230786e+04 2.593203e+02 1.595152e+04 1.545820e+07
<GCONST> 6.509586e+01
<MIXTURE> 4 8.024821e-02
<MEAN> 6
 7.259412e+01 2.288721e+02 7.267643e+02 1.103519e+00 2.694463e+00 -8.653368e+01
<VARIANCE> 6
 3.129757e+01 1.230843e+04 1.230786e+04 2.593203e+02 1.595152e+04 1.545820e+07
<GCONST> 6.509586e+01
<MIXTURE> 5 1.139126e-01
<MEAN> 6
 7.652399e+01 -1.386447e+02 -1.203369e+02 -8.005922e-01 -1.334556e+00 -5.649280e+01
<VARIANCE> 6
 3.129757e+01 1.230843e+04 1.230786e+04 2.593203e+02 1.595152e+04 1.545820e+07
<GCONST> 6.509586e+01
<MIXTURE> 6 3.996931e-02
<MEAN> 6
 7.765349e+01 1.323130e+02 1.260980e+02 2.346317e+00 -1.047308e+01 -2.508181e+02
<VARIANCE> 6
 3.129757e+01 1.230843e+04 1.230786e+04 2.593203e+02 1.595152e+04 1.545820e+07
<GCONST> 6.509586e+01
<MIXTURE> 7 6.245692e-02
<MEAN> 6
 8.468664e+01 4.059669e+01 -1.992459e+02 -6.759110e-02 -8.233577e+00 -6.532915e+01
<VARIANCE> 6
 3.129757e+01 1.230843e+04 1.230786e+04 2.593203e+02 1.595152e+04 1.545820e+07
<GCONST> 6.509586e+01
<MIXTURE> 8 6.372397e-02
<MEAN> 6
 7.814318e+01 5.600808e+00 4.985581e+02 -1.669885e+00 3.906600e+00 -1.102426e+02
<VARIANCE> 6
 3.129757e+01 1.230843e+04 1.230786e+04 2.593203e+02 1.595152e+04 1.545820e+07
<GCONST> 6.509586e+01
<MIXTURE> 9 6.563427e-02
<MEAN> 6
 7.260947e+01 -2.217076e+02 -1.553549e+02 -7.978055e-01 3.682409e+00 -6.776445e+01
<VARIANCE> 6
 3.129757e+01 1.230843e+04 1.230786e+04 2.593203e+02 1.595152e+04 1.545820e+07
<GCONST> 6.509586e+01
<MIXTURE> 10 8.519346e-02
<MEAN> 6
 8.467460e+01 4.007520e+01 -1.991352e+02 -7.133370e-02 -8.168222e+00 -6.576062e+01
<VARIANCE> 6
 3.129757e+01 1.230843e+04 1.230786e+04 2.593203e+02 1.595152e+04 1.545820e+07
<GCONST> 6.509586e+01
<MIXTURE> 11 7.152478e-02
<MEAN> 6
 7.735627e+01 1.213658e+02 1.171136e+02 2.464893e+00 -1.137774e+01 -2.820450e+02
<VARIANCE> 6
 3.129757e+01 1.230843e+04 1.230786e+04 2.593203e+02 1.595152e+04 1.545820e+07
<GCONST> 6.509586e+01
<MIXTURE> 12 6.320947e-02
<MEAN> 6
 7.079516e+01 1.153914e+02 7.249238e+02 2.586206e-01 1.865103e+00 6.661943e+00
<VARIANCE> 6
 3.129757e+01 3.342639e+04 2.624467e+04 2.593203e+02 1.595152e+04 1.545820e+07
<GCONST> 6.685215e+01
<MIXTURE> 13 6.192805e-02
<MEAN> 6
 8.465146e+01 3.905886e+01 -1.989090e+02 -7.864001e-02 -8.045963e+00 -6.661416e+01
<VARIANCE> 6
 3.129757e+01 1.230843e+04 1.230786e+04 2.593203e+02 1.595152e+04 1.545820e+07
<GCONST> 6.509586e+01
<MIXTURE> 14 6.638576e-02
<MEAN> 6
 7.199380e+01 -2.449843e+02 -1.600638e+02 -6.618189e-01 3.893327e+00 -1.014569e+02
<VARIANCE> 6
 3.129757e+01 1.230843e+04 1.230786e+04 2.593203e+02 1.595152e+04 1.545820e+07
<GCONST> 6.509586e+01
<MIXTURE> 15 6.405044e-02
<MEAN> 6
 8.215268e+01 3.490637e+02 2.396425e+02 -2.465961e-01 -1.488883e+00 -3.096141e+01
<VARIANCE> 6
 3.129757e+01 1.230843e+04 1.230786e+04 2.593203e+02 1.595152e+04 1.545820e+07
<GCONST> 6.509586e+01
<STATE> 10
<NUMMIXES> 15
<MIXTURE> 1 5.245980e-02
<MEAN> 6
 6.015722e+01 5.270844e+01 -5.900558e+02 -9.977863e+01 -1.061645e+03 -3.216405e+03
<VARIANCE> 6
 3.284491e+01 5.310158e+04 2.148293e+04 1.305303e+03 8.992802e+04 9.533207e+07
<GCONST> 7.232787e+01
<MIXTURE> 2 6.500910e-02
<MEAN> 6
 7.775045e+01 1.866703e+02 1.371792e+02 -3.842760e+01 -6.969575e+02 -4.748923e+03
<VARIANCE> 6
 3.129757e+01 3.102103e+04 2.360596e+05 8.428952e+02 3.930448e+04 1.545820e+07
<GCONST> 7.105466e+01
<MIXTURE> 3 3.323097e-02
<MEAN> 6
 4.488684e+01 -4.053485e+02 6.852520e+02 -9.191164e+01 -3.114254e+02 1.334137e+03
<VARIANCE> 6
 3.430010e+02 2.959832e+05 2.937425e+05 1.454225e+03 6.561968e+04 4.282432e+07
<GCONST> 7.799998e+01
<MIXTURE> 4 7.983371e-02
<MEAN> 6
 4.832455e+01 3.399402e+01 1.474026e+02 -8.674979e+01 -7.529553e+02 -1.345906e+03
<VARIANCE> 6
 3.129757e+01 1.230843e+04 3.705371e+04 7.263838e+02 1.409241e+05 2.236813e+07
<GCONST> 6.977617e+01
<MIXTURE> 5 6.224572e-02
<MEAN> 6
 6.777690e+01 -1.859474e+01 -2.242812e+00 -4.584098e+00 -4.793127e+02 -1.450025e+04
<VARIANCE> 6
 3.630489e+01 1.378340e+05 2.565530e+04 2.593203e+02 6.543624e+04 2.164592e+07
<GCONST> 7.014275e+01
<MIXTURE> 6 7.712124e-02
<MEAN> 6
 3.631604e+01 -4.222927e+01 -5.923681e+01 -1.533885e+02 -5.885615e+02 -1.682251e+02
<VARIANCE> 6
 2.000324e+02 1.230843e+04 1.230786e+04 1.287220e+03 5.352310e+04 3.815998e+07
<GCONST> 7.066718e+01
<MIXTURE> 7 7.378440e-02
<MEAN> 6
 6.861873e+01 -1.149140e+02 4.010016e+01 -1.175665e+02 -1.176073e+03 -4.469141e+03
<VARIANCE> 6
 3.740749e+01 3.768913e+05 2.912016e+04 1.799954e+03 4.671254e+04 1.560570e+07
<GCONST> 7.257847e+01
<MIXTURE> 8 8.468131e-02
<MEAN> 6
 6.327377e+01 -3.843731e+01 -2.662302e+02 -1.702969e+01 -4.074460e+02 -6.915273e+03
<VARIANCE> 6
 3.414348e+01 2.076883e+04 9.180035e+04 2.593203e+02 1.595152e+04 1.545820e+07
<GCONST> 6.771544e+01
<MIXTURE> 9 7.708319e-02
<MEAN> 6
 7.460239e+01 -9.236514e+01 -1.686327e+02 -2.993562e+01 -8.590717e+02 -1.989679e+04
<VARIANCE> 6
 1.518365e+02 5.488733e+04 4.942811e+04 2.593203e+02 6.153461e+04 9.922286e+07
<GCONST> 7.276968e+01
<MIXTURE> 10 6.461716e-02
<MEAN> 6
 4.254090e+01 -1.618188e+02 -1.014871e+02 -1.789323e+02 -1.100589e+03 -4.070057e+03
<VARIANCE> 6
 3.543632e+01 2.018555e+04 2.194080e+05 6.196514e+02 1.515325e+05 4.119878e+07
<GCONST> 7.269804e+01
<MIXTURE> 11 6.935162e-02
<MEAN> 6
 6.272842e+01 4.397136e+00 -4.048486e+01 -1.289982e+02 -1.909673e+03 -9.894118e+03
<VARIANCE> 6
 9.334975e+01 2.430974e+04 5.343447e+04 8.735266e+02 8.405420e+04 6.915648e+07
<GCONST> 7.271210e+01
<MIXTURE> 12 7.651500e-02
<MEAN> 6
 5.587888e+01 1.988156e+01 1.135898e+02 -3.483268e+01 -5.995800e+02 -7.166710e+03
<VARIANCE> 6
 3.129757e+01 2.047333e+04 1.515983e+05 2.593203e+02 3.197029e+04 1.545820e+07
<GCONST> 6.881094e+01
<MIXTURE> 13 6.937897e-02
<MEAN> 6
 7.155251e+01 -1.232101e+02 -1.557406e+02 -1.617590e+02 -2.557286e+03 -1.245173e+04
<VARIANCE> 6
 1.582457e+02 6.998527e+04 5.350049e+04 2.402707e+03 4.389189e+05 3.287901e+08
<GCONST> 7.852225e+01
<MIXTURE> 14 7.344889e-02
<MEAN> 6
 6.926268e+01 -1.085594e+01 -8.581467e+01 -6.073248e+01 -1.508502e+03 -2.347962e+04
<VARIANCE> 6
 1.334547e+02 3.987452e+04 4.485644e+04 3.376800e+02 1.050404e+05 1.176257e+08
<GCONST> 7.319296e+01
<MIXTURE> 15 4.121688e-02
<MEAN> 6
 5.397169e+01 6.539703e+02 -7.710203e+02 -1.324042e+02 -1.122959e+03 -2.942013e+03
<VARIANCE> 6
 6.418747e+01 1.096012e+05 6.127911e+04 2.391073e+03 1.250103e+05 2.417821e+07
<GCONST> 7.433348e+01
<STATE> 11
<NUMMIXES> 15
<MIXTURE> 1 3.622627e-02
<MEAN> 6
 6.757745e+01 3.590139e+02 2.444862e+03 -1.358815e+01 1.570286e+01 -2.013350e+02
<VARIANCE> 6
 7.926885e+01 9.628517e+04 1.663250e+06 1.953415e+03 3.101058e+05 2.168240e+08
<GCONST> 8.061607e+01
<MIXTURE> 2 5.410834e-02
<MEAN> 6
 5.354253e+01 6.976746e+01 -1.741294e+01 -2.441118e+02 -2.012974e+03 5.740762e+03
<VARIANCE> 6
 7.574738e+01 7.477718e+04 6.184362e+04 2.144550e+03 3.081650e+05 7.922802e+07
<GCONST> 7.610622e+01
<MIXTURE> 3 5.304993e-02
<MEAN> 6
 4.460788e+01 2.792341e+02 -1.824622e+02 -2.433628e+02 -1.014394e+03 6.286747e+03
<VARIANCE> 6
 9.362557e+01 3.668259e+05 3.964682e+05 1.682359e+03 1.366425e+05 3.028666e+07
<GCONST> 7.774886e+01
<MIXTURE> 4 5.160183e-02
<MEAN> 6
 4.233347e+01 -2.782256e+02 -1.469642e+02 -3.808255e+02 -1.988491e+03 2.189873e+04
<VARIANCE> 6
 2.713629e+02 3.099771e+05 2.021587e+05 7.296113e+03 5.385122e+05 3.030145e+08
<GCONST> 8.311273e+01
<MIXTURE> 5 3.926747e-02
<MEAN> 6
 -4.520393e+01 7.861105e+02 2.544109e+02 -3.955158e+02 2.756936e+03 4.710420e+04
<VARIANCE> 6
 2.492209e+02 1.250556e+06 2.629059e+05 1.404175e+04 3.360292e+06 2.107198e+09
<GCONST> 8.911021e+01
<MIXTURE> 6 5.564737e-02
<MEAN> 6
 2.761846e+01 1.424494e+02 -4.334705e+01 -3.180389e+02 -9.123170e+02 1.117967e+04
<VARIANCE> 6
 7.988054e+01 1.558481e+05 3.589794e+05 3.162652e+03 2.596233e+05 1.317047e+08
<GCONST> 7.937768e+01
<MIXTURE> 7 5.629107e-02
<MEAN> 6
 -8.569934e-01 -1.639278e+02 -4.355000e+01 -2.417787e+02 3.113463e+02 8.691201e+03
<VARIANCE> 6
 2.095095e+02 5.996973e+04 2.128582e+04 1.062305e+03 3.687097e+05 1.534244e+08
<GCONST> 7.597411e+01
<MIXTURE> 8 8.987725e-02
<MEAN> 6
 -2.202105e+01 -3.287637e+01 -1.162387e+02 -3.662087e+02 1.389823e+03 3.687275e+04
<VARIANCE> 6
 2.775604e+02 1.511916e+05 6.772892e+05 7.742243e+03 9.109474e+05 6.156683e+08
<GCONST> 8.492036e+01
<MIXTURE> 9 8.841366e-02
<MEAN> 6
 -6.578902e+01 9.615356e+01 3.728319e+02 -4.510691e+00 1.674034e+03 -3.007250e+03
<VARIANCE> 6
 1.877390e+02 8.228136e+04 4.052391e+05 1.945088e+04 6.046124e+04 5.230408e+07
<GCONST> 7.915044e+01
<MIXTURE> 10 1.073165e-01
<MEAN> 6
 -2.803829e+01 -1.125872e+01 -4.469830e+02 -1.006413e+02 1.030722e+03 2.399879e+03
<VARIANCE> 6
 1.101645e+02 2.363264e+04 3.774617e+05 1.799858e+04 6.867768e+05 1.267723e+08
<GCONST> 8.053657e+01
<MIXTURE> 11 3.874496e-02
<MEAN> 6
 6.329324e+00 1.856798e+01 -3.872621e+02 -3.628443e+02 -1.137894e+03 -7.842551e+03
<VARIANCE> 6
 1.879499e+02 1.409340e+05 2.180820e+05 4.725636e+03 3.612317e+05 6.040085e+07
<GCONST> 7.958666e+01
<MIXTURE> 12 9.501612e-02
<MEAN> 6
 -3.340117e+00 -8.551962e+01 -9.430841e+01 -4.102478e+02 -2.002392e+02 2.212220e+04
<VARIANCE> 6
 2.492845e+02 2.646192e+05 2.661843e+05 3.037269e+03 3.285014e+05 3.583581e+08
<GCONST> 8.194191e+01
<MIXTURE> 13 9.691224e-02
<MEAN> 6
 -5.475015e+01 -1.028272e+02 -6.667992e+01 -1.825105e+02 2.834000e+03 -2.026598e+04
<VARIANCE> 6
 3.160243e+02 1.433253e+05 2.655299e+05 8.334307e+03 1.247239e+06 1.262419e+09
<GCONST> 8.516631e+01
<MIXTURE> 14 7.884127e-02
<MEAN> 6
 -4.557392e+01 6.215024e+01 1.962271e+01 -6.852351e+01 1.209047e+03 -2.092908e+04
<VARIANCE> 6
 3.780988e+02 7.539751e+04 1.183050e+05 2.153720e+03 5.064338e+05 2.065321e+08
<GCONST> 7.983003e+01
<MIXTURE> 15 5.867099e-02
<MEAN> 6
 2.159441e+01 -4.877046e+01 -1.214347e+02 -3.234239e+02 -7.800621e+02 6.217374e+03
<VARIANCE> 6
 1.043643e+02 1.330331e+05 4.659609e+05 4.527307e+03 2.354672e+05 7.143716e+07
<GCONST> 7.939690e+01
<STATE> 12
<NUMMIXES> 15
<MIXTURE> 1 3.988582e-03
<MEAN> 6
 5.357106e+01 6.155209e+01 2.893816e+03 -8.134319e+00 2.993269e+01 9.903553e+01
<VARIANCE> 6
 3.129757e+01 1.971114e+04 8.402040e+04 2.593203e+02 2.035034e+04 1.545820e+07
<GCONST> 6.773112e+01
<MIXTURE> 2 3.852136e-02
<MEAN> 6
 1.961043e+01 3.899588e+02 2.640086e+02 -2.534184e+02 -1.857673e+02 4.044550e+03
<VARIANCE> 6
 9.890688e+02 2.003327e+06 7.133956e+05 7.839979e+03 3.874110e+05 1.092732e+08
<GCONST> 8.625573e+01
<MIXTURE> 3 8.408930e-02
<MEAN> 6
 -3.585202e+01 -3.558702e+01 1.373600e+02 2.240564e+02 1.086572e+03 -2.277370e+03
<VARIANCE> 6
 2.030492e+02 3.647945e+05 2.871255e+05 4.756162e+03 2.258404e+05 6.665254e+07
<GCONST> 8.052526e+01
<MIXTURE> 4 7.870582e-02
<MEAN> 6
 8.210175e+01 4.644450e+02 3.255387e+02 -8.588301e+00 -2.443929e+01 -3.190253e+02
<VARIANCE> 6
 4.324783e+01 8.290629e+05 5.654211e+05 2.593203e+02 1.659258e+04 1.545820e+07
<GCONST> 7.349601e+01
<MIXTURE> 5 5.299001e-02
<MEAN> 6
 -6.020180e+01 7.103719e+02 3.013841e+02 8.578395e+00 5.275994e+02 -1.142433e+03
<VARIANCE> 6
 9.032277e+01 1.555406e+06 9.984341e+05 4.687960e+03 1.982420e+05 5.795361e+07
<GCONST> 8.212699e+01
<MIXTURE> 6 7.501110e-02
<MEAN> 6
 9.365471e+01 2.842678e+02 1.898613e+02 2.341319e+01 -1.321569e+03 1.971323e+03
<VARIANCE> 6
 1.438147e+02 8.800990e+05 7.496858e+05 1.611131e+04 1.151017e+06 7.079706e+08
<GCONST> 8.723233e+01
<MIXTURE> 7 6.245170e-02
<MEAN> 6
 3.835782e+01 6.444101e+02 8.659368e+01 2.200982e+02 -3.705344e+02 -1.013453e+03
<VARIANCE> 6
 6.275834e+02 1.815972e+06 9.169214e+05 3.267154e+03 1.606659e+05 3.711182e+07
<GCONST> 8.311825e+01
<MIXTURE> 8 6.288994e-02
<MEAN> 6
 8.484599e+01 2.357724e+02 5.249304e+01 7.199098e+00 -5.931041e+02 3.064011e+02
<VARIANCE> 6
 9.225455e+01 2.913988e+05 3.765638e+05 1.007651e+04 1.294649e+05 8.251702e+07
<GCONST> 8.019075e+01
<MIXTURE> 9 8.707476e-02
<MEAN> 6
 -5.298932e+01 -1.100474e+02 2.087295e+02 -1.475091e+02 1.547791e+03 1.165934e+03
<VARIANCE> 6
 2.001391e+02 3.558926e+05 2.874925e+05 1.610168e+04 6.968667e+05 6.038859e+08
<GCONST> 8.503753e+01
<MIXTURE> 10 8.349037e-02
<MEAN> 6
 6.286714e+01 -3.644073e+01 -7.860764e-01 -5.168172e+01 -1.002929e+03 1.467510e+03
<VARIANCE> 6
 1.011295e+02 2.646623e+05 1.436882e+05 4.582853e+04 2.097743e+05 7.123914e+07
<GCONST> 8.107328e+01
<MIXTURE> 11 9.966870e-02
<MEAN> 6
 5.881797e+00 -1.174676e+02 1.323712e+02 -3.159049e+02 -4.473449e+01 7.913336e+03
<VARIANCE> 6
 6.668525e+02 1.621113e+05 1.469809e+05 4.497931e+03 5.417283e+05 2.949551e+08
<GCONST> 8.254015e+01
<MIXTURE> 12 5.915966e-02
<MEAN> 6
 -5.968779e+01 1.088161e+02 1.181368e+02 6.019070e+01 6.352771e+02 3.519458e+03
<VARIANCE> 6
 7.655019e+01 1.319977e+05 1.356903e+05 2.540810e+03 1.676888e+05 4.576965e+07
<GCONST> 7.648312e+01
<MIXTURE> 13 8.416570e-02
<MEAN> 6
 1.602515e+01 3.515394e+01 5.630329e+01 3.303267e+02 -1.187637e+02 -1.014319e+04
<VARIANCE> 6
 5.461329e+02 4.238315e+05 2.274111e+05 3.678609e+03 4.935464e+05 1.513206e+08
<GCONST> 8.277631e+01
<MIXTURE> 14 6.723200e-02
<MEAN> 6
 8.125819e+01 -4.808573e+01 -5.967832e+01 -3.636502e+00 -6.450671e+02 -4.752966e+03
<VARIANCE> 6
 5.966831e+01 9.062748e+04 5.827309e+04 1.572897e+04 4.678455e+05 1.160952e+08
<GCONST> 7.879255e+01
<MIXTURE> 15 6.041292e-02
<MEAN> 6
 -6.728604e+01 1.215967e+02 5.285218e+01 8.461794e+00 3.637834e+02 -1.815256e+03
<VARIANCE> 6
 5.988693e+01 1.609398e+05 1.440740e+05 9.255229e+02 1.291362e+05 6.143684e+07
<GCONST> 7.551909e+01
<STATE> 13
<NUMMIXES> 15
<MIXTURE> 1 1.007392e-01
<MEAN> 6
 8.268257e+01 -6.581835e+01 6.715645e+01 -7.008205e+00 -5.969353e+00 -1.188618e+02
<VARIANCE> 6
 1.239046e+02 8.897382e+04 2.584078e+04 2.593203e+02 1.595152e+04 1.545820e+07
<GCONST> 6.919160e+01
<MIXTURE> 2 4.923706e-03
<MEAN> 6
 6.879058e-01 -1.931104e+01 -7.143729e+01 -2.032659e+02 8.951974e+02 2.137231e+04
<VARIANCE> 6
 5.472164e+03 1.069927e+06 4.236248e+06 4.861980e+05 1.341660e+08 1.305105e+11
<GCONST> 1.061807e+02
<MIXTURE> 3 9.586892e-02
<MEAN> 6
 -2.991866e+01 -4.291201e+01 8.132980e+01 8.726376e+01 5.128693e+02 -9.922375e+02
<VARIANCE> 6
 3.454341e+02 9.475019e+04 1.289699e+05 8.408143e+03 7.848951e+04 2.643145e+07
<GCONST> 7.749614e+01
<MIXTURE> 4 3.503259e-02
<MEAN> 6
 8.746228e+00 -3.621284e+01 1.332310e+01 -2.574587e-01 2.006869e+02 -1.034543e+03
<VARIANCE> 6
 1.637685e+03 6.338006e+04 5.395193e+04 7.895294e+04 3.213604e+06 1.521550e+09
<GCONST> 8.778357e+01
<MIXTURE> 5 5.145358e-02
<MEAN> 6
 9.384649e+01 1.083103e+02 -3.342229e+01 2.879409e+01 -7.949937e+02 4.740825e+02
<VARIANCE> 6
 1.126622e+02 1.099887e+05 3.293870e+04 8.604305e+03 7.059947e+05 3.729432e+08
<GCONST> 8.002651e+01
<MIXTURE> 6 3.901975e-02
<MEAN> 6
 3.646210e+01 2.508932e+01 -4.183266e+01 -2.726413e+01 -1.744032e+02 4.492162e+02
<VARIANCE> 6
 2.059819e+03 7.325792e+05 1.004412e+06 2.839331e+04 3.895232e+05 1.079035e+08
<GCONST> 8.760521e+01
<MIXTURE> 7 6.427256e-02
<MEAN> 6
 3.839543e+01 2.524334e+01 2.339831e+01 1.442457e+02 -1.210681e+02 8.286180e+01
<VARIANCE> 6
 4.693623e+02 4.925556e+04 7.347499e+04 2.989269e+03 6.675276e+04 1.816588e+07
<GCONST> 7.501471e+01
<MIXTURE> 8 6.893153e-02
<MEAN> 6
 -4.474933e+01 -2.618010e+01 2.708359e+01 1.167444e+01 1.133598e+02 2.248566e+02
<VARIANCE> 6
 2.297930e+02 5.961794e+04 8.451726e+04 3.140008e+02 3.312116e+04 1.545820e+07
<GCONST> 7.151584e+01
<MIXTURE> 9 9.273147e-02
<MEAN> 6
 8.784479e+01 5.054597e+01 -2.195423e+02 -7.040877e+00 -3.486056e+00 1.433751e+01
<VARIANCE> 6
 1.130635e+02 6.013924e+05 1.461190e+05 2.593203e+02 1.595152e+04 1.545820e+07
<GCONST> 7.274342e+01
<MIXTURE> 10 8.912136e-02
<MEAN> 6
 1.283578e+01 3.198591e+01 -2.160186e+01 -2.009969e+02 -6.044013e+01 3.091085e+03
<VARIANCE> 6
 5.658953e+02 2.697901e+04 8.347104e+04 3.162353e+03 2.567147e+05 1.391165e+08
<GCONST> 7.816636e+01
<MIXTURE> 11 8.463310e-02
<MEAN> 6
 7.081834e+01 -7.093688e+00 -7.551932e+01 -3.242650e+00 -2.076859e+01 -6.432759e+01
<VARIANCE> 6
 8.854150e+01 1.793162e+04 1.461941e+05 2.593203e+02 1.595152e+04 1.545820e+07
<GCONST> 6.898677e+01
<MIXTURE> 12 6.926671e-02
<MEAN> 6
 7.484736e+01 8.162380e+01 -4.075663e+01 -7.370140e+00 -4.052832e+02 1.147165e+02
<VARIANCE> 6
 2.227783e+02 7.250664e+04 7.991794e+04 9.823297e+03 6.967282e+04 2.642379e+07
<GCONST> 7.634748e+01
<MIXTURE> 13 7.905968e-02
<MEAN> 6
 -4.146105e+01 -4.230145e+01 -1.518715e+01 -2.643670e+01 9.652299e+02 -1.471609e+02
<VARIANCE> 6
 2.097343e+02 5.846043e+04 6.839459e+04 1.619854e+04 3.358493e+05 2.053793e+08
<GCONST> 8.003972e+01
<MIXTURE> 14 6.125603e-02
<MEAN> 6
 2.926254e+01 -5.475027e+01 2.108944e+01 2.068063e+02 -2.005259e+02 -3.917651e+03
<VARIANCE> 6
 6.190403e+02 9.412383e+04 7.967577e+04 3.029889e+03 2.538693e+05 8.716802e+07
<GCONST> 7.893772e+01
<MIXTURE> 15 6.334005e-02
<MEAN> 6
 6.438094e+01 -2.391164e+01 2.389385e+01 -7.909727e+01 -6.616318e+02 -9.432120e+02
<VARIANCE> 6
 1.890462e+02 6.931351e+04 6.983005e+04 1.105984e+04 1.646857e+05 4.950073e+07
<GCONST> 7.760983e+01
<TRANSP> 14
 0.000000e+00 1.000000e+00 0.000000e+00 0.000000e+00 0.000000e+00 0.000000e+00 0.000000e+00 0.000000e+00 0.000000e+00 0.000000e+00 0.000000e+00 0.000000e+00 0.000000e+00 0.000000e+00
 0.000000e+00 9.998179e-01 1.821216e-04 0.000000e+00 0.000000e+00 0.000000e+00 0.000000e+00 0.000000e+00 0.000000e+00 0.000000e+00 0.000000e+00 0.000000e+00 0.000000e+00 0.000000e+00
 0.000000e+00 0.000000e+00 9.997616e-01 2.384467e-04 0.000000e+00 0.000000e+00 0.000000e+00 0.000000e+00 0.000000e+00 0.000000e+00 0.000000e+00 0.000000e+00 0.000000e+00 0.000000e+00
 0.000000e+00 0.000000e+00 0.000000e+00 9.974360e-01 2.563947e-03 0.000000e+00 0.000000e+00 0.000000e+00 0.000000e+00 0.000000e+00 0.000000e+00 0.000000e+00 0.000000e+00 0.000000e+00
 0.000000e+00 0.000000e+00 0.000000e+00 0.000000e+00 9.980816e-01 1.918399e-03 0.000000e+00 0.000000e+00 0.000000e+00 0.000000e+00 0.000000e+00 0.000000e+00 0.000000e+00 0.000000e+00
 0.000000e+00 0.000000e+00 0.000000e+00 0.000000e+00 0.000000e+00 9.976961e-01 2.303897e-03 0.000000e+00 0.000000e+00 0.000000e+00 0.000000e+00 0.000000e+00 0.000000e+00 0.000000e+00
 0.000000e+00 0.000000e+00 0.000000e+00 0.000000e+00 0.000000e+00 0.000000e+00 9.977280e-01 2.271987e-03 0.000000e+00 0.000000e+00 0.000000e+00 0.000000e+00 0.000000e+00 0.000000e+00
 0.000000e+00 0.000000e+00 0.000000e+00 0.000000e+00 0.000000e+00 0.000000e+00 0.000000e+00 9.991075e-01 8.924659e-04 0.000000e+00 0.000000e+00 0.000000e+00 0.000000e+00 0.000000e+00
 0.000000e+00 0.000000e+00 0.000000e+00 0.000000e+00 0.000000e+00 0.000000e+00 0.000000e+00 0.000000e+00 9.982678e-01 1.732272e-03 0.000000e+00 0.000000e+00 0.000000e+00 0.000000e+00
 0.000000e+00 0.000000e+00 0.000000e+00 0.000000e+00 0.000000e+00 0.000000e+00 0.000000e+00 0.000000e+00 0.000000e+00 9.910274e-01 8.972559e-03 0.000000e+00 0.000000e+00 0.000000e+00
 0.000000e+00 0.000000e+00 0.000000e+00 0.000000e+00 0.000000e+00 0.000000e+00 0.000000e+00 0.000000e+00 0.000000e+00 0.000000e+00 9.957788e-01 4.221198e-03 0.000000e+00 0.000000e+00
 0.000000e+00 0.000000e+00 0.000000e+00 0.000000e+00 0.000000e+00 0.000000e+00 0.000000e+00 0.000000e+00 0.000000e+00 0.000000e+00 0.000000e+00 9.998264e-01 1.736117e-04 0.000000e+00
 0.000000e+00 0.000000e+00 0.000000e+00 0.000000e+00 0.000000e+00 0.000000e+00 0.000000e+00 0.000000e+00 0.000000e+00 0.000000e+00 0.000000e+00 0.000000e+00 9.998789e-01 1.210783e-04
 0.000000e+00 0.000000e+00 0.000000e+00 0.000000e+00 0.000000e+00 0.000000e+00 0.000000e+00 0.000000e+00 0.000000e+00 0.000000e+00 0.000000e+00 0.000000e+00 0.000000e+00 0.000000e+00
<ENDHMM>
